subject	session	run	trial_id	tsv_row	label	stored_event_value	onset_s	duration_s	start_sample	stop_sample_exclusive	source_file	analysis_role	peak_to_peak_max_uv	qc_flag	mu_ROI_V2	beta_ROI_V2	mu_source_reference_ROI_V2	beta_source_reference_ROI_V2
sub-8	01	01	sub-8/ses-01/run-01/tsv-row-1	1	right_hand	2	11.876	5.0	2969	4219	sub-8/ses-01/eeg/sub-8_ses-01_task-imagery_run-01_eeg.edf	source_train	293.15918176824255	False	2.079152289228114e-12	1.7714769935135042e-12	4.755898149193547e-12	4.954088396217444e-12
sub-8	01	01	sub-8/ses-01/run-01/tsv-row-2	2	rest	1	18.756	5.0	4689	5939	sub-8/ses-01/eeg/sub-8_ses-01_task-imagery_run-01_eeg.edf	source_train	378.4846277047029	False	2.024077286369486e-12	2.2223242086152244e-12	5.939205549216512e-12	4.365111441119069e-12
sub-8	01	01	sub-8/ses-01/run-01/tsv-row-3	3	rest	1	25.656	5.0	6414	7664	sub-8/ses-01/eeg/sub-8_ses-01_task-imagery_run-01_eeg.edf	source_train	326.26797955259866	False	2.7016053495554393e-12	1.7294417171964307e-12	9.557354709434664e-12	4.94070857929141e-12
sub-8	01	01	sub-8/ses-01/run-01/tsv-row-4	4	right_hand	2	32.54	5.0	8135	9385	sub-8/ses-01/eeg/sub-8_ses-01_task-imagery_run-01_eeg.edf	source_train	218.96563664662617	False	2.7157728800466353e-12	2.181678661779858e-12	9.87169903770492e-12	6.079218852430853e-12
sub-8	01	01	sub-8/ses-01/run-01/tsv-row-5	5	rest	1	39.432	5.0	9858	11108	sub-8/ses-01/eeg/sub-8_ses-01_task-imagery_run-01_eeg.edf	source_train	375.4434383068331	False	2.4004084616072065e-12	2.0845129924866843e-12	6.396697721511351e-12	5.791486086776094e-12
sub-8	01	01	sub-8/ses-01/run-01/tsv-row-6	6	right_hand	2	46.296	5.0	11574	12824	sub-8/ses-01/eeg/sub-8_ses-01_task-imagery_run-01_eeg.edf	source_train	378.0829611804559	False	3.868237852331739e-12	2.977786300891015e-12	9.086574181993573e-12	6.321684551431703e-12
sub-8	01	01	sub-8/ses-01/run-01/tsv-row-7	7	right_hand	2	53.2	5.0	13300	14550	sub-8/ses-01/eeg/sub-8_ses-01_task-imagery_run-01_eeg.edf	source_train	358.86034894863735	False	6.7677223077213084e-12	7.1882008755295395e-12	1.0477261747486245e-11	1.0548939189356223e-11
sub-8	01	01	sub-8/ses-01/run-01/tsv-row-8	8	rest	1	60.092	5.0	15023	16273	sub-8/ses-01/eeg/sub-8_ses-01_task-imagery_run-01_eeg.edf	source_train	512.641246803186	False	1.0240264339980748e-11	9.256606259498453e-12	1.4280436949121125e-11	1.218141413517353e-11
sub-8	01	01	sub-8/ses-01/run-01/tsv-row-9	9	right_hand	2	66.972	5.0	16743	17993	sub-8/ses-01/eeg/sub-8_ses-01_task-imagery_run-01_eeg.edf	source_train	348.9908286385693	False	5.832014431741224e-12	4.954988620048239e-12	1.2243429259754527e-11	9.769585550510841e-12
sub-8	01	01	sub-8/ses-01/run-01/tsv-row-10	10	rest	1	73.868	5.0	18467	19717	sub-8/ses-01/eeg/sub-8_ses-01_task-imagery_run-01_eeg.edf	source_train	482.9179240089114	False	6.952333563662705e-12	5.726212130802191e-12	1.1121495261347267e-11	8.661349184612341e-12
sub-8	01	01	sub-8/ses-01/run-01/tsv-row-11	11	right_hand	2	80.748	5.0	20187	21437	sub-8/ses-01/eeg/sub-8_ses-01_task-imagery_run-01_eeg.edf	source_train	380.09129380169077	False	5.311363404728424e-12	4.171482049749276e-12	1.0739969952822323e-11	6.6095044986656755e-12
sub-8	01	01	sub-8/ses-01/run-01/tsv-row-12	12	rest	1	87.64	5.0	21910	23160	sub-8/ses-01/eeg/sub-8_ses-01_task-imagery_run-01_eeg.edf	source_train	406.14223694570757	False	9.1855802096645e-12	5.9301225066450355e-12	1.4643578298537123e-11	8.366569900167748e-12
sub-8	01	01	sub-8/ses-01/run-01/tsv-row-13	13	right_hand	2	94.536	5.0	23634	24884	sub-8/ses-01/eeg/sub-8_ses-01_task-imagery_run-01_eeg.edf	source_train	319.38226770836513	False	2.2509110267794173e-12	1.9460571148156637e-12	5.715565069052072e-12	6.121885550843842e-12
sub-8	01	01	sub-8/ses-01/run-01/tsv-row-14	14	rest	1	101.412	5.0	25353	26603	sub-8/ses-01/eeg/sub-8_ses-01_task-imagery_run-01_eeg.edf	source_train	965.4915624256112	False	4.1154027569159125e-12	2.5942072457884496e-12	8.144236179691299e-12	5.085177824669322e-12
sub-8	01	01	sub-8/ses-01/run-01/tsv-row-15	15	rest	1	108.316	5.0	27079	28329	sub-8/ses-01/eeg/sub-8_ses-01_task-imagery_run-01_eeg.edf	source_train	836.8435128025146	False	2.6323388437203007e-12	1.9932255572879445e-12	8.421022157218733e-12	6.111400841852562e-12
sub-8	01	01	sub-8/ses-01/run-01/tsv-row-16	16	right_hand	2	115.196	5.0	28799	30049	sub-8/ses-01/eeg/sub-8_ses-01_task-imagery_run-01_eeg.edf	source_train	365.7460607928709	False	2.878133609790142e-12	2.7119814557978163e-12	5.648977615088537e-12	5.682340014120422e-12
sub-8	01	01	sub-8/ses-01/run-01/tsv-row-17	17	right_hand	2	122.084	5.0	30521	31771	sub-8/ses-01/eeg/sub-8_ses-01_task-imagery_run-01_eeg.edf	source_train	220.28539808343763	False	4.183823705734207e-12	2.910221813022976e-12	9.789421240962933e-12	7.286860146516423e-12
sub-8	01	01	sub-8/ses-01/run-01/tsv-row-18	18	rest	1	128.96	5.0	32240	33490	sub-8/ses-01/eeg/sub-8_ses-01_task-imagery_run-01_eeg.edf	source_train	345.3758299203467	False	1.8368602770693022e-12	1.959254682969288e-12	5.125358114839944e-12	4.256104917345017e-12
sub-8	01	01	sub-8/ses-01/run-01/tsv-row-19	19	right_hand	2	135.856	5.0	33964	35214	sub-8/ses-01/eeg/sub-8_ses-01_task-imagery_run-01_eeg.edf	source_train	358.7455870845668	False	2.025490680287488e-12	2.754909169141981e-12	7.197369012396288e-12	5.976078532435409e-12
sub-8	01	01	sub-8/ses-01/run-01/tsv-row-20	20	rest	1	142.748	5.0	35687	36937	sub-8/ses-01/eeg/sub-8_ses-01_task-imagery_run-01_eeg.edf	source_train	1069.1215256813257	False	2.8811623339451577e-12	2.3417485666176935e-12	7.139309140010654e-12	5.09965688665145e-12
sub-8	01	01	sub-8/ses-01/run-01/tsv-row-21	21	rest	1	149.636	5.0	37409	38659	sub-8/ses-01/eeg/sub-8_ses-01_task-imagery_run-01_eeg.edf	source_train	608.5821651661732	False	1.7681852327107612e-12	2.3256272020134283e-12	5.9193495000092605e-12	5.533706285396326e-12
sub-8	01	01	sub-8/ses-01/run-01/tsv-row-22	22	right_hand	2	156.516	5.0	39129	40379	sub-8/ses-01/eeg/sub-8_ses-01_task-imagery_run-01_eeg.edf	source_train	339.86726044495987	False	3.3940827019802445e-12	1.838819323051189e-12	1.1835566942838667e-11	4.71265022396231e-12
sub-8	01	01	sub-8/ses-01/run-01/tsv-row-23	23	rest	1	163.412	5.0	40853	42103	sub-8/ses-01/eeg/sub-8_ses-01_task-imagery_run-01_eeg.edf	source_train	314.3901266212958	False	3.3973077475321516e-12	2.099733867100243e-12	8.67521646822667e-12	4.841049937793036e-12
sub-8	01	01	sub-8/ses-01/run-01/tsv-row-24	24	right_hand	2	170.292	5.0	42573	43823	sub-8/ses-01/eeg/sub-8_ses-01_task-imagery_run-01_eeg.edf	source_train	373.4924866176336	False	1.6814777241254127e-12	1.5758594564744145e-12	6.6981048024750155e-12	4.419580056264783e-12
sub-8	01	01	sub-8/ses-01/run-01/tsv-row-25	25	rest	1	177.2	5.0	44300	45550	sub-8/ses-01/eeg/sub-8_ses-01_task-imagery_run-01_eeg.edf	source_train	582.0721745658742	False	4.232817131840382e-12	2.3627921772643253e-12	1.6076777715928156e-11	5.023171741955467e-12
sub-8	01	01	sub-8/ses-01/run-01/tsv-row-26	26	right_hand	2	184.064	5.0	46016	47266	sub-8/ses-01/eeg/sub-8_ses-01_task-imagery_run-01_eeg.edf	source_train	686.8497564622943	False	4.004972935992037e-12	3.1108719274211746e-12	8.029819935015356e-12	6.140830395342898e-12
sub-8	01	01	sub-8/ses-01/run-01/tsv-row-27	27	rest	1	190.96	5.0	47740	48990	sub-8/ses-01/eeg/sub-8_ses-01_task-imagery_run-01_eeg.edf	source_train	836.097560686056	False	3.736266420258233e-12	2.8507380584780323e-12	8.652221977374412e-12	6.183011177448043e-12
sub-8	01	01	sub-8/ses-01/run-01/tsv-row-28	28	right_hand	2	197.84	5.0	49460	50710	sub-8/ses-01/eeg/sub-8_ses-01_task-imagery_run-01_eeg.edf	source_train	510.5755332499161	False	5.476257517908432e-12	4.123645431881354e-12	9.744493026267171e-12	7.1393005853411576e-12
sub-8	01	01	sub-8/ses-01/run-01/tsv-row-29	29	rest	1	204.748	5.0	51187	52437	sub-8/ses-01/eeg/sub-8_ses-01_task-imagery_run-01_eeg.edf	source_train	380.2634365977966	False	2.5058249683948327e-12	1.852725254286946e-12	7.471959380367551e-12	4.34551460961378e-12
sub-8	01	01	sub-8/ses-01/run-01/tsv-row-30	30	right_hand	2	211.612	5.0	52903	54153	sub-8/ses-01/eeg/sub-8_ses-01_task-imagery_run-01_eeg.edf	source_train	170.07708255256813	False	2.7456144773564225e-12	2.6898710731471376e-12	6.887024639523775e-12	5.942770428573287e-12
sub-8	01	01	sub-8/ses-01/run-01/tsv-row-31	31	right_hand	2	218.5	5.0	54625	55875	sub-8/ses-01/eeg/sub-8_ses-01_task-imagery_run-01_eeg.edf	source_train	411.53604455702384	False	4.598801404280303e-12	2.9580946860235632e-12	1.0112897317844244e-11	6.102756094819795e-12
sub-8	01	01	sub-8/ses-01/run-01/tsv-row-32	32	rest	1	225.408	5.0	56352	57602	sub-8/ses-01/eeg/sub-8_ses-01_task-imagery_run-01_eeg.edf	source_train	842.6963678701131	False	2.0085478391742587e-12	2.079628821865631e-12	5.7265665035888405e-12	4.989216447020025e-12
sub-8	01	02	sub-8/ses-01/run-02/tsv-row-1	1	right_hand	2	5.848	5.0	1462	2712	sub-8/ses-01/eeg/sub-8_ses-01_task-imagery_run-02_eeg.edf	source_train	473.43418723105555	False	1.3921713366655176e-11	8.511002960230391e-12	1.6536229361458747e-11	1.0946326754459761e-11
sub-8	01	02	sub-8/ses-01/run-02/tsv-row-2	2	rest	1	12.744	5.0	3186	4436	sub-8/ses-01/eeg/sub-8_ses-01_task-imagery_run-02_eeg.edf	source_train	387.45023899044776	False	3.09447087107265e-11	1.9603022530852605e-11	3.737931941172151e-11	2.3694560681734922e-11
sub-8	01	02	sub-8/ses-01/run-02/tsv-row-3	3	right_hand	2	20.844	5.0	5211	6461	sub-8/ses-01/eeg/sub-8_ses-01_task-imagery_run-02_eeg.edf	source_train	323.2608331858272	False	6.060051818685142e-12	3.744574412043189e-12	1.0809531903351906e-11	7.43259889846351e-12
sub-8	01	02	sub-8/ses-01/run-02/tsv-row-4	4	rest	1	26.68	5.0	6670	7920	sub-8/ses-01/eeg/sub-8_ses-01_task-imagery_run-02_eeg.edf	source_train	342.59229377117225	False	1.3567607028850315e-11	7.089612228206878e-12	1.6828132640303296e-11	9.58554885247572e-12
sub-8	01	02	sub-8/ses-01/run-02/tsv-row-5	5	right_hand	2	33.4	5.0	8350	9600	sub-8/ses-01/eeg/sub-8_ses-01_task-imagery_run-02_eeg.edf	source_train	401.2584251228371	False	1.1625595091882823e-11	5.98255867765926e-12	2.1134077839444082e-11	9.416789005535906e-12
sub-8	01	02	sub-8/ses-01/run-02/tsv-row-6	6	rest	1	40.292	5.0	10073	11323	sub-8/ses-01/eeg/sub-8_ses-01_task-imagery_run-02_eeg.edf	source_train	349.0112343516343	False	1.1092873545980066e-11	5.67612651887064e-12	2.2591579762626685e-11	8.726364347369126e-12
sub-8	01	02	sub-8/ses-01/run-02/tsv-row-7	7	rest	1	47.196	5.0	11799	13049	sub-8/ses-01/eeg/sub-8_ses-01_task-imagery_run-02_eeg.edf	source_train	361.8491155125584	False	4.573026545844565e-12	3.999120456441829e-12	7.89812134392597e-12	7.426530564152106e-12
sub-8	01	02	sub-8/ses-01/run-02/tsv-row-8	8	right_hand	2	54.076	5.0	13519	14769	sub-8/ses-01/eeg/sub-8_ses-01_task-imagery_run-02_eeg.edf	source_train	368.491972624897	False	2.7315637563342917e-12	2.5416258247684835e-12	7.805805148398572e-12	5.765308393820439e-12
sub-8	01	02	sub-8/ses-01/run-02/tsv-row-9	9	right_hand	2	60.964	5.0	15241	16491	sub-8/ses-01/eeg/sub-8_ses-01_task-imagery_run-02_eeg.edf	source_train	376.552967772454	False	5.841439530291748e-12	5.4116110418541685e-12	1.1335714900857206e-11	1.1189461983765723e-11
sub-8	01	02	sub-8/ses-01/run-02/tsv-row-10	10	rest	1	67.84	5.0	16960	18210	sub-8/ses-01/eeg/sub-8_ses-01_task-imagery_run-02_eeg.edf	source_train	543.4454228644673	False	4.57713621191911e-12	3.1196053928580237e-12	1.2264117082711324e-11	6.945992694036535e-12
sub-8	01	02	sub-8/ses-01/run-02/tsv-row-11	11	rest	1	74.744	5.0	18686	19936	sub-8/ses-01/eeg/sub-8_ses-01_task-imagery_run-02_eeg.edf	source_train	489.40689983825183	False	5.991537160259416e-12	3.933414101747904e-12	1.1827621412339773e-11	6.334392196152659e-12
sub-8	01	02	sub-8/ses-01/run-02/tsv-row-12	12	right_hand	2	81.624	5.0	20406	21656	sub-8/ses-01/eeg/sub-8_ses-01_task-imagery_run-02_eeg.edf	source_train	357.8186179387799	False	7.029758196879377e-12	4.712290102085811e-12	1.2486368286257687e-11	7.522974609908898e-12
sub-8	01	02	sub-8/ses-01/run-02/tsv-row-13	13	rest	1	88.5	5.0	22125	23375	sub-8/ses-01/eeg/sub-8_ses-01_task-imagery_run-02_eeg.edf	source_train	403.19903506576736	False	5.116786155175173e-12	3.445063544060608e-12	1.0065757140210743e-11	5.862854147781083e-12
sub-8	01	02	sub-8/ses-01/run-02/tsv-row-14	14	right_hand	2	95.396	5.0	23849	25099	sub-8/ses-01/eeg/sub-8_ses-01_task-imagery_run-02_eeg.edf	source_train	1662.2070549638358	False	6.3061596471204284e-12	4.334680113192791e-12	1.1883912660203792e-11	7.639900801410454e-12
sub-8	01	02	sub-8/ses-01/run-02/tsv-row-15	15	rest	1	102.288	5.0	25572	26822	sub-8/ses-01/eeg/sub-8_ses-01_task-imagery_run-02_eeg.edf	source_train	595.7672524796288	False	4.773675724228454e-12	3.857555826309772e-12	1.0803528838180855e-11	8.001007186549287e-12
sub-8	01	02	sub-8/ses-01/run-02/tsv-row-16	16	right_hand	2	109.172	5.0	27293	28543	sub-8/ses-01/eeg/sub-8_ses-01_task-imagery_run-02_eeg.edf	source_train	935.4486313364057	False	1.0010250722034346e-11	9.158819710903975e-12	1.6718757156757196e-11	1.2764896163136923e-11
sub-8	01	02	sub-8/ses-01/run-02/tsv-row-17	17	right_hand	2	116.056	5.0	29014	30264	sub-8/ses-01/eeg/sub-8_ses-01_task-imagery_run-02_eeg.edf	source_train	306.69100982696	False	4.633486175778731e-12	2.9977800138931876e-12	1.4040624960818491e-11	6.548848561947876e-12
sub-8	01	02	sub-8/ses-01/run-02/tsv-row-18	18	rest	1	122.948	5.0	30737	31987	sub-8/ses-01/eeg/sub-8_ses-01_task-imagery_run-02_eeg.edf	source_train	390.8836258125553	False	5.864712706663189e-12	3.608468135093878e-12	1.4061108456333807e-11	6.891049724282127e-12
sub-8	01	02	sub-8/ses-01/run-02/tsv-row-19	19	right_hand	2	129.832	5.0	32458	33708	sub-8/ses-01/eeg/sub-8_ses-01_task-imagery_run-02_eeg.edf	source_train	371.4775263832515	False	5.408833922364001e-12	3.468674999183308e-12	1.1934455414366309e-11	6.92444817441498e-12
sub-8	01	02	sub-8/ses-01/run-02/tsv-row-20	20	rest	1	136.74	5.0	34185	35435	sub-8/ses-01/eeg/sub-8_ses-01_task-imagery_run-02_eeg.edf	source_train	653.0898846400341	False	8.695974050483932e-12	4.891408662228666e-12	1.3926491697285973e-11	8.513065460656235e-12
sub-8	01	02	sub-8/ses-01/run-02/tsv-row-21	21	rest	1	143.612	5.0	35903	37153	sub-8/ses-01/eeg/sub-8_ses-01_task-imagery_run-02_eeg.edf	source_train	282.73194091616574	False	5.134702288657644e-12	2.242340568645859e-12	1.491211348748885e-11	4.9481048221894215e-12
sub-8	01	02	sub-8/ses-01/run-02/tsv-row-22	22	right_hand	2	150.492	5.0	37623	38873	sub-8/ses-01/eeg/sub-8_ses-01_task-imagery_run-02_eeg.edf	source_train	3288.064992919706	True	2.915717637627626e-12	2.7531928628265004e-12	6.739833468605241e-12	6.822166450816417e-12
sub-8	01	02	sub-8/ses-01/run-02/tsv-row-23	23	right_hand	2	157.396	5.0	39349	40599	sub-8/ses-01/eeg/sub-8_ses-01_task-imagery_run-02_eeg.edf	source_train	362.073032044435	False	8.870338303993451e-12	4.0584347400365195e-12	1.5456501410510897e-11	6.90950748066514e-12
sub-8	01	02	sub-8/ses-01/run-02/tsv-row-24	24	rest	1	164.288	5.0	41072	42322	sub-8/ses-01/eeg/sub-8_ses-01_task-imagery_run-02_eeg.edf	source_train	370.28330487990974	False	1.9668712845764796e-12	1.685068475834551e-12	4.967156298286863e-12	4.403259824619883e-12
sub-8	01	02	sub-8/ses-01/run-02/tsv-row-25	25	rest	1	171.156	5.0	42789	44039	sub-8/ses-01/eeg/sub-8_ses-01_task-imagery_run-02_eeg.edf	source_train	463.50722098452707	False	1.641346599078985e-11	1.0801583995744549e-11	2.1045939965197125e-11	1.3274382091180514e-11
sub-8	01	02	sub-8/ses-01/run-02/tsv-row-26	26	right_hand	2	178.056	5.0	44514	45764	sub-8/ses-01/eeg/sub-8_ses-01_task-imagery_run-02_eeg.edf	source_train	325.2760819727165	False	1.1434147049358288e-11	8.211546700600948e-12	1.4990346493173525e-11	1.1887280272104569e-11
sub-8	01	02	sub-8/ses-01/run-02/tsv-row-27	27	right_hand	2	184.944	5.0	46236	47486	sub-8/ses-01/eeg/sub-8_ses-01_task-imagery_run-02_eeg.edf	source_train	598.8274450819423	False	2.73452683108881e-11	1.974664134199595e-11	3.221690603027978e-11	2.2242115854005933e-11
sub-8	01	02	sub-8/ses-01/run-02/tsv-row-28	28	rest	1	191.836	5.0	47959	49209	sub-8/ses-01/eeg/sub-8_ses-01_task-imagery_run-02_eeg.edf	source_train	2607.0601806390578	True	4.0263811264656715e-12	2.513452345320847e-12	1.440300560103644e-11	5.898233113257394e-12
sub-8	01	02	sub-8/ses-01/run-02/tsv-row-29	29	right_hand	2	198.716	5.0	49679	50929	sub-8/ses-01/eeg/sub-8_ses-01_task-imagery_run-02_eeg.edf	source_train	334.30738209173865	False	2.90067678965113e-12	1.7752639837183743e-12	8.86850780080932e-12	4.219032812719473e-12
sub-8	01	02	sub-8/ses-01/run-02/tsv-row-30	30	rest	1	205.608	5.0	51402	52652	sub-8/ses-01/eeg/sub-8_ses-01_task-imagery_run-02_eeg.edf	source_train	724.8924525284586	False	4.837439789833483e-11	2.6676219954176822e-11	5.399220132028603e-11	3.3817632047014687e-11
sub-8	01	02	sub-8/ses-01/run-02/tsv-row-31	31	right_hand	2	212.488	5.0	53122	54372	sub-8/ses-01/eeg/sub-8_ses-01_task-imagery_run-02_eeg.edf	source_train	343.93579296243166	False	2.209644369630512e-12	1.6439220523086192e-12	7.094390942346209e-12	4.740821422901281e-12
sub-8	01	02	sub-8/ses-01/run-02/tsv-row-32	32	rest	1	219.396	5.0	54849	56099	sub-8/ses-01/eeg/sub-8_ses-01_task-imagery_run-02_eeg.edf	source_train	361.84911551255834	False	1.8957532380048626e-12	1.539436300882111e-12	6.583561070683822e-12	4.0094763599491845e-12
sub-8	01	03	sub-8/ses-01/run-03/tsv-row-1	1	right_hand	2	6.212	5.0	1553	2803	sub-8/ses-01/eeg/sub-8_ses-01_task-imagery_run-03_eeg.edf	source_train	500.4919304177984	False	1.945411884585827e-12	1.336684797286857e-12	6.16650216477703e-12	2.929895555582675e-12
sub-8	01	03	sub-8/ses-01/run-03/tsv-row-2	2	rest	1	13.108	5.0	3277	4527	sub-8/ses-01/eeg/sub-8_ses-01_task-imagery_run-03_eeg.edf	source_train	1780.1059511703847	False	2.2839627195817144e-12	1.91094808321956e-12	4.864001438124298e-12	4.5825264579837524e-12
sub-8	01	03	sub-8/ses-01/run-03/tsv-row-3	3	rest	1	19.996	5.0	4999	6249	sub-8/ses-01/eeg/sub-8_ses-01_task-imagery_run-03_eeg.edf	source_train	593.6626486404003	False	2.3125334119303577e-12	2.1973260547461782e-12	6.483432693289093e-12	5.387176251745065e-12
sub-8	01	03	sub-8/ses-01/run-03/tsv-row-4	4	right_hand	2	26.876	5.0	6719	7969	sub-8/ses-01/eeg/sub-8_ses-01_task-imagery_run-03_eeg.edf	source_train	736.7863422956021	False	1.8116537779290395e-12	1.1873839282320957e-12	6.5310921314674354e-12	3.745925599030765e-12
sub-8	01	03	sub-8/ses-01/run-03/tsv-row-5	5	rest	1	33.768	5.0	8442	9692	sub-8/ses-01/eeg/sub-8_ses-01_task-imagery_run-03_eeg.edf	source_train	1274.562596270638	False	1.5677185207527481e-12	1.4851990072913982e-12	6.329370615588494e-12	4.130513898979411e-12
sub-8	01	03	sub-8/ses-01/run-03/tsv-row-6	6	right_hand	2	40.668	5.0	10167	11417	sub-8/ses-01/eeg/sub-8_ses-01_task-imagery_run-03_eeg.edf	source_train	818.9722168034914	False	1.8874902882593246e-12	1.6926055403963713e-12	6.6575654108500155e-12	5.497359169027025e-12
sub-8	01	03	sub-8/ses-01/run-03/tsv-row-7	7	right_hand	2	47.552	5.0	11888	13138	sub-8/ses-01/eeg/sub-8_ses-01_task-imagery_run-03_eeg.edf	source_train	373.48468630024115	False	2.479172367590997e-12	2.4492437260803563e-12	8.550560110715421e-12	5.3893561110222335e-12
sub-8	01	03	sub-8/ses-01/run-03/tsv-row-8	8	rest	1	54.432	5.0	13608	14858	sub-8/ses-01/eeg/sub-8_ses-01_task-imagery_run-03_eeg.edf	source_train	1693.6704655903802	False	1.9072974726746143e-12	1.5540316793904087e-12	5.854489578952536e-12	3.739725642016186e-12
sub-8	01	03	sub-8/ses-01/run-03/tsv-row-9	9	rest	1	61.332	5.0	15333	16583	sub-8/ses-01/eeg/sub-8_ses-01_task-imagery_run-03_eeg.edf	source_train	499.2090289620654	False	2.149951377118321e-12	1.8256950430818226e-12	8.372983086795707e-12	5.35192122582949e-12
sub-8	01	03	sub-8/ses-01/run-03/tsv-row-10	10	right_hand	2	68.212	5.0	17053	18303	sub-8/ses-01/eeg/sub-8_ses-01_task-imagery_run-03_eeg.edf	source_train	384.87043671987055	False	2.506414431189912e-12	2.1465896841067127e-12	6.919753116568806e-12	5.611196315155438e-12
sub-8	01	03	sub-8/ses-01/run-03/tsv-row-11	11	rest	1	75.088	5.0	18772	20022	sub-8/ses-01/eeg/sub-8_ses-01_task-imagery_run-03_eeg.edf	source_train	596.0680888698996	False	2.5999596052203776e-12	1.9771254050542168e-12	9.142043763305359e-12	5.956425897255537e-12
sub-8	01	03	sub-8/ses-01/run-03/tsv-row-12	12	right_hand	2	81.972	5.0	20493	21743	sub-8/ses-01/eeg/sub-8_ses-01_task-imagery_run-03_eeg.edf	source_train	510.4344166997283	False	3.9788781752206624e-12	4.19679109022992e-12	7.983173801286988e-12	6.992508266802484e-12
sub-8	01	03	sub-8/ses-01/run-03/tsv-row-13	13	right_hand	2	88.876	5.0	22219	23469	sub-8/ses-01/eeg/sub-8_ses-01_task-imagery_run-03_eeg.edf	source_train	1175.2980961333046	False	2.2652301598494194e-12	3.4121715617620346e-12	6.960446485549653e-12	9.191919709641277e-12
sub-8	01	03	sub-8/ses-01/run-03/tsv-row-14	14	rest	1	95.768	5.0	23942	25192	sub-8/ses-01/eeg/sub-8_ses-01_task-imagery_run-03_eeg.edf	source_train	678.0134193548387	False	2.6043754879315577e-12	1.8077713617950366e-12	1.1060368071628312e-11	5.313319900871771e-12
sub-8	01	03	sub-8/ses-01/run-03/tsv-row-15	15	right_hand	2	102.632	5.0	25658	26908	sub-8/ses-01/eeg/sub-8_ses-01_task-imagery_run-03_eeg.edf	source_train	596.5491769157993	False	1.6188233565664169e-12	1.4544060419571109e-12	5.85342790650625e-12	5.004461568802508e-12
sub-8	01	03	sub-8/ses-01/run-03/tsv-row-16	16	rest	1	109.54	5.0	27385	28635	sub-8/ses-01/eeg/sub-8_ses-01_task-imagery_run-03_eeg.edf	source_train	675.6881604663226	False	4.879204918278193e-12	3.71549458766636e-12	1.459585648110689e-11	7.395311969666474e-12
sub-8	01	03	sub-8/ses-01/run-03/tsv-row-17	17	rest	1	116.428	5.0	29107	30357	sub-8/ses-01/eeg/sub-8_ses-01_task-imagery_run-03_eeg.edf	source_train	329.3849487594225	False	2.5202291602243377e-12	1.6136936839868505e-12	1.142045570234189e-11	4.691329221242354e-12
sub-8	01	03	sub-8/ses-01/run-03/tsv-row-18	18	right_hand	2	123.308	5.0	30827	32077	sub-8/ses-01/eeg/sub-8_ses-01_task-imagery_run-03_eeg.edf	source_train	482.9322167424544	False	2.2278001084195656e-12	1.4433461558416536e-12	7.586900614515474e-12	5.007593225093884e-12
sub-8	01	03	sub-8/ses-01/run-03/tsv-row-19	19	right_hand	2	130.212	5.0	32553	33803	sub-8/ses-01/eeg/sub-8_ses-01_task-imagery_run-03_eeg.edf	source_train	416.46188506729317	False	1.7298895408227013e-12	1.9340675682363496e-12	6.0169036412980285e-12	5.902652506841469e-12
sub-8	01	03	sub-8/ses-01/run-03/tsv-row-20	20	rest	1	137.088	5.0	34272	35522	sub-8/ses-01/eeg/sub-8_ses-01_task-imagery_run-03_eeg.edf	source_train	425.9232833033235	False	2.770397588860266e-12	2.0214101766627147e-12	7.890094581154702e-12	5.207261616211119e-12
sub-8	01	03	sub-8/ses-01/run-03/tsv-row-21	21	right_hand	2	143.968	5.0	35992	37242	sub-8/ses-01/eeg/sub-8_ses-01_task-imagery_run-03_eeg.edf	source_train	529.1968504898219	False	2.6983525168078176e-12	2.11674121055287e-12	8.191198083312248e-12	5.951040820973287e-12
sub-8	01	03	sub-8/ses-01/run-03/tsv-row-22	22	rest	1	150.88	5.0	37720	38970	sub-8/ses-01/eeg/sub-8_ses-01_task-imagery_run-03_eeg.edf	source_train	581.3949034699546	False	2.7391576342643413e-12	2.0935224317758265e-12	8.533906426155233e-12	4.920062647891044e-12
sub-8	01	03	sub-8/ses-01/run-03/tsv-row-23	23	right_hand	2	157.744	5.0	39436	40686	sub-8/ses-01/eeg/sub-8_ses-01_task-imagery_run-03_eeg.edf	source_train	402.51033173619805	False	5.485299029929345e-12	2.3820236229143906e-12	1.3198223156014405e-11	6.785473707909456e-12
sub-8	01	03	sub-8/ses-01/run-03/tsv-row-24	24	rest	1	164.636	5.0	41159	42409	sub-8/ses-01/eeg/sub-8_ses-01_task-imagery_run-03_eeg.edf	source_train	1858.6034839930417	False	2.7639798817094878e-12	1.6280815522616533e-12	8.964517627682943e-12	4.267158278176438e-12
sub-8	01	03	sub-8/ses-01/run-03/tsv-row-25	25	rest	1	171.536	5.0	42884	44134	sub-8/ses-01/eeg/sub-8_ses-01_task-imagery_run-03_eeg.edf	source_train	364.82510147404395	False	2.27125233105677e-12	2.298016676255179e-12	9.108592054561293e-12	6.9641560658580155e-12
sub-8	01	03	sub-8/ses-01/run-03/tsv-row-26	26	right_hand	2	178.42	5.0	44605	45855	sub-8/ses-01/eeg/sub-8_ses-01_task-imagery_run-03_eeg.edf	source_train	391.44530668050174	False	2.8176456991297516e-12	1.6365846943477714e-12	1.0313594829350323e-11	5.074212048879821e-12
sub-8	01	03	sub-8/ses-01/run-03/tsv-row-27	27	rest	1	185.312	5.0	46328	47578	sub-8/ses-01/eeg/sub-8_ses-01_task-imagery_run-03_eeg.edf	source_train	492.8747030243842	False	1.749031604010697e-12	1.9905669361884158e-12	8.255878850820022e-12	4.9400283922205035e-12
sub-8	01	03	sub-8/ses-01/run-03/tsv-row-28	28	right_hand	2	192.192	5.0	48048	49298	sub-8/ses-01/eeg/sub-8_ses-01_task-imagery_run-03_eeg.edf	source_train	612.2647197485275	False	2.1487233180421643e-12	1.6364778628956142e-12	5.191288548263553e-12	4.479641230672188e-12
sub-8	01	03	sub-8/ses-01/run-03/tsv-row-29	29	right_hand	2	199.08	5.0	49770	51020	sub-8/ses-01/eeg/sub-8_ses-01_task-imagery_run-03_eeg.edf	source_train	388.07769035920285	False	3.516939366224272e-12	1.7745834240733956e-12	9.19236993431874e-12	4.433389229234433e-12
sub-8	01	03	sub-8/ses-01/run-03/tsv-row-30	30	rest	1	205.972	5.0	51493	52743	sub-8/ses-01/eeg/sub-8_ses-01_task-imagery_run-03_eeg.edf	source_train	341.73287527085165	False	2.7218946344226285e-12	2.1489994458309987e-12	8.435245909520363e-12	5.949441046144235e-12
sub-8	01	03	sub-8/ses-01/run-03/tsv-row-31	31	right_hand	2	212.852	5.0	53213	54463	sub-8/ses-01/eeg/sub-8_ses-01_task-imagery_run-03_eeg.edf	source_train	335.9598187200537	False	2.1617846517925375e-12	1.7132920199474338e-12	7.624428196090451e-12	5.036809225186574e-12
sub-8	01	03	sub-8/ses-01/run-03/tsv-row-32	32	rest	1	219.748	5.0	54937	56187	sub-8/ses-01/eeg/sub-8_ses-01_task-imagery_run-03_eeg.edf	source_train	330.50748753318896	False	2.194689787526741e-12	2.0839424270174054e-12	6.5848764404081005e-12	5.218334940657444e-12
sub-8	01	04	sub-8/ses-01/run-04/tsv-row-1	1	right_hand	2	7.332	5.0	1833	3083	sub-8/ses-01/eeg/sub-8_ses-01_task-imagery_run-04_eeg.edf	source_train	419.176898953215	False	2.4862030290345126e-12	2.12624452754362e-12	9.505295308026469e-12	7.510466576055378e-12
sub-8	01	04	sub-8/ses-01/run-04/tsv-row-2	2	rest	1	14.228	5.0	3557	4807	sub-8/ses-01/eeg/sub-8_ses-01_task-imagery_run-04_eeg.edf	source_train	9421.565511642812	True	9.697533801514366e-11	3.32956951590978e-11	9.716299250697965e-12	6.157561843640766e-12
sub-8	01	04	sub-8/ses-01/run-04/tsv-row-3	3	rest	1	21.132	5.0	5283	6533	sub-8/ses-01/eeg/sub-8_ses-01_task-imagery_run-04_eeg.edf	source_train	329.16853151036105	False	2.6132292898397023e-12	3.4087237778177296e-12	9.24995622670558e-12	7.835244138367113e-12
sub-8	01	04	sub-8/ses-01/run-04/tsv-row-4	4	right_hand	2	27.996	5.0	6999	8249	sub-8/ses-01/eeg/sub-8_ses-01_task-imagery_run-04_eeg.edf	source_train	314.8568562273018	False	3.260729541967438e-12	2.452898281104172e-12	8.432720810273899e-12	5.4415093649437665e-12
sub-8	01	04	sub-8/ses-01/run-04/tsv-row-5	5	right_hand	2	34.9	5.0	8725	9975	sub-8/ses-01/eeg/sub-8_ses-01_task-imagery_run-04_eeg.edf	source_train	345.8942243110446	False	6.826450359545237e-12	4.567592800316363e-12	1.1378881145941029e-11	7.768703921102102e-12
sub-8	01	04	sub-8/ses-01/run-04/tsv-row-6	6	rest	1	41.776	5.0	10444	11694	sub-8/ses-01/eeg/sub-8_ses-01_task-imagery_run-04_eeg.edf	source_train	349.86011023285624	False	4.1762724058237745e-12	2.616595240056737e-12	9.360538359329889e-12	5.70393601470393e-12
sub-8	01	04	sub-8/ses-01/run-04/tsv-row-7	7	rest	1	48.68	5.0	12170	13420	sub-8/ses-01/eeg/sub-8_ses-01_task-imagery_run-04_eeg.edf	source_train	652.9917385174108	False	5.398058725902263e-12	4.803444392303439e-12	1.449094398225221e-11	8.715876192428208e-12
sub-8	01	04	sub-8/ses-01/run-04/tsv-row-8	8	right_hand	2	55.56	5.0	13890	15140	sub-8/ses-01/eeg/sub-8_ses-01_task-imagery_run-04_eeg.edf	source_train	134.15040205084384	False	4.976704129370755e-12	2.5290136201342704e-12	1.0424817001953364e-11	5.058953255265259e-12
sub-8	01	04	sub-8/ses-01/run-04/tsv-row-9	9	right_hand	2	62.448	5.0	15612	16862	sub-8/ses-01/eeg/sub-8_ses-01_task-imagery_run-04_eeg.edf	source_train	303.64891775261697	False	4.474989666983547e-12	2.610893432886916e-12	1.415239658422625e-11	6.550783032325933e-12
sub-8	01	04	sub-8/ses-01/run-04/tsv-row-10	10	rest	1	69.324	5.0	17331	18581	sub-8/ses-01/eeg/sub-8_ses-01_task-imagery_run-04_eeg.edf	source_train	514.3581610766929	False	7.671799164876725e-12	3.758543889035024e-12	1.4426913190788205e-11	6.6559294500816756e-12
sub-8	01	04	sub-8/ses-01/run-04/tsv-row-11	11	rest	1	76.228	5.0	19057	20307	sub-8/ses-01/eeg/sub-8_ses-01_task-imagery_run-04_eeg.edf	source_train	11055.165651783804	True	6.395340546400534e-11	5.2413574537678945e-11	8.069024254829746e-12	3.976011831613581e-12
sub-8	01	04	sub-8/ses-01/run-04/tsv-row-12	12	right_hand	2	83.108	5.0	20777	22027	sub-8/ses-01/eeg/sub-8_ses-01_task-imagery_run-04_eeg.edf	source_train	350.20496987823105	False	2.3920685265846816e-12	1.2816810637989497e-12	8.246666493626299e-12	4.9831353326181935e-12
sub-8	01	04	sub-8/ses-01/run-04/tsv-row-13	13	rest	1	89.984	5.0	22496	23746	sub-8/ses-01/eeg/sub-8_ses-01_task-imagery_run-04_eeg.edf	source_train	299.68303183080536	False	2.5306334963268803e-12	1.9500747042637553e-12	8.383091377589527e-12	5.232371295843143e-12
sub-8	01	04	sub-8/ses-01/run-04/tsv-row-14	14	right_hand	2	96.88	5.0	24220	25470	sub-8/ses-01/eeg/sub-8_ses-01_task-imagery_run-04_eeg.edf	source_train	283.9919179662465	False	2.3690544647382013e-12	2.328166558837785e-12	9.130946843850417e-12	7.301095160548742e-12
sub-8	01	04	sub-8/ses-01/run-04/tsv-row-15	15	right_hand	2	103.768	5.0	25942	27192	sub-8/ses-01/eeg/sub-8_ses-01_task-imagery_run-04_eeg.edf	source_train	1547.212798974578	False	2.2627058808147293e-12	1.861432642015087e-12	7.839374710063003e-12	4.426612690387061e-12
sub-8	01	04	sub-8/ses-01/run-04/tsv-row-16	16	rest	1	110.66	5.0	27665	28915	sub-8/ses-01/eeg/sub-8_ses-01_task-imagery_run-04_eeg.edf	source_train	325.3750754112369	False	2.384074928848949e-12	1.9161409737169158e-12	7.7560064681617e-12	5.218168988986293e-12
sub-8	01	04	sub-8/ses-01/run-04/tsv-row-17	17	right_hand	2	117.54	5.0	29385	30635	sub-8/ses-01/eeg/sub-8_ses-01_task-imagery_run-04_eeg.edf	source_train	309.8563913693655	False	2.291392471948378e-12	2.282224223938568e-12	5.796126286327213e-12	4.674127881781396e-12
sub-8	01	04	sub-8/ses-01/run-04/tsv-row-18	18	rest	1	124.432	5.0	31108	32358	sub-8/ses-01/eeg/sub-8_ses-01_task-imagery_run-04_eeg.edf	source_train	312.2704088869899	False	2.8059756001874336e-12	2.0837421416749734e-12	1.1715540122614433e-11	5.34460748771475e-12
sub-8	01	04	sub-8/ses-01/run-04/tsv-row-19	19	rest	1	131.336	5.0	32834	34084	sub-8/ses-01/eeg/sub-8_ses-01_task-imagery_run-04_eeg.edf	source_train	451.76613544114497	False	3.1111469448516194e-12	2.084638570254378e-12	8.779964081177623e-12	4.4198925774997805e-12
sub-8	01	04	sub-8/ses-01/run-04/tsv-row-20	20	right_hand	2	138.216	5.0	34554	35804	sub-8/ses-01/eeg/sub-8_ses-01_task-imagery_run-04_eeg.edf	source_train	140.70273531296723	False	2.342393748304861e-12	2.5459091963024327e-12	7.160281368508796e-12	5.387293951967066e-12
sub-8	01	04	sub-8/ses-01/run-04/tsv-row-21	21	right_hand	2	145.088	5.0	36272	37522	sub-8/ses-01/eeg/sub-8_ses-01_task-imagery_run-04_eeg.edf	source_train	281.4054706259346	False	2.6094812394610766e-12	1.8284788829506788e-12	9.648961160902378e-12	5.026320575072666e-12
sub-8	01	04	sub-8/ses-01/run-04/tsv-row-22	22	rest	1	151.98	5.0	37995	39245	sub-8/ses-01/eeg/sub-8_ses-01_task-imagery_run-04_eeg.edf	source_train	315.89143516342665	False	2.6057834601634682e-12	1.91710517359995e-12	1.0481014954586191e-11	5.246308033016955e-12
sub-8	01	04	sub-8/ses-01/run-04/tsv-row-23	23	rest	1	158.884	5.0	39721	40971	sub-8/ses-01/eeg/sub-8_ses-01_task-imagery_run-04_eeg.edf	source_train	321.4091894894253	False	2.6184691497051034e-12	2.2992867323907765e-12	8.365612722760206e-12	5.7777990355709224e-12
sub-8	01	04	sub-8/ses-01/run-04/tsv-row-24	24	right_hand	2	165.764	5.0	41441	42691	sub-8/ses-01/eeg/sub-8_ses-01_task-imagery_run-04_eeg.edf	source_train	271.9218303781243	False	2.478007443480268e-12	2.1382559850644248e-12	7.387893003408666e-12	5.341581707691791e-12
sub-8	01	04	sub-8/ses-01/run-04/tsv-row-25	25	right_hand	2	172.636	5.0	43159	44409	sub-8/ses-01/eeg/sub-8_ses-01_task-imagery_run-04_eeg.edf	source_train	300.3727511215552	False	1.900032817313741e-12	1.7631298562099895e-12	7.44107044411092e-12	5.8449295353583675e-12
sub-8	01	04	sub-8/ses-01/run-04/tsv-row-26	26	rest	1	179.544	5.0	44886	46136	sub-8/ses-01/eeg/sub-8_ses-01_task-imagery_run-04_eeg.edf	source_train	334.16899636829737	False	1.7932309098709047e-12	1.7151731198714055e-12	7.023030878427145e-12	4.506062931023918e-12
sub-8	01	04	sub-8/ses-01/run-04/tsv-row-27	27	rest	1	186.432	5.0	46608	47858	sub-8/ses-01/eeg/sub-8_ses-01_task-imagery_run-04_eeg.edf	source_train	302.95919846186706	False	2.9575020429761455e-12	1.9337452479665913e-12	1.130996830599774e-11	4.780525724463206e-12
sub-8	01	04	sub-8/ses-01/run-04/tsv-row-28	28	right_hand	2	193.312	5.0	48328	49578	sub-8/ses-01/eeg/sub-8_ses-01_task-imagery_run-04_eeg.edf	source_train	326.4096543473616	False	1.8923211290849495e-12	1.6376895154487107e-12	7.64089036663926e-12	4.171271648518173e-12
sub-8	01	04	sub-8/ses-01/run-04/tsv-row-29	29	rest	1	200.188	5.0	50047	51297	sub-8/ses-01/eeg/sub-8_ses-01_task-imagery_run-04_eeg.edf	source_train	327.0993736381114	False	2.7860025563076224e-12	2.1538991466909902e-12	1.028285735090576e-11	6.207769810842559e-12
sub-8	01	04	sub-8/ses-01/run-04/tsv-row-30	30	right_hand	2	207.084	5.0	51771	53021	sub-8/ses-01/eeg/sub-8_ses-01_task-imagery_run-04_eeg.edf	source_train	328.3063823969237	False	2.0204640702659036e-12	1.7828746507329268e-12	7.64486379695833e-12	4.983399894214705e-12
sub-8	01	04	sub-8/ses-01/run-04/tsv-row-31	31	rest	1	213.98	5.0	53495	54745	sub-8/ses-01/eeg/sub-8_ses-01_task-imagery_run-04_eeg.edf	source_train	564.5352394787438	False	2.4553319229210008e-12	1.845675490471602e-12	1.0921624704181206e-11	5.6954658670421576e-12
sub-8	01	04	sub-8/ses-01/run-04/tsv-row-32	32	right_hand	2	220.86	5.0	55215	56465	sub-8/ses-01/eeg/sub-8_ses-01_task-imagery_run-04_eeg.edf	source_train	328.82367186498607	False	2.61178556234019e-12	2.1100230473221143e-12	8.984429842444454e-12	5.81407538973553e-12
sub-8	01	05	sub-8/ses-01/run-05/tsv-row-1	1	rest	1	5.94	5.0	1485	2735	sub-8/ses-01/eeg/sub-8_ses-01_task-imagery_run-05_eeg.edf	source_reference_query	1921.9543597827085	False	2.1360826129836824e-12	2.168416472767118e-12	5.289513272023477e-12	6.65478038543487e-12
sub-8	01	05	sub-8/ses-01/run-05/tsv-row-2	2	right_hand	2	12.824	5.0	3206	4456	sub-8/ses-01/eeg/sub-8_ses-01_task-imagery_run-05_eeg.edf	source_reference_query	392.4898692587054	False	1.884704155530227e-12	1.5075197142475385e-12	7.21968048326715e-12	4.308413668923022e-12
sub-8	01	05	sub-8/ses-01/run-05/tsv-row-3	3	right_hand	2	19.712	5.0	4928	6178	sub-8/ses-01/eeg/sub-8_ses-01_task-imagery_run-05_eeg.edf	source_reference_query	402.7001436353649	False	2.2097638036103585e-12	1.5837794595961573e-12	8.833493251571812e-12	4.689612996786827e-12
sub-8	01	05	sub-8/ses-01/run-05/tsv-row-4	4	rest	1	26.604	5.0	6651	7901	sub-8/ses-01/eeg/sub-8_ses-01_task-imagery_run-05_eeg.edf	source_reference_query	1378.387040849025	False	4.603492726774075e-12	1.9091487719406684e-12	1.3390629586262842e-11	5.0948377402015194e-12
sub-8	01	05	sub-8/ses-01/run-05/tsv-row-5	5	rest	1	33.508	5.0	8377	9627	sub-8/ses-01/eeg/sub-8_ses-01_task-imagery_run-05_eeg.edf	source_reference_query	10647.066453382977	True	9.194949090395323e-12	5.3199185372935895e-12	4.6141525381355275e-12	5.712446551536095e-12
sub-8	01	05	sub-8/ses-01/run-05/tsv-row-6	6	right_hand	2	40.372	5.0	10093	11343	sub-8/ses-01/eeg/sub-8_ses-01_task-imagery_run-05_eeg.edf	source_reference_query	5319.899061235389	True	2.052959454059348e-12	1.5196975835158251e-12	9.39351738425723e-12	4.193835674009632e-12
sub-8	01	05	sub-8/ses-01/run-05/tsv-row-7	7	right_hand	2	47.276	5.0	11819	13069	sub-8/ses-01/eeg/sub-8_ses-01_task-imagery_run-05_eeg.edf	source_reference_query	1776.241630542924	False	1.6909806115290506e-12	1.2984392834404274e-12	6.4295450024413886e-12	4.100308125396605e-12
sub-8	01	05	sub-8/ses-01/run-05/tsv-row-8	8	rest	1	54.152	5.0	13538	14788	sub-8/ses-01/eeg/sub-8_ses-01_task-imagery_run-05_eeg.edf	source_reference_query	3814.8353959166234	True	4.14720530807017e-12	3.7373557787878096e-12	8.699843296569793e-12	4.443905834374726e-12
sub-8	01	05	sub-8/ses-01/run-05/tsv-row-9	9	right_hand	2	61.048	5.0	15262	16512	sub-8/ses-01/eeg/sub-8_ses-01_task-imagery_run-05_eeg.edf	source_reference_query	2131.6976232490006	False	1.89342511847733e-12	1.5812365814168533e-12	7.912110686179515e-12	4.9196630837704226e-12
sub-8	01	05	sub-8/ses-01/run-05/tsv-row-10	10	rest	1	67.924	5.0	16981	18231	sub-8/ses-01/eeg/sub-8_ses-01_task-imagery_run-05_eeg.edf	source_reference_query	3899.978700888088	True	9.490992401146718e-12	7.036502802305362e-12	8.156001433263897e-12	4.6090672566079625e-12
sub-8	01	05	sub-8/ses-01/run-05/tsv-row-11	11	right_hand	2	74.804	5.0	18701	19951	sub-8/ses-01/eeg/sub-8_ses-01_task-imagery_run-05_eeg.edf	source_reference_query	406.68042008728287	False	2.251069903086356e-12	1.2885961349534792e-12	5.561667876347366e-12	3.4441119376713575e-12
sub-8	01	05	sub-8/ses-01/run-05/tsv-row-12	12	rest	1	81.716	5.0	20429	21679	sub-8/ses-01/eeg/sub-8_ses-01_task-imagery_run-05_eeg.edf	source_reference_query	384.87542735068814	False	2.014289764320026e-12	1.580571247643358e-12	8.778622464880925e-12	4.362856741296151e-12
sub-8	01	05	sub-8/ses-01/run-05/tsv-row-13	13	rest	1	88.6	5.0	22150	23400	sub-8/ses-01/eeg/sub-8_ses-01_task-imagery_run-05_eeg.edf	source_reference_query	1054.4271487624744	False	3.2619473731801755e-12	2.501940483679586e-12	8.698949215024565e-12	4.8682436745009225e-12
sub-8	01	05	sub-8/ses-01/run-05/tsv-row-14	14	right_hand	2	95.468	5.0	23867	25117	sub-8/ses-01/eeg/sub-8_ses-01_task-imagery_run-05_eeg.edf	source_reference_query	156.96133660390026	False	4.56604120342306e-12	1.9051630867128642e-12	1.9963411674637637e-11	5.385972464603486e-12
sub-8	01	05	sub-8/ses-01/run-05/tsv-row-15	15	rest	1	102.376	5.0	25594	26844	sub-8/ses-01/eeg/sub-8_ses-01_task-imagery_run-05_eeg.edf	source_reference_query	622.480625980407	False	4.722434662051341e-12	2.0879519286890164e-12	1.9004403240642244e-11	5.797856536911438e-12
sub-8	01	05	sub-8/ses-01/run-05/tsv-row-16	16	right_hand	2	109.256	5.0	27314	28564	sub-8/ses-01/eeg/sub-8_ses-01_task-imagery_run-05_eeg.edf	source_reference_query	323.44072559282205	False	1.7976044300593257e-12	1.4612888922743858e-12	7.427440935019045e-12	4.704287195010318e-12
sub-8	01	05	sub-8/ses-01/run-05/tsv-row-17	17	rest	1	116.148	5.0	29037	30287	sub-8/ses-01/eeg/sub-8_ses-01_task-imagery_run-05_eeg.edf	source_reference_query	11055.477428449356	True	6.687127842912438e-11	4.248721995611648e-11	5.168513674761442e-12	4.648466225958505e-12
sub-8	01	05	sub-8/ses-01/run-05/tsv-row-18	18	right_hand	2	123.032	5.0	30758	32008	sub-8/ses-01/eeg/sub-8_ses-01_task-imagery_run-05_eeg.edf	source_reference_query	409.96847454756306	False	2.7633090778543916e-12	1.741193849047322e-12	1.4590075866495928e-11	6.160798374844129e-12
sub-8	01	05	sub-8/ses-01/run-05/tsv-row-19	19	rest	1	129.924	5.0	32481	33731	sub-8/ses-01/eeg/sub-8_ses-01_task-imagery_run-05_eeg.edf	source_reference_query	332.2665559862056	False	2.461048548227943e-12	2.37591133610169e-12	8.125029071810056e-12	6.661500931447022e-12
sub-8	01	05	sub-8/ses-01/run-05/tsv-row-20	20	right_hand	2	136.804	5.0	34201	35451	sub-8/ses-01/eeg/sub-8_ses-01_task-imagery_run-05_eeg.edf	source_reference_query	384.5293163548693	False	3.5861632576452697e-12	2.8917680524692848e-12	8.735610401348205e-12	5.670196472112529e-12
sub-8	01	05	sub-8/ses-01/run-05/tsv-row-21	21	right_hand	2	143.708	5.0	35927	37177	sub-8/ses-01/eeg/sub-8_ses-01_task-imagery_run-05_eeg.edf	source_reference_query	334.34322196111935	False	4.4382367813300235e-12	1.7312082577211765e-12	1.4584460365320636e-11	4.562132552335547e-12
sub-8	01	05	sub-8/ses-01/run-05/tsv-row-22	22	rest	1	150.584	5.0	37646	38896	sub-8/ses-01/eeg/sub-8_ses-01_task-imagery_run-05_eeg.edf	source_reference_query	351.99488274788655	False	2.01119963066537e-12	1.9170133222341278e-12	8.629823707967763e-12	7.929846584284527e-12
sub-8	01	05	sub-8/ses-01/run-05/tsv-row-23	23	right_hand	2	157.464	5.0	39366	40616	sub-8/ses-01/eeg/sub-8_ses-01_task-imagery_run-05_eeg.edf	source_reference_query	596.3492457960753	False	8.740801813575552e-12	4.6454911624865875e-12	1.6396187151902833e-11	7.920649709895296e-12
sub-8	01	05	sub-8/ses-01/run-05/tsv-row-24	24	rest	1	164.376	5.0	41094	42344	sub-8/ses-01/eeg/sub-8_ses-01_task-imagery_run-05_eeg.edf	source_reference_query	359.7823801538132	False	2.5842409354871897e-12	2.0121794610951623e-12	8.29828091466813e-12	5.349073973760239e-12
sub-8	01	05	sub-8/ses-01/run-05/tsv-row-25	25	right_hand	2	171.256	5.0	42814	44064	sub-8/ses-01/eeg/sub-8_ses-01_task-imagery_run-05_eeg.edf	source_reference_query	906.8108090456863	False	3.0499290631411566e-12	1.7069625534943448e-12	7.007992316565197e-12	4.0986922391552715e-12
sub-8	01	05	sub-8/ses-01/run-05/tsv-row-26	26	rest	1	178.132	5.0	44533	45783	sub-8/ses-01/eeg/sub-8_ses-01_task-imagery_run-05_eeg.edf	source_reference_query	1727.0938691366312	False	2.5917333491720873e-12	1.8865323387844893e-12	5.949745550088523e-12	6.156940758241288e-12
sub-8	01	05	sub-8/ses-01/run-05/tsv-row-27	27	right_hand	2	185.028	5.0	46257	47507	sub-8/ses-01/eeg/sub-8_ses-01_task-imagery_run-05_eeg.edf	source_reference_query	142.59773027741323	False	3.0359266646024274e-12	2.0332553132888503e-12	7.839876381190551e-12	4.742369809598732e-12
sub-8	01	05	sub-8/ses-01/run-05/tsv-row-28	28	rest	1	191.92	5.0	47980	49230	sub-8/ses-01/eeg/sub-8_ses-01_task-imagery_run-05_eeg.edf	source_reference_query	315.6532281868953	False	9.940608268879014e-12	1.2612801360279342e-11	2.1566240542425723e-11	1.5597946134872416e-11
sub-8	01	05	sub-8/ses-01/run-05/tsv-row-29	29	right_hand	2	198.8	5.0	49700	50950	sub-8/ses-01/eeg/sub-8_ses-01_task-imagery_run-05_eeg.edf	source_reference_query	331.4012784966582	False	1.0711578205382063e-11	5.408482533201816e-12	1.8020670150967214e-11	7.954866405366797e-12
sub-8	01	05	sub-8/ses-01/run-05/tsv-row-30	30	rest	1	205.68	5.0	51420	52670	sub-8/ses-01/eeg/sub-8_ses-01_task-imagery_run-05_eeg.edf	source_reference_query	454.6167930082094	False	6.777338164464269e-12	4.25101609142533e-12	1.2270412910735251e-11	8.05749830766436e-12
sub-8	01	05	sub-8/ses-01/run-05/tsv-row-31	31	right_hand	2	212.576	5.0	53144	54394	sub-8/ses-01/eeg/sub-8_ses-01_task-imagery_run-05_eeg.edf	source_reference_query	368.08904405346846	False	1.0067940429514396e-11	4.266690711571298e-12	2.7124149531646224e-11	7.873481186382125e-12
sub-8	01	05	sub-8/ses-01/run-05/tsv-row-32	32	rest	1	219.468	5.0	54867	56117	sub-8/ses-01/eeg/sub-8_ses-01_task-imagery_run-05_eeg.edf	source_reference_query	5951.20551760918	True	2.4608928508908782e-11	2.061613762211007e-11	1.5949376516387287e-11	7.940619933821302e-12
sub-8	01	06	sub-8/ses-01/run-06/tsv-row-1	1	rest	1	7.764	5.0	1941	3191	sub-8/ses-01/eeg/sub-8_ses-01_task-imagery_run-06_eeg.edf	source_reference_query	482.06727988525034	False	1.1097738333764894e-11	6.7665578457770796e-12	1.6541258230708778e-11	1.0505116924729986e-11
sub-8	01	06	sub-8/ses-01/run-06/tsv-row-2	2	right_hand	2	14.648	5.0	3662	4912	sub-8/ses-01/eeg/sub-8_ses-01_task-imagery_run-06_eeg.edf	source_reference_query	389.0186809900204	False	1.0675764541970354e-11	7.921464651160176e-12	1.3930837686055352e-11	1.0658284095630974e-11
sub-8	01	06	sub-8/ses-01/run-06/tsv-row-3	3	right_hand	2	21.536	5.0	5384	6634	sub-8/ses-01/eeg/sub-8_ses-01_task-imagery_run-06_eeg.edf	source_reference_query	393.4822669148839	False	6.067453854721207e-12	5.1093339795548966e-12	9.270935564633981e-12	8.34517233044544e-12
sub-8	01	06	sub-8/ses-01/run-06/tsv-row-4	4	rest	1	28.428	5.0	7107	8357	sub-8/ses-01/eeg/sub-8_ses-01_task-imagery_run-06_eeg.edf	source_reference_query	3086.9130198065127	True	7.057002784505195e-12	3.6978236331153355e-12	1.2231538867578266e-11	6.277004887781598e-12
sub-8	01	06	sub-8/ses-01/run-06/tsv-row-5	5	rest	1	35.316	5.0	8829	10079	sub-8/ses-01/eeg/sub-8_ses-01_task-imagery_run-06_eeg.edf	source_reference_query	5440.424536881618	True	1.574705983616138e-11	8.458128739557307e-12	1.8505640935457585e-11	1.115416575229518e-11
sub-8	01	06	sub-8/ses-01/run-06/tsv-row-6	6	right_hand	2	42.196	5.0	10549	11799	sub-8/ses-01/eeg/sub-8_ses-01_task-imagery_run-06_eeg.edf	source_reference_query	2294.111488998077	True	1.0876075215424392e-11	5.1803818214875084e-12	1.478108962839299e-11	8.301537619379677e-12
sub-8	01	06	sub-8/ses-01/run-06/tsv-row-7	7	right_hand	2	49.08	5.0	12270	13520	sub-8/ses-01/eeg/sub-8_ses-01_task-imagery_run-06_eeg.edf	source_reference_query	503.870180364391	False	1.0741074304193891e-11	8.52516401063856e-12	1.5848245479704103e-11	1.1173520731175292e-11
sub-8	01	06	sub-8/ses-01/run-06/tsv-row-8	8	rest	1	55.976	5.0	13994	15244	sub-8/ses-01/eeg/sub-8_ses-01_task-imagery_run-06_eeg.edf	source_reference_query	5656.908454237495	True	8.81543432885753e-12	9.379571090207214e-12	1.1221875503207601e-11	1.1476216790161922e-11
sub-8	01	06	sub-8/ses-01/run-06/tsv-row-9	9	rest	1	62.88	5.0	15720	16970	sub-8/ses-01/eeg/sub-8_ses-01_task-imagery_run-06_eeg.edf	source_reference_query	6310.137086703085	True	1.2675166749893822e-11	5.346465678064557e-12	1.5783346469135325e-11	6.946307434994726e-12
sub-8	01	06	sub-8/ses-01/run-06/tsv-row-10	10	right_hand	2	69.744	5.0	17436	18686	sub-8/ses-01/eeg/sub-8_ses-01_task-imagery_run-06_eeg.edf	source_reference_query	373.5678066347239	False	3.476780375987543e-12	2.2200814476749678e-12	7.929970193906801e-12	3.826491805158618e-12
sub-8	01	06	sub-8/ses-01/run-06/tsv-row-11	11	right_hand	2	76.644	5.0	19161	20411	sub-8/ses-01/eeg/sub-8_ses-01_task-imagery_run-06_eeg.edf	source_reference_query	350.9065242469559	False	3.3867979007501067e-12	2.1049158454876844e-12	1.4110040001828768e-11	5.29577098707801e-12
sub-8	01	06	sub-8/ses-01/run-06/tsv-row-12	12	rest	1	83.524	5.0	20881	22131	sub-8/ses-01/eeg/sub-8_ses-01_task-imagery_run-06_eeg.edf	source_reference_query	6374.172377086703	True	2.8982030767453334e-11	2.002091678488623e-11	2.6554310828941365e-11	1.6910650988066974e-11
sub-8	01	06	sub-8/ses-01/run-06/tsv-row-13	13	right_hand	2	90.404	5.0	22601	23851	sub-8/ses-01/eeg/sub-8_ses-01_task-imagery_run-06_eeg.edf	source_reference_query	376.1429523606067	False	4.37594378852443e-12	3.1447590583539857e-12	1.2688559462578642e-11	6.235537397768702e-12
sub-8	01	06	sub-8/ses-01/run-06/tsv-row-14	14	rest	1	97.312	5.0	24328	25578	sub-8/ses-01/eeg/sub-8_ses-01_task-imagery_run-06_eeg.edf	source_reference_query	7561.486233100375	True	2.213411034306829e-11	1.5975562793680266e-11	8.296962288319214e-12	5.086774710424334e-12
sub-8	01	06	sub-8/ses-01/run-06/tsv-row-15	15	right_hand	2	104.176	5.0	26044	27294	sub-8/ses-01/eeg/sub-8_ses-01_task-imagery_run-06_eeg.edf	source_reference_query	983.7056672872095	False	2.967500145747069e-12	2.3724424758277547e-12	7.534322507969663e-12	4.581590925277418e-12
sub-8	01	06	sub-8/ses-01/run-06/tsv-row-16	16	rest	1	117.9	5.0	29475	30725	sub-8/ses-01/eeg/sub-8_ses-01_task-imagery_run-06_eeg.edf	source_reference_query	326.700154423658	False	3.3193777851873717e-12	3.019778123756768e-12	1.045970396691519e-11	6.213532690591939e-12
sub-8	01	06	sub-8/ses-01/run-06/tsv-row-17	17	right_hand	2	124.852	5.0	31213	32463	sub-8/ses-01/eeg/sub-8_ses-01_task-imagery_run-06_eeg.edf	source_reference_query	356.7435212256234	False	3.0040716310166568e-12	2.110599135572704e-12	6.995471972768388e-12	4.7377408939379124e-12
sub-8	01	06	sub-8/ses-01/run-06/tsv-row-18	18	right_hand	2	131.74	5.0	32935	34185	sub-8/ses-01/eeg/sub-8_ses-01_task-imagery_run-06_eeg.edf	source_reference_query	370.8209845271156	False	3.0206039069803588e-12	2.293650971792506e-12	1.1736731536221555e-11	5.190362723991995e-12
sub-8	01	06	sub-8/ses-01/run-06/tsv-row-19	19	rest	1	138.632	5.0	34658	35908	sub-8/ses-01/eeg/sub-8_ses-01_task-imagery_run-06_eeg.edf	source_reference_query	297.3434931485946	False	4.406368829662518e-12	2.047858939637034e-12	1.752030703885551e-11	5.504142240580952e-12
sub-8	01	06	sub-8/ses-01/run-06/tsv-row-20	20	right_hand	2	145.512	5.0	36378	37628	sub-8/ses-01/eeg/sub-8_ses-01_task-imagery_run-06_eeg.edf	source_reference_query	354.3400518814661	False	2.7863729600027313e-12	2.1559356867315546e-12	9.785512685037301e-12	5.157084522686542e-12
sub-8	01	06	sub-8/ses-01/run-06/tsv-row-21	21	rest	1	152.408	5.0	38102	39352	sub-8/ses-01/eeg/sub-8_ses-01_task-imagery_run-06_eeg.edf	source_reference_query	339.7475594347972	False	2.9550273109953797e-12	2.3375833139016617e-12	7.316038139157705e-12	4.644117805837663e-12
sub-8	01	06	sub-8/ses-01/run-06/tsv-row-22	22	rest	1	159.292	5.0	39823	41073	sub-8/ses-01/eeg/sub-8_ses-01_task-imagery_run-06_eeg.edf	source_reference_query	351.24987701040686	False	2.167045498016897e-12	4.5478290602163796e-12	8.237127655076138e-12	8.897547742186225e-12
sub-8	01	06	sub-8/ses-01/run-06/tsv-row-23	23	right_hand	2	166.172	5.0	41543	42793	sub-8/ses-01/eeg/sub-8_ses-01_task-imagery_run-06_eeg.edf	source_reference_query	301.80707907345806	False	3.51746125884878e-12	2.287707172025344e-12	8.553798640810015e-12	4.696304812766167e-12
sub-8	01	06	sub-8/ses-01/run-06/tsv-row-24	24	right_hand	2	173.06	5.0	43265	44515	sub-8/ses-01/eeg/sub-8_ses-01_task-imagery_run-06_eeg.edf	source_reference_query	660.0956877346111	False	2.449066752147651e-12	1.6707712652688123e-12	7.697528118790011e-12	4.645253407417534e-12
sub-8	01	06	sub-8/ses-01/run-06/tsv-row-25	25	rest	1	179.972	5.0	44993	46243	sub-8/ses-01/eeg/sub-8_ses-01_task-imagery_run-06_eeg.edf	source_reference_query	312.27933835871454	False	2.879430044865064e-12	2.052683487962685e-12	9.24413997414898e-12	4.949765874255278e-12
sub-8	01	06	sub-8/ses-01/run-06/tsv-row-26	26	rest	1	186.84	5.0	46710	47960	sub-8/ses-01/eeg/sub-8_ses-01_task-imagery_run-06_eeg.edf	source_reference_query	319.1463936277352	False	3.4725164687696742e-12	2.5240017991612356e-12	9.277973655349966e-12	5.811437455932986e-12
sub-8	01	06	sub-8/ses-01/run-06/tsv-row-27	27	right_hand	2	193.72	5.0	48430	49680	sub-8/ses-01/eeg/sub-8_ses-01_task-imagery_run-06_eeg.edf	source_reference_query	325.32674336985383	False	3.4590215087792564e-12	2.9220057002473273e-12	8.971300535766086e-12	5.355640381955028e-12
sub-8	01	06	sub-8/ses-01/run-06/tsv-row-28	28	right_hand	2	200.624	5.0	50156	51406	sub-8/ses-01/eeg/sub-8_ses-01_task-imagery_run-06_eeg.edf	source_reference_query	701.2980193487349	False	7.355949265572604e-12	4.829494472061708e-12	2.2309803381057895e-11	8.004292666797601e-12
sub-8	01	06	sub-8/ses-01/run-06/tsv-row-29	29	rest	1	207.516	5.0	51879	53129	sub-8/ses-01/eeg/sub-8_ses-01_task-imagery_run-06_eeg.edf	source_reference_query	5599.7402191228975	True	1.7796570584397506e-11	1.6628626140788386e-11	2.1310711644647664e-11	1.333211454702424e-11
sub-8	01	06	sub-8/ses-01/run-06/tsv-row-30	30	right_hand	2	214.4	5.0	53600	54850	sub-8/ses-01/eeg/sub-8_ses-01_task-imagery_run-06_eeg.edf	source_reference_query	357.08687398907443	False	6.021700153645379e-12	4.4399726186486334e-12	1.1603538395166486e-11	7.480697925576289e-12
sub-8	01	06	sub-8/ses-01/run-06/tsv-row-31	31	rest	1	221.292	5.0	55323	56573	sub-8/ses-01/eeg/sub-8_ses-01_task-imagery_run-06_eeg.edf	source_reference_query	371.67936643574325	False	1.1444462792998445e-11	7.132794093968615e-12	2.1595348951474385e-11	9.733121466203868e-12
sub-8	02	01	sub-8/ses-02/run-01/tsv-row-1	1	rest	1	15.228	5.0	3807	5057	sub-8/ses-02/eeg/sub-8_ses-02_task-imagery_run-01_eeg.edf	validation_no_selection	398.6238671880245	False	1.3726574618369104e-12	1.3866610697076052e-12	6.2029528150009636e-12	4.2955223385951164e-12
sub-8	02	01	sub-8/ses-02/run-01/tsv-row-2	2	right_hand	2	22.116	5.0	5529	6779	sub-8/ses-02/eeg/sub-8_ses-02_task-imagery_run-01_eeg.edf	validation_no_selection	404.1591147862178	False	1.320255047459483e-12	1.6292724843702216e-12	4.460220586430864e-12	5.24667414707283e-12
sub-8	02	01	sub-8/ses-02/run-01/tsv-row-3	3	rest	1	29.004	5.0	7251	8501	sub-8/ses-02/eeg/sub-8_ses-02_task-imagery_run-01_eeg.edf	validation_no_selection	371.06234935453347	False	1.8171008029213813e-12	1.2651295254839762e-12	8.020547477273616e-12	4.376438010294728e-12
sub-8	02	01	sub-8/ses-02/run-01/tsv-row-4	4	right_hand	2	35.888	5.0	8972	10222	sub-8/ses-02/eeg/sub-8_ses-02_task-imagery_run-01_eeg.edf	validation_no_selection	158.74401790673545	False	1.5536660274400197e-12	1.3868407839866047e-12	5.897956000033843e-12	4.3327462625310794e-12
sub-8	02	01	sub-8/ses-02/run-01/tsv-row-5	5	right_hand	2	42.792	5.0	10698	11948	sub-8/ses-02/eeg/sub-8_ses-02_task-imagery_run-01_eeg.edf	validation_no_selection	115.26507822351753	False	1.5225773714625385e-12	1.4782403399457283e-12	5.496833125264143e-12	4.8470215560856035e-12
sub-8	02	01	sub-8/ses-02/run-01/tsv-row-6	6	rest	1	49.68	5.0	12420	13670	sub-8/ses-02/eeg/sub-8_ses-02_task-imagery_run-01_eeg.edf	validation_no_selection	315.16495262459176	False	1.792313568303921e-12	1.3201973313388545e-12	7.131512430490821e-12	5.417970815768199e-12
sub-8	02	01	sub-8/ses-02/run-01/tsv-row-7	7	right_hand	2	56.548	5.0	14137	15387	sub-8/ses-02/eeg/sub-8_ses-02_task-imagery_run-01_eeg.edf	validation_no_selection	345.8239147099215	False	2.1326075447375023e-12	1.506602102420338e-12	8.015043728118487e-12	4.51377159893888e-12
sub-8	02	01	sub-8/ses-02/run-01/tsv-row-8	8	rest	1	63.436	5.0	15859	17109	sub-8/ses-02/eeg/sub-8_ses-02_task-imagery_run-01_eeg.edf	validation_no_selection	299.0180904599139	False	1.3901421511536197e-12	1.611276098332643e-12	6.401838634228685e-12	6.127304766545725e-12
sub-8	02	01	sub-8/ses-02/run-01/tsv-row-9	9	rest	1	70.34	5.0	17585	18835	sub-8/ses-02/eeg/sub-8_ses-02_task-imagery_run-01_eeg.edf	validation_no_selection	308.19570305795463	False	1.8480997613920465e-12	1.5846098402370382e-12	6.824268460707276e-12	5.597946505743396e-12
sub-8	02	01	sub-8/ses-02/run-01/tsv-row-10	10	right_hand	2	77.224	5.0	19306	20556	sub-8/ses-02/eeg/sub-8_ses-02_task-imagery_run-01_eeg.edf	validation_no_selection	120.62824558549754	False	1.926375633194973e-12	1.3580650246976146e-12	8.565304010177552e-12	4.830825759097851e-12
sub-8	02	01	sub-8/ses-02/run-01/tsv-row-11	11	rest	1	84.116	5.0	21029	22279	sub-8/ses-02/eeg/sub-8_ses-02_task-imagery_run-01_eeg.edf	validation_no_selection	746.8569052049318	False	2.0398906793960163e-12	1.5407547998719912e-12	8.587308157214653e-12	5.340574718458555e-12
sub-8	02	01	sub-8/ses-02/run-01/tsv-row-12	12	right_hand	2	91.0	5.0	22750	24000	sub-8/ses-02/eeg/sub-8_ses-02_task-imagery_run-01_eeg.edf	validation_no_selection	117.27268097933899	False	1.5330821712916318e-12	1.7356228837284168e-12	5.764458489229943e-12	6.38193558878275e-12
sub-8	02	01	sub-8/ses-02/run-01/tsv-row-13	13	rest	1	97.888	5.0	24472	25722	sub-8/ses-02/eeg/sub-8_ses-02_task-imagery_run-01_eeg.edf	validation_no_selection	338.6539048677022	False	1.606045298891941e-12	1.4275955507875278e-12	6.78787467660838e-12	5.274265909077134e-12
sub-8	02	01	sub-8/ses-02/run-01/tsv-row-14	14	right_hand	2	104.772	5.0	26193	27443	sub-8/ses-02/eeg/sub-8_ses-02_task-imagery_run-01_eeg.edf	validation_no_selection	422.42829986419264	False	2.536576402144772e-12	1.5191252345427337e-12	1.0389826606497962e-11	5.623262068416918e-12
sub-8	02	01	sub-8/ses-02/run-01/tsv-row-15	15	right_hand	2	111.66	5.0	27915	29165	sub-8/ses-02/eeg/sub-8_ses-02_task-imagery_run-01_eeg.edf	validation_no_selection	438.00156124149294	False	1.94219503216896e-12	1.5296876788774915e-12	9.575590131964457e-12	3.825481380128453e-12
sub-8	02	01	sub-8/ses-02/run-01/tsv-row-16	16	rest	1	118.548	5.0	29637	30887	sub-8/ses-02/eeg/sub-8_ses-02_task-imagery_run-01_eeg.edf	validation_no_selection	342.8125105761895	False	2.084322995361361e-12	1.632619250566209e-12	1.0553591645932964e-11	7.003135023763425e-12
sub-8	02	01	sub-8/ses-02/run-01/tsv-row-17	17	right_hand	2	125.432	5.0	31358	32608	sub-8/ses-02/eeg/sub-8_ses-02_task-imagery_run-01_eeg.edf	validation_no_selection	313.0713097506638	False	1.7441431272414026e-12	1.507439578331765e-12	7.343242615456345e-12	5.485011658358026e-12
sub-8	02	01	sub-8/ses-02/run-01/tsv-row-18	18	rest	1	132.34	5.0	33085	34335	sub-8/ses-02/eeg/sub-8_ses-02_task-imagery_run-01_eeg.edf	validation_no_selection	301.7713742393262	False	2.6057305338972576e-12	1.756821435920608e-12	8.37897222194406e-12	5.403894306591402e-12
sub-8	02	01	sub-8/ses-02/run-01/tsv-row-19	19	right_hand	2	139.224	5.0	34806	36056	sub-8/ses-02/eeg/sub-8_ses-02_task-imagery_run-01_eeg.edf	validation_no_selection	378.0602789605395	False	2.3309003990417015e-12	1.5964653991587435e-12	7.315570644336384e-12	6.987018336057986e-12
sub-8	02	01	sub-8/ses-02/run-01/tsv-row-20	20	rest	1	146.096	5.0	36524	37774	sub-8/ses-02/eeg/sub-8_ses-02_task-imagery_run-01_eeg.edf	validation_no_selection	367.13318396099726	False	1.7535082269457983e-12	1.4270808398049015e-12	7.759295975903928e-12	5.661749976966557e-12
sub-8	02	01	sub-8/ses-02/run-01/tsv-row-21	21	rest	1	152.984	5.0	38246	39496	sub-8/ses-02/eeg/sub-8_ses-02_task-imagery_run-01_eeg.edf	validation_no_selection	288.8366764839625	False	2.278436272445989e-12	1.3942614508251227e-12	9.947655255609284e-12	4.74176386211733e-12
sub-8	02	01	sub-8/ses-02/run-01/tsv-row-22	22	right_hand	2	159.884	5.0	39971	41221	sub-8/ses-02/eeg/sub-8_ses-02_task-imagery_run-01_eeg.edf	validation_no_selection	132.1576214117862	False	2.5180764785674285e-12	2.2248853919544237e-12	1.1904655574029514e-11	7.280849594709547e-12
sub-8	02	01	sub-8/ses-02/run-01/tsv-row-23	23	right_hand	2	166.772	5.0	41693	42943	sub-8/ses-02/eeg/sub-8_ses-02_task-imagery_run-01_eeg.edf	validation_no_selection	374.27451376384766	False	1.9977146425465e-12	1.5625207955779918e-12	7.616178075299908e-12	4.758054684472658e-12
sub-8	02	01	sub-8/ses-02/run-01/tsv-row-24	24	rest	1	173.644	5.0	43411	44661	sub-8/ses-02/eeg/sub-8_ses-02_task-imagery_run-01_eeg.edf	validation_no_selection	341.98078943449195	False	1.9416253918014804e-12	1.1432376022756404e-12	6.689618900393974e-12	4.135179756631937e-12
sub-8	02	01	sub-8/ses-02/run-01/tsv-row-25	25	rest	1	180.548	5.0	45137	46387	sub-8/ses-02/eeg/sub-8_ses-02_task-imagery_run-01_eeg.edf	validation_no_selection	337.6787835291604	False	2.004107490975755e-12	1.6193186649409965e-12	9.980701124097047e-12	6.1983709077847915e-12
sub-8	02	01	sub-8/ses-02/run-01/tsv-row-26	26	right_hand	2	187.432	5.0	46858	48108	sub-8/ses-02/eeg/sub-8_ses-02_task-imagery_run-01_eeg.edf	validation_no_selection	385.4884091570787	False	2.0412482563216994e-12	1.4240706534670813e-12	8.627327375007756e-12	5.510354217538637e-12
sub-8	02	01	sub-8/ses-02/run-01/tsv-row-27	27	rest	1	194.32	5.0	48580	49830	sub-8/ses-02/eeg/sub-8_ses-02_task-imagery_run-01_eeg.edf	validation_no_selection	408.0882801797539	False	2.157567391093297e-12	1.8052164139457395e-12	7.586052585890923e-12	5.0833963001016336e-12
sub-8	02	01	sub-8/ses-02/run-01/tsv-row-28	28	right_hand	2	201.204	5.0	50301	51551	sub-8/ses-02/eeg/sub-8_ses-02_task-imagery_run-01_eeg.edf	validation_no_selection	353.96904589068265	False	1.9032159556525094e-12	1.6013118904025548e-12	6.87778450554041e-12	5.517823155769225e-12
sub-8	02	01	sub-8/ses-02/run-01/tsv-row-29	29	rest	1	208.092	5.0	52023	53273	sub-8/ses-02/eeg/sub-8_ses-02_task-imagery_run-01_eeg.edf	validation_no_selection	262.9672809732352	False	2.8832132530465398e-12	1.5659001194991785e-12	1.2396372795254637e-11	4.432254219539204e-12
sub-8	02	01	sub-8/ses-02/run-01/tsv-row-30	30	right_hand	2	214.98	5.0	53745	54995	sub-8/ses-02/eeg/sub-8_ses-02_task-imagery_run-01_eeg.edf	validation_no_selection	319.6677188055055	False	1.4507890320943876e-12	1.5678466783062711e-12	4.8430118190946605e-12	5.415372831845317e-12
sub-8	02	01	sub-8/ses-02/run-01/tsv-row-31	31	rest	1	221.884	5.0	55471	56721	sub-8/ses-02/eeg/sub-8_ses-02_task-imagery_run-01_eeg.edf	validation_no_selection	330.8816141987365	False	2.26487102995584e-12	1.2460316024434491e-12	8.329296432583279e-12	4.4908434396789915e-12
sub-8	02	01	sub-8/ses-02/run-01/tsv-row-32	32	right_hand	2	228.752	5.0	57188	58438	sub-8/ses-02/eeg/sub-8_ses-02_task-imagery_run-01_eeg.edf	validation_no_selection	356.49288935514386	False	2.2448958915957334e-12	1.4873902304672912e-12	9.740872295263772e-12	6.149715164920185e-12
sub-8	02	02	sub-8/ses-02/run-02/tsv-row-1	1	rest	1	4.08	5.0	1020	2270	sub-8/ses-02/eeg/sub-8_ses-02_task-imagery_run-02_eeg.edf	validation_no_selection	376.7772106906339	False	1.1650554466783067e-12	1.4993178765792884e-12	5.40717024401522e-12	4.924780722812979e-12
sub-8	02	02	sub-8/ses-02/run-02/tsv-row-2	2	right_hand	2	10.968	5.0	2742	3992	sub-8/ses-02/eeg/sub-8_ses-02_task-imagery_run-02_eeg.edf	validation_no_selection	432.3736604541155	False	2.7359712715521012e-12	3.0233209882001735e-12	9.157883525841053e-12	1.0684617598928908e-11
sub-8	02	02	sub-8/ses-02/run-02/tsv-row-3	3	right_hand	2	17.872	5.0	4468	5718	sub-8/ses-02/eeg/sub-8_ses-02_task-imagery_run-02_eeg.edf	validation_no_selection	395.0385604541155	False	1.7367757612494091e-12	1.7953952080182582e-12	7.520689072033614e-12	5.816764123270965e-12
sub-8	02	02	sub-8/ses-02/run-02/tsv-row-4	4	rest	1	24.76	5.0	6190	7440	sub-8/ses-02/eeg/sub-8_ses-02_task-imagery_run-02_eeg.edf	validation_no_selection	341.1375551561022	False	1.9166808912344805e-12	1.3094309583131298e-12	7.740177447828621e-12	4.1010532918073e-12
sub-8	02	02	sub-8/ses-02/run-02/tsv-row-5	5	rest	1	31.648	5.0	7912	9162	sub-8/ses-02/eeg/sub-8_ses-02_task-imagery_run-02_eeg.edf	validation_no_selection	366.14536102175975	False	2.3137539926189113e-12	1.5670133214611972e-12	8.266112518283206e-12	4.5795517388999196e-12
sub-8	02	02	sub-8/ses-02/run-02/tsv-row-6	6	right_hand	2	38.516	5.0	9629	10879	sub-8/ses-02/eeg/sub-8_ses-02_task-imagery_run-02_eeg.edf	validation_no_selection	370.5429201040682	False	2.561812651965538e-12	1.923351064519844e-12	1.1618129149804265e-11	6.376466125836461e-12
sub-8	02	02	sub-8/ses-02/run-02/tsv-row-7	7	rest	1	45.42	5.0	11355	12605	sub-8/ses-02/eeg/sub-8_ses-02_task-imagery_run-02_eeg.edf	validation_no_selection	357.15597317880804	False	2.246730627526802e-12	1.9751830660644964e-12	1.0519313762550339e-11	6.1766263848572206e-12
sub-8	02	02	sub-8/ses-02/run-02/tsv-row-8	8	right_hand	2	52.304	5.0	13076	14326	sub-8/ses-02/eeg/sub-8_ses-02_task-imagery_run-02_eeg.edf	validation_no_selection	372.29134720908235	False	1.6251859522441214e-12	1.5951130071352555e-12	7.011398752458893e-12	5.1096596367350026e-12
sub-8	02	02	sub-8/ses-02/run-02/tsv-row-9	9	rest	1	59.18	5.0	14795	16045	sub-8/ses-02/eeg/sub-8_ses-02_task-imagery_run-02_eeg.edf	validation_no_selection	314.1340698675497	False	2.1454682144933125e-12	1.6836840796662216e-12	7.987742973967712e-12	4.980562939638049e-12
sub-8	02	02	sub-8/ses-02/run-02/tsv-row-10	10	right_hand	2	66.08	5.0	16520	17770	sub-8/ses-02/eeg/sub-8_ses-02_task-imagery_run-02_eeg.edf	validation_no_selection	337.8879532639546	False	1.7267769057001806e-12	1.4297554988296652e-12	8.333237250513298e-12	4.034289092585915e-12
sub-8	02	02	sub-8/ses-02/run-02/tsv-row-11	11	rest	1	72.968	5.0	18242	19492	sub-8/ses-02/eeg/sub-8_ses-02_task-imagery_run-02_eeg.edf	validation_no_selection	373.26269560075684	False	2.2683359077258823e-12	1.6511850168270534e-12	8.809812399190507e-12	5.986796471581187e-12
sub-8	02	02	sub-8/ses-02/run-02/tsv-row-12	12	right_hand	2	79.852	5.0	19963	21213	sub-8/ses-02/eeg/sub-8_ses-02_task-imagery_run-02_eeg.edf	validation_no_selection	367.31097909176924	False	1.7764420334978637e-12	1.6759379518707352e-12	6.107486078988384e-12	6.391974995265262e-12
sub-8	02	02	sub-8/ses-02/run-02/tsv-row-13	13	rest	1	86.74	5.0	21685	22935	sub-8/ses-02/eeg/sub-8_ses-02_task-imagery_run-02_eeg.edf	validation_no_selection	399.96594593188274	False	1.6889401598699164e-12	1.6381371167152937e-12	6.054922109154215e-12	5.140820872241648e-12
sub-8	02	02	sub-8/ses-02/run-02/tsv-row-14	14	right_hand	2	93.628	5.0	23407	24657	sub-8/ses-02/eeg/sub-8_ses-02_task-imagery_run-02_eeg.edf	validation_no_selection	372.82117360454123	False	1.69305686042919e-12	1.4374944690282283e-12	6.200719654268274e-12	4.7794992240359585e-12
sub-8	02	02	sub-8/ses-02/run-02/tsv-row-15	15	rest	1	100.516	5.0	25129	26379	sub-8/ses-02/eeg/sub-8_ses-02_task-imagery_run-02_eeg.edf	validation_no_selection	372.16772105014195	False	2.0991297099695285e-12	1.787772120173499e-12	8.74829838703382e-12	5.594144122308666e-12
sub-8	02	02	sub-8/ses-02/run-02/tsv-row-16	16	right_hand	2	107.416	5.0	26854	28104	sub-8/ses-02/eeg/sub-8_ses-02_task-imagery_run-02_eeg.edf	validation_no_selection	349.8090471617786	False	2.2939323066987718e-12	1.4782437890902139e-12	1.0676724509047372e-11	5.141869188711914e-12
sub-8	02	02	sub-8/ses-02/run-02/tsv-row-17	17	right_hand	2	114.304	5.0	28576	29826	sub-8/ses-02/eeg/sub-8_ses-02_task-imagery_run-02_eeg.edf	validation_no_selection	306.66351769157995	False	1.7894960424219392e-12	1.3268197648132395e-12	7.76353432126659e-12	4.837366646061835e-12
sub-8	02	02	sub-8/ses-02/run-02/tsv-row-18	18	rest	1	121.176	5.0	30294	31544	sub-8/ses-02/eeg/sub-8_ses-02_task-imagery_run-02_eeg.edf	validation_no_selection	364.09669895931887	False	1.961472026088865e-12	1.5198365137076416e-12	7.83756300268651e-12	4.908464150634948e-12
sub-8	02	02	sub-8/ses-02/run-02/tsv-row-19	19	right_hand	2	128.076	5.0	32019	33269	sub-8/ses-02/eeg/sub-8_ses-02_task-imagery_run-02_eeg.edf	validation_no_selection	344.139904730369	False	2.2058483664015187e-12	1.5272506495605007e-12	9.473487942570845e-12	4.174329186741884e-12
sub-8	02	02	sub-8/ses-02/run-02/tsv-row-20	20	rest	1	134.968	5.0	33742	34992	sub-8/ses-02/eeg/sub-8_ses-02_task-imagery_run-02_eeg.edf	validation_no_selection	299.7934354304636	False	1.6130188628897253e-12	1.7080222811863014e-12	6.170563484527589e-12	5.0575726783373524e-12
sub-8	02	02	sub-8/ses-02/run-02/tsv-row-21	21	right_hand	2	141.832	5.0	35458	36708	sub-8/ses-02/eeg/sub-8_ses-02_task-imagery_run-02_eeg.edf	validation_no_selection	100.27847578051089	False	1.5771427381155181e-12	1.3674450202250607e-12	6.7464342001261175e-12	4.333019728520798e-12
sub-8	02	02	sub-8/ses-02/run-02/tsv-row-22	22	rest	1	148.74	5.0	37185	38435	sub-8/ses-02/eeg/sub-8_ses-02_task-imagery_run-02_eeg.edf	validation_no_selection	345.8883318353832	False	3.083348626575633e-12	1.2915049948629814e-12	1.3815155884717464e-11	4.131222956505669e-12
sub-8	02	02	sub-8/ses-02/run-02/tsv-row-23	23	rest	1	155.628	5.0	38907	40157	sub-8/ses-02/eeg/sub-8_ses-02_task-imagery_run-02_eeg.edf	validation_no_selection	360.0523574739831	False	2.4958575168130898e-12	1.63311368131571e-12	9.084994072957332e-12	5.1060985064088465e-12
sub-8	02	02	sub-8/ses-02/run-02/tsv-row-24	24	right_hand	2	162.512	5.0	40628	41878	sub-8/ses-02/eeg/sub-8_ses-02_task-imagery_run-02_eeg.edf	validation_no_selection	443.65896267738884	False	1.6753066866795507e-12	2.0442769835550752e-12	8.476313430085666e-12	6.170211075968404e-12
sub-8	02	02	sub-8/ses-02/run-02/tsv-row-25	25	right_hand	2	169.38	5.0	42345	43595	sub-8/ses-02/eeg/sub-8_ses-02_task-imagery_run-02_eeg.edf	validation_no_selection	370.9667812204352	False	1.626903670476645e-12	1.60430951726598e-12	6.652948676612932e-12	4.256623226489679e-12
sub-8	02	02	sub-8/ses-02/run-02/tsv-row-26	26	rest	1	176.288	5.0	44072	45322	sub-8/ses-02/eeg/sub-8_ses-02_task-imagery_run-02_eeg.edf	validation_no_selection	403.4981219016084	False	3.058611866714537e-12	1.803858168681213e-12	1.230698885894879e-11	6.608630521679256e-12
sub-8	02	02	sub-8/ses-02/run-02/tsv-row-27	27	right_hand	2	183.172	5.0	45793	47043	sub-8/ses-02/eeg/sub-8_ses-02_task-imagery_run-02_eeg.edf	validation_no_selection	352.8113967360455	False	2.2592744534151267e-12	1.4902310706828561e-12	9.672139564851126e-12	4.091539794847265e-12
sub-8	02	02	sub-8/ses-02/run-02/tsv-row-28	28	rest	1	190.06	5.0	47515	48765	sub-8/ses-02/eeg/sub-8_ses-02_task-imagery_run-02_eeg.edf	validation_no_selection	388.00953027436145	False	1.6049193782877495e-12	1.3773839900521596e-12	7.51840018136258e-12	4.389140567504322e-12
sub-8	02	02	sub-8/ses-02/run-02/tsv-row-29	29	right_hand	2	196.944	5.0	49236	50486	sub-8/ses-02/eeg/sub-8_ses-02_task-imagery_run-02_eeg.edf	validation_no_selection	344.4931223273416	False	2.306076718349813e-12	1.7716763756431942e-12	7.760429346559038e-12	5.616621134402384e-12
sub-8	02	02	sub-8/ses-02/run-02/tsv-row-30	30	rest	1	203.836	5.0	50959	52209	sub-8/ses-02/eeg/sub-8_ses-02_task-imagery_run-02_eeg.edf	validation_no_selection	364.23798599810794	False	2.523243049117046e-12	1.584634732288792e-12	1.1060982695141812e-11	5.655961464229885e-12
sub-8	02	02	sub-8/ses-02/run-02/tsv-row-31	31	right_hand	2	210.72	5.0	52680	53930	sub-8/ses-02/eeg/sub-8_ses-02_task-imagery_run-02_eeg.edf	validation_no_selection	497.66593325449395	False	1.867392666738864e-12	1.8218946037709123e-12	7.934091628532261e-12	5.4388139035631126e-12
sub-8	02	02	sub-8/ses-02/run-02/tsv-row-32	32	rest	1	217.624	5.0	54406	55656	sub-8/ses-02/eeg/sub-8_ses-02_task-imagery_run-02_eeg.edf	validation_no_selection	355.7960854304637	False	2.665408427871198e-12	2.0176726946460833e-12	1.125323228012758e-11	6.55654626401713e-12
sub-8	02	03	sub-8/ses-02/run-03/tsv-row-1	1	right_hand	2	4.096	5.0	1024	2274	sub-8/ses-02/eeg/sub-8_ses-02_task-imagery_run-03_eeg.edf	validation_no_selection	365.01733661915944	False	1.1602879929565494e-12	1.6866339412264314e-12	4.576180812517802e-12	5.9421827194298174e-12
sub-8	02	03	sub-8/ses-02/run-03/tsv-row-2	2	rest	1	10.972	5.0	2743	3993	sub-8/ses-02/eeg/sub-8_ses-02_task-imagery_run-03_eeg.edf	validation_no_selection	329.66618295846433	False	1.3056382422996423e-12	1.4312343835050501e-12	4.985477016164968e-12	5.069271044736272e-12
sub-8	02	03	sub-8/ses-02/run-03/tsv-row-3	3	rest	1	17.876	5.0	4469	5719	sub-8/ses-02/eeg/sub-8_ses-02_task-imagery_run-03_eeg.edf	validation_no_selection	294.42619644764545	False	1.4257060239236818e-12	1.4342581471566163e-12	5.4066781911864995e-12	4.249764514271494e-12
sub-8	02	03	sub-8/ses-02/run-03/tsv-row-4	4	right_hand	2	24.76	5.0	6190	7440	sub-8/ses-02/eeg/sub-8_ses-02_task-imagery_run-03_eeg.edf	validation_no_selection	298.26146311838124	False	1.3182582682293783e-12	1.305121931285685e-12	4.764690119971453e-12	5.560929369231817e-12
sub-8	02	03	sub-8/ses-02/run-03/tsv-row-5	5	right_hand	2	31.644	5.0	7911	9161	sub-8/ses-02/eeg/sub-8_ses-02_task-imagery_run-03_eeg.edf	validation_no_selection	304.98707568590345	False	1.9623465070123623e-12	1.7235037481900398e-12	8.197444697877785e-12	6.36461764134476e-12
sub-8	02	03	sub-8/ses-02/run-03/tsv-row-6	6	rest	1	38.52	5.0	9630	10880	sub-8/ses-02/eeg/sub-8_ses-02_task-imagery_run-03_eeg.edf	validation_no_selection	452.3391328470716	False	1.7885531745664452e-12	1.427773046367012e-12	7.034410674395504e-12	5.116602022659263e-12
sub-8	02	03	sub-8/ses-02/run-03/tsv-row-7	7	right_hand	2	45.404	5.0	11351	12601	sub-8/ses-02/eeg/sub-8_ses-02_task-imagery_run-03_eeg.edf	validation_no_selection	305.48732786034725	False	1.9408395947891303e-12	1.3665587100450104e-12	7.07111267611225e-12	3.830078413500957e-12
sub-8	02	03	sub-8/ses-02/run-03/tsv-row-8	8	rest	1	52.308	5.0	13077	14327	sub-8/ses-02/eeg/sub-8_ses-02_task-imagery_run-03_eeg.edf	validation_no_selection	317.43779647206026	False	1.6993972334848795e-12	1.823809778556023e-12	7.667690919251033e-12	6.313311974762149e-12
sub-8	02	03	sub-8/ses-02/run-03/tsv-row-9	9	rest	1	59.196	5.0	14799	16049	sub-8/ses-02/eeg/sub-8_ses-02_task-imagery_run-03_eeg.edf	validation_no_selection	298.92846601763966	False	1.866967779948119e-12	1.2447943994533957e-12	6.249589853485389e-12	4.083170356446216e-12
sub-8	02	03	sub-8/ses-02/run-03/tsv-row-10	10	right_hand	2	66.064	5.0	16516	17766	sub-8/ses-02/eeg/sub-8_ses-02_task-imagery_run-03_eeg.edf	validation_no_selection	347.675261238441	False	1.0589330301027697e-12	1.257748212467039e-12	4.3640932463048324e-12	4.535495894589696e-12
sub-8	02	03	sub-8/ses-02/run-03/tsv-row-11	11	right_hand	2	72.968	5.0	18242	19492	sub-8/ses-02/eeg/sub-8_ses-02_task-imagery_run-03_eeg.edf	validation_no_selection	289.5348418530839	False	2.0791652728121117e-12	1.5567467180746162e-12	7.261403242283575e-12	7.036287250107702e-12
sub-8	02	03	sub-8/ses-02/run-03/tsv-row-12	12	rest	1	79.856	5.0	19964	21214	sub-8/ses-02/eeg/sub-8_ses-02_task-imagery_run-03_eeg.edf	validation_no_selection	340.7828979461043	False	1.802422123074776e-12	1.5122199953451308e-12	7.058765980669006e-12	4.571496872636213e-12
sub-8	02	03	sub-8/ses-02/run-03/tsv-row-13	13	rest	1	86.744	5.0	21686	22936	sub-8/ses-02/eeg/sub-8_ses-02_task-imagery_run-03_eeg.edf	validation_no_selection	364.7394187444685	False	1.95915610120647e-12	9.951849033864043e-13	5.453712497025563e-12	3.0183814365071207e-12
sub-8	02	03	sub-8/ses-02/run-03/tsv-row-14	14	right_hand	2	93.628	5.0	23407	24657	sub-8/ses-02/eeg/sub-8_ses-02_task-imagery_run-03_eeg.edf	validation_no_selection	342.2280708944974	False	1.4238723022380611e-12	1.3802418169628448e-12	4.327687598985792e-12	4.615596692834454e-12
sub-8	02	03	sub-8/ses-02/run-03/tsv-row-15	15	rest	1	100.516	5.0	25129	26379	sub-8/ses-02/eeg/sub-8_ses-02_task-imagery_run-03_eeg.edf	validation_no_selection	247.62482634968106	False	1.130478629617979e-12	1.4350483525341485e-12	3.480805315102066e-12	4.859641742751237e-12
sub-8	02	03	sub-8/ses-02/run-03/tsv-row-16	16	right_hand	2	107.4	5.0	26850	28100	sub-8/ses-02/eeg/sub-8_ses-02_task-imagery_run-03_eeg.edf	validation_no_selection	359.0143105258339	False	1.5830287530757563e-12	1.8923723499365334e-12	5.318285256321816e-12	6.08436144282938e-12
sub-8	02	03	sub-8/ses-02/run-03/tsv-row-17	17	right_hand	2	114.304	5.0	28576	29826	sub-8/ses-02/eeg/sub-8_ses-02_task-imagery_run-03_eeg.edf	validation_no_selection	398.25631443220306	False	1.0891307433475074e-12	1.4874395652638125e-12	4.351736696479084e-12	5.546315053940413e-12
sub-8	02	03	sub-8/ses-02/run-03/tsv-row-18	18	rest	1	121.176	5.0	30294	31544	sub-8/ses-02/eeg/sub-8_ses-02_task-imagery_run-03_eeg.edf	validation_no_selection	375.6337994323556	False	1.21698595783287e-12	1.5023123318288524e-12	3.7629661272104785e-12	4.879546912992677e-12
sub-8	02	03	sub-8/ses-02/run-03/tsv-row-19	19	right_hand	2	128.06	5.0	32015	33265	sub-8/ses-02/eeg/sub-8_ses-02_task-imagery_run-03_eeg.edf	validation_no_selection	374.68887865840634	False	1.781265670192011e-12	1.4388005860032991e-12	7.068642957616497e-12	6.022416119606886e-12
sub-8	02	03	sub-8/ses-02/run-03/tsv-row-20	20	rest	1	134.968	5.0	33742	34992	sub-8/ses-02/eeg/sub-8_ses-02_task-imagery_run-03_eeg.edf	validation_no_selection	396.08855500961334	False	2.131461372931526e-12	1.3221755465221353e-12	9.119270576106552e-12	4.1641198624541954e-12
sub-8	02	03	sub-8/ses-02/run-03/tsv-row-21	21	right_hand	2	141.852	5.0	35463	36713	sub-8/ses-02/eeg/sub-8_ses-02_task-imagery_run-03_eeg.edf	validation_no_selection	721.2524683980832	False	1.141646398604693e-12	1.2603120863285048e-12	3.714345674008594e-12	3.7747814890385e-12
sub-8	02	03	sub-8/ses-02/run-03/tsv-row-22	22	rest	1	148.724	5.0	37181	38431	sub-8/ses-02/eeg/sub-8_ses-02_task-imagery_run-03_eeg.edf	validation_no_selection	296.98304089480257	False	1.3163296798384923e-12	1.7969443758911879e-12	5.2070382820261475e-12	5.642208192241574e-12
sub-8	02	03	sub-8/ses-02/run-03/tsv-row-23	23	right_hand	2	155.624	5.0	38906	40156	sub-8/ses-02/eeg/sub-8_ses-02_task-imagery_run-03_eeg.edf	validation_no_selection	323.3296554155094	False	1.6143907012746721e-12	1.2652620316644328e-12	6.14591844077005e-12	4.156685800537201e-12
sub-8	02	03	sub-8/ses-02/run-03/tsv-row-24	24	rest	1	162.512	5.0	40628	41878	sub-8/ses-02/eeg/sub-8_ses-02_task-imagery_run-03_eeg.edf	validation_no_selection	329.3882650837732	False	1.474047019253154e-12	1.3817106133715591e-12	5.001177907914404e-12	4.945144724434423e-12
sub-8	02	03	sub-8/ses-02/run-03/tsv-row-25	25	right_hand	2	169.4	5.0	42350	43600	sub-8/ses-02/eeg/sub-8_ses-02_task-imagery_run-03_eeg.edf	validation_no_selection	357.79147187719354	False	1.6258940153016354e-12	1.6702362464709898e-12	6.778196164082698e-12	5.028745418081271e-12
sub-8	02	03	sub-8/ses-02/run-03/tsv-row-26	26	rest	1	176.288	5.0	44072	45322	sub-8/ses-02/eeg/sub-8_ses-02_task-imagery_run-03_eeg.edf	validation_no_selection	349.06485061189613	False	1.9393155047983185e-12	1.5201068680750968e-12	5.912839053610411e-12	5.464172445262186e-12
sub-8	02	03	sub-8/ses-02/run-03/tsv-row-27	27	rest	1	183.176	5.0	45794	47044	sub-8/ses-02/eeg/sub-8_ses-02_task-imagery_run-03_eeg.edf	validation_no_selection	318.82738584551527	False	1.825668822408344e-12	1.9185141008531387e-12	7.566241367729323e-12	6.9127839106904376e-12
sub-8	02	03	sub-8/ses-02/run-03/tsv-row-28	28	right_hand	2	190.06	5.0	47515	48765	sub-8/ses-02/eeg/sub-8_ses-02_task-imagery_run-03_eeg.edf	validation_no_selection	355.4013781548508	False	1.4207378231895492e-12	1.57697803550172e-12	5.543705693766995e-12	5.452272399981675e-12
sub-8	02	03	sub-8/ses-02/run-03/tsv-row-29	29	rest	1	196.964	5.0	49241	50491	sub-8/ses-02/eeg/sub-8_ses-02_task-imagery_run-03_eeg.edf	validation_no_selection	354.1229559312722	False	2.327804091843844e-12	1.9234417425564415e-12	9.397810611582447e-12	5.851651517703334e-12
sub-8	02	03	sub-8/ses-02/run-03/tsv-row-30	30	right_hand	2	203.832	5.0	50958	52208	sub-8/ses-02/eeg/sub-8_ses-02_task-imagery_run-03_eeg.edf	validation_no_selection	358.95872695089565	False	1.3592195060993296e-12	1.986029086441584e-12	6.34312244879191e-12	6.063676064730036e-12
sub-8	02	03	sub-8/ses-02/run-03/tsv-row-31	31	right_hand	2	210.72	5.0	52680	53930	sub-8/ses-02/eeg/sub-8_ses-02_task-imagery_run-03_eeg.edf	validation_no_selection	360.7929849238563	False	1.248352635460586e-12	1.4050210917936292e-12	5.799481711268493e-12	4.905027166468245e-12
sub-8	02	03	sub-8/ses-02/run-03/tsv-row-32	32	rest	1	217.608	5.0	54402	55652	sub-8/ses-02/eeg/sub-8_ses-02_task-imagery_run-03_eeg.edf	validation_no_selection	294.5929471724601	False	1.1093536750097685e-12	1.2737662957349592e-12	3.678637595412351e-12	4.495117547451239e-12
sub-8	02	04	sub-8/ses-02/run-04/tsv-row-1	1	right_hand	2	4.928	5.0	1232	2482	sub-8/ses-02/eeg/sub-8_ses-02_task-imagery_run-04_eeg.edf	validation_no_selection	352.8066664632099	False	1.2462532195675423e-12	1.1589298521118061e-12	4.95986018689925e-12	4.487149778745218e-12
sub-8	02	04	sub-8/ses-02/run-04/tsv-row-2	2	rest	1	11.82	5.0	2955	4205	sub-8/ses-02/eeg/sub-8_ses-02_task-imagery_run-04_eeg.edf	validation_no_selection	342.4359805902279	False	1.6782638976351663e-12	1.6036232842105548e-12	6.456083066541488e-12	5.4620054416297875e-12
sub-8	02	04	sub-8/ses-02/run-04/tsv-row-3	3	rest	1	18.708	5.0	4677	5927	sub-8/ses-02/eeg/sub-8_ses-02_task-imagery_run-04_eeg.edf	validation_no_selection	315.79755217139194	False	1.204597063921304e-12	1.4180212608210937e-12	4.459978131878863e-12	4.528337350381836e-12
sub-8	02	04	sub-8/ses-02/run-04/tsv-row-4	4	right_hand	2	25.592	5.0	6398	7648	sub-8/ses-02/eeg/sub-8_ses-02_task-imagery_run-04_eeg.edf	validation_no_selection	352.9083398541215	False	1.2787415367797443e-12	1.5367631657253717e-12	6.5891542184597814e-12	4.1502438093956385e-12
sub-8	02	04	sub-8/ses-02/run-04/tsv-row-5	5	right_hand	2	32.48	5.0	8120	9370	sub-8/ses-02/eeg/sub-8_ses-02_task-imagery_run-04_eeg.edf	validation_no_selection	386.6384872890407	False	1.4192947367957781e-12	1.2758177958163457e-12	6.136623780752597e-12	4.835431853315301e-12
sub-8	02	04	sub-8/ses-02/run-04/tsv-row-6	6	rest	1	39.368	5.0	9842	11092	sub-8/ses-02/eeg/sub-8_ses-02_task-imagery_run-04_eeg.edf	validation_no_selection	346.1724777062288	False	1.5215814428301036e-12	1.7454747100479514e-12	5.862204937848046e-12	7.224420904912589e-12
sub-8	02	04	sub-8/ses-02/run-04/tsv-row-7	7	rest	1	46.256	5.0	11564	12814	sub-8/ses-02/eeg/sub-8_ses-02_task-imagery_run-04_eeg.edf	validation_no_selection	246.3546261787774	False	1.7678784892337803e-12	1.621569746589903e-12	7.96562825172705e-12	6.520395814508792e-12
sub-8	02	04	sub-8/ses-02/run-04/tsv-row-8	8	right_hand	2	53.14	5.0	13285	14535	sub-8/ses-02/eeg/sub-8_ses-02_task-imagery_run-04_eeg.edf	validation_no_selection	294.06486486404	False	1.7143439418744714e-12	1.2575701825830122e-12	6.525392900329802e-12	4.223760533573072e-12
sub-8	02	04	sub-8/ses-02/run-04/tsv-row-9	9	rest	1	60.028	5.0	15007	16257	sub-8/ses-02/eeg/sub-8_ses-02_task-imagery_run-04_eeg.edf	validation_no_selection	287.71027793206576	False	1.4216300727445789e-12	1.4693301627898346e-12	5.461646767948949e-12	4.695132290881124e-12
sub-8	02	04	sub-8/ses-02/run-04/tsv-row-10	10	right_hand	2	66.928	5.0	16732	17982	sub-8/ses-02/eeg/sub-8_ses-02_task-imagery_run-04_eeg.edf	validation_no_selection	310.840974364452	False	1.8827497090102462e-12	1.4905554177845433e-12	1.0490943100843521e-11	5.0300840513893785e-12
sub-8	02	04	sub-8/ses-02/run-04/tsv-row-11	11	right_hand	2	73.816	5.0	18454	19704	sub-8/ses-02/eeg/sub-8_ses-02_task-imagery_run-04_eeg.edf	validation_no_selection	273.60309494308297	False	2.048944788457207e-12	1.4934782906738781e-12	8.252833640840023e-12	4.5121446489010304e-12
sub-8	02	04	sub-8/ses-02/run-04/tsv-row-12	12	rest	1	80.688	5.0	20172	21422	sub-8/ses-02/eeg/sub-8_ses-02_task-imagery_run-04_eeg.edf	validation_no_selection	401.81324088259527	False	1.8503743298317013e-12	1.245579303784106e-12	9.028888107427288e-12	3.5781887583851006e-12
sub-8	02	04	sub-8/ses-02/run-04/tsv-row-13	13	rest	1	87.592	5.0	21898	23148	sub-8/ses-02/eeg/sub-8_ses-02_task-imagery_run-04_eeg.edf	validation_no_selection	276.805806756798	False	2.2872291199810417e-12	1.6708053061199527e-12	9.473455910125416e-12	5.199096105382049e-12
sub-8	02	04	sub-8/ses-02/run-04/tsv-row-14	14	right_hand	2	94.476	5.0	23619	24869	sub-8/ses-02/eeg/sub-8_ses-02_task-imagery_run-04_eeg.edf	validation_no_selection	354.94180767235326	False	2.306835821194203e-12	1.81466779246795e-12	9.501030780945022e-12	5.697006735895268e-12
sub-8	02	04	sub-8/ses-02/run-04/tsv-row-15	15	rest	1	101.348	5.0	25337	26587	sub-8/ses-02/eeg/sub-8_ses-02_task-imagery_run-04_eeg.edf	validation_no_selection	365.9987889339884	False	2.5876127658169386e-12	2.659663909780042e-12	1.3681581811981272e-11	9.071437482798519e-12
sub-8	02	04	sub-8/ses-02/run-04/tsv-row-16	16	right_hand	2	108.252	5.0	27063	28313	sub-8/ses-02/eeg/sub-8_ses-02_task-imagery_run-04_eeg.edf	validation_no_selection	315.59420538956874	False	1.3629341134879944e-12	1.8143829657039323e-12	5.69021292759601e-12	5.816298888685333e-12
sub-8	02	04	sub-8/ses-02/run-04/tsv-row-17	17	rest	1	115.14	5.0	28785	30035	sub-8/ses-02/eeg/sub-8_ses-02_task-imagery_run-04_eeg.edf	validation_no_selection	283.7704340342419	False	1.6544912233072525e-12	1.8530988161935113e-12	6.183034484680904e-12	5.8893866069899854e-12
sub-8	02	04	sub-8/ses-02/run-04/tsv-row-18	18	right_hand	2	122.024	5.0	30506	31756	sub-8/ses-02/eeg/sub-8_ses-02_task-imagery_run-04_eeg.edf	validation_no_selection	317.50058146916103	False	1.6658587336548988e-12	1.5964261485372778e-12	7.776697562588574e-12	4.974570216309005e-12
sub-8	02	04	sub-8/ses-02/run-04/tsv-row-19	19	rest	1	128.912	5.0	32228	33478	sub-8/ses-02/eeg/sub-8_ses-02_task-imagery_run-04_eeg.edf	validation_no_selection	259.9534422132023	False	2.2855502738768126e-12	1.65255179131762e-12	1.0405755885343116e-11	7.033750398199417e-12
sub-8	02	04	sub-8/ses-02/run-04/tsv-row-20	20	right_hand	2	135.796	5.0	33949	35199	sub-8/ses-02/eeg/sub-8_ses-02_task-imagery_run-04_eeg.edf	validation_no_selection	151.62044419690542	False	1.4406571126072003e-12	1.515219509948481e-12	5.54220709591517e-12	5.827390704917612e-12
sub-8	02	04	sub-8/ses-02/run-04/tsv-row-21	21	right_hand	2	142.684	5.0	35671	36921	sub-8/ses-02/eeg/sub-8_ses-02_task-imagery_run-04_eeg.edf	validation_no_selection	334.3529460127567	False	1.7727310154957968e-12	1.4486919870561072e-12	5.429061179712883e-12	4.9168852008958206e-12
sub-8	02	04	sub-8/ses-02/run-04/tsv-row-22	22	rest	1	149.572	5.0	37393	38643	sub-8/ses-02/eeg/sub-8_ses-02_task-imagery_run-04_eeg.edf	validation_no_selection	304.13053056428726	False	1.6273341049738425e-12	1.3198116286345017e-12	6.417505616309041e-12	4.4571328006548896e-12
sub-8	02	04	sub-8/ses-02/run-04/tsv-row-23	23	rest	1	156.46	5.0	39115	40365	sub-8/ses-02/eeg/sub-8_ses-02_task-imagery_run-04_eeg.edf	validation_no_selection	373.8530583819086	False	1.893090453428978e-12	1.6205817284212803e-12	7.718489515868894e-12	5.311515122274611e-12
sub-8	02	04	sub-8/ses-02/run-04/tsv-row-24	24	right_hand	2	163.344	5.0	40836	42086	sub-8/ses-02/eeg/sub-8_ses-02_task-imagery_run-04_eeg.edf	validation_no_selection	317.6022548600726	False	1.8495414204934694e-12	1.4625980364113113e-12	9.014114960425625e-12	6.4188882042102525e-12
sub-8	02	04	sub-8/ses-02/run-04/tsv-row-25	25	rest	1	170.232	5.0	42558	43808	sub-8/ses-02/eeg/sub-8_ses-02_task-imagery_run-04_eeg.edf	validation_no_selection	315.28918521683397	False	1.8850699396109885e-12	1.5878349605964415e-12	6.806338639932848e-12	5.031996202267619e-12
sub-8	02	04	sub-8/ses-02/run-04/tsv-row-26	26	right_hand	2	177.136	5.0	44284	45534	sub-8/ses-02/eeg/sub-8_ses-02_task-imagery_run-04_eeg.edf	validation_no_selection	362.9485872066408	False	2.3301554611678378e-12	1.3382593798010868e-12	1.0995189739970536e-11	4.10917898919361e-12
sub-8	02	04	sub-8/ses-02/run-04/tsv-row-27	27	rest	1	184.008	5.0	46002	47252	sub-8/ses-02/eeg/sub-8_ses-02_task-imagery_run-04_eeg.edf	validation_no_selection	384.24916260261847	False	1.743073730657689e-12	1.2986991027520527e-12	1.0425832779547093e-11	4.510869632520035e-12
sub-8	02	04	sub-8/ses-02/run-04/tsv-row-28	28	right_hand	2	190.892	5.0	47723	48973	sub-8/ses-02/eeg/sub-8_ses-02_task-imagery_run-04_eeg.edf	validation_no_selection	359.23750843836785	False	2.1220341752592638e-12	1.8753827624917157e-12	9.114582982063439e-12	8.242717832025694e-12
sub-8	02	04	sub-8/ses-02/run-04/tsv-row-29	29	right_hand	2	197.796	5.0	49449	50699	sub-8/ses-02/eeg/sub-8_ses-02_task-imagery_run-04_eeg.edf	validation_no_selection	307.7399359416486	False	1.569601765544876e-12	1.3439191125302645e-12	7.019024710548156e-12	5.088318970657629e-12
sub-8	02	04	sub-8/ses-02/run-04/tsv-row-30	30	rest	1	204.684	5.0	51171	52421	sub-8/ses-02/eeg/sub-8_ses-02_task-imagery_run-04_eeg.edf	validation_no_selection	321.87253727835923	False	1.7295018796931335e-12	1.5011233933033365e-12	9.079275218520148e-12	5.02573818643677e-12
sub-8	02	04	sub-8/ses-02/run-04/tsv-row-31	31	right_hand	2	211.552	5.0	52888	54138	sub-8/ses-02/eeg/sub-8_ses-02_task-imagery_run-04_eeg.edf	validation_no_selection	356.00937827692496	False	1.3824917221803098e-12	1.5767873858344263e-12	5.3406254221393794e-12	5.60218660354601e-12
sub-8	02	04	sub-8/ses-02/run-04/tsv-row-32	32	rest	1	218.456	5.0	54614	55864	sub-8/ses-02/eeg/sub-8_ses-02_task-imagery_run-04_eeg.edf	validation_no_selection	355.8568681905575	False	1.8851295523191255e-12	1.496646699278575e-12	7.470213566755821e-12	4.72742690086412e-12
sub-8	02	05	sub-8/ses-02/run-05/tsv-row-1	1	right_hand	2	6.232	5.0	1558	2808	sub-8/ses-02/eeg/sub-8_ses-02_task-imagery_run-05_eeg.edf	validation_no_selection	384.74664378490553	False	1.3334843727921057e-12	1.5089670152453982e-12	5.066428412732087e-12	5.090213890793288e-12
sub-8	02	05	sub-8/ses-02/run-05/tsv-row-2	2	rest	1	13.14	5.0	3285	4535	sub-8/ses-02/eeg/sub-8_ses-02_task-imagery_run-05_eeg.edf	validation_no_selection	315.71032839136933	False	1.7245299544657752e-12	1.3933274749068307e-12	6.751903547150911e-12	4.783480189962217e-12
sub-8	02	05	sub-8/ses-02/run-05/tsv-row-3	3	rest	1	20.028	5.0	5007	6257	sub-8/ses-02/eeg/sub-8_ses-02_task-imagery_run-05_eeg.edf	validation_no_selection	334.1931561067537	False	1.7647158634478953e-12	1.1781174050457005e-12	6.826513923343475e-12	4.330203700578769e-12
sub-8	02	05	sub-8/ses-02/run-05/tsv-row-4	4	right_hand	2	26.896	5.0	6724	7974	sub-8/ses-02/eeg/sub-8_ses-02_task-imagery_run-05_eeg.edf	validation_no_selection	356.5413423123874	False	1.2500382252632892e-12	1.2235041582860394e-12	4.6707338101774546e-12	3.4661945719050492e-12
sub-8	02	05	sub-8/ses-02/run-05/tsv-row-5	5	rest	1	33.804	5.0	8451	9701	sub-8/ses-02/eeg/sub-8_ses-02_task-imagery_run-05_eeg.edf	validation_no_selection	101.59647490310374	False	1.841550519745015e-12	1.360656994585826e-12	7.615061598417204e-12	4.234981745781915e-12
sub-8	02	05	sub-8/ses-02/run-05/tsv-row-6	6	right_hand	2	40.688	5.0	10172	11422	sub-8/ses-02/eeg/sub-8_ses-02_task-imagery_run-05_eeg.edf	validation_no_selection	366.5676433744315	False	1.5290956672954386e-12	1.4635307519971898e-12	6.89103739237403e-12	5.467156188039841e-12
sub-8	02	05	sub-8/ses-02/run-05/tsv-row-7	7	right_hand	2	47.572	5.0	11893	13143	sub-8/ses-02/eeg/sub-8_ses-02_task-imagery_run-05_eeg.edf	validation_no_selection	376.9146510361033	False	2.1522705840134862e-12	1.5330932265438855e-12	8.527049312757164e-12	5.184588437113515e-12
sub-8	02	05	sub-8/ses-02/run-05/tsv-row-8	8	rest	1	54.444	5.0	13611	14861	sub-8/ses-02/eeg/sub-8_ses-02_task-imagery_run-05_eeg.edf	validation_no_selection	347.2070923337504	False	1.6069289033251942e-12	1.2348500813512674e-12	5.9857236965966076e-12	3.4887099519376604e-12
sub-8	02	05	sub-8/ses-02/run-05/tsv-row-9	9	right_hand	2	61.348	5.0	15337	16587	sub-8/ses-02/eeg/sub-8_ses-02_task-imagery_run-05_eeg.edf	validation_no_selection	387.41357235023037	False	1.2209518153691216e-12	1.2842705410482763e-12	3.92312383703193e-12	4.06262368682439e-12
sub-8	02	05	sub-8/ses-02/run-05/tsv-row-10	10	rest	1	68.236	5.0	17059	18309	sub-8/ses-02/eeg/sub-8_ses-02_task-imagery_run-05_eeg.edf	validation_no_selection	355.8324119342631	False	1.8052245055241854e-12	1.5815459648325715e-12	8.26103021998567e-12	6.2313468176317525e-12
sub-8	02	05	sub-8/ses-02/run-05/tsv-row-11	11	right_hand	2	75.12	5.0	18780	20030	sub-8/ses-02/eeg/sub-8_ses-02_task-imagery_run-05_eeg.edf	validation_no_selection	337.61965293435463	False	1.141728755334531e-12	1.46021474476443e-12	3.958465541336018e-12	6.842543610488612e-12
sub-8	02	05	sub-8/ses-02/run-05/tsv-row-12	12	rest	1	82.008	5.0	20502	21752	sub-8/ses-02/eeg/sub-8_ses-02_task-imagery_run-05_eeg.edf	validation_no_selection	302.0380996704001	False	1.645742541805414e-12	1.1389081281180472e-12	7.58463931179129e-12	3.7015779504074774e-12
sub-8	02	05	sub-8/ses-02/run-05/tsv-row-13	13	rest	1	88.912	5.0	22228	23478	sub-8/ses-02/eeg/sub-8_ses-02_task-imagery_run-05_eeg.edf	validation_no_selection	278.9303452024903	False	3.2352240304497215e-12	1.3328576093589937e-12	1.2644620261789021e-11	5.3196460045656524e-12
sub-8	02	05	sub-8/ses-02/run-05/tsv-row-14	14	right_hand	2	95.796	5.0	23949	25199	sub-8/ses-02/eeg/sub-8_ses-02_task-imagery_run-05_eeg.edf	validation_no_selection	370.5680362224188	False	1.4366890853074945e-12	1.4032288738429486e-12	6.021471688084941e-12	5.39488970120606e-12
sub-8	02	05	sub-8/ses-02/run-05/tsv-row-15	15	right_hand	2	102.684	5.0	25671	26921	sub-8/ses-02/eeg/sub-8_ses-02_task-imagery_run-05_eeg.edf	validation_no_selection	371.41200095828117	False	1.3655276031854919e-12	1.5489205413404174e-12	5.558519333782186e-12	5.459274199540571e-12
sub-8	02	05	sub-8/ses-02/run-05/tsv-row-16	16	rest	1	109.556	5.0	27389	28639	sub-8/ses-02/eeg/sub-8_ses-02_task-imagery_run-05_eeg.edf	validation_no_selection	366.0781438276314	False	1.950455759713359e-12	1.4195698126981286e-12	7.663976847647079e-12	5.197376513813463e-12
sub-8	02	05	sub-8/ses-02/run-05/tsv-row-17	17	rest	1	116.46	5.0	29115	30365	sub-8/ses-02/eeg/sub-8_ses-02_task-imagery_run-05_eeg.edf	validation_no_selection	334.007483864864	False	2.8470318357941315e-12	1.2088433814402976e-12	1.347360361774233e-11	3.966293078135234e-12
sub-8	02	05	sub-8/ses-02/run-05/tsv-row-18	18	right_hand	2	123.344	5.0	30836	32086	sub-8/ses-02/eeg/sub-8_ses-02_task-imagery_run-05_eeg.edf	validation_no_selection	325.73662945341346	False	1.6916330312854919e-12	1.554579747334215e-12	6.473819476728701e-12	5.0272913065286535e-12
sub-8	02	05	sub-8/ses-02/run-05/tsv-row-19	19	rest	1	130.236	5.0	32559	33809	sub-8/ses-02/eeg/sub-8_ses-02_task-imagery_run-05_eeg.edf	validation_no_selection	281.96861825159453	False	1.6695170509405323e-12	1.3796028681686753e-12	8.239226075189234e-12	4.233983871487315e-12
sub-8	02	05	sub-8/ses-02/run-05/tsv-row-20	20	right_hand	2	137.104	5.0	34276	35526	sub-8/ses-02/eeg/sub-8_ses-02_task-imagery_run-05_eeg.edf	validation_no_selection	353.2498798425245	False	1.6580586433567886e-12	1.3271694537662272e-12	7.886521967358518e-12	4.289382343008072e-12
sub-8	02	05	sub-8/ses-02/run-05/tsv-row-21	21	rest	1	144.008	5.0	36002	37252	sub-8/ses-02/eeg/sub-8_ses-02_task-imagery_run-05_eeg.edf	validation_no_selection	327.1038523255104	False	2.302914411649884e-12	1.2950310711244573e-12	8.692290195530911e-12	4.639112115452623e-12
sub-8	02	05	sub-8/ses-02/run-05/tsv-row-22	22	right_hand	2	150.892	5.0	37723	38973	sub-8/ses-02/eeg/sub-8_ses-02_task-imagery_run-05_eeg.edf	validation_no_selection	365.1666619129001	False	2.2599117335173592e-12	1.1495200228249582e-12	7.963778459791771e-12	4.437774360744672e-12
sub-8	02	05	sub-8/ses-02/run-05/tsv-row-23	23	right_hand	2	157.78	5.0	39445	40695	sub-8/ses-02/eeg/sub-8_ses-02_task-imagery_run-05_eeg.edf	validation_no_selection	349.6883486571856	False	1.381591204515556e-12	1.568844466943601e-12	6.743416956422968e-12	5.971180481458568e-12
sub-8	02	05	sub-8/ses-02/run-05/tsv-row-24	24	rest	1	164.668	5.0	41167	42417	sub-8/ses-02/eeg/sub-8_ses-02_task-imagery_run-05_eeg.edf	validation_no_selection	295.1175888363292	False	1.5239640790750508e-12	1.377594892329112e-12	7.21135274948508e-12	4.426481620820323e-12
sub-8	02	05	sub-8/ses-02/run-05/tsv-row-25	25	rest	1	171.556	5.0	42889	44139	sub-8/ses-02/eeg/sub-8_ses-02_task-imagery_run-05_eeg.edf	validation_no_selection	291.4210232932523	False	1.8764172823031306e-12	1.1964301812890628e-12	8.338419974314864e-12	4.366080758476542e-12
sub-8	02	05	sub-8/ses-02/run-05/tsv-row-26	26	right_hand	2	178.44	5.0	44610	45860	sub-8/ses-02/eeg/sub-8_ses-02_task-imagery_run-05_eeg.edf	validation_no_selection	532.575506918546	False	1.6917050321237114e-12	1.65783379678009e-12	5.604207210383871e-12	5.6893096887784015e-12
sub-8	02	05	sub-8/ses-02/run-05/tsv-row-27	27	right_hand	2	185.344	5.0	46336	47586	sub-8/ses-02/eeg/sub-8_ses-02_task-imagery_run-05_eeg.edf	validation_no_selection	371.1081736533707	False	1.8158181196110768e-12	1.6680180184782702e-12	7.598556283975399e-12	6.918156863119891e-12
sub-8	02	05	sub-8/ses-02/run-05/tsv-row-28	28	rest	1	192.216	5.0	48054	49304	sub-8/ses-02/eeg/sub-8_ses-02_task-imagery_run-05_eeg.edf	validation_no_selection	349.6208314783166	False	1.5540352371725964e-12	1.6853265694323179e-12	5.15311131106236e-12	5.873514316727692e-12
sub-8	02	05	sub-8/ses-02/run-05/tsv-row-29	29	right_hand	2	199.1	5.0	49775	51025	sub-8/ses-02/eeg/sub-8_ses-02_task-imagery_run-05_eeg.edf	validation_no_selection	363.3943359675893	False	1.7045845058586529e-12	1.4775982560983227e-12	7.461489501643356e-12	4.933547956049525e-12
sub-8	02	05	sub-8/ses-02/run-05/tsv-row-30	30	rest	1	206.004	5.0	51501	52751	sub-8/ses-02/eeg/sub-8_ses-02_task-imagery_run-05_eeg.edf	validation_no_selection	332.57274381389806	False	1.994830968922435e-12	1.4450949318730133e-12	9.621932275725466e-12	4.524680253712736e-12
sub-8	02	05	sub-8/ses-02/run-05/tsv-row-31	31	right_hand	2	212.892	5.0	53223	54473	sub-8/ses-02/eeg/sub-8_ses-02_task-imagery_run-05_eeg.edf	validation_no_selection	343.9493884533219	False	1.8962816331256228e-12	1.5934565329329211e-12	7.937002362282043e-12	5.43104772928028e-12
sub-8	02	05	sub-8/ses-02/run-05/tsv-row-32	32	rest	1	219.764	5.0	54941	56191	sub-8/ses-02/eeg/sub-8_ses-02_task-imagery_run-05_eeg.edf	validation_no_selection	352.76038029572436	False	1.6839039311335577e-12	1.4011617047562599e-12	8.413727389615833e-12	4.319496439298068e-12
sub-8	02	06	sub-8/ses-02/run-06/tsv-row-1	1	rest	1	5.292	5.0	1323	2573	sub-8/ses-02/eeg/sub-8_ses-02_task-imagery_run-06_eeg.edf	validation_no_selection	365.1214980376598	False	1.669917124538109e-12	1.7590444448019785e-12	7.402281697311093e-12	7.9542555999794e-12
sub-8	02	06	sub-8/ses-02/run-06/tsv-row-2	2	right_hand	2	12.18	5.0	3045	4295	sub-8/ses-02/eeg/sub-8_ses-02_task-imagery_run-06_eeg.edf	validation_no_selection	349.51905704519794	False	1.4063892683438967e-12	1.4569069847295348e-12	6.940388389020643e-12	5.633722801378485e-12
sub-8	02	06	sub-8/ses-02/run-06/tsv-row-3	3	rest	1	19.068	5.0	4767	6017	sub-8/ses-02/eeg/sub-8_ses-02_task-imagery_run-06_eeg.edf	validation_no_selection	337.7928474868008	False	1.857594748562159e-12	1.2654118556185084e-12	8.297025490856533e-12	4.346793347002163e-12
sub-8	02	06	sub-8/ses-02/run-06/tsv-row-4	4	right_hand	2	25.952	5.0	6488	7738	sub-8/ses-02/eeg/sub-8_ses-02_task-imagery_run-06_eeg.edf	validation_no_selection	335.52561778008356	False	2.12733862437986e-12	1.4711523732642176e-12	1.035153948204958e-11	6.026258984596235e-12
sub-8	02	06	sub-8/ses-02/run-06/tsv-row-5	5	rest	1	32.84	5.0	8210	9460	sub-8/ses-02/eeg/sub-8_ses-02_task-imagery_run-06_eeg.edf	validation_no_selection	375.48249400921657	False	2.1598084370791732e-12	1.4206831513694597e-12	9.760185435633347e-12	5.409793267838998e-12
sub-8	02	06	sub-8/ses-02/run-06/tsv-row-6	6	right_hand	2	39.724	5.0	9931	11181	sub-8/ses-02/eeg/sub-8_ses-02_task-imagery_run-06_eeg.edf	validation_no_selection	349.5921934873501	False	2.289659888738563e-12	1.5306546006719855e-12	1.1489957795203674e-11	5.7425957338091594e-12
sub-8	02	06	sub-8/ses-02/run-06/tsv-row-7	7	rest	1	46.616	5.0	11654	12904	sub-8/ses-02/eeg/sub-8_ses-02_task-imagery_run-06_eeg.edf	validation_no_selection	388.3545078279977	False	2.215169093785364e-12	1.443512994255834e-12	1.0562484445027538e-11	5.165556255524944e-12
sub-8	02	06	sub-8/ses-02/run-06/tsv-row-8	8	right_hand	2	53.5	5.0	13375	14625	sub-8/ses-02/eeg/sub-8_ses-02_task-imagery_run-06_eeg.edf	validation_no_selection	362.1229039094211	False	1.8749577443830408e-12	1.0691422681075163e-12	7.048812697360717e-12	5.1190438734420116e-12
sub-8	02	06	sub-8/ses-02/run-06/tsv-row-9	9	right_hand	2	60.404	5.0	15101	16351	sub-8/ses-02/eeg/sub-8_ses-02_task-imagery_run-06_eeg.edf	validation_no_selection	358.34418773155915	False	2.746193356626712e-12	1.735125039927567e-12	1.0815216516653421e-11	5.376477215303704e-12
sub-8	02	06	sub-8/ses-02/run-06/tsv-row-10	10	rest	1	67.292	5.0	16823	18073	sub-8/ses-02/eeg/sub-8_ses-02_task-imagery_run-06_eeg.edf	validation_no_selection	389.40279683217864	False	2.0226224754583885e-12	1.5255302357649792e-12	7.827567212322965e-12	5.5558220391830375e-12
sub-8	02	06	sub-8/ses-02/run-06/tsv-row-11	11	right_hand	2	74.16	5.0	18540	19790	sub-8/ses-02/eeg/sub-8_ses-02_task-imagery_run-06_eeg.edf	validation_no_selection	379.82192291024506	False	1.5422353289788704e-12	1.240708452858446e-12	7.17733659225542e-12	4.184196643647284e-12
sub-8	02	06	sub-8/ses-02/run-06/tsv-row-12	12	rest	1	81.048	5.0	20262	21512	sub-8/ses-02/eeg/sub-8_ses-02_task-imagery_run-06_eeg.edf	validation_no_selection	361.44029711600086	False	1.868999507868679e-12	1.3523160849354533e-12	6.588944752590467e-12	3.5890133456237204e-12
sub-8	02	06	sub-8/ses-02/run-06/tsv-row-13	13	rest	1	87.952	5.0	21988	23238	sub-8/ses-02/eeg/sub-8_ses-02_task-imagery_run-06_eeg.edf	validation_no_selection	283.1111675710319	False	1.911738687920725e-12	1.4352554940465912e-12	5.93866759934102e-12	6.139441015503968e-12
sub-8	02	06	sub-8/ses-02/run-06/tsv-row-14	14	right_hand	2	94.836	5.0	23709	24959	sub-8/ses-02/eeg/sub-8_ses-02_task-imagery_run-06_eeg.edf	validation_no_selection	390.1097824396497	False	1.744732546494188e-12	1.4695494977921692e-12	6.417383326490673e-12	4.821343234421983e-12
sub-8	02	06	sub-8/ses-02/run-06/tsv-row-15	15	right_hand	2	101.724	5.0	25431	26681	sub-8/ses-02/eeg/sub-8_ses-02_task-imagery_run-06_eeg.edf	validation_no_selection	346.0816442640462	False	2.0305596587024938e-12	1.3438109085897044e-12	7.902659323608696e-12	5.30993162601918e-12
sub-8	02	06	sub-8/ses-02/run-06/tsv-row-16	16	rest	1	108.612	5.0	27153	28403	sub-8/ses-02/eeg/sub-8_ses-02_task-imagery_run-06_eeg.edf	validation_no_selection	319.97193441572307	False	1.816447193880455e-12	1.4480717238335587e-12	8.073187870510048e-12	5.450440564655231e-12
sub-8	02	06	sub-8/ses-02/run-06/tsv-row-17	17	right_hand	2	115.496	5.0	28874	30124	sub-8/ses-02/eeg/sub-8_ses-02_task-imagery_run-06_eeg.edf	validation_no_selection	153.22084630878626	False	2.1441953716716448e-12	1.3278265854401923e-12	8.715516203414519e-12	4.6122571505616855e-12
sub-8	02	06	sub-8/ses-02/run-06/tsv-row-18	18	rest	1	122.388	5.0	30597	31847	sub-8/ses-02/eeg/sub-8_ses-02_task-imagery_run-06_eeg.edf	validation_no_selection	364.8533310831019	False	2.289496246668554e-12	1.847437636561047e-12	1.0409517953539337e-11	8.171563407336574e-12
sub-8	02	06	sub-8/ses-02/run-06/tsv-row-19	19	rest	1	129.288	5.0	32322	33572	sub-8/ses-02/eeg/sub-8_ses-02_task-imagery_run-06_eeg.edf	validation_no_selection	79.6699643177587	False	2.318411790578276e-12	1.3565057338693486e-12	1.1628814696155273e-11	4.4012920457900514e-12
sub-8	02	06	sub-8/ses-02/run-06/tsv-row-20	20	right_hand	2	136.156	5.0	34039	35289	sub-8/ses-02/eeg/sub-8_ses-02_task-imagery_run-06_eeg.edf	validation_no_selection	307.2218146671956	False	1.8020528461525586e-12	1.1821096523220017e-12	6.989543596551116e-12	4.59855776585242e-12
sub-8	02	06	sub-8/ses-02/run-06/tsv-row-21	21	rest	1	143.048	5.0	35762	37012	sub-8/ses-02/eeg/sub-8_ses-02_task-imagery_run-06_eeg.edf	validation_no_selection	346.3741900326548	False	1.7931416245862773e-12	1.260302791032009e-12	7.166967198623365e-12	3.780816458365414e-12
sub-8	02	06	sub-8/ses-02/run-06/tsv-row-22	22	right_hand	2	149.948	5.0	37487	38737	sub-8/ses-02/eeg/sub-8_ses-02_task-imagery_run-06_eeg.edf	validation_no_selection	469.95039845576343	False	1.4949949320379646e-12	1.5631459113519102e-12	5.413592247341279e-12	5.052637154185176e-12
sub-8	02	06	sub-8/ses-02/run-06/tsv-row-23	23	right_hand	2	156.82	5.0	39205	40455	sub-8/ses-02/eeg/sub-8_ses-02_task-imagery_run-06_eeg.edf	validation_no_selection	391.913814679403	False	1.997910154605438e-12	1.4790692304729487e-12	8.93286899558203e-12	4.208487170804193e-12
sub-8	02	06	sub-8/ses-02/run-06/tsv-row-24	24	rest	1	163.708	5.0	40927	42177	sub-8/ses-02/eeg/sub-8_ses-02_task-imagery_run-06_eeg.edf	validation_no_selection	372.16697529831833	False	1.8458315336088912e-12	1.486200839572504e-12	1.0053770450396593e-11	4.537122943749617e-12
sub-8	02	06	sub-8/ses-02/run-06/tsv-row-25	25	right_hand	2	170.608	5.0	42652	43902	sub-8/ses-02/eeg/sub-8_ses-02_task-imagery_run-06_eeg.edf	validation_no_selection	444.54767421491135	False	1.9062524889922986e-12	1.57134012476432e-12	8.586291644920699e-12	5.9898325383247815e-12
sub-8	02	06	sub-8/ses-02/run-06/tsv-row-26	26	rest	1	177.496	5.0	44374	45624	sub-8/ses-02/eeg/sub-8_ses-02_task-imagery_run-06_eeg.edf	validation_no_selection	398.83739786980806	False	1.9430313198112325e-12	1.2842646852497901e-12	9.713379875873412e-12	4.0205428830170355e-12
sub-8	02	06	sub-8/ses-02/run-06/tsv-row-27	27	right_hand	2	184.364	5.0	46091	47341	sub-8/ses-02/eeg/sub-8_ses-02_task-imagery_run-06_eeg.edf	validation_no_selection	318.38731150242626	False	2.1768660966938875e-12	1.382149634253224e-12	9.626748200591945e-12	4.6468566150687035e-12
sub-8	02	06	sub-8/ses-02/run-06/tsv-row-28	28	rest	1	191.256	5.0	47814	49064	sub-8/ses-02/eeg/sub-8_ses-02_task-imagery_run-06_eeg.edf	validation_no_selection	422.8749085238196	False	1.5648696286737102e-12	1.6115478808637855e-12	5.1675065048560955e-12	5.109960154306212e-12
sub-8	02	06	sub-8/ses-02/run-06/tsv-row-29	29	right_hand	2	198.156	5.0	49539	50789	sub-8/ses-02/eeg/sub-8_ses-02_task-imagery_run-06_eeg.edf	validation_no_selection	322.84863447370833	False	2.43661105869951e-12	1.4394529841657547e-12	9.184722316843074e-12	4.764324814450388e-12
sub-8	02	06	sub-8/ses-02/run-06/tsv-row-30	30	rest	1	205.044	5.0	51261	52511	sub-8/ses-02/eeg/sub-8_ses-02_task-imagery_run-06_eeg.edf	validation_no_selection	730.9012240546891	False	1.6148177375036806e-12	1.4314488212946901e-12	7.733012503007665e-12	4.706986037319275e-12
sub-8	02	06	sub-8/ses-02/run-06/tsv-row-31	31	rest	1	211.916	5.0	52979	54229	sub-8/ses-02/eeg/sub-8_ses-02_task-imagery_run-06_eeg.edf	validation_no_selection	317.07085554368723	False	1.6703294969769436e-12	1.2653890693546636e-12	5.998870149098533e-12	3.5976609095808158e-12
sub-8	02	06	sub-8/ses-02/run-06/tsv-row-32	32	right_hand	2	218.816	5.0	54704	55954	sub-8/ses-02/eeg/sub-8_ses-02_task-imagery_run-06_eeg.edf	validation_no_selection	460.75958555864133	False	2.2865916874714518e-12	2.273051141960025e-12	8.41528157609995e-12	7.149521889619236e-12
sub-8	03	01	sub-8/ses-03/run-01/tsv-row-1	1	rest	1	7.248	5.0	1812	3062	sub-8/ses-03/eeg/sub-8_ses-03_task-imagery_run-01_eeg.edf	test_exploratory	291.6216657002472	False	1.5277415005295333e-12	1.5925431860365883e-12	5.618746334163747e-12	4.84290879796365e-12
sub-8	03	01	sub-8/ses-03/run-01/tsv-row-2	2	right_hand	2	14.136	5.0	3534	4784	sub-8/ses-03/eeg/sub-8_ses-03_task-imagery_run-01_eeg.edf	test_exploratory	312.7752827387311	False	1.4039375420274735e-12	1.586330118043254e-12	5.379680797350927e-12	4.488990835888066e-12
sub-8	03	01	sub-8/ses-03/run-01/tsv-row-3	3	rest	1	21.024	5.0	5256	6506	sub-8/ses-03/eeg/sub-8_ses-03_task-imagery_run-01_eeg.edf	test_exploratory	265.0553738059633	False	1.9845091934562904e-12	1.4404277333934835e-12	7.034922494567319e-12	4.5404715154684305e-12
sub-8	03	01	sub-8/ses-03/run-01/tsv-row-4	4	right_hand	2	27.908	5.0	6977	8227	sub-8/ses-03/eeg/sub-8_ses-03_task-imagery_run-01_eeg.edf	test_exploratory	295.70878753013704	False	1.4001261102380968e-12	1.305314830422669e-12	5.763776711540271e-12	4.38148348715282e-12
sub-8	03	01	sub-8/ses-03/run-01/tsv-row-5	5	rest	1	34.8	5.0	8700	9950	sub-8/ses-03/eeg/sub-8_ses-03_task-imagery_run-01_eeg.edf	test_exploratory	272.01452719199193	False	1.4314660604473557e-12	1.300975570761573e-12	5.415806434834439e-12	4.00014397291566e-12
sub-8	03	01	sub-8/ses-03/run-01/tsv-row-6	6	right_hand	2	41.7	5.0	10425	11675	sub-8/ses-03/eeg/sub-8_ses-03_task-imagery_run-01_eeg.edf	test_exploratory	174.6416111636708	False	1.1776734528825164e-12	1.3992038409905668e-12	4.460650551717998e-12	4.1585279296316816e-12
sub-8	03	01	sub-8/ses-03/run-01/tsv-row-7	7	right_hand	2	48.588	5.0	12147	13397	sub-8/ses-03/eeg/sub-8_ses-03_task-imagery_run-01_eeg.edf	test_exploratory	368.83512945951725	False	1.3789704407738548e-12	1.9072494472413006e-12	4.648496502237291e-12	5.605109874868385e-12
sub-8	03	01	sub-8/ses-03/run-01/tsv-row-8	8	rest	1	55.46	5.0	13865	15115	sub-8/ses-03/eeg/sub-8_ses-03_task-imagery_run-01_eeg.edf	test_exploratory	251.8550749229408	False	1.5623669841935311e-12	1.5020967406343236e-12	5.353012622721221e-12	3.692894383042348e-12
sub-8	03	01	sub-8/ses-03/run-01/tsv-row-9	9	rest	1	62.364	5.0	15591	16841	sub-8/ses-03/eeg/sub-8_ses-03_task-imagery_run-01_eeg.edf	test_exploratory	247.60225896481214	False	1.962920479530957e-12	1.534905267807315e-12	7.873763459373455e-12	3.760459826042266e-12
sub-8	03	01	sub-8/ses-03/run-01/tsv-row-10	10	right_hand	2	69.248	5.0	17312	18562	sub-8/ses-03/eeg/sub-8_ses-03_task-imagery_run-01_eeg.edf	test_exploratory	325.31280510879856	False	1.5175729529177096e-12	1.4726835537629956e-12	4.228451874377786e-12	3.8353099286626315e-12
sub-8	03	01	sub-8/ses-03/run-01/tsv-row-11	11	rest	1	76.12	5.0	19030	20280	sub-8/ses-03/eeg/sub-8_ses-03_task-imagery_run-01_eeg.edf	test_exploratory	287.86593212683493	False	1.669762748354452e-12	1.6269779851642157e-12	6.722297418680167e-12	4.95867734587346e-12
sub-8	03	01	sub-8/ses-03/run-01/tsv-row-12	12	right_hand	2	83.02	5.0	20755	22005	sub-8/ses-03/eeg/sub-8_ses-03_task-imagery_run-01_eeg.edf	test_exploratory	347.2948927884762	False	1.6416117178873178e-12	1.5968046961519032e-12	6.225805109910509e-12	5.077784770758481e-12
sub-8	03	01	sub-8/ses-03/run-01/tsv-row-13	13	rest	1	89.912	5.0	22478	23728	sub-8/ses-03/eeg/sub-8_ses-03_task-imagery_run-01_eeg.edf	test_exploratory	293.44430111087377	False	1.6117186768194663e-12	3.285109295093526e-12	6.096957373664032e-12	7.295566603020833e-12
sub-8	03	01	sub-8/ses-03/run-01/tsv-row-14	14	right_hand	2	96.796	5.0	24199	25449	sub-8/ses-03/eeg/sub-8_ses-03_task-imagery_run-01_eeg.edf	test_exploratory	283.5578847926267	False	1.4241378146429755e-12	1.5230699764770504e-12	6.5392642562373726e-12	4.897943271723417e-12
sub-8	03	01	sub-8/ses-03/run-01/tsv-row-15	15	right_hand	2	103.68	5.0	25920	27170	sub-8/ses-03/eeg/sub-8_ses-03_task-imagery_run-01_eeg.edf	test_exploratory	363.4776859797967	False	1.512646663481287e-12	1.64335130374598e-12	5.794041014731007e-12	3.664113299923227e-12
sub-8	03	01	sub-8/ses-03/run-01/tsv-row-16	16	rest	1	110.572	5.0	27643	28893	sub-8/ses-03/eeg/sub-8_ses-03_task-imagery_run-01_eeg.edf	test_exploratory	287.47931249427774	False	2.1567493142012905e-12	3.5946041832560574e-12	8.143377482435534e-12	7.755506774313963e-12
sub-8	03	01	sub-8/ses-03/run-01/tsv-row-17	17	rest	1	117.476	5.0	29369	30619	sub-8/ses-03/eeg/sub-8_ses-03_task-imagery_run-01_eeg.edf	test_exploratory	283.44742204046753	False	2.4152226374933492e-12	2.575105041950076e-12	9.89811257630938e-12	8.573342209271041e-12
sub-8	03	01	sub-8/ses-03/run-01/tsv-row-18	18	right_hand	2	124.36	5.0	31090	32340	sub-8/ses-03/eeg/sub-8_ses-03_task-imagery_run-01_eeg.edf	test_exploratory	326.8040522629475	False	1.5669790029680459e-12	1.2059269248331027e-12	6.521494871157079e-12	4.0794462989961e-12
sub-8	03	01	sub-8/ses-03/run-01/tsv-row-19	19	right_hand	2	131.244	5.0	32811	34061	sub-8/ses-03/eeg/sub-8_ses-03_task-imagery_run-01_eeg.edf	test_exploratory	343.263002334666	False	1.5233057964922466e-12	1.6874149396359867e-12	5.953634390110634e-12	5.1474844088187445e-12
sub-8	03	01	sub-8/ses-03/run-01/tsv-row-20	20	rest	1	138.116	5.0	34529	35779	sub-8/ses-03/eeg/sub-8_ses-03_task-imagery_run-01_eeg.edf	test_exploratory	280.9067787408063	False	1.8621385710112773e-12	2.34081548398943e-12	7.480386769169487e-12	6.450262899589306e-12
sub-8	03	01	sub-8/ses-03/run-01/tsv-row-21	21	rest	1	145.004	5.0	36251	37501	sub-8/ses-03/eeg/sub-8_ses-03_task-imagery_run-01_eeg.edf	test_exploratory	240.8640310831019	False	1.7929157520549575e-12	1.5344732957193976e-12	6.980206088124103e-12	4.925287943579491e-12
sub-8	03	01	sub-8/ses-03/run-01/tsv-row-22	22	right_hand	2	151.904	5.0	37976	39226	sub-8/ses-03/eeg/sub-8_ses-03_task-imagery_run-01_eeg.edf	test_exploratory	346.52165352336186	False	1.4137116254892298e-12	1.5378442718456363e-12	6.047802937384178e-12	5.2525315550763425e-12
sub-8	03	01	sub-8/ses-03/run-01/tsv-row-23	23	rest	1	158.78	5.0	39695	40945	sub-8/ses-03/eeg/sub-8_ses-03_task-imagery_run-01_eeg.edf	test_exploratory	254.00909859004486	False	1.93286382892606e-12	2.0803113439058147e-12	8.504443244995728e-12	5.6632960792866915e-12
sub-8	03	01	sub-8/ses-03/run-01/tsv-row-24	24	right_hand	2	165.664	5.0	41416	42666	sub-8/ses-03/eeg/sub-8_ses-03_task-imagery_run-01_eeg.edf	test_exploratory	377.67214963225194	False	1.6454906129600003e-12	1.7503003602651078e-12	6.0260424095162135e-12	4.523339664403217e-12
sub-8	03	01	sub-8/ses-03/run-01/tsv-row-25	25	rest	1	172.568	5.0	43142	44392	sub-8/ses-03/eeg/sub-8_ses-03_task-imagery_run-01_eeg.edf	test_exploratory	298.0285053254799	False	1.7947510036835092e-12	1.8984731173869858e-12	6.967567579589406e-12	5.15831124366357e-12
sub-8	03	01	sub-8/ses-03/run-01/tsv-row-26	26	right_hand	2	179.452	5.0	44863	46113	sub-8/ses-03/eeg/sub-8_ses-03_task-imagery_run-01_eeg.edf	test_exploratory	312.5543572344127	False	1.8004081052794876e-12	1.5815124908707495e-12	7.531941391326116e-12	5.719633506123472e-12
sub-8	03	01	sub-8/ses-03/run-01/tsv-row-27	27	rest	1	186.324	5.0	46581	47831	sub-8/ses-03/eeg/sub-8_ses-03_task-imagery_run-01_eeg.edf	test_exploratory	253.51201620532854	False	1.5864162553188041e-12	2.2721956007884883e-12	5.275413319599768e-12	7.798756439578789e-12
sub-8	03	01	sub-8/ses-03/run-01/tsv-row-28	28	right_hand	2	193.228	5.0	48307	49557	sub-8/ses-03/eeg/sub-8_ses-03_task-imagery_run-01_eeg.edf	test_exploratory	299.5197524796289	False	1.3324418761674487e-12	1.6659276675203187e-12	4.391525771481529e-12	6.126755153571209e-12
sub-8	03	01	sub-8/ses-03/run-01/tsv-row-29	29	right_hand	2	200.112	5.0	50028	51278	sub-8/ses-03/eeg/sub-8_ses-03_task-imagery_run-01_eeg.edf	test_exploratory	318.6298086031678	False	1.7926943135736087e-12	1.5590136391355563e-12	6.7353083261968166e-12	4.819719154484053e-12
sub-8	03	01	sub-8/ses-03/run-01/tsv-row-30	30	rest	1	207.004	5.0	51751	53001	sub-8/ses-03/eeg/sub-8_ses-03_task-imagery_run-01_eeg.edf	test_exploratory	1948.507716711936	False	1.3683697633731881e-12	1.6558598623260068e-12	5.319508620558232e-12	4.997566628312365e-12
sub-8	03	01	sub-8/ses-03/run-01/tsv-row-31	31	right_hand	2	213.888	5.0	53472	54722	sub-8/ses-03/eeg/sub-8_ses-03_task-imagery_run-01_eeg.edf	test_exploratory	1525.159219061861	False	1.6389432125338093e-12	2.542457401756387e-12	6.907874781268156e-12	6.730753439142398e-12
sub-8	03	01	sub-8/ses-03/run-01/tsv-row-32	32	rest	1	220.776	5.0	55194	56444	sub-8/ses-03/eeg/sub-8_ses-03_task-imagery_run-01_eeg.edf	test_exploratory	1961.5423214667196	False	1.4753807429365924e-12	1.728780548165491e-12	5.552684373864168e-12	3.945430350976167e-12
sub-8	03	02	sub-8/ses-03/run-02/tsv-row-1	1	right_hand	2	5.268	5.0	1317	2567	sub-8/ses-03/eeg/sub-8_ses-03_task-imagery_run-02_eeg.edf	test_exploratory	332.9589198950163	False	8.127526799849241e-13	1.1655441936877752e-12	3.666914290463568e-12	3.4563564653979497e-12
sub-8	03	02	sub-8/ses-03/run-02/tsv-row-2	2	rest	1	12.16	5.0	3040	4290	sub-8/ses-03/eeg/sub-8_ses-03_task-imagery_run-02_eeg.edf	test_exploratory	277.13875919370093	False	1.9564872367286754e-12	1.3536053342047966e-12	6.7117675278294944e-12	3.757760926163255e-12
sub-8	03	02	sub-8/ses-03/run-02/tsv-row-3	3	right_hand	2	19.028	5.0	4757	6007	sub-8/ses-03/eeg/sub-8_ses-03_task-imagery_run-02_eeg.edf	test_exploratory	325.8465092608417	False	1.3804149562021962e-12	1.3698426056547525e-12	5.07122472730973e-12	4.421277414090302e-12
sub-8	03	02	sub-8/ses-03/run-02/tsv-row-4	4	rest	1	25.92	5.0	6480	7730	sub-8/ses-03/eeg/sub-8_ses-03_task-imagery_run-02_eeg.edf	test_exploratory	248.73816776482442	False	1.1457764710239516e-12	1.1867226563243333e-12	4.189794467637136e-12	4.220300770819224e-12
sub-8	03	02	sub-8/ses-03/run-02/tsv-row-5	5	rest	1	32.824	5.0	8206	9456	sub-8/ses-03/eeg/sub-8_ses-03_task-imagery_run-02_eeg.edf	test_exploratory	305.7028543153172	False	1.1409643145564414e-12	1.4155518035332483e-12	4.332227968307325e-12	5.163602856556329e-12
sub-8	03	02	sub-8/ses-03/run-02/tsv-row-6	6	right_hand	2	39.708	5.0	9927	11177	sub-8/ses-03/eeg/sub-8_ses-03_task-imagery_run-02_eeg.edf	test_exploratory	251.4523290643025	False	1.2086048832291935e-12	1.585242173952263e-12	5.81169267584186e-12	4.752737911505957e-12
sub-8	03	02	sub-8/ses-03/run-02/tsv-row-7	7	right_hand	2	46.592	5.0	11648	12898	sub-8/ses-03/eeg/sub-8_ses-03_task-imagery_run-02_eeg.edf	test_exploratory	300.1600791314432	False	1.560972608568634e-12	1.6694093322149166e-12	6.808036268853976e-12	4.963194209372558e-12
sub-8	03	02	sub-8/ses-03/run-02/tsv-row-8	8	rest	1	53.484	5.0	13371	14621	sub-8/ses-03/eeg/sub-8_ses-03_task-imagery_run-02_eeg.edf	test_exploratory	267.09963245948666	False	1.3087966142833645e-12	1.2889742634836467e-12	5.873035377861072e-12	3.969904157558635e-12
sub-8	03	02	sub-8/ses-03/run-02/tsv-row-9	9	right_hand	2	60.368	5.0	15092	16342	sub-8/ses-03/eeg/sub-8_ses-03_task-imagery_run-02_eeg.edf	test_exploratory	333.7927887279885	False	1.831534012497241e-12	1.8454894064420403e-12	5.952168451774742e-12	5.5790683325690744e-12
sub-8	03	02	sub-8/ses-03/run-02/tsv-row-10	10	rest	1	67.256	5.0	16814	18064	sub-8/ses-03/eeg/sub-8_ses-03_task-imagery_run-02_eeg.edf	test_exploratory	278.6593435361797	False	1.6700121714929405e-12	1.476783146947318e-12	5.5053496979468864e-12	5.184386074913519e-12
sub-8	03	02	sub-8/ses-03/run-02/tsv-row-11	11	right_hand	2	74.14	5.0	18535	19785	sub-8/ses-03/eeg/sub-8_ses-03_task-imagery_run-02_eeg.edf	test_exploratory	272.56065579699083	False	1.4424783852608683e-12	1.2146812593612122e-12	6.261657803504904e-12	4.310944617912649e-12
sub-8	03	02	sub-8/ses-03/run-02/tsv-row-12	12	rest	1	81.032	5.0	20258	21508	sub-8/ses-03/eeg/sub-8_ses-03_task-imagery_run-02_eeg.edf	test_exploratory	267.9825524002808	False	1.5795991247991817e-12	1.420795437102077e-12	6.897911994642636e-12	4.8094047280407494e-12
sub-8	03	02	sub-8/ses-03/run-02/tsv-row-13	13	rest	1	87.932	5.0	21983	23233	sub-8/ses-03/eeg/sub-8_ses-03_task-imagery_run-02_eeg.edf	test_exploratory	256.8479509247108	False	1.9281455773673056e-12	1.318277654465892e-12	7.476626669584316e-12	3.271466418232481e-12
sub-8	03	02	sub-8/ses-03/run-02/tsv-row-14	14	right_hand	2	94.816	5.0	23704	24954	sub-8/ses-03/eeg/sub-8_ses-03_task-imagery_run-02_eeg.edf	test_exploratory	318.6196460417493	False	1.306399479696355e-12	1.333182829663828e-12	4.880007686400738e-12	5.032380050051278e-12
sub-8	03	02	sub-8/ses-03/run-02/tsv-row-15	15	rest	1	101.692	5.0	25423	26673	sub-8/ses-03/eeg/sub-8_ses-03_task-imagery_run-02_eeg.edf	test_exploratory	299.2608088213751	False	1.1420781450534077e-12	1.392073082353261e-12	5.70028016317814e-12	3.771000823923589e-12
sub-8	03	02	sub-8/ses-03/run-02/tsv-row-16	16	right_hand	2	108.576	5.0	27144	28394	sub-8/ses-03/eeg/sub-8_ses-03_task-imagery_run-02_eeg.edf	test_exploratory	347.461697441023	False	1.417624744452106e-12	1.4304828709809774e-12	5.13515640841193e-12	3.902688092362461e-12
sub-8	03	02	sub-8/ses-03/run-02/tsv-row-17	17	right_hand	2	115.476	5.0	28869	30119	sub-8/ses-03/eeg/sub-8_ses-03_task-imagery_run-02_eeg.edf	test_exploratory	346.77498193151644	False	1.441797023371639e-12	1.4712799665244705e-12	4.814253292437543e-12	4.490189376892916e-12
sub-8	03	02	sub-8/ses-03/run-02/tsv-row-18	18	rest	1	122.368	5.0	30592	31842	sub-8/ses-03/eeg/sub-8_ses-03_task-imagery_run-02_eeg.edf	test_exploratory	304.96708769798875	False	1.7021672679946547e-12	1.524793095259925e-12	5.539182883056621e-12	5.3279589059867775e-12
sub-8	03	02	sub-8/ses-03/run-02/tsv-row-19	19	rest	1	129.256	5.0	32314	33564	sub-8/ses-03/eeg/sub-8_ses-03_task-imagery_run-02_eeg.edf	test_exploratory	252.13904457380903	False	2.1049088674649035e-12	1.6965642845823361e-12	7.246471735213282e-12	5.577393927473912e-12
sub-8	03	02	sub-8/ses-03/run-02/tsv-row-20	20	right_hand	2	136.14	5.0	34035	35285	sub-8/ses-03/eeg/sub-8_ses-03_task-imagery_run-02_eeg.edf	test_exploratory	342.2622800119022	False	1.312135963248329e-12	1.0647535918037128e-12	4.946002010090081e-12	3.84045037101979e-12
sub-8	03	02	sub-8/ses-03/run-02/tsv-row-21	21	right_hand	2	143.024	5.0	35756	37006	sub-8/ses-03/eeg/sub-8_ses-03_task-imagery_run-02_eeg.edf	test_exploratory	276.3375910992767	False	1.472836348253632e-12	1.2808955856779622e-12	5.113112712710008e-12	4.092565013622732e-12
sub-8	03	02	sub-8/ses-03/run-02/tsv-row-22	22	rest	1	149.916	5.0	37479	38729	sub-8/ses-03/eeg/sub-8_ses-03_task-imagery_run-02_eeg.edf	test_exploratory	282.3381766228218	False	1.4267285035981455e-12	1.6625329921536588e-12	5.082030175342866e-12	4.945371771867264e-12
sub-8	03	02	sub-8/ses-03/run-02/tsv-row-23	23	right_hand	2	156.8	5.0	39200	40450	sub-8/ses-03/eeg/sub-8_ses-03_task-imagery_run-02_eeg.edf	test_exploratory	303.7898611102634	False	1.3821272807338822e-12	1.2447606107759534e-12	5.594434534515753e-12	3.785991209405823e-12
sub-8	03	02	sub-8/ses-03/run-02/tsv-row-24	24	rest	1	163.688	5.0	40922	42172	sub-8/ses-03/eeg/sub-8_ses-03_task-imagery_run-02_eeg.edf	test_exploratory	267.6228442762535	False	1.254232375698899e-12	1.3974420425585212e-12	4.7087659888908336e-12	5.286703894845068e-12
sub-8	03	02	sub-8/ses-03/run-02/tsv-row-25	25	right_hand	2	170.572	5.0	42643	43893	sub-8/ses-03/eeg/sub-8_ses-03_task-imagery_run-02_eeg.edf	test_exploratory	297.38051635486926	False	1.5111342750018927e-12	1.2573333346480916e-12	5.0485327005162294e-12	4.580577194065335e-12
sub-8	03	02	sub-8/ses-03/run-02/tsv-row-26	26	rest	1	177.46	5.0	44365	45615	sub-8/ses-03/eeg/sub-8_ses-03_task-imagery_run-02_eeg.edf	test_exploratory	377.7589317056795	False	1.966784918019906e-12	2.2473431916820037e-12	6.113211066891962e-12	4.968977200206344e-12
sub-8	03	02	sub-8/ses-03/run-02/tsv-row-27	27	rest	1	184.348	5.0	46087	47337	sub-8/ses-03/eeg/sub-8_ses-03_task-imagery_run-02_eeg.edf	test_exploratory	268.68561827906126	False	1.457368989359745e-12	1.7027319973059043e-12	8.011835355956996e-12	5.533265525190806e-12
sub-8	03	02	sub-8/ses-03/run-02/tsv-row-28	28	right_hand	2	191.232	5.0	47808	49058	sub-8/ses-03/eeg/sub-8_ses-03_task-imagery_run-02_eeg.edf	test_exploratory	340.5454912381359	False	1.4880075549547582e-12	1.4588351848541052e-12	5.7924680888536895e-12	5.407318751287041e-12
sub-8	03	02	sub-8/ses-03/run-02/tsv-row-29	29	rest	1	198.124	5.0	49531	50781	sub-8/ses-03/eeg/sub-8_ses-03_task-imagery_run-02_eeg.edf	test_exploratory	344.1425724784081	False	1.8539255573249745e-12	2.500448214166435e-12	7.900688903436889e-12	6.459064188396126e-12
sub-8	03	02	sub-8/ses-03/run-02/tsv-row-30	30	right_hand	2	205.024	5.0	51256	52506	sub-8/ses-03/eeg/sub-8_ses-03_task-imagery_run-02_eeg.edf	test_exploratory	296.1215379207739	False	1.1954574163055902e-12	1.4511784384107325e-12	4.203995786463734e-12	4.37850333449394e-12
sub-8	03	02	sub-8/ses-03/run-02/tsv-row-31	31	rest	1	211.896	5.0	52974	54224	sub-8/ses-03/eeg/sub-8_ses-03_task-imagery_run-02_eeg.edf	test_exploratory	313.55103156682026	False	1.5957790056391834e-12	4.814060928498283e-12	6.583916817152336e-12	1.0623093034738304e-11
sub-8	03	02	sub-8/ses-03/run-02/tsv-row-32	32	right_hand	2	218.78	5.0	54695	55945	sub-8/ses-03/eeg/sub-8_ses-03_task-imagery_run-02_eeg.edf	test_exploratory	319.1428578585162	False	1.6062426864103278e-12	1.1363125145670741e-12	7.11519524587681e-12	4.446618117018084e-12
sub-8	03	03	sub-8/ses-03/run-03/tsv-row-1	1	right_hand	2	6.812	5.0	1703	2953	sub-8/ses-03/eeg/sub-8_ses-03_task-imagery_run-03_eeg.edf	test_exploratory	353.37381259804073	False	1.766626502734838e-12	1.428840538757183e-12	9.059787359925284e-12	4.773332751541264e-12
sub-8	03	03	sub-8/ses-03/run-03/tsv-row-2	2	rest	1	12.592	5.0	3148	4398	sub-8/ses-03/eeg/sub-8_ses-03_task-imagery_run-03_eeg.edf	test_exploratory	326.42707204504535	False	1.1097349492828473e-12	1.3040596988516607e-12	4.2087684931459265e-12	4.896882458432088e-12
sub-8	03	03	sub-8/ses-03/run-03/tsv-row-3	3	rest	1	19.524	5.0	4881	6131	sub-8/ses-03/eeg/sub-8_ses-03_task-imagery_run-03_eeg.edf	test_exploratory	252.01123886227003	False	1.6513553822875843e-12	1.300271387515167e-12	7.0570618700832575e-12	4.5309901664294096e-12
sub-8	03	03	sub-8/ses-03/run-03/tsv-row-4	4	right_hand	2	26.408	5.0	6602	7852	sub-8/ses-03/eeg/sub-8_ses-03_task-imagery_run-03_eeg.edf	test_exploratory	285.1714662495805	False	1.105986032490229e-12	1.4583888248878414e-12	4.489487988956538e-12	4.6775330588765886e-12
sub-8	03	03	sub-8/ses-03/run-03/tsv-row-5	5	right_hand	2	33.296	5.0	8324	9574	sub-8/ses-03/eeg/sub-8_ses-03_task-imagery_run-03_eeg.edf	test_exploratory	316.4335788598285	False	1.1771569417798925e-12	1.6477958628989431e-12	3.6467254156617205e-12	4.425178942103877e-12
sub-8	03	03	sub-8/ses-03/run-03/tsv-row-6	6	rest	1	40.168	5.0	10042	11292	sub-8/ses-03/eeg/sub-8_ses-03_task-imagery_run-03_eeg.edf	test_exploratory	277.91969440900914	False	1.4903623149744014e-12	1.6795464778857957e-12	5.009025296672572e-12	4.772067475508632e-12
sub-8	03	03	sub-8/ses-03/run-03/tsv-row-7	7	right_hand	2	47.068	5.0	11767	13017	sub-8/ses-03/eeg/sub-8_ses-03_task-imagery_run-03_eeg.edf	test_exploratory	270.0352176427504	False	1.208304262087465e-12	1.2539542859401548e-12	5.6635186039626524e-12	4.4461136495782134e-12
sub-8	03	03	sub-8/ses-03/run-03/tsv-row-8	8	rest	1	53.96	5.0	13490	14740	sub-8/ses-03/eeg/sub-8_ses-03_task-imagery_run-03_eeg.edf	test_exploratory	367.0986425244912	False	2.120928762684184e-12	1.978356870625917e-12	8.691247882686254e-12	5.000641517767235e-12
sub-8	03	03	sub-8/ses-03/run-03/tsv-row-9	9	rest	1	60.844	5.0	15211	16461	sub-8/ses-03/eeg/sub-8_ses-03_task-imagery_run-03_eeg.edf	test_exploratory	261.01511665089873	False	1.7468263582471004e-12	1.418555120518729e-12	6.479242558186918e-12	4.4938671947254385e-12
sub-8	03	03	sub-8/ses-03/run-03/tsv-row-10	10	right_hand	2	67.728	5.0	16932	18182	sub-8/ses-03/eeg/sub-8_ses-03_task-imagery_run-03_eeg.edf	test_exploratory	290.84958737754454	False	1.1817511928643916e-12	1.500645716415042e-12	4.622347990307643e-12	4.925108971270722e-12
sub-8	03	03	sub-8/ses-03/run-03/tsv-row-11	11	right_hand	2	74.632	5.0	18658	19908	sub-8/ses-03/eeg/sub-8_ses-03_task-imagery_run-03_eeg.edf	test_exploratory	274.65883056123545	False	1.3252137412551062e-12	1.0169554502593544e-12	4.4203480468148295e-12	3.964306568378807e-12
sub-8	03	03	sub-8/ses-03/run-03/tsv-row-12	12	rest	1	81.504	5.0	20376	21626	sub-8/ses-03/eeg/sub-8_ses-03_task-imagery_run-03_eeg.edf	test_exploratory	327.8871603350933	False	1.320668164829936e-12	1.2715406899373552e-12	4.469739899811074e-12	4.045860519531863e-12
sub-8	03	03	sub-8/ses-03/run-03/tsv-row-13	13	right_hand	2	88.404	5.0	22101	23351	sub-8/ses-03/eeg/sub-8_ses-03_task-imagery_run-03_eeg.edf	test_exploratory	339.90855392315444	False	1.5669957487184927e-12	1.7294577081786492e-12	6.496447209658068e-12	5.878988734380487e-12
sub-8	03	03	sub-8/ses-03/run-03/tsv-row-14	14	rest	1	95.28	5.0	23820	25070	sub-8/ses-03/eeg/sub-8_ses-03_task-imagery_run-03_eeg.edf	test_exploratory	278.77952417981516	False	1.6796247876025326e-12	1.5279915794532027e-12	7.702430809433755e-12	4.808849178274332e-12
sub-8	03	03	sub-8/ses-03/run-03/tsv-row-15	15	rest	1	102.184	5.0	25546	26796	sub-8/ses-03/eeg/sub-8_ses-03_task-imagery_run-03_eeg.edf	test_exploratory	237.99439127781005	False	1.7846814285543931e-12	1.5526791859239072e-12	8.810236264989222e-12	4.8739516757761054e-12
sub-8	03	03	sub-8/ses-03/run-03/tsv-row-16	16	right_hand	2	109.068	5.0	27267	28517	sub-8/ses-03/eeg/sub-8_ses-03_task-imagery_run-03_eeg.edf	test_exploratory	298.4420464857937	False	1.4088779091021668e-12	1.500928917808577e-12	4.989612791063138e-12	4.887668258396105e-12
sub-8	03	03	sub-8/ses-03/run-03/tsv-row-17	17	rest	1	115.956	5.0	28989	30239	sub-8/ses-03/eeg/sub-8_ses-03_task-imagery_run-03_eeg.edf	test_exploratory	345.18109497054974	False	1.923795132264853e-12	1.7005242501213291e-12	7.293139106974127e-12	4.702979693151328e-12
sub-8	03	03	sub-8/ses-03/run-03/tsv-row-18	18	right_hand	2	122.824	5.0	30706	31956	sub-8/ses-03/eeg/sub-8_ses-03_task-imagery_run-03_eeg.edf	test_exploratory	282.05661123081154	False	2.0323861182671397e-12	1.1610130266796444e-12	6.6210545487210085e-12	4.833968951903259e-12
sub-8	03	03	sub-8/ses-03/run-03/tsv-row-19	19	right_hand	2	129.728	5.0	32432	33682	sub-8/ses-03/eeg/sub-8_ses-03_task-imagery_run-03_eeg.edf	test_exploratory	275.27531228370015	False	1.0540373650124627e-12	1.1883401588183757e-12	4.007426433269521e-12	3.4043728102193382e-12
sub-8	03	03	sub-8/ses-03/run-03/tsv-row-20	20	rest	1	136.616	5.0	34154	35404	sub-8/ses-03/eeg/sub-8_ses-03_task-imagery_run-03_eeg.edf	test_exploratory	307.0241209906309	False	1.3763872448732648e-12	2.060533721967894e-12	4.7873994763506366e-12	5.021895277569512e-12
sub-8	03	03	sub-8/ses-03/run-03/tsv-row-21	21	right_hand	2	143.5	5.0	35875	37125	sub-8/ses-03/eeg/sub-8_ses-03_task-imagery_run-03_eeg.edf	test_exploratory	310.54455608996864	False	1.1550664726365877e-12	1.4518977187942766e-12	7.274514545554031e-12	5.2493817719428194e-12
sub-8	03	03	sub-8/ses-03/run-03/tsv-row-22	22	rest	1	150.372	5.0	37593	38843	sub-8/ses-03/eeg/sub-8_ses-03_task-imagery_run-03_eeg.edf	test_exploratory	346.81963849604796	False	1.8698683804690584e-12	1.7420881422551326e-12	7.421051630988942e-12	5.213400493775888e-12
sub-8	03	03	sub-8/ses-03/run-03/tsv-row-23	23	rest	1	157.276	5.0	39319	40569	sub-8/ses-03/eeg/sub-8_ses-03_task-imagery_run-03_eeg.edf	test_exploratory	227.7575500442519	False	1.7372801702314935e-12	1.7494306051964872e-12	7.680308324714481e-12	5.0427803042074076e-12
sub-8	03	03	sub-8/ses-03/run-03/tsv-row-24	24	right_hand	2	164.16	5.0	41040	42290	sub-8/ses-03/eeg/sub-8_ses-03_task-imagery_run-03_eeg.edf	test_exploratory	299.2532066469314	False	1.591446161243232e-12	1.2461253047255768e-12	6.049597512777684e-12	3.355386229038183e-12
sub-8	03	03	sub-8/ses-03/run-03/tsv-row-25	25	right_hand	2	171.048	5.0	42762	44012	sub-8/ses-03/eeg/sub-8_ses-03_task-imagery_run-03_eeg.edf	test_exploratory	301.4271158787805	False	1.392709810437772e-12	1.3996765039080388e-12	5.958676559182053e-12	4.973147749345098e-12
sub-8	03	03	sub-8/ses-03/run-03/tsv-row-26	26	rest	1	177.936	5.0	44484	45734	sub-8/ses-03/eeg/sub-8_ses-03_task-imagery_run-03_eeg.edf	test_exploratory	367.82868666951515	False	2.6641385963507118e-12	5.213131039264003e-12	8.277369982429764e-12	1.0287978926392216e-11
sub-8	03	03	sub-8/ses-03/run-03/tsv-row-27	27	right_hand	2	184.82	5.0	46205	47455	sub-8/ses-03/eeg/sub-8_ses-03_task-imagery_run-03_eeg.edf	test_exploratory	292.13122043214213	False	1.6290417995174117e-12	1.2839825635089647e-12	8.774229520249103e-12	4.100874317636087e-12
sub-8	03	03	sub-8/ses-03/run-03/tsv-row-28	28	rest	1	191.712	5.0	47928	49178	sub-8/ses-03/eeg/sub-8_ses-03_task-imagery_run-03_eeg.edf	test_exploratory	336.2583331980347	False	1.7058037383470436e-12	2.3957449707527047e-12	7.408000590818151e-12	5.585553495717054e-12
sub-8	03	03	sub-8/ses-03/run-03/tsv-row-29	29	rest	1	198.616	5.0	49654	50904	sub-8/ses-03/eeg/sub-8_ses-03_task-imagery_run-03_eeg.edf	test_exploratory	241.02813028046518	False	3.1452669974482042e-12	2.15910230164224e-12	1.24387692111804e-11	4.946621782573103e-12
sub-8	03	03	sub-8/ses-03/run-03/tsv-row-30	30	right_hand	2	205.48	5.0	51370	52620	sub-8/ses-03/eeg/sub-8_ses-03_task-imagery_run-03_eeg.edf	test_exploratory	138.20546825464652	False	1.3904709597058806e-12	1.1989659793784374e-12	6.588136653485534e-12	3.751775129031931e-12
sub-8	03	03	sub-8/ses-03/run-03/tsv-row-31	31	rest	1	212.372	5.0	53093	54343	sub-8/ses-03/eeg/sub-8_ses-03_task-imagery_run-03_eeg.edf	test_exploratory	335.52828905301067	False	2.0026860742534662e-12	4.170044888465922e-12	5.804031402865533e-12	8.557172831480309e-12
sub-8	03	03	sub-8/ses-03/run-03/tsv-row-32	32	right_hand	2	219.272	5.0	54818	56068	sub-8/ses-03/eeg/sub-8_ses-03_task-imagery_run-03_eeg.edf	test_exploratory	322.22526241035195	False	1.3889406255722429e-12	1.4500854410585966e-12	6.299099749230984e-12	4.1176819000507906e-12
sub-8	03	04	sub-8/ses-03/run-04/tsv-row-1	1	right_hand	2	7.108	5.0	1777	3027	sub-8/ses-03/eeg/sub-8_ses-03_task-imagery_run-04_eeg.edf	test_exploratory	351.64318970305493	False	8.843366699613465e-13	1.2616837702643622e-12	2.6667668137091395e-12	3.989207548336521e-12
sub-8	03	04	sub-8/ses-03/run-04/tsv-row-2	2	rest	1	14.0	5.0	3500	4750	sub-8/ses-03/eeg/sub-8_ses-03_task-imagery_run-04_eeg.edf	test_exploratory	264.3255321207312	False	1.661860942179175e-12	1.4947193773272783e-12	6.9465220643077234e-12	5.512263692137625e-12
sub-8	03	04	sub-8/ses-03/run-04/tsv-row-3	3	rest	1	20.888	5.0	5222	6472	sub-8/ses-03/eeg/sub-8_ses-03_task-imagery_run-04_eeg.edf	test_exploratory	303.5941919919431	False	1.819333623418956e-12	1.8275052937268422e-12	8.018156129149865e-12	5.771715062825748e-12
sub-8	03	04	sub-8/ses-03/run-04/tsv-row-4	4	right_hand	2	27.772	5.0	6943	8193	sub-8/ses-03/eeg/sub-8_ses-03_task-imagery_run-04_eeg.edf	test_exploratory	301.0161353495895	False	8.390956808132351e-13	1.5827993780248684e-12	3.511881406203722e-12	4.606913320644599e-12
sub-8	03	04	sub-8/ses-03/run-04/tsv-row-5	5	right_hand	2	34.676	5.0	8669	9919	sub-8/ses-03/eeg/sub-8_ses-03_task-imagery_run-04_eeg.edf	test_exploratory	287.86431015961176	False	1.5182983471992211e-12	1.5591740202683956e-12	5.990902114103363e-12	3.917948899742899e-12
sub-8	03	04	sub-8/ses-03/run-04/tsv-row-6	6	rest	1	41.564	5.0	10391	11641	sub-8/ses-03/eeg/sub-8_ses-03_task-imagery_run-04_eeg.edf	test_exploratory	328.1044116641743	False	9.314555820052078e-13	2.05004391722418e-12	2.7130776975257924e-12	6.3528001177932215e-12
sub-8	03	04	sub-8/ses-03/run-04/tsv-row-7	7	right_hand	2	48.432	5.0	12108	13358	sub-8/ses-03/eeg/sub-8_ses-03_task-imagery_run-04_eeg.edf	test_exploratory	282.8576494338817	False	1.1547389890300876e-12	1.3135369955137207e-12	3.4646268743345616e-12	3.869329070942178e-12
sub-8	03	04	sub-8/ses-03/run-04/tsv-row-8	8	rest	1	55.32	5.0	13830	15080	sub-8/ses-03/eeg/sub-8_ses-03_task-imagery_run-04_eeg.edf	test_exploratory	279.58837470625934	False	1.9358620349870852e-12	1.4844918141746792e-12	6.380809392597826e-12	3.6016652290478394e-12
sub-8	03	04	sub-8/ses-03/run-04/tsv-row-9	9	rest	1	62.224	5.0	15556	16806	sub-8/ses-03/eeg/sub-8_ses-03_task-imagery_run-04_eeg.edf	test_exploratory	249.73522605059964	False	1.5629605362212336e-12	1.5102253208966236e-12	4.326261557732296e-12	4.0480502857612034e-12
sub-8	03	04	sub-8/ses-03/run-04/tsv-row-10	10	right_hand	2	69.108	5.0	17277	18527	sub-8/ses-03/eeg/sub-8_ses-03_task-imagery_run-04_eeg.edf	test_exploratory	304.0985943784906	False	1.474364307363733e-12	1.3743449609549668e-12	4.519528976850384e-12	4.023923987141157e-12
sub-8	03	04	sub-8/ses-03/run-04/tsv-row-11	11	rest	1	75.984	5.0	18996	20246	sub-8/ses-03/eeg/sub-8_ses-03_task-imagery_run-04_eeg.edf	test_exploratory	258.23534034241766	False	1.209210857880756e-12	1.3515006292411523e-12	4.369222988094479e-12	4.07676122709773e-12
sub-8	03	04	sub-8/ses-03/run-04/tsv-row-12	12	right_hand	2	82.864	5.0	20716	21966	sub-8/ses-03/eeg/sub-8_ses-03_task-imagery_run-04_eeg.edf	test_exploratory	285.99615317239903	False	1.3958825591854594e-12	1.202856505683462e-12	6.36228418047427e-12	3.842152978754747e-12
sub-8	03	04	sub-8/ses-03/run-04/tsv-row-13	13	rest	1	89.772	5.0	22443	23693	sub-8/ses-03/eeg/sub-8_ses-03_task-imagery_run-04_eeg.edf	test_exploratory	281.6807105319376	False	1.4803934292172508e-12	1.337679689136878e-12	5.357643489950737e-12	4.222612000462257e-12
sub-8	03	04	sub-8/ses-03/run-04/tsv-row-14	14	right_hand	2	96.656	5.0	24164	25414	sub-8/ses-03/eeg/sub-8_ses-03_task-imagery_run-04_eeg.edf	test_exploratory	160.3812773522141	False	1.7037680857249932e-12	2.0038396977808936e-12	6.2245636702287746e-12	5.234587318387464e-12
sub-8	03	04	sub-8/ses-03/run-04/tsv-row-15	15	rest	1	103.528	5.0	25882	27132	sub-8/ses-03/eeg/sub-8_ses-03_task-imagery_run-04_eeg.edf	test_exploratory	390.2393130588702	False	1.669153143146054e-12	3.512719849676828e-12	8.251555856814956e-12	7.059999478588788e-12
sub-8	03	04	sub-8/ses-03/run-04/tsv-row-16	16	right_hand	2	110.428	5.0	27607	28857	sub-8/ses-03/eeg/sub-8_ses-03_task-imagery_run-04_eeg.edf	test_exploratory	138.54252217169716	False	1.6042231441262264e-12	1.2693360432263638e-12	5.35680854465204e-12	3.854359912297411e-12
sub-8	03	04	sub-8/ses-03/run-04/tsv-row-17	17	right_hand	2	117.316	5.0	29329	30579	sub-8/ses-03/eeg/sub-8_ses-03_task-imagery_run-04_eeg.edf	test_exploratory	221.9744132206183	False	1.4893815206358247e-12	1.6687304688128566e-12	5.669632482894587e-12	6.594682571584059e-12
sub-8	03	04	sub-8/ses-03/run-04/tsv-row-18	18	rest	1	124.208	5.0	31052	32302	sub-8/ses-03/eeg/sub-8_ses-03_task-imagery_run-04_eeg.edf	test_exploratory	325.26481304361096	False	1.6141583295215723e-12	2.3868501201720547e-12	5.0630744237492834e-12	6.045665814096149e-12
sub-8	03	04	sub-8/ses-03/run-04/tsv-row-19	19	right_hand	2	131.092	5.0	32773	34023	sub-8/ses-03/eeg/sub-8_ses-03_task-imagery_run-04_eeg.edf	test_exploratory	123.84012668233282	False	1.756529524874127e-12	1.4553945844209986e-12	6.9896712703345e-12	4.171755779018297e-12
sub-8	03	04	sub-8/ses-03/run-04/tsv-row-20	20	rest	1	137.98	5.0	34495	35745	sub-8/ses-03/eeg/sub-8_ses-03_task-imagery_run-04_eeg.edf	test_exploratory	264.62443723868523	False	1.4136622038820335e-12	1.832805943790865e-12	5.754525951341577e-12	5.145757615957901e-12
sub-8	03	04	sub-8/ses-03/run-04/tsv-row-21	21	right_hand	2	144.864	5.0	36216	37466	sub-8/ses-03/eeg/sub-8_ses-03_task-imagery_run-04_eeg.edf	test_exploratory	246.50331446272162	False	1.689592471043911e-12	1.5784072946172183e-12	6.012081665892811e-12	4.067187759096888e-12
sub-8	03	04	sub-8/ses-03/run-04/tsv-row-22	22	rest	1	151.772	5.0	37943	39193	sub-8/ses-03/eeg/sub-8_ses-03_task-imagery_run-04_eeg.edf	test_exploratory	257.3386249885555	False	1.4324198231367041e-12	1.2450217915641093e-12	6.245484209466128e-12	3.74598651857267e-12
sub-8	03	04	sub-8/ses-03/run-04/tsv-row-23	23	rest	1	158.64	5.0	39660	40910	sub-8/ses-03/eeg/sub-8_ses-03_task-imagery_run-04_eeg.edf	test_exploratory	243.98130252998442	False	1.6197312305092605e-12	1.2418048018929438e-12	6.807741708106111e-12	3.5645405038698764e-12
sub-8	03	04	sub-8/ses-03/run-04/tsv-row-24	24	right_hand	2	165.524	5.0	41381	42631	sub-8/ses-03/eeg/sub-8_ses-03_task-imagery_run-04_eeg.edf	test_exploratory	115.54550965910825	False	1.2140901296286466e-12	1.4259737221279362e-12	5.040763758130323e-12	4.5835124861717805e-12
sub-8	03	04	sub-8/ses-03/run-04/tsv-row-25	25	rest	1	172.432	5.0	43108	44358	sub-8/ses-03/eeg/sub-8_ses-03_task-imagery_run-04_eeg.edf	test_exploratory	265.8200577105014	False	1.1248025639642544e-12	2.461971039244215e-12	3.697920176879589e-12	5.836834595186795e-12
sub-8	03	04	sub-8/ses-03/run-04/tsv-row-26	26	right_hand	2	179.316	5.0	44829	46079	sub-8/ses-03/eeg/sub-8_ses-03_task-imagery_run-04_eeg.edf	test_exploratory	325.4703103122043	False	1.2820885101646553e-12	1.6571358801832712e-12	4.568023104412479e-12	4.7772676684557555e-12
sub-8	03	04	sub-8/ses-03/run-04/tsv-row-27	27	rest	1	186.188	5.0	46547	47797	sub-8/ses-03/eeg/sub-8_ses-03_task-imagery_run-04_eeg.edf	test_exploratory	283.3620518204291	False	1.6737771795260845e-12	3.893115369857552e-12	6.7215459257908164e-12	9.055804882309475e-12
sub-8	03	04	sub-8/ses-03/run-04/tsv-row-28	28	right_hand	2	193.088	5.0	48272	49522	sub-8/ses-03/eeg/sub-8_ses-03_task-imagery_run-04_eeg.edf	test_exploratory	262.21451472518083	False	1.5084414718448296e-12	1.3470374949853004e-12	6.205167788777085e-12	3.947755125132804e-12
sub-8	03	04	sub-8/ses-03/run-04/tsv-row-29	29	right_hand	2	199.976	5.0	49994	51244	sub-8/ses-03/eeg/sub-8_ses-03_task-imagery_run-04_eeg.edf	test_exploratory	102.54313702810755	False	1.692439209529807e-12	1.5107916007992477e-12	7.110286221118062e-12	4.172217614411065e-12
sub-8	03	04	sub-8/ses-03/run-04/tsv-row-30	30	rest	1	206.864	5.0	51716	52966	sub-8/ses-03/eeg/sub-8_ses-03_task-imagery_run-04_eeg.edf	test_exploratory	319.7724315012055	False	1.4536480075921127e-12	1.7421569917035602e-12	5.5277591650897944e-12	7.311403550875892e-12
sub-8	03	04	sub-8/ses-03/run-04/tsv-row-31	31	rest	1	213.752	5.0	53438	54688	sub-8/ses-03/eeg/sub-8_ses-03_task-imagery_run-04_eeg.edf	test_exploratory	265.1848843348491	False	1.9307745975990857e-12	1.951177098809679e-12	8.341409234716607e-12	5.404124707461296e-12
sub-8	03	04	sub-8/ses-03/run-04/tsv-row-32	32	right_hand	2	220.636	5.0	55159	56409	sub-8/ses-03/eeg/sub-8_ses-03_task-imagery_run-04_eeg.edf	test_exploratory	289.5269698782311	False	1.5521986492789166e-12	1.4078585238329945e-12	7.462962601830643e-12	5.272130139333607e-12
sub-8	03	05	sub-8/ses-03/run-05/tsv-row-1	1	rest	1	5.852	5.0	1463	2713	sub-8/ses-03/eeg/sub-8_ses-03_task-imagery_run-05_eeg.edf	test_exploratory	272.84761278115184	False	1.4419572048545274e-12	1.333731709169567e-12	5.150751243943625e-12	5.616454763085112e-12
sub-8	03	05	sub-8/ses-03/run-05/tsv-row-2	2	right_hand	2	12.736	5.0	3184	4434	sub-8/ses-03/eeg/sub-8_ses-03_task-imagery_run-05_eeg.edf	test_exploratory	277.46701449629194	False	1.107762530668399e-12	1.5152661057799328e-12	3.826220375998805e-12	5.198183978064062e-12
sub-8	03	05	sub-8/ses-03/run-05/tsv-row-3	3	rest	1	19.628	5.0	4907	6157	sub-8/ses-03/eeg/sub-8_ses-03_task-imagery_run-05_eeg.edf	test_exploratory	308.06108487197486	False	1.1655064965066743e-12	1.3131264903814254e-12	3.697108974655734e-12	4.052519439484588e-12
sub-8	03	05	sub-8/ses-03/run-05/tsv-row-4	4	right_hand	2	26.512	5.0	6628	7878	sub-8/ses-03/eeg/sub-8_ses-03_task-imagery_run-05_eeg.edf	test_exploratory	332.52119559312723	False	1.4782479066722503e-12	1.2072088576308415e-12	5.299048552409244e-12	4.049274964648153e-12
sub-8	03	05	sub-8/ses-03/run-05/tsv-row-5	5	right_hand	2	33.412	5.0	8353	9603	sub-8/ses-03/eeg/sub-8_ses-03_task-imagery_run-05_eeg.edf	test_exploratory	149.2596849269082	False	1.115413316810086e-12	1.3440778262305348e-12	5.290772668749273e-12	4.695017756336978e-12
sub-8	03	05	sub-8/ses-03/run-05/tsv-row-6	6	right_hand	2	47.188	5.0	11797	13047	sub-8/ses-03/eeg/sub-8_ses-03_task-imagery_run-05_eeg.edf	test_exploratory	141.989806817835	False	1.56215698558118e-12	1.1997513978298034e-12	5.609780351701267e-12	4.257149152248507e-12
sub-8	03	05	sub-8/ses-03/run-05/tsv-row-7	7	rest	1	54.06	5.0	13515	14765	sub-8/ses-03/eeg/sub-8_ses-03_task-imagery_run-05_eeg.edf	test_exploratory	257.7020333872494	False	1.3612592925753504e-12	1.079920410451499e-12	4.614752826584522e-12	3.8130532585178585e-12
sub-8	03	05	sub-8/ses-03/run-05/tsv-row-8	8	rest	1	60.964	5.0	15241	16491	sub-8/ses-03/eeg/sub-8_ses-03_task-imagery_run-05_eeg.edf	test_exploratory	286.2514505447554	False	2.017675240382401e-12	1.2015126998159858e-12	8.655180517540511e-12	4.171863529104603e-12
sub-8	03	05	sub-8/ses-03/run-05/tsv-row-9	9	right_hand	2	67.848	5.0	16962	18212	sub-8/ses-03/eeg/sub-8_ses-03_task-imagery_run-05_eeg.edf	test_exploratory	264.7447278054141	False	1.3539201960567273e-12	1.1416080274734735e-12	6.128514571371641e-12	4.5257233338055615e-12
sub-8	03	05	sub-8/ses-03/run-05/tsv-row-10	10	right_hand	2	74.736	5.0	18684	19934	sub-8/ses-03/eeg/sub-8_ses-03_task-imagery_run-05_eeg.edf	test_exploratory	79.74147550889616	False	1.0365452460599646e-12	1.4351331019910136e-12	3.758351983019549e-12	4.562375414521455e-12
sub-8	03	05	sub-8/ses-03/run-05/tsv-row-11	11	rest	1	81.608	5.0	20402	21652	sub-8/ses-03/eeg/sub-8_ses-03_task-imagery_run-05_eeg.edf	test_exploratory	282.5407835932493	False	1.783591506832183e-12	1.5996887313289902e-12	7.145503738274113e-12	5.284959426670454e-12
sub-8	03	05	sub-8/ses-03/run-05/tsv-row-12	12	right_hand	2	88.508	5.0	22127	23377	sub-8/ses-03/eeg/sub-8_ses-03_task-imagery_run-05_eeg.edf	test_exploratory	129.72188750877407	False	1.7915268950536243e-12	1.5173227697833184e-12	7.29681293927729e-12	5.5860583954901536e-12
sub-8	03	05	sub-8/ses-03/run-05/tsv-row-13	13	rest	1	95.396	5.0	23849	25099	sub-8/ses-03/eeg/sub-8_ses-03_task-imagery_run-05_eeg.edf	test_exploratory	281.5563209326457	False	1.2215479278692175e-12	1.5927797473706175e-12	4.474161618283304e-12	4.362511014368301e-12
sub-8	03	05	sub-8/ses-03/run-05/tsv-row-14	14	right_hand	2	102.28	5.0	25570	26820	sub-8/ses-03/eeg/sub-8_ses-03_task-imagery_run-05_eeg.edf	test_exploratory	155.99946775719476	False	1.5434034405267535e-12	1.7113412688971055e-12	5.813624488120916e-12	5.0462403169556515e-12
sub-8	03	05	sub-8/ses-03/run-05/tsv-row-15	15	rest	1	109.172	5.0	27293	28543	sub-8/ses-03/eeg/sub-8_ses-03_task-imagery_run-05_eeg.edf	test_exploratory	276.2553681447798	False	1.6718112204831104e-12	1.52331663313976e-12	7.509094570259653e-12	5.282371497955329e-12
sub-8	03	05	sub-8/ses-03/run-05/tsv-row-16	16	right_hand	2	116.056	5.0	29014	30264	sub-8/ses-03/eeg/sub-8_ses-03_task-imagery_run-05_eeg.edf	test_exploratory	345.24348228400527	False	1.861589145140369e-12	1.2733321707775136e-12	8.655395807724354e-12	5.203014417209213e-12
sub-8	03	05	sub-8/ses-03/run-05/tsv-row-17	17	rest	1	122.944	5.0	30736	31986	sub-8/ses-03/eeg/sub-8_ses-03_task-imagery_run-05_eeg.edf	test_exploratory	272.1660617084261	False	3.441464595655205e-12	1.5673883526799807e-12	1.4187231854946223e-11	4.408661752635796e-12
sub-8	03	05	sub-8/ses-03/run-05/tsv-row-18	18	right_hand	2	129.844	5.0	32461	33711	sub-8/ses-03/eeg/sub-8_ses-03_task-imagery_run-05_eeg.edf	test_exploratory	140.6267046723838	False	2.222428309551728e-12	2.0017129966694486e-12	9.134855384967231e-12	6.070330839925183e-12
sub-8	03	05	sub-8/ses-03/run-05/tsv-row-19	19	rest	1	136.72	5.0	34180	35430	sub-8/ses-03/eeg/sub-8_ses-03_task-imagery_run-05_eeg.edf	test_exploratory	288.82619904171884	False	1.7079260858440365e-12	1.8339600394428853e-12	6.161674009823116e-12	5.239392880122725e-12
sub-8	03	05	sub-8/ses-03/run-05/tsv-row-20	20	right_hand	2	143.604	5.0	35901	37151	sub-8/ses-03/eeg/sub-8_ses-03_task-imagery_run-05_eeg.edf	test_exploratory	129.49470381786554	False	2.1551924901304986e-12	1.2239625232809765e-12	1.0358879831824567e-11	4.6894610238724424e-12
sub-8	03	05	sub-8/ses-03/run-05/tsv-row-21	21	rest	1	150.508	5.0	37627	38877	sub-8/ses-03/eeg/sub-8_ses-03_task-imagery_run-05_eeg.edf	test_exploratory	3071.2963173924986	True	2.1795356568226274e-12	2.839931353533476e-12	4.518943170515442e-12	8.287903077400593e-12
sub-8	03	05	sub-8/ses-03/run-05/tsv-row-22	22	right_hand	2	157.392	5.0	39348	40598	sub-8/ses-03/eeg/sub-8_ses-03_task-imagery_run-05_eeg.edf	test_exploratory	1171.4348382213814	False	1.0402797001457556e-12	1.3647171320750632e-12	4.169000076486812e-12	4.379786998783723e-12
sub-8	03	05	sub-8/ses-03/run-05/tsv-row-23	23	rest	1	164.264	5.0	41066	42316	sub-8/ses-03/eeg/sub-8_ses-03_task-imagery_run-05_eeg.edf	test_exploratory	2220.569122837001	False	1.7018606829653397e-12	2.416087982555152e-12	4.923938078766399e-12	5.448008842040125e-12
sub-8	03	05	sub-8/ses-03/run-05/tsv-row-24	24	right_hand	2	171.148	5.0	42787	44037	sub-8/ses-03/eeg/sub-8_ses-03_task-imagery_run-05_eeg.edf	test_exploratory	167.43438019959103	False	1.2394720388719466e-12	1.4793741034833043e-12	4.316626893963046e-12	4.6633128557974806e-12
sub-8	03	05	sub-8/ses-03/run-05/tsv-row-25	25	rest	1	178.056	5.0	44514	45764	sub-8/ses-03/eeg/sub-8_ses-03_task-imagery_run-05_eeg.edf	test_exploratory	244.44965141758473	False	1.7672705852455836e-12	2.3417195938937604e-12	6.868267819267283e-12	6.486206547395262e-12
sub-8	03	05	sub-8/ses-03/run-05/tsv-row-26	26	rest	1	184.944	5.0	46236	47486	sub-8/ses-03/eeg/sub-8_ses-03_task-imagery_run-05_eeg.edf	test_exploratory	233.46910635700556	False	1.5229174370712162e-12	1.7610250550209138e-12	6.384823530392827e-12	4.792097617605934e-12
sub-8	03	05	sub-8/ses-03/run-05/tsv-row-27	27	right_hand	2	191.808	5.0	47952	49202	sub-8/ses-03/eeg/sub-8_ses-03_task-imagery_run-05_eeg.edf	test_exploratory	263.38162565996276	False	1.6105346208935625e-12	1.4794860797808957e-12	5.195602046312061e-12	4.918861032661058e-12
sub-8	03	05	sub-8/ses-03/run-05/tsv-row-28	28	rest	1	198.716	5.0	49679	50929	sub-8/ses-03/eeg/sub-8_ses-03_task-imagery_run-05_eeg.edf	test_exploratory	257.5505775933104	False	1.7231240979193471e-12	2.169480119426707e-12	8.176985038845239e-12	7.058997603550631e-12
sub-8	03	05	sub-8/ses-03/run-05/tsv-row-29	29	right_hand	2	205.6	5.0	51400	52650	sub-8/ses-03/eeg/sub-8_ses-03_task-imagery_run-05_eeg.edf	test_exploratory	286.32717844172487	False	1.3936902647726028e-12	1.6355062275611396e-12	6.6622511060966475e-12	5.646226356193697e-12
sub-8	03	05	sub-8/ses-03/run-05/tsv-row-30	30	rest	1	212.488	5.0	53122	54372	sub-8/ses-03/eeg/sub-8_ses-03_task-imagery_run-05_eeg.edf	test_exploratory	275.7252728659933	False	1.5477431885763195e-12	1.6492909482564152e-12	7.410064154659759e-12	5.9771897690572515e-12
sub-8	03	05	sub-8/ses-03/run-05/tsv-row-31	31	right_hand	2	219.372	5.0	54843	56093	sub-8/ses-03/eeg/sub-8_ses-03_task-imagery_run-05_eeg.edf	test_exploratory	889.1969662160101	False	2.6120739877334286e-12	1.0836100945042856e-12	1.2338887490915701e-11	3.5528508928300355e-12
sub-8	03	06	sub-8/ses-03/run-06/tsv-row-1	1	right_hand	2	5.932	5.0	1483	2733	sub-8/ses-03/eeg/sub-8_ses-03_task-imagery_run-06_eeg.edf	test_exploratory	344.55589393292036	False	9.91533523351357e-13	1.4970135958847954e-12	4.006230578207443e-12	4.590586239401264e-12
sub-8	03	06	sub-8/ses-03/run-06/tsv-row-2	2	rest	1	12.824	5.0	3206	4456	sub-8/ses-03/eeg/sub-8_ses-03_task-imagery_run-06_eeg.edf	test_exploratory	336.63279203161716	False	1.3174254288001747e-12	1.703496379503463e-12	4.000276629162932e-12	5.018953243755822e-12
sub-8	03	06	sub-8/ses-03/run-06/tsv-row-3	3	rest	1	19.712	5.0	4928	6178	sub-8/ses-03/eeg/sub-8_ses-03_task-imagery_run-06_eeg.edf	test_exploratory	288.4504285943175	False	1.5877633749207464e-12	1.3603920875643614e-12	6.858978183679744e-12	3.5328494171353904e-12
sub-8	03	06	sub-8/ses-03/run-06/tsv-row-4	4	right_hand	2	26.596	5.0	6649	7899	sub-8/ses-03/eeg/sub-8_ses-03_task-imagery_run-06_eeg.edf	test_exploratory	332.5226829203162	False	1.3979939069893105e-12	1.2508536624208875e-12	5.9817944527049834e-12	3.7697493117280625e-12
sub-8	03	06	sub-8/ses-03/run-06/tsv-row-5	5	right_hand	2	33.5	5.0	8375	9625	sub-8/ses-03/eeg/sub-8_ses-03_task-imagery_run-06_eeg.edf	test_exploratory	337.1940117496262	False	8.514436980683822e-13	1.1123975021305367e-12	3.765369064444671e-12	4.405284044988889e-12
sub-8	03	06	sub-8/ses-03/run-06/tsv-row-6	6	rest	1	40.404	5.0	10101	11351	sub-8/ses-03/eeg/sub-8_ses-03_task-imagery_run-06_eeg.edf	test_exploratory	327.0755503631702	False	1.2922960060468882e-12	1.3679176459160935e-12	4.42293960061878e-12	4.00375020392563e-12
sub-8	03	06	sub-8/ses-03/run-06/tsv-row-7	7	rest	1	47.276	5.0	11819	13069	sub-8/ses-03/eeg/sub-8_ses-03_task-imagery_run-06_eeg.edf	test_exploratory	257.55033117923523	False	1.8534248925459455e-12	1.5335267753529698e-12	6.81632845651724e-12	4.703116839872561e-12
sub-8	03	06	sub-8/ses-03/run-06/tsv-row-8	8	right_hand	2	54.144	5.0	13536	14786	sub-8/ses-03/eeg/sub-8_ses-03_task-imagery_run-06_eeg.edf	test_exploratory	140.63505874813075	False	1.5205024955993429e-12	1.3846708470888363e-12	6.552624966559866e-12	5.336331295641097e-12
sub-8	03	06	sub-8/ses-03/run-06/tsv-row-9	9	rest	1	61.048	5.0	15262	16512	sub-8/ses-03/eeg/sub-8_ses-03_task-imagery_run-06_eeg.edf	test_exploratory	319.7301746421705	False	1.3822099560688937e-12	2.18676313951666e-12	4.493714640730189e-12	5.612749854483991e-12
sub-8	03	06	sub-8/ses-03/run-06/tsv-row-10	10	right_hand	2	67.932	5.0	16983	18233	sub-8/ses-03/eeg/sub-8_ses-03_task-imagery_run-06_eeg.edf	test_exploratory	220.03114238410592	False	1.050656408315931e-12	1.3769922801883733e-12	3.928001205808914e-12	4.094825835262864e-12
sub-8	03	06	sub-8/ses-03/run-06/tsv-row-11	11	rest	1	74.804	5.0	18701	19951	sub-8/ses-03/eeg/sub-8_ses-03_task-imagery_run-06_eeg.edf	test_exploratory	306.6405500427259	False	1.4805972563981457e-12	1.8633490111048023e-12	6.9361690314773825e-12	7.547750467974637e-12
sub-8	03	06	sub-8/ses-03/run-06/tsv-row-12	12	right_hand	2	81.708	5.0	20427	21677	sub-8/ses-03/eeg/sub-8_ses-03_task-imagery_run-06_eeg.edf	test_exploratory	268.92328370006413	False	1.3275324306649027e-12	1.3886100054307152e-12	4.9358744096940335e-12	4.041484175017655e-12
sub-8	03	06	sub-8/ses-03/run-06/tsv-row-13	13	rest	1	88.596	5.0	22149	23399	sub-8/ses-03/eeg/sub-8_ses-03_task-imagery_run-06_eeg.edf	test_exploratory	281.93037598803676	False	1.6244969500067752e-12	1.5904765108578725e-12	7.503947131751504e-12	4.919999569673659e-12
sub-8	03	06	sub-8/ses-03/run-06/tsv-row-14	14	right_hand	2	95.48	5.0	23870	25120	sub-8/ses-03/eeg/sub-8_ses-03_task-imagery_run-06_eeg.edf	test_exploratory	141.67496587267678	False	1.3299203836534265e-12	1.6361023928830497e-12	6.781973733310075e-12	4.980083115968707e-12
sub-8	03	06	sub-8/ses-03/run-06/tsv-row-15	15	right_hand	2	102.368	5.0	25592	26842	sub-8/ses-03/eeg/sub-8_ses-03_task-imagery_run-06_eeg.edf	test_exploratory	249.9903714484085	False	1.4313695785501422e-12	1.300303888480976e-12	5.616506173574776e-12	5.115713592294296e-12
sub-8	03	06	sub-8/ses-03/run-06/tsv-row-16	16	rest	1	109.256	5.0	27314	28564	sub-8/ses-03/eeg/sub-8_ses-03_task-imagery_run-06_eeg.edf	test_exploratory	278.48052536851094	False	1.4303330172263581e-12	1.6957070515798865e-12	5.4193564418816755e-12	5.6253908740508064e-12
sub-8	03	06	sub-8/ses-03/run-06/tsv-row-17	17	rest	1	116.144	5.0	29036	30286	sub-8/ses-03/eeg/sub-8_ses-03_task-imagery_run-06_eeg.edf	test_exploratory	429.3495907391583	False	1.853908186838434e-12	1.5162479338822474e-12	8.077686263061852e-12	4.4947672425471345e-12
sub-8	03	06	sub-8/ses-03/run-06/tsv-row-18	18	right_hand	2	123.044	5.0	30761	32011	sub-8/ses-03/eeg/sub-8_ses-03_task-imagery_run-06_eeg.edf	test_exploratory	340.41277189703055	False	1.6353601710077274e-12	1.3294802358375887e-12	6.679506244646966e-12	4.495388246106204e-12
sub-8	03	06	sub-8/ses-03/run-06/tsv-row-19	19	right_hand	2	129.932	5.0	32483	33733	sub-8/ses-03/eeg/sub-8_ses-03_task-imagery_run-06_eeg.edf	test_exploratory	320.5389912945952	False	1.4709017898673878e-12	1.507297023555389e-12	6.538744162186837e-12	5.8348059832531505e-12
sub-8	03	06	sub-8/ses-03/run-06/tsv-row-20	20	rest	1	136.804	5.0	34201	35451	sub-8/ses-03/eeg/sub-8_ses-03_task-imagery_run-06_eeg.edf	test_exploratory	298.91552568895537	False	1.4340351076841686e-12	1.259258130544395e-12	5.439729685914627e-12	3.6138176677584416e-12
sub-8	03	06	sub-8/ses-03/run-06/tsv-row-21	21	right_hand	2	143.688	5.0	35922	37172	sub-8/ses-03/eeg/sub-8_ses-03_task-imagery_run-06_eeg.edf	test_exploratory	324.1043871501816	False	1.2903605478675145e-12	1.5506026855035225e-12	6.2119256419935796e-12	4.6070436822591054e-12
sub-8	03	06	sub-8/ses-03/run-06/tsv-row-22	22	rest	1	150.596	5.0	37649	38899	sub-8/ses-03/eeg/sub-8_ses-03_task-imagery_run-06_eeg.edf	test_exploratory	295.696765541551	False	1.7571816745451158e-12	1.458479912734989e-12	7.552262212190088e-12	5.140684703364883e-12
sub-8	03	06	sub-8/ses-03/run-06/tsv-row-23	23	right_hand	2	157.46	5.0	39365	40615	sub-8/ses-03/eeg/sub-8_ses-03_task-imagery_run-06_eeg.edf	test_exploratory	289.8699843516343	False	1.4934462626857383e-12	1.2874452115728606e-12	4.944195537752488e-12	3.700454989349802e-12
sub-8	03	06	sub-8/ses-03/run-06/tsv-row-24	24	rest	1	164.368	5.0	41092	42342	sub-8/ses-03/eeg/sub-8_ses-03_task-imagery_run-06_eeg.edf	test_exploratory	353.32082541123685	False	1.4274691489683407e-12	2.0903060793736003e-12	6.552251847656977e-12	5.778866744378388e-12
sub-8	03	06	sub-8/ses-03/run-06/tsv-row-25	25	right_hand	2	171.252	5.0	42813	44063	sub-8/ses-03/eeg/sub-8_ses-03_task-imagery_run-06_eeg.edf	test_exploratory	230.76034287545394	False	1.2898213205175775e-12	1.2624041730581492e-12	4.32048405931221e-12	4.194247918836183e-12
sub-8	03	06	sub-8/ses-03/run-06/tsv-row-26	26	rest	1	178.14	5.0	44535	45785	sub-8/ses-03/eeg/sub-8_ses-03_task-imagery_run-06_eeg.edf	test_exploratory	201.36233352916042	False	1.3899433370359724e-12	1.559202239602631e-12	4.791575563984793e-12	4.209318109525765e-12
sub-8	03	06	sub-8/ses-03/run-06/tsv-row-27	27	rest	1	185.012	5.0	46253	47503	sub-8/ses-03/eeg/sub-8_ses-03_task-imagery_run-06_eeg.edf	test_exploratory	257.45129240546896	False	1.4439079708627325e-12	1.5560944853347748e-12	5.982840722597385e-12	6.230391979795345e-12
sub-8	03	06	sub-8/ses-03/run-06/tsv-row-28	28	right_hand	2	191.912	5.0	47978	49228	sub-8/ses-03/eeg/sub-8_ses-03_task-imagery_run-06_eeg.edf	test_exploratory	253.0770798974578	False	1.3805908378881722e-12	1.4347658272753371e-12	5.346243112508929e-12	4.381186648408271e-12
sub-8	03	06	sub-8/ses-03/run-06/tsv-row-29	29	rest	1	198.8	5.0	49700	50950	sub-8/ses-03/eeg/sub-8_ses-03_task-imagery_run-06_eeg.edf	test_exploratory	387.1095537278359	False	5.062288986557151e-12	1.681381185232065e-12	2.2125377058720378e-11	6.535753404976986e-12
sub-8	03	06	sub-8/ses-03/run-06/tsv-row-30	30	right_hand	2	205.684	5.0	51421	52671	sub-8/ses-03/eeg/sub-8_ses-03_task-imagery_run-06_eeg.edf	test_exploratory	305.73269461653496	False	2.6349813513371747e-12	1.877516541484286e-12	1.0381245709800634e-11	6.659426309816202e-12
sub-8	03	06	sub-8/ses-03/run-06/tsv-row-31	31	rest	1	212.576	5.0	53144	54394	sub-8/ses-03/eeg/sub-8_ses-03_task-imagery_run-06_eeg.edf	test_exploratory	381.5138630100406	False	1.772465323739211e-12	5.692844191887654e-12	7.149870641251328e-12	1.0781594585367405e-11
sub-8	03	06	sub-8/ses-03/run-06/tsv-row-32	32	right_hand	2	219.46	5.0	54865	56115	sub-8/ses-03/eeg/sub-8_ses-03_task-imagery_run-06_eeg.edf	test_exploratory	363.85194835505234	False	1.0286030551960166e-12	1.3077730942723902e-12	5.31168154037843e-12	3.9953424151447525e-12
sub-8	04	01	sub-8/ses-04/run-01/tsv-row-1	1	right_hand	2	6.824	5.0	1706	2956	sub-8/ses-04/eeg/sub-8_ses-04_task-imagery_run-01_eeg.edf	test_exploratory	295.68823397167887	False	1.3646122280962615e-12	1.4022002574058892e-12	5.400902097919098e-12	4.876197949772155e-12
sub-8	04	01	sub-8/ses-04/run-01/tsv-row-2	2	rest	1	13.72	5.0	3430	4680	sub-8/ses-04/eeg/sub-8_ses-04_task-imagery_run-01_eeg.edf	test_exploratory	273.1684617419965	False	1.7927342005121397e-12	2.460401953534841e-12	6.767812009472143e-12	5.396853162596807e-12
sub-8	04	01	sub-8/ses-04/run-01/tsv-row-3	3	right_hand	2	20.604	5.0	5151	6401	sub-8/ses-04/eeg/sub-8_ses-04_task-imagery_run-01_eeg.edf	test_exploratory	306.34139424268324	False	1.4535689040941054e-12	1.659551414789311e-12	6.423807067836128e-12	5.347096567182999e-12
sub-8	04	01	sub-8/ses-04/run-01/tsv-row-4	4	rest	1	27.508	5.0	6877	8127	sub-8/ses-04/eeg/sub-8_ses-04_task-imagery_run-01_eeg.edf	test_exploratory	304.71820562150947	False	1.5071690617882064e-12	1.1649926327818684e-12	6.05288711205363e-12	3.347657169956073e-12
sub-8	04	01	sub-8/ses-04/run-01/tsv-row-5	5	rest	1	34.396	5.0	8599	9849	sub-8/ses-04/eeg/sub-8_ses-04_task-imagery_run-01_eeg.edf	test_exploratory	287.72988199407945	False	2.405140324168224e-12	1.4012462058896255e-12	9.638101840610535e-12	5.150888632514807e-12
sub-8	04	01	sub-8/ses-04/run-01/tsv-row-6	6	right_hand	2	41.264	5.0	10316	11566	sub-8/ses-04/eeg/sub-8_ses-04_task-imagery_run-01_eeg.edf	test_exploratory	199.8885870967742	False	1.5209938188934837e-12	1.0138320174440766e-12	6.683779938033271e-12	3.414801451425384e-12
sub-8	04	01	sub-8/ses-04/run-01/tsv-row-7	7	right_hand	2	48.168	5.0	12042	13292	sub-8/ses-04/eeg/sub-8_ses-04_task-imagery_run-01_eeg.edf	test_exploratory	271.718623361919	False	1.6170224188748464e-12	1.1945083137915476e-12	6.971888056973296e-12	5.058976721674723e-12
sub-8	04	01	sub-8/ses-04/run-01/tsv-row-8	8	rest	1	55.056	5.0	13764	15014	sub-8/ses-04/eeg/sub-8_ses-04_task-imagery_run-01_eeg.edf	test_exploratory	299.5649757271035	False	1.2608440629374124e-12	1.1390060173519676e-12	5.527412009796718e-12	3.748815700231102e-12
sub-8	04	01	sub-8/ses-04/run-01/tsv-row-9	9	rest	1	61.944	5.0	15486	16736	sub-8/ses-04/eeg/sub-8_ses-04_task-imagery_run-01_eeg.edf	test_exploratory	224.86678092745746	False	1.5813929439092675e-12	1.2195008595420975e-12	6.135285474095389e-12	3.4001866531063935e-12
sub-8	04	01	sub-8/ses-04/run-01/tsv-row-10	10	right_hand	2	68.828	5.0	17207	18457	sub-8/ses-04/eeg/sub-8_ses-04_task-imagery_run-01_eeg.edf	test_exploratory	247.8278083162939	False	1.124096884915261e-12	1.0014443822379355e-12	4.741736343613493e-12	3.5244376348990123e-12
sub-8	04	01	sub-8/ses-04/run-01/tsv-row-11	11	right_hand	2	75.712	5.0	18928	20178	sub-8/ses-04/eeg/sub-8_ses-04_task-imagery_run-01_eeg.edf	test_exploratory	220.37543377178258	False	1.913656474198038e-12	1.1237876396540844e-12	9.234434198721643e-12	4.516601077200826e-12
sub-8	04	01	sub-8/ses-04/run-01/tsv-row-12	12	rest	1	82.604	5.0	20651	21901	sub-8/ses-04/eeg/sub-8_ses-04_task-imagery_run-01_eeg.edf	test_exploratory	291.16536859035006	False	1.3163249157126653e-12	1.2851487740900035e-12	4.455256154645691e-12	4.580231790825588e-12
sub-8	04	01	sub-8/ses-04/run-01/tsv-row-13	13	right_hand	2	89.488	5.0	22372	23622	sub-8/ses-04/eeg/sub-8_ses-04_task-imagery_run-01_eeg.edf	test_exploratory	290.3301356105228	False	1.2990982801721659e-12	1.4138941470508108e-12	3.9939376359023e-12	5.531121832011244e-12
sub-8	04	01	sub-8/ses-04/run-01/tsv-row-14	14	rest	1	96.376	5.0	24094	25344	sub-8/ses-04/eeg/sub-8_ses-04_task-imagery_run-01_eeg.edf	test_exploratory	315.27681121555224	False	1.452249451600283e-12	1.2493406558680845e-12	6.23375927811779e-12	4.625941660204215e-12
sub-8	04	01	sub-8/ses-04/run-01/tsv-row-15	15	right_hand	2	103.26	5.0	25815	27065	sub-8/ses-04/eeg/sub-8_ses-04_task-imagery_run-01_eeg.edf	test_exploratory	112.18912421491135	False	9.864673527629446e-13	1.330462333891882e-12	3.7637338690468235e-12	4.0552777532804646e-12
sub-8	04	01	sub-8/ses-04/run-01/tsv-row-16	16	rest	1	110.168	5.0	27542	28792	sub-8/ses-04/eeg/sub-8_ses-04_task-imagery_run-01_eeg.edf	test_exploratory	265.33618266701257	False	1.4080831726043781e-12	1.464939126822525e-12	5.25493288935341e-12	5.414994931650056e-12
sub-8	04	01	sub-8/ses-04/run-01/tsv-row-17	17	rest	1	117.056	5.0	29264	30514	sub-8/ses-04/eeg/sub-8_ses-04_task-imagery_run-01_eeg.edf	test_exploratory	234.84229934690393	False	1.6298781281633213e-12	1.1768228492510353e-12	5.839238321229173e-12	3.5357992167090676e-12
sub-8	04	01	sub-8/ses-04/run-01/tsv-row-18	18	right_hand	2	123.92	5.0	30980	32230	sub-8/ses-04/eeg/sub-8_ses-04_task-imagery_run-01_eeg.edf	test_exploratory	263.00383396862696	False	1.4173821260998133e-12	1.1543993007227642e-12	7.151279540409309e-12	4.100728882210443e-12
sub-8	04	01	sub-8/ses-04/run-01/tsv-row-19	19	rest	1	130.812	5.0	32703	33953	sub-8/ses-04/eeg/sub-8_ses-04_task-imagery_run-01_eeg.edf	test_exploratory	245.98399211554312	False	2.013902685151553e-12	1.4990779160209606e-12	6.1017856570316995e-12	4.349977518925009e-12
sub-8	04	01	sub-8/ses-04/run-01/tsv-row-20	20	right_hand	2	137.712	5.0	34428	35678	sub-8/ses-04/eeg/sub-8_ses-04_task-imagery_run-01_eeg.edf	test_exploratory	242.64306019623402	False	1.272262831595797e-12	1.5523496495633041e-12	5.0040143967278435e-12	5.560229765752121e-12
sub-8	04	01	sub-8/ses-04/run-01/tsv-row-21	21	rest	1	144.584	5.0	36146	37396	sub-8/ses-04/eeg/sub-8_ses-04_task-imagery_run-01_eeg.edf	test_exploratory	319.0117209555345	False	1.877030825192149e-12	1.37215457605759e-12	7.1297905132881855e-12	3.666067020998474e-12
sub-8	04	01	sub-8/ses-04/run-01/tsv-row-22	22	right_hand	2	151.468	5.0	37867	39117	sub-8/ses-04/eeg/sub-8_ses-04_task-imagery_run-01_eeg.edf	test_exploratory	250.9953899945067	False	1.7217244284750691e-12	1.2914962723662852e-12	8.31319091582432e-12	5.232670066134019e-12
sub-8	04	01	sub-8/ses-04/run-01/tsv-row-23	23	rest	1	158.376	5.0	39594	40844	sub-8/ses-04/eeg/sub-8_ses-04_task-imagery_run-01_eeg.edf	test_exploratory	285.17690571611683	False	1.7677581949864035e-12	1.611690549094423e-12	8.342238789785068e-12	5.531230032582972e-12
sub-8	04	01	sub-8/ses-04/run-01/tsv-row-24	24	right_hand	2	165.26	5.0	41315	42565	sub-8/ses-04/eeg/sub-8_ses-04_task-imagery_run-01_eeg.edf	test_exploratory	121.91249682912687	False	1.4622452815254417e-12	1.2467512761140292e-12	6.309648963526927e-12	4.557592993677131e-12
sub-8	04	01	sub-8/ses-04/run-01/tsv-row-25	25	rest	1	172.132	5.0	43033	44283	sub-8/ses-04/eeg/sub-8_ses-04_task-imagery_run-01_eeg.edf	test_exploratory	239.57003319498278	False	1.7131537319143993e-12	1.4796794517424999e-12	7.158288017869458e-12	5.0393788042323855e-12
sub-8	04	01	sub-8/ses-04/run-01/tsv-row-26	26	right_hand	2	179.032	5.0	44758	46008	sub-8/ses-04/eeg/sub-8_ses-04_task-imagery_run-01_eeg.edf	test_exploratory	313.60634525589774	False	1.2796941769451457e-12	1.2768201872841312e-12	5.935741595879572e-12	4.495584413703883e-12
sub-8	04	01	sub-8/ses-04/run-01/tsv-row-27	27	right_hand	2	185.92	5.0	46480	47730	sub-8/ses-04/eeg/sub-8_ses-04_task-imagery_run-01_eeg.edf	test_exploratory	265.63560581072426	False	1.7874027740182691e-12	1.1100046661927964e-12	7.829793710772437e-12	4.038719404113454e-12
sub-8	04	01	sub-8/ses-04/run-01/tsv-row-28	28	rest	1	192.808	5.0	48202	49452	sub-8/ses-04/eeg/sub-8_ses-04_task-imagery_run-01_eeg.edf	test_exploratory	290.503485851619	False	1.846353304047971e-12	1.1977349605240364e-12	8.350137270899326e-12	4.621187198135414e-12
sub-8	04	01	sub-8/ses-04/run-01/tsv-row-29	29	rest	1	199.696	5.0	49924	51174	sub-8/ses-04/eeg/sub-8_ses-04_task-imagery_run-01_eeg.edf	test_exploratory	241.44536762138736	False	2.224336689944763e-12	1.3119361336885805e-12	8.18921311314291e-12	3.622325677238458e-12
sub-8	04	01	sub-8/ses-04/run-01/tsv-row-30	30	right_hand	2	206.58	5.0	51645	52895	sub-8/ses-04/eeg/sub-8_ses-04_task-imagery_run-01_eeg.edf	test_exploratory	183.5148688695944	False	1.2645786820753612e-12	1.1194953880494192e-12	3.944473470274171e-12	3.6809409945684866e-12
sub-8	04	01	sub-8/ses-04/run-01/tsv-row-31	31	rest	1	213.468	5.0	53367	54617	sub-8/ses-04/eeg/sub-8_ses-04_task-imagery_run-01_eeg.edf	test_exploratory	244.62870841242713	False	1.872800820348742e-12	1.6143063424473379e-12	9.301577933347336e-12	4.806789511661542e-12
sub-8	04	01	sub-8/ses-04/run-01/tsv-row-32	32	right_hand	2	220.372	5.0	55093	56343	sub-8/ses-04/eeg/sub-8_ses-04_task-imagery_run-01_eeg.edf	test_exploratory	270.8361130436109	False	1.4088976312455624e-12	1.5010306891398705e-12	6.435265381952734e-12	5.626442759747254e-12
sub-8	04	02	sub-8/ses-04/run-02/tsv-row-1	1	rest	1	6.64	5.0	1660	2910	sub-8/ses-04/eeg/sub-8_ses-04_task-imagery_run-02_eeg.edf	test_exploratory	266.6542745780816	False	9.806581673455428e-13	1.2761782971679625e-12	3.933816503474057e-12	4.655902617808335e-12
sub-8	04	02	sub-8/ses-04/run-02/tsv-row-2	2	right_hand	2	13.528	5.0	3382	4632	sub-8/ses-04/eeg/sub-8_ses-04_task-imagery_run-02_eeg.edf	test_exploratory	285.4497737342448	False	1.123199753921367e-12	1.4848911066421266e-12	6.2260163987183395e-12	5.070624261806076e-12
sub-8	04	02	sub-8/ses-04/run-02/tsv-row-3	3	right_hand	2	20.412	5.0	5103	6353	sub-8/ses-04/eeg/sub-8_ses-04_task-imagery_run-02_eeg.edf	test_exploratory	230.2252369487594	False	9.106399083109488e-13	1.0995855573544033e-12	4.076723252804896e-12	3.436476563404037e-12
sub-8	04	02	sub-8/ses-04/run-02/tsv-row-4	4	rest	1	27.304	5.0	6826	8076	sub-8/ses-04/eeg/sub-8_ses-04_task-imagery_run-02_eeg.edf	test_exploratory	291.60502491988893	False	1.4228496391391312e-12	1.225784491333277e-12	6.367977203343462e-12	3.714923895517929e-12
sub-8	04	02	sub-8/ses-04/run-02/tsv-row-5	5	rest	1	34.188	5.0	8547	9797	sub-8/ses-04/eeg/sub-8_ses-04_task-imagery_run-02_eeg.edf	test_exploratory	259.08582796716206	False	1.1066124589951284e-12	1.3080779315705121e-12	4.745277436355525e-12	4.1310184105063435e-12
sub-8	04	02	sub-8/ses-04/run-02/tsv-row-6	6	right_hand	2	41.072	5.0	10268	11518	sub-8/ses-04/eeg/sub-8_ses-04_task-imagery_run-02_eeg.edf	test_exploratory	128.2867402722251	False	9.78171607645325e-13	9.168138722325586e-13	4.783425822718643e-12	3.1803007527651066e-12
sub-8	04	02	sub-8/ses-04/run-02/tsv-row-7	7	right_hand	2	47.976	5.0	11994	13244	sub-8/ses-04/eeg/sub-8_ses-04_task-imagery_run-02_eeg.edf	test_exploratory	71.25645377666555	False	1.2259084563274717e-12	1.3184897607317724e-12	4.495062762839573e-12	5.136165279783724e-12
sub-8	04	02	sub-8/ses-04/run-02/tsv-row-8	8	rest	1	54.852	5.0	13713	14963	sub-8/ses-04/eeg/sub-8_ses-04_task-imagery_run-02_eeg.edf	test_exploratory	280.3936745460372	False	1.573077072613419e-12	1.1841060594084085e-12	6.709552594564494e-12	3.704859144123619e-12
sub-8	04	02	sub-8/ses-04/run-02/tsv-row-9	9	rest	1	61.752	5.0	15438	16688	sub-8/ses-04/eeg/sub-8_ses-04_task-imagery_run-02_eeg.edf	test_exploratory	248.26703187810904	False	1.7599318057009175e-12	1.3556337383344458e-12	6.492961005597581e-12	4.387900445203287e-12
sub-8	04	02	sub-8/ses-04/run-02/tsv-row-10	10	right_hand	2	68.636	5.0	17159	18409	sub-8/ses-04/eeg/sub-8_ses-04_task-imagery_run-02_eeg.edf	test_exploratory	134.36348060090944	False	1.118614050073592e-12	1.276893750942881e-12	5.6046654210181565e-12	3.834197062891793e-12
sub-8	04	02	sub-8/ses-04/run-02/tsv-row-11	11	rest	1	75.512	5.0	18878	20128	sub-8/ses-04/eeg/sub-8_ses-04_task-imagery_run-02_eeg.edf	test_exploratory	240.25892446821496	False	1.5602799549044638e-12	1.1082211231934338e-12	6.296680959747549e-12	3.1791745860353324e-12
sub-8	04	02	sub-8/ses-04/run-02/tsv-row-12	12	right_hand	2	82.396	5.0	20599	21849	sub-8/ses-04/eeg/sub-8_ses-04_task-imagery_run-02_eeg.edf	test_exploratory	233.0830321420942	False	1.2734102738430384e-12	9.454891484831306e-13	5.0687934261355895e-12	3.2508333034737806e-12
sub-8	04	02	sub-8/ses-04/run-02/tsv-row-13	13	rest	1	89.3	5.0	22325	23575	sub-8/ses-04/eeg/sub-8_ses-04_task-imagery_run-02_eeg.edf	test_exploratory	229.56574575029754	False	1.3077299823443142e-12	1.288590801868493e-12	4.5397801979823e-12	4.879107531247296e-12
sub-8	04	02	sub-8/ses-04/run-02/tsv-row-14	14	right_hand	2	96.184	5.0	24046	25296	sub-8/ses-04/eeg/sub-8_ses-04_task-imagery_run-02_eeg.edf	test_exploratory	114.56304247566148	False	1.203005165870954e-12	1.280466178523756e-12	5.606289446464011e-12	4.201789492253065e-12
sub-8	04	02	sub-8/ses-04/run-02/tsv-row-15	15	rest	1	103.056	5.0	25764	27014	sub-8/ses-04/eeg/sub-8_ses-04_task-imagery_run-02_eeg.edf	test_exploratory	266.87410497756883	False	2.116210969227973e-12	1.1331079988611703e-12	7.901459572745246e-12	3.877589159655455e-12
sub-8	04	02	sub-8/ses-04/run-02/tsv-row-16	16	right_hand	2	109.96	5.0	27490	28740	sub-8/ses-04/eeg/sub-8_ses-04_task-imagery_run-02_eeg.edf	test_exploratory	240.47875486770226	False	1.1633478142141449e-12	1.2001359670938035e-12	4.1171614278948565e-12	5.153818015053775e-12
sub-8	04	02	sub-8/ses-04/run-02/tsv-row-17	17	rest	1	116.848	5.0	29212	30462	sub-8/ses-04/eeg/sub-8_ses-04_task-imagery_run-02_eeg.edf	test_exploratory	261.8180057893612	False	1.66095461849648e-12	1.6326463045626079e-12	7.222802898690415e-12	6.127834988987816e-12
sub-8	04	02	sub-8/ses-04/run-02/tsv-row-18	18	right_hand	2	123.732	5.0	30933	32183	sub-8/ses-04/eeg/sub-8_ses-04_task-imagery_run-02_eeg.edf	test_exploratory	306.8204289986877	False	9.959692337256213e-13	1.2766019963557453e-12	3.986668349688548e-12	5.502302505753443e-12
sub-8	04	02	sub-8/ses-04/run-02/tsv-row-19	19	right_hand	2	130.62	5.0	32655	33905	sub-8/ses-04/eeg/sub-8_ses-04_task-imagery_run-02_eeg.edf	test_exploratory	289.8149773812067	False	1.187197865054559e-12	1.2631637249600132e-12	7.116745939166329e-12	3.9741514750937695e-12
sub-8	04	02	sub-8/ses-04/run-02/tsv-row-20	20	rest	1	137.508	5.0	34377	35627	sub-8/ses-04/eeg/sub-8_ses-04_task-imagery_run-02_eeg.edf	test_exploratory	268.46002428815575	False	1.7182817990802091e-12	1.338199263358787e-12	6.6700639803312625e-12	3.974898148370971e-12
sub-8	04	02	sub-8/ses-04/run-02/tsv-row-21	21	rest	1	144.396	5.0	36099	37349	sub-8/ses-04/eeg/sub-8_ses-04_task-imagery_run-02_eeg.edf	test_exploratory	220.06593205816824	False	1.9433226454393475e-12	1.3978022924728114e-12	9.947365454285277e-12	4.979261218658234e-12
sub-8	04	02	sub-8/ses-04/run-02/tsv-row-22	22	right_hand	2	151.296	5.0	37824	39074	sub-8/ses-04/eeg/sub-8_ses-04_task-imagery_run-02_eeg.edf	test_exploratory	261.55106887569804	False	1.1838595493076495e-12	1.9417195512448217e-12	4.616005840891887e-12	5.9009803086243046e-12
sub-8	04	02	sub-8/ses-04/run-02/tsv-row-23	23	right_hand	2	158.164	5.0	39541	40791	sub-8/ses-04/eeg/sub-8_ses-04_task-imagery_run-02_eeg.edf	test_exploratory	268.42861994537185	False	1.1139406707853267e-12	1.1441576165562498e-12	5.813472060544311e-12	4.476547156815541e-12
sub-8	04	02	sub-8/ses-04/run-02/tsv-row-24	24	rest	1	165.056	5.0	41264	42514	sub-8/ses-04/eeg/sub-8_ses-04_task-imagery_run-02_eeg.edf	test_exploratory	222.311342567217	False	1.4310890635629931e-12	1.567924962687684e-12	6.922108495363847e-12	5.252966299133235e-12
sub-8	04	02	sub-8/ses-04/run-02/tsv-row-25	25	rest	1	171.944	5.0	42986	44236	sub-8/ses-04/eeg/sub-8_ses-04_task-imagery_run-02_eeg.edf	test_exploratory	217.16103035065765	False	1.0493670917483842e-12	1.1706877809138757e-12	4.104863922642532e-12	4.644587498307494e-12
sub-8	04	02	sub-8/ses-04/run-02/tsv-row-26	26	right_hand	2	178.844	5.0	44711	45961	sub-8/ses-04/eeg/sub-8_ses-04_task-imagery_run-02_eeg.edf	test_exploratory	221.1650840556047	False	1.2882909948798602e-12	1.2959102058339778e-12	5.709808346423624e-12	4.302891699171718e-12
sub-8	04	02	sub-8/ses-04/run-02/tsv-row-27	27	rest	1	185.716	5.0	46429	47679	sub-8/ses-04/eeg/sub-8_ses-04_task-imagery_run-02_eeg.edf	test_exploratory	260.5304277352214	False	2.3058609955248303e-12	1.219534380280206e-12	1.0538251669722125e-11	4.4982828357876215e-12
sub-8	04	02	sub-8/ses-04/run-02/tsv-row-28	28	right_hand	2	192.6	5.0	48150	49400	sub-8/ses-04/eeg/sub-8_ses-04_task-imagery_run-02_eeg.edf	test_exploratory	106.91608500778221	False	2.034149056569972e-12	1.2999071972765652e-12	9.036860346729094e-12	5.72518326851329e-12
sub-8	04	02	sub-8/ses-04/run-02/tsv-row-29	29	rest	1	199.508	5.0	49877	51127	sub-8/ses-04/eeg/sub-8_ses-04_task-imagery_run-02_eeg.edf	test_exploratory	246.9951559953612	False	2.1325237368638594e-12	1.2914123609369017e-12	6.757493951882256e-12	4.396767309177277e-12
sub-8	04	02	sub-8/ses-04/run-02/tsv-row-30	30	right_hand	2	206.392	5.0	51598	52848	sub-8/ses-04/eeg/sub-8_ses-04_task-imagery_run-02_eeg.edf	test_exploratory	213.5966374446852	False	1.336770060104329e-12	1.5590820659280241e-12	5.618013636610167e-12	4.682460837191986e-12
sub-8	04	02	sub-8/ses-04/run-02/tsv-row-31	31	right_hand	2	213.26	5.0	53315	54565	sub-8/ses-04/eeg/sub-8_ses-04_task-imagery_run-02_eeg.edf	test_exploratory	237.25980973235266	False	1.1805247025084866e-12	1.2958558405278239e-12	4.1562192524240005e-12	3.8217661539306076e-12
sub-8	04	02	sub-8/ses-04/run-02/tsv-row-32	32	rest	1	220.168	5.0	55042	56292	sub-8/ses-04/eeg/sub-8_ses-04_task-imagery_run-02_eeg.edf	test_exploratory	238.57879212927642	False	1.6680260517612865e-12	1.0643142864527453e-12	8.190556836991584e-12	3.461961909780681e-12
sub-8	04	03	sub-8/ses-04/run-03/tsv-row-1	1	rest	1	5.548	5.0	1387	2637	sub-8/ses-04/eeg/sub-8_ses-04_task-imagery_run-03_eeg.edf	test_exploratory	228.08976140629292	False	7.22771587908785e-13	1.210007983110011e-12	2.5993951658872017e-12	4.2764942583714985e-12
sub-8	04	03	sub-8/ses-04/run-03/tsv-row-2	2	right_hand	2	12.432	5.0	3108	4358	sub-8/ses-04/eeg/sub-8_ses-04_task-imagery_run-03_eeg.edf	test_exploratory	175.1909777581103	False	1.259233485336086e-12	1.5693547662762282e-12	4.50545362463315e-12	4.8434484038526396e-12
sub-8	04	03	sub-8/ses-04/run-03/tsv-row-3	3	rest	1	19.324	5.0	4831	6081	sub-8/ses-04/eeg/sub-8_ses-04_task-imagery_run-03_eeg.edf	test_exploratory	223.4506476149785	False	1.733042024437614e-12	1.259342732320525e-12	7.077219182649174e-12	4.205446560901746e-12
sub-8	04	03	sub-8/ses-04/run-03/tsv-row-4	4	right_hand	2	26.208	5.0	6552	7802	sub-8/ses-04/eeg/sub-8_ses-04_task-imagery_run-03_eeg.edf	test_exploratory	154.78209868312632	False	1.3960806313227093e-12	1.0224658161078084e-12	6.001159391950986e-12	3.01967174668352e-12
sub-8	04	03	sub-8/ses-04/run-03/tsv-row-5	5	rest	1	33.096	5.0	8274	9524	sub-8/ses-04/eeg/sub-8_ses-04_task-imagery_run-03_eeg.edf	test_exploratory	214.91338959624014	False	2.196575997138187e-12	1.3132302821399454e-12	7.8600256558051e-12	4.125796332818731e-12
sub-8	04	03	sub-8/ses-04/run-03/tsv-row-6	6	right_hand	2	39.98	5.0	9995	11245	sub-8/ses-04/eeg/sub-8_ses-04_task-imagery_run-03_eeg.edf	test_exploratory	241.2339171483505	False	8.943671051227635e-13	9.89294871756493e-13	3.5017531846280082e-12	3.3732200429657482e-12
sub-8	04	03	sub-8/ses-04/run-03/tsv-row-7	7	right_hand	2	46.884	5.0	11721	12971	sub-8/ses-04/eeg/sub-8_ses-04_task-imagery_run-03_eeg.edf	test_exploratory	261.2400953733939	False	1.0268454888435855e-12	1.1510181385948337e-12	4.069945026627912e-12	3.5786871212993385e-12
sub-8	04	03	sub-8/ses-04/run-03/tsv-row-8	8	rest	1	53.756	5.0	13439	14689	sub-8/ses-04/eeg/sub-8_ses-04_task-imagery_run-03_eeg.edf	test_exploratory	399.15708246101264	False	2.0900609386383772e-12	1.1388832210003759e-12	6.963940704539047e-12	3.4386580214474708e-12
sub-8	04	03	sub-8/ses-04/run-03/tsv-row-9	9	right_hand	2	60.64	5.0	15160	16410	sub-8/ses-04/eeg/sub-8_ses-04_task-imagery_run-03_eeg.edf	test_exploratory	137.4820701696829	False	1.4257148940769247e-12	1.5556237657573063e-12	5.276794780900783e-12	4.5715337228081226e-12
sub-8	04	03	sub-8/ses-04/run-03/tsv-row-10	10	rest	1	67.532	5.0	16883	18133	sub-8/ses-04/eeg/sub-8_ses-04_task-imagery_run-03_eeg.edf	test_exploratory	206.45667174748988	False	1.4101989727217832e-12	1.1300769926808752e-12	4.909590243372578e-12	4.103626267727802e-12
sub-8	04	03	sub-8/ses-04/run-03/tsv-row-11	11	right_hand	2	74.432	5.0	18608	19858	sub-8/ses-04/eeg/sub-8_ses-04_task-imagery_run-03_eeg.edf	test_exploratory	119.13501944639422	False	9.005584146546196e-13	1.1389215301473503e-12	3.526678675029968e-12	3.553172241749604e-12
sub-8	04	03	sub-8/ses-04/run-03/tsv-row-12	12	rest	1	81.304	5.0	20326	21576	sub-8/ses-04/eeg/sub-8_ses-04_task-imagery_run-03_eeg.edf	test_exploratory	264.2845137989441	False	1.476798256237928e-12	1.0363557896018726e-12	7.07070996816509e-12	3.08465080817809e-12
sub-8	04	03	sub-8/ses-04/run-03/tsv-row-13	13	rest	1	88.208	5.0	22052	23302	sub-8/ses-04/eeg/sub-8_ses-04_task-imagery_run-03_eeg.edf	test_exploratory	195.85758537705618	False	1.7287344635090464e-12	1.330916031940594e-12	8.028380368229218e-12	4.242937851895061e-12
sub-8	04	03	sub-8/ses-04/run-03/tsv-row-14	14	right_hand	2	95.092	5.0	23773	25023	sub-8/ses-04/eeg/sub-8_ses-04_task-imagery_run-03_eeg.edf	test_exploratory	106.37745652027958	False	1.3971557901368033e-12	1.3748940825358288e-12	5.5881352659174645e-12	6.86586077497397e-12
sub-8	04	03	sub-8/ses-04/run-03/tsv-row-15	15	right_hand	2	101.98	5.0	25495	26745	sub-8/ses-04/eeg/sub-8_ses-04_task-imagery_run-03_eeg.edf	test_exploratory	241.31445731833855	False	7.6587155294066e-13	1.3169006445364478e-12	3.591038784517429e-12	4.9345810472621565e-12
sub-8	04	03	sub-8/ses-04/run-03/tsv-row-16	16	rest	1	108.852	5.0	27213	28463	sub-8/ses-04/eeg/sub-8_ses-04_task-imagery_run-03_eeg.edf	test_exploratory	173.30633778038882	False	1.1795371093088258e-12	9.963116963903385e-13	5.050259789854997e-12	3.733317905112131e-12
sub-8	04	03	sub-8/ses-04/run-03/tsv-row-17	17	rest	1	115.756	5.0	28939	30189	sub-8/ses-04/eeg/sub-8_ses-04_task-imagery_run-03_eeg.edf	test_exploratory	59.03594460127567	False	1.1409707560485316e-12	1.17816672544135e-12	4.671821950660729e-12	3.746625924316368e-12
sub-8	04	03	sub-8/ses-04/run-03/tsv-row-18	18	right_hand	2	122.64	5.0	30660	31910	sub-8/ses-04/eeg/sub-8_ses-04_task-imagery_run-03_eeg.edf	test_exploratory	165.7355618015076	False	1.4589277182458827e-12	1.3764431621050303e-12	6.213325116666986e-12	4.328446071719684e-12
sub-8	04	03	sub-8/ses-04/run-03/tsv-row-19	19	rest	1	129.528	5.0	32382	33632	sub-8/ses-04/eeg/sub-8_ses-04_task-imagery_run-03_eeg.edf	test_exploratory	242.9091526841029	False	1.106947517074122e-12	1.3364067690946384e-12	4.594883807943633e-12	6.291828715629949e-12
sub-8	04	03	sub-8/ses-04/run-03/tsv-row-20	20	right_hand	2	136.412	5.0	34103	35353	sub-8/ses-04/eeg/sub-8_ses-04_task-imagery_run-03_eeg.edf	test_exploratory	108.10101615802486	False	1.327847774933812e-12	1.4106321376615426e-12	6.437678719433277e-12	5.716431474013144e-12
sub-8	04	03	sub-8/ses-04/run-03/tsv-row-21	21	right_hand	2	143.3	5.0	35825	37075	sub-8/ses-04/eeg/sub-8_ses-04_task-imagery_run-03_eeg.edf	test_exploratory	66.83223305612354	False	1.3842067976750615e-12	1.1822778617211295e-12	6.708084374907238e-12	3.877402743530731e-12
sub-8	04	03	sub-8/ses-04/run-03/tsv-row-22	22	rest	1	150.188	5.0	37547	38797	sub-8/ses-04/eeg/sub-8_ses-04_task-imagery_run-03_eeg.edf	test_exploratory	227.23603560441907	False	1.930459717468004e-12	1.2546637912137057e-12	8.029980263274832e-12	4.302474457465111e-12
sub-8	04	03	sub-8/ses-04/run-03/tsv-row-23	23	rest	1	157.092	5.0	39273	40523	sub-8/ses-04/eeg/sub-8_ses-04_task-imagery_run-03_eeg.edf	test_exploratory	168.7638721930601	False	1.3375057905443322e-12	1.3608268205372038e-12	5.9935074518792636e-12	4.495245916048796e-12
sub-8	04	03	sub-8/ses-04/run-03/tsv-row-24	24	right_hand	2	163.96	5.0	40990	42240	sub-8/ses-04/eeg/sub-8_ses-04_task-imagery_run-03_eeg.edf	test_exploratory	122.96873153782768	False	1.2082955500268628e-12	1.4351329210302504e-12	4.601118379631229e-12	5.243472228448638e-12
sub-8	04	03	sub-8/ses-04/run-03/tsv-row-25	25	right_hand	2	170.848	5.0	42712	43962	sub-8/ses-04/eeg/sub-8_ses-04_task-imagery_run-03_eeg.edf	test_exploratory	323.2882423322245	False	1.0640133699122053e-12	1.1996679713887723e-12	4.552980197046556e-12	4.33020285458653e-12
sub-8	04	03	sub-8/ses-04/run-03/tsv-row-26	26	rest	1	177.752	5.0	44438	45688	sub-8/ses-04/eeg/sub-8_ses-04_task-imagery_run-03_eeg.edf	test_exploratory	207.58423412732324	False	1.4459088080909355e-12	1.1258917982500326e-12	4.870217436345499e-12	3.898699078781867e-12
sub-8	04	03	sub-8/ses-04/run-03/tsv-row-27	27	rest	1	184.64	5.0	46160	47410	sub-8/ses-04/eeg/sub-8_ses-04_task-imagery_run-03_eeg.edf	test_exploratory	200.48059113437301	False	1.4312940130740661e-12	1.0158527358856822e-12	6.0495173770264806e-12	3.4659246569765072e-12
sub-8	04	03	sub-8/ses-04/run-03/tsv-row-28	28	right_hand	2	191.508	5.0	47877	49127	sub-8/ses-04/eeg/sub-8_ses-04_task-imagery_run-03_eeg.edf	test_exploratory	105.31432627643666	False	1.1089342627926093e-12	1.2472908947457745e-12	4.126962677788491e-12	3.725381716641366e-12
sub-8	04	03	sub-8/ses-04/run-03/tsv-row-29	29	rest	1	198.412	5.0	49603	50853	sub-8/ses-04/eeg/sub-8_ses-04_task-imagery_run-03_eeg.edf	test_exploratory	217.41013486587116	False	1.8376864620038386e-12	1.2654511495510506e-12	6.0864783257370256e-12	4.165431720485264e-12
sub-8	04	03	sub-8/ses-04/run-03/tsv-row-30	30	right_hand	2	205.296	5.0	51324	52574	sub-8/ses-04/eeg/sub-8_ses-04_task-imagery_run-03_eeg.edf	test_exploratory	400.31686090884125	False	8.320380615895932e-13	1.455820284674287e-12	4.4218594136729845e-12	6.878076913210572e-12
sub-8	04	03	sub-8/ses-04/run-03/tsv-row-31	31	rest	1	212.188	5.0	53047	54297	sub-8/ses-04/eeg/sub-8_ses-04_task-imagery_run-03_eeg.edf	test_exploratory	360.7555294106876	False	1.3506656292658563e-12	1.152051866624335e-12	5.058260976891159e-12	2.81915799704954e-12
sub-8	04	03	sub-8/ses-04/run-03/tsv-row-32	32	right_hand	2	219.052	5.0	54763	56013	sub-8/ses-04/eeg/sub-8_ses-04_task-imagery_run-03_eeg.edf	test_exploratory	257.1647627719962	False	1.396583626722196e-12	1.1873633534724218e-12	6.142800883699759e-12	4.681069936098109e-12
sub-8	04	04	sub-8/ses-04/run-04/tsv-row-1	1	rest	1	13.768	5.0	3442	4692	sub-8/ses-04/eeg/sub-8_ses-04_task-imagery_run-04_eeg.edf	test_exploratory	248.38587836848043	False	1.0367737567733022e-12	1.1080636168320894e-12	4.1389867748936876e-12	3.886763952314779e-12
sub-8	04	04	sub-8/ses-04/run-04/tsv-row-2	2	right_hand	2	20.652	5.0	5163	6413	sub-8/ses-04/eeg/sub-8_ses-04_task-imagery_run-04_eeg.edf	test_exploratory	118.38751598864711	False	1.4329388848573123e-12	1.240087615169052e-12	6.464067014014192e-12	3.927227111112691e-12
sub-8	04	04	sub-8/ses-04/run-04/tsv-row-3	3	right_hand	2	27.556	5.0	6889	8139	sub-8/ses-04/eeg/sub-8_ses-04_task-imagery_run-04_eeg.edf	test_exploratory	78.6734936506241	False	1.1282398780229257e-12	1.3319277516575573e-12	3.919978931274343e-12	4.151896546585321e-12
sub-8	04	04	sub-8/ses-04/run-04/tsv-row-4	4	rest	1	34.448	5.0	8612	9862	sub-8/ses-04/eeg/sub-8_ses-04_task-imagery_run-04_eeg.edf	test_exploratory	214.1692992156743	False	1.1115447435314832e-12	1.048084505197564e-12	4.504659408264755e-12	3.2701486840485313e-12
sub-8	04	04	sub-8/ses-04/run-04/tsv-row-5	5	right_hand	2	41.312	5.0	10328	11578	sub-8/ses-04/eeg/sub-8_ses-04_task-imagery_run-04_eeg.edf	test_exploratory	121.51351309396648	False	1.3961054781857242e-12	1.177142786711693e-12	5.8717449665611735e-12	4.476292052449395e-12
sub-8	04	04	sub-8/ses-04/run-04/tsv-row-6	6	rest	1	48.22	5.0	12055	13305	sub-8/ses-04/eeg/sub-8_ses-04_task-imagery_run-04_eeg.edf	test_exploratory	350.08087779473243	False	1.5406251702961638e-12	1.2682798120402399e-12	6.676820555071439e-12	4.48320317626125e-12
sub-8	04	04	sub-8/ses-04/run-04/tsv-row-7	7	rest	1	55.108	5.0	13777	15027	sub-8/ses-04/eeg/sub-8_ses-04_task-imagery_run-04_eeg.edf	test_exploratory	224.1940485534226	False	1.4454172281831396e-12	1.3920390634415434e-12	5.060798418491603e-12	5.716960643457795e-12
sub-8	04	04	sub-8/ses-04/run-04/tsv-row-8	8	right_hand	2	61.992	5.0	15498	16748	sub-8/ses-04/eeg/sub-8_ses-04_task-imagery_run-04_eeg.edf	test_exploratory	260.44329577471234	False	1.0979042042195814e-12	1.0410387635445555e-12	3.84053985806548e-12	3.4345481706353737e-12
sub-8	04	04	sub-8/ses-04/run-04/tsv-row-9	9	rest	1	68.88	5.0	17220	18470	sub-8/ses-04/eeg/sub-8_ses-04_task-imagery_run-04_eeg.edf	test_exploratory	249.71019241309847	False	1.0818487441278894e-12	1.0913142068404379e-12	3.999764403997125e-12	3.4050754774430073e-12
sub-8	04	04	sub-8/ses-04/run-04/tsv-row-10	10	right_hand	2	75.764	5.0	18941	20191	sub-8/ses-04/eeg/sub-8_ses-04_task-imagery_run-04_eeg.edf	test_exploratory	106.60728059175386	False	1.4395939069628154e-12	1.0929158201464733e-12	5.074848674384358e-12	3.8858422936197205e-12
sub-8	04	04	sub-8/ses-04/run-04/tsv-row-11	11	rest	1	82.652	5.0	20663	21913	sub-8/ses-04/eeg/sub-8_ses-04_task-imagery_run-04_eeg.edf	test_exploratory	264.0158638950773	False	1.424159797374498e-12	1.2982229626249055e-12	4.894322932191448e-12	4.757836345558517e-12
sub-8	04	04	sub-8/ses-04/run-04/tsv-row-12	12	right_hand	2	89.556	5.0	22389	23639	sub-8/ses-04/eeg/sub-8_ses-04_task-imagery_run-04_eeg.edf	test_exploratory	210.92011010620436	False	1.4844275225893578e-12	1.584839906900012e-12	5.8267544995629e-12	5.6831329643905305e-12
sub-8	04	04	sub-8/ses-04/run-04/tsv-row-13	13	right_hand	2	96.44	5.0	24110	25360	sub-8/ses-04/eeg/sub-8_ses-04_task-imagery_run-04_eeg.edf	test_exploratory	244.65932024292727	False	1.158804164674672e-12	1.1339766803016212e-12	5.012180672458779e-12	4.073868432573594e-12
sub-8	04	04	sub-8/ses-04/run-04/tsv-row-14	14	rest	1	103.316	5.0	25829	27079	sub-8/ses-04/eeg/sub-8_ses-04_task-imagery_run-04_eeg.edf	test_exploratory	200.89536076845596	False	1.601982697316011e-12	1.3747462493635342e-12	6.598423796290293e-12	5.105320395033822e-12
sub-8	04	04	sub-8/ses-04/run-04/tsv-row-15	15	right_hand	2	110.2	5.0	27550	28800	sub-8/ses-04/eeg/sub-8_ses-04_task-imagery_run-04_eeg.edf	test_exploratory	199.86362773369547	False	1.6441534484810908e-12	1.3104325127332394e-12	6.405839177510457e-12	4.732510705415599e-12
sub-8	04	04	sub-8/ses-04/run-04/tsv-row-16	16	rest	1	117.104	5.0	29276	30526	sub-8/ses-04/eeg/sub-8_ses-04_task-imagery_run-04_eeg.edf	test_exploratory	224.30184155705433	False	2.1097242437022427e-12	1.5916547169989268e-12	9.078855052207064e-12	6.416461157792622e-12
sub-8	04	04	sub-8/ses-04/run-04/tsv-row-17	17	right_hand	2	123.972	5.0	30993	32243	sub-8/ses-04/eeg/sub-8_ses-04_task-imagery_run-04_eeg.edf	test_exploratory	220.63687943357644	False	1.417184565885036e-12	1.167975721172337e-12	7.0738678955391366e-12	5.2378878121352735e-12
sub-8	04	04	sub-8/ses-04/run-04/tsv-row-18	18	rest	1	130.86	5.0	32715	33965	sub-8/ses-04/eeg/sub-8_ses-04_task-imagery_run-04_eeg.edf	test_exploratory	217.32609432203122	False	1.44660362604782e-12	1.1468521361811966e-12	6.2164963883877526e-12	3.671744401673005e-12
sub-8	04	04	sub-8/ses-04/run-04/tsv-row-19	19	right_hand	2	137.764	5.0	34441	35691	sub-8/ses-04/eeg/sub-8_ses-04_task-imagery_run-04_eeg.edf	test_exploratory	257.1633086642048	False	1.1324246795717216e-12	1.4840530719010725e-12	4.3064219217051094e-12	5.579597713270393e-12
sub-8	04	04	sub-8/ses-04/run-04/tsv-row-20	20	rest	1	144.652	5.0	36163	37413	sub-8/ses-04/eeg/sub-8_ses-04_task-imagery_run-04_eeg.edf	test_exploratory	288.3462847148044	False	1.8167949956390188e-12	1.1777374358474108e-12	7.049936181182317e-12	3.1650312121668617e-12
sub-8	04	04	sub-8/ses-04/run-04/tsv-row-21	21	right_hand	2	151.52	5.0	37880	39130	sub-8/ses-04/eeg/sub-8_ses-04_task-imagery_run-04_eeg.edf	test_exploratory	115.44630688955348	False	1.118613084731923e-12	1.2687145134134658e-12	4.8679032283211024e-12	4.0122582446323425e-12
sub-8	04	04	sub-8/ses-04/run-04/tsv-row-22	22	rest	1	158.424	5.0	39606	40856	sub-8/ses-04/eeg/sub-8_ses-04_task-imagery_run-04_eeg.edf	test_exploratory	243.47359720297857	False	1.5146511830135597e-12	1.4182606978340937e-12	5.507229126640439e-12	4.791110604066357e-12
sub-8	04	04	sub-8/ses-04/run-04/tsv-row-23	23	right_hand	2	165.308	5.0	41327	42577	sub-8/ses-04/eeg/sub-8_ses-04_task-imagery_run-04_eeg.edf	test_exploratory	233.9724138828699	False	1.4313427867916257e-12	1.0532543198608782e-12	5.5868443043459045e-12	3.4875232983832007e-12
sub-8	04	04	sub-8/ses-04/run-04/tsv-row-24	24	rest	1	172.2	5.0	43050	44300	sub-8/ses-04/eeg/sub-8_ses-04_task-imagery_run-04_eeg.edf	test_exploratory	191.53276845301676	False	1.6172317950584056e-12	1.301642399787699e-12	6.22370377456998e-12	5.048461667352259e-12
sub-8	04	04	sub-8/ses-04/run-04/tsv-row-25	25	rest	1	179.088	5.0	44772	46022	sub-8/ses-04/eeg/sub-8_ses-04_task-imagery_run-04_eeg.edf	test_exploratory	168.81924268776507	False	1.7108403392340775e-12	1.2426603220353345e-12	7.57429318443609e-12	4.911647519748788e-12
sub-8	04	04	sub-8/ses-04/run-04/tsv-row-26	26	right_hand	2	185.968	5.0	46492	47742	sub-8/ses-04/eeg/sub-8_ses-04_task-imagery_run-04_eeg.edf	test_exploratory	114.15279084597306	False	1.4430028348689405e-12	1.266618707846211e-12	6.546110292973875e-12	4.5048976192901885e-12
sub-8	04	04	sub-8/ses-04/run-04/tsv-row-27	27	right_hand	2	192.856	5.0	48214	49464	sub-8/ses-04/eeg/sub-8_ses-04_task-imagery_run-04_eeg.edf	test_exploratory	223.71667953733936	False	1.1176640185539015e-12	1.3256498918854574e-12	4.9487707212983435e-12	4.290143504974816e-12
sub-8	04	04	sub-8/ses-04/run-04/tsv-row-28	28	rest	1	199.764	5.0	49941	51191	sub-8/ses-04/eeg/sub-8_ses-04_task-imagery_run-04_eeg.edf	test_exploratory	248.8786463850825	False	2.1926130772153804e-12	1.4040289900313886e-12	1.0045045399124117e-11	4.161936380595052e-12
sub-8	04	04	sub-8/ses-04/run-04/tsv-row-29	29	right_hand	2	206.632	5.0	51658	52908	sub-8/ses-04/eeg/sub-8_ses-04_task-imagery_run-04_eeg.edf	test_exploratory	275.4111242790002	False	1.390534875573953e-12	1.4061235606180937e-12	5.976728003640293e-12	4.166502269851827e-12
sub-8	04	04	sub-8/ses-04/run-04/tsv-row-30	30	rest	1	213.52	5.0	53380	54630	sub-8/ses-04/eeg/sub-8_ses-04_task-imagery_run-04_eeg.edf	test_exploratory	237.79136601153596	False	1.299153667979776e-12	1.6078098099390352e-12	5.7643938545708955e-12	4.504052731367423e-12
sub-8	04	04	sub-8/ses-04/run-04/tsv-row-31	31	right_hand	2	220.42	5.0	55105	56355	sub-8/ses-04/eeg/sub-8_ses-04_task-imagery_run-04_eeg.edf	test_exploratory	244.96730025330362	False	1.22201105284438e-12	1.166780381425758e-12	6.409546797613865e-12	4.704676620780906e-12
sub-8	04	04	sub-8/ses-04/run-04/tsv-row-32	32	rest	1	227.312	5.0	56828	58078	sub-8/ses-04/eeg/sub-8_ses-04_task-imagery_run-04_eeg.edf	test_exploratory	201.85009880062256	False	2.5341460291236644e-12	1.5720332687298215e-12	1.1149325052728607e-11	5.705384017086963e-12
sub-8	04	05	sub-8/ses-04/run-05/tsv-row-1	1	rest	1	4.796	5.0	1199	2449	sub-8/ses-04/eeg/sub-8_ses-04_task-imagery_run-05_eeg.edf	test_exploratory	228.09231716360978	False	1.0176208685124594e-12	1.1083202649987113e-12	4.772046972115407e-12	3.88387294835296e-12
sub-8	04	05	sub-8/ses-04/run-05/tsv-row-2	2	right_hand	2	11.668	5.0	2917	4167	sub-8/ses-04/eeg/sub-8_ses-04_task-imagery_run-05_eeg.edf	test_exploratory	246.5481448255869	False	1.3066955334181784e-12	1.203027332152261e-12	5.3111444781513066e-12	3.747777685916091e-12
sub-8	04	05	sub-8/ses-04/run-05/tsv-row-3	3	right_hand	2	18.572	5.0	4643	5893	sub-8/ses-04/eeg/sub-8_ses-04_task-imagery_run-05_eeg.edf	test_exploratory	93.36477523117787	False	1.4601308221001088e-12	1.2316549223174691e-12	5.712165920407713e-12	4.693804775231841e-12
sub-8	04	05	sub-8/ses-04/run-05/tsv-row-4	4	rest	1	25.46	5.0	6365	7615	sub-8/ses-04/eeg/sub-8_ses-04_task-imagery_run-05_eeg.edf	test_exploratory	244.37687098300125	False	1.0831190767930238e-12	1.2154801689705409e-12	4.657473271833327e-12	3.8094603716650215e-12
sub-8	04	05	sub-8/ses-04/run-05/tsv-row-5	5	right_hand	2	32.344	5.0	8086	9336	sub-8/ses-04/eeg/sub-8_ses-04_task-imagery_run-05_eeg.edf	test_exploratory	135.0532330088197	False	1.1797989334485569e-12	1.1972782642634676e-12	4.534238281372108e-12	3.968289982932919e-12
sub-8	04	05	sub-8/ses-04/run-05/tsv-row-6	6	rest	1	39.216	5.0	9804	11054	sub-8/ses-04/eeg/sub-8_ses-04_task-imagery_run-05_eeg.edf	test_exploratory	228.74369931638557	False	1.4974720062663748e-12	9.941133545804345e-13	7.625262456530663e-12	3.3578981087421183e-12
sub-8	04	05	sub-8/ses-04/run-05/tsv-row-7	7	rest	1	46.12	5.0	11530	12780	sub-8/ses-04/eeg/sub-8_ses-04_task-imagery_run-05_eeg.edf	test_exploratory	126.47670133060707	False	1.9341726969583704e-12	9.978711552751821e-13	9.469713562499092e-12	3.5235144848968085e-12
sub-8	04	05	sub-8/ses-04/run-05/tsv-row-8	8	right_hand	2	53.004	5.0	13251	14501	sub-8/ses-04/eeg/sub-8_ses-04_task-imagery_run-05_eeg.edf	test_exploratory	138.63583484908597	False	1.1225263959347922e-12	1.12086469413434e-12	4.253767823746782e-12	4.494969488405835e-12
sub-8	04	05	sub-8/ses-04/run-05/tsv-row-9	9	right_hand	2	59.892	5.0	14973	16223	sub-8/ses-04/eeg/sub-8_ses-04_task-imagery_run-05_eeg.edf	test_exploratory	78.05729464094975	False	1.8722224815092217e-12	1.184065786752738e-12	8.449727165361396e-12	4.636539252712025e-12
sub-8	04	05	sub-8/ses-04/run-05/tsv-row-10	10	rest	1	66.78	5.0	16695	17945	sub-8/ses-04/eeg/sub-8_ses-04_task-imagery_run-05_eeg.edf	test_exploratory	216.5845657979064	False	1.6087329080469344e-12	1.063176642126987e-12	7.32106097550156e-12	3.4403177749128697e-12
sub-8	04	05	sub-8/ses-04/run-05/tsv-row-11	11	right_hand	2	73.664	5.0	18416	19666	sub-8/ses-04/eeg/sub-8_ses-04_task-imagery_run-05_eeg.edf	test_exploratory	221.25280455946537	False	1.1914791243537415e-12	1.1505796179989357e-12	4.943179014238415e-12	4.494403815569694e-12
sub-8	04	05	sub-8/ses-04/run-05/tsv-row-12	12	rest	1	80.556	5.0	20139	21389	sub-8/ses-04/eeg/sub-8_ses-04_task-imagery_run-05_eeg.edf	test_exploratory	201.81990366832497	False	1.7785910354057164e-12	1.20489079446111e-12	7.45602176610584e-12	4.815336717637557e-12
sub-8	04	05	sub-8/ses-04/run-05/tsv-row-13	13	rest	1	87.456	5.0	21864	23114	sub-8/ses-04/eeg/sub-8_ses-04_task-imagery_run-05_eeg.edf	test_exploratory	658.8730475325783	False	1.781551676952091e-12	1.558837528994774e-12	7.815998338223524e-12	5.17200767845472e-12
sub-8	04	05	sub-8/ses-04/run-05/tsv-row-14	14	right_hand	2	94.324	5.0	23581	24831	sub-8/ses-04/eeg/sub-8_ses-04_task-imagery_run-05_eeg.edf	test_exploratory	130.81924901577804	False	1.4125600288923594e-12	1.365248696039788e-12	6.9340423528420185e-12	4.237786183933507e-12
sub-8	04	05	sub-8/ses-04/run-05/tsv-row-15	15	right_hand	2	101.228	5.0	25307	26557	sub-8/ses-04/eeg/sub-8_ses-04_task-imagery_run-05_eeg.edf	test_exploratory	198.34586552018797	False	1.0054414845436497e-12	1.1016571923962256e-12	3.1125266261598134e-12	3.471908961618162e-12
sub-8	04	05	sub-8/ses-04/run-05/tsv-row-16	16	rest	1	108.116	5.0	27029	28279	sub-8/ses-04/eeg/sub-8_ses-04_task-imagery_run-05_eeg.edf	test_exploratory	248.39372759178443	False	1.2632941582061528e-12	9.689556898891113e-13	4.677914897306846e-12	3.639414199442258e-12
sub-8	04	05	sub-8/ses-04/run-05/tsv-row-17	17	rest	1	115.004	5.0	28751	30001	sub-8/ses-04/eeg/sub-8_ses-04_task-imagery_run-05_eeg.edf	test_exploratory	206.48814242988374	False	1.36653509755868e-12	1.3610814778655846e-12	7.683031111312027e-12	3.5574893399830448e-12
sub-8	04	05	sub-8/ses-04/run-05/tsv-row-18	18	right_hand	2	121.872	5.0	30468	31718	sub-8/ses-04/eeg/sub-8_ses-04_task-imagery_run-05_eeg.edf	test_exploratory	226.3552980895413	False	1.3229200826387214e-12	1.5057227247203216e-12	5.544748852234958e-12	5.7169227193593486e-12
sub-8	04	05	sub-8/ses-04/run-05/tsv-row-19	19	right_hand	2	128.776	5.0	32194	33444	sub-8/ses-04/eeg/sub-8_ses-04_task-imagery_run-05_eeg.edf	test_exploratory	226.57242547379997	False	1.3090490266496651e-12	1.6145823043734932e-12	6.105846452754314e-12	5.547373290919537e-12
sub-8	04	05	sub-8/ses-04/run-05/tsv-row-20	20	rest	1	135.664	5.0	33916	35166	sub-8/ses-04/eeg/sub-8_ses-04_task-imagery_run-05_eeg.edf	test_exploratory	262.8326986449781	False	1.1890685000040394e-12	9.402619882284699e-13	5.695503193420051e-12	3.939412177981082e-12
sub-8	04	05	sub-8/ses-04/run-05/tsv-row-21	21	rest	1	142.552	5.0	35638	36888	sub-8/ses-04/eeg/sub-8_ses-04_task-imagery_run-05_eeg.edf	test_exploratory	196.50028275399018	False	1.4282145214790524e-12	1.149062361629492e-12	6.561754363326167e-12	4.302720497763695e-12
sub-8	04	05	sub-8/ses-04/run-05/tsv-row-22	22	right_hand	2	149.436	5.0	37359	38609	sub-8/ses-04/eeg/sub-8_ses-04_task-imagery_run-05_eeg.edf	test_exploratory	1118.3145926236762	False	1.6398510966260468e-12	1.2654414888659821e-12	5.379136455641991e-12	4.1668541316363595e-12
sub-8	04	05	sub-8/ses-04/run-05/tsv-row-23	23	right_hand	2	156.324	5.0	39081	40331	sub-8/ses-04/eeg/sub-8_ses-04_task-imagery_run-05_eeg.edf	test_exploratory	217.77876641132843	False	1.338791347492425e-12	1.3476481064134873e-12	5.777329954717347e-12	5.9518443012654356e-12
sub-8	04	05	sub-8/ses-04/run-05/tsv-row-24	24	rest	1	163.212	5.0	40803	42053	sub-8/ses-04/eeg/sub-8_ses-04_task-imagery_run-05_eeg.edf	test_exploratory	644.7597675557723	False	1.2868613271144491e-12	1.2353457238872593e-12	5.1827302683928846e-12	3.996531415922417e-12
sub-8	04	05	sub-8/ses-04/run-05/tsv-row-25	25	rest	1	170.1	5.0	42525	43775	sub-8/ses-04/eeg/sub-8_ses-04_task-imagery_run-05_eeg.edf	test_exploratory	185.86104092532128	False	1.378174985960783e-12	1.0727569131029492e-12	5.748252323341301e-12	3.8142022787069325e-12
sub-8	04	05	sub-8/ses-04/run-05/tsv-row-26	26	right_hand	2	176.984	5.0	44246	45496	sub-8/ses-04/eeg/sub-8_ses-04_task-imagery_run-05_eeg.edf	test_exploratory	251.1078198950163	False	1.4729949856286604e-12	1.260551445767785e-12	6.230570109356937e-12	4.5388101947752876e-12
sub-8	04	05	sub-8/ses-04/run-05/tsv-row-27	27	right_hand	2	183.872	5.0	45968	47218	sub-8/ses-04/eeg/sub-8_ses-04_task-imagery_run-05_eeg.edf	test_exploratory	221.36136825159474	False	1.7635252577963727e-12	1.1627529519003412e-12	6.913843284053681e-12	5.084751428041878e-12
sub-8	04	05	sub-8/ses-04/run-05/tsv-row-28	28	rest	1	190.76	5.0	47690	48940	sub-8/ses-04/eeg/sub-8_ses-04_task-imagery_run-05_eeg.edf	test_exploratory	257.2959503463851	False	2.154259948059315e-12	1.6276101746900376e-12	9.618334395536712e-12	5.077691084031555e-12
sub-8	04	05	sub-8/ses-04/run-05/tsv-row-29	29	right_hand	2	197.66	5.0	49415	50665	sub-8/ses-04/eeg/sub-8_ses-04_task-imagery_run-05_eeg.edf	test_exploratory	217.6702027191993	False	1.7344372170567977e-12	1.1297271337346977e-12	6.51217493845166e-12	4.4263034200725285e-12
sub-8	04	05	sub-8/ses-04/run-05/tsv-row-30	30	rest	1	204.532	5.0	51133	52383	sub-8/ses-04/eeg/sub-8_ses-04_task-imagery_run-05_eeg.edf	test_exploratory	1022.6699798577836	False	1.2505410024770865e-12	1.5422936450582281e-12	6.174210951987152e-12	4.48816013126416e-12
sub-8	04	05	sub-8/ses-04/run-05/tsv-row-31	31	rest	1	211.42	5.0	52855	54105	sub-8/ses-04/eeg/sub-8_ses-04_task-imagery_run-05_eeg.edf	test_exploratory	196.71741013824885	False	2.491035554517679e-12	1.6125038545797849e-12	1.0371210456655343e-11	5.9894925282682354e-12
sub-8	04	05	sub-8/ses-04/run-05/tsv-row-32	32	right_hand	2	218.32	5.0	54580	55830	sub-8/ses-04/eeg/sub-8_ses-04_task-imagery_run-05_eeg.edf	test_exploratory	118.66011549729909	False	1.3609963256097386e-12	1.5469687776727526e-12	5.972587889558958e-12	4.055123303004639e-12
sub-8	04	06	sub-8/ses-04/run-06/tsv-row-1	1	right_hand	2	4.82	5.0	1205	2455	sub-8/ses-04/eeg/sub-8_ses-04_task-imagery_run-06_eeg.edf	test_exploratory	173.53946836756495	False	9.54331840127139e-13	1.4013313638402931e-12	3.4448666526839233e-12	4.628315721253419e-12
sub-8	04	06	sub-8/ses-04/run-06/tsv-row-2	2	rest	1	11.696	5.0	2924	4174	sub-8/ses-04/eeg/sub-8_ses-04_task-imagery_run-06_eeg.edf	test_exploratory	106.1723355815303	False	1.8832912498794304e-12	1.3704907383894043e-12	8.412283337236603e-12	4.871430632655596e-12
sub-8	04	06	sub-8/ses-04/run-06/tsv-row-3	3	right_hand	2	18.58	5.0	4645	5895	sub-8/ses-04/eeg/sub-8_ses-04_task-imagery_run-06_eeg.edf	test_exploratory	121.13076570940271	False	1.0155424671599518e-12	1.5372331613804584e-12	4.214925926986235e-12	5.366266673941146e-12
sub-8	04	06	sub-8/ses-04/run-06/tsv-row-4	4	rest	1	25.484	5.0	6371	7621	sub-8/ses-04/eeg/sub-8_ses-04_task-imagery_run-06_eeg.edf	test_exploratory	230.7717227698599	False	1.3363653180901793e-12	1.2199007055711076e-12	5.2333274148984906e-12	4.1994493818529784e-12
sub-8	04	06	sub-8/ses-04/run-06/tsv-row-5	5	rest	1	32.372	5.0	8093	9343	sub-8/ses-04/eeg/sub-8_ses-04_task-imagery_run-06_eeg.edf	test_exploratory	86.28195928830836	False	1.7324057341645061e-12	1.3724241433056254e-12	8.437582806748405e-12	5.11472176600658e-12
sub-8	04	06	sub-8/ses-04/run-06/tsv-row-6	6	right_hand	2	39.24	5.0	9810	11060	sub-8/ses-04/eeg/sub-8_ses-04_task-imagery_run-06_eeg.edf	test_exploratory	215.81329264198746	False	1.2917679224057676e-12	1.2294942559272694e-12	6.174493450956483e-12	4.020372554429517e-12
sub-8	04	06	sub-8/ses-04/run-06/tsv-row-7	7	right_hand	2	46.144	5.0	11536	12786	sub-8/ses-04/eeg/sub-8_ses-04_task-imagery_run-06_eeg.edf	test_exploratory	80.10347727896965	False	1.2303761233723346e-12	1.5738190714156216e-12	5.133854421644843e-12	4.7146692083823766e-12
sub-8	04	06	sub-8/ses-04/run-06/tsv-row-8	8	rest	1	53.032	5.0	13258	14508	sub-8/ses-04/eeg/sub-8_ses-04_task-imagery_run-06_eeg.edf	test_exploratory	336.07690298165835	False	1.5063060822153994e-12	1.082328191750183e-12	7.596048292212573e-12	4.2845303549569904e-12
sub-8	04	06	sub-8/ses-04/run-06/tsv-row-9	9	right_hand	2	59.916	5.0	14979	16229	sub-8/ses-04/eeg/sub-8_ses-04_task-imagery_run-06_eeg.edf	test_exploratory	140.09978942228463	False	1.6199575305332307e-12	1.2330433446683669e-12	6.014665211888449e-12	4.58466354592465e-12
sub-8	04	06	sub-8/ses-04/run-06/tsv-row-10	10	rest	1	66.808	5.0	16702	17952	sub-8/ses-04/eeg/sub-8_ses-04_task-imagery_run-06_eeg.edf	test_exploratory	247.1392803735466	False	1.4358250373409003e-12	1.3838257161036494e-12	8.101208096102626e-12	5.342805021703544e-12
sub-8	04	06	sub-8/ses-04/run-06/tsv-row-11	11	rest	1	73.708	5.0	18427	19677	sub-8/ses-04/eeg/sub-8_ses-04_task-imagery_run-06_eeg.edf	test_exploratory	77.5562083803827	False	1.6878556357028247e-12	1.4635273415175645e-12	6.80625919785478e-12	5.951693431897844e-12
sub-8	04	06	sub-8/ses-04/run-06/tsv-row-12	12	right_hand	2	80.576	5.0	20144	21394	sub-8/ses-04/eeg/sub-8_ses-04_task-imagery_run-06_eeg.edf	test_exploratory	133.92130741294613	False	1.2853025143023084e-12	1.3024720202400974e-12	4.963267620377124e-12	4.466273502359082e-12
sub-8	04	06	sub-8/ses-04/run-06/tsv-row-13	13	right_hand	2	87.48	5.0	21870	23120	sub-8/ses-04/eeg/sub-8_ses-04_task-imagery_run-06_eeg.edf	test_exploratory	87.52849513229762	False	1.4582153650828318e-12	1.1051450690994212e-12	6.2606267203095906e-12	3.980948687601315e-12
sub-8	04	06	sub-8/ses-04/run-06/tsv-row-14	14	rest	1	94.352	5.0	23588	24838	sub-8/ses-04/eeg/sub-8_ses-04_task-imagery_run-06_eeg.edf	test_exploratory	201.83041230506316	False	2.7687482955718103e-12	1.2581291040807097e-12	1.0939934070029578e-11	4.459691281775147e-12
sub-8	04	06	sub-8/ses-04/run-06/tsv-row-15	15	right_hand	2	101.236	5.0	25309	26559	sub-8/ses-04/eeg/sub-8_ses-04_task-imagery_run-06_eeg.edf	test_exploratory	121.5643433942687	False	1.1447804748555808e-12	1.1652625712717583e-12	4.531430887558966e-12	4.6192308717368876e-12
sub-8	04	06	sub-8/ses-04/run-06/tsv-row-16	16	rest	1	108.144	5.0	27036	28286	sub-8/ses-04/eeg/sub-8_ses-04_task-imagery_run-06_eeg.edf	test_exploratory	173.4310739463485	False	1.2177500056617156e-12	1.2315642717754732e-12	5.4381545781687646e-12	5.2860170147367194e-12
sub-8	04	06	sub-8/ses-04/run-06/tsv-row-17	17	rest	1	115.032	5.0	28758	30008	sub-8/ses-04/eeg/sub-8_ses-04_task-imagery_run-06_eeg.edf	test_exploratory	87.9620728171635	False	9.5766274466584e-13	1.1765546590738627e-12	3.726745020775994e-12	5.0062049610679285e-12
sub-8	04	06	sub-8/ses-04/run-06/tsv-row-18	18	right_hand	2	121.896	5.0	30474	31724	sub-8/ses-04/eeg/sub-8_ses-04_task-imagery_run-06_eeg.edf	test_exploratory	133.4335325174718	False	1.2339778986077453e-12	1.1097294590697721e-12	5.35131038896968e-12	4.1337271568621005e-12
sub-8	04	06	sub-8/ses-04/run-06/tsv-row-19	19	rest	1	128.804	5.0	32201	33451	sub-8/ses-04/eeg/sub-8_ses-04_task-imagery_run-06_eeg.edf	test_exploratory	248.0606329538866	False	1.329295644730289e-12	1.231457123925891e-12	5.1506540218059826e-12	4.141319658252914e-12
sub-8	04	06	sub-8/ses-04/run-06/tsv-row-20	20	right_hand	2	135.688	5.0	33922	35172	sub-8/ses-04/eeg/sub-8_ses-04_task-imagery_run-06_eeg.edf	test_exploratory	184.70409375286113	False	1.2344903360758768e-12	1.186478468403959e-12	6.504726109389176e-12	4.387016729143381e-12
sub-8	04	06	sub-8/ses-04/run-06/tsv-row-21	21	rest	1	142.576	5.0	35644	36894	sub-8/ses-04/eeg/sub-8_ses-04_task-imagery_run-06_eeg.edf	test_exploratory	491.62289742728956	False	1.917904475841204e-12	1.457762438791e-12	6.895233992601521e-12	4.213006218636569e-12
sub-8	04	06	sub-8/ses-04/run-06/tsv-row-22	22	right_hand	2	149.46	5.0	37365	38615	sub-8/ses-04/eeg/sub-8_ses-04_task-imagery_run-06_eeg.edf	test_exploratory	187.7391375469224	False	1.2073239487517473e-12	1.5055150117908172e-12	4.556314611514944e-12	5.050461419227507e-12
sub-8	04	06	sub-8/ses-04/run-06/tsv-row-23	23	rest	1	156.352	5.0	39088	40338	sub-8/ses-04/eeg/sub-8_ses-04_task-imagery_run-06_eeg.edf	test_exploratory	277.21873226111643	False	2.206184635976751e-12	1.2333210885600773e-12	1.0415817190259249e-11	3.875761884066815e-12
sub-8	04	06	sub-8/ses-04/run-06/tsv-row-24	24	right_hand	2	163.236	5.0	40809	42059	sub-8/ses-04/eeg/sub-8_ses-04_task-imagery_run-06_eeg.edf	test_exploratory	126.71307840205085	False	1.633420801073257e-12	1.1801220204171538e-12	6.810577953958173e-12	3.67605286158794e-12
sub-8	04	06	sub-8/ses-04/run-06/tsv-row-25	25	rest	1	170.124	5.0	42531	43781	sub-8/ses-04/eeg/sub-8_ses-04_task-imagery_run-06_eeg.edf	test_exploratory	181.0186834315011	False	1.226993908884137e-12	1.226404582052082e-12	7.654573669087992e-12	4.638079444958585e-12
sub-8	04	06	sub-8/ses-04/run-06/tsv-row-26	26	right_hand	2	177.008	5.0	44252	45502	sub-8/ses-04/eeg/sub-8_ses-04_task-imagery_run-06_eeg.edf	test_exploratory	94.89931577501737	False	1.0023579635582007e-12	1.1339053697400915e-12	3.953424210547592e-12	3.5349081643387147e-12
sub-8	04	06	sub-8/ses-04/run-06/tsv-row-27	27	rest	1	183.9	5.0	45975	47225	sub-8/ses-04/eeg/sub-8_ses-04_task-imagery_run-06_eeg.edf	test_exploratory	216.40946195867787	False	1.5798907112260623e-12	1.46373946333903e-12	7.379898064352608e-12	5.6114562931894645e-12
sub-8	04	06	sub-8/ses-04/run-06/tsv-row-28	28	right_hand	2	190.784	5.0	47696	48946	sub-8/ses-04/eeg/sub-8_ses-04_task-imagery_run-06_eeg.edf	test_exploratory	203.2395397808771	False	1.0733718992627452e-12	1.0967878802245677e-12	3.671988936125901e-12	3.3255986210856156e-12
sub-8	04	06	sub-8/ses-04/run-06/tsv-row-29	29	rest	1	197.688	5.0	49422	50672	sub-8/ses-04/eeg/sub-8_ses-04_task-imagery_run-06_eeg.edf	test_exploratory	222.2085634937589	False	1.897830855893795e-12	1.2002776971018797e-12	9.135923228274383e-12	4.269546977119389e-12
sub-8	04	06	sub-8/ses-04/run-06/tsv-row-30	30	right_hand	2	204.556	5.0	51139	52389	sub-8/ses-04/eeg/sub-8_ses-04_task-imagery_run-06_eeg.edf	test_exploratory	164.0549565111239	False	1.0504053225004336e-12	1.2754491393160345e-12	5.773649573487171e-12	4.622680684282909e-12
sub-8	04	06	sub-8/ses-04/run-06/tsv-row-31	31	rest	1	211.444	5.0	52861	54111	sub-8/ses-04/eeg/sub-8_ses-04_task-imagery_run-06_eeg.edf	test_exploratory	207.03334452345345	False	1.6583664505357946e-12	1.2546631210837399e-12	5.34857924660216e-12	4.577095522111347e-12
sub-8	04	06	sub-8/ses-04/run-06/tsv-row-32	32	right_hand	2	218.348	5.0	54587	55837	sub-8/ses-04/eeg/sub-8_ses-04_task-imagery_run-06_eeg.edf	test_exploratory	161.5618848231452	False	1.0992453515798016e-12	1.1665165402833929e-12	4.698189054258143e-12	4.5549921474254135e-12
