subject	session	run	trial_id	tsv_row	label	stored_event_value	onset_s	duration_s	start_sample	stop_sample_exclusive	source_file	original_subject	signal_unit	onset_unit	duration_unit	sample_origin	original_header_file	declared_original_header_sha256	original_header_hash_verified	behavior_trial_outcome	behavior_score_denominator
sub-1	01	01	sub-1/ses-01/run-01/tsv-row-1	1	right_hand	2	12.332	5.0	3083	4333	sub-1/ses-01/eeg/sub-1_ses-01_task-imagery_run-01_eeg.edf	sub-01	V	s	s	0	sub-01/ses-01/eeg/sub-01_ses-01_task-MotorImageryRest_run-01_eeg.vhdr	e913fbd6c484ae5d3eadc79f74ae5dfd7cb4237729550e82db04e0de99a2b80d	True	unresolved	unresolved
sub-1	01	01	sub-1/ses-01/run-01/tsv-row-2	2	rest	1	19.228	5.0	4807	6057	sub-1/ses-01/eeg/sub-1_ses-01_task-imagery_run-01_eeg.edf	sub-01	V	s	s	0	sub-01/ses-01/eeg/sub-01_ses-01_task-MotorImageryRest_run-01_eeg.vhdr	e913fbd6c484ae5d3eadc79f74ae5dfd7cb4237729550e82db04e0de99a2b80d	True	unresolved	unresolved
sub-1	01	01	sub-1/ses-01/run-01/tsv-row-3	3	rest	1	26.128	5.0	6532	7782	sub-1/ses-01/eeg/sub-1_ses-01_task-imagery_run-01_eeg.edf	sub-01	V	s	s	0	sub-01/ses-01/eeg/sub-01_ses-01_task-MotorImageryRest_run-01_eeg.vhdr	e913fbd6c484ae5d3eadc79f74ae5dfd7cb4237729550e82db04e0de99a2b80d	True	unresolved	unresolved
sub-1	01	01	sub-1/ses-01/run-01/tsv-row-4	4	right_hand	2	33.008	5.0	8252	9502	sub-1/ses-01/eeg/sub-1_ses-01_task-imagery_run-01_eeg.edf	sub-01	V	s	s	0	sub-01/ses-01/eeg/sub-01_ses-01_task-MotorImageryRest_run-01_eeg.vhdr	e913fbd6c484ae5d3eadc79f74ae5dfd7cb4237729550e82db04e0de99a2b80d	True	unresolved	unresolved
sub-1	01	01	sub-1/ses-01/run-01/tsv-row-5	5	rest	1	39.88	5.0	9970	11220	sub-1/ses-01/eeg/sub-1_ses-01_task-imagery_run-01_eeg.edf	sub-01	V	s	s	0	sub-01/ses-01/eeg/sub-01_ses-01_task-MotorImageryRest_run-01_eeg.vhdr	e913fbd6c484ae5d3eadc79f74ae5dfd7cb4237729550e82db04e0de99a2b80d	True	unresolved	unresolved
sub-1	01	01	sub-1/ses-01/run-01/tsv-row-6	6	right_hand	2	46.78	5.0	11695	12945	sub-1/ses-01/eeg/sub-1_ses-01_task-imagery_run-01_eeg.edf	sub-01	V	s	s	0	sub-01/ses-01/eeg/sub-01_ses-01_task-MotorImageryRest_run-01_eeg.vhdr	e913fbd6c484ae5d3eadc79f74ae5dfd7cb4237729550e82db04e0de99a2b80d	True	unresolved	unresolved
sub-1	01	01	sub-1/ses-01/run-01/tsv-row-7	7	right_hand	2	53.668	5.0	13417	14667	sub-1/ses-01/eeg/sub-1_ses-01_task-imagery_run-01_eeg.edf	sub-01	V	s	s	0	sub-01/ses-01/eeg/sub-01_ses-01_task-MotorImageryRest_run-01_eeg.vhdr	e913fbd6c484ae5d3eadc79f74ae5dfd7cb4237729550e82db04e0de99a2b80d	True	unresolved	unresolved
sub-1	01	01	sub-1/ses-01/run-01/tsv-row-8	8	rest	1	60.556	5.0	15139	16389	sub-1/ses-01/eeg/sub-1_ses-01_task-imagery_run-01_eeg.edf	sub-01	V	s	s	0	sub-01/ses-01/eeg/sub-01_ses-01_task-MotorImageryRest_run-01_eeg.vhdr	e913fbd6c484ae5d3eadc79f74ae5dfd7cb4237729550e82db04e0de99a2b80d	True	unresolved	unresolved
sub-1	01	01	sub-1/ses-01/run-01/tsv-row-9	9	rest	1	67.452	5.0	16863	18113	sub-1/ses-01/eeg/sub-1_ses-01_task-imagery_run-01_eeg.edf	sub-01	V	s	s	0	sub-01/ses-01/eeg/sub-01_ses-01_task-MotorImageryRest_run-01_eeg.vhdr	e913fbd6c484ae5d3eadc79f74ae5dfd7cb4237729550e82db04e0de99a2b80d	True	unresolved	unresolved
sub-1	01	01	sub-1/ses-01/run-01/tsv-row-10	10	right_hand	2	74.328	5.0	18582	19832	sub-1/ses-01/eeg/sub-1_ses-01_task-imagery_run-01_eeg.edf	sub-01	V	s	s	0	sub-01/ses-01/eeg/sub-01_ses-01_task-MotorImageryRest_run-01_eeg.vhdr	e913fbd6c484ae5d3eadc79f74ae5dfd7cb4237729550e82db04e0de99a2b80d	True	unresolved	unresolved
sub-1	01	01	sub-1/ses-01/run-01/tsv-row-11	11	rest	1	81.216	5.0	20304	21554	sub-1/ses-01/eeg/sub-1_ses-01_task-imagery_run-01_eeg.edf	sub-01	V	s	s	0	sub-01/ses-01/eeg/sub-01_ses-01_task-MotorImageryRest_run-01_eeg.vhdr	e913fbd6c484ae5d3eadc79f74ae5dfd7cb4237729550e82db04e0de99a2b80d	True	unresolved	unresolved
sub-1	01	01	sub-1/ses-01/run-01/tsv-row-12	12	right_hand	2	88.104	5.0	22026	23276	sub-1/ses-01/eeg/sub-1_ses-01_task-imagery_run-01_eeg.edf	sub-01	V	s	s	0	sub-01/ses-01/eeg/sub-01_ses-01_task-MotorImageryRest_run-01_eeg.vhdr	e913fbd6c484ae5d3eadc79f74ae5dfd7cb4237729550e82db04e0de99a2b80d	True	unresolved	unresolved
sub-1	01	01	sub-1/ses-01/run-01/tsv-row-13	13	right_hand	2	95.008	5.0	23752	25002	sub-1/ses-01/eeg/sub-1_ses-01_task-imagery_run-01_eeg.edf	sub-01	V	s	s	0	sub-01/ses-01/eeg/sub-01_ses-01_task-MotorImageryRest_run-01_eeg.vhdr	e913fbd6c484ae5d3eadc79f74ae5dfd7cb4237729550e82db04e0de99a2b80d	True	unresolved	unresolved
sub-1	01	01	sub-1/ses-01/run-01/tsv-row-14	14	rest	1	101.876	5.0	25469	26719	sub-1/ses-01/eeg/sub-1_ses-01_task-imagery_run-01_eeg.edf	sub-01	V	s	s	0	sub-01/ses-01/eeg/sub-01_ses-01_task-MotorImageryRest_run-01_eeg.vhdr	e913fbd6c484ae5d3eadc79f74ae5dfd7cb4237729550e82db04e0de99a2b80d	True	unresolved	unresolved
sub-1	01	01	sub-1/ses-01/run-01/tsv-row-15	15	rest	1	108.78	5.0	27195	28445	sub-1/ses-01/eeg/sub-1_ses-01_task-imagery_run-01_eeg.edf	sub-01	V	s	s	0	sub-01/ses-01/eeg/sub-01_ses-01_task-MotorImageryRest_run-01_eeg.vhdr	e913fbd6c484ae5d3eadc79f74ae5dfd7cb4237729550e82db04e0de99a2b80d	True	unresolved	unresolved
sub-1	01	01	sub-1/ses-01/run-01/tsv-row-16	16	right_hand	2	115.668	5.0	28917	30167	sub-1/ses-01/eeg/sub-1_ses-01_task-imagery_run-01_eeg.edf	sub-01	V	s	s	0	sub-01/ses-01/eeg/sub-01_ses-01_task-MotorImageryRest_run-01_eeg.vhdr	e913fbd6c484ae5d3eadc79f74ae5dfd7cb4237729550e82db04e0de99a2b80d	True	unresolved	unresolved
sub-1	01	01	sub-1/ses-01/run-01/tsv-row-17	17	rest	1	122.536	5.0	30634	31884	sub-1/ses-01/eeg/sub-1_ses-01_task-imagery_run-01_eeg.edf	sub-01	V	s	s	0	sub-01/ses-01/eeg/sub-01_ses-01_task-MotorImageryRest_run-01_eeg.vhdr	e913fbd6c484ae5d3eadc79f74ae5dfd7cb4237729550e82db04e0de99a2b80d	True	unresolved	unresolved
sub-1	01	01	sub-1/ses-01/run-01/tsv-row-18	18	right_hand	2	129.424	5.0	32356	33606	sub-1/ses-01/eeg/sub-1_ses-01_task-imagery_run-01_eeg.edf	sub-01	V	s	s	0	sub-01/ses-01/eeg/sub-01_ses-01_task-MotorImageryRest_run-01_eeg.vhdr	e913fbd6c484ae5d3eadc79f74ae5dfd7cb4237729550e82db04e0de99a2b80d	True	unresolved	unresolved
sub-1	01	01	sub-1/ses-01/run-01/tsv-row-19	19	right_hand	2	136.328	5.0	34082	35332	sub-1/ses-01/eeg/sub-1_ses-01_task-imagery_run-01_eeg.edf	sub-01	V	s	s	0	sub-01/ses-01/eeg/sub-01_ses-01_task-MotorImageryRest_run-01_eeg.vhdr	e913fbd6c484ae5d3eadc79f74ae5dfd7cb4237729550e82db04e0de99a2b80d	True	unresolved	unresolved
sub-1	01	01	sub-1/ses-01/run-01/tsv-row-20	20	rest	1	143.22	5.0	35805	37055	sub-1/ses-01/eeg/sub-1_ses-01_task-imagery_run-01_eeg.edf	sub-01	V	s	s	0	sub-01/ses-01/eeg/sub-01_ses-01_task-MotorImageryRest_run-01_eeg.vhdr	e913fbd6c484ae5d3eadc79f74ae5dfd7cb4237729550e82db04e0de99a2b80d	True	unresolved	unresolved
sub-1	01	01	sub-1/ses-01/run-01/tsv-row-21	21	rest	1	150.084	5.0	37521	38771	sub-1/ses-01/eeg/sub-1_ses-01_task-imagery_run-01_eeg.edf	sub-01	V	s	s	0	sub-01/ses-01/eeg/sub-01_ses-01_task-MotorImageryRest_run-01_eeg.vhdr	e913fbd6c484ae5d3eadc79f74ae5dfd7cb4237729550e82db04e0de99a2b80d	True	unresolved	unresolved
sub-1	01	01	sub-1/ses-01/run-01/tsv-row-22	22	right_hand	2	156.988	5.0	39247	40497	sub-1/ses-01/eeg/sub-1_ses-01_task-imagery_run-01_eeg.edf	sub-01	V	s	s	0	sub-01/ses-01/eeg/sub-01_ses-01_task-MotorImageryRest_run-01_eeg.vhdr	e913fbd6c484ae5d3eadc79f74ae5dfd7cb4237729550e82db04e0de99a2b80d	True	unresolved	unresolved
sub-1	01	01	sub-1/ses-01/run-01/tsv-row-23	23	rest	1	163.88	5.0	40970	42220	sub-1/ses-01/eeg/sub-1_ses-01_task-imagery_run-01_eeg.edf	sub-01	V	s	s	0	sub-01/ses-01/eeg/sub-01_ses-01_task-MotorImageryRest_run-01_eeg.vhdr	e913fbd6c484ae5d3eadc79f74ae5dfd7cb4237729550e82db04e0de99a2b80d	True	unresolved	unresolved
sub-1	01	01	sub-1/ses-01/run-01/tsv-row-24	24	right_hand	2	170.76	5.0	42690	43940	sub-1/ses-01/eeg/sub-1_ses-01_task-imagery_run-01_eeg.edf	sub-01	V	s	s	0	sub-01/ses-01/eeg/sub-01_ses-01_task-MotorImageryRest_run-01_eeg.vhdr	e913fbd6c484ae5d3eadc79f74ae5dfd7cb4237729550e82db04e0de99a2b80d	True	unresolved	unresolved
sub-1	01	01	sub-1/ses-01/run-01/tsv-row-25	25	right_hand	2	177.648	5.0	44412	45662	sub-1/ses-01/eeg/sub-1_ses-01_task-imagery_run-01_eeg.edf	sub-01	V	s	s	0	sub-01/ses-01/eeg/sub-01_ses-01_task-MotorImageryRest_run-01_eeg.vhdr	e913fbd6c484ae5d3eadc79f74ae5dfd7cb4237729550e82db04e0de99a2b80d	True	unresolved	unresolved
sub-1	01	01	sub-1/ses-01/run-01/tsv-row-26	26	rest	1	184.536	5.0	46134	47384	sub-1/ses-01/eeg/sub-1_ses-01_task-imagery_run-01_eeg.edf	sub-01	V	s	s	0	sub-01/ses-01/eeg/sub-01_ses-01_task-MotorImageryRest_run-01_eeg.vhdr	e913fbd6c484ae5d3eadc79f74ae5dfd7cb4237729550e82db04e0de99a2b80d	True	unresolved	unresolved
sub-1	01	01	sub-1/ses-01/run-01/tsv-row-27	27	right_hand	2	191.42	5.0	47855	49105	sub-1/ses-01/eeg/sub-1_ses-01_task-imagery_run-01_eeg.edf	sub-01	V	s	s	0	sub-01/ses-01/eeg/sub-01_ses-01_task-MotorImageryRest_run-01_eeg.vhdr	e913fbd6c484ae5d3eadc79f74ae5dfd7cb4237729550e82db04e0de99a2b80d	True	unresolved	unresolved
sub-1	01	01	sub-1/ses-01/run-01/tsv-row-28	28	rest	1	198.332	5.0	49583	50833	sub-1/ses-01/eeg/sub-1_ses-01_task-imagery_run-01_eeg.edf	sub-01	V	s	s	0	sub-01/ses-01/eeg/sub-01_ses-01_task-MotorImageryRest_run-01_eeg.vhdr	e913fbd6c484ae5d3eadc79f74ae5dfd7cb4237729550e82db04e0de99a2b80d	True	unresolved	unresolved
sub-1	01	01	sub-1/ses-01/run-01/tsv-row-29	29	rest	1	205.212	5.0	51303	52553	sub-1/ses-01/eeg/sub-1_ses-01_task-imagery_run-01_eeg.edf	sub-01	V	s	s	0	sub-01/ses-01/eeg/sub-01_ses-01_task-MotorImageryRest_run-01_eeg.vhdr	e913fbd6c484ae5d3eadc79f74ae5dfd7cb4237729550e82db04e0de99a2b80d	True	unresolved	unresolved
sub-1	01	01	sub-1/ses-01/run-01/tsv-row-30	30	right_hand	2	212.08	5.0	53020	54270	sub-1/ses-01/eeg/sub-1_ses-01_task-imagery_run-01_eeg.edf	sub-01	V	s	s	0	sub-01/ses-01/eeg/sub-01_ses-01_task-MotorImageryRest_run-01_eeg.vhdr	e913fbd6c484ae5d3eadc79f74ae5dfd7cb4237729550e82db04e0de99a2b80d	True	unresolved	unresolved
sub-1	01	02	sub-1/ses-01/run-02/tsv-row-1	1	right_hand	2	8.02	5.0	2005	3255	sub-1/ses-01/eeg/sub-1_ses-01_task-imagery_run-02_eeg.edf	sub-01	V	s	s	0	sub-01/ses-01/eeg/sub-01_ses-01_task-MotorImageryRest_run-02_eeg.vhdr	7968f38109b0fac0c9db5330d83418e021cd89917aa6f23e2029fb31a8a43e5a	True	unresolved	unresolved
sub-1	01	02	sub-1/ses-01/run-02/tsv-row-2	2	rest	1	14.908	5.0	3727	4977	sub-1/ses-01/eeg/sub-1_ses-01_task-imagery_run-02_eeg.edf	sub-01	V	s	s	0	sub-01/ses-01/eeg/sub-01_ses-01_task-MotorImageryRest_run-02_eeg.vhdr	7968f38109b0fac0c9db5330d83418e021cd89917aa6f23e2029fb31a8a43e5a	True	unresolved	unresolved
sub-1	01	02	sub-1/ses-01/run-02/tsv-row-3	3	rest	1	21.812	5.0	5453	6703	sub-1/ses-01/eeg/sub-1_ses-01_task-imagery_run-02_eeg.edf	sub-01	V	s	s	0	sub-01/ses-01/eeg/sub-01_ses-01_task-MotorImageryRest_run-02_eeg.vhdr	7968f38109b0fac0c9db5330d83418e021cd89917aa6f23e2029fb31a8a43e5a	True	unresolved	unresolved
sub-1	01	02	sub-1/ses-01/run-02/tsv-row-4	4	right_hand	2	28.68	5.0	7170	8420	sub-1/ses-01/eeg/sub-1_ses-01_task-imagery_run-02_eeg.edf	sub-01	V	s	s	0	sub-01/ses-01/eeg/sub-01_ses-01_task-MotorImageryRest_run-02_eeg.vhdr	7968f38109b0fac0c9db5330d83418e021cd89917aa6f23e2029fb31a8a43e5a	True	unresolved	unresolved
sub-1	01	02	sub-1/ses-01/run-02/tsv-row-5	5	rest	1	35.568	5.0	8892	10142	sub-1/ses-01/eeg/sub-1_ses-01_task-imagery_run-02_eeg.edf	sub-01	V	s	s	0	sub-01/ses-01/eeg/sub-01_ses-01_task-MotorImageryRest_run-02_eeg.vhdr	7968f38109b0fac0c9db5330d83418e021cd89917aa6f23e2029fb31a8a43e5a	True	unresolved	unresolved
sub-1	01	02	sub-1/ses-01/run-02/tsv-row-6	6	right_hand	2	42.472	5.0	10618	11868	sub-1/ses-01/eeg/sub-1_ses-01_task-imagery_run-02_eeg.edf	sub-01	V	s	s	0	sub-01/ses-01/eeg/sub-01_ses-01_task-MotorImageryRest_run-02_eeg.vhdr	7968f38109b0fac0c9db5330d83418e021cd89917aa6f23e2029fb31a8a43e5a	True	unresolved	unresolved
sub-1	01	02	sub-1/ses-01/run-02/tsv-row-7	7	right_hand	2	49.356	5.0	12339	13589	sub-1/ses-01/eeg/sub-1_ses-01_task-imagery_run-02_eeg.edf	sub-01	V	s	s	0	sub-01/ses-01/eeg/sub-01_ses-01_task-MotorImageryRest_run-02_eeg.vhdr	7968f38109b0fac0c9db5330d83418e021cd89917aa6f23e2029fb31a8a43e5a	True	unresolved	unresolved
sub-1	01	02	sub-1/ses-01/run-02/tsv-row-8	8	rest	1	56.228	5.0	14057	15307	sub-1/ses-01/eeg/sub-1_ses-01_task-imagery_run-02_eeg.edf	sub-01	V	s	s	0	sub-01/ses-01/eeg/sub-01_ses-01_task-MotorImageryRest_run-02_eeg.vhdr	7968f38109b0fac0c9db5330d83418e021cd89917aa6f23e2029fb31a8a43e5a	True	unresolved	unresolved
sub-1	01	02	sub-1/ses-01/run-02/tsv-row-9	9	rest	1	63.132	5.0	15783	17033	sub-1/ses-01/eeg/sub-1_ses-01_task-imagery_run-02_eeg.edf	sub-01	V	s	s	0	sub-01/ses-01/eeg/sub-01_ses-01_task-MotorImageryRest_run-02_eeg.vhdr	7968f38109b0fac0c9db5330d83418e021cd89917aa6f23e2029fb31a8a43e5a	True	unresolved	unresolved
sub-1	01	02	sub-1/ses-01/run-02/tsv-row-10	10	right_hand	2	70.02	5.0	17505	18755	sub-1/ses-01/eeg/sub-1_ses-01_task-imagery_run-02_eeg.edf	sub-01	V	s	s	0	sub-01/ses-01/eeg/sub-01_ses-01_task-MotorImageryRest_run-02_eeg.vhdr	7968f38109b0fac0c9db5330d83418e021cd89917aa6f23e2029fb31a8a43e5a	True	unresolved	unresolved
sub-1	01	02	sub-1/ses-01/run-02/tsv-row-11	11	right_hand	2	76.904	5.0	19226	20476	sub-1/ses-01/eeg/sub-1_ses-01_task-imagery_run-02_eeg.edf	sub-01	V	s	s	0	sub-01/ses-01/eeg/sub-01_ses-01_task-MotorImageryRest_run-02_eeg.vhdr	7968f38109b0fac0c9db5330d83418e021cd89917aa6f23e2029fb31a8a43e5a	True	unresolved	unresolved
sub-1	01	02	sub-1/ses-01/run-02/tsv-row-12	12	rest	1	83.792	5.0	20948	22198	sub-1/ses-01/eeg/sub-1_ses-01_task-imagery_run-02_eeg.edf	sub-01	V	s	s	0	sub-01/ses-01/eeg/sub-01_ses-01_task-MotorImageryRest_run-02_eeg.vhdr	7968f38109b0fac0c9db5330d83418e021cd89917aa6f23e2029fb31a8a43e5a	True	unresolved	unresolved
sub-1	01	02	sub-1/ses-01/run-02/tsv-row-13	13	right_hand	2	90.68	5.0	22670	23920	sub-1/ses-01/eeg/sub-1_ses-01_task-imagery_run-02_eeg.edf	sub-01	V	s	s	0	sub-01/ses-01/eeg/sub-01_ses-01_task-MotorImageryRest_run-02_eeg.vhdr	7968f38109b0fac0c9db5330d83418e021cd89917aa6f23e2029fb31a8a43e5a	True	unresolved	unresolved
sub-1	01	02	sub-1/ses-01/run-02/tsv-row-14	14	rest	1	97.576	5.0	24394	25644	sub-1/ses-01/eeg/sub-1_ses-01_task-imagery_run-02_eeg.edf	sub-01	V	s	s	0	sub-01/ses-01/eeg/sub-01_ses-01_task-MotorImageryRest_run-02_eeg.vhdr	7968f38109b0fac0c9db5330d83418e021cd89917aa6f23e2029fb31a8a43e5a	True	unresolved	unresolved
sub-1	01	02	sub-1/ses-01/run-02/tsv-row-15	15	rest	1	104.476	5.0	26119	27369	sub-1/ses-01/eeg/sub-1_ses-01_task-imagery_run-02_eeg.edf	sub-01	V	s	s	0	sub-01/ses-01/eeg/sub-01_ses-01_task-MotorImageryRest_run-02_eeg.vhdr	7968f38109b0fac0c9db5330d83418e021cd89917aa6f23e2029fb31a8a43e5a	True	unresolved	unresolved
sub-1	01	02	sub-1/ses-01/run-02/tsv-row-16	16	right_hand	2	111.34	5.0	27835	29085	sub-1/ses-01/eeg/sub-1_ses-01_task-imagery_run-02_eeg.edf	sub-01	V	s	s	0	sub-01/ses-01/eeg/sub-01_ses-01_task-MotorImageryRest_run-02_eeg.vhdr	7968f38109b0fac0c9db5330d83418e021cd89917aa6f23e2029fb31a8a43e5a	True	unresolved	unresolved
sub-1	01	02	sub-1/ses-01/run-02/tsv-row-17	17	rest	1	118.236	5.0	29559	30809	sub-1/ses-01/eeg/sub-1_ses-01_task-imagery_run-02_eeg.edf	sub-01	V	s	s	0	sub-01/ses-01/eeg/sub-01_ses-01_task-MotorImageryRest_run-02_eeg.vhdr	7968f38109b0fac0c9db5330d83418e021cd89917aa6f23e2029fb31a8a43e5a	True	unresolved	unresolved
sub-1	01	02	sub-1/ses-01/run-02/tsv-row-18	18	right_hand	2	125.128	5.0	31282	32532	sub-1/ses-01/eeg/sub-1_ses-01_task-imagery_run-02_eeg.edf	sub-01	V	s	s	0	sub-01/ses-01/eeg/sub-01_ses-01_task-MotorImageryRest_run-02_eeg.vhdr	7968f38109b0fac0c9db5330d83418e021cd89917aa6f23e2029fb31a8a43e5a	True	unresolved	unresolved
sub-1	01	02	sub-1/ses-01/run-02/tsv-row-19	19	right_hand	2	132.016	5.0	33004	34254	sub-1/ses-01/eeg/sub-1_ses-01_task-imagery_run-02_eeg.edf	sub-01	V	s	s	0	sub-01/ses-01/eeg/sub-01_ses-01_task-MotorImageryRest_run-02_eeg.vhdr	7968f38109b0fac0c9db5330d83418e021cd89917aa6f23e2029fb31a8a43e5a	True	unresolved	unresolved
sub-1	01	02	sub-1/ses-01/run-02/tsv-row-20	20	rest	1	138.904	5.0	34726	35976	sub-1/ses-01/eeg/sub-1_ses-01_task-imagery_run-02_eeg.edf	sub-01	V	s	s	0	sub-01/ses-01/eeg/sub-01_ses-01_task-MotorImageryRest_run-02_eeg.vhdr	7968f38109b0fac0c9db5330d83418e021cd89917aa6f23e2029fb31a8a43e5a	True	unresolved	unresolved
sub-1	01	02	sub-1/ses-01/run-02/tsv-row-21	21	rest	1	145.8	5.0	36450	37700	sub-1/ses-01/eeg/sub-1_ses-01_task-imagery_run-02_eeg.edf	sub-01	V	s	s	0	sub-01/ses-01/eeg/sub-01_ses-01_task-MotorImageryRest_run-02_eeg.vhdr	7968f38109b0fac0c9db5330d83418e021cd89917aa6f23e2029fb31a8a43e5a	True	unresolved	unresolved
sub-1	01	02	sub-1/ses-01/run-02/tsv-row-22	22	right_hand	2	152.676	5.0	38169	39419	sub-1/ses-01/eeg/sub-1_ses-01_task-imagery_run-02_eeg.edf	sub-01	V	s	s	0	sub-01/ses-01/eeg/sub-01_ses-01_task-MotorImageryRest_run-02_eeg.vhdr	7968f38109b0fac0c9db5330d83418e021cd89917aa6f23e2029fb31a8a43e5a	True	unresolved	unresolved
sub-1	01	02	sub-1/ses-01/run-02/tsv-row-23	23	right_hand	2	159.564	5.0	39891	41141	sub-1/ses-01/eeg/sub-1_ses-01_task-imagery_run-02_eeg.edf	sub-01	V	s	s	0	sub-01/ses-01/eeg/sub-01_ses-01_task-MotorImageryRest_run-02_eeg.vhdr	7968f38109b0fac0c9db5330d83418e021cd89917aa6f23e2029fb31a8a43e5a	True	unresolved	unresolved
sub-1	01	02	sub-1/ses-01/run-02/tsv-row-24	24	rest	1	166.444	5.0	41611	42861	sub-1/ses-01/eeg/sub-1_ses-01_task-imagery_run-02_eeg.edf	sub-01	V	s	s	0	sub-01/ses-01/eeg/sub-01_ses-01_task-MotorImageryRest_run-02_eeg.vhdr	7968f38109b0fac0c9db5330d83418e021cd89917aa6f23e2029fb31a8a43e5a	True	unresolved	unresolved
sub-1	01	02	sub-1/ses-01/run-02/tsv-row-25	25	rest	1	173.344	5.0	43336	44586	sub-1/ses-01/eeg/sub-1_ses-01_task-imagery_run-02_eeg.edf	sub-01	V	s	s	0	sub-01/ses-01/eeg/sub-01_ses-01_task-MotorImageryRest_run-02_eeg.vhdr	7968f38109b0fac0c9db5330d83418e021cd89917aa6f23e2029fb31a8a43e5a	True	unresolved	unresolved
sub-1	01	02	sub-1/ses-01/run-02/tsv-row-26	26	right_hand	2	180.224	5.0	45056	46306	sub-1/ses-01/eeg/sub-1_ses-01_task-imagery_run-02_eeg.edf	sub-01	V	s	s	0	sub-01/ses-01/eeg/sub-01_ses-01_task-MotorImageryRest_run-02_eeg.vhdr	7968f38109b0fac0c9db5330d83418e021cd89917aa6f23e2029fb31a8a43e5a	True	unresolved	unresolved
sub-1	01	02	sub-1/ses-01/run-02/tsv-row-27	27	right_hand	2	187.128	5.0	46782	48032	sub-1/ses-01/eeg/sub-1_ses-01_task-imagery_run-02_eeg.edf	sub-01	V	s	s	0	sub-01/ses-01/eeg/sub-01_ses-01_task-MotorImageryRest_run-02_eeg.vhdr	7968f38109b0fac0c9db5330d83418e021cd89917aa6f23e2029fb31a8a43e5a	True	unresolved	unresolved
sub-1	01	02	sub-1/ses-01/run-02/tsv-row-28	28	rest	1	194.004	5.0	48501	49751	sub-1/ses-01/eeg/sub-1_ses-01_task-imagery_run-02_eeg.edf	sub-01	V	s	s	0	sub-01/ses-01/eeg/sub-01_ses-01_task-MotorImageryRest_run-02_eeg.vhdr	7968f38109b0fac0c9db5330d83418e021cd89917aa6f23e2029fb31a8a43e5a	True	unresolved	unresolved
sub-1	01	02	sub-1/ses-01/run-02/tsv-row-29	29	right_hand	2	200.884	5.0	50221	51471	sub-1/ses-01/eeg/sub-1_ses-01_task-imagery_run-02_eeg.edf	sub-01	V	s	s	0	sub-01/ses-01/eeg/sub-01_ses-01_task-MotorImageryRest_run-02_eeg.vhdr	7968f38109b0fac0c9db5330d83418e021cd89917aa6f23e2029fb31a8a43e5a	True	unresolved	unresolved
sub-1	01	02	sub-1/ses-01/run-02/tsv-row-30	30	rest	1	207.772	5.0	51943	53193	sub-1/ses-01/eeg/sub-1_ses-01_task-imagery_run-02_eeg.edf	sub-01	V	s	s	0	sub-01/ses-01/eeg/sub-01_ses-01_task-MotorImageryRest_run-02_eeg.vhdr	7968f38109b0fac0c9db5330d83418e021cd89917aa6f23e2029fb31a8a43e5a	True	unresolved	unresolved
sub-1	01	03	sub-1/ses-01/run-03/tsv-row-1	1	rest	1	9.488	5.0	2372	3622	sub-1/ses-01/eeg/sub-1_ses-01_task-imagery_run-03_eeg.edf	sub-01	V	s	s	0	sub-01/ses-01/eeg/sub-01_ses-01_task-MotorImageryRest_run-03_eeg.vhdr	3cb1957dea7e76b8bcd059c7818fe0b97e1a4c6c7e5cc06e1a8a45e416e9ab89	True	unresolved	unresolved
sub-1	01	03	sub-1/ses-01/run-03/tsv-row-2	2	right_hand	2	16.376	5.0	4094	5344	sub-1/ses-01/eeg/sub-1_ses-01_task-imagery_run-03_eeg.edf	sub-01	V	s	s	0	sub-01/ses-01/eeg/sub-01_ses-01_task-MotorImageryRest_run-03_eeg.vhdr	3cb1957dea7e76b8bcd059c7818fe0b97e1a4c6c7e5cc06e1a8a45e416e9ab89	True	unresolved	unresolved
sub-1	01	03	sub-1/ses-01/run-03/tsv-row-3	3	rest	1	23.252	5.0	5813	7063	sub-1/ses-01/eeg/sub-1_ses-01_task-imagery_run-03_eeg.edf	sub-01	V	s	s	0	sub-01/ses-01/eeg/sub-01_ses-01_task-MotorImageryRest_run-03_eeg.vhdr	3cb1957dea7e76b8bcd059c7818fe0b97e1a4c6c7e5cc06e1a8a45e416e9ab89	True	unresolved	unresolved
sub-1	01	03	sub-1/ses-01/run-03/tsv-row-4	4	right_hand	2	30.148	5.0	7537	8787	sub-1/ses-01/eeg/sub-1_ses-01_task-imagery_run-03_eeg.edf	sub-01	V	s	s	0	sub-01/ses-01/eeg/sub-01_ses-01_task-MotorImageryRest_run-03_eeg.vhdr	3cb1957dea7e76b8bcd059c7818fe0b97e1a4c6c7e5cc06e1a8a45e416e9ab89	True	unresolved	unresolved
sub-1	01	03	sub-1/ses-01/run-03/tsv-row-5	5	rest	1	37.036	5.0	9259	10509	sub-1/ses-01/eeg/sub-1_ses-01_task-imagery_run-03_eeg.edf	sub-01	V	s	s	0	sub-01/ses-01/eeg/sub-01_ses-01_task-MotorImageryRest_run-03_eeg.vhdr	3cb1957dea7e76b8bcd059c7818fe0b97e1a4c6c7e5cc06e1a8a45e416e9ab89	True	unresolved	unresolved
sub-1	01	03	sub-1/ses-01/run-03/tsv-row-6	6	right_hand	2	43.92	5.0	10980	12230	sub-1/ses-01/eeg/sub-1_ses-01_task-imagery_run-03_eeg.edf	sub-01	V	s	s	0	sub-01/ses-01/eeg/sub-01_ses-01_task-MotorImageryRest_run-03_eeg.vhdr	3cb1957dea7e76b8bcd059c7818fe0b97e1a4c6c7e5cc06e1a8a45e416e9ab89	True	unresolved	unresolved
sub-1	01	03	sub-1/ses-01/run-03/tsv-row-7	7	rest	1	50.816	5.0	12704	13954	sub-1/ses-01/eeg/sub-1_ses-01_task-imagery_run-03_eeg.edf	sub-01	V	s	s	0	sub-01/ses-01/eeg/sub-01_ses-01_task-MotorImageryRest_run-03_eeg.vhdr	3cb1957dea7e76b8bcd059c7818fe0b97e1a4c6c7e5cc06e1a8a45e416e9ab89	True	unresolved	unresolved
sub-1	01	03	sub-1/ses-01/run-03/tsv-row-8	8	right_hand	2	57.696	5.0	14424	15674	sub-1/ses-01/eeg/sub-1_ses-01_task-imagery_run-03_eeg.edf	sub-01	V	s	s	0	sub-01/ses-01/eeg/sub-01_ses-01_task-MotorImageryRest_run-03_eeg.vhdr	3cb1957dea7e76b8bcd059c7818fe0b97e1a4c6c7e5cc06e1a8a45e416e9ab89	True	unresolved	unresolved
sub-1	01	03	sub-1/ses-01/run-03/tsv-row-9	9	rest	1	64.588	5.0	16147	17397	sub-1/ses-01/eeg/sub-1_ses-01_task-imagery_run-03_eeg.edf	sub-01	V	s	s	0	sub-01/ses-01/eeg/sub-01_ses-01_task-MotorImageryRest_run-03_eeg.vhdr	3cb1957dea7e76b8bcd059c7818fe0b97e1a4c6c7e5cc06e1a8a45e416e9ab89	True	unresolved	unresolved
sub-1	01	03	sub-1/ses-01/run-03/tsv-row-10	10	right_hand	2	71.484	5.0	17871	19121	sub-1/ses-01/eeg/sub-1_ses-01_task-imagery_run-03_eeg.edf	sub-01	V	s	s	0	sub-01/ses-01/eeg/sub-01_ses-01_task-MotorImageryRest_run-03_eeg.vhdr	3cb1957dea7e76b8bcd059c7818fe0b97e1a4c6c7e5cc06e1a8a45e416e9ab89	True	unresolved	unresolved
sub-1	01	03	sub-1/ses-01/run-03/tsv-row-11	11	right_hand	2	78.372	5.0	19593	20843	sub-1/ses-01/eeg/sub-1_ses-01_task-imagery_run-03_eeg.edf	sub-01	V	s	s	0	sub-01/ses-01/eeg/sub-01_ses-01_task-MotorImageryRest_run-03_eeg.vhdr	3cb1957dea7e76b8bcd059c7818fe0b97e1a4c6c7e5cc06e1a8a45e416e9ab89	True	unresolved	unresolved
sub-1	01	03	sub-1/ses-01/run-03/tsv-row-12	12	rest	1	85.244	5.0	21311	22561	sub-1/ses-01/eeg/sub-1_ses-01_task-imagery_run-03_eeg.edf	sub-01	V	s	s	0	sub-01/ses-01/eeg/sub-01_ses-01_task-MotorImageryRest_run-03_eeg.vhdr	3cb1957dea7e76b8bcd059c7818fe0b97e1a4c6c7e5cc06e1a8a45e416e9ab89	True	unresolved	unresolved
sub-1	01	03	sub-1/ses-01/run-03/tsv-row-13	13	rest	1	92.156	5.0	23039	24289	sub-1/ses-01/eeg/sub-1_ses-01_task-imagery_run-03_eeg.edf	sub-01	V	s	s	0	sub-01/ses-01/eeg/sub-01_ses-01_task-MotorImageryRest_run-03_eeg.vhdr	3cb1957dea7e76b8bcd059c7818fe0b97e1a4c6c7e5cc06e1a8a45e416e9ab89	True	unresolved	unresolved
sub-1	01	03	sub-1/ses-01/run-03/tsv-row-14	14	right_hand	2	99.032	5.0	24758	26008	sub-1/ses-01/eeg/sub-1_ses-01_task-imagery_run-03_eeg.edf	sub-01	V	s	s	0	sub-01/ses-01/eeg/sub-01_ses-01_task-MotorImageryRest_run-03_eeg.vhdr	3cb1957dea7e76b8bcd059c7818fe0b97e1a4c6c7e5cc06e1a8a45e416e9ab89	True	unresolved	unresolved
sub-1	01	03	sub-1/ses-01/run-03/tsv-row-15	15	rest	1	105.904	5.0	26476	27726	sub-1/ses-01/eeg/sub-1_ses-01_task-imagery_run-03_eeg.edf	sub-01	V	s	s	0	sub-01/ses-01/eeg/sub-01_ses-01_task-MotorImageryRest_run-03_eeg.vhdr	3cb1957dea7e76b8bcd059c7818fe0b97e1a4c6c7e5cc06e1a8a45e416e9ab89	True	unresolved	unresolved
sub-1	01	03	sub-1/ses-01/run-03/tsv-row-16	16	right_hand	2	112.808	5.0	28202	29452	sub-1/ses-01/eeg/sub-1_ses-01_task-imagery_run-03_eeg.edf	sub-01	V	s	s	0	sub-01/ses-01/eeg/sub-01_ses-01_task-MotorImageryRest_run-03_eeg.vhdr	3cb1957dea7e76b8bcd059c7818fe0b97e1a4c6c7e5cc06e1a8a45e416e9ab89	True	unresolved	unresolved
sub-1	01	03	sub-1/ses-01/run-03/tsv-row-17	17	rest	1	119.7	5.0	29925	31175	sub-1/ses-01/eeg/sub-1_ses-01_task-imagery_run-03_eeg.edf	sub-01	V	s	s	0	sub-01/ses-01/eeg/sub-01_ses-01_task-MotorImageryRest_run-03_eeg.vhdr	3cb1957dea7e76b8bcd059c7818fe0b97e1a4c6c7e5cc06e1a8a45e416e9ab89	True	unresolved	unresolved
sub-1	01	03	sub-1/ses-01/run-03/tsv-row-18	18	right_hand	2	126.58	5.0	31645	32895	sub-1/ses-01/eeg/sub-1_ses-01_task-imagery_run-03_eeg.edf	sub-01	V	s	s	0	sub-01/ses-01/eeg/sub-01_ses-01_task-MotorImageryRest_run-03_eeg.vhdr	3cb1957dea7e76b8bcd059c7818fe0b97e1a4c6c7e5cc06e1a8a45e416e9ab89	True	unresolved	unresolved
sub-1	01	03	sub-1/ses-01/run-03/tsv-row-19	19	right_hand	2	133.468	5.0	33367	34617	sub-1/ses-01/eeg/sub-1_ses-01_task-imagery_run-03_eeg.edf	sub-01	V	s	s	0	sub-01/ses-01/eeg/sub-01_ses-01_task-MotorImageryRest_run-03_eeg.vhdr	3cb1957dea7e76b8bcd059c7818fe0b97e1a4c6c7e5cc06e1a8a45e416e9ab89	True	unresolved	unresolved
sub-1	01	03	sub-1/ses-01/run-03/tsv-row-20	20	rest	1	140.36	5.0	35090	36340	sub-1/ses-01/eeg/sub-1_ses-01_task-imagery_run-03_eeg.edf	sub-01	V	s	s	0	sub-01/ses-01/eeg/sub-01_ses-01_task-MotorImageryRest_run-03_eeg.vhdr	3cb1957dea7e76b8bcd059c7818fe0b97e1a4c6c7e5cc06e1a8a45e416e9ab89	True	unresolved	unresolved
sub-1	01	03	sub-1/ses-01/run-03/tsv-row-21	21	rest	1	147.24	5.0	36810	38060	sub-1/ses-01/eeg/sub-1_ses-01_task-imagery_run-03_eeg.edf	sub-01	V	s	s	0	sub-01/ses-01/eeg/sub-01_ses-01_task-MotorImageryRest_run-03_eeg.vhdr	3cb1957dea7e76b8bcd059c7818fe0b97e1a4c6c7e5cc06e1a8a45e416e9ab89	True	unresolved	unresolved
sub-1	01	03	sub-1/ses-01/run-03/tsv-row-22	22	right_hand	2	154.128	5.0	38532	39782	sub-1/ses-01/eeg/sub-1_ses-01_task-imagery_run-03_eeg.edf	sub-01	V	s	s	0	sub-01/ses-01/eeg/sub-01_ses-01_task-MotorImageryRest_run-03_eeg.vhdr	3cb1957dea7e76b8bcd059c7818fe0b97e1a4c6c7e5cc06e1a8a45e416e9ab89	True	unresolved	unresolved
sub-1	01	03	sub-1/ses-01/run-03/tsv-row-23	23	right_hand	2	161.032	5.0	40258	41508	sub-1/ses-01/eeg/sub-1_ses-01_task-imagery_run-03_eeg.edf	sub-01	V	s	s	0	sub-01/ses-01/eeg/sub-01_ses-01_task-MotorImageryRest_run-03_eeg.vhdr	3cb1957dea7e76b8bcd059c7818fe0b97e1a4c6c7e5cc06e1a8a45e416e9ab89	True	unresolved	unresolved
sub-1	01	03	sub-1/ses-01/run-03/tsv-row-24	24	rest	1	167.9	5.0	41975	43225	sub-1/ses-01/eeg/sub-1_ses-01_task-imagery_run-03_eeg.edf	sub-01	V	s	s	0	sub-01/ses-01/eeg/sub-01_ses-01_task-MotorImageryRest_run-03_eeg.vhdr	3cb1957dea7e76b8bcd059c7818fe0b97e1a4c6c7e5cc06e1a8a45e416e9ab89	True	unresolved	unresolved
sub-1	01	03	sub-1/ses-01/run-03/tsv-row-25	25	right_hand	2	174.788	5.0	43697	44947	sub-1/ses-01/eeg/sub-1_ses-01_task-imagery_run-03_eeg.edf	sub-01	V	s	s	0	sub-01/ses-01/eeg/sub-01_ses-01_task-MotorImageryRest_run-03_eeg.vhdr	3cb1957dea7e76b8bcd059c7818fe0b97e1a4c6c7e5cc06e1a8a45e416e9ab89	True	unresolved	unresolved
sub-1	01	03	sub-1/ses-01/run-03/tsv-row-26	26	rest	1	181.692	5.0	45423	46673	sub-1/ses-01/eeg/sub-1_ses-01_task-imagery_run-03_eeg.edf	sub-01	V	s	s	0	sub-01/ses-01/eeg/sub-01_ses-01_task-MotorImageryRest_run-03_eeg.vhdr	3cb1957dea7e76b8bcd059c7818fe0b97e1a4c6c7e5cc06e1a8a45e416e9ab89	True	unresolved	unresolved
sub-1	01	03	sub-1/ses-01/run-03/tsv-row-27	27	right_hand	2	188.56	5.0	47140	48390	sub-1/ses-01/eeg/sub-1_ses-01_task-imagery_run-03_eeg.edf	sub-01	V	s	s	0	sub-01/ses-01/eeg/sub-01_ses-01_task-MotorImageryRest_run-03_eeg.vhdr	3cb1957dea7e76b8bcd059c7818fe0b97e1a4c6c7e5cc06e1a8a45e416e9ab89	True	unresolved	unresolved
sub-1	01	03	sub-1/ses-01/run-03/tsv-row-28	28	rest	1	195.448	5.0	48862	50112	sub-1/ses-01/eeg/sub-1_ses-01_task-imagery_run-03_eeg.edf	sub-01	V	s	s	0	sub-01/ses-01/eeg/sub-01_ses-01_task-MotorImageryRest_run-03_eeg.vhdr	3cb1957dea7e76b8bcd059c7818fe0b97e1a4c6c7e5cc06e1a8a45e416e9ab89	True	unresolved	unresolved
sub-1	01	03	sub-1/ses-01/run-03/tsv-row-29	29	rest	1	202.352	5.0	50588	51838	sub-1/ses-01/eeg/sub-1_ses-01_task-imagery_run-03_eeg.edf	sub-01	V	s	s	0	sub-01/ses-01/eeg/sub-01_ses-01_task-MotorImageryRest_run-03_eeg.vhdr	3cb1957dea7e76b8bcd059c7818fe0b97e1a4c6c7e5cc06e1a8a45e416e9ab89	True	unresolved	unresolved
sub-1	01	03	sub-1/ses-01/run-03/tsv-row-30	30	right_hand	2	209.24	5.0	52310	53560	sub-1/ses-01/eeg/sub-1_ses-01_task-imagery_run-03_eeg.edf	sub-01	V	s	s	0	sub-01/ses-01/eeg/sub-01_ses-01_task-MotorImageryRest_run-03_eeg.vhdr	3cb1957dea7e76b8bcd059c7818fe0b97e1a4c6c7e5cc06e1a8a45e416e9ab89	True	unresolved	unresolved
sub-1	01	04	sub-1/ses-01/run-04/tsv-row-1	1	right_hand	2	7.316	5.0	1829	3079	sub-1/ses-01/eeg/sub-1_ses-01_task-imagery_run-04_eeg.edf	sub-01	V	s	s	0	sub-01/ses-01/eeg/sub-01_ses-01_task-MotorImageryRest_run-04_eeg.vhdr	3511691e214c64855b5a4fcb2d39b4a73ef4970d418ecd537409ee38a0f2ada6	True	unresolved	unresolved
sub-1	01	04	sub-1/ses-01/run-04/tsv-row-2	2	rest	1	14.248	5.0	3562	4812	sub-1/ses-01/eeg/sub-1_ses-01_task-imagery_run-04_eeg.edf	sub-01	V	s	s	0	sub-01/ses-01/eeg/sub-01_ses-01_task-MotorImageryRest_run-04_eeg.vhdr	3511691e214c64855b5a4fcb2d39b4a73ef4970d418ecd537409ee38a0f2ada6	True	unresolved	unresolved
sub-1	01	04	sub-1/ses-01/run-04/tsv-row-3	3	right_hand	2	21.108	5.0	5277	6527	sub-1/ses-01/eeg/sub-1_ses-01_task-imagery_run-04_eeg.edf	sub-01	V	s	s	0	sub-01/ses-01/eeg/sub-01_ses-01_task-MotorImageryRest_run-04_eeg.vhdr	3511691e214c64855b5a4fcb2d39b4a73ef4970d418ecd537409ee38a0f2ada6	True	unresolved	unresolved
sub-1	01	04	sub-1/ses-01/run-04/tsv-row-4	4	rest	1	28.024	5.0	7006	8256	sub-1/ses-01/eeg/sub-1_ses-01_task-imagery_run-04_eeg.edf	sub-01	V	s	s	0	sub-01/ses-01/eeg/sub-01_ses-01_task-MotorImageryRest_run-04_eeg.vhdr	3511691e214c64855b5a4fcb2d39b4a73ef4970d418ecd537409ee38a0f2ada6	True	unresolved	unresolved
sub-1	01	04	sub-1/ses-01/run-04/tsv-row-5	5	rest	1	34.924	5.0	8731	9981	sub-1/ses-01/eeg/sub-1_ses-01_task-imagery_run-04_eeg.edf	sub-01	V	s	s	0	sub-01/ses-01/eeg/sub-01_ses-01_task-MotorImageryRest_run-04_eeg.vhdr	3511691e214c64855b5a4fcb2d39b4a73ef4970d418ecd537409ee38a0f2ada6	True	unresolved	unresolved
sub-1	01	04	sub-1/ses-01/run-04/tsv-row-6	6	right_hand	2	41.768	5.0	10442	11692	sub-1/ses-01/eeg/sub-1_ses-01_task-imagery_run-04_eeg.edf	sub-01	V	s	s	0	sub-01/ses-01/eeg/sub-01_ses-01_task-MotorImageryRest_run-04_eeg.vhdr	3511691e214c64855b5a4fcb2d39b4a73ef4970d418ecd537409ee38a0f2ada6	True	unresolved	unresolved
sub-1	01	04	sub-1/ses-01/run-04/tsv-row-7	7	rest	1	48.684	5.0	12171	13421	sub-1/ses-01/eeg/sub-1_ses-01_task-imagery_run-04_eeg.edf	sub-01	V	s	s	0	sub-01/ses-01/eeg/sub-01_ses-01_task-MotorImageryRest_run-04_eeg.vhdr	3511691e214c64855b5a4fcb2d39b4a73ef4970d418ecd537409ee38a0f2ada6	True	unresolved	unresolved
sub-1	01	04	sub-1/ses-01/run-04/tsv-row-8	8	right_hand	2	55.56	5.0	13890	15140	sub-1/ses-01/eeg/sub-1_ses-01_task-imagery_run-04_eeg.edf	sub-01	V	s	s	0	sub-01/ses-01/eeg/sub-01_ses-01_task-MotorImageryRest_run-04_eeg.vhdr	3511691e214c64855b5a4fcb2d39b4a73ef4970d418ecd537409ee38a0f2ada6	True	unresolved	unresolved
sub-1	01	04	sub-1/ses-01/run-04/tsv-row-9	9	right_hand	2	62.744	5.0	15686	16936	sub-1/ses-01/eeg/sub-1_ses-01_task-imagery_run-04_eeg.edf	sub-01	V	s	s	0	sub-01/ses-01/eeg/sub-01_ses-01_task-MotorImageryRest_run-04_eeg.vhdr	3511691e214c64855b5a4fcb2d39b4a73ef4970d418ecd537409ee38a0f2ada6	True	unresolved	unresolved
sub-1	01	04	sub-1/ses-01/run-04/tsv-row-10	10	rest	1	69.668	5.0	17417	18667	sub-1/ses-01/eeg/sub-1_ses-01_task-imagery_run-04_eeg.edf	sub-01	V	s	s	0	sub-01/ses-01/eeg/sub-01_ses-01_task-MotorImageryRest_run-04_eeg.vhdr	3511691e214c64855b5a4fcb2d39b4a73ef4970d418ecd537409ee38a0f2ada6	True	unresolved	unresolved
sub-1	01	04	sub-1/ses-01/run-04/tsv-row-11	11	right_hand	2	76.52	5.0	19130	20380	sub-1/ses-01/eeg/sub-1_ses-01_task-imagery_run-04_eeg.edf	sub-01	V	s	s	0	sub-01/ses-01/eeg/sub-01_ses-01_task-MotorImageryRest_run-04_eeg.vhdr	3511691e214c64855b5a4fcb2d39b4a73ef4970d418ecd537409ee38a0f2ada6	True	unresolved	unresolved
sub-1	01	04	sub-1/ses-01/run-04/tsv-row-12	12	rest	1	83.432	5.0	20858	22108	sub-1/ses-01/eeg/sub-1_ses-01_task-imagery_run-04_eeg.edf	sub-01	V	s	s	0	sub-01/ses-01/eeg/sub-01_ses-01_task-MotorImageryRest_run-04_eeg.vhdr	3511691e214c64855b5a4fcb2d39b4a73ef4970d418ecd537409ee38a0f2ada6	True	unresolved	unresolved
sub-1	01	04	sub-1/ses-01/run-04/tsv-row-13	13	right_hand	2	90.292	5.0	22573	23823	sub-1/ses-01/eeg/sub-1_ses-01_task-imagery_run-04_eeg.edf	sub-01	V	s	s	0	sub-01/ses-01/eeg/sub-01_ses-01_task-MotorImageryRest_run-04_eeg.vhdr	3511691e214c64855b5a4fcb2d39b4a73ef4970d418ecd537409ee38a0f2ada6	True	unresolved	unresolved
sub-1	01	04	sub-1/ses-01/run-04/tsv-row-14	14	rest	1	97.22	5.0	24305	25555	sub-1/ses-01/eeg/sub-1_ses-01_task-imagery_run-04_eeg.edf	sub-01	V	s	s	0	sub-01/ses-01/eeg/sub-01_ses-01_task-MotorImageryRest_run-04_eeg.vhdr	3511691e214c64855b5a4fcb2d39b4a73ef4970d418ecd537409ee38a0f2ada6	True	unresolved	unresolved
sub-1	01	04	sub-1/ses-01/run-04/tsv-row-15	15	right_hand	2	104.08	5.0	26020	27270	sub-1/ses-01/eeg/sub-1_ses-01_task-imagery_run-04_eeg.edf	sub-01	V	s	s	0	sub-01/ses-01/eeg/sub-01_ses-01_task-MotorImageryRest_run-04_eeg.vhdr	3511691e214c64855b5a4fcb2d39b4a73ef4970d418ecd537409ee38a0f2ada6	True	unresolved	unresolved
sub-1	01	04	sub-1/ses-01/run-04/tsv-row-16	16	rest	1	110.988	5.0	27747	28997	sub-1/ses-01/eeg/sub-1_ses-01_task-imagery_run-04_eeg.edf	sub-01	V	s	s	0	sub-01/ses-01/eeg/sub-01_ses-01_task-MotorImageryRest_run-04_eeg.vhdr	3511691e214c64855b5a4fcb2d39b4a73ef4970d418ecd537409ee38a0f2ada6	True	unresolved	unresolved
sub-1	01	04	sub-1/ses-01/run-04/tsv-row-17	17	rest	1	117.892	5.0	29473	30723	sub-1/ses-01/eeg/sub-1_ses-01_task-imagery_run-04_eeg.edf	sub-01	V	s	s	0	sub-01/ses-01/eeg/sub-01_ses-01_task-MotorImageryRest_run-04_eeg.vhdr	3511691e214c64855b5a4fcb2d39b4a73ef4970d418ecd537409ee38a0f2ada6	True	unresolved	unresolved
sub-1	01	04	sub-1/ses-01/run-04/tsv-row-18	18	right_hand	2	124.744	5.0	31186	32436	sub-1/ses-01/eeg/sub-1_ses-01_task-imagery_run-04_eeg.edf	sub-01	V	s	s	0	sub-01/ses-01/eeg/sub-01_ses-01_task-MotorImageryRest_run-04_eeg.vhdr	3511691e214c64855b5a4fcb2d39b4a73ef4970d418ecd537409ee38a0f2ada6	True	unresolved	unresolved
sub-1	01	04	sub-1/ses-01/run-04/tsv-row-19	19	right_hand	2	131.632	5.0	32908	34158	sub-1/ses-01/eeg/sub-1_ses-01_task-imagery_run-04_eeg.edf	sub-01	V	s	s	0	sub-01/ses-01/eeg/sub-01_ses-01_task-MotorImageryRest_run-04_eeg.vhdr	3511691e214c64855b5a4fcb2d39b4a73ef4970d418ecd537409ee38a0f2ada6	True	unresolved	unresolved
sub-1	01	04	sub-1/ses-01/run-04/tsv-row-20	20	rest	1	138.528	5.0	34632	35882	sub-1/ses-01/eeg/sub-1_ses-01_task-imagery_run-04_eeg.edf	sub-01	V	s	s	0	sub-01/ses-01/eeg/sub-01_ses-01_task-MotorImageryRest_run-04_eeg.vhdr	3511691e214c64855b5a4fcb2d39b4a73ef4970d418ecd537409ee38a0f2ada6	True	unresolved	unresolved
sub-1	01	04	sub-1/ses-01/run-04/tsv-row-21	21	rest	1	145.44	5.0	36360	37610	sub-1/ses-01/eeg/sub-1_ses-01_task-imagery_run-04_eeg.edf	sub-01	V	s	s	0	sub-01/ses-01/eeg/sub-01_ses-01_task-MotorImageryRest_run-04_eeg.vhdr	3511691e214c64855b5a4fcb2d39b4a73ef4970d418ecd537409ee38a0f2ada6	True	unresolved	unresolved
sub-1	01	04	sub-1/ses-01/run-04/tsv-row-22	22	right_hand	2	152.292	5.0	38073	39323	sub-1/ses-01/eeg/sub-1_ses-01_task-imagery_run-04_eeg.edf	sub-01	V	s	s	0	sub-01/ses-01/eeg/sub-01_ses-01_task-MotorImageryRest_run-04_eeg.vhdr	3511691e214c64855b5a4fcb2d39b4a73ef4970d418ecd537409ee38a0f2ada6	True	unresolved	unresolved
sub-1	01	04	sub-1/ses-01/run-04/tsv-row-23	23	right_hand	2	159.18	5.0	39795	41045	sub-1/ses-01/eeg/sub-1_ses-01_task-imagery_run-04_eeg.edf	sub-01	V	s	s	0	sub-01/ses-01/eeg/sub-01_ses-01_task-MotorImageryRest_run-04_eeg.vhdr	3511691e214c64855b5a4fcb2d39b4a73ef4970d418ecd537409ee38a0f2ada6	True	unresolved	unresolved
sub-1	01	04	sub-1/ses-01/run-04/tsv-row-24	24	rest	1	166.104	5.0	41526	42776	sub-1/ses-01/eeg/sub-1_ses-01_task-imagery_run-04_eeg.edf	sub-01	V	s	s	0	sub-01/ses-01/eeg/sub-01_ses-01_task-MotorImageryRest_run-04_eeg.vhdr	3511691e214c64855b5a4fcb2d39b4a73ef4970d418ecd537409ee38a0f2ada6	True	unresolved	unresolved
sub-1	01	04	sub-1/ses-01/run-04/tsv-row-25	25	right_hand	2	172.948	5.0	43237	44487	sub-1/ses-01/eeg/sub-1_ses-01_task-imagery_run-04_eeg.edf	sub-01	V	s	s	0	sub-01/ses-01/eeg/sub-01_ses-01_task-MotorImageryRest_run-04_eeg.vhdr	3511691e214c64855b5a4fcb2d39b4a73ef4970d418ecd537409ee38a0f2ada6	True	unresolved	unresolved
sub-1	01	04	sub-1/ses-01/run-04/tsv-row-26	26	rest	1	179.868	5.0	44967	46217	sub-1/ses-01/eeg/sub-1_ses-01_task-imagery_run-04_eeg.edf	sub-01	V	s	s	0	sub-01/ses-01/eeg/sub-01_ses-01_task-MotorImageryRest_run-04_eeg.vhdr	3511691e214c64855b5a4fcb2d39b4a73ef4970d418ecd537409ee38a0f2ada6	True	unresolved	unresolved
sub-1	01	04	sub-1/ses-01/run-04/tsv-row-27	27	rest	1	186.764	5.0	46691	47941	sub-1/ses-01/eeg/sub-1_ses-01_task-imagery_run-04_eeg.edf	sub-01	V	s	s	0	sub-01/ses-01/eeg/sub-01_ses-01_task-MotorImageryRest_run-04_eeg.vhdr	3511691e214c64855b5a4fcb2d39b4a73ef4970d418ecd537409ee38a0f2ada6	True	unresolved	unresolved
sub-1	01	04	sub-1/ses-01/run-04/tsv-row-28	28	right_hand	2	193.612	5.0	48403	49653	sub-1/ses-01/eeg/sub-1_ses-01_task-imagery_run-04_eeg.edf	sub-01	V	s	s	0	sub-01/ses-01/eeg/sub-01_ses-01_task-MotorImageryRest_run-04_eeg.vhdr	3511691e214c64855b5a4fcb2d39b4a73ef4970d418ecd537409ee38a0f2ada6	True	unresolved	unresolved
sub-1	01	04	sub-1/ses-01/run-04/tsv-row-29	29	rest	1	200.528	5.0	50132	51382	sub-1/ses-01/eeg/sub-1_ses-01_task-imagery_run-04_eeg.edf	sub-01	V	s	s	0	sub-01/ses-01/eeg/sub-01_ses-01_task-MotorImageryRest_run-04_eeg.vhdr	3511691e214c64855b5a4fcb2d39b4a73ef4970d418ecd537409ee38a0f2ada6	True	unresolved	unresolved
sub-1	01	04	sub-1/ses-01/run-04/tsv-row-30	30	right_hand	2	207.388	5.0	51847	53097	sub-1/ses-01/eeg/sub-1_ses-01_task-imagery_run-04_eeg.edf	sub-01	V	s	s	0	sub-01/ses-01/eeg/sub-01_ses-01_task-MotorImageryRest_run-04_eeg.vhdr	3511691e214c64855b5a4fcb2d39b4a73ef4970d418ecd537409ee38a0f2ada6	True	unresolved	unresolved
sub-1	01	05	sub-1/ses-01/run-05/tsv-row-1	1	rest	1	11.2	5.0	2800	4050	sub-1/ses-01/eeg/sub-1_ses-01_task-imagery_run-05_eeg.edf	sub-01	V	s	s	0	sub-01/ses-01/eeg/sub-01_ses-01_task-MotorImageryRest_run-05_eeg.vhdr	4f3dc21244fbf29118a9af63b753aa1842815a5950f6eaebdbeb7d14a3a2a520	True	unresolved	unresolved
sub-1	01	05	sub-1/ses-01/run-05/tsv-row-2	2	right_hand	2	18.068	5.0	4517	5767	sub-1/ses-01/eeg/sub-1_ses-01_task-imagery_run-05_eeg.edf	sub-01	V	s	s	0	sub-01/ses-01/eeg/sub-01_ses-01_task-MotorImageryRest_run-05_eeg.vhdr	4f3dc21244fbf29118a9af63b753aa1842815a5950f6eaebdbeb7d14a3a2a520	True	unresolved	unresolved
sub-1	01	05	sub-1/ses-01/run-05/tsv-row-3	3	rest	1	24.964	5.0	6241	7491	sub-1/ses-01/eeg/sub-1_ses-01_task-imagery_run-05_eeg.edf	sub-01	V	s	s	0	sub-01/ses-01/eeg/sub-01_ses-01_task-MotorImageryRest_run-05_eeg.vhdr	4f3dc21244fbf29118a9af63b753aa1842815a5950f6eaebdbeb7d14a3a2a520	True	unresolved	unresolved
sub-1	01	05	sub-1/ses-01/run-05/tsv-row-4	4	right_hand	2	31.86	5.0	7965	9215	sub-1/ses-01/eeg/sub-1_ses-01_task-imagery_run-05_eeg.edf	sub-01	V	s	s	0	sub-01/ses-01/eeg/sub-01_ses-01_task-MotorImageryRest_run-05_eeg.vhdr	4f3dc21244fbf29118a9af63b753aa1842815a5950f6eaebdbeb7d14a3a2a520	True	unresolved	unresolved
sub-1	01	05	sub-1/ses-01/run-05/tsv-row-5	5	rest	1	38.748	5.0	9687	10937	sub-1/ses-01/eeg/sub-1_ses-01_task-imagery_run-05_eeg.edf	sub-01	V	s	s	0	sub-01/ses-01/eeg/sub-01_ses-01_task-MotorImageryRest_run-05_eeg.vhdr	4f3dc21244fbf29118a9af63b753aa1842815a5950f6eaebdbeb7d14a3a2a520	True	unresolved	unresolved
sub-1	01	05	sub-1/ses-01/run-05/tsv-row-6	6	right_hand	2	45.616	5.0	11404	12654	sub-1/ses-01/eeg/sub-1_ses-01_task-imagery_run-05_eeg.edf	sub-01	V	s	s	0	sub-01/ses-01/eeg/sub-01_ses-01_task-MotorImageryRest_run-05_eeg.vhdr	4f3dc21244fbf29118a9af63b753aa1842815a5950f6eaebdbeb7d14a3a2a520	True	unresolved	unresolved
sub-1	01	05	sub-1/ses-01/run-05/tsv-row-7	7	rest	1	52.52	5.0	13130	14380	sub-1/ses-01/eeg/sub-1_ses-01_task-imagery_run-05_eeg.edf	sub-01	V	s	s	0	sub-01/ses-01/eeg/sub-01_ses-01_task-MotorImageryRest_run-05_eeg.vhdr	4f3dc21244fbf29118a9af63b753aa1842815a5950f6eaebdbeb7d14a3a2a520	True	unresolved	unresolved
sub-1	01	05	sub-1/ses-01/run-05/tsv-row-8	8	right_hand	2	59.408	5.0	14852	16102	sub-1/ses-01/eeg/sub-1_ses-01_task-imagery_run-05_eeg.edf	sub-01	V	s	s	0	sub-01/ses-01/eeg/sub-01_ses-01_task-MotorImageryRest_run-05_eeg.vhdr	4f3dc21244fbf29118a9af63b753aa1842815a5950f6eaebdbeb7d14a3a2a520	True	unresolved	unresolved
sub-1	01	05	sub-1/ses-01/run-05/tsv-row-9	9	right_hand	2	66.296	5.0	16574	17824	sub-1/ses-01/eeg/sub-1_ses-01_task-imagery_run-05_eeg.edf	sub-01	V	s	s	0	sub-01/ses-01/eeg/sub-01_ses-01_task-MotorImageryRest_run-05_eeg.vhdr	4f3dc21244fbf29118a9af63b753aa1842815a5950f6eaebdbeb7d14a3a2a520	True	unresolved	unresolved
sub-1	01	05	sub-1/ses-01/run-05/tsv-row-10	10	rest	1	73.18	5.0	18295	19545	sub-1/ses-01/eeg/sub-1_ses-01_task-imagery_run-05_eeg.edf	sub-01	V	s	s	0	sub-01/ses-01/eeg/sub-01_ses-01_task-MotorImageryRest_run-05_eeg.vhdr	4f3dc21244fbf29118a9af63b753aa1842815a5950f6eaebdbeb7d14a3a2a520	True	unresolved	unresolved
sub-1	01	05	sub-1/ses-01/run-05/tsv-row-11	11	rest	1	80.068	5.0	20017	21267	sub-1/ses-01/eeg/sub-1_ses-01_task-imagery_run-05_eeg.edf	sub-01	V	s	s	0	sub-01/ses-01/eeg/sub-01_ses-01_task-MotorImageryRest_run-05_eeg.vhdr	4f3dc21244fbf29118a9af63b753aa1842815a5950f6eaebdbeb7d14a3a2a520	True	unresolved	unresolved
sub-1	01	05	sub-1/ses-01/run-05/tsv-row-12	12	right_hand	2	86.956	5.0	21739	22989	sub-1/ses-01/eeg/sub-1_ses-01_task-imagery_run-05_eeg.edf	sub-01	V	s	s	0	sub-01/ses-01/eeg/sub-01_ses-01_task-MotorImageryRest_run-05_eeg.vhdr	4f3dc21244fbf29118a9af63b753aa1842815a5950f6eaebdbeb7d14a3a2a520	True	unresolved	unresolved
sub-1	01	05	sub-1/ses-01/run-05/tsv-row-13	13	rest	1	93.868	5.0	23467	24717	sub-1/ses-01/eeg/sub-1_ses-01_task-imagery_run-05_eeg.edf	sub-01	V	s	s	0	sub-01/ses-01/eeg/sub-01_ses-01_task-MotorImageryRest_run-05_eeg.vhdr	4f3dc21244fbf29118a9af63b753aa1842815a5950f6eaebdbeb7d14a3a2a520	True	unresolved	unresolved
sub-1	01	05	sub-1/ses-01/run-05/tsv-row-14	14	right_hand	2	100.728	5.0	25182	26432	sub-1/ses-01/eeg/sub-1_ses-01_task-imagery_run-05_eeg.edf	sub-01	V	s	s	0	sub-01/ses-01/eeg/sub-01_ses-01_task-MotorImageryRest_run-05_eeg.vhdr	4f3dc21244fbf29118a9af63b753aa1842815a5950f6eaebdbeb7d14a3a2a520	True	unresolved	unresolved
sub-1	01	05	sub-1/ses-01/run-05/tsv-row-15	15	right_hand	2	107.632	5.0	26908	28158	sub-1/ses-01/eeg/sub-1_ses-01_task-imagery_run-05_eeg.edf	sub-01	V	s	s	0	sub-01/ses-01/eeg/sub-01_ses-01_task-MotorImageryRest_run-05_eeg.vhdr	4f3dc21244fbf29118a9af63b753aa1842815a5950f6eaebdbeb7d14a3a2a520	True	unresolved	unresolved
sub-1	01	05	sub-1/ses-01/run-05/tsv-row-16	16	rest	1	114.52	5.0	28630	29880	sub-1/ses-01/eeg/sub-1_ses-01_task-imagery_run-05_eeg.edf	sub-01	V	s	s	0	sub-01/ses-01/eeg/sub-01_ses-01_task-MotorImageryRest_run-05_eeg.vhdr	4f3dc21244fbf29118a9af63b753aa1842815a5950f6eaebdbeb7d14a3a2a520	True	unresolved	unresolved
sub-1	01	05	sub-1/ses-01/run-05/tsv-row-17	17	rest	1	121.412	5.0	30353	31603	sub-1/ses-01/eeg/sub-1_ses-01_task-imagery_run-05_eeg.edf	sub-01	V	s	s	0	sub-01/ses-01/eeg/sub-01_ses-01_task-MotorImageryRest_run-05_eeg.vhdr	4f3dc21244fbf29118a9af63b753aa1842815a5950f6eaebdbeb7d14a3a2a520	True	unresolved	unresolved
sub-1	01	05	sub-1/ses-01/run-05/tsv-row-18	18	right_hand	2	128.276	5.0	32069	33319	sub-1/ses-01/eeg/sub-1_ses-01_task-imagery_run-05_eeg.edf	sub-01	V	s	s	0	sub-01/ses-01/eeg/sub-01_ses-01_task-MotorImageryRest_run-05_eeg.vhdr	4f3dc21244fbf29118a9af63b753aa1842815a5950f6eaebdbeb7d14a3a2a520	True	unresolved	unresolved
sub-1	01	05	sub-1/ses-01/run-05/tsv-row-19	19	rest	1	135.18	5.0	33795	35045	sub-1/ses-01/eeg/sub-1_ses-01_task-imagery_run-05_eeg.edf	sub-01	V	s	s	0	sub-01/ses-01/eeg/sub-01_ses-01_task-MotorImageryRest_run-05_eeg.vhdr	4f3dc21244fbf29118a9af63b753aa1842815a5950f6eaebdbeb7d14a3a2a520	True	unresolved	unresolved
sub-1	01	05	sub-1/ses-01/run-05/tsv-row-20	20	right_hand	2	142.064	5.0	35516	36766	sub-1/ses-01/eeg/sub-1_ses-01_task-imagery_run-05_eeg.edf	sub-01	V	s	s	0	sub-01/ses-01/eeg/sub-01_ses-01_task-MotorImageryRest_run-05_eeg.vhdr	4f3dc21244fbf29118a9af63b753aa1842815a5950f6eaebdbeb7d14a3a2a520	True	unresolved	unresolved
sub-1	01	05	sub-1/ses-01/run-05/tsv-row-21	21	rest	1	148.952	5.0	37238	38488	sub-1/ses-01/eeg/sub-1_ses-01_task-imagery_run-05_eeg.edf	sub-01	V	s	s	0	sub-01/ses-01/eeg/sub-01_ses-01_task-MotorImageryRest_run-05_eeg.vhdr	4f3dc21244fbf29118a9af63b753aa1842815a5950f6eaebdbeb7d14a3a2a520	True	unresolved	unresolved
sub-1	01	05	sub-1/ses-01/run-05/tsv-row-22	22	right_hand	2	155.84	5.0	38960	40210	sub-1/ses-01/eeg/sub-1_ses-01_task-imagery_run-05_eeg.edf	sub-01	V	s	s	0	sub-01/ses-01/eeg/sub-01_ses-01_task-MotorImageryRest_run-05_eeg.vhdr	4f3dc21244fbf29118a9af63b753aa1842815a5950f6eaebdbeb7d14a3a2a520	True	unresolved	unresolved
sub-1	01	05	sub-1/ses-01/run-05/tsv-row-23	23	right_hand	2	162.728	5.0	40682	41932	sub-1/ses-01/eeg/sub-1_ses-01_task-imagery_run-05_eeg.edf	sub-01	V	s	s	0	sub-01/ses-01/eeg/sub-01_ses-01_task-MotorImageryRest_run-05_eeg.vhdr	4f3dc21244fbf29118a9af63b753aa1842815a5950f6eaebdbeb7d14a3a2a520	True	unresolved	unresolved
sub-1	01	05	sub-1/ses-01/run-05/tsv-row-24	24	rest	1	169.62	5.0	42405	43655	sub-1/ses-01/eeg/sub-1_ses-01_task-imagery_run-05_eeg.edf	sub-01	V	s	s	0	sub-01/ses-01/eeg/sub-01_ses-01_task-MotorImageryRest_run-05_eeg.vhdr	4f3dc21244fbf29118a9af63b753aa1842815a5950f6eaebdbeb7d14a3a2a520	True	unresolved	unresolved
sub-1	01	05	sub-1/ses-01/run-05/tsv-row-25	25	rest	1	176.516	5.0	44129	45379	sub-1/ses-01/eeg/sub-1_ses-01_task-imagery_run-05_eeg.edf	sub-01	V	s	s	0	sub-01/ses-01/eeg/sub-01_ses-01_task-MotorImageryRest_run-05_eeg.vhdr	4f3dc21244fbf29118a9af63b753aa1842815a5950f6eaebdbeb7d14a3a2a520	True	unresolved	unresolved
sub-1	01	05	sub-1/ses-01/run-05/tsv-row-26	26	right_hand	2	183.388	5.0	45847	47097	sub-1/ses-01/eeg/sub-1_ses-01_task-imagery_run-05_eeg.edf	sub-01	V	s	s	0	sub-01/ses-01/eeg/sub-01_ses-01_task-MotorImageryRest_run-05_eeg.vhdr	4f3dc21244fbf29118a9af63b753aa1842815a5950f6eaebdbeb7d14a3a2a520	True	unresolved	unresolved
sub-1	01	05	sub-1/ses-01/run-05/tsv-row-27	27	rest	1	190.28	5.0	47570	48820	sub-1/ses-01/eeg/sub-1_ses-01_task-imagery_run-05_eeg.edf	sub-01	V	s	s	0	sub-01/ses-01/eeg/sub-01_ses-01_task-MotorImageryRest_run-05_eeg.vhdr	4f3dc21244fbf29118a9af63b753aa1842815a5950f6eaebdbeb7d14a3a2a520	True	unresolved	unresolved
sub-1	01	05	sub-1/ses-01/run-05/tsv-row-28	28	right_hand	2	197.16	5.0	49290	50540	sub-1/ses-01/eeg/sub-1_ses-01_task-imagery_run-05_eeg.edf	sub-01	V	s	s	0	sub-01/ses-01/eeg/sub-01_ses-01_task-MotorImageryRest_run-05_eeg.vhdr	4f3dc21244fbf29118a9af63b753aa1842815a5950f6eaebdbeb7d14a3a2a520	True	unresolved	unresolved
sub-1	01	05	sub-1/ses-01/run-05/tsv-row-29	29	rest	1	204.064	5.0	51016	52266	sub-1/ses-01/eeg/sub-1_ses-01_task-imagery_run-05_eeg.edf	sub-01	V	s	s	0	sub-01/ses-01/eeg/sub-01_ses-01_task-MotorImageryRest_run-05_eeg.vhdr	4f3dc21244fbf29118a9af63b753aa1842815a5950f6eaebdbeb7d14a3a2a520	True	unresolved	unresolved
sub-1	01	05	sub-1/ses-01/run-05/tsv-row-30	30	right_hand	2	210.932	5.0	52733	53983	sub-1/ses-01/eeg/sub-1_ses-01_task-imagery_run-05_eeg.edf	sub-01	V	s	s	0	sub-01/ses-01/eeg/sub-01_ses-01_task-MotorImageryRest_run-05_eeg.vhdr	4f3dc21244fbf29118a9af63b753aa1842815a5950f6eaebdbeb7d14a3a2a520	True	unresolved	unresolved
sub-1	01	06	sub-1/ses-01/run-06/tsv-row-1	1	rest	1	8.932	5.0	2233	3483	sub-1/ses-01/eeg/sub-1_ses-01_task-imagery_run-06_eeg.edf	sub-01	V	s	s	0	sub-01/ses-01/eeg/sub-01_ses-01_task-MotorImageryRest_run-06_eeg.vhdr	7b2ccc14ae40df69af67394b21a8e4b55e23afeb138423945ba5cd2b05192b1b	True	unresolved	unresolved
sub-1	01	06	sub-1/ses-01/run-06/tsv-row-2	2	right_hand	2	15.748	5.0	3937	5187	sub-1/ses-01/eeg/sub-1_ses-01_task-imagery_run-06_eeg.edf	sub-01	V	s	s	0	sub-01/ses-01/eeg/sub-01_ses-01_task-MotorImageryRest_run-06_eeg.vhdr	7b2ccc14ae40df69af67394b21a8e4b55e23afeb138423945ba5cd2b05192b1b	True	unresolved	unresolved
sub-1	01	06	sub-1/ses-01/run-06/tsv-row-3	3	right_hand	2	22.648	5.0	5662	6912	sub-1/ses-01/eeg/sub-1_ses-01_task-imagery_run-06_eeg.edf	sub-01	V	s	s	0	sub-01/ses-01/eeg/sub-01_ses-01_task-MotorImageryRest_run-06_eeg.vhdr	7b2ccc14ae40df69af67394b21a8e4b55e23afeb138423945ba5cd2b05192b1b	True	unresolved	unresolved
sub-1	01	06	sub-1/ses-01/run-06/tsv-row-4	4	rest	1	29.52	5.0	7380	8630	sub-1/ses-01/eeg/sub-1_ses-01_task-imagery_run-06_eeg.edf	sub-01	V	s	s	0	sub-01/ses-01/eeg/sub-01_ses-01_task-MotorImageryRest_run-06_eeg.vhdr	7b2ccc14ae40df69af67394b21a8e4b55e23afeb138423945ba5cd2b05192b1b	True	unresolved	unresolved
sub-1	01	06	sub-1/ses-01/run-06/tsv-row-5	5	rest	1	36.424	5.0	9106	10356	sub-1/ses-01/eeg/sub-1_ses-01_task-imagery_run-06_eeg.edf	sub-01	V	s	s	0	sub-01/ses-01/eeg/sub-01_ses-01_task-MotorImageryRest_run-06_eeg.vhdr	7b2ccc14ae40df69af67394b21a8e4b55e23afeb138423945ba5cd2b05192b1b	True	unresolved	unresolved
sub-1	01	06	sub-1/ses-01/run-06/tsv-row-6	6	right_hand	2	43.312	5.0	10828	12078	sub-1/ses-01/eeg/sub-1_ses-01_task-imagery_run-06_eeg.edf	sub-01	V	s	s	0	sub-01/ses-01/eeg/sub-01_ses-01_task-MotorImageryRest_run-06_eeg.vhdr	7b2ccc14ae40df69af67394b21a8e4b55e23afeb138423945ba5cd2b05192b1b	True	unresolved	unresolved
sub-1	01	06	sub-1/ses-01/run-06/tsv-row-7	7	right_hand	2	50.196	5.0	12549	13799	sub-1/ses-01/eeg/sub-1_ses-01_task-imagery_run-06_eeg.edf	sub-01	V	s	s	0	sub-01/ses-01/eeg/sub-01_ses-01_task-MotorImageryRest_run-06_eeg.vhdr	7b2ccc14ae40df69af67394b21a8e4b55e23afeb138423945ba5cd2b05192b1b	True	unresolved	unresolved
sub-1	01	06	sub-1/ses-01/run-06/tsv-row-8	8	rest	1	57.084	5.0	14271	15521	sub-1/ses-01/eeg/sub-1_ses-01_task-imagery_run-06_eeg.edf	sub-01	V	s	s	0	sub-01/ses-01/eeg/sub-01_ses-01_task-MotorImageryRest_run-06_eeg.vhdr	7b2ccc14ae40df69af67394b21a8e4b55e23afeb138423945ba5cd2b05192b1b	True	unresolved	unresolved
sub-1	01	06	sub-1/ses-01/run-06/tsv-row-9	9	right_hand	2	63.972	5.0	15993	17243	sub-1/ses-01/eeg/sub-1_ses-01_task-imagery_run-06_eeg.edf	sub-01	V	s	s	0	sub-01/ses-01/eeg/sub-01_ses-01_task-MotorImageryRest_run-06_eeg.vhdr	7b2ccc14ae40df69af67394b21a8e4b55e23afeb138423945ba5cd2b05192b1b	True	unresolved	unresolved
sub-1	01	06	sub-1/ses-01/run-06/tsv-row-10	10	rest	1	70.864	5.0	17716	18966	sub-1/ses-01/eeg/sub-1_ses-01_task-imagery_run-06_eeg.edf	sub-01	V	s	s	0	sub-01/ses-01/eeg/sub-01_ses-01_task-MotorImageryRest_run-06_eeg.vhdr	7b2ccc14ae40df69af67394b21a8e4b55e23afeb138423945ba5cd2b05192b1b	True	unresolved	unresolved
sub-1	01	06	sub-1/ses-01/run-06/tsv-row-11	11	rest	1	77.744	5.0	19436	20686	sub-1/ses-01/eeg/sub-1_ses-01_task-imagery_run-06_eeg.edf	sub-01	V	s	s	0	sub-01/ses-01/eeg/sub-01_ses-01_task-MotorImageryRest_run-06_eeg.vhdr	7b2ccc14ae40df69af67394b21a8e4b55e23afeb138423945ba5cd2b05192b1b	True	unresolved	unresolved
sub-1	01	06	sub-1/ses-01/run-06/tsv-row-12	12	right_hand	2	84.632	5.0	21158	22408	sub-1/ses-01/eeg/sub-1_ses-01_task-imagery_run-06_eeg.edf	sub-01	V	s	s	0	sub-01/ses-01/eeg/sub-01_ses-01_task-MotorImageryRest_run-06_eeg.vhdr	7b2ccc14ae40df69af67394b21a8e4b55e23afeb138423945ba5cd2b05192b1b	True	unresolved	unresolved
sub-1	01	06	sub-1/ses-01/run-06/tsv-row-13	13	rest	1	91.524	5.0	22881	24131	sub-1/ses-01/eeg/sub-1_ses-01_task-imagery_run-06_eeg.edf	sub-01	V	s	s	0	sub-01/ses-01/eeg/sub-01_ses-01_task-MotorImageryRest_run-06_eeg.vhdr	7b2ccc14ae40df69af67394b21a8e4b55e23afeb138423945ba5cd2b05192b1b	True	unresolved	unresolved
sub-1	01	06	sub-1/ses-01/run-06/tsv-row-14	14	right_hand	2	98.404	5.0	24601	25851	sub-1/ses-01/eeg/sub-1_ses-01_task-imagery_run-06_eeg.edf	sub-01	V	s	s	0	sub-01/ses-01/eeg/sub-01_ses-01_task-MotorImageryRest_run-06_eeg.vhdr	7b2ccc14ae40df69af67394b21a8e4b55e23afeb138423945ba5cd2b05192b1b	True	unresolved	unresolved
sub-1	01	06	sub-1/ses-01/run-06/tsv-row-15	15	right_hand	2	105.308	5.0	26327	27577	sub-1/ses-01/eeg/sub-1_ses-01_task-imagery_run-06_eeg.edf	sub-01	V	s	s	0	sub-01/ses-01/eeg/sub-01_ses-01_task-MotorImageryRest_run-06_eeg.vhdr	7b2ccc14ae40df69af67394b21a8e4b55e23afeb138423945ba5cd2b05192b1b	True	unresolved	unresolved
sub-1	01	06	sub-1/ses-01/run-06/tsv-row-16	16	rest	1	112.18	5.0	28045	29295	sub-1/ses-01/eeg/sub-1_ses-01_task-imagery_run-06_eeg.edf	sub-01	V	s	s	0	sub-01/ses-01/eeg/sub-01_ses-01_task-MotorImageryRest_run-06_eeg.vhdr	7b2ccc14ae40df69af67394b21a8e4b55e23afeb138423945ba5cd2b05192b1b	True	unresolved	unresolved
sub-1	01	06	sub-1/ses-01/run-06/tsv-row-17	17	right_hand	2	119.064	5.0	29766	31016	sub-1/ses-01/eeg/sub-1_ses-01_task-imagery_run-06_eeg.edf	sub-01	V	s	s	0	sub-01/ses-01/eeg/sub-01_ses-01_task-MotorImageryRest_run-06_eeg.vhdr	7b2ccc14ae40df69af67394b21a8e4b55e23afeb138423945ba5cd2b05192b1b	True	unresolved	unresolved
sub-1	01	06	sub-1/ses-01/run-06/tsv-row-18	18	rest	1	125.968	5.0	31492	32742	sub-1/ses-01/eeg/sub-1_ses-01_task-imagery_run-06_eeg.edf	sub-01	V	s	s	0	sub-01/ses-01/eeg/sub-01_ses-01_task-MotorImageryRest_run-06_eeg.vhdr	7b2ccc14ae40df69af67394b21a8e4b55e23afeb138423945ba5cd2b05192b1b	True	unresolved	unresolved
sub-1	01	06	sub-1/ses-01/run-06/tsv-row-19	19	right_hand	2	132.856	5.0	33214	34464	sub-1/ses-01/eeg/sub-1_ses-01_task-imagery_run-06_eeg.edf	sub-01	V	s	s	0	sub-01/ses-01/eeg/sub-01_ses-01_task-MotorImageryRest_run-06_eeg.vhdr	7b2ccc14ae40df69af67394b21a8e4b55e23afeb138423945ba5cd2b05192b1b	True	unresolved	unresolved
sub-1	01	06	sub-1/ses-01/run-06/tsv-row-20	20	rest	1	139.744	5.0	34936	36186	sub-1/ses-01/eeg/sub-1_ses-01_task-imagery_run-06_eeg.edf	sub-01	V	s	s	0	sub-01/ses-01/eeg/sub-01_ses-01_task-MotorImageryRest_run-06_eeg.vhdr	7b2ccc14ae40df69af67394b21a8e4b55e23afeb138423945ba5cd2b05192b1b	True	unresolved	unresolved
sub-1	01	06	sub-1/ses-01/run-06/tsv-row-21	21	rest	1	146.636	5.0	36659	37909	sub-1/ses-01/eeg/sub-1_ses-01_task-imagery_run-06_eeg.edf	sub-01	V	s	s	0	sub-01/ses-01/eeg/sub-01_ses-01_task-MotorImageryRest_run-06_eeg.vhdr	7b2ccc14ae40df69af67394b21a8e4b55e23afeb138423945ba5cd2b05192b1b	True	unresolved	unresolved
sub-1	01	06	sub-1/ses-01/run-06/tsv-row-22	22	right_hand	2	153.516	5.0	38379	39629	sub-1/ses-01/eeg/sub-1_ses-01_task-imagery_run-06_eeg.edf	sub-01	V	s	s	0	sub-01/ses-01/eeg/sub-01_ses-01_task-MotorImageryRest_run-06_eeg.vhdr	7b2ccc14ae40df69af67394b21a8e4b55e23afeb138423945ba5cd2b05192b1b	True	unresolved	unresolved
sub-1	01	06	sub-1/ses-01/run-06/tsv-row-23	23	rest	1	160.404	5.0	40101	41351	sub-1/ses-01/eeg/sub-1_ses-01_task-imagery_run-06_eeg.edf	sub-01	V	s	s	0	sub-01/ses-01/eeg/sub-01_ses-01_task-MotorImageryRest_run-06_eeg.vhdr	7b2ccc14ae40df69af67394b21a8e4b55e23afeb138423945ba5cd2b05192b1b	True	unresolved	unresolved
sub-1	01	06	sub-1/ses-01/run-06/tsv-row-24	24	right_hand	2	167.288	5.0	41822	43072	sub-1/ses-01/eeg/sub-1_ses-01_task-imagery_run-06_eeg.edf	sub-01	V	s	s	0	sub-01/ses-01/eeg/sub-01_ses-01_task-MotorImageryRest_run-06_eeg.vhdr	7b2ccc14ae40df69af67394b21a8e4b55e23afeb138423945ba5cd2b05192b1b	True	unresolved	unresolved
sub-1	01	06	sub-1/ses-01/run-06/tsv-row-25	25	rest	1	174.176	5.0	43544	44794	sub-1/ses-01/eeg/sub-1_ses-01_task-imagery_run-06_eeg.edf	sub-01	V	s	s	0	sub-01/ses-01/eeg/sub-01_ses-01_task-MotorImageryRest_run-06_eeg.vhdr	7b2ccc14ae40df69af67394b21a8e4b55e23afeb138423945ba5cd2b05192b1b	True	unresolved	unresolved
sub-1	01	06	sub-1/ses-01/run-06/tsv-row-26	26	right_hand	2	181.064	5.0	45266	46516	sub-1/ses-01/eeg/sub-1_ses-01_task-imagery_run-06_eeg.edf	sub-01	V	s	s	0	sub-01/ses-01/eeg/sub-01_ses-01_task-MotorImageryRest_run-06_eeg.vhdr	7b2ccc14ae40df69af67394b21a8e4b55e23afeb138423945ba5cd2b05192b1b	True	unresolved	unresolved
sub-1	01	06	sub-1/ses-01/run-06/tsv-row-27	27	right_hand	2	187.968	5.0	46992	48242	sub-1/ses-01/eeg/sub-1_ses-01_task-imagery_run-06_eeg.edf	sub-01	V	s	s	0	sub-01/ses-01/eeg/sub-01_ses-01_task-MotorImageryRest_run-06_eeg.vhdr	7b2ccc14ae40df69af67394b21a8e4b55e23afeb138423945ba5cd2b05192b1b	True	unresolved	unresolved
sub-1	01	06	sub-1/ses-01/run-06/tsv-row-28	28	rest	1	194.86	5.0	48715	49965	sub-1/ses-01/eeg/sub-1_ses-01_task-imagery_run-06_eeg.edf	sub-01	V	s	s	0	sub-01/ses-01/eeg/sub-01_ses-01_task-MotorImageryRest_run-06_eeg.vhdr	7b2ccc14ae40df69af67394b21a8e4b55e23afeb138423945ba5cd2b05192b1b	True	unresolved	unresolved
sub-1	01	06	sub-1/ses-01/run-06/tsv-row-29	29	rest	1	201.74	5.0	50435	51685	sub-1/ses-01/eeg/sub-1_ses-01_task-imagery_run-06_eeg.edf	sub-01	V	s	s	0	sub-01/ses-01/eeg/sub-01_ses-01_task-MotorImageryRest_run-06_eeg.vhdr	7b2ccc14ae40df69af67394b21a8e4b55e23afeb138423945ba5cd2b05192b1b	True	unresolved	unresolved
sub-1	01	06	sub-1/ses-01/run-06/tsv-row-30	30	right_hand	2	208.612	5.0	52153	53403	sub-1/ses-01/eeg/sub-1_ses-01_task-imagery_run-06_eeg.edf	sub-01	V	s	s	0	sub-01/ses-01/eeg/sub-01_ses-01_task-MotorImageryRest_run-06_eeg.vhdr	7b2ccc14ae40df69af67394b21a8e4b55e23afeb138423945ba5cd2b05192b1b	True	unresolved	unresolved
sub-1	02	01	sub-1/ses-02/run-01/tsv-row-1	1	rest	1	9.132	5.0	2283	3533	sub-1/ses-02/eeg/sub-1_ses-02_task-imagery_run-01_eeg.edf	sub-01	V	s	s	0	sub-01/ses-02/eeg/sub-01_ses-02_task-MotorImageryRest_run-01_eeg.vhdr	f2cdc5f664c3edaeeee7b05595ce67a7fe9808a6405d7180fd33ca631993b8e3	True	unresolved	unresolved
sub-1	02	01	sub-1/ses-02/run-01/tsv-row-2	2	right_hand	2	16.008	5.0	4002	5252	sub-1/ses-02/eeg/sub-1_ses-02_task-imagery_run-01_eeg.edf	sub-01	V	s	s	0	sub-01/ses-02/eeg/sub-01_ses-02_task-MotorImageryRest_run-01_eeg.vhdr	f2cdc5f664c3edaeeee7b05595ce67a7fe9808a6405d7180fd33ca631993b8e3	True	unresolved	unresolved
sub-1	02	01	sub-1/ses-02/run-01/tsv-row-3	3	rest	1	22.888	5.0	5722	6972	sub-1/ses-02/eeg/sub-1_ses-02_task-imagery_run-01_eeg.edf	sub-01	V	s	s	0	sub-01/ses-02/eeg/sub-01_ses-02_task-MotorImageryRest_run-01_eeg.vhdr	f2cdc5f664c3edaeeee7b05595ce67a7fe9808a6405d7180fd33ca631993b8e3	True	unresolved	unresolved
sub-1	02	01	sub-1/ses-02/run-01/tsv-row-4	4	right_hand	2	29.784	5.0	7446	8696	sub-1/ses-02/eeg/sub-1_ses-02_task-imagery_run-01_eeg.edf	sub-01	V	s	s	0	sub-01/ses-02/eeg/sub-01_ses-02_task-MotorImageryRest_run-01_eeg.vhdr	f2cdc5f664c3edaeeee7b05595ce67a7fe9808a6405d7180fd33ca631993b8e3	True	unresolved	unresolved
sub-1	02	01	sub-1/ses-02/run-01/tsv-row-5	5	rest	1	36.676	5.0	9169	10419	sub-1/ses-02/eeg/sub-1_ses-02_task-imagery_run-01_eeg.edf	sub-01	V	s	s	0	sub-01/ses-02/eeg/sub-01_ses-02_task-MotorImageryRest_run-01_eeg.vhdr	f2cdc5f664c3edaeeee7b05595ce67a7fe9808a6405d7180fd33ca631993b8e3	True	unresolved	unresolved
sub-1	02	01	sub-1/ses-02/run-01/tsv-row-6	6	right_hand	2	43.556	5.0	10889	12139	sub-1/ses-02/eeg/sub-1_ses-02_task-imagery_run-01_eeg.edf	sub-01	V	s	s	0	sub-01/ses-02/eeg/sub-01_ses-02_task-MotorImageryRest_run-01_eeg.vhdr	f2cdc5f664c3edaeeee7b05595ce67a7fe9808a6405d7180fd33ca631993b8e3	True	unresolved	unresolved
sub-1	02	01	sub-1/ses-02/run-01/tsv-row-7	7	rest	1	50.444	5.0	12611	13861	sub-1/ses-02/eeg/sub-1_ses-02_task-imagery_run-01_eeg.edf	sub-01	V	s	s	0	sub-01/ses-02/eeg/sub-01_ses-02_task-MotorImageryRest_run-01_eeg.vhdr	f2cdc5f664c3edaeeee7b05595ce67a7fe9808a6405d7180fd33ca631993b8e3	True	unresolved	unresolved
sub-1	02	01	sub-1/ses-02/run-01/tsv-row-8	8	right_hand	2	57.328	5.0	14332	15582	sub-1/ses-02/eeg/sub-1_ses-02_task-imagery_run-01_eeg.edf	sub-01	V	s	s	0	sub-01/ses-02/eeg/sub-01_ses-02_task-MotorImageryRest_run-01_eeg.vhdr	f2cdc5f664c3edaeeee7b05595ce67a7fe9808a6405d7180fd33ca631993b8e3	True	unresolved	unresolved
sub-1	02	01	sub-1/ses-02/run-01/tsv-row-9	9	right_hand	2	64.232	5.0	16058	17308	sub-1/ses-02/eeg/sub-1_ses-02_task-imagery_run-01_eeg.edf	sub-01	V	s	s	0	sub-01/ses-02/eeg/sub-01_ses-02_task-MotorImageryRest_run-01_eeg.vhdr	f2cdc5f664c3edaeeee7b05595ce67a7fe9808a6405d7180fd33ca631993b8e3	True	unresolved	unresolved
sub-1	02	01	sub-1/ses-02/run-01/tsv-row-10	10	rest	1	71.128	5.0	17782	19032	sub-1/ses-02/eeg/sub-1_ses-02_task-imagery_run-01_eeg.edf	sub-01	V	s	s	0	sub-01/ses-02/eeg/sub-01_ses-02_task-MotorImageryRest_run-01_eeg.vhdr	f2cdc5f664c3edaeeee7b05595ce67a7fe9808a6405d7180fd33ca631993b8e3	True	unresolved	unresolved
sub-1	02	01	sub-1/ses-02/run-01/tsv-row-11	11	right_hand	2	77.988	5.0	19497	20747	sub-1/ses-02/eeg/sub-1_ses-02_task-imagery_run-01_eeg.edf	sub-01	V	s	s	0	sub-01/ses-02/eeg/sub-01_ses-02_task-MotorImageryRest_run-01_eeg.vhdr	f2cdc5f664c3edaeeee7b05595ce67a7fe9808a6405d7180fd33ca631993b8e3	True	unresolved	unresolved
sub-1	02	01	sub-1/ses-02/run-01/tsv-row-12	12	rest	1	84.876	5.0	21219	22469	sub-1/ses-02/eeg/sub-1_ses-02_task-imagery_run-01_eeg.edf	sub-01	V	s	s	0	sub-01/ses-02/eeg/sub-01_ses-02_task-MotorImageryRest_run-01_eeg.vhdr	f2cdc5f664c3edaeeee7b05595ce67a7fe9808a6405d7180fd33ca631993b8e3	True	unresolved	unresolved
sub-1	02	01	sub-1/ses-02/run-01/tsv-row-13	13	right_hand	2	91.78	5.0	22945	24195	sub-1/ses-02/eeg/sub-1_ses-02_task-imagery_run-01_eeg.edf	sub-01	V	s	s	0	sub-01/ses-02/eeg/sub-01_ses-02_task-MotorImageryRest_run-01_eeg.vhdr	f2cdc5f664c3edaeeee7b05595ce67a7fe9808a6405d7180fd33ca631993b8e3	True	unresolved	unresolved
sub-1	02	01	sub-1/ses-02/run-01/tsv-row-14	14	rest	1	98.668	5.0	24667	25917	sub-1/ses-02/eeg/sub-1_ses-02_task-imagery_run-01_eeg.edf	sub-01	V	s	s	0	sub-01/ses-02/eeg/sub-01_ses-02_task-MotorImageryRest_run-01_eeg.vhdr	f2cdc5f664c3edaeeee7b05595ce67a7fe9808a6405d7180fd33ca631993b8e3	True	unresolved	unresolved
sub-1	02	01	sub-1/ses-02/run-01/tsv-row-15	15	right_hand	2	105.536	5.0	26384	27634	sub-1/ses-02/eeg/sub-1_ses-02_task-imagery_run-01_eeg.edf	sub-01	V	s	s	0	sub-01/ses-02/eeg/sub-01_ses-02_task-MotorImageryRest_run-01_eeg.vhdr	f2cdc5f664c3edaeeee7b05595ce67a7fe9808a6405d7180fd33ca631993b8e3	True	unresolved	unresolved
sub-1	02	01	sub-1/ses-02/run-01/tsv-row-16	16	rest	1	112.448	5.0	28112	29362	sub-1/ses-02/eeg/sub-1_ses-02_task-imagery_run-01_eeg.edf	sub-01	V	s	s	0	sub-01/ses-02/eeg/sub-01_ses-02_task-MotorImageryRest_run-01_eeg.vhdr	f2cdc5f664c3edaeeee7b05595ce67a7fe9808a6405d7180fd33ca631993b8e3	True	unresolved	unresolved
sub-1	02	01	sub-1/ses-02/run-01/tsv-row-17	17	right_hand	2	119.328	5.0	29832	31082	sub-1/ses-02/eeg/sub-1_ses-02_task-imagery_run-01_eeg.edf	sub-01	V	s	s	0	sub-01/ses-02/eeg/sub-01_ses-02_task-MotorImageryRest_run-01_eeg.vhdr	f2cdc5f664c3edaeeee7b05595ce67a7fe9808a6405d7180fd33ca631993b8e3	True	unresolved	unresolved
sub-1	02	01	sub-1/ses-02/run-01/tsv-row-18	18	rest	1	126.24	5.0	31560	32810	sub-1/ses-02/eeg/sub-1_ses-02_task-imagery_run-01_eeg.edf	sub-01	V	s	s	0	sub-01/ses-02/eeg/sub-01_ses-02_task-MotorImageryRest_run-01_eeg.vhdr	f2cdc5f664c3edaeeee7b05595ce67a7fe9808a6405d7180fd33ca631993b8e3	True	unresolved	unresolved
sub-1	02	01	sub-1/ses-02/run-01/tsv-row-19	19	rest	1	133.116	5.0	33279	34529	sub-1/ses-02/eeg/sub-1_ses-02_task-imagery_run-01_eeg.edf	sub-01	V	s	s	0	sub-01/ses-02/eeg/sub-01_ses-02_task-MotorImageryRest_run-01_eeg.vhdr	f2cdc5f664c3edaeeee7b05595ce67a7fe9808a6405d7180fd33ca631993b8e3	True	unresolved	unresolved
sub-1	02	01	sub-1/ses-02/run-01/tsv-row-20	20	right_hand	2	139.988	5.0	34997	36247	sub-1/ses-02/eeg/sub-1_ses-02_task-imagery_run-01_eeg.edf	sub-01	V	s	s	0	sub-01/ses-02/eeg/sub-01_ses-02_task-MotorImageryRest_run-01_eeg.vhdr	f2cdc5f664c3edaeeee7b05595ce67a7fe9808a6405d7180fd33ca631993b8e3	True	unresolved	unresolved
sub-1	02	01	sub-1/ses-02/run-01/tsv-row-21	21	right_hand	2	146.876	5.0	36719	37969	sub-1/ses-02/eeg/sub-1_ses-02_task-imagery_run-01_eeg.edf	sub-01	V	s	s	0	sub-01/ses-02/eeg/sub-01_ses-02_task-MotorImageryRest_run-01_eeg.vhdr	f2cdc5f664c3edaeeee7b05595ce67a7fe9808a6405d7180fd33ca631993b8e3	True	unresolved	unresolved
sub-1	02	01	sub-1/ses-02/run-01/tsv-row-22	22	rest	1	153.788	5.0	38447	39697	sub-1/ses-02/eeg/sub-1_ses-02_task-imagery_run-01_eeg.edf	sub-01	V	s	s	0	sub-01/ses-02/eeg/sub-01_ses-02_task-MotorImageryRest_run-01_eeg.vhdr	f2cdc5f664c3edaeeee7b05595ce67a7fe9808a6405d7180fd33ca631993b8e3	True	unresolved	unresolved
sub-1	02	01	sub-1/ses-02/run-01/tsv-row-23	23	rest	1	160.656	5.0	40164	41414	sub-1/ses-02/eeg/sub-1_ses-02_task-imagery_run-01_eeg.edf	sub-01	V	s	s	0	sub-01/ses-02/eeg/sub-01_ses-02_task-MotorImageryRest_run-01_eeg.vhdr	f2cdc5f664c3edaeeee7b05595ce67a7fe9808a6405d7180fd33ca631993b8e3	True	unresolved	unresolved
sub-1	02	01	sub-1/ses-02/run-01/tsv-row-24	24	right_hand	2	167.536	5.0	41884	43134	sub-1/ses-02/eeg/sub-1_ses-02_task-imagery_run-01_eeg.edf	sub-01	V	s	s	0	sub-01/ses-02/eeg/sub-01_ses-02_task-MotorImageryRest_run-01_eeg.vhdr	f2cdc5f664c3edaeeee7b05595ce67a7fe9808a6405d7180fd33ca631993b8e3	True	unresolved	unresolved
sub-1	02	01	sub-1/ses-02/run-01/tsv-row-25	25	rest	1	174.432	5.0	43608	44858	sub-1/ses-02/eeg/sub-1_ses-02_task-imagery_run-01_eeg.edf	sub-01	V	s	s	0	sub-01/ses-02/eeg/sub-01_ses-02_task-MotorImageryRest_run-01_eeg.vhdr	f2cdc5f664c3edaeeee7b05595ce67a7fe9808a6405d7180fd33ca631993b8e3	True	unresolved	unresolved
sub-1	02	01	sub-1/ses-02/run-01/tsv-row-26	26	right_hand	2	181.324	5.0	45331	46581	sub-1/ses-02/eeg/sub-1_ses-02_task-imagery_run-01_eeg.edf	sub-01	V	s	s	0	sub-01/ses-02/eeg/sub-01_ses-02_task-MotorImageryRest_run-01_eeg.vhdr	f2cdc5f664c3edaeeee7b05595ce67a7fe9808a6405d7180fd33ca631993b8e3	True	unresolved	unresolved
sub-1	02	01	sub-1/ses-02/run-01/tsv-row-27	27	rest	1	188.196	5.0	47049	48299	sub-1/ses-02/eeg/sub-1_ses-02_task-imagery_run-01_eeg.edf	sub-01	V	s	s	0	sub-01/ses-02/eeg/sub-01_ses-02_task-MotorImageryRest_run-01_eeg.vhdr	f2cdc5f664c3edaeeee7b05595ce67a7fe9808a6405d7180fd33ca631993b8e3	True	unresolved	unresolved
sub-1	02	01	sub-1/ses-02/run-01/tsv-row-28	28	right_hand	2	195.084	5.0	48771	50021	sub-1/ses-02/eeg/sub-1_ses-02_task-imagery_run-01_eeg.edf	sub-01	V	s	s	0	sub-01/ses-02/eeg/sub-01_ses-02_task-MotorImageryRest_run-01_eeg.vhdr	f2cdc5f664c3edaeeee7b05595ce67a7fe9808a6405d7180fd33ca631993b8e3	True	unresolved	unresolved
sub-1	02	01	sub-1/ses-02/run-01/tsv-row-29	29	right_hand	2	201.984	5.0	50496	51746	sub-1/ses-02/eeg/sub-1_ses-02_task-imagery_run-01_eeg.edf	sub-01	V	s	s	0	sub-01/ses-02/eeg/sub-01_ses-02_task-MotorImageryRest_run-01_eeg.vhdr	f2cdc5f664c3edaeeee7b05595ce67a7fe9808a6405d7180fd33ca631993b8e3	True	unresolved	unresolved
sub-1	02	01	sub-1/ses-02/run-01/tsv-row-30	30	rest	1	208.872	5.0	52218	53468	sub-1/ses-02/eeg/sub-1_ses-02_task-imagery_run-01_eeg.edf	sub-01	V	s	s	0	sub-01/ses-02/eeg/sub-01_ses-02_task-MotorImageryRest_run-01_eeg.vhdr	f2cdc5f664c3edaeeee7b05595ce67a7fe9808a6405d7180fd33ca631993b8e3	True	unresolved	unresolved
sub-1	02	02	sub-1/ses-02/run-02/tsv-row-1	1	right_hand	2	8.264	5.0	2066	3316	sub-1/ses-02/eeg/sub-1_ses-02_task-imagery_run-02_eeg.edf	sub-01	V	s	s	0	sub-01/ses-02/eeg/sub-01_ses-02_task-MotorImageryRest_run-02_eeg.vhdr	6858724885048a07720a00f88db152c615b435d858834953493ef17f94a3d615	True	unresolved	unresolved
sub-1	02	02	sub-1/ses-02/run-02/tsv-row-2	2	rest	1	15.208	5.0	3802	5052	sub-1/ses-02/eeg/sub-1_ses-02_task-imagery_run-02_eeg.edf	sub-01	V	s	s	0	sub-01/ses-02/eeg/sub-01_ses-02_task-MotorImageryRest_run-02_eeg.vhdr	6858724885048a07720a00f88db152c615b435d858834953493ef17f94a3d615	True	unresolved	unresolved
sub-1	02	02	sub-1/ses-02/run-02/tsv-row-3	3	right_hand	2	22.088	5.0	5522	6772	sub-1/ses-02/eeg/sub-1_ses-02_task-imagery_run-02_eeg.edf	sub-01	V	s	s	0	sub-01/ses-02/eeg/sub-01_ses-02_task-MotorImageryRest_run-02_eeg.vhdr	6858724885048a07720a00f88db152c615b435d858834953493ef17f94a3d615	True	unresolved	unresolved
sub-1	02	02	sub-1/ses-02/run-02/tsv-row-4	4	rest	1	28.956	5.0	7239	8489	sub-1/ses-02/eeg/sub-1_ses-02_task-imagery_run-02_eeg.edf	sub-01	V	s	s	0	sub-01/ses-02/eeg/sub-01_ses-02_task-MotorImageryRest_run-02_eeg.vhdr	6858724885048a07720a00f88db152c615b435d858834953493ef17f94a3d615	True	unresolved	unresolved
sub-1	02	02	sub-1/ses-02/run-02/tsv-row-5	5	right_hand	2	35.86	5.0	8965	10215	sub-1/ses-02/eeg/sub-1_ses-02_task-imagery_run-02_eeg.edf	sub-01	V	s	s	0	sub-01/ses-02/eeg/sub-01_ses-02_task-MotorImageryRest_run-02_eeg.vhdr	6858724885048a07720a00f88db152c615b435d858834953493ef17f94a3d615	True	unresolved	unresolved
sub-1	02	02	sub-1/ses-02/run-02/tsv-row-6	6	rest	1	42.748	5.0	10687	11937	sub-1/ses-02/eeg/sub-1_ses-02_task-imagery_run-02_eeg.edf	sub-01	V	s	s	0	sub-01/ses-02/eeg/sub-01_ses-02_task-MotorImageryRest_run-02_eeg.vhdr	6858724885048a07720a00f88db152c615b435d858834953493ef17f94a3d615	True	unresolved	unresolved
sub-1	02	02	sub-1/ses-02/run-02/tsv-row-7	7	right_hand	2	49.632	5.0	12408	13658	sub-1/ses-02/eeg/sub-1_ses-02_task-imagery_run-02_eeg.edf	sub-01	V	s	s	0	sub-01/ses-02/eeg/sub-01_ses-02_task-MotorImageryRest_run-02_eeg.vhdr	6858724885048a07720a00f88db152c615b435d858834953493ef17f94a3d615	True	unresolved	unresolved
sub-1	02	02	sub-1/ses-02/run-02/tsv-row-8	8	rest	1	56.52	5.0	14130	15380	sub-1/ses-02/eeg/sub-1_ses-02_task-imagery_run-02_eeg.edf	sub-01	V	s	s	0	sub-01/ses-02/eeg/sub-01_ses-02_task-MotorImageryRest_run-02_eeg.vhdr	6858724885048a07720a00f88db152c615b435d858834953493ef17f94a3d615	True	unresolved	unresolved
sub-1	02	02	sub-1/ses-02/run-02/tsv-row-9	9	right_hand	2	63.408	5.0	15852	17102	sub-1/ses-02/eeg/sub-1_ses-02_task-imagery_run-02_eeg.edf	sub-01	V	s	s	0	sub-01/ses-02/eeg/sub-01_ses-02_task-MotorImageryRest_run-02_eeg.vhdr	6858724885048a07720a00f88db152c615b435d858834953493ef17f94a3d615	True	unresolved	unresolved
sub-1	02	02	sub-1/ses-02/run-02/tsv-row-10	10	rest	1	70.304	5.0	17576	18826	sub-1/ses-02/eeg/sub-1_ses-02_task-imagery_run-02_eeg.edf	sub-01	V	s	s	0	sub-01/ses-02/eeg/sub-01_ses-02_task-MotorImageryRest_run-02_eeg.vhdr	6858724885048a07720a00f88db152c615b435d858834953493ef17f94a3d615	True	unresolved	unresolved
sub-1	02	02	sub-1/ses-02/run-02/tsv-row-11	11	right_hand	2	77.196	5.0	19299	20549	sub-1/ses-02/eeg/sub-1_ses-02_task-imagery_run-02_eeg.edf	sub-01	V	s	s	0	sub-01/ses-02/eeg/sub-01_ses-02_task-MotorImageryRest_run-02_eeg.vhdr	6858724885048a07720a00f88db152c615b435d858834953493ef17f94a3d615	True	unresolved	unresolved
sub-1	02	02	sub-1/ses-02/run-02/tsv-row-12	12	rest	1	84.068	5.0	21017	22267	sub-1/ses-02/eeg/sub-1_ses-02_task-imagery_run-02_eeg.edf	sub-01	V	s	s	0	sub-01/ses-02/eeg/sub-01_ses-02_task-MotorImageryRest_run-02_eeg.vhdr	6858724885048a07720a00f88db152c615b435d858834953493ef17f94a3d615	True	unresolved	unresolved
sub-1	02	02	sub-1/ses-02/run-02/tsv-row-13	13	rest	1	90.972	5.0	22743	23993	sub-1/ses-02/eeg/sub-1_ses-02_task-imagery_run-02_eeg.edf	sub-01	V	s	s	0	sub-01/ses-02/eeg/sub-01_ses-02_task-MotorImageryRest_run-02_eeg.vhdr	6858724885048a07720a00f88db152c615b435d858834953493ef17f94a3d615	True	unresolved	unresolved
sub-1	02	02	sub-1/ses-02/run-02/tsv-row-14	14	right_hand	2	97.856	5.0	24464	25714	sub-1/ses-02/eeg/sub-1_ses-02_task-imagery_run-02_eeg.edf	sub-01	V	s	s	0	sub-01/ses-02/eeg/sub-01_ses-02_task-MotorImageryRest_run-02_eeg.vhdr	6858724885048a07720a00f88db152c615b435d858834953493ef17f94a3d615	True	unresolved	unresolved
sub-1	02	02	sub-1/ses-02/run-02/tsv-row-15	15	right_hand	2	104.744	5.0	26186	27436	sub-1/ses-02/eeg/sub-1_ses-02_task-imagery_run-02_eeg.edf	sub-01	V	s	s	0	sub-01/ses-02/eeg/sub-01_ses-02_task-MotorImageryRest_run-02_eeg.vhdr	6858724885048a07720a00f88db152c615b435d858834953493ef17f94a3d615	True	unresolved	unresolved
sub-1	02	02	sub-1/ses-02/run-02/tsv-row-16	16	rest	1	111.616	5.0	27904	29154	sub-1/ses-02/eeg/sub-1_ses-02_task-imagery_run-02_eeg.edf	sub-01	V	s	s	0	sub-01/ses-02/eeg/sub-01_ses-02_task-MotorImageryRest_run-02_eeg.vhdr	6858724885048a07720a00f88db152c615b435d858834953493ef17f94a3d615	True	unresolved	unresolved
sub-1	02	02	sub-1/ses-02/run-02/tsv-row-17	17	right_hand	2	118.52	5.0	29630	30880	sub-1/ses-02/eeg/sub-1_ses-02_task-imagery_run-02_eeg.edf	sub-01	V	s	s	0	sub-01/ses-02/eeg/sub-01_ses-02_task-MotorImageryRest_run-02_eeg.vhdr	6858724885048a07720a00f88db152c615b435d858834953493ef17f94a3d615	True	unresolved	unresolved
sub-1	02	02	sub-1/ses-02/run-02/tsv-row-18	18	rest	1	125.412	5.0	31353	32603	sub-1/ses-02/eeg/sub-1_ses-02_task-imagery_run-02_eeg.edf	sub-01	V	s	s	0	sub-01/ses-02/eeg/sub-01_ses-02_task-MotorImageryRest_run-02_eeg.vhdr	6858724885048a07720a00f88db152c615b435d858834953493ef17f94a3d615	True	unresolved	unresolved
sub-1	02	02	sub-1/ses-02/run-02/tsv-row-19	19	rest	1	132.292	5.0	33073	34323	sub-1/ses-02/eeg/sub-1_ses-02_task-imagery_run-02_eeg.edf	sub-01	V	s	s	0	sub-01/ses-02/eeg/sub-01_ses-02_task-MotorImageryRest_run-02_eeg.vhdr	6858724885048a07720a00f88db152c615b435d858834953493ef17f94a3d615	True	unresolved	unresolved
sub-1	02	02	sub-1/ses-02/run-02/tsv-row-20	20	right_hand	2	139.164	5.0	34791	36041	sub-1/ses-02/eeg/sub-1_ses-02_task-imagery_run-02_eeg.edf	sub-01	V	s	s	0	sub-01/ses-02/eeg/sub-01_ses-02_task-MotorImageryRest_run-02_eeg.vhdr	6858724885048a07720a00f88db152c615b435d858834953493ef17f94a3d615	True	unresolved	unresolved
sub-1	02	02	sub-1/ses-02/run-02/tsv-row-21	21	right_hand	2	146.064	5.0	36516	37766	sub-1/ses-02/eeg/sub-1_ses-02_task-imagery_run-02_eeg.edf	sub-01	V	s	s	0	sub-01/ses-02/eeg/sub-01_ses-02_task-MotorImageryRest_run-02_eeg.vhdr	6858724885048a07720a00f88db152c615b435d858834953493ef17f94a3d615	True	unresolved	unresolved
sub-1	02	02	sub-1/ses-02/run-02/tsv-row-22	22	rest	1	153.212	5.0	38303	39553	sub-1/ses-02/eeg/sub-1_ses-02_task-imagery_run-02_eeg.edf	sub-01	V	s	s	0	sub-01/ses-02/eeg/sub-01_ses-02_task-MotorImageryRest_run-02_eeg.vhdr	6858724885048a07720a00f88db152c615b435d858834953493ef17f94a3d615	True	unresolved	unresolved
sub-1	02	02	sub-1/ses-02/run-02/tsv-row-23	23	rest	1	160.116	5.0	40029	41279	sub-1/ses-02/eeg/sub-1_ses-02_task-imagery_run-02_eeg.edf	sub-01	V	s	s	0	sub-01/ses-02/eeg/sub-01_ses-02_task-MotorImageryRest_run-02_eeg.vhdr	6858724885048a07720a00f88db152c615b435d858834953493ef17f94a3d615	True	unresolved	unresolved
sub-1	02	02	sub-1/ses-02/run-02/tsv-row-24	24	right_hand	2	166.976	5.0	41744	42994	sub-1/ses-02/eeg/sub-1_ses-02_task-imagery_run-02_eeg.edf	sub-01	V	s	s	0	sub-01/ses-02/eeg/sub-01_ses-02_task-MotorImageryRest_run-02_eeg.vhdr	6858724885048a07720a00f88db152c615b435d858834953493ef17f94a3d615	True	unresolved	unresolved
sub-1	02	02	sub-1/ses-02/run-02/tsv-row-25	25	right_hand	2	173.864	5.0	43466	44716	sub-1/ses-02/eeg/sub-1_ses-02_task-imagery_run-02_eeg.edf	sub-01	V	s	s	0	sub-01/ses-02/eeg/sub-01_ses-02_task-MotorImageryRest_run-02_eeg.vhdr	6858724885048a07720a00f88db152c615b435d858834953493ef17f94a3d615	True	unresolved	unresolved
sub-1	02	02	sub-1/ses-02/run-02/tsv-row-26	26	rest	1	180.768	5.0	45192	46442	sub-1/ses-02/eeg/sub-1_ses-02_task-imagery_run-02_eeg.edf	sub-01	V	s	s	0	sub-01/ses-02/eeg/sub-01_ses-02_task-MotorImageryRest_run-02_eeg.vhdr	6858724885048a07720a00f88db152c615b435d858834953493ef17f94a3d615	True	unresolved	unresolved
sub-1	02	02	sub-1/ses-02/run-02/tsv-row-27	27	rest	1	187.696	5.0	46924	48174	sub-1/ses-02/eeg/sub-1_ses-02_task-imagery_run-02_eeg.edf	sub-01	V	s	s	0	sub-01/ses-02/eeg/sub-01_ses-02_task-MotorImageryRest_run-02_eeg.vhdr	6858724885048a07720a00f88db152c615b435d858834953493ef17f94a3d615	True	unresolved	unresolved
sub-1	02	02	sub-1/ses-02/run-02/tsv-row-28	28	right_hand	2	194.524	5.0	48631	49881	sub-1/ses-02/eeg/sub-1_ses-02_task-imagery_run-02_eeg.edf	sub-01	V	s	s	0	sub-01/ses-02/eeg/sub-01_ses-02_task-MotorImageryRest_run-02_eeg.vhdr	6858724885048a07720a00f88db152c615b435d858834953493ef17f94a3d615	True	unresolved	unresolved
sub-1	02	02	sub-1/ses-02/run-02/tsv-row-29	29	rest	1	201.436	5.0	50359	51609	sub-1/ses-02/eeg/sub-1_ses-02_task-imagery_run-02_eeg.edf	sub-01	V	s	s	0	sub-01/ses-02/eeg/sub-01_ses-02_task-MotorImageryRest_run-02_eeg.vhdr	6858724885048a07720a00f88db152c615b435d858834953493ef17f94a3d615	True	unresolved	unresolved
sub-1	02	02	sub-1/ses-02/run-02/tsv-row-30	30	right_hand	2	210.232	5.0	52558	53808	sub-1/ses-02/eeg/sub-1_ses-02_task-imagery_run-02_eeg.edf	sub-01	V	s	s	0	sub-01/ses-02/eeg/sub-01_ses-02_task-MotorImageryRest_run-02_eeg.vhdr	6858724885048a07720a00f88db152c615b435d858834953493ef17f94a3d615	True	unresolved	unresolved
sub-1	02	03	sub-1/ses-02/run-03/tsv-row-1	1	rest	1	9.804	5.0	2451	3701	sub-1/ses-02/eeg/sub-1_ses-02_task-imagery_run-03_eeg.edf	sub-01	V	s	s	0	sub-01/ses-02/eeg/sub-01_ses-02_task-MotorImageryRest_run-03_eeg.vhdr	a66e0cd8ac9d148f6e5f570889878d246159176951b9b94240b52f137ef2a97c	True	unresolved	unresolved
sub-1	02	03	sub-1/ses-02/run-03/tsv-row-2	2	right_hand	2	16.48	5.0	4120	5370	sub-1/ses-02/eeg/sub-1_ses-02_task-imagery_run-03_eeg.edf	sub-01	V	s	s	0	sub-01/ses-02/eeg/sub-01_ses-02_task-MotorImageryRest_run-03_eeg.vhdr	a66e0cd8ac9d148f6e5f570889878d246159176951b9b94240b52f137ef2a97c	True	unresolved	unresolved
sub-1	02	03	sub-1/ses-02/run-03/tsv-row-3	3	right_hand	2	23.368	5.0	5842	7092	sub-1/ses-02/eeg/sub-1_ses-02_task-imagery_run-03_eeg.edf	sub-01	V	s	s	0	sub-01/ses-02/eeg/sub-01_ses-02_task-MotorImageryRest_run-03_eeg.vhdr	a66e0cd8ac9d148f6e5f570889878d246159176951b9b94240b52f137ef2a97c	True	unresolved	unresolved
sub-1	02	03	sub-1/ses-02/run-03/tsv-row-4	4	rest	1	30.256	5.0	7564	8814	sub-1/ses-02/eeg/sub-1_ses-02_task-imagery_run-03_eeg.edf	sub-01	V	s	s	0	sub-01/ses-02/eeg/sub-01_ses-02_task-MotorImageryRest_run-03_eeg.vhdr	a66e0cd8ac9d148f6e5f570889878d246159176951b9b94240b52f137ef2a97c	True	unresolved	unresolved
sub-1	02	03	sub-1/ses-02/run-03/tsv-row-5	5	rest	1	37.168	5.0	9292	10542	sub-1/ses-02/eeg/sub-1_ses-02_task-imagery_run-03_eeg.edf	sub-01	V	s	s	0	sub-01/ses-02/eeg/sub-01_ses-02_task-MotorImageryRest_run-03_eeg.vhdr	a66e0cd8ac9d148f6e5f570889878d246159176951b9b94240b52f137ef2a97c	True	unresolved	unresolved
sub-1	02	03	sub-1/ses-02/run-03/tsv-row-6	6	right_hand	2	44.028	5.0	11007	12257	sub-1/ses-02/eeg/sub-1_ses-02_task-imagery_run-03_eeg.edf	sub-01	V	s	s	0	sub-01/ses-02/eeg/sub-01_ses-02_task-MotorImageryRest_run-03_eeg.vhdr	a66e0cd8ac9d148f6e5f570889878d246159176951b9b94240b52f137ef2a97c	True	unresolved	unresolved
sub-1	02	03	sub-1/ses-02/run-03/tsv-row-7	7	rest	1	50.924	5.0	12731	13981	sub-1/ses-02/eeg/sub-1_ses-02_task-imagery_run-03_eeg.edf	sub-01	V	s	s	0	sub-01/ses-02/eeg/sub-01_ses-02_task-MotorImageryRest_run-03_eeg.vhdr	a66e0cd8ac9d148f6e5f570889878d246159176951b9b94240b52f137ef2a97c	True	unresolved	unresolved
sub-1	02	03	sub-1/ses-02/run-03/tsv-row-8	8	right_hand	2	57.82	5.0	14455	15705	sub-1/ses-02/eeg/sub-1_ses-02_task-imagery_run-03_eeg.edf	sub-01	V	s	s	0	sub-01/ses-02/eeg/sub-01_ses-02_task-MotorImageryRest_run-03_eeg.vhdr	a66e0cd8ac9d148f6e5f570889878d246159176951b9b94240b52f137ef2a97c	True	unresolved	unresolved
sub-1	02	03	sub-1/ses-02/run-03/tsv-row-9	9	right_hand	2	64.704	5.0	16176	17426	sub-1/ses-02/eeg/sub-1_ses-02_task-imagery_run-03_eeg.edf	sub-01	V	s	s	0	sub-01/ses-02/eeg/sub-01_ses-02_task-MotorImageryRest_run-03_eeg.vhdr	a66e0cd8ac9d148f6e5f570889878d246159176951b9b94240b52f137ef2a97c	True	unresolved	unresolved
sub-1	02	03	sub-1/ses-02/run-03/tsv-row-10	10	rest	1	71.576	5.0	17894	19144	sub-1/ses-02/eeg/sub-1_ses-02_task-imagery_run-03_eeg.edf	sub-01	V	s	s	0	sub-01/ses-02/eeg/sub-01_ses-02_task-MotorImageryRest_run-03_eeg.vhdr	a66e0cd8ac9d148f6e5f570889878d246159176951b9b94240b52f137ef2a97c	True	unresolved	unresolved
sub-1	02	03	sub-1/ses-02/run-03/tsv-row-11	11	rest	1	78.48	5.0	19620	20870	sub-1/ses-02/eeg/sub-1_ses-02_task-imagery_run-03_eeg.edf	sub-01	V	s	s	0	sub-01/ses-02/eeg/sub-01_ses-02_task-MotorImageryRest_run-03_eeg.vhdr	a66e0cd8ac9d148f6e5f570889878d246159176951b9b94240b52f137ef2a97c	True	unresolved	unresolved
sub-1	02	03	sub-1/ses-02/run-03/tsv-row-12	12	right_hand	2	85.364	5.0	21341	22591	sub-1/ses-02/eeg/sub-1_ses-02_task-imagery_run-03_eeg.edf	sub-01	V	s	s	0	sub-01/ses-02/eeg/sub-01_ses-02_task-MotorImageryRest_run-03_eeg.vhdr	a66e0cd8ac9d148f6e5f570889878d246159176951b9b94240b52f137ef2a97c	True	unresolved	unresolved
sub-1	02	03	sub-1/ses-02/run-03/tsv-row-13	13	right_hand	2	92.252	5.0	23063	24313	sub-1/ses-02/eeg/sub-1_ses-02_task-imagery_run-03_eeg.edf	sub-01	V	s	s	0	sub-01/ses-02/eeg/sub-01_ses-02_task-MotorImageryRest_run-03_eeg.vhdr	a66e0cd8ac9d148f6e5f570889878d246159176951b9b94240b52f137ef2a97c	True	unresolved	unresolved
sub-1	02	03	sub-1/ses-02/run-03/tsv-row-14	14	rest	1	99.14	5.0	24785	26035	sub-1/ses-02/eeg/sub-1_ses-02_task-imagery_run-03_eeg.edf	sub-01	V	s	s	0	sub-01/ses-02/eeg/sub-01_ses-02_task-MotorImageryRest_run-03_eeg.vhdr	a66e0cd8ac9d148f6e5f570889878d246159176951b9b94240b52f137ef2a97c	True	unresolved	unresolved
sub-1	02	03	sub-1/ses-02/run-03/tsv-row-15	15	right_hand	2	106.028	5.0	26507	27757	sub-1/ses-02/eeg/sub-1_ses-02_task-imagery_run-03_eeg.edf	sub-01	V	s	s	0	sub-01/ses-02/eeg/sub-01_ses-02_task-MotorImageryRest_run-03_eeg.vhdr	a66e0cd8ac9d148f6e5f570889878d246159176951b9b94240b52f137ef2a97c	True	unresolved	unresolved
sub-1	02	03	sub-1/ses-02/run-03/tsv-row-16	16	rest	1	112.92	5.0	28230	29480	sub-1/ses-02/eeg/sub-1_ses-02_task-imagery_run-03_eeg.edf	sub-01	V	s	s	0	sub-01/ses-02/eeg/sub-01_ses-02_task-MotorImageryRest_run-03_eeg.vhdr	a66e0cd8ac9d148f6e5f570889878d246159176951b9b94240b52f137ef2a97c	True	unresolved	unresolved
sub-1	02	03	sub-1/ses-02/run-03/tsv-row-17	17	rest	1	119.808	5.0	29952	31202	sub-1/ses-02/eeg/sub-1_ses-02_task-imagery_run-03_eeg.edf	sub-01	V	s	s	0	sub-01/ses-02/eeg/sub-01_ses-02_task-MotorImageryRest_run-03_eeg.vhdr	a66e0cd8ac9d148f6e5f570889878d246159176951b9b94240b52f137ef2a97c	True	unresolved	unresolved
sub-1	02	03	sub-1/ses-02/run-03/tsv-row-18	18	right_hand	2	126.688	5.0	31672	32922	sub-1/ses-02/eeg/sub-1_ses-02_task-imagery_run-03_eeg.edf	sub-01	V	s	s	0	sub-01/ses-02/eeg/sub-01_ses-02_task-MotorImageryRest_run-03_eeg.vhdr	a66e0cd8ac9d148f6e5f570889878d246159176951b9b94240b52f137ef2a97c	True	unresolved	unresolved
sub-1	02	03	sub-1/ses-02/run-03/tsv-row-19	19	rest	1	133.588	5.0	33397	34647	sub-1/ses-02/eeg/sub-1_ses-02_task-imagery_run-03_eeg.edf	sub-01	V	s	s	0	sub-01/ses-02/eeg/sub-01_ses-02_task-MotorImageryRest_run-03_eeg.vhdr	a66e0cd8ac9d148f6e5f570889878d246159176951b9b94240b52f137ef2a97c	True	unresolved	unresolved
sub-1	02	03	sub-1/ses-02/run-03/tsv-row-20	20	right_hand	2	140.46	5.0	35115	36365	sub-1/ses-02/eeg/sub-1_ses-02_task-imagery_run-03_eeg.edf	sub-01	V	s	s	0	sub-01/ses-02/eeg/sub-01_ses-02_task-MotorImageryRest_run-03_eeg.vhdr	a66e0cd8ac9d148f6e5f570889878d246159176951b9b94240b52f137ef2a97c	True	unresolved	unresolved
sub-1	02	03	sub-1/ses-02/run-03/tsv-row-21	21	rest	1	147.364	5.0	36841	38091	sub-1/ses-02/eeg/sub-1_ses-02_task-imagery_run-03_eeg.edf	sub-01	V	s	s	0	sub-01/ses-02/eeg/sub-01_ses-02_task-MotorImageryRest_run-03_eeg.vhdr	a66e0cd8ac9d148f6e5f570889878d246159176951b9b94240b52f137ef2a97c	True	unresolved	unresolved
sub-1	02	03	sub-1/ses-02/run-03/tsv-row-22	22	right_hand	2	154.232	5.0	38558	39808	sub-1/ses-02/eeg/sub-1_ses-02_task-imagery_run-03_eeg.edf	sub-01	V	s	s	0	sub-01/ses-02/eeg/sub-01_ses-02_task-MotorImageryRest_run-03_eeg.vhdr	a66e0cd8ac9d148f6e5f570889878d246159176951b9b94240b52f137ef2a97c	True	unresolved	unresolved
sub-1	02	03	sub-1/ses-02/run-03/tsv-row-23	23	rest	1	161.128	5.0	40282	41532	sub-1/ses-02/eeg/sub-1_ses-02_task-imagery_run-03_eeg.edf	sub-01	V	s	s	0	sub-01/ses-02/eeg/sub-01_ses-02_task-MotorImageryRest_run-03_eeg.vhdr	a66e0cd8ac9d148f6e5f570889878d246159176951b9b94240b52f137ef2a97c	True	unresolved	unresolved
sub-1	02	03	sub-1/ses-02/run-03/tsv-row-24	24	right_hand	2	168.024	5.0	42006	43256	sub-1/ses-02/eeg/sub-1_ses-02_task-imagery_run-03_eeg.edf	sub-01	V	s	s	0	sub-01/ses-02/eeg/sub-01_ses-02_task-MotorImageryRest_run-03_eeg.vhdr	a66e0cd8ac9d148f6e5f570889878d246159176951b9b94240b52f137ef2a97c	True	unresolved	unresolved
sub-1	02	03	sub-1/ses-02/run-03/tsv-row-25	25	rest	1	174.912	5.0	43728	44978	sub-1/ses-02/eeg/sub-1_ses-02_task-imagery_run-03_eeg.edf	sub-01	V	s	s	0	sub-01/ses-02/eeg/sub-01_ses-02_task-MotorImageryRest_run-03_eeg.vhdr	a66e0cd8ac9d148f6e5f570889878d246159176951b9b94240b52f137ef2a97c	True	unresolved	unresolved
sub-1	02	03	sub-1/ses-02/run-03/tsv-row-26	26	right_hand	2	181.78	5.0	45445	46695	sub-1/ses-02/eeg/sub-1_ses-02_task-imagery_run-03_eeg.edf	sub-01	V	s	s	0	sub-01/ses-02/eeg/sub-01_ses-02_task-MotorImageryRest_run-03_eeg.vhdr	a66e0cd8ac9d148f6e5f570889878d246159176951b9b94240b52f137ef2a97c	True	unresolved	unresolved
sub-1	02	03	sub-1/ses-02/run-03/tsv-row-27	27	right_hand	2	188.684	5.0	47171	48421	sub-1/ses-02/eeg/sub-1_ses-02_task-imagery_run-03_eeg.edf	sub-01	V	s	s	0	sub-01/ses-02/eeg/sub-01_ses-02_task-MotorImageryRest_run-03_eeg.vhdr	a66e0cd8ac9d148f6e5f570889878d246159176951b9b94240b52f137ef2a97c	True	unresolved	unresolved
sub-1	02	03	sub-1/ses-02/run-03/tsv-row-28	28	rest	1	195.572	5.0	48893	50143	sub-1/ses-02/eeg/sub-1_ses-02_task-imagery_run-03_eeg.edf	sub-01	V	s	s	0	sub-01/ses-02/eeg/sub-01_ses-02_task-MotorImageryRest_run-03_eeg.vhdr	a66e0cd8ac9d148f6e5f570889878d246159176951b9b94240b52f137ef2a97c	True	unresolved	unresolved
sub-1	02	03	sub-1/ses-02/run-03/tsv-row-29	29	rest	1	202.468	5.0	50617	51867	sub-1/ses-02/eeg/sub-1_ses-02_task-imagery_run-03_eeg.edf	sub-01	V	s	s	0	sub-01/ses-02/eeg/sub-01_ses-02_task-MotorImageryRest_run-03_eeg.vhdr	a66e0cd8ac9d148f6e5f570889878d246159176951b9b94240b52f137ef2a97c	True	unresolved	unresolved
sub-1	02	03	sub-1/ses-02/run-03/tsv-row-30	30	right_hand	2	209.344	5.0	52336	53586	sub-1/ses-02/eeg/sub-1_ses-02_task-imagery_run-03_eeg.edf	sub-01	V	s	s	0	sub-01/ses-02/eeg/sub-01_ses-02_task-MotorImageryRest_run-03_eeg.vhdr	a66e0cd8ac9d148f6e5f570889878d246159176951b9b94240b52f137ef2a97c	True	unresolved	unresolved
sub-1	02	04	sub-1/ses-02/run-04/tsv-row-1	1	rest	1	6.744	5.0	1686	2936	sub-1/ses-02/eeg/sub-1_ses-02_task-imagery_run-04_eeg.edf	sub-01	V	s	s	0	sub-01/ses-02/eeg/sub-01_ses-02_task-MotorImageryRest_run-04_eeg.vhdr	0a8758716cd05cf32ac661dd55e09cca3dd03e5996b4f002a35285c9cbae7ba4	True	unresolved	unresolved
sub-1	02	04	sub-1/ses-02/run-04/tsv-row-2	2	right_hand	2	13.632	5.0	3408	4658	sub-1/ses-02/eeg/sub-1_ses-02_task-imagery_run-04_eeg.edf	sub-01	V	s	s	0	sub-01/ses-02/eeg/sub-01_ses-02_task-MotorImageryRest_run-04_eeg.vhdr	0a8758716cd05cf32ac661dd55e09cca3dd03e5996b4f002a35285c9cbae7ba4	True	unresolved	unresolved
sub-1	02	04	sub-1/ses-02/run-04/tsv-row-3	3	rest	1	20.524	5.0	5131	6381	sub-1/ses-02/eeg/sub-1_ses-02_task-imagery_run-04_eeg.edf	sub-01	V	s	s	0	sub-01/ses-02/eeg/sub-01_ses-02_task-MotorImageryRest_run-04_eeg.vhdr	0a8758716cd05cf32ac661dd55e09cca3dd03e5996b4f002a35285c9cbae7ba4	True	unresolved	unresolved
sub-1	02	04	sub-1/ses-02/run-04/tsv-row-4	4	right_hand	2	27.388	5.0	6847	8097	sub-1/ses-02/eeg/sub-1_ses-02_task-imagery_run-04_eeg.edf	sub-01	V	s	s	0	sub-01/ses-02/eeg/sub-01_ses-02_task-MotorImageryRest_run-04_eeg.vhdr	0a8758716cd05cf32ac661dd55e09cca3dd03e5996b4f002a35285c9cbae7ba4	True	unresolved	unresolved
sub-1	02	04	sub-1/ses-02/run-04/tsv-row-5	5	rest	1	34.3	5.0	8575	9825	sub-1/ses-02/eeg/sub-1_ses-02_task-imagery_run-04_eeg.edf	sub-01	V	s	s	0	sub-01/ses-02/eeg/sub-01_ses-02_task-MotorImageryRest_run-04_eeg.vhdr	0a8758716cd05cf32ac661dd55e09cca3dd03e5996b4f002a35285c9cbae7ba4	True	unresolved	unresolved
sub-1	02	04	sub-1/ses-02/run-04/tsv-row-6	6	right_hand	2	41.176	5.0	10294	11544	sub-1/ses-02/eeg/sub-1_ses-02_task-imagery_run-04_eeg.edf	sub-01	V	s	s	0	sub-01/ses-02/eeg/sub-01_ses-02_task-MotorImageryRest_run-04_eeg.vhdr	0a8758716cd05cf32ac661dd55e09cca3dd03e5996b4f002a35285c9cbae7ba4	True	unresolved	unresolved
sub-1	02	04	sub-1/ses-02/run-04/tsv-row-7	7	right_hand	2	48.064	5.0	12016	13266	sub-1/ses-02/eeg/sub-1_ses-02_task-imagery_run-04_eeg.edf	sub-01	V	s	s	0	sub-01/ses-02/eeg/sub-01_ses-02_task-MotorImageryRest_run-04_eeg.vhdr	0a8758716cd05cf32ac661dd55e09cca3dd03e5996b4f002a35285c9cbae7ba4	True	unresolved	unresolved
sub-1	02	04	sub-1/ses-02/run-04/tsv-row-8	8	rest	1	54.952	5.0	13738	14988	sub-1/ses-02/eeg/sub-1_ses-02_task-imagery_run-04_eeg.edf	sub-01	V	s	s	0	sub-01/ses-02/eeg/sub-01_ses-02_task-MotorImageryRest_run-04_eeg.vhdr	0a8758716cd05cf32ac661dd55e09cca3dd03e5996b4f002a35285c9cbae7ba4	True	unresolved	unresolved
sub-1	02	04	sub-1/ses-02/run-04/tsv-row-9	9	right_hand	2	61.836	5.0	15459	16709	sub-1/ses-02/eeg/sub-1_ses-02_task-imagery_run-04_eeg.edf	sub-01	V	s	s	0	sub-01/ses-02/eeg/sub-01_ses-02_task-MotorImageryRest_run-04_eeg.vhdr	0a8758716cd05cf32ac661dd55e09cca3dd03e5996b4f002a35285c9cbae7ba4	True	unresolved	unresolved
sub-1	02	04	sub-1/ses-02/run-04/tsv-row-10	10	rest	1	68.732	5.0	17183	18433	sub-1/ses-02/eeg/sub-1_ses-02_task-imagery_run-04_eeg.edf	sub-01	V	s	s	0	sub-01/ses-02/eeg/sub-01_ses-02_task-MotorImageryRest_run-04_eeg.vhdr	0a8758716cd05cf32ac661dd55e09cca3dd03e5996b4f002a35285c9cbae7ba4	True	unresolved	unresolved
sub-1	02	04	sub-1/ses-02/run-04/tsv-row-11	11	rest	1	75.636	5.0	18909	20159	sub-1/ses-02/eeg/sub-1_ses-02_task-imagery_run-04_eeg.edf	sub-01	V	s	s	0	sub-01/ses-02/eeg/sub-01_ses-02_task-MotorImageryRest_run-04_eeg.vhdr	0a8758716cd05cf32ac661dd55e09cca3dd03e5996b4f002a35285c9cbae7ba4	True	unresolved	unresolved
sub-1	02	04	sub-1/ses-02/run-04/tsv-row-12	12	right_hand	2	82.5	5.0	20625	21875	sub-1/ses-02/eeg/sub-1_ses-02_task-imagery_run-04_eeg.edf	sub-01	V	s	s	0	sub-01/ses-02/eeg/sub-01_ses-02_task-MotorImageryRest_run-04_eeg.vhdr	0a8758716cd05cf32ac661dd55e09cca3dd03e5996b4f002a35285c9cbae7ba4	True	unresolved	unresolved
sub-1	02	04	sub-1/ses-02/run-04/tsv-row-13	13	right_hand	2	89.4	5.0	22350	23600	sub-1/ses-02/eeg/sub-1_ses-02_task-imagery_run-04_eeg.edf	sub-01	V	s	s	0	sub-01/ses-02/eeg/sub-01_ses-02_task-MotorImageryRest_run-04_eeg.vhdr	0a8758716cd05cf32ac661dd55e09cca3dd03e5996b4f002a35285c9cbae7ba4	True	unresolved	unresolved
sub-1	02	04	sub-1/ses-02/run-04/tsv-row-14	14	rest	1	96.288	5.0	24072	25322	sub-1/ses-02/eeg/sub-1_ses-02_task-imagery_run-04_eeg.edf	sub-01	V	s	s	0	sub-01/ses-02/eeg/sub-01_ses-02_task-MotorImageryRest_run-04_eeg.vhdr	0a8758716cd05cf32ac661dd55e09cca3dd03e5996b4f002a35285c9cbae7ba4	True	unresolved	unresolved
sub-1	02	04	sub-1/ses-02/run-04/tsv-row-15	15	right_hand	2	103.176	5.0	25794	27044	sub-1/ses-02/eeg/sub-1_ses-02_task-imagery_run-04_eeg.edf	sub-01	V	s	s	0	sub-01/ses-02/eeg/sub-01_ses-02_task-MotorImageryRest_run-04_eeg.vhdr	0a8758716cd05cf32ac661dd55e09cca3dd03e5996b4f002a35285c9cbae7ba4	True	unresolved	unresolved
sub-1	02	04	sub-1/ses-02/run-04/tsv-row-16	16	rest	1	110.06	5.0	27515	28765	sub-1/ses-02/eeg/sub-1_ses-02_task-imagery_run-04_eeg.edf	sub-01	V	s	s	0	sub-01/ses-02/eeg/sub-01_ses-02_task-MotorImageryRest_run-04_eeg.vhdr	0a8758716cd05cf32ac661dd55e09cca3dd03e5996b4f002a35285c9cbae7ba4	True	unresolved	unresolved
sub-1	02	04	sub-1/ses-02/run-04/tsv-row-17	17	right_hand	2	116.948	5.0	29237	30487	sub-1/ses-02/eeg/sub-1_ses-02_task-imagery_run-04_eeg.edf	sub-01	V	s	s	0	sub-01/ses-02/eeg/sub-01_ses-02_task-MotorImageryRest_run-04_eeg.vhdr	0a8758716cd05cf32ac661dd55e09cca3dd03e5996b4f002a35285c9cbae7ba4	True	unresolved	unresolved
sub-1	02	04	sub-1/ses-02/run-04/tsv-row-18	18	rest	1	123.836	5.0	30959	32209	sub-1/ses-02/eeg/sub-1_ses-02_task-imagery_run-04_eeg.edf	sub-01	V	s	s	0	sub-01/ses-02/eeg/sub-01_ses-02_task-MotorImageryRest_run-04_eeg.vhdr	0a8758716cd05cf32ac661dd55e09cca3dd03e5996b4f002a35285c9cbae7ba4	True	unresolved	unresolved
sub-1	02	04	sub-1/ses-02/run-04/tsv-row-19	19	rest	1	130.724	5.0	32681	33931	sub-1/ses-02/eeg/sub-1_ses-02_task-imagery_run-04_eeg.edf	sub-01	V	s	s	0	sub-01/ses-02/eeg/sub-01_ses-02_task-MotorImageryRest_run-04_eeg.vhdr	0a8758716cd05cf32ac661dd55e09cca3dd03e5996b4f002a35285c9cbae7ba4	True	unresolved	unresolved
sub-1	02	04	sub-1/ses-02/run-04/tsv-row-20	20	right_hand	2	137.608	5.0	34402	35652	sub-1/ses-02/eeg/sub-1_ses-02_task-imagery_run-04_eeg.edf	sub-01	V	s	s	0	sub-01/ses-02/eeg/sub-01_ses-02_task-MotorImageryRest_run-04_eeg.vhdr	0a8758716cd05cf32ac661dd55e09cca3dd03e5996b4f002a35285c9cbae7ba4	True	unresolved	unresolved
sub-1	02	04	sub-1/ses-02/run-04/tsv-row-21	21	right_hand	2	144.496	5.0	36124	37374	sub-1/ses-02/eeg/sub-1_ses-02_task-imagery_run-04_eeg.edf	sub-01	V	s	s	0	sub-01/ses-02/eeg/sub-01_ses-02_task-MotorImageryRest_run-04_eeg.vhdr	0a8758716cd05cf32ac661dd55e09cca3dd03e5996b4f002a35285c9cbae7ba4	True	unresolved	unresolved
sub-1	02	04	sub-1/ses-02/run-04/tsv-row-22	22	rest	1	151.384	5.0	37846	39096	sub-1/ses-02/eeg/sub-1_ses-02_task-imagery_run-04_eeg.edf	sub-01	V	s	s	0	sub-01/ses-02/eeg/sub-01_ses-02_task-MotorImageryRest_run-04_eeg.vhdr	0a8758716cd05cf32ac661dd55e09cca3dd03e5996b4f002a35285c9cbae7ba4	True	unresolved	unresolved
sub-1	02	04	sub-1/ses-02/run-04/tsv-row-23	23	rest	1	158.296	5.0	39574	40824	sub-1/ses-02/eeg/sub-1_ses-02_task-imagery_run-04_eeg.edf	sub-01	V	s	s	0	sub-01/ses-02/eeg/sub-01_ses-02_task-MotorImageryRest_run-04_eeg.vhdr	0a8758716cd05cf32ac661dd55e09cca3dd03e5996b4f002a35285c9cbae7ba4	True	unresolved	unresolved
sub-1	02	04	sub-1/ses-02/run-04/tsv-row-24	24	right_hand	2	165.156	5.0	41289	42539	sub-1/ses-02/eeg/sub-1_ses-02_task-imagery_run-04_eeg.edf	sub-01	V	s	s	0	sub-01/ses-02/eeg/sub-01_ses-02_task-MotorImageryRest_run-04_eeg.vhdr	0a8758716cd05cf32ac661dd55e09cca3dd03e5996b4f002a35285c9cbae7ba4	True	unresolved	unresolved
sub-1	02	04	sub-1/ses-02/run-04/tsv-row-25	25	right_hand	2	172.044	5.0	43011	44261	sub-1/ses-02/eeg/sub-1_ses-02_task-imagery_run-04_eeg.edf	sub-01	V	s	s	0	sub-01/ses-02/eeg/sub-01_ses-02_task-MotorImageryRest_run-04_eeg.vhdr	0a8758716cd05cf32ac661dd55e09cca3dd03e5996b4f002a35285c9cbae7ba4	True	unresolved	unresolved
sub-1	02	04	sub-1/ses-02/run-04/tsv-row-26	26	rest	1	178.94	5.0	44735	45985	sub-1/ses-02/eeg/sub-1_ses-02_task-imagery_run-04_eeg.edf	sub-01	V	s	s	0	sub-01/ses-02/eeg/sub-01_ses-02_task-MotorImageryRest_run-04_eeg.vhdr	0a8758716cd05cf32ac661dd55e09cca3dd03e5996b4f002a35285c9cbae7ba4	True	unresolved	unresolved
sub-1	02	04	sub-1/ses-02/run-04/tsv-row-27	27	right_hand	2	185.832	5.0	46458	47708	sub-1/ses-02/eeg/sub-1_ses-02_task-imagery_run-04_eeg.edf	sub-01	V	s	s	0	sub-01/ses-02/eeg/sub-01_ses-02_task-MotorImageryRest_run-04_eeg.vhdr	0a8758716cd05cf32ac661dd55e09cca3dd03e5996b4f002a35285c9cbae7ba4	True	unresolved	unresolved
sub-1	02	04	sub-1/ses-02/run-04/tsv-row-28	28	rest	1	192.704	5.0	48176	49426	sub-1/ses-02/eeg/sub-1_ses-02_task-imagery_run-04_eeg.edf	sub-01	V	s	s	0	sub-01/ses-02/eeg/sub-01_ses-02_task-MotorImageryRest_run-04_eeg.vhdr	0a8758716cd05cf32ac661dd55e09cca3dd03e5996b4f002a35285c9cbae7ba4	True	unresolved	unresolved
sub-1	02	04	sub-1/ses-02/run-04/tsv-row-29	29	right_hand	2	199.592	5.0	49898	51148	sub-1/ses-02/eeg/sub-1_ses-02_task-imagery_run-04_eeg.edf	sub-01	V	s	s	0	sub-01/ses-02/eeg/sub-01_ses-02_task-MotorImageryRest_run-04_eeg.vhdr	0a8758716cd05cf32ac661dd55e09cca3dd03e5996b4f002a35285c9cbae7ba4	True	unresolved	unresolved
sub-1	02	05	sub-1/ses-02/run-05/tsv-row-1	1	rest	1	8.896	5.0	2224	3474	sub-1/ses-02/eeg/sub-1_ses-02_task-imagery_run-05_eeg.edf	sub-01	V	s	s	0	sub-01/ses-02/eeg/sub-01_ses-02_task-MotorImageryRest_run-05_eeg.vhdr	ca1eccbe0fff2daa3c6bd21f1b5158c6d9b2427a2d541f31ef5c233be98091a7	True	unresolved	unresolved
sub-1	02	05	sub-1/ses-02/run-05/tsv-row-2	2	right_hand	2	15.784	5.0	3946	5196	sub-1/ses-02/eeg/sub-1_ses-02_task-imagery_run-05_eeg.edf	sub-01	V	s	s	0	sub-01/ses-02/eeg/sub-01_ses-02_task-MotorImageryRest_run-05_eeg.vhdr	ca1eccbe0fff2daa3c6bd21f1b5158c6d9b2427a2d541f31ef5c233be98091a7	True	unresolved	unresolved
sub-1	02	05	sub-1/ses-02/run-05/tsv-row-3	3	rest	1	22.688	5.0	5672	6922	sub-1/ses-02/eeg/sub-1_ses-02_task-imagery_run-05_eeg.edf	sub-01	V	s	s	0	sub-01/ses-02/eeg/sub-01_ses-02_task-MotorImageryRest_run-05_eeg.vhdr	ca1eccbe0fff2daa3c6bd21f1b5158c6d9b2427a2d541f31ef5c233be98091a7	True	unresolved	unresolved
sub-1	02	05	sub-1/ses-02/run-05/tsv-row-4	4	right_hand	2	29.556	5.0	7389	8639	sub-1/ses-02/eeg/sub-1_ses-02_task-imagery_run-05_eeg.edf	sub-01	V	s	s	0	sub-01/ses-02/eeg/sub-01_ses-02_task-MotorImageryRest_run-05_eeg.vhdr	ca1eccbe0fff2daa3c6bd21f1b5158c6d9b2427a2d541f31ef5c233be98091a7	True	unresolved	unresolved
sub-1	02	05	sub-1/ses-02/run-05/tsv-row-5	5	rest	1	36.444	5.0	9111	10361	sub-1/ses-02/eeg/sub-1_ses-02_task-imagery_run-05_eeg.edf	sub-01	V	s	s	0	sub-01/ses-02/eeg/sub-01_ses-02_task-MotorImageryRest_run-05_eeg.vhdr	ca1eccbe0fff2daa3c6bd21f1b5158c6d9b2427a2d541f31ef5c233be98091a7	True	unresolved	unresolved
sub-1	02	05	sub-1/ses-02/run-05/tsv-row-6	6	right_hand	2	43.332	5.0	10833	12083	sub-1/ses-02/eeg/sub-1_ses-02_task-imagery_run-05_eeg.edf	sub-01	V	s	s	0	sub-01/ses-02/eeg/sub-01_ses-02_task-MotorImageryRest_run-05_eeg.vhdr	ca1eccbe0fff2daa3c6bd21f1b5158c6d9b2427a2d541f31ef5c233be98091a7	True	unresolved	unresolved
sub-1	02	05	sub-1/ses-02/run-05/tsv-row-7	7	right_hand	2	50.232	5.0	12558	13808	sub-1/ses-02/eeg/sub-1_ses-02_task-imagery_run-05_eeg.edf	sub-01	V	s	s	0	sub-01/ses-02/eeg/sub-01_ses-02_task-MotorImageryRest_run-05_eeg.vhdr	ca1eccbe0fff2daa3c6bd21f1b5158c6d9b2427a2d541f31ef5c233be98091a7	True	unresolved	unresolved
sub-1	02	05	sub-1/ses-02/run-05/tsv-row-8	8	rest	1	57.104	5.0	14276	15526	sub-1/ses-02/eeg/sub-1_ses-02_task-imagery_run-05_eeg.edf	sub-01	V	s	s	0	sub-01/ses-02/eeg/sub-01_ses-02_task-MotorImageryRest_run-05_eeg.vhdr	ca1eccbe0fff2daa3c6bd21f1b5158c6d9b2427a2d541f31ef5c233be98091a7	True	unresolved	unresolved
sub-1	02	05	sub-1/ses-02/run-05/tsv-row-9	9	right_hand	2	63.992	5.0	15998	17248	sub-1/ses-02/eeg/sub-1_ses-02_task-imagery_run-05_eeg.edf	sub-01	V	s	s	0	sub-01/ses-02/eeg/sub-01_ses-02_task-MotorImageryRest_run-05_eeg.vhdr	ca1eccbe0fff2daa3c6bd21f1b5158c6d9b2427a2d541f31ef5c233be98091a7	True	unresolved	unresolved
sub-1	02	05	sub-1/ses-02/run-05/tsv-row-10	10	rest	1	70.884	5.0	17721	18971	sub-1/ses-02/eeg/sub-1_ses-02_task-imagery_run-05_eeg.edf	sub-01	V	s	s	0	sub-01/ses-02/eeg/sub-01_ses-02_task-MotorImageryRest_run-05_eeg.vhdr	ca1eccbe0fff2daa3c6bd21f1b5158c6d9b2427a2d541f31ef5c233be98091a7	True	unresolved	unresolved
sub-1	02	05	sub-1/ses-02/run-05/tsv-row-11	11	right_hand	2	77.78	5.0	19445	20695	sub-1/ses-02/eeg/sub-1_ses-02_task-imagery_run-05_eeg.edf	sub-01	V	s	s	0	sub-01/ses-02/eeg/sub-01_ses-02_task-MotorImageryRest_run-05_eeg.vhdr	ca1eccbe0fff2daa3c6bd21f1b5158c6d9b2427a2d541f31ef5c233be98091a7	True	unresolved	unresolved
sub-1	02	05	sub-1/ses-02/run-05/tsv-row-12	12	rest	1	84.652	5.0	21163	22413	sub-1/ses-02/eeg/sub-1_ses-02_task-imagery_run-05_eeg.edf	sub-01	V	s	s	0	sub-01/ses-02/eeg/sub-01_ses-02_task-MotorImageryRest_run-05_eeg.vhdr	ca1eccbe0fff2daa3c6bd21f1b5158c6d9b2427a2d541f31ef5c233be98091a7	True	unresolved	unresolved
sub-1	02	05	sub-1/ses-02/run-05/tsv-row-13	13	rest	1	91.556	5.0	22889	24139	sub-1/ses-02/eeg/sub-1_ses-02_task-imagery_run-05_eeg.edf	sub-01	V	s	s	0	sub-01/ses-02/eeg/sub-01_ses-02_task-MotorImageryRest_run-05_eeg.vhdr	ca1eccbe0fff2daa3c6bd21f1b5158c6d9b2427a2d541f31ef5c233be98091a7	True	unresolved	unresolved
sub-1	02	05	sub-1/ses-02/run-05/tsv-row-14	14	right_hand	2	98.44	5.0	24610	25860	sub-1/ses-02/eeg/sub-1_ses-02_task-imagery_run-05_eeg.edf	sub-01	V	s	s	0	sub-01/ses-02/eeg/sub-01_ses-02_task-MotorImageryRest_run-05_eeg.vhdr	ca1eccbe0fff2daa3c6bd21f1b5158c6d9b2427a2d541f31ef5c233be98091a7	True	unresolved	unresolved
sub-1	02	05	sub-1/ses-02/run-05/tsv-row-15	15	right_hand	2	105.328	5.0	26332	27582	sub-1/ses-02/eeg/sub-1_ses-02_task-imagery_run-05_eeg.edf	sub-01	V	s	s	0	sub-01/ses-02/eeg/sub-01_ses-02_task-MotorImageryRest_run-05_eeg.vhdr	ca1eccbe0fff2daa3c6bd21f1b5158c6d9b2427a2d541f31ef5c233be98091a7	True	unresolved	unresolved
sub-1	02	05	sub-1/ses-02/run-05/tsv-row-16	16	rest	1	112.2	5.0	28050	29300	sub-1/ses-02/eeg/sub-1_ses-02_task-imagery_run-05_eeg.edf	sub-01	V	s	s	0	sub-01/ses-02/eeg/sub-01_ses-02_task-MotorImageryRest_run-05_eeg.vhdr	ca1eccbe0fff2daa3c6bd21f1b5158c6d9b2427a2d541f31ef5c233be98091a7	True	unresolved	unresolved
sub-1	02	05	sub-1/ses-02/run-05/tsv-row-17	17	right_hand	2	119.1	5.0	29775	31025	sub-1/ses-02/eeg/sub-1_ses-02_task-imagery_run-05_eeg.edf	sub-01	V	s	s	0	sub-01/ses-02/eeg/sub-01_ses-02_task-MotorImageryRest_run-05_eeg.vhdr	ca1eccbe0fff2daa3c6bd21f1b5158c6d9b2427a2d541f31ef5c233be98091a7	True	unresolved	unresolved
sub-1	02	05	sub-1/ses-02/run-05/tsv-row-18	18	rest	1	125.996	5.0	31499	32749	sub-1/ses-02/eeg/sub-1_ses-02_task-imagery_run-05_eeg.edf	sub-01	V	s	s	0	sub-01/ses-02/eeg/sub-01_ses-02_task-MotorImageryRest_run-05_eeg.vhdr	ca1eccbe0fff2daa3c6bd21f1b5158c6d9b2427a2d541f31ef5c233be98091a7	True	unresolved	unresolved
sub-1	02	05	sub-1/ses-02/run-05/tsv-row-19	19	right_hand	2	132.876	5.0	33219	34469	sub-1/ses-02/eeg/sub-1_ses-02_task-imagery_run-05_eeg.edf	sub-01	V	s	s	0	sub-01/ses-02/eeg/sub-01_ses-02_task-MotorImageryRest_run-05_eeg.vhdr	ca1eccbe0fff2daa3c6bd21f1b5158c6d9b2427a2d541f31ef5c233be98091a7	True	unresolved	unresolved
sub-1	02	05	sub-1/ses-02/run-05/tsv-row-20	20	rest	1	139.772	5.0	34943	36193	sub-1/ses-02/eeg/sub-1_ses-02_task-imagery_run-05_eeg.edf	sub-01	V	s	s	0	sub-01/ses-02/eeg/sub-01_ses-02_task-MotorImageryRest_run-05_eeg.vhdr	ca1eccbe0fff2daa3c6bd21f1b5158c6d9b2427a2d541f31ef5c233be98091a7	True	unresolved	unresolved
sub-1	02	05	sub-1/ses-02/run-05/tsv-row-21	21	right_hand	2	146.648	5.0	36662	37912	sub-1/ses-02/eeg/sub-1_ses-02_task-imagery_run-05_eeg.edf	sub-01	V	s	s	0	sub-01/ses-02/eeg/sub-01_ses-02_task-MotorImageryRest_run-05_eeg.vhdr	ca1eccbe0fff2daa3c6bd21f1b5158c6d9b2427a2d541f31ef5c233be98091a7	True	unresolved	unresolved
sub-1	02	05	sub-1/ses-02/run-05/tsv-row-22	22	rest	1	153.536	5.0	38384	39634	sub-1/ses-02/eeg/sub-1_ses-02_task-imagery_run-05_eeg.edf	sub-01	V	s	s	0	sub-01/ses-02/eeg/sub-01_ses-02_task-MotorImageryRest_run-05_eeg.vhdr	ca1eccbe0fff2daa3c6bd21f1b5158c6d9b2427a2d541f31ef5c233be98091a7	True	unresolved	unresolved
sub-1	02	05	sub-1/ses-02/run-05/tsv-row-23	23	right_hand	2	160.44	5.0	40110	41360	sub-1/ses-02/eeg/sub-1_ses-02_task-imagery_run-05_eeg.edf	sub-01	V	s	s	0	sub-01/ses-02/eeg/sub-01_ses-02_task-MotorImageryRest_run-05_eeg.vhdr	ca1eccbe0fff2daa3c6bd21f1b5158c6d9b2427a2d541f31ef5c233be98091a7	True	unresolved	unresolved
sub-1	02	05	sub-1/ses-02/run-05/tsv-row-24	24	rest	1	167.32	5.0	41830	43080	sub-1/ses-02/eeg/sub-1_ses-02_task-imagery_run-05_eeg.edf	sub-01	V	s	s	0	sub-01/ses-02/eeg/sub-01_ses-02_task-MotorImageryRest_run-05_eeg.vhdr	ca1eccbe0fff2daa3c6bd21f1b5158c6d9b2427a2d541f31ef5c233be98091a7	True	unresolved	unresolved
sub-1	02	05	sub-1/ses-02/run-05/tsv-row-25	25	right_hand	2	174.196	5.0	43549	44799	sub-1/ses-02/eeg/sub-1_ses-02_task-imagery_run-05_eeg.edf	sub-01	V	s	s	0	sub-01/ses-02/eeg/sub-01_ses-02_task-MotorImageryRest_run-05_eeg.vhdr	ca1eccbe0fff2daa3c6bd21f1b5158c6d9b2427a2d541f31ef5c233be98091a7	True	unresolved	unresolved
sub-1	02	05	sub-1/ses-02/run-05/tsv-row-26	26	rest	1	181.108	5.0	45277	46527	sub-1/ses-02/eeg/sub-1_ses-02_task-imagery_run-05_eeg.edf	sub-01	V	s	s	0	sub-01/ses-02/eeg/sub-01_ses-02_task-MotorImageryRest_run-05_eeg.vhdr	ca1eccbe0fff2daa3c6bd21f1b5158c6d9b2427a2d541f31ef5c233be98091a7	True	unresolved	unresolved
sub-1	02	05	sub-1/ses-02/run-05/tsv-row-27	27	rest	1	187.988	5.0	46997	48247	sub-1/ses-02/eeg/sub-1_ses-02_task-imagery_run-05_eeg.edf	sub-01	V	s	s	0	sub-01/ses-02/eeg/sub-01_ses-02_task-MotorImageryRest_run-05_eeg.vhdr	ca1eccbe0fff2daa3c6bd21f1b5158c6d9b2427a2d541f31ef5c233be98091a7	True	unresolved	unresolved
sub-1	02	05	sub-1/ses-02/run-05/tsv-row-28	28	right_hand	2	194.856	5.0	48714	49964	sub-1/ses-02/eeg/sub-1_ses-02_task-imagery_run-05_eeg.edf	sub-01	V	s	s	0	sub-01/ses-02/eeg/sub-01_ses-02_task-MotorImageryRest_run-05_eeg.vhdr	ca1eccbe0fff2daa3c6bd21f1b5158c6d9b2427a2d541f31ef5c233be98091a7	True	unresolved	unresolved
sub-1	02	05	sub-1/ses-02/run-05/tsv-row-29	29	rest	1	202.028	5.0	50507	51757	sub-1/ses-02/eeg/sub-1_ses-02_task-imagery_run-05_eeg.edf	sub-01	V	s	s	0	sub-01/ses-02/eeg/sub-01_ses-02_task-MotorImageryRest_run-05_eeg.vhdr	ca1eccbe0fff2daa3c6bd21f1b5158c6d9b2427a2d541f31ef5c233be98091a7	True	unresolved	unresolved
sub-1	02	05	sub-1/ses-02/run-05/tsv-row-30	30	right_hand	2	208.648	5.0	52162	53412	sub-1/ses-02/eeg/sub-1_ses-02_task-imagery_run-05_eeg.edf	sub-01	V	s	s	0	sub-01/ses-02/eeg/sub-01_ses-02_task-MotorImageryRest_run-05_eeg.vhdr	ca1eccbe0fff2daa3c6bd21f1b5158c6d9b2427a2d541f31ef5c233be98091a7	True	unresolved	unresolved
sub-1	02	06	sub-1/ses-02/run-06/tsv-row-1	1	rest	1	8.02	5.0	2005	3255	sub-1/ses-02/eeg/sub-1_ses-02_task-imagery_run-06_eeg.edf	sub-01	V	s	s	0	sub-01/ses-02/eeg/sub-01_ses-02_task-MotorImageryRest_run-06_eeg.vhdr	71178a6b948462de02c5a31bab5a4a48bc38a10f83624e2f8a191ff88d08ab4e	True	unresolved	unresolved
sub-1	02	06	sub-1/ses-02/run-06/tsv-row-2	2	right_hand	2	14.88	5.0	3720	4970	sub-1/ses-02/eeg/sub-1_ses-02_task-imagery_run-06_eeg.edf	sub-01	V	s	s	0	sub-01/ses-02/eeg/sub-01_ses-02_task-MotorImageryRest_run-06_eeg.vhdr	71178a6b948462de02c5a31bab5a4a48bc38a10f83624e2f8a191ff88d08ab4e	True	unresolved	unresolved
sub-1	02	06	sub-1/ses-02/run-06/tsv-row-3	3	rest	1	21.768	5.0	5442	6692	sub-1/ses-02/eeg/sub-1_ses-02_task-imagery_run-06_eeg.edf	sub-01	V	s	s	0	sub-01/ses-02/eeg/sub-01_ses-02_task-MotorImageryRest_run-06_eeg.vhdr	71178a6b948462de02c5a31bab5a4a48bc38a10f83624e2f8a191ff88d08ab4e	True	unresolved	unresolved
sub-1	02	06	sub-1/ses-02/run-06/tsv-row-4	4	right_hand	2	28.672	5.0	7168	8418	sub-1/ses-02/eeg/sub-1_ses-02_task-imagery_run-06_eeg.edf	sub-01	V	s	s	0	sub-01/ses-02/eeg/sub-01_ses-02_task-MotorImageryRest_run-06_eeg.vhdr	71178a6b948462de02c5a31bab5a4a48bc38a10f83624e2f8a191ff88d08ab4e	True	unresolved	unresolved
sub-1	02	06	sub-1/ses-02/run-06/tsv-row-5	5	right_hand	2	35.556	5.0	8889	10139	sub-1/ses-02/eeg/sub-1_ses-02_task-imagery_run-06_eeg.edf	sub-01	V	s	s	0	sub-01/ses-02/eeg/sub-01_ses-02_task-MotorImageryRest_run-06_eeg.vhdr	71178a6b948462de02c5a31bab5a4a48bc38a10f83624e2f8a191ff88d08ab4e	True	unresolved	unresolved
sub-1	02	06	sub-1/ses-02/run-06/tsv-row-6	6	rest	1	42.436	5.0	10609	11859	sub-1/ses-02/eeg/sub-1_ses-02_task-imagery_run-06_eeg.edf	sub-01	V	s	s	0	sub-01/ses-02/eeg/sub-01_ses-02_task-MotorImageryRest_run-06_eeg.vhdr	71178a6b948462de02c5a31bab5a4a48bc38a10f83624e2f8a191ff88d08ab4e	True	unresolved	unresolved
sub-1	02	06	sub-1/ses-02/run-06/tsv-row-7	7	right_hand	2	49.332	5.0	12333	13583	sub-1/ses-02/eeg/sub-1_ses-02_task-imagery_run-06_eeg.edf	sub-01	V	s	s	0	sub-01/ses-02/eeg/sub-01_ses-02_task-MotorImageryRest_run-06_eeg.vhdr	71178a6b948462de02c5a31bab5a4a48bc38a10f83624e2f8a191ff88d08ab4e	True	unresolved	unresolved
sub-1	02	06	sub-1/ses-02/run-06/tsv-row-8	8	rest	1	56.224	5.0	14056	15306	sub-1/ses-02/eeg/sub-1_ses-02_task-imagery_run-06_eeg.edf	sub-01	V	s	s	0	sub-01/ses-02/eeg/sub-01_ses-02_task-MotorImageryRest_run-06_eeg.vhdr	71178a6b948462de02c5a31bab5a4a48bc38a10f83624e2f8a191ff88d08ab4e	True	unresolved	unresolved
sub-1	02	06	sub-1/ses-02/run-06/tsv-row-9	9	rest	1	63.104	5.0	15776	17026	sub-1/ses-02/eeg/sub-1_ses-02_task-imagery_run-06_eeg.edf	sub-01	V	s	s	0	sub-01/ses-02/eeg/sub-01_ses-02_task-MotorImageryRest_run-06_eeg.vhdr	71178a6b948462de02c5a31bab5a4a48bc38a10f83624e2f8a191ff88d08ab4e	True	unresolved	unresolved
sub-1	02	06	sub-1/ses-02/run-06/tsv-row-10	10	right_hand	2	69.992	5.0	17498	18748	sub-1/ses-02/eeg/sub-1_ses-02_task-imagery_run-06_eeg.edf	sub-01	V	s	s	0	sub-01/ses-02/eeg/sub-01_ses-02_task-MotorImageryRest_run-06_eeg.vhdr	71178a6b948462de02c5a31bab5a4a48bc38a10f83624e2f8a191ff88d08ab4e	True	unresolved	unresolved
sub-1	02	06	sub-1/ses-02/run-06/tsv-row-11	11	right_hand	2	76.88	5.0	19220	20470	sub-1/ses-02/eeg/sub-1_ses-02_task-imagery_run-06_eeg.edf	sub-01	V	s	s	0	sub-01/ses-02/eeg/sub-01_ses-02_task-MotorImageryRest_run-06_eeg.vhdr	71178a6b948462de02c5a31bab5a4a48bc38a10f83624e2f8a191ff88d08ab4e	True	unresolved	unresolved
sub-1	02	06	sub-1/ses-02/run-06/tsv-row-12	12	rest	1	83.772	5.0	20943	22193	sub-1/ses-02/eeg/sub-1_ses-02_task-imagery_run-06_eeg.edf	sub-01	V	s	s	0	sub-01/ses-02/eeg/sub-01_ses-02_task-MotorImageryRest_run-06_eeg.vhdr	71178a6b948462de02c5a31bab5a4a48bc38a10f83624e2f8a191ff88d08ab4e	True	unresolved	unresolved
sub-1	02	06	sub-1/ses-02/run-06/tsv-row-13	13	rest	1	90.668	5.0	22667	23917	sub-1/ses-02/eeg/sub-1_ses-02_task-imagery_run-06_eeg.edf	sub-01	V	s	s	0	sub-01/ses-02/eeg/sub-01_ses-02_task-MotorImageryRest_run-06_eeg.vhdr	71178a6b948462de02c5a31bab5a4a48bc38a10f83624e2f8a191ff88d08ab4e	True	unresolved	unresolved
sub-1	02	06	sub-1/ses-02/run-06/tsv-row-14	14	right_hand	2	97.54	5.0	24385	25635	sub-1/ses-02/eeg/sub-1_ses-02_task-imagery_run-06_eeg.edf	sub-01	V	s	s	0	sub-01/ses-02/eeg/sub-01_ses-02_task-MotorImageryRest_run-06_eeg.vhdr	71178a6b948462de02c5a31bab5a4a48bc38a10f83624e2f8a191ff88d08ab4e	True	unresolved	unresolved
sub-1	02	06	sub-1/ses-02/run-06/tsv-row-15	15	right_hand	2	105.376	5.0	26344	27594	sub-1/ses-02/eeg/sub-1_ses-02_task-imagery_run-06_eeg.edf	sub-01	V	s	s	0	sub-01/ses-02/eeg/sub-01_ses-02_task-MotorImageryRest_run-06_eeg.vhdr	71178a6b948462de02c5a31bab5a4a48bc38a10f83624e2f8a191ff88d08ab4e	True	unresolved	unresolved
sub-1	02	06	sub-1/ses-02/run-06/tsv-row-16	16	rest	1	111.38	5.0	27845	29095	sub-1/ses-02/eeg/sub-1_ses-02_task-imagery_run-06_eeg.edf	sub-01	V	s	s	0	sub-01/ses-02/eeg/sub-01_ses-02_task-MotorImageryRest_run-06_eeg.vhdr	71178a6b948462de02c5a31bab5a4a48bc38a10f83624e2f8a191ff88d08ab4e	True	unresolved	unresolved
sub-1	02	06	sub-1/ses-02/run-06/tsv-row-17	17	rest	1	118.216	5.0	29554	30804	sub-1/ses-02/eeg/sub-1_ses-02_task-imagery_run-06_eeg.edf	sub-01	V	s	s	0	sub-01/ses-02/eeg/sub-01_ses-02_task-MotorImageryRest_run-06_eeg.vhdr	71178a6b948462de02c5a31bab5a4a48bc38a10f83624e2f8a191ff88d08ab4e	True	unresolved	unresolved
sub-1	02	06	sub-1/ses-02/run-06/tsv-row-18	18	right_hand	2	125.084	5.0	31271	32521	sub-1/ses-02/eeg/sub-1_ses-02_task-imagery_run-06_eeg.edf	sub-01	V	s	s	0	sub-01/ses-02/eeg/sub-01_ses-02_task-MotorImageryRest_run-06_eeg.vhdr	71178a6b948462de02c5a31bab5a4a48bc38a10f83624e2f8a191ff88d08ab4e	True	unresolved	unresolved
sub-1	02	06	sub-1/ses-02/run-06/tsv-row-19	19	rest	1	131.996	5.0	32999	34249	sub-1/ses-02/eeg/sub-1_ses-02_task-imagery_run-06_eeg.edf	sub-01	V	s	s	0	sub-01/ses-02/eeg/sub-01_ses-02_task-MotorImageryRest_run-06_eeg.vhdr	71178a6b948462de02c5a31bab5a4a48bc38a10f83624e2f8a191ff88d08ab4e	True	unresolved	unresolved
sub-1	02	06	sub-1/ses-02/run-06/tsv-row-20	20	right_hand	2	138.876	5.0	34719	35969	sub-1/ses-02/eeg/sub-1_ses-02_task-imagery_run-06_eeg.edf	sub-01	V	s	s	0	sub-01/ses-02/eeg/sub-01_ses-02_task-MotorImageryRest_run-06_eeg.vhdr	71178a6b948462de02c5a31bab5a4a48bc38a10f83624e2f8a191ff88d08ab4e	True	unresolved	unresolved
sub-1	02	06	sub-1/ses-02/run-06/tsv-row-21	21	right_hand	2	145.764	5.0	36441	37691	sub-1/ses-02/eeg/sub-1_ses-02_task-imagery_run-06_eeg.edf	sub-01	V	s	s	0	sub-01/ses-02/eeg/sub-01_ses-02_task-MotorImageryRest_run-06_eeg.vhdr	71178a6b948462de02c5a31bab5a4a48bc38a10f83624e2f8a191ff88d08ab4e	True	unresolved	unresolved
sub-1	02	06	sub-1/ses-02/run-06/tsv-row-22	22	rest	1	152.64	5.0	38160	39410	sub-1/ses-02/eeg/sub-1_ses-02_task-imagery_run-06_eeg.edf	sub-01	V	s	s	0	sub-01/ses-02/eeg/sub-01_ses-02_task-MotorImageryRest_run-06_eeg.vhdr	71178a6b948462de02c5a31bab5a4a48bc38a10f83624e2f8a191ff88d08ab4e	True	unresolved	unresolved
sub-1	02	06	sub-1/ses-02/run-06/tsv-row-23	23	rest	1	159.536	5.0	39884	41134	sub-1/ses-02/eeg/sub-1_ses-02_task-imagery_run-06_eeg.edf	sub-01	V	s	s	0	sub-01/ses-02/eeg/sub-01_ses-02_task-MotorImageryRest_run-06_eeg.vhdr	71178a6b948462de02c5a31bab5a4a48bc38a10f83624e2f8a191ff88d08ab4e	True	unresolved	unresolved
sub-1	02	06	sub-1/ses-02/run-06/tsv-row-24	24	right_hand	2	166.424	5.0	41606	42856	sub-1/ses-02/eeg/sub-1_ses-02_task-imagery_run-06_eeg.edf	sub-01	V	s	s	0	sub-01/ses-02/eeg/sub-01_ses-02_task-MotorImageryRest_run-06_eeg.vhdr	71178a6b948462de02c5a31bab5a4a48bc38a10f83624e2f8a191ff88d08ab4e	True	unresolved	unresolved
sub-1	02	06	sub-1/ses-02/run-06/tsv-row-25	25	rest	1	173.32	5.0	43330	44580	sub-1/ses-02/eeg/sub-1_ses-02_task-imagery_run-06_eeg.edf	sub-01	V	s	s	0	sub-01/ses-02/eeg/sub-01_ses-02_task-MotorImageryRest_run-06_eeg.vhdr	71178a6b948462de02c5a31bab5a4a48bc38a10f83624e2f8a191ff88d08ab4e	True	unresolved	unresolved
sub-1	02	06	sub-1/ses-02/run-06/tsv-row-26	26	right_hand	2	180.196	5.0	45049	46299	sub-1/ses-02/eeg/sub-1_ses-02_task-imagery_run-06_eeg.edf	sub-01	V	s	s	0	sub-01/ses-02/eeg/sub-01_ses-02_task-MotorImageryRest_run-06_eeg.vhdr	71178a6b948462de02c5a31bab5a4a48bc38a10f83624e2f8a191ff88d08ab4e	True	unresolved	unresolved
sub-1	02	06	sub-1/ses-02/run-06/tsv-row-27	27	right_hand	2	187.084	5.0	46771	48021	sub-1/ses-02/eeg/sub-1_ses-02_task-imagery_run-06_eeg.edf	sub-01	V	s	s	0	sub-01/ses-02/eeg/sub-01_ses-02_task-MotorImageryRest_run-06_eeg.vhdr	71178a6b948462de02c5a31bab5a4a48bc38a10f83624e2f8a191ff88d08ab4e	True	unresolved	unresolved
sub-1	02	06	sub-1/ses-02/run-06/tsv-row-28	28	rest	1	193.972	5.0	48493	49743	sub-1/ses-02/eeg/sub-1_ses-02_task-imagery_run-06_eeg.edf	sub-01	V	s	s	0	sub-01/ses-02/eeg/sub-01_ses-02_task-MotorImageryRest_run-06_eeg.vhdr	71178a6b948462de02c5a31bab5a4a48bc38a10f83624e2f8a191ff88d08ab4e	True	unresolved	unresolved
sub-1	02	06	sub-1/ses-02/run-06/tsv-row-29	29	rest	1	200.884	5.0	50221	51471	sub-1/ses-02/eeg/sub-1_ses-02_task-imagery_run-06_eeg.edf	sub-01	V	s	s	0	sub-01/ses-02/eeg/sub-01_ses-02_task-MotorImageryRest_run-06_eeg.vhdr	71178a6b948462de02c5a31bab5a4a48bc38a10f83624e2f8a191ff88d08ab4e	True	unresolved	unresolved
sub-1	02	06	sub-1/ses-02/run-06/tsv-row-30	30	right_hand	2	207.744	5.0	51936	53186	sub-1/ses-02/eeg/sub-1_ses-02_task-imagery_run-06_eeg.edf	sub-01	V	s	s	0	sub-01/ses-02/eeg/sub-01_ses-02_task-MotorImageryRest_run-06_eeg.vhdr	71178a6b948462de02c5a31bab5a4a48bc38a10f83624e2f8a191ff88d08ab4e	True	unresolved	unresolved
sub-1	03	01	sub-1/ses-03/run-01/tsv-row-1	1	right_hand	2	7.828	5.0	1957	3207	sub-1/ses-03/eeg/sub-1_ses-03_task-imagery_run-01_eeg.edf	sub-01	V	s	s	0	sub-01/ses-03/eeg/sub-01_ses-03_task-MotorImageryRest_run-01_eeg.vhdr	d1a9e4855ac8cf99db593eaa836b06a901cdb01668d10c9d335ff6cbddbab36b	True	unresolved	unresolved
sub-1	03	01	sub-1/ses-03/run-01/tsv-row-2	2	rest	1	14.716	5.0	3679	4929	sub-1/ses-03/eeg/sub-1_ses-03_task-imagery_run-01_eeg.edf	sub-01	V	s	s	0	sub-01/ses-03/eeg/sub-01_ses-03_task-MotorImageryRest_run-01_eeg.vhdr	d1a9e4855ac8cf99db593eaa836b06a901cdb01668d10c9d335ff6cbddbab36b	True	unresolved	unresolved
sub-1	03	01	sub-1/ses-03/run-01/tsv-row-3	3	rest	1	21.62	5.0	5405	6655	sub-1/ses-03/eeg/sub-1_ses-03_task-imagery_run-01_eeg.edf	sub-01	V	s	s	0	sub-01/ses-03/eeg/sub-01_ses-03_task-MotorImageryRest_run-01_eeg.vhdr	d1a9e4855ac8cf99db593eaa836b06a901cdb01668d10c9d335ff6cbddbab36b	True	unresolved	unresolved
sub-1	03	01	sub-1/ses-03/run-01/tsv-row-4	4	right_hand	2	28.488	5.0	7122	8372	sub-1/ses-03/eeg/sub-1_ses-03_task-imagery_run-01_eeg.edf	sub-01	V	s	s	0	sub-01/ses-03/eeg/sub-01_ses-03_task-MotorImageryRest_run-01_eeg.vhdr	d1a9e4855ac8cf99db593eaa836b06a901cdb01668d10c9d335ff6cbddbab36b	True	unresolved	unresolved
sub-1	03	01	sub-1/ses-03/run-01/tsv-row-5	5	rest	1	35.392	5.0	8848	10098	sub-1/ses-03/eeg/sub-1_ses-03_task-imagery_run-01_eeg.edf	sub-01	V	s	s	0	sub-01/ses-03/eeg/sub-01_ses-03_task-MotorImageryRest_run-01_eeg.vhdr	d1a9e4855ac8cf99db593eaa836b06a901cdb01668d10c9d335ff6cbddbab36b	True	unresolved	unresolved
sub-1	03	01	sub-1/ses-03/run-01/tsv-row-6	6	right_hand	2	42.264	5.0	10566	11816	sub-1/ses-03/eeg/sub-1_ses-03_task-imagery_run-01_eeg.edf	sub-01	V	s	s	0	sub-01/ses-03/eeg/sub-01_ses-03_task-MotorImageryRest_run-01_eeg.vhdr	d1a9e4855ac8cf99db593eaa836b06a901cdb01668d10c9d335ff6cbddbab36b	True	unresolved	unresolved
sub-1	03	01	sub-1/ses-03/run-01/tsv-row-7	7	rest	1	49.148	5.0	12287	13537	sub-1/ses-03/eeg/sub-1_ses-03_task-imagery_run-01_eeg.edf	sub-01	V	s	s	0	sub-01/ses-03/eeg/sub-01_ses-03_task-MotorImageryRest_run-01_eeg.vhdr	d1a9e4855ac8cf99db593eaa836b06a901cdb01668d10c9d335ff6cbddbab36b	True	unresolved	unresolved
sub-1	03	01	sub-1/ses-03/run-01/tsv-row-8	8	right_hand	2	56.052	5.0	14013	15263	sub-1/ses-03/eeg/sub-1_ses-03_task-imagery_run-01_eeg.edf	sub-01	V	s	s	0	sub-01/ses-03/eeg/sub-01_ses-03_task-MotorImageryRest_run-01_eeg.vhdr	d1a9e4855ac8cf99db593eaa836b06a901cdb01668d10c9d335ff6cbddbab36b	True	unresolved	unresolved
sub-1	03	01	sub-1/ses-03/run-01/tsv-row-9	9	rest	1	62.94	5.0	15735	16985	sub-1/ses-03/eeg/sub-1_ses-03_task-imagery_run-01_eeg.edf	sub-01	V	s	s	0	sub-01/ses-03/eeg/sub-01_ses-03_task-MotorImageryRest_run-01_eeg.vhdr	d1a9e4855ac8cf99db593eaa836b06a901cdb01668d10c9d335ff6cbddbab36b	True	unresolved	unresolved
sub-1	03	01	sub-1/ses-03/run-01/tsv-row-10	10	right_hand	2	69.812	5.0	17453	18703	sub-1/ses-03/eeg/sub-1_ses-03_task-imagery_run-01_eeg.edf	sub-01	V	s	s	0	sub-01/ses-03/eeg/sub-01_ses-03_task-MotorImageryRest_run-01_eeg.vhdr	d1a9e4855ac8cf99db593eaa836b06a901cdb01668d10c9d335ff6cbddbab36b	True	unresolved	unresolved
sub-1	03	01	sub-1/ses-03/run-01/tsv-row-11	11	rest	1	76.712	5.0	19178	20428	sub-1/ses-03/eeg/sub-1_ses-03_task-imagery_run-01_eeg.edf	sub-01	V	s	s	0	sub-01/ses-03/eeg/sub-01_ses-03_task-MotorImageryRest_run-01_eeg.vhdr	d1a9e4855ac8cf99db593eaa836b06a901cdb01668d10c9d335ff6cbddbab36b	True	unresolved	unresolved
sub-1	03	01	sub-1/ses-03/run-01/tsv-row-12	12	right_hand	2	83.6	5.0	20900	22150	sub-1/ses-03/eeg/sub-1_ses-03_task-imagery_run-01_eeg.edf	sub-01	V	s	s	0	sub-01/ses-03/eeg/sub-01_ses-03_task-MotorImageryRest_run-01_eeg.vhdr	d1a9e4855ac8cf99db593eaa836b06a901cdb01668d10c9d335ff6cbddbab36b	True	unresolved	unresolved
sub-1	03	01	sub-1/ses-03/run-01/tsv-row-13	13	right_hand	2	90.488	5.0	22622	23872	sub-1/ses-03/eeg/sub-1_ses-03_task-imagery_run-01_eeg.edf	sub-01	V	s	s	0	sub-01/ses-03/eeg/sub-01_ses-03_task-MotorImageryRest_run-01_eeg.vhdr	d1a9e4855ac8cf99db593eaa836b06a901cdb01668d10c9d335ff6cbddbab36b	True	unresolved	unresolved
sub-1	03	01	sub-1/ses-03/run-01/tsv-row-14	14	rest	1	97.356	5.0	24339	25589	sub-1/ses-03/eeg/sub-1_ses-03_task-imagery_run-01_eeg.edf	sub-01	V	s	s	0	sub-01/ses-03/eeg/sub-01_ses-03_task-MotorImageryRest_run-01_eeg.vhdr	d1a9e4855ac8cf99db593eaa836b06a901cdb01668d10c9d335ff6cbddbab36b	True	unresolved	unresolved
sub-1	03	01	sub-1/ses-03/run-01/tsv-row-15	15	rest	1	104.26	5.0	26065	27315	sub-1/ses-03/eeg/sub-1_ses-03_task-imagery_run-01_eeg.edf	sub-01	V	s	s	0	sub-01/ses-03/eeg/sub-01_ses-03_task-MotorImageryRest_run-01_eeg.vhdr	d1a9e4855ac8cf99db593eaa836b06a901cdb01668d10c9d335ff6cbddbab36b	True	unresolved	unresolved
sub-1	03	01	sub-1/ses-03/run-01/tsv-row-16	16	right_hand	2	111.148	5.0	27787	29037	sub-1/ses-03/eeg/sub-1_ses-03_task-imagery_run-01_eeg.edf	sub-01	V	s	s	0	sub-01/ses-03/eeg/sub-01_ses-03_task-MotorImageryRest_run-01_eeg.vhdr	d1a9e4855ac8cf99db593eaa836b06a901cdb01668d10c9d335ff6cbddbab36b	True	unresolved	unresolved
sub-1	03	01	sub-1/ses-03/run-01/tsv-row-17	17	rest	1	118.036	5.0	29509	30759	sub-1/ses-03/eeg/sub-1_ses-03_task-imagery_run-01_eeg.edf	sub-01	V	s	s	0	sub-01/ses-03/eeg/sub-01_ses-03_task-MotorImageryRest_run-01_eeg.vhdr	d1a9e4855ac8cf99db593eaa836b06a901cdb01668d10c9d335ff6cbddbab36b	True	unresolved	unresolved
sub-1	03	01	sub-1/ses-03/run-01/tsv-row-18	18	right_hand	2	124.92	5.0	31230	32480	sub-1/ses-03/eeg/sub-1_ses-03_task-imagery_run-01_eeg.edf	sub-01	V	s	s	0	sub-01/ses-03/eeg/sub-01_ses-03_task-MotorImageryRest_run-01_eeg.vhdr	d1a9e4855ac8cf99db593eaa836b06a901cdb01668d10c9d335ff6cbddbab36b	True	unresolved	unresolved
sub-1	03	01	sub-1/ses-03/run-01/tsv-row-19	19	rest	1	131.808	5.0	32952	34202	sub-1/ses-03/eeg/sub-1_ses-03_task-imagery_run-01_eeg.edf	sub-01	V	s	s	0	sub-01/ses-03/eeg/sub-01_ses-03_task-MotorImageryRest_run-01_eeg.vhdr	d1a9e4855ac8cf99db593eaa836b06a901cdb01668d10c9d335ff6cbddbab36b	True	unresolved	unresolved
sub-1	03	01	sub-1/ses-03/run-01/tsv-row-20	20	right_hand	2	138.712	5.0	34678	35928	sub-1/ses-03/eeg/sub-1_ses-03_task-imagery_run-01_eeg.edf	sub-01	V	s	s	0	sub-01/ses-03/eeg/sub-01_ses-03_task-MotorImageryRest_run-01_eeg.vhdr	d1a9e4855ac8cf99db593eaa836b06a901cdb01668d10c9d335ff6cbddbab36b	True	unresolved	unresolved
sub-1	03	01	sub-1/ses-03/run-01/tsv-row-21	21	right_hand	2	145.6	5.0	36400	37650	sub-1/ses-03/eeg/sub-1_ses-03_task-imagery_run-01_eeg.edf	sub-01	V	s	s	0	sub-01/ses-03/eeg/sub-01_ses-03_task-MotorImageryRest_run-01_eeg.vhdr	d1a9e4855ac8cf99db593eaa836b06a901cdb01668d10c9d335ff6cbddbab36b	True	unresolved	unresolved
sub-1	03	01	sub-1/ses-03/run-01/tsv-row-22	22	rest	1	152.468	5.0	38117	39367	sub-1/ses-03/eeg/sub-1_ses-03_task-imagery_run-01_eeg.edf	sub-01	V	s	s	0	sub-01/ses-03/eeg/sub-01_ses-03_task-MotorImageryRest_run-01_eeg.vhdr	d1a9e4855ac8cf99db593eaa836b06a901cdb01668d10c9d335ff6cbddbab36b	True	unresolved	unresolved
sub-1	03	01	sub-1/ses-03/run-01/tsv-row-23	23	rest	1	159.372	5.0	39843	41093	sub-1/ses-03/eeg/sub-1_ses-03_task-imagery_run-01_eeg.edf	sub-01	V	s	s	0	sub-01/ses-03/eeg/sub-01_ses-03_task-MotorImageryRest_run-01_eeg.vhdr	d1a9e4855ac8cf99db593eaa836b06a901cdb01668d10c9d335ff6cbddbab36b	True	unresolved	unresolved
sub-1	03	01	sub-1/ses-03/run-01/tsv-row-24	24	right_hand	2	166.26	5.0	41565	42815	sub-1/ses-03/eeg/sub-1_ses-03_task-imagery_run-01_eeg.edf	sub-01	V	s	s	0	sub-01/ses-03/eeg/sub-01_ses-03_task-MotorImageryRest_run-01_eeg.vhdr	d1a9e4855ac8cf99db593eaa836b06a901cdb01668d10c9d335ff6cbddbab36b	True	unresolved	unresolved
sub-1	03	01	sub-1/ses-03/run-01/tsv-row-25	25	right_hand	2	173.164	5.0	43291	44541	sub-1/ses-03/eeg/sub-1_ses-03_task-imagery_run-01_eeg.edf	sub-01	V	s	s	0	sub-01/ses-03/eeg/sub-01_ses-03_task-MotorImageryRest_run-01_eeg.vhdr	d1a9e4855ac8cf99db593eaa836b06a901cdb01668d10c9d335ff6cbddbab36b	True	unresolved	unresolved
sub-1	03	01	sub-1/ses-03/run-01/tsv-row-26	26	rest	1	180.016	5.0	45004	46254	sub-1/ses-03/eeg/sub-1_ses-03_task-imagery_run-01_eeg.edf	sub-01	V	s	s	0	sub-01/ses-03/eeg/sub-01_ses-03_task-MotorImageryRest_run-01_eeg.vhdr	d1a9e4855ac8cf99db593eaa836b06a901cdb01668d10c9d335ff6cbddbab36b	True	unresolved	unresolved
sub-1	03	01	sub-1/ses-03/run-01/tsv-row-27	27	rest	1	186.92	5.0	46730	47980	sub-1/ses-03/eeg/sub-1_ses-03_task-imagery_run-01_eeg.edf	sub-01	V	s	s	0	sub-01/ses-03/eeg/sub-01_ses-03_task-MotorImageryRest_run-01_eeg.vhdr	d1a9e4855ac8cf99db593eaa836b06a901cdb01668d10c9d335ff6cbddbab36b	True	unresolved	unresolved
sub-1	03	01	sub-1/ses-03/run-01/tsv-row-28	28	right_hand	2	193.808	5.0	48452	49702	sub-1/ses-03/eeg/sub-1_ses-03_task-imagery_run-01_eeg.edf	sub-01	V	s	s	0	sub-01/ses-03/eeg/sub-01_ses-03_task-MotorImageryRest_run-01_eeg.vhdr	d1a9e4855ac8cf99db593eaa836b06a901cdb01668d10c9d335ff6cbddbab36b	True	unresolved	unresolved
sub-1	03	01	sub-1/ses-03/run-01/tsv-row-29	29	rest	1	200.692	5.0	50173	51423	sub-1/ses-03/eeg/sub-1_ses-03_task-imagery_run-01_eeg.edf	sub-01	V	s	s	0	sub-01/ses-03/eeg/sub-01_ses-03_task-MotorImageryRest_run-01_eeg.vhdr	d1a9e4855ac8cf99db593eaa836b06a901cdb01668d10c9d335ff6cbddbab36b	True	unresolved	unresolved
sub-1	03	01	sub-1/ses-03/run-01/tsv-row-30	30	right_hand	2	207.58	5.0	51895	53145	sub-1/ses-03/eeg/sub-1_ses-03_task-imagery_run-01_eeg.edf	sub-01	V	s	s	0	sub-01/ses-03/eeg/sub-01_ses-03_task-MotorImageryRest_run-01_eeg.vhdr	d1a9e4855ac8cf99db593eaa836b06a901cdb01668d10c9d335ff6cbddbab36b	True	unresolved	unresolved
sub-1	03	02	sub-1/ses-03/run-02/tsv-row-1	1	right_hand	2	7.212	5.0	1803	3053	sub-1/ses-03/eeg/sub-1_ses-03_task-imagery_run-02_eeg.edf	sub-01	V	s	s	0	sub-01/ses-03/eeg/sub-01_ses-03_task-MotorImageryRest_run-02_eeg.vhdr	5e60c186d0768b6ccff60a6837ebeea45ff85da13ab89fa844312d25610af2e9	True	unresolved	unresolved
sub-1	03	02	sub-1/ses-03/run-02/tsv-row-2	2	rest	1	14.1	5.0	3525	4775	sub-1/ses-03/eeg/sub-1_ses-03_task-imagery_run-02_eeg.edf	sub-01	V	s	s	0	sub-01/ses-03/eeg/sub-01_ses-03_task-MotorImageryRest_run-02_eeg.vhdr	5e60c186d0768b6ccff60a6837ebeea45ff85da13ab89fa844312d25610af2e9	True	unresolved	unresolved
sub-1	03	02	sub-1/ses-03/run-02/tsv-row-3	3	rest	1	21.004	5.0	5251	6501	sub-1/ses-03/eeg/sub-1_ses-03_task-imagery_run-02_eeg.edf	sub-01	V	s	s	0	sub-01/ses-03/eeg/sub-01_ses-03_task-MotorImageryRest_run-02_eeg.vhdr	5e60c186d0768b6ccff60a6837ebeea45ff85da13ab89fa844312d25610af2e9	True	unresolved	unresolved
sub-1	03	02	sub-1/ses-03/run-02/tsv-row-4	4	right_hand	2	27.872	5.0	6968	8218	sub-1/ses-03/eeg/sub-1_ses-03_task-imagery_run-02_eeg.edf	sub-01	V	s	s	0	sub-01/ses-03/eeg/sub-01_ses-03_task-MotorImageryRest_run-02_eeg.vhdr	5e60c186d0768b6ccff60a6837ebeea45ff85da13ab89fa844312d25610af2e9	True	unresolved	unresolved
sub-1	03	02	sub-1/ses-03/run-02/tsv-row-5	5	rest	1	34.76	5.0	8690	9940	sub-1/ses-03/eeg/sub-1_ses-03_task-imagery_run-02_eeg.edf	sub-01	V	s	s	0	sub-01/ses-03/eeg/sub-01_ses-03_task-MotorImageryRest_run-02_eeg.vhdr	5e60c186d0768b6ccff60a6837ebeea45ff85da13ab89fa844312d25610af2e9	True	unresolved	unresolved
sub-1	03	02	sub-1/ses-03/run-02/tsv-row-6	6	right_hand	2	41.648	5.0	10412	11662	sub-1/ses-03/eeg/sub-1_ses-03_task-imagery_run-02_eeg.edf	sub-01	V	s	s	0	sub-01/ses-03/eeg/sub-01_ses-03_task-MotorImageryRest_run-02_eeg.vhdr	5e60c186d0768b6ccff60a6837ebeea45ff85da13ab89fa844312d25610af2e9	True	unresolved	unresolved
sub-1	03	02	sub-1/ses-03/run-02/tsv-row-7	7	right_hand	2	48.552	5.0	12138	13388	sub-1/ses-03/eeg/sub-1_ses-03_task-imagery_run-02_eeg.edf	sub-01	V	s	s	0	sub-01/ses-03/eeg/sub-01_ses-03_task-MotorImageryRest_run-02_eeg.vhdr	5e60c186d0768b6ccff60a6837ebeea45ff85da13ab89fa844312d25610af2e9	True	unresolved	unresolved
sub-1	03	02	sub-1/ses-03/run-02/tsv-row-8	8	rest	1	55.42	5.0	13855	15105	sub-1/ses-03/eeg/sub-1_ses-03_task-imagery_run-02_eeg.edf	sub-01	V	s	s	0	sub-01/ses-03/eeg/sub-01_ses-03_task-MotorImageryRest_run-02_eeg.vhdr	5e60c186d0768b6ccff60a6837ebeea45ff85da13ab89fa844312d25610af2e9	True	unresolved	unresolved
sub-1	03	02	sub-1/ses-03/run-02/tsv-row-9	9	right_hand	2	62.308	5.0	15577	16827	sub-1/ses-03/eeg/sub-1_ses-03_task-imagery_run-02_eeg.edf	sub-01	V	s	s	0	sub-01/ses-03/eeg/sub-01_ses-03_task-MotorImageryRest_run-02_eeg.vhdr	5e60c186d0768b6ccff60a6837ebeea45ff85da13ab89fa844312d25610af2e9	True	unresolved	unresolved
sub-1	03	02	sub-1/ses-03/run-02/tsv-row-10	10	rest	1	69.212	5.0	17303	18553	sub-1/ses-03/eeg/sub-1_ses-03_task-imagery_run-02_eeg.edf	sub-01	V	s	s	0	sub-01/ses-03/eeg/sub-01_ses-03_task-MotorImageryRest_run-02_eeg.vhdr	5e60c186d0768b6ccff60a6837ebeea45ff85da13ab89fa844312d25610af2e9	True	unresolved	unresolved
sub-1	03	02	sub-1/ses-03/run-02/tsv-row-11	11	right_hand	2	76.096	5.0	19024	20274	sub-1/ses-03/eeg/sub-1_ses-03_task-imagery_run-02_eeg.edf	sub-01	V	s	s	0	sub-01/ses-03/eeg/sub-01_ses-03_task-MotorImageryRest_run-02_eeg.vhdr	5e60c186d0768b6ccff60a6837ebeea45ff85da13ab89fa844312d25610af2e9	True	unresolved	unresolved
sub-1	03	02	sub-1/ses-03/run-02/tsv-row-12	12	rest	1	82.984	5.0	20746	21996	sub-1/ses-03/eeg/sub-1_ses-03_task-imagery_run-02_eeg.edf	sub-01	V	s	s	0	sub-01/ses-03/eeg/sub-01_ses-03_task-MotorImageryRest_run-02_eeg.vhdr	5e60c186d0768b6ccff60a6837ebeea45ff85da13ab89fa844312d25610af2e9	True	unresolved	unresolved
sub-1	03	02	sub-1/ses-03/run-02/tsv-row-13	13	rest	1	89.872	5.0	22468	23718	sub-1/ses-03/eeg/sub-1_ses-03_task-imagery_run-02_eeg.edf	sub-01	V	s	s	0	sub-01/ses-03/eeg/sub-01_ses-03_task-MotorImageryRest_run-02_eeg.vhdr	5e60c186d0768b6ccff60a6837ebeea45ff85da13ab89fa844312d25610af2e9	True	unresolved	unresolved
sub-1	03	02	sub-1/ses-03/run-02/tsv-row-14	14	right_hand	2	96.756	5.0	24189	25439	sub-1/ses-03/eeg/sub-1_ses-03_task-imagery_run-02_eeg.edf	sub-01	V	s	s	0	sub-01/ses-03/eeg/sub-01_ses-03_task-MotorImageryRest_run-02_eeg.vhdr	5e60c186d0768b6ccff60a6837ebeea45ff85da13ab89fa844312d25610af2e9	True	unresolved	unresolved
sub-1	03	02	sub-1/ses-03/run-02/tsv-row-15	15	right_hand	2	103.644	5.0	25911	27161	sub-1/ses-03/eeg/sub-1_ses-03_task-imagery_run-02_eeg.edf	sub-01	V	s	s	0	sub-01/ses-03/eeg/sub-01_ses-03_task-MotorImageryRest_run-02_eeg.vhdr	5e60c186d0768b6ccff60a6837ebeea45ff85da13ab89fa844312d25610af2e9	True	unresolved	unresolved
sub-1	03	02	sub-1/ses-03/run-02/tsv-row-16	16	rest	1	110.532	5.0	27633	28883	sub-1/ses-03/eeg/sub-1_ses-03_task-imagery_run-02_eeg.edf	sub-01	V	s	s	0	sub-01/ses-03/eeg/sub-01_ses-03_task-MotorImageryRest_run-02_eeg.vhdr	5e60c186d0768b6ccff60a6837ebeea45ff85da13ab89fa844312d25610af2e9	True	unresolved	unresolved
sub-1	03	02	sub-1/ses-03/run-02/tsv-row-17	17	rest	1	117.436	5.0	29359	30609	sub-1/ses-03/eeg/sub-1_ses-03_task-imagery_run-02_eeg.edf	sub-01	V	s	s	0	sub-01/ses-03/eeg/sub-01_ses-03_task-MotorImageryRest_run-02_eeg.vhdr	5e60c186d0768b6ccff60a6837ebeea45ff85da13ab89fa844312d25610af2e9	True	unresolved	unresolved
sub-1	03	02	sub-1/ses-03/run-02/tsv-row-18	18	right_hand	2	124.304	5.0	31076	32326	sub-1/ses-03/eeg/sub-1_ses-03_task-imagery_run-02_eeg.edf	sub-01	V	s	s	0	sub-01/ses-03/eeg/sub-01_ses-03_task-MotorImageryRest_run-02_eeg.vhdr	5e60c186d0768b6ccff60a6837ebeea45ff85da13ab89fa844312d25610af2e9	True	unresolved	unresolved
sub-1	03	02	sub-1/ses-03/run-02/tsv-row-19	19	right_hand	2	131.208	5.0	32802	34052	sub-1/ses-03/eeg/sub-1_ses-03_task-imagery_run-02_eeg.edf	sub-01	V	s	s	0	sub-01/ses-03/eeg/sub-01_ses-03_task-MotorImageryRest_run-02_eeg.vhdr	5e60c186d0768b6ccff60a6837ebeea45ff85da13ab89fa844312d25610af2e9	True	unresolved	unresolved
sub-1	03	02	sub-1/ses-03/run-02/tsv-row-20	20	rest	1	138.08	5.0	34520	35770	sub-1/ses-03/eeg/sub-1_ses-03_task-imagery_run-02_eeg.edf	sub-01	V	s	s	0	sub-01/ses-03/eeg/sub-01_ses-03_task-MotorImageryRest_run-02_eeg.vhdr	5e60c186d0768b6ccff60a6837ebeea45ff85da13ab89fa844312d25610af2e9	True	unresolved	unresolved
sub-1	03	02	sub-1/ses-03/run-02/tsv-row-21	21	rest	1	144.984	5.0	36246	37496	sub-1/ses-03/eeg/sub-1_ses-03_task-imagery_run-02_eeg.edf	sub-01	V	s	s	0	sub-01/ses-03/eeg/sub-01_ses-03_task-MotorImageryRest_run-02_eeg.vhdr	5e60c186d0768b6ccff60a6837ebeea45ff85da13ab89fa844312d25610af2e9	True	unresolved	unresolved
sub-1	03	02	sub-1/ses-03/run-02/tsv-row-22	22	right_hand	2	151.868	5.0	37967	39217	sub-1/ses-03/eeg/sub-1_ses-03_task-imagery_run-02_eeg.edf	sub-01	V	s	s	0	sub-01/ses-03/eeg/sub-01_ses-03_task-MotorImageryRest_run-02_eeg.vhdr	5e60c186d0768b6ccff60a6837ebeea45ff85da13ab89fa844312d25610af2e9	True	unresolved	unresolved
sub-1	03	02	sub-1/ses-03/run-02/tsv-row-23	23	right_hand	2	158.756	5.0	39689	40939	sub-1/ses-03/eeg/sub-1_ses-03_task-imagery_run-02_eeg.edf	sub-01	V	s	s	0	sub-01/ses-03/eeg/sub-01_ses-03_task-MotorImageryRest_run-02_eeg.vhdr	5e60c186d0768b6ccff60a6837ebeea45ff85da13ab89fa844312d25610af2e9	True	unresolved	unresolved
sub-1	03	02	sub-1/ses-03/run-02/tsv-row-24	24	rest	1	165.628	5.0	41407	42657	sub-1/ses-03/eeg/sub-1_ses-03_task-imagery_run-02_eeg.edf	sub-01	V	s	s	0	sub-01/ses-03/eeg/sub-01_ses-03_task-MotorImageryRest_run-02_eeg.vhdr	5e60c186d0768b6ccff60a6837ebeea45ff85da13ab89fa844312d25610af2e9	True	unresolved	unresolved
sub-1	03	02	sub-1/ses-03/run-02/tsv-row-25	25	rest	1	172.528	5.0	43132	44382	sub-1/ses-03/eeg/sub-1_ses-03_task-imagery_run-02_eeg.edf	sub-01	V	s	s	0	sub-01/ses-03/eeg/sub-01_ses-03_task-MotorImageryRest_run-02_eeg.vhdr	5e60c186d0768b6ccff60a6837ebeea45ff85da13ab89fa844312d25610af2e9	True	unresolved	unresolved
sub-1	03	02	sub-1/ses-03/run-02/tsv-row-26	26	right_hand	2	179.416	5.0	44854	46104	sub-1/ses-03/eeg/sub-1_ses-03_task-imagery_run-02_eeg.edf	sub-01	V	s	s	0	sub-01/ses-03/eeg/sub-01_ses-03_task-MotorImageryRest_run-02_eeg.vhdr	5e60c186d0768b6ccff60a6837ebeea45ff85da13ab89fa844312d25610af2e9	True	unresolved	unresolved
sub-1	03	02	sub-1/ses-03/run-02/tsv-row-27	27	rest	1	186.304	5.0	46576	47826	sub-1/ses-03/eeg/sub-1_ses-03_task-imagery_run-02_eeg.edf	sub-01	V	s	s	0	sub-01/ses-03/eeg/sub-01_ses-03_task-MotorImageryRest_run-02_eeg.vhdr	5e60c186d0768b6ccff60a6837ebeea45ff85da13ab89fa844312d25610af2e9	True	unresolved	unresolved
sub-1	03	02	sub-1/ses-03/run-02/tsv-row-28	28	right_hand	2	193.192	5.0	48298	49548	sub-1/ses-03/eeg/sub-1_ses-03_task-imagery_run-02_eeg.edf	sub-01	V	s	s	0	sub-01/ses-03/eeg/sub-01_ses-03_task-MotorImageryRest_run-02_eeg.vhdr	5e60c186d0768b6ccff60a6837ebeea45ff85da13ab89fa844312d25610af2e9	True	unresolved	unresolved
sub-1	03	02	sub-1/ses-03/run-02/tsv-row-29	29	right_hand	2	200.076	5.0	50019	51269	sub-1/ses-03/eeg/sub-1_ses-03_task-imagery_run-02_eeg.edf	sub-01	V	s	s	0	sub-01/ses-03/eeg/sub-01_ses-03_task-MotorImageryRest_run-02_eeg.vhdr	5e60c186d0768b6ccff60a6837ebeea45ff85da13ab89fa844312d25610af2e9	True	unresolved	unresolved
sub-1	03	02	sub-1/ses-03/run-02/tsv-row-30	30	rest	1	206.964	5.0	51741	52991	sub-1/ses-03/eeg/sub-1_ses-03_task-imagery_run-02_eeg.edf	sub-01	V	s	s	0	sub-01/ses-03/eeg/sub-01_ses-03_task-MotorImageryRest_run-02_eeg.vhdr	5e60c186d0768b6ccff60a6837ebeea45ff85da13ab89fa844312d25610af2e9	True	unresolved	unresolved
sub-1	03	03	sub-1/ses-03/run-03/tsv-row-1	1	right_hand	2	6.42	5.0	1605	2855	sub-1/ses-03/eeg/sub-1_ses-03_task-imagery_run-03_eeg.edf	sub-01	V	s	s	0	sub-01/ses-03/eeg/sub-01_ses-03_task-MotorImageryRest_run-03_eeg.vhdr	d6fe30a9b5cb2eafb23584c3e32b3750dcdb545729fde27aae99fd6be0be108f	True	unresolved	unresolved
sub-1	03	03	sub-1/ses-03/run-03/tsv-row-2	2	rest	1	13.308	5.0	3327	4577	sub-1/ses-03/eeg/sub-1_ses-03_task-imagery_run-03_eeg.edf	sub-01	V	s	s	0	sub-01/ses-03/eeg/sub-01_ses-03_task-MotorImageryRest_run-03_eeg.vhdr	d6fe30a9b5cb2eafb23584c3e32b3750dcdb545729fde27aae99fd6be0be108f	True	unresolved	unresolved
sub-1	03	03	sub-1/ses-03/run-03/tsv-row-3	3	rest	1	20.212	5.0	5053	6303	sub-1/ses-03/eeg/sub-1_ses-03_task-imagery_run-03_eeg.edf	sub-01	V	s	s	0	sub-01/ses-03/eeg/sub-01_ses-03_task-MotorImageryRest_run-03_eeg.vhdr	d6fe30a9b5cb2eafb23584c3e32b3750dcdb545729fde27aae99fd6be0be108f	True	unresolved	unresolved
sub-1	03	03	sub-1/ses-03/run-03/tsv-row-4	4	right_hand	2	27.1	5.0	6775	8025	sub-1/ses-03/eeg/sub-1_ses-03_task-imagery_run-03_eeg.edf	sub-01	V	s	s	0	sub-01/ses-03/eeg/sub-01_ses-03_task-MotorImageryRest_run-03_eeg.vhdr	d6fe30a9b5cb2eafb23584c3e32b3750dcdb545729fde27aae99fd6be0be108f	True	unresolved	unresolved
sub-1	03	03	sub-1/ses-03/run-03/tsv-row-5	5	right_hand	2	33.984	5.0	8496	9746	sub-1/ses-03/eeg/sub-1_ses-03_task-imagery_run-03_eeg.edf	sub-01	V	s	s	0	sub-01/ses-03/eeg/sub-01_ses-03_task-MotorImageryRest_run-03_eeg.vhdr	d6fe30a9b5cb2eafb23584c3e32b3750dcdb545729fde27aae99fd6be0be108f	True	unresolved	unresolved
sub-1	03	03	sub-1/ses-03/run-03/tsv-row-6	6	rest	1	40.872	5.0	10218	11468	sub-1/ses-03/eeg/sub-1_ses-03_task-imagery_run-03_eeg.edf	sub-01	V	s	s	0	sub-01/ses-03/eeg/sub-01_ses-03_task-MotorImageryRest_run-03_eeg.vhdr	d6fe30a9b5cb2eafb23584c3e32b3750dcdb545729fde27aae99fd6be0be108f	True	unresolved	unresolved
sub-1	03	03	sub-1/ses-03/run-03/tsv-row-7	7	right_hand	2	47.76	5.0	11940	13190	sub-1/ses-03/eeg/sub-1_ses-03_task-imagery_run-03_eeg.edf	sub-01	V	s	s	0	sub-01/ses-03/eeg/sub-01_ses-03_task-MotorImageryRest_run-03_eeg.vhdr	d6fe30a9b5cb2eafb23584c3e32b3750dcdb545729fde27aae99fd6be0be108f	True	unresolved	unresolved
sub-1	03	03	sub-1/ses-03/run-03/tsv-row-8	8	rest	1	54.644	5.0	13661	14911	sub-1/ses-03/eeg/sub-1_ses-03_task-imagery_run-03_eeg.edf	sub-01	V	s	s	0	sub-01/ses-03/eeg/sub-01_ses-03_task-MotorImageryRest_run-03_eeg.vhdr	d6fe30a9b5cb2eafb23584c3e32b3750dcdb545729fde27aae99fd6be0be108f	True	unresolved	unresolved
sub-1	03	03	sub-1/ses-03/run-03/tsv-row-9	9	right_hand	2	61.516	5.0	15379	16629	sub-1/ses-03/eeg/sub-1_ses-03_task-imagery_run-03_eeg.edf	sub-01	V	s	s	0	sub-01/ses-03/eeg/sub-01_ses-03_task-MotorImageryRest_run-03_eeg.vhdr	d6fe30a9b5cb2eafb23584c3e32b3750dcdb545729fde27aae99fd6be0be108f	True	unresolved	unresolved
sub-1	03	03	sub-1/ses-03/run-03/tsv-row-10	10	rest	1	68.42	5.0	17105	18355	sub-1/ses-03/eeg/sub-1_ses-03_task-imagery_run-03_eeg.edf	sub-01	V	s	s	0	sub-01/ses-03/eeg/sub-01_ses-03_task-MotorImageryRest_run-03_eeg.vhdr	d6fe30a9b5cb2eafb23584c3e32b3750dcdb545729fde27aae99fd6be0be108f	True	unresolved	unresolved
sub-1	03	03	sub-1/ses-03/run-03/tsv-row-11	11	right_hand	2	75.308	5.0	18827	20077	sub-1/ses-03/eeg/sub-1_ses-03_task-imagery_run-03_eeg.edf	sub-01	V	s	s	0	sub-01/ses-03/eeg/sub-01_ses-03_task-MotorImageryRest_run-03_eeg.vhdr	d6fe30a9b5cb2eafb23584c3e32b3750dcdb545729fde27aae99fd6be0be108f	True	unresolved	unresolved
sub-1	03	03	sub-1/ses-03/run-03/tsv-row-12	12	rest	1	82.192	5.0	20548	21798	sub-1/ses-03/eeg/sub-1_ses-03_task-imagery_run-03_eeg.edf	sub-01	V	s	s	0	sub-01/ses-03/eeg/sub-01_ses-03_task-MotorImageryRest_run-03_eeg.vhdr	d6fe30a9b5cb2eafb23584c3e32b3750dcdb545729fde27aae99fd6be0be108f	True	unresolved	unresolved
sub-1	03	03	sub-1/ses-03/run-03/tsv-row-13	13	right_hand	2	89.08	5.0	22270	23520	sub-1/ses-03/eeg/sub-1_ses-03_task-imagery_run-03_eeg.edf	sub-01	V	s	s	0	sub-01/ses-03/eeg/sub-01_ses-03_task-MotorImageryRest_run-03_eeg.vhdr	d6fe30a9b5cb2eafb23584c3e32b3750dcdb545729fde27aae99fd6be0be108f	True	unresolved	unresolved
sub-1	03	03	sub-1/ses-03/run-03/tsv-row-14	14	rest	1	95.968	5.0	23992	25242	sub-1/ses-03/eeg/sub-1_ses-03_task-imagery_run-03_eeg.edf	sub-01	V	s	s	0	sub-01/ses-03/eeg/sub-01_ses-03_task-MotorImageryRest_run-03_eeg.vhdr	d6fe30a9b5cb2eafb23584c3e32b3750dcdb545729fde27aae99fd6be0be108f	True	unresolved	unresolved
sub-1	03	03	sub-1/ses-03/run-03/tsv-row-15	15	rest	1	102.872	5.0	25718	26968	sub-1/ses-03/eeg/sub-1_ses-03_task-imagery_run-03_eeg.edf	sub-01	V	s	s	0	sub-01/ses-03/eeg/sub-01_ses-03_task-MotorImageryRest_run-03_eeg.vhdr	d6fe30a9b5cb2eafb23584c3e32b3750dcdb545729fde27aae99fd6be0be108f	True	unresolved	unresolved
sub-1	03	03	sub-1/ses-03/run-03/tsv-row-16	16	right_hand	2	109.756	5.0	27439	28689	sub-1/ses-03/eeg/sub-1_ses-03_task-imagery_run-03_eeg.edf	sub-01	V	s	s	0	sub-01/ses-03/eeg/sub-01_ses-03_task-MotorImageryRest_run-03_eeg.vhdr	d6fe30a9b5cb2eafb23584c3e32b3750dcdb545729fde27aae99fd6be0be108f	True	unresolved	unresolved
sub-1	03	03	sub-1/ses-03/run-03/tsv-row-17	17	rest	1	116.628	5.0	29157	30407	sub-1/ses-03/eeg/sub-1_ses-03_task-imagery_run-03_eeg.edf	sub-01	V	s	s	0	sub-01/ses-03/eeg/sub-01_ses-03_task-MotorImageryRest_run-03_eeg.vhdr	d6fe30a9b5cb2eafb23584c3e32b3750dcdb545729fde27aae99fd6be0be108f	True	unresolved	unresolved
sub-1	03	03	sub-1/ses-03/run-03/tsv-row-18	18	right_hand	2	123.512	5.0	30878	32128	sub-1/ses-03/eeg/sub-1_ses-03_task-imagery_run-03_eeg.edf	sub-01	V	s	s	0	sub-01/ses-03/eeg/sub-01_ses-03_task-MotorImageryRest_run-03_eeg.vhdr	d6fe30a9b5cb2eafb23584c3e32b3750dcdb545729fde27aae99fd6be0be108f	True	unresolved	unresolved
sub-1	03	03	sub-1/ses-03/run-03/tsv-row-19	19	rest	1	130.416	5.0	32604	33854	sub-1/ses-03/eeg/sub-1_ses-03_task-imagery_run-03_eeg.edf	sub-01	V	s	s	0	sub-01/ses-03/eeg/sub-01_ses-03_task-MotorImageryRest_run-03_eeg.vhdr	d6fe30a9b5cb2eafb23584c3e32b3750dcdb545729fde27aae99fd6be0be108f	True	unresolved	unresolved
sub-1	03	03	sub-1/ses-03/run-03/tsv-row-20	20	right_hand	2	137.304	5.0	34326	35576	sub-1/ses-03/eeg/sub-1_ses-03_task-imagery_run-03_eeg.edf	sub-01	V	s	s	0	sub-01/ses-03/eeg/sub-01_ses-03_task-MotorImageryRest_run-03_eeg.vhdr	d6fe30a9b5cb2eafb23584c3e32b3750dcdb545729fde27aae99fd6be0be108f	True	unresolved	unresolved
sub-1	03	03	sub-1/ses-03/run-03/tsv-row-21	21	rest	1	144.192	5.0	36048	37298	sub-1/ses-03/eeg/sub-1_ses-03_task-imagery_run-03_eeg.edf	sub-01	V	s	s	0	sub-01/ses-03/eeg/sub-01_ses-03_task-MotorImageryRest_run-03_eeg.vhdr	d6fe30a9b5cb2eafb23584c3e32b3750dcdb545729fde27aae99fd6be0be108f	True	unresolved	unresolved
sub-1	03	03	sub-1/ses-03/run-03/tsv-row-22	22	right_hand	2	151.076	5.0	37769	39019	sub-1/ses-03/eeg/sub-1_ses-03_task-imagery_run-03_eeg.edf	sub-01	V	s	s	0	sub-01/ses-03/eeg/sub-01_ses-03_task-MotorImageryRest_run-03_eeg.vhdr	d6fe30a9b5cb2eafb23584c3e32b3750dcdb545729fde27aae99fd6be0be108f	True	unresolved	unresolved
sub-1	03	03	sub-1/ses-03/run-03/tsv-row-23	23	right_hand	2	157.964	5.0	39491	40741	sub-1/ses-03/eeg/sub-1_ses-03_task-imagery_run-03_eeg.edf	sub-01	V	s	s	0	sub-01/ses-03/eeg/sub-01_ses-03_task-MotorImageryRest_run-03_eeg.vhdr	d6fe30a9b5cb2eafb23584c3e32b3750dcdb545729fde27aae99fd6be0be108f	True	unresolved	unresolved
sub-1	03	03	sub-1/ses-03/run-03/tsv-row-24	24	rest	1	164.852	5.0	41213	42463	sub-1/ses-03/eeg/sub-1_ses-03_task-imagery_run-03_eeg.edf	sub-01	V	s	s	0	sub-01/ses-03/eeg/sub-01_ses-03_task-MotorImageryRest_run-03_eeg.vhdr	d6fe30a9b5cb2eafb23584c3e32b3750dcdb545729fde27aae99fd6be0be108f	True	unresolved	unresolved
sub-1	03	03	sub-1/ses-03/run-03/tsv-row-25	25	rest	1	171.756	5.0	42939	44189	sub-1/ses-03/eeg/sub-1_ses-03_task-imagery_run-03_eeg.edf	sub-01	V	s	s	0	sub-01/ses-03/eeg/sub-01_ses-03_task-MotorImageryRest_run-03_eeg.vhdr	d6fe30a9b5cb2eafb23584c3e32b3750dcdb545729fde27aae99fd6be0be108f	True	unresolved	unresolved
sub-1	03	03	sub-1/ses-03/run-03/tsv-row-26	26	right_hand	2	178.624	5.0	44656	45906	sub-1/ses-03/eeg/sub-1_ses-03_task-imagery_run-03_eeg.edf	sub-01	V	s	s	0	sub-01/ses-03/eeg/sub-01_ses-03_task-MotorImageryRest_run-03_eeg.vhdr	d6fe30a9b5cb2eafb23584c3e32b3750dcdb545729fde27aae99fd6be0be108f	True	unresolved	unresolved
sub-1	03	03	sub-1/ses-03/run-03/tsv-row-27	27	right_hand	2	185.512	5.0	46378	47628	sub-1/ses-03/eeg/sub-1_ses-03_task-imagery_run-03_eeg.edf	sub-01	V	s	s	0	sub-01/ses-03/eeg/sub-01_ses-03_task-MotorImageryRest_run-03_eeg.vhdr	d6fe30a9b5cb2eafb23584c3e32b3750dcdb545729fde27aae99fd6be0be108f	True	unresolved	unresolved
sub-1	03	03	sub-1/ses-03/run-03/tsv-row-28	28	rest	1	192.416	5.0	48104	49354	sub-1/ses-03/eeg/sub-1_ses-03_task-imagery_run-03_eeg.edf	sub-01	V	s	s	0	sub-01/ses-03/eeg/sub-01_ses-03_task-MotorImageryRest_run-03_eeg.vhdr	d6fe30a9b5cb2eafb23584c3e32b3750dcdb545729fde27aae99fd6be0be108f	True	unresolved	unresolved
sub-1	03	03	sub-1/ses-03/run-03/tsv-row-29	29	rest	1	199.304	5.0	49826	51076	sub-1/ses-03/eeg/sub-1_ses-03_task-imagery_run-03_eeg.edf	sub-01	V	s	s	0	sub-01/ses-03/eeg/sub-01_ses-03_task-MotorImageryRest_run-03_eeg.vhdr	d6fe30a9b5cb2eafb23584c3e32b3750dcdb545729fde27aae99fd6be0be108f	True	unresolved	unresolved
sub-1	03	03	sub-1/ses-03/run-03/tsv-row-30	30	right_hand	2	206.172	5.0	51543	52793	sub-1/ses-03/eeg/sub-1_ses-03_task-imagery_run-03_eeg.edf	sub-01	V	s	s	0	sub-01/ses-03/eeg/sub-01_ses-03_task-MotorImageryRest_run-03_eeg.vhdr	d6fe30a9b5cb2eafb23584c3e32b3750dcdb545729fde27aae99fd6be0be108f	True	unresolved	unresolved
sub-1	03	04	sub-1/ses-03/run-04/tsv-row-1	1	rest	1	5.552	5.0	1388	2638	sub-1/ses-03/eeg/sub-1_ses-03_task-imagery_run-04_eeg.edf	sub-01	V	s	s	0	sub-01/ses-03/eeg/sub-01_ses-03_task-MotorImageryRest_run-04_eeg.vhdr	42c6ce73eb867907384bb9c891cc6d149c3bc2b78f7f77ad64238070adbbf684	True	unresolved	unresolved
sub-1	03	04	sub-1/ses-03/run-04/tsv-row-2	2	right_hand	2	12.376	5.0	3094	4344	sub-1/ses-03/eeg/sub-1_ses-03_task-imagery_run-04_eeg.edf	sub-01	V	s	s	0	sub-01/ses-03/eeg/sub-01_ses-03_task-MotorImageryRest_run-04_eeg.vhdr	42c6ce73eb867907384bb9c891cc6d149c3bc2b78f7f77ad64238070adbbf684	True	unresolved	unresolved
sub-1	03	04	sub-1/ses-03/run-04/tsv-row-3	3	rest	1	19.244	5.0	4811	6061	sub-1/ses-03/eeg/sub-1_ses-03_task-imagery_run-04_eeg.edf	sub-01	V	s	s	0	sub-01/ses-03/eeg/sub-01_ses-03_task-MotorImageryRest_run-04_eeg.vhdr	42c6ce73eb867907384bb9c891cc6d149c3bc2b78f7f77ad64238070adbbf684	True	unresolved	unresolved
sub-1	03	04	sub-1/ses-03/run-04/tsv-row-4	4	right_hand	2	26.132	5.0	6533	7783	sub-1/ses-03/eeg/sub-1_ses-03_task-imagery_run-04_eeg.edf	sub-01	V	s	s	0	sub-01/ses-03/eeg/sub-01_ses-03_task-MotorImageryRest_run-04_eeg.vhdr	42c6ce73eb867907384bb9c891cc6d149c3bc2b78f7f77ad64238070adbbf684	True	unresolved	unresolved
sub-1	03	04	sub-1/ses-03/run-04/tsv-row-5	5	right_hand	2	33.036	5.0	8259	9509	sub-1/ses-03/eeg/sub-1_ses-03_task-imagery_run-04_eeg.edf	sub-01	V	s	s	0	sub-01/ses-03/eeg/sub-01_ses-03_task-MotorImageryRest_run-04_eeg.vhdr	42c6ce73eb867907384bb9c891cc6d149c3bc2b78f7f77ad64238070adbbf684	True	unresolved	unresolved
sub-1	03	04	sub-1/ses-03/run-04/tsv-row-6	6	rest	1	39.92	5.0	9980	11230	sub-1/ses-03/eeg/sub-1_ses-03_task-imagery_run-04_eeg.edf	sub-01	V	s	s	0	sub-01/ses-03/eeg/sub-01_ses-03_task-MotorImageryRest_run-04_eeg.vhdr	42c6ce73eb867907384bb9c891cc6d149c3bc2b78f7f77ad64238070adbbf684	True	unresolved	unresolved
sub-1	03	04	sub-1/ses-03/run-04/tsv-row-7	7	rest	1	46.808	5.0	11702	12952	sub-1/ses-03/eeg/sub-1_ses-03_task-imagery_run-04_eeg.edf	sub-01	V	s	s	0	sub-01/ses-03/eeg/sub-01_ses-03_task-MotorImageryRest_run-04_eeg.vhdr	42c6ce73eb867907384bb9c891cc6d149c3bc2b78f7f77ad64238070adbbf684	True	unresolved	unresolved
sub-1	03	04	sub-1/ses-03/run-04/tsv-row-8	8	right_hand	2	53.696	5.0	13424	14674	sub-1/ses-03/eeg/sub-1_ses-03_task-imagery_run-04_eeg.edf	sub-01	V	s	s	0	sub-01/ses-03/eeg/sub-01_ses-03_task-MotorImageryRest_run-04_eeg.vhdr	42c6ce73eb867907384bb9c891cc6d149c3bc2b78f7f77ad64238070adbbf684	True	unresolved	unresolved
sub-1	03	04	sub-1/ses-03/run-04/tsv-row-9	9	right_hand	2	60.58	5.0	15145	16395	sub-1/ses-03/eeg/sub-1_ses-03_task-imagery_run-04_eeg.edf	sub-01	V	s	s	0	sub-01/ses-03/eeg/sub-01_ses-03_task-MotorImageryRest_run-04_eeg.vhdr	42c6ce73eb867907384bb9c891cc6d149c3bc2b78f7f77ad64238070adbbf684	True	unresolved	unresolved
sub-1	03	04	sub-1/ses-03/run-04/tsv-row-10	10	rest	1	67.468	5.0	16867	18117	sub-1/ses-03/eeg/sub-1_ses-03_task-imagery_run-04_eeg.edf	sub-01	V	s	s	0	sub-01/ses-03/eeg/sub-01_ses-03_task-MotorImageryRest_run-04_eeg.vhdr	42c6ce73eb867907384bb9c891cc6d149c3bc2b78f7f77ad64238070adbbf684	True	unresolved	unresolved
sub-1	03	04	sub-1/ses-03/run-04/tsv-row-11	11	right_hand	2	74.356	5.0	18589	19839	sub-1/ses-03/eeg/sub-1_ses-03_task-imagery_run-04_eeg.edf	sub-01	V	s	s	0	sub-01/ses-03/eeg/sub-01_ses-03_task-MotorImageryRest_run-04_eeg.vhdr	42c6ce73eb867907384bb9c891cc6d149c3bc2b78f7f77ad64238070adbbf684	True	unresolved	unresolved
sub-1	03	04	sub-1/ses-03/run-04/tsv-row-12	12	rest	1	81.244	5.0	20311	21561	sub-1/ses-03/eeg/sub-1_ses-03_task-imagery_run-04_eeg.edf	sub-01	V	s	s	0	sub-01/ses-03/eeg/sub-01_ses-03_task-MotorImageryRest_run-04_eeg.vhdr	42c6ce73eb867907384bb9c891cc6d149c3bc2b78f7f77ad64238070adbbf684	True	unresolved	unresolved
sub-1	03	04	sub-1/ses-03/run-04/tsv-row-13	13	rest	1	88.148	5.0	22037	23287	sub-1/ses-03/eeg/sub-1_ses-03_task-imagery_run-04_eeg.edf	sub-01	V	s	s	0	sub-01/ses-03/eeg/sub-01_ses-03_task-MotorImageryRest_run-04_eeg.vhdr	42c6ce73eb867907384bb9c891cc6d149c3bc2b78f7f77ad64238070adbbf684	True	unresolved	unresolved
sub-1	03	04	sub-1/ses-03/run-04/tsv-row-14	14	right_hand	2	95.032	5.0	23758	25008	sub-1/ses-03/eeg/sub-1_ses-03_task-imagery_run-04_eeg.edf	sub-01	V	s	s	0	sub-01/ses-03/eeg/sub-01_ses-03_task-MotorImageryRest_run-04_eeg.vhdr	42c6ce73eb867907384bb9c891cc6d149c3bc2b78f7f77ad64238070adbbf684	True	unresolved	unresolved
sub-1	03	04	sub-1/ses-03/run-04/tsv-row-15	15	rest	1	101.904	5.0	25476	26726	sub-1/ses-03/eeg/sub-1_ses-03_task-imagery_run-04_eeg.edf	sub-01	V	s	s	0	sub-01/ses-03/eeg/sub-01_ses-03_task-MotorImageryRest_run-04_eeg.vhdr	42c6ce73eb867907384bb9c891cc6d149c3bc2b78f7f77ad64238070adbbf684	True	unresolved	unresolved
sub-1	03	04	sub-1/ses-03/run-04/tsv-row-16	16	right_hand	2	108.788	5.0	27197	28447	sub-1/ses-03/eeg/sub-1_ses-03_task-imagery_run-04_eeg.edf	sub-01	V	s	s	0	sub-01/ses-03/eeg/sub-01_ses-03_task-MotorImageryRest_run-04_eeg.vhdr	42c6ce73eb867907384bb9c891cc6d149c3bc2b78f7f77ad64238070adbbf684	True	unresolved	unresolved
sub-1	03	04	sub-1/ses-03/run-04/tsv-row-17	17	right_hand	2	115.692	5.0	28923	30173	sub-1/ses-03/eeg/sub-1_ses-03_task-imagery_run-04_eeg.edf	sub-01	V	s	s	0	sub-01/ses-03/eeg/sub-01_ses-03_task-MotorImageryRest_run-04_eeg.vhdr	42c6ce73eb867907384bb9c891cc6d149c3bc2b78f7f77ad64238070adbbf684	True	unresolved	unresolved
sub-1	03	04	sub-1/ses-03/run-04/tsv-row-18	18	rest	1	122.58	5.0	30645	31895	sub-1/ses-03/eeg/sub-1_ses-03_task-imagery_run-04_eeg.edf	sub-01	V	s	s	0	sub-01/ses-03/eeg/sub-01_ses-03_task-MotorImageryRest_run-04_eeg.vhdr	42c6ce73eb867907384bb9c891cc6d149c3bc2b78f7f77ad64238070adbbf684	True	unresolved	unresolved
sub-1	03	04	sub-1/ses-03/run-04/tsv-row-19	19	right_hand	2	129.448	5.0	32362	33612	sub-1/ses-03/eeg/sub-1_ses-03_task-imagery_run-04_eeg.edf	sub-01	V	s	s	0	sub-01/ses-03/eeg/sub-01_ses-03_task-MotorImageryRest_run-04_eeg.vhdr	42c6ce73eb867907384bb9c891cc6d149c3bc2b78f7f77ad64238070adbbf684	True	unresolved	unresolved
sub-1	03	04	sub-1/ses-03/run-04/tsv-row-20	20	rest	1	136.352	5.0	34088	35338	sub-1/ses-03/eeg/sub-1_ses-03_task-imagery_run-04_eeg.edf	sub-01	V	s	s	0	sub-01/ses-03/eeg/sub-01_ses-03_task-MotorImageryRest_run-04_eeg.vhdr	42c6ce73eb867907384bb9c891cc6d149c3bc2b78f7f77ad64238070adbbf684	True	unresolved	unresolved
sub-1	03	04	sub-1/ses-03/run-04/tsv-row-21	21	right_hand	2	143.24	5.0	35810	37060	sub-1/ses-03/eeg/sub-1_ses-03_task-imagery_run-04_eeg.edf	sub-01	V	s	s	0	sub-01/ses-03/eeg/sub-01_ses-03_task-MotorImageryRest_run-04_eeg.vhdr	42c6ce73eb867907384bb9c891cc6d149c3bc2b78f7f77ad64238070adbbf684	True	unresolved	unresolved
sub-1	03	04	sub-1/ses-03/run-04/tsv-row-22	22	rest	1	150.128	5.0	37532	38782	sub-1/ses-03/eeg/sub-1_ses-03_task-imagery_run-04_eeg.edf	sub-01	V	s	s	0	sub-01/ses-03/eeg/sub-01_ses-03_task-MotorImageryRest_run-04_eeg.vhdr	42c6ce73eb867907384bb9c891cc6d149c3bc2b78f7f77ad64238070adbbf684	True	unresolved	unresolved
sub-1	03	04	sub-1/ses-03/run-04/tsv-row-23	23	rest	1	157.016	5.0	39254	40504	sub-1/ses-03/eeg/sub-1_ses-03_task-imagery_run-04_eeg.edf	sub-01	V	s	s	0	sub-01/ses-03/eeg/sub-01_ses-03_task-MotorImageryRest_run-04_eeg.vhdr	42c6ce73eb867907384bb9c891cc6d149c3bc2b78f7f77ad64238070adbbf684	True	unresolved	unresolved
sub-1	03	04	sub-1/ses-03/run-04/tsv-row-24	24	right_hand	2	163.9	5.0	40975	42225	sub-1/ses-03/eeg/sub-1_ses-03_task-imagery_run-04_eeg.edf	sub-01	V	s	s	0	sub-01/ses-03/eeg/sub-01_ses-03_task-MotorImageryRest_run-04_eeg.vhdr	42c6ce73eb867907384bb9c891cc6d149c3bc2b78f7f77ad64238070adbbf684	True	unresolved	unresolved
sub-1	03	04	sub-1/ses-03/run-04/tsv-row-25	25	rest	1	170.788	5.0	42697	43947	sub-1/ses-03/eeg/sub-1_ses-03_task-imagery_run-04_eeg.edf	sub-01	V	s	s	0	sub-01/ses-03/eeg/sub-01_ses-03_task-MotorImageryRest_run-04_eeg.vhdr	42c6ce73eb867907384bb9c891cc6d149c3bc2b78f7f77ad64238070adbbf684	True	unresolved	unresolved
sub-1	03	04	sub-1/ses-03/run-04/tsv-row-26	26	right_hand	2	177.676	5.0	44419	45669	sub-1/ses-03/eeg/sub-1_ses-03_task-imagery_run-04_eeg.edf	sub-01	V	s	s	0	sub-01/ses-03/eeg/sub-01_ses-03_task-MotorImageryRest_run-04_eeg.vhdr	42c6ce73eb867907384bb9c891cc6d149c3bc2b78f7f77ad64238070adbbf684	True	unresolved	unresolved
sub-1	03	04	sub-1/ses-03/run-04/tsv-row-27	27	rest	1	184.56	5.0	46140	47390	sub-1/ses-03/eeg/sub-1_ses-03_task-imagery_run-04_eeg.edf	sub-01	V	s	s	0	sub-01/ses-03/eeg/sub-01_ses-03_task-MotorImageryRest_run-04_eeg.vhdr	42c6ce73eb867907384bb9c891cc6d149c3bc2b78f7f77ad64238070adbbf684	True	unresolved	unresolved
sub-1	03	04	sub-1/ses-03/run-04/tsv-row-28	28	right_hand	2	191.448	5.0	47862	49112	sub-1/ses-03/eeg/sub-1_ses-03_task-imagery_run-04_eeg.edf	sub-01	V	s	s	0	sub-01/ses-03/eeg/sub-01_ses-03_task-MotorImageryRest_run-04_eeg.vhdr	42c6ce73eb867907384bb9c891cc6d149c3bc2b78f7f77ad64238070adbbf684	True	unresolved	unresolved
sub-1	03	04	sub-1/ses-03/run-04/tsv-row-29	29	rest	1	198.336	5.0	49584	50834	sub-1/ses-03/eeg/sub-1_ses-03_task-imagery_run-04_eeg.edf	sub-01	V	s	s	0	sub-01/ses-03/eeg/sub-01_ses-03_task-MotorImageryRest_run-04_eeg.vhdr	42c6ce73eb867907384bb9c891cc6d149c3bc2b78f7f77ad64238070adbbf684	True	unresolved	unresolved
sub-1	03	04	sub-1/ses-03/run-04/tsv-row-30	30	right_hand	2	205.24	5.0	51310	52560	sub-1/ses-03/eeg/sub-1_ses-03_task-imagery_run-04_eeg.edf	sub-01	V	s	s	0	sub-01/ses-03/eeg/sub-01_ses-03_task-MotorImageryRest_run-04_eeg.vhdr	42c6ce73eb867907384bb9c891cc6d149c3bc2b78f7f77ad64238070adbbf684	True	unresolved	unresolved
sub-1	03	05	sub-1/ses-03/run-05/tsv-row-1	1	rest	1	5.2	5.0	1300	2550	sub-1/ses-03/eeg/sub-1_ses-03_task-imagery_run-05_eeg.edf	sub-01	V	s	s	0	sub-01/ses-03/eeg/sub-01_ses-03_task-MotorImageryRest_run-05_eeg.vhdr	3e5c7f301144af373f5a4f1abc23f03b094d699b9605324b1b7d49f20d882ca3	True	unresolved	unresolved
sub-1	03	05	sub-1/ses-03/run-05/tsv-row-2	2	right_hand	2	12.232	5.0	3058	4308	sub-1/ses-03/eeg/sub-1_ses-03_task-imagery_run-05_eeg.edf	sub-01	V	s	s	0	sub-01/ses-03/eeg/sub-01_ses-03_task-MotorImageryRest_run-05_eeg.vhdr	3e5c7f301144af373f5a4f1abc23f03b094d699b9605324b1b7d49f20d882ca3	True	unresolved	unresolved
sub-1	03	05	sub-1/ses-03/run-05/tsv-row-3	3	right_hand	2	19.12	5.0	4780	6030	sub-1/ses-03/eeg/sub-1_ses-03_task-imagery_run-05_eeg.edf	sub-01	V	s	s	0	sub-01/ses-03/eeg/sub-01_ses-03_task-MotorImageryRest_run-05_eeg.vhdr	3e5c7f301144af373f5a4f1abc23f03b094d699b9605324b1b7d49f20d882ca3	True	unresolved	unresolved
sub-1	03	05	sub-1/ses-03/run-05/tsv-row-4	4	rest	1	25.988	5.0	6497	7747	sub-1/ses-03/eeg/sub-1_ses-03_task-imagery_run-05_eeg.edf	sub-01	V	s	s	0	sub-01/ses-03/eeg/sub-01_ses-03_task-MotorImageryRest_run-05_eeg.vhdr	3e5c7f301144af373f5a4f1abc23f03b094d699b9605324b1b7d49f20d882ca3	True	unresolved	unresolved
sub-1	03	05	sub-1/ses-03/run-05/tsv-row-5	5	right_hand	2	32.892	5.0	8223	9473	sub-1/ses-03/eeg/sub-1_ses-03_task-imagery_run-05_eeg.edf	sub-01	V	s	s	0	sub-01/ses-03/eeg/sub-01_ses-03_task-MotorImageryRest_run-05_eeg.vhdr	3e5c7f301144af373f5a4f1abc23f03b094d699b9605324b1b7d49f20d882ca3	True	unresolved	unresolved
sub-1	03	05	sub-1/ses-03/run-05/tsv-row-6	6	rest	1	39.78	5.0	9945	11195	sub-1/ses-03/eeg/sub-1_ses-03_task-imagery_run-05_eeg.edf	sub-01	V	s	s	0	sub-01/ses-03/eeg/sub-01_ses-03_task-MotorImageryRest_run-05_eeg.vhdr	3e5c7f301144af373f5a4f1abc23f03b094d699b9605324b1b7d49f20d882ca3	True	unresolved	unresolved
sub-1	03	05	sub-1/ses-03/run-05/tsv-row-7	7	right_hand	2	46.668	5.0	11667	12917	sub-1/ses-03/eeg/sub-1_ses-03_task-imagery_run-05_eeg.edf	sub-01	V	s	s	0	sub-01/ses-03/eeg/sub-01_ses-03_task-MotorImageryRest_run-05_eeg.vhdr	3e5c7f301144af373f5a4f1abc23f03b094d699b9605324b1b7d49f20d882ca3	True	unresolved	unresolved
sub-1	03	05	sub-1/ses-03/run-05/tsv-row-8	8	rest	1	53.552	5.0	13388	14638	sub-1/ses-03/eeg/sub-1_ses-03_task-imagery_run-05_eeg.edf	sub-01	V	s	s	0	sub-01/ses-03/eeg/sub-01_ses-03_task-MotorImageryRest_run-05_eeg.vhdr	3e5c7f301144af373f5a4f1abc23f03b094d699b9605324b1b7d49f20d882ca3	True	unresolved	unresolved
sub-1	03	05	sub-1/ses-03/run-05/tsv-row-9	9	rest	1	60.44	5.0	15110	16360	sub-1/ses-03/eeg/sub-1_ses-03_task-imagery_run-05_eeg.edf	sub-01	V	s	s	0	sub-01/ses-03/eeg/sub-01_ses-03_task-MotorImageryRest_run-05_eeg.vhdr	3e5c7f301144af373f5a4f1abc23f03b094d699b9605324b1b7d49f20d882ca3	True	unresolved	unresolved
sub-1	03	05	sub-1/ses-03/run-05/tsv-row-10	10	right_hand	2	67.328	5.0	16832	18082	sub-1/ses-03/eeg/sub-1_ses-03_task-imagery_run-05_eeg.edf	sub-01	V	s	s	0	sub-01/ses-03/eeg/sub-01_ses-03_task-MotorImageryRest_run-05_eeg.vhdr	3e5c7f301144af373f5a4f1abc23f03b094d699b9605324b1b7d49f20d882ca3	True	unresolved	unresolved
sub-1	03	05	sub-1/ses-03/run-05/tsv-row-11	11	rest	1	74.212	5.0	18553	19803	sub-1/ses-03/eeg/sub-1_ses-03_task-imagery_run-05_eeg.edf	sub-01	V	s	s	0	sub-01/ses-03/eeg/sub-01_ses-03_task-MotorImageryRest_run-05_eeg.vhdr	3e5c7f301144af373f5a4f1abc23f03b094d699b9605324b1b7d49f20d882ca3	True	unresolved	unresolved
sub-1	03	05	sub-1/ses-03/run-05/tsv-row-12	12	right_hand	2	81.1	5.0	20275	21525	sub-1/ses-03/eeg/sub-1_ses-03_task-imagery_run-05_eeg.edf	sub-01	V	s	s	0	sub-01/ses-03/eeg/sub-01_ses-03_task-MotorImageryRest_run-05_eeg.vhdr	3e5c7f301144af373f5a4f1abc23f03b094d699b9605324b1b7d49f20d882ca3	True	unresolved	unresolved
sub-1	03	05	sub-1/ses-03/run-05/tsv-row-13	13	right_hand	2	88.004	5.0	22001	23251	sub-1/ses-03/eeg/sub-1_ses-03_task-imagery_run-05_eeg.edf	sub-01	V	s	s	0	sub-01/ses-03/eeg/sub-01_ses-03_task-MotorImageryRest_run-05_eeg.vhdr	3e5c7f301144af373f5a4f1abc23f03b094d699b9605324b1b7d49f20d882ca3	True	unresolved	unresolved
sub-1	03	05	sub-1/ses-03/run-05/tsv-row-14	14	rest	1	94.876	5.0	23719	24969	sub-1/ses-03/eeg/sub-1_ses-03_task-imagery_run-05_eeg.edf	sub-01	V	s	s	0	sub-01/ses-03/eeg/sub-01_ses-03_task-MotorImageryRest_run-05_eeg.vhdr	3e5c7f301144af373f5a4f1abc23f03b094d699b9605324b1b7d49f20d882ca3	True	unresolved	unresolved
sub-1	03	05	sub-1/ses-03/run-05/tsv-row-15	15	right_hand	2	101.776	5.0	25444	26694	sub-1/ses-03/eeg/sub-1_ses-03_task-imagery_run-05_eeg.edf	sub-01	V	s	s	0	sub-01/ses-03/eeg/sub-01_ses-03_task-MotorImageryRest_run-05_eeg.vhdr	3e5c7f301144af373f5a4f1abc23f03b094d699b9605324b1b7d49f20d882ca3	True	unresolved	unresolved
sub-1	03	05	sub-1/ses-03/run-05/tsv-row-16	16	rest	1	108.648	5.0	27162	28412	sub-1/ses-03/eeg/sub-1_ses-03_task-imagery_run-05_eeg.edf	sub-01	V	s	s	0	sub-01/ses-03/eeg/sub-01_ses-03_task-MotorImageryRest_run-05_eeg.vhdr	3e5c7f301144af373f5a4f1abc23f03b094d699b9605324b1b7d49f20d882ca3	True	unresolved	unresolved
sub-1	03	05	sub-1/ses-03/run-05/tsv-row-17	17	rest	1	115.552	5.0	28888	30138	sub-1/ses-03/eeg/sub-1_ses-03_task-imagery_run-05_eeg.edf	sub-01	V	s	s	0	sub-01/ses-03/eeg/sub-01_ses-03_task-MotorImageryRest_run-05_eeg.vhdr	3e5c7f301144af373f5a4f1abc23f03b094d699b9605324b1b7d49f20d882ca3	True	unresolved	unresolved
sub-1	03	05	sub-1/ses-03/run-05/tsv-row-18	18	right_hand	2	122.436	5.0	30609	31859	sub-1/ses-03/eeg/sub-1_ses-03_task-imagery_run-05_eeg.edf	sub-01	V	s	s	0	sub-01/ses-03/eeg/sub-01_ses-03_task-MotorImageryRest_run-05_eeg.vhdr	3e5c7f301144af373f5a4f1abc23f03b094d699b9605324b1b7d49f20d882ca3	True	unresolved	unresolved
sub-1	03	05	sub-1/ses-03/run-05/tsv-row-19	19	rest	1	129.324	5.0	32331	33581	sub-1/ses-03/eeg/sub-1_ses-03_task-imagery_run-05_eeg.edf	sub-01	V	s	s	0	sub-01/ses-03/eeg/sub-01_ses-03_task-MotorImageryRest_run-05_eeg.vhdr	3e5c7f301144af373f5a4f1abc23f03b094d699b9605324b1b7d49f20d882ca3	True	unresolved	unresolved
sub-1	03	05	sub-1/ses-03/run-05/tsv-row-20	20	right_hand	2	136.212	5.0	34053	35303	sub-1/ses-03/eeg/sub-1_ses-03_task-imagery_run-05_eeg.edf	sub-01	V	s	s	0	sub-01/ses-03/eeg/sub-01_ses-03_task-MotorImageryRest_run-05_eeg.vhdr	3e5c7f301144af373f5a4f1abc23f03b094d699b9605324b1b7d49f20d882ca3	True	unresolved	unresolved
sub-1	03	05	sub-1/ses-03/run-05/tsv-row-21	21	rest	1	143.1	5.0	35775	37025	sub-1/ses-03/eeg/sub-1_ses-03_task-imagery_run-05_eeg.edf	sub-01	V	s	s	0	sub-01/ses-03/eeg/sub-01_ses-03_task-MotorImageryRest_run-05_eeg.vhdr	3e5c7f301144af373f5a4f1abc23f03b094d699b9605324b1b7d49f20d882ca3	True	unresolved	unresolved
sub-1	03	05	sub-1/ses-03/run-05/tsv-row-22	22	right_hand	2	149.984	5.0	37496	38746	sub-1/ses-03/eeg/sub-1_ses-03_task-imagery_run-05_eeg.edf	sub-01	V	s	s	0	sub-01/ses-03/eeg/sub-01_ses-03_task-MotorImageryRest_run-05_eeg.vhdr	3e5c7f301144af373f5a4f1abc23f03b094d699b9605324b1b7d49f20d882ca3	True	unresolved	unresolved
sub-1	03	05	sub-1/ses-03/run-05/tsv-row-23	23	right_hand	2	156.872	5.0	39218	40468	sub-1/ses-03/eeg/sub-1_ses-03_task-imagery_run-05_eeg.edf	sub-01	V	s	s	0	sub-01/ses-03/eeg/sub-01_ses-03_task-MotorImageryRest_run-05_eeg.vhdr	3e5c7f301144af373f5a4f1abc23f03b094d699b9605324b1b7d49f20d882ca3	True	unresolved	unresolved
sub-1	03	05	sub-1/ses-03/run-05/tsv-row-24	24	rest	1	163.76	5.0	40940	42190	sub-1/ses-03/eeg/sub-1_ses-03_task-imagery_run-05_eeg.edf	sub-01	V	s	s	0	sub-01/ses-03/eeg/sub-01_ses-03_task-MotorImageryRest_run-05_eeg.vhdr	3e5c7f301144af373f5a4f1abc23f03b094d699b9605324b1b7d49f20d882ca3	True	unresolved	unresolved
sub-1	03	05	sub-1/ses-03/run-05/tsv-row-25	25	rest	1	170.648	5.0	42662	43912	sub-1/ses-03/eeg/sub-1_ses-03_task-imagery_run-05_eeg.edf	sub-01	V	s	s	0	sub-01/ses-03/eeg/sub-01_ses-03_task-MotorImageryRest_run-05_eeg.vhdr	3e5c7f301144af373f5a4f1abc23f03b094d699b9605324b1b7d49f20d882ca3	True	unresolved	unresolved
sub-1	03	05	sub-1/ses-03/run-05/tsv-row-26	26	right_hand	2	177.532	5.0	44383	45633	sub-1/ses-03/eeg/sub-1_ses-03_task-imagery_run-05_eeg.edf	sub-01	V	s	s	0	sub-01/ses-03/eeg/sub-01_ses-03_task-MotorImageryRest_run-05_eeg.vhdr	3e5c7f301144af373f5a4f1abc23f03b094d699b9605324b1b7d49f20d882ca3	True	unresolved	unresolved
sub-1	03	05	sub-1/ses-03/run-05/tsv-row-27	27	right_hand	2	184.436	5.0	46109	47359	sub-1/ses-03/eeg/sub-1_ses-03_task-imagery_run-05_eeg.edf	sub-01	V	s	s	0	sub-01/ses-03/eeg/sub-01_ses-03_task-MotorImageryRest_run-05_eeg.vhdr	3e5c7f301144af373f5a4f1abc23f03b094d699b9605324b1b7d49f20d882ca3	True	unresolved	unresolved
sub-1	03	05	sub-1/ses-03/run-05/tsv-row-28	28	rest	1	191.308	5.0	47827	49077	sub-1/ses-03/eeg/sub-1_ses-03_task-imagery_run-05_eeg.edf	sub-01	V	s	s	0	sub-01/ses-03/eeg/sub-01_ses-03_task-MotorImageryRest_run-05_eeg.vhdr	3e5c7f301144af373f5a4f1abc23f03b094d699b9605324b1b7d49f20d882ca3	True	unresolved	unresolved
sub-1	03	05	sub-1/ses-03/run-05/tsv-row-29	29	rest	1	198.208	5.0	49552	50802	sub-1/ses-03/eeg/sub-1_ses-03_task-imagery_run-05_eeg.edf	sub-01	V	s	s	0	sub-01/ses-03/eeg/sub-01_ses-03_task-MotorImageryRest_run-05_eeg.vhdr	3e5c7f301144af373f5a4f1abc23f03b094d699b9605324b1b7d49f20d882ca3	True	unresolved	unresolved
sub-1	03	05	sub-1/ses-03/run-05/tsv-row-30	30	right_hand	2	205.096	5.0	51274	52524	sub-1/ses-03/eeg/sub-1_ses-03_task-imagery_run-05_eeg.edf	sub-01	V	s	s	0	sub-01/ses-03/eeg/sub-01_ses-03_task-MotorImageryRest_run-05_eeg.vhdr	3e5c7f301144af373f5a4f1abc23f03b094d699b9605324b1b7d49f20d882ca3	True	unresolved	unresolved
sub-1	03	06	sub-1/ses-03/run-06/tsv-row-1	1	rest	1	7.404	5.0	1851	3101	sub-1/ses-03/eeg/sub-1_ses-03_task-imagery_run-06_eeg.edf	sub-01	V	s	s	0	sub-01/ses-03/eeg/sub-01_ses-03_task-MotorImageryRest_run-06_eeg.vhdr	a8938a4da9f97101f0dcb484eb72d8499c2c8e9847933781fd26b12e1e9cefd7	True	unresolved	unresolved
sub-1	03	06	sub-1/ses-03/run-06/tsv-row-2	2	right_hand	2	14.308	5.0	3577	4827	sub-1/ses-03/eeg/sub-1_ses-03_task-imagery_run-06_eeg.edf	sub-01	V	s	s	0	sub-01/ses-03/eeg/sub-01_ses-03_task-MotorImageryRest_run-06_eeg.vhdr	a8938a4da9f97101f0dcb484eb72d8499c2c8e9847933781fd26b12e1e9cefd7	True	unresolved	unresolved
sub-1	03	06	sub-1/ses-03/run-06/tsv-row-3	3	right_hand	2	21.192	5.0	5298	6548	sub-1/ses-03/eeg/sub-1_ses-03_task-imagery_run-06_eeg.edf	sub-01	V	s	s	0	sub-01/ses-03/eeg/sub-01_ses-03_task-MotorImageryRest_run-06_eeg.vhdr	a8938a4da9f97101f0dcb484eb72d8499c2c8e9847933781fd26b12e1e9cefd7	True	unresolved	unresolved
sub-1	03	06	sub-1/ses-03/run-06/tsv-row-4	4	rest	1	28.064	5.0	7016	8266	sub-1/ses-03/eeg/sub-1_ses-03_task-imagery_run-06_eeg.edf	sub-01	V	s	s	0	sub-01/ses-03/eeg/sub-01_ses-03_task-MotorImageryRest_run-06_eeg.vhdr	a8938a4da9f97101f0dcb484eb72d8499c2c8e9847933781fd26b12e1e9cefd7	True	unresolved	unresolved
sub-1	03	06	sub-1/ses-03/run-06/tsv-row-5	5	rest	1	34.968	5.0	8742	9992	sub-1/ses-03/eeg/sub-1_ses-03_task-imagery_run-06_eeg.edf	sub-01	V	s	s	0	sub-01/ses-03/eeg/sub-01_ses-03_task-MotorImageryRest_run-06_eeg.vhdr	a8938a4da9f97101f0dcb484eb72d8499c2c8e9847933781fd26b12e1e9cefd7	True	unresolved	unresolved
sub-1	03	06	sub-1/ses-03/run-06/tsv-row-6	6	right_hand	2	41.852	5.0	10463	11713	sub-1/ses-03/eeg/sub-1_ses-03_task-imagery_run-06_eeg.edf	sub-01	V	s	s	0	sub-01/ses-03/eeg/sub-01_ses-03_task-MotorImageryRest_run-06_eeg.vhdr	a8938a4da9f97101f0dcb484eb72d8499c2c8e9847933781fd26b12e1e9cefd7	True	unresolved	unresolved
sub-1	03	06	sub-1/ses-03/run-06/tsv-row-7	7	rest	1	48.74	5.0	12185	13435	sub-1/ses-03/eeg/sub-1_ses-03_task-imagery_run-06_eeg.edf	sub-01	V	s	s	0	sub-01/ses-03/eeg/sub-01_ses-03_task-MotorImageryRest_run-06_eeg.vhdr	a8938a4da9f97101f0dcb484eb72d8499c2c8e9847933781fd26b12e1e9cefd7	True	unresolved	unresolved
sub-1	03	06	sub-1/ses-03/run-06/tsv-row-8	8	right_hand	2	55.628	5.0	13907	15157	sub-1/ses-03/eeg/sub-1_ses-03_task-imagery_run-06_eeg.edf	sub-01	V	s	s	0	sub-01/ses-03/eeg/sub-01_ses-03_task-MotorImageryRest_run-06_eeg.vhdr	a8938a4da9f97101f0dcb484eb72d8499c2c8e9847933781fd26b12e1e9cefd7	True	unresolved	unresolved
sub-1	03	06	sub-1/ses-03/run-06/tsv-row-9	9	right_hand	2	62.512	5.0	15628	16878	sub-1/ses-03/eeg/sub-1_ses-03_task-imagery_run-06_eeg.edf	sub-01	V	s	s	0	sub-01/ses-03/eeg/sub-01_ses-03_task-MotorImageryRest_run-06_eeg.vhdr	a8938a4da9f97101f0dcb484eb72d8499c2c8e9847933781fd26b12e1e9cefd7	True	unresolved	unresolved
sub-1	03	06	sub-1/ses-03/run-06/tsv-row-10	10	rest	1	69.4	5.0	17350	18600	sub-1/ses-03/eeg/sub-1_ses-03_task-imagery_run-06_eeg.edf	sub-01	V	s	s	0	sub-01/ses-03/eeg/sub-01_ses-03_task-MotorImageryRest_run-06_eeg.vhdr	a8938a4da9f97101f0dcb484eb72d8499c2c8e9847933781fd26b12e1e9cefd7	True	unresolved	unresolved
sub-1	03	06	sub-1/ses-03/run-06/tsv-row-11	11	rest	1	76.304	5.0	19076	20326	sub-1/ses-03/eeg/sub-1_ses-03_task-imagery_run-06_eeg.edf	sub-01	V	s	s	0	sub-01/ses-03/eeg/sub-01_ses-03_task-MotorImageryRest_run-06_eeg.vhdr	a8938a4da9f97101f0dcb484eb72d8499c2c8e9847933781fd26b12e1e9cefd7	True	unresolved	unresolved
sub-1	03	06	sub-1/ses-03/run-06/tsv-row-12	12	right_hand	2	83.176	5.0	20794	22044	sub-1/ses-03/eeg/sub-1_ses-03_task-imagery_run-06_eeg.edf	sub-01	V	s	s	0	sub-01/ses-03/eeg/sub-01_ses-03_task-MotorImageryRest_run-06_eeg.vhdr	a8938a4da9f97101f0dcb484eb72d8499c2c8e9847933781fd26b12e1e9cefd7	True	unresolved	unresolved
sub-1	03	06	sub-1/ses-03/run-06/tsv-row-13	13	right_hand	2	90.076	5.0	22519	23769	sub-1/ses-03/eeg/sub-1_ses-03_task-imagery_run-06_eeg.edf	sub-01	V	s	s	0	sub-01/ses-03/eeg/sub-01_ses-03_task-MotorImageryRest_run-06_eeg.vhdr	a8938a4da9f97101f0dcb484eb72d8499c2c8e9847933781fd26b12e1e9cefd7	True	unresolved	unresolved
sub-1	03	06	sub-1/ses-03/run-06/tsv-row-14	14	rest	1	96.964	5.0	24241	25491	sub-1/ses-03/eeg/sub-1_ses-03_task-imagery_run-06_eeg.edf	sub-01	V	s	s	0	sub-01/ses-03/eeg/sub-01_ses-03_task-MotorImageryRest_run-06_eeg.vhdr	a8938a4da9f97101f0dcb484eb72d8499c2c8e9847933781fd26b12e1e9cefd7	True	unresolved	unresolved
sub-1	03	06	sub-1/ses-03/run-06/tsv-row-15	15	rest	1	103.852	5.0	25963	27213	sub-1/ses-03/eeg/sub-1_ses-03_task-imagery_run-06_eeg.edf	sub-01	V	s	s	0	sub-01/ses-03/eeg/sub-01_ses-03_task-MotorImageryRest_run-06_eeg.vhdr	a8938a4da9f97101f0dcb484eb72d8499c2c8e9847933781fd26b12e1e9cefd7	True	unresolved	unresolved
sub-1	03	06	sub-1/ses-03/run-06/tsv-row-16	16	right_hand	2	110.72	5.0	27680	28930	sub-1/ses-03/eeg/sub-1_ses-03_task-imagery_run-06_eeg.edf	sub-01	V	s	s	0	sub-01/ses-03/eeg/sub-01_ses-03_task-MotorImageryRest_run-06_eeg.vhdr	a8938a4da9f97101f0dcb484eb72d8499c2c8e9847933781fd26b12e1e9cefd7	True	unresolved	unresolved
sub-1	03	06	sub-1/ses-03/run-06/tsv-row-17	17	right_hand	2	117.624	5.0	29406	30656	sub-1/ses-03/eeg/sub-1_ses-03_task-imagery_run-06_eeg.edf	sub-01	V	s	s	0	sub-01/ses-03/eeg/sub-01_ses-03_task-MotorImageryRest_run-06_eeg.vhdr	a8938a4da9f97101f0dcb484eb72d8499c2c8e9847933781fd26b12e1e9cefd7	True	unresolved	unresolved
sub-1	03	06	sub-1/ses-03/run-06/tsv-row-18	18	rest	1	124.512	5.0	31128	32378	sub-1/ses-03/eeg/sub-1_ses-03_task-imagery_run-06_eeg.edf	sub-01	V	s	s	0	sub-01/ses-03/eeg/sub-01_ses-03_task-MotorImageryRest_run-06_eeg.vhdr	a8938a4da9f97101f0dcb484eb72d8499c2c8e9847933781fd26b12e1e9cefd7	True	unresolved	unresolved
sub-1	03	06	sub-1/ses-03/run-06/tsv-row-19	19	right_hand	2	131.4	5.0	32850	34100	sub-1/ses-03/eeg/sub-1_ses-03_task-imagery_run-06_eeg.edf	sub-01	V	s	s	0	sub-01/ses-03/eeg/sub-01_ses-03_task-MotorImageryRest_run-06_eeg.vhdr	a8938a4da9f97101f0dcb484eb72d8499c2c8e9847933781fd26b12e1e9cefd7	True	unresolved	unresolved
sub-1	03	06	sub-1/ses-03/run-06/tsv-row-20	20	rest	1	138.268	5.0	34567	35817	sub-1/ses-03/eeg/sub-1_ses-03_task-imagery_run-06_eeg.edf	sub-01	V	s	s	0	sub-01/ses-03/eeg/sub-01_ses-03_task-MotorImageryRest_run-06_eeg.vhdr	a8938a4da9f97101f0dcb484eb72d8499c2c8e9847933781fd26b12e1e9cefd7	True	unresolved	unresolved
sub-1	03	06	sub-1/ses-03/run-06/tsv-row-21	21	rest	1	145.172	5.0	36293	37543	sub-1/ses-03/eeg/sub-1_ses-03_task-imagery_run-06_eeg.edf	sub-01	V	s	s	0	sub-01/ses-03/eeg/sub-01_ses-03_task-MotorImageryRest_run-06_eeg.vhdr	a8938a4da9f97101f0dcb484eb72d8499c2c8e9847933781fd26b12e1e9cefd7	True	unresolved	unresolved
sub-1	03	06	sub-1/ses-03/run-06/tsv-row-22	22	right_hand	2	152.06	5.0	38015	39265	sub-1/ses-03/eeg/sub-1_ses-03_task-imagery_run-06_eeg.edf	sub-01	V	s	s	0	sub-01/ses-03/eeg/sub-01_ses-03_task-MotorImageryRest_run-06_eeg.vhdr	a8938a4da9f97101f0dcb484eb72d8499c2c8e9847933781fd26b12e1e9cefd7	True	unresolved	unresolved
sub-1	03	06	sub-1/ses-03/run-06/tsv-row-23	23	right_hand	2	158.944	5.0	39736	40986	sub-1/ses-03/eeg/sub-1_ses-03_task-imagery_run-06_eeg.edf	sub-01	V	s	s	0	sub-01/ses-03/eeg/sub-01_ses-03_task-MotorImageryRest_run-06_eeg.vhdr	a8938a4da9f97101f0dcb484eb72d8499c2c8e9847933781fd26b12e1e9cefd7	True	unresolved	unresolved
sub-1	03	06	sub-1/ses-03/run-06/tsv-row-24	24	rest	1	165.832	5.0	41458	42708	sub-1/ses-03/eeg/sub-1_ses-03_task-imagery_run-06_eeg.edf	sub-01	V	s	s	0	sub-01/ses-03/eeg/sub-01_ses-03_task-MotorImageryRest_run-06_eeg.vhdr	a8938a4da9f97101f0dcb484eb72d8499c2c8e9847933781fd26b12e1e9cefd7	True	unresolved	unresolved
sub-1	03	06	sub-1/ses-03/run-06/tsv-row-25	25	rest	1	172.736	5.0	43184	44434	sub-1/ses-03/eeg/sub-1_ses-03_task-imagery_run-06_eeg.edf	sub-01	V	s	s	0	sub-01/ses-03/eeg/sub-01_ses-03_task-MotorImageryRest_run-06_eeg.vhdr	a8938a4da9f97101f0dcb484eb72d8499c2c8e9847933781fd26b12e1e9cefd7	True	unresolved	unresolved
sub-1	03	06	sub-1/ses-03/run-06/tsv-row-26	26	right_hand	2	179.608	5.0	44902	46152	sub-1/ses-03/eeg/sub-1_ses-03_task-imagery_run-06_eeg.edf	sub-01	V	s	s	0	sub-01/ses-03/eeg/sub-01_ses-03_task-MotorImageryRest_run-06_eeg.vhdr	a8938a4da9f97101f0dcb484eb72d8499c2c8e9847933781fd26b12e1e9cefd7	True	unresolved	unresolved
sub-1	03	06	sub-1/ses-03/run-06/tsv-row-27	27	rest	1	186.508	5.0	46627	47877	sub-1/ses-03/eeg/sub-1_ses-03_task-imagery_run-06_eeg.edf	sub-01	V	s	s	0	sub-01/ses-03/eeg/sub-01_ses-03_task-MotorImageryRest_run-06_eeg.vhdr	a8938a4da9f97101f0dcb484eb72d8499c2c8e9847933781fd26b12e1e9cefd7	True	unresolved	unresolved
sub-1	03	06	sub-1/ses-03/run-06/tsv-row-28	28	right_hand	2	193.38	5.0	48345	49595	sub-1/ses-03/eeg/sub-1_ses-03_task-imagery_run-06_eeg.edf	sub-01	V	s	s	0	sub-01/ses-03/eeg/sub-01_ses-03_task-MotorImageryRest_run-06_eeg.vhdr	a8938a4da9f97101f0dcb484eb72d8499c2c8e9847933781fd26b12e1e9cefd7	True	unresolved	unresolved
sub-1	03	06	sub-1/ses-03/run-06/tsv-row-29	29	rest	1	200.268	5.0	50067	51317	sub-1/ses-03/eeg/sub-1_ses-03_task-imagery_run-06_eeg.edf	sub-01	V	s	s	0	sub-01/ses-03/eeg/sub-01_ses-03_task-MotorImageryRest_run-06_eeg.vhdr	a8938a4da9f97101f0dcb484eb72d8499c2c8e9847933781fd26b12e1e9cefd7	True	unresolved	unresolved
sub-1	03	06	sub-1/ses-03/run-06/tsv-row-30	30	right_hand	2	207.172	5.0	51793	53043	sub-1/ses-03/eeg/sub-1_ses-03_task-imagery_run-06_eeg.edf	sub-01	V	s	s	0	sub-01/ses-03/eeg/sub-01_ses-03_task-MotorImageryRest_run-06_eeg.vhdr	a8938a4da9f97101f0dcb484eb72d8499c2c8e9847933781fd26b12e1e9cefd7	True	unresolved	unresolved
sub-1	04	01	sub-1/ses-04/run-01/tsv-row-1	1	rest	1	7.48	5.0	1870	3120	sub-1/ses-04/eeg/sub-1_ses-04_task-imagery_run-01_eeg.edf	sub-01	V	s	s	0	sub-01/ses-04/eeg/sub-01_ses-04_task-MotorImageryRest_run-01_eeg.vhdr	cdd1fe43a2ede774b2a107e3e3c9f5b639fe88618fd3d83b79abadddf84dc0e5	True	unresolved	unresolved
sub-1	04	01	sub-1/ses-04/run-01/tsv-row-2	2	right_hand	2	14.368	5.0	3592	4842	sub-1/ses-04/eeg/sub-1_ses-04_task-imagery_run-01_eeg.edf	sub-01	V	s	s	0	sub-01/ses-04/eeg/sub-01_ses-04_task-MotorImageryRest_run-01_eeg.vhdr	cdd1fe43a2ede774b2a107e3e3c9f5b639fe88618fd3d83b79abadddf84dc0e5	True	unresolved	unresolved
sub-1	04	01	sub-1/ses-04/run-01/tsv-row-3	3	rest	1	21.236	5.0	5309	6559	sub-1/ses-04/eeg/sub-1_ses-04_task-imagery_run-01_eeg.edf	sub-01	V	s	s	0	sub-01/ses-04/eeg/sub-01_ses-04_task-MotorImageryRest_run-01_eeg.vhdr	cdd1fe43a2ede774b2a107e3e3c9f5b639fe88618fd3d83b79abadddf84dc0e5	True	unresolved	unresolved
sub-1	04	01	sub-1/ses-04/run-01/tsv-row-4	4	right_hand	2	28.124	5.0	7031	8281	sub-1/ses-04/eeg/sub-1_ses-04_task-imagery_run-01_eeg.edf	sub-01	V	s	s	0	sub-01/ses-04/eeg/sub-01_ses-04_task-MotorImageryRest_run-01_eeg.vhdr	cdd1fe43a2ede774b2a107e3e3c9f5b639fe88618fd3d83b79abadddf84dc0e5	True	unresolved	unresolved
sub-1	04	01	sub-1/ses-04/run-01/tsv-row-5	5	right_hand	2	35.028	5.0	8757	10007	sub-1/ses-04/eeg/sub-1_ses-04_task-imagery_run-01_eeg.edf	sub-01	V	s	s	0	sub-01/ses-04/eeg/sub-01_ses-04_task-MotorImageryRest_run-01_eeg.vhdr	cdd1fe43a2ede774b2a107e3e3c9f5b639fe88618fd3d83b79abadddf84dc0e5	True	unresolved	unresolved
sub-1	04	01	sub-1/ses-04/run-01/tsv-row-6	6	rest	1	41.916	5.0	10479	11729	sub-1/ses-04/eeg/sub-1_ses-04_task-imagery_run-01_eeg.edf	sub-01	V	s	s	0	sub-01/ses-04/eeg/sub-01_ses-04_task-MotorImageryRest_run-01_eeg.vhdr	cdd1fe43a2ede774b2a107e3e3c9f5b639fe88618fd3d83b79abadddf84dc0e5	True	unresolved	unresolved
sub-1	04	01	sub-1/ses-04/run-01/tsv-row-7	7	right_hand	2	48.784	5.0	12196	13446	sub-1/ses-04/eeg/sub-1_ses-04_task-imagery_run-01_eeg.edf	sub-01	V	s	s	0	sub-01/ses-04/eeg/sub-01_ses-04_task-MotorImageryRest_run-01_eeg.vhdr	cdd1fe43a2ede774b2a107e3e3c9f5b639fe88618fd3d83b79abadddf84dc0e5	True	unresolved	unresolved
sub-1	04	01	sub-1/ses-04/run-01/tsv-row-8	8	rest	1	55.672	5.0	13918	15168	sub-1/ses-04/eeg/sub-1_ses-04_task-imagery_run-01_eeg.edf	sub-01	V	s	s	0	sub-01/ses-04/eeg/sub-01_ses-04_task-MotorImageryRest_run-01_eeg.vhdr	cdd1fe43a2ede774b2a107e3e3c9f5b639fe88618fd3d83b79abadddf84dc0e5	True	unresolved	unresolved
sub-1	04	01	sub-1/ses-04/run-01/tsv-row-9	9	rest	1	62.576	5.0	15644	16894	sub-1/ses-04/eeg/sub-1_ses-04_task-imagery_run-01_eeg.edf	sub-01	V	s	s	0	sub-01/ses-04/eeg/sub-01_ses-04_task-MotorImageryRest_run-01_eeg.vhdr	cdd1fe43a2ede774b2a107e3e3c9f5b639fe88618fd3d83b79abadddf84dc0e5	True	unresolved	unresolved
sub-1	04	01	sub-1/ses-04/run-01/tsv-row-10	10	right_hand	2	69.46	5.0	17365	18615	sub-1/ses-04/eeg/sub-1_ses-04_task-imagery_run-01_eeg.edf	sub-01	V	s	s	0	sub-01/ses-04/eeg/sub-01_ses-04_task-MotorImageryRest_run-01_eeg.vhdr	cdd1fe43a2ede774b2a107e3e3c9f5b639fe88618fd3d83b79abadddf84dc0e5	True	unresolved	unresolved
sub-1	04	01	sub-1/ses-04/run-01/tsv-row-11	11	right_hand	2	76.348	5.0	19087	20337	sub-1/ses-04/eeg/sub-1_ses-04_task-imagery_run-01_eeg.edf	sub-01	V	s	s	0	sub-01/ses-04/eeg/sub-01_ses-04_task-MotorImageryRest_run-01_eeg.vhdr	cdd1fe43a2ede774b2a107e3e3c9f5b639fe88618fd3d83b79abadddf84dc0e5	True	unresolved	unresolved
sub-1	04	01	sub-1/ses-04/run-01/tsv-row-12	12	rest	1	83.236	5.0	20809	22059	sub-1/ses-04/eeg/sub-1_ses-04_task-imagery_run-01_eeg.edf	sub-01	V	s	s	0	sub-01/ses-04/eeg/sub-01_ses-04_task-MotorImageryRest_run-01_eeg.vhdr	cdd1fe43a2ede774b2a107e3e3c9f5b639fe88618fd3d83b79abadddf84dc0e5	True	unresolved	unresolved
sub-1	04	01	sub-1/ses-04/run-01/tsv-row-13	13	rest	1	90.12	5.0	22530	23780	sub-1/ses-04/eeg/sub-1_ses-04_task-imagery_run-01_eeg.edf	sub-01	V	s	s	0	sub-01/ses-04/eeg/sub-01_ses-04_task-MotorImageryRest_run-01_eeg.vhdr	cdd1fe43a2ede774b2a107e3e3c9f5b639fe88618fd3d83b79abadddf84dc0e5	True	unresolved	unresolved
sub-1	04	01	sub-1/ses-04/run-01/tsv-row-14	14	right_hand	2	97.008	5.0	24252	25502	sub-1/ses-04/eeg/sub-1_ses-04_task-imagery_run-01_eeg.edf	sub-01	V	s	s	0	sub-01/ses-04/eeg/sub-01_ses-04_task-MotorImageryRest_run-01_eeg.vhdr	cdd1fe43a2ede774b2a107e3e3c9f5b639fe88618fd3d83b79abadddf84dc0e5	True	unresolved	unresolved
sub-1	04	01	sub-1/ses-04/run-01/tsv-row-15	15	right_hand	2	103.912	5.0	25978	27228	sub-1/ses-04/eeg/sub-1_ses-04_task-imagery_run-01_eeg.edf	sub-01	V	s	s	0	sub-01/ses-04/eeg/sub-01_ses-04_task-MotorImageryRest_run-01_eeg.vhdr	cdd1fe43a2ede774b2a107e3e3c9f5b639fe88618fd3d83b79abadddf84dc0e5	True	unresolved	unresolved
sub-1	04	01	sub-1/ses-04/run-01/tsv-row-16	16	rest	1	110.784	5.0	27696	28946	sub-1/ses-04/eeg/sub-1_ses-04_task-imagery_run-01_eeg.edf	sub-01	V	s	s	0	sub-01/ses-04/eeg/sub-01_ses-04_task-MotorImageryRest_run-01_eeg.vhdr	cdd1fe43a2ede774b2a107e3e3c9f5b639fe88618fd3d83b79abadddf84dc0e5	True	unresolved	unresolved
sub-1	04	01	sub-1/ses-04/run-01/tsv-row-17	17	rest	1	117.684	5.0	29421	30671	sub-1/ses-04/eeg/sub-1_ses-04_task-imagery_run-01_eeg.edf	sub-01	V	s	s	0	sub-01/ses-04/eeg/sub-01_ses-04_task-MotorImageryRest_run-01_eeg.vhdr	cdd1fe43a2ede774b2a107e3e3c9f5b639fe88618fd3d83b79abadddf84dc0e5	True	unresolved	unresolved
sub-1	04	01	sub-1/ses-04/run-01/tsv-row-18	18	right_hand	2	124.572	5.0	31143	32393	sub-1/ses-04/eeg/sub-1_ses-04_task-imagery_run-01_eeg.edf	sub-01	V	s	s	0	sub-01/ses-04/eeg/sub-01_ses-04_task-MotorImageryRest_run-01_eeg.vhdr	cdd1fe43a2ede774b2a107e3e3c9f5b639fe88618fd3d83b79abadddf84dc0e5	True	unresolved	unresolved
sub-1	04	01	sub-1/ses-04/run-01/tsv-row-19	19	right_hand	2	131.46	5.0	32865	34115	sub-1/ses-04/eeg/sub-1_ses-04_task-imagery_run-01_eeg.edf	sub-01	V	s	s	0	sub-01/ses-04/eeg/sub-01_ses-04_task-MotorImageryRest_run-01_eeg.vhdr	cdd1fe43a2ede774b2a107e3e3c9f5b639fe88618fd3d83b79abadddf84dc0e5	True	unresolved	unresolved
sub-1	04	01	sub-1/ses-04/run-01/tsv-row-20	20	rest	1	138.328	5.0	34582	35832	sub-1/ses-04/eeg/sub-1_ses-04_task-imagery_run-01_eeg.edf	sub-01	V	s	s	0	sub-01/ses-04/eeg/sub-01_ses-04_task-MotorImageryRest_run-01_eeg.vhdr	cdd1fe43a2ede774b2a107e3e3c9f5b639fe88618fd3d83b79abadddf84dc0e5	True	unresolved	unresolved
sub-1	04	01	sub-1/ses-04/run-01/tsv-row-21	21	rest	1	145.232	5.0	36308	37558	sub-1/ses-04/eeg/sub-1_ses-04_task-imagery_run-01_eeg.edf	sub-01	V	s	s	0	sub-01/ses-04/eeg/sub-01_ses-04_task-MotorImageryRest_run-01_eeg.vhdr	cdd1fe43a2ede774b2a107e3e3c9f5b639fe88618fd3d83b79abadddf84dc0e5	True	unresolved	unresolved
sub-1	04	01	sub-1/ses-04/run-01/tsv-row-22	22	right_hand	2	152.12	5.0	38030	39280	sub-1/ses-04/eeg/sub-1_ses-04_task-imagery_run-01_eeg.edf	sub-01	V	s	s	0	sub-01/ses-04/eeg/sub-01_ses-04_task-MotorImageryRest_run-01_eeg.vhdr	cdd1fe43a2ede774b2a107e3e3c9f5b639fe88618fd3d83b79abadddf84dc0e5	True	unresolved	unresolved
sub-1	04	01	sub-1/ses-04/run-01/tsv-row-23	23	rest	1	158.988	5.0	39747	40997	sub-1/ses-04/eeg/sub-1_ses-04_task-imagery_run-01_eeg.edf	sub-01	V	s	s	0	sub-01/ses-04/eeg/sub-01_ses-04_task-MotorImageryRest_run-01_eeg.vhdr	cdd1fe43a2ede774b2a107e3e3c9f5b639fe88618fd3d83b79abadddf84dc0e5	True	unresolved	unresolved
sub-1	04	01	sub-1/ses-04/run-01/tsv-row-24	24	right_hand	2	165.892	5.0	41473	42723	sub-1/ses-04/eeg/sub-1_ses-04_task-imagery_run-01_eeg.edf	sub-01	V	s	s	0	sub-01/ses-04/eeg/sub-01_ses-04_task-MotorImageryRest_run-01_eeg.vhdr	cdd1fe43a2ede774b2a107e3e3c9f5b639fe88618fd3d83b79abadddf84dc0e5	True	unresolved	unresolved
sub-1	04	01	sub-1/ses-04/run-01/tsv-row-25	25	rest	1	172.78	5.0	43195	44445	sub-1/ses-04/eeg/sub-1_ses-04_task-imagery_run-01_eeg.edf	sub-01	V	s	s	0	sub-01/ses-04/eeg/sub-01_ses-04_task-MotorImageryRest_run-01_eeg.vhdr	cdd1fe43a2ede774b2a107e3e3c9f5b639fe88618fd3d83b79abadddf84dc0e5	True	unresolved	unresolved
sub-1	04	01	sub-1/ses-04/run-01/tsv-row-26	26	right_hand	2	179.668	5.0	44917	46167	sub-1/ses-04/eeg/sub-1_ses-04_task-imagery_run-01_eeg.edf	sub-01	V	s	s	0	sub-01/ses-04/eeg/sub-01_ses-04_task-MotorImageryRest_run-01_eeg.vhdr	cdd1fe43a2ede774b2a107e3e3c9f5b639fe88618fd3d83b79abadddf84dc0e5	True	unresolved	unresolved
sub-1	04	01	sub-1/ses-04/run-01/tsv-row-27	27	right_hand	2	186.552	5.0	46638	47888	sub-1/ses-04/eeg/sub-1_ses-04_task-imagery_run-01_eeg.edf	sub-01	V	s	s	0	sub-01/ses-04/eeg/sub-01_ses-04_task-MotorImageryRest_run-01_eeg.vhdr	cdd1fe43a2ede774b2a107e3e3c9f5b639fe88618fd3d83b79abadddf84dc0e5	True	unresolved	unresolved
sub-1	04	01	sub-1/ses-04/run-01/tsv-row-28	28	rest	1	193.44	5.0	48360	49610	sub-1/ses-04/eeg/sub-1_ses-04_task-imagery_run-01_eeg.edf	sub-01	V	s	s	0	sub-01/ses-04/eeg/sub-01_ses-04_task-MotorImageryRest_run-01_eeg.vhdr	cdd1fe43a2ede774b2a107e3e3c9f5b639fe88618fd3d83b79abadddf84dc0e5	True	unresolved	unresolved
sub-1	04	01	sub-1/ses-04/run-01/tsv-row-29	29	rest	1	200.328	5.0	50082	51332	sub-1/ses-04/eeg/sub-1_ses-04_task-imagery_run-01_eeg.edf	sub-01	V	s	s	0	sub-01/ses-04/eeg/sub-01_ses-04_task-MotorImageryRest_run-01_eeg.vhdr	cdd1fe43a2ede774b2a107e3e3c9f5b639fe88618fd3d83b79abadddf84dc0e5	True	unresolved	unresolved
sub-1	04	01	sub-1/ses-04/run-01/tsv-row-30	30	right_hand	2	207.232	5.0	51808	53058	sub-1/ses-04/eeg/sub-1_ses-04_task-imagery_run-01_eeg.edf	sub-01	V	s	s	0	sub-01/ses-04/eeg/sub-01_ses-04_task-MotorImageryRest_run-01_eeg.vhdr	cdd1fe43a2ede774b2a107e3e3c9f5b639fe88618fd3d83b79abadddf84dc0e5	True	unresolved	unresolved
sub-1	04	02	sub-1/ses-04/run-02/tsv-row-1	1	rest	1	7.16	5.0	1790	3040	sub-1/ses-04/eeg/sub-1_ses-04_task-imagery_run-02_eeg.edf	sub-01	V	s	s	0	sub-01/ses-04/eeg/sub-01_ses-04_task-MotorImageryRest_run-02_eeg.vhdr	effed958d48b18501a01b2a4725bad8a1b319e38833912b29ae5d1277a281d9d	True	unresolved	unresolved
sub-1	04	02	sub-1/ses-04/run-02/tsv-row-2	2	right_hand	2	14.044	5.0	3511	4761	sub-1/ses-04/eeg/sub-1_ses-04_task-imagery_run-02_eeg.edf	sub-01	V	s	s	0	sub-01/ses-04/eeg/sub-01_ses-04_task-MotorImageryRest_run-02_eeg.vhdr	effed958d48b18501a01b2a4725bad8a1b319e38833912b29ae5d1277a281d9d	True	unresolved	unresolved
sub-1	04	02	sub-1/ses-04/run-02/tsv-row-3	3	rest	1	20.952	5.0	5238	6488	sub-1/ses-04/eeg/sub-1_ses-04_task-imagery_run-02_eeg.edf	sub-01	V	s	s	0	sub-01/ses-04/eeg/sub-01_ses-04_task-MotorImageryRest_run-02_eeg.vhdr	effed958d48b18501a01b2a4725bad8a1b319e38833912b29ae5d1277a281d9d	True	unresolved	unresolved
sub-1	04	02	sub-1/ses-04/run-02/tsv-row-4	4	right_hand	2	27.832	5.0	6958	8208	sub-1/ses-04/eeg/sub-1_ses-04_task-imagery_run-02_eeg.edf	sub-01	V	s	s	0	sub-01/ses-04/eeg/sub-01_ses-04_task-MotorImageryRest_run-02_eeg.vhdr	effed958d48b18501a01b2a4725bad8a1b319e38833912b29ae5d1277a281d9d	True	unresolved	unresolved
sub-1	04	02	sub-1/ses-04/run-02/tsv-row-5	5	rest	1	34.708	5.0	8677	9927	sub-1/ses-04/eeg/sub-1_ses-04_task-imagery_run-02_eeg.edf	sub-01	V	s	s	0	sub-01/ses-04/eeg/sub-01_ses-04_task-MotorImageryRest_run-02_eeg.vhdr	effed958d48b18501a01b2a4725bad8a1b319e38833912b29ae5d1277a281d9d	True	unresolved	unresolved
sub-1	04	02	sub-1/ses-04/run-02/tsv-row-6	6	right_hand	2	41.608	5.0	10402	11652	sub-1/ses-04/eeg/sub-1_ses-04_task-imagery_run-02_eeg.edf	sub-01	V	s	s	0	sub-01/ses-04/eeg/sub-01_ses-04_task-MotorImageryRest_run-02_eeg.vhdr	effed958d48b18501a01b2a4725bad8a1b319e38833912b29ae5d1277a281d9d	True	unresolved	unresolved
sub-1	04	02	sub-1/ses-04/run-02/tsv-row-7	7	rest	1	48.5	5.0	12125	13375	sub-1/ses-04/eeg/sub-1_ses-04_task-imagery_run-02_eeg.edf	sub-01	V	s	s	0	sub-01/ses-04/eeg/sub-01_ses-04_task-MotorImageryRest_run-02_eeg.vhdr	effed958d48b18501a01b2a4725bad8a1b319e38833912b29ae5d1277a281d9d	True	unresolved	unresolved
sub-1	04	02	sub-1/ses-04/run-02/tsv-row-8	8	right_hand	2	55.38	5.0	13845	15095	sub-1/ses-04/eeg/sub-1_ses-04_task-imagery_run-02_eeg.edf	sub-01	V	s	s	0	sub-01/ses-04/eeg/sub-01_ses-04_task-MotorImageryRest_run-02_eeg.vhdr	effed958d48b18501a01b2a4725bad8a1b319e38833912b29ae5d1277a281d9d	True	unresolved	unresolved
sub-1	04	02	sub-1/ses-04/run-02/tsv-row-9	9	rest	1	62.272	5.0	15568	16818	sub-1/ses-04/eeg/sub-1_ses-04_task-imagery_run-02_eeg.edf	sub-01	V	s	s	0	sub-01/ses-04/eeg/sub-01_ses-04_task-MotorImageryRest_run-02_eeg.vhdr	effed958d48b18501a01b2a4725bad8a1b319e38833912b29ae5d1277a281d9d	True	unresolved	unresolved
sub-1	04	02	sub-1/ses-04/run-02/tsv-row-10	10	right_hand	2	69.156	5.0	17289	18539	sub-1/ses-04/eeg/sub-1_ses-04_task-imagery_run-02_eeg.edf	sub-01	V	s	s	0	sub-01/ses-04/eeg/sub-01_ses-04_task-MotorImageryRest_run-02_eeg.vhdr	effed958d48b18501a01b2a4725bad8a1b319e38833912b29ae5d1277a281d9d	True	unresolved	unresolved
sub-1	04	02	sub-1/ses-04/run-02/tsv-row-11	11	right_hand	2	76.056	5.0	19014	20264	sub-1/ses-04/eeg/sub-1_ses-04_task-imagery_run-02_eeg.edf	sub-01	V	s	s	0	sub-01/ses-04/eeg/sub-01_ses-04_task-MotorImageryRest_run-02_eeg.vhdr	effed958d48b18501a01b2a4725bad8a1b319e38833912b29ae5d1277a281d9d	True	unresolved	unresolved
sub-1	04	02	sub-1/ses-04/run-02/tsv-row-12	12	rest	1	82.932	5.0	20733	21983	sub-1/ses-04/eeg/sub-1_ses-04_task-imagery_run-02_eeg.edf	sub-01	V	s	s	0	sub-01/ses-04/eeg/sub-01_ses-04_task-MotorImageryRest_run-02_eeg.vhdr	effed958d48b18501a01b2a4725bad8a1b319e38833912b29ae5d1277a281d9d	True	unresolved	unresolved
sub-1	04	02	sub-1/ses-04/run-02/tsv-row-13	13	rest	1	89.836	5.0	22459	23709	sub-1/ses-04/eeg/sub-1_ses-04_task-imagery_run-02_eeg.edf	sub-01	V	s	s	0	sub-01/ses-04/eeg/sub-01_ses-04_task-MotorImageryRest_run-02_eeg.vhdr	effed958d48b18501a01b2a4725bad8a1b319e38833912b29ae5d1277a281d9d	True	unresolved	unresolved
sub-1	04	02	sub-1/ses-04/run-02/tsv-row-14	14	right_hand	2	96.7	5.0	24175	25425	sub-1/ses-04/eeg/sub-1_ses-04_task-imagery_run-02_eeg.edf	sub-01	V	s	s	0	sub-01/ses-04/eeg/sub-01_ses-04_task-MotorImageryRest_run-02_eeg.vhdr	effed958d48b18501a01b2a4725bad8a1b319e38833912b29ae5d1277a281d9d	True	unresolved	unresolved
sub-1	04	02	sub-1/ses-04/run-02/tsv-row-15	15	right_hand	2	103.604	5.0	25901	27151	sub-1/ses-04/eeg/sub-1_ses-04_task-imagery_run-02_eeg.edf	sub-01	V	s	s	0	sub-01/ses-04/eeg/sub-01_ses-04_task-MotorImageryRest_run-02_eeg.vhdr	effed958d48b18501a01b2a4725bad8a1b319e38833912b29ae5d1277a281d9d	True	unresolved	unresolved
sub-1	04	02	sub-1/ses-04/run-02/tsv-row-16	16	rest	1	110.496	5.0	27624	28874	sub-1/ses-04/eeg/sub-1_ses-04_task-imagery_run-02_eeg.edf	sub-01	V	s	s	0	sub-01/ses-04/eeg/sub-01_ses-04_task-MotorImageryRest_run-02_eeg.vhdr	effed958d48b18501a01b2a4725bad8a1b319e38833912b29ae5d1277a281d9d	True	unresolved	unresolved
sub-1	04	02	sub-1/ses-04/run-02/tsv-row-17	17	right_hand	2	117.36	5.0	29340	30590	sub-1/ses-04/eeg/sub-1_ses-04_task-imagery_run-02_eeg.edf	sub-01	V	s	s	0	sub-01/ses-04/eeg/sub-01_ses-04_task-MotorImageryRest_run-02_eeg.vhdr	effed958d48b18501a01b2a4725bad8a1b319e38833912b29ae5d1277a281d9d	True	unresolved	unresolved
sub-1	04	02	sub-1/ses-04/run-02/tsv-row-18	18	rest	1	124.252	5.0	31063	32313	sub-1/ses-04/eeg/sub-1_ses-04_task-imagery_run-02_eeg.edf	sub-01	V	s	s	0	sub-01/ses-04/eeg/sub-01_ses-04_task-MotorImageryRest_run-02_eeg.vhdr	effed958d48b18501a01b2a4725bad8a1b319e38833912b29ae5d1277a281d9d	True	unresolved	unresolved
sub-1	04	02	sub-1/ses-04/run-02/tsv-row-19	19	rest	1	131.156	5.0	32789	34039	sub-1/ses-04/eeg/sub-1_ses-04_task-imagery_run-02_eeg.edf	sub-01	V	s	s	0	sub-01/ses-04/eeg/sub-01_ses-04_task-MotorImageryRest_run-02_eeg.vhdr	effed958d48b18501a01b2a4725bad8a1b319e38833912b29ae5d1277a281d9d	True	unresolved	unresolved
sub-1	04	02	sub-1/ses-04/run-02/tsv-row-20	20	right_hand	2	138.04	5.0	34510	35760	sub-1/ses-04/eeg/sub-1_ses-04_task-imagery_run-02_eeg.edf	sub-01	V	s	s	0	sub-01/ses-04/eeg/sub-01_ses-04_task-MotorImageryRest_run-02_eeg.vhdr	effed958d48b18501a01b2a4725bad8a1b319e38833912b29ae5d1277a281d9d	True	unresolved	unresolved
sub-1	04	02	sub-1/ses-04/run-02/tsv-row-21	21	rest	1	144.932	5.0	36233	37483	sub-1/ses-04/eeg/sub-1_ses-04_task-imagery_run-02_eeg.edf	sub-01	V	s	s	0	sub-01/ses-04/eeg/sub-01_ses-04_task-MotorImageryRest_run-02_eeg.vhdr	effed958d48b18501a01b2a4725bad8a1b319e38833912b29ae5d1277a281d9d	True	unresolved	unresolved
sub-1	04	02	sub-1/ses-04/run-02/tsv-row-22	22	right_hand	2	151.812	5.0	37953	39203	sub-1/ses-04/eeg/sub-1_ses-04_task-imagery_run-02_eeg.edf	sub-01	V	s	s	0	sub-01/ses-04/eeg/sub-01_ses-04_task-MotorImageryRest_run-02_eeg.vhdr	effed958d48b18501a01b2a4725bad8a1b319e38833912b29ae5d1277a281d9d	True	unresolved	unresolved
sub-1	04	02	sub-1/ses-04/run-02/tsv-row-23	23	right_hand	2	165.668	5.0	41417	42667	sub-1/ses-04/eeg/sub-1_ses-04_task-imagery_run-02_eeg.edf	sub-01	V	s	s	0	sub-01/ses-04/eeg/sub-01_ses-04_task-MotorImageryRest_run-02_eeg.vhdr	effed958d48b18501a01b2a4725bad8a1b319e38833912b29ae5d1277a281d9d	True	unresolved	unresolved
sub-1	04	02	sub-1/ses-04/run-02/tsv-row-24	24	rest	1	172.56	5.0	43140	44390	sub-1/ses-04/eeg/sub-1_ses-04_task-imagery_run-02_eeg.edf	sub-01	V	s	s	0	sub-01/ses-04/eeg/sub-01_ses-04_task-MotorImageryRest_run-02_eeg.vhdr	effed958d48b18501a01b2a4725bad8a1b319e38833912b29ae5d1277a281d9d	True	unresolved	unresolved
sub-1	04	02	sub-1/ses-04/run-02/tsv-row-25	25	right_hand	2	179.444	5.0	44861	46111	sub-1/ses-04/eeg/sub-1_ses-04_task-imagery_run-02_eeg.edf	sub-01	V	s	s	0	sub-01/ses-04/eeg/sub-01_ses-04_task-MotorImageryRest_run-02_eeg.vhdr	effed958d48b18501a01b2a4725bad8a1b319e38833912b29ae5d1277a281d9d	True	unresolved	unresolved
sub-1	04	02	sub-1/ses-04/run-02/tsv-row-26	26	right_hand	2	186.348	5.0	46587	47837	sub-1/ses-04/eeg/sub-1_ses-04_task-imagery_run-02_eeg.edf	sub-01	V	s	s	0	sub-01/ses-04/eeg/sub-01_ses-04_task-MotorImageryRest_run-02_eeg.vhdr	effed958d48b18501a01b2a4725bad8a1b319e38833912b29ae5d1277a281d9d	True	unresolved	unresolved
sub-1	04	02	sub-1/ses-04/run-02/tsv-row-27	27	rest	1	193.22	5.0	48305	49555	sub-1/ses-04/eeg/sub-1_ses-04_task-imagery_run-02_eeg.edf	sub-01	V	s	s	0	sub-01/ses-04/eeg/sub-01_ses-04_task-MotorImageryRest_run-02_eeg.vhdr	effed958d48b18501a01b2a4725bad8a1b319e38833912b29ae5d1277a281d9d	True	unresolved	unresolved
sub-1	04	02	sub-1/ses-04/run-02/tsv-row-28	28	right_hand	2	200.104	5.0	50026	51276	sub-1/ses-04/eeg/sub-1_ses-04_task-imagery_run-02_eeg.edf	sub-01	V	s	s	0	sub-01/ses-04/eeg/sub-01_ses-04_task-MotorImageryRest_run-02_eeg.vhdr	effed958d48b18501a01b2a4725bad8a1b319e38833912b29ae5d1277a281d9d	True	unresolved	unresolved
sub-1	04	02	sub-1/ses-04/run-02/tsv-row-29	29	rest	1	207.012	5.0	51753	53003	sub-1/ses-04/eeg/sub-1_ses-04_task-imagery_run-02_eeg.edf	sub-01	V	s	s	0	sub-01/ses-04/eeg/sub-01_ses-04_task-MotorImageryRest_run-02_eeg.vhdr	effed958d48b18501a01b2a4725bad8a1b319e38833912b29ae5d1277a281d9d	True	unresolved	unresolved
sub-1	04	03	sub-1/ses-04/run-03/tsv-row-1	1	right_hand	2	7.892	5.0	1973	3223	sub-1/ses-04/eeg/sub-1_ses-04_task-imagery_run-03_eeg.edf	sub-01	V	s	s	0	sub-01/ses-04/eeg/sub-01_ses-04_task-MotorImageryRest_run-03_eeg.vhdr	9411ba44436f9282a3b26f4ce8498085920722280d59b5fa2a75faeaae316866	True	unresolved	unresolved
sub-1	04	03	sub-1/ses-04/run-03/tsv-row-2	2	rest	1	14.78	5.0	3695	4945	sub-1/ses-04/eeg/sub-1_ses-04_task-imagery_run-03_eeg.edf	sub-01	V	s	s	0	sub-01/ses-04/eeg/sub-01_ses-04_task-MotorImageryRest_run-03_eeg.vhdr	9411ba44436f9282a3b26f4ce8498085920722280d59b5fa2a75faeaae316866	True	unresolved	unresolved
sub-1	04	03	sub-1/ses-04/run-03/tsv-row-3	3	rest	1	21.668	5.0	5417	6667	sub-1/ses-04/eeg/sub-1_ses-04_task-imagery_run-03_eeg.edf	sub-01	V	s	s	0	sub-01/ses-04/eeg/sub-01_ses-04_task-MotorImageryRest_run-03_eeg.vhdr	9411ba44436f9282a3b26f4ce8498085920722280d59b5fa2a75faeaae316866	True	unresolved	unresolved
sub-1	04	03	sub-1/ses-04/run-03/tsv-row-4	4	right_hand	2	28.536	5.0	7134	8384	sub-1/ses-04/eeg/sub-1_ses-04_task-imagery_run-03_eeg.edf	sub-01	V	s	s	0	sub-01/ses-04/eeg/sub-01_ses-04_task-MotorImageryRest_run-03_eeg.vhdr	9411ba44436f9282a3b26f4ce8498085920722280d59b5fa2a75faeaae316866	True	unresolved	unresolved
sub-1	04	03	sub-1/ses-04/run-03/tsv-row-5	5	right_hand	2	35.44	5.0	8860	10110	sub-1/ses-04/eeg/sub-1_ses-04_task-imagery_run-03_eeg.edf	sub-01	V	s	s	0	sub-01/ses-04/eeg/sub-01_ses-04_task-MotorImageryRest_run-03_eeg.vhdr	9411ba44436f9282a3b26f4ce8498085920722280d59b5fa2a75faeaae316866	True	unresolved	unresolved
sub-1	04	03	sub-1/ses-04/run-03/tsv-row-6	6	rest	1	42.328	5.0	10582	11832	sub-1/ses-04/eeg/sub-1_ses-04_task-imagery_run-03_eeg.edf	sub-01	V	s	s	0	sub-01/ses-04/eeg/sub-01_ses-04_task-MotorImageryRest_run-03_eeg.vhdr	9411ba44436f9282a3b26f4ce8498085920722280d59b5fa2a75faeaae316866	True	unresolved	unresolved
sub-1	04	03	sub-1/ses-04/run-03/tsv-row-7	7	right_hand	2	49.196	5.0	12299	13549	sub-1/ses-04/eeg/sub-1_ses-04_task-imagery_run-03_eeg.edf	sub-01	V	s	s	0	sub-01/ses-04/eeg/sub-01_ses-04_task-MotorImageryRest_run-03_eeg.vhdr	9411ba44436f9282a3b26f4ce8498085920722280d59b5fa2a75faeaae316866	True	unresolved	unresolved
sub-1	04	03	sub-1/ses-04/run-03/tsv-row-8	8	rest	1	56.1	5.0	14025	15275	sub-1/ses-04/eeg/sub-1_ses-04_task-imagery_run-03_eeg.edf	sub-01	V	s	s	0	sub-01/ses-04/eeg/sub-01_ses-04_task-MotorImageryRest_run-03_eeg.vhdr	9411ba44436f9282a3b26f4ce8498085920722280d59b5fa2a75faeaae316866	True	unresolved	unresolved
sub-1	04	03	sub-1/ses-04/run-03/tsv-row-9	9	right_hand	2	62.988	5.0	15747	16997	sub-1/ses-04/eeg/sub-1_ses-04_task-imagery_run-03_eeg.edf	sub-01	V	s	s	0	sub-01/ses-04/eeg/sub-01_ses-04_task-MotorImageryRest_run-03_eeg.vhdr	9411ba44436f9282a3b26f4ce8498085920722280d59b5fa2a75faeaae316866	True	unresolved	unresolved
sub-1	04	03	sub-1/ses-04/run-03/tsv-row-10	10	rest	1	69.876	5.0	17469	18719	sub-1/ses-04/eeg/sub-1_ses-04_task-imagery_run-03_eeg.edf	sub-01	V	s	s	0	sub-01/ses-04/eeg/sub-01_ses-04_task-MotorImageryRest_run-03_eeg.vhdr	9411ba44436f9282a3b26f4ce8498085920722280d59b5fa2a75faeaae316866	True	unresolved	unresolved
sub-1	04	03	sub-1/ses-04/run-03/tsv-row-11	11	right_hand	2	76.76	5.0	19190	20440	sub-1/ses-04/eeg/sub-1_ses-04_task-imagery_run-03_eeg.edf	sub-01	V	s	s	0	sub-01/ses-04/eeg/sub-01_ses-04_task-MotorImageryRest_run-03_eeg.vhdr	9411ba44436f9282a3b26f4ce8498085920722280d59b5fa2a75faeaae316866	True	unresolved	unresolved
sub-1	04	03	sub-1/ses-04/run-03/tsv-row-12	12	rest	1	83.648	5.0	20912	22162	sub-1/ses-04/eeg/sub-1_ses-04_task-imagery_run-03_eeg.edf	sub-01	V	s	s	0	sub-01/ses-04/eeg/sub-01_ses-04_task-MotorImageryRest_run-03_eeg.vhdr	9411ba44436f9282a3b26f4ce8498085920722280d59b5fa2a75faeaae316866	True	unresolved	unresolved
sub-1	04	03	sub-1/ses-04/run-03/tsv-row-13	13	right_hand	2	90.536	5.0	22634	23884	sub-1/ses-04/eeg/sub-1_ses-04_task-imagery_run-03_eeg.edf	sub-01	V	s	s	0	sub-01/ses-04/eeg/sub-01_ses-04_task-MotorImageryRest_run-03_eeg.vhdr	9411ba44436f9282a3b26f4ce8498085920722280d59b5fa2a75faeaae316866	True	unresolved	unresolved
sub-1	04	03	sub-1/ses-04/run-03/tsv-row-14	14	rest	1	97.44	5.0	24360	25610	sub-1/ses-04/eeg/sub-1_ses-04_task-imagery_run-03_eeg.edf	sub-01	V	s	s	0	sub-01/ses-04/eeg/sub-01_ses-04_task-MotorImageryRest_run-03_eeg.vhdr	9411ba44436f9282a3b26f4ce8498085920722280d59b5fa2a75faeaae316866	True	unresolved	unresolved
sub-1	04	03	sub-1/ses-04/run-03/tsv-row-15	15	rest	1	104.328	5.0	26082	27332	sub-1/ses-04/eeg/sub-1_ses-04_task-imagery_run-03_eeg.edf	sub-01	V	s	s	0	sub-01/ses-04/eeg/sub-01_ses-04_task-MotorImageryRest_run-03_eeg.vhdr	9411ba44436f9282a3b26f4ce8498085920722280d59b5fa2a75faeaae316866	True	unresolved	unresolved
sub-1	04	03	sub-1/ses-04/run-03/tsv-row-16	16	right_hand	2	111.196	5.0	27799	29049	sub-1/ses-04/eeg/sub-1_ses-04_task-imagery_run-03_eeg.edf	sub-01	V	s	s	0	sub-01/ses-04/eeg/sub-01_ses-04_task-MotorImageryRest_run-03_eeg.vhdr	9411ba44436f9282a3b26f4ce8498085920722280d59b5fa2a75faeaae316866	True	unresolved	unresolved
sub-1	04	03	sub-1/ses-04/run-03/tsv-row-17	17	right_hand	2	118.1	5.0	29525	30775	sub-1/ses-04/eeg/sub-1_ses-04_task-imagery_run-03_eeg.edf	sub-01	V	s	s	0	sub-01/ses-04/eeg/sub-01_ses-04_task-MotorImageryRest_run-03_eeg.vhdr	9411ba44436f9282a3b26f4ce8498085920722280d59b5fa2a75faeaae316866	True	unresolved	unresolved
sub-1	04	03	sub-1/ses-04/run-03/tsv-row-18	18	rest	1	124.988	5.0	31247	32497	sub-1/ses-04/eeg/sub-1_ses-04_task-imagery_run-03_eeg.edf	sub-01	V	s	s	0	sub-01/ses-04/eeg/sub-01_ses-04_task-MotorImageryRest_run-03_eeg.vhdr	9411ba44436f9282a3b26f4ce8498085920722280d59b5fa2a75faeaae316866	True	unresolved	unresolved
sub-1	04	03	sub-1/ses-04/run-03/tsv-row-19	19	rest	1	131.872	5.0	32968	34218	sub-1/ses-04/eeg/sub-1_ses-04_task-imagery_run-03_eeg.edf	sub-01	V	s	s	0	sub-01/ses-04/eeg/sub-01_ses-04_task-MotorImageryRest_run-03_eeg.vhdr	9411ba44436f9282a3b26f4ce8498085920722280d59b5fa2a75faeaae316866	True	unresolved	unresolved
sub-1	04	03	sub-1/ses-04/run-03/tsv-row-20	20	right_hand	2	138.76	5.0	34690	35940	sub-1/ses-04/eeg/sub-1_ses-04_task-imagery_run-03_eeg.edf	sub-01	V	s	s	0	sub-01/ses-04/eeg/sub-01_ses-04_task-MotorImageryRest_run-03_eeg.vhdr	9411ba44436f9282a3b26f4ce8498085920722280d59b5fa2a75faeaae316866	True	unresolved	unresolved
sub-1	04	03	sub-1/ses-04/run-03/tsv-row-21	21	rest	1	145.648	5.0	36412	37662	sub-1/ses-04/eeg/sub-1_ses-04_task-imagery_run-03_eeg.edf	sub-01	V	s	s	0	sub-01/ses-04/eeg/sub-01_ses-04_task-MotorImageryRest_run-03_eeg.vhdr	9411ba44436f9282a3b26f4ce8498085920722280d59b5fa2a75faeaae316866	True	unresolved	unresolved
sub-1	04	03	sub-1/ses-04/run-03/tsv-row-22	22	right_hand	2	152.532	5.0	38133	39383	sub-1/ses-04/eeg/sub-1_ses-04_task-imagery_run-03_eeg.edf	sub-01	V	s	s	0	sub-01/ses-04/eeg/sub-01_ses-04_task-MotorImageryRest_run-03_eeg.vhdr	9411ba44436f9282a3b26f4ce8498085920722280d59b5fa2a75faeaae316866	True	unresolved	unresolved
sub-1	04	03	sub-1/ses-04/run-03/tsv-row-23	23	rest	1	159.42	5.0	39855	41105	sub-1/ses-04/eeg/sub-1_ses-04_task-imagery_run-03_eeg.edf	sub-01	V	s	s	0	sub-01/ses-04/eeg/sub-01_ses-04_task-MotorImageryRest_run-03_eeg.vhdr	9411ba44436f9282a3b26f4ce8498085920722280d59b5fa2a75faeaae316866	True	unresolved	unresolved
sub-1	04	03	sub-1/ses-04/run-03/tsv-row-24	24	right_hand	2	166.308	5.0	41577	42827	sub-1/ses-04/eeg/sub-1_ses-04_task-imagery_run-03_eeg.edf	sub-01	V	s	s	0	sub-01/ses-04/eeg/sub-01_ses-04_task-MotorImageryRest_run-03_eeg.vhdr	9411ba44436f9282a3b26f4ce8498085920722280d59b5fa2a75faeaae316866	True	unresolved	unresolved
sub-1	04	03	sub-1/ses-04/run-03/tsv-row-25	25	right_hand	2	173.192	5.0	43298	44548	sub-1/ses-04/eeg/sub-1_ses-04_task-imagery_run-03_eeg.edf	sub-01	V	s	s	0	sub-01/ses-04/eeg/sub-01_ses-04_task-MotorImageryRest_run-03_eeg.vhdr	9411ba44436f9282a3b26f4ce8498085920722280d59b5fa2a75faeaae316866	True	unresolved	unresolved
sub-1	04	03	sub-1/ses-04/run-03/tsv-row-26	26	rest	1	180.08	5.0	45020	46270	sub-1/ses-04/eeg/sub-1_ses-04_task-imagery_run-03_eeg.edf	sub-01	V	s	s	0	sub-01/ses-04/eeg/sub-01_ses-04_task-MotorImageryRest_run-03_eeg.vhdr	9411ba44436f9282a3b26f4ce8498085920722280d59b5fa2a75faeaae316866	True	unresolved	unresolved
sub-1	04	03	sub-1/ses-04/run-03/tsv-row-27	27	rest	1	186.968	5.0	46742	47992	sub-1/ses-04/eeg/sub-1_ses-04_task-imagery_run-03_eeg.edf	sub-01	V	s	s	0	sub-01/ses-04/eeg/sub-01_ses-04_task-MotorImageryRest_run-03_eeg.vhdr	9411ba44436f9282a3b26f4ce8498085920722280d59b5fa2a75faeaae316866	True	unresolved	unresolved
sub-1	04	03	sub-1/ses-04/run-03/tsv-row-28	28	right_hand	2	193.856	5.0	48464	49714	sub-1/ses-04/eeg/sub-1_ses-04_task-imagery_run-03_eeg.edf	sub-01	V	s	s	0	sub-01/ses-04/eeg/sub-01_ses-04_task-MotorImageryRest_run-03_eeg.vhdr	9411ba44436f9282a3b26f4ce8498085920722280d59b5fa2a75faeaae316866	True	unresolved	unresolved
sub-1	04	03	sub-1/ses-04/run-03/tsv-row-29	29	rest	1	200.74	5.0	50185	51435	sub-1/ses-04/eeg/sub-1_ses-04_task-imagery_run-03_eeg.edf	sub-01	V	s	s	0	sub-01/ses-04/eeg/sub-01_ses-04_task-MotorImageryRest_run-03_eeg.vhdr	9411ba44436f9282a3b26f4ce8498085920722280d59b5fa2a75faeaae316866	True	unresolved	unresolved
sub-1	04	03	sub-1/ses-04/run-03/tsv-row-30	30	right_hand	2	207.644	5.0	51911	53161	sub-1/ses-04/eeg/sub-1_ses-04_task-imagery_run-03_eeg.edf	sub-01	V	s	s	0	sub-01/ses-04/eeg/sub-01_ses-04_task-MotorImageryRest_run-03_eeg.vhdr	9411ba44436f9282a3b26f4ce8498085920722280d59b5fa2a75faeaae316866	True	unresolved	unresolved
sub-1	04	04	sub-1/ses-04/run-04/tsv-row-1	1	right_hand	2	4.764	5.0	1191	2441	sub-1/ses-04/eeg/sub-1_ses-04_task-imagery_run-04_eeg.edf	sub-01	V	s	s	0	sub-01/ses-04/eeg/sub-01_ses-04_task-MotorImageryRest_run-04_eeg.vhdr	910fde8f379da840a3dd8dceb1f89eac9e5450254aaf30d34e09fc2d7584ab5c	True	unresolved	unresolved
sub-1	04	04	sub-1/ses-04/run-04/tsv-row-2	2	rest	1	11.632	5.0	2908	4158	sub-1/ses-04/eeg/sub-1_ses-04_task-imagery_run-04_eeg.edf	sub-01	V	s	s	0	sub-01/ses-04/eeg/sub-01_ses-04_task-MotorImageryRest_run-04_eeg.vhdr	910fde8f379da840a3dd8dceb1f89eac9e5450254aaf30d34e09fc2d7584ab5c	True	unresolved	unresolved
sub-1	04	04	sub-1/ses-04/run-04/tsv-row-3	3	rest	1	18.536	5.0	4634	5884	sub-1/ses-04/eeg/sub-1_ses-04_task-imagery_run-04_eeg.edf	sub-01	V	s	s	0	sub-01/ses-04/eeg/sub-01_ses-04_task-MotorImageryRest_run-04_eeg.vhdr	910fde8f379da840a3dd8dceb1f89eac9e5450254aaf30d34e09fc2d7584ab5c	True	unresolved	unresolved
sub-1	04	04	sub-1/ses-04/run-04/tsv-row-4	4	right_hand	2	25.424	5.0	6356	7606	sub-1/ses-04/eeg/sub-1_ses-04_task-imagery_run-04_eeg.edf	sub-01	V	s	s	0	sub-01/ses-04/eeg/sub-01_ses-04_task-MotorImageryRest_run-04_eeg.vhdr	910fde8f379da840a3dd8dceb1f89eac9e5450254aaf30d34e09fc2d7584ab5c	True	unresolved	unresolved
sub-1	04	04	sub-1/ses-04/run-04/tsv-row-5	5	right_hand	2	32.308	5.0	8077	9327	sub-1/ses-04/eeg/sub-1_ses-04_task-imagery_run-04_eeg.edf	sub-01	V	s	s	0	sub-01/ses-04/eeg/sub-01_ses-04_task-MotorImageryRest_run-04_eeg.vhdr	910fde8f379da840a3dd8dceb1f89eac9e5450254aaf30d34e09fc2d7584ab5c	True	unresolved	unresolved
sub-1	04	04	sub-1/ses-04/run-04/tsv-row-6	6	rest	1	39.18	5.0	9795	11045	sub-1/ses-04/eeg/sub-1_ses-04_task-imagery_run-04_eeg.edf	sub-01	V	s	s	0	sub-01/ses-04/eeg/sub-01_ses-04_task-MotorImageryRest_run-04_eeg.vhdr	910fde8f379da840a3dd8dceb1f89eac9e5450254aaf30d34e09fc2d7584ab5c	True	unresolved	unresolved
sub-1	04	04	sub-1/ses-04/run-04/tsv-row-7	7	rest	1	46.084	5.0	11521	12771	sub-1/ses-04/eeg/sub-1_ses-04_task-imagery_run-04_eeg.edf	sub-01	V	s	s	0	sub-01/ses-04/eeg/sub-01_ses-04_task-MotorImageryRest_run-04_eeg.vhdr	910fde8f379da840a3dd8dceb1f89eac9e5450254aaf30d34e09fc2d7584ab5c	True	unresolved	unresolved
sub-1	04	04	sub-1/ses-04/run-04/tsv-row-8	8	right_hand	2	52.972	5.0	13243	14493	sub-1/ses-04/eeg/sub-1_ses-04_task-imagery_run-04_eeg.edf	sub-01	V	s	s	0	sub-01/ses-04/eeg/sub-01_ses-04_task-MotorImageryRest_run-04_eeg.vhdr	910fde8f379da840a3dd8dceb1f89eac9e5450254aaf30d34e09fc2d7584ab5c	True	unresolved	unresolved
sub-1	04	04	sub-1/ses-04/run-04/tsv-row-9	9	rest	1	59.856	5.0	14964	16214	sub-1/ses-04/eeg/sub-1_ses-04_task-imagery_run-04_eeg.edf	sub-01	V	s	s	0	sub-01/ses-04/eeg/sub-01_ses-04_task-MotorImageryRest_run-04_eeg.vhdr	910fde8f379da840a3dd8dceb1f89eac9e5450254aaf30d34e09fc2d7584ab5c	True	unresolved	unresolved
sub-1	04	04	sub-1/ses-04/run-04/tsv-row-10	10	right_hand	2	66.744	5.0	16686	17936	sub-1/ses-04/eeg/sub-1_ses-04_task-imagery_run-04_eeg.edf	sub-01	V	s	s	0	sub-01/ses-04/eeg/sub-01_ses-04_task-MotorImageryRest_run-04_eeg.vhdr	910fde8f379da840a3dd8dceb1f89eac9e5450254aaf30d34e09fc2d7584ab5c	True	unresolved	unresolved
sub-1	04	04	sub-1/ses-04/run-04/tsv-row-11	11	rest	1	73.632	5.0	18408	19658	sub-1/ses-04/eeg/sub-1_ses-04_task-imagery_run-04_eeg.edf	sub-01	V	s	s	0	sub-01/ses-04/eeg/sub-01_ses-04_task-MotorImageryRest_run-04_eeg.vhdr	910fde8f379da840a3dd8dceb1f89eac9e5450254aaf30d34e09fc2d7584ab5c	True	unresolved	unresolved
sub-1	04	04	sub-1/ses-04/run-04/tsv-row-12	12	right_hand	2	80.516	5.0	20129	21379	sub-1/ses-04/eeg/sub-1_ses-04_task-imagery_run-04_eeg.edf	sub-01	V	s	s	0	sub-01/ses-04/eeg/sub-01_ses-04_task-MotorImageryRest_run-04_eeg.vhdr	910fde8f379da840a3dd8dceb1f89eac9e5450254aaf30d34e09fc2d7584ab5c	True	unresolved	unresolved
sub-1	04	04	sub-1/ses-04/run-04/tsv-row-13	13	right_hand	2	87.404	5.0	21851	23101	sub-1/ses-04/eeg/sub-1_ses-04_task-imagery_run-04_eeg.edf	sub-01	V	s	s	0	sub-01/ses-04/eeg/sub-01_ses-04_task-MotorImageryRest_run-04_eeg.vhdr	910fde8f379da840a3dd8dceb1f89eac9e5450254aaf30d34e09fc2d7584ab5c	True	unresolved	unresolved
sub-1	04	04	sub-1/ses-04/run-04/tsv-row-14	14	rest	1	94.292	5.0	23573	24823	sub-1/ses-04/eeg/sub-1_ses-04_task-imagery_run-04_eeg.edf	sub-01	V	s	s	0	sub-01/ses-04/eeg/sub-01_ses-04_task-MotorImageryRest_run-04_eeg.vhdr	910fde8f379da840a3dd8dceb1f89eac9e5450254aaf30d34e09fc2d7584ab5c	True	unresolved	unresolved
sub-1	04	04	sub-1/ses-04/run-04/tsv-row-15	15	rest	1	101.196	5.0	25299	26549	sub-1/ses-04/eeg/sub-1_ses-04_task-imagery_run-04_eeg.edf	sub-01	V	s	s	0	sub-01/ses-04/eeg/sub-01_ses-04_task-MotorImageryRest_run-04_eeg.vhdr	910fde8f379da840a3dd8dceb1f89eac9e5450254aaf30d34e09fc2d7584ab5c	True	unresolved	unresolved
sub-1	04	04	sub-1/ses-04/run-04/tsv-row-16	16	right_hand	2	108.064	5.0	27016	28266	sub-1/ses-04/eeg/sub-1_ses-04_task-imagery_run-04_eeg.edf	sub-01	V	s	s	0	sub-01/ses-04/eeg/sub-01_ses-04_task-MotorImageryRest_run-04_eeg.vhdr	910fde8f379da840a3dd8dceb1f89eac9e5450254aaf30d34e09fc2d7584ab5c	True	unresolved	unresolved
sub-1	04	04	sub-1/ses-04/run-04/tsv-row-17	17	rest	1	114.952	5.0	28738	29988	sub-1/ses-04/eeg/sub-1_ses-04_task-imagery_run-04_eeg.edf	sub-01	V	s	s	0	sub-01/ses-04/eeg/sub-01_ses-04_task-MotorImageryRest_run-04_eeg.vhdr	910fde8f379da840a3dd8dceb1f89eac9e5450254aaf30d34e09fc2d7584ab5c	True	unresolved	unresolved
sub-1	04	04	sub-1/ses-04/run-04/tsv-row-18	18	right_hand	2	121.84	5.0	30460	31710	sub-1/ses-04/eeg/sub-1_ses-04_task-imagery_run-04_eeg.edf	sub-01	V	s	s	0	sub-01/ses-04/eeg/sub-01_ses-04_task-MotorImageryRest_run-04_eeg.vhdr	910fde8f379da840a3dd8dceb1f89eac9e5450254aaf30d34e09fc2d7584ab5c	True	unresolved	unresolved
sub-1	04	04	sub-1/ses-04/run-04/tsv-row-19	19	rest	1	128.724	5.0	32181	33431	sub-1/ses-04/eeg/sub-1_ses-04_task-imagery_run-04_eeg.edf	sub-01	V	s	s	0	sub-01/ses-04/eeg/sub-01_ses-04_task-MotorImageryRest_run-04_eeg.vhdr	910fde8f379da840a3dd8dceb1f89eac9e5450254aaf30d34e09fc2d7584ab5c	True	unresolved	unresolved
sub-1	04	04	sub-1/ses-04/run-04/tsv-row-20	20	right_hand	2	135.628	5.0	33907	35157	sub-1/ses-04/eeg/sub-1_ses-04_task-imagery_run-04_eeg.edf	sub-01	V	s	s	0	sub-01/ses-04/eeg/sub-01_ses-04_task-MotorImageryRest_run-04_eeg.vhdr	910fde8f379da840a3dd8dceb1f89eac9e5450254aaf30d34e09fc2d7584ab5c	True	unresolved	unresolved
sub-1	04	04	sub-1/ses-04/run-04/tsv-row-21	21	rest	1	142.516	5.0	35629	36879	sub-1/ses-04/eeg/sub-1_ses-04_task-imagery_run-04_eeg.edf	sub-01	V	s	s	0	sub-01/ses-04/eeg/sub-01_ses-04_task-MotorImageryRest_run-04_eeg.vhdr	910fde8f379da840a3dd8dceb1f89eac9e5450254aaf30d34e09fc2d7584ab5c	True	unresolved	unresolved
sub-1	04	04	sub-1/ses-04/run-04/tsv-row-22	22	right_hand	2	149.384	5.0	37346	38596	sub-1/ses-04/eeg/sub-1_ses-04_task-imagery_run-04_eeg.edf	sub-01	V	s	s	0	sub-01/ses-04/eeg/sub-01_ses-04_task-MotorImageryRest_run-04_eeg.vhdr	910fde8f379da840a3dd8dceb1f89eac9e5450254aaf30d34e09fc2d7584ab5c	True	unresolved	unresolved
sub-1	04	04	sub-1/ses-04/run-04/tsv-row-23	23	rest	1	156.288	5.0	39072	40322	sub-1/ses-04/eeg/sub-1_ses-04_task-imagery_run-04_eeg.edf	sub-01	V	s	s	0	sub-01/ses-04/eeg/sub-01_ses-04_task-MotorImageryRest_run-04_eeg.vhdr	910fde8f379da840a3dd8dceb1f89eac9e5450254aaf30d34e09fc2d7584ab5c	True	unresolved	unresolved
sub-1	04	04	sub-1/ses-04/run-04/tsv-row-24	24	right_hand	2	163.176	5.0	40794	42044	sub-1/ses-04/eeg/sub-1_ses-04_task-imagery_run-04_eeg.edf	sub-01	V	s	s	0	sub-01/ses-04/eeg/sub-01_ses-04_task-MotorImageryRest_run-04_eeg.vhdr	910fde8f379da840a3dd8dceb1f89eac9e5450254aaf30d34e09fc2d7584ab5c	True	unresolved	unresolved
sub-1	04	04	sub-1/ses-04/run-04/tsv-row-25	25	rest	1	170.064	5.0	42516	43766	sub-1/ses-04/eeg/sub-1_ses-04_task-imagery_run-04_eeg.edf	sub-01	V	s	s	0	sub-01/ses-04/eeg/sub-01_ses-04_task-MotorImageryRest_run-04_eeg.vhdr	910fde8f379da840a3dd8dceb1f89eac9e5450254aaf30d34e09fc2d7584ab5c	True	unresolved	unresolved
sub-1	04	04	sub-1/ses-04/run-04/tsv-row-26	26	right_hand	2	176.948	5.0	44237	45487	sub-1/ses-04/eeg/sub-1_ses-04_task-imagery_run-04_eeg.edf	sub-01	V	s	s	0	sub-01/ses-04/eeg/sub-01_ses-04_task-MotorImageryRest_run-04_eeg.vhdr	910fde8f379da840a3dd8dceb1f89eac9e5450254aaf30d34e09fc2d7584ab5c	True	unresolved	unresolved
sub-1	04	04	sub-1/ses-04/run-04/tsv-row-27	27	right_hand	2	183.836	5.0	45959	47209	sub-1/ses-04/eeg/sub-1_ses-04_task-imagery_run-04_eeg.edf	sub-01	V	s	s	0	sub-01/ses-04/eeg/sub-01_ses-04_task-MotorImageryRest_run-04_eeg.vhdr	910fde8f379da840a3dd8dceb1f89eac9e5450254aaf30d34e09fc2d7584ab5c	True	unresolved	unresolved
sub-1	04	04	sub-1/ses-04/run-04/tsv-row-28	28	rest	1	190.724	5.0	47681	48931	sub-1/ses-04/eeg/sub-1_ses-04_task-imagery_run-04_eeg.edf	sub-01	V	s	s	0	sub-01/ses-04/eeg/sub-01_ses-04_task-MotorImageryRest_run-04_eeg.vhdr	910fde8f379da840a3dd8dceb1f89eac9e5450254aaf30d34e09fc2d7584ab5c	True	unresolved	unresolved
sub-1	04	04	sub-1/ses-04/run-04/tsv-row-29	29	rest	1	197.628	5.0	49407	50657	sub-1/ses-04/eeg/sub-1_ses-04_task-imagery_run-04_eeg.edf	sub-01	V	s	s	0	sub-01/ses-04/eeg/sub-01_ses-04_task-MotorImageryRest_run-04_eeg.vhdr	910fde8f379da840a3dd8dceb1f89eac9e5450254aaf30d34e09fc2d7584ab5c	True	unresolved	unresolved
sub-1	04	04	sub-1/ses-04/run-04/tsv-row-30	30	right_hand	2	204.496	5.0	51124	52374	sub-1/ses-04/eeg/sub-1_ses-04_task-imagery_run-04_eeg.edf	sub-01	V	s	s	0	sub-01/ses-04/eeg/sub-01_ses-04_task-MotorImageryRest_run-04_eeg.vhdr	910fde8f379da840a3dd8dceb1f89eac9e5450254aaf30d34e09fc2d7584ab5c	True	unresolved	unresolved
sub-1	04	05	sub-1/ses-04/run-05/tsv-row-1	1	right_hand	2	4.596	5.0	1149	2399	sub-1/ses-04/eeg/sub-1_ses-04_task-imagery_run-05_eeg.edf	sub-01	V	s	s	0	sub-01/ses-04/eeg/sub-01_ses-04_task-MotorImageryRest_run-05_eeg.vhdr	5658672f02dcdf98361acc5419b35775a1e72fe75eb57c0974bbfa86d86038a7	True	unresolved	unresolved
sub-1	04	05	sub-1/ses-04/run-05/tsv-row-2	2	rest	1	11.464	5.0	2866	4116	sub-1/ses-04/eeg/sub-1_ses-04_task-imagery_run-05_eeg.edf	sub-01	V	s	s	0	sub-01/ses-04/eeg/sub-01_ses-04_task-MotorImageryRest_run-05_eeg.vhdr	5658672f02dcdf98361acc5419b35775a1e72fe75eb57c0974bbfa86d86038a7	True	unresolved	unresolved
sub-1	04	05	sub-1/ses-04/run-05/tsv-row-3	3	right_hand	2	18.352	5.0	4588	5838	sub-1/ses-04/eeg/sub-1_ses-04_task-imagery_run-05_eeg.edf	sub-01	V	s	s	0	sub-01/ses-04/eeg/sub-01_ses-04_task-MotorImageryRest_run-05_eeg.vhdr	5658672f02dcdf98361acc5419b35775a1e72fe75eb57c0974bbfa86d86038a7	True	unresolved	unresolved
sub-1	04	05	sub-1/ses-04/run-05/tsv-row-4	4	rest	1	25.256	5.0	6314	7564	sub-1/ses-04/eeg/sub-1_ses-04_task-imagery_run-05_eeg.edf	sub-01	V	s	s	0	sub-01/ses-04/eeg/sub-01_ses-04_task-MotorImageryRest_run-05_eeg.vhdr	5658672f02dcdf98361acc5419b35775a1e72fe75eb57c0974bbfa86d86038a7	True	unresolved	unresolved
sub-1	04	05	sub-1/ses-04/run-05/tsv-row-5	5	rest	1	32.144	5.0	8036	9286	sub-1/ses-04/eeg/sub-1_ses-04_task-imagery_run-05_eeg.edf	sub-01	V	s	s	0	sub-01/ses-04/eeg/sub-01_ses-04_task-MotorImageryRest_run-05_eeg.vhdr	5658672f02dcdf98361acc5419b35775a1e72fe75eb57c0974bbfa86d86038a7	True	unresolved	unresolved
sub-1	04	05	sub-1/ses-04/run-05/tsv-row-6	6	right_hand	2	39.012	5.0	9753	11003	sub-1/ses-04/eeg/sub-1_ses-04_task-imagery_run-05_eeg.edf	sub-01	V	s	s	0	sub-01/ses-04/eeg/sub-01_ses-04_task-MotorImageryRest_run-05_eeg.vhdr	5658672f02dcdf98361acc5419b35775a1e72fe75eb57c0974bbfa86d86038a7	True	unresolved	unresolved
sub-1	04	05	sub-1/ses-04/run-05/tsv-row-7	7	right_hand	2	45.916	5.0	11479	12729	sub-1/ses-04/eeg/sub-1_ses-04_task-imagery_run-05_eeg.edf	sub-01	V	s	s	0	sub-01/ses-04/eeg/sub-01_ses-04_task-MotorImageryRest_run-05_eeg.vhdr	5658672f02dcdf98361acc5419b35775a1e72fe75eb57c0974bbfa86d86038a7	True	unresolved	unresolved
sub-1	04	05	sub-1/ses-04/run-05/tsv-row-8	8	rest	1	52.804	5.0	13201	14451	sub-1/ses-04/eeg/sub-1_ses-04_task-imagery_run-05_eeg.edf	sub-01	V	s	s	0	sub-01/ses-04/eeg/sub-01_ses-04_task-MotorImageryRest_run-05_eeg.vhdr	5658672f02dcdf98361acc5419b35775a1e72fe75eb57c0974bbfa86d86038a7	True	unresolved	unresolved
sub-1	04	05	sub-1/ses-04/run-05/tsv-row-9	9	right_hand	2	59.688	5.0	14922	16172	sub-1/ses-04/eeg/sub-1_ses-04_task-imagery_run-05_eeg.edf	sub-01	V	s	s	0	sub-01/ses-04/eeg/sub-01_ses-04_task-MotorImageryRest_run-05_eeg.vhdr	5658672f02dcdf98361acc5419b35775a1e72fe75eb57c0974bbfa86d86038a7	True	unresolved	unresolved
sub-1	04	05	sub-1/ses-04/run-05/tsv-row-10	10	rest	1	66.576	5.0	16644	17894	sub-1/ses-04/eeg/sub-1_ses-04_task-imagery_run-05_eeg.edf	sub-01	V	s	s	0	sub-01/ses-04/eeg/sub-01_ses-04_task-MotorImageryRest_run-05_eeg.vhdr	5658672f02dcdf98361acc5419b35775a1e72fe75eb57c0974bbfa86d86038a7	True	unresolved	unresolved
sub-1	04	05	sub-1/ses-04/run-05/tsv-row-11	11	right_hand	2	73.464	5.0	18366	19616	sub-1/ses-04/eeg/sub-1_ses-04_task-imagery_run-05_eeg.edf	sub-01	V	s	s	0	sub-01/ses-04/eeg/sub-01_ses-04_task-MotorImageryRest_run-05_eeg.vhdr	5658672f02dcdf98361acc5419b35775a1e72fe75eb57c0974bbfa86d86038a7	True	unresolved	unresolved
sub-1	04	05	sub-1/ses-04/run-05/tsv-row-12	12	rest	1	80.348	5.0	20087	21337	sub-1/ses-04/eeg/sub-1_ses-04_task-imagery_run-05_eeg.edf	sub-01	V	s	s	0	sub-01/ses-04/eeg/sub-01_ses-04_task-MotorImageryRest_run-05_eeg.vhdr	5658672f02dcdf98361acc5419b35775a1e72fe75eb57c0974bbfa86d86038a7	True	unresolved	unresolved
sub-1	04	05	sub-1/ses-04/run-05/tsv-row-13	13	right_hand	2	87.236	5.0	21809	23059	sub-1/ses-04/eeg/sub-1_ses-04_task-imagery_run-05_eeg.edf	sub-01	V	s	s	0	sub-01/ses-04/eeg/sub-01_ses-04_task-MotorImageryRest_run-05_eeg.vhdr	5658672f02dcdf98361acc5419b35775a1e72fe75eb57c0974bbfa86d86038a7	True	unresolved	unresolved
sub-1	04	05	sub-1/ses-04/run-05/tsv-row-14	14	rest	1	94.124	5.0	23531	24781	sub-1/ses-04/eeg/sub-1_ses-04_task-imagery_run-05_eeg.edf	sub-01	V	s	s	0	sub-01/ses-04/eeg/sub-01_ses-04_task-MotorImageryRest_run-05_eeg.vhdr	5658672f02dcdf98361acc5419b35775a1e72fe75eb57c0974bbfa86d86038a7	True	unresolved	unresolved
sub-1	04	05	sub-1/ses-04/run-05/tsv-row-15	15	rest	1	101.028	5.0	25257	26507	sub-1/ses-04/eeg/sub-1_ses-04_task-imagery_run-05_eeg.edf	sub-01	V	s	s	0	sub-01/ses-04/eeg/sub-01_ses-04_task-MotorImageryRest_run-05_eeg.vhdr	5658672f02dcdf98361acc5419b35775a1e72fe75eb57c0974bbfa86d86038a7	True	unresolved	unresolved
sub-1	04	05	sub-1/ses-04/run-05/tsv-row-16	16	right_hand	2	107.896	5.0	26974	28224	sub-1/ses-04/eeg/sub-1_ses-04_task-imagery_run-05_eeg.edf	sub-01	V	s	s	0	sub-01/ses-04/eeg/sub-01_ses-04_task-MotorImageryRest_run-05_eeg.vhdr	5658672f02dcdf98361acc5419b35775a1e72fe75eb57c0974bbfa86d86038a7	True	unresolved	unresolved
sub-1	04	05	sub-1/ses-04/run-05/tsv-row-17	17	right_hand	2	114.8	5.0	28700	29950	sub-1/ses-04/eeg/sub-1_ses-04_task-imagery_run-05_eeg.edf	sub-01	V	s	s	0	sub-01/ses-04/eeg/sub-01_ses-04_task-MotorImageryRest_run-05_eeg.vhdr	5658672f02dcdf98361acc5419b35775a1e72fe75eb57c0974bbfa86d86038a7	True	unresolved	unresolved
sub-1	04	05	sub-1/ses-04/run-05/tsv-row-18	18	rest	1	121.672	5.0	30418	31668	sub-1/ses-04/eeg/sub-1_ses-04_task-imagery_run-05_eeg.edf	sub-01	V	s	s	0	sub-01/ses-04/eeg/sub-01_ses-04_task-MotorImageryRest_run-05_eeg.vhdr	5658672f02dcdf98361acc5419b35775a1e72fe75eb57c0974bbfa86d86038a7	True	unresolved	unresolved
sub-1	04	05	sub-1/ses-04/run-05/tsv-row-19	19	right_hand	2	128.556	5.0	32139	33389	sub-1/ses-04/eeg/sub-1_ses-04_task-imagery_run-05_eeg.edf	sub-01	V	s	s	0	sub-01/ses-04/eeg/sub-01_ses-04_task-MotorImageryRest_run-05_eeg.vhdr	5658672f02dcdf98361acc5419b35775a1e72fe75eb57c0974bbfa86d86038a7	True	unresolved	unresolved
sub-1	04	05	sub-1/ses-04/run-05/tsv-row-20	20	rest	1	135.46	5.0	33865	35115	sub-1/ses-04/eeg/sub-1_ses-04_task-imagery_run-05_eeg.edf	sub-01	V	s	s	0	sub-01/ses-04/eeg/sub-01_ses-04_task-MotorImageryRest_run-05_eeg.vhdr	5658672f02dcdf98361acc5419b35775a1e72fe75eb57c0974bbfa86d86038a7	True	unresolved	unresolved
sub-1	04	05	sub-1/ses-04/run-05/tsv-row-21	21	rest	1	142.348	5.0	35587	36837	sub-1/ses-04/eeg/sub-1_ses-04_task-imagery_run-05_eeg.edf	sub-01	V	s	s	0	sub-01/ses-04/eeg/sub-01_ses-04_task-MotorImageryRest_run-05_eeg.vhdr	5658672f02dcdf98361acc5419b35775a1e72fe75eb57c0974bbfa86d86038a7	True	unresolved	unresolved
sub-1	04	05	sub-1/ses-04/run-05/tsv-row-22	22	right_hand	2	149.216	5.0	37304	38554	sub-1/ses-04/eeg/sub-1_ses-04_task-imagery_run-05_eeg.edf	sub-01	V	s	s	0	sub-01/ses-04/eeg/sub-01_ses-04_task-MotorImageryRest_run-05_eeg.vhdr	5658672f02dcdf98361acc5419b35775a1e72fe75eb57c0974bbfa86d86038a7	True	unresolved	unresolved
sub-1	04	05	sub-1/ses-04/run-05/tsv-row-23	23	rest	1	156.12	5.0	39030	40280	sub-1/ses-04/eeg/sub-1_ses-04_task-imagery_run-05_eeg.edf	sub-01	V	s	s	0	sub-01/ses-04/eeg/sub-01_ses-04_task-MotorImageryRest_run-05_eeg.vhdr	5658672f02dcdf98361acc5419b35775a1e72fe75eb57c0974bbfa86d86038a7	True	unresolved	unresolved
sub-1	04	05	sub-1/ses-04/run-05/tsv-row-24	24	right_hand	2	163.008	5.0	40752	42002	sub-1/ses-04/eeg/sub-1_ses-04_task-imagery_run-05_eeg.edf	sub-01	V	s	s	0	sub-01/ses-04/eeg/sub-01_ses-04_task-MotorImageryRest_run-05_eeg.vhdr	5658672f02dcdf98361acc5419b35775a1e72fe75eb57c0974bbfa86d86038a7	True	unresolved	unresolved
sub-1	04	05	sub-1/ses-04/run-05/tsv-row-25	25	right_hand	2	169.896	5.0	42474	43724	sub-1/ses-04/eeg/sub-1_ses-04_task-imagery_run-05_eeg.edf	sub-01	V	s	s	0	sub-01/ses-04/eeg/sub-01_ses-04_task-MotorImageryRest_run-05_eeg.vhdr	5658672f02dcdf98361acc5419b35775a1e72fe75eb57c0974bbfa86d86038a7	True	unresolved	unresolved
sub-1	04	05	sub-1/ses-04/run-05/tsv-row-26	26	rest	1	176.78	5.0	44195	45445	sub-1/ses-04/eeg/sub-1_ses-04_task-imagery_run-05_eeg.edf	sub-01	V	s	s	0	sub-01/ses-04/eeg/sub-01_ses-04_task-MotorImageryRest_run-05_eeg.vhdr	5658672f02dcdf98361acc5419b35775a1e72fe75eb57c0974bbfa86d86038a7	True	unresolved	unresolved
sub-1	04	05	sub-1/ses-04/run-05/tsv-row-27	27	right_hand	2	183.668	5.0	45917	47167	sub-1/ses-04/eeg/sub-1_ses-04_task-imagery_run-05_eeg.edf	sub-01	V	s	s	0	sub-01/ses-04/eeg/sub-01_ses-04_task-MotorImageryRest_run-05_eeg.vhdr	5658672f02dcdf98361acc5419b35775a1e72fe75eb57c0974bbfa86d86038a7	True	unresolved	unresolved
sub-1	04	05	sub-1/ses-04/run-05/tsv-row-28	28	rest	1	190.556	5.0	47639	48889	sub-1/ses-04/eeg/sub-1_ses-04_task-imagery_run-05_eeg.edf	sub-01	V	s	s	0	sub-01/ses-04/eeg/sub-01_ses-04_task-MotorImageryRest_run-05_eeg.vhdr	5658672f02dcdf98361acc5419b35775a1e72fe75eb57c0974bbfa86d86038a7	True	unresolved	unresolved
sub-1	04	05	sub-1/ses-04/run-05/tsv-row-29	29	right_hand	2	197.46	5.0	49365	50615	sub-1/ses-04/eeg/sub-1_ses-04_task-imagery_run-05_eeg.edf	sub-01	V	s	s	0	sub-01/ses-04/eeg/sub-01_ses-04_task-MotorImageryRest_run-05_eeg.vhdr	5658672f02dcdf98361acc5419b35775a1e72fe75eb57c0974bbfa86d86038a7	True	unresolved	unresolved
sub-1	04	05	sub-1/ses-04/run-05/tsv-row-30	30	rest	1	204.328	5.0	51082	52332	sub-1/ses-04/eeg/sub-1_ses-04_task-imagery_run-05_eeg.edf	sub-01	V	s	s	0	sub-01/ses-04/eeg/sub-01_ses-04_task-MotorImageryRest_run-05_eeg.vhdr	5658672f02dcdf98361acc5419b35775a1e72fe75eb57c0974bbfa86d86038a7	True	unresolved	unresolved
sub-1	04	06	sub-1/ses-04/run-06/tsv-row-1	1	right_hand	2	5.12	5.0	1280	2530	sub-1/ses-04/eeg/sub-1_ses-04_task-imagery_run-06_eeg.edf	sub-01	V	s	s	0	sub-01/ses-04/eeg/sub-01_ses-04_task-MotorImageryRest_run-06_eeg.vhdr	7361a4afc1a5f9fabbc5f55443b3c33f030e912fdfdb0a0880fe68cc26065f26	True	unresolved	unresolved
sub-1	04	06	sub-1/ses-04/run-06/tsv-row-2	2	rest	1	12.016	5.0	3004	4254	sub-1/ses-04/eeg/sub-1_ses-04_task-imagery_run-06_eeg.edf	sub-01	V	s	s	0	sub-01/ses-04/eeg/sub-01_ses-04_task-MotorImageryRest_run-06_eeg.vhdr	7361a4afc1a5f9fabbc5f55443b3c33f030e912fdfdb0a0880fe68cc26065f26	True	unresolved	unresolved
sub-1	04	06	sub-1/ses-04/run-06/tsv-row-3	3	rest	1	18.9	5.0	4725	5975	sub-1/ses-04/eeg/sub-1_ses-04_task-imagery_run-06_eeg.edf	sub-01	V	s	s	0	sub-01/ses-04/eeg/sub-01_ses-04_task-MotorImageryRest_run-06_eeg.vhdr	7361a4afc1a5f9fabbc5f55443b3c33f030e912fdfdb0a0880fe68cc26065f26	True	unresolved	unresolved
sub-1	04	06	sub-1/ses-04/run-06/tsv-row-4	4	right_hand	2	25.784	5.0	6446	7696	sub-1/ses-04/eeg/sub-1_ses-04_task-imagery_run-06_eeg.edf	sub-01	V	s	s	0	sub-01/ses-04/eeg/sub-01_ses-04_task-MotorImageryRest_run-06_eeg.vhdr	7361a4afc1a5f9fabbc5f55443b3c33f030e912fdfdb0a0880fe68cc26065f26	True	unresolved	unresolved
sub-1	04	06	sub-1/ses-04/run-06/tsv-row-5	5	rest	1	32.672	5.0	8168	9418	sub-1/ses-04/eeg/sub-1_ses-04_task-imagery_run-06_eeg.edf	sub-01	V	s	s	0	sub-01/ses-04/eeg/sub-01_ses-04_task-MotorImageryRest_run-06_eeg.vhdr	7361a4afc1a5f9fabbc5f55443b3c33f030e912fdfdb0a0880fe68cc26065f26	True	unresolved	unresolved
sub-1	04	06	sub-1/ses-04/run-06/tsv-row-6	6	right_hand	2	39.572	5.0	9893	11143	sub-1/ses-04/eeg/sub-1_ses-04_task-imagery_run-06_eeg.edf	sub-01	V	s	s	0	sub-01/ses-04/eeg/sub-01_ses-04_task-MotorImageryRest_run-06_eeg.vhdr	7361a4afc1a5f9fabbc5f55443b3c33f030e912fdfdb0a0880fe68cc26065f26	True	unresolved	unresolved
sub-1	04	06	sub-1/ses-04/run-06/tsv-row-7	7	rest	1	46.448	5.0	11612	12862	sub-1/ses-04/eeg/sub-1_ses-04_task-imagery_run-06_eeg.edf	sub-01	V	s	s	0	sub-01/ses-04/eeg/sub-01_ses-04_task-MotorImageryRest_run-06_eeg.vhdr	7361a4afc1a5f9fabbc5f55443b3c33f030e912fdfdb0a0880fe68cc26065f26	True	unresolved	unresolved
sub-1	04	06	sub-1/ses-04/run-06/tsv-row-8	8	right_hand	2	53.328	5.0	13332	14582	sub-1/ses-04/eeg/sub-1_ses-04_task-imagery_run-06_eeg.edf	sub-01	V	s	s	0	sub-01/ses-04/eeg/sub-01_ses-04_task-MotorImageryRest_run-06_eeg.vhdr	7361a4afc1a5f9fabbc5f55443b3c33f030e912fdfdb0a0880fe68cc26065f26	True	unresolved	unresolved
sub-1	04	06	sub-1/ses-04/run-06/tsv-row-9	9	rest	1	60.24	5.0	15060	16310	sub-1/ses-04/eeg/sub-1_ses-04_task-imagery_run-06_eeg.edf	sub-01	V	s	s	0	sub-01/ses-04/eeg/sub-01_ses-04_task-MotorImageryRest_run-06_eeg.vhdr	7361a4afc1a5f9fabbc5f55443b3c33f030e912fdfdb0a0880fe68cc26065f26	True	unresolved	unresolved
sub-1	04	06	sub-1/ses-04/run-06/tsv-row-10	10	right_hand	2	67.12	5.0	16780	18030	sub-1/ses-04/eeg/sub-1_ses-04_task-imagery_run-06_eeg.edf	sub-01	V	s	s	0	sub-01/ses-04/eeg/sub-01_ses-04_task-MotorImageryRest_run-06_eeg.vhdr	7361a4afc1a5f9fabbc5f55443b3c33f030e912fdfdb0a0880fe68cc26065f26	True	unresolved	unresolved
sub-1	04	06	sub-1/ses-04/run-06/tsv-row-11	11	right_hand	2	74.008	5.0	18502	19752	sub-1/ses-04/eeg/sub-1_ses-04_task-imagery_run-06_eeg.edf	sub-01	V	s	s	0	sub-01/ses-04/eeg/sub-01_ses-04_task-MotorImageryRest_run-06_eeg.vhdr	7361a4afc1a5f9fabbc5f55443b3c33f030e912fdfdb0a0880fe68cc26065f26	True	unresolved	unresolved
sub-1	04	06	sub-1/ses-04/run-06/tsv-row-12	12	rest	1	80.9	5.0	20225	21475	sub-1/ses-04/eeg/sub-1_ses-04_task-imagery_run-06_eeg.edf	sub-01	V	s	s	0	sub-01/ses-04/eeg/sub-01_ses-04_task-MotorImageryRest_run-06_eeg.vhdr	7361a4afc1a5f9fabbc5f55443b3c33f030e912fdfdb0a0880fe68cc26065f26	True	unresolved	unresolved
sub-1	04	06	sub-1/ses-04/run-06/tsv-row-13	13	rest	1	87.784	5.0	21946	23196	sub-1/ses-04/eeg/sub-1_ses-04_task-imagery_run-06_eeg.edf	sub-01	V	s	s	0	sub-01/ses-04/eeg/sub-01_ses-04_task-MotorImageryRest_run-06_eeg.vhdr	7361a4afc1a5f9fabbc5f55443b3c33f030e912fdfdb0a0880fe68cc26065f26	True	unresolved	unresolved
sub-1	04	06	sub-1/ses-04/run-06/tsv-row-14	14	right_hand	2	94.668	5.0	23667	24917	sub-1/ses-04/eeg/sub-1_ses-04_task-imagery_run-06_eeg.edf	sub-01	V	s	s	0	sub-01/ses-04/eeg/sub-01_ses-04_task-MotorImageryRest_run-06_eeg.vhdr	7361a4afc1a5f9fabbc5f55443b3c33f030e912fdfdb0a0880fe68cc26065f26	True	unresolved	unresolved
sub-1	04	06	sub-1/ses-04/run-06/tsv-row-15	15	right_hand	2	101.536	5.0	25384	26634	sub-1/ses-04/eeg/sub-1_ses-04_task-imagery_run-06_eeg.edf	sub-01	V	s	s	0	sub-01/ses-04/eeg/sub-01_ses-04_task-MotorImageryRest_run-06_eeg.vhdr	7361a4afc1a5f9fabbc5f55443b3c33f030e912fdfdb0a0880fe68cc26065f26	True	unresolved	unresolved
sub-1	04	06	sub-1/ses-04/run-06/tsv-row-16	16	right_hand	2	115.328	5.0	28832	30082	sub-1/ses-04/eeg/sub-1_ses-04_task-imagery_run-06_eeg.edf	sub-01	V	s	s	0	sub-01/ses-04/eeg/sub-01_ses-04_task-MotorImageryRest_run-06_eeg.vhdr	7361a4afc1a5f9fabbc5f55443b3c33f030e912fdfdb0a0880fe68cc26065f26	True	unresolved	unresolved
sub-1	04	06	sub-1/ses-04/run-06/tsv-row-17	17	rest	1	122.22	5.0	30555	31805	sub-1/ses-04/eeg/sub-1_ses-04_task-imagery_run-06_eeg.edf	sub-01	V	s	s	0	sub-01/ses-04/eeg/sub-01_ses-04_task-MotorImageryRest_run-06_eeg.vhdr	7361a4afc1a5f9fabbc5f55443b3c33f030e912fdfdb0a0880fe68cc26065f26	True	unresolved	unresolved
sub-1	04	06	sub-1/ses-04/run-06/tsv-row-18	18	right_hand	2	129.1	5.0	32275	33525	sub-1/ses-04/eeg/sub-1_ses-04_task-imagery_run-06_eeg.edf	sub-01	V	s	s	0	sub-01/ses-04/eeg/sub-01_ses-04_task-MotorImageryRest_run-06_eeg.vhdr	7361a4afc1a5f9fabbc5f55443b3c33f030e912fdfdb0a0880fe68cc26065f26	True	unresolved	unresolved
sub-1	04	06	sub-1/ses-04/run-06/tsv-row-19	19	rest	1	135.992	5.0	33998	35248	sub-1/ses-04/eeg/sub-1_ses-04_task-imagery_run-06_eeg.edf	sub-01	V	s	s	0	sub-01/ses-04/eeg/sub-01_ses-04_task-MotorImageryRest_run-06_eeg.vhdr	7361a4afc1a5f9fabbc5f55443b3c33f030e912fdfdb0a0880fe68cc26065f26	True	unresolved	unresolved
sub-1	04	06	sub-1/ses-04/run-06/tsv-row-20	20	rest	1	142.88	5.0	35720	36970	sub-1/ses-04/eeg/sub-1_ses-04_task-imagery_run-06_eeg.edf	sub-01	V	s	s	0	sub-01/ses-04/eeg/sub-01_ses-04_task-MotorImageryRest_run-06_eeg.vhdr	7361a4afc1a5f9fabbc5f55443b3c33f030e912fdfdb0a0880fe68cc26065f26	True	unresolved	unresolved
sub-1	04	06	sub-1/ses-04/run-06/tsv-row-21	21	right_hand	2	149.78	5.0	37445	38695	sub-1/ses-04/eeg/sub-1_ses-04_task-imagery_run-06_eeg.edf	sub-01	V	s	s	0	sub-01/ses-04/eeg/sub-01_ses-04_task-MotorImageryRest_run-06_eeg.vhdr	7361a4afc1a5f9fabbc5f55443b3c33f030e912fdfdb0a0880fe68cc26065f26	True	unresolved	unresolved
sub-1	04	06	sub-1/ses-04/run-06/tsv-row-22	22	right_hand	2	156.648	5.0	39162	40412	sub-1/ses-04/eeg/sub-1_ses-04_task-imagery_run-06_eeg.edf	sub-01	V	s	s	0	sub-01/ses-04/eeg/sub-01_ses-04_task-MotorImageryRest_run-06_eeg.vhdr	7361a4afc1a5f9fabbc5f55443b3c33f030e912fdfdb0a0880fe68cc26065f26	True	unresolved	unresolved
sub-1	04	06	sub-1/ses-04/run-06/tsv-row-23	23	rest	1	163.54	5.0	40885	42135	sub-1/ses-04/eeg/sub-1_ses-04_task-imagery_run-06_eeg.edf	sub-01	V	s	s	0	sub-01/ses-04/eeg/sub-01_ses-04_task-MotorImageryRest_run-06_eeg.vhdr	7361a4afc1a5f9fabbc5f55443b3c33f030e912fdfdb0a0880fe68cc26065f26	True	unresolved	unresolved
sub-1	04	06	sub-1/ses-04/run-06/tsv-row-24	24	right_hand	2	170.44	5.0	42610	43860	sub-1/ses-04/eeg/sub-1_ses-04_task-imagery_run-06_eeg.edf	sub-01	V	s	s	0	sub-01/ses-04/eeg/sub-01_ses-04_task-MotorImageryRest_run-06_eeg.vhdr	7361a4afc1a5f9fabbc5f55443b3c33f030e912fdfdb0a0880fe68cc26065f26	True	unresolved	unresolved
sub-1	04	06	sub-1/ses-04/run-06/tsv-row-25	25	rest	1	177.332	5.0	44333	45583	sub-1/ses-04/eeg/sub-1_ses-04_task-imagery_run-06_eeg.edf	sub-01	V	s	s	0	sub-01/ses-04/eeg/sub-01_ses-04_task-MotorImageryRest_run-06_eeg.vhdr	7361a4afc1a5f9fabbc5f55443b3c33f030e912fdfdb0a0880fe68cc26065f26	True	unresolved	unresolved
sub-1	04	06	sub-1/ses-04/run-06/tsv-row-26	26	right_hand	2	184.196	5.0	46049	47299	sub-1/ses-04/eeg/sub-1_ses-04_task-imagery_run-06_eeg.edf	sub-01	V	s	s	0	sub-01/ses-04/eeg/sub-01_ses-04_task-MotorImageryRest_run-06_eeg.vhdr	7361a4afc1a5f9fabbc5f55443b3c33f030e912fdfdb0a0880fe68cc26065f26	True	unresolved	unresolved
sub-1	04	06	sub-1/ses-04/run-06/tsv-row-27	27	rest	1	191.104	5.0	47776	49026	sub-1/ses-04/eeg/sub-1_ses-04_task-imagery_run-06_eeg.edf	sub-01	V	s	s	0	sub-01/ses-04/eeg/sub-01_ses-04_task-MotorImageryRest_run-06_eeg.vhdr	7361a4afc1a5f9fabbc5f55443b3c33f030e912fdfdb0a0880fe68cc26065f26	True	unresolved	unresolved
sub-1	04	06	sub-1/ses-04/run-06/tsv-row-28	28	right_hand	2	197.988	5.0	49497	50747	sub-1/ses-04/eeg/sub-1_ses-04_task-imagery_run-06_eeg.edf	sub-01	V	s	s	0	sub-01/ses-04/eeg/sub-01_ses-04_task-MotorImageryRest_run-06_eeg.vhdr	7361a4afc1a5f9fabbc5f55443b3c33f030e912fdfdb0a0880fe68cc26065f26	True	unresolved	unresolved
sub-1	04	06	sub-1/ses-04/run-06/tsv-row-29	29	rest	1	204.876	5.0	51219	52469	sub-1/ses-04/eeg/sub-1_ses-04_task-imagery_run-06_eeg.edf	sub-01	V	s	s	0	sub-01/ses-04/eeg/sub-01_ses-04_task-MotorImageryRest_run-06_eeg.vhdr	7361a4afc1a5f9fabbc5f55443b3c33f030e912fdfdb0a0880fe68cc26065f26	True	unresolved	unresolved
