subject	session	run	trial_id	tsv_row	label	stored_event_value	onset_s	duration_s	start_sample	stop_sample_exclusive	source_file	source_length_samples	fixed_window_eligible	exclusion_reason	original_subject	signal_unit	onset_unit	duration_unit	sample_origin	original_header_file	declared_original_header_sha256	original_header_hash_verified	behavior_trial_outcome	behavior_score_denominator
sub-2	01	01	sub-2/ses-01/run-01/tsv-row-1	1	rest	1	5.94	5.0	1485	2735	sub-2/ses-01/eeg/sub-2_ses-01_task-imagery_run-01_eeg.edf	1250	True		sub-02	V	s	s	0	sub-02/ses-01/eeg/sub-02_ses-01_task-MotorImageryRest_run-01_eeg.vhdr	aaba72fedf408a2a71ffe676a0249eaa43dc85b29bbe912b45fcd0a6aca60486	True	unresolved	unresolved
sub-2	01	01	sub-2/ses-01/run-01/tsv-row-2	2	right_hand	2	12.812	5.0	3203	4453	sub-2/ses-01/eeg/sub-2_ses-01_task-imagery_run-01_eeg.edf	1250	True		sub-02	V	s	s	0	sub-02/ses-01/eeg/sub-02_ses-01_task-MotorImageryRest_run-01_eeg.vhdr	aaba72fedf408a2a71ffe676a0249eaa43dc85b29bbe912b45fcd0a6aca60486	True	unresolved	unresolved
sub-2	01	01	sub-2/ses-01/run-01/tsv-row-3	3	right_hand	2	19.716	5.0	4929	6179	sub-2/ses-01/eeg/sub-2_ses-01_task-imagery_run-01_eeg.edf	1250	True		sub-02	V	s	s	0	sub-02/ses-01/eeg/sub-02_ses-01_task-MotorImageryRest_run-01_eeg.vhdr	aaba72fedf408a2a71ffe676a0249eaa43dc85b29bbe912b45fcd0a6aca60486	True	unresolved	unresolved
sub-2	01	01	sub-2/ses-01/run-01/tsv-row-4	4	rest	1	26.604	5.0	6651	7901	sub-2/ses-01/eeg/sub-2_ses-01_task-imagery_run-01_eeg.edf	1250	True		sub-02	V	s	s	0	sub-02/ses-01/eeg/sub-02_ses-01_task-MotorImageryRest_run-01_eeg.vhdr	aaba72fedf408a2a71ffe676a0249eaa43dc85b29bbe912b45fcd0a6aca60486	True	unresolved	unresolved
sub-2	01	01	sub-2/ses-01/run-01/tsv-row-5	5	rest	1	33.488	5.0	8372	9622	sub-2/ses-01/eeg/sub-2_ses-01_task-imagery_run-01_eeg.edf	1250	True		sub-02	V	s	s	0	sub-02/ses-01/eeg/sub-02_ses-01_task-MotorImageryRest_run-01_eeg.vhdr	aaba72fedf408a2a71ffe676a0249eaa43dc85b29bbe912b45fcd0a6aca60486	True	unresolved	unresolved
sub-2	01	01	sub-2/ses-01/run-01/tsv-row-6	6	right_hand	2	40.376	5.0	10094	11344	sub-2/ses-01/eeg/sub-2_ses-01_task-imagery_run-01_eeg.edf	1250	True		sub-02	V	s	s	0	sub-02/ses-01/eeg/sub-02_ses-01_task-MotorImageryRest_run-01_eeg.vhdr	aaba72fedf408a2a71ffe676a0249eaa43dc85b29bbe912b45fcd0a6aca60486	True	unresolved	unresolved
sub-2	01	01	sub-2/ses-01/run-01/tsv-row-7	7	right_hand	2	47.26	5.0	11815	13065	sub-2/ses-01/eeg/sub-2_ses-01_task-imagery_run-01_eeg.edf	1250	True		sub-02	V	s	s	0	sub-02/ses-01/eeg/sub-02_ses-01_task-MotorImageryRest_run-01_eeg.vhdr	aaba72fedf408a2a71ffe676a0249eaa43dc85b29bbe912b45fcd0a6aca60486	True	unresolved	unresolved
sub-2	01	01	sub-2/ses-01/run-01/tsv-row-8	8	rest	1	54.152	5.0	13538	14788	sub-2/ses-01/eeg/sub-2_ses-01_task-imagery_run-01_eeg.edf	1250	True		sub-02	V	s	s	0	sub-02/ses-01/eeg/sub-02_ses-01_task-MotorImageryRest_run-01_eeg.vhdr	aaba72fedf408a2a71ffe676a0249eaa43dc85b29bbe912b45fcd0a6aca60486	True	unresolved	unresolved
sub-2	01	01	sub-2/ses-01/run-01/tsv-row-9	9	rest	1	61.036	5.0	15259	16509	sub-2/ses-01/eeg/sub-2_ses-01_task-imagery_run-01_eeg.edf	1250	True		sub-02	V	s	s	0	sub-02/ses-01/eeg/sub-02_ses-01_task-MotorImageryRest_run-01_eeg.vhdr	aaba72fedf408a2a71ffe676a0249eaa43dc85b29bbe912b45fcd0a6aca60486	True	unresolved	unresolved
sub-2	01	01	sub-2/ses-01/run-01/tsv-row-10	10	right_hand	2	67.924	5.0	16981	18231	sub-2/ses-01/eeg/sub-2_ses-01_task-imagery_run-01_eeg.edf	1250	True		sub-02	V	s	s	0	sub-02/ses-01/eeg/sub-02_ses-01_task-MotorImageryRest_run-01_eeg.vhdr	aaba72fedf408a2a71ffe676a0249eaa43dc85b29bbe912b45fcd0a6aca60486	True	unresolved	unresolved
sub-2	01	01	sub-2/ses-01/run-01/tsv-row-11	11	rest	1	74.812	5.0	18703	19953	sub-2/ses-01/eeg/sub-2_ses-01_task-imagery_run-01_eeg.edf	1250	True		sub-02	V	s	s	0	sub-02/ses-01/eeg/sub-02_ses-01_task-MotorImageryRest_run-01_eeg.vhdr	aaba72fedf408a2a71ffe676a0249eaa43dc85b29bbe912b45fcd0a6aca60486	True	unresolved	unresolved
sub-2	01	01	sub-2/ses-01/run-01/tsv-row-12	12	right_hand	2	81.696	5.0	20424	21674	sub-2/ses-01/eeg/sub-2_ses-01_task-imagery_run-01_eeg.edf	1250	True		sub-02	V	s	s	0	sub-02/ses-01/eeg/sub-02_ses-01_task-MotorImageryRest_run-01_eeg.vhdr	aaba72fedf408a2a71ffe676a0249eaa43dc85b29bbe912b45fcd0a6aca60486	True	unresolved	unresolved
sub-2	01	01	sub-2/ses-01/run-01/tsv-row-13	13	rest	1	88.584	5.0	22146	23396	sub-2/ses-01/eeg/sub-2_ses-01_task-imagery_run-01_eeg.edf	1250	True		sub-02	V	s	s	0	sub-02/ses-01/eeg/sub-02_ses-01_task-MotorImageryRest_run-01_eeg.vhdr	aaba72fedf408a2a71ffe676a0249eaa43dc85b29bbe912b45fcd0a6aca60486	True	unresolved	unresolved
sub-2	01	01	sub-2/ses-01/run-01/tsv-row-14	14	right_hand	2	95.488	5.0	23872	25122	sub-2/ses-01/eeg/sub-2_ses-01_task-imagery_run-01_eeg.edf	1250	True		sub-02	V	s	s	0	sub-02/ses-01/eeg/sub-02_ses-01_task-MotorImageryRest_run-01_eeg.vhdr	aaba72fedf408a2a71ffe676a0249eaa43dc85b29bbe912b45fcd0a6aca60486	True	unresolved	unresolved
sub-2	01	01	sub-2/ses-01/run-01/tsv-row-15	15	right_hand	2	102.372	5.0	25593	26843	sub-2/ses-01/eeg/sub-2_ses-01_task-imagery_run-01_eeg.edf	1250	True		sub-02	V	s	s	0	sub-02/ses-01/eeg/sub-02_ses-01_task-MotorImageryRest_run-01_eeg.vhdr	aaba72fedf408a2a71ffe676a0249eaa43dc85b29bbe912b45fcd0a6aca60486	True	unresolved	unresolved
sub-2	01	01	sub-2/ses-01/run-01/tsv-row-16	16	rest	1	109.244	5.0	27311	28561	sub-2/ses-01/eeg/sub-2_ses-01_task-imagery_run-01_eeg.edf	1250	True		sub-02	V	s	s	0	sub-02/ses-01/eeg/sub-02_ses-01_task-MotorImageryRest_run-01_eeg.vhdr	aaba72fedf408a2a71ffe676a0249eaa43dc85b29bbe912b45fcd0a6aca60486	True	unresolved	unresolved
sub-2	01	01	sub-2/ses-01/run-01/tsv-row-17	17	rest	1	116.148	5.0	29037	30287	sub-2/ses-01/eeg/sub-2_ses-01_task-imagery_run-01_eeg.edf	1250	True		sub-02	V	s	s	0	sub-02/ses-01/eeg/sub-02_ses-01_task-MotorImageryRest_run-01_eeg.vhdr	aaba72fedf408a2a71ffe676a0249eaa43dc85b29bbe912b45fcd0a6aca60486	True	unresolved	unresolved
sub-2	01	01	sub-2/ses-01/run-01/tsv-row-18	18	right_hand	2	123.032	5.0	30758	32008	sub-2/ses-01/eeg/sub-2_ses-01_task-imagery_run-01_eeg.edf	1250	True		sub-02	V	s	s	0	sub-02/ses-01/eeg/sub-02_ses-01_task-MotorImageryRest_run-01_eeg.vhdr	aaba72fedf408a2a71ffe676a0249eaa43dc85b29bbe912b45fcd0a6aca60486	True	unresolved	unresolved
sub-2	01	01	sub-2/ses-01/run-01/tsv-row-19	19	rest	1	129.904	5.0	32476	33726	sub-2/ses-01/eeg/sub-2_ses-01_task-imagery_run-01_eeg.edf	1250	True		sub-02	V	s	s	0	sub-02/ses-01/eeg/sub-02_ses-01_task-MotorImageryRest_run-01_eeg.vhdr	aaba72fedf408a2a71ffe676a0249eaa43dc85b29bbe912b45fcd0a6aca60486	True	unresolved	unresolved
sub-2	01	01	sub-2/ses-01/run-01/tsv-row-20	20	right_hand	2	136.808	5.0	34202	35452	sub-2/ses-01/eeg/sub-2_ses-01_task-imagery_run-01_eeg.edf	1250	True		sub-02	V	s	s	0	sub-02/ses-01/eeg/sub-02_ses-01_task-MotorImageryRest_run-01_eeg.vhdr	aaba72fedf408a2a71ffe676a0249eaa43dc85b29bbe912b45fcd0a6aca60486	True	unresolved	unresolved
sub-2	01	01	sub-2/ses-01/run-01/tsv-row-21	21	rest	1	143.696	5.0	35924	37174	sub-2/ses-01/eeg/sub-2_ses-01_task-imagery_run-01_eeg.edf	1250	True		sub-02	V	s	s	0	sub-02/ses-01/eeg/sub-02_ses-01_task-MotorImageryRest_run-01_eeg.vhdr	aaba72fedf408a2a71ffe676a0249eaa43dc85b29bbe912b45fcd0a6aca60486	True	unresolved	unresolved
sub-2	01	01	sub-2/ses-01/run-01/tsv-row-22	22	right_hand	2	150.58	5.0	37645	38895	sub-2/ses-01/eeg/sub-2_ses-01_task-imagery_run-01_eeg.edf	1250	True		sub-02	V	s	s	0	sub-02/ses-01/eeg/sub-02_ses-01_task-MotorImageryRest_run-01_eeg.vhdr	aaba72fedf408a2a71ffe676a0249eaa43dc85b29bbe912b45fcd0a6aca60486	True	unresolved	unresolved
sub-2	01	01	sub-2/ses-01/run-01/tsv-row-23	23	rest	1	157.468	5.0	39367	40617	sub-2/ses-01/eeg/sub-2_ses-01_task-imagery_run-01_eeg.edf	1250	True		sub-02	V	s	s	0	sub-02/ses-01/eeg/sub-02_ses-01_task-MotorImageryRest_run-01_eeg.vhdr	aaba72fedf408a2a71ffe676a0249eaa43dc85b29bbe912b45fcd0a6aca60486	True	unresolved	unresolved
sub-2	01	01	sub-2/ses-01/run-01/tsv-row-24	24	right_hand	2	164.356	5.0	41089	42339	sub-2/ses-01/eeg/sub-2_ses-01_task-imagery_run-01_eeg.edf	1250	True		sub-02	V	s	s	0	sub-02/ses-01/eeg/sub-02_ses-01_task-MotorImageryRest_run-01_eeg.vhdr	aaba72fedf408a2a71ffe676a0249eaa43dc85b29bbe912b45fcd0a6aca60486	True	unresolved	unresolved
sub-2	01	01	sub-2/ses-01/run-01/tsv-row-25	25	rest	1	171.244	5.0	42811	44061	sub-2/ses-01/eeg/sub-2_ses-01_task-imagery_run-01_eeg.edf	1250	True		sub-02	V	s	s	0	sub-02/ses-01/eeg/sub-02_ses-01_task-MotorImageryRest_run-01_eeg.vhdr	aaba72fedf408a2a71ffe676a0249eaa43dc85b29bbe912b45fcd0a6aca60486	True	unresolved	unresolved
sub-2	01	01	sub-2/ses-01/run-01/tsv-row-26	26	right_hand	2	178.144	5.0	44536	45786	sub-2/ses-01/eeg/sub-2_ses-01_task-imagery_run-01_eeg.edf	1250	True		sub-02	V	s	s	0	sub-02/ses-01/eeg/sub-02_ses-01_task-MotorImageryRest_run-01_eeg.vhdr	aaba72fedf408a2a71ffe676a0249eaa43dc85b29bbe912b45fcd0a6aca60486	True	unresolved	unresolved
sub-2	01	01	sub-2/ses-01/run-01/tsv-row-27	27	right_hand	2	185.016	5.0	46254	47504	sub-2/ses-01/eeg/sub-2_ses-01_task-imagery_run-01_eeg.edf	1250	True		sub-02	V	s	s	0	sub-02/ses-01/eeg/sub-02_ses-01_task-MotorImageryRest_run-01_eeg.vhdr	aaba72fedf408a2a71ffe676a0249eaa43dc85b29bbe912b45fcd0a6aca60486	True	unresolved	unresolved
sub-2	01	01	sub-2/ses-01/run-01/tsv-row-28	28	rest	1	191.904	5.0	47976	49226	sub-2/ses-01/eeg/sub-2_ses-01_task-imagery_run-01_eeg.edf	1250	True		sub-02	V	s	s	0	sub-02/ses-01/eeg/sub-02_ses-01_task-MotorImageryRest_run-01_eeg.vhdr	aaba72fedf408a2a71ffe676a0249eaa43dc85b29bbe912b45fcd0a6aca60486	True	unresolved	unresolved
sub-2	01	01	sub-2/ses-01/run-01/tsv-row-29	29	rest	1	198.788	5.0	49697	50947	sub-2/ses-01/eeg/sub-2_ses-01_task-imagery_run-01_eeg.edf	1250	True		sub-02	V	s	s	0	sub-02/ses-01/eeg/sub-02_ses-01_task-MotorImageryRest_run-01_eeg.vhdr	aaba72fedf408a2a71ffe676a0249eaa43dc85b29bbe912b45fcd0a6aca60486	True	unresolved	unresolved
sub-2	01	01	sub-2/ses-01/run-01/tsv-row-30	30	right_hand	2	205.692	5.0	51423	52673	sub-2/ses-01/eeg/sub-2_ses-01_task-imagery_run-01_eeg.edf	1250	True		sub-02	V	s	s	0	sub-02/ses-01/eeg/sub-02_ses-01_task-MotorImageryRest_run-01_eeg.vhdr	aaba72fedf408a2a71ffe676a0249eaa43dc85b29bbe912b45fcd0a6aca60486	True	unresolved	unresolved
sub-2	01	01	sub-2/ses-01/run-01/tsv-row-31	31	rest	1	212.564	5.0	53141	54391	sub-2/ses-01/eeg/sub-2_ses-01_task-imagery_run-01_eeg.edf	1250	True		sub-02	V	s	s	0	sub-02/ses-01/eeg/sub-02_ses-01_task-MotorImageryRest_run-01_eeg.vhdr	aaba72fedf408a2a71ffe676a0249eaa43dc85b29bbe912b45fcd0a6aca60486	True	unresolved	unresolved
sub-2	01	01	sub-2/ses-01/run-01/tsv-row-32	32	right_hand	2	219.448	5.0	54862	56112	sub-2/ses-01/eeg/sub-2_ses-01_task-imagery_run-01_eeg.edf	1250	True		sub-02	V	s	s	0	sub-02/ses-01/eeg/sub-02_ses-01_task-MotorImageryRest_run-01_eeg.vhdr	aaba72fedf408a2a71ffe676a0249eaa43dc85b29bbe912b45fcd0a6aca60486	True	unresolved	unresolved
sub-2	01	02	sub-2/ses-01/run-02/tsv-row-1	1	right_hand	2	7.272	5.0	1818	3068	sub-2/ses-01/eeg/sub-2_ses-01_task-imagery_run-02_eeg.edf	1250	True		sub-02	V	s	s	0	sub-02/ses-01/eeg/sub-02_ses-01_task-MotorImageryRest_run-02_eeg.vhdr	8f19a459f5296351dba4666f43ed9b1ce7cceaa92a8dd62ea4863c8620f59ec6	True	unresolved	unresolved
sub-2	01	02	sub-2/ses-01/run-02/tsv-row-2	2	rest	1	14.164	5.0	3541	4791	sub-2/ses-01/eeg/sub-2_ses-01_task-imagery_run-02_eeg.edf	1250	True		sub-02	V	s	s	0	sub-02/ses-01/eeg/sub-02_ses-01_task-MotorImageryRest_run-02_eeg.vhdr	8f19a459f5296351dba4666f43ed9b1ce7cceaa92a8dd62ea4863c8620f59ec6	True	unresolved	unresolved
sub-2	01	02	sub-2/ses-01/run-02/tsv-row-3	3	rest	1	21.064	5.0	5266	6516	sub-2/ses-01/eeg/sub-2_ses-01_task-imagery_run-02_eeg.edf	1250	True		sub-02	V	s	s	0	sub-02/ses-01/eeg/sub-02_ses-01_task-MotorImageryRest_run-02_eeg.vhdr	8f19a459f5296351dba4666f43ed9b1ce7cceaa92a8dd62ea4863c8620f59ec6	True	unresolved	unresolved
sub-2	01	02	sub-2/ses-01/run-02/tsv-row-4	4	right_hand	2	27.932	5.0	6983	8233	sub-2/ses-01/eeg/sub-2_ses-01_task-imagery_run-02_eeg.edf	1250	True		sub-02	V	s	s	0	sub-02/ses-01/eeg/sub-02_ses-01_task-MotorImageryRest_run-02_eeg.vhdr	8f19a459f5296351dba4666f43ed9b1ce7cceaa92a8dd62ea4863c8620f59ec6	True	unresolved	unresolved
sub-2	01	02	sub-2/ses-01/run-02/tsv-row-5	5	right_hand	2	34.836	5.0	8709	9959	sub-2/ses-01/eeg/sub-2_ses-01_task-imagery_run-02_eeg.edf	1250	True		sub-02	V	s	s	0	sub-02/ses-01/eeg/sub-02_ses-01_task-MotorImageryRest_run-02_eeg.vhdr	8f19a459f5296351dba4666f43ed9b1ce7cceaa92a8dd62ea4863c8620f59ec6	True	unresolved	unresolved
sub-2	01	02	sub-2/ses-01/run-02/tsv-row-6	6	rest	1	41.724	5.0	10431	11681	sub-2/ses-01/eeg/sub-2_ses-01_task-imagery_run-02_eeg.edf	1250	True		sub-02	V	s	s	0	sub-02/ses-01/eeg/sub-02_ses-01_task-MotorImageryRest_run-02_eeg.vhdr	8f19a459f5296351dba4666f43ed9b1ce7cceaa92a8dd62ea4863c8620f59ec6	True	unresolved	unresolved
sub-2	01	02	sub-2/ses-01/run-02/tsv-row-7	7	right_hand	2	48.612	5.0	12153	13403	sub-2/ses-01/eeg/sub-2_ses-01_task-imagery_run-02_eeg.edf	1250	True		sub-02	V	s	s	0	sub-02/ses-01/eeg/sub-02_ses-01_task-MotorImageryRest_run-02_eeg.vhdr	8f19a459f5296351dba4666f43ed9b1ce7cceaa92a8dd62ea4863c8620f59ec6	True	unresolved	unresolved
sub-2	01	02	sub-2/ses-01/run-02/tsv-row-8	8	rest	1	55.484	5.0	13871	15121	sub-2/ses-01/eeg/sub-2_ses-01_task-imagery_run-02_eeg.edf	1250	True		sub-02	V	s	s	0	sub-02/ses-01/eeg/sub-02_ses-01_task-MotorImageryRest_run-02_eeg.vhdr	8f19a459f5296351dba4666f43ed9b1ce7cceaa92a8dd62ea4863c8620f59ec6	True	unresolved	unresolved
sub-2	01	02	sub-2/ses-01/run-02/tsv-row-9	9	right_hand	2	62.384	5.0	15596	16846	sub-2/ses-01/eeg/sub-2_ses-01_task-imagery_run-02_eeg.edf	1250	True		sub-02	V	s	s	0	sub-02/ses-01/eeg/sub-02_ses-01_task-MotorImageryRest_run-02_eeg.vhdr	8f19a459f5296351dba4666f43ed9b1ce7cceaa92a8dd62ea4863c8620f59ec6	True	unresolved	unresolved
sub-2	01	02	sub-2/ses-01/run-02/tsv-row-10	10	rest	1	69.272	5.0	17318	18568	sub-2/ses-01/eeg/sub-2_ses-01_task-imagery_run-02_eeg.edf	1250	True		sub-02	V	s	s	0	sub-02/ses-01/eeg/sub-02_ses-01_task-MotorImageryRest_run-02_eeg.vhdr	8f19a459f5296351dba4666f43ed9b1ce7cceaa92a8dd62ea4863c8620f59ec6	True	unresolved	unresolved
sub-2	01	02	sub-2/ses-01/run-02/tsv-row-11	11	rest	1	76.16	5.0	19040	20290	sub-2/ses-01/eeg/sub-2_ses-01_task-imagery_run-02_eeg.edf	1250	True		sub-02	V	s	s	0	sub-02/ses-01/eeg/sub-02_ses-01_task-MotorImageryRest_run-02_eeg.vhdr	8f19a459f5296351dba4666f43ed9b1ce7cceaa92a8dd62ea4863c8620f59ec6	True	unresolved	unresolved
sub-2	01	02	sub-2/ses-01/run-02/tsv-row-12	12	right_hand	2	83.028	5.0	20757	22007	sub-2/ses-01/eeg/sub-2_ses-01_task-imagery_run-02_eeg.edf	1250	True		sub-02	V	s	s	0	sub-02/ses-01/eeg/sub-02_ses-01_task-MotorImageryRest_run-02_eeg.vhdr	8f19a459f5296351dba4666f43ed9b1ce7cceaa92a8dd62ea4863c8620f59ec6	True	unresolved	unresolved
sub-2	01	02	sub-2/ses-01/run-02/tsv-row-13	13	rest	1	89.932	5.0	22483	23733	sub-2/ses-01/eeg/sub-2_ses-01_task-imagery_run-02_eeg.edf	1250	True		sub-02	V	s	s	0	sub-02/ses-01/eeg/sub-02_ses-01_task-MotorImageryRest_run-02_eeg.vhdr	8f19a459f5296351dba4666f43ed9b1ce7cceaa92a8dd62ea4863c8620f59ec6	True	unresolved	unresolved
sub-2	01	02	sub-2/ses-01/run-02/tsv-row-14	14	right_hand	2	96.82	5.0	24205	25455	sub-2/ses-01/eeg/sub-2_ses-01_task-imagery_run-02_eeg.edf	1250	True		sub-02	V	s	s	0	sub-02/ses-01/eeg/sub-02_ses-01_task-MotorImageryRest_run-02_eeg.vhdr	8f19a459f5296351dba4666f43ed9b1ce7cceaa92a8dd62ea4863c8620f59ec6	True	unresolved	unresolved
sub-2	01	02	sub-2/ses-01/run-02/tsv-row-15	15	rest	1	103.708	5.0	25927	27177	sub-2/ses-01/eeg/sub-2_ses-01_task-imagery_run-02_eeg.edf	1250	True		sub-02	V	s	s	0	sub-02/ses-01/eeg/sub-02_ses-01_task-MotorImageryRest_run-02_eeg.vhdr	8f19a459f5296351dba4666f43ed9b1ce7cceaa92a8dd62ea4863c8620f59ec6	True	unresolved	unresolved
sub-2	01	02	sub-2/ses-01/run-02/tsv-row-16	16	right_hand	2	110.592	5.0	27648	28898	sub-2/ses-01/eeg/sub-2_ses-01_task-imagery_run-02_eeg.edf	1250	True		sub-02	V	s	s	0	sub-02/ses-01/eeg/sub-02_ses-01_task-MotorImageryRest_run-02_eeg.vhdr	8f19a459f5296351dba4666f43ed9b1ce7cceaa92a8dd62ea4863c8620f59ec6	True	unresolved	unresolved
sub-2	01	02	sub-2/ses-01/run-02/tsv-row-17	17	rest	1	117.48	5.0	29370	30620	sub-2/ses-01/eeg/sub-2_ses-01_task-imagery_run-02_eeg.edf	1250	True		sub-02	V	s	s	0	sub-02/ses-01/eeg/sub-02_ses-01_task-MotorImageryRest_run-02_eeg.vhdr	8f19a459f5296351dba4666f43ed9b1ce7cceaa92a8dd62ea4863c8620f59ec6	True	unresolved	unresolved
sub-2	01	02	sub-2/ses-01/run-02/tsv-row-18	18	right_hand	2	124.364	5.0	31091	32341	sub-2/ses-01/eeg/sub-2_ses-01_task-imagery_run-02_eeg.edf	1250	True		sub-02	V	s	s	0	sub-02/ses-01/eeg/sub-02_ses-01_task-MotorImageryRest_run-02_eeg.vhdr	8f19a459f5296351dba4666f43ed9b1ce7cceaa92a8dd62ea4863c8620f59ec6	True	unresolved	unresolved
sub-2	01	02	sub-2/ses-01/run-02/tsv-row-19	19	rest	1	131.272	5.0	32818	34068	sub-2/ses-01/eeg/sub-2_ses-01_task-imagery_run-02_eeg.edf	1250	True		sub-02	V	s	s	0	sub-02/ses-01/eeg/sub-02_ses-01_task-MotorImageryRest_run-02_eeg.vhdr	8f19a459f5296351dba4666f43ed9b1ce7cceaa92a8dd62ea4863c8620f59ec6	True	unresolved	unresolved
sub-2	01	02	sub-2/ses-01/run-02/tsv-row-20	20	right_hand	2	138.14	5.0	34535	35785	sub-2/ses-01/eeg/sub-2_ses-01_task-imagery_run-02_eeg.edf	1250	True		sub-02	V	s	s	0	sub-02/ses-01/eeg/sub-02_ses-01_task-MotorImageryRest_run-02_eeg.vhdr	8f19a459f5296351dba4666f43ed9b1ce7cceaa92a8dd62ea4863c8620f59ec6	True	unresolved	unresolved
sub-2	01	02	sub-2/ses-01/run-02/tsv-row-21	21	rest	1	145.028	5.0	36257	37507	sub-2/ses-01/eeg/sub-2_ses-01_task-imagery_run-02_eeg.edf	1250	True		sub-02	V	s	s	0	sub-02/ses-01/eeg/sub-02_ses-01_task-MotorImageryRest_run-02_eeg.vhdr	8f19a459f5296351dba4666f43ed9b1ce7cceaa92a8dd62ea4863c8620f59ec6	True	unresolved	unresolved
sub-2	01	02	sub-2/ses-01/run-02/tsv-row-22	22	right_hand	2	151.928	5.0	37982	39232	sub-2/ses-01/eeg/sub-2_ses-01_task-imagery_run-02_eeg.edf	1250	True		sub-02	V	s	s	0	sub-02/ses-01/eeg/sub-02_ses-01_task-MotorImageryRest_run-02_eeg.vhdr	8f19a459f5296351dba4666f43ed9b1ce7cceaa92a8dd62ea4863c8620f59ec6	True	unresolved	unresolved
sub-2	01	02	sub-2/ses-01/run-02/tsv-row-23	23	rest	1	158.82	5.0	39705	40955	sub-2/ses-01/eeg/sub-2_ses-01_task-imagery_run-02_eeg.edf	1250	True		sub-02	V	s	s	0	sub-02/ses-01/eeg/sub-02_ses-01_task-MotorImageryRest_run-02_eeg.vhdr	8f19a459f5296351dba4666f43ed9b1ce7cceaa92a8dd62ea4863c8620f59ec6	True	unresolved	unresolved
sub-2	01	02	sub-2/ses-01/run-02/tsv-row-24	24	right_hand	2	165.688	5.0	41422	42672	sub-2/ses-01/eeg/sub-2_ses-01_task-imagery_run-02_eeg.edf	1250	True		sub-02	V	s	s	0	sub-02/ses-01/eeg/sub-02_ses-01_task-MotorImageryRest_run-02_eeg.vhdr	8f19a459f5296351dba4666f43ed9b1ce7cceaa92a8dd62ea4863c8620f59ec6	True	unresolved	unresolved
sub-2	01	02	sub-2/ses-01/run-02/tsv-row-25	25	right_hand	2	172.592	5.0	43148	44398	sub-2/ses-01/eeg/sub-2_ses-01_task-imagery_run-02_eeg.edf	1250	True		sub-02	V	s	s	0	sub-02/ses-01/eeg/sub-02_ses-01_task-MotorImageryRest_run-02_eeg.vhdr	8f19a459f5296351dba4666f43ed9b1ce7cceaa92a8dd62ea4863c8620f59ec6	True	unresolved	unresolved
sub-2	01	02	sub-2/ses-01/run-02/tsv-row-26	26	rest	1	179.48	5.0	44870	46120	sub-2/ses-01/eeg/sub-2_ses-01_task-imagery_run-02_eeg.edf	1250	True		sub-02	V	s	s	0	sub-02/ses-01/eeg/sub-02_ses-01_task-MotorImageryRest_run-02_eeg.vhdr	8f19a459f5296351dba4666f43ed9b1ce7cceaa92a8dd62ea4863c8620f59ec6	True	unresolved	unresolved
sub-2	01	02	sub-2/ses-01/run-02/tsv-row-27	27	rest	1	186.364	5.0	46591	47841	sub-2/ses-01/eeg/sub-2_ses-01_task-imagery_run-02_eeg.edf	1250	True		sub-02	V	s	s	0	sub-02/ses-01/eeg/sub-02_ses-01_task-MotorImageryRest_run-02_eeg.vhdr	8f19a459f5296351dba4666f43ed9b1ce7cceaa92a8dd62ea4863c8620f59ec6	True	unresolved	unresolved
sub-2	01	02	sub-2/ses-01/run-02/tsv-row-28	28	right_hand	2	193.252	5.0	48313	49563	sub-2/ses-01/eeg/sub-2_ses-01_task-imagery_run-02_eeg.edf	1250	True		sub-02	V	s	s	0	sub-02/ses-01/eeg/sub-02_ses-01_task-MotorImageryRest_run-02_eeg.vhdr	8f19a459f5296351dba4666f43ed9b1ce7cceaa92a8dd62ea4863c8620f59ec6	True	unresolved	unresolved
sub-2	01	02	sub-2/ses-01/run-02/tsv-row-29	29	rest	1	200.14	5.0	50035	51285	sub-2/ses-01/eeg/sub-2_ses-01_task-imagery_run-02_eeg.edf	1250	True		sub-02	V	s	s	0	sub-02/ses-01/eeg/sub-02_ses-01_task-MotorImageryRest_run-02_eeg.vhdr	8f19a459f5296351dba4666f43ed9b1ce7cceaa92a8dd62ea4863c8620f59ec6	True	unresolved	unresolved
sub-2	01	02	sub-2/ses-01/run-02/tsv-row-30	30	right_hand	2	207.024	5.0	51756	53006	sub-2/ses-01/eeg/sub-2_ses-01_task-imagery_run-02_eeg.edf	1250	True		sub-02	V	s	s	0	sub-02/ses-01/eeg/sub-02_ses-01_task-MotorImageryRest_run-02_eeg.vhdr	8f19a459f5296351dba4666f43ed9b1ce7cceaa92a8dd62ea4863c8620f59ec6	True	unresolved	unresolved
sub-2	01	02	sub-2/ses-01/run-02/tsv-row-31	31	rest	1	213.928	5.0	53482	54732	sub-2/ses-01/eeg/sub-2_ses-01_task-imagery_run-02_eeg.edf	1250	True		sub-02	V	s	s	0	sub-02/ses-01/eeg/sub-02_ses-01_task-MotorImageryRest_run-02_eeg.vhdr	8f19a459f5296351dba4666f43ed9b1ce7cceaa92a8dd62ea4863c8620f59ec6	True	unresolved	unresolved
sub-2	01	02	sub-2/ses-01/run-02/tsv-row-32	32	right_hand	2	220.796	5.0	55199	56449	sub-2/ses-01/eeg/sub-2_ses-01_task-imagery_run-02_eeg.edf	1250	True		sub-02	V	s	s	0	sub-02/ses-01/eeg/sub-02_ses-01_task-MotorImageryRest_run-02_eeg.vhdr	8f19a459f5296351dba4666f43ed9b1ce7cceaa92a8dd62ea4863c8620f59ec6	True	unresolved	unresolved
sub-2	01	03	sub-2/ses-01/run-03/tsv-row-1	1	rest	1	5.364	5.0	1341	2591	sub-2/ses-01/eeg/sub-2_ses-01_task-imagery_run-03_eeg.edf	1250	True		sub-02	V	s	s	0	sub-02/ses-01/eeg/sub-02_ses-01_task-MotorImageryRest_run-03_eeg.vhdr	3f8ebaf95ad4bbef5da66e1258d319eff3ca8047f39ae549d367758db61e2ccf	True	unresolved	unresolved
sub-2	01	03	sub-2/ses-01/run-03/tsv-row-2	2	right_hand	2	12.268	5.0	3067	4317	sub-2/ses-01/eeg/sub-2_ses-01_task-imagery_run-03_eeg.edf	1250	True		sub-02	V	s	s	0	sub-02/ses-01/eeg/sub-02_ses-01_task-MotorImageryRest_run-03_eeg.vhdr	3f8ebaf95ad4bbef5da66e1258d319eff3ca8047f39ae549d367758db61e2ccf	True	unresolved	unresolved
sub-2	01	03	sub-2/ses-01/run-03/tsv-row-3	3	right_hand	2	19.156	5.0	4789	6039	sub-2/ses-01/eeg/sub-2_ses-01_task-imagery_run-03_eeg.edf	1250	True		sub-02	V	s	s	0	sub-02/ses-01/eeg/sub-02_ses-01_task-MotorImageryRest_run-03_eeg.vhdr	3f8ebaf95ad4bbef5da66e1258d319eff3ca8047f39ae549d367758db61e2ccf	True	unresolved	unresolved
sub-2	01	03	sub-2/ses-01/run-03/tsv-row-4	4	rest	1	26.028	5.0	6507	7757	sub-2/ses-01/eeg/sub-2_ses-01_task-imagery_run-03_eeg.edf	1250	True		sub-02	V	s	s	0	sub-02/ses-01/eeg/sub-02_ses-01_task-MotorImageryRest_run-03_eeg.vhdr	3f8ebaf95ad4bbef5da66e1258d319eff3ca8047f39ae549d367758db61e2ccf	True	unresolved	unresolved
sub-2	01	03	sub-2/ses-01/run-03/tsv-row-5	5	rest	1	32.932	5.0	8233	9483	sub-2/ses-01/eeg/sub-2_ses-01_task-imagery_run-03_eeg.edf	1250	True		sub-02	V	s	s	0	sub-02/ses-01/eeg/sub-02_ses-01_task-MotorImageryRest_run-03_eeg.vhdr	3f8ebaf95ad4bbef5da66e1258d319eff3ca8047f39ae549d367758db61e2ccf	True	unresolved	unresolved
sub-2	01	03	sub-2/ses-01/run-03/tsv-row-6	6	right_hand	2	39.816	5.0	9954	11204	sub-2/ses-01/eeg/sub-2_ses-01_task-imagery_run-03_eeg.edf	1250	True		sub-02	V	s	s	0	sub-02/ses-01/eeg/sub-02_ses-01_task-MotorImageryRest_run-03_eeg.vhdr	3f8ebaf95ad4bbef5da66e1258d319eff3ca8047f39ae549d367758db61e2ccf	True	unresolved	unresolved
sub-2	01	03	sub-2/ses-01/run-03/tsv-row-7	7	right_hand	2	46.704	5.0	11676	12926	sub-2/ses-01/eeg/sub-2_ses-01_task-imagery_run-03_eeg.edf	1250	True		sub-02	V	s	s	0	sub-02/ses-01/eeg/sub-02_ses-01_task-MotorImageryRest_run-03_eeg.vhdr	3f8ebaf95ad4bbef5da66e1258d319eff3ca8047f39ae549d367758db61e2ccf	True	unresolved	unresolved
sub-2	01	03	sub-2/ses-01/run-03/tsv-row-8	8	rest	1	53.592	5.0	13398	14648	sub-2/ses-01/eeg/sub-2_ses-01_task-imagery_run-03_eeg.edf	1250	True		sub-02	V	s	s	0	sub-02/ses-01/eeg/sub-02_ses-01_task-MotorImageryRest_run-03_eeg.vhdr	3f8ebaf95ad4bbef5da66e1258d319eff3ca8047f39ae549d367758db61e2ccf	True	unresolved	unresolved
sub-2	01	03	sub-2/ses-01/run-03/tsv-row-9	9	right_hand	2	60.476	5.0	15119	16369	sub-2/ses-01/eeg/sub-2_ses-01_task-imagery_run-03_eeg.edf	1250	True		sub-02	V	s	s	0	sub-02/ses-01/eeg/sub-02_ses-01_task-MotorImageryRest_run-03_eeg.vhdr	3f8ebaf95ad4bbef5da66e1258d319eff3ca8047f39ae549d367758db61e2ccf	True	unresolved	unresolved
sub-2	01	03	sub-2/ses-01/run-03/tsv-row-10	10	rest	1	67.364	5.0	16841	18091	sub-2/ses-01/eeg/sub-2_ses-01_task-imagery_run-03_eeg.edf	1250	True		sub-02	V	s	s	0	sub-02/ses-01/eeg/sub-02_ses-01_task-MotorImageryRest_run-03_eeg.vhdr	3f8ebaf95ad4bbef5da66e1258d319eff3ca8047f39ae549d367758db61e2ccf	True	unresolved	unresolved
sub-2	01	03	sub-2/ses-01/run-03/tsv-row-11	11	rest	1	74.252	5.0	18563	19813	sub-2/ses-01/eeg/sub-2_ses-01_task-imagery_run-03_eeg.edf	1250	True		sub-02	V	s	s	0	sub-02/ses-01/eeg/sub-02_ses-01_task-MotorImageryRest_run-03_eeg.vhdr	3f8ebaf95ad4bbef5da66e1258d319eff3ca8047f39ae549d367758db61e2ccf	True	unresolved	unresolved
sub-2	01	03	sub-2/ses-01/run-03/tsv-row-12	12	right_hand	2	81.136	5.0	20284	21534	sub-2/ses-01/eeg/sub-2_ses-01_task-imagery_run-03_eeg.edf	1250	True		sub-02	V	s	s	0	sub-02/ses-01/eeg/sub-02_ses-01_task-MotorImageryRest_run-03_eeg.vhdr	3f8ebaf95ad4bbef5da66e1258d319eff3ca8047f39ae549d367758db61e2ccf	True	unresolved	unresolved
sub-2	01	03	sub-2/ses-01/run-03/tsv-row-13	13	rest	1	88.024	5.0	22006	23256	sub-2/ses-01/eeg/sub-2_ses-01_task-imagery_run-03_eeg.edf	1250	True		sub-02	V	s	s	0	sub-02/ses-01/eeg/sub-02_ses-01_task-MotorImageryRest_run-03_eeg.vhdr	3f8ebaf95ad4bbef5da66e1258d319eff3ca8047f39ae549d367758db61e2ccf	True	unresolved	unresolved
sub-2	01	03	sub-2/ses-01/run-03/tsv-row-14	14	right_hand	2	94.928	5.0	23732	24982	sub-2/ses-01/eeg/sub-2_ses-01_task-imagery_run-03_eeg.edf	1250	True		sub-02	V	s	s	0	sub-02/ses-01/eeg/sub-02_ses-01_task-MotorImageryRest_run-03_eeg.vhdr	3f8ebaf95ad4bbef5da66e1258d319eff3ca8047f39ae549d367758db61e2ccf	True	unresolved	unresolved
sub-2	01	03	sub-2/ses-01/run-03/tsv-row-15	15	right_hand	2	101.816	5.0	25454	26704	sub-2/ses-01/eeg/sub-2_ses-01_task-imagery_run-03_eeg.edf	1250	True		sub-02	V	s	s	0	sub-02/ses-01/eeg/sub-02_ses-01_task-MotorImageryRest_run-03_eeg.vhdr	3f8ebaf95ad4bbef5da66e1258d319eff3ca8047f39ae549d367758db61e2ccf	True	unresolved	unresolved
sub-2	01	03	sub-2/ses-01/run-03/tsv-row-16	16	rest	1	108.688	5.0	27172	28422	sub-2/ses-01/eeg/sub-2_ses-01_task-imagery_run-03_eeg.edf	1250	True		sub-02	V	s	s	0	sub-02/ses-01/eeg/sub-02_ses-01_task-MotorImageryRest_run-03_eeg.vhdr	3f8ebaf95ad4bbef5da66e1258d319eff3ca8047f39ae549d367758db61e2ccf	True	unresolved	unresolved
sub-2	01	03	sub-2/ses-01/run-03/tsv-row-17	17	right_hand	2	115.572	5.0	28893	30143	sub-2/ses-01/eeg/sub-2_ses-01_task-imagery_run-03_eeg.edf	1250	True		sub-02	V	s	s	0	sub-02/ses-01/eeg/sub-02_ses-01_task-MotorImageryRest_run-03_eeg.vhdr	3f8ebaf95ad4bbef5da66e1258d319eff3ca8047f39ae549d367758db61e2ccf	True	unresolved	unresolved
sub-2	01	03	sub-2/ses-01/run-03/tsv-row-18	18	rest	1	122.476	5.0	30619	31869	sub-2/ses-01/eeg/sub-2_ses-01_task-imagery_run-03_eeg.edf	1250	True		sub-02	V	s	s	0	sub-02/ses-01/eeg/sub-02_ses-01_task-MotorImageryRest_run-03_eeg.vhdr	3f8ebaf95ad4bbef5da66e1258d319eff3ca8047f39ae549d367758db61e2ccf	True	unresolved	unresolved
sub-2	01	03	sub-2/ses-01/run-03/tsv-row-19	19	right_hand	2	129.344	5.0	32336	33586	sub-2/ses-01/eeg/sub-2_ses-01_task-imagery_run-03_eeg.edf	1250	True		sub-02	V	s	s	0	sub-02/ses-01/eeg/sub-02_ses-01_task-MotorImageryRest_run-03_eeg.vhdr	3f8ebaf95ad4bbef5da66e1258d319eff3ca8047f39ae549d367758db61e2ccf	True	unresolved	unresolved
sub-2	01	03	sub-2/ses-01/run-03/tsv-row-20	20	rest	1	136.232	5.0	34058	35308	sub-2/ses-01/eeg/sub-2_ses-01_task-imagery_run-03_eeg.edf	1250	True		sub-02	V	s	s	0	sub-02/ses-01/eeg/sub-02_ses-01_task-MotorImageryRest_run-03_eeg.vhdr	3f8ebaf95ad4bbef5da66e1258d319eff3ca8047f39ae549d367758db61e2ccf	True	unresolved	unresolved
sub-2	01	03	sub-2/ses-01/run-03/tsv-row-21	21	rest	1	143.136	5.0	35784	37034	sub-2/ses-01/eeg/sub-2_ses-01_task-imagery_run-03_eeg.edf	1250	True		sub-02	V	s	s	0	sub-02/ses-01/eeg/sub-02_ses-01_task-MotorImageryRest_run-03_eeg.vhdr	3f8ebaf95ad4bbef5da66e1258d319eff3ca8047f39ae549d367758db61e2ccf	True	unresolved	unresolved
sub-2	01	03	sub-2/ses-01/run-03/tsv-row-22	22	right_hand	2	150.024	5.0	37506	38756	sub-2/ses-01/eeg/sub-2_ses-01_task-imagery_run-03_eeg.edf	1250	True		sub-02	V	s	s	0	sub-02/ses-01/eeg/sub-02_ses-01_task-MotorImageryRest_run-03_eeg.vhdr	3f8ebaf95ad4bbef5da66e1258d319eff3ca8047f39ae549d367758db61e2ccf	True	unresolved	unresolved
sub-2	01	03	sub-2/ses-01/run-03/tsv-row-23	23	rest	1	156.896	5.0	39224	40474	sub-2/ses-01/eeg/sub-2_ses-01_task-imagery_run-03_eeg.edf	1250	True		sub-02	V	s	s	0	sub-02/ses-01/eeg/sub-02_ses-01_task-MotorImageryRest_run-03_eeg.vhdr	3f8ebaf95ad4bbef5da66e1258d319eff3ca8047f39ae549d367758db61e2ccf	True	unresolved	unresolved
sub-2	01	03	sub-2/ses-01/run-03/tsv-row-24	24	right_hand	2	163.796	5.0	40949	42199	sub-2/ses-01/eeg/sub-2_ses-01_task-imagery_run-03_eeg.edf	1250	True		sub-02	V	s	s	0	sub-02/ses-01/eeg/sub-02_ses-01_task-MotorImageryRest_run-03_eeg.vhdr	3f8ebaf95ad4bbef5da66e1258d319eff3ca8047f39ae549d367758db61e2ccf	True	unresolved	unresolved
sub-2	01	03	sub-2/ses-01/run-03/tsv-row-25	25	right_hand	2	170.684	5.0	42671	43921	sub-2/ses-01/eeg/sub-2_ses-01_task-imagery_run-03_eeg.edf	1250	True		sub-02	V	s	s	0	sub-02/ses-01/eeg/sub-02_ses-01_task-MotorImageryRest_run-03_eeg.vhdr	3f8ebaf95ad4bbef5da66e1258d319eff3ca8047f39ae549d367758db61e2ccf	True	unresolved	unresolved
sub-2	01	03	sub-2/ses-01/run-03/tsv-row-26	26	rest	1	177.572	5.0	44393	45643	sub-2/ses-01/eeg/sub-2_ses-01_task-imagery_run-03_eeg.edf	1250	True		sub-02	V	s	s	0	sub-02/ses-01/eeg/sub-02_ses-01_task-MotorImageryRest_run-03_eeg.vhdr	3f8ebaf95ad4bbef5da66e1258d319eff3ca8047f39ae549d367758db61e2ccf	True	unresolved	unresolved
sub-2	01	03	sub-2/ses-01/run-03/tsv-row-27	27	right_hand	2	184.456	5.0	46114	47364	sub-2/ses-01/eeg/sub-2_ses-01_task-imagery_run-03_eeg.edf	1250	True		sub-02	V	s	s	0	sub-02/ses-01/eeg/sub-02_ses-01_task-MotorImageryRest_run-03_eeg.vhdr	3f8ebaf95ad4bbef5da66e1258d319eff3ca8047f39ae549d367758db61e2ccf	True	unresolved	unresolved
sub-2	01	03	sub-2/ses-01/run-03/tsv-row-28	28	rest	1	191.344	5.0	47836	49086	sub-2/ses-01/eeg/sub-2_ses-01_task-imagery_run-03_eeg.edf	1250	True		sub-02	V	s	s	0	sub-02/ses-01/eeg/sub-02_ses-01_task-MotorImageryRest_run-03_eeg.vhdr	3f8ebaf95ad4bbef5da66e1258d319eff3ca8047f39ae549d367758db61e2ccf	True	unresolved	unresolved
sub-2	01	03	sub-2/ses-01/run-03/tsv-row-29	29	right_hand	2	198.228	5.0	49557	50807	sub-2/ses-01/eeg/sub-2_ses-01_task-imagery_run-03_eeg.edf	1250	True		sub-02	V	s	s	0	sub-02/ses-01/eeg/sub-02_ses-01_task-MotorImageryRest_run-03_eeg.vhdr	3f8ebaf95ad4bbef5da66e1258d319eff3ca8047f39ae549d367758db61e2ccf	True	unresolved	unresolved
sub-2	01	03	sub-2/ses-01/run-03/tsv-row-30	30	rest	1	205.136	5.0	51284	52534	sub-2/ses-01/eeg/sub-2_ses-01_task-imagery_run-03_eeg.edf	1250	True		sub-02	V	s	s	0	sub-02/ses-01/eeg/sub-02_ses-01_task-MotorImageryRest_run-03_eeg.vhdr	3f8ebaf95ad4bbef5da66e1258d319eff3ca8047f39ae549d367758db61e2ccf	True	unresolved	unresolved
sub-2	01	03	sub-2/ses-01/run-03/tsv-row-31	31	rest	1	212.004	5.0	53001	54251	sub-2/ses-01/eeg/sub-2_ses-01_task-imagery_run-03_eeg.edf	1250	True		sub-02	V	s	s	0	sub-02/ses-01/eeg/sub-02_ses-01_task-MotorImageryRest_run-03_eeg.vhdr	3f8ebaf95ad4bbef5da66e1258d319eff3ca8047f39ae549d367758db61e2ccf	True	unresolved	unresolved
sub-2	01	03	sub-2/ses-01/run-03/tsv-row-32	32	right_hand	2	218.892	5.0	54723	55973	sub-2/ses-01/eeg/sub-2_ses-01_task-imagery_run-03_eeg.edf	1250	True		sub-02	V	s	s	0	sub-02/ses-01/eeg/sub-02_ses-01_task-MotorImageryRest_run-03_eeg.vhdr	3f8ebaf95ad4bbef5da66e1258d319eff3ca8047f39ae549d367758db61e2ccf	True	unresolved	unresolved
sub-2	01	04	sub-2/ses-01/run-04/tsv-row-1	1	rest	1	6.848	5.0	1712	2962	sub-2/ses-01/eeg/sub-2_ses-01_task-imagery_run-04_eeg.edf	1250	True		sub-02	V	s	s	0	sub-02/ses-01/eeg/sub-02_ses-01_task-MotorImageryRest_run-04_eeg.vhdr	a470bf8bfcc7b90dc7b5e1ff9d269f8a57c93507c936b5658c30877dac8e144b	True	unresolved	unresolved
sub-2	01	04	sub-2/ses-01/run-04/tsv-row-2	2	right_hand	2	13.74	5.0	3435	4685	sub-2/ses-01/eeg/sub-2_ses-01_task-imagery_run-04_eeg.edf	1250	True		sub-02	V	s	s	0	sub-02/ses-01/eeg/sub-02_ses-01_task-MotorImageryRest_run-04_eeg.vhdr	a470bf8bfcc7b90dc7b5e1ff9d269f8a57c93507c936b5658c30877dac8e144b	True	unresolved	unresolved
sub-2	01	04	sub-2/ses-01/run-04/tsv-row-3	3	right_hand	2	20.64	5.0	5160	6410	sub-2/ses-01/eeg/sub-2_ses-01_task-imagery_run-04_eeg.edf	1250	True		sub-02	V	s	s	0	sub-02/ses-01/eeg/sub-02_ses-01_task-MotorImageryRest_run-04_eeg.vhdr	a470bf8bfcc7b90dc7b5e1ff9d269f8a57c93507c936b5658c30877dac8e144b	True	unresolved	unresolved
sub-2	01	04	sub-2/ses-01/run-04/tsv-row-4	4	rest	1	27.532	5.0	6883	8133	sub-2/ses-01/eeg/sub-2_ses-01_task-imagery_run-04_eeg.edf	1250	True		sub-02	V	s	s	0	sub-02/ses-01/eeg/sub-02_ses-01_task-MotorImageryRest_run-04_eeg.vhdr	a470bf8bfcc7b90dc7b5e1ff9d269f8a57c93507c936b5658c30877dac8e144b	True	unresolved	unresolved
sub-2	01	04	sub-2/ses-01/run-04/tsv-row-5	5	right_hand	2	34.4	5.0	8600	9850	sub-2/ses-01/eeg/sub-2_ses-01_task-imagery_run-04_eeg.edf	1250	True		sub-02	V	s	s	0	sub-02/ses-01/eeg/sub-02_ses-01_task-MotorImageryRest_run-04_eeg.vhdr	a470bf8bfcc7b90dc7b5e1ff9d269f8a57c93507c936b5658c30877dac8e144b	True	unresolved	unresolved
sub-2	01	04	sub-2/ses-01/run-04/tsv-row-6	6	rest	1	41.288	5.0	10322	11572	sub-2/ses-01/eeg/sub-2_ses-01_task-imagery_run-04_eeg.edf	1250	True		sub-02	V	s	s	0	sub-02/ses-01/eeg/sub-02_ses-01_task-MotorImageryRest_run-04_eeg.vhdr	a470bf8bfcc7b90dc7b5e1ff9d269f8a57c93507c936b5658c30877dac8e144b	True	unresolved	unresolved
sub-2	01	04	sub-2/ses-01/run-04/tsv-row-7	7	right_hand	2	48.188	5.0	12047	13297	sub-2/ses-01/eeg/sub-2_ses-01_task-imagery_run-04_eeg.edf	1250	True		sub-02	V	s	s	0	sub-02/ses-01/eeg/sub-02_ses-01_task-MotorImageryRest_run-04_eeg.vhdr	a470bf8bfcc7b90dc7b5e1ff9d269f8a57c93507c936b5658c30877dac8e144b	True	unresolved	unresolved
sub-2	01	04	sub-2/ses-01/run-04/tsv-row-8	8	rest	1	55.076	5.0	13769	15019	sub-2/ses-01/eeg/sub-2_ses-01_task-imagery_run-04_eeg.edf	1250	True		sub-02	V	s	s	0	sub-02/ses-01/eeg/sub-02_ses-01_task-MotorImageryRest_run-04_eeg.vhdr	a470bf8bfcc7b90dc7b5e1ff9d269f8a57c93507c936b5658c30877dac8e144b	True	unresolved	unresolved
sub-2	01	04	sub-2/ses-01/run-04/tsv-row-9	9	right_hand	2	61.948	5.0	15487	16737	sub-2/ses-01/eeg/sub-2_ses-01_task-imagery_run-04_eeg.edf	1250	True		sub-02	V	s	s	0	sub-02/ses-01/eeg/sub-02_ses-01_task-MotorImageryRest_run-04_eeg.vhdr	a470bf8bfcc7b90dc7b5e1ff9d269f8a57c93507c936b5658c30877dac8e144b	True	unresolved	unresolved
sub-2	01	04	sub-2/ses-01/run-04/tsv-row-10	10	rest	1	68.852	5.0	17213	18463	sub-2/ses-01/eeg/sub-2_ses-01_task-imagery_run-04_eeg.edf	1250	True		sub-02	V	s	s	0	sub-02/ses-01/eeg/sub-02_ses-01_task-MotorImageryRest_run-04_eeg.vhdr	a470bf8bfcc7b90dc7b5e1ff9d269f8a57c93507c936b5658c30877dac8e144b	True	unresolved	unresolved
sub-2	01	04	sub-2/ses-01/run-04/tsv-row-11	11	right_hand	2	75.736	5.0	18934	20184	sub-2/ses-01/eeg/sub-2_ses-01_task-imagery_run-04_eeg.edf	1250	True		sub-02	V	s	s	0	sub-02/ses-01/eeg/sub-02_ses-01_task-MotorImageryRest_run-04_eeg.vhdr	a470bf8bfcc7b90dc7b5e1ff9d269f8a57c93507c936b5658c30877dac8e144b	True	unresolved	unresolved
sub-2	01	04	sub-2/ses-01/run-04/tsv-row-12	12	rest	1	82.624	5.0	20656	21906	sub-2/ses-01/eeg/sub-2_ses-01_task-imagery_run-04_eeg.edf	1250	True		sub-02	V	s	s	0	sub-02/ses-01/eeg/sub-02_ses-01_task-MotorImageryRest_run-04_eeg.vhdr	a470bf8bfcc7b90dc7b5e1ff9d269f8a57c93507c936b5658c30877dac8e144b	True	unresolved	unresolved
sub-2	01	04	sub-2/ses-01/run-04/tsv-row-13	13	right_hand	2	89.508	5.0	22377	23627	sub-2/ses-01/eeg/sub-2_ses-01_task-imagery_run-04_eeg.edf	1250	True		sub-02	V	s	s	0	sub-02/ses-01/eeg/sub-02_ses-01_task-MotorImageryRest_run-04_eeg.vhdr	a470bf8bfcc7b90dc7b5e1ff9d269f8a57c93507c936b5658c30877dac8e144b	True	unresolved	unresolved
sub-2	01	04	sub-2/ses-01/run-04/tsv-row-14	14	rest	1	96.4	5.0	24100	25350	sub-2/ses-01/eeg/sub-2_ses-01_task-imagery_run-04_eeg.edf	1250	True		sub-02	V	s	s	0	sub-02/ses-01/eeg/sub-02_ses-01_task-MotorImageryRest_run-04_eeg.vhdr	a470bf8bfcc7b90dc7b5e1ff9d269f8a57c93507c936b5658c30877dac8e144b	True	unresolved	unresolved
sub-2	01	04	sub-2/ses-01/run-04/tsv-row-15	15	rest	1	103.304	5.0	25826	27076	sub-2/ses-01/eeg/sub-2_ses-01_task-imagery_run-04_eeg.edf	1250	True		sub-02	V	s	s	0	sub-02/ses-01/eeg/sub-02_ses-01_task-MotorImageryRest_run-04_eeg.vhdr	a470bf8bfcc7b90dc7b5e1ff9d269f8a57c93507c936b5658c30877dac8e144b	True	unresolved	unresolved
sub-2	01	04	sub-2/ses-01/run-04/tsv-row-16	16	right_hand	2	110.188	5.0	27547	28797	sub-2/ses-01/eeg/sub-2_ses-01_task-imagery_run-04_eeg.edf	1250	True		sub-02	V	s	s	0	sub-02/ses-01/eeg/sub-02_ses-01_task-MotorImageryRest_run-04_eeg.vhdr	a470bf8bfcc7b90dc7b5e1ff9d269f8a57c93507c936b5658c30877dac8e144b	True	unresolved	unresolved
sub-2	01	04	sub-2/ses-01/run-04/tsv-row-17	17	right_hand	2	117.072	5.0	29268	30518	sub-2/ses-01/eeg/sub-2_ses-01_task-imagery_run-04_eeg.edf	1250	True		sub-02	V	s	s	0	sub-02/ses-01/eeg/sub-02_ses-01_task-MotorImageryRest_run-04_eeg.vhdr	a470bf8bfcc7b90dc7b5e1ff9d269f8a57c93507c936b5658c30877dac8e144b	True	unresolved	unresolved
sub-2	01	04	sub-2/ses-01/run-04/tsv-row-18	18	rest	1	123.944	5.0	30986	32236	sub-2/ses-01/eeg/sub-2_ses-01_task-imagery_run-04_eeg.edf	1250	True		sub-02	V	s	s	0	sub-02/ses-01/eeg/sub-02_ses-01_task-MotorImageryRest_run-04_eeg.vhdr	a470bf8bfcc7b90dc7b5e1ff9d269f8a57c93507c936b5658c30877dac8e144b	True	unresolved	unresolved
sub-2	01	04	sub-2/ses-01/run-04/tsv-row-19	19	right_hand	2	130.848	5.0	32712	33962	sub-2/ses-01/eeg/sub-2_ses-01_task-imagery_run-04_eeg.edf	1250	True		sub-02	V	s	s	0	sub-02/ses-01/eeg/sub-02_ses-01_task-MotorImageryRest_run-04_eeg.vhdr	a470bf8bfcc7b90dc7b5e1ff9d269f8a57c93507c936b5658c30877dac8e144b	True	unresolved	unresolved
sub-2	01	04	sub-2/ses-01/run-04/tsv-row-20	20	rest	1	137.736	5.0	34434	35684	sub-2/ses-01/eeg/sub-2_ses-01_task-imagery_run-04_eeg.edf	1250	True		sub-02	V	s	s	0	sub-02/ses-01/eeg/sub-02_ses-01_task-MotorImageryRest_run-04_eeg.vhdr	a470bf8bfcc7b90dc7b5e1ff9d269f8a57c93507c936b5658c30877dac8e144b	True	unresolved	unresolved
sub-2	01	04	sub-2/ses-01/run-04/tsv-row-21	21	rest	1	144.608	5.0	36152	37402	sub-2/ses-01/eeg/sub-2_ses-01_task-imagery_run-04_eeg.edf	1250	True		sub-02	V	s	s	0	sub-02/ses-01/eeg/sub-02_ses-01_task-MotorImageryRest_run-04_eeg.vhdr	a470bf8bfcc7b90dc7b5e1ff9d269f8a57c93507c936b5658c30877dac8e144b	True	unresolved	unresolved
sub-2	01	04	sub-2/ses-01/run-04/tsv-row-22	22	right_hand	2	151.492	5.0	37873	39123	sub-2/ses-01/eeg/sub-2_ses-01_task-imagery_run-04_eeg.edf	1250	True		sub-02	V	s	s	0	sub-02/ses-01/eeg/sub-02_ses-01_task-MotorImageryRest_run-04_eeg.vhdr	a470bf8bfcc7b90dc7b5e1ff9d269f8a57c93507c936b5658c30877dac8e144b	True	unresolved	unresolved
sub-2	01	04	sub-2/ses-01/run-04/tsv-row-23	23	right_hand	2	158.396	5.0	39599	40849	sub-2/ses-01/eeg/sub-2_ses-01_task-imagery_run-04_eeg.edf	1250	True		sub-02	V	s	s	0	sub-02/ses-01/eeg/sub-02_ses-01_task-MotorImageryRest_run-04_eeg.vhdr	a470bf8bfcc7b90dc7b5e1ff9d269f8a57c93507c936b5658c30877dac8e144b	True	unresolved	unresolved
sub-2	01	04	sub-2/ses-01/run-04/tsv-row-24	24	rest	1	165.284	5.0	41321	42571	sub-2/ses-01/eeg/sub-2_ses-01_task-imagery_run-04_eeg.edf	1250	True		sub-02	V	s	s	0	sub-02/ses-01/eeg/sub-02_ses-01_task-MotorImageryRest_run-04_eeg.vhdr	a470bf8bfcc7b90dc7b5e1ff9d269f8a57c93507c936b5658c30877dac8e144b	True	unresolved	unresolved
sub-2	01	04	sub-2/ses-01/run-04/tsv-row-25	25	rest	1	172.152	5.0	43038	44288	sub-2/ses-01/eeg/sub-2_ses-01_task-imagery_run-04_eeg.edf	1250	True		sub-02	V	s	s	0	sub-02/ses-01/eeg/sub-02_ses-01_task-MotorImageryRest_run-04_eeg.vhdr	a470bf8bfcc7b90dc7b5e1ff9d269f8a57c93507c936b5658c30877dac8e144b	True	unresolved	unresolved
sub-2	01	04	sub-2/ses-01/run-04/tsv-row-26	26	right_hand	2	179.056	5.0	44764	46014	sub-2/ses-01/eeg/sub-2_ses-01_task-imagery_run-04_eeg.edf	1250	True		sub-02	V	s	s	0	sub-02/ses-01/eeg/sub-02_ses-01_task-MotorImageryRest_run-04_eeg.vhdr	a470bf8bfcc7b90dc7b5e1ff9d269f8a57c93507c936b5658c30877dac8e144b	True	unresolved	unresolved
sub-2	01	04	sub-2/ses-01/run-04/tsv-row-27	27	right_hand	2	185.94	5.0	46485	47735	sub-2/ses-01/eeg/sub-2_ses-01_task-imagery_run-04_eeg.edf	1250	True		sub-02	V	s	s	0	sub-02/ses-01/eeg/sub-02_ses-01_task-MotorImageryRest_run-04_eeg.vhdr	a470bf8bfcc7b90dc7b5e1ff9d269f8a57c93507c936b5658c30877dac8e144b	True	unresolved	unresolved
sub-2	01	04	sub-2/ses-01/run-04/tsv-row-28	28	rest	1	192.832	5.0	48208	49458	sub-2/ses-01/eeg/sub-2_ses-01_task-imagery_run-04_eeg.edf	1250	True		sub-02	V	s	s	0	sub-02/ses-01/eeg/sub-02_ses-01_task-MotorImageryRest_run-04_eeg.vhdr	a470bf8bfcc7b90dc7b5e1ff9d269f8a57c93507c936b5658c30877dac8e144b	True	unresolved	unresolved
sub-2	01	04	sub-2/ses-01/run-04/tsv-row-29	29	rest	1	199.716	5.0	49929	51179	sub-2/ses-01/eeg/sub-2_ses-01_task-imagery_run-04_eeg.edf	1250	True		sub-02	V	s	s	0	sub-02/ses-01/eeg/sub-02_ses-01_task-MotorImageryRest_run-04_eeg.vhdr	a470bf8bfcc7b90dc7b5e1ff9d269f8a57c93507c936b5658c30877dac8e144b	True	unresolved	unresolved
sub-2	01	04	sub-2/ses-01/run-04/tsv-row-30	30	right_hand	2	206.604	5.0	51651	52901	sub-2/ses-01/eeg/sub-2_ses-01_task-imagery_run-04_eeg.edf	1250	True		sub-02	V	s	s	0	sub-02/ses-01/eeg/sub-02_ses-01_task-MotorImageryRest_run-04_eeg.vhdr	a470bf8bfcc7b90dc7b5e1ff9d269f8a57c93507c936b5658c30877dac8e144b	True	unresolved	unresolved
sub-2	01	04	sub-2/ses-01/run-04/tsv-row-31	31	right_hand	2	213.488	5.0	53372	54622	sub-2/ses-01/eeg/sub-2_ses-01_task-imagery_run-04_eeg.edf	1250	True		sub-02	V	s	s	0	sub-02/ses-01/eeg/sub-02_ses-01_task-MotorImageryRest_run-04_eeg.vhdr	a470bf8bfcc7b90dc7b5e1ff9d269f8a57c93507c936b5658c30877dac8e144b	True	unresolved	unresolved
sub-2	01	04	sub-2/ses-01/run-04/tsv-row-32	32	rest	1	220.396	5.0	55099	56349	sub-2/ses-01/eeg/sub-2_ses-01_task-imagery_run-04_eeg.edf	1250	True		sub-02	V	s	s	0	sub-02/ses-01/eeg/sub-02_ses-01_task-MotorImageryRest_run-04_eeg.vhdr	a470bf8bfcc7b90dc7b5e1ff9d269f8a57c93507c936b5658c30877dac8e144b	True	unresolved	unresolved
sub-2	01	05	sub-2/ses-01/run-05/tsv-row-1	1	right_hand	2	6.488	5.0	1622	2872	sub-2/ses-01/eeg/sub-2_ses-01_task-imagery_run-05_eeg.edf	1250	True		sub-02	V	s	s	0	sub-02/ses-01/eeg/sub-02_ses-01_task-MotorImageryRest_run-05_eeg.vhdr	0b3ead747cda7bfa271aaa3628c53e1dd8d0740a60eae2e00a7eea6ed2f34d52	True	unresolved	unresolved
sub-2	01	05	sub-2/ses-01/run-05/tsv-row-2	2	rest	1	13.38	5.0	3345	4595	sub-2/ses-01/eeg/sub-2_ses-01_task-imagery_run-05_eeg.edf	1250	True		sub-02	V	s	s	0	sub-02/ses-01/eeg/sub-02_ses-01_task-MotorImageryRest_run-05_eeg.vhdr	0b3ead747cda7bfa271aaa3628c53e1dd8d0740a60eae2e00a7eea6ed2f34d52	True	unresolved	unresolved
sub-2	01	05	sub-2/ses-01/run-05/tsv-row-3	3	right_hand	2	20.264	5.0	5066	6316	sub-2/ses-01/eeg/sub-2_ses-01_task-imagery_run-05_eeg.edf	1250	True		sub-02	V	s	s	0	sub-02/ses-01/eeg/sub-02_ses-01_task-MotorImageryRest_run-05_eeg.vhdr	0b3ead747cda7bfa271aaa3628c53e1dd8d0740a60eae2e00a7eea6ed2f34d52	True	unresolved	unresolved
sub-2	01	05	sub-2/ses-01/run-05/tsv-row-4	4	rest	1	27.156	5.0	6789	8039	sub-2/ses-01/eeg/sub-2_ses-01_task-imagery_run-05_eeg.edf	1250	True		sub-02	V	s	s	0	sub-02/ses-01/eeg/sub-02_ses-01_task-MotorImageryRest_run-05_eeg.vhdr	0b3ead747cda7bfa271aaa3628c53e1dd8d0740a60eae2e00a7eea6ed2f34d52	True	unresolved	unresolved
sub-2	01	05	sub-2/ses-01/run-05/tsv-row-5	5	right_hand	2	34.04	5.0	8510	9760	sub-2/ses-01/eeg/sub-2_ses-01_task-imagery_run-05_eeg.edf	1250	True		sub-02	V	s	s	0	sub-02/ses-01/eeg/sub-02_ses-01_task-MotorImageryRest_run-05_eeg.vhdr	0b3ead747cda7bfa271aaa3628c53e1dd8d0740a60eae2e00a7eea6ed2f34d52	True	unresolved	unresolved
sub-2	01	05	sub-2/ses-01/run-05/tsv-row-6	6	rest	1	40.928	5.0	10232	11482	sub-2/ses-01/eeg/sub-2_ses-01_task-imagery_run-05_eeg.edf	1250	True		sub-02	V	s	s	0	sub-02/ses-01/eeg/sub-02_ses-01_task-MotorImageryRest_run-05_eeg.vhdr	0b3ead747cda7bfa271aaa3628c53e1dd8d0740a60eae2e00a7eea6ed2f34d52	True	unresolved	unresolved
sub-2	01	05	sub-2/ses-01/run-05/tsv-row-7	7	rest	1	47.832	5.0	11958	13208	sub-2/ses-01/eeg/sub-2_ses-01_task-imagery_run-05_eeg.edf	1250	True		sub-02	V	s	s	0	sub-02/ses-01/eeg/sub-02_ses-01_task-MotorImageryRest_run-05_eeg.vhdr	0b3ead747cda7bfa271aaa3628c53e1dd8d0740a60eae2e00a7eea6ed2f34d52	True	unresolved	unresolved
sub-2	01	05	sub-2/ses-01/run-05/tsv-row-8	8	right_hand	2	54.7	5.0	13675	14925	sub-2/ses-01/eeg/sub-2_ses-01_task-imagery_run-05_eeg.edf	1250	True		sub-02	V	s	s	0	sub-02/ses-01/eeg/sub-02_ses-01_task-MotorImageryRest_run-05_eeg.vhdr	0b3ead747cda7bfa271aaa3628c53e1dd8d0740a60eae2e00a7eea6ed2f34d52	True	unresolved	unresolved
sub-2	01	05	sub-2/ses-01/run-05/tsv-row-9	9	rest	1	61.588	5.0	15397	16647	sub-2/ses-01/eeg/sub-2_ses-01_task-imagery_run-05_eeg.edf	1250	True		sub-02	V	s	s	0	sub-02/ses-01/eeg/sub-02_ses-01_task-MotorImageryRest_run-05_eeg.vhdr	0b3ead747cda7bfa271aaa3628c53e1dd8d0740a60eae2e00a7eea6ed2f34d52	True	unresolved	unresolved
sub-2	01	05	sub-2/ses-01/run-05/tsv-row-10	10	right_hand	2	68.488	5.0	17122	18372	sub-2/ses-01/eeg/sub-2_ses-01_task-imagery_run-05_eeg.edf	1250	True		sub-02	V	s	s	0	sub-02/ses-01/eeg/sub-02_ses-01_task-MotorImageryRest_run-05_eeg.vhdr	0b3ead747cda7bfa271aaa3628c53e1dd8d0740a60eae2e00a7eea6ed2f34d52	True	unresolved	unresolved
sub-2	01	05	sub-2/ses-01/run-05/tsv-row-11	11	rest	1	75.36	5.0	18840	20090	sub-2/ses-01/eeg/sub-2_ses-01_task-imagery_run-05_eeg.edf	1250	True		sub-02	V	s	s	0	sub-02/ses-01/eeg/sub-02_ses-01_task-MotorImageryRest_run-05_eeg.vhdr	0b3ead747cda7bfa271aaa3628c53e1dd8d0740a60eae2e00a7eea6ed2f34d52	True	unresolved	unresolved
sub-2	01	05	sub-2/ses-01/run-05/tsv-row-12	12	right_hand	2	82.248	5.0	20562	21812	sub-2/ses-01/eeg/sub-2_ses-01_task-imagery_run-05_eeg.edf	1250	True		sub-02	V	s	s	0	sub-02/ses-01/eeg/sub-02_ses-01_task-MotorImageryRest_run-05_eeg.vhdr	0b3ead747cda7bfa271aaa3628c53e1dd8d0740a60eae2e00a7eea6ed2f34d52	True	unresolved	unresolved
sub-2	01	05	sub-2/ses-01/run-05/tsv-row-13	13	right_hand	2	89.152	5.0	22288	23538	sub-2/ses-01/eeg/sub-2_ses-01_task-imagery_run-05_eeg.edf	1250	True		sub-02	V	s	s	0	sub-02/ses-01/eeg/sub-02_ses-01_task-MotorImageryRest_run-05_eeg.vhdr	0b3ead747cda7bfa271aaa3628c53e1dd8d0740a60eae2e00a7eea6ed2f34d52	True	unresolved	unresolved
sub-2	01	05	sub-2/ses-01/run-05/tsv-row-14	14	rest	1	96.04	5.0	24010	25260	sub-2/ses-01/eeg/sub-2_ses-01_task-imagery_run-05_eeg.edf	1250	True		sub-02	V	s	s	0	sub-02/ses-01/eeg/sub-02_ses-01_task-MotorImageryRest_run-05_eeg.vhdr	0b3ead747cda7bfa271aaa3628c53e1dd8d0740a60eae2e00a7eea6ed2f34d52	True	unresolved	unresolved
sub-2	01	05	sub-2/ses-01/run-05/tsv-row-15	15	right_hand	2	102.908	5.0	25727	26977	sub-2/ses-01/eeg/sub-2_ses-01_task-imagery_run-05_eeg.edf	1250	True		sub-02	V	s	s	0	sub-02/ses-01/eeg/sub-02_ses-01_task-MotorImageryRest_run-05_eeg.vhdr	0b3ead747cda7bfa271aaa3628c53e1dd8d0740a60eae2e00a7eea6ed2f34d52	True	unresolved	unresolved
sub-2	01	05	sub-2/ses-01/run-05/tsv-row-16	16	rest	1	109.812	5.0	27453	28703	sub-2/ses-01/eeg/sub-2_ses-01_task-imagery_run-05_eeg.edf	1250	True		sub-02	V	s	s	0	sub-02/ses-01/eeg/sub-02_ses-01_task-MotorImageryRest_run-05_eeg.vhdr	0b3ead747cda7bfa271aaa3628c53e1dd8d0740a60eae2e00a7eea6ed2f34d52	True	unresolved	unresolved
sub-2	01	05	sub-2/ses-01/run-05/tsv-row-17	17	right_hand	2	116.696	5.0	29174	30424	sub-2/ses-01/eeg/sub-2_ses-01_task-imagery_run-05_eeg.edf	1250	True		sub-02	V	s	s	0	sub-02/ses-01/eeg/sub-02_ses-01_task-MotorImageryRest_run-05_eeg.vhdr	0b3ead747cda7bfa271aaa3628c53e1dd8d0740a60eae2e00a7eea6ed2f34d52	True	unresolved	unresolved
sub-2	01	05	sub-2/ses-01/run-05/tsv-row-18	18	rest	1	123.588	5.0	30897	32147	sub-2/ses-01/eeg/sub-2_ses-01_task-imagery_run-05_eeg.edf	1250	True		sub-02	V	s	s	0	sub-02/ses-01/eeg/sub-02_ses-01_task-MotorImageryRest_run-05_eeg.vhdr	0b3ead747cda7bfa271aaa3628c53e1dd8d0740a60eae2e00a7eea6ed2f34d52	True	unresolved	unresolved
sub-2	01	05	sub-2/ses-01/run-05/tsv-row-19	19	rest	1	130.488	5.0	32622	33872	sub-2/ses-01/eeg/sub-2_ses-01_task-imagery_run-05_eeg.edf	1250	True		sub-02	V	s	s	0	sub-02/ses-01/eeg/sub-02_ses-01_task-MotorImageryRest_run-05_eeg.vhdr	0b3ead747cda7bfa271aaa3628c53e1dd8d0740a60eae2e00a7eea6ed2f34d52	True	unresolved	unresolved
sub-2	01	05	sub-2/ses-01/run-05/tsv-row-20	20	right_hand	2	137.36	5.0	34340	35590	sub-2/ses-01/eeg/sub-2_ses-01_task-imagery_run-05_eeg.edf	1250	True		sub-02	V	s	s	0	sub-02/ses-01/eeg/sub-02_ses-01_task-MotorImageryRest_run-05_eeg.vhdr	0b3ead747cda7bfa271aaa3628c53e1dd8d0740a60eae2e00a7eea6ed2f34d52	True	unresolved	unresolved
sub-2	01	05	sub-2/ses-01/run-05/tsv-row-21	21	rest	1	144.248	5.0	36062	37312	sub-2/ses-01/eeg/sub-2_ses-01_task-imagery_run-05_eeg.edf	1250	True		sub-02	V	s	s	0	sub-02/ses-01/eeg/sub-02_ses-01_task-MotorImageryRest_run-05_eeg.vhdr	0b3ead747cda7bfa271aaa3628c53e1dd8d0740a60eae2e00a7eea6ed2f34d52	True	unresolved	unresolved
sub-2	01	05	sub-2/ses-01/run-05/tsv-row-22	22	right_hand	2	151.148	5.0	37787	39037	sub-2/ses-01/eeg/sub-2_ses-01_task-imagery_run-05_eeg.edf	1250	True		sub-02	V	s	s	0	sub-02/ses-01/eeg/sub-02_ses-01_task-MotorImageryRest_run-05_eeg.vhdr	0b3ead747cda7bfa271aaa3628c53e1dd8d0740a60eae2e00a7eea6ed2f34d52	True	unresolved	unresolved
sub-2	01	05	sub-2/ses-01/run-05/tsv-row-23	23	right_hand	2	158.02	5.0	39505	40755	sub-2/ses-01/eeg/sub-2_ses-01_task-imagery_run-05_eeg.edf	1250	True		sub-02	V	s	s	0	sub-02/ses-01/eeg/sub-02_ses-01_task-MotorImageryRest_run-05_eeg.vhdr	0b3ead747cda7bfa271aaa3628c53e1dd8d0740a60eae2e00a7eea6ed2f34d52	True	unresolved	unresolved
sub-2	01	05	sub-2/ses-01/run-05/tsv-row-24	24	rest	1	164.908	5.0	41227	42477	sub-2/ses-01/eeg/sub-2_ses-01_task-imagery_run-05_eeg.edf	1250	True		sub-02	V	s	s	0	sub-02/ses-01/eeg/sub-02_ses-01_task-MotorImageryRest_run-05_eeg.vhdr	0b3ead747cda7bfa271aaa3628c53e1dd8d0740a60eae2e00a7eea6ed2f34d52	True	unresolved	unresolved
sub-2	01	05	sub-2/ses-01/run-05/tsv-row-25	25	right_hand	2	171.808	5.0	42952	44202	sub-2/ses-01/eeg/sub-2_ses-01_task-imagery_run-05_eeg.edf	1250	True		sub-02	V	s	s	0	sub-02/ses-01/eeg/sub-02_ses-01_task-MotorImageryRest_run-05_eeg.vhdr	0b3ead747cda7bfa271aaa3628c53e1dd8d0740a60eae2e00a7eea6ed2f34d52	True	unresolved	unresolved
sub-2	01	05	sub-2/ses-01/run-05/tsv-row-26	26	rest	1	178.696	5.0	44674	45924	sub-2/ses-01/eeg/sub-2_ses-01_task-imagery_run-05_eeg.edf	1250	True		sub-02	V	s	s	0	sub-02/ses-01/eeg/sub-02_ses-01_task-MotorImageryRest_run-05_eeg.vhdr	0b3ead747cda7bfa271aaa3628c53e1dd8d0740a60eae2e00a7eea6ed2f34d52	True	unresolved	unresolved
sub-2	01	05	sub-2/ses-01/run-05/tsv-row-27	27	right_hand	2	185.584	5.0	46396	47646	sub-2/ses-01/eeg/sub-2_ses-01_task-imagery_run-05_eeg.edf	1250	True		sub-02	V	s	s	0	sub-02/ses-01/eeg/sub-02_ses-01_task-MotorImageryRest_run-05_eeg.vhdr	0b3ead747cda7bfa271aaa3628c53e1dd8d0740a60eae2e00a7eea6ed2f34d52	True	unresolved	unresolved
sub-2	01	05	sub-2/ses-01/run-05/tsv-row-28	28	rest	1	192.472	5.0	48118	49368	sub-2/ses-01/eeg/sub-2_ses-01_task-imagery_run-05_eeg.edf	1250	True		sub-02	V	s	s	0	sub-02/ses-01/eeg/sub-02_ses-01_task-MotorImageryRest_run-05_eeg.vhdr	0b3ead747cda7bfa271aaa3628c53e1dd8d0740a60eae2e00a7eea6ed2f34d52	True	unresolved	unresolved
sub-2	01	05	sub-2/ses-01/run-05/tsv-row-29	29	right_hand	2	199.356	5.0	49839	51089	sub-2/ses-01/eeg/sub-2_ses-01_task-imagery_run-05_eeg.edf	1250	True		sub-02	V	s	s	0	sub-02/ses-01/eeg/sub-02_ses-01_task-MotorImageryRest_run-05_eeg.vhdr	0b3ead747cda7bfa271aaa3628c53e1dd8d0740a60eae2e00a7eea6ed2f34d52	True	unresolved	unresolved
sub-2	01	05	sub-2/ses-01/run-05/tsv-row-30	30	rest	1	206.244	5.0	51561	52811	sub-2/ses-01/eeg/sub-2_ses-01_task-imagery_run-05_eeg.edf	1250	True		sub-02	V	s	s	0	sub-02/ses-01/eeg/sub-02_ses-01_task-MotorImageryRest_run-05_eeg.vhdr	0b3ead747cda7bfa271aaa3628c53e1dd8d0740a60eae2e00a7eea6ed2f34d52	True	unresolved	unresolved
sub-2	01	05	sub-2/ses-01/run-05/tsv-row-31	31	right_hand	2	213.128	5.0	53282	54532	sub-2/ses-01/eeg/sub-2_ses-01_task-imagery_run-05_eeg.edf	1250	True		sub-02	V	s	s	0	sub-02/ses-01/eeg/sub-02_ses-01_task-MotorImageryRest_run-05_eeg.vhdr	0b3ead747cda7bfa271aaa3628c53e1dd8d0740a60eae2e00a7eea6ed2f34d52	True	unresolved	unresolved
sub-2	01	05	sub-2/ses-01/run-05/tsv-row-32	32	rest	1	220.02	5.0	55005	56255	sub-2/ses-01/eeg/sub-2_ses-01_task-imagery_run-05_eeg.edf	1250	True		sub-02	V	s	s	0	sub-02/ses-01/eeg/sub-02_ses-01_task-MotorImageryRest_run-05_eeg.vhdr	0b3ead747cda7bfa271aaa3628c53e1dd8d0740a60eae2e00a7eea6ed2f34d52	True	unresolved	unresolved
sub-2	01	06	sub-2/ses-01/run-06/tsv-row-1	1	right_hand	2	4.5	5.0	1125	2375	sub-2/ses-01/eeg/sub-2_ses-01_task-imagery_run-06_eeg.edf	1250	True		sub-02	V	s	s	0	sub-02/ses-01/eeg/sub-02_ses-01_task-MotorImageryRest_run-06_eeg.vhdr	a73a948bc9076489d9ef7642274c925b76ba916799f4de4256aca637babe9313	True	unresolved	unresolved
sub-2	01	06	sub-2/ses-01/run-06/tsv-row-2	2	rest	1	11.392	5.0	2848	4098	sub-2/ses-01/eeg/sub-2_ses-01_task-imagery_run-06_eeg.edf	1250	True		sub-02	V	s	s	0	sub-02/ses-01/eeg/sub-02_ses-01_task-MotorImageryRest_run-06_eeg.vhdr	a73a948bc9076489d9ef7642274c925b76ba916799f4de4256aca637babe9313	True	unresolved	unresolved
sub-2	01	06	sub-2/ses-01/run-06/tsv-row-3	3	right_hand	2	18.276	5.0	4569	5819	sub-2/ses-01/eeg/sub-2_ses-01_task-imagery_run-06_eeg.edf	1250	True		sub-02	V	s	s	0	sub-02/ses-01/eeg/sub-02_ses-01_task-MotorImageryRest_run-06_eeg.vhdr	a73a948bc9076489d9ef7642274c925b76ba916799f4de4256aca637babe9313	True	unresolved	unresolved
sub-2	01	06	sub-2/ses-01/run-06/tsv-row-4	4	rest	1	25.168	5.0	6292	7542	sub-2/ses-01/eeg/sub-2_ses-01_task-imagery_run-06_eeg.edf	1250	True		sub-02	V	s	s	0	sub-02/ses-01/eeg/sub-02_ses-01_task-MotorImageryRest_run-06_eeg.vhdr	a73a948bc9076489d9ef7642274c925b76ba916799f4de4256aca637babe9313	True	unresolved	unresolved
sub-2	01	06	sub-2/ses-01/run-06/tsv-row-5	5	rest	1	32.068	5.0	8017	9267	sub-2/ses-01/eeg/sub-2_ses-01_task-imagery_run-06_eeg.edf	1250	True		sub-02	V	s	s	0	sub-02/ses-01/eeg/sub-02_ses-01_task-MotorImageryRest_run-06_eeg.vhdr	a73a948bc9076489d9ef7642274c925b76ba916799f4de4256aca637babe9313	True	unresolved	unresolved
sub-2	01	06	sub-2/ses-01/run-06/tsv-row-6	6	right_hand	2	38.94	5.0	9735	10985	sub-2/ses-01/eeg/sub-2_ses-01_task-imagery_run-06_eeg.edf	1250	True		sub-02	V	s	s	0	sub-02/ses-01/eeg/sub-02_ses-01_task-MotorImageryRest_run-06_eeg.vhdr	a73a948bc9076489d9ef7642274c925b76ba916799f4de4256aca637babe9313	True	unresolved	unresolved
sub-2	01	06	sub-2/ses-01/run-06/tsv-row-7	7	rest	1	45.844	5.0	11461	12711	sub-2/ses-01/eeg/sub-2_ses-01_task-imagery_run-06_eeg.edf	1250	True		sub-02	V	s	s	0	sub-02/ses-01/eeg/sub-02_ses-01_task-MotorImageryRest_run-06_eeg.vhdr	a73a948bc9076489d9ef7642274c925b76ba916799f4de4256aca637babe9313	True	unresolved	unresolved
sub-2	01	06	sub-2/ses-01/run-06/tsv-row-8	8	right_hand	2	52.712	5.0	13178	14428	sub-2/ses-01/eeg/sub-2_ses-01_task-imagery_run-06_eeg.edf	1250	True		sub-02	V	s	s	0	sub-02/ses-01/eeg/sub-02_ses-01_task-MotorImageryRest_run-06_eeg.vhdr	a73a948bc9076489d9ef7642274c925b76ba916799f4de4256aca637babe9313	True	unresolved	unresolved
sub-2	01	06	sub-2/ses-01/run-06/tsv-row-9	9	rest	1	59.6	5.0	14900	16150	sub-2/ses-01/eeg/sub-2_ses-01_task-imagery_run-06_eeg.edf	1250	True		sub-02	V	s	s	0	sub-02/ses-01/eeg/sub-02_ses-01_task-MotorImageryRest_run-06_eeg.vhdr	a73a948bc9076489d9ef7642274c925b76ba916799f4de4256aca637babe9313	True	unresolved	unresolved
sub-2	01	06	sub-2/ses-01/run-06/tsv-row-10	10	right_hand	2	66.504	5.0	16626	17876	sub-2/ses-01/eeg/sub-2_ses-01_task-imagery_run-06_eeg.edf	1250	True		sub-02	V	s	s	0	sub-02/ses-01/eeg/sub-02_ses-01_task-MotorImageryRest_run-06_eeg.vhdr	a73a948bc9076489d9ef7642274c925b76ba916799f4de4256aca637babe9313	True	unresolved	unresolved
sub-2	01	06	sub-2/ses-01/run-06/tsv-row-11	11	right_hand	2	73.388	5.0	18347	19597	sub-2/ses-01/eeg/sub-2_ses-01_task-imagery_run-06_eeg.edf	1250	True		sub-02	V	s	s	0	sub-02/ses-01/eeg/sub-02_ses-01_task-MotorImageryRest_run-06_eeg.vhdr	a73a948bc9076489d9ef7642274c925b76ba916799f4de4256aca637babe9313	True	unresolved	unresolved
sub-2	01	06	sub-2/ses-01/run-06/tsv-row-12	12	rest	1	80.26	5.0	20065	21315	sub-2/ses-01/eeg/sub-2_ses-01_task-imagery_run-06_eeg.edf	1250	True		sub-02	V	s	s	0	sub-02/ses-01/eeg/sub-02_ses-01_task-MotorImageryRest_run-06_eeg.vhdr	a73a948bc9076489d9ef7642274c925b76ba916799f4de4256aca637babe9313	True	unresolved	unresolved
sub-2	01	06	sub-2/ses-01/run-06/tsv-row-13	13	rest	1	87.164	5.0	21791	23041	sub-2/ses-01/eeg/sub-2_ses-01_task-imagery_run-06_eeg.edf	1250	True		sub-02	V	s	s	0	sub-02/ses-01/eeg/sub-02_ses-01_task-MotorImageryRest_run-06_eeg.vhdr	a73a948bc9076489d9ef7642274c925b76ba916799f4de4256aca637babe9313	True	unresolved	unresolved
sub-2	01	06	sub-2/ses-01/run-06/tsv-row-14	14	right_hand	2	94.048	5.0	23512	24762	sub-2/ses-01/eeg/sub-2_ses-01_task-imagery_run-06_eeg.edf	1250	True		sub-02	V	s	s	0	sub-02/ses-01/eeg/sub-02_ses-01_task-MotorImageryRest_run-06_eeg.vhdr	a73a948bc9076489d9ef7642274c925b76ba916799f4de4256aca637babe9313	True	unresolved	unresolved
sub-2	01	06	sub-2/ses-01/run-06/tsv-row-15	15	right_hand	2	100.936	5.0	25234	26484	sub-2/ses-01/eeg/sub-2_ses-01_task-imagery_run-06_eeg.edf	1250	True		sub-02	V	s	s	0	sub-02/ses-01/eeg/sub-02_ses-01_task-MotorImageryRest_run-06_eeg.vhdr	a73a948bc9076489d9ef7642274c925b76ba916799f4de4256aca637babe9313	True	unresolved	unresolved
sub-2	01	06	sub-2/ses-01/run-06/tsv-row-16	16	rest	1	107.808	5.0	26952	28202	sub-2/ses-01/eeg/sub-2_ses-01_task-imagery_run-06_eeg.edf	1250	True		sub-02	V	s	s	0	sub-02/ses-01/eeg/sub-02_ses-01_task-MotorImageryRest_run-06_eeg.vhdr	a73a948bc9076489d9ef7642274c925b76ba916799f4de4256aca637babe9313	True	unresolved	unresolved
sub-2	01	06	sub-2/ses-01/run-06/tsv-row-17	17	rest	1	114.712	5.0	28678	29928	sub-2/ses-01/eeg/sub-2_ses-01_task-imagery_run-06_eeg.edf	1250	True		sub-02	V	s	s	0	sub-02/ses-01/eeg/sub-02_ses-01_task-MotorImageryRest_run-06_eeg.vhdr	a73a948bc9076489d9ef7642274c925b76ba916799f4de4256aca637babe9313	True	unresolved	unresolved
sub-2	01	06	sub-2/ses-01/run-06/tsv-row-18	18	right_hand	2	121.596	5.0	30399	31649	sub-2/ses-01/eeg/sub-2_ses-01_task-imagery_run-06_eeg.edf	1250	True		sub-02	V	s	s	0	sub-02/ses-01/eeg/sub-02_ses-01_task-MotorImageryRest_run-06_eeg.vhdr	a73a948bc9076489d9ef7642274c925b76ba916799f4de4256aca637babe9313	True	unresolved	unresolved
sub-2	01	06	sub-2/ses-01/run-06/tsv-row-19	19	right_hand	2	128.5	5.0	32125	33375	sub-2/ses-01/eeg/sub-2_ses-01_task-imagery_run-06_eeg.edf	1250	True		sub-02	V	s	s	0	sub-02/ses-01/eeg/sub-02_ses-01_task-MotorImageryRest_run-06_eeg.vhdr	a73a948bc9076489d9ef7642274c925b76ba916799f4de4256aca637babe9313	True	unresolved	unresolved
sub-2	01	06	sub-2/ses-01/run-06/tsv-row-20	20	rest	1	135.372	5.0	33843	35093	sub-2/ses-01/eeg/sub-2_ses-01_task-imagery_run-06_eeg.edf	1250	True		sub-02	V	s	s	0	sub-02/ses-01/eeg/sub-02_ses-01_task-MotorImageryRest_run-06_eeg.vhdr	a73a948bc9076489d9ef7642274c925b76ba916799f4de4256aca637babe9313	True	unresolved	unresolved
sub-2	01	06	sub-2/ses-01/run-06/tsv-row-21	21	rest	1	142.26	5.0	35565	36815	sub-2/ses-01/eeg/sub-2_ses-01_task-imagery_run-06_eeg.edf	1250	True		sub-02	V	s	s	0	sub-02/ses-01/eeg/sub-02_ses-01_task-MotorImageryRest_run-06_eeg.vhdr	a73a948bc9076489d9ef7642274c925b76ba916799f4de4256aca637babe9313	True	unresolved	unresolved
sub-2	01	06	sub-2/ses-01/run-06/tsv-row-22	22	right_hand	2	149.144	5.0	37286	38536	sub-2/ses-01/eeg/sub-2_ses-01_task-imagery_run-06_eeg.edf	1250	True		sub-02	V	s	s	0	sub-02/ses-01/eeg/sub-02_ses-01_task-MotorImageryRest_run-06_eeg.vhdr	a73a948bc9076489d9ef7642274c925b76ba916799f4de4256aca637babe9313	True	unresolved	unresolved
sub-2	01	06	sub-2/ses-01/run-06/tsv-row-23	23	right_hand	2	156.048	5.0	39012	40262	sub-2/ses-01/eeg/sub-2_ses-01_task-imagery_run-06_eeg.edf	1250	True		sub-02	V	s	s	0	sub-02/ses-01/eeg/sub-02_ses-01_task-MotorImageryRest_run-06_eeg.vhdr	a73a948bc9076489d9ef7642274c925b76ba916799f4de4256aca637babe9313	True	unresolved	unresolved
sub-2	01	06	sub-2/ses-01/run-06/tsv-row-24	24	rest	1	162.936	5.0	40734	41984	sub-2/ses-01/eeg/sub-2_ses-01_task-imagery_run-06_eeg.edf	1250	True		sub-02	V	s	s	0	sub-02/ses-01/eeg/sub-02_ses-01_task-MotorImageryRest_run-06_eeg.vhdr	a73a948bc9076489d9ef7642274c925b76ba916799f4de4256aca637babe9313	True	unresolved	unresolved
sub-2	01	06	sub-2/ses-01/run-06/tsv-row-25	25	rest	1	169.804	5.0	42451	43701	sub-2/ses-01/eeg/sub-2_ses-01_task-imagery_run-06_eeg.edf	1250	True		sub-02	V	s	s	0	sub-02/ses-01/eeg/sub-02_ses-01_task-MotorImageryRest_run-06_eeg.vhdr	a73a948bc9076489d9ef7642274c925b76ba916799f4de4256aca637babe9313	True	unresolved	unresolved
sub-2	01	06	sub-2/ses-01/run-06/tsv-row-26	26	right_hand	2	176.708	5.0	44177	45427	sub-2/ses-01/eeg/sub-2_ses-01_task-imagery_run-06_eeg.edf	1250	True		sub-02	V	s	s	0	sub-02/ses-01/eeg/sub-02_ses-01_task-MotorImageryRest_run-06_eeg.vhdr	a73a948bc9076489d9ef7642274c925b76ba916799f4de4256aca637babe9313	True	unresolved	unresolved
sub-2	01	06	sub-2/ses-01/run-06/tsv-row-27	27	right_hand	2	183.596	5.0	45899	47149	sub-2/ses-01/eeg/sub-2_ses-01_task-imagery_run-06_eeg.edf	1250	True		sub-02	V	s	s	0	sub-02/ses-01/eeg/sub-02_ses-01_task-MotorImageryRest_run-06_eeg.vhdr	a73a948bc9076489d9ef7642274c925b76ba916799f4de4256aca637babe9313	True	unresolved	unresolved
sub-2	01	06	sub-2/ses-01/run-06/tsv-row-28	28	rest	1	190.484	5.0	47621	48871	sub-2/ses-01/eeg/sub-2_ses-01_task-imagery_run-06_eeg.edf	1250	True		sub-02	V	s	s	0	sub-02/ses-01/eeg/sub-02_ses-01_task-MotorImageryRest_run-06_eeg.vhdr	a73a948bc9076489d9ef7642274c925b76ba916799f4de4256aca637babe9313	True	unresolved	unresolved
sub-2	01	06	sub-2/ses-01/run-06/tsv-row-29	29	rest	1	197.368	5.0	49342	50592	sub-2/ses-01/eeg/sub-2_ses-01_task-imagery_run-06_eeg.edf	1250	True		sub-02	V	s	s	0	sub-02/ses-01/eeg/sub-02_ses-01_task-MotorImageryRest_run-06_eeg.vhdr	a73a948bc9076489d9ef7642274c925b76ba916799f4de4256aca637babe9313	True	unresolved	unresolved
sub-2	01	06	sub-2/ses-01/run-06/tsv-row-30	30	right_hand	2	204.256	5.0	51064	52314	sub-2/ses-01/eeg/sub-2_ses-01_task-imagery_run-06_eeg.edf	1250	True		sub-02	V	s	s	0	sub-02/ses-01/eeg/sub-02_ses-01_task-MotorImageryRest_run-06_eeg.vhdr	a73a948bc9076489d9ef7642274c925b76ba916799f4de4256aca637babe9313	True	unresolved	unresolved
sub-2	01	06	sub-2/ses-01/run-06/tsv-row-31	31	rest	1	211.144	5.0	52786	54036	sub-2/ses-01/eeg/sub-2_ses-01_task-imagery_run-06_eeg.edf	1250	True		sub-02	V	s	s	0	sub-02/ses-01/eeg/sub-02_ses-01_task-MotorImageryRest_run-06_eeg.vhdr	a73a948bc9076489d9ef7642274c925b76ba916799f4de4256aca637babe9313	True	unresolved	unresolved
sub-2	01	06	sub-2/ses-01/run-06/tsv-row-32	32	right_hand	2	218.044	5.0	54511	55761	sub-2/ses-01/eeg/sub-2_ses-01_task-imagery_run-06_eeg.edf	1250	True		sub-02	V	s	s	0	sub-02/ses-01/eeg/sub-02_ses-01_task-MotorImageryRest_run-06_eeg.vhdr	a73a948bc9076489d9ef7642274c925b76ba916799f4de4256aca637babe9313	True	unresolved	unresolved
sub-2	02	01	sub-2/ses-02/run-01/tsv-row-1	1	right_hand	2	6.188	5.0	1547	2797	sub-2/ses-02/eeg/sub-2_ses-02_task-imagery_run-01_eeg.edf	1250	True		sub-02	V	s	s	0	sub-02/ses-02/eeg/sub-02_ses-02_task-MotorImageryRest_run-01_eeg.vhdr	849d51d74207f853c13fed40b27dac05b80ec7166686e4865d7415e83593e209	True	unresolved	unresolved
sub-2	02	01	sub-2/ses-02/run-01/tsv-row-2	2	rest	1	13.064	5.0	3266	4516	sub-2/ses-02/eeg/sub-2_ses-02_task-imagery_run-01_eeg.edf	1250	True		sub-02	V	s	s	0	sub-02/ses-02/eeg/sub-02_ses-02_task-MotorImageryRest_run-01_eeg.vhdr	849d51d74207f853c13fed40b27dac05b80ec7166686e4865d7415e83593e209	True	unresolved	unresolved
sub-2	02	01	sub-2/ses-02/run-01/tsv-row-3	3	rest	1	19.968	5.0	4992	6242	sub-2/ses-02/eeg/sub-2_ses-02_task-imagery_run-01_eeg.edf	1250	True		sub-02	V	s	s	0	sub-02/ses-02/eeg/sub-02_ses-02_task-MotorImageryRest_run-01_eeg.vhdr	849d51d74207f853c13fed40b27dac05b80ec7166686e4865d7415e83593e209	True	unresolved	unresolved
sub-2	02	01	sub-2/ses-02/run-01/tsv-row-4	4	right_hand	2	26.852	5.0	6713	7963	sub-2/ses-02/eeg/sub-2_ses-02_task-imagery_run-01_eeg.edf	1250	True		sub-02	V	s	s	0	sub-02/ses-02/eeg/sub-02_ses-02_task-MotorImageryRest_run-01_eeg.vhdr	849d51d74207f853c13fed40b27dac05b80ec7166686e4865d7415e83593e209	True	unresolved	unresolved
sub-2	02	01	sub-2/ses-02/run-01/tsv-row-5	5	rest	1	33.744	5.0	8436	9686	sub-2/ses-02/eeg/sub-2_ses-02_task-imagery_run-01_eeg.edf	1250	True		sub-02	V	s	s	0	sub-02/ses-02/eeg/sub-02_ses-02_task-MotorImageryRest_run-01_eeg.vhdr	849d51d74207f853c13fed40b27dac05b80ec7166686e4865d7415e83593e209	True	unresolved	unresolved
sub-2	02	01	sub-2/ses-02/run-01/tsv-row-6	6	right_hand	2	40.612	5.0	10153	11403	sub-2/ses-02/eeg/sub-2_ses-02_task-imagery_run-01_eeg.edf	1250	True		sub-02	V	s	s	0	sub-02/ses-02/eeg/sub-02_ses-02_task-MotorImageryRest_run-01_eeg.vhdr	849d51d74207f853c13fed40b27dac05b80ec7166686e4865d7415e83593e209	True	unresolved	unresolved
sub-2	02	01	sub-2/ses-02/run-01/tsv-row-7	7	right_hand	2	47.512	5.0	11878	13128	sub-2/ses-02/eeg/sub-2_ses-02_task-imagery_run-01_eeg.edf	1250	True		sub-02	V	s	s	0	sub-02/ses-02/eeg/sub-02_ses-02_task-MotorImageryRest_run-01_eeg.vhdr	849d51d74207f853c13fed40b27dac05b80ec7166686e4865d7415e83593e209	True	unresolved	unresolved
sub-2	02	01	sub-2/ses-02/run-01/tsv-row-8	8	rest	1	54.404	5.0	13601	14851	sub-2/ses-02/eeg/sub-2_ses-02_task-imagery_run-01_eeg.edf	1250	True		sub-02	V	s	s	0	sub-02/ses-02/eeg/sub-02_ses-02_task-MotorImageryRest_run-01_eeg.vhdr	849d51d74207f853c13fed40b27dac05b80ec7166686e4865d7415e83593e209	True	unresolved	unresolved
sub-2	02	01	sub-2/ses-02/run-01/tsv-row-9	9	rest	1	61.288	5.0	15322	16572	sub-2/ses-02/eeg/sub-2_ses-02_task-imagery_run-01_eeg.edf	1250	True		sub-02	V	s	s	0	sub-02/ses-02/eeg/sub-02_ses-02_task-MotorImageryRest_run-01_eeg.vhdr	849d51d74207f853c13fed40b27dac05b80ec7166686e4865d7415e83593e209	True	unresolved	unresolved
sub-2	02	01	sub-2/ses-02/run-01/tsv-row-10	10	right_hand	2	68.176	5.0	17044	18294	sub-2/ses-02/eeg/sub-2_ses-02_task-imagery_run-01_eeg.edf	1250	True		sub-02	V	s	s	0	sub-02/ses-02/eeg/sub-02_ses-02_task-MotorImageryRest_run-01_eeg.vhdr	849d51d74207f853c13fed40b27dac05b80ec7166686e4865d7415e83593e209	True	unresolved	unresolved
sub-2	02	01	sub-2/ses-02/run-01/tsv-row-11	11	rest	1	75.064	5.0	18766	20016	sub-2/ses-02/eeg/sub-2_ses-02_task-imagery_run-01_eeg.edf	1250	True		sub-02	V	s	s	0	sub-02/ses-02/eeg/sub-02_ses-02_task-MotorImageryRest_run-01_eeg.vhdr	849d51d74207f853c13fed40b27dac05b80ec7166686e4865d7415e83593e209	True	unresolved	unresolved
sub-2	02	01	sub-2/ses-02/run-01/tsv-row-12	12	right_hand	2	81.948	5.0	20487	21737	sub-2/ses-02/eeg/sub-2_ses-02_task-imagery_run-01_eeg.edf	1250	True		sub-02	V	s	s	0	sub-02/ses-02/eeg/sub-02_ses-02_task-MotorImageryRest_run-01_eeg.vhdr	849d51d74207f853c13fed40b27dac05b80ec7166686e4865d7415e83593e209	True	unresolved	unresolved
sub-2	02	01	sub-2/ses-02/run-01/tsv-row-13	13	right_hand	2	88.852	5.0	22213	23463	sub-2/ses-02/eeg/sub-2_ses-02_task-imagery_run-01_eeg.edf	1250	True		sub-02	V	s	s	0	sub-02/ses-02/eeg/sub-02_ses-02_task-MotorImageryRest_run-01_eeg.vhdr	849d51d74207f853c13fed40b27dac05b80ec7166686e4865d7415e83593e209	True	unresolved	unresolved
sub-2	02	01	sub-2/ses-02/run-01/tsv-row-14	14	rest	1	95.724	5.0	23931	25181	sub-2/ses-02/eeg/sub-2_ses-02_task-imagery_run-01_eeg.edf	1250	True		sub-02	V	s	s	0	sub-02/ses-02/eeg/sub-02_ses-02_task-MotorImageryRest_run-01_eeg.vhdr	849d51d74207f853c13fed40b27dac05b80ec7166686e4865d7415e83593e209	True	unresolved	unresolved
sub-2	02	01	sub-2/ses-02/run-01/tsv-row-15	15	rest	1	102.628	5.0	25657	26907	sub-2/ses-02/eeg/sub-2_ses-02_task-imagery_run-01_eeg.edf	1250	True		sub-02	V	s	s	0	sub-02/ses-02/eeg/sub-02_ses-02_task-MotorImageryRest_run-01_eeg.vhdr	849d51d74207f853c13fed40b27dac05b80ec7166686e4865d7415e83593e209	True	unresolved	unresolved
sub-2	02	01	sub-2/ses-02/run-01/tsv-row-16	16	right_hand	2	109.512	5.0	27378	28628	sub-2/ses-02/eeg/sub-2_ses-02_task-imagery_run-01_eeg.edf	1250	True		sub-02	V	s	s	0	sub-02/ses-02/eeg/sub-02_ses-02_task-MotorImageryRest_run-01_eeg.vhdr	849d51d74207f853c13fed40b27dac05b80ec7166686e4865d7415e83593e209	True	unresolved	unresolved
sub-2	02	01	sub-2/ses-02/run-01/tsv-row-17	17	rest	1	116.4	5.0	29100	30350	sub-2/ses-02/eeg/sub-2_ses-02_task-imagery_run-01_eeg.edf	1250	True		sub-02	V	s	s	0	sub-02/ses-02/eeg/sub-02_ses-02_task-MotorImageryRest_run-01_eeg.vhdr	849d51d74207f853c13fed40b27dac05b80ec7166686e4865d7415e83593e209	True	unresolved	unresolved
sub-2	02	01	sub-2/ses-02/run-01/tsv-row-18	18	right_hand	2	123.268	5.0	30817	32067	sub-2/ses-02/eeg/sub-2_ses-02_task-imagery_run-01_eeg.edf	1250	True		sub-02	V	s	s	0	sub-02/ses-02/eeg/sub-02_ses-02_task-MotorImageryRest_run-01_eeg.vhdr	849d51d74207f853c13fed40b27dac05b80ec7166686e4865d7415e83593e209	True	unresolved	unresolved
sub-2	02	01	sub-2/ses-02/run-01/tsv-row-19	19	right_hand	2	130.172	5.0	32543	33793	sub-2/ses-02/eeg/sub-2_ses-02_task-imagery_run-01_eeg.edf	1250	True		sub-02	V	s	s	0	sub-02/ses-02/eeg/sub-02_ses-02_task-MotorImageryRest_run-01_eeg.vhdr	849d51d74207f853c13fed40b27dac05b80ec7166686e4865d7415e83593e209	True	unresolved	unresolved
sub-2	02	01	sub-2/ses-02/run-01/tsv-row-20	20	rest	1	137.06	5.0	34265	35515	sub-2/ses-02/eeg/sub-2_ses-02_task-imagery_run-01_eeg.edf	1250	True		sub-02	V	s	s	0	sub-02/ses-02/eeg/sub-02_ses-02_task-MotorImageryRest_run-01_eeg.vhdr	849d51d74207f853c13fed40b27dac05b80ec7166686e4865d7415e83593e209	True	unresolved	unresolved
sub-2	02	01	sub-2/ses-02/run-01/tsv-row-21	21	right_hand	2	143.944	5.0	35986	37236	sub-2/ses-02/eeg/sub-2_ses-02_task-imagery_run-01_eeg.edf	1250	True		sub-02	V	s	s	0	sub-02/ses-02/eeg/sub-02_ses-02_task-MotorImageryRest_run-01_eeg.vhdr	849d51d74207f853c13fed40b27dac05b80ec7166686e4865d7415e83593e209	True	unresolved	unresolved
sub-2	02	01	sub-2/ses-02/run-01/tsv-row-22	22	rest	1	150.816	5.0	37704	38954	sub-2/ses-02/eeg/sub-2_ses-02_task-imagery_run-01_eeg.edf	1250	True		sub-02	V	s	s	0	sub-02/ses-02/eeg/sub-02_ses-02_task-MotorImageryRest_run-01_eeg.vhdr	849d51d74207f853c13fed40b27dac05b80ec7166686e4865d7415e83593e209	True	unresolved	unresolved
sub-2	02	01	sub-2/ses-02/run-01/tsv-row-23	23	rest	1	157.72	5.0	39430	40680	sub-2/ses-02/eeg/sub-2_ses-02_task-imagery_run-01_eeg.edf	1250	True		sub-02	V	s	s	0	sub-02/ses-02/eeg/sub-02_ses-02_task-MotorImageryRest_run-01_eeg.vhdr	849d51d74207f853c13fed40b27dac05b80ec7166686e4865d7415e83593e209	True	unresolved	unresolved
sub-2	02	01	sub-2/ses-02/run-01/tsv-row-24	24	right_hand	2	164.608	5.0	41152	42402	sub-2/ses-02/eeg/sub-2_ses-02_task-imagery_run-01_eeg.edf	1250	True		sub-02	V	s	s	0	sub-02/ses-02/eeg/sub-02_ses-02_task-MotorImageryRest_run-01_eeg.vhdr	849d51d74207f853c13fed40b27dac05b80ec7166686e4865d7415e83593e209	True	unresolved	unresolved
sub-2	02	01	sub-2/ses-02/run-01/tsv-row-25	25	right_hand	2	171.492	5.0	42873	44123	sub-2/ses-02/eeg/sub-2_ses-02_task-imagery_run-01_eeg.edf	1250	True		sub-02	V	s	s	0	sub-02/ses-02/eeg/sub-02_ses-02_task-MotorImageryRest_run-01_eeg.vhdr	849d51d74207f853c13fed40b27dac05b80ec7166686e4865d7415e83593e209	True	unresolved	unresolved
sub-2	02	01	sub-2/ses-02/run-01/tsv-row-26	26	rest	1	178.38	5.0	44595	45845	sub-2/ses-02/eeg/sub-2_ses-02_task-imagery_run-01_eeg.edf	1250	True		sub-02	V	s	s	0	sub-02/ses-02/eeg/sub-02_ses-02_task-MotorImageryRest_run-01_eeg.vhdr	849d51d74207f853c13fed40b27dac05b80ec7166686e4865d7415e83593e209	True	unresolved	unresolved
sub-2	02	01	sub-2/ses-02/run-01/tsv-row-27	27	rest	1	185.268	5.0	46317	47567	sub-2/ses-02/eeg/sub-2_ses-02_task-imagery_run-01_eeg.edf	1250	True		sub-02	V	s	s	0	sub-02/ses-02/eeg/sub-02_ses-02_task-MotorImageryRest_run-01_eeg.vhdr	849d51d74207f853c13fed40b27dac05b80ec7166686e4865d7415e83593e209	True	unresolved	unresolved
sub-2	02	01	sub-2/ses-02/run-01/tsv-row-28	28	right_hand	2	192.152	5.0	48038	49288	sub-2/ses-02/eeg/sub-2_ses-02_task-imagery_run-01_eeg.edf	1250	True		sub-02	V	s	s	0	sub-02/ses-02/eeg/sub-02_ses-02_task-MotorImageryRest_run-01_eeg.vhdr	849d51d74207f853c13fed40b27dac05b80ec7166686e4865d7415e83593e209	True	unresolved	unresolved
sub-2	02	01	sub-2/ses-02/run-01/tsv-row-29	29	rest	1	199.06	5.0	49765	51015	sub-2/ses-02/eeg/sub-2_ses-02_task-imagery_run-01_eeg.edf	1250	True		sub-02	V	s	s	0	sub-02/ses-02/eeg/sub-02_ses-02_task-MotorImageryRest_run-01_eeg.vhdr	849d51d74207f853c13fed40b27dac05b80ec7166686e4865d7415e83593e209	True	unresolved	unresolved
sub-2	02	01	sub-2/ses-02/run-01/tsv-row-30	30	right_hand	2	205.928	5.0	51482	52732	sub-2/ses-02/eeg/sub-2_ses-02_task-imagery_run-01_eeg.edf	1250	True		sub-02	V	s	s	0	sub-02/ses-02/eeg/sub-02_ses-02_task-MotorImageryRest_run-01_eeg.vhdr	849d51d74207f853c13fed40b27dac05b80ec7166686e4865d7415e83593e209	True	unresolved	unresolved
sub-2	02	01	sub-2/ses-02/run-01/tsv-row-31	31	right_hand	2	212.812	5.0	53203	54453	sub-2/ses-02/eeg/sub-2_ses-02_task-imagery_run-01_eeg.edf	1250	True		sub-02	V	s	s	0	sub-02/ses-02/eeg/sub-02_ses-02_task-MotorImageryRest_run-01_eeg.vhdr	849d51d74207f853c13fed40b27dac05b80ec7166686e4865d7415e83593e209	True	unresolved	unresolved
sub-2	02	01	sub-2/ses-02/run-01/tsv-row-32	32	rest	1	219.72	5.0	54930	56180	sub-2/ses-02/eeg/sub-2_ses-02_task-imagery_run-01_eeg.edf	1250	True		sub-02	V	s	s	0	sub-02/ses-02/eeg/sub-02_ses-02_task-MotorImageryRest_run-01_eeg.vhdr	849d51d74207f853c13fed40b27dac05b80ec7166686e4865d7415e83593e209	True	unresolved	unresolved
sub-2	02	02	sub-2/ses-02/run-02/tsv-row-1	1	rest	1	4.916	5.0	1229	2479	sub-2/ses-02/eeg/sub-2_ses-02_task-imagery_run-02_eeg.edf	1250	True		sub-02	V	s	s	0	sub-02/ses-02/eeg/sub-02_ses-02_task-MotorImageryRest_run-02_eeg.vhdr	4bd9065727d92ab0dd7f13aa5cb697f8f71d7ff0b4e168871b2e47441743bf3c	True	unresolved	unresolved
sub-2	02	02	sub-2/ses-02/run-02/tsv-row-2	2	right_hand	2	11.808	5.0	2952	4202	sub-2/ses-02/eeg/sub-2_ses-02_task-imagery_run-02_eeg.edf	1250	True		sub-02	V	s	s	0	sub-02/ses-02/eeg/sub-02_ses-02_task-MotorImageryRest_run-02_eeg.vhdr	4bd9065727d92ab0dd7f13aa5cb697f8f71d7ff0b4e168871b2e47441743bf3c	True	unresolved	unresolved
sub-2	02	02	sub-2/ses-02/run-02/tsv-row-3	3	rest	1	18.696	5.0	4674	5924	sub-2/ses-02/eeg/sub-2_ses-02_task-imagery_run-02_eeg.edf	1250	True		sub-02	V	s	s	0	sub-02/ses-02/eeg/sub-02_ses-02_task-MotorImageryRest_run-02_eeg.vhdr	4bd9065727d92ab0dd7f13aa5cb697f8f71d7ff0b4e168871b2e47441743bf3c	True	unresolved	unresolved
sub-2	02	02	sub-2/ses-02/run-02/tsv-row-4	4	right_hand	2	25.596	5.0	6399	7649	sub-2/ses-02/eeg/sub-2_ses-02_task-imagery_run-02_eeg.edf	1250	True		sub-02	V	s	s	0	sub-02/ses-02/eeg/sub-02_ses-02_task-MotorImageryRest_run-02_eeg.vhdr	4bd9065727d92ab0dd7f13aa5cb697f8f71d7ff0b4e168871b2e47441743bf3c	True	unresolved	unresolved
sub-2	02	02	sub-2/ses-02/run-02/tsv-row-5	5	right_hand	2	32.484	5.0	8121	9371	sub-2/ses-02/eeg/sub-2_ses-02_task-imagery_run-02_eeg.edf	1250	True		sub-02	V	s	s	0	sub-02/ses-02/eeg/sub-02_ses-02_task-MotorImageryRest_run-02_eeg.vhdr	4bd9065727d92ab0dd7f13aa5cb697f8f71d7ff0b4e168871b2e47441743bf3c	True	unresolved	unresolved
sub-2	02	02	sub-2/ses-02/run-02/tsv-row-6	6	rest	1	39.356	5.0	9839	11089	sub-2/ses-02/eeg/sub-2_ses-02_task-imagery_run-02_eeg.edf	1250	True		sub-02	V	s	s	0	sub-02/ses-02/eeg/sub-02_ses-02_task-MotorImageryRest_run-02_eeg.vhdr	4bd9065727d92ab0dd7f13aa5cb697f8f71d7ff0b4e168871b2e47441743bf3c	True	unresolved	unresolved
sub-2	02	02	sub-2/ses-02/run-02/tsv-row-7	7	right_hand	2	46.256	5.0	11564	12814	sub-2/ses-02/eeg/sub-2_ses-02_task-imagery_run-02_eeg.edf	1250	True		sub-02	V	s	s	0	sub-02/ses-02/eeg/sub-02_ses-02_task-MotorImageryRest_run-02_eeg.vhdr	4bd9065727d92ab0dd7f13aa5cb697f8f71d7ff0b4e168871b2e47441743bf3c	True	unresolved	unresolved
sub-2	02	02	sub-2/ses-02/run-02/tsv-row-8	8	rest	1	53.148	5.0	13287	14537	sub-2/ses-02/eeg/sub-2_ses-02_task-imagery_run-02_eeg.edf	1250	True		sub-02	V	s	s	0	sub-02/ses-02/eeg/sub-02_ses-02_task-MotorImageryRest_run-02_eeg.vhdr	4bd9065727d92ab0dd7f13aa5cb697f8f71d7ff0b4e168871b2e47441743bf3c	True	unresolved	unresolved
sub-2	02	02	sub-2/ses-02/run-02/tsv-row-9	9	right_hand	2	60.016	5.0	15004	16254	sub-2/ses-02/eeg/sub-2_ses-02_task-imagery_run-02_eeg.edf	1250	True		sub-02	V	s	s	0	sub-02/ses-02/eeg/sub-02_ses-02_task-MotorImageryRest_run-02_eeg.vhdr	4bd9065727d92ab0dd7f13aa5cb697f8f71d7ff0b4e168871b2e47441743bf3c	True	unresolved	unresolved
sub-2	02	02	sub-2/ses-02/run-02/tsv-row-10	10	rest	1	66.92	5.0	16730	17980	sub-2/ses-02/eeg/sub-2_ses-02_task-imagery_run-02_eeg.edf	1250	True		sub-02	V	s	s	0	sub-02/ses-02/eeg/sub-02_ses-02_task-MotorImageryRest_run-02_eeg.vhdr	4bd9065727d92ab0dd7f13aa5cb697f8f71d7ff0b4e168871b2e47441743bf3c	True	unresolved	unresolved
sub-2	02	02	sub-2/ses-02/run-02/tsv-row-11	11	rest	1	73.808	5.0	18452	19702	sub-2/ses-02/eeg/sub-2_ses-02_task-imagery_run-02_eeg.edf	1250	True		sub-02	V	s	s	0	sub-02/ses-02/eeg/sub-02_ses-02_task-MotorImageryRest_run-02_eeg.vhdr	4bd9065727d92ab0dd7f13aa5cb697f8f71d7ff0b4e168871b2e47441743bf3c	True	unresolved	unresolved
sub-2	02	02	sub-2/ses-02/run-02/tsv-row-12	12	right_hand	2	80.692	5.0	20173	21423	sub-2/ses-02/eeg/sub-2_ses-02_task-imagery_run-02_eeg.edf	1250	True		sub-02	V	s	s	0	sub-02/ses-02/eeg/sub-02_ses-02_task-MotorImageryRest_run-02_eeg.vhdr	4bd9065727d92ab0dd7f13aa5cb697f8f71d7ff0b4e168871b2e47441743bf3c	True	unresolved	unresolved
sub-2	02	02	sub-2/ses-02/run-02/tsv-row-13	13	rest	1	87.58	5.0	21895	23145	sub-2/ses-02/eeg/sub-2_ses-02_task-imagery_run-02_eeg.edf	1250	True		sub-02	V	s	s	0	sub-02/ses-02/eeg/sub-02_ses-02_task-MotorImageryRest_run-02_eeg.vhdr	4bd9065727d92ab0dd7f13aa5cb697f8f71d7ff0b4e168871b2e47441743bf3c	True	unresolved	unresolved
sub-2	02	02	sub-2/ses-02/run-02/tsv-row-14	14	right_hand	2	94.464	5.0	23616	24866	sub-2/ses-02/eeg/sub-2_ses-02_task-imagery_run-02_eeg.edf	1250	True		sub-02	V	s	s	0	sub-02/ses-02/eeg/sub-02_ses-02_task-MotorImageryRest_run-02_eeg.vhdr	4bd9065727d92ab0dd7f13aa5cb697f8f71d7ff0b4e168871b2e47441743bf3c	True	unresolved	unresolved
sub-2	02	02	sub-2/ses-02/run-02/tsv-row-15	15	rest	1	101.352	5.0	25338	26588	sub-2/ses-02/eeg/sub-2_ses-02_task-imagery_run-02_eeg.edf	1250	True		sub-02	V	s	s	0	sub-02/ses-02/eeg/sub-02_ses-02_task-MotorImageryRest_run-02_eeg.vhdr	4bd9065727d92ab0dd7f13aa5cb697f8f71d7ff0b4e168871b2e47441743bf3c	True	unresolved	unresolved
sub-2	02	02	sub-2/ses-02/run-02/tsv-row-16	16	right_hand	2	108.24	5.0	27060	28310	sub-2/ses-02/eeg/sub-2_ses-02_task-imagery_run-02_eeg.edf	1250	True		sub-02	V	s	s	0	sub-02/ses-02/eeg/sub-02_ses-02_task-MotorImageryRest_run-02_eeg.vhdr	4bd9065727d92ab0dd7f13aa5cb697f8f71d7ff0b4e168871b2e47441743bf3c	True	unresolved	unresolved
sub-2	02	02	sub-2/ses-02/run-02/tsv-row-17	17	rest	1	115.128	5.0	28782	30032	sub-2/ses-02/eeg/sub-2_ses-02_task-imagery_run-02_eeg.edf	1250	True		sub-02	V	s	s	0	sub-02/ses-02/eeg/sub-02_ses-02_task-MotorImageryRest_run-02_eeg.vhdr	4bd9065727d92ab0dd7f13aa5cb697f8f71d7ff0b4e168871b2e47441743bf3c	True	unresolved	unresolved
sub-2	02	02	sub-2/ses-02/run-02/tsv-row-18	18	right_hand	2	122.012	5.0	30503	31753	sub-2/ses-02/eeg/sub-2_ses-02_task-imagery_run-02_eeg.edf	1250	True		sub-02	V	s	s	0	sub-02/ses-02/eeg/sub-02_ses-02_task-MotorImageryRest_run-02_eeg.vhdr	4bd9065727d92ab0dd7f13aa5cb697f8f71d7ff0b4e168871b2e47441743bf3c	True	unresolved	unresolved
sub-2	02	02	sub-2/ses-02/run-02/tsv-row-19	19	rest	1	128.9	5.0	32225	33475	sub-2/ses-02/eeg/sub-2_ses-02_task-imagery_run-02_eeg.edf	1250	True		sub-02	V	s	s	0	sub-02/ses-02/eeg/sub-02_ses-02_task-MotorImageryRest_run-02_eeg.vhdr	4bd9065727d92ab0dd7f13aa5cb697f8f71d7ff0b4e168871b2e47441743bf3c	True	unresolved	unresolved
sub-2	02	02	sub-2/ses-02/run-02/tsv-row-20	20	right_hand	2	135.804	5.0	33951	35201	sub-2/ses-02/eeg/sub-2_ses-02_task-imagery_run-02_eeg.edf	1250	True		sub-02	V	s	s	0	sub-02/ses-02/eeg/sub-02_ses-02_task-MotorImageryRest_run-02_eeg.vhdr	4bd9065727d92ab0dd7f13aa5cb697f8f71d7ff0b4e168871b2e47441743bf3c	True	unresolved	unresolved
sub-2	02	02	sub-2/ses-02/run-02/tsv-row-21	21	rest	1	142.692	5.0	35673	36923	sub-2/ses-02/eeg/sub-2_ses-02_task-imagery_run-02_eeg.edf	1250	True		sub-02	V	s	s	0	sub-02/ses-02/eeg/sub-02_ses-02_task-MotorImageryRest_run-02_eeg.vhdr	4bd9065727d92ab0dd7f13aa5cb697f8f71d7ff0b4e168871b2e47441743bf3c	True	unresolved	unresolved
sub-2	02	02	sub-2/ses-02/run-02/tsv-row-22	22	right_hand	2	149.56	5.0	37390	38640	sub-2/ses-02/eeg/sub-2_ses-02_task-imagery_run-02_eeg.edf	1250	True		sub-02	V	s	s	0	sub-02/ses-02/eeg/sub-02_ses-02_task-MotorImageryRest_run-02_eeg.vhdr	4bd9065727d92ab0dd7f13aa5cb697f8f71d7ff0b4e168871b2e47441743bf3c	True	unresolved	unresolved
sub-2	02	02	sub-2/ses-02/run-02/tsv-row-23	23	right_hand	2	156.464	5.0	39116	40366	sub-2/ses-02/eeg/sub-2_ses-02_task-imagery_run-02_eeg.edf	1250	True		sub-02	V	s	s	0	sub-02/ses-02/eeg/sub-02_ses-02_task-MotorImageryRest_run-02_eeg.vhdr	4bd9065727d92ab0dd7f13aa5cb697f8f71d7ff0b4e168871b2e47441743bf3c	True	unresolved	unresolved
sub-2	02	02	sub-2/ses-02/run-02/tsv-row-24	24	rest	1	163.352	5.0	40838	42088	sub-2/ses-02/eeg/sub-2_ses-02_task-imagery_run-02_eeg.edf	1250	True		sub-02	V	s	s	0	sub-02/ses-02/eeg/sub-02_ses-02_task-MotorImageryRest_run-02_eeg.vhdr	4bd9065727d92ab0dd7f13aa5cb697f8f71d7ff0b4e168871b2e47441743bf3c	True	unresolved	unresolved
sub-2	02	02	sub-2/ses-02/run-02/tsv-row-25	25	right_hand	2	170.236	5.0	42559	43809	sub-2/ses-02/eeg/sub-2_ses-02_task-imagery_run-02_eeg.edf	1250	True		sub-02	V	s	s	0	sub-02/ses-02/eeg/sub-02_ses-02_task-MotorImageryRest_run-02_eeg.vhdr	4bd9065727d92ab0dd7f13aa5cb697f8f71d7ff0b4e168871b2e47441743bf3c	True	unresolved	unresolved
sub-2	02	02	sub-2/ses-02/run-02/tsv-row-26	26	rest	1	177.124	5.0	44281	45531	sub-2/ses-02/eeg/sub-2_ses-02_task-imagery_run-02_eeg.edf	1250	True		sub-02	V	s	s	0	sub-02/ses-02/eeg/sub-02_ses-02_task-MotorImageryRest_run-02_eeg.vhdr	4bd9065727d92ab0dd7f13aa5cb697f8f71d7ff0b4e168871b2e47441743bf3c	True	unresolved	unresolved
sub-2	02	02	sub-2/ses-02/run-02/tsv-row-27	27	rest	1	184.012	5.0	46003	47253	sub-2/ses-02/eeg/sub-2_ses-02_task-imagery_run-02_eeg.edf	1250	True		sub-02	V	s	s	0	sub-02/ses-02/eeg/sub-02_ses-02_task-MotorImageryRest_run-02_eeg.vhdr	4bd9065727d92ab0dd7f13aa5cb697f8f71d7ff0b4e168871b2e47441743bf3c	True	unresolved	unresolved
sub-2	02	02	sub-2/ses-02/run-02/tsv-row-28	28	right_hand	2	190.896	5.0	47724	48974	sub-2/ses-02/eeg/sub-2_ses-02_task-imagery_run-02_eeg.edf	1250	True		sub-02	V	s	s	0	sub-02/ses-02/eeg/sub-02_ses-02_task-MotorImageryRest_run-02_eeg.vhdr	4bd9065727d92ab0dd7f13aa5cb697f8f71d7ff0b4e168871b2e47441743bf3c	True	unresolved	unresolved
sub-2	02	02	sub-2/ses-02/run-02/tsv-row-29	29	rest	1	197.784	5.0	49446	50696	sub-2/ses-02/eeg/sub-2_ses-02_task-imagery_run-02_eeg.edf	1250	True		sub-02	V	s	s	0	sub-02/ses-02/eeg/sub-02_ses-02_task-MotorImageryRest_run-02_eeg.vhdr	4bd9065727d92ab0dd7f13aa5cb697f8f71d7ff0b4e168871b2e47441743bf3c	True	unresolved	unresolved
sub-2	02	02	sub-2/ses-02/run-02/tsv-row-30	30	right_hand	2	204.672	5.0	51168	52418	sub-2/ses-02/eeg/sub-2_ses-02_task-imagery_run-02_eeg.edf	1250	True		sub-02	V	s	s	0	sub-02/ses-02/eeg/sub-02_ses-02_task-MotorImageryRest_run-02_eeg.vhdr	4bd9065727d92ab0dd7f13aa5cb697f8f71d7ff0b4e168871b2e47441743bf3c	True	unresolved	unresolved
sub-2	02	02	sub-2/ses-02/run-02/tsv-row-31	31	right_hand	2	211.556	5.0	52889	54139	sub-2/ses-02/eeg/sub-2_ses-02_task-imagery_run-02_eeg.edf	1250	True		sub-02	V	s	s	0	sub-02/ses-02/eeg/sub-02_ses-02_task-MotorImageryRest_run-02_eeg.vhdr	4bd9065727d92ab0dd7f13aa5cb697f8f71d7ff0b4e168871b2e47441743bf3c	True	unresolved	unresolved
sub-2	02	02	sub-2/ses-02/run-02/tsv-row-32	32	rest	1	218.464	5.0	54616	55866	sub-2/ses-02/eeg/sub-2_ses-02_task-imagery_run-02_eeg.edf	1250	True		sub-02	V	s	s	0	sub-02/ses-02/eeg/sub-02_ses-02_task-MotorImageryRest_run-02_eeg.vhdr	4bd9065727d92ab0dd7f13aa5cb697f8f71d7ff0b4e168871b2e47441743bf3c	True	unresolved	unresolved
sub-2	02	03	sub-2/ses-02/run-03/tsv-row-1	1	rest	1	6.876	5.0	1719	2969	sub-2/ses-02/eeg/sub-2_ses-02_task-imagery_run-03_eeg.edf	1250	True		sub-02	V	s	s	0	sub-02/ses-02/eeg/sub-02_ses-02_task-MotorImageryRest_run-03_eeg.vhdr	8d4ef96e6a258a71eabe2151a31a898a74d3e3ff8d9b5089d472f7ba5b1c1f5b	True	unresolved	unresolved
sub-2	02	03	sub-2/ses-02/run-03/tsv-row-2	2	right_hand	2	13.764	5.0	3441	4691	sub-2/ses-02/eeg/sub-2_ses-02_task-imagery_run-03_eeg.edf	1250	True		sub-02	V	s	s	0	sub-02/ses-02/eeg/sub-02_ses-02_task-MotorImageryRest_run-03_eeg.vhdr	8d4ef96e6a258a71eabe2151a31a898a74d3e3ff8d9b5089d472f7ba5b1c1f5b	True	unresolved	unresolved
sub-2	02	03	sub-2/ses-02/run-03/tsv-row-3	3	rest	1	20.656	5.0	5164	6414	sub-2/ses-02/eeg/sub-2_ses-02_task-imagery_run-03_eeg.edf	1250	True		sub-02	V	s	s	0	sub-02/ses-02/eeg/sub-02_ses-02_task-MotorImageryRest_run-03_eeg.vhdr	8d4ef96e6a258a71eabe2151a31a898a74d3e3ff8d9b5089d472f7ba5b1c1f5b	True	unresolved	unresolved
sub-2	02	03	sub-2/ses-02/run-03/tsv-row-4	4	right_hand	2	27.54	5.0	6885	8135	sub-2/ses-02/eeg/sub-2_ses-02_task-imagery_run-03_eeg.edf	1250	True		sub-02	V	s	s	0	sub-02/ses-02/eeg/sub-02_ses-02_task-MotorImageryRest_run-03_eeg.vhdr	8d4ef96e6a258a71eabe2151a31a898a74d3e3ff8d9b5089d472f7ba5b1c1f5b	True	unresolved	unresolved
sub-2	02	03	sub-2/ses-02/run-03/tsv-row-5	5	rest	1	34.444	5.0	8611	9861	sub-2/ses-02/eeg/sub-2_ses-02_task-imagery_run-03_eeg.edf	1250	True		sub-02	V	s	s	0	sub-02/ses-02/eeg/sub-02_ses-02_task-MotorImageryRest_run-03_eeg.vhdr	8d4ef96e6a258a71eabe2151a31a898a74d3e3ff8d9b5089d472f7ba5b1c1f5b	True	unresolved	unresolved
sub-2	02	03	sub-2/ses-02/run-03/tsv-row-6	6	right_hand	2	41.328	5.0	10332	11582	sub-2/ses-02/eeg/sub-2_ses-02_task-imagery_run-03_eeg.edf	1250	True		sub-02	V	s	s	0	sub-02/ses-02/eeg/sub-02_ses-02_task-MotorImageryRest_run-03_eeg.vhdr	8d4ef96e6a258a71eabe2151a31a898a74d3e3ff8d9b5089d472f7ba5b1c1f5b	True	unresolved	unresolved
sub-2	02	03	sub-2/ses-02/run-03/tsv-row-7	7	right_hand	2	48.216	5.0	12054	13304	sub-2/ses-02/eeg/sub-2_ses-02_task-imagery_run-03_eeg.edf	1250	True		sub-02	V	s	s	0	sub-02/ses-02/eeg/sub-02_ses-02_task-MotorImageryRest_run-03_eeg.vhdr	8d4ef96e6a258a71eabe2151a31a898a74d3e3ff8d9b5089d472f7ba5b1c1f5b	True	unresolved	unresolved
sub-2	02	03	sub-2/ses-02/run-03/tsv-row-8	8	rest	1	55.104	5.0	13776	15026	sub-2/ses-02/eeg/sub-2_ses-02_task-imagery_run-03_eeg.edf	1250	True		sub-02	V	s	s	0	sub-02/ses-02/eeg/sub-02_ses-02_task-MotorImageryRest_run-03_eeg.vhdr	8d4ef96e6a258a71eabe2151a31a898a74d3e3ff8d9b5089d472f7ba5b1c1f5b	True	unresolved	unresolved
sub-2	02	03	sub-2/ses-02/run-03/tsv-row-9	9	right_hand	2	61.992	5.0	15498	16748	sub-2/ses-02/eeg/sub-2_ses-02_task-imagery_run-03_eeg.edf	1250	True		sub-02	V	s	s	0	sub-02/ses-02/eeg/sub-02_ses-02_task-MotorImageryRest_run-03_eeg.vhdr	8d4ef96e6a258a71eabe2151a31a898a74d3e3ff8d9b5089d472f7ba5b1c1f5b	True	unresolved	unresolved
sub-2	02	03	sub-2/ses-02/run-03/tsv-row-10	10	rest	1	68.88	5.0	17220	18470	sub-2/ses-02/eeg/sub-2_ses-02_task-imagery_run-03_eeg.edf	1250	True		sub-02	V	s	s	0	sub-02/ses-02/eeg/sub-02_ses-02_task-MotorImageryRest_run-03_eeg.vhdr	8d4ef96e6a258a71eabe2151a31a898a74d3e3ff8d9b5089d472f7ba5b1c1f5b	True	unresolved	unresolved
sub-2	02	03	sub-2/ses-02/run-03/tsv-row-11	11	right_hand	2	75.764	5.0	18941	20191	sub-2/ses-02/eeg/sub-2_ses-02_task-imagery_run-03_eeg.edf	1250	True		sub-02	V	s	s	0	sub-02/ses-02/eeg/sub-02_ses-02_task-MotorImageryRest_run-03_eeg.vhdr	8d4ef96e6a258a71eabe2151a31a898a74d3e3ff8d9b5089d472f7ba5b1c1f5b	True	unresolved	unresolved
sub-2	02	03	sub-2/ses-02/run-03/tsv-row-12	12	rest	1	82.652	5.0	20663	21913	sub-2/ses-02/eeg/sub-2_ses-02_task-imagery_run-03_eeg.edf	1250	True		sub-02	V	s	s	0	sub-02/ses-02/eeg/sub-02_ses-02_task-MotorImageryRest_run-03_eeg.vhdr	8d4ef96e6a258a71eabe2151a31a898a74d3e3ff8d9b5089d472f7ba5b1c1f5b	True	unresolved	unresolved
sub-2	02	03	sub-2/ses-02/run-03/tsv-row-13	13	rest	1	89.54	5.0	22385	23635	sub-2/ses-02/eeg/sub-2_ses-02_task-imagery_run-03_eeg.edf	1250	True		sub-02	V	s	s	0	sub-02/ses-02/eeg/sub-02_ses-02_task-MotorImageryRest_run-03_eeg.vhdr	8d4ef96e6a258a71eabe2151a31a898a74d3e3ff8d9b5089d472f7ba5b1c1f5b	True	unresolved	unresolved
sub-2	02	03	sub-2/ses-02/run-03/tsv-row-14	14	right_hand	2	96.424	5.0	24106	25356	sub-2/ses-02/eeg/sub-2_ses-02_task-imagery_run-03_eeg.edf	1250	True		sub-02	V	s	s	0	sub-02/ses-02/eeg/sub-02_ses-02_task-MotorImageryRest_run-03_eeg.vhdr	8d4ef96e6a258a71eabe2151a31a898a74d3e3ff8d9b5089d472f7ba5b1c1f5b	True	unresolved	unresolved
sub-2	02	03	sub-2/ses-02/run-03/tsv-row-15	15	right_hand	2	103.328	5.0	25832	27082	sub-2/ses-02/eeg/sub-2_ses-02_task-imagery_run-03_eeg.edf	1250	True		sub-02	V	s	s	0	sub-02/ses-02/eeg/sub-02_ses-02_task-MotorImageryRest_run-03_eeg.vhdr	8d4ef96e6a258a71eabe2151a31a898a74d3e3ff8d9b5089d472f7ba5b1c1f5b	True	unresolved	unresolved
sub-2	02	03	sub-2/ses-02/run-03/tsv-row-16	16	rest	1	110.2	5.0	27550	28800	sub-2/ses-02/eeg/sub-2_ses-02_task-imagery_run-03_eeg.edf	1250	True		sub-02	V	s	s	0	sub-02/ses-02/eeg/sub-02_ses-02_task-MotorImageryRest_run-03_eeg.vhdr	8d4ef96e6a258a71eabe2151a31a898a74d3e3ff8d9b5089d472f7ba5b1c1f5b	True	unresolved	unresolved
sub-2	02	03	sub-2/ses-02/run-03/tsv-row-17	17	rest	1	117.12	5.0	29280	30530	sub-2/ses-02/eeg/sub-2_ses-02_task-imagery_run-03_eeg.edf	1250	True		sub-02	V	s	s	0	sub-02/ses-02/eeg/sub-02_ses-02_task-MotorImageryRest_run-03_eeg.vhdr	8d4ef96e6a258a71eabe2151a31a898a74d3e3ff8d9b5089d472f7ba5b1c1f5b	True	unresolved	unresolved
sub-2	02	03	sub-2/ses-02/run-03/tsv-row-18	18	right_hand	2	123.988	5.0	30997	32247	sub-2/ses-02/eeg/sub-2_ses-02_task-imagery_run-03_eeg.edf	1250	True		sub-02	V	s	s	0	sub-02/ses-02/eeg/sub-02_ses-02_task-MotorImageryRest_run-03_eeg.vhdr	8d4ef96e6a258a71eabe2151a31a898a74d3e3ff8d9b5089d472f7ba5b1c1f5b	True	unresolved	unresolved
sub-2	02	03	sub-2/ses-02/run-03/tsv-row-19	19	right_hand	2	130.876	5.0	32719	33969	sub-2/ses-02/eeg/sub-2_ses-02_task-imagery_run-03_eeg.edf	1250	True		sub-02	V	s	s	0	sub-02/ses-02/eeg/sub-02_ses-02_task-MotorImageryRest_run-03_eeg.vhdr	8d4ef96e6a258a71eabe2151a31a898a74d3e3ff8d9b5089d472f7ba5b1c1f5b	True	unresolved	unresolved
sub-2	02	03	sub-2/ses-02/run-03/tsv-row-20	20	rest	1	137.748	5.0	34437	35687	sub-2/ses-02/eeg/sub-2_ses-02_task-imagery_run-03_eeg.edf	1250	True		sub-02	V	s	s	0	sub-02/ses-02/eeg/sub-02_ses-02_task-MotorImageryRest_run-03_eeg.vhdr	8d4ef96e6a258a71eabe2151a31a898a74d3e3ff8d9b5089d472f7ba5b1c1f5b	True	unresolved	unresolved
sub-2	02	03	sub-2/ses-02/run-03/tsv-row-21	21	rest	1	144.652	5.0	36163	37413	sub-2/ses-02/eeg/sub-2_ses-02_task-imagery_run-03_eeg.edf	1250	True		sub-02	V	s	s	0	sub-02/ses-02/eeg/sub-02_ses-02_task-MotorImageryRest_run-03_eeg.vhdr	8d4ef96e6a258a71eabe2151a31a898a74d3e3ff8d9b5089d472f7ba5b1c1f5b	True	unresolved	unresolved
sub-2	02	03	sub-2/ses-02/run-03/tsv-row-22	22	right_hand	2	151.536	5.0	37884	39134	sub-2/ses-02/eeg/sub-2_ses-02_task-imagery_run-03_eeg.edf	1250	True		sub-02	V	s	s	0	sub-02/ses-02/eeg/sub-02_ses-02_task-MotorImageryRest_run-03_eeg.vhdr	8d4ef96e6a258a71eabe2151a31a898a74d3e3ff8d9b5089d472f7ba5b1c1f5b	True	unresolved	unresolved
sub-2	02	03	sub-2/ses-02/run-03/tsv-row-23	23	rest	1	158.408	5.0	39602	40852	sub-2/ses-02/eeg/sub-2_ses-02_task-imagery_run-03_eeg.edf	1250	True		sub-02	V	s	s	0	sub-02/ses-02/eeg/sub-02_ses-02_task-MotorImageryRest_run-03_eeg.vhdr	8d4ef96e6a258a71eabe2151a31a898a74d3e3ff8d9b5089d472f7ba5b1c1f5b	True	unresolved	unresolved
sub-2	02	03	sub-2/ses-02/run-03/tsv-row-24	24	right_hand	2	165.308	5.0	41327	42577	sub-2/ses-02/eeg/sub-2_ses-02_task-imagery_run-03_eeg.edf	1250	True		sub-02	V	s	s	0	sub-02/ses-02/eeg/sub-02_ses-02_task-MotorImageryRest_run-03_eeg.vhdr	8d4ef96e6a258a71eabe2151a31a898a74d3e3ff8d9b5089d472f7ba5b1c1f5b	True	unresolved	unresolved
sub-2	02	03	sub-2/ses-02/run-03/tsv-row-25	25	right_hand	2	172.196	5.0	43049	44299	sub-2/ses-02/eeg/sub-2_ses-02_task-imagery_run-03_eeg.edf	1250	True		sub-02	V	s	s	0	sub-02/ses-02/eeg/sub-02_ses-02_task-MotorImageryRest_run-03_eeg.vhdr	8d4ef96e6a258a71eabe2151a31a898a74d3e3ff8d9b5089d472f7ba5b1c1f5b	True	unresolved	unresolved
sub-2	02	03	sub-2/ses-02/run-03/tsv-row-26	26	rest	1	179.084	5.0	44771	46021	sub-2/ses-02/eeg/sub-2_ses-02_task-imagery_run-03_eeg.edf	1250	True		sub-02	V	s	s	0	sub-02/ses-02/eeg/sub-02_ses-02_task-MotorImageryRest_run-03_eeg.vhdr	8d4ef96e6a258a71eabe2151a31a898a74d3e3ff8d9b5089d472f7ba5b1c1f5b	True	unresolved	unresolved
sub-2	02	03	sub-2/ses-02/run-03/tsv-row-27	27	right_hand	2	185.968	5.0	46492	47742	sub-2/ses-02/eeg/sub-2_ses-02_task-imagery_run-03_eeg.edf	1250	True		sub-02	V	s	s	0	sub-02/ses-02/eeg/sub-02_ses-02_task-MotorImageryRest_run-03_eeg.vhdr	8d4ef96e6a258a71eabe2151a31a898a74d3e3ff8d9b5089d472f7ba5b1c1f5b	True	unresolved	unresolved
sub-2	02	03	sub-2/ses-02/run-03/tsv-row-28	28	rest	1	192.856	5.0	48214	49464	sub-2/ses-02/eeg/sub-2_ses-02_task-imagery_run-03_eeg.edf	1250	True		sub-02	V	s	s	0	sub-02/ses-02/eeg/sub-02_ses-02_task-MotorImageryRest_run-03_eeg.vhdr	8d4ef96e6a258a71eabe2151a31a898a74d3e3ff8d9b5089d472f7ba5b1c1f5b	True	unresolved	unresolved
sub-2	02	03	sub-2/ses-02/run-03/tsv-row-29	29	rest	1	199.744	5.0	49936	51186	sub-2/ses-02/eeg/sub-2_ses-02_task-imagery_run-03_eeg.edf	1250	True		sub-02	V	s	s	0	sub-02/ses-02/eeg/sub-02_ses-02_task-MotorImageryRest_run-03_eeg.vhdr	8d4ef96e6a258a71eabe2151a31a898a74d3e3ff8d9b5089d472f7ba5b1c1f5b	True	unresolved	unresolved
sub-2	02	03	sub-2/ses-02/run-03/tsv-row-30	30	right_hand	2	206.648	5.0	51662	52912	sub-2/ses-02/eeg/sub-2_ses-02_task-imagery_run-03_eeg.edf	1250	True		sub-02	V	s	s	0	sub-02/ses-02/eeg/sub-02_ses-02_task-MotorImageryRest_run-03_eeg.vhdr	8d4ef96e6a258a71eabe2151a31a898a74d3e3ff8d9b5089d472f7ba5b1c1f5b	True	unresolved	unresolved
sub-2	02	03	sub-2/ses-02/run-03/tsv-row-31	31	rest	1	213.52	5.0	53380	54630	sub-2/ses-02/eeg/sub-2_ses-02_task-imagery_run-03_eeg.edf	1250	True		sub-02	V	s	s	0	sub-02/ses-02/eeg/sub-02_ses-02_task-MotorImageryRest_run-03_eeg.vhdr	8d4ef96e6a258a71eabe2151a31a898a74d3e3ff8d9b5089d472f7ba5b1c1f5b	True	unresolved	unresolved
sub-2	02	03	sub-2/ses-02/run-03/tsv-row-32	32	right_hand	2	220.404	5.0	55101	56351	sub-2/ses-02/eeg/sub-2_ses-02_task-imagery_run-03_eeg.edf	1250	True		sub-02	V	s	s	0	sub-02/ses-02/eeg/sub-02_ses-02_task-MotorImageryRest_run-03_eeg.vhdr	8d4ef96e6a258a71eabe2151a31a898a74d3e3ff8d9b5089d472f7ba5b1c1f5b	True	unresolved	unresolved
sub-2	02	04	sub-2/ses-02/run-04/tsv-row-1	1	right_hand	2	4.484	5.0	1121	2371	sub-2/ses-02/eeg/sub-2_ses-02_task-imagery_run-04_eeg.edf	1250	True		sub-02	V	s	s	0	sub-02/ses-02/eeg/sub-02_ses-02_task-MotorImageryRest_run-04_eeg.vhdr	d10e457c6fce0202fbacaba8bc6bd74efe8dc860a5dec9daa74ff4e049a0bfa0	True	unresolved	unresolved
sub-2	02	04	sub-2/ses-02/run-04/tsv-row-2	2	rest	1	11.356	5.0	2839	4089	sub-2/ses-02/eeg/sub-2_ses-02_task-imagery_run-04_eeg.edf	1250	True		sub-02	V	s	s	0	sub-02/ses-02/eeg/sub-02_ses-02_task-MotorImageryRest_run-04_eeg.vhdr	d10e457c6fce0202fbacaba8bc6bd74efe8dc860a5dec9daa74ff4e049a0bfa0	True	unresolved	unresolved
sub-2	02	04	sub-2/ses-02/run-04/tsv-row-3	3	rest	1	18.26	5.0	4565	5815	sub-2/ses-02/eeg/sub-2_ses-02_task-imagery_run-04_eeg.edf	1250	True		sub-02	V	s	s	0	sub-02/ses-02/eeg/sub-02_ses-02_task-MotorImageryRest_run-04_eeg.vhdr	d10e457c6fce0202fbacaba8bc6bd74efe8dc860a5dec9daa74ff4e049a0bfa0	True	unresolved	unresolved
sub-2	02	04	sub-2/ses-02/run-04/tsv-row-4	4	right_hand	2	25.148	5.0	6287	7537	sub-2/ses-02/eeg/sub-2_ses-02_task-imagery_run-04_eeg.edf	1250	True		sub-02	V	s	s	0	sub-02/ses-02/eeg/sub-02_ses-02_task-MotorImageryRest_run-04_eeg.vhdr	d10e457c6fce0202fbacaba8bc6bd74efe8dc860a5dec9daa74ff4e049a0bfa0	True	unresolved	unresolved
sub-2	02	04	sub-2/ses-02/run-04/tsv-row-5	5	right_hand	2	32.032	5.0	8008	9258	sub-2/ses-02/eeg/sub-2_ses-02_task-imagery_run-04_eeg.edf	1250	True		sub-02	V	s	s	0	sub-02/ses-02/eeg/sub-02_ses-02_task-MotorImageryRest_run-04_eeg.vhdr	d10e457c6fce0202fbacaba8bc6bd74efe8dc860a5dec9daa74ff4e049a0bfa0	True	unresolved	unresolved
sub-2	02	04	sub-2/ses-02/run-04/tsv-row-6	6	rest	1	38.904	5.0	9726	10976	sub-2/ses-02/eeg/sub-2_ses-02_task-imagery_run-04_eeg.edf	1250	True		sub-02	V	s	s	0	sub-02/ses-02/eeg/sub-02_ses-02_task-MotorImageryRest_run-04_eeg.vhdr	d10e457c6fce0202fbacaba8bc6bd74efe8dc860a5dec9daa74ff4e049a0bfa0	True	unresolved	unresolved
sub-2	02	04	sub-2/ses-02/run-04/tsv-row-7	7	rest	1	45.808	5.0	11452	12702	sub-2/ses-02/eeg/sub-2_ses-02_task-imagery_run-04_eeg.edf	1250	True		sub-02	V	s	s	0	sub-02/ses-02/eeg/sub-02_ses-02_task-MotorImageryRest_run-04_eeg.vhdr	d10e457c6fce0202fbacaba8bc6bd74efe8dc860a5dec9daa74ff4e049a0bfa0	True	unresolved	unresolved
sub-2	02	04	sub-2/ses-02/run-04/tsv-row-8	8	right_hand	2	52.692	5.0	13173	14423	sub-2/ses-02/eeg/sub-2_ses-02_task-imagery_run-04_eeg.edf	1250	True		sub-02	V	s	s	0	sub-02/ses-02/eeg/sub-02_ses-02_task-MotorImageryRest_run-04_eeg.vhdr	d10e457c6fce0202fbacaba8bc6bd74efe8dc860a5dec9daa74ff4e049a0bfa0	True	unresolved	unresolved
sub-2	02	04	sub-2/ses-02/run-04/tsv-row-9	9	right_hand	2	59.58	5.0	14895	16145	sub-2/ses-02/eeg/sub-2_ses-02_task-imagery_run-04_eeg.edf	1250	True		sub-02	V	s	s	0	sub-02/ses-02/eeg/sub-02_ses-02_task-MotorImageryRest_run-04_eeg.vhdr	d10e457c6fce0202fbacaba8bc6bd74efe8dc860a5dec9daa74ff4e049a0bfa0	True	unresolved	unresolved
sub-2	02	04	sub-2/ses-02/run-04/tsv-row-10	10	rest	1	66.468	5.0	16617	17867	sub-2/ses-02/eeg/sub-2_ses-02_task-imagery_run-04_eeg.edf	1250	True		sub-02	V	s	s	0	sub-02/ses-02/eeg/sub-02_ses-02_task-MotorImageryRest_run-04_eeg.vhdr	d10e457c6fce0202fbacaba8bc6bd74efe8dc860a5dec9daa74ff4e049a0bfa0	True	unresolved	unresolved
sub-2	02	04	sub-2/ses-02/run-04/tsv-row-11	11	right_hand	2	73.352	5.0	18338	19588	sub-2/ses-02/eeg/sub-2_ses-02_task-imagery_run-04_eeg.edf	1250	True		sub-02	V	s	s	0	sub-02/ses-02/eeg/sub-02_ses-02_task-MotorImageryRest_run-04_eeg.vhdr	d10e457c6fce0202fbacaba8bc6bd74efe8dc860a5dec9daa74ff4e049a0bfa0	True	unresolved	unresolved
sub-2	02	04	sub-2/ses-02/run-04/tsv-row-12	12	rest	1	80.244	5.0	20061	21311	sub-2/ses-02/eeg/sub-2_ses-02_task-imagery_run-04_eeg.edf	1250	True		sub-02	V	s	s	0	sub-02/ses-02/eeg/sub-02_ses-02_task-MotorImageryRest_run-04_eeg.vhdr	d10e457c6fce0202fbacaba8bc6bd74efe8dc860a5dec9daa74ff4e049a0bfa0	True	unresolved	unresolved
sub-2	02	04	sub-2/ses-02/run-04/tsv-row-13	13	rest	1	87.148	5.0	21787	23037	sub-2/ses-02/eeg/sub-2_ses-02_task-imagery_run-04_eeg.edf	1250	True		sub-02	V	s	s	0	sub-02/ses-02/eeg/sub-02_ses-02_task-MotorImageryRest_run-04_eeg.vhdr	d10e457c6fce0202fbacaba8bc6bd74efe8dc860a5dec9daa74ff4e049a0bfa0	True	unresolved	unresolved
sub-2	02	04	sub-2/ses-02/run-04/tsv-row-14	14	right_hand	2	94.016	5.0	23504	24754	sub-2/ses-02/eeg/sub-2_ses-02_task-imagery_run-04_eeg.edf	1250	True		sub-02	V	s	s	0	sub-02/ses-02/eeg/sub-02_ses-02_task-MotorImageryRest_run-04_eeg.vhdr	d10e457c6fce0202fbacaba8bc6bd74efe8dc860a5dec9daa74ff4e049a0bfa0	True	unresolved	unresolved
sub-2	02	04	sub-2/ses-02/run-04/tsv-row-15	15	right_hand	2	100.916	5.0	25229	26479	sub-2/ses-02/eeg/sub-2_ses-02_task-imagery_run-04_eeg.edf	1250	True		sub-02	V	s	s	0	sub-02/ses-02/eeg/sub-02_ses-02_task-MotorImageryRest_run-04_eeg.vhdr	d10e457c6fce0202fbacaba8bc6bd74efe8dc860a5dec9daa74ff4e049a0bfa0	True	unresolved	unresolved
sub-2	02	04	sub-2/ses-02/run-04/tsv-row-16	16	rest	1	107.808	5.0	26952	28202	sub-2/ses-02/eeg/sub-2_ses-02_task-imagery_run-04_eeg.edf	1250	True		sub-02	V	s	s	0	sub-02/ses-02/eeg/sub-02_ses-02_task-MotorImageryRest_run-04_eeg.vhdr	d10e457c6fce0202fbacaba8bc6bd74efe8dc860a5dec9daa74ff4e049a0bfa0	True	unresolved	unresolved
sub-2	02	04	sub-2/ses-02/run-04/tsv-row-17	17	rest	1	114.692	5.0	28673	29923	sub-2/ses-02/eeg/sub-2_ses-02_task-imagery_run-04_eeg.edf	1250	True		sub-02	V	s	s	0	sub-02/ses-02/eeg/sub-02_ses-02_task-MotorImageryRest_run-04_eeg.vhdr	d10e457c6fce0202fbacaba8bc6bd74efe8dc860a5dec9daa74ff4e049a0bfa0	True	unresolved	unresolved
sub-2	02	04	sub-2/ses-02/run-04/tsv-row-18	18	right_hand	2	121.56	5.0	30390	31640	sub-2/ses-02/eeg/sub-2_ses-02_task-imagery_run-04_eeg.edf	1250	True		sub-02	V	s	s	0	sub-02/ses-02/eeg/sub-02_ses-02_task-MotorImageryRest_run-04_eeg.vhdr	d10e457c6fce0202fbacaba8bc6bd74efe8dc860a5dec9daa74ff4e049a0bfa0	True	unresolved	unresolved
sub-2	02	04	sub-2/ses-02/run-04/tsv-row-19	19	right_hand	2	128.464	5.0	32116	33366	sub-2/ses-02/eeg/sub-2_ses-02_task-imagery_run-04_eeg.edf	1250	True		sub-02	V	s	s	0	sub-02/ses-02/eeg/sub-02_ses-02_task-MotorImageryRest_run-04_eeg.vhdr	d10e457c6fce0202fbacaba8bc6bd74efe8dc860a5dec9daa74ff4e049a0bfa0	True	unresolved	unresolved
sub-2	02	04	sub-2/ses-02/run-04/tsv-row-20	20	rest	1	135.352	5.0	33838	35088	sub-2/ses-02/eeg/sub-2_ses-02_task-imagery_run-04_eeg.edf	1250	True		sub-02	V	s	s	0	sub-02/ses-02/eeg/sub-02_ses-02_task-MotorImageryRest_run-04_eeg.vhdr	d10e457c6fce0202fbacaba8bc6bd74efe8dc860a5dec9daa74ff4e049a0bfa0	True	unresolved	unresolved
sub-2	02	04	sub-2/ses-02/run-04/tsv-row-21	21	right_hand	2	142.24	5.0	35560	36810	sub-2/ses-02/eeg/sub-2_ses-02_task-imagery_run-04_eeg.edf	1250	True		sub-02	V	s	s	0	sub-02/ses-02/eeg/sub-02_ses-02_task-MotorImageryRest_run-04_eeg.vhdr	d10e457c6fce0202fbacaba8bc6bd74efe8dc860a5dec9daa74ff4e049a0bfa0	True	unresolved	unresolved
sub-2	02	04	sub-2/ses-02/run-04/tsv-row-22	22	rest	1	149.112	5.0	37278	38528	sub-2/ses-02/eeg/sub-2_ses-02_task-imagery_run-04_eeg.edf	1250	True		sub-02	V	s	s	0	sub-02/ses-02/eeg/sub-02_ses-02_task-MotorImageryRest_run-04_eeg.vhdr	d10e457c6fce0202fbacaba8bc6bd74efe8dc860a5dec9daa74ff4e049a0bfa0	True	unresolved	unresolved
sub-2	02	04	sub-2/ses-02/run-04/tsv-row-23	23	right_hand	2	156.012	5.0	39003	40253	sub-2/ses-02/eeg/sub-2_ses-02_task-imagery_run-04_eeg.edf	1250	True		sub-02	V	s	s	0	sub-02/ses-02/eeg/sub-02_ses-02_task-MotorImageryRest_run-04_eeg.vhdr	d10e457c6fce0202fbacaba8bc6bd74efe8dc860a5dec9daa74ff4e049a0bfa0	True	unresolved	unresolved
sub-2	02	04	sub-2/ses-02/run-04/tsv-row-24	24	rest	1	162.9	5.0	40725	41975	sub-2/ses-02/eeg/sub-2_ses-02_task-imagery_run-04_eeg.edf	1250	True		sub-02	V	s	s	0	sub-02/ses-02/eeg/sub-02_ses-02_task-MotorImageryRest_run-04_eeg.vhdr	d10e457c6fce0202fbacaba8bc6bd74efe8dc860a5dec9daa74ff4e049a0bfa0	True	unresolved	unresolved
sub-2	02	04	sub-2/ses-02/run-04/tsv-row-25	25	right_hand	2	169.784	5.0	42446	43696	sub-2/ses-02/eeg/sub-2_ses-02_task-imagery_run-04_eeg.edf	1250	True		sub-02	V	s	s	0	sub-02/ses-02/eeg/sub-02_ses-02_task-MotorImageryRest_run-04_eeg.vhdr	d10e457c6fce0202fbacaba8bc6bd74efe8dc860a5dec9daa74ff4e049a0bfa0	True	unresolved	unresolved
sub-2	02	04	sub-2/ses-02/run-04/tsv-row-26	26	rest	1	176.676	5.0	44169	45419	sub-2/ses-02/eeg/sub-2_ses-02_task-imagery_run-04_eeg.edf	1250	True		sub-02	V	s	s	0	sub-02/ses-02/eeg/sub-02_ses-02_task-MotorImageryRest_run-04_eeg.vhdr	d10e457c6fce0202fbacaba8bc6bd74efe8dc860a5dec9daa74ff4e049a0bfa0	True	unresolved	unresolved
sub-2	02	04	sub-2/ses-02/run-04/tsv-row-27	27	rest	1	183.56	5.0	45890	47140	sub-2/ses-02/eeg/sub-2_ses-02_task-imagery_run-04_eeg.edf	1250	True		sub-02	V	s	s	0	sub-02/ses-02/eeg/sub-02_ses-02_task-MotorImageryRest_run-04_eeg.vhdr	d10e457c6fce0202fbacaba8bc6bd74efe8dc860a5dec9daa74ff4e049a0bfa0	True	unresolved	unresolved
sub-2	02	04	sub-2/ses-02/run-04/tsv-row-28	28	right_hand	2	190.444	5.0	47611	48861	sub-2/ses-02/eeg/sub-2_ses-02_task-imagery_run-04_eeg.edf	1250	True		sub-02	V	s	s	0	sub-02/ses-02/eeg/sub-02_ses-02_task-MotorImageryRest_run-04_eeg.vhdr	d10e457c6fce0202fbacaba8bc6bd74efe8dc860a5dec9daa74ff4e049a0bfa0	True	unresolved	unresolved
sub-2	02	04	sub-2/ses-02/run-04/tsv-row-29	29	rest	1	197.352	5.0	49338	50588	sub-2/ses-02/eeg/sub-2_ses-02_task-imagery_run-04_eeg.edf	1250	True		sub-02	V	s	s	0	sub-02/ses-02/eeg/sub-02_ses-02_task-MotorImageryRest_run-04_eeg.vhdr	d10e457c6fce0202fbacaba8bc6bd74efe8dc860a5dec9daa74ff4e049a0bfa0	True	unresolved	unresolved
sub-2	02	04	sub-2/ses-02/run-04/tsv-row-30	30	right_hand	2	204.22	5.0	51055	52305	sub-2/ses-02/eeg/sub-2_ses-02_task-imagery_run-04_eeg.edf	1250	True		sub-02	V	s	s	0	sub-02/ses-02/eeg/sub-02_ses-02_task-MotorImageryRest_run-04_eeg.vhdr	d10e457c6fce0202fbacaba8bc6bd74efe8dc860a5dec9daa74ff4e049a0bfa0	True	unresolved	unresolved
sub-2	02	04	sub-2/ses-02/run-04/tsv-row-31	31	rest	1	211.108	5.0	52777	54027	sub-2/ses-02/eeg/sub-2_ses-02_task-imagery_run-04_eeg.edf	1250	True		sub-02	V	s	s	0	sub-02/ses-02/eeg/sub-02_ses-02_task-MotorImageryRest_run-04_eeg.vhdr	d10e457c6fce0202fbacaba8bc6bd74efe8dc860a5dec9daa74ff4e049a0bfa0	True	unresolved	unresolved
sub-2	02	04	sub-2/ses-02/run-04/tsv-row-32	32	right_hand	2	218.008	5.0	54502	55752	sub-2/ses-02/eeg/sub-2_ses-02_task-imagery_run-04_eeg.edf	1250	True		sub-02	V	s	s	0	sub-02/ses-02/eeg/sub-02_ses-02_task-MotorImageryRest_run-04_eeg.vhdr	d10e457c6fce0202fbacaba8bc6bd74efe8dc860a5dec9daa74ff4e049a0bfa0	True	unresolved	unresolved
sub-2	02	05	sub-2/ses-02/run-05/tsv-row-1	1	rest	1	5.088	5.0	1272	2522	sub-2/ses-02/eeg/sub-2_ses-02_task-imagery_run-05_eeg.edf	1250	True		sub-02	V	s	s	0	sub-02/ses-02/eeg/sub-02_ses-02_task-MotorImageryRest_run-05_eeg.vhdr	254b9895ad5e50f0a2d2c14fe8e05051f13b779cebde4f525fe13435df58835f	True	unresolved	unresolved
sub-2	02	05	sub-2/ses-02/run-05/tsv-row-2	2	right_hand	2	11.98	5.0	2995	4245	sub-2/ses-02/eeg/sub-2_ses-02_task-imagery_run-05_eeg.edf	1250	True		sub-02	V	s	s	0	sub-02/ses-02/eeg/sub-02_ses-02_task-MotorImageryRest_run-05_eeg.vhdr	254b9895ad5e50f0a2d2c14fe8e05051f13b779cebde4f525fe13435df58835f	True	unresolved	unresolved
sub-2	02	05	sub-2/ses-02/run-05/tsv-row-3	3	right_hand	2	18.864	5.0	4716	5966	sub-2/ses-02/eeg/sub-2_ses-02_task-imagery_run-05_eeg.edf	1250	True		sub-02	V	s	s	0	sub-02/ses-02/eeg/sub-02_ses-02_task-MotorImageryRest_run-05_eeg.vhdr	254b9895ad5e50f0a2d2c14fe8e05051f13b779cebde4f525fe13435df58835f	True	unresolved	unresolved
sub-2	02	05	sub-2/ses-02/run-05/tsv-row-4	4	rest	1	25.756	5.0	6439	7689	sub-2/ses-02/eeg/sub-2_ses-02_task-imagery_run-05_eeg.edf	1250	True		sub-02	V	s	s	0	sub-02/ses-02/eeg/sub-02_ses-02_task-MotorImageryRest_run-05_eeg.vhdr	254b9895ad5e50f0a2d2c14fe8e05051f13b779cebde4f525fe13435df58835f	True	unresolved	unresolved
sub-2	02	05	sub-2/ses-02/run-05/tsv-row-5	5	right_hand	2	32.64	5.0	8160	9410	sub-2/ses-02/eeg/sub-2_ses-02_task-imagery_run-05_eeg.edf	1250	True		sub-02	V	s	s	0	sub-02/ses-02/eeg/sub-02_ses-02_task-MotorImageryRest_run-05_eeg.vhdr	254b9895ad5e50f0a2d2c14fe8e05051f13b779cebde4f525fe13435df58835f	True	unresolved	unresolved
sub-2	02	05	sub-2/ses-02/run-05/tsv-row-6	6	rest	1	39.528	5.0	9882	11132	sub-2/ses-02/eeg/sub-2_ses-02_task-imagery_run-05_eeg.edf	1250	True		sub-02	V	s	s	0	sub-02/ses-02/eeg/sub-02_ses-02_task-MotorImageryRest_run-05_eeg.vhdr	254b9895ad5e50f0a2d2c14fe8e05051f13b779cebde4f525fe13435df58835f	True	unresolved	unresolved
sub-2	02	05	sub-2/ses-02/run-05/tsv-row-7	7	right_hand	2	46.428	5.0	11607	12857	sub-2/ses-02/eeg/sub-2_ses-02_task-imagery_run-05_eeg.edf	1250	True		sub-02	V	s	s	0	sub-02/ses-02/eeg/sub-02_ses-02_task-MotorImageryRest_run-05_eeg.vhdr	254b9895ad5e50f0a2d2c14fe8e05051f13b779cebde4f525fe13435df58835f	True	unresolved	unresolved
sub-2	02	05	sub-2/ses-02/run-05/tsv-row-8	8	rest	1	53.3	5.0	13325	14575	sub-2/ses-02/eeg/sub-2_ses-02_task-imagery_run-05_eeg.edf	1250	True		sub-02	V	s	s	0	sub-02/ses-02/eeg/sub-02_ses-02_task-MotorImageryRest_run-05_eeg.vhdr	254b9895ad5e50f0a2d2c14fe8e05051f13b779cebde4f525fe13435df58835f	True	unresolved	unresolved
sub-2	02	05	sub-2/ses-02/run-05/tsv-row-9	9	rest	1	60.204	5.0	15051	16301	sub-2/ses-02/eeg/sub-2_ses-02_task-imagery_run-05_eeg.edf	1250	True		sub-02	V	s	s	0	sub-02/ses-02/eeg/sub-02_ses-02_task-MotorImageryRest_run-05_eeg.vhdr	254b9895ad5e50f0a2d2c14fe8e05051f13b779cebde4f525fe13435df58835f	True	unresolved	unresolved
sub-2	02	05	sub-2/ses-02/run-05/tsv-row-10	10	right_hand	2	67.092	5.0	16773	18023	sub-2/ses-02/eeg/sub-2_ses-02_task-imagery_run-05_eeg.edf	1250	True		sub-02	V	s	s	0	sub-02/ses-02/eeg/sub-02_ses-02_task-MotorImageryRest_run-05_eeg.vhdr	254b9895ad5e50f0a2d2c14fe8e05051f13b779cebde4f525fe13435df58835f	True	unresolved	unresolved
sub-2	02	05	sub-2/ses-02/run-05/tsv-row-11	11	right_hand	2	73.976	5.0	18494	19744	sub-2/ses-02/eeg/sub-2_ses-02_task-imagery_run-05_eeg.edf	1250	True		sub-02	V	s	s	0	sub-02/ses-02/eeg/sub-02_ses-02_task-MotorImageryRest_run-05_eeg.vhdr	254b9895ad5e50f0a2d2c14fe8e05051f13b779cebde4f525fe13435df58835f	True	unresolved	unresolved
sub-2	02	05	sub-2/ses-02/run-05/tsv-row-12	12	rest	1	80.848	5.0	20212	21462	sub-2/ses-02/eeg/sub-2_ses-02_task-imagery_run-05_eeg.edf	1250	True		sub-02	V	s	s	0	sub-02/ses-02/eeg/sub-02_ses-02_task-MotorImageryRest_run-05_eeg.vhdr	254b9895ad5e50f0a2d2c14fe8e05051f13b779cebde4f525fe13435df58835f	True	unresolved	unresolved
sub-2	02	05	sub-2/ses-02/run-05/tsv-row-13	13	right_hand	2	87.752	5.0	21938	23188	sub-2/ses-02/eeg/sub-2_ses-02_task-imagery_run-05_eeg.edf	1250	True		sub-02	V	s	s	0	sub-02/ses-02/eeg/sub-02_ses-02_task-MotorImageryRest_run-05_eeg.vhdr	254b9895ad5e50f0a2d2c14fe8e05051f13b779cebde4f525fe13435df58835f	True	unresolved	unresolved
sub-2	02	05	sub-2/ses-02/run-05/tsv-row-14	14	rest	1	94.64	5.0	23660	24910	sub-2/ses-02/eeg/sub-2_ses-02_task-imagery_run-05_eeg.edf	1250	True		sub-02	V	s	s	0	sub-02/ses-02/eeg/sub-02_ses-02_task-MotorImageryRest_run-05_eeg.vhdr	254b9895ad5e50f0a2d2c14fe8e05051f13b779cebde4f525fe13435df58835f	True	unresolved	unresolved
sub-2	02	05	sub-2/ses-02/run-05/tsv-row-15	15	rest	1	101.528	5.0	25382	26632	sub-2/ses-02/eeg/sub-2_ses-02_task-imagery_run-05_eeg.edf	1250	True		sub-02	V	s	s	0	sub-02/ses-02/eeg/sub-02_ses-02_task-MotorImageryRest_run-05_eeg.vhdr	254b9895ad5e50f0a2d2c14fe8e05051f13b779cebde4f525fe13435df58835f	True	unresolved	unresolved
sub-2	02	05	sub-2/ses-02/run-05/tsv-row-16	16	right_hand	2	108.412	5.0	27103	28353	sub-2/ses-02/eeg/sub-2_ses-02_task-imagery_run-05_eeg.edf	1250	True		sub-02	V	s	s	0	sub-02/ses-02/eeg/sub-02_ses-02_task-MotorImageryRest_run-05_eeg.vhdr	254b9895ad5e50f0a2d2c14fe8e05051f13b779cebde4f525fe13435df58835f	True	unresolved	unresolved
sub-2	02	05	sub-2/ses-02/run-05/tsv-row-17	17	rest	1	115.3	5.0	28825	30075	sub-2/ses-02/eeg/sub-2_ses-02_task-imagery_run-05_eeg.edf	1250	True		sub-02	V	s	s	0	sub-02/ses-02/eeg/sub-02_ses-02_task-MotorImageryRest_run-05_eeg.vhdr	254b9895ad5e50f0a2d2c14fe8e05051f13b779cebde4f525fe13435df58835f	True	unresolved	unresolved
sub-2	02	05	sub-2/ses-02/run-05/tsv-row-18	18	right_hand	2	122.184	5.0	30546	31796	sub-2/ses-02/eeg/sub-2_ses-02_task-imagery_run-05_eeg.edf	1250	True		sub-02	V	s	s	0	sub-02/ses-02/eeg/sub-02_ses-02_task-MotorImageryRest_run-05_eeg.vhdr	254b9895ad5e50f0a2d2c14fe8e05051f13b779cebde4f525fe13435df58835f	True	unresolved	unresolved
sub-2	02	05	sub-2/ses-02/run-05/tsv-row-19	19	rest	1	129.088	5.0	32272	33522	sub-2/ses-02/eeg/sub-2_ses-02_task-imagery_run-05_eeg.edf	1250	True		sub-02	V	s	s	0	sub-02/ses-02/eeg/sub-02_ses-02_task-MotorImageryRest_run-05_eeg.vhdr	254b9895ad5e50f0a2d2c14fe8e05051f13b779cebde4f525fe13435df58835f	True	unresolved	unresolved
sub-2	02	05	sub-2/ses-02/run-05/tsv-row-20	20	right_hand	2	135.96	5.0	33990	35240	sub-2/ses-02/eeg/sub-2_ses-02_task-imagery_run-05_eeg.edf	1250	True		sub-02	V	s	s	0	sub-02/ses-02/eeg/sub-02_ses-02_task-MotorImageryRest_run-05_eeg.vhdr	254b9895ad5e50f0a2d2c14fe8e05051f13b779cebde4f525fe13435df58835f	True	unresolved	unresolved
sub-2	02	05	sub-2/ses-02/run-05/tsv-row-21	21	right_hand	2	142.844	5.0	35711	36961	sub-2/ses-02/eeg/sub-2_ses-02_task-imagery_run-05_eeg.edf	1250	True		sub-02	V	s	s	0	sub-02/ses-02/eeg/sub-02_ses-02_task-MotorImageryRest_run-05_eeg.vhdr	254b9895ad5e50f0a2d2c14fe8e05051f13b779cebde4f525fe13435df58835f	True	unresolved	unresolved
sub-2	02	05	sub-2/ses-02/run-05/tsv-row-22	22	rest	1	149.752	5.0	37438	38688	sub-2/ses-02/eeg/sub-2_ses-02_task-imagery_run-05_eeg.edf	1250	True		sub-02	V	s	s	0	sub-02/ses-02/eeg/sub-02_ses-02_task-MotorImageryRest_run-05_eeg.vhdr	254b9895ad5e50f0a2d2c14fe8e05051f13b779cebde4f525fe13435df58835f	True	unresolved	unresolved
sub-2	02	05	sub-2/ses-02/run-05/tsv-row-23	23	rest	1	156.636	5.0	39159	40409	sub-2/ses-02/eeg/sub-2_ses-02_task-imagery_run-05_eeg.edf	1250	True		sub-02	V	s	s	0	sub-02/ses-02/eeg/sub-02_ses-02_task-MotorImageryRest_run-05_eeg.vhdr	254b9895ad5e50f0a2d2c14fe8e05051f13b779cebde4f525fe13435df58835f	True	unresolved	unresolved
sub-2	02	05	sub-2/ses-02/run-05/tsv-row-24	24	right_hand	2	163.504	5.0	40876	42126	sub-2/ses-02/eeg/sub-2_ses-02_task-imagery_run-05_eeg.edf	1250	True		sub-02	V	s	s	0	sub-02/ses-02/eeg/sub-02_ses-02_task-MotorImageryRest_run-05_eeg.vhdr	254b9895ad5e50f0a2d2c14fe8e05051f13b779cebde4f525fe13435df58835f	True	unresolved	unresolved
sub-2	02	05	sub-2/ses-02/run-05/tsv-row-25	25	right_hand	2	170.392	5.0	42598	43848	sub-2/ses-02/eeg/sub-2_ses-02_task-imagery_run-05_eeg.edf	1250	True		sub-02	V	s	s	0	sub-02/ses-02/eeg/sub-02_ses-02_task-MotorImageryRest_run-05_eeg.vhdr	254b9895ad5e50f0a2d2c14fe8e05051f13b779cebde4f525fe13435df58835f	True	unresolved	unresolved
sub-2	02	05	sub-2/ses-02/run-05/tsv-row-26	26	rest	1	177.296	5.0	44324	45574	sub-2/ses-02/eeg/sub-2_ses-02_task-imagery_run-05_eeg.edf	1250	True		sub-02	V	s	s	0	sub-02/ses-02/eeg/sub-02_ses-02_task-MotorImageryRest_run-05_eeg.vhdr	254b9895ad5e50f0a2d2c14fe8e05051f13b779cebde4f525fe13435df58835f	True	unresolved	unresolved
sub-2	02	05	sub-2/ses-02/run-05/tsv-row-27	27	rest	1	184.184	5.0	46046	47296	sub-2/ses-02/eeg/sub-2_ses-02_task-imagery_run-05_eeg.edf	1250	True		sub-02	V	s	s	0	sub-02/ses-02/eeg/sub-02_ses-02_task-MotorImageryRest_run-05_eeg.vhdr	254b9895ad5e50f0a2d2c14fe8e05051f13b779cebde4f525fe13435df58835f	True	unresolved	unresolved
sub-2	02	05	sub-2/ses-02/run-05/tsv-row-28	28	right_hand	2	191.052	5.0	47763	49013	sub-2/ses-02/eeg/sub-2_ses-02_task-imagery_run-05_eeg.edf	1250	True		sub-02	V	s	s	0	sub-02/ses-02/eeg/sub-02_ses-02_task-MotorImageryRest_run-05_eeg.vhdr	254b9895ad5e50f0a2d2c14fe8e05051f13b779cebde4f525fe13435df58835f	True	unresolved	unresolved
sub-2	02	05	sub-2/ses-02/run-05/tsv-row-29	29	rest	1	197.96	5.0	49490	50740	sub-2/ses-02/eeg/sub-2_ses-02_task-imagery_run-05_eeg.edf	1250	True		sub-02	V	s	s	0	sub-02/ses-02/eeg/sub-02_ses-02_task-MotorImageryRest_run-05_eeg.vhdr	254b9895ad5e50f0a2d2c14fe8e05051f13b779cebde4f525fe13435df58835f	True	unresolved	unresolved
sub-2	02	05	sub-2/ses-02/run-05/tsv-row-30	30	right_hand	2	204.844	5.0	51211	52461	sub-2/ses-02/eeg/sub-2_ses-02_task-imagery_run-05_eeg.edf	1250	True		sub-02	V	s	s	0	sub-02/ses-02/eeg/sub-02_ses-02_task-MotorImageryRest_run-05_eeg.vhdr	254b9895ad5e50f0a2d2c14fe8e05051f13b779cebde4f525fe13435df58835f	True	unresolved	unresolved
sub-2	02	05	sub-2/ses-02/run-05/tsv-row-31	31	rest	1	211.732	5.0	52933	54183	sub-2/ses-02/eeg/sub-2_ses-02_task-imagery_run-05_eeg.edf	1250	True		sub-02	V	s	s	0	sub-02/ses-02/eeg/sub-02_ses-02_task-MotorImageryRest_run-05_eeg.vhdr	254b9895ad5e50f0a2d2c14fe8e05051f13b779cebde4f525fe13435df58835f	True	unresolved	unresolved
sub-2	02	05	sub-2/ses-02/run-05/tsv-row-32	32	right_hand	2	218.616	5.0	54654	55904	sub-2/ses-02/eeg/sub-2_ses-02_task-imagery_run-05_eeg.edf	1250	True		sub-02	V	s	s	0	sub-02/ses-02/eeg/sub-02_ses-02_task-MotorImageryRest_run-05_eeg.vhdr	254b9895ad5e50f0a2d2c14fe8e05051f13b779cebde4f525fe13435df58835f	True	unresolved	unresolved
sub-2	02	06	sub-2/ses-02/run-06/tsv-row-1	1	rest	1	3.432	5.0	858	2108	sub-2/ses-02/eeg/sub-2_ses-02_task-imagery_run-06_eeg.edf	1250	True		sub-02	V	s	s	0	sub-02/ses-02/eeg/sub-02_ses-02_task-MotorImageryRest_run-06_eeg.vhdr	3c429f992582802abd10008fddc9599debfe802dc94f301abc0bf99984d3b9b0	True	unresolved	unresolved
sub-2	02	06	sub-2/ses-02/run-06/tsv-row-2	2	right_hand	2	10.32	5.0	2580	3830	sub-2/ses-02/eeg/sub-2_ses-02_task-imagery_run-06_eeg.edf	1250	True		sub-02	V	s	s	0	sub-02/ses-02/eeg/sub-02_ses-02_task-MotorImageryRest_run-06_eeg.vhdr	3c429f992582802abd10008fddc9599debfe802dc94f301abc0bf99984d3b9b0	True	unresolved	unresolved
sub-2	02	06	sub-2/ses-02/run-06/tsv-row-3	3	right_hand	2	17.224	5.0	4306	5556	sub-2/ses-02/eeg/sub-2_ses-02_task-imagery_run-06_eeg.edf	1250	True		sub-02	V	s	s	0	sub-02/ses-02/eeg/sub-02_ses-02_task-MotorImageryRest_run-06_eeg.vhdr	3c429f992582802abd10008fddc9599debfe802dc94f301abc0bf99984d3b9b0	True	unresolved	unresolved
sub-2	02	06	sub-2/ses-02/run-06/tsv-row-4	4	rest	1	24.112	5.0	6028	7278	sub-2/ses-02/eeg/sub-2_ses-02_task-imagery_run-06_eeg.edf	1250	True		sub-02	V	s	s	0	sub-02/ses-02/eeg/sub-02_ses-02_task-MotorImageryRest_run-06_eeg.vhdr	3c429f992582802abd10008fddc9599debfe802dc94f301abc0bf99984d3b9b0	True	unresolved	unresolved
sub-2	02	06	sub-2/ses-02/run-06/tsv-row-5	5	right_hand	2	30.98	5.0	7745	8995	sub-2/ses-02/eeg/sub-2_ses-02_task-imagery_run-06_eeg.edf	1250	True		sub-02	V	s	s	0	sub-02/ses-02/eeg/sub-02_ses-02_task-MotorImageryRest_run-06_eeg.vhdr	3c429f992582802abd10008fddc9599debfe802dc94f301abc0bf99984d3b9b0	True	unresolved	unresolved
sub-2	02	06	sub-2/ses-02/run-06/tsv-row-6	6	rest	1	37.872	5.0	9468	10718	sub-2/ses-02/eeg/sub-2_ses-02_task-imagery_run-06_eeg.edf	1250	True		sub-02	V	s	s	0	sub-02/ses-02/eeg/sub-02_ses-02_task-MotorImageryRest_run-06_eeg.vhdr	3c429f992582802abd10008fddc9599debfe802dc94f301abc0bf99984d3b9b0	True	unresolved	unresolved
sub-2	02	06	sub-2/ses-02/run-06/tsv-row-7	7	rest	1	44.772	5.0	11193	12443	sub-2/ses-02/eeg/sub-2_ses-02_task-imagery_run-06_eeg.edf	1250	True		sub-02	V	s	s	0	sub-02/ses-02/eeg/sub-02_ses-02_task-MotorImageryRest_run-06_eeg.vhdr	3c429f992582802abd10008fddc9599debfe802dc94f301abc0bf99984d3b9b0	True	unresolved	unresolved
sub-2	02	06	sub-2/ses-02/run-06/tsv-row-8	8	right_hand	2	51.66	5.0	12915	14165	sub-2/ses-02/eeg/sub-2_ses-02_task-imagery_run-06_eeg.edf	1250	True		sub-02	V	s	s	0	sub-02/ses-02/eeg/sub-02_ses-02_task-MotorImageryRest_run-06_eeg.vhdr	3c429f992582802abd10008fddc9599debfe802dc94f301abc0bf99984d3b9b0	True	unresolved	unresolved
sub-2	02	06	sub-2/ses-02/run-06/tsv-row-9	9	right_hand	2	58.544	5.0	14636	15886	sub-2/ses-02/eeg/sub-2_ses-02_task-imagery_run-06_eeg.edf	1250	True		sub-02	V	s	s	0	sub-02/ses-02/eeg/sub-02_ses-02_task-MotorImageryRest_run-06_eeg.vhdr	3c429f992582802abd10008fddc9599debfe802dc94f301abc0bf99984d3b9b0	True	unresolved	unresolved
sub-2	02	06	sub-2/ses-02/run-06/tsv-row-10	10	rest	1	65.436	5.0	16359	17609	sub-2/ses-02/eeg/sub-2_ses-02_task-imagery_run-06_eeg.edf	1250	True		sub-02	V	s	s	0	sub-02/ses-02/eeg/sub-02_ses-02_task-MotorImageryRest_run-06_eeg.vhdr	3c429f992582802abd10008fddc9599debfe802dc94f301abc0bf99984d3b9b0	True	unresolved	unresolved
sub-2	02	06	sub-2/ses-02/run-06/tsv-row-11	11	right_hand	2	72.32	5.0	18080	19330	sub-2/ses-02/eeg/sub-2_ses-02_task-imagery_run-06_eeg.edf	1250	True		sub-02	V	s	s	0	sub-02/ses-02/eeg/sub-02_ses-02_task-MotorImageryRest_run-06_eeg.vhdr	3c429f992582802abd10008fddc9599debfe802dc94f301abc0bf99984d3b9b0	True	unresolved	unresolved
sub-2	02	06	sub-2/ses-02/run-06/tsv-row-12	12	rest	1	79.208	5.0	19802	21052	sub-2/ses-02/eeg/sub-2_ses-02_task-imagery_run-06_eeg.edf	1250	True		sub-02	V	s	s	0	sub-02/ses-02/eeg/sub-02_ses-02_task-MotorImageryRest_run-06_eeg.vhdr	3c429f992582802abd10008fddc9599debfe802dc94f301abc0bf99984d3b9b0	True	unresolved	unresolved
sub-2	02	06	sub-2/ses-02/run-06/tsv-row-13	13	right_hand	2	86.092	5.0	21523	22773	sub-2/ses-02/eeg/sub-2_ses-02_task-imagery_run-06_eeg.edf	1250	True		sub-02	V	s	s	0	sub-02/ses-02/eeg/sub-02_ses-02_task-MotorImageryRest_run-06_eeg.vhdr	3c429f992582802abd10008fddc9599debfe802dc94f301abc0bf99984d3b9b0	True	unresolved	unresolved
sub-2	02	06	sub-2/ses-02/run-06/tsv-row-14	14	rest	1	92.98	5.0	23245	24495	sub-2/ses-02/eeg/sub-2_ses-02_task-imagery_run-06_eeg.edf	1250	True		sub-02	V	s	s	0	sub-02/ses-02/eeg/sub-02_ses-02_task-MotorImageryRest_run-06_eeg.vhdr	3c429f992582802abd10008fddc9599debfe802dc94f301abc0bf99984d3b9b0	True	unresolved	unresolved
sub-2	02	06	sub-2/ses-02/run-06/tsv-row-15	15	right_hand	2	99.868	5.0	24967	26217	sub-2/ses-02/eeg/sub-2_ses-02_task-imagery_run-06_eeg.edf	1250	True		sub-02	V	s	s	0	sub-02/ses-02/eeg/sub-02_ses-02_task-MotorImageryRest_run-06_eeg.vhdr	3c429f992582802abd10008fddc9599debfe802dc94f301abc0bf99984d3b9b0	True	unresolved	unresolved
sub-2	02	06	sub-2/ses-02/run-06/tsv-row-16	16	rest	1	106.772	5.0	26693	27943	sub-2/ses-02/eeg/sub-2_ses-02_task-imagery_run-06_eeg.edf	1250	True		sub-02	V	s	s	0	sub-02/ses-02/eeg/sub-02_ses-02_task-MotorImageryRest_run-06_eeg.vhdr	3c429f992582802abd10008fddc9599debfe802dc94f301abc0bf99984d3b9b0	True	unresolved	unresolved
sub-2	02	06	sub-2/ses-02/run-06/tsv-row-17	17	rest	1	113.66	5.0	28415	29665	sub-2/ses-02/eeg/sub-2_ses-02_task-imagery_run-06_eeg.edf	1250	True		sub-02	V	s	s	0	sub-02/ses-02/eeg/sub-02_ses-02_task-MotorImageryRest_run-06_eeg.vhdr	3c429f992582802abd10008fddc9599debfe802dc94f301abc0bf99984d3b9b0	True	unresolved	unresolved
sub-2	02	06	sub-2/ses-02/run-06/tsv-row-18	18	right_hand	2	120.528	5.0	30132	31382	sub-2/ses-02/eeg/sub-2_ses-02_task-imagery_run-06_eeg.edf	1250	True		sub-02	V	s	s	0	sub-02/ses-02/eeg/sub-02_ses-02_task-MotorImageryRest_run-06_eeg.vhdr	3c429f992582802abd10008fddc9599debfe802dc94f301abc0bf99984d3b9b0	True	unresolved	unresolved
sub-2	02	06	sub-2/ses-02/run-06/tsv-row-19	19	rest	1	127.432	5.0	31858	33108	sub-2/ses-02/eeg/sub-2_ses-02_task-imagery_run-06_eeg.edf	1250	True		sub-02	V	s	s	0	sub-02/ses-02/eeg/sub-02_ses-02_task-MotorImageryRest_run-06_eeg.vhdr	3c429f992582802abd10008fddc9599debfe802dc94f301abc0bf99984d3b9b0	True	unresolved	unresolved
sub-2	02	06	sub-2/ses-02/run-06/tsv-row-20	20	right_hand	2	134.316	5.0	33579	34829	sub-2/ses-02/eeg/sub-2_ses-02_task-imagery_run-06_eeg.edf	1250	True		sub-02	V	s	s	0	sub-02/ses-02/eeg/sub-02_ses-02_task-MotorImageryRest_run-06_eeg.vhdr	3c429f992582802abd10008fddc9599debfe802dc94f301abc0bf99984d3b9b0	True	unresolved	unresolved
sub-2	02	06	sub-2/ses-02/run-06/tsv-row-21	21	right_hand	2	141.188	5.0	35297	36547	sub-2/ses-02/eeg/sub-2_ses-02_task-imagery_run-06_eeg.edf	1250	True		sub-02	V	s	s	0	sub-02/ses-02/eeg/sub-02_ses-02_task-MotorImageryRest_run-06_eeg.vhdr	3c429f992582802abd10008fddc9599debfe802dc94f301abc0bf99984d3b9b0	True	unresolved	unresolved
sub-2	02	06	sub-2/ses-02/run-06/tsv-row-22	22	rest	1	148.092	5.0	37023	38273	sub-2/ses-02/eeg/sub-2_ses-02_task-imagery_run-06_eeg.edf	1250	True		sub-02	V	s	s	0	sub-02/ses-02/eeg/sub-02_ses-02_task-MotorImageryRest_run-06_eeg.vhdr	3c429f992582802abd10008fddc9599debfe802dc94f301abc0bf99984d3b9b0	True	unresolved	unresolved
sub-2	02	06	sub-2/ses-02/run-06/tsv-row-23	23	rest	1	154.98	5.0	38745	39995	sub-2/ses-02/eeg/sub-2_ses-02_task-imagery_run-06_eeg.edf	1250	True		sub-02	V	s	s	0	sub-02/ses-02/eeg/sub-02_ses-02_task-MotorImageryRest_run-06_eeg.vhdr	3c429f992582802abd10008fddc9599debfe802dc94f301abc0bf99984d3b9b0	True	unresolved	unresolved
sub-2	02	06	sub-2/ses-02/run-06/tsv-row-24	24	right_hand	2	161.864	5.0	40466	41716	sub-2/ses-02/eeg/sub-2_ses-02_task-imagery_run-06_eeg.edf	1250	True		sub-02	V	s	s	0	sub-02/ses-02/eeg/sub-02_ses-02_task-MotorImageryRest_run-06_eeg.vhdr	3c429f992582802abd10008fddc9599debfe802dc94f301abc0bf99984d3b9b0	True	unresolved	unresolved
sub-2	02	06	sub-2/ses-02/run-06/tsv-row-25	25	right_hand	2	168.752	5.0	42188	43438	sub-2/ses-02/eeg/sub-2_ses-02_task-imagery_run-06_eeg.edf	1250	True		sub-02	V	s	s	0	sub-02/ses-02/eeg/sub-02_ses-02_task-MotorImageryRest_run-06_eeg.vhdr	3c429f992582802abd10008fddc9599debfe802dc94f301abc0bf99984d3b9b0	True	unresolved	unresolved
sub-2	02	06	sub-2/ses-02/run-06/tsv-row-26	26	rest	1	175.64	5.0	43910	45160	sub-2/ses-02/eeg/sub-2_ses-02_task-imagery_run-06_eeg.edf	1250	True		sub-02	V	s	s	0	sub-02/ses-02/eeg/sub-02_ses-02_task-MotorImageryRest_run-06_eeg.vhdr	3c429f992582802abd10008fddc9599debfe802dc94f301abc0bf99984d3b9b0	True	unresolved	unresolved
sub-2	02	06	sub-2/ses-02/run-06/tsv-row-27	27	rest	1	182.528	5.0	45632	46882	sub-2/ses-02/eeg/sub-2_ses-02_task-imagery_run-06_eeg.edf	1250	True		sub-02	V	s	s	0	sub-02/ses-02/eeg/sub-02_ses-02_task-MotorImageryRest_run-06_eeg.vhdr	3c429f992582802abd10008fddc9599debfe802dc94f301abc0bf99984d3b9b0	True	unresolved	unresolved
sub-2	02	06	sub-2/ses-02/run-06/tsv-row-28	28	right_hand	2	189.428	5.0	47357	48607	sub-2/ses-02/eeg/sub-2_ses-02_task-imagery_run-06_eeg.edf	1250	True		sub-02	V	s	s	0	sub-02/ses-02/eeg/sub-02_ses-02_task-MotorImageryRest_run-06_eeg.vhdr	3c429f992582802abd10008fddc9599debfe802dc94f301abc0bf99984d3b9b0	True	unresolved	unresolved
sub-2	02	06	sub-2/ses-02/run-06/tsv-row-29	29	right_hand	2	196.3	5.0	49075	50325	sub-2/ses-02/eeg/sub-2_ses-02_task-imagery_run-06_eeg.edf	1250	True		sub-02	V	s	s	0	sub-02/ses-02/eeg/sub-02_ses-02_task-MotorImageryRest_run-06_eeg.vhdr	3c429f992582802abd10008fddc9599debfe802dc94f301abc0bf99984d3b9b0	True	unresolved	unresolved
sub-2	02	06	sub-2/ses-02/run-06/tsv-row-30	30	rest	1	203.188	5.0	50797	52047	sub-2/ses-02/eeg/sub-2_ses-02_task-imagery_run-06_eeg.edf	1250	True		sub-02	V	s	s	0	sub-02/ses-02/eeg/sub-02_ses-02_task-MotorImageryRest_run-06_eeg.vhdr	3c429f992582802abd10008fddc9599debfe802dc94f301abc0bf99984d3b9b0	True	unresolved	unresolved
sub-2	02	06	sub-2/ses-02/run-06/tsv-row-31	31	right_hand	2	210.072	5.0	52518	53768	sub-2/ses-02/eeg/sub-2_ses-02_task-imagery_run-06_eeg.edf	1250	True		sub-02	V	s	s	0	sub-02/ses-02/eeg/sub-02_ses-02_task-MotorImageryRest_run-06_eeg.vhdr	3c429f992582802abd10008fddc9599debfe802dc94f301abc0bf99984d3b9b0	True	unresolved	unresolved
sub-2	02	06	sub-2/ses-02/run-06/tsv-row-32	32	rest	1	216.976	5.0	54244	55494	sub-2/ses-02/eeg/sub-2_ses-02_task-imagery_run-06_eeg.edf	1250	True		sub-02	V	s	s	0	sub-02/ses-02/eeg/sub-02_ses-02_task-MotorImageryRest_run-06_eeg.vhdr	3c429f992582802abd10008fddc9599debfe802dc94f301abc0bf99984d3b9b0	True	unresolved	unresolved
sub-2	03	01	sub-2/ses-03/run-01/tsv-row-1	1	rest	1	7.348	5.0	1837	3087	sub-2/ses-03/eeg/sub-2_ses-03_task-imagery_run-01_eeg.edf	1250	True		sub-02	V	s	s	0	sub-02/ses-03/eeg/sub-02_ses-03_task-MotorImageryRest_run-01_eeg.vhdr	dd35390b647db741422cbe325a6bd3925377bb0d0e2ccbd6ab283063599fe933	True	unresolved	unresolved
sub-2	03	01	sub-2/ses-03/run-01/tsv-row-2	2	right_hand	2	14.24	5.0	3560	4810	sub-2/ses-03/eeg/sub-2_ses-03_task-imagery_run-01_eeg.edf	1250	True		sub-02	V	s	s	0	sub-02/ses-03/eeg/sub-02_ses-03_task-MotorImageryRest_run-01_eeg.vhdr	dd35390b647db741422cbe325a6bd3925377bb0d0e2ccbd6ab283063599fe933	True	unresolved	unresolved
sub-2	03	01	sub-2/ses-03/run-01/tsv-row-3	3	rest	1	21.144	5.0	5286	6536	sub-2/ses-03/eeg/sub-2_ses-03_task-imagery_run-01_eeg.edf	1250	True		sub-02	V	s	s	0	sub-02/ses-03/eeg/sub-02_ses-03_task-MotorImageryRest_run-01_eeg.vhdr	dd35390b647db741422cbe325a6bd3925377bb0d0e2ccbd6ab283063599fe933	True	unresolved	unresolved
sub-2	03	01	sub-2/ses-03/run-01/tsv-row-4	4	right_hand	2	28.012	5.0	7003	8253	sub-2/ses-03/eeg/sub-2_ses-03_task-imagery_run-01_eeg.edf	1250	True		sub-02	V	s	s	0	sub-02/ses-03/eeg/sub-02_ses-03_task-MotorImageryRest_run-01_eeg.vhdr	dd35390b647db741422cbe325a6bd3925377bb0d0e2ccbd6ab283063599fe933	True	unresolved	unresolved
sub-2	03	01	sub-2/ses-03/run-01/tsv-row-5	5	rest	1	34.9	5.0	8725	9975	sub-2/ses-03/eeg/sub-2_ses-03_task-imagery_run-01_eeg.edf	1250	True		sub-02	V	s	s	0	sub-02/ses-03/eeg/sub-02_ses-03_task-MotorImageryRest_run-01_eeg.vhdr	dd35390b647db741422cbe325a6bd3925377bb0d0e2ccbd6ab283063599fe933	True	unresolved	unresolved
sub-2	03	01	sub-2/ses-03/run-01/tsv-row-6	6	right_hand	2	41.804	5.0	10451	11701	sub-2/ses-03/eeg/sub-2_ses-03_task-imagery_run-01_eeg.edf	1250	True		sub-02	V	s	s	0	sub-02/ses-03/eeg/sub-02_ses-03_task-MotorImageryRest_run-01_eeg.vhdr	dd35390b647db741422cbe325a6bd3925377bb0d0e2ccbd6ab283063599fe933	True	unresolved	unresolved
sub-2	03	01	sub-2/ses-03/run-01/tsv-row-7	7	rest	1	48.692	5.0	12173	13423	sub-2/ses-03/eeg/sub-2_ses-03_task-imagery_run-01_eeg.edf	1250	True		sub-02	V	s	s	0	sub-02/ses-03/eeg/sub-02_ses-03_task-MotorImageryRest_run-01_eeg.vhdr	dd35390b647db741422cbe325a6bd3925377bb0d0e2ccbd6ab283063599fe933	True	unresolved	unresolved
sub-2	03	01	sub-2/ses-03/run-01/tsv-row-8	8	right_hand	2	55.56	5.0	13890	15140	sub-2/ses-03/eeg/sub-2_ses-03_task-imagery_run-01_eeg.edf	1250	True		sub-02	V	s	s	0	sub-02/ses-03/eeg/sub-02_ses-03_task-MotorImageryRest_run-01_eeg.vhdr	dd35390b647db741422cbe325a6bd3925377bb0d0e2ccbd6ab283063599fe933	True	unresolved	unresolved
sub-2	03	01	sub-2/ses-03/run-01/tsv-row-9	9	rest	1	62.464	5.0	15616	16866	sub-2/ses-03/eeg/sub-2_ses-03_task-imagery_run-01_eeg.edf	1250	True		sub-02	V	s	s	0	sub-02/ses-03/eeg/sub-02_ses-03_task-MotorImageryRest_run-01_eeg.vhdr	dd35390b647db741422cbe325a6bd3925377bb0d0e2ccbd6ab283063599fe933	True	unresolved	unresolved
sub-2	03	01	sub-2/ses-03/run-01/tsv-row-10	10	right_hand	2	69.352	5.0	17338	18588	sub-2/ses-03/eeg/sub-2_ses-03_task-imagery_run-01_eeg.edf	1250	True		sub-02	V	s	s	0	sub-02/ses-03/eeg/sub-02_ses-03_task-MotorImageryRest_run-01_eeg.vhdr	dd35390b647db741422cbe325a6bd3925377bb0d0e2ccbd6ab283063599fe933	True	unresolved	unresolved
sub-2	03	01	sub-2/ses-03/run-01/tsv-row-11	11	right_hand	2	76.236	5.0	19059	20309	sub-2/ses-03/eeg/sub-2_ses-03_task-imagery_run-01_eeg.edf	1250	True		sub-02	V	s	s	0	sub-02/ses-03/eeg/sub-02_ses-03_task-MotorImageryRest_run-01_eeg.vhdr	dd35390b647db741422cbe325a6bd3925377bb0d0e2ccbd6ab283063599fe933	True	unresolved	unresolved
sub-2	03	01	sub-2/ses-03/run-01/tsv-row-12	12	rest	1	83.128	5.0	20782	22032	sub-2/ses-03/eeg/sub-2_ses-03_task-imagery_run-01_eeg.edf	1250	True		sub-02	V	s	s	0	sub-02/ses-03/eeg/sub-02_ses-03_task-MotorImageryRest_run-01_eeg.vhdr	dd35390b647db741422cbe325a6bd3925377bb0d0e2ccbd6ab283063599fe933	True	unresolved	unresolved
sub-2	03	01	sub-2/ses-03/run-01/tsv-row-13	13	rest	1	90.028	5.0	22507	23757	sub-2/ses-03/eeg/sub-2_ses-03_task-imagery_run-01_eeg.edf	1250	True		sub-02	V	s	s	0	sub-02/ses-03/eeg/sub-02_ses-03_task-MotorImageryRest_run-01_eeg.vhdr	dd35390b647db741422cbe325a6bd3925377bb0d0e2ccbd6ab283063599fe933	True	unresolved	unresolved
sub-2	03	01	sub-2/ses-03/run-01/tsv-row-14	14	right_hand	2	96.896	5.0	24224	25474	sub-2/ses-03/eeg/sub-2_ses-03_task-imagery_run-01_eeg.edf	1250	True		sub-02	V	s	s	0	sub-02/ses-03/eeg/sub-02_ses-03_task-MotorImageryRest_run-01_eeg.vhdr	dd35390b647db741422cbe325a6bd3925377bb0d0e2ccbd6ab283063599fe933	True	unresolved	unresolved
sub-2	03	01	sub-2/ses-03/run-01/tsv-row-15	15	right_hand	2	103.8	5.0	25950	27200	sub-2/ses-03/eeg/sub-2_ses-03_task-imagery_run-01_eeg.edf	1250	True		sub-02	V	s	s	0	sub-02/ses-03/eeg/sub-02_ses-03_task-MotorImageryRest_run-01_eeg.vhdr	dd35390b647db741422cbe325a6bd3925377bb0d0e2ccbd6ab283063599fe933	True	unresolved	unresolved
sub-2	03	01	sub-2/ses-03/run-01/tsv-row-16	16	rest	1	110.672	5.0	27668	28918	sub-2/ses-03/eeg/sub-2_ses-03_task-imagery_run-01_eeg.edf	1250	True		sub-02	V	s	s	0	sub-02/ses-03/eeg/sub-02_ses-03_task-MotorImageryRest_run-01_eeg.vhdr	dd35390b647db741422cbe325a6bd3925377bb0d0e2ccbd6ab283063599fe933	True	unresolved	unresolved
sub-2	03	01	sub-2/ses-03/run-01/tsv-row-17	17	rest	1	117.576	5.0	29394	30644	sub-2/ses-03/eeg/sub-2_ses-03_task-imagery_run-01_eeg.edf	1250	True		sub-02	V	s	s	0	sub-02/ses-03/eeg/sub-02_ses-03_task-MotorImageryRest_run-01_eeg.vhdr	dd35390b647db741422cbe325a6bd3925377bb0d0e2ccbd6ab283063599fe933	True	unresolved	unresolved
sub-2	03	01	sub-2/ses-03/run-01/tsv-row-18	18	right_hand	2	124.46	5.0	31115	32365	sub-2/ses-03/eeg/sub-2_ses-03_task-imagery_run-01_eeg.edf	1250	True		sub-02	V	s	s	0	sub-02/ses-03/eeg/sub-02_ses-03_task-MotorImageryRest_run-01_eeg.vhdr	dd35390b647db741422cbe325a6bd3925377bb0d0e2ccbd6ab283063599fe933	True	unresolved	unresolved
sub-2	03	01	sub-2/ses-03/run-01/tsv-row-19	19	rest	1	131.352	5.0	32838	34088	sub-2/ses-03/eeg/sub-2_ses-03_task-imagery_run-01_eeg.edf	1250	True		sub-02	V	s	s	0	sub-02/ses-03/eeg/sub-02_ses-03_task-MotorImageryRest_run-01_eeg.vhdr	dd35390b647db741422cbe325a6bd3925377bb0d0e2ccbd6ab283063599fe933	True	unresolved	unresolved
sub-2	03	01	sub-2/ses-03/run-01/tsv-row-20	20	right_hand	2	138.22	5.0	34555	35805	sub-2/ses-03/eeg/sub-2_ses-03_task-imagery_run-01_eeg.edf	1250	True		sub-02	V	s	s	0	sub-02/ses-03/eeg/sub-02_ses-03_task-MotorImageryRest_run-01_eeg.vhdr	dd35390b647db741422cbe325a6bd3925377bb0d0e2ccbd6ab283063599fe933	True	unresolved	unresolved
sub-2	03	01	sub-2/ses-03/run-01/tsv-row-21	21	right_hand	2	145.104	5.0	36276	37526	sub-2/ses-03/eeg/sub-2_ses-03_task-imagery_run-01_eeg.edf	1250	True		sub-02	V	s	s	0	sub-02/ses-03/eeg/sub-02_ses-03_task-MotorImageryRest_run-01_eeg.vhdr	dd35390b647db741422cbe325a6bd3925377bb0d0e2ccbd6ab283063599fe933	True	unresolved	unresolved
sub-2	03	01	sub-2/ses-03/run-01/tsv-row-22	22	rest	1	152.012	5.0	38003	39253	sub-2/ses-03/eeg/sub-2_ses-03_task-imagery_run-01_eeg.edf	1250	True		sub-02	V	s	s	0	sub-02/ses-03/eeg/sub-02_ses-03_task-MotorImageryRest_run-01_eeg.vhdr	dd35390b647db741422cbe325a6bd3925377bb0d0e2ccbd6ab283063599fe933	True	unresolved	unresolved
sub-2	03	01	sub-2/ses-03/run-01/tsv-row-23	23	rest	1	158.896	5.0	39724	40974	sub-2/ses-03/eeg/sub-2_ses-03_task-imagery_run-01_eeg.edf	1250	True		sub-02	V	s	s	0	sub-02/ses-03/eeg/sub-02_ses-03_task-MotorImageryRest_run-01_eeg.vhdr	dd35390b647db741422cbe325a6bd3925377bb0d0e2ccbd6ab283063599fe933	True	unresolved	unresolved
sub-2	03	01	sub-2/ses-03/run-01/tsv-row-24	24	right_hand	2	165.764	5.0	41441	42691	sub-2/ses-03/eeg/sub-2_ses-03_task-imagery_run-01_eeg.edf	1250	True		sub-02	V	s	s	0	sub-02/ses-03/eeg/sub-02_ses-03_task-MotorImageryRest_run-01_eeg.vhdr	dd35390b647db741422cbe325a6bd3925377bb0d0e2ccbd6ab283063599fe933	True	unresolved	unresolved
sub-2	03	01	sub-2/ses-03/run-01/tsv-row-25	25	right_hand	2	172.668	5.0	43167	44417	sub-2/ses-03/eeg/sub-2_ses-03_task-imagery_run-01_eeg.edf	1250	True		sub-02	V	s	s	0	sub-02/ses-03/eeg/sub-02_ses-03_task-MotorImageryRest_run-01_eeg.vhdr	dd35390b647db741422cbe325a6bd3925377bb0d0e2ccbd6ab283063599fe933	True	unresolved	unresolved
sub-2	03	01	sub-2/ses-03/run-01/tsv-row-26	26	rest	1	179.56	5.0	44890	46140	sub-2/ses-03/eeg/sub-2_ses-03_task-imagery_run-01_eeg.edf	1250	True		sub-02	V	s	s	0	sub-02/ses-03/eeg/sub-02_ses-03_task-MotorImageryRest_run-01_eeg.vhdr	dd35390b647db741422cbe325a6bd3925377bb0d0e2ccbd6ab283063599fe933	True	unresolved	unresolved
sub-2	03	01	sub-2/ses-03/run-01/tsv-row-27	27	rest	1	186.444	5.0	46611	47861	sub-2/ses-03/eeg/sub-2_ses-03_task-imagery_run-01_eeg.edf	1250	True		sub-02	V	s	s	0	sub-02/ses-03/eeg/sub-02_ses-03_task-MotorImageryRest_run-01_eeg.vhdr	dd35390b647db741422cbe325a6bd3925377bb0d0e2ccbd6ab283063599fe933	True	unresolved	unresolved
sub-2	03	01	sub-2/ses-03/run-01/tsv-row-28	28	right_hand	2	193.328	5.0	48332	49582	sub-2/ses-03/eeg/sub-2_ses-03_task-imagery_run-01_eeg.edf	1250	True		sub-02	V	s	s	0	sub-02/ses-03/eeg/sub-02_ses-03_task-MotorImageryRest_run-01_eeg.vhdr	dd35390b647db741422cbe325a6bd3925377bb0d0e2ccbd6ab283063599fe933	True	unresolved	unresolved
sub-2	03	01	sub-2/ses-03/run-01/tsv-row-29	29	right_hand	2	200.216	5.0	50054	51304	sub-2/ses-03/eeg/sub-2_ses-03_task-imagery_run-01_eeg.edf	1250	True		sub-02	V	s	s	0	sub-02/ses-03/eeg/sub-02_ses-03_task-MotorImageryRest_run-01_eeg.vhdr	dd35390b647db741422cbe325a6bd3925377bb0d0e2ccbd6ab283063599fe933	True	unresolved	unresolved
sub-2	03	01	sub-2/ses-03/run-01/tsv-row-30	30	rest	1	207.104	5.0	51776	53026	sub-2/ses-03/eeg/sub-2_ses-03_task-imagery_run-01_eeg.edf	1250	True		sub-02	V	s	s	0	sub-02/ses-03/eeg/sub-02_ses-03_task-MotorImageryRest_run-01_eeg.vhdr	dd35390b647db741422cbe325a6bd3925377bb0d0e2ccbd6ab283063599fe933	True	unresolved	unresolved
sub-2	03	01	sub-2/ses-03/run-01/tsv-row-31	31	rest	1	214.008	5.0	53502	54752	sub-2/ses-03/eeg/sub-2_ses-03_task-imagery_run-01_eeg.edf	1250	True		sub-02	V	s	s	0	sub-02/ses-03/eeg/sub-02_ses-03_task-MotorImageryRest_run-01_eeg.vhdr	dd35390b647db741422cbe325a6bd3925377bb0d0e2ccbd6ab283063599fe933	True	unresolved	unresolved
sub-2	03	01	sub-2/ses-03/run-01/tsv-row-32	32	right_hand	2	220.876	5.0	55219	56469	sub-2/ses-03/eeg/sub-2_ses-03_task-imagery_run-01_eeg.edf	1250	True		sub-02	V	s	s	0	sub-02/ses-03/eeg/sub-02_ses-03_task-MotorImageryRest_run-01_eeg.vhdr	dd35390b647db741422cbe325a6bd3925377bb0d0e2ccbd6ab283063599fe933	True	unresolved	unresolved
sub-2	03	02	sub-2/ses-03/run-02/tsv-row-1	1	rest	1	6.016	5.0	1504	2754	sub-2/ses-03/eeg/sub-2_ses-03_task-imagery_run-02_eeg.edf	1250	True		sub-02	V	s	s	0	sub-02/ses-03/eeg/sub-02_ses-03_task-MotorImageryRest_run-02_eeg.vhdr	d8a1068c704889517d1d919138a75721e1e5f841e441b53297881871078cc60a	True	unresolved	unresolved
sub-2	03	02	sub-2/ses-03/run-02/tsv-row-2	2	right_hand	2	12.888	5.0	3222	4472	sub-2/ses-03/eeg/sub-2_ses-03_task-imagery_run-02_eeg.edf	1250	True		sub-02	V	s	s	0	sub-02/ses-03/eeg/sub-02_ses-03_task-MotorImageryRest_run-02_eeg.vhdr	d8a1068c704889517d1d919138a75721e1e5f841e441b53297881871078cc60a	True	unresolved	unresolved
sub-2	03	02	sub-2/ses-03/run-02/tsv-row-3	3	rest	1	19.792	5.0	4948	6198	sub-2/ses-03/eeg/sub-2_ses-03_task-imagery_run-02_eeg.edf	1250	True		sub-02	V	s	s	0	sub-02/ses-03/eeg/sub-02_ses-03_task-MotorImageryRest_run-02_eeg.vhdr	d8a1068c704889517d1d919138a75721e1e5f841e441b53297881871078cc60a	True	unresolved	unresolved
sub-2	03	02	sub-2/ses-03/run-02/tsv-row-4	4	right_hand	2	26.676	5.0	6669	7919	sub-2/ses-03/eeg/sub-2_ses-03_task-imagery_run-02_eeg.edf	1250	True		sub-02	V	s	s	0	sub-02/ses-03/eeg/sub-02_ses-03_task-MotorImageryRest_run-02_eeg.vhdr	d8a1068c704889517d1d919138a75721e1e5f841e441b53297881871078cc60a	True	unresolved	unresolved
sub-2	03	02	sub-2/ses-03/run-02/tsv-row-5	5	right_hand	2	33.58	5.0	8395	9645	sub-2/ses-03/eeg/sub-2_ses-03_task-imagery_run-02_eeg.edf	1250	True		sub-02	V	s	s	0	sub-02/ses-03/eeg/sub-02_ses-03_task-MotorImageryRest_run-02_eeg.vhdr	d8a1068c704889517d1d919138a75721e1e5f841e441b53297881871078cc60a	True	unresolved	unresolved
sub-2	03	02	sub-2/ses-03/run-02/tsv-row-6	6	rest	1	40.452	5.0	10113	11363	sub-2/ses-03/eeg/sub-2_ses-03_task-imagery_run-02_eeg.edf	1250	True		sub-02	V	s	s	0	sub-02/ses-03/eeg/sub-02_ses-03_task-MotorImageryRest_run-02_eeg.vhdr	d8a1068c704889517d1d919138a75721e1e5f841e441b53297881871078cc60a	True	unresolved	unresolved
sub-2	03	02	sub-2/ses-03/run-02/tsv-row-7	7	rest	1	47.356	5.0	11839	13089	sub-2/ses-03/eeg/sub-2_ses-03_task-imagery_run-02_eeg.edf	1250	True		sub-02	V	s	s	0	sub-02/ses-03/eeg/sub-02_ses-03_task-MotorImageryRest_run-02_eeg.vhdr	d8a1068c704889517d1d919138a75721e1e5f841e441b53297881871078cc60a	True	unresolved	unresolved
sub-2	03	02	sub-2/ses-03/run-02/tsv-row-8	8	right_hand	2	54.224	5.0	13556	14806	sub-2/ses-03/eeg/sub-2_ses-03_task-imagery_run-02_eeg.edf	1250	True		sub-02	V	s	s	0	sub-02/ses-03/eeg/sub-02_ses-03_task-MotorImageryRest_run-02_eeg.vhdr	d8a1068c704889517d1d919138a75721e1e5f841e441b53297881871078cc60a	True	unresolved	unresolved
sub-2	03	02	sub-2/ses-03/run-02/tsv-row-9	9	right_hand	2	61.128	5.0	15282	16532	sub-2/ses-03/eeg/sub-2_ses-03_task-imagery_run-02_eeg.edf	1250	True		sub-02	V	s	s	0	sub-02/ses-03/eeg/sub-02_ses-03_task-MotorImageryRest_run-02_eeg.vhdr	d8a1068c704889517d1d919138a75721e1e5f841e441b53297881871078cc60a	True	unresolved	unresolved
sub-2	03	02	sub-2/ses-03/run-02/tsv-row-10	10	rest	1	68.0	5.0	17000	18250	sub-2/ses-03/eeg/sub-2_ses-03_task-imagery_run-02_eeg.edf	1250	True		sub-02	V	s	s	0	sub-02/ses-03/eeg/sub-02_ses-03_task-MotorImageryRest_run-02_eeg.vhdr	d8a1068c704889517d1d919138a75721e1e5f841e441b53297881871078cc60a	True	unresolved	unresolved
sub-2	03	02	sub-2/ses-03/run-02/tsv-row-11	11	right_hand	2	74.884	5.0	18721	19971	sub-2/ses-03/eeg/sub-2_ses-03_task-imagery_run-02_eeg.edf	1250	True		sub-02	V	s	s	0	sub-02/ses-03/eeg/sub-02_ses-03_task-MotorImageryRest_run-02_eeg.vhdr	d8a1068c704889517d1d919138a75721e1e5f841e441b53297881871078cc60a	True	unresolved	unresolved
sub-2	03	02	sub-2/ses-03/run-02/tsv-row-12	12	rest	1	81.792	5.0	20448	21698	sub-2/ses-03/eeg/sub-2_ses-03_task-imagery_run-02_eeg.edf	1250	True		sub-02	V	s	s	0	sub-02/ses-03/eeg/sub-02_ses-03_task-MotorImageryRest_run-02_eeg.vhdr	d8a1068c704889517d1d919138a75721e1e5f841e441b53297881871078cc60a	True	unresolved	unresolved
sub-2	03	02	sub-2/ses-03/run-02/tsv-row-13	13	rest	1	88.676	5.0	22169	23419	sub-2/ses-03/eeg/sub-2_ses-03_task-imagery_run-02_eeg.edf	1250	True		sub-02	V	s	s	0	sub-02/ses-03/eeg/sub-02_ses-03_task-MotorImageryRest_run-02_eeg.vhdr	d8a1068c704889517d1d919138a75721e1e5f841e441b53297881871078cc60a	True	unresolved	unresolved
sub-2	03	02	sub-2/ses-03/run-02/tsv-row-14	14	right_hand	2	95.544	5.0	23886	25136	sub-2/ses-03/eeg/sub-2_ses-03_task-imagery_run-02_eeg.edf	1250	True		sub-02	V	s	s	0	sub-02/ses-03/eeg/sub-02_ses-03_task-MotorImageryRest_run-02_eeg.vhdr	d8a1068c704889517d1d919138a75721e1e5f841e441b53297881871078cc60a	True	unresolved	unresolved
sub-2	03	02	sub-2/ses-03/run-02/tsv-row-15	15	right_hand	2	102.448	5.0	25612	26862	sub-2/ses-03/eeg/sub-2_ses-03_task-imagery_run-02_eeg.edf	1250	True		sub-02	V	s	s	0	sub-02/ses-03/eeg/sub-02_ses-03_task-MotorImageryRest_run-02_eeg.vhdr	d8a1068c704889517d1d919138a75721e1e5f841e441b53297881871078cc60a	True	unresolved	unresolved
sub-2	03	02	sub-2/ses-03/run-02/tsv-row-16	16	rest	1	109.336	5.0	27334	28584	sub-2/ses-03/eeg/sub-2_ses-03_task-imagery_run-02_eeg.edf	1250	True		sub-02	V	s	s	0	sub-02/ses-03/eeg/sub-02_ses-03_task-MotorImageryRest_run-02_eeg.vhdr	d8a1068c704889517d1d919138a75721e1e5f841e441b53297881871078cc60a	True	unresolved	unresolved
sub-2	03	02	sub-2/ses-03/run-02/tsv-row-17	17	right_hand	2	116.224	5.0	29056	30306	sub-2/ses-03/eeg/sub-2_ses-03_task-imagery_run-02_eeg.edf	1250	True		sub-02	V	s	s	0	sub-02/ses-03/eeg/sub-02_ses-03_task-MotorImageryRest_run-02_eeg.vhdr	d8a1068c704889517d1d919138a75721e1e5f841e441b53297881871078cc60a	True	unresolved	unresolved
sub-2	03	02	sub-2/ses-03/run-02/tsv-row-18	18	rest	1	123.112	5.0	30778	32028	sub-2/ses-03/eeg/sub-2_ses-03_task-imagery_run-02_eeg.edf	1250	True		sub-02	V	s	s	0	sub-02/ses-03/eeg/sub-02_ses-03_task-MotorImageryRest_run-02_eeg.vhdr	d8a1068c704889517d1d919138a75721e1e5f841e441b53297881871078cc60a	True	unresolved	unresolved
sub-2	03	02	sub-2/ses-03/run-02/tsv-row-19	19	right_hand	2	129.996	5.0	32499	33749	sub-2/ses-03/eeg/sub-2_ses-03_task-imagery_run-02_eeg.edf	1250	True		sub-02	V	s	s	0	sub-02/ses-03/eeg/sub-02_ses-03_task-MotorImageryRest_run-02_eeg.vhdr	d8a1068c704889517d1d919138a75721e1e5f841e441b53297881871078cc60a	True	unresolved	unresolved
sub-2	03	02	sub-2/ses-03/run-02/tsv-row-20	20	rest	1	136.884	5.0	34221	35471	sub-2/ses-03/eeg/sub-2_ses-03_task-imagery_run-02_eeg.edf	1250	True		sub-02	V	s	s	0	sub-02/ses-03/eeg/sub-02_ses-03_task-MotorImageryRest_run-02_eeg.vhdr	d8a1068c704889517d1d919138a75721e1e5f841e441b53297881871078cc60a	True	unresolved	unresolved
sub-2	03	02	sub-2/ses-03/run-02/tsv-row-21	21	right_hand	2	143.788	5.0	35947	37197	sub-2/ses-03/eeg/sub-2_ses-03_task-imagery_run-02_eeg.edf	1250	True		sub-02	V	s	s	0	sub-02/ses-03/eeg/sub-02_ses-03_task-MotorImageryRest_run-02_eeg.vhdr	d8a1068c704889517d1d919138a75721e1e5f841e441b53297881871078cc60a	True	unresolved	unresolved
sub-2	03	02	sub-2/ses-03/run-02/tsv-row-22	22	rest	1	150.66	5.0	37665	38915	sub-2/ses-03/eeg/sub-2_ses-03_task-imagery_run-02_eeg.edf	1250	True		sub-02	V	s	s	0	sub-02/ses-03/eeg/sub-02_ses-03_task-MotorImageryRest_run-02_eeg.vhdr	d8a1068c704889517d1d919138a75721e1e5f841e441b53297881871078cc60a	True	unresolved	unresolved
sub-2	03	02	sub-2/ses-03/run-02/tsv-row-23	23	rest	1	157.544	5.0	39386	40636	sub-2/ses-03/eeg/sub-2_ses-03_task-imagery_run-02_eeg.edf	1250	True		sub-02	V	s	s	0	sub-02/ses-03/eeg/sub-02_ses-03_task-MotorImageryRest_run-02_eeg.vhdr	d8a1068c704889517d1d919138a75721e1e5f841e441b53297881871078cc60a	True	unresolved	unresolved
sub-2	03	02	sub-2/ses-03/run-02/tsv-row-24	24	right_hand	2	164.448	5.0	41112	42362	sub-2/ses-03/eeg/sub-2_ses-03_task-imagery_run-02_eeg.edf	1250	True		sub-02	V	s	s	0	sub-02/ses-03/eeg/sub-02_ses-03_task-MotorImageryRest_run-02_eeg.vhdr	d8a1068c704889517d1d919138a75721e1e5f841e441b53297881871078cc60a	True	unresolved	unresolved
sub-2	03	02	sub-2/ses-03/run-02/tsv-row-25	25	rest	1	171.336	5.0	42834	44084	sub-2/ses-03/eeg/sub-2_ses-03_task-imagery_run-02_eeg.edf	1250	True		sub-02	V	s	s	0	sub-02/ses-03/eeg/sub-02_ses-03_task-MotorImageryRest_run-02_eeg.vhdr	d8a1068c704889517d1d919138a75721e1e5f841e441b53297881871078cc60a	True	unresolved	unresolved
sub-2	03	02	sub-2/ses-03/run-02/tsv-row-26	26	right_hand	2	178.204	5.0	44551	45801	sub-2/ses-03/eeg/sub-2_ses-03_task-imagery_run-02_eeg.edf	1250	True		sub-02	V	s	s	0	sub-02/ses-03/eeg/sub-02_ses-03_task-MotorImageryRest_run-02_eeg.vhdr	d8a1068c704889517d1d919138a75721e1e5f841e441b53297881871078cc60a	True	unresolved	unresolved
sub-2	03	02	sub-2/ses-03/run-02/tsv-row-27	27	rest	1	185.092	5.0	46273	47523	sub-2/ses-03/eeg/sub-2_ses-03_task-imagery_run-02_eeg.edf	1250	True		sub-02	V	s	s	0	sub-02/ses-03/eeg/sub-02_ses-03_task-MotorImageryRest_run-02_eeg.vhdr	d8a1068c704889517d1d919138a75721e1e5f841e441b53297881871078cc60a	True	unresolved	unresolved
sub-2	03	02	sub-2/ses-03/run-02/tsv-row-28	28	right_hand	2	191.996	5.0	47999	49249	sub-2/ses-03/eeg/sub-2_ses-03_task-imagery_run-02_eeg.edf	1250	True		sub-02	V	s	s	0	sub-02/ses-03/eeg/sub-02_ses-03_task-MotorImageryRest_run-02_eeg.vhdr	d8a1068c704889517d1d919138a75721e1e5f841e441b53297881871078cc60a	True	unresolved	unresolved
sub-2	03	02	sub-2/ses-03/run-02/tsv-row-29	29	rest	1	198.884	5.0	49721	50971	sub-2/ses-03/eeg/sub-2_ses-03_task-imagery_run-02_eeg.edf	1250	True		sub-02	V	s	s	0	sub-02/ses-03/eeg/sub-02_ses-03_task-MotorImageryRest_run-02_eeg.vhdr	d8a1068c704889517d1d919138a75721e1e5f841e441b53297881871078cc60a	True	unresolved	unresolved
sub-2	03	02	sub-2/ses-03/run-02/tsv-row-30	30	right_hand	2	205.752	5.0	51438	52688	sub-2/ses-03/eeg/sub-2_ses-03_task-imagery_run-02_eeg.edf	1250	True		sub-02	V	s	s	0	sub-02/ses-03/eeg/sub-02_ses-03_task-MotorImageryRest_run-02_eeg.vhdr	d8a1068c704889517d1d919138a75721e1e5f841e441b53297881871078cc60a	True	unresolved	unresolved
sub-2	03	02	sub-2/ses-03/run-02/tsv-row-31	31	right_hand	2	212.656	5.0	53164	54414	sub-2/ses-03/eeg/sub-2_ses-03_task-imagery_run-02_eeg.edf	1250	True		sub-02	V	s	s	0	sub-02/ses-03/eeg/sub-02_ses-03_task-MotorImageryRest_run-02_eeg.vhdr	d8a1068c704889517d1d919138a75721e1e5f841e441b53297881871078cc60a	True	unresolved	unresolved
sub-2	03	02	sub-2/ses-03/run-02/tsv-row-32	32	rest	1	219.544	5.0	54886	56136	sub-2/ses-03/eeg/sub-2_ses-03_task-imagery_run-02_eeg.edf	1250	True		sub-02	V	s	s	0	sub-02/ses-03/eeg/sub-02_ses-03_task-MotorImageryRest_run-02_eeg.vhdr	d8a1068c704889517d1d919138a75721e1e5f841e441b53297881871078cc60a	True	unresolved	unresolved
sub-2	03	03	sub-2/ses-03/run-03/tsv-row-1	1	rest	1	4.856	5.0	1214	2464	sub-2/ses-03/eeg/sub-2_ses-03_task-imagery_run-03_eeg.edf	1250	True		sub-02	V	s	s	0	sub-02/ses-03/eeg/sub-02_ses-03_task-MotorImageryRest_run-03_eeg.vhdr	6ad0514e46d3f33e76a993692ac19d505dd60702fd85a2d75a4b666133d763a9	True	unresolved	unresolved
sub-2	03	03	sub-2/ses-03/run-03/tsv-row-2	2	right_hand	2	11.744	5.0	2936	4186	sub-2/ses-03/eeg/sub-2_ses-03_task-imagery_run-03_eeg.edf	1250	True		sub-02	V	s	s	0	sub-02/ses-03/eeg/sub-02_ses-03_task-MotorImageryRest_run-03_eeg.vhdr	6ad0514e46d3f33e76a993692ac19d505dd60702fd85a2d75a4b666133d763a9	True	unresolved	unresolved
sub-2	03	03	sub-2/ses-03/run-03/tsv-row-3	3	right_hand	2	18.648	5.0	4662	5912	sub-2/ses-03/eeg/sub-2_ses-03_task-imagery_run-03_eeg.edf	1250	True		sub-02	V	s	s	0	sub-02/ses-03/eeg/sub-02_ses-03_task-MotorImageryRest_run-03_eeg.vhdr	6ad0514e46d3f33e76a993692ac19d505dd60702fd85a2d75a4b666133d763a9	True	unresolved	unresolved
sub-2	03	03	sub-2/ses-03/run-03/tsv-row-4	4	rest	1	25.536	5.0	6384	7634	sub-2/ses-03/eeg/sub-2_ses-03_task-imagery_run-03_eeg.edf	1250	True		sub-02	V	s	s	0	sub-02/ses-03/eeg/sub-02_ses-03_task-MotorImageryRest_run-03_eeg.vhdr	6ad0514e46d3f33e76a993692ac19d505dd60702fd85a2d75a4b666133d763a9	True	unresolved	unresolved
sub-2	03	03	sub-2/ses-03/run-03/tsv-row-5	5	right_hand	2	32.404	5.0	8101	9351	sub-2/ses-03/eeg/sub-2_ses-03_task-imagery_run-03_eeg.edf	1250	True		sub-02	V	s	s	0	sub-02/ses-03/eeg/sub-02_ses-03_task-MotorImageryRest_run-03_eeg.vhdr	6ad0514e46d3f33e76a993692ac19d505dd60702fd85a2d75a4b666133d763a9	True	unresolved	unresolved
sub-2	03	03	sub-2/ses-03/run-03/tsv-row-6	6	rest	1	39.312	5.0	9828	11078	sub-2/ses-03/eeg/sub-2_ses-03_task-imagery_run-03_eeg.edf	1250	True		sub-02	V	s	s	0	sub-02/ses-03/eeg/sub-02_ses-03_task-MotorImageryRest_run-03_eeg.vhdr	6ad0514e46d3f33e76a993692ac19d505dd60702fd85a2d75a4b666133d763a9	True	unresolved	unresolved
sub-2	03	03	sub-2/ses-03/run-03/tsv-row-7	7	right_hand	2	46.196	5.0	11549	12799	sub-2/ses-03/eeg/sub-2_ses-03_task-imagery_run-03_eeg.edf	1250	True		sub-02	V	s	s	0	sub-02/ses-03/eeg/sub-02_ses-03_task-MotorImageryRest_run-03_eeg.vhdr	6ad0514e46d3f33e76a993692ac19d505dd60702fd85a2d75a4b666133d763a9	True	unresolved	unresolved
sub-2	03	03	sub-2/ses-03/run-03/tsv-row-8	8	rest	1	53.084	5.0	13271	14521	sub-2/ses-03/eeg/sub-2_ses-03_task-imagery_run-03_eeg.edf	1250	True		sub-02	V	s	s	0	sub-02/ses-03/eeg/sub-02_ses-03_task-MotorImageryRest_run-03_eeg.vhdr	6ad0514e46d3f33e76a993692ac19d505dd60702fd85a2d75a4b666133d763a9	True	unresolved	unresolved
sub-2	03	03	sub-2/ses-03/run-03/tsv-row-9	9	right_hand	2	59.968	5.0	14992	16242	sub-2/ses-03/eeg/sub-2_ses-03_task-imagery_run-03_eeg.edf	1250	True		sub-02	V	s	s	0	sub-02/ses-03/eeg/sub-02_ses-03_task-MotorImageryRest_run-03_eeg.vhdr	6ad0514e46d3f33e76a993692ac19d505dd60702fd85a2d75a4b666133d763a9	True	unresolved	unresolved
sub-2	03	03	sub-2/ses-03/run-03/tsv-row-10	10	rest	1	66.856	5.0	16714	17964	sub-2/ses-03/eeg/sub-2_ses-03_task-imagery_run-03_eeg.edf	1250	True		sub-02	V	s	s	0	sub-02/ses-03/eeg/sub-02_ses-03_task-MotorImageryRest_run-03_eeg.vhdr	6ad0514e46d3f33e76a993692ac19d505dd60702fd85a2d75a4b666133d763a9	True	unresolved	unresolved
sub-2	03	03	sub-2/ses-03/run-03/tsv-row-11	11	rest	1	73.76	5.0	18440	19690	sub-2/ses-03/eeg/sub-2_ses-03_task-imagery_run-03_eeg.edf	1250	True		sub-02	V	s	s	0	sub-02/ses-03/eeg/sub-02_ses-03_task-MotorImageryRest_run-03_eeg.vhdr	6ad0514e46d3f33e76a993692ac19d505dd60702fd85a2d75a4b666133d763a9	True	unresolved	unresolved
sub-2	03	03	sub-2/ses-03/run-03/tsv-row-12	12	right_hand	2	80.648	5.0	20162	21412	sub-2/ses-03/eeg/sub-2_ses-03_task-imagery_run-03_eeg.edf	1250	True		sub-02	V	s	s	0	sub-02/ses-03/eeg/sub-02_ses-03_task-MotorImageryRest_run-03_eeg.vhdr	6ad0514e46d3f33e76a993692ac19d505dd60702fd85a2d75a4b666133d763a9	True	unresolved	unresolved
sub-2	03	03	sub-2/ses-03/run-03/tsv-row-13	13	rest	1	87.52	5.0	21880	23130	sub-2/ses-03/eeg/sub-2_ses-03_task-imagery_run-03_eeg.edf	1250	True		sub-02	V	s	s	0	sub-02/ses-03/eeg/sub-02_ses-03_task-MotorImageryRest_run-03_eeg.vhdr	6ad0514e46d3f33e76a993692ac19d505dd60702fd85a2d75a4b666133d763a9	True	unresolved	unresolved
sub-2	03	03	sub-2/ses-03/run-03/tsv-row-14	14	right_hand	2	94.404	5.0	23601	24851	sub-2/ses-03/eeg/sub-2_ses-03_task-imagery_run-03_eeg.edf	1250	True		sub-02	V	s	s	0	sub-02/ses-03/eeg/sub-02_ses-03_task-MotorImageryRest_run-03_eeg.vhdr	6ad0514e46d3f33e76a993692ac19d505dd60702fd85a2d75a4b666133d763a9	True	unresolved	unresolved
sub-2	03	03	sub-2/ses-03/run-03/tsv-row-15	15	right_hand	2	101.308	5.0	25327	26577	sub-2/ses-03/eeg/sub-2_ses-03_task-imagery_run-03_eeg.edf	1250	True		sub-02	V	s	s	0	sub-02/ses-03/eeg/sub-02_ses-03_task-MotorImageryRest_run-03_eeg.vhdr	6ad0514e46d3f33e76a993692ac19d505dd60702fd85a2d75a4b666133d763a9	True	unresolved	unresolved
sub-2	03	03	sub-2/ses-03/run-03/tsv-row-16	16	rest	1	108.196	5.0	27049	28299	sub-2/ses-03/eeg/sub-2_ses-03_task-imagery_run-03_eeg.edf	1250	True		sub-02	V	s	s	0	sub-02/ses-03/eeg/sub-02_ses-03_task-MotorImageryRest_run-03_eeg.vhdr	6ad0514e46d3f33e76a993692ac19d505dd60702fd85a2d75a4b666133d763a9	True	unresolved	unresolved
sub-2	03	03	sub-2/ses-03/run-03/tsv-row-17	17	right_hand	2	115.064	5.0	28766	30016	sub-2/ses-03/eeg/sub-2_ses-03_task-imagery_run-03_eeg.edf	1250	True		sub-02	V	s	s	0	sub-02/ses-03/eeg/sub-02_ses-03_task-MotorImageryRest_run-03_eeg.vhdr	6ad0514e46d3f33e76a993692ac19d505dd60702fd85a2d75a4b666133d763a9	True	unresolved	unresolved
sub-2	03	03	sub-2/ses-03/run-03/tsv-row-18	18	rest	1	121.952	5.0	30488	31738	sub-2/ses-03/eeg/sub-2_ses-03_task-imagery_run-03_eeg.edf	1250	True		sub-02	V	s	s	0	sub-02/ses-03/eeg/sub-02_ses-03_task-MotorImageryRest_run-03_eeg.vhdr	6ad0514e46d3f33e76a993692ac19d505dd60702fd85a2d75a4b666133d763a9	True	unresolved	unresolved
sub-2	03	03	sub-2/ses-03/run-03/tsv-row-19	19	right_hand	2	128.852	5.0	32213	33463	sub-2/ses-03/eeg/sub-2_ses-03_task-imagery_run-03_eeg.edf	1250	True		sub-02	V	s	s	0	sub-02/ses-03/eeg/sub-02_ses-03_task-MotorImageryRest_run-03_eeg.vhdr	6ad0514e46d3f33e76a993692ac19d505dd60702fd85a2d75a4b666133d763a9	True	unresolved	unresolved
sub-2	03	03	sub-2/ses-03/run-03/tsv-row-20	20	rest	1	135.744	5.0	33936	35186	sub-2/ses-03/eeg/sub-2_ses-03_task-imagery_run-03_eeg.edf	1250	True		sub-02	V	s	s	0	sub-02/ses-03/eeg/sub-02_ses-03_task-MotorImageryRest_run-03_eeg.vhdr	6ad0514e46d3f33e76a993692ac19d505dd60702fd85a2d75a4b666133d763a9	True	unresolved	unresolved
sub-2	03	03	sub-2/ses-03/run-03/tsv-row-21	21	rest	1	142.612	5.0	35653	36903	sub-2/ses-03/eeg/sub-2_ses-03_task-imagery_run-03_eeg.edf	1250	True		sub-02	V	s	s	0	sub-02/ses-03/eeg/sub-02_ses-03_task-MotorImageryRest_run-03_eeg.vhdr	6ad0514e46d3f33e76a993692ac19d505dd60702fd85a2d75a4b666133d763a9	True	unresolved	unresolved
sub-2	03	03	sub-2/ses-03/run-03/tsv-row-22	22	right_hand	2	149.516	5.0	37379	38629	sub-2/ses-03/eeg/sub-2_ses-03_task-imagery_run-03_eeg.edf	1250	True		sub-02	V	s	s	0	sub-02/ses-03/eeg/sub-02_ses-03_task-MotorImageryRest_run-03_eeg.vhdr	6ad0514e46d3f33e76a993692ac19d505dd60702fd85a2d75a4b666133d763a9	True	unresolved	unresolved
sub-2	03	03	sub-2/ses-03/run-03/tsv-row-23	23	rest	1	156.404	5.0	39101	40351	sub-2/ses-03/eeg/sub-2_ses-03_task-imagery_run-03_eeg.edf	1250	True		sub-02	V	s	s	0	sub-02/ses-03/eeg/sub-02_ses-03_task-MotorImageryRest_run-03_eeg.vhdr	6ad0514e46d3f33e76a993692ac19d505dd60702fd85a2d75a4b666133d763a9	True	unresolved	unresolved
sub-2	03	03	sub-2/ses-03/run-03/tsv-row-24	24	right_hand	2	163.288	5.0	40822	42072	sub-2/ses-03/eeg/sub-2_ses-03_task-imagery_run-03_eeg.edf	1250	True		sub-02	V	s	s	0	sub-02/ses-03/eeg/sub-02_ses-03_task-MotorImageryRest_run-03_eeg.vhdr	6ad0514e46d3f33e76a993692ac19d505dd60702fd85a2d75a4b666133d763a9	True	unresolved	unresolved
sub-2	03	03	sub-2/ses-03/run-03/tsv-row-25	25	rest	1	170.176	5.0	42544	43794	sub-2/ses-03/eeg/sub-2_ses-03_task-imagery_run-03_eeg.edf	1250	True		sub-02	V	s	s	0	sub-02/ses-03/eeg/sub-02_ses-03_task-MotorImageryRest_run-03_eeg.vhdr	6ad0514e46d3f33e76a993692ac19d505dd60702fd85a2d75a4b666133d763a9	True	unresolved	unresolved
sub-2	03	03	sub-2/ses-03/run-03/tsv-row-26	26	right_hand	2	177.06	5.0	44265	45515	sub-2/ses-03/eeg/sub-2_ses-03_task-imagery_run-03_eeg.edf	1250	True		sub-02	V	s	s	0	sub-02/ses-03/eeg/sub-02_ses-03_task-MotorImageryRest_run-03_eeg.vhdr	6ad0514e46d3f33e76a993692ac19d505dd60702fd85a2d75a4b666133d763a9	True	unresolved	unresolved
sub-2	03	03	sub-2/ses-03/run-03/tsv-row-27	27	rest	1	183.952	5.0	45988	47238	sub-2/ses-03/eeg/sub-2_ses-03_task-imagery_run-03_eeg.edf	1250	True		sub-02	V	s	s	0	sub-02/ses-03/eeg/sub-02_ses-03_task-MotorImageryRest_run-03_eeg.vhdr	6ad0514e46d3f33e76a993692ac19d505dd60702fd85a2d75a4b666133d763a9	True	unresolved	unresolved
sub-2	03	03	sub-2/ses-03/run-03/tsv-row-28	28	right_hand	2	190.852	5.0	47713	48963	sub-2/ses-03/eeg/sub-2_ses-03_task-imagery_run-03_eeg.edf	1250	True		sub-02	V	s	s	0	sub-02/ses-03/eeg/sub-02_ses-03_task-MotorImageryRest_run-03_eeg.vhdr	6ad0514e46d3f33e76a993692ac19d505dd60702fd85a2d75a4b666133d763a9	True	unresolved	unresolved
sub-2	03	03	sub-2/ses-03/run-03/tsv-row-29	29	right_hand	2	197.72	5.0	49430	50680	sub-2/ses-03/eeg/sub-2_ses-03_task-imagery_run-03_eeg.edf	1250	True		sub-02	V	s	s	0	sub-02/ses-03/eeg/sub-02_ses-03_task-MotorImageryRest_run-03_eeg.vhdr	6ad0514e46d3f33e76a993692ac19d505dd60702fd85a2d75a4b666133d763a9	True	unresolved	unresolved
sub-2	03	03	sub-2/ses-03/run-03/tsv-row-30	30	rest	1	204.612	5.0	51153	52403	sub-2/ses-03/eeg/sub-2_ses-03_task-imagery_run-03_eeg.edf	1250	True		sub-02	V	s	s	0	sub-02/ses-03/eeg/sub-02_ses-03_task-MotorImageryRest_run-03_eeg.vhdr	6ad0514e46d3f33e76a993692ac19d505dd60702fd85a2d75a4b666133d763a9	True	unresolved	unresolved
sub-2	03	03	sub-2/ses-03/run-03/tsv-row-31	31	right_hand	2	211.512	5.0	52878	54128	sub-2/ses-03/eeg/sub-2_ses-03_task-imagery_run-03_eeg.edf	1250	True		sub-02	V	s	s	0	sub-02/ses-03/eeg/sub-02_ses-03_task-MotorImageryRest_run-03_eeg.vhdr	6ad0514e46d3f33e76a993692ac19d505dd60702fd85a2d75a4b666133d763a9	True	unresolved	unresolved
sub-2	03	03	sub-2/ses-03/run-03/tsv-row-32	32	rest	1	218.4	5.0	54600	55850	sub-2/ses-03/eeg/sub-2_ses-03_task-imagery_run-03_eeg.edf	1250	True		sub-02	V	s	s	0	sub-02/ses-03/eeg/sub-02_ses-03_task-MotorImageryRest_run-03_eeg.vhdr	6ad0514e46d3f33e76a993692ac19d505dd60702fd85a2d75a4b666133d763a9	True	unresolved	unresolved
sub-2	03	04	sub-2/ses-03/run-04/tsv-row-1	1	rest	1	12.476	5.0	3119	4369	sub-2/ses-03/eeg/sub-2_ses-03_task-imagery_run-04_eeg.edf	1250	True		sub-02	V	s	s	0	sub-02/ses-03/eeg/sub-02_ses-03_task-MotorImageryRest_run-04_eeg.vhdr	4f356aaef78c90ca11cfa1a2dc0aa03c6cb3a94f4be52cc7b72e3d4bc3d9498b	True	unresolved	unresolved
sub-2	03	04	sub-2/ses-03/run-04/tsv-row-2	2	right_hand	2	19.368	5.0	4842	6092	sub-2/ses-03/eeg/sub-2_ses-03_task-imagery_run-04_eeg.edf	1250	True		sub-02	V	s	s	0	sub-02/ses-03/eeg/sub-02_ses-03_task-MotorImageryRest_run-04_eeg.vhdr	4f356aaef78c90ca11cfa1a2dc0aa03c6cb3a94f4be52cc7b72e3d4bc3d9498b	True	unresolved	unresolved
sub-2	03	04	sub-2/ses-03/run-04/tsv-row-3	3	rest	1	26.256	5.0	6564	7814	sub-2/ses-03/eeg/sub-2_ses-03_task-imagery_run-04_eeg.edf	1250	True		sub-02	V	s	s	0	sub-02/ses-03/eeg/sub-02_ses-03_task-MotorImageryRest_run-04_eeg.vhdr	4f356aaef78c90ca11cfa1a2dc0aa03c6cb3a94f4be52cc7b72e3d4bc3d9498b	True	unresolved	unresolved
sub-2	03	04	sub-2/ses-03/run-04/tsv-row-4	4	right_hand	2	33.156	5.0	8289	9539	sub-2/ses-03/eeg/sub-2_ses-03_task-imagery_run-04_eeg.edf	1250	True		sub-02	V	s	s	0	sub-02/ses-03/eeg/sub-02_ses-03_task-MotorImageryRest_run-04_eeg.vhdr	4f356aaef78c90ca11cfa1a2dc0aa03c6cb3a94f4be52cc7b72e3d4bc3d9498b	True	unresolved	unresolved
sub-2	03	04	sub-2/ses-03/run-04/tsv-row-5	5	right_hand	2	40.044	5.0	10011	11261	sub-2/ses-03/eeg/sub-2_ses-03_task-imagery_run-04_eeg.edf	1250	True		sub-02	V	s	s	0	sub-02/ses-03/eeg/sub-02_ses-03_task-MotorImageryRest_run-04_eeg.vhdr	4f356aaef78c90ca11cfa1a2dc0aa03c6cb3a94f4be52cc7b72e3d4bc3d9498b	True	unresolved	unresolved
sub-2	03	04	sub-2/ses-03/run-04/tsv-row-6	6	rest	1	46.916	5.0	11729	12979	sub-2/ses-03/eeg/sub-2_ses-03_task-imagery_run-04_eeg.edf	1250	True		sub-02	V	s	s	0	sub-02/ses-03/eeg/sub-02_ses-03_task-MotorImageryRest_run-04_eeg.vhdr	4f356aaef78c90ca11cfa1a2dc0aa03c6cb3a94f4be52cc7b72e3d4bc3d9498b	True	unresolved	unresolved
sub-2	03	04	sub-2/ses-03/run-04/tsv-row-7	7	right_hand	2	53.8	5.0	13450	14700	sub-2/ses-03/eeg/sub-2_ses-03_task-imagery_run-04_eeg.edf	1250	True		sub-02	V	s	s	0	sub-02/ses-03/eeg/sub-02_ses-03_task-MotorImageryRest_run-04_eeg.vhdr	4f356aaef78c90ca11cfa1a2dc0aa03c6cb3a94f4be52cc7b72e3d4bc3d9498b	True	unresolved	unresolved
sub-2	03	04	sub-2/ses-03/run-04/tsv-row-8	8	rest	1	60.708	5.0	15177	16427	sub-2/ses-03/eeg/sub-2_ses-03_task-imagery_run-04_eeg.edf	1250	True		sub-02	V	s	s	0	sub-02/ses-03/eeg/sub-02_ses-03_task-MotorImageryRest_run-04_eeg.vhdr	4f356aaef78c90ca11cfa1a2dc0aa03c6cb3a94f4be52cc7b72e3d4bc3d9498b	True	unresolved	unresolved
sub-2	03	04	sub-2/ses-03/run-04/tsv-row-9	9	right_hand	2	67.592	5.0	16898	18148	sub-2/ses-03/eeg/sub-2_ses-03_task-imagery_run-04_eeg.edf	1250	True		sub-02	V	s	s	0	sub-02/ses-03/eeg/sub-02_ses-03_task-MotorImageryRest_run-04_eeg.vhdr	4f356aaef78c90ca11cfa1a2dc0aa03c6cb3a94f4be52cc7b72e3d4bc3d9498b	True	unresolved	unresolved
sub-2	03	04	sub-2/ses-03/run-04/tsv-row-10	10	rest	1	74.464	5.0	18616	19866	sub-2/ses-03/eeg/sub-2_ses-03_task-imagery_run-04_eeg.edf	1250	True		sub-02	V	s	s	0	sub-02/ses-03/eeg/sub-02_ses-03_task-MotorImageryRest_run-04_eeg.vhdr	4f356aaef78c90ca11cfa1a2dc0aa03c6cb3a94f4be52cc7b72e3d4bc3d9498b	True	unresolved	unresolved
sub-2	03	04	sub-2/ses-03/run-04/tsv-row-11	11	right_hand	2	81.364	5.0	20341	21591	sub-2/ses-03/eeg/sub-2_ses-03_task-imagery_run-04_eeg.edf	1250	True		sub-02	V	s	s	0	sub-02/ses-03/eeg/sub-02_ses-03_task-MotorImageryRest_run-04_eeg.vhdr	4f356aaef78c90ca11cfa1a2dc0aa03c6cb3a94f4be52cc7b72e3d4bc3d9498b	True	unresolved	unresolved
sub-2	03	04	sub-2/ses-03/run-04/tsv-row-12	12	rest	1	88.252	5.0	22063	23313	sub-2/ses-03/eeg/sub-2_ses-03_task-imagery_run-04_eeg.edf	1250	True		sub-02	V	s	s	0	sub-02/ses-03/eeg/sub-02_ses-03_task-MotorImageryRest_run-04_eeg.vhdr	4f356aaef78c90ca11cfa1a2dc0aa03c6cb3a94f4be52cc7b72e3d4bc3d9498b	True	unresolved	unresolved
sub-2	03	04	sub-2/ses-03/run-04/tsv-row-13	13	right_hand	2	95.14	5.0	23785	25035	sub-2/ses-03/eeg/sub-2_ses-03_task-imagery_run-04_eeg.edf	1250	True		sub-02	V	s	s	0	sub-02/ses-03/eeg/sub-02_ses-03_task-MotorImageryRest_run-04_eeg.vhdr	4f356aaef78c90ca11cfa1a2dc0aa03c6cb3a94f4be52cc7b72e3d4bc3d9498b	True	unresolved	unresolved
sub-2	03	04	sub-2/ses-03/run-04/tsv-row-14	14	rest	1	102.028	5.0	25507	26757	sub-2/ses-03/eeg/sub-2_ses-03_task-imagery_run-04_eeg.edf	1250	True		sub-02	V	s	s	0	sub-02/ses-03/eeg/sub-02_ses-03_task-MotorImageryRest_run-04_eeg.vhdr	4f356aaef78c90ca11cfa1a2dc0aa03c6cb3a94f4be52cc7b72e3d4bc3d9498b	True	unresolved	unresolved
sub-2	03	04	sub-2/ses-03/run-04/tsv-row-15	15	right_hand	2	108.912	5.0	27228	28478	sub-2/ses-03/eeg/sub-2_ses-03_task-imagery_run-04_eeg.edf	1250	True		sub-02	V	s	s	0	sub-02/ses-03/eeg/sub-02_ses-03_task-MotorImageryRest_run-04_eeg.vhdr	4f356aaef78c90ca11cfa1a2dc0aa03c6cb3a94f4be52cc7b72e3d4bc3d9498b	True	unresolved	unresolved
sub-2	03	04	sub-2/ses-03/run-04/tsv-row-16	16	rest	1	115.8	5.0	28950	30200	sub-2/ses-03/eeg/sub-2_ses-03_task-imagery_run-04_eeg.edf	1250	True		sub-02	V	s	s	0	sub-02/ses-03/eeg/sub-02_ses-03_task-MotorImageryRest_run-04_eeg.vhdr	4f356aaef78c90ca11cfa1a2dc0aa03c6cb3a94f4be52cc7b72e3d4bc3d9498b	True	unresolved	unresolved
sub-2	03	04	sub-2/ses-03/run-04/tsv-row-17	17	rest	1	122.704	5.0	30676	31926	sub-2/ses-03/eeg/sub-2_ses-03_task-imagery_run-04_eeg.edf	1250	True		sub-02	V	s	s	0	sub-02/ses-03/eeg/sub-02_ses-03_task-MotorImageryRest_run-04_eeg.vhdr	4f356aaef78c90ca11cfa1a2dc0aa03c6cb3a94f4be52cc7b72e3d4bc3d9498b	True	unresolved	unresolved
sub-2	03	04	sub-2/ses-03/run-04/tsv-row-18	18	right_hand	2	129.572	5.0	32393	33643	sub-2/ses-03/eeg/sub-2_ses-03_task-imagery_run-04_eeg.edf	1250	True		sub-02	V	s	s	0	sub-02/ses-03/eeg/sub-02_ses-03_task-MotorImageryRest_run-04_eeg.vhdr	4f356aaef78c90ca11cfa1a2dc0aa03c6cb3a94f4be52cc7b72e3d4bc3d9498b	True	unresolved	unresolved
sub-2	03	04	sub-2/ses-03/run-04/tsv-row-19	19	right_hand	2	136.476	5.0	34119	35369	sub-2/ses-03/eeg/sub-2_ses-03_task-imagery_run-04_eeg.edf	1250	True		sub-02	V	s	s	0	sub-02/ses-03/eeg/sub-02_ses-03_task-MotorImageryRest_run-04_eeg.vhdr	4f356aaef78c90ca11cfa1a2dc0aa03c6cb3a94f4be52cc7b72e3d4bc3d9498b	True	unresolved	unresolved
sub-2	03	04	sub-2/ses-03/run-04/tsv-row-20	20	rest	1	143.364	5.0	35841	37091	sub-2/ses-03/eeg/sub-2_ses-03_task-imagery_run-04_eeg.edf	1250	True		sub-02	V	s	s	0	sub-02/ses-03/eeg/sub-02_ses-03_task-MotorImageryRest_run-04_eeg.vhdr	4f356aaef78c90ca11cfa1a2dc0aa03c6cb3a94f4be52cc7b72e3d4bc3d9498b	True	unresolved	unresolved
sub-2	03	04	sub-2/ses-03/run-04/tsv-row-21	21	rest	1	150.252	5.0	37563	38813	sub-2/ses-03/eeg/sub-2_ses-03_task-imagery_run-04_eeg.edf	1250	True		sub-02	V	s	s	0	sub-02/ses-03/eeg/sub-02_ses-03_task-MotorImageryRest_run-04_eeg.vhdr	4f356aaef78c90ca11cfa1a2dc0aa03c6cb3a94f4be52cc7b72e3d4bc3d9498b	True	unresolved	unresolved
sub-2	03	04	sub-2/ses-03/run-04/tsv-row-22	22	right_hand	2	157.12	5.0	39280	40530	sub-2/ses-03/eeg/sub-2_ses-03_task-imagery_run-04_eeg.edf	1250	True		sub-02	V	s	s	0	sub-02/ses-03/eeg/sub-02_ses-03_task-MotorImageryRest_run-04_eeg.vhdr	4f356aaef78c90ca11cfa1a2dc0aa03c6cb3a94f4be52cc7b72e3d4bc3d9498b	True	unresolved	unresolved
sub-2	03	04	sub-2/ses-03/run-04/tsv-row-23	23	right_hand	2	164.024	5.0	41006	42256	sub-2/ses-03/eeg/sub-2_ses-03_task-imagery_run-04_eeg.edf	1250	True		sub-02	V	s	s	0	sub-02/ses-03/eeg/sub-02_ses-03_task-MotorImageryRest_run-04_eeg.vhdr	4f356aaef78c90ca11cfa1a2dc0aa03c6cb3a94f4be52cc7b72e3d4bc3d9498b	True	unresolved	unresolved
sub-2	03	04	sub-2/ses-03/run-04/tsv-row-24	24	rest	1	170.912	5.0	42728	43978	sub-2/ses-03/eeg/sub-2_ses-03_task-imagery_run-04_eeg.edf	1250	True		sub-02	V	s	s	0	sub-02/ses-03/eeg/sub-02_ses-03_task-MotorImageryRest_run-04_eeg.vhdr	4f356aaef78c90ca11cfa1a2dc0aa03c6cb3a94f4be52cc7b72e3d4bc3d9498b	True	unresolved	unresolved
sub-2	03	04	sub-2/ses-03/run-04/tsv-row-25	25	right_hand	2	177.796	5.0	44449	45699	sub-2/ses-03/eeg/sub-2_ses-03_task-imagery_run-04_eeg.edf	1250	True		sub-02	V	s	s	0	sub-02/ses-03/eeg/sub-02_ses-03_task-MotorImageryRest_run-04_eeg.vhdr	4f356aaef78c90ca11cfa1a2dc0aa03c6cb3a94f4be52cc7b72e3d4bc3d9498b	True	unresolved	unresolved
sub-2	03	04	sub-2/ses-03/run-04/tsv-row-26	26	rest	1	184.684	5.0	46171	47421	sub-2/ses-03/eeg/sub-2_ses-03_task-imagery_run-04_eeg.edf	1250	True		sub-02	V	s	s	0	sub-02/ses-03/eeg/sub-02_ses-03_task-MotorImageryRest_run-04_eeg.vhdr	4f356aaef78c90ca11cfa1a2dc0aa03c6cb3a94f4be52cc7b72e3d4bc3d9498b	True	unresolved	unresolved
sub-2	03	04	sub-2/ses-03/run-04/tsv-row-27	27	rest	1	191.572	5.0	47893	49143	sub-2/ses-03/eeg/sub-2_ses-03_task-imagery_run-04_eeg.edf	1250	True		sub-02	V	s	s	0	sub-02/ses-03/eeg/sub-02_ses-03_task-MotorImageryRest_run-04_eeg.vhdr	4f356aaef78c90ca11cfa1a2dc0aa03c6cb3a94f4be52cc7b72e3d4bc3d9498b	True	unresolved	unresolved
sub-2	03	04	sub-2/ses-03/run-04/tsv-row-28	28	right_hand	2	198.456	5.0	49614	50864	sub-2/ses-03/eeg/sub-2_ses-03_task-imagery_run-04_eeg.edf	1250	True		sub-02	V	s	s	0	sub-02/ses-03/eeg/sub-02_ses-03_task-MotorImageryRest_run-04_eeg.vhdr	4f356aaef78c90ca11cfa1a2dc0aa03c6cb3a94f4be52cc7b72e3d4bc3d9498b	True	unresolved	unresolved
sub-2	03	04	sub-2/ses-03/run-04/tsv-row-29	29	rest	1	205.364	5.0	51341	52591	sub-2/ses-03/eeg/sub-2_ses-03_task-imagery_run-04_eeg.edf	1250	True		sub-02	V	s	s	0	sub-02/ses-03/eeg/sub-02_ses-03_task-MotorImageryRest_run-04_eeg.vhdr	4f356aaef78c90ca11cfa1a2dc0aa03c6cb3a94f4be52cc7b72e3d4bc3d9498b	True	unresolved	unresolved
sub-2	03	04	sub-2/ses-03/run-04/tsv-row-30	30	right_hand	2	212.232	5.0	53058	54308	sub-2/ses-03/eeg/sub-2_ses-03_task-imagery_run-04_eeg.edf	1250	True		sub-02	V	s	s	0	sub-02/ses-03/eeg/sub-02_ses-03_task-MotorImageryRest_run-04_eeg.vhdr	4f356aaef78c90ca11cfa1a2dc0aa03c6cb3a94f4be52cc7b72e3d4bc3d9498b	True	unresolved	unresolved
sub-2	03	04	sub-2/ses-03/run-04/tsv-row-31	31	rest	1	219.12	5.0	54780	56030	sub-2/ses-03/eeg/sub-2_ses-03_task-imagery_run-04_eeg.edf	1250	True		sub-02	V	s	s	0	sub-02/ses-03/eeg/sub-02_ses-03_task-MotorImageryRest_run-04_eeg.vhdr	4f356aaef78c90ca11cfa1a2dc0aa03c6cb3a94f4be52cc7b72e3d4bc3d9498b	True	unresolved	unresolved
sub-2	03	04	sub-2/ses-03/run-04/tsv-row-32	32	right_hand	2	226.004	5.0	56501	57751	sub-2/ses-03/eeg/sub-2_ses-03_task-imagery_run-04_eeg.edf	1250	True		sub-02	V	s	s	0	sub-02/ses-03/eeg/sub-02_ses-03_task-MotorImageryRest_run-04_eeg.vhdr	4f356aaef78c90ca11cfa1a2dc0aa03c6cb3a94f4be52cc7b72e3d4bc3d9498b	True	unresolved	unresolved
sub-2	03	05	sub-2/ses-03/run-05/tsv-row-1	1	rest	1	5.028	5.0	1257	2507	sub-2/ses-03/eeg/sub-2_ses-03_task-imagery_run-05_eeg.edf	1250	True		sub-02	V	s	s	0	sub-02/ses-03/eeg/sub-02_ses-03_task-MotorImageryRest_run-05_eeg.vhdr	e93b0bc0d37854bc8f8e35d9c77a41c104a65cc0dc21e72c8b3af8720482a9d6	True	unresolved	unresolved
sub-2	03	05	sub-2/ses-03/run-05/tsv-row-2	2	right_hand	2	11.92	5.0	2980	4230	sub-2/ses-03/eeg/sub-2_ses-03_task-imagery_run-05_eeg.edf	1250	True		sub-02	V	s	s	0	sub-02/ses-03/eeg/sub-02_ses-03_task-MotorImageryRest_run-05_eeg.vhdr	e93b0bc0d37854bc8f8e35d9c77a41c104a65cc0dc21e72c8b3af8720482a9d6	True	unresolved	unresolved
sub-2	03	05	sub-2/ses-03/run-05/tsv-row-3	3	rest	1	18.808	5.0	4702	5952	sub-2/ses-03/eeg/sub-2_ses-03_task-imagery_run-05_eeg.edf	1250	True		sub-02	V	s	s	0	sub-02/ses-03/eeg/sub-02_ses-03_task-MotorImageryRest_run-05_eeg.vhdr	e93b0bc0d37854bc8f8e35d9c77a41c104a65cc0dc21e72c8b3af8720482a9d6	True	unresolved	unresolved
sub-2	03	05	sub-2/ses-03/run-05/tsv-row-4	4	right_hand	2	25.708	5.0	6427	7677	sub-2/ses-03/eeg/sub-2_ses-03_task-imagery_run-05_eeg.edf	1250	True		sub-02	V	s	s	0	sub-02/ses-03/eeg/sub-02_ses-03_task-MotorImageryRest_run-05_eeg.vhdr	e93b0bc0d37854bc8f8e35d9c77a41c104a65cc0dc21e72c8b3af8720482a9d6	True	unresolved	unresolved
sub-2	03	05	sub-2/ses-03/run-05/tsv-row-5	5	right_hand	2	32.596	5.0	8149	9399	sub-2/ses-03/eeg/sub-2_ses-03_task-imagery_run-05_eeg.edf	1250	True		sub-02	V	s	s	0	sub-02/ses-03/eeg/sub-02_ses-03_task-MotorImageryRest_run-05_eeg.vhdr	e93b0bc0d37854bc8f8e35d9c77a41c104a65cc0dc21e72c8b3af8720482a9d6	True	unresolved	unresolved
sub-2	03	05	sub-2/ses-03/run-05/tsv-row-6	6	rest	1	39.468	5.0	9867	11117	sub-2/ses-03/eeg/sub-2_ses-03_task-imagery_run-05_eeg.edf	1250	True		sub-02	V	s	s	0	sub-02/ses-03/eeg/sub-02_ses-03_task-MotorImageryRest_run-05_eeg.vhdr	e93b0bc0d37854bc8f8e35d9c77a41c104a65cc0dc21e72c8b3af8720482a9d6	True	unresolved	unresolved
sub-2	03	05	sub-2/ses-03/run-05/tsv-row-7	7	right_hand	2	46.368	5.0	11592	12842	sub-2/ses-03/eeg/sub-2_ses-03_task-imagery_run-05_eeg.edf	1250	True		sub-02	V	s	s	0	sub-02/ses-03/eeg/sub-02_ses-03_task-MotorImageryRest_run-05_eeg.vhdr	e93b0bc0d37854bc8f8e35d9c77a41c104a65cc0dc21e72c8b3af8720482a9d6	True	unresolved	unresolved
sub-2	03	05	sub-2/ses-03/run-05/tsv-row-8	8	rest	1	53.26	5.0	13315	14565	sub-2/ses-03/eeg/sub-2_ses-03_task-imagery_run-05_eeg.edf	1250	True		sub-02	V	s	s	0	sub-02/ses-03/eeg/sub-02_ses-03_task-MotorImageryRest_run-05_eeg.vhdr	e93b0bc0d37854bc8f8e35d9c77a41c104a65cc0dc21e72c8b3af8720482a9d6	True	unresolved	unresolved
sub-2	03	05	sub-2/ses-03/run-05/tsv-row-9	9	rest	1	60.144	5.0	15036	16286	sub-2/ses-03/eeg/sub-2_ses-03_task-imagery_run-05_eeg.edf	1250	True		sub-02	V	s	s	0	sub-02/ses-03/eeg/sub-02_ses-03_task-MotorImageryRest_run-05_eeg.vhdr	e93b0bc0d37854bc8f8e35d9c77a41c104a65cc0dc21e72c8b3af8720482a9d6	True	unresolved	unresolved
sub-2	03	05	sub-2/ses-03/run-05/tsv-row-10	10	right_hand	2	67.032	5.0	16758	18008	sub-2/ses-03/eeg/sub-2_ses-03_task-imagery_run-05_eeg.edf	1250	True		sub-02	V	s	s	0	sub-02/ses-03/eeg/sub-02_ses-03_task-MotorImageryRest_run-05_eeg.vhdr	e93b0bc0d37854bc8f8e35d9c77a41c104a65cc0dc21e72c8b3af8720482a9d6	True	unresolved	unresolved
sub-2	03	05	sub-2/ses-03/run-05/tsv-row-11	11	right_hand	2	73.916	5.0	18479	19729	sub-2/ses-03/eeg/sub-2_ses-03_task-imagery_run-05_eeg.edf	1250	True		sub-02	V	s	s	0	sub-02/ses-03/eeg/sub-02_ses-03_task-MotorImageryRest_run-05_eeg.vhdr	e93b0bc0d37854bc8f8e35d9c77a41c104a65cc0dc21e72c8b3af8720482a9d6	True	unresolved	unresolved
sub-2	03	05	sub-2/ses-03/run-05/tsv-row-12	12	rest	1	80.804	5.0	20201	21451	sub-2/ses-03/eeg/sub-2_ses-03_task-imagery_run-05_eeg.edf	1250	True		sub-02	V	s	s	0	sub-02/ses-03/eeg/sub-02_ses-03_task-MotorImageryRest_run-05_eeg.vhdr	e93b0bc0d37854bc8f8e35d9c77a41c104a65cc0dc21e72c8b3af8720482a9d6	True	unresolved	unresolved
sub-2	03	05	sub-2/ses-03/run-05/tsv-row-13	13	rest	1	87.692	5.0	21923	23173	sub-2/ses-03/eeg/sub-2_ses-03_task-imagery_run-05_eeg.edf	1250	True		sub-02	V	s	s	0	sub-02/ses-03/eeg/sub-02_ses-03_task-MotorImageryRest_run-05_eeg.vhdr	e93b0bc0d37854bc8f8e35d9c77a41c104a65cc0dc21e72c8b3af8720482a9d6	True	unresolved	unresolved
sub-2	03	05	sub-2/ses-03/run-05/tsv-row-14	14	right_hand	2	94.576	5.0	23644	24894	sub-2/ses-03/eeg/sub-2_ses-03_task-imagery_run-05_eeg.edf	1250	True		sub-02	V	s	s	0	sub-02/ses-03/eeg/sub-02_ses-03_task-MotorImageryRest_run-05_eeg.vhdr	e93b0bc0d37854bc8f8e35d9c77a41c104a65cc0dc21e72c8b3af8720482a9d6	True	unresolved	unresolved
sub-2	03	05	sub-2/ses-03/run-05/tsv-row-15	15	right_hand	2	101.48	5.0	25370	26620	sub-2/ses-03/eeg/sub-2_ses-03_task-imagery_run-05_eeg.edf	1250	True		sub-02	V	s	s	0	sub-02/ses-03/eeg/sub-02_ses-03_task-MotorImageryRest_run-05_eeg.vhdr	e93b0bc0d37854bc8f8e35d9c77a41c104a65cc0dc21e72c8b3af8720482a9d6	True	unresolved	unresolved
sub-2	03	05	sub-2/ses-03/run-05/tsv-row-16	16	rest	1	108.368	5.0	27092	28342	sub-2/ses-03/eeg/sub-2_ses-03_task-imagery_run-05_eeg.edf	1250	True		sub-02	V	s	s	0	sub-02/ses-03/eeg/sub-02_ses-03_task-MotorImageryRest_run-05_eeg.vhdr	e93b0bc0d37854bc8f8e35d9c77a41c104a65cc0dc21e72c8b3af8720482a9d6	True	unresolved	unresolved
sub-2	03	05	sub-2/ses-03/run-05/tsv-row-17	17	rest	1	115.256	5.0	28814	30064	sub-2/ses-03/eeg/sub-2_ses-03_task-imagery_run-05_eeg.edf	1250	True		sub-02	V	s	s	0	sub-02/ses-03/eeg/sub-02_ses-03_task-MotorImageryRest_run-05_eeg.vhdr	e93b0bc0d37854bc8f8e35d9c77a41c104a65cc0dc21e72c8b3af8720482a9d6	True	unresolved	unresolved
sub-2	03	05	sub-2/ses-03/run-05/tsv-row-18	18	right_hand	2	122.124	5.0	30531	31781	sub-2/ses-03/eeg/sub-2_ses-03_task-imagery_run-05_eeg.edf	1250	True		sub-02	V	s	s	0	sub-02/ses-03/eeg/sub-02_ses-03_task-MotorImageryRest_run-05_eeg.vhdr	e93b0bc0d37854bc8f8e35d9c77a41c104a65cc0dc21e72c8b3af8720482a9d6	True	unresolved	unresolved
sub-2	03	05	sub-2/ses-03/run-05/tsv-row-19	19	rest	1	129.032	5.0	32258	33508	sub-2/ses-03/eeg/sub-2_ses-03_task-imagery_run-05_eeg.edf	1250	True		sub-02	V	s	s	0	sub-02/ses-03/eeg/sub-02_ses-03_task-MotorImageryRest_run-05_eeg.vhdr	e93b0bc0d37854bc8f8e35d9c77a41c104a65cc0dc21e72c8b3af8720482a9d6	True	unresolved	unresolved
sub-2	03	05	sub-2/ses-03/run-05/tsv-row-20	20	right_hand	2	135.916	5.0	33979	35229	sub-2/ses-03/eeg/sub-2_ses-03_task-imagery_run-05_eeg.edf	1250	True		sub-02	V	s	s	0	sub-02/ses-03/eeg/sub-02_ses-03_task-MotorImageryRest_run-05_eeg.vhdr	e93b0bc0d37854bc8f8e35d9c77a41c104a65cc0dc21e72c8b3af8720482a9d6	True	unresolved	unresolved
sub-2	03	05	sub-2/ses-03/run-05/tsv-row-21	21	rest	1	142.788	5.0	35697	36947	sub-2/ses-03/eeg/sub-2_ses-03_task-imagery_run-05_eeg.edf	1250	True		sub-02	V	s	s	0	sub-02/ses-03/eeg/sub-02_ses-03_task-MotorImageryRest_run-05_eeg.vhdr	e93b0bc0d37854bc8f8e35d9c77a41c104a65cc0dc21e72c8b3af8720482a9d6	True	unresolved	unresolved
sub-2	03	05	sub-2/ses-03/run-05/tsv-row-22	22	right_hand	2	149.672	5.0	37418	38668	sub-2/ses-03/eeg/sub-2_ses-03_task-imagery_run-05_eeg.edf	1250	True		sub-02	V	s	s	0	sub-02/ses-03/eeg/sub-02_ses-03_task-MotorImageryRest_run-05_eeg.vhdr	e93b0bc0d37854bc8f8e35d9c77a41c104a65cc0dc21e72c8b3af8720482a9d6	True	unresolved	unresolved
sub-2	03	05	sub-2/ses-03/run-05/tsv-row-23	23	rest	1	156.576	5.0	39144	40394	sub-2/ses-03/eeg/sub-2_ses-03_task-imagery_run-05_eeg.edf	1250	True		sub-02	V	s	s	0	sub-02/ses-03/eeg/sub-02_ses-03_task-MotorImageryRest_run-05_eeg.vhdr	e93b0bc0d37854bc8f8e35d9c77a41c104a65cc0dc21e72c8b3af8720482a9d6	True	unresolved	unresolved
sub-2	03	05	sub-2/ses-03/run-05/tsv-row-24	24	right_hand	2	163.464	5.0	40866	42116	sub-2/ses-03/eeg/sub-2_ses-03_task-imagery_run-05_eeg.edf	1250	True		sub-02	V	s	s	0	sub-02/ses-03/eeg/sub-02_ses-03_task-MotorImageryRest_run-05_eeg.vhdr	e93b0bc0d37854bc8f8e35d9c77a41c104a65cc0dc21e72c8b3af8720482a9d6	True	unresolved	unresolved
sub-2	03	05	sub-2/ses-03/run-05/tsv-row-25	25	right_hand	2	170.332	5.0	42583	43833	sub-2/ses-03/eeg/sub-2_ses-03_task-imagery_run-05_eeg.edf	1250	True		sub-02	V	s	s	0	sub-02/ses-03/eeg/sub-02_ses-03_task-MotorImageryRest_run-05_eeg.vhdr	e93b0bc0d37854bc8f8e35d9c77a41c104a65cc0dc21e72c8b3af8720482a9d6	True	unresolved	unresolved
sub-2	03	05	sub-2/ses-03/run-05/tsv-row-26	26	rest	1	177.236	5.0	44309	45559	sub-2/ses-03/eeg/sub-2_ses-03_task-imagery_run-05_eeg.edf	1250	True		sub-02	V	s	s	0	sub-02/ses-03/eeg/sub-02_ses-03_task-MotorImageryRest_run-05_eeg.vhdr	e93b0bc0d37854bc8f8e35d9c77a41c104a65cc0dc21e72c8b3af8720482a9d6	True	unresolved	unresolved
sub-2	03	05	sub-2/ses-03/run-05/tsv-row-27	27	right_hand	2	184.124	5.0	46031	47281	sub-2/ses-03/eeg/sub-2_ses-03_task-imagery_run-05_eeg.edf	1250	True		sub-02	V	s	s	0	sub-02/ses-03/eeg/sub-02_ses-03_task-MotorImageryRest_run-05_eeg.vhdr	e93b0bc0d37854bc8f8e35d9c77a41c104a65cc0dc21e72c8b3af8720482a9d6	True	unresolved	unresolved
sub-2	03	05	sub-2/ses-03/run-05/tsv-row-28	28	rest	1	191.012	5.0	47753	49003	sub-2/ses-03/eeg/sub-2_ses-03_task-imagery_run-05_eeg.edf	1250	True		sub-02	V	s	s	0	sub-02/ses-03/eeg/sub-02_ses-03_task-MotorImageryRest_run-05_eeg.vhdr	e93b0bc0d37854bc8f8e35d9c77a41c104a65cc0dc21e72c8b3af8720482a9d6	True	unresolved	unresolved
sub-2	03	05	sub-2/ses-03/run-05/tsv-row-29	29	right_hand	2	197.896	5.0	49474	50724	sub-2/ses-03/eeg/sub-2_ses-03_task-imagery_run-05_eeg.edf	1250	True		sub-02	V	s	s	0	sub-02/ses-03/eeg/sub-02_ses-03_task-MotorImageryRest_run-05_eeg.vhdr	e93b0bc0d37854bc8f8e35d9c77a41c104a65cc0dc21e72c8b3af8720482a9d6	True	unresolved	unresolved
sub-2	03	05	sub-2/ses-03/run-05/tsv-row-30	30	rest	1	204.784	5.0	51196	52446	sub-2/ses-03/eeg/sub-2_ses-03_task-imagery_run-05_eeg.edf	1250	True		sub-02	V	s	s	0	sub-02/ses-03/eeg/sub-02_ses-03_task-MotorImageryRest_run-05_eeg.vhdr	e93b0bc0d37854bc8f8e35d9c77a41c104a65cc0dc21e72c8b3af8720482a9d6	True	unresolved	unresolved
sub-2	03	05	sub-2/ses-03/run-05/tsv-row-31	31	rest	1	211.672	5.0	52918	54168	sub-2/ses-03/eeg/sub-2_ses-03_task-imagery_run-05_eeg.edf	1250	True		sub-02	V	s	s	0	sub-02/ses-03/eeg/sub-02_ses-03_task-MotorImageryRest_run-05_eeg.vhdr	e93b0bc0d37854bc8f8e35d9c77a41c104a65cc0dc21e72c8b3af8720482a9d6	True	unresolved	unresolved
sub-2	03	05	sub-2/ses-03/run-05/tsv-row-32	32	right_hand	2	218.572	5.0	54643	55893	sub-2/ses-03/eeg/sub-2_ses-03_task-imagery_run-05_eeg.edf	1250	True		sub-02	V	s	s	0	sub-02/ses-03/eeg/sub-02_ses-03_task-MotorImageryRest_run-05_eeg.vhdr	e93b0bc0d37854bc8f8e35d9c77a41c104a65cc0dc21e72c8b3af8720482a9d6	True	unresolved	unresolved
sub-2	03	06	sub-2/ses-03/run-06/tsv-row-1	1	rest	1	5.096	5.0	1274	2524	sub-2/ses-03/eeg/sub-2_ses-03_task-imagery_run-06_eeg.edf	1250	True		sub-02	V	s	s	0	sub-02/ses-03/eeg/sub-02_ses-03_task-MotorImageryRest_run-06_eeg.vhdr	85149d2b70e760f271d7cffc0aa18e92cd4d6e87fc51379beaa0abd8209db4cb	True	unresolved	unresolved
sub-2	03	06	sub-2/ses-03/run-06/tsv-row-2	2	right_hand	2	11.972	5.0	2993	4243	sub-2/ses-03/eeg/sub-2_ses-03_task-imagery_run-06_eeg.edf	1250	True		sub-02	V	s	s	0	sub-02/ses-03/eeg/sub-02_ses-03_task-MotorImageryRest_run-06_eeg.vhdr	85149d2b70e760f271d7cffc0aa18e92cd4d6e87fc51379beaa0abd8209db4cb	True	unresolved	unresolved
sub-2	03	06	sub-2/ses-03/run-06/tsv-row-3	3	rest	1	18.86	5.0	4715	5965	sub-2/ses-03/eeg/sub-2_ses-03_task-imagery_run-06_eeg.edf	1250	True		sub-02	V	s	s	0	sub-02/ses-03/eeg/sub-02_ses-03_task-MotorImageryRest_run-06_eeg.vhdr	85149d2b70e760f271d7cffc0aa18e92cd4d6e87fc51379beaa0abd8209db4cb	True	unresolved	unresolved
sub-2	03	06	sub-2/ses-03/run-06/tsv-row-4	4	right_hand	2	25.76	5.0	6440	7690	sub-2/ses-03/eeg/sub-2_ses-03_task-imagery_run-06_eeg.edf	1250	True		sub-02	V	s	s	0	sub-02/ses-03/eeg/sub-02_ses-03_task-MotorImageryRest_run-06_eeg.vhdr	85149d2b70e760f271d7cffc0aa18e92cd4d6e87fc51379beaa0abd8209db4cb	True	unresolved	unresolved
sub-2	03	06	sub-2/ses-03/run-06/tsv-row-5	5	right_hand	2	32.648	5.0	8162	9412	sub-2/ses-03/eeg/sub-2_ses-03_task-imagery_run-06_eeg.edf	1250	True		sub-02	V	s	s	0	sub-02/ses-03/eeg/sub-02_ses-03_task-MotorImageryRest_run-06_eeg.vhdr	85149d2b70e760f271d7cffc0aa18e92cd4d6e87fc51379beaa0abd8209db4cb	True	unresolved	unresolved
sub-2	03	06	sub-2/ses-03/run-06/tsv-row-6	6	rest	1	39.52	5.0	9880	11130	sub-2/ses-03/eeg/sub-2_ses-03_task-imagery_run-06_eeg.edf	1250	True		sub-02	V	s	s	0	sub-02/ses-03/eeg/sub-02_ses-03_task-MotorImageryRest_run-06_eeg.vhdr	85149d2b70e760f271d7cffc0aa18e92cd4d6e87fc51379beaa0abd8209db4cb	True	unresolved	unresolved
sub-2	03	06	sub-2/ses-03/run-06/tsv-row-7	7	right_hand	2	46.42	5.0	11605	12855	sub-2/ses-03/eeg/sub-2_ses-03_task-imagery_run-06_eeg.edf	1250	True		sub-02	V	s	s	0	sub-02/ses-03/eeg/sub-02_ses-03_task-MotorImageryRest_run-06_eeg.vhdr	85149d2b70e760f271d7cffc0aa18e92cd4d6e87fc51379beaa0abd8209db4cb	True	unresolved	unresolved
sub-2	03	06	sub-2/ses-03/run-06/tsv-row-8	8	rest	1	53.308	5.0	13327	14577	sub-2/ses-03/eeg/sub-2_ses-03_task-imagery_run-06_eeg.edf	1250	True		sub-02	V	s	s	0	sub-02/ses-03/eeg/sub-02_ses-03_task-MotorImageryRest_run-06_eeg.vhdr	85149d2b70e760f271d7cffc0aa18e92cd4d6e87fc51379beaa0abd8209db4cb	True	unresolved	unresolved
sub-2	03	06	sub-2/ses-03/run-06/tsv-row-9	9	right_hand	2	60.196	5.0	15049	16299	sub-2/ses-03/eeg/sub-2_ses-03_task-imagery_run-06_eeg.edf	1250	True		sub-02	V	s	s	0	sub-02/ses-03/eeg/sub-02_ses-03_task-MotorImageryRest_run-06_eeg.vhdr	85149d2b70e760f271d7cffc0aa18e92cd4d6e87fc51379beaa0abd8209db4cb	True	unresolved	unresolved
sub-2	03	06	sub-2/ses-03/run-06/tsv-row-10	10	rest	1	67.084	5.0	16771	18021	sub-2/ses-03/eeg/sub-2_ses-03_task-imagery_run-06_eeg.edf	1250	True		sub-02	V	s	s	0	sub-02/ses-03/eeg/sub-02_ses-03_task-MotorImageryRest_run-06_eeg.vhdr	85149d2b70e760f271d7cffc0aa18e92cd4d6e87fc51379beaa0abd8209db4cb	True	unresolved	unresolved
sub-2	03	06	sub-2/ses-03/run-06/tsv-row-11	11	rest	1	73.972	5.0	18493	19743	sub-2/ses-03/eeg/sub-2_ses-03_task-imagery_run-06_eeg.edf	1250	True		sub-02	V	s	s	0	sub-02/ses-03/eeg/sub-02_ses-03_task-MotorImageryRest_run-06_eeg.vhdr	85149d2b70e760f271d7cffc0aa18e92cd4d6e87fc51379beaa0abd8209db4cb	True	unresolved	unresolved
sub-2	03	06	sub-2/ses-03/run-06/tsv-row-12	12	right_hand	2	80.856	5.0	20214	21464	sub-2/ses-03/eeg/sub-2_ses-03_task-imagery_run-06_eeg.edf	1250	True		sub-02	V	s	s	0	sub-02/ses-03/eeg/sub-02_ses-03_task-MotorImageryRest_run-06_eeg.vhdr	85149d2b70e760f271d7cffc0aa18e92cd4d6e87fc51379beaa0abd8209db4cb	True	unresolved	unresolved
sub-2	03	06	sub-2/ses-03/run-06/tsv-row-13	13	rest	1	87.744	5.0	21936	23186	sub-2/ses-03/eeg/sub-2_ses-03_task-imagery_run-06_eeg.edf	1250	True		sub-02	V	s	s	0	sub-02/ses-03/eeg/sub-02_ses-03_task-MotorImageryRest_run-06_eeg.vhdr	85149d2b70e760f271d7cffc0aa18e92cd4d6e87fc51379beaa0abd8209db4cb	True	unresolved	unresolved
sub-2	03	06	sub-2/ses-03/run-06/tsv-row-14	14	right_hand	2	94.628	5.0	23657	24907	sub-2/ses-03/eeg/sub-2_ses-03_task-imagery_run-06_eeg.edf	1250	True		sub-02	V	s	s	0	sub-02/ses-03/eeg/sub-02_ses-03_task-MotorImageryRest_run-06_eeg.vhdr	85149d2b70e760f271d7cffc0aa18e92cd4d6e87fc51379beaa0abd8209db4cb	True	unresolved	unresolved
sub-2	03	06	sub-2/ses-03/run-06/tsv-row-15	15	right_hand	2	108.404	5.0	27101	28351	sub-2/ses-03/eeg/sub-2_ses-03_task-imagery_run-06_eeg.edf	1250	True		sub-02	V	s	s	0	sub-02/ses-03/eeg/sub-02_ses-03_task-MotorImageryRest_run-06_eeg.vhdr	85149d2b70e760f271d7cffc0aa18e92cd4d6e87fc51379beaa0abd8209db4cb	True	unresolved	unresolved
sub-2	03	06	sub-2/ses-03/run-06/tsv-row-16	16	right_hand	2	115.308	5.0	28827	30077	sub-2/ses-03/eeg/sub-2_ses-03_task-imagery_run-06_eeg.edf	1250	True		sub-02	V	s	s	0	sub-02/ses-03/eeg/sub-02_ses-03_task-MotorImageryRest_run-06_eeg.vhdr	85149d2b70e760f271d7cffc0aa18e92cd4d6e87fc51379beaa0abd8209db4cb	True	unresolved	unresolved
sub-2	03	06	sub-2/ses-03/run-06/tsv-row-17	17	rest	1	122.176	5.0	30544	31794	sub-2/ses-03/eeg/sub-2_ses-03_task-imagery_run-06_eeg.edf	1250	True		sub-02	V	s	s	0	sub-02/ses-03/eeg/sub-02_ses-03_task-MotorImageryRest_run-06_eeg.vhdr	85149d2b70e760f271d7cffc0aa18e92cd4d6e87fc51379beaa0abd8209db4cb	True	unresolved	unresolved
sub-2	03	06	sub-2/ses-03/run-06/tsv-row-18	18	right_hand	2	129.064	5.0	32266	33516	sub-2/ses-03/eeg/sub-2_ses-03_task-imagery_run-06_eeg.edf	1250	True		sub-02	V	s	s	0	sub-02/ses-03/eeg/sub-02_ses-03_task-MotorImageryRest_run-06_eeg.vhdr	85149d2b70e760f271d7cffc0aa18e92cd4d6e87fc51379beaa0abd8209db4cb	True	unresolved	unresolved
sub-2	03	06	sub-2/ses-03/run-06/tsv-row-19	19	rest	1	135.968	5.0	33992	35242	sub-2/ses-03/eeg/sub-2_ses-03_task-imagery_run-06_eeg.edf	1250	True		sub-02	V	s	s	0	sub-02/ses-03/eeg/sub-02_ses-03_task-MotorImageryRest_run-06_eeg.vhdr	85149d2b70e760f271d7cffc0aa18e92cd4d6e87fc51379beaa0abd8209db4cb	True	unresolved	unresolved
sub-2	03	06	sub-2/ses-03/run-06/tsv-row-20	20	rest	1	142.856	5.0	35714	36964	sub-2/ses-03/eeg/sub-2_ses-03_task-imagery_run-06_eeg.edf	1250	True		sub-02	V	s	s	0	sub-02/ses-03/eeg/sub-02_ses-03_task-MotorImageryRest_run-06_eeg.vhdr	85149d2b70e760f271d7cffc0aa18e92cd4d6e87fc51379beaa0abd8209db4cb	True	unresolved	unresolved
sub-2	03	06	sub-2/ses-03/run-06/tsv-row-21	21	right_hand	2	149.74	5.0	37435	38685	sub-2/ses-03/eeg/sub-2_ses-03_task-imagery_run-06_eeg.edf	1250	True		sub-02	V	s	s	0	sub-02/ses-03/eeg/sub-02_ses-03_task-MotorImageryRest_run-06_eeg.vhdr	85149d2b70e760f271d7cffc0aa18e92cd4d6e87fc51379beaa0abd8209db4cb	True	unresolved	unresolved
sub-2	03	06	sub-2/ses-03/run-06/tsv-row-22	22	right_hand	2	156.628	5.0	39157	40407	sub-2/ses-03/eeg/sub-2_ses-03_task-imagery_run-06_eeg.edf	1250	True		sub-02	V	s	s	0	sub-02/ses-03/eeg/sub-02_ses-03_task-MotorImageryRest_run-06_eeg.vhdr	85149d2b70e760f271d7cffc0aa18e92cd4d6e87fc51379beaa0abd8209db4cb	True	unresolved	unresolved
sub-2	03	06	sub-2/ses-03/run-06/tsv-row-23	23	rest	1	163.516	5.0	40879	42129	sub-2/ses-03/eeg/sub-2_ses-03_task-imagery_run-06_eeg.edf	1250	True		sub-02	V	s	s	0	sub-02/ses-03/eeg/sub-02_ses-03_task-MotorImageryRest_run-06_eeg.vhdr	85149d2b70e760f271d7cffc0aa18e92cd4d6e87fc51379beaa0abd8209db4cb	True	unresolved	unresolved
sub-2	03	06	sub-2/ses-03/run-06/tsv-row-24	24	rest	1	170.404	5.0	42601	43851	sub-2/ses-03/eeg/sub-2_ses-03_task-imagery_run-06_eeg.edf	1250	True		sub-02	V	s	s	0	sub-02/ses-03/eeg/sub-02_ses-03_task-MotorImageryRest_run-06_eeg.vhdr	85149d2b70e760f271d7cffc0aa18e92cd4d6e87fc51379beaa0abd8209db4cb	True	unresolved	unresolved
sub-2	03	06	sub-2/ses-03/run-06/tsv-row-25	25	right_hand	2	177.288	5.0	44322	45572	sub-2/ses-03/eeg/sub-2_ses-03_task-imagery_run-06_eeg.edf	1250	True		sub-02	V	s	s	0	sub-02/ses-03/eeg/sub-02_ses-03_task-MotorImageryRest_run-06_eeg.vhdr	85149d2b70e760f271d7cffc0aa18e92cd4d6e87fc51379beaa0abd8209db4cb	True	unresolved	unresolved
sub-2	03	06	sub-2/ses-03/run-06/tsv-row-26	26	right_hand	2	184.176	5.0	46044	47294	sub-2/ses-03/eeg/sub-2_ses-03_task-imagery_run-06_eeg.edf	1250	True		sub-02	V	s	s	0	sub-02/ses-03/eeg/sub-02_ses-03_task-MotorImageryRest_run-06_eeg.vhdr	85149d2b70e760f271d7cffc0aa18e92cd4d6e87fc51379beaa0abd8209db4cb	True	unresolved	unresolved
sub-2	03	06	sub-2/ses-03/run-06/tsv-row-27	27	rest	1	191.064	5.0	47766	49016	sub-2/ses-03/eeg/sub-2_ses-03_task-imagery_run-06_eeg.edf	1250	True		sub-02	V	s	s	0	sub-02/ses-03/eeg/sub-02_ses-03_task-MotorImageryRest_run-06_eeg.vhdr	85149d2b70e760f271d7cffc0aa18e92cd4d6e87fc51379beaa0abd8209db4cb	True	unresolved	unresolved
sub-2	03	06	sub-2/ses-03/run-06/tsv-row-28	28	rest	1	197.968	5.0	49492	50742	sub-2/ses-03/eeg/sub-2_ses-03_task-imagery_run-06_eeg.edf	1250	True		sub-02	V	s	s	0	sub-02/ses-03/eeg/sub-02_ses-03_task-MotorImageryRest_run-06_eeg.vhdr	85149d2b70e760f271d7cffc0aa18e92cd4d6e87fc51379beaa0abd8209db4cb	True	unresolved	unresolved
sub-2	03	06	sub-2/ses-03/run-06/tsv-row-29	29	right_hand	2	204.836	5.0	51209	52459	sub-2/ses-03/eeg/sub-2_ses-03_task-imagery_run-06_eeg.edf	1250	True		sub-02	V	s	s	0	sub-02/ses-03/eeg/sub-02_ses-03_task-MotorImageryRest_run-06_eeg.vhdr	85149d2b70e760f271d7cffc0aa18e92cd4d6e87fc51379beaa0abd8209db4cb	True	unresolved	unresolved
sub-2	03	06	sub-2/ses-03/run-06/tsv-row-30	30	rest	1	211.724	5.0	52931	54181	sub-2/ses-03/eeg/sub-2_ses-03_task-imagery_run-06_eeg.edf	1250	True		sub-02	V	s	s	0	sub-02/ses-03/eeg/sub-02_ses-03_task-MotorImageryRest_run-06_eeg.vhdr	85149d2b70e760f271d7cffc0aa18e92cd4d6e87fc51379beaa0abd8209db4cb	True	unresolved	unresolved
sub-2	03	06	sub-2/ses-03/run-06/tsv-row-31	31	right_hand	2	218.624	5.0	54656	55906	sub-2/ses-03/eeg/sub-2_ses-03_task-imagery_run-06_eeg.edf	1250	True		sub-02	V	s	s	0	sub-02/ses-03/eeg/sub-02_ses-03_task-MotorImageryRest_run-06_eeg.vhdr	85149d2b70e760f271d7cffc0aa18e92cd4d6e87fc51379beaa0abd8209db4cb	True	unresolved	unresolved
sub-2	04	01	sub-2/ses-04/run-01/tsv-row-1	1	rest	1	6.456	5.0	1614	2864	sub-2/ses-04/eeg/sub-2_ses-04_task-imagery_run-01_eeg.edf	1250	True		sub-02	V	s	s	0	sub-02/ses-04/eeg/sub-02_ses-04_task-MotorImageryRest_run-01_eeg.vhdr	61bbd1f08d641cab8b85ecda3c02248b810e71877e39276eea731715a2b80e85	True	unresolved	unresolved
sub-2	04	01	sub-2/ses-04/run-01/tsv-row-2	2	right_hand	2	13.36	5.0	3340	4590	sub-2/ses-04/eeg/sub-2_ses-04_task-imagery_run-01_eeg.edf	1250	True		sub-02	V	s	s	0	sub-02/ses-04/eeg/sub-02_ses-04_task-MotorImageryRest_run-01_eeg.vhdr	61bbd1f08d641cab8b85ecda3c02248b810e71877e39276eea731715a2b80e85	True	unresolved	unresolved
sub-2	04	01	sub-2/ses-04/run-01/tsv-row-3	3	right_hand	2	20.248	5.0	5062	6312	sub-2/ses-04/eeg/sub-2_ses-04_task-imagery_run-01_eeg.edf	1250	True		sub-02	V	s	s	0	sub-02/ses-04/eeg/sub-02_ses-04_task-MotorImageryRest_run-01_eeg.vhdr	61bbd1f08d641cab8b85ecda3c02248b810e71877e39276eea731715a2b80e85	True	unresolved	unresolved
sub-2	04	01	sub-2/ses-04/run-01/tsv-row-4	4	rest	1	27.12	5.0	6780	8030	sub-2/ses-04/eeg/sub-2_ses-04_task-imagery_run-01_eeg.edf	1250	True		sub-02	V	s	s	0	sub-02/ses-04/eeg/sub-02_ses-04_task-MotorImageryRest_run-01_eeg.vhdr	61bbd1f08d641cab8b85ecda3c02248b810e71877e39276eea731715a2b80e85	True	unresolved	unresolved
sub-2	04	01	sub-2/ses-04/run-01/tsv-row-5	5	rest	1	34.024	5.0	8506	9756	sub-2/ses-04/eeg/sub-2_ses-04_task-imagery_run-01_eeg.edf	1250	True		sub-02	V	s	s	0	sub-02/ses-04/eeg/sub-02_ses-04_task-MotorImageryRest_run-01_eeg.vhdr	61bbd1f08d641cab8b85ecda3c02248b810e71877e39276eea731715a2b80e85	True	unresolved	unresolved
sub-2	04	01	sub-2/ses-04/run-01/tsv-row-6	6	right_hand	2	40.908	5.0	10227	11477	sub-2/ses-04/eeg/sub-2_ses-04_task-imagery_run-01_eeg.edf	1250	True		sub-02	V	s	s	0	sub-02/ses-04/eeg/sub-02_ses-04_task-MotorImageryRest_run-01_eeg.vhdr	61bbd1f08d641cab8b85ecda3c02248b810e71877e39276eea731715a2b80e85	True	unresolved	unresolved
sub-2	04	01	sub-2/ses-04/run-01/tsv-row-7	7	rest	1	47.78	5.0	11945	13195	sub-2/ses-04/eeg/sub-2_ses-04_task-imagery_run-01_eeg.edf	1250	True		sub-02	V	s	s	0	sub-02/ses-04/eeg/sub-02_ses-04_task-MotorImageryRest_run-01_eeg.vhdr	61bbd1f08d641cab8b85ecda3c02248b810e71877e39276eea731715a2b80e85	True	unresolved	unresolved
sub-2	04	01	sub-2/ses-04/run-01/tsv-row-8	8	right_hand	2	54.68	5.0	13670	14920	sub-2/ses-04/eeg/sub-2_ses-04_task-imagery_run-01_eeg.edf	1250	True		sub-02	V	s	s	0	sub-02/ses-04/eeg/sub-02_ses-04_task-MotorImageryRest_run-01_eeg.vhdr	61bbd1f08d641cab8b85ecda3c02248b810e71877e39276eea731715a2b80e85	True	unresolved	unresolved
sub-2	04	01	sub-2/ses-04/run-01/tsv-row-9	9	rest	1	61.568	5.0	15392	16642	sub-2/ses-04/eeg/sub-2_ses-04_task-imagery_run-01_eeg.edf	1250	True		sub-02	V	s	s	0	sub-02/ses-04/eeg/sub-02_ses-04_task-MotorImageryRest_run-01_eeg.vhdr	61bbd1f08d641cab8b85ecda3c02248b810e71877e39276eea731715a2b80e85	True	unresolved	unresolved
sub-2	04	01	sub-2/ses-04/run-01/tsv-row-10	10	right_hand	2	68.456	5.0	17114	18364	sub-2/ses-04/eeg/sub-2_ses-04_task-imagery_run-01_eeg.edf	1250	True		sub-02	V	s	s	0	sub-02/ses-04/eeg/sub-02_ses-04_task-MotorImageryRest_run-01_eeg.vhdr	61bbd1f08d641cab8b85ecda3c02248b810e71877e39276eea731715a2b80e85	True	unresolved	unresolved
sub-2	04	01	sub-2/ses-04/run-01/tsv-row-11	11	right_hand	2	75.34	5.0	18835	20085	sub-2/ses-04/eeg/sub-2_ses-04_task-imagery_run-01_eeg.edf	1250	True		sub-02	V	s	s	0	sub-02/ses-04/eeg/sub-02_ses-04_task-MotorImageryRest_run-01_eeg.vhdr	61bbd1f08d641cab8b85ecda3c02248b810e71877e39276eea731715a2b80e85	True	unresolved	unresolved
sub-2	04	01	sub-2/ses-04/run-01/tsv-row-12	12	rest	1	82.232	5.0	20558	21808	sub-2/ses-04/eeg/sub-2_ses-04_task-imagery_run-01_eeg.edf	1250	True		sub-02	V	s	s	0	sub-02/ses-04/eeg/sub-02_ses-04_task-MotorImageryRest_run-01_eeg.vhdr	61bbd1f08d641cab8b85ecda3c02248b810e71877e39276eea731715a2b80e85	True	unresolved	unresolved
sub-2	04	01	sub-2/ses-04/run-01/tsv-row-13	13	rest	1	89.132	5.0	22283	23533	sub-2/ses-04/eeg/sub-2_ses-04_task-imagery_run-01_eeg.edf	1250	True		sub-02	V	s	s	0	sub-02/ses-04/eeg/sub-02_ses-04_task-MotorImageryRest_run-01_eeg.vhdr	61bbd1f08d641cab8b85ecda3c02248b810e71877e39276eea731715a2b80e85	True	unresolved	unresolved
sub-2	04	01	sub-2/ses-04/run-01/tsv-row-14	14	right_hand	2	96.02	5.0	24005	25255	sub-2/ses-04/eeg/sub-2_ses-04_task-imagery_run-01_eeg.edf	1250	True		sub-02	V	s	s	0	sub-02/ses-04/eeg/sub-02_ses-04_task-MotorImageryRest_run-01_eeg.vhdr	61bbd1f08d641cab8b85ecda3c02248b810e71877e39276eea731715a2b80e85	True	unresolved	unresolved
sub-2	04	01	sub-2/ses-04/run-01/tsv-row-15	15	right_hand	2	102.904	5.0	25726	26976	sub-2/ses-04/eeg/sub-2_ses-04_task-imagery_run-01_eeg.edf	1250	True		sub-02	V	s	s	0	sub-02/ses-04/eeg/sub-02_ses-04_task-MotorImageryRest_run-01_eeg.vhdr	61bbd1f08d641cab8b85ecda3c02248b810e71877e39276eea731715a2b80e85	True	unresolved	unresolved
sub-2	04	01	sub-2/ses-04/run-01/tsv-row-16	16	rest	1	109.776	5.0	27444	28694	sub-2/ses-04/eeg/sub-2_ses-04_task-imagery_run-01_eeg.edf	1250	True		sub-02	V	s	s	0	sub-02/ses-04/eeg/sub-02_ses-04_task-MotorImageryRest_run-01_eeg.vhdr	61bbd1f08d641cab8b85ecda3c02248b810e71877e39276eea731715a2b80e85	True	unresolved	unresolved
sub-2	04	01	sub-2/ses-04/run-01/tsv-row-17	17	rest	1	116.68	5.0	29170	30420	sub-2/ses-04/eeg/sub-2_ses-04_task-imagery_run-01_eeg.edf	1250	True		sub-02	V	s	s	0	sub-02/ses-04/eeg/sub-02_ses-04_task-MotorImageryRest_run-01_eeg.vhdr	61bbd1f08d641cab8b85ecda3c02248b810e71877e39276eea731715a2b80e85	True	unresolved	unresolved
sub-2	04	01	sub-2/ses-04/run-01/tsv-row-18	18	right_hand	2	123.564	5.0	30891	32141	sub-2/ses-04/eeg/sub-2_ses-04_task-imagery_run-01_eeg.edf	1250	True		sub-02	V	s	s	0	sub-02/ses-04/eeg/sub-02_ses-04_task-MotorImageryRest_run-01_eeg.vhdr	61bbd1f08d641cab8b85ecda3c02248b810e71877e39276eea731715a2b80e85	True	unresolved	unresolved
sub-2	04	01	sub-2/ses-04/run-01/tsv-row-19	19	rest	1	130.436	5.0	32609	33859	sub-2/ses-04/eeg/sub-2_ses-04_task-imagery_run-01_eeg.edf	1250	True		sub-02	V	s	s	0	sub-02/ses-04/eeg/sub-02_ses-04_task-MotorImageryRest_run-01_eeg.vhdr	61bbd1f08d641cab8b85ecda3c02248b810e71877e39276eea731715a2b80e85	True	unresolved	unresolved
sub-2	04	01	sub-2/ses-04/run-01/tsv-row-20	20	right_hand	2	137.34	5.0	34335	35585	sub-2/ses-04/eeg/sub-2_ses-04_task-imagery_run-01_eeg.edf	1250	True		sub-02	V	s	s	0	sub-02/ses-04/eeg/sub-02_ses-04_task-MotorImageryRest_run-01_eeg.vhdr	61bbd1f08d641cab8b85ecda3c02248b810e71877e39276eea731715a2b80e85	True	unresolved	unresolved
sub-2	04	01	sub-2/ses-04/run-01/tsv-row-21	21	rest	1	144.228	5.0	36057	37307	sub-2/ses-04/eeg/sub-2_ses-04_task-imagery_run-01_eeg.edf	1250	True		sub-02	V	s	s	0	sub-02/ses-04/eeg/sub-02_ses-04_task-MotorImageryRest_run-01_eeg.vhdr	61bbd1f08d641cab8b85ecda3c02248b810e71877e39276eea731715a2b80e85	True	unresolved	unresolved
sub-2	04	01	sub-2/ses-04/run-01/tsv-row-22	22	right_hand	2	151.112	5.0	37778	39028	sub-2/ses-04/eeg/sub-2_ses-04_task-imagery_run-01_eeg.edf	1250	True		sub-02	V	s	s	0	sub-02/ses-04/eeg/sub-02_ses-04_task-MotorImageryRest_run-01_eeg.vhdr	61bbd1f08d641cab8b85ecda3c02248b810e71877e39276eea731715a2b80e85	True	unresolved	unresolved
sub-2	04	01	sub-2/ses-04/run-01/tsv-row-23	23	right_hand	2	157.984	5.0	39496	40746	sub-2/ses-04/eeg/sub-2_ses-04_task-imagery_run-01_eeg.edf	1250	True		sub-02	V	s	s	0	sub-02/ses-04/eeg/sub-02_ses-04_task-MotorImageryRest_run-01_eeg.vhdr	61bbd1f08d641cab8b85ecda3c02248b810e71877e39276eea731715a2b80e85	True	unresolved	unresolved
sub-2	04	01	sub-2/ses-04/run-01/tsv-row-24	24	rest	1	164.888	5.0	41222	42472	sub-2/ses-04/eeg/sub-2_ses-04_task-imagery_run-01_eeg.edf	1250	True		sub-02	V	s	s	0	sub-02/ses-04/eeg/sub-02_ses-04_task-MotorImageryRest_run-01_eeg.vhdr	61bbd1f08d641cab8b85ecda3c02248b810e71877e39276eea731715a2b80e85	True	unresolved	unresolved
sub-2	04	01	sub-2/ses-04/run-01/tsv-row-25	25	right_hand	2	171.772	5.0	42943	44193	sub-2/ses-04/eeg/sub-2_ses-04_task-imagery_run-01_eeg.edf	1250	True		sub-02	V	s	s	0	sub-02/ses-04/eeg/sub-02_ses-04_task-MotorImageryRest_run-01_eeg.vhdr	61bbd1f08d641cab8b85ecda3c02248b810e71877e39276eea731715a2b80e85	True	unresolved	unresolved
sub-2	04	01	sub-2/ses-04/run-01/tsv-row-26	26	rest	1	178.664	5.0	44666	45916	sub-2/ses-04/eeg/sub-2_ses-04_task-imagery_run-01_eeg.edf	1250	True		sub-02	V	s	s	0	sub-02/ses-04/eeg/sub-02_ses-04_task-MotorImageryRest_run-01_eeg.vhdr	61bbd1f08d641cab8b85ecda3c02248b810e71877e39276eea731715a2b80e85	True	unresolved	unresolved
sub-2	04	01	sub-2/ses-04/run-01/tsv-row-27	27	right_hand	2	185.548	5.0	46387	47637	sub-2/ses-04/eeg/sub-2_ses-04_task-imagery_run-01_eeg.edf	1250	True		sub-02	V	s	s	0	sub-02/ses-04/eeg/sub-02_ses-04_task-MotorImageryRest_run-01_eeg.vhdr	61bbd1f08d641cab8b85ecda3c02248b810e71877e39276eea731715a2b80e85	True	unresolved	unresolved
sub-2	04	01	sub-2/ses-04/run-01/tsv-row-28	28	rest	1	192.436	5.0	48109	49359	sub-2/ses-04/eeg/sub-2_ses-04_task-imagery_run-01_eeg.edf	1250	True		sub-02	V	s	s	0	sub-02/ses-04/eeg/sub-02_ses-04_task-MotorImageryRest_run-01_eeg.vhdr	61bbd1f08d641cab8b85ecda3c02248b810e71877e39276eea731715a2b80e85	True	unresolved	unresolved
sub-2	04	01	sub-2/ses-04/run-01/tsv-row-29	29	right_hand	2	199.32	5.0	49830	51080	sub-2/ses-04/eeg/sub-2_ses-04_task-imagery_run-01_eeg.edf	1250	True		sub-02	V	s	s	0	sub-02/ses-04/eeg/sub-02_ses-04_task-MotorImageryRest_run-01_eeg.vhdr	61bbd1f08d641cab8b85ecda3c02248b810e71877e39276eea731715a2b80e85	True	unresolved	unresolved
sub-2	04	01	sub-2/ses-04/run-01/tsv-row-30	30	rest	1	206.224	5.0	51556	52806	sub-2/ses-04/eeg/sub-2_ses-04_task-imagery_run-01_eeg.edf	1250	True		sub-02	V	s	s	0	sub-02/ses-04/eeg/sub-02_ses-04_task-MotorImageryRest_run-01_eeg.vhdr	61bbd1f08d641cab8b85ecda3c02248b810e71877e39276eea731715a2b80e85	True	unresolved	unresolved
sub-2	04	01	sub-2/ses-04/run-01/tsv-row-31	31	rest	1	213.096	5.0	53274	54524	sub-2/ses-04/eeg/sub-2_ses-04_task-imagery_run-01_eeg.edf	1250	True		sub-02	V	s	s	0	sub-02/ses-04/eeg/sub-02_ses-04_task-MotorImageryRest_run-01_eeg.vhdr	61bbd1f08d641cab8b85ecda3c02248b810e71877e39276eea731715a2b80e85	True	unresolved	unresolved
sub-2	04	01	sub-2/ses-04/run-01/tsv-row-32	32	right_hand	2	219.98	5.0	54995	56245	sub-2/ses-04/eeg/sub-2_ses-04_task-imagery_run-01_eeg.edf	1250	True		sub-02	V	s	s	0	sub-02/ses-04/eeg/sub-02_ses-04_task-MotorImageryRest_run-01_eeg.vhdr	61bbd1f08d641cab8b85ecda3c02248b810e71877e39276eea731715a2b80e85	True	unresolved	unresolved
sub-2	04	02	sub-2/ses-04/run-02/tsv-row-1	1	rest	1	10.692	5.0	2673	3923	sub-2/ses-04/eeg/sub-2_ses-04_task-imagery_run-02_eeg.edf	1250	True		sub-02	V	s	s	0	sub-02/ses-04/eeg/sub-02_ses-04_task-MotorImageryRest_run-02_eeg.vhdr	27ff88d9f946cac05181dacebeafbe0c28a04c520190e9eeed41ba19fd1cee69	True	unresolved	unresolved
sub-2	04	02	sub-2/ses-04/run-02/tsv-row-2	2	right_hand	2	17.568	5.0	4392	5642	sub-2/ses-04/eeg/sub-2_ses-04_task-imagery_run-02_eeg.edf	1250	True		sub-02	V	s	s	0	sub-02/ses-04/eeg/sub-02_ses-04_task-MotorImageryRest_run-02_eeg.vhdr	27ff88d9f946cac05181dacebeafbe0c28a04c520190e9eeed41ba19fd1cee69	True	unresolved	unresolved
sub-2	04	02	sub-2/ses-04/run-02/tsv-row-3	3	rest	1	24.456	5.0	6114	7364	sub-2/ses-04/eeg/sub-2_ses-04_task-imagery_run-02_eeg.edf	1250	True		sub-02	V	s	s	0	sub-02/ses-04/eeg/sub-02_ses-04_task-MotorImageryRest_run-02_eeg.vhdr	27ff88d9f946cac05181dacebeafbe0c28a04c520190e9eeed41ba19fd1cee69	True	unresolved	unresolved
sub-2	04	02	sub-2/ses-04/run-02/tsv-row-4	4	right_hand	2	31.356	5.0	7839	9089	sub-2/ses-04/eeg/sub-2_ses-04_task-imagery_run-02_eeg.edf	1250	True		sub-02	V	s	s	0	sub-02/ses-04/eeg/sub-02_ses-04_task-MotorImageryRest_run-02_eeg.vhdr	27ff88d9f946cac05181dacebeafbe0c28a04c520190e9eeed41ba19fd1cee69	True	unresolved	unresolved
sub-2	04	02	sub-2/ses-04/run-02/tsv-row-5	5	right_hand	2	38.244	5.0	9561	10811	sub-2/ses-04/eeg/sub-2_ses-04_task-imagery_run-02_eeg.edf	1250	True		sub-02	V	s	s	0	sub-02/ses-04/eeg/sub-02_ses-04_task-MotorImageryRest_run-02_eeg.vhdr	27ff88d9f946cac05181dacebeafbe0c28a04c520190e9eeed41ba19fd1cee69	True	unresolved	unresolved
sub-2	04	02	sub-2/ses-04/run-02/tsv-row-6	6	rest	1	45.116	5.0	11279	12529	sub-2/ses-04/eeg/sub-2_ses-04_task-imagery_run-02_eeg.edf	1250	True		sub-02	V	s	s	0	sub-02/ses-04/eeg/sub-02_ses-04_task-MotorImageryRest_run-02_eeg.vhdr	27ff88d9f946cac05181dacebeafbe0c28a04c520190e9eeed41ba19fd1cee69	True	unresolved	unresolved
sub-2	04	02	sub-2/ses-04/run-02/tsv-row-7	7	rest	1	52.02	5.0	13005	14255	sub-2/ses-04/eeg/sub-2_ses-04_task-imagery_run-02_eeg.edf	1250	True		sub-02	V	s	s	0	sub-02/ses-04/eeg/sub-02_ses-04_task-MotorImageryRest_run-02_eeg.vhdr	27ff88d9f946cac05181dacebeafbe0c28a04c520190e9eeed41ba19fd1cee69	True	unresolved	unresolved
sub-2	04	02	sub-2/ses-04/run-02/tsv-row-8	8	right_hand	2	58.904	5.0	14726	15976	sub-2/ses-04/eeg/sub-2_ses-04_task-imagery_run-02_eeg.edf	1250	True		sub-02	V	s	s	0	sub-02/ses-04/eeg/sub-02_ses-04_task-MotorImageryRest_run-02_eeg.vhdr	27ff88d9f946cac05181dacebeafbe0c28a04c520190e9eeed41ba19fd1cee69	True	unresolved	unresolved
sub-2	04	02	sub-2/ses-04/run-02/tsv-row-9	9	rest	1	65.792	5.0	16448	17698	sub-2/ses-04/eeg/sub-2_ses-04_task-imagery_run-02_eeg.edf	1250	True		sub-02	V	s	s	0	sub-02/ses-04/eeg/sub-02_ses-04_task-MotorImageryRest_run-02_eeg.vhdr	27ff88d9f946cac05181dacebeafbe0c28a04c520190e9eeed41ba19fd1cee69	True	unresolved	unresolved
sub-2	04	02	sub-2/ses-04/run-02/tsv-row-10	10	right_hand	2	72.676	5.0	18169	19419	sub-2/ses-04/eeg/sub-2_ses-04_task-imagery_run-02_eeg.edf	1250	True		sub-02	V	s	s	0	sub-02/ses-04/eeg/sub-02_ses-04_task-MotorImageryRest_run-02_eeg.vhdr	27ff88d9f946cac05181dacebeafbe0c28a04c520190e9eeed41ba19fd1cee69	True	unresolved	unresolved
sub-2	04	02	sub-2/ses-04/run-02/tsv-row-11	11	right_hand	2	79.58	5.0	19895	21145	sub-2/ses-04/eeg/sub-2_ses-04_task-imagery_run-02_eeg.edf	1250	True		sub-02	V	s	s	0	sub-02/ses-04/eeg/sub-02_ses-04_task-MotorImageryRest_run-02_eeg.vhdr	27ff88d9f946cac05181dacebeafbe0c28a04c520190e9eeed41ba19fd1cee69	True	unresolved	unresolved
sub-2	04	02	sub-2/ses-04/run-02/tsv-row-12	12	rest	1	86.452	5.0	21613	22863	sub-2/ses-04/eeg/sub-2_ses-04_task-imagery_run-02_eeg.edf	1250	True		sub-02	V	s	s	0	sub-02/ses-04/eeg/sub-02_ses-04_task-MotorImageryRest_run-02_eeg.vhdr	27ff88d9f946cac05181dacebeafbe0c28a04c520190e9eeed41ba19fd1cee69	True	unresolved	unresolved
sub-2	04	02	sub-2/ses-04/run-02/tsv-row-13	13	right_hand	2	93.356	5.0	23339	24589	sub-2/ses-04/eeg/sub-2_ses-04_task-imagery_run-02_eeg.edf	1250	True		sub-02	V	s	s	0	sub-02/ses-04/eeg/sub-02_ses-04_task-MotorImageryRest_run-02_eeg.vhdr	27ff88d9f946cac05181dacebeafbe0c28a04c520190e9eeed41ba19fd1cee69	True	unresolved	unresolved
sub-2	04	02	sub-2/ses-04/run-02/tsv-row-14	14	rest	1	100.228	5.0	25057	26307	sub-2/ses-04/eeg/sub-2_ses-04_task-imagery_run-02_eeg.edf	1250	True		sub-02	V	s	s	0	sub-02/ses-04/eeg/sub-02_ses-04_task-MotorImageryRest_run-02_eeg.vhdr	27ff88d9f946cac05181dacebeafbe0c28a04c520190e9eeed41ba19fd1cee69	True	unresolved	unresolved
sub-2	04	02	sub-2/ses-04/run-02/tsv-row-15	15	right_hand	2	107.112	5.0	26778	28028	sub-2/ses-04/eeg/sub-2_ses-04_task-imagery_run-02_eeg.edf	1250	True		sub-02	V	s	s	0	sub-02/ses-04/eeg/sub-02_ses-04_task-MotorImageryRest_run-02_eeg.vhdr	27ff88d9f946cac05181dacebeafbe0c28a04c520190e9eeed41ba19fd1cee69	True	unresolved	unresolved
sub-2	04	02	sub-2/ses-04/run-02/tsv-row-16	16	rest	1	114.016	5.0	28504	29754	sub-2/ses-04/eeg/sub-2_ses-04_task-imagery_run-02_eeg.edf	1250	True		sub-02	V	s	s	0	sub-02/ses-04/eeg/sub-02_ses-04_task-MotorImageryRest_run-02_eeg.vhdr	27ff88d9f946cac05181dacebeafbe0c28a04c520190e9eeed41ba19fd1cee69	True	unresolved	unresolved
sub-2	04	02	sub-2/ses-04/run-02/tsv-row-17	17	right_hand	2	120.904	5.0	30226	31476	sub-2/ses-04/eeg/sub-2_ses-04_task-imagery_run-02_eeg.edf	1250	True		sub-02	V	s	s	0	sub-02/ses-04/eeg/sub-02_ses-04_task-MotorImageryRest_run-02_eeg.vhdr	27ff88d9f946cac05181dacebeafbe0c28a04c520190e9eeed41ba19fd1cee69	True	unresolved	unresolved
sub-2	04	02	sub-2/ses-04/run-02/tsv-row-18	18	rest	1	127.776	5.0	31944	33194	sub-2/ses-04/eeg/sub-2_ses-04_task-imagery_run-02_eeg.edf	1250	True		sub-02	V	s	s	0	sub-02/ses-04/eeg/sub-02_ses-04_task-MotorImageryRest_run-02_eeg.vhdr	27ff88d9f946cac05181dacebeafbe0c28a04c520190e9eeed41ba19fd1cee69	True	unresolved	unresolved
sub-2	04	02	sub-2/ses-04/run-02/tsv-row-19	19	rest	1	134.676	5.0	33669	34919	sub-2/ses-04/eeg/sub-2_ses-04_task-imagery_run-02_eeg.edf	1250	True		sub-02	V	s	s	0	sub-02/ses-04/eeg/sub-02_ses-04_task-MotorImageryRest_run-02_eeg.vhdr	27ff88d9f946cac05181dacebeafbe0c28a04c520190e9eeed41ba19fd1cee69	True	unresolved	unresolved
sub-2	04	02	sub-2/ses-04/run-02/tsv-row-20	20	right_hand	2	141.564	5.0	35391	36641	sub-2/ses-04/eeg/sub-2_ses-04_task-imagery_run-02_eeg.edf	1250	True		sub-02	V	s	s	0	sub-02/ses-04/eeg/sub-02_ses-04_task-MotorImageryRest_run-02_eeg.vhdr	27ff88d9f946cac05181dacebeafbe0c28a04c520190e9eeed41ba19fd1cee69	True	unresolved	unresolved
sub-2	04	02	sub-2/ses-04/run-02/tsv-row-21	21	rest	1	148.452	5.0	37113	38363	sub-2/ses-04/eeg/sub-2_ses-04_task-imagery_run-02_eeg.edf	1250	True		sub-02	V	s	s	0	sub-02/ses-04/eeg/sub-02_ses-04_task-MotorImageryRest_run-02_eeg.vhdr	27ff88d9f946cac05181dacebeafbe0c28a04c520190e9eeed41ba19fd1cee69	True	unresolved	unresolved
sub-2	04	02	sub-2/ses-04/run-02/tsv-row-22	22	right_hand	2	155.352	5.0	38838	40088	sub-2/ses-04/eeg/sub-2_ses-04_task-imagery_run-02_eeg.edf	1250	True		sub-02	V	s	s	0	sub-02/ses-04/eeg/sub-02_ses-04_task-MotorImageryRest_run-02_eeg.vhdr	27ff88d9f946cac05181dacebeafbe0c28a04c520190e9eeed41ba19fd1cee69	True	unresolved	unresolved
sub-2	04	02	sub-2/ses-04/run-02/tsv-row-23	23	right_hand	2	162.224	5.0	40556	41806	sub-2/ses-04/eeg/sub-2_ses-04_task-imagery_run-02_eeg.edf	1250	True		sub-02	V	s	s	0	sub-02/ses-04/eeg/sub-02_ses-04_task-MotorImageryRest_run-02_eeg.vhdr	27ff88d9f946cac05181dacebeafbe0c28a04c520190e9eeed41ba19fd1cee69	True	unresolved	unresolved
sub-2	04	02	sub-2/ses-04/run-02/tsv-row-24	24	rest	1	169.112	5.0	42278	43528	sub-2/ses-04/eeg/sub-2_ses-04_task-imagery_run-02_eeg.edf	1250	True		sub-02	V	s	s	0	sub-02/ses-04/eeg/sub-02_ses-04_task-MotorImageryRest_run-02_eeg.vhdr	27ff88d9f946cac05181dacebeafbe0c28a04c520190e9eeed41ba19fd1cee69	True	unresolved	unresolved
sub-2	04	02	sub-2/ses-04/run-02/tsv-row-25	25	right_hand	2	175.996	5.0	43999	45249	sub-2/ses-04/eeg/sub-2_ses-04_task-imagery_run-02_eeg.edf	1250	True		sub-02	V	s	s	0	sub-02/ses-04/eeg/sub-02_ses-04_task-MotorImageryRest_run-02_eeg.vhdr	27ff88d9f946cac05181dacebeafbe0c28a04c520190e9eeed41ba19fd1cee69	True	unresolved	unresolved
sub-2	04	02	sub-2/ses-04/run-02/tsv-row-26	26	rest	1	182.9	5.0	45725	46975	sub-2/ses-04/eeg/sub-2_ses-04_task-imagery_run-02_eeg.edf	1250	True		sub-02	V	s	s	0	sub-02/ses-04/eeg/sub-02_ses-04_task-MotorImageryRest_run-02_eeg.vhdr	27ff88d9f946cac05181dacebeafbe0c28a04c520190e9eeed41ba19fd1cee69	True	unresolved	unresolved
sub-2	04	02	sub-2/ses-04/run-02/tsv-row-27	27	right_hand	2	189.772	5.0	47443	48693	sub-2/ses-04/eeg/sub-2_ses-04_task-imagery_run-02_eeg.edf	1250	True		sub-02	V	s	s	0	sub-02/ses-04/eeg/sub-02_ses-04_task-MotorImageryRest_run-02_eeg.vhdr	27ff88d9f946cac05181dacebeafbe0c28a04c520190e9eeed41ba19fd1cee69	True	unresolved	unresolved
sub-2	04	02	sub-2/ses-04/run-02/tsv-row-28	28	rest	1	196.66	5.0	49165	50415	sub-2/ses-04/eeg/sub-2_ses-04_task-imagery_run-02_eeg.edf	1250	True		sub-02	V	s	s	0	sub-02/ses-04/eeg/sub-02_ses-04_task-MotorImageryRest_run-02_eeg.vhdr	27ff88d9f946cac05181dacebeafbe0c28a04c520190e9eeed41ba19fd1cee69	True	unresolved	unresolved
sub-2	04	02	sub-2/ses-04/run-02/tsv-row-29	29	right_hand	2	203.56	5.0	50890	52140	sub-2/ses-04/eeg/sub-2_ses-04_task-imagery_run-02_eeg.edf	1250	True		sub-02	V	s	s	0	sub-02/ses-04/eeg/sub-02_ses-04_task-MotorImageryRest_run-02_eeg.vhdr	27ff88d9f946cac05181dacebeafbe0c28a04c520190e9eeed41ba19fd1cee69	True	unresolved	unresolved
sub-2	04	02	sub-2/ses-04/run-02/tsv-row-30	30	rest	1	210.448	5.0	52612	53862	sub-2/ses-04/eeg/sub-2_ses-04_task-imagery_run-02_eeg.edf	1250	True		sub-02	V	s	s	0	sub-02/ses-04/eeg/sub-02_ses-04_task-MotorImageryRest_run-02_eeg.vhdr	27ff88d9f946cac05181dacebeafbe0c28a04c520190e9eeed41ba19fd1cee69	True	unresolved	unresolved
sub-2	04	02	sub-2/ses-04/run-02/tsv-row-31	31	right_hand	2	217.316	5.0	54329	55579	sub-2/ses-04/eeg/sub-2_ses-04_task-imagery_run-02_eeg.edf	1250	True		sub-02	V	s	s	0	sub-02/ses-04/eeg/sub-02_ses-04_task-MotorImageryRest_run-02_eeg.vhdr	27ff88d9f946cac05181dacebeafbe0c28a04c520190e9eeed41ba19fd1cee69	True	unresolved	unresolved
sub-2	04	02	sub-2/ses-04/run-02/tsv-row-32	32	rest	1	224.224	5.0	56056	57306	sub-2/ses-04/eeg/sub-2_ses-04_task-imagery_run-02_eeg.edf	1250	True		sub-02	V	s	s	0	sub-02/ses-04/eeg/sub-02_ses-04_task-MotorImageryRest_run-02_eeg.vhdr	27ff88d9f946cac05181dacebeafbe0c28a04c520190e9eeed41ba19fd1cee69	True	unresolved	unresolved
sub-2	04	03	sub-2/ses-04/run-03/tsv-row-1	1	right_hand	2	6.324	5.0	1581	2831	sub-2/ses-04/eeg/sub-2_ses-04_task-imagery_run-03_eeg.edf	1250	True		sub-02	V	s	s	0	sub-02/ses-04/eeg/sub-02_ses-04_task-MotorImageryRest_run-03_eeg.vhdr	c0570b98ed24d9c6993c0fa3ad713a1b8a9d2cdfb2470b09909e92cba0e47fae	True	unresolved	unresolved
sub-2	04	03	sub-2/ses-04/run-03/tsv-row-2	2	rest	1	13.2	5.0	3300	4550	sub-2/ses-04/eeg/sub-2_ses-04_task-imagery_run-03_eeg.edf	1250	True		sub-02	V	s	s	0	sub-02/ses-04/eeg/sub-02_ses-04_task-MotorImageryRest_run-03_eeg.vhdr	c0570b98ed24d9c6993c0fa3ad713a1b8a9d2cdfb2470b09909e92cba0e47fae	True	unresolved	unresolved
sub-2	04	03	sub-2/ses-04/run-03/tsv-row-3	3	right_hand	2	20.084	5.0	5021	6271	sub-2/ses-04/eeg/sub-2_ses-04_task-imagery_run-03_eeg.edf	1250	True		sub-02	V	s	s	0	sub-02/ses-04/eeg/sub-02_ses-04_task-MotorImageryRest_run-03_eeg.vhdr	c0570b98ed24d9c6993c0fa3ad713a1b8a9d2cdfb2470b09909e92cba0e47fae	True	unresolved	unresolved
sub-2	04	03	sub-2/ses-04/run-03/tsv-row-4	4	rest	1	26.992	5.0	6748	7998	sub-2/ses-04/eeg/sub-2_ses-04_task-imagery_run-03_eeg.edf	1250	True		sub-02	V	s	s	0	sub-02/ses-04/eeg/sub-02_ses-04_task-MotorImageryRest_run-03_eeg.vhdr	c0570b98ed24d9c6993c0fa3ad713a1b8a9d2cdfb2470b09909e92cba0e47fae	True	unresolved	unresolved
sub-2	04	03	sub-2/ses-04/run-03/tsv-row-5	5	rest	1	33.876	5.0	8469	9719	sub-2/ses-04/eeg/sub-2_ses-04_task-imagery_run-03_eeg.edf	1250	True		sub-02	V	s	s	0	sub-02/ses-04/eeg/sub-02_ses-04_task-MotorImageryRest_run-03_eeg.vhdr	c0570b98ed24d9c6993c0fa3ad713a1b8a9d2cdfb2470b09909e92cba0e47fae	True	unresolved	unresolved
sub-2	04	03	sub-2/ses-04/run-03/tsv-row-6	6	right_hand	2	40.748	5.0	10187	11437	sub-2/ses-04/eeg/sub-2_ses-04_task-imagery_run-03_eeg.edf	1250	True		sub-02	V	s	s	0	sub-02/ses-04/eeg/sub-02_ses-04_task-MotorImageryRest_run-03_eeg.vhdr	c0570b98ed24d9c6993c0fa3ad713a1b8a9d2cdfb2470b09909e92cba0e47fae	True	unresolved	unresolved
sub-2	04	03	sub-2/ses-04/run-03/tsv-row-7	7	rest	1	47.652	5.0	11913	13163	sub-2/ses-04/eeg/sub-2_ses-04_task-imagery_run-03_eeg.edf	1250	True		sub-02	V	s	s	0	sub-02/ses-04/eeg/sub-02_ses-04_task-MotorImageryRest_run-03_eeg.vhdr	c0570b98ed24d9c6993c0fa3ad713a1b8a9d2cdfb2470b09909e92cba0e47fae	True	unresolved	unresolved
sub-2	04	03	sub-2/ses-04/run-03/tsv-row-8	8	right_hand	2	54.536	5.0	13634	14884	sub-2/ses-04/eeg/sub-2_ses-04_task-imagery_run-03_eeg.edf	1250	True		sub-02	V	s	s	0	sub-02/ses-04/eeg/sub-02_ses-04_task-MotorImageryRest_run-03_eeg.vhdr	c0570b98ed24d9c6993c0fa3ad713a1b8a9d2cdfb2470b09909e92cba0e47fae	True	unresolved	unresolved
sub-2	04	03	sub-2/ses-04/run-03/tsv-row-9	9	right_hand	2	61.44	5.0	15360	16610	sub-2/ses-04/eeg/sub-2_ses-04_task-imagery_run-03_eeg.edf	1250	True		sub-02	V	s	s	0	sub-02/ses-04/eeg/sub-02_ses-04_task-MotorImageryRest_run-03_eeg.vhdr	c0570b98ed24d9c6993c0fa3ad713a1b8a9d2cdfb2470b09909e92cba0e47fae	True	unresolved	unresolved
sub-2	04	03	sub-2/ses-04/run-03/tsv-row-10	10	rest	1	68.312	5.0	17078	18328	sub-2/ses-04/eeg/sub-2_ses-04_task-imagery_run-03_eeg.edf	1250	True		sub-02	V	s	s	0	sub-02/ses-04/eeg/sub-02_ses-04_task-MotorImageryRest_run-03_eeg.vhdr	c0570b98ed24d9c6993c0fa3ad713a1b8a9d2cdfb2470b09909e92cba0e47fae	True	unresolved	unresolved
sub-2	04	03	sub-2/ses-04/run-03/tsv-row-11	11	rest	1	75.216	5.0	18804	20054	sub-2/ses-04/eeg/sub-2_ses-04_task-imagery_run-03_eeg.edf	1250	True		sub-02	V	s	s	0	sub-02/ses-04/eeg/sub-02_ses-04_task-MotorImageryRest_run-03_eeg.vhdr	c0570b98ed24d9c6993c0fa3ad713a1b8a9d2cdfb2470b09909e92cba0e47fae	True	unresolved	unresolved
sub-2	04	03	sub-2/ses-04/run-03/tsv-row-12	12	right_hand	2	82.084	5.0	20521	21771	sub-2/ses-04/eeg/sub-2_ses-04_task-imagery_run-03_eeg.edf	1250	True		sub-02	V	s	s	0	sub-02/ses-04/eeg/sub-02_ses-04_task-MotorImageryRest_run-03_eeg.vhdr	c0570b98ed24d9c6993c0fa3ad713a1b8a9d2cdfb2470b09909e92cba0e47fae	True	unresolved	unresolved
sub-2	04	03	sub-2/ses-04/run-03/tsv-row-13	13	right_hand	2	88.988	5.0	22247	23497	sub-2/ses-04/eeg/sub-2_ses-04_task-imagery_run-03_eeg.edf	1250	True		sub-02	V	s	s	0	sub-02/ses-04/eeg/sub-02_ses-04_task-MotorImageryRest_run-03_eeg.vhdr	c0570b98ed24d9c6993c0fa3ad713a1b8a9d2cdfb2470b09909e92cba0e47fae	True	unresolved	unresolved
sub-2	04	03	sub-2/ses-04/run-03/tsv-row-14	14	rest	1	95.86	5.0	23965	25215	sub-2/ses-04/eeg/sub-2_ses-04_task-imagery_run-03_eeg.edf	1250	True		sub-02	V	s	s	0	sub-02/ses-04/eeg/sub-02_ses-04_task-MotorImageryRest_run-03_eeg.vhdr	c0570b98ed24d9c6993c0fa3ad713a1b8a9d2cdfb2470b09909e92cba0e47fae	True	unresolved	unresolved
sub-2	04	03	sub-2/ses-04/run-03/tsv-row-15	15	right_hand	2	102.744	5.0	25686	26936	sub-2/ses-04/eeg/sub-2_ses-04_task-imagery_run-03_eeg.edf	1250	True		sub-02	V	s	s	0	sub-02/ses-04/eeg/sub-02_ses-04_task-MotorImageryRest_run-03_eeg.vhdr	c0570b98ed24d9c6993c0fa3ad713a1b8a9d2cdfb2470b09909e92cba0e47fae	True	unresolved	unresolved
sub-2	04	03	sub-2/ses-04/run-03/tsv-row-16	16	rest	1	109.648	5.0	27412	28662	sub-2/ses-04/eeg/sub-2_ses-04_task-imagery_run-03_eeg.edf	1250	True		sub-02	V	s	s	0	sub-02/ses-04/eeg/sub-02_ses-04_task-MotorImageryRest_run-03_eeg.vhdr	c0570b98ed24d9c6993c0fa3ad713a1b8a9d2cdfb2470b09909e92cba0e47fae	True	unresolved	unresolved
sub-2	04	03	sub-2/ses-04/run-03/tsv-row-17	17	rest	1	116.536	5.0	29134	30384	sub-2/ses-04/eeg/sub-2_ses-04_task-imagery_run-03_eeg.edf	1250	True		sub-02	V	s	s	0	sub-02/ses-04/eeg/sub-02_ses-04_task-MotorImageryRest_run-03_eeg.vhdr	c0570b98ed24d9c6993c0fa3ad713a1b8a9d2cdfb2470b09909e92cba0e47fae	True	unresolved	unresolved
sub-2	04	03	sub-2/ses-04/run-03/tsv-row-18	18	right_hand	2	123.42	5.0	30855	32105	sub-2/ses-04/eeg/sub-2_ses-04_task-imagery_run-03_eeg.edf	1250	True		sub-02	V	s	s	0	sub-02/ses-04/eeg/sub-02_ses-04_task-MotorImageryRest_run-03_eeg.vhdr	c0570b98ed24d9c6993c0fa3ad713a1b8a9d2cdfb2470b09909e92cba0e47fae	True	unresolved	unresolved
sub-2	04	03	sub-2/ses-04/run-03/tsv-row-19	19	rest	1	130.308	5.0	32577	33827	sub-2/ses-04/eeg/sub-2_ses-04_task-imagery_run-03_eeg.edf	1250	True		sub-02	V	s	s	0	sub-02/ses-04/eeg/sub-02_ses-04_task-MotorImageryRest_run-03_eeg.vhdr	c0570b98ed24d9c6993c0fa3ad713a1b8a9d2cdfb2470b09909e92cba0e47fae	True	unresolved	unresolved
sub-2	04	03	sub-2/ses-04/run-03/tsv-row-20	20	right_hand	2	137.196	5.0	34299	35549	sub-2/ses-04/eeg/sub-2_ses-04_task-imagery_run-03_eeg.edf	1250	True		sub-02	V	s	s	0	sub-02/ses-04/eeg/sub-02_ses-04_task-MotorImageryRest_run-03_eeg.vhdr	c0570b98ed24d9c6993c0fa3ad713a1b8a9d2cdfb2470b09909e92cba0e47fae	True	unresolved	unresolved
sub-2	04	03	sub-2/ses-04/run-03/tsv-row-21	21	right_hand	2	144.08	5.0	36020	37270	sub-2/ses-04/eeg/sub-2_ses-04_task-imagery_run-03_eeg.edf	1250	True		sub-02	V	s	s	0	sub-02/ses-04/eeg/sub-02_ses-04_task-MotorImageryRest_run-03_eeg.vhdr	c0570b98ed24d9c6993c0fa3ad713a1b8a9d2cdfb2470b09909e92cba0e47fae	True	unresolved	unresolved
sub-2	04	03	sub-2/ses-04/run-03/tsv-row-22	22	rest	1	150.972	5.0	37743	38993	sub-2/ses-04/eeg/sub-2_ses-04_task-imagery_run-03_eeg.edf	1250	True		sub-02	V	s	s	0	sub-02/ses-04/eeg/sub-02_ses-04_task-MotorImageryRest_run-03_eeg.vhdr	c0570b98ed24d9c6993c0fa3ad713a1b8a9d2cdfb2470b09909e92cba0e47fae	True	unresolved	unresolved
sub-2	04	03	sub-2/ses-04/run-03/tsv-row-23	23	right_hand	2	157.856	5.0	39464	40714	sub-2/ses-04/eeg/sub-2_ses-04_task-imagery_run-03_eeg.edf	1250	True		sub-02	V	s	s	0	sub-02/ses-04/eeg/sub-02_ses-04_task-MotorImageryRest_run-03_eeg.vhdr	c0570b98ed24d9c6993c0fa3ad713a1b8a9d2cdfb2470b09909e92cba0e47fae	True	unresolved	unresolved
sub-2	04	03	sub-2/ses-04/run-03/tsv-row-24	24	rest	1	164.744	5.0	41186	42436	sub-2/ses-04/eeg/sub-2_ses-04_task-imagery_run-03_eeg.edf	1250	True		sub-02	V	s	s	0	sub-02/ses-04/eeg/sub-02_ses-04_task-MotorImageryRest_run-03_eeg.vhdr	c0570b98ed24d9c6993c0fa3ad713a1b8a9d2cdfb2470b09909e92cba0e47fae	True	unresolved	unresolved
sub-2	04	03	sub-2/ses-04/run-03/tsv-row-25	25	rest	1	171.632	5.0	42908	44158	sub-2/ses-04/eeg/sub-2_ses-04_task-imagery_run-03_eeg.edf	1250	True		sub-02	V	s	s	0	sub-02/ses-04/eeg/sub-02_ses-04_task-MotorImageryRest_run-03_eeg.vhdr	c0570b98ed24d9c6993c0fa3ad713a1b8a9d2cdfb2470b09909e92cba0e47fae	True	unresolved	unresolved
sub-2	04	03	sub-2/ses-04/run-03/tsv-row-26	26	right_hand	2	178.516	5.0	44629	45879	sub-2/ses-04/eeg/sub-2_ses-04_task-imagery_run-03_eeg.edf	1250	True		sub-02	V	s	s	0	sub-02/ses-04/eeg/sub-02_ses-04_task-MotorImageryRest_run-03_eeg.vhdr	c0570b98ed24d9c6993c0fa3ad713a1b8a9d2cdfb2470b09909e92cba0e47fae	True	unresolved	unresolved
sub-2	04	03	sub-2/ses-04/run-03/tsv-row-27	27	rest	1	185.404	5.0	46351	47601	sub-2/ses-04/eeg/sub-2_ses-04_task-imagery_run-03_eeg.edf	1250	True		sub-02	V	s	s	0	sub-02/ses-04/eeg/sub-02_ses-04_task-MotorImageryRest_run-03_eeg.vhdr	c0570b98ed24d9c6993c0fa3ad713a1b8a9d2cdfb2470b09909e92cba0e47fae	True	unresolved	unresolved
sub-2	04	03	sub-2/ses-04/run-03/tsv-row-28	28	right_hand	2	192.288	5.0	48072	49322	sub-2/ses-04/eeg/sub-2_ses-04_task-imagery_run-03_eeg.edf	1250	True		sub-02	V	s	s	0	sub-02/ses-04/eeg/sub-02_ses-04_task-MotorImageryRest_run-03_eeg.vhdr	c0570b98ed24d9c6993c0fa3ad713a1b8a9d2cdfb2470b09909e92cba0e47fae	True	unresolved	unresolved
sub-2	04	03	sub-2/ses-04/run-03/tsv-row-29	29	right_hand	2	199.192	5.0	49798	51048	sub-2/ses-04/eeg/sub-2_ses-04_task-imagery_run-03_eeg.edf	1250	True		sub-02	V	s	s	0	sub-02/ses-04/eeg/sub-02_ses-04_task-MotorImageryRest_run-03_eeg.vhdr	c0570b98ed24d9c6993c0fa3ad713a1b8a9d2cdfb2470b09909e92cba0e47fae	True	unresolved	unresolved
sub-2	04	03	sub-2/ses-04/run-03/tsv-row-30	30	rest	1	206.08	5.0	51520	52770	sub-2/ses-04/eeg/sub-2_ses-04_task-imagery_run-03_eeg.edf	1250	True		sub-02	V	s	s	0	sub-02/ses-04/eeg/sub-02_ses-04_task-MotorImageryRest_run-03_eeg.vhdr	c0570b98ed24d9c6993c0fa3ad713a1b8a9d2cdfb2470b09909e92cba0e47fae	True	unresolved	unresolved
sub-2	04	03	sub-2/ses-04/run-03/tsv-row-31	31	rest	1	212.952	5.0	53238	54488	sub-2/ses-04/eeg/sub-2_ses-04_task-imagery_run-03_eeg.edf	1250	True		sub-02	V	s	s	0	sub-02/ses-04/eeg/sub-02_ses-04_task-MotorImageryRest_run-03_eeg.vhdr	c0570b98ed24d9c6993c0fa3ad713a1b8a9d2cdfb2470b09909e92cba0e47fae	True	unresolved	unresolved
sub-2	04	03	sub-2/ses-04/run-03/tsv-row-32	32	right_hand	2	219.852	5.0	54963	56213	sub-2/ses-04/eeg/sub-2_ses-04_task-imagery_run-03_eeg.edf	1250	True		sub-02	V	s	s	0	sub-02/ses-04/eeg/sub-02_ses-04_task-MotorImageryRest_run-03_eeg.vhdr	c0570b98ed24d9c6993c0fa3ad713a1b8a9d2cdfb2470b09909e92cba0e47fae	True	unresolved	unresolved
sub-2	04	04	sub-2/ses-04/run-04/tsv-row-1	1	rest	1	8.44	5.0	2110	3360	sub-2/ses-04/eeg/sub-2_ses-04_task-imagery_run-04_eeg.edf	1250	True		sub-02	V	s	s	0	sub-02/ses-04/eeg/sub-02_ses-04_task-MotorImageryRest_run-04_eeg.vhdr	99b5b40d0a605da2d408ace3e5dea267acf957b2a39a42921269d5b109145f7c	True	unresolved	unresolved
sub-2	04	04	sub-2/ses-04/run-04/tsv-row-2	2	right_hand	2	15.348	5.0	3837	5087	sub-2/ses-04/eeg/sub-2_ses-04_task-imagery_run-04_eeg.edf	1250	True		sub-02	V	s	s	0	sub-02/ses-04/eeg/sub-02_ses-04_task-MotorImageryRest_run-04_eeg.vhdr	99b5b40d0a605da2d408ace3e5dea267acf957b2a39a42921269d5b109145f7c	True	unresolved	unresolved
sub-2	04	04	sub-2/ses-04/run-04/tsv-row-3	3	right_hand	2	22.232	5.0	5558	6808	sub-2/ses-04/eeg/sub-2_ses-04_task-imagery_run-04_eeg.edf	1250	True		sub-02	V	s	s	0	sub-02/ses-04/eeg/sub-02_ses-04_task-MotorImageryRest_run-04_eeg.vhdr	99b5b40d0a605da2d408ace3e5dea267acf957b2a39a42921269d5b109145f7c	True	unresolved	unresolved
sub-2	04	04	sub-2/ses-04/run-04/tsv-row-4	4	rest	1	29.104	5.0	7276	8526	sub-2/ses-04/eeg/sub-2_ses-04_task-imagery_run-04_eeg.edf	1250	True		sub-02	V	s	s	0	sub-02/ses-04/eeg/sub-02_ses-04_task-MotorImageryRest_run-04_eeg.vhdr	99b5b40d0a605da2d408ace3e5dea267acf957b2a39a42921269d5b109145f7c	True	unresolved	unresolved
sub-2	04	04	sub-2/ses-04/run-04/tsv-row-5	5	rest	1	36.008	5.0	9002	10252	sub-2/ses-04/eeg/sub-2_ses-04_task-imagery_run-04_eeg.edf	1250	True		sub-02	V	s	s	0	sub-02/ses-04/eeg/sub-02_ses-04_task-MotorImageryRest_run-04_eeg.vhdr	99b5b40d0a605da2d408ace3e5dea267acf957b2a39a42921269d5b109145f7c	True	unresolved	unresolved
sub-2	04	04	sub-2/ses-04/run-04/tsv-row-6	6	right_hand	2	42.892	5.0	10723	11973	sub-2/ses-04/eeg/sub-2_ses-04_task-imagery_run-04_eeg.edf	1250	True		sub-02	V	s	s	0	sub-02/ses-04/eeg/sub-02_ses-04_task-MotorImageryRest_run-04_eeg.vhdr	99b5b40d0a605da2d408ace3e5dea267acf957b2a39a42921269d5b109145f7c	True	unresolved	unresolved
sub-2	04	04	sub-2/ses-04/run-04/tsv-row-7	7	rest	1	49.78	5.0	12445	13695	sub-2/ses-04/eeg/sub-2_ses-04_task-imagery_run-04_eeg.edf	1250	True		sub-02	V	s	s	0	sub-02/ses-04/eeg/sub-02_ses-04_task-MotorImageryRest_run-04_eeg.vhdr	99b5b40d0a605da2d408ace3e5dea267acf957b2a39a42921269d5b109145f7c	True	unresolved	unresolved
sub-2	04	04	sub-2/ses-04/run-04/tsv-row-8	8	right_hand	2	56.668	5.0	14167	15417	sub-2/ses-04/eeg/sub-2_ses-04_task-imagery_run-04_eeg.edf	1250	True		sub-02	V	s	s	0	sub-02/ses-04/eeg/sub-02_ses-04_task-MotorImageryRest_run-04_eeg.vhdr	99b5b40d0a605da2d408ace3e5dea267acf957b2a39a42921269d5b109145f7c	True	unresolved	unresolved
sub-2	04	04	sub-2/ses-04/run-04/tsv-row-9	9	right_hand	2	63.552	5.0	15888	17138	sub-2/ses-04/eeg/sub-2_ses-04_task-imagery_run-04_eeg.edf	1250	True		sub-02	V	s	s	0	sub-02/ses-04/eeg/sub-02_ses-04_task-MotorImageryRest_run-04_eeg.vhdr	99b5b40d0a605da2d408ace3e5dea267acf957b2a39a42921269d5b109145f7c	True	unresolved	unresolved
sub-2	04	04	sub-2/ses-04/run-04/tsv-row-10	10	rest	1	70.444	5.0	17611	18861	sub-2/ses-04/eeg/sub-2_ses-04_task-imagery_run-04_eeg.edf	1250	True		sub-02	V	s	s	0	sub-02/ses-04/eeg/sub-02_ses-04_task-MotorImageryRest_run-04_eeg.vhdr	99b5b40d0a605da2d408ace3e5dea267acf957b2a39a42921269d5b109145f7c	True	unresolved	unresolved
sub-2	04	04	sub-2/ses-04/run-04/tsv-row-11	11	rest	1	77.344	5.0	19336	20586	sub-2/ses-04/eeg/sub-2_ses-04_task-imagery_run-04_eeg.edf	1250	True		sub-02	V	s	s	0	sub-02/ses-04/eeg/sub-02_ses-04_task-MotorImageryRest_run-04_eeg.vhdr	99b5b40d0a605da2d408ace3e5dea267acf957b2a39a42921269d5b109145f7c	True	unresolved	unresolved
sub-2	04	04	sub-2/ses-04/run-04/tsv-row-12	12	right_hand	2	84.216	5.0	21054	22304	sub-2/ses-04/eeg/sub-2_ses-04_task-imagery_run-04_eeg.edf	1250	True		sub-02	V	s	s	0	sub-02/ses-04/eeg/sub-02_ses-04_task-MotorImageryRest_run-04_eeg.vhdr	99b5b40d0a605da2d408ace3e5dea267acf957b2a39a42921269d5b109145f7c	True	unresolved	unresolved
sub-2	04	04	sub-2/ses-04/run-04/tsv-row-13	13	right_hand	2	91.116	5.0	22779	24029	sub-2/ses-04/eeg/sub-2_ses-04_task-imagery_run-04_eeg.edf	1250	True		sub-02	V	s	s	0	sub-02/ses-04/eeg/sub-02_ses-04_task-MotorImageryRest_run-04_eeg.vhdr	99b5b40d0a605da2d408ace3e5dea267acf957b2a39a42921269d5b109145f7c	True	unresolved	unresolved
sub-2	04	04	sub-2/ses-04/run-04/tsv-row-14	14	rest	1	97.988	5.0	24497	25747	sub-2/ses-04/eeg/sub-2_ses-04_task-imagery_run-04_eeg.edf	1250	True		sub-02	V	s	s	0	sub-02/ses-04/eeg/sub-02_ses-04_task-MotorImageryRest_run-04_eeg.vhdr	99b5b40d0a605da2d408ace3e5dea267acf957b2a39a42921269d5b109145f7c	True	unresolved	unresolved
sub-2	04	04	sub-2/ses-04/run-04/tsv-row-15	15	right_hand	2	104.892	5.0	26223	27473	sub-2/ses-04/eeg/sub-2_ses-04_task-imagery_run-04_eeg.edf	1250	True		sub-02	V	s	s	0	sub-02/ses-04/eeg/sub-02_ses-04_task-MotorImageryRest_run-04_eeg.vhdr	99b5b40d0a605da2d408ace3e5dea267acf957b2a39a42921269d5b109145f7c	True	unresolved	unresolved
sub-2	04	04	sub-2/ses-04/run-04/tsv-row-16	16	rest	1	111.764	5.0	27941	29191	sub-2/ses-04/eeg/sub-2_ses-04_task-imagery_run-04_eeg.edf	1250	True		sub-02	V	s	s	0	sub-02/ses-04/eeg/sub-02_ses-04_task-MotorImageryRest_run-04_eeg.vhdr	99b5b40d0a605da2d408ace3e5dea267acf957b2a39a42921269d5b109145f7c	True	unresolved	unresolved
sub-2	04	04	sub-2/ses-04/run-04/tsv-row-17	17	right_hand	2	118.648	5.0	29662	30912	sub-2/ses-04/eeg/sub-2_ses-04_task-imagery_run-04_eeg.edf	1250	True		sub-02	V	s	s	0	sub-02/ses-04/eeg/sub-02_ses-04_task-MotorImageryRest_run-04_eeg.vhdr	99b5b40d0a605da2d408ace3e5dea267acf957b2a39a42921269d5b109145f7c	True	unresolved	unresolved
sub-2	04	04	sub-2/ses-04/run-04/tsv-row-18	18	rest	1	125.552	5.0	31388	32638	sub-2/ses-04/eeg/sub-2_ses-04_task-imagery_run-04_eeg.edf	1250	True		sub-02	V	s	s	0	sub-02/ses-04/eeg/sub-02_ses-04_task-MotorImageryRest_run-04_eeg.vhdr	99b5b40d0a605da2d408ace3e5dea267acf957b2a39a42921269d5b109145f7c	True	unresolved	unresolved
sub-2	04	04	sub-2/ses-04/run-04/tsv-row-19	19	right_hand	2	132.44	5.0	33110	34360	sub-2/ses-04/eeg/sub-2_ses-04_task-imagery_run-04_eeg.edf	1250	True		sub-02	V	s	s	0	sub-02/ses-04/eeg/sub-02_ses-04_task-MotorImageryRest_run-04_eeg.vhdr	99b5b40d0a605da2d408ace3e5dea267acf957b2a39a42921269d5b109145f7c	True	unresolved	unresolved
sub-2	04	04	sub-2/ses-04/run-04/tsv-row-20	20	rest	1	139.312	5.0	34828	36078	sub-2/ses-04/eeg/sub-2_ses-04_task-imagery_run-04_eeg.edf	1250	True		sub-02	V	s	s	0	sub-02/ses-04/eeg/sub-02_ses-04_task-MotorImageryRest_run-04_eeg.vhdr	99b5b40d0a605da2d408ace3e5dea267acf957b2a39a42921269d5b109145f7c	True	unresolved	unresolved
sub-2	04	04	sub-2/ses-04/run-04/tsv-row-21	21	right_hand	2	146.212	5.0	36553	37803	sub-2/ses-04/eeg/sub-2_ses-04_task-imagery_run-04_eeg.edf	1250	True		sub-02	V	s	s	0	sub-02/ses-04/eeg/sub-02_ses-04_task-MotorImageryRest_run-04_eeg.vhdr	99b5b40d0a605da2d408ace3e5dea267acf957b2a39a42921269d5b109145f7c	True	unresolved	unresolved
sub-2	04	04	sub-2/ses-04/run-04/tsv-row-22	22	rest	1	153.1	5.0	38275	39525	sub-2/ses-04/eeg/sub-2_ses-04_task-imagery_run-04_eeg.edf	1250	True		sub-02	V	s	s	0	sub-02/ses-04/eeg/sub-02_ses-04_task-MotorImageryRest_run-04_eeg.vhdr	99b5b40d0a605da2d408ace3e5dea267acf957b2a39a42921269d5b109145f7c	True	unresolved	unresolved
sub-2	04	04	sub-2/ses-04/run-04/tsv-row-23	23	rest	1	159.988	5.0	39997	41247	sub-2/ses-04/eeg/sub-2_ses-04_task-imagery_run-04_eeg.edf	1250	True		sub-02	V	s	s	0	sub-02/ses-04/eeg/sub-02_ses-04_task-MotorImageryRest_run-04_eeg.vhdr	99b5b40d0a605da2d408ace3e5dea267acf957b2a39a42921269d5b109145f7c	True	unresolved	unresolved
sub-2	04	04	sub-2/ses-04/run-04/tsv-row-24	24	right_hand	2	166.872	5.0	41718	42968	sub-2/ses-04/eeg/sub-2_ses-04_task-imagery_run-04_eeg.edf	1250	True		sub-02	V	s	s	0	sub-02/ses-04/eeg/sub-02_ses-04_task-MotorImageryRest_run-04_eeg.vhdr	99b5b40d0a605da2d408ace3e5dea267acf957b2a39a42921269d5b109145f7c	True	unresolved	unresolved
sub-2	04	04	sub-2/ses-04/run-04/tsv-row-25	25	right_hand	2	173.76	5.0	43440	44690	sub-2/ses-04/eeg/sub-2_ses-04_task-imagery_run-04_eeg.edf	1250	True		sub-02	V	s	s	0	sub-02/ses-04/eeg/sub-02_ses-04_task-MotorImageryRest_run-04_eeg.vhdr	99b5b40d0a605da2d408ace3e5dea267acf957b2a39a42921269d5b109145f7c	True	unresolved	unresolved
sub-2	04	04	sub-2/ses-04/run-04/tsv-row-26	26	rest	1	180.648	5.0	45162	46412	sub-2/ses-04/eeg/sub-2_ses-04_task-imagery_run-04_eeg.edf	1250	True		sub-02	V	s	s	0	sub-02/ses-04/eeg/sub-02_ses-04_task-MotorImageryRest_run-04_eeg.vhdr	99b5b40d0a605da2d408ace3e5dea267acf957b2a39a42921269d5b109145f7c	True	unresolved	unresolved
sub-2	04	04	sub-2/ses-04/run-04/tsv-row-27	27	rest	1	187.552	5.0	46888	48138	sub-2/ses-04/eeg/sub-2_ses-04_task-imagery_run-04_eeg.edf	1250	True		sub-02	V	s	s	0	sub-02/ses-04/eeg/sub-02_ses-04_task-MotorImageryRest_run-04_eeg.vhdr	99b5b40d0a605da2d408ace3e5dea267acf957b2a39a42921269d5b109145f7c	True	unresolved	unresolved
sub-2	04	04	sub-2/ses-04/run-04/tsv-row-28	28	right_hand	2	194.42	5.0	48605	49855	sub-2/ses-04/eeg/sub-2_ses-04_task-imagery_run-04_eeg.edf	1250	True		sub-02	V	s	s	0	sub-02/ses-04/eeg/sub-02_ses-04_task-MotorImageryRest_run-04_eeg.vhdr	99b5b40d0a605da2d408ace3e5dea267acf957b2a39a42921269d5b109145f7c	True	unresolved	unresolved
sub-2	04	04	sub-2/ses-04/run-04/tsv-row-29	29	right_hand	2	201.308	5.0	50327	51577	sub-2/ses-04/eeg/sub-2_ses-04_task-imagery_run-04_eeg.edf	1250	True		sub-02	V	s	s	0	sub-02/ses-04/eeg/sub-02_ses-04_task-MotorImageryRest_run-04_eeg.vhdr	99b5b40d0a605da2d408ace3e5dea267acf957b2a39a42921269d5b109145f7c	True	unresolved	unresolved
sub-2	04	04	sub-2/ses-04/run-04/tsv-row-30	30	rest	1	208.212	5.0	52053	53303	sub-2/ses-04/eeg/sub-2_ses-04_task-imagery_run-04_eeg.edf	1250	True		sub-02	V	s	s	0	sub-02/ses-04/eeg/sub-02_ses-04_task-MotorImageryRest_run-04_eeg.vhdr	99b5b40d0a605da2d408ace3e5dea267acf957b2a39a42921269d5b109145f7c	True	unresolved	unresolved
sub-2	04	04	sub-2/ses-04/run-04/tsv-row-31	31	rest	1	215.1	5.0	53775	55025	sub-2/ses-04/eeg/sub-2_ses-04_task-imagery_run-04_eeg.edf	1250	True		sub-02	V	s	s	0	sub-02/ses-04/eeg/sub-02_ses-04_task-MotorImageryRest_run-04_eeg.vhdr	99b5b40d0a605da2d408ace3e5dea267acf957b2a39a42921269d5b109145f7c	True	unresolved	unresolved
sub-2	04	04	sub-2/ses-04/run-04/tsv-row-32	32	right_hand	2	221.968	5.0	55492	56742	sub-2/ses-04/eeg/sub-2_ses-04_task-imagery_run-04_eeg.edf	1250	True		sub-02	V	s	s	0	sub-02/ses-04/eeg/sub-02_ses-04_task-MotorImageryRest_run-04_eeg.vhdr	99b5b40d0a605da2d408ace3e5dea267acf957b2a39a42921269d5b109145f7c	True	unresolved	unresolved
sub-2	04	05	sub-2/ses-04/run-05/tsv-row-1	1	rest	1	7.496	5.0	1874	3124	sub-2/ses-04/eeg/sub-2_ses-04_task-imagery_run-05_eeg.edf	1250	True		sub-02	V	s	s	0	sub-02/ses-04/eeg/sub-02_ses-04_task-MotorImageryRest_run-05_eeg.vhdr	06bc9a6b69e221bf0b095f42f4bf4c1cae3b6078f19a32f709788f1c3f5770f4	True	unresolved	unresolved
sub-2	04	05	sub-2/ses-04/run-05/tsv-row-2	2	right_hand	2	14.388	5.0	3597	4847	sub-2/ses-04/eeg/sub-2_ses-04_task-imagery_run-05_eeg.edf	1250	True		sub-02	V	s	s	0	sub-02/ses-04/eeg/sub-02_ses-04_task-MotorImageryRest_run-05_eeg.vhdr	06bc9a6b69e221bf0b095f42f4bf4c1cae3b6078f19a32f709788f1c3f5770f4	True	unresolved	unresolved
sub-2	04	05	sub-2/ses-04/run-05/tsv-row-3	3	right_hand	2	21.272	5.0	5318	6568	sub-2/ses-04/eeg/sub-2_ses-04_task-imagery_run-05_eeg.edf	1250	True		sub-02	V	s	s	0	sub-02/ses-04/eeg/sub-02_ses-04_task-MotorImageryRest_run-05_eeg.vhdr	06bc9a6b69e221bf0b095f42f4bf4c1cae3b6078f19a32f709788f1c3f5770f4	True	unresolved	unresolved
sub-2	04	05	sub-2/ses-04/run-05/tsv-row-4	4	rest	1	28.16	5.0	7040	8290	sub-2/ses-04/eeg/sub-2_ses-04_task-imagery_run-05_eeg.edf	1250	True		sub-02	V	s	s	0	sub-02/ses-04/eeg/sub-02_ses-04_task-MotorImageryRest_run-05_eeg.vhdr	06bc9a6b69e221bf0b095f42f4bf4c1cae3b6078f19a32f709788f1c3f5770f4	True	unresolved	unresolved
sub-2	04	05	sub-2/ses-04/run-05/tsv-row-5	5	right_hand	2	35.048	5.0	8762	10012	sub-2/ses-04/eeg/sub-2_ses-04_task-imagery_run-05_eeg.edf	1250	True		sub-02	V	s	s	0	sub-02/ses-04/eeg/sub-02_ses-04_task-MotorImageryRest_run-05_eeg.vhdr	06bc9a6b69e221bf0b095f42f4bf4c1cae3b6078f19a32f709788f1c3f5770f4	True	unresolved	unresolved
sub-2	04	05	sub-2/ses-04/run-05/tsv-row-6	6	rest	1	41.936	5.0	10484	11734	sub-2/ses-04/eeg/sub-2_ses-04_task-imagery_run-05_eeg.edf	1250	True		sub-02	V	s	s	0	sub-02/ses-04/eeg/sub-02_ses-04_task-MotorImageryRest_run-05_eeg.vhdr	06bc9a6b69e221bf0b095f42f4bf4c1cae3b6078f19a32f709788f1c3f5770f4	True	unresolved	unresolved
sub-2	04	05	sub-2/ses-04/run-05/tsv-row-7	7	right_hand	2	48.836	5.0	12209	13459	sub-2/ses-04/eeg/sub-2_ses-04_task-imagery_run-05_eeg.edf	1250	True		sub-02	V	s	s	0	sub-02/ses-04/eeg/sub-02_ses-04_task-MotorImageryRest_run-05_eeg.vhdr	06bc9a6b69e221bf0b095f42f4bf4c1cae3b6078f19a32f709788f1c3f5770f4	True	unresolved	unresolved
sub-2	04	05	sub-2/ses-04/run-05/tsv-row-8	8	rest	1	55.708	5.0	13927	15177	sub-2/ses-04/eeg/sub-2_ses-04_task-imagery_run-05_eeg.edf	1250	True		sub-02	V	s	s	0	sub-02/ses-04/eeg/sub-02_ses-04_task-MotorImageryRest_run-05_eeg.vhdr	06bc9a6b69e221bf0b095f42f4bf4c1cae3b6078f19a32f709788f1c3f5770f4	True	unresolved	unresolved
sub-2	04	05	sub-2/ses-04/run-05/tsv-row-9	9	right_hand	2	62.592	5.0	15648	16898	sub-2/ses-04/eeg/sub-2_ses-04_task-imagery_run-05_eeg.edf	1250	True		sub-02	V	s	s	0	sub-02/ses-04/eeg/sub-02_ses-04_task-MotorImageryRest_run-05_eeg.vhdr	06bc9a6b69e221bf0b095f42f4bf4c1cae3b6078f19a32f709788f1c3f5770f4	True	unresolved	unresolved
sub-2	04	05	sub-2/ses-04/run-05/tsv-row-10	10	rest	1	69.5	5.0	17375	18625	sub-2/ses-04/eeg/sub-2_ses-04_task-imagery_run-05_eeg.edf	1250	True		sub-02	V	s	s	0	sub-02/ses-04/eeg/sub-02_ses-04_task-MotorImageryRest_run-05_eeg.vhdr	06bc9a6b69e221bf0b095f42f4bf4c1cae3b6078f19a32f709788f1c3f5770f4	True	unresolved	unresolved
sub-2	04	05	sub-2/ses-04/run-05/tsv-row-11	11	rest	1	76.384	5.0	19096	20346	sub-2/ses-04/eeg/sub-2_ses-04_task-imagery_run-05_eeg.edf	1250	True		sub-02	V	s	s	0	sub-02/ses-04/eeg/sub-02_ses-04_task-MotorImageryRest_run-05_eeg.vhdr	06bc9a6b69e221bf0b095f42f4bf4c1cae3b6078f19a32f709788f1c3f5770f4	True	unresolved	unresolved
sub-2	04	05	sub-2/ses-04/run-05/tsv-row-12	12	right_hand	2	83.256	5.0	20814	22064	sub-2/ses-04/eeg/sub-2_ses-04_task-imagery_run-05_eeg.edf	1250	True		sub-02	V	s	s	0	sub-02/ses-04/eeg/sub-02_ses-04_task-MotorImageryRest_run-05_eeg.vhdr	06bc9a6b69e221bf0b095f42f4bf4c1cae3b6078f19a32f709788f1c3f5770f4	True	unresolved	unresolved
sub-2	04	05	sub-2/ses-04/run-05/tsv-row-13	13	right_hand	2	90.156	5.0	22539	23789	sub-2/ses-04/eeg/sub-2_ses-04_task-imagery_run-05_eeg.edf	1250	True		sub-02	V	s	s	0	sub-02/ses-04/eeg/sub-02_ses-04_task-MotorImageryRest_run-05_eeg.vhdr	06bc9a6b69e221bf0b095f42f4bf4c1cae3b6078f19a32f709788f1c3f5770f4	True	unresolved	unresolved
sub-2	04	05	sub-2/ses-04/run-05/tsv-row-14	14	rest	1	97.048	5.0	24262	25512	sub-2/ses-04/eeg/sub-2_ses-04_task-imagery_run-05_eeg.edf	1250	True		sub-02	V	s	s	0	sub-02/ses-04/eeg/sub-02_ses-04_task-MotorImageryRest_run-05_eeg.vhdr	06bc9a6b69e221bf0b095f42f4bf4c1cae3b6078f19a32f709788f1c3f5770f4	True	unresolved	unresolved
sub-2	04	05	sub-2/ses-04/run-05/tsv-row-15	15	rest	1	103.932	5.0	25983	27233	sub-2/ses-04/eeg/sub-2_ses-04_task-imagery_run-05_eeg.edf	1250	True		sub-02	V	s	s	0	sub-02/ses-04/eeg/sub-02_ses-04_task-MotorImageryRest_run-05_eeg.vhdr	06bc9a6b69e221bf0b095f42f4bf4c1cae3b6078f19a32f709788f1c3f5770f4	True	unresolved	unresolved
sub-2	04	05	sub-2/ses-04/run-05/tsv-row-16	16	right_hand	2	110.8	5.0	27700	28950	sub-2/ses-04/eeg/sub-2_ses-04_task-imagery_run-05_eeg.edf	1250	True		sub-02	V	s	s	0	sub-02/ses-04/eeg/sub-02_ses-04_task-MotorImageryRest_run-05_eeg.vhdr	06bc9a6b69e221bf0b095f42f4bf4c1cae3b6078f19a32f709788f1c3f5770f4	True	unresolved	unresolved
sub-2	04	05	sub-2/ses-04/run-05/tsv-row-17	17	rest	1	117.708	5.0	29427	30677	sub-2/ses-04/eeg/sub-2_ses-04_task-imagery_run-05_eeg.edf	1250	True		sub-02	V	s	s	0	sub-02/ses-04/eeg/sub-02_ses-04_task-MotorImageryRest_run-05_eeg.vhdr	06bc9a6b69e221bf0b095f42f4bf4c1cae3b6078f19a32f709788f1c3f5770f4	True	unresolved	unresolved
sub-2	04	05	sub-2/ses-04/run-05/tsv-row-18	18	right_hand	2	124.592	5.0	31148	32398	sub-2/ses-04/eeg/sub-2_ses-04_task-imagery_run-05_eeg.edf	1250	True		sub-02	V	s	s	0	sub-02/ses-04/eeg/sub-02_ses-04_task-MotorImageryRest_run-05_eeg.vhdr	06bc9a6b69e221bf0b095f42f4bf4c1cae3b6078f19a32f709788f1c3f5770f4	True	unresolved	unresolved
sub-2	04	05	sub-2/ses-04/run-05/tsv-row-19	19	rest	1	131.48	5.0	32870	34120	sub-2/ses-04/eeg/sub-2_ses-04_task-imagery_run-05_eeg.edf	1250	True		sub-02	V	s	s	0	sub-02/ses-04/eeg/sub-02_ses-04_task-MotorImageryRest_run-05_eeg.vhdr	06bc9a6b69e221bf0b095f42f4bf4c1cae3b6078f19a32f709788f1c3f5770f4	True	unresolved	unresolved
sub-2	04	05	sub-2/ses-04/run-05/tsv-row-20	20	right_hand	2	138.364	5.0	34591	35841	sub-2/ses-04/eeg/sub-2_ses-04_task-imagery_run-05_eeg.edf	1250	True		sub-02	V	s	s	0	sub-02/ses-04/eeg/sub-02_ses-04_task-MotorImageryRest_run-05_eeg.vhdr	06bc9a6b69e221bf0b095f42f4bf4c1cae3b6078f19a32f709788f1c3f5770f4	True	unresolved	unresolved
sub-2	04	05	sub-2/ses-04/run-05/tsv-row-21	21	rest	1	145.256	5.0	36314	37564	sub-2/ses-04/eeg/sub-2_ses-04_task-imagery_run-05_eeg.edf	1250	True		sub-02	V	s	s	0	sub-02/ses-04/eeg/sub-02_ses-04_task-MotorImageryRest_run-05_eeg.vhdr	06bc9a6b69e221bf0b095f42f4bf4c1cae3b6078f19a32f709788f1c3f5770f4	True	unresolved	unresolved
sub-2	04	05	sub-2/ses-04/run-05/tsv-row-22	22	right_hand	2	152.14	5.0	38035	39285	sub-2/ses-04/eeg/sub-2_ses-04_task-imagery_run-05_eeg.edf	1250	True		sub-02	V	s	s	0	sub-02/ses-04/eeg/sub-02_ses-04_task-MotorImageryRest_run-05_eeg.vhdr	06bc9a6b69e221bf0b095f42f4bf4c1cae3b6078f19a32f709788f1c3f5770f4	True	unresolved	unresolved
sub-2	04	05	sub-2/ses-04/run-05/tsv-row-23	23	right_hand	2	159.044	5.0	39761	41011	sub-2/ses-04/eeg/sub-2_ses-04_task-imagery_run-05_eeg.edf	1250	True		sub-02	V	s	s	0	sub-02/ses-04/eeg/sub-02_ses-04_task-MotorImageryRest_run-05_eeg.vhdr	06bc9a6b69e221bf0b095f42f4bf4c1cae3b6078f19a32f709788f1c3f5770f4	True	unresolved	unresolved
sub-2	04	05	sub-2/ses-04/run-05/tsv-row-24	24	rest	1	165.932	5.0	41483	42733	sub-2/ses-04/eeg/sub-2_ses-04_task-imagery_run-05_eeg.edf	1250	True		sub-02	V	s	s	0	sub-02/ses-04/eeg/sub-02_ses-04_task-MotorImageryRest_run-05_eeg.vhdr	06bc9a6b69e221bf0b095f42f4bf4c1cae3b6078f19a32f709788f1c3f5770f4	True	unresolved	unresolved
sub-2	04	05	sub-2/ses-04/run-05/tsv-row-25	25	right_hand	2	172.8	5.0	43200	44450	sub-2/ses-04/eeg/sub-2_ses-04_task-imagery_run-05_eeg.edf	1250	True		sub-02	V	s	s	0	sub-02/ses-04/eeg/sub-02_ses-04_task-MotorImageryRest_run-05_eeg.vhdr	06bc9a6b69e221bf0b095f42f4bf4c1cae3b6078f19a32f709788f1c3f5770f4	True	unresolved	unresolved
sub-2	04	05	sub-2/ses-04/run-05/tsv-row-26	26	rest	1	179.704	5.0	44926	46176	sub-2/ses-04/eeg/sub-2_ses-04_task-imagery_run-05_eeg.edf	1250	True		sub-02	V	s	s	0	sub-02/ses-04/eeg/sub-02_ses-04_task-MotorImageryRest_run-05_eeg.vhdr	06bc9a6b69e221bf0b095f42f4bf4c1cae3b6078f19a32f709788f1c3f5770f4	True	unresolved	unresolved
sub-2	04	05	sub-2/ses-04/run-05/tsv-row-27	27	rest	1	186.592	5.0	46648	47898	sub-2/ses-04/eeg/sub-2_ses-04_task-imagery_run-05_eeg.edf	1250	True		sub-02	V	s	s	0	sub-02/ses-04/eeg/sub-02_ses-04_task-MotorImageryRest_run-05_eeg.vhdr	06bc9a6b69e221bf0b095f42f4bf4c1cae3b6078f19a32f709788f1c3f5770f4	True	unresolved	unresolved
sub-2	04	05	sub-2/ses-04/run-05/tsv-row-28	28	right_hand	2	193.476	5.0	48369	49619	sub-2/ses-04/eeg/sub-2_ses-04_task-imagery_run-05_eeg.edf	1250	True		sub-02	V	s	s	0	sub-02/ses-04/eeg/sub-02_ses-04_task-MotorImageryRest_run-05_eeg.vhdr	06bc9a6b69e221bf0b095f42f4bf4c1cae3b6078f19a32f709788f1c3f5770f4	True	unresolved	unresolved
sub-2	04	05	sub-2/ses-04/run-05/tsv-row-29	29	right_hand	2	200.364	5.0	50091	51341	sub-2/ses-04/eeg/sub-2_ses-04_task-imagery_run-05_eeg.edf	1250	True		sub-02	V	s	s	0	sub-02/ses-04/eeg/sub-02_ses-04_task-MotorImageryRest_run-05_eeg.vhdr	06bc9a6b69e221bf0b095f42f4bf4c1cae3b6078f19a32f709788f1c3f5770f4	True	unresolved	unresolved
sub-2	04	05	sub-2/ses-04/run-05/tsv-row-30	30	rest	1	207.252	5.0	51813	53063	sub-2/ses-04/eeg/sub-2_ses-04_task-imagery_run-05_eeg.edf	1250	True		sub-02	V	s	s	0	sub-02/ses-04/eeg/sub-02_ses-04_task-MotorImageryRest_run-05_eeg.vhdr	06bc9a6b69e221bf0b095f42f4bf4c1cae3b6078f19a32f709788f1c3f5770f4	True	unresolved	unresolved
sub-2	04	05	sub-2/ses-04/run-05/tsv-row-31	31	rest	1	214.14	5.0	53535	54785	sub-2/ses-04/eeg/sub-2_ses-04_task-imagery_run-05_eeg.edf	1250	True		sub-02	V	s	s	0	sub-02/ses-04/eeg/sub-02_ses-04_task-MotorImageryRest_run-05_eeg.vhdr	06bc9a6b69e221bf0b095f42f4bf4c1cae3b6078f19a32f709788f1c3f5770f4	True	unresolved	unresolved
sub-2	04	05	sub-2/ses-04/run-05/tsv-row-32	32	right_hand	2	221.024	5.0	55256	56506	sub-2/ses-04/eeg/sub-2_ses-04_task-imagery_run-05_eeg.edf	1250	True		sub-02	V	s	s	0	sub-02/ses-04/eeg/sub-02_ses-04_task-MotorImageryRest_run-05_eeg.vhdr	06bc9a6b69e221bf0b095f42f4bf4c1cae3b6078f19a32f709788f1c3f5770f4	True	unresolved	unresolved
sub-2	04	06	sub-2/ses-04/run-06/tsv-row-1	1	rest	1	6.068	5.0	1517	2767	sub-2/ses-04/eeg/sub-2_ses-04_task-imagery_run-06_eeg.edf	1250	True		sub-02	V	s	s	0	sub-02/ses-04/eeg/sub-02_ses-04_task-MotorImageryRest_run-06_eeg.vhdr	1e6e714b2cc329a7273abb74567058ca7335076ccabf9aa8b2804eeb4e56bbd3	True	unresolved	unresolved
sub-2	04	06	sub-2/ses-04/run-06/tsv-row-2	2	right_hand	2	12.956	5.0	3239	4489	sub-2/ses-04/eeg/sub-2_ses-04_task-imagery_run-06_eeg.edf	1250	True		sub-02	V	s	s	0	sub-02/ses-04/eeg/sub-02_ses-04_task-MotorImageryRest_run-06_eeg.vhdr	1e6e714b2cc329a7273abb74567058ca7335076ccabf9aa8b2804eeb4e56bbd3	True	unresolved	unresolved
sub-2	04	06	sub-2/ses-04/run-06/tsv-row-3	3	rest	1	19.864	5.0	4966	6216	sub-2/ses-04/eeg/sub-2_ses-04_task-imagery_run-06_eeg.edf	1250	True		sub-02	V	s	s	0	sub-02/ses-04/eeg/sub-02_ses-04_task-MotorImageryRest_run-06_eeg.vhdr	1e6e714b2cc329a7273abb74567058ca7335076ccabf9aa8b2804eeb4e56bbd3	True	unresolved	unresolved
sub-2	04	06	sub-2/ses-04/run-06/tsv-row-4	4	right_hand	2	26.732	5.0	6683	7933	sub-2/ses-04/eeg/sub-2_ses-04_task-imagery_run-06_eeg.edf	1250	True		sub-02	V	s	s	0	sub-02/ses-04/eeg/sub-02_ses-04_task-MotorImageryRest_run-06_eeg.vhdr	1e6e714b2cc329a7273abb74567058ca7335076ccabf9aa8b2804eeb4e56bbd3	True	unresolved	unresolved
sub-2	04	06	sub-2/ses-04/run-06/tsv-row-5	5	rest	1	33.62	5.0	8405	9655	sub-2/ses-04/eeg/sub-2_ses-04_task-imagery_run-06_eeg.edf	1250	True		sub-02	V	s	s	0	sub-02/ses-04/eeg/sub-02_ses-04_task-MotorImageryRest_run-06_eeg.vhdr	1e6e714b2cc329a7273abb74567058ca7335076ccabf9aa8b2804eeb4e56bbd3	True	unresolved	unresolved
sub-2	04	06	sub-2/ses-04/run-06/tsv-row-6	6	right_hand	2	40.504	5.0	10126	11376	sub-2/ses-04/eeg/sub-2_ses-04_task-imagery_run-06_eeg.edf	1250	True		sub-02	V	s	s	0	sub-02/ses-04/eeg/sub-02_ses-04_task-MotorImageryRest_run-06_eeg.vhdr	1e6e714b2cc329a7273abb74567058ca7335076ccabf9aa8b2804eeb4e56bbd3	True	unresolved	unresolved
sub-2	04	06	sub-2/ses-04/run-06/tsv-row-7	7	rest	1	47.408	5.0	11852	13102	sub-2/ses-04/eeg/sub-2_ses-04_task-imagery_run-06_eeg.edf	1250	True		sub-02	V	s	s	0	sub-02/ses-04/eeg/sub-02_ses-04_task-MotorImageryRest_run-06_eeg.vhdr	1e6e714b2cc329a7273abb74567058ca7335076ccabf9aa8b2804eeb4e56bbd3	True	unresolved	unresolved
sub-2	04	06	sub-2/ses-04/run-06/tsv-row-8	8	right_hand	2	54.276	5.0	13569	14819	sub-2/ses-04/eeg/sub-2_ses-04_task-imagery_run-06_eeg.edf	1250	True		sub-02	V	s	s	0	sub-02/ses-04/eeg/sub-02_ses-04_task-MotorImageryRest_run-06_eeg.vhdr	1e6e714b2cc329a7273abb74567058ca7335076ccabf9aa8b2804eeb4e56bbd3	True	unresolved	unresolved
sub-2	04	06	sub-2/ses-04/run-06/tsv-row-9	9	right_hand	2	61.18	5.0	15295	16545	sub-2/ses-04/eeg/sub-2_ses-04_task-imagery_run-06_eeg.edf	1250	True		sub-02	V	s	s	0	sub-02/ses-04/eeg/sub-02_ses-04_task-MotorImageryRest_run-06_eeg.vhdr	1e6e714b2cc329a7273abb74567058ca7335076ccabf9aa8b2804eeb4e56bbd3	True	unresolved	unresolved
sub-2	04	06	sub-2/ses-04/run-06/tsv-row-10	10	rest	1	68.072	5.0	17018	18268	sub-2/ses-04/eeg/sub-2_ses-04_task-imagery_run-06_eeg.edf	1250	True		sub-02	V	s	s	0	sub-02/ses-04/eeg/sub-02_ses-04_task-MotorImageryRest_run-06_eeg.vhdr	1e6e714b2cc329a7273abb74567058ca7335076ccabf9aa8b2804eeb4e56bbd3	True	unresolved	unresolved
sub-2	04	06	sub-2/ses-04/run-06/tsv-row-11	11	rest	1	74.956	5.0	18739	19989	sub-2/ses-04/eeg/sub-2_ses-04_task-imagery_run-06_eeg.edf	1250	True		sub-02	V	s	s	0	sub-02/ses-04/eeg/sub-02_ses-04_task-MotorImageryRest_run-06_eeg.vhdr	1e6e714b2cc329a7273abb74567058ca7335076ccabf9aa8b2804eeb4e56bbd3	True	unresolved	unresolved
sub-2	04	06	sub-2/ses-04/run-06/tsv-row-12	12	right_hand	2	81.824	5.0	20456	21706	sub-2/ses-04/eeg/sub-2_ses-04_task-imagery_run-06_eeg.edf	1250	True		sub-02	V	s	s	0	sub-02/ses-04/eeg/sub-02_ses-04_task-MotorImageryRest_run-06_eeg.vhdr	1e6e714b2cc329a7273abb74567058ca7335076ccabf9aa8b2804eeb4e56bbd3	True	unresolved	unresolved
sub-2	04	06	sub-2/ses-04/run-06/tsv-row-13	13	right_hand	2	88.728	5.0	22182	23432	sub-2/ses-04/eeg/sub-2_ses-04_task-imagery_run-06_eeg.edf	1250	True		sub-02	V	s	s	0	sub-02/ses-04/eeg/sub-02_ses-04_task-MotorImageryRest_run-06_eeg.vhdr	1e6e714b2cc329a7273abb74567058ca7335076ccabf9aa8b2804eeb4e56bbd3	True	unresolved	unresolved
sub-2	04	06	sub-2/ses-04/run-06/tsv-row-14	14	rest	1	95.616	5.0	23904	25154	sub-2/ses-04/eeg/sub-2_ses-04_task-imagery_run-06_eeg.edf	1250	True		sub-02	V	s	s	0	sub-02/ses-04/eeg/sub-02_ses-04_task-MotorImageryRest_run-06_eeg.vhdr	1e6e714b2cc329a7273abb74567058ca7335076ccabf9aa8b2804eeb4e56bbd3	True	unresolved	unresolved
sub-2	04	06	sub-2/ses-04/run-06/tsv-row-15	15	right_hand	2	102.504	5.0	25626	26876	sub-2/ses-04/eeg/sub-2_ses-04_task-imagery_run-06_eeg.edf	1250	True		sub-02	V	s	s	0	sub-02/ses-04/eeg/sub-02_ses-04_task-MotorImageryRest_run-06_eeg.vhdr	1e6e714b2cc329a7273abb74567058ca7335076ccabf9aa8b2804eeb4e56bbd3	True	unresolved	unresolved
sub-2	04	06	sub-2/ses-04/run-06/tsv-row-16	16	rest	1	109.392	5.0	27348	28598	sub-2/ses-04/eeg/sub-2_ses-04_task-imagery_run-06_eeg.edf	1250	True		sub-02	V	s	s	0	sub-02/ses-04/eeg/sub-02_ses-04_task-MotorImageryRest_run-06_eeg.vhdr	1e6e714b2cc329a7273abb74567058ca7335076ccabf9aa8b2804eeb4e56bbd3	True	unresolved	unresolved
sub-2	04	06	sub-2/ses-04/run-06/tsv-row-17	17	right_hand	2	116.276	5.0	29069	30319	sub-2/ses-04/eeg/sub-2_ses-04_task-imagery_run-06_eeg.edf	1250	True		sub-02	V	s	s	0	sub-02/ses-04/eeg/sub-02_ses-04_task-MotorImageryRest_run-06_eeg.vhdr	1e6e714b2cc329a7273abb74567058ca7335076ccabf9aa8b2804eeb4e56bbd3	True	unresolved	unresolved
sub-2	04	06	sub-2/ses-04/run-06/tsv-row-18	18	rest	1	123.164	5.0	30791	32041	sub-2/ses-04/eeg/sub-2_ses-04_task-imagery_run-06_eeg.edf	1250	True		sub-02	V	s	s	0	sub-02/ses-04/eeg/sub-02_ses-04_task-MotorImageryRest_run-06_eeg.vhdr	1e6e714b2cc329a7273abb74567058ca7335076ccabf9aa8b2804eeb4e56bbd3	True	unresolved	unresolved
sub-2	04	06	sub-2/ses-04/run-06/tsv-row-19	19	right_hand	2	130.068	5.0	32517	33767	sub-2/ses-04/eeg/sub-2_ses-04_task-imagery_run-06_eeg.edf	1250	True		sub-02	V	s	s	0	sub-02/ses-04/eeg/sub-02_ses-04_task-MotorImageryRest_run-06_eeg.vhdr	1e6e714b2cc329a7273abb74567058ca7335076ccabf9aa8b2804eeb4e56bbd3	True	unresolved	unresolved
sub-2	04	06	sub-2/ses-04/run-06/tsv-row-20	20	rest	1	136.936	5.0	34234	35484	sub-2/ses-04/eeg/sub-2_ses-04_task-imagery_run-06_eeg.edf	1250	True		sub-02	V	s	s	0	sub-02/ses-04/eeg/sub-02_ses-04_task-MotorImageryRest_run-06_eeg.vhdr	1e6e714b2cc329a7273abb74567058ca7335076ccabf9aa8b2804eeb4e56bbd3	True	unresolved	unresolved
sub-2	04	06	sub-2/ses-04/run-06/tsv-row-21	21	rest	1	143.824	5.0	35956	37206	sub-2/ses-04/eeg/sub-2_ses-04_task-imagery_run-06_eeg.edf	1250	True		sub-02	V	s	s	0	sub-02/ses-04/eeg/sub-02_ses-04_task-MotorImageryRest_run-06_eeg.vhdr	1e6e714b2cc329a7273abb74567058ca7335076ccabf9aa8b2804eeb4e56bbd3	True	unresolved	unresolved
sub-2	04	06	sub-2/ses-04/run-06/tsv-row-22	22	right_hand	2	150.728	5.0	37682	38932	sub-2/ses-04/eeg/sub-2_ses-04_task-imagery_run-06_eeg.edf	1250	True		sub-02	V	s	s	0	sub-02/ses-04/eeg/sub-02_ses-04_task-MotorImageryRest_run-06_eeg.vhdr	1e6e714b2cc329a7273abb74567058ca7335076ccabf9aa8b2804eeb4e56bbd3	True	unresolved	unresolved
sub-2	04	06	sub-2/ses-04/run-06/tsv-row-23	23	rest	1	157.616	5.0	39404	40654	sub-2/ses-04/eeg/sub-2_ses-04_task-imagery_run-06_eeg.edf	1250	True		sub-02	V	s	s	0	sub-02/ses-04/eeg/sub-02_ses-04_task-MotorImageryRest_run-06_eeg.vhdr	1e6e714b2cc329a7273abb74567058ca7335076ccabf9aa8b2804eeb4e56bbd3	True	unresolved	unresolved
sub-2	04	06	sub-2/ses-04/run-06/tsv-row-24	24	right_hand	2	164.484	5.0	41121	42371	sub-2/ses-04/eeg/sub-2_ses-04_task-imagery_run-06_eeg.edf	1250	True		sub-02	V	s	s	0	sub-02/ses-04/eeg/sub-02_ses-04_task-MotorImageryRest_run-06_eeg.vhdr	1e6e714b2cc329a7273abb74567058ca7335076ccabf9aa8b2804eeb4e56bbd3	True	unresolved	unresolved
sub-2	04	06	sub-2/ses-04/run-06/tsv-row-25	25	rest	1	171.388	5.0	42847	44097	sub-2/ses-04/eeg/sub-2_ses-04_task-imagery_run-06_eeg.edf	1250	True		sub-02	V	s	s	0	sub-02/ses-04/eeg/sub-02_ses-04_task-MotorImageryRest_run-06_eeg.vhdr	1e6e714b2cc329a7273abb74567058ca7335076ccabf9aa8b2804eeb4e56bbd3	True	unresolved	unresolved
sub-2	04	06	sub-2/ses-04/run-06/tsv-row-26	26	right_hand	2	178.272	5.0	44568	45818	sub-2/ses-04/eeg/sub-2_ses-04_task-imagery_run-06_eeg.edf	1250	True		sub-02	V	s	s	0	sub-02/ses-04/eeg/sub-02_ses-04_task-MotorImageryRest_run-06_eeg.vhdr	1e6e714b2cc329a7273abb74567058ca7335076ccabf9aa8b2804eeb4e56bbd3	True	unresolved	unresolved
sub-2	04	06	sub-2/ses-04/run-06/tsv-row-27	27	right_hand	2	185.16	5.0	46290	47540	sub-2/ses-04/eeg/sub-2_ses-04_task-imagery_run-06_eeg.edf	1250	True		sub-02	V	s	s	0	sub-02/ses-04/eeg/sub-02_ses-04_task-MotorImageryRest_run-06_eeg.vhdr	1e6e714b2cc329a7273abb74567058ca7335076ccabf9aa8b2804eeb4e56bbd3	True	unresolved	unresolved
sub-2	04	06	sub-2/ses-04/run-06/tsv-row-28	28	rest	1	192.032	5.0	48008	49258	sub-2/ses-04/eeg/sub-2_ses-04_task-imagery_run-06_eeg.edf	1250	True		sub-02	V	s	s	0	sub-02/ses-04/eeg/sub-02_ses-04_task-MotorImageryRest_run-06_eeg.vhdr	1e6e714b2cc329a7273abb74567058ca7335076ccabf9aa8b2804eeb4e56bbd3	True	unresolved	unresolved
sub-2	04	06	sub-2/ses-04/run-06/tsv-row-29	29	rest	1	198.936	5.0	49734	50984	sub-2/ses-04/eeg/sub-2_ses-04_task-imagery_run-06_eeg.edf	1250	True		sub-02	V	s	s	0	sub-02/ses-04/eeg/sub-02_ses-04_task-MotorImageryRest_run-06_eeg.vhdr	1e6e714b2cc329a7273abb74567058ca7335076ccabf9aa8b2804eeb4e56bbd3	True	unresolved	unresolved
sub-2	04	06	sub-2/ses-04/run-06/tsv-row-30	30	right_hand	2	205.82	5.0	51455	52705	sub-2/ses-04/eeg/sub-2_ses-04_task-imagery_run-06_eeg.edf	1250	True		sub-02	V	s	s	0	sub-02/ses-04/eeg/sub-02_ses-04_task-MotorImageryRest_run-06_eeg.vhdr	1e6e714b2cc329a7273abb74567058ca7335076ccabf9aa8b2804eeb4e56bbd3	True	unresolved	unresolved
sub-2	04	06	sub-2/ses-04/run-06/tsv-row-31	31	right_hand	2	212.708	5.0	53177	54427	sub-2/ses-04/eeg/sub-2_ses-04_task-imagery_run-06_eeg.edf	1250	True		sub-02	V	s	s	0	sub-02/ses-04/eeg/sub-02_ses-04_task-MotorImageryRest_run-06_eeg.vhdr	1e6e714b2cc329a7273abb74567058ca7335076ccabf9aa8b2804eeb4e56bbd3	True	unresolved	unresolved
sub-2	04	06	sub-2/ses-04/run-06/tsv-row-32	32	rest	1	219.596	5.0	54899	56149	sub-2/ses-04/eeg/sub-2_ses-04_task-imagery_run-06_eeg.edf	1250	True		sub-02	V	s	s	0	sub-02/ses-04/eeg/sub-02_ses-04_task-MotorImageryRest_run-06_eeg.vhdr	1e6e714b2cc329a7273abb74567058ca7335076ccabf9aa8b2804eeb4e56bbd3	True	unresolved	unresolved
