subject	session	run	trial_id	tsv_row	label	stored_event_value	onset_s	duration_s	start_sample	stop_sample_exclusive	source_file	analysis_role	trial_behavior_outcome	acquisition_date
sub-6	01	01	sub-6/ses-01/run-01/tsv-row-1	1	right_hand	2	4.776	5.0	1194	2444	sub-6/ses-01/eeg/sub-6_ses-01_task-imagery_run-01_eeg.edf	source_train	unresolved	anonymized_actual_date_unresolved
sub-6	01	01	sub-6/ses-01/run-01/tsv-row-2	2	rest	1	11.672	5.0	2918	4168	sub-6/ses-01/eeg/sub-6_ses-01_task-imagery_run-01_eeg.edf	source_train	unresolved	anonymized_actual_date_unresolved
sub-6	01	01	sub-6/ses-01/run-01/tsv-row-3	3	right_hand	2	18.556	5.0	4639	5889	sub-6/ses-01/eeg/sub-6_ses-01_task-imagery_run-01_eeg.edf	source_train	unresolved	anonymized_actual_date_unresolved
sub-6	01	01	sub-6/ses-01/run-01/tsv-row-4	4	rest	1	25.46	5.0	6365	7615	sub-6/ses-01/eeg/sub-6_ses-01_task-imagery_run-01_eeg.edf	source_train	unresolved	anonymized_actual_date_unresolved
sub-6	01	01	sub-6/ses-01/run-01/tsv-row-5	5	right_hand	2	32.324	5.0	8081	9331	sub-6/ses-01/eeg/sub-6_ses-01_task-imagery_run-01_eeg.edf	source_train	unresolved	anonymized_actual_date_unresolved
sub-6	01	01	sub-6/ses-01/run-01/tsv-row-6	6	rest	1	39.24	5.0	9810	11060	sub-6/ses-01/eeg/sub-6_ses-01_task-imagery_run-01_eeg.edf	source_train	unresolved	anonymized_actual_date_unresolved
sub-6	01	01	sub-6/ses-01/run-01/tsv-row-7	7	right_hand	2	46.104	5.0	11526	12776	sub-6/ses-01/eeg/sub-6_ses-01_task-imagery_run-01_eeg.edf	source_train	unresolved	anonymized_actual_date_unresolved
sub-6	01	01	sub-6/ses-01/run-01/tsv-row-8	8	rest	1	53.008	5.0	13252	14502	sub-6/ses-01/eeg/sub-6_ses-01_task-imagery_run-01_eeg.edf	source_train	unresolved	anonymized_actual_date_unresolved
sub-6	01	01	sub-6/ses-01/run-01/tsv-row-9	9	rest	1	59.904	5.0	14976	16226	sub-6/ses-01/eeg/sub-6_ses-01_task-imagery_run-01_eeg.edf	source_train	unresolved	anonymized_actual_date_unresolved
sub-6	01	01	sub-6/ses-01/run-01/tsv-row-10	10	right_hand	2	66.768	5.0	16692	17942	sub-6/ses-01/eeg/sub-6_ses-01_task-imagery_run-01_eeg.edf	source_train	unresolved	anonymized_actual_date_unresolved
sub-6	01	01	sub-6/ses-01/run-01/tsv-row-11	11	rest	1	73.668	5.0	18417	19667	sub-6/ses-01/eeg/sub-6_ses-01_task-imagery_run-01_eeg.edf	source_train	unresolved	anonymized_actual_date_unresolved
sub-6	01	01	sub-6/ses-01/run-01/tsv-row-12	12	right_hand	2	80.548	5.0	20137	21387	sub-6/ses-01/eeg/sub-6_ses-01_task-imagery_run-01_eeg.edf	source_train	unresolved	anonymized_actual_date_unresolved
sub-6	01	01	sub-6/ses-01/run-01/tsv-row-13	13	right_hand	2	87.436	5.0	21859	23109	sub-6/ses-01/eeg/sub-6_ses-01_task-imagery_run-01_eeg.edf	source_train	unresolved	anonymized_actual_date_unresolved
sub-6	01	01	sub-6/ses-01/run-01/tsv-row-14	14	rest	1	94.336	5.0	23584	24834	sub-6/ses-01/eeg/sub-6_ses-01_task-imagery_run-01_eeg.edf	source_train	unresolved	anonymized_actual_date_unresolved
sub-6	01	01	sub-6/ses-01/run-01/tsv-row-15	15	rest	1	101.232	5.0	25308	26558	sub-6/ses-01/eeg/sub-6_ses-01_task-imagery_run-01_eeg.edf	source_train	unresolved	anonymized_actual_date_unresolved
sub-6	01	01	sub-6/ses-01/run-01/tsv-row-16	16	right_hand	2	108.096	5.0	27024	28274	sub-6/ses-01/eeg/sub-6_ses-01_task-imagery_run-01_eeg.edf	source_train	unresolved	anonymized_actual_date_unresolved
sub-6	01	01	sub-6/ses-01/run-01/tsv-row-17	17	right_hand	2	114.984	5.0	28746	29996	sub-6/ses-01/eeg/sub-6_ses-01_task-imagery_run-01_eeg.edf	source_train	unresolved	anonymized_actual_date_unresolved
sub-6	01	01	sub-6/ses-01/run-01/tsv-row-18	18	rest	1	121.896	5.0	30474	31724	sub-6/ses-01/eeg/sub-6_ses-01_task-imagery_run-01_eeg.edf	source_train	unresolved	anonymized_actual_date_unresolved
sub-6	01	01	sub-6/ses-01/run-01/tsv-row-19	19	right_hand	2	128.764	5.0	32191	33441	sub-6/ses-01/eeg/sub-6_ses-01_task-imagery_run-01_eeg.edf	source_train	unresolved	anonymized_actual_date_unresolved
sub-6	01	01	sub-6/ses-01/run-01/tsv-row-20	20	rest	1	135.66	5.0	33915	35165	sub-6/ses-01/eeg/sub-6_ses-01_task-imagery_run-01_eeg.edf	source_train	unresolved	anonymized_actual_date_unresolved
sub-6	01	01	sub-6/ses-01/run-01/tsv-row-21	21	right_hand	2	142.548	5.0	35637	36887	sub-6/ses-01/eeg/sub-6_ses-01_task-imagery_run-01_eeg.edf	source_train	unresolved	anonymized_actual_date_unresolved
sub-6	01	01	sub-6/ses-01/run-01/tsv-row-22	22	rest	1	149.444	5.0	37361	38611	sub-6/ses-01/eeg/sub-6_ses-01_task-imagery_run-01_eeg.edf	source_train	unresolved	anonymized_actual_date_unresolved
sub-6	01	01	sub-6/ses-01/run-01/tsv-row-23	23	right_hand	2	156.308	5.0	39077	40327	sub-6/ses-01/eeg/sub-6_ses-01_task-imagery_run-01_eeg.edf	source_train	unresolved	anonymized_actual_date_unresolved
sub-6	01	01	sub-6/ses-01/run-01/tsv-row-24	24	rest	1	163.216	5.0	40804	42054	sub-6/ses-01/eeg/sub-6_ses-01_task-imagery_run-01_eeg.edf	source_train	unresolved	anonymized_actual_date_unresolved
sub-6	01	01	sub-6/ses-01/run-01/tsv-row-25	25	right_hand	2	170.096	5.0	42524	43774	sub-6/ses-01/eeg/sub-6_ses-01_task-imagery_run-01_eeg.edf	source_train	unresolved	anonymized_actual_date_unresolved
sub-6	01	01	sub-6/ses-01/run-01/tsv-row-26	26	rest	1	176.992	5.0	44248	45498	sub-6/ses-01/eeg/sub-6_ses-01_task-imagery_run-01_eeg.edf	source_train	unresolved	anonymized_actual_date_unresolved
sub-6	01	01	sub-6/ses-01/run-01/tsv-row-27	27	rest	1	183.876	5.0	45969	47219	sub-6/ses-01/eeg/sub-6_ses-01_task-imagery_run-01_eeg.edf	source_train	unresolved	anonymized_actual_date_unresolved
sub-6	01	01	sub-6/ses-01/run-01/tsv-row-28	28	right_hand	2	190.756	5.0	47689	48939	sub-6/ses-01/eeg/sub-6_ses-01_task-imagery_run-01_eeg.edf	source_train	unresolved	anonymized_actual_date_unresolved
sub-6	01	01	sub-6/ses-01/run-01/tsv-row-29	29	rest	1	197.66	5.0	49415	50665	sub-6/ses-01/eeg/sub-6_ses-01_task-imagery_run-01_eeg.edf	source_train	unresolved	anonymized_actual_date_unresolved
sub-6	01	01	sub-6/ses-01/run-01/tsv-row-30	30	right_hand	2	204.524	5.0	51131	52381	sub-6/ses-01/eeg/sub-6_ses-01_task-imagery_run-01_eeg.edf	source_train	unresolved	anonymized_actual_date_unresolved
sub-6	01	01	sub-6/ses-01/run-01/tsv-row-31	31	right_hand	2	211.42	5.0	52855	54105	sub-6/ses-01/eeg/sub-6_ses-01_task-imagery_run-01_eeg.edf	source_train	unresolved	anonymized_actual_date_unresolved
sub-6	01	01	sub-6/ses-01/run-01/tsv-row-32	32	rest	1	218.32	5.0	54580	55830	sub-6/ses-01/eeg/sub-6_ses-01_task-imagery_run-01_eeg.edf	source_train	unresolved	anonymized_actual_date_unresolved
sub-6	01	02	sub-6/ses-01/run-02/tsv-row-1	1	rest	1	5.632	5.0	1408	2658	sub-6/ses-01/eeg/sub-6_ses-01_task-imagery_run-02_eeg.edf	source_train	unresolved	anonymized_actual_date_unresolved
sub-6	01	02	sub-6/ses-01/run-02/tsv-row-2	2	right_hand	2	12.496	5.0	3124	4374	sub-6/ses-01/eeg/sub-6_ses-01_task-imagery_run-02_eeg.edf	source_train	unresolved	anonymized_actual_date_unresolved
sub-6	01	02	sub-6/ses-01/run-02/tsv-row-3	3	right_hand	2	19.4	5.0	4850	6100	sub-6/ses-01/eeg/sub-6_ses-01_task-imagery_run-02_eeg.edf	source_train	unresolved	anonymized_actual_date_unresolved
sub-6	01	02	sub-6/ses-01/run-02/tsv-row-4	4	rest	1	26.3	5.0	6575	7825	sub-6/ses-01/eeg/sub-6_ses-01_task-imagery_run-02_eeg.edf	source_train	unresolved	anonymized_actual_date_unresolved
sub-6	01	02	sub-6/ses-01/run-02/tsv-row-5	5	right_hand	2	33.164	5.0	8291	9541	sub-6/ses-01/eeg/sub-6_ses-01_task-imagery_run-02_eeg.edf	source_train	unresolved	anonymized_actual_date_unresolved
sub-6	01	02	sub-6/ses-01/run-02/tsv-row-6	6	rest	1	40.076	5.0	10019	11269	sub-6/ses-01/eeg/sub-6_ses-01_task-imagery_run-02_eeg.edf	source_train	unresolved	anonymized_actual_date_unresolved
sub-6	01	02	sub-6/ses-01/run-02/tsv-row-7	7	rest	1	46.964	5.0	11741	12991	sub-6/ses-01/eeg/sub-6_ses-01_task-imagery_run-02_eeg.edf	source_train	unresolved	anonymized_actual_date_unresolved
sub-6	01	02	sub-6/ses-01/run-02/tsv-row-8	8	right_hand	2	53.828	5.0	13457	14707	sub-6/ses-01/eeg/sub-6_ses-01_task-imagery_run-02_eeg.edf	source_train	unresolved	anonymized_actual_date_unresolved
sub-6	01	02	sub-6/ses-01/run-02/tsv-row-9	9	rest	1	60.744	5.0	15186	16436	sub-6/ses-01/eeg/sub-6_ses-01_task-imagery_run-02_eeg.edf	source_train	unresolved	anonymized_actual_date_unresolved
sub-6	01	02	sub-6/ses-01/run-02/tsv-row-10	10	right_hand	2	67.608	5.0	16902	18152	sub-6/ses-01/eeg/sub-6_ses-01_task-imagery_run-02_eeg.edf	source_train	unresolved	anonymized_actual_date_unresolved
sub-6	01	02	sub-6/ses-01/run-02/tsv-row-11	11	rest	1	74.512	5.0	18628	19878	sub-6/ses-01/eeg/sub-6_ses-01_task-imagery_run-02_eeg.edf	source_train	unresolved	anonymized_actual_date_unresolved
sub-6	01	02	sub-6/ses-01/run-02/tsv-row-12	12	right_hand	2	81.396	5.0	20349	21599	sub-6/ses-01/eeg/sub-6_ses-01_task-imagery_run-02_eeg.edf	source_train	unresolved	anonymized_actual_date_unresolved
sub-6	01	02	sub-6/ses-01/run-02/tsv-row-13	13	right_hand	2	88.276	5.0	22069	23319	sub-6/ses-01/eeg/sub-6_ses-01_task-imagery_run-02_eeg.edf	source_train	unresolved	anonymized_actual_date_unresolved
sub-6	01	02	sub-6/ses-01/run-02/tsv-row-14	14	rest	1	95.172	5.0	23793	25043	sub-6/ses-01/eeg/sub-6_ses-01_task-imagery_run-02_eeg.edf	source_train	unresolved	anonymized_actual_date_unresolved
sub-6	01	02	sub-6/ses-01/run-02/tsv-row-15	15	rest	1	102.076	5.0	25519	26769	sub-6/ses-01/eeg/sub-6_ses-01_task-imagery_run-02_eeg.edf	source_train	unresolved	anonymized_actual_date_unresolved
sub-6	01	02	sub-6/ses-01/run-02/tsv-row-16	16	right_hand	2	108.94	5.0	27235	28485	sub-6/ses-01/eeg/sub-6_ses-01_task-imagery_run-02_eeg.edf	source_train	unresolved	anonymized_actual_date_unresolved
sub-6	01	02	sub-6/ses-01/run-02/tsv-row-17	17	right_hand	2	115.824	5.0	28956	30206	sub-6/ses-01/eeg/sub-6_ses-01_task-imagery_run-02_eeg.edf	source_train	unresolved	anonymized_actual_date_unresolved
sub-6	01	02	sub-6/ses-01/run-02/tsv-row-18	18	rest	1	122.72	5.0	30680	31930	sub-6/ses-01/eeg/sub-6_ses-01_task-imagery_run-02_eeg.edf	source_train	unresolved	anonymized_actual_date_unresolved
sub-6	01	02	sub-6/ses-01/run-02/tsv-row-19	19	rest	1	129.624	5.0	32406	33656	sub-6/ses-01/eeg/sub-6_ses-01_task-imagery_run-02_eeg.edf	source_train	unresolved	anonymized_actual_date_unresolved
sub-6	01	02	sub-6/ses-01/run-02/tsv-row-20	20	right_hand	2	136.488	5.0	34122	35372	sub-6/ses-01/eeg/sub-6_ses-01_task-imagery_run-02_eeg.edf	source_train	unresolved	anonymized_actual_date_unresolved
sub-6	01	02	sub-6/ses-01/run-02/tsv-row-21	21	rest	1	143.384	5.0	35846	37096	sub-6/ses-01/eeg/sub-6_ses-01_task-imagery_run-02_eeg.edf	source_train	unresolved	anonymized_actual_date_unresolved
sub-6	01	02	sub-6/ses-01/run-02/tsv-row-22	22	right_hand	2	150.268	5.0	37567	38817	sub-6/ses-01/eeg/sub-6_ses-01_task-imagery_run-02_eeg.edf	source_train	unresolved	anonymized_actual_date_unresolved
sub-6	01	02	sub-6/ses-01/run-02/tsv-row-23	23	rest	1	157.172	5.0	39293	40543	sub-6/ses-01/eeg/sub-6_ses-01_task-imagery_run-02_eeg.edf	source_train	unresolved	anonymized_actual_date_unresolved
sub-6	01	02	sub-6/ses-01/run-02/tsv-row-24	24	right_hand	2	164.036	5.0	41009	42259	sub-6/ses-01/eeg/sub-6_ses-01_task-imagery_run-02_eeg.edf	source_train	unresolved	anonymized_actual_date_unresolved
sub-6	01	02	sub-6/ses-01/run-02/tsv-row-25	25	right_hand	2	170.936	5.0	42734	43984	sub-6/ses-01/eeg/sub-6_ses-01_task-imagery_run-02_eeg.edf	source_train	unresolved	anonymized_actual_date_unresolved
sub-6	01	02	sub-6/ses-01/run-02/tsv-row-26	26	rest	1	177.832	5.0	44458	45708	sub-6/ses-01/eeg/sub-6_ses-01_task-imagery_run-02_eeg.edf	source_train	unresolved	anonymized_actual_date_unresolved
sub-6	01	02	sub-6/ses-01/run-02/tsv-row-27	27	right_hand	2	184.704	5.0	46176	47426	sub-6/ses-01/eeg/sub-6_ses-01_task-imagery_run-02_eeg.edf	source_train	unresolved	anonymized_actual_date_unresolved
sub-6	01	02	sub-6/ses-01/run-02/tsv-row-28	28	rest	1	191.616	5.0	47904	49154	sub-6/ses-01/eeg/sub-6_ses-01_task-imagery_run-02_eeg.edf	source_train	unresolved	anonymized_actual_date_unresolved
sub-6	01	02	sub-6/ses-01/run-02/tsv-row-29	29	right_hand	2	198.48	5.0	49620	50870	sub-6/ses-01/eeg/sub-6_ses-01_task-imagery_run-02_eeg.edf	source_train	unresolved	anonymized_actual_date_unresolved
sub-6	01	02	sub-6/ses-01/run-02/tsv-row-30	30	rest	1	205.38	5.0	51345	52595	sub-6/ses-01/eeg/sub-6_ses-01_task-imagery_run-02_eeg.edf	source_train	unresolved	anonymized_actual_date_unresolved
sub-6	01	02	sub-6/ses-01/run-02/tsv-row-31	31	right_hand	2	212.26	5.0	53065	54315	sub-6/ses-01/eeg/sub-6_ses-01_task-imagery_run-02_eeg.edf	source_train	unresolved	anonymized_actual_date_unresolved
sub-6	01	02	sub-6/ses-01/run-02/tsv-row-32	32	rest	1	219.164	5.0	54791	56041	sub-6/ses-01/eeg/sub-6_ses-01_task-imagery_run-02_eeg.edf	source_train	unresolved	anonymized_actual_date_unresolved
sub-6	01	03	sub-6/ses-01/run-03/tsv-row-1	1	rest	1	7.096	5.0	1774	3024	sub-6/ses-01/eeg/sub-6_ses-01_task-imagery_run-03_eeg.edf	source_train	unresolved	anonymized_actual_date_unresolved
sub-6	01	03	sub-6/ses-01/run-03/tsv-row-2	2	right_hand	2	13.96	5.0	3490	4740	sub-6/ses-01/eeg/sub-6_ses-01_task-imagery_run-03_eeg.edf	source_train	unresolved	anonymized_actual_date_unresolved
sub-6	01	03	sub-6/ses-01/run-03/tsv-row-3	3	right_hand	2	20.84	5.0	5210	6460	sub-6/ses-01/eeg/sub-6_ses-01_task-imagery_run-03_eeg.edf	source_train	unresolved	anonymized_actual_date_unresolved
sub-6	01	03	sub-6/ses-01/run-03/tsv-row-4	4	rest	1	27.764	5.0	6941	8191	sub-6/ses-01/eeg/sub-6_ses-01_task-imagery_run-03_eeg.edf	source_train	unresolved	anonymized_actual_date_unresolved
sub-6	01	03	sub-6/ses-01/run-03/tsv-row-5	5	rest	1	34.644	5.0	8661	9911	sub-6/ses-01/eeg/sub-6_ses-01_task-imagery_run-03_eeg.edf	source_train	unresolved	anonymized_actual_date_unresolved
sub-6	01	03	sub-6/ses-01/run-03/tsv-row-6	6	right_hand	2	41.508	5.0	10377	11627	sub-6/ses-01/eeg/sub-6_ses-01_task-imagery_run-03_eeg.edf	source_train	unresolved	anonymized_actual_date_unresolved
sub-6	01	03	sub-6/ses-01/run-03/tsv-row-7	7	right_hand	2	48.408	5.0	12102	13352	sub-6/ses-01/eeg/sub-6_ses-01_task-imagery_run-03_eeg.edf	source_train	unresolved	anonymized_actual_date_unresolved
sub-6	01	03	sub-6/ses-01/run-03/tsv-row-8	8	rest	1	55.312	5.0	13828	15078	sub-6/ses-01/eeg/sub-6_ses-01_task-imagery_run-03_eeg.edf	source_train	unresolved	anonymized_actual_date_unresolved
sub-6	01	03	sub-6/ses-01/run-03/tsv-row-9	9	right_hand	2	62.176	5.0	15544	16794	sub-6/ses-01/eeg/sub-6_ses-01_task-imagery_run-03_eeg.edf	source_train	unresolved	anonymized_actual_date_unresolved
sub-6	01	03	sub-6/ses-01/run-03/tsv-row-10	10	rest	1	69.088	5.0	17272	18522	sub-6/ses-01/eeg/sub-6_ses-01_task-imagery_run-03_eeg.edf	source_train	unresolved	anonymized_actual_date_unresolved
sub-6	01	03	sub-6/ses-01/run-03/tsv-row-11	11	rest	1	75.972	5.0	18993	20243	sub-6/ses-01/eeg/sub-6_ses-01_task-imagery_run-03_eeg.edf	source_train	unresolved	anonymized_actual_date_unresolved
sub-6	01	03	sub-6/ses-01/run-03/tsv-row-12	12	right_hand	2	82.844	5.0	20711	21961	sub-6/ses-01/eeg/sub-6_ses-01_task-imagery_run-03_eeg.edf	source_train	unresolved	anonymized_actual_date_unresolved
sub-6	01	03	sub-6/ses-01/run-03/tsv-row-13	13	right_hand	2	89.74	5.0	22435	23685	sub-6/ses-01/eeg/sub-6_ses-01_task-imagery_run-03_eeg.edf	source_train	unresolved	anonymized_actual_date_unresolved
sub-6	01	03	sub-6/ses-01/run-03/tsv-row-14	14	rest	1	96.636	5.0	24159	25409	sub-6/ses-01/eeg/sub-6_ses-01_task-imagery_run-03_eeg.edf	source_train	unresolved	anonymized_actual_date_unresolved
sub-6	01	03	sub-6/ses-01/run-03/tsv-row-15	15	right_hand	2	103.5	5.0	25875	27125	sub-6/ses-01/eeg/sub-6_ses-01_task-imagery_run-03_eeg.edf	source_train	unresolved	anonymized_actual_date_unresolved
sub-6	01	03	sub-6/ses-01/run-03/tsv-row-16	16	rest	1	110.404	5.0	27601	28851	sub-6/ses-01/eeg/sub-6_ses-01_task-imagery_run-03_eeg.edf	source_train	unresolved	anonymized_actual_date_unresolved
sub-6	01	03	sub-6/ses-01/run-03/tsv-row-17	17	rest	1	117.304	5.0	29326	30576	sub-6/ses-01/eeg/sub-6_ses-01_task-imagery_run-03_eeg.edf	source_train	unresolved	anonymized_actual_date_unresolved
sub-6	01	03	sub-6/ses-01/run-03/tsv-row-18	18	right_hand	2	124.168	5.0	31042	32292	sub-6/ses-01/eeg/sub-6_ses-01_task-imagery_run-03_eeg.edf	source_train	unresolved	anonymized_actual_date_unresolved
sub-6	01	03	sub-6/ses-01/run-03/tsv-row-19	19	right_hand	2	131.048	5.0	32762	34012	sub-6/ses-01/eeg/sub-6_ses-01_task-imagery_run-03_eeg.edf	source_train	unresolved	anonymized_actual_date_unresolved
sub-6	01	03	sub-6/ses-01/run-03/tsv-row-20	20	rest	1	137.972	5.0	34493	35743	sub-6/ses-01/eeg/sub-6_ses-01_task-imagery_run-03_eeg.edf	source_train	unresolved	anonymized_actual_date_unresolved
sub-6	01	03	sub-6/ses-01/run-03/tsv-row-21	21	right_hand	2	144.836	5.0	36209	37459	sub-6/ses-01/eeg/sub-6_ses-01_task-imagery_run-03_eeg.edf	source_train	unresolved	anonymized_actual_date_unresolved
sub-6	01	03	sub-6/ses-01/run-03/tsv-row-22	22	rest	1	151.732	5.0	37933	39183	sub-6/ses-01/eeg/sub-6_ses-01_task-imagery_run-03_eeg.edf	source_train	unresolved	anonymized_actual_date_unresolved
sub-6	01	03	sub-6/ses-01/run-03/tsv-row-23	23	right_hand	2	158.612	5.0	39653	40903	sub-6/ses-01/eeg/sub-6_ses-01_task-imagery_run-03_eeg.edf	source_train	unresolved	anonymized_actual_date_unresolved
sub-6	01	03	sub-6/ses-01/run-03/tsv-row-24	24	rest	1	165.516	5.0	41379	42629	sub-6/ses-01/eeg/sub-6_ses-01_task-imagery_run-03_eeg.edf	source_train	unresolved	anonymized_actual_date_unresolved
sub-6	01	03	sub-6/ses-01/run-03/tsv-row-25	25	right_hand	2	172.384	5.0	43096	44346	sub-6/ses-01/eeg/sub-6_ses-01_task-imagery_run-03_eeg.edf	source_train	unresolved	anonymized_actual_date_unresolved
sub-6	01	03	sub-6/ses-01/run-03/tsv-row-26	26	rest	1	179.296	5.0	44824	46074	sub-6/ses-01/eeg/sub-6_ses-01_task-imagery_run-03_eeg.edf	source_train	unresolved	anonymized_actual_date_unresolved
sub-6	01	03	sub-6/ses-01/run-03/tsv-row-27	27	rest	1	186.176	5.0	46544	47794	sub-6/ses-01/eeg/sub-6_ses-01_task-imagery_run-03_eeg.edf	source_train	unresolved	anonymized_actual_date_unresolved
sub-6	01	03	sub-6/ses-01/run-03/tsv-row-28	28	right_hand	2	193.048	5.0	48262	49512	sub-6/ses-01/eeg/sub-6_ses-01_task-imagery_run-03_eeg.edf	source_train	unresolved	anonymized_actual_date_unresolved
sub-6	01	03	sub-6/ses-01/run-03/tsv-row-29	29	right_hand	2	199.948	5.0	49987	51237	sub-6/ses-01/eeg/sub-6_ses-01_task-imagery_run-03_eeg.edf	source_train	unresolved	anonymized_actual_date_unresolved
sub-6	01	03	sub-6/ses-01/run-03/tsv-row-30	30	rest	1	206.844	5.0	51711	52961	sub-6/ses-01/eeg/sub-6_ses-01_task-imagery_run-03_eeg.edf	source_train	unresolved	anonymized_actual_date_unresolved
sub-6	01	03	sub-6/ses-01/run-03/tsv-row-31	31	rest	1	213.724	5.0	53431	54681	sub-6/ses-01/eeg/sub-6_ses-01_task-imagery_run-03_eeg.edf	source_train	unresolved	anonymized_actual_date_unresolved
sub-6	01	03	sub-6/ses-01/run-03/tsv-row-32	32	right_hand	2	220.604	5.0	55151	56401	sub-6/ses-01/eeg/sub-6_ses-01_task-imagery_run-03_eeg.edf	source_train	unresolved	anonymized_actual_date_unresolved
sub-6	01	04	sub-6/ses-01/run-04/tsv-row-1	1	rest	1	6.06	5.0	1515	2765	sub-6/ses-01/eeg/sub-6_ses-01_task-imagery_run-04_eeg.edf	source_train	unresolved	anonymized_actual_date_unresolved
sub-6	01	04	sub-6/ses-01/run-04/tsv-row-2	2	right_hand	2	12.924	5.0	3231	4481	sub-6/ses-01/eeg/sub-6_ses-01_task-imagery_run-04_eeg.edf	source_train	unresolved	anonymized_actual_date_unresolved
sub-6	01	04	sub-6/ses-01/run-04/tsv-row-3	3	rest	1	19.824	5.0	4956	6206	sub-6/ses-01/eeg/sub-6_ses-01_task-imagery_run-04_eeg.edf	source_train	unresolved	anonymized_actual_date_unresolved
sub-6	01	04	sub-6/ses-01/run-04/tsv-row-4	4	right_hand	2	26.704	5.0	6676	7926	sub-6/ses-01/eeg/sub-6_ses-01_task-imagery_run-04_eeg.edf	source_train	unresolved	anonymized_actual_date_unresolved
sub-6	01	04	sub-6/ses-01/run-04/tsv-row-5	5	right_hand	2	33.592	5.0	8398	9648	sub-6/ses-01/eeg/sub-6_ses-01_task-imagery_run-04_eeg.edf	source_train	unresolved	anonymized_actual_date_unresolved
sub-6	01	04	sub-6/ses-01/run-04/tsv-row-6	6	rest	1	40.488	5.0	10122	11372	sub-6/ses-01/eeg/sub-6_ses-01_task-imagery_run-04_eeg.edf	source_train	unresolved	anonymized_actual_date_unresolved
sub-6	01	04	sub-6/ses-01/run-04/tsv-row-7	7	right_hand	2	47.368	5.0	11842	13092	sub-6/ses-01/eeg/sub-6_ses-01_task-imagery_run-04_eeg.edf	source_train	unresolved	anonymized_actual_date_unresolved
sub-6	01	04	sub-6/ses-01/run-04/tsv-row-8	8	rest	1	54.276	5.0	13569	14819	sub-6/ses-01/eeg/sub-6_ses-01_task-imagery_run-04_eeg.edf	source_train	unresolved	anonymized_actual_date_unresolved
sub-6	01	04	sub-6/ses-01/run-04/tsv-row-9	9	rest	1	61.156	5.0	15289	16539	sub-6/ses-01/eeg/sub-6_ses-01_task-imagery_run-04_eeg.edf	source_train	unresolved	anonymized_actual_date_unresolved
sub-6	01	04	sub-6/ses-01/run-04/tsv-row-10	10	right_hand	2	68.036	5.0	17009	18259	sub-6/ses-01/eeg/sub-6_ses-01_task-imagery_run-04_eeg.edf	source_train	unresolved	anonymized_actual_date_unresolved
sub-6	01	04	sub-6/ses-01/run-04/tsv-row-11	11	rest	1	74.932	5.0	18733	19983	sub-6/ses-01/eeg/sub-6_ses-01_task-imagery_run-04_eeg.edf	source_train	unresolved	anonymized_actual_date_unresolved
sub-6	01	04	sub-6/ses-01/run-04/tsv-row-12	12	right_hand	2	81.808	5.0	20452	21702	sub-6/ses-01/eeg/sub-6_ses-01_task-imagery_run-04_eeg.edf	source_train	unresolved	anonymized_actual_date_unresolved
sub-6	01	04	sub-6/ses-01/run-04/tsv-row-13	13	rest	1	88.72	5.0	22180	23430	sub-6/ses-01/eeg/sub-6_ses-01_task-imagery_run-04_eeg.edf	source_train	unresolved	anonymized_actual_date_unresolved
sub-6	01	04	sub-6/ses-01/run-04/tsv-row-14	14	right_hand	2	95.584	5.0	23896	25146	sub-6/ses-01/eeg/sub-6_ses-01_task-imagery_run-04_eeg.edf	source_train	unresolved	anonymized_actual_date_unresolved
sub-6	01	04	sub-6/ses-01/run-04/tsv-row-15	15	right_hand	2	102.464	5.0	25616	26866	sub-6/ses-01/eeg/sub-6_ses-01_task-imagery_run-04_eeg.edf	source_train	unresolved	anonymized_actual_date_unresolved
sub-6	01	04	sub-6/ses-01/run-04/tsv-row-16	16	rest	1	109.368	5.0	27342	28592	sub-6/ses-01/eeg/sub-6_ses-01_task-imagery_run-04_eeg.edf	source_train	unresolved	anonymized_actual_date_unresolved
sub-6	01	04	sub-6/ses-01/run-04/tsv-row-17	17	rest	1	116.268	5.0	29067	30317	sub-6/ses-01/eeg/sub-6_ses-01_task-imagery_run-04_eeg.edf	source_train	unresolved	anonymized_actual_date_unresolved
sub-6	01	04	sub-6/ses-01/run-04/tsv-row-18	18	right_hand	2	123.132	5.0	30783	32033	sub-6/ses-01/eeg/sub-6_ses-01_task-imagery_run-04_eeg.edf	source_train	unresolved	anonymized_actual_date_unresolved
sub-6	01	04	sub-6/ses-01/run-04/tsv-row-19	19	right_hand	2	130.028	5.0	32507	33757	sub-6/ses-01/eeg/sub-6_ses-01_task-imagery_run-04_eeg.edf	source_train	unresolved	anonymized_actual_date_unresolved
sub-6	01	04	sub-6/ses-01/run-04/tsv-row-20	20	rest	1	136.924	5.0	34231	35481	sub-6/ses-01/eeg/sub-6_ses-01_task-imagery_run-04_eeg.edf	source_train	unresolved	anonymized_actual_date_unresolved
sub-6	01	04	sub-6/ses-01/run-04/tsv-row-21	21	rest	1	143.816	5.0	35954	37204	sub-6/ses-01/eeg/sub-6_ses-01_task-imagery_run-04_eeg.edf	source_train	unresolved	anonymized_actual_date_unresolved
sub-6	01	04	sub-6/ses-01/run-04/tsv-row-22	22	right_hand	2	150.68	5.0	37670	38920	sub-6/ses-01/eeg/sub-6_ses-01_task-imagery_run-04_eeg.edf	source_train	unresolved	anonymized_actual_date_unresolved
sub-6	01	04	sub-6/ses-01/run-04/tsv-row-23	23	rest	1	157.592	5.0	39398	40648	sub-6/ses-01/eeg/sub-6_ses-01_task-imagery_run-04_eeg.edf	source_train	unresolved	anonymized_actual_date_unresolved
sub-6	01	04	sub-6/ses-01/run-04/tsv-row-24	24	right_hand	2	164.456	5.0	41114	42364	sub-6/ses-01/eeg/sub-6_ses-01_task-imagery_run-04_eeg.edf	source_train	unresolved	anonymized_actual_date_unresolved
sub-6	01	04	sub-6/ses-01/run-04/tsv-row-25	25	rest	1	171.364	5.0	42841	44091	sub-6/ses-01/eeg/sub-6_ses-01_task-imagery_run-04_eeg.edf	source_train	unresolved	anonymized_actual_date_unresolved
sub-6	01	04	sub-6/ses-01/run-04/tsv-row-26	26	right_hand	2	178.244	5.0	44561	45811	sub-6/ses-01/eeg/sub-6_ses-01_task-imagery_run-04_eeg.edf	source_train	unresolved	anonymized_actual_date_unresolved
sub-6	01	04	sub-6/ses-01/run-04/tsv-row-27	27	right_hand	2	185.124	5.0	46281	47531	sub-6/ses-01/eeg/sub-6_ses-01_task-imagery_run-04_eeg.edf	source_train	unresolved	anonymized_actual_date_unresolved
sub-6	01	04	sub-6/ses-01/run-04/tsv-row-28	28	rest	1	192.02	5.0	48005	49255	sub-6/ses-01/eeg/sub-6_ses-01_task-imagery_run-04_eeg.edf	source_train	unresolved	anonymized_actual_date_unresolved
sub-6	01	04	sub-6/ses-01/run-04/tsv-row-29	29	rest	1	198.928	5.0	49732	50982	sub-6/ses-01/eeg/sub-6_ses-01_task-imagery_run-04_eeg.edf	source_train	unresolved	anonymized_actual_date_unresolved
sub-6	01	04	sub-6/ses-01/run-04/tsv-row-30	30	right_hand	2	205.792	5.0	51448	52698	sub-6/ses-01/eeg/sub-6_ses-01_task-imagery_run-04_eeg.edf	source_train	unresolved	anonymized_actual_date_unresolved
sub-6	01	04	sub-6/ses-01/run-04/tsv-row-31	31	rest	1	212.688	5.0	53172	54422	sub-6/ses-01/eeg/sub-6_ses-01_task-imagery_run-04_eeg.edf	source_train	unresolved	anonymized_actual_date_unresolved
sub-6	01	04	sub-6/ses-01/run-04/tsv-row-32	32	right_hand	2	219.568	5.0	54892	56142	sub-6/ses-01/eeg/sub-6_ses-01_task-imagery_run-04_eeg.edf	source_train	unresolved	anonymized_actual_date_unresolved
sub-6	01	05	sub-6/ses-01/run-05/tsv-row-1	1	right_hand	2	6.324	5.0	1581	2831	sub-6/ses-01/eeg/sub-6_ses-01_task-imagery_run-05_eeg.edf	source_reference_query	unresolved	anonymized_actual_date_unresolved
sub-6	01	05	sub-6/ses-01/run-05/tsv-row-2	2	rest	1	13.22	5.0	3305	4555	sub-6/ses-01/eeg/sub-6_ses-01_task-imagery_run-05_eeg.edf	source_reference_query	unresolved	anonymized_actual_date_unresolved
sub-6	01	05	sub-6/ses-01/run-05/tsv-row-3	3	rest	1	20.12	5.0	5030	6280	sub-6/ses-01/eeg/sub-6_ses-01_task-imagery_run-05_eeg.edf	source_reference_query	unresolved	anonymized_actual_date_unresolved
sub-6	01	05	sub-6/ses-01/run-05/tsv-row-4	4	right_hand	2	26.984	5.0	6746	7996	sub-6/ses-01/eeg/sub-6_ses-01_task-imagery_run-05_eeg.edf	source_reference_query	unresolved	anonymized_actual_date_unresolved
sub-6	01	05	sub-6/ses-01/run-05/tsv-row-5	5	right_hand	2	33.864	5.0	8466	9716	sub-6/ses-01/eeg/sub-6_ses-01_task-imagery_run-05_eeg.edf	source_reference_query	unresolved	anonymized_actual_date_unresolved
sub-6	01	05	sub-6/ses-01/run-05/tsv-row-6	6	rest	1	40.784	5.0	10196	11446	sub-6/ses-01/eeg/sub-6_ses-01_task-imagery_run-05_eeg.edf	source_reference_query	unresolved	anonymized_actual_date_unresolved
sub-6	01	05	sub-6/ses-01/run-05/tsv-row-7	7	rest	1	47.664	5.0	11916	13166	sub-6/ses-01/eeg/sub-6_ses-01_task-imagery_run-05_eeg.edf	source_reference_query	unresolved	anonymized_actual_date_unresolved
sub-6	01	05	sub-6/ses-01/run-05/tsv-row-8	8	right_hand	2	54.532	5.0	13633	14883	sub-6/ses-01/eeg/sub-6_ses-01_task-imagery_run-05_eeg.edf	source_reference_query	unresolved	anonymized_actual_date_unresolved
sub-6	01	05	sub-6/ses-01/run-05/tsv-row-9	9	right_hand	2	61.412	5.0	15353	16603	sub-6/ses-01/eeg/sub-6_ses-01_task-imagery_run-05_eeg.edf	source_reference_query	unresolved	anonymized_actual_date_unresolved
sub-6	01	05	sub-6/ses-01/run-05/tsv-row-10	10	rest	1	68.332	5.0	17083	18333	sub-6/ses-01/eeg/sub-6_ses-01_task-imagery_run-05_eeg.edf	source_reference_query	unresolved	anonymized_actual_date_unresolved
sub-6	01	05	sub-6/ses-01/run-05/tsv-row-11	11	right_hand	2	75.196	5.0	18799	20049	sub-6/ses-01/eeg/sub-6_ses-01_task-imagery_run-05_eeg.edf	source_reference_query	unresolved	anonymized_actual_date_unresolved
sub-6	01	05	sub-6/ses-01/run-05/tsv-row-12	12	rest	1	82.092	5.0	20523	21773	sub-6/ses-01/eeg/sub-6_ses-01_task-imagery_run-05_eeg.edf	source_reference_query	unresolved	anonymized_actual_date_unresolved
sub-6	01	05	sub-6/ses-01/run-05/tsv-row-13	13	rest	1	88.992	5.0	22248	23498	sub-6/ses-01/eeg/sub-6_ses-01_task-imagery_run-05_eeg.edf	source_reference_query	unresolved	anonymized_actual_date_unresolved
sub-6	01	05	sub-6/ses-01/run-05/tsv-row-14	14	right_hand	2	95.864	5.0	23966	25216	sub-6/ses-01/eeg/sub-6_ses-01_task-imagery_run-05_eeg.edf	source_reference_query	unresolved	anonymized_actual_date_unresolved
sub-6	01	05	sub-6/ses-01/run-05/tsv-row-15	15	right_hand	2	102.744	5.0	25686	26936	sub-6/ses-01/eeg/sub-6_ses-01_task-imagery_run-05_eeg.edf	source_reference_query	unresolved	anonymized_actual_date_unresolved
sub-6	01	05	sub-6/ses-01/run-05/tsv-row-16	16	rest	1	109.66	5.0	27415	28665	sub-6/ses-01/eeg/sub-6_ses-01_task-imagery_run-05_eeg.edf	source_reference_query	unresolved	anonymized_actual_date_unresolved
sub-6	01	05	sub-6/ses-01/run-05/tsv-row-17	17	rest	1	116.54	5.0	29135	30385	sub-6/ses-01/eeg/sub-6_ses-01_task-imagery_run-05_eeg.edf	source_reference_query	unresolved	anonymized_actual_date_unresolved
sub-6	01	05	sub-6/ses-01/run-05/tsv-row-18	18	right_hand	2	123.412	5.0	30853	32103	sub-6/ses-01/eeg/sub-6_ses-01_task-imagery_run-05_eeg.edf	source_reference_query	unresolved	anonymized_actual_date_unresolved
sub-6	01	05	sub-6/ses-01/run-05/tsv-row-19	19	right_hand	2	130.308	5.0	32577	33827	sub-6/ses-01/eeg/sub-6_ses-01_task-imagery_run-05_eeg.edf	source_reference_query	unresolved	anonymized_actual_date_unresolved
sub-6	01	05	sub-6/ses-01/run-05/tsv-row-20	20	rest	1	137.204	5.0	34301	35551	sub-6/ses-01/eeg/sub-6_ses-01_task-imagery_run-05_eeg.edf	source_reference_query	unresolved	anonymized_actual_date_unresolved
sub-6	01	05	sub-6/ses-01/run-05/tsv-row-21	21	right_hand	2	144.072	5.0	36018	37268	sub-6/ses-01/eeg/sub-6_ses-01_task-imagery_run-05_eeg.edf	source_reference_query	unresolved	anonymized_actual_date_unresolved
sub-6	01	05	sub-6/ses-01/run-05/tsv-row-22	22	rest	1	150.992	5.0	37748	38998	sub-6/ses-01/eeg/sub-6_ses-01_task-imagery_run-05_eeg.edf	source_reference_query	unresolved	anonymized_actual_date_unresolved
sub-6	01	05	sub-6/ses-01/run-05/tsv-row-23	23	rest	1	157.872	5.0	39468	40718	sub-6/ses-01/eeg/sub-6_ses-01_task-imagery_run-05_eeg.edf	source_reference_query	unresolved	anonymized_actual_date_unresolved
sub-6	01	05	sub-6/ses-01/run-05/tsv-row-24	24	right_hand	2	164.736	5.0	41184	42434	sub-6/ses-01/eeg/sub-6_ses-01_task-imagery_run-05_eeg.edf	source_reference_query	unresolved	anonymized_actual_date_unresolved
sub-6	01	05	sub-6/ses-01/run-05/tsv-row-25	25	rest	1	171.648	5.0	42912	44162	sub-6/ses-01/eeg/sub-6_ses-01_task-imagery_run-05_eeg.edf	source_reference_query	unresolved	anonymized_actual_date_unresolved
sub-6	01	05	sub-6/ses-01/run-05/tsv-row-26	26	right_hand	2	178.516	5.0	44629	45879	sub-6/ses-01/eeg/sub-6_ses-01_task-imagery_run-05_eeg.edf	source_reference_query	unresolved	anonymized_actual_date_unresolved
sub-6	01	05	sub-6/ses-01/run-05/tsv-row-27	27	right_hand	2	185.404	5.0	46351	47601	sub-6/ses-01/eeg/sub-6_ses-01_task-imagery_run-05_eeg.edf	source_reference_query	unresolved	anonymized_actual_date_unresolved
sub-6	01	05	sub-6/ses-01/run-05/tsv-row-28	28	rest	1	192.316	5.0	48079	49329	sub-6/ses-01/eeg/sub-6_ses-01_task-imagery_run-05_eeg.edf	source_reference_query	unresolved	anonymized_actual_date_unresolved
sub-6	01	05	sub-6/ses-01/run-05/tsv-row-29	29	rest	1	199.2	5.0	49800	51050	sub-6/ses-01/eeg/sub-6_ses-01_task-imagery_run-05_eeg.edf	source_reference_query	unresolved	anonymized_actual_date_unresolved
sub-6	01	05	sub-6/ses-01/run-05/tsv-row-30	30	right_hand	2	206.072	5.0	51518	52768	sub-6/ses-01/eeg/sub-6_ses-01_task-imagery_run-05_eeg.edf	source_reference_query	unresolved	anonymized_actual_date_unresolved
sub-6	01	05	sub-6/ses-01/run-05/tsv-row-31	31	right_hand	2	212.968	5.0	53242	54492	sub-6/ses-01/eeg/sub-6_ses-01_task-imagery_run-05_eeg.edf	source_reference_query	unresolved	anonymized_actual_date_unresolved
sub-6	01	05	sub-6/ses-01/run-05/tsv-row-32	32	rest	1	219.864	5.0	54966	56216	sub-6/ses-01/eeg/sub-6_ses-01_task-imagery_run-05_eeg.edf	source_reference_query	unresolved	anonymized_actual_date_unresolved
sub-6	01	06	sub-6/ses-01/run-06/tsv-row-1	1	right_hand	2	4.188	5.0	1047	2297	sub-6/ses-01/eeg/sub-6_ses-01_task-imagery_run-06_eeg.edf	source_reference_query	unresolved	anonymized_actual_date_unresolved
sub-6	01	06	sub-6/ses-01/run-06/tsv-row-2	2	rest	1	11.092	5.0	2773	4023	sub-6/ses-01/eeg/sub-6_ses-01_task-imagery_run-06_eeg.edf	source_reference_query	unresolved	anonymized_actual_date_unresolved
sub-6	01	06	sub-6/ses-01/run-06/tsv-row-3	3	rest	1	17.992	5.0	4498	5748	sub-6/ses-01/eeg/sub-6_ses-01_task-imagery_run-06_eeg.edf	source_reference_query	unresolved	anonymized_actual_date_unresolved
sub-6	01	06	sub-6/ses-01/run-06/tsv-row-4	4	right_hand	2	24.856	5.0	6214	7464	sub-6/ses-01/eeg/sub-6_ses-01_task-imagery_run-06_eeg.edf	source_reference_query	unresolved	anonymized_actual_date_unresolved
sub-6	01	06	sub-6/ses-01/run-06/tsv-row-5	5	rest	1	31.752	5.0	7938	9188	sub-6/ses-01/eeg/sub-6_ses-01_task-imagery_run-06_eeg.edf	source_reference_query	unresolved	anonymized_actual_date_unresolved
sub-6	01	06	sub-6/ses-01/run-06/tsv-row-6	6	right_hand	2	38.632	5.0	9658	10908	sub-6/ses-01/eeg/sub-6_ses-01_task-imagery_run-06_eeg.edf	source_reference_query	unresolved	anonymized_actual_date_unresolved
sub-6	01	06	sub-6/ses-01/run-06/tsv-row-7	7	rest	1	45.536	5.0	11384	12634	sub-6/ses-01/eeg/sub-6_ses-01_task-imagery_run-06_eeg.edf	source_reference_query	unresolved	anonymized_actual_date_unresolved
sub-6	01	06	sub-6/ses-01/run-06/tsv-row-8	8	right_hand	2	52.404	5.0	13101	14351	sub-6/ses-01/eeg/sub-6_ses-01_task-imagery_run-06_eeg.edf	source_reference_query	unresolved	anonymized_actual_date_unresolved
sub-6	01	06	sub-6/ses-01/run-06/tsv-row-9	9	rest	1	59.316	5.0	14829	16079	sub-6/ses-01/eeg/sub-6_ses-01_task-imagery_run-06_eeg.edf	source_reference_query	unresolved	anonymized_actual_date_unresolved
sub-6	01	06	sub-6/ses-01/run-06/tsv-row-10	10	right_hand	2	66.18	5.0	16545	17795	sub-6/ses-01/eeg/sub-6_ses-01_task-imagery_run-06_eeg.edf	source_reference_query	unresolved	anonymized_actual_date_unresolved
sub-6	01	06	sub-6/ses-01/run-06/tsv-row-11	11	rest	1	73.084	5.0	18271	19521	sub-6/ses-01/eeg/sub-6_ses-01_task-imagery_run-06_eeg.edf	source_reference_query	unresolved	anonymized_actual_date_unresolved
sub-6	01	06	sub-6/ses-01/run-06/tsv-row-12	12	right_hand	2	79.968	5.0	19992	21242	sub-6/ses-01/eeg/sub-6_ses-01_task-imagery_run-06_eeg.edf	source_reference_query	unresolved	anonymized_actual_date_unresolved
sub-6	01	06	sub-6/ses-01/run-06/tsv-row-13	13	right_hand	2	86.848	5.0	21712	22962	sub-6/ses-01/eeg/sub-6_ses-01_task-imagery_run-06_eeg.edf	source_reference_query	unresolved	anonymized_actual_date_unresolved
sub-6	01	06	sub-6/ses-01/run-06/tsv-row-14	14	rest	1	93.744	5.0	23436	24686	sub-6/ses-01/eeg/sub-6_ses-01_task-imagery_run-06_eeg.edf	source_reference_query	unresolved	anonymized_actual_date_unresolved
sub-6	01	06	sub-6/ses-01/run-06/tsv-row-15	15	rest	1	100.648	5.0	25162	26412	sub-6/ses-01/eeg/sub-6_ses-01_task-imagery_run-06_eeg.edf	source_reference_query	unresolved	anonymized_actual_date_unresolved
sub-6	01	06	sub-6/ses-01/run-06/tsv-row-16	16	right_hand	2	107.516	5.0	26879	28129	sub-6/ses-01/eeg/sub-6_ses-01_task-imagery_run-06_eeg.edf	source_reference_query	unresolved	anonymized_actual_date_unresolved
sub-6	01	06	sub-6/ses-01/run-06/tsv-row-17	17	right_hand	2	114.396	5.0	28599	29849	sub-6/ses-01/eeg/sub-6_ses-01_task-imagery_run-06_eeg.edf	source_reference_query	unresolved	anonymized_actual_date_unresolved
sub-6	01	06	sub-6/ses-01/run-06/tsv-row-18	18	rest	1	121.292	5.0	30323	31573	sub-6/ses-01/eeg/sub-6_ses-01_task-imagery_run-06_eeg.edf	source_reference_query	unresolved	anonymized_actual_date_unresolved
sub-6	01	06	sub-6/ses-01/run-06/tsv-row-19	19	rest	1	128.196	5.0	32049	33299	sub-6/ses-01/eeg/sub-6_ses-01_task-imagery_run-06_eeg.edf	source_reference_query	unresolved	anonymized_actual_date_unresolved
sub-6	01	06	sub-6/ses-01/run-06/tsv-row-20	20	right_hand	2	135.06	5.0	33765	35015	sub-6/ses-01/eeg/sub-6_ses-01_task-imagery_run-06_eeg.edf	source_reference_query	unresolved	anonymized_actual_date_unresolved
sub-6	01	06	sub-6/ses-01/run-06/tsv-row-21	21	right_hand	2	141.944	5.0	35486	36736	sub-6/ses-01/eeg/sub-6_ses-01_task-imagery_run-06_eeg.edf	source_reference_query	unresolved	anonymized_actual_date_unresolved
sub-6	01	06	sub-6/ses-01/run-06/tsv-row-22	22	rest	1	148.856	5.0	37214	38464	sub-6/ses-01/eeg/sub-6_ses-01_task-imagery_run-06_eeg.edf	source_reference_query	unresolved	anonymized_actual_date_unresolved
sub-6	01	06	sub-6/ses-01/run-06/tsv-row-23	23	right_hand	2	155.728	5.0	38932	40182	sub-6/ses-01/eeg/sub-6_ses-01_task-imagery_run-06_eeg.edf	source_reference_query	unresolved	anonymized_actual_date_unresolved
sub-6	01	06	sub-6/ses-01/run-06/tsv-row-24	24	rest	1	162.624	5.0	40656	41906	sub-6/ses-01/eeg/sub-6_ses-01_task-imagery_run-06_eeg.edf	source_reference_query	unresolved	anonymized_actual_date_unresolved
sub-6	01	06	sub-6/ses-01/run-06/tsv-row-25	25	right_hand	2	169.508	5.0	42377	43627	sub-6/ses-01/eeg/sub-6_ses-01_task-imagery_run-06_eeg.edf	source_reference_query	unresolved	anonymized_actual_date_unresolved
sub-6	01	06	sub-6/ses-01/run-06/tsv-row-26	26	rest	1	176.404	5.0	44101	45351	sub-6/ses-01/eeg/sub-6_ses-01_task-imagery_run-06_eeg.edf	source_reference_query	unresolved	anonymized_actual_date_unresolved
sub-6	01	06	sub-6/ses-01/run-06/tsv-row-27	27	right_hand	2	183.276	5.0	45819	47069	sub-6/ses-01/eeg/sub-6_ses-01_task-imagery_run-06_eeg.edf	source_reference_query	unresolved	anonymized_actual_date_unresolved
sub-6	01	06	sub-6/ses-01/run-06/tsv-row-28	28	rest	1	190.188	5.0	47547	48797	sub-6/ses-01/eeg/sub-6_ses-01_task-imagery_run-06_eeg.edf	source_reference_query	unresolved	anonymized_actual_date_unresolved
sub-6	01	06	sub-6/ses-01/run-06/tsv-row-29	29	rest	1	197.072	5.0	49268	50518	sub-6/ses-01/eeg/sub-6_ses-01_task-imagery_run-06_eeg.edf	source_reference_query	unresolved	anonymized_actual_date_unresolved
sub-6	01	06	sub-6/ses-01/run-06/tsv-row-30	30	right_hand	2	203.936	5.0	50984	52234	sub-6/ses-01/eeg/sub-6_ses-01_task-imagery_run-06_eeg.edf	source_reference_query	unresolved	anonymized_actual_date_unresolved
sub-6	01	06	sub-6/ses-01/run-06/tsv-row-31	31	right_hand	2	210.832	5.0	52708	53958	sub-6/ses-01/eeg/sub-6_ses-01_task-imagery_run-06_eeg.edf	source_reference_query	unresolved	anonymized_actual_date_unresolved
sub-6	01	06	sub-6/ses-01/run-06/tsv-row-32	32	rest	1	217.736	5.0	54434	55684	sub-6/ses-01/eeg/sub-6_ses-01_task-imagery_run-06_eeg.edf	source_reference_query	unresolved	anonymized_actual_date_unresolved
sub-6	02	01	sub-6/ses-02/run-01/tsv-row-1	1	right_hand	2	6.288	5.0	1572	2822	sub-6/ses-02/eeg/sub-6_ses-02_task-imagery_run-01_eeg.edf	validation_no_selection	unresolved	anonymized_actual_date_unresolved
sub-6	02	01	sub-6/ses-02/run-01/tsv-row-2	2	rest	1	13.192	5.0	3298	4548	sub-6/ses-02/eeg/sub-6_ses-02_task-imagery_run-01_eeg.edf	validation_no_selection	unresolved	anonymized_actual_date_unresolved
sub-6	02	01	sub-6/ses-02/run-01/tsv-row-3	3	right_hand	2	20.076	5.0	5019	6269	sub-6/ses-02/eeg/sub-6_ses-02_task-imagery_run-01_eeg.edf	validation_no_selection	unresolved	anonymized_actual_date_unresolved
sub-6	02	01	sub-6/ses-02/run-01/tsv-row-4	4	rest	1	26.968	5.0	6742	7992	sub-6/ses-02/eeg/sub-6_ses-02_task-imagery_run-01_eeg.edf	validation_no_selection	unresolved	anonymized_actual_date_unresolved
sub-6	02	01	sub-6/ses-02/run-01/tsv-row-5	5	right_hand	2	33.836	5.0	8459	9709	sub-6/ses-02/eeg/sub-6_ses-02_task-imagery_run-01_eeg.edf	validation_no_selection	unresolved	anonymized_actual_date_unresolved
sub-6	02	01	sub-6/ses-02/run-01/tsv-row-6	6	rest	1	40.756	5.0	10189	11439	sub-6/ses-02/eeg/sub-6_ses-02_task-imagery_run-01_eeg.edf	validation_no_selection	unresolved	anonymized_actual_date_unresolved
sub-6	02	01	sub-6/ses-02/run-01/tsv-row-7	7	right_hand	2	47.624	5.0	11906	13156	sub-6/ses-02/eeg/sub-6_ses-02_task-imagery_run-01_eeg.edf	validation_no_selection	unresolved	anonymized_actual_date_unresolved
sub-6	02	01	sub-6/ses-02/run-01/tsv-row-8	8	rest	1	54.516	5.0	13629	14879	sub-6/ses-02/eeg/sub-6_ses-02_task-imagery_run-01_eeg.edf	validation_no_selection	unresolved	anonymized_actual_date_unresolved
sub-6	02	01	sub-6/ses-02/run-01/tsv-row-9	9	rest	1	61.416	5.0	15354	16604	sub-6/ses-02/eeg/sub-6_ses-02_task-imagery_run-01_eeg.edf	validation_no_selection	unresolved	anonymized_actual_date_unresolved
sub-6	02	01	sub-6/ses-02/run-01/tsv-row-10	10	right_hand	2	68.288	5.0	17072	18322	sub-6/ses-02/eeg/sub-6_ses-02_task-imagery_run-01_eeg.edf	validation_no_selection	unresolved	anonymized_actual_date_unresolved
sub-6	02	01	sub-6/ses-02/run-01/tsv-row-11	11	rest	1	75.184	5.0	18796	20046	sub-6/ses-02/eeg/sub-6_ses-02_task-imagery_run-01_eeg.edf	validation_no_selection	unresolved	anonymized_actual_date_unresolved
sub-6	02	01	sub-6/ses-02/run-01/tsv-row-12	12	right_hand	2	82.052	5.0	20513	21763	sub-6/ses-02/eeg/sub-6_ses-02_task-imagery_run-01_eeg.edf	validation_no_selection	unresolved	anonymized_actual_date_unresolved
sub-6	02	01	sub-6/ses-02/run-01/tsv-row-13	13	right_hand	2	88.948	5.0	22237	23487	sub-6/ses-02/eeg/sub-6_ses-02_task-imagery_run-01_eeg.edf	validation_no_selection	unresolved	anonymized_actual_date_unresolved
sub-6	02	01	sub-6/ses-02/run-01/tsv-row-14	14	rest	1	95.852	5.0	23963	25213	sub-6/ses-02/eeg/sub-6_ses-02_task-imagery_run-01_eeg.edf	validation_no_selection	unresolved	anonymized_actual_date_unresolved
sub-6	02	01	sub-6/ses-02/run-01/tsv-row-15	15	right_hand	2	102.716	5.0	25679	26929	sub-6/ses-02/eeg/sub-6_ses-02_task-imagery_run-01_eeg.edf	validation_no_selection	unresolved	anonymized_actual_date_unresolved
sub-6	02	01	sub-6/ses-02/run-01/tsv-row-16	16	rest	1	109.628	5.0	27407	28657	sub-6/ses-02/eeg/sub-6_ses-02_task-imagery_run-01_eeg.edf	validation_no_selection	unresolved	anonymized_actual_date_unresolved
sub-6	02	01	sub-6/ses-02/run-01/tsv-row-17	17	right_hand	2	116.496	5.0	29124	30374	sub-6/ses-02/eeg/sub-6_ses-02_task-imagery_run-01_eeg.edf	validation_no_selection	unresolved	anonymized_actual_date_unresolved
sub-6	02	01	sub-6/ses-02/run-01/tsv-row-18	18	rest	1	123.4	5.0	30850	32100	sub-6/ses-02/eeg/sub-6_ses-02_task-imagery_run-01_eeg.edf	validation_no_selection	unresolved	anonymized_actual_date_unresolved
sub-6	02	01	sub-6/ses-02/run-01/tsv-row-19	19	right_hand	2	130.28	5.0	32570	33820	sub-6/ses-02/eeg/sub-6_ses-02_task-imagery_run-01_eeg.edf	validation_no_selection	unresolved	anonymized_actual_date_unresolved
sub-6	02	01	sub-6/ses-02/run-01/tsv-row-20	20	rest	1	137.176	5.0	34294	35544	sub-6/ses-02/eeg/sub-6_ses-02_task-imagery_run-01_eeg.edf	validation_no_selection	unresolved	anonymized_actual_date_unresolved
sub-6	02	01	sub-6/ses-02/run-01/tsv-row-21	21	right_hand	2	144.044	5.0	36011	37261	sub-6/ses-02/eeg/sub-6_ses-02_task-imagery_run-01_eeg.edf	validation_no_selection	unresolved	anonymized_actual_date_unresolved
sub-6	02	01	sub-6/ses-02/run-01/tsv-row-22	22	rest	1	150.956	5.0	37739	38989	sub-6/ses-02/eeg/sub-6_ses-02_task-imagery_run-01_eeg.edf	validation_no_selection	unresolved	anonymized_actual_date_unresolved
sub-6	02	01	sub-6/ses-02/run-01/tsv-row-23	23	right_hand	2	157.828	5.0	39457	40707	sub-6/ses-02/eeg/sub-6_ses-02_task-imagery_run-01_eeg.edf	validation_no_selection	unresolved	anonymized_actual_date_unresolved
sub-6	02	01	sub-6/ses-02/run-01/tsv-row-24	24	rest	1	164.724	5.0	41181	42431	sub-6/ses-02/eeg/sub-6_ses-02_task-imagery_run-01_eeg.edf	validation_no_selection	unresolved	anonymized_actual_date_unresolved
sub-6	02	01	sub-6/ses-02/run-01/tsv-row-25	25	rest	1	171.62	5.0	42905	44155	sub-6/ses-02/eeg/sub-6_ses-02_task-imagery_run-01_eeg.edf	validation_no_selection	unresolved	anonymized_actual_date_unresolved
sub-6	02	01	sub-6/ses-02/run-01/tsv-row-26	26	right_hand	2	178.496	5.0	44624	45874	sub-6/ses-02/eeg/sub-6_ses-02_task-imagery_run-01_eeg.edf	validation_no_selection	unresolved	anonymized_actual_date_unresolved
sub-6	02	01	sub-6/ses-02/run-01/tsv-row-27	27	right_hand	2	185.376	5.0	46344	47594	sub-6/ses-02/eeg/sub-6_ses-02_task-imagery_run-01_eeg.edf	validation_no_selection	unresolved	anonymized_actual_date_unresolved
sub-6	02	01	sub-6/ses-02/run-01/tsv-row-28	28	rest	1	192.288	5.0	48072	49322	sub-6/ses-02/eeg/sub-6_ses-02_task-imagery_run-01_eeg.edf	validation_no_selection	unresolved	anonymized_actual_date_unresolved
sub-6	02	01	sub-6/ses-02/run-01/tsv-row-29	29	rest	1	199.168	5.0	49792	51042	sub-6/ses-02/eeg/sub-6_ses-02_task-imagery_run-01_eeg.edf	validation_no_selection	unresolved	anonymized_actual_date_unresolved
sub-6	02	01	sub-6/ses-02/run-01/tsv-row-30	30	right_hand	2	206.036	5.0	51509	52759	sub-6/ses-02/eeg/sub-6_ses-02_task-imagery_run-01_eeg.edf	validation_no_selection	unresolved	anonymized_actual_date_unresolved
sub-6	02	01	sub-6/ses-02/run-01/tsv-row-31	31	right_hand	2	212.94	5.0	53235	54485	sub-6/ses-02/eeg/sub-6_ses-02_task-imagery_run-01_eeg.edf	validation_no_selection	unresolved	anonymized_actual_date_unresolved
sub-6	02	01	sub-6/ses-02/run-01/tsv-row-32	32	rest	1	219.836	5.0	54959	56209	sub-6/ses-02/eeg/sub-6_ses-02_task-imagery_run-01_eeg.edf	validation_no_selection	unresolved	anonymized_actual_date_unresolved
sub-6	02	02	sub-6/ses-02/run-02/tsv-row-1	1	right_hand	2	5.928	5.0	1482	2732	sub-6/ses-02/eeg/sub-6_ses-02_task-imagery_run-02_eeg.edf	validation_no_selection	unresolved	anonymized_actual_date_unresolved
sub-6	02	02	sub-6/ses-02/run-02/tsv-row-2	2	rest	1	12.824	5.0	3206	4456	sub-6/ses-02/eeg/sub-6_ses-02_task-imagery_run-02_eeg.edf	validation_no_selection	unresolved	anonymized_actual_date_unresolved
sub-6	02	02	sub-6/ses-02/run-02/tsv-row-3	3	rest	1	19.72	5.0	4930	6180	sub-6/ses-02/eeg/sub-6_ses-02_task-imagery_run-02_eeg.edf	validation_no_selection	unresolved	anonymized_actual_date_unresolved
sub-6	02	02	sub-6/ses-02/run-02/tsv-row-4	4	right_hand	2	26.588	5.0	6647	7897	sub-6/ses-02/eeg/sub-6_ses-02_task-imagery_run-02_eeg.edf	validation_no_selection	unresolved	anonymized_actual_date_unresolved
sub-6	02	02	sub-6/ses-02/run-02/tsv-row-5	5	right_hand	2	33.476	5.0	8369	9619	sub-6/ses-02/eeg/sub-6_ses-02_task-imagery_run-02_eeg.edf	validation_no_selection	unresolved	anonymized_actual_date_unresolved
sub-6	02	02	sub-6/ses-02/run-02/tsv-row-6	6	rest	1	40.388	5.0	10097	11347	sub-6/ses-02/eeg/sub-6_ses-02_task-imagery_run-02_eeg.edf	validation_no_selection	unresolved	anonymized_actual_date_unresolved
sub-6	02	02	sub-6/ses-02/run-02/tsv-row-7	7	rest	1	47.268	5.0	11817	13067	sub-6/ses-02/eeg/sub-6_ses-02_task-imagery_run-02_eeg.edf	validation_no_selection	unresolved	anonymized_actual_date_unresolved
sub-6	02	02	sub-6/ses-02/run-02/tsv-row-8	8	right_hand	2	54.136	5.0	13534	14784	sub-6/ses-02/eeg/sub-6_ses-02_task-imagery_run-02_eeg.edf	validation_no_selection	unresolved	anonymized_actual_date_unresolved
sub-6	02	02	sub-6/ses-02/run-02/tsv-row-9	9	rest	1	61.044	5.0	15261	16511	sub-6/ses-02/eeg/sub-6_ses-02_task-imagery_run-02_eeg.edf	validation_no_selection	unresolved	anonymized_actual_date_unresolved
sub-6	02	02	sub-6/ses-02/run-02/tsv-row-10	10	right_hand	2	67.92	5.0	16980	18230	sub-6/ses-02/eeg/sub-6_ses-02_task-imagery_run-02_eeg.edf	validation_no_selection	unresolved	anonymized_actual_date_unresolved
sub-6	02	02	sub-6/ses-02/run-02/tsv-row-11	11	right_hand	2	74.8	5.0	18700	19950	sub-6/ses-02/eeg/sub-6_ses-02_task-imagery_run-02_eeg.edf	validation_no_selection	unresolved	anonymized_actual_date_unresolved
sub-6	02	02	sub-6/ses-02/run-02/tsv-row-12	12	rest	1	81.712	5.0	20428	21678	sub-6/ses-02/eeg/sub-6_ses-02_task-imagery_run-02_eeg.edf	validation_no_selection	unresolved	anonymized_actual_date_unresolved
sub-6	02	02	sub-6/ses-02/run-02/tsv-row-13	13	right_hand	2	88.588	5.0	22147	23397	sub-6/ses-02/eeg/sub-6_ses-02_task-imagery_run-02_eeg.edf	validation_no_selection	unresolved	anonymized_actual_date_unresolved
sub-6	02	02	sub-6/ses-02/run-02/tsv-row-14	14	rest	1	95.484	5.0	23871	25121	sub-6/ses-02/eeg/sub-6_ses-02_task-imagery_run-02_eeg.edf	validation_no_selection	unresolved	anonymized_actual_date_unresolved
sub-6	02	02	sub-6/ses-02/run-02/tsv-row-15	15	rest	1	102.38	5.0	25595	26845	sub-6/ses-02/eeg/sub-6_ses-02_task-imagery_run-02_eeg.edf	validation_no_selection	unresolved	anonymized_actual_date_unresolved
sub-6	02	02	sub-6/ses-02/run-02/tsv-row-16	16	right_hand	2	109.248	5.0	27312	28562	sub-6/ses-02/eeg/sub-6_ses-02_task-imagery_run-02_eeg.edf	validation_no_selection	unresolved	anonymized_actual_date_unresolved
sub-6	02	02	sub-6/ses-02/run-02/tsv-row-17	17	right_hand	2	116.128	5.0	29032	30282	sub-6/ses-02/eeg/sub-6_ses-02_task-imagery_run-02_eeg.edf	validation_no_selection	unresolved	anonymized_actual_date_unresolved
sub-6	02	02	sub-6/ses-02/run-02/tsv-row-18	18	rest	1	123.048	5.0	30762	32012	sub-6/ses-02/eeg/sub-6_ses-02_task-imagery_run-02_eeg.edf	validation_no_selection	unresolved	anonymized_actual_date_unresolved
sub-6	02	02	sub-6/ses-02/run-02/tsv-row-19	19	rest	1	129.928	5.0	32482	33732	sub-6/ses-02/eeg/sub-6_ses-02_task-imagery_run-02_eeg.edf	validation_no_selection	unresolved	anonymized_actual_date_unresolved
sub-6	02	02	sub-6/ses-02/run-02/tsv-row-20	20	right_hand	2	136.792	5.0	34198	35448	sub-6/ses-02/eeg/sub-6_ses-02_task-imagery_run-02_eeg.edf	validation_no_selection	unresolved	anonymized_actual_date_unresolved
sub-6	02	02	sub-6/ses-02/run-02/tsv-row-21	21	rest	1	143.696	5.0	35924	37174	sub-6/ses-02/eeg/sub-6_ses-02_task-imagery_run-02_eeg.edf	validation_no_selection	unresolved	anonymized_actual_date_unresolved
sub-6	02	02	sub-6/ses-02/run-02/tsv-row-22	22	right_hand	2	150.58	5.0	37645	38895	sub-6/ses-02/eeg/sub-6_ses-02_task-imagery_run-02_eeg.edf	validation_no_selection	unresolved	anonymized_actual_date_unresolved
sub-6	02	02	sub-6/ses-02/run-02/tsv-row-23	23	rest	1	157.476	5.0	39369	40619	sub-6/ses-02/eeg/sub-6_ses-02_task-imagery_run-02_eeg.edf	validation_no_selection	unresolved	anonymized_actual_date_unresolved
sub-6	02	02	sub-6/ses-02/run-02/tsv-row-24	24	right_hand	2	164.34	5.0	41085	42335	sub-6/ses-02/eeg/sub-6_ses-02_task-imagery_run-02_eeg.edf	validation_no_selection	unresolved	anonymized_actual_date_unresolved
sub-6	02	02	sub-6/ses-02/run-02/tsv-row-25	25	right_hand	2	171.24	5.0	42810	44060	sub-6/ses-02/eeg/sub-6_ses-02_task-imagery_run-02_eeg.edf	validation_no_selection	unresolved	anonymized_actual_date_unresolved
sub-6	02	02	sub-6/ses-02/run-02/tsv-row-26	26	rest	1	178.14	5.0	44535	45785	sub-6/ses-02/eeg/sub-6_ses-02_task-imagery_run-02_eeg.edf	validation_no_selection	unresolved	anonymized_actual_date_unresolved
sub-6	02	02	sub-6/ses-02/run-02/tsv-row-27	27	rest	1	185.024	5.0	46256	47506	sub-6/ses-02/eeg/sub-6_ses-02_task-imagery_run-02_eeg.edf	validation_no_selection	unresolved	anonymized_actual_date_unresolved
sub-6	02	02	sub-6/ses-02/run-02/tsv-row-28	28	right_hand	2	191.904	5.0	47976	49226	sub-6/ses-02/eeg/sub-6_ses-02_task-imagery_run-02_eeg.edf	validation_no_selection	unresolved	anonymized_actual_date_unresolved
sub-6	02	02	sub-6/ses-02/run-02/tsv-row-29	29	right_hand	2	198.788	5.0	49697	50947	sub-6/ses-02/eeg/sub-6_ses-02_task-imagery_run-02_eeg.edf	validation_no_selection	unresolved	anonymized_actual_date_unresolved
sub-6	02	02	sub-6/ses-02/run-02/tsv-row-30	30	rest	1	205.688	5.0	51422	52672	sub-6/ses-02/eeg/sub-6_ses-02_task-imagery_run-02_eeg.edf	validation_no_selection	unresolved	anonymized_actual_date_unresolved
sub-6	02	02	sub-6/ses-02/run-02/tsv-row-31	31	rest	1	212.588	5.0	53147	54397	sub-6/ses-02/eeg/sub-6_ses-02_task-imagery_run-02_eeg.edf	validation_no_selection	unresolved	anonymized_actual_date_unresolved
sub-6	02	02	sub-6/ses-02/run-02/tsv-row-32	32	right_hand	2	219.452	5.0	54863	56113	sub-6/ses-02/eeg/sub-6_ses-02_task-imagery_run-02_eeg.edf	validation_no_selection	unresolved	anonymized_actual_date_unresolved
sub-6	02	03	sub-6/ses-02/run-03/tsv-row-1	1	right_hand	2	6.432	5.0	1608	2858	sub-6/ses-02/eeg/sub-6_ses-02_task-imagery_run-03_eeg.edf	validation_no_selection	unresolved	anonymized_actual_date_unresolved
sub-6	02	03	sub-6/ses-02/run-03/tsv-row-2	2	rest	1	13.328	5.0	3332	4582	sub-6/ses-02/eeg/sub-6_ses-02_task-imagery_run-03_eeg.edf	validation_no_selection	unresolved	anonymized_actual_date_unresolved
sub-6	02	03	sub-6/ses-02/run-03/tsv-row-3	3	right_hand	2	20.212	5.0	5053	6303	sub-6/ses-02/eeg/sub-6_ses-02_task-imagery_run-03_eeg.edf	validation_no_selection	unresolved	anonymized_actual_date_unresolved
sub-6	02	03	sub-6/ses-02/run-03/tsv-row-4	4	rest	1	27.108	5.0	6777	8027	sub-6/ses-02/eeg/sub-6_ses-02_task-imagery_run-03_eeg.edf	validation_no_selection	unresolved	anonymized_actual_date_unresolved
sub-6	02	03	sub-6/ses-02/run-03/tsv-row-5	5	right_hand	2	33.98	5.0	8495	9745	sub-6/ses-02/eeg/sub-6_ses-02_task-imagery_run-03_eeg.edf	validation_no_selection	unresolved	anonymized_actual_date_unresolved
sub-6	02	03	sub-6/ses-02/run-03/tsv-row-6	6	rest	1	40.892	5.0	10223	11473	sub-6/ses-02/eeg/sub-6_ses-02_task-imagery_run-03_eeg.edf	validation_no_selection	unresolved	anonymized_actual_date_unresolved
sub-6	02	03	sub-6/ses-02/run-03/tsv-row-7	7	right_hand	2	47.76	5.0	11940	13190	sub-6/ses-02/eeg/sub-6_ses-02_task-imagery_run-03_eeg.edf	validation_no_selection	unresolved	anonymized_actual_date_unresolved
sub-6	02	03	sub-6/ses-02/run-03/tsv-row-8	8	rest	1	54.652	5.0	13663	14913	sub-6/ses-02/eeg/sub-6_ses-02_task-imagery_run-03_eeg.edf	validation_no_selection	unresolved	anonymized_actual_date_unresolved
sub-6	02	03	sub-6/ses-02/run-03/tsv-row-9	9	right_hand	2	61.536	5.0	15384	16634	sub-6/ses-02/eeg/sub-6_ses-02_task-imagery_run-03_eeg.edf	validation_no_selection	unresolved	anonymized_actual_date_unresolved
sub-6	02	03	sub-6/ses-02/run-03/tsv-row-10	10	rest	1	68.44	5.0	17110	18360	sub-6/ses-02/eeg/sub-6_ses-02_task-imagery_run-03_eeg.edf	validation_no_selection	unresolved	anonymized_actual_date_unresolved
sub-6	02	03	sub-6/ses-02/run-03/tsv-row-11	11	rest	1	75.32	5.0	18830	20080	sub-6/ses-02/eeg/sub-6_ses-02_task-imagery_run-03_eeg.edf	validation_no_selection	unresolved	anonymized_actual_date_unresolved
sub-6	02	03	sub-6/ses-02/run-03/tsv-row-12	12	right_hand	2	82.204	5.0	20551	21801	sub-6/ses-02/eeg/sub-6_ses-02_task-imagery_run-03_eeg.edf	validation_no_selection	unresolved	anonymized_actual_date_unresolved
sub-6	02	03	sub-6/ses-02/run-03/tsv-row-13	13	right_hand	2	89.084	5.0	22271	23521	sub-6/ses-02/eeg/sub-6_ses-02_task-imagery_run-03_eeg.edf	validation_no_selection	unresolved	anonymized_actual_date_unresolved
sub-6	02	03	sub-6/ses-02/run-03/tsv-row-14	14	rest	1	95.988	5.0	23997	25247	sub-6/ses-02/eeg/sub-6_ses-02_task-imagery_run-03_eeg.edf	validation_no_selection	unresolved	anonymized_actual_date_unresolved
sub-6	02	03	sub-6/ses-02/run-03/tsv-row-15	15	right_hand	2	102.872	5.0	25718	26968	sub-6/ses-02/eeg/sub-6_ses-02_task-imagery_run-03_eeg.edf	validation_no_selection	unresolved	anonymized_actual_date_unresolved
sub-6	02	03	sub-6/ses-02/run-03/tsv-row-16	16	rest	1	109.764	5.0	27441	28691	sub-6/ses-02/eeg/sub-6_ses-02_task-imagery_run-03_eeg.edf	validation_no_selection	unresolved	anonymized_actual_date_unresolved
sub-6	02	03	sub-6/ses-02/run-03/tsv-row-17	17	right_hand	2	116.632	5.0	29158	30408	sub-6/ses-02/eeg/sub-6_ses-02_task-imagery_run-03_eeg.edf	validation_no_selection	unresolved	anonymized_actual_date_unresolved
sub-6	02	03	sub-6/ses-02/run-03/tsv-row-18	18	rest	1	123.536	5.0	30884	32134	sub-6/ses-02/eeg/sub-6_ses-02_task-imagery_run-03_eeg.edf	validation_no_selection	unresolved	anonymized_actual_date_unresolved
sub-6	02	03	sub-6/ses-02/run-03/tsv-row-19	19	rest	1	130.432	5.0	32608	33858	sub-6/ses-02/eeg/sub-6_ses-02_task-imagery_run-03_eeg.edf	validation_no_selection	unresolved	anonymized_actual_date_unresolved
sub-6	02	03	sub-6/ses-02/run-03/tsv-row-20	20	right_hand	2	137.3	5.0	34325	35575	sub-6/ses-02/eeg/sub-6_ses-02_task-imagery_run-03_eeg.edf	validation_no_selection	unresolved	anonymized_actual_date_unresolved
sub-6	02	03	sub-6/ses-02/run-03/tsv-row-21	21	right_hand	2	144.18	5.0	36045	37295	sub-6/ses-02/eeg/sub-6_ses-02_task-imagery_run-03_eeg.edf	validation_no_selection	unresolved	anonymized_actual_date_unresolved
sub-6	02	03	sub-6/ses-02/run-03/tsv-row-22	22	rest	1	151.1	5.0	37775	39025	sub-6/ses-02/eeg/sub-6_ses-02_task-imagery_run-03_eeg.edf	validation_no_selection	unresolved	anonymized_actual_date_unresolved
sub-6	02	03	sub-6/ses-02/run-03/tsv-row-23	23	rest	1	157.98	5.0	39495	40745	sub-6/ses-02/eeg/sub-6_ses-02_task-imagery_run-03_eeg.edf	validation_no_selection	unresolved	anonymized_actual_date_unresolved
sub-6	02	03	sub-6/ses-02/run-03/tsv-row-24	24	right_hand	2	164.848	5.0	41212	42462	sub-6/ses-02/eeg/sub-6_ses-02_task-imagery_run-03_eeg.edf	validation_no_selection	unresolved	anonymized_actual_date_unresolved
sub-6	02	03	sub-6/ses-02/run-03/tsv-row-25	25	rest	1	171.76	5.0	42940	44190	sub-6/ses-02/eeg/sub-6_ses-02_task-imagery_run-03_eeg.edf	validation_no_selection	unresolved	anonymized_actual_date_unresolved
sub-6	02	03	sub-6/ses-02/run-03/tsv-row-26	26	right_hand	2	178.632	5.0	44658	45908	sub-6/ses-02/eeg/sub-6_ses-02_task-imagery_run-03_eeg.edf	validation_no_selection	unresolved	anonymized_actual_date_unresolved
sub-6	02	03	sub-6/ses-02/run-03/tsv-row-27	27	right_hand	2	185.512	5.0	46378	47628	sub-6/ses-02/eeg/sub-6_ses-02_task-imagery_run-03_eeg.edf	validation_no_selection	unresolved	anonymized_actual_date_unresolved
sub-6	02	03	sub-6/ses-02/run-03/tsv-row-28	28	rest	1	192.424	5.0	48106	49356	sub-6/ses-02/eeg/sub-6_ses-02_task-imagery_run-03_eeg.edf	validation_no_selection	unresolved	anonymized_actual_date_unresolved
sub-6	02	03	sub-6/ses-02/run-03/tsv-row-29	29	right_hand	2	199.292	5.0	49823	51073	sub-6/ses-02/eeg/sub-6_ses-02_task-imagery_run-03_eeg.edf	validation_no_selection	unresolved	anonymized_actual_date_unresolved
sub-6	02	03	sub-6/ses-02/run-03/tsv-row-30	30	rest	1	206.196	5.0	51549	52799	sub-6/ses-02/eeg/sub-6_ses-02_task-imagery_run-03_eeg.edf	validation_no_selection	unresolved	anonymized_actual_date_unresolved
sub-6	02	03	sub-6/ses-02/run-03/tsv-row-31	31	rest	1	213.092	5.0	53273	54523	sub-6/ses-02/eeg/sub-6_ses-02_task-imagery_run-03_eeg.edf	validation_no_selection	unresolved	anonymized_actual_date_unresolved
sub-6	02	03	sub-6/ses-02/run-03/tsv-row-32	32	right_hand	2	219.96	5.0	54990	56240	sub-6/ses-02/eeg/sub-6_ses-02_task-imagery_run-03_eeg.edf	validation_no_selection	unresolved	anonymized_actual_date_unresolved
sub-6	02	04	sub-6/ses-02/run-04/tsv-row-1	1	right_hand	2	5.592	5.0	1398	2648	sub-6/ses-02/eeg/sub-6_ses-02_task-imagery_run-04_eeg.edf	validation_no_selection	unresolved	anonymized_actual_date_unresolved
sub-6	02	04	sub-6/ses-02/run-04/tsv-row-2	2	rest	1	12.488	5.0	3122	4372	sub-6/ses-02/eeg/sub-6_ses-02_task-imagery_run-04_eeg.edf	validation_no_selection	unresolved	anonymized_actual_date_unresolved
sub-6	02	04	sub-6/ses-02/run-04/tsv-row-3	3	right_hand	2	19.372	5.0	4843	6093	sub-6/ses-02/eeg/sub-6_ses-02_task-imagery_run-04_eeg.edf	validation_no_selection	unresolved	anonymized_actual_date_unresolved
sub-6	02	04	sub-6/ses-02/run-04/tsv-row-4	4	rest	1	26.276	5.0	6569	7819	sub-6/ses-02/eeg/sub-6_ses-02_task-imagery_run-04_eeg.edf	validation_no_selection	unresolved	anonymized_actual_date_unresolved
sub-6	02	04	sub-6/ses-02/run-04/tsv-row-5	5	right_hand	2	33.14	5.0	8285	9535	sub-6/ses-02/eeg/sub-6_ses-02_task-imagery_run-04_eeg.edf	validation_no_selection	unresolved	anonymized_actual_date_unresolved
sub-6	02	04	sub-6/ses-02/run-04/tsv-row-6	6	rest	1	40.036	5.0	10009	11259	sub-6/ses-02/eeg/sub-6_ses-02_task-imagery_run-04_eeg.edf	validation_no_selection	unresolved	anonymized_actual_date_unresolved
sub-6	02	04	sub-6/ses-02/run-04/tsv-row-7	7	rest	1	46.932	5.0	11733	12983	sub-6/ses-02/eeg/sub-6_ses-02_task-imagery_run-04_eeg.edf	validation_no_selection	unresolved	anonymized_actual_date_unresolved
sub-6	02	04	sub-6/ses-02/run-04/tsv-row-8	8	right_hand	2	53.808	5.0	13452	14702	sub-6/ses-02/eeg/sub-6_ses-02_task-imagery_run-04_eeg.edf	validation_no_selection	unresolved	anonymized_actual_date_unresolved
sub-6	02	04	sub-6/ses-02/run-04/tsv-row-9	9	right_hand	2	60.688	5.0	15172	16422	sub-6/ses-02/eeg/sub-6_ses-02_task-imagery_run-04_eeg.edf	validation_no_selection	unresolved	anonymized_actual_date_unresolved
sub-6	02	04	sub-6/ses-02/run-04/tsv-row-10	10	rest	1	67.6	5.0	16900	18150	sub-6/ses-02/eeg/sub-6_ses-02_task-imagery_run-04_eeg.edf	validation_no_selection	unresolved	anonymized_actual_date_unresolved
sub-6	02	04	sub-6/ses-02/run-04/tsv-row-11	11	right_hand	2	74.468	5.0	18617	19867	sub-6/ses-02/eeg/sub-6_ses-02_task-imagery_run-04_eeg.edf	validation_no_selection	unresolved	anonymized_actual_date_unresolved
sub-6	02	04	sub-6/ses-02/run-04/tsv-row-12	12	rest	1	81.372	5.0	20343	21593	sub-6/ses-02/eeg/sub-6_ses-02_task-imagery_run-04_eeg.edf	validation_no_selection	unresolved	anonymized_actual_date_unresolved
sub-6	02	04	sub-6/ses-02/run-04/tsv-row-13	13	rest	1	88.268	5.0	22067	23317	sub-6/ses-02/eeg/sub-6_ses-02_task-imagery_run-04_eeg.edf	validation_no_selection	unresolved	anonymized_actual_date_unresolved
sub-6	02	04	sub-6/ses-02/run-04/tsv-row-14	14	right_hand	2	95.132	5.0	23783	25033	sub-6/ses-02/eeg/sub-6_ses-02_task-imagery_run-04_eeg.edf	validation_no_selection	unresolved	anonymized_actual_date_unresolved
sub-6	02	04	sub-6/ses-02/run-04/tsv-row-15	15	rest	1	102.028	5.0	25507	26757	sub-6/ses-02/eeg/sub-6_ses-02_task-imagery_run-04_eeg.edf	validation_no_selection	unresolved	anonymized_actual_date_unresolved
sub-6	02	04	sub-6/ses-02/run-04/tsv-row-16	16	right_hand	2	108.912	5.0	27228	28478	sub-6/ses-02/eeg/sub-6_ses-02_task-imagery_run-04_eeg.edf	validation_no_selection	unresolved	anonymized_actual_date_unresolved
sub-6	02	04	sub-6/ses-02/run-04/tsv-row-17	17	rest	1	115.816	5.0	28954	30204	sub-6/ses-02/eeg/sub-6_ses-02_task-imagery_run-04_eeg.edf	validation_no_selection	unresolved	anonymized_actual_date_unresolved
sub-6	02	04	sub-6/ses-02/run-04/tsv-row-18	18	right_hand	2	122.68	5.0	30670	31920	sub-6/ses-02/eeg/sub-6_ses-02_task-imagery_run-04_eeg.edf	validation_no_selection	unresolved	anonymized_actual_date_unresolved
sub-6	02	04	sub-6/ses-02/run-04/tsv-row-19	19	right_hand	2	129.58	5.0	32395	33645	sub-6/ses-02/eeg/sub-6_ses-02_task-imagery_run-04_eeg.edf	validation_no_selection	unresolved	anonymized_actual_date_unresolved
sub-6	02	04	sub-6/ses-02/run-04/tsv-row-20	20	rest	1	136.472	5.0	34118	35368	sub-6/ses-02/eeg/sub-6_ses-02_task-imagery_run-04_eeg.edf	validation_no_selection	unresolved	anonymized_actual_date_unresolved
sub-6	02	04	sub-6/ses-02/run-04/tsv-row-21	21	right_hand	2	143.348	5.0	35837	37087	sub-6/ses-02/eeg/sub-6_ses-02_task-imagery_run-04_eeg.edf	validation_no_selection	unresolved	anonymized_actual_date_unresolved
sub-6	02	04	sub-6/ses-02/run-04/tsv-row-22	22	rest	1	150.26	5.0	37565	38815	sub-6/ses-02/eeg/sub-6_ses-02_task-imagery_run-04_eeg.edf	validation_no_selection	unresolved	anonymized_actual_date_unresolved
sub-6	02	04	sub-6/ses-02/run-04/tsv-row-23	23	right_hand	2	157.128	5.0	39282	40532	sub-6/ses-02/eeg/sub-6_ses-02_task-imagery_run-04_eeg.edf	validation_no_selection	unresolved	anonymized_actual_date_unresolved
sub-6	02	04	sub-6/ses-02/run-04/tsv-row-24	24	rest	1	164.02	5.0	41005	42255	sub-6/ses-02/eeg/sub-6_ses-02_task-imagery_run-04_eeg.edf	validation_no_selection	unresolved	anonymized_actual_date_unresolved
sub-6	02	04	sub-6/ses-02/run-04/tsv-row-25	25	rest	1	170.928	5.0	42732	43982	sub-6/ses-02/eeg/sub-6_ses-02_task-imagery_run-04_eeg.edf	validation_no_selection	unresolved	anonymized_actual_date_unresolved
sub-6	02	04	sub-6/ses-02/run-04/tsv-row-26	26	right_hand	2	177.792	5.0	44448	45698	sub-6/ses-02/eeg/sub-6_ses-02_task-imagery_run-04_eeg.edf	validation_no_selection	unresolved	anonymized_actual_date_unresolved
sub-6	02	04	sub-6/ses-02/run-04/tsv-row-27	27	rest	1	184.688	5.0	46172	47422	sub-6/ses-02/eeg/sub-6_ses-02_task-imagery_run-04_eeg.edf	validation_no_selection	unresolved	anonymized_actual_date_unresolved
sub-6	02	04	sub-6/ses-02/run-04/tsv-row-28	28	right_hand	2	191.572	5.0	47893	49143	sub-6/ses-02/eeg/sub-6_ses-02_task-imagery_run-04_eeg.edf	validation_no_selection	unresolved	anonymized_actual_date_unresolved
sub-6	02	04	sub-6/ses-02/run-04/tsv-row-29	29	rest	1	198.476	5.0	49619	50869	sub-6/ses-02/eeg/sub-6_ses-02_task-imagery_run-04_eeg.edf	validation_no_selection	unresolved	anonymized_actual_date_unresolved
sub-6	02	04	sub-6/ses-02/run-04/tsv-row-30	30	right_hand	2	205.34	5.0	51335	52585	sub-6/ses-02/eeg/sub-6_ses-02_task-imagery_run-04_eeg.edf	validation_no_selection	unresolved	anonymized_actual_date_unresolved
sub-6	02	04	sub-6/ses-02/run-04/tsv-row-31	31	rest	1	212.236	5.0	53059	54309	sub-6/ses-02/eeg/sub-6_ses-02_task-imagery_run-04_eeg.edf	validation_no_selection	unresolved	anonymized_actual_date_unresolved
sub-6	02	04	sub-6/ses-02/run-04/tsv-row-32	32	right_hand	2	219.12	5.0	54780	56030	sub-6/ses-02/eeg/sub-6_ses-02_task-imagery_run-04_eeg.edf	validation_no_selection	unresolved	anonymized_actual_date_unresolved
sub-6	02	05	sub-6/ses-02/run-05/tsv-row-1	1	rest	1	5.832	5.0	1458	2708	sub-6/ses-02/eeg/sub-6_ses-02_task-imagery_run-05_eeg.edf	validation_no_selection	unresolved	anonymized_actual_date_unresolved
sub-6	02	05	sub-6/ses-02/run-05/tsv-row-2	2	right_hand	2	12.704	5.0	3176	4426	sub-6/ses-02/eeg/sub-6_ses-02_task-imagery_run-05_eeg.edf	validation_no_selection	unresolved	anonymized_actual_date_unresolved
sub-6	02	05	sub-6/ses-02/run-05/tsv-row-3	3	rest	1	19.6	5.0	4900	6150	sub-6/ses-02/eeg/sub-6_ses-02_task-imagery_run-05_eeg.edf	validation_no_selection	unresolved	anonymized_actual_date_unresolved
sub-6	02	05	sub-6/ses-02/run-05/tsv-row-4	4	right_hand	2	26.484	5.0	6621	7871	sub-6/ses-02/eeg/sub-6_ses-02_task-imagery_run-05_eeg.edf	validation_no_selection	unresolved	anonymized_actual_date_unresolved
sub-6	02	05	sub-6/ses-02/run-05/tsv-row-5	5	rest	1	33.38	5.0	8345	9595	sub-6/ses-02/eeg/sub-6_ses-02_task-imagery_run-05_eeg.edf	validation_no_selection	unresolved	anonymized_actual_date_unresolved
sub-6	02	05	sub-6/ses-02/run-05/tsv-row-6	6	right_hand	2	40.252	5.0	10063	11313	sub-6/ses-02/eeg/sub-6_ses-02_task-imagery_run-05_eeg.edf	validation_no_selection	unresolved	anonymized_actual_date_unresolved
sub-6	02	05	sub-6/ses-02/run-05/tsv-row-7	7	rest	1	47.164	5.0	11791	13041	sub-6/ses-02/eeg/sub-6_ses-02_task-imagery_run-05_eeg.edf	validation_no_selection	unresolved	anonymized_actual_date_unresolved
sub-6	02	05	sub-6/ses-02/run-05/tsv-row-8	8	right_hand	2	54.032	5.0	13508	14758	sub-6/ses-02/eeg/sub-6_ses-02_task-imagery_run-05_eeg.edf	validation_no_selection	unresolved	anonymized_actual_date_unresolved
sub-6	02	05	sub-6/ses-02/run-05/tsv-row-9	9	rest	1	60.924	5.0	15231	16481	sub-6/ses-02/eeg/sub-6_ses-02_task-imagery_run-05_eeg.edf	validation_no_selection	unresolved	anonymized_actual_date_unresolved
sub-6	02	05	sub-6/ses-02/run-05/tsv-row-10	10	right_hand	2	67.808	5.0	16952	18202	sub-6/ses-02/eeg/sub-6_ses-02_task-imagery_run-05_eeg.edf	validation_no_selection	unresolved	anonymized_actual_date_unresolved
sub-6	02	05	sub-6/ses-02/run-05/tsv-row-11	11	right_hand	2	74.7	5.0	18675	19925	sub-6/ses-02/eeg/sub-6_ses-02_task-imagery_run-05_eeg.edf	validation_no_selection	unresolved	anonymized_actual_date_unresolved
sub-6	02	05	sub-6/ses-02/run-05/tsv-row-12	12	rest	1	81.592	5.0	20398	21648	sub-6/ses-02/eeg/sub-6_ses-02_task-imagery_run-05_eeg.edf	validation_no_selection	unresolved	anonymized_actual_date_unresolved
sub-6	02	05	sub-6/ses-02/run-05/tsv-row-13	13	rest	1	88.492	5.0	22123	23373	sub-6/ses-02/eeg/sub-6_ses-02_task-imagery_run-05_eeg.edf	validation_no_selection	unresolved	anonymized_actual_date_unresolved
sub-6	02	05	sub-6/ses-02/run-05/tsv-row-14	14	right_hand	2	95.356	5.0	23839	25089	sub-6/ses-02/eeg/sub-6_ses-02_task-imagery_run-05_eeg.edf	validation_no_selection	unresolved	anonymized_actual_date_unresolved
sub-6	02	05	sub-6/ses-02/run-05/tsv-row-15	15	rest	1	102.26	5.0	25565	26815	sub-6/ses-02/eeg/sub-6_ses-02_task-imagery_run-05_eeg.edf	validation_no_selection	unresolved	anonymized_actual_date_unresolved
sub-6	02	05	sub-6/ses-02/run-05/tsv-row-16	16	right_hand	2	109.144	5.0	27286	28536	sub-6/ses-02/eeg/sub-6_ses-02_task-imagery_run-05_eeg.edf	validation_no_selection	unresolved	anonymized_actual_date_unresolved
sub-6	02	05	sub-6/ses-02/run-05/tsv-row-17	17	rest	1	116.036	5.0	29009	30259	sub-6/ses-02/eeg/sub-6_ses-02_task-imagery_run-05_eeg.edf	validation_no_selection	unresolved	anonymized_actual_date_unresolved
sub-6	02	05	sub-6/ses-02/run-05/tsv-row-18	18	right_hand	2	122.904	5.0	30726	31976	sub-6/ses-02/eeg/sub-6_ses-02_task-imagery_run-05_eeg.edf	validation_no_selection	unresolved	anonymized_actual_date_unresolved
sub-6	02	05	sub-6/ses-02/run-05/tsv-row-19	19	rest	1	129.808	5.0	32452	33702	sub-6/ses-02/eeg/sub-6_ses-02_task-imagery_run-05_eeg.edf	validation_no_selection	unresolved	anonymized_actual_date_unresolved
sub-6	02	05	sub-6/ses-02/run-05/tsv-row-20	20	right_hand	2	136.692	5.0	34173	35423	sub-6/ses-02/eeg/sub-6_ses-02_task-imagery_run-05_eeg.edf	validation_no_selection	unresolved	anonymized_actual_date_unresolved
sub-6	02	05	sub-6/ses-02/run-05/tsv-row-21	21	rest	1	143.584	5.0	35896	37146	sub-6/ses-02/eeg/sub-6_ses-02_task-imagery_run-05_eeg.edf	validation_no_selection	unresolved	anonymized_actual_date_unresolved
sub-6	02	05	sub-6/ses-02/run-05/tsv-row-22	22	right_hand	2	150.452	5.0	37613	38863	sub-6/ses-02/eeg/sub-6_ses-02_task-imagery_run-05_eeg.edf	validation_no_selection	unresolved	anonymized_actual_date_unresolved
sub-6	02	05	sub-6/ses-02/run-05/tsv-row-23	23	right_hand	2	157.356	5.0	39339	40589	sub-6/ses-02/eeg/sub-6_ses-02_task-imagery_run-05_eeg.edf	validation_no_selection	unresolved	anonymized_actual_date_unresolved
sub-6	02	05	sub-6/ses-02/run-05/tsv-row-24	24	rest	1	164.252	5.0	41063	42313	sub-6/ses-02/eeg/sub-6_ses-02_task-imagery_run-05_eeg.edf	validation_no_selection	unresolved	anonymized_actual_date_unresolved
sub-6	02	05	sub-6/ses-02/run-05/tsv-row-25	25	rest	1	171.132	5.0	42783	44033	sub-6/ses-02/eeg/sub-6_ses-02_task-imagery_run-05_eeg.edf	validation_no_selection	unresolved	anonymized_actual_date_unresolved
sub-6	02	05	sub-6/ses-02/run-05/tsv-row-26	26	right_hand	2	178.016	5.0	44504	45754	sub-6/ses-02/eeg/sub-6_ses-02_task-imagery_run-05_eeg.edf	validation_no_selection	unresolved	anonymized_actual_date_unresolved
sub-6	02	05	sub-6/ses-02/run-05/tsv-row-27	27	right_hand	2	184.904	5.0	46226	47476	sub-6/ses-02/eeg/sub-6_ses-02_task-imagery_run-05_eeg.edf	validation_no_selection	unresolved	anonymized_actual_date_unresolved
sub-6	02	05	sub-6/ses-02/run-05/tsv-row-28	28	rest	1	191.8	5.0	47950	49200	sub-6/ses-02/eeg/sub-6_ses-02_task-imagery_run-05_eeg.edf	validation_no_selection	unresolved	anonymized_actual_date_unresolved
sub-6	02	05	sub-6/ses-02/run-05/tsv-row-29	29	rest	1	198.696	5.0	49674	50924	sub-6/ses-02/eeg/sub-6_ses-02_task-imagery_run-05_eeg.edf	validation_no_selection	unresolved	anonymized_actual_date_unresolved
sub-6	02	05	sub-6/ses-02/run-05/tsv-row-30	30	right_hand	2	205.564	5.0	51391	52641	sub-6/ses-02/eeg/sub-6_ses-02_task-imagery_run-05_eeg.edf	validation_no_selection	unresolved	anonymized_actual_date_unresolved
sub-6	02	05	sub-6/ses-02/run-05/tsv-row-31	31	rest	1	212.468	5.0	53117	54367	sub-6/ses-02/eeg/sub-6_ses-02_task-imagery_run-05_eeg.edf	validation_no_selection	unresolved	anonymized_actual_date_unresolved
sub-6	02	05	sub-6/ses-02/run-05/tsv-row-32	32	right_hand	2	219.352	5.0	54838	56088	sub-6/ses-02/eeg/sub-6_ses-02_task-imagery_run-05_eeg.edf	validation_no_selection	unresolved	anonymized_actual_date_unresolved
sub-6	02	06	sub-6/ses-02/run-06/tsv-row-1	1	rest	1	8.972	5.0	2243	3493	sub-6/ses-02/eeg/sub-6_ses-02_task-imagery_run-06_eeg.edf	validation_no_selection	unresolved	anonymized_actual_date_unresolved
sub-6	02	06	sub-6/ses-02/run-06/tsv-row-2	2	right_hand	2	15.836	5.0	3959	5209	sub-6/ses-02/eeg/sub-6_ses-02_task-imagery_run-06_eeg.edf	validation_no_selection	unresolved	anonymized_actual_date_unresolved
sub-6	02	06	sub-6/ses-02/run-06/tsv-row-3	3	rest	1	22.732	5.0	5683	6933	sub-6/ses-02/eeg/sub-6_ses-02_task-imagery_run-06_eeg.edf	validation_no_selection	unresolved	anonymized_actual_date_unresolved
sub-6	02	06	sub-6/ses-02/run-06/tsv-row-4	4	right_hand	2	29.616	5.0	7404	8654	sub-6/ses-02/eeg/sub-6_ses-02_task-imagery_run-06_eeg.edf	validation_no_selection	unresolved	anonymized_actual_date_unresolved
sub-6	02	06	sub-6/ses-02/run-06/tsv-row-5	5	rest	1	36.52	5.0	9130	10380	sub-6/ses-02/eeg/sub-6_ses-02_task-imagery_run-06_eeg.edf	validation_no_selection	unresolved	anonymized_actual_date_unresolved
sub-6	02	06	sub-6/ses-02/run-06/tsv-row-6	6	right_hand	2	43.384	5.0	10846	12096	sub-6/ses-02/eeg/sub-6_ses-02_task-imagery_run-06_eeg.edf	validation_no_selection	unresolved	anonymized_actual_date_unresolved
sub-6	02	06	sub-6/ses-02/run-06/tsv-row-7	7	rest	1	50.296	5.0	12574	13824	sub-6/ses-02/eeg/sub-6_ses-02_task-imagery_run-06_eeg.edf	validation_no_selection	unresolved	anonymized_actual_date_unresolved
sub-6	02	06	sub-6/ses-02/run-06/tsv-row-8	8	right_hand	2	57.164	5.0	14291	15541	sub-6/ses-02/eeg/sub-6_ses-02_task-imagery_run-06_eeg.edf	validation_no_selection	unresolved	anonymized_actual_date_unresolved
sub-6	02	06	sub-6/ses-02/run-06/tsv-row-9	9	rest	1	64.068	5.0	16017	17267	sub-6/ses-02/eeg/sub-6_ses-02_task-imagery_run-06_eeg.edf	validation_no_selection	unresolved	anonymized_actual_date_unresolved
sub-6	02	06	sub-6/ses-02/run-06/tsv-row-10	10	right_hand	2	70.948	5.0	17737	18987	sub-6/ses-02/eeg/sub-6_ses-02_task-imagery_run-06_eeg.edf	validation_no_selection	unresolved	anonymized_actual_date_unresolved
sub-6	02	06	sub-6/ses-02/run-06/tsv-row-11	11	right_hand	2	77.832	5.0	19458	20708	sub-6/ses-02/eeg/sub-6_ses-02_task-imagery_run-06_eeg.edf	validation_no_selection	unresolved	anonymized_actual_date_unresolved
sub-6	02	06	sub-6/ses-02/run-06/tsv-row-12	12	rest	1	84.724	5.0	21181	22431	sub-6/ses-02/eeg/sub-6_ses-02_task-imagery_run-06_eeg.edf	validation_no_selection	unresolved	anonymized_actual_date_unresolved
sub-6	02	06	sub-6/ses-02/run-06/tsv-row-13	13	rest	1	91.632	5.0	22908	24158	sub-6/ses-02/eeg/sub-6_ses-02_task-imagery_run-06_eeg.edf	validation_no_selection	unresolved	anonymized_actual_date_unresolved
sub-6	02	06	sub-6/ses-02/run-06/tsv-row-14	14	right_hand	2	98.496	5.0	24624	25874	sub-6/ses-02/eeg/sub-6_ses-02_task-imagery_run-06_eeg.edf	validation_no_selection	unresolved	anonymized_actual_date_unresolved
sub-6	02	06	sub-6/ses-02/run-06/tsv-row-15	15	rest	1	105.392	5.0	26348	27598	sub-6/ses-02/eeg/sub-6_ses-02_task-imagery_run-06_eeg.edf	validation_no_selection	unresolved	anonymized_actual_date_unresolved
sub-6	02	06	sub-6/ses-02/run-06/tsv-row-16	16	right_hand	2	112.276	5.0	28069	29319	sub-6/ses-02/eeg/sub-6_ses-02_task-imagery_run-06_eeg.edf	validation_no_selection	unresolved	anonymized_actual_date_unresolved
sub-6	02	06	sub-6/ses-02/run-06/tsv-row-17	17	right_hand	2	119.164	5.0	29791	31041	sub-6/ses-02/eeg/sub-6_ses-02_task-imagery_run-06_eeg.edf	validation_no_selection	unresolved	anonymized_actual_date_unresolved
sub-6	02	06	sub-6/ses-02/run-06/tsv-row-18	18	rest	1	126.06	5.0	31515	32765	sub-6/ses-02/eeg/sub-6_ses-02_task-imagery_run-06_eeg.edf	validation_no_selection	unresolved	anonymized_actual_date_unresolved
sub-6	02	06	sub-6/ses-02/run-06/tsv-row-19	19	rest	1	132.94	5.0	33235	34485	sub-6/ses-02/eeg/sub-6_ses-02_task-imagery_run-06_eeg.edf	validation_no_selection	unresolved	anonymized_actual_date_unresolved
sub-6	02	06	sub-6/ses-02/run-06/tsv-row-20	20	right_hand	2	139.824	5.0	34956	36206	sub-6/ses-02/eeg/sub-6_ses-02_task-imagery_run-06_eeg.edf	validation_no_selection	unresolved	anonymized_actual_date_unresolved
sub-6	02	06	sub-6/ses-02/run-06/tsv-row-21	21	rest	1	146.724	5.0	36681	37931	sub-6/ses-02/eeg/sub-6_ses-02_task-imagery_run-06_eeg.edf	validation_no_selection	unresolved	anonymized_actual_date_unresolved
sub-6	02	06	sub-6/ses-02/run-06/tsv-row-22	22	right_hand	2	153.592	5.0	38398	39648	sub-6/ses-02/eeg/sub-6_ses-02_task-imagery_run-06_eeg.edf	validation_no_selection	unresolved	anonymized_actual_date_unresolved
sub-6	02	06	sub-6/ses-02/run-06/tsv-row-23	23	right_hand	2	160.488	5.0	40122	41372	sub-6/ses-02/eeg/sub-6_ses-02_task-imagery_run-06_eeg.edf	validation_no_selection	unresolved	anonymized_actual_date_unresolved
sub-6	02	06	sub-6/ses-02/run-06/tsv-row-24	24	rest	1	167.384	5.0	41846	43096	sub-6/ses-02/eeg/sub-6_ses-02_task-imagery_run-06_eeg.edf	validation_no_selection	unresolved	anonymized_actual_date_unresolved
sub-6	02	06	sub-6/ses-02/run-06/tsv-row-25	25	rest	1	174.272	5.0	43568	44818	sub-6/ses-02/eeg/sub-6_ses-02_task-imagery_run-06_eeg.edf	validation_no_selection	unresolved	anonymized_actual_date_unresolved
sub-6	02	06	sub-6/ses-02/run-06/tsv-row-26	26	right_hand	2	181.156	5.0	45289	46539	sub-6/ses-02/eeg/sub-6_ses-02_task-imagery_run-06_eeg.edf	validation_no_selection	unresolved	anonymized_actual_date_unresolved
sub-6	02	06	sub-6/ses-02/run-06/tsv-row-27	27	rest	1	188.052	5.0	47013	48263	sub-6/ses-02/eeg/sub-6_ses-02_task-imagery_run-06_eeg.edf	validation_no_selection	unresolved	anonymized_actual_date_unresolved
sub-6	02	06	sub-6/ses-02/run-06/tsv-row-28	28	right_hand	2	194.916	5.0	48729	49979	sub-6/ses-02/eeg/sub-6_ses-02_task-imagery_run-06_eeg.edf	validation_no_selection	unresolved	anonymized_actual_date_unresolved
sub-6	02	06	sub-6/ses-02/run-06/tsv-row-29	29	right_hand	2	201.824	5.0	50456	51706	sub-6/ses-02/eeg/sub-6_ses-02_task-imagery_run-06_eeg.edf	validation_no_selection	unresolved	anonymized_actual_date_unresolved
sub-6	02	06	sub-6/ses-02/run-06/tsv-row-30	30	rest	1	208.72	5.0	52180	53430	sub-6/ses-02/eeg/sub-6_ses-02_task-imagery_run-06_eeg.edf	validation_no_selection	unresolved	anonymized_actual_date_unresolved
sub-6	02	06	sub-6/ses-02/run-06/tsv-row-31	31	right_hand	2	215.584	5.0	53896	55146	sub-6/ses-02/eeg/sub-6_ses-02_task-imagery_run-06_eeg.edf	validation_no_selection	unresolved	anonymized_actual_date_unresolved
sub-6	02	06	sub-6/ses-02/run-06/tsv-row-32	32	rest	1	222.496	5.0	55624	56874	sub-6/ses-02/eeg/sub-6_ses-02_task-imagery_run-06_eeg.edf	validation_no_selection	unresolved	anonymized_actual_date_unresolved
sub-6	03	01	sub-6/ses-03/run-01/tsv-row-1	1	rest	1	5.54	5.0	1385	2635	sub-6/ses-03/eeg/sub-6_ses-03_task-imagery_run-01_eeg.edf	test_exploratory	unresolved	anonymized_actual_date_unresolved
sub-6	03	01	sub-6/ses-03/run-01/tsv-row-2	2	right_hand	2	12.368	5.0	3092	4342	sub-6/ses-03/eeg/sub-6_ses-03_task-imagery_run-01_eeg.edf	test_exploratory	unresolved	anonymized_actual_date_unresolved
sub-6	03	01	sub-6/ses-03/run-01/tsv-row-3	3	rest	1	19.316	5.0	4829	6079	sub-6/ses-03/eeg/sub-6_ses-03_task-imagery_run-01_eeg.edf	test_exploratory	unresolved	anonymized_actual_date_unresolved
sub-6	03	01	sub-6/ses-03/run-01/tsv-row-4	4	right_hand	2	26.14	5.0	6535	7785	sub-6/ses-03/eeg/sub-6_ses-03_task-imagery_run-01_eeg.edf	test_exploratory	unresolved	anonymized_actual_date_unresolved
sub-6	03	01	sub-6/ses-03/run-01/tsv-row-5	5	rest	1	33.096	5.0	8274	9524	sub-6/ses-03/eeg/sub-6_ses-03_task-imagery_run-01_eeg.edf	test_exploratory	unresolved	anonymized_actual_date_unresolved
sub-6	03	01	sub-6/ses-03/run-01/tsv-row-6	6	right_hand	2	39.916	5.0	9979	11229	sub-6/ses-03/eeg/sub-6_ses-03_task-imagery_run-01_eeg.edf	test_exploratory	unresolved	anonymized_actual_date_unresolved
sub-6	03	01	sub-6/ses-03/run-01/tsv-row-7	7	right_hand	2	46.804	5.0	11701	12951	sub-6/ses-03/eeg/sub-6_ses-03_task-imagery_run-01_eeg.edf	test_exploratory	unresolved	anonymized_actual_date_unresolved
sub-6	03	01	sub-6/ses-03/run-01/tsv-row-8	8	rest	1	53.76	5.0	13440	14690	sub-6/ses-03/eeg/sub-6_ses-03_task-imagery_run-01_eeg.edf	test_exploratory	unresolved	anonymized_actual_date_unresolved
sub-6	03	01	sub-6/ses-03/run-01/tsv-row-9	9	rest	1	60.632	5.0	15158	16408	sub-6/ses-03/eeg/sub-6_ses-03_task-imagery_run-01_eeg.edf	test_exploratory	unresolved	anonymized_actual_date_unresolved
sub-6	03	01	sub-6/ses-03/run-01/tsv-row-10	10	right_hand	2	67.464	5.0	16866	18116	sub-6/ses-03/eeg/sub-6_ses-03_task-imagery_run-01_eeg.edf	test_exploratory	unresolved	anonymized_actual_date_unresolved
sub-6	03	01	sub-6/ses-03/run-01/tsv-row-11	11	rest	1	74.412	5.0	18603	19853	sub-6/ses-03/eeg/sub-6_ses-03_task-imagery_run-01_eeg.edf	test_exploratory	unresolved	anonymized_actual_date_unresolved
sub-6	03	01	sub-6/ses-03/run-01/tsv-row-12	12	right_hand	2	81.252	5.0	20313	21563	sub-6/ses-03/eeg/sub-6_ses-03_task-imagery_run-01_eeg.edf	test_exploratory	unresolved	anonymized_actual_date_unresolved
sub-6	03	01	sub-6/ses-03/run-01/tsv-row-13	13	rest	1	88.188	5.0	22047	23297	sub-6/ses-03/eeg/sub-6_ses-03_task-imagery_run-01_eeg.edf	test_exploratory	unresolved	anonymized_actual_date_unresolved
sub-6	03	01	sub-6/ses-03/run-01/tsv-row-14	14	right_hand	2	95.028	5.0	23757	25007	sub-6/ses-03/eeg/sub-6_ses-03_task-imagery_run-01_eeg.edf	test_exploratory	unresolved	anonymized_actual_date_unresolved
sub-6	03	01	sub-6/ses-03/run-01/tsv-row-15	15	rest	1	101.952	5.0	25488	26738	sub-6/ses-03/eeg/sub-6_ses-03_task-imagery_run-01_eeg.edf	test_exploratory	unresolved	anonymized_actual_date_unresolved
sub-6	03	01	sub-6/ses-03/run-01/tsv-row-16	16	right_hand	2	108.8	5.0	27200	28450	sub-6/ses-03/eeg/sub-6_ses-03_task-imagery_run-01_eeg.edf	test_exploratory	unresolved	anonymized_actual_date_unresolved
sub-6	03	01	sub-6/ses-03/run-01/tsv-row-17	17	right_hand	2	115.68	5.0	28920	30170	sub-6/ses-03/eeg/sub-6_ses-03_task-imagery_run-01_eeg.edf	test_exploratory	unresolved	anonymized_actual_date_unresolved
sub-6	03	01	sub-6/ses-03/run-01/tsv-row-18	18	rest	1	122.636	5.0	30659	31909	sub-6/ses-03/eeg/sub-6_ses-03_task-imagery_run-01_eeg.edf	test_exploratory	unresolved	anonymized_actual_date_unresolved
sub-6	03	01	sub-6/ses-03/run-01/tsv-row-19	19	right_hand	2	129.464	5.0	32366	33616	sub-6/ses-03/eeg/sub-6_ses-03_task-imagery_run-01_eeg.edf	test_exploratory	unresolved	anonymized_actual_date_unresolved
sub-6	03	01	sub-6/ses-03/run-01/tsv-row-20	20	rest	1	136.396	5.0	34099	35349	sub-6/ses-03/eeg/sub-6_ses-03_task-imagery_run-01_eeg.edf	test_exploratory	unresolved	anonymized_actual_date_unresolved
sub-6	03	01	sub-6/ses-03/run-01/tsv-row-21	21	right_hand	2	143.244	5.0	35811	37061	sub-6/ses-03/eeg/sub-6_ses-03_task-imagery_run-01_eeg.edf	test_exploratory	unresolved	anonymized_actual_date_unresolved
sub-6	03	01	sub-6/ses-03/run-01/tsv-row-22	22	rest	1	150.192	5.0	37548	38798	sub-6/ses-03/eeg/sub-6_ses-03_task-imagery_run-01_eeg.edf	test_exploratory	unresolved	anonymized_actual_date_unresolved
sub-6	03	01	sub-6/ses-03/run-01/tsv-row-23	23	right_hand	2	157.004	5.0	39251	40501	sub-6/ses-03/eeg/sub-6_ses-03_task-imagery_run-01_eeg.edf	test_exploratory	unresolved	anonymized_actual_date_unresolved
sub-6	03	01	sub-6/ses-03/run-01/tsv-row-24	24	rest	1	163.952	5.0	40988	42238	sub-6/ses-03/eeg/sub-6_ses-03_task-imagery_run-01_eeg.edf	test_exploratory	unresolved	anonymized_actual_date_unresolved
sub-6	03	01	sub-6/ses-03/run-01/tsv-row-25	25	rest	1	170.84	5.0	42710	43960	sub-6/ses-03/eeg/sub-6_ses-03_task-imagery_run-01_eeg.edf	test_exploratory	unresolved	anonymized_actual_date_unresolved
sub-6	03	01	sub-6/ses-03/run-01/tsv-row-26	26	right_hand	2	177.672	5.0	44418	45668	sub-6/ses-03/eeg/sub-6_ses-03_task-imagery_run-01_eeg.edf	test_exploratory	unresolved	anonymized_actual_date_unresolved
sub-6	03	01	sub-6/ses-03/run-01/tsv-row-27	27	right_hand	2	184.568	5.0	46142	47392	sub-6/ses-03/eeg/sub-6_ses-03_task-imagery_run-01_eeg.edf	test_exploratory	unresolved	anonymized_actual_date_unresolved
sub-6	03	01	sub-6/ses-03/run-01/tsv-row-28	28	rest	1	191.508	5.0	47877	49127	sub-6/ses-03/eeg/sub-6_ses-03_task-imagery_run-01_eeg.edf	test_exploratory	unresolved	anonymized_actual_date_unresolved
sub-6	03	01	sub-6/ses-03/run-01/tsv-row-29	29	right_hand	2	198.34	5.0	49585	50835	sub-6/ses-03/eeg/sub-6_ses-03_task-imagery_run-01_eeg.edf	test_exploratory	unresolved	anonymized_actual_date_unresolved
sub-6	03	01	sub-6/ses-03/run-01/tsv-row-30	30	rest	1	205.284	5.0	51321	52571	sub-6/ses-03/eeg/sub-6_ses-03_task-imagery_run-01_eeg.edf	test_exploratory	unresolved	anonymized_actual_date_unresolved
sub-6	03	01	sub-6/ses-03/run-01/tsv-row-31	31	rest	1	212.176	5.0	53044	54294	sub-6/ses-03/eeg/sub-6_ses-03_task-imagery_run-01_eeg.edf	test_exploratory	unresolved	anonymized_actual_date_unresolved
sub-6	03	01	sub-6/ses-03/run-01/tsv-row-32	32	right_hand	2	219.004	5.0	54751	56001	sub-6/ses-03/eeg/sub-6_ses-03_task-imagery_run-01_eeg.edf	test_exploratory	unresolved	anonymized_actual_date_unresolved
sub-6	03	02	sub-6/ses-03/run-02/tsv-row-1	1	right_hand	2	4.924	5.0	1231	2481	sub-6/ses-03/eeg/sub-6_ses-03_task-imagery_run-02_eeg.edf	test_exploratory	unresolved	anonymized_actual_date_unresolved
sub-6	03	02	sub-6/ses-03/run-02/tsv-row-2	2	rest	1	11.86	5.0	2965	4215	sub-6/ses-03/eeg/sub-6_ses-03_task-imagery_run-02_eeg.edf	test_exploratory	unresolved	anonymized_actual_date_unresolved
sub-6	03	02	sub-6/ses-03/run-02/tsv-row-3	3	rest	1	18.752	5.0	4688	5938	sub-6/ses-03/eeg/sub-6_ses-03_task-imagery_run-02_eeg.edf	test_exploratory	unresolved	anonymized_actual_date_unresolved
sub-6	03	02	sub-6/ses-03/run-02/tsv-row-4	4	right_hand	2	25.572	5.0	6393	7643	sub-6/ses-03/eeg/sub-6_ses-03_task-imagery_run-02_eeg.edf	test_exploratory	unresolved	anonymized_actual_date_unresolved
sub-6	03	02	sub-6/ses-03/run-02/tsv-row-5	5	rest	1	32.528	5.0	8132	9382	sub-6/ses-03/eeg/sub-6_ses-03_task-imagery_run-02_eeg.edf	test_exploratory	unresolved	anonymized_actual_date_unresolved
sub-6	03	02	sub-6/ses-03/run-02/tsv-row-6	6	right_hand	2	39.36	5.0	9840	11090	sub-6/ses-03/eeg/sub-6_ses-03_task-imagery_run-02_eeg.edf	test_exploratory	unresolved	anonymized_actual_date_unresolved
sub-6	03	02	sub-6/ses-03/run-02/tsv-row-7	7	right_hand	2	46.24	5.0	11560	12810	sub-6/ses-03/eeg/sub-6_ses-03_task-imagery_run-02_eeg.edf	test_exploratory	unresolved	anonymized_actual_date_unresolved
sub-6	03	02	sub-6/ses-03/run-02/tsv-row-8	8	rest	1	53.196	5.0	13299	14549	sub-6/ses-03/eeg/sub-6_ses-03_task-imagery_run-02_eeg.edf	test_exploratory	unresolved	anonymized_actual_date_unresolved
sub-6	03	02	sub-6/ses-03/run-02/tsv-row-9	9	right_hand	2	60.016	5.0	15004	16254	sub-6/ses-03/eeg/sub-6_ses-03_task-imagery_run-02_eeg.edf	test_exploratory	unresolved	anonymized_actual_date_unresolved
sub-6	03	02	sub-6/ses-03/run-02/tsv-row-10	10	rest	1	66.956	5.0	16739	17989	sub-6/ses-03/eeg/sub-6_ses-03_task-imagery_run-02_eeg.edf	test_exploratory	unresolved	anonymized_actual_date_unresolved
sub-6	03	02	sub-6/ses-03/run-02/tsv-row-11	11	right_hand	2	73.804	5.0	18451	19701	sub-6/ses-03/eeg/sub-6_ses-03_task-imagery_run-02_eeg.edf	test_exploratory	unresolved	anonymized_actual_date_unresolved
sub-6	03	02	sub-6/ses-03/run-02/tsv-row-12	12	rest	1	80.736	5.0	20184	21434	sub-6/ses-03/eeg/sub-6_ses-03_task-imagery_run-02_eeg.edf	test_exploratory	unresolved	anonymized_actual_date_unresolved
sub-6	03	02	sub-6/ses-03/run-02/tsv-row-13	13	right_hand	2	87.564	5.0	21891	23141	sub-6/ses-03/eeg/sub-6_ses-03_task-imagery_run-02_eeg.edf	test_exploratory	unresolved	anonymized_actual_date_unresolved
sub-6	03	02	sub-6/ses-03/run-02/tsv-row-14	14	rest	1	94.528	5.0	23632	24882	sub-6/ses-03/eeg/sub-6_ses-03_task-imagery_run-02_eeg.edf	test_exploratory	unresolved	anonymized_actual_date_unresolved
sub-6	03	02	sub-6/ses-03/run-02/tsv-row-15	15	rest	1	101.4	5.0	25350	26600	sub-6/ses-03/eeg/sub-6_ses-03_task-imagery_run-02_eeg.edf	test_exploratory	unresolved	anonymized_actual_date_unresolved
sub-6	03	02	sub-6/ses-03/run-02/tsv-row-16	16	right_hand	2	108.232	5.0	27058	28308	sub-6/ses-03/eeg/sub-6_ses-03_task-imagery_run-02_eeg.edf	test_exploratory	unresolved	anonymized_actual_date_unresolved
sub-6	03	02	sub-6/ses-03/run-02/tsv-row-17	17	rest	1	115.18	5.0	28795	30045	sub-6/ses-03/eeg/sub-6_ses-03_task-imagery_run-02_eeg.edf	test_exploratory	unresolved	anonymized_actual_date_unresolved
sub-6	03	02	sub-6/ses-03/run-02/tsv-row-18	18	right_hand	2	122.02	5.0	30505	31755	sub-6/ses-03/eeg/sub-6_ses-03_task-imagery_run-02_eeg.edf	test_exploratory	unresolved	anonymized_actual_date_unresolved
sub-6	03	02	sub-6/ses-03/run-02/tsv-row-19	19	right_hand	2	128.9	5.0	32225	33475	sub-6/ses-03/eeg/sub-6_ses-03_task-imagery_run-02_eeg.edf	test_exploratory	unresolved	anonymized_actual_date_unresolved
sub-6	03	02	sub-6/ses-03/run-02/tsv-row-20	20	rest	1	135.864	5.0	33966	35216	sub-6/ses-03/eeg/sub-6_ses-03_task-imagery_run-02_eeg.edf	test_exploratory	unresolved	anonymized_actual_date_unresolved
sub-6	03	02	sub-6/ses-03/run-02/tsv-row-21	21	right_hand	2	142.676	5.0	35669	36919	sub-6/ses-03/eeg/sub-6_ses-03_task-imagery_run-02_eeg.edf	test_exploratory	unresolved	anonymized_actual_date_unresolved
sub-6	03	02	sub-6/ses-03/run-02/tsv-row-22	22	rest	1	149.608	5.0	37402	38652	sub-6/ses-03/eeg/sub-6_ses-03_task-imagery_run-02_eeg.edf	test_exploratory	unresolved	anonymized_actual_date_unresolved
sub-6	03	02	sub-6/ses-03/run-02/tsv-row-23	23	rest	1	156.512	5.0	39128	40378	sub-6/ses-03/eeg/sub-6_ses-03_task-imagery_run-02_eeg.edf	test_exploratory	unresolved	anonymized_actual_date_unresolved
sub-6	03	02	sub-6/ses-03/run-02/tsv-row-24	24	right_hand	2	163.344	5.0	40836	42086	sub-6/ses-03/eeg/sub-6_ses-03_task-imagery_run-02_eeg.edf	test_exploratory	unresolved	anonymized_actual_date_unresolved
sub-6	03	02	sub-6/ses-03/run-02/tsv-row-25	25	right_hand	2	170.224	5.0	42556	43806	sub-6/ses-03/eeg/sub-6_ses-03_task-imagery_run-02_eeg.edf	test_exploratory	unresolved	anonymized_actual_date_unresolved
sub-6	03	02	sub-6/ses-03/run-02/tsv-row-26	26	rest	1	177.164	5.0	44291	45541	sub-6/ses-03/eeg/sub-6_ses-03_task-imagery_run-02_eeg.edf	test_exploratory	unresolved	anonymized_actual_date_unresolved
sub-6	03	02	sub-6/ses-03/run-02/tsv-row-27	27	rest	1	184.068	5.0	46017	47267	sub-6/ses-03/eeg/sub-6_ses-03_task-imagery_run-02_eeg.edf	test_exploratory	unresolved	anonymized_actual_date_unresolved
sub-6	03	02	sub-6/ses-03/run-02/tsv-row-28	28	right_hand	2	190.892	5.0	47723	48973	sub-6/ses-03/eeg/sub-6_ses-03_task-imagery_run-02_eeg.edf	test_exploratory	unresolved	anonymized_actual_date_unresolved
sub-6	03	02	sub-6/ses-03/run-02/tsv-row-29	29	rest	1	197.832	5.0	49458	50708	sub-6/ses-03/eeg/sub-6_ses-03_task-imagery_run-02_eeg.edf	test_exploratory	unresolved	anonymized_actual_date_unresolved
sub-6	03	02	sub-6/ses-03/run-02/tsv-row-30	30	right_hand	2	204.668	5.0	51167	52417	sub-6/ses-03/eeg/sub-6_ses-03_task-imagery_run-02_eeg.edf	test_exploratory	unresolved	anonymized_actual_date_unresolved
sub-6	03	02	sub-6/ses-03/run-02/tsv-row-31	31	rest	1	211.608	5.0	52902	54152	sub-6/ses-03/eeg/sub-6_ses-03_task-imagery_run-02_eeg.edf	test_exploratory	unresolved	anonymized_actual_date_unresolved
sub-6	03	02	sub-6/ses-03/run-02/tsv-row-32	32	right_hand	2	218.44	5.0	54610	55860	sub-6/ses-03/eeg/sub-6_ses-03_task-imagery_run-02_eeg.edf	test_exploratory	unresolved	anonymized_actual_date_unresolved
sub-6	03	03	sub-6/ses-03/run-03/tsv-row-1	1	right_hand	2	5.4	5.0	1350	2600	sub-6/ses-03/eeg/sub-6_ses-03_task-imagery_run-03_eeg.edf	test_exploratory	unresolved	anonymized_actual_date_unresolved
sub-6	03	03	sub-6/ses-03/run-03/tsv-row-2	2	rest	1	12.34	5.0	3085	4335	sub-6/ses-03/eeg/sub-6_ses-03_task-imagery_run-03_eeg.edf	test_exploratory	unresolved	anonymized_actual_date_unresolved
sub-6	03	03	sub-6/ses-03/run-03/tsv-row-3	3	rest	1	19.228	5.0	4807	6057	sub-6/ses-03/eeg/sub-6_ses-03_task-imagery_run-03_eeg.edf	test_exploratory	unresolved	anonymized_actual_date_unresolved
sub-6	03	03	sub-6/ses-03/run-03/tsv-row-4	4	right_hand	2	26.06	5.0	6515	7765	sub-6/ses-03/eeg/sub-6_ses-03_task-imagery_run-03_eeg.edf	test_exploratory	unresolved	anonymized_actual_date_unresolved
sub-6	03	03	sub-6/ses-03/run-03/tsv-row-5	5	rest	1	33.004	5.0	8251	9501	sub-6/ses-03/eeg/sub-6_ses-03_task-imagery_run-03_eeg.edf	test_exploratory	unresolved	anonymized_actual_date_unresolved
sub-6	03	03	sub-6/ses-03/run-03/tsv-row-6	6	right_hand	2	39.828	5.0	9957	11207	sub-6/ses-03/eeg/sub-6_ses-03_task-imagery_run-03_eeg.edf	test_exploratory	unresolved	anonymized_actual_date_unresolved
sub-6	03	03	sub-6/ses-03/run-03/tsv-row-7	7	rest	1	46.768	5.0	11692	12942	sub-6/ses-03/eeg/sub-6_ses-03_task-imagery_run-03_eeg.edf	test_exploratory	unresolved	anonymized_actual_date_unresolved
sub-6	03	03	sub-6/ses-03/run-03/tsv-row-8	8	right_hand	2	53.604	5.0	13401	14651	sub-6/ses-03/eeg/sub-6_ses-03_task-imagery_run-03_eeg.edf	test_exploratory	unresolved	anonymized_actual_date_unresolved
sub-6	03	03	sub-6/ses-03/run-03/tsv-row-9	9	rest	1	60.544	5.0	15136	16386	sub-6/ses-03/eeg/sub-6_ses-03_task-imagery_run-03_eeg.edf	test_exploratory	unresolved	anonymized_actual_date_unresolved
sub-6	03	03	sub-6/ses-03/run-03/tsv-row-10	10	right_hand	2	67.392	5.0	16848	18098	sub-6/ses-03/eeg/sub-6_ses-03_task-imagery_run-03_eeg.edf	test_exploratory	unresolved	anonymized_actual_date_unresolved
sub-6	03	03	sub-6/ses-03/run-03/tsv-row-11	11	right_hand	2	74.272	5.0	18568	19818	sub-6/ses-03/eeg/sub-6_ses-03_task-imagery_run-03_eeg.edf	test_exploratory	unresolved	anonymized_actual_date_unresolved
sub-6	03	03	sub-6/ses-03/run-03/tsv-row-12	12	rest	1	81.196	5.0	20299	21549	sub-6/ses-03/eeg/sub-6_ses-03_task-imagery_run-03_eeg.edf	test_exploratory	unresolved	anonymized_actual_date_unresolved
sub-6	03	03	sub-6/ses-03/run-03/tsv-row-13	13	right_hand	2	88.06	5.0	22015	23265	sub-6/ses-03/eeg/sub-6_ses-03_task-imagery_run-03_eeg.edf	test_exploratory	unresolved	anonymized_actual_date_unresolved
sub-6	03	03	sub-6/ses-03/run-03/tsv-row-14	14	rest	1	94.988	5.0	23747	24997	sub-6/ses-03/eeg/sub-6_ses-03_task-imagery_run-03_eeg.edf	test_exploratory	unresolved	anonymized_actual_date_unresolved
sub-6	03	03	sub-6/ses-03/run-03/tsv-row-15	15	rest	1	101.88	5.0	25470	26720	sub-6/ses-03/eeg/sub-6_ses-03_task-imagery_run-03_eeg.edf	test_exploratory	unresolved	anonymized_actual_date_unresolved
sub-6	03	03	sub-6/ses-03/run-03/tsv-row-16	16	right_hand	2	108.716	5.0	27179	28429	sub-6/ses-03/eeg/sub-6_ses-03_task-imagery_run-03_eeg.edf	test_exploratory	unresolved	anonymized_actual_date_unresolved
sub-6	03	03	sub-6/ses-03/run-03/tsv-row-17	17	rest	1	115.656	5.0	28914	30164	sub-6/ses-03/eeg/sub-6_ses-03_task-imagery_run-03_eeg.edf	test_exploratory	unresolved	anonymized_actual_date_unresolved
sub-6	03	03	sub-6/ses-03/run-03/tsv-row-18	18	right_hand	2	122.488	5.0	30622	31872	sub-6/ses-03/eeg/sub-6_ses-03_task-imagery_run-03_eeg.edf	test_exploratory	unresolved	anonymized_actual_date_unresolved
sub-6	03	03	sub-6/ses-03/run-03/tsv-row-19	19	rest	1	129.436	5.0	32359	33609	sub-6/ses-03/eeg/sub-6_ses-03_task-imagery_run-03_eeg.edf	test_exploratory	unresolved	anonymized_actual_date_unresolved
sub-6	03	03	sub-6/ses-03/run-03/tsv-row-20	20	right_hand	2	136.264	5.0	34066	35316	sub-6/ses-03/eeg/sub-6_ses-03_task-imagery_run-03_eeg.edf	test_exploratory	unresolved	anonymized_actual_date_unresolved
sub-6	03	03	sub-6/ses-03/run-03/tsv-row-21	21	rest	1	143.196	5.0	35799	37049	sub-6/ses-03/eeg/sub-6_ses-03_task-imagery_run-03_eeg.edf	test_exploratory	unresolved	anonymized_actual_date_unresolved
sub-6	03	03	sub-6/ses-03/run-03/tsv-row-22	22	right_hand	2	150.052	5.0	37513	38763	sub-6/ses-03/eeg/sub-6_ses-03_task-imagery_run-03_eeg.edf	test_exploratory	unresolved	anonymized_actual_date_unresolved
sub-6	03	03	sub-6/ses-03/run-03/tsv-row-23	23	rest	1	156.992	5.0	39248	40498	sub-6/ses-03/eeg/sub-6_ses-03_task-imagery_run-03_eeg.edf	test_exploratory	unresolved	anonymized_actual_date_unresolved
sub-6	03	03	sub-6/ses-03/run-03/tsv-row-24	24	right_hand	2	163.812	5.0	40953	42203	sub-6/ses-03/eeg/sub-6_ses-03_task-imagery_run-03_eeg.edf	test_exploratory	unresolved	anonymized_actual_date_unresolved
sub-6	03	03	sub-6/ses-03/run-03/tsv-row-25	25	right_hand	2	170.708	5.0	42677	43927	sub-6/ses-03/eeg/sub-6_ses-03_task-imagery_run-03_eeg.edf	test_exploratory	unresolved	anonymized_actual_date_unresolved
sub-6	03	03	sub-6/ses-03/run-03/tsv-row-26	26	rest	1	177.64	5.0	44410	45660	sub-6/ses-03/eeg/sub-6_ses-03_task-imagery_run-03_eeg.edf	test_exploratory	unresolved	anonymized_actual_date_unresolved
sub-6	03	03	sub-6/ses-03/run-03/tsv-row-27	27	rest	1	184.528	5.0	46132	47382	sub-6/ses-03/eeg/sub-6_ses-03_task-imagery_run-03_eeg.edf	test_exploratory	unresolved	anonymized_actual_date_unresolved
sub-6	03	03	sub-6/ses-03/run-03/tsv-row-28	28	right_hand	2	191.36	5.0	47840	49090	sub-6/ses-03/eeg/sub-6_ses-03_task-imagery_run-03_eeg.edf	test_exploratory	unresolved	anonymized_actual_date_unresolved
sub-6	03	03	sub-6/ses-03/run-03/tsv-row-29	29	right_hand	2	198.256	5.0	49564	50814	sub-6/ses-03/eeg/sub-6_ses-03_task-imagery_run-03_eeg.edf	test_exploratory	unresolved	anonymized_actual_date_unresolved
sub-6	03	03	sub-6/ses-03/run-03/tsv-row-30	30	rest	1	205.196	5.0	51299	52549	sub-6/ses-03/eeg/sub-6_ses-03_task-imagery_run-03_eeg.edf	test_exploratory	unresolved	anonymized_actual_date_unresolved
sub-6	03	03	sub-6/ses-03/run-03/tsv-row-31	31	right_hand	2	212.028	5.0	53007	54257	sub-6/ses-03/eeg/sub-6_ses-03_task-imagery_run-03_eeg.edf	test_exploratory	unresolved	anonymized_actual_date_unresolved
sub-6	03	03	sub-6/ses-03/run-03/tsv-row-32	32	rest	1	218.976	5.0	54744	55994	sub-6/ses-03/eeg/sub-6_ses-03_task-imagery_run-03_eeg.edf	test_exploratory	unresolved	anonymized_actual_date_unresolved
sub-6	03	04	sub-6/ses-03/run-04/tsv-row-1	1	right_hand	2	4.836	5.0	1209	2459	sub-6/ses-03/eeg/sub-6_ses-03_task-imagery_run-04_eeg.edf	test_exploratory	unresolved	anonymized_actual_date_unresolved
sub-6	03	04	sub-6/ses-03/run-04/tsv-row-2	2	rest	1	11.776	5.0	2944	4194	sub-6/ses-03/eeg/sub-6_ses-03_task-imagery_run-04_eeg.edf	test_exploratory	unresolved	anonymized_actual_date_unresolved
sub-6	03	04	sub-6/ses-03/run-04/tsv-row-3	3	rest	1	18.648	5.0	4662	5912	sub-6/ses-03/eeg/sub-6_ses-03_task-imagery_run-04_eeg.edf	test_exploratory	unresolved	anonymized_actual_date_unresolved
sub-6	03	04	sub-6/ses-03/run-04/tsv-row-4	4	right_hand	2	25.504	5.0	6376	7626	sub-6/ses-03/eeg/sub-6_ses-03_task-imagery_run-04_eeg.edf	test_exploratory	unresolved	anonymized_actual_date_unresolved
sub-6	03	04	sub-6/ses-03/run-04/tsv-row-5	5	right_hand	2	32.384	5.0	8096	9346	sub-6/ses-03/eeg/sub-6_ses-03_task-imagery_run-04_eeg.edf	test_exploratory	unresolved	anonymized_actual_date_unresolved
sub-6	03	04	sub-6/ses-03/run-04/tsv-row-6	6	rest	1	39.312	5.0	9828	11078	sub-6/ses-03/eeg/sub-6_ses-03_task-imagery_run-04_eeg.edf	test_exploratory	unresolved	anonymized_actual_date_unresolved
sub-6	03	04	sub-6/ses-03/run-04/tsv-row-7	7	right_hand	2	46.168	5.0	11542	12792	sub-6/ses-03/eeg/sub-6_ses-03_task-imagery_run-04_eeg.edf	test_exploratory	unresolved	anonymized_actual_date_unresolved
sub-6	03	04	sub-6/ses-03/run-04/tsv-row-8	8	rest	1	53.092	5.0	13273	14523	sub-6/ses-03/eeg/sub-6_ses-03_task-imagery_run-04_eeg.edf	test_exploratory	unresolved	anonymized_actual_date_unresolved
sub-6	03	04	sub-6/ses-03/run-04/tsv-row-9	9	rest	1	59.98	5.0	14995	16245	sub-6/ses-03/eeg/sub-6_ses-03_task-imagery_run-04_eeg.edf	test_exploratory	unresolved	anonymized_actual_date_unresolved
sub-6	03	04	sub-6/ses-03/run-04/tsv-row-10	10	right_hand	2	66.828	5.0	16707	17957	sub-6/ses-03/eeg/sub-6_ses-03_task-imagery_run-04_eeg.edf	test_exploratory	unresolved	anonymized_actual_date_unresolved
sub-6	03	04	sub-6/ses-03/run-04/tsv-row-11	11	rest	1	73.76	5.0	18440	19690	sub-6/ses-03/eeg/sub-6_ses-03_task-imagery_run-04_eeg.edf	test_exploratory	unresolved	anonymized_actual_date_unresolved
sub-6	03	04	sub-6/ses-03/run-04/tsv-row-12	12	right_hand	2	80.596	5.0	20149	21399	sub-6/ses-03/eeg/sub-6_ses-03_task-imagery_run-04_eeg.edf	test_exploratory	unresolved	anonymized_actual_date_unresolved
sub-6	03	04	sub-6/ses-03/run-04/tsv-row-13	13	right_hand	2	87.496	5.0	21874	23124	sub-6/ses-03/eeg/sub-6_ses-03_task-imagery_run-04_eeg.edf	test_exploratory	unresolved	anonymized_actual_date_unresolved
sub-6	03	04	sub-6/ses-03/run-04/tsv-row-14	14	rest	1	94.424	5.0	23606	24856	sub-6/ses-03/eeg/sub-6_ses-03_task-imagery_run-04_eeg.edf	test_exploratory	unresolved	anonymized_actual_date_unresolved
sub-6	03	04	sub-6/ses-03/run-04/tsv-row-15	15	right_hand	2	101.264	5.0	25316	26566	sub-6/ses-03/eeg/sub-6_ses-03_task-imagery_run-04_eeg.edf	test_exploratory	unresolved	anonymized_actual_date_unresolved
sub-6	03	04	sub-6/ses-03/run-04/tsv-row-16	16	rest	1	108.204	5.0	27051	28301	sub-6/ses-03/eeg/sub-6_ses-03_task-imagery_run-04_eeg.edf	test_exploratory	unresolved	anonymized_actual_date_unresolved
sub-6	03	04	sub-6/ses-03/run-04/tsv-row-17	17	right_hand	2	115.044	5.0	28761	30011	sub-6/ses-03/eeg/sub-6_ses-03_task-imagery_run-04_eeg.edf	test_exploratory	unresolved	anonymized_actual_date_unresolved
sub-6	03	04	sub-6/ses-03/run-04/tsv-row-18	18	rest	1	121.964	5.0	30491	31741	sub-6/ses-03/eeg/sub-6_ses-03_task-imagery_run-04_eeg.edf	test_exploratory	unresolved	anonymized_actual_date_unresolved
sub-6	03	04	sub-6/ses-03/run-04/tsv-row-19	19	right_hand	2	128.828	5.0	32207	33457	sub-6/ses-03/eeg/sub-6_ses-03_task-imagery_run-04_eeg.edf	test_exploratory	unresolved	anonymized_actual_date_unresolved
sub-6	03	04	sub-6/ses-03/run-04/tsv-row-20	20	rest	1	135.76	5.0	33940	35190	sub-6/ses-03/eeg/sub-6_ses-03_task-imagery_run-04_eeg.edf	test_exploratory	unresolved	anonymized_actual_date_unresolved
sub-6	03	04	sub-6/ses-03/run-04/tsv-row-21	21	rest	1	142.632	5.0	35658	36908	sub-6/ses-03/eeg/sub-6_ses-03_task-imagery_run-04_eeg.edf	test_exploratory	unresolved	anonymized_actual_date_unresolved
sub-6	03	04	sub-6/ses-03/run-04/tsv-row-22	22	right_hand	2	149.488	5.0	37372	38622	sub-6/ses-03/eeg/sub-6_ses-03_task-imagery_run-04_eeg.edf	test_exploratory	unresolved	anonymized_actual_date_unresolved
sub-6	03	04	sub-6/ses-03/run-04/tsv-row-23	23	right_hand	2	156.376	5.0	39094	40344	sub-6/ses-03/eeg/sub-6_ses-03_task-imagery_run-04_eeg.edf	test_exploratory	unresolved	anonymized_actual_date_unresolved
sub-6	03	04	sub-6/ses-03/run-04/tsv-row-24	24	rest	1	163.3	5.0	40825	42075	sub-6/ses-03/eeg/sub-6_ses-03_task-imagery_run-04_eeg.edf	test_exploratory	unresolved	anonymized_actual_date_unresolved
sub-6	03	04	sub-6/ses-03/run-04/tsv-row-25	25	rest	1	170.204	5.0	42551	43801	sub-6/ses-03/eeg/sub-6_ses-03_task-imagery_run-04_eeg.edf	test_exploratory	unresolved	anonymized_actual_date_unresolved
sub-6	03	04	sub-6/ses-03/run-04/tsv-row-26	26	right_hand	2	177.036	5.0	44259	45509	sub-6/ses-03/eeg/sub-6_ses-03_task-imagery_run-04_eeg.edf	test_exploratory	unresolved	anonymized_actual_date_unresolved
sub-6	03	04	sub-6/ses-03/run-04/tsv-row-27	27	rest	1	183.984	5.0	45996	47246	sub-6/ses-03/eeg/sub-6_ses-03_task-imagery_run-04_eeg.edf	test_exploratory	unresolved	anonymized_actual_date_unresolved
sub-6	03	04	sub-6/ses-03/run-04/tsv-row-28	28	right_hand	2	190.804	5.0	47701	48951	sub-6/ses-03/eeg/sub-6_ses-03_task-imagery_run-04_eeg.edf	test_exploratory	unresolved	anonymized_actual_date_unresolved
sub-6	03	04	sub-6/ses-03/run-04/tsv-row-29	29	right_hand	2	197.7	5.0	49425	50675	sub-6/ses-03/eeg/sub-6_ses-03_task-imagery_run-04_eeg.edf	test_exploratory	unresolved	anonymized_actual_date_unresolved
sub-6	03	04	sub-6/ses-03/run-04/tsv-row-30	30	rest	1	204.632	5.0	51158	52408	sub-6/ses-03/eeg/sub-6_ses-03_task-imagery_run-04_eeg.edf	test_exploratory	unresolved	anonymized_actual_date_unresolved
sub-6	03	04	sub-6/ses-03/run-04/tsv-row-31	31	right_hand	2	211.472	5.0	52868	54118	sub-6/ses-03/eeg/sub-6_ses-03_task-imagery_run-04_eeg.edf	test_exploratory	unresolved	anonymized_actual_date_unresolved
sub-6	03	04	sub-6/ses-03/run-04/tsv-row-32	32	rest	1	218.428	5.0	54607	55857	sub-6/ses-03/eeg/sub-6_ses-03_task-imagery_run-04_eeg.edf	test_exploratory	unresolved	anonymized_actual_date_unresolved
sub-6	03	05	sub-6/ses-03/run-05/tsv-row-1	1	right_hand	2	7.912	5.0	1978	3228	sub-6/ses-03/eeg/sub-6_ses-03_task-imagery_run-05_eeg.edf	test_exploratory	unresolved	anonymized_actual_date_unresolved
sub-6	03	05	sub-6/ses-03/run-05/tsv-row-2	2	rest	1	14.844	5.0	3711	4961	sub-6/ses-03/eeg/sub-6_ses-03_task-imagery_run-05_eeg.edf	test_exploratory	unresolved	anonymized_actual_date_unresolved
sub-6	03	05	sub-6/ses-03/run-05/tsv-row-3	3	right_hand	2	21.692	5.0	5423	6673	sub-6/ses-03/eeg/sub-6_ses-03_task-imagery_run-05_eeg.edf	test_exploratory	unresolved	anonymized_actual_date_unresolved
sub-6	03	05	sub-6/ses-03/run-05/tsv-row-4	4	rest	1	28.624	5.0	7156	8406	sub-6/ses-03/eeg/sub-6_ses-03_task-imagery_run-05_eeg.edf	test_exploratory	unresolved	anonymized_actual_date_unresolved
sub-6	03	05	sub-6/ses-03/run-05/tsv-row-5	5	rest	1	35.512	5.0	8878	10128	sub-6/ses-03/eeg/sub-6_ses-03_task-imagery_run-05_eeg.edf	test_exploratory	unresolved	anonymized_actual_date_unresolved
sub-6	03	05	sub-6/ses-03/run-05/tsv-row-6	6	right_hand	2	42.36	5.0	10590	11840	sub-6/ses-03/eeg/sub-6_ses-03_task-imagery_run-05_eeg.edf	test_exploratory	unresolved	anonymized_actual_date_unresolved
sub-6	03	05	sub-6/ses-03/run-05/tsv-row-7	7	right_hand	2	49.24	5.0	12310	13560	sub-6/ses-03/eeg/sub-6_ses-03_task-imagery_run-05_eeg.edf	test_exploratory	unresolved	anonymized_actual_date_unresolved
sub-6	03	05	sub-6/ses-03/run-05/tsv-row-8	8	rest	1	56.18	5.0	14045	15295	sub-6/ses-03/eeg/sub-6_ses-03_task-imagery_run-05_eeg.edf	test_exploratory	unresolved	anonymized_actual_date_unresolved
sub-6	03	05	sub-6/ses-03/run-05/tsv-row-9	9	right_hand	2	63.024	5.0	15756	17006	sub-6/ses-03/eeg/sub-6_ses-03_task-imagery_run-05_eeg.edf	test_exploratory	unresolved	anonymized_actual_date_unresolved
sub-6	03	05	sub-6/ses-03/run-05/tsv-row-10	10	rest	1	69.956	5.0	17489	18739	sub-6/ses-03/eeg/sub-6_ses-03_task-imagery_run-05_eeg.edf	test_exploratory	unresolved	anonymized_actual_date_unresolved
sub-6	03	05	sub-6/ses-03/run-05/tsv-row-11	11	right_hand	2	76.788	5.0	19197	20447	sub-6/ses-03/eeg/sub-6_ses-03_task-imagery_run-05_eeg.edf	test_exploratory	unresolved	anonymized_actual_date_unresolved
sub-6	03	05	sub-6/ses-03/run-05/tsv-row-12	12	rest	1	83.736	5.0	20934	22184	sub-6/ses-03/eeg/sub-6_ses-03_task-imagery_run-05_eeg.edf	test_exploratory	unresolved	anonymized_actual_date_unresolved
sub-6	03	05	sub-6/ses-03/run-05/tsv-row-13	13	right_hand	2	90.572	5.0	22643	23893	sub-6/ses-03/eeg/sub-6_ses-03_task-imagery_run-05_eeg.edf	test_exploratory	unresolved	anonymized_actual_date_unresolved
sub-6	03	05	sub-6/ses-03/run-05/tsv-row-14	14	rest	1	97.496	5.0	24374	25624	sub-6/ses-03/eeg/sub-6_ses-03_task-imagery_run-05_eeg.edf	test_exploratory	unresolved	anonymized_actual_date_unresolved
sub-6	03	05	sub-6/ses-03/run-05/tsv-row-15	15	rest	1	104.4	5.0	26100	27350	sub-6/ses-03/eeg/sub-6_ses-03_task-imagery_run-05_eeg.edf	test_exploratory	unresolved	anonymized_actual_date_unresolved
sub-6	03	05	sub-6/ses-03/run-05/tsv-row-16	16	right_hand	2	111.232	5.0	27808	29058	sub-6/ses-03/eeg/sub-6_ses-03_task-imagery_run-05_eeg.edf	test_exploratory	unresolved	anonymized_actual_date_unresolved
sub-6	03	05	sub-6/ses-03/run-05/tsv-row-17	17	right_hand	2	118.12	5.0	29530	30780	sub-6/ses-03/eeg/sub-6_ses-03_task-imagery_run-05_eeg.edf	test_exploratory	unresolved	anonymized_actual_date_unresolved
sub-6	03	05	sub-6/ses-03/run-05/tsv-row-18	18	rest	1	125.068	5.0	31267	32517	sub-6/ses-03/eeg/sub-6_ses-03_task-imagery_run-05_eeg.edf	test_exploratory	unresolved	anonymized_actual_date_unresolved
sub-6	03	05	sub-6/ses-03/run-05/tsv-row-19	19	rest	1	131.94	5.0	32985	34235	sub-6/ses-03/eeg/sub-6_ses-03_task-imagery_run-05_eeg.edf	test_exploratory	unresolved	anonymized_actual_date_unresolved
sub-6	03	05	sub-6/ses-03/run-05/tsv-row-20	20	right_hand	2	138.78	5.0	34695	35945	sub-6/ses-03/eeg/sub-6_ses-03_task-imagery_run-05_eeg.edf	test_exploratory	unresolved	anonymized_actual_date_unresolved
sub-6	03	05	sub-6/ses-03/run-05/tsv-row-21	21	right_hand	2	145.684	5.0	36421	37671	sub-6/ses-03/eeg/sub-6_ses-03_task-imagery_run-05_eeg.edf	test_exploratory	unresolved	anonymized_actual_date_unresolved
sub-6	03	05	sub-6/ses-03/run-05/tsv-row-22	22	rest	1	152.608	5.0	38152	39402	sub-6/ses-03/eeg/sub-6_ses-03_task-imagery_run-05_eeg.edf	test_exploratory	unresolved	anonymized_actual_date_unresolved
sub-6	03	05	sub-6/ses-03/run-05/tsv-row-23	23	right_hand	2	159.448	5.0	39862	41112	sub-6/ses-03/eeg/sub-6_ses-03_task-imagery_run-05_eeg.edf	test_exploratory	unresolved	anonymized_actual_date_unresolved
sub-6	03	05	sub-6/ses-03/run-05/tsv-row-24	24	rest	1	166.4	5.0	41600	42850	sub-6/ses-03/eeg/sub-6_ses-03_task-imagery_run-05_eeg.edf	test_exploratory	unresolved	anonymized_actual_date_unresolved
sub-6	03	05	sub-6/ses-03/run-05/tsv-row-25	25	rest	1	173.292	5.0	43323	44573	sub-6/ses-03/eeg/sub-6_ses-03_task-imagery_run-05_eeg.edf	test_exploratory	unresolved	anonymized_actual_date_unresolved
sub-6	03	05	sub-6/ses-03/run-05/tsv-row-26	26	right_hand	2	180.112	5.0	45028	46278	sub-6/ses-03/eeg/sub-6_ses-03_task-imagery_run-05_eeg.edf	test_exploratory	unresolved	anonymized_actual_date_unresolved
sub-6	03	05	sub-6/ses-03/run-05/tsv-row-27	27	rest	1	187.036	5.0	46759	48009	sub-6/ses-03/eeg/sub-6_ses-03_task-imagery_run-05_eeg.edf	test_exploratory	unresolved	anonymized_actual_date_unresolved
sub-6	03	05	sub-6/ses-03/run-05/tsv-row-28	28	right_hand	2	193.892	5.0	48473	49723	sub-6/ses-03/eeg/sub-6_ses-03_task-imagery_run-05_eeg.edf	test_exploratory	unresolved	anonymized_actual_date_unresolved
sub-6	03	05	sub-6/ses-03/run-05/tsv-row-29	29	rest	1	200.848	5.0	50212	51462	sub-6/ses-03/eeg/sub-6_ses-03_task-imagery_run-05_eeg.edf	test_exploratory	unresolved	anonymized_actual_date_unresolved
sub-6	03	05	sub-6/ses-03/run-05/tsv-row-30	30	right_hand	2	207.66	5.0	51915	53165	sub-6/ses-03/eeg/sub-6_ses-03_task-imagery_run-05_eeg.edf	test_exploratory	unresolved	anonymized_actual_date_unresolved
sub-6	03	05	sub-6/ses-03/run-05/tsv-row-31	31	rest	1	214.608	5.0	53652	54902	sub-6/ses-03/eeg/sub-6_ses-03_task-imagery_run-05_eeg.edf	test_exploratory	unresolved	anonymized_actual_date_unresolved
sub-6	03	05	sub-6/ses-03/run-05/tsv-row-32	32	right_hand	2	221.44	5.0	55360	56610	sub-6/ses-03/eeg/sub-6_ses-03_task-imagery_run-05_eeg.edf	test_exploratory	unresolved	anonymized_actual_date_unresolved
sub-6	03	06	sub-6/ses-03/run-06/tsv-row-1	1	rest	1	8.276	5.0	2069	3319	sub-6/ses-03/eeg/sub-6_ses-03_task-imagery_run-06_eeg.edf	test_exploratory	unresolved	anonymized_actual_date_unresolved
sub-6	03	06	sub-6/ses-03/run-06/tsv-row-2	2	right_hand	2	15.112	5.0	3778	5028	sub-6/ses-03/eeg/sub-6_ses-03_task-imagery_run-06_eeg.edf	test_exploratory	unresolved	anonymized_actual_date_unresolved
sub-6	03	06	sub-6/ses-03/run-06/tsv-row-3	3	right_hand	2	21.996	5.0	5499	6749	sub-6/ses-03/eeg/sub-6_ses-03_task-imagery_run-06_eeg.edf	test_exploratory	unresolved	anonymized_actual_date_unresolved
sub-6	03	06	sub-6/ses-03/run-06/tsv-row-4	4	rest	1	28.96	5.0	7240	8490	sub-6/ses-03/eeg/sub-6_ses-03_task-imagery_run-06_eeg.edf	test_exploratory	unresolved	anonymized_actual_date_unresolved
sub-6	03	06	sub-6/ses-03/run-06/tsv-row-5	5	rest	1	35.832	5.0	8958	10208	sub-6/ses-03/eeg/sub-6_ses-03_task-imagery_run-06_eeg.edf	test_exploratory	unresolved	anonymized_actual_date_unresolved
sub-6	03	06	sub-6/ses-03/run-06/tsv-row-6	6	right_hand	2	42.66	5.0	10665	11915	sub-6/ses-03/eeg/sub-6_ses-03_task-imagery_run-06_eeg.edf	test_exploratory	unresolved	anonymized_actual_date_unresolved
sub-6	03	06	sub-6/ses-03/run-06/tsv-row-7	7	right_hand	2	49.56	5.0	12390	13640	sub-6/ses-03/eeg/sub-6_ses-03_task-imagery_run-06_eeg.edf	test_exploratory	unresolved	anonymized_actual_date_unresolved
sub-6	03	06	sub-6/ses-03/run-06/tsv-row-8	8	rest	1	56.496	5.0	14124	15374	sub-6/ses-03/eeg/sub-6_ses-03_task-imagery_run-06_eeg.edf	test_exploratory	unresolved	anonymized_actual_date_unresolved
sub-6	03	06	sub-6/ses-03/run-06/tsv-row-9	9	rest	1	63.372	5.0	15843	17093	sub-6/ses-03/eeg/sub-6_ses-03_task-imagery_run-06_eeg.edf	test_exploratory	unresolved	anonymized_actual_date_unresolved
sub-6	03	06	sub-6/ses-03/run-06/tsv-row-10	10	right_hand	2	70.208	5.0	17552	18802	sub-6/ses-03/eeg/sub-6_ses-03_task-imagery_run-06_eeg.edf	test_exploratory	unresolved	anonymized_actual_date_unresolved
sub-6	03	06	sub-6/ses-03/run-06/tsv-row-11	11	right_hand	2	77.108	5.0	19277	20527	sub-6/ses-03/eeg/sub-6_ses-03_task-imagery_run-06_eeg.edf	test_exploratory	unresolved	anonymized_actual_date_unresolved
sub-6	03	06	sub-6/ses-03/run-06/tsv-row-12	12	rest	1	84.036	5.0	21009	22259	sub-6/ses-03/eeg/sub-6_ses-03_task-imagery_run-06_eeg.edf	test_exploratory	unresolved	anonymized_actual_date_unresolved
sub-6	03	06	sub-6/ses-03/run-06/tsv-row-13	13	right_hand	2	90.884	5.0	22721	23971	sub-6/ses-03/eeg/sub-6_ses-03_task-imagery_run-06_eeg.edf	test_exploratory	unresolved	anonymized_actual_date_unresolved
sub-6	03	06	sub-6/ses-03/run-06/tsv-row-14	14	rest	1	97.816	5.0	24454	25704	sub-6/ses-03/eeg/sub-6_ses-03_task-imagery_run-06_eeg.edf	test_exploratory	unresolved	anonymized_actual_date_unresolved
sub-6	03	06	sub-6/ses-03/run-06/tsv-row-15	15	rest	1	104.704	5.0	26176	27426	sub-6/ses-03/eeg/sub-6_ses-03_task-imagery_run-06_eeg.edf	test_exploratory	unresolved	anonymized_actual_date_unresolved
sub-6	03	06	sub-6/ses-03/run-06/tsv-row-16	16	right_hand	2	111.536	5.0	27884	29134	sub-6/ses-03/eeg/sub-6_ses-03_task-imagery_run-06_eeg.edf	test_exploratory	unresolved	anonymized_actual_date_unresolved
sub-6	03	06	sub-6/ses-03/run-06/tsv-row-17	17	rest	1	118.5	5.0	29625	30875	sub-6/ses-03/eeg/sub-6_ses-03_task-imagery_run-06_eeg.edf	test_exploratory	unresolved	anonymized_actual_date_unresolved
sub-6	03	06	sub-6/ses-03/run-06/tsv-row-18	18	right_hand	2	125.32	5.0	31330	32580	sub-6/ses-03/eeg/sub-6_ses-03_task-imagery_run-06_eeg.edf	test_exploratory	unresolved	anonymized_actual_date_unresolved
sub-6	03	06	sub-6/ses-03/run-06/tsv-row-19	19	right_hand	2	132.2	5.0	33050	34300	sub-6/ses-03/eeg/sub-6_ses-03_task-imagery_run-06_eeg.edf	test_exploratory	unresolved	anonymized_actual_date_unresolved
sub-6	03	06	sub-6/ses-03/run-06/tsv-row-20	20	rest	1	139.148	5.0	34787	36037	sub-6/ses-03/eeg/sub-6_ses-03_task-imagery_run-06_eeg.edf	test_exploratory	unresolved	anonymized_actual_date_unresolved
sub-6	03	06	sub-6/ses-03/run-06/tsv-row-21	21	rest	1	146.036	5.0	36509	37759	sub-6/ses-03/eeg/sub-6_ses-03_task-imagery_run-06_eeg.edf	test_exploratory	unresolved	anonymized_actual_date_unresolved
sub-6	03	06	sub-6/ses-03/run-06/tsv-row-22	22	right_hand	2	152.868	5.0	38217	39467	sub-6/ses-03/eeg/sub-6_ses-03_task-imagery_run-06_eeg.edf	test_exploratory	unresolved	anonymized_actual_date_unresolved
sub-6	03	06	sub-6/ses-03/run-06/tsv-row-23	23	rest	1	159.816	5.0	39954	41204	sub-6/ses-03/eeg/sub-6_ses-03_task-imagery_run-06_eeg.edf	test_exploratory	unresolved	anonymized_actual_date_unresolved
sub-6	03	06	sub-6/ses-03/run-06/tsv-row-24	24	right_hand	2	166.648	5.0	41662	42912	sub-6/ses-03/eeg/sub-6_ses-03_task-imagery_run-06_eeg.edf	test_exploratory	unresolved	anonymized_actual_date_unresolved
sub-6	03	06	sub-6/ses-03/run-06/tsv-row-25	25	rest	1	173.576	5.0	43394	44644	sub-6/ses-03/eeg/sub-6_ses-03_task-imagery_run-06_eeg.edf	test_exploratory	unresolved	anonymized_actual_date_unresolved
sub-6	03	06	sub-6/ses-03/run-06/tsv-row-26	26	right_hand	2	180.432	5.0	45108	46358	sub-6/ses-03/eeg/sub-6_ses-03_task-imagery_run-06_eeg.edf	test_exploratory	unresolved	anonymized_actual_date_unresolved
sub-6	03	06	sub-6/ses-03/run-06/tsv-row-27	27	right_hand	2	187.312	5.0	46828	48078	sub-6/ses-03/eeg/sub-6_ses-03_task-imagery_run-06_eeg.edf	test_exploratory	unresolved	anonymized_actual_date_unresolved
sub-6	03	06	sub-6/ses-03/run-06/tsv-row-28	28	rest	1	194.244	5.0	48561	49811	sub-6/ses-03/eeg/sub-6_ses-03_task-imagery_run-06_eeg.edf	test_exploratory	unresolved	anonymized_actual_date_unresolved
sub-6	03	06	sub-6/ses-03/run-06/tsv-row-29	29	right_hand	2	201.092	5.0	50273	51523	sub-6/ses-03/eeg/sub-6_ses-03_task-imagery_run-06_eeg.edf	test_exploratory	unresolved	anonymized_actual_date_unresolved
sub-6	03	06	sub-6/ses-03/run-06/tsv-row-30	30	rest	1	208.04	5.0	52010	53260	sub-6/ses-03/eeg/sub-6_ses-03_task-imagery_run-06_eeg.edf	test_exploratory	unresolved	anonymized_actual_date_unresolved
sub-6	03	06	sub-6/ses-03/run-06/tsv-row-31	31	rest	1	214.912	5.0	53728	54978	sub-6/ses-03/eeg/sub-6_ses-03_task-imagery_run-06_eeg.edf	test_exploratory	unresolved	anonymized_actual_date_unresolved
sub-6	03	06	sub-6/ses-03/run-06/tsv-row-32	32	right_hand	2	221.76	5.0	55440	56690	sub-6/ses-03/eeg/sub-6_ses-03_task-imagery_run-06_eeg.edf	test_exploratory	unresolved	anonymized_actual_date_unresolved
sub-6	04	01	sub-6/ses-04/run-01/tsv-row-1	1	right_hand	2	6.148	5.0	1537	2787	sub-6/ses-04/eeg/sub-6_ses-04_task-imagery_run-01_eeg.edf	test_exploratory	unresolved	anonymized_actual_date_unresolved
sub-6	04	01	sub-6/ses-04/run-01/tsv-row-2	2	rest	1	13.064	5.0	3266	4516	sub-6/ses-04/eeg/sub-6_ses-04_task-imagery_run-01_eeg.edf	test_exploratory	unresolved	anonymized_actual_date_unresolved
sub-6	04	01	sub-6/ses-04/run-01/tsv-row-3	3	right_hand	2	19.924	5.0	4981	6231	sub-6/ses-04/eeg/sub-6_ses-04_task-imagery_run-01_eeg.edf	test_exploratory	unresolved	anonymized_actual_date_unresolved
sub-6	04	01	sub-6/ses-04/run-01/tsv-row-4	4	rest	1	26.828	5.0	6707	7957	sub-6/ses-04/eeg/sub-6_ses-04_task-imagery_run-01_eeg.edf	test_exploratory	unresolved	anonymized_actual_date_unresolved
sub-6	04	01	sub-6/ses-04/run-01/tsv-row-5	5	rest	1	33.728	5.0	8432	9682	sub-6/ses-04/eeg/sub-6_ses-04_task-imagery_run-01_eeg.edf	test_exploratory	unresolved	anonymized_actual_date_unresolved
sub-6	04	01	sub-6/ses-04/run-01/tsv-row-6	6	right_hand	2	40.592	5.0	10148	11398	sub-6/ses-04/eeg/sub-6_ses-04_task-imagery_run-01_eeg.edf	test_exploratory	unresolved	anonymized_actual_date_unresolved
sub-6	04	01	sub-6/ses-04/run-01/tsv-row-7	7	right_hand	2	47.476	5.0	11869	13119	sub-6/ses-04/eeg/sub-6_ses-04_task-imagery_run-01_eeg.edf	test_exploratory	unresolved	anonymized_actual_date_unresolved
sub-6	04	01	sub-6/ses-04/run-01/tsv-row-8	8	rest	1	54.392	5.0	13598	14848	sub-6/ses-04/eeg/sub-6_ses-04_task-imagery_run-01_eeg.edf	test_exploratory	unresolved	anonymized_actual_date_unresolved
sub-6	04	01	sub-6/ses-04/run-01/tsv-row-9	9	right_hand	2	61.26	5.0	15315	16565	sub-6/ses-04/eeg/sub-6_ses-04_task-imagery_run-01_eeg.edf	test_exploratory	unresolved	anonymized_actual_date_unresolved
sub-6	04	01	sub-6/ses-04/run-01/tsv-row-10	10	rest	1	68.164	5.0	17041	18291	sub-6/ses-04/eeg/sub-6_ses-04_task-imagery_run-01_eeg.edf	test_exploratory	unresolved	anonymized_actual_date_unresolved
sub-6	04	01	sub-6/ses-04/run-01/tsv-row-11	11	right_hand	2	75.04	5.0	18760	20010	sub-6/ses-04/eeg/sub-6_ses-04_task-imagery_run-01_eeg.edf	test_exploratory	unresolved	anonymized_actual_date_unresolved
sub-6	04	01	sub-6/ses-04/run-01/tsv-row-12	12	rest	1	81.94	5.0	20485	21735	sub-6/ses-04/eeg/sub-6_ses-04_task-imagery_run-01_eeg.edf	test_exploratory	unresolved	anonymized_actual_date_unresolved
sub-6	04	01	sub-6/ses-04/run-01/tsv-row-13	13	right_hand	2	88.808	5.0	22202	23452	sub-6/ses-04/eeg/sub-6_ses-04_task-imagery_run-01_eeg.edf	test_exploratory	unresolved	anonymized_actual_date_unresolved
sub-6	04	01	sub-6/ses-04/run-01/tsv-row-14	14	rest	1	95.732	5.0	23933	25183	sub-6/ses-04/eeg/sub-6_ses-04_task-imagery_run-01_eeg.edf	test_exploratory	unresolved	anonymized_actual_date_unresolved
sub-6	04	01	sub-6/ses-04/run-01/tsv-row-15	15	rest	1	102.604	5.0	25651	26901	sub-6/ses-04/eeg/sub-6_ses-04_task-imagery_run-01_eeg.edf	test_exploratory	unresolved	anonymized_actual_date_unresolved
sub-6	04	01	sub-6/ses-04/run-01/tsv-row-16	16	right_hand	2	109.464	5.0	27366	28616	sub-6/ses-04/eeg/sub-6_ses-04_task-imagery_run-01_eeg.edf	test_exploratory	unresolved	anonymized_actual_date_unresolved
sub-6	04	01	sub-6/ses-04/run-01/tsv-row-17	17	rest	1	116.388	5.0	29097	30347	sub-6/ses-04/eeg/sub-6_ses-04_task-imagery_run-01_eeg.edf	test_exploratory	unresolved	anonymized_actual_date_unresolved
sub-6	04	01	sub-6/ses-04/run-01/tsv-row-18	18	right_hand	2	123.248	5.0	30812	32062	sub-6/ses-04/eeg/sub-6_ses-04_task-imagery_run-01_eeg.edf	test_exploratory	unresolved	anonymized_actual_date_unresolved
sub-6	04	01	sub-6/ses-04/run-01/tsv-row-19	19	right_hand	2	130.132	5.0	32533	33783	sub-6/ses-04/eeg/sub-6_ses-04_task-imagery_run-01_eeg.edf	test_exploratory	unresolved	anonymized_actual_date_unresolved
sub-6	04	01	sub-6/ses-04/run-01/tsv-row-20	20	rest	1	137.052	5.0	34263	35513	sub-6/ses-04/eeg/sub-6_ses-04_task-imagery_run-01_eeg.edf	test_exploratory	unresolved	anonymized_actual_date_unresolved
sub-6	04	01	sub-6/ses-04/run-01/tsv-row-21	21	rest	1	143.932	5.0	35983	37233	sub-6/ses-04/eeg/sub-6_ses-04_task-imagery_run-01_eeg.edf	test_exploratory	unresolved	anonymized_actual_date_unresolved
sub-6	04	01	sub-6/ses-04/run-01/tsv-row-22	22	right_hand	2	150.8	5.0	37700	38950	sub-6/ses-04/eeg/sub-6_ses-04_task-imagery_run-01_eeg.edf	test_exploratory	unresolved	anonymized_actual_date_unresolved
sub-6	04	01	sub-6/ses-04/run-01/tsv-row-23	23	rest	1	157.704	5.0	39426	40676	sub-6/ses-04/eeg/sub-6_ses-04_task-imagery_run-01_eeg.edf	test_exploratory	unresolved	anonymized_actual_date_unresolved
sub-6	04	01	sub-6/ses-04/run-01/tsv-row-24	24	right_hand	2	164.576	5.0	41144	42394	sub-6/ses-04/eeg/sub-6_ses-04_task-imagery_run-01_eeg.edf	test_exploratory	unresolved	anonymized_actual_date_unresolved
sub-6	04	01	sub-6/ses-04/run-01/tsv-row-25	25	right_hand	2	171.456	5.0	42864	44114	sub-6/ses-04/eeg/sub-6_ses-04_task-imagery_run-01_eeg.edf	test_exploratory	unresolved	anonymized_actual_date_unresolved
sub-6	04	01	sub-6/ses-04/run-01/tsv-row-26	26	rest	1	178.368	5.0	44592	45842	sub-6/ses-04/eeg/sub-6_ses-04_task-imagery_run-01_eeg.edf	test_exploratory	unresolved	anonymized_actual_date_unresolved
sub-6	04	01	sub-6/ses-04/run-01/tsv-row-27	27	right_hand	2	185.244	5.0	46311	47561	sub-6/ses-04/eeg/sub-6_ses-04_task-imagery_run-01_eeg.edf	test_exploratory	unresolved	anonymized_actual_date_unresolved
sub-6	04	01	sub-6/ses-04/run-01/tsv-row-28	28	rest	1	192.148	5.0	48037	49287	sub-6/ses-04/eeg/sub-6_ses-04_task-imagery_run-01_eeg.edf	test_exploratory	unresolved	anonymized_actual_date_unresolved
sub-6	04	01	sub-6/ses-04/run-01/tsv-row-29	29	right_hand	2	199.004	5.0	49751	51001	sub-6/ses-04/eeg/sub-6_ses-04_task-imagery_run-01_eeg.edf	test_exploratory	unresolved	anonymized_actual_date_unresolved
sub-6	04	01	sub-6/ses-04/run-01/tsv-row-30	30	rest	1	205.936	5.0	51484	52734	sub-6/ses-04/eeg/sub-6_ses-04_task-imagery_run-01_eeg.edf	test_exploratory	unresolved	anonymized_actual_date_unresolved
sub-6	04	01	sub-6/ses-04/run-01/tsv-row-31	31	right_hand	2	212.788	5.0	53197	54447	sub-6/ses-04/eeg/sub-6_ses-04_task-imagery_run-01_eeg.edf	test_exploratory	unresolved	anonymized_actual_date_unresolved
sub-6	04	01	sub-6/ses-04/run-01/tsv-row-32	32	rest	1	219.696	5.0	54924	56174	sub-6/ses-04/eeg/sub-6_ses-04_task-imagery_run-01_eeg.edf	test_exploratory	unresolved	anonymized_actual_date_unresolved
sub-6	04	02	sub-6/ses-04/run-02/tsv-row-1	1	right_hand	2	5.5	5.0	1375	2625	sub-6/ses-04/eeg/sub-6_ses-04_task-imagery_run-02_eeg.edf	test_exploratory	unresolved	anonymized_actual_date_unresolved
sub-6	04	02	sub-6/ses-04/run-02/tsv-row-2	2	rest	1	12.42	5.0	3105	4355	sub-6/ses-04/eeg/sub-6_ses-04_task-imagery_run-02_eeg.edf	test_exploratory	unresolved	anonymized_actual_date_unresolved
sub-6	04	02	sub-6/ses-04/run-02/tsv-row-3	3	rest	1	19.312	5.0	4828	6078	sub-6/ses-04/eeg/sub-6_ses-04_task-imagery_run-02_eeg.edf	test_exploratory	unresolved	anonymized_actual_date_unresolved
sub-6	04	02	sub-6/ses-04/run-02/tsv-row-4	4	right_hand	2	26.168	5.0	6542	7792	sub-6/ses-04/eeg/sub-6_ses-04_task-imagery_run-02_eeg.edf	test_exploratory	unresolved	anonymized_actual_date_unresolved
sub-6	04	02	sub-6/ses-04/run-02/tsv-row-5	5	right_hand	2	33.06	5.0	8265	9515	sub-6/ses-04/eeg/sub-6_ses-04_task-imagery_run-02_eeg.edf	test_exploratory	unresolved	anonymized_actual_date_unresolved
sub-6	04	02	sub-6/ses-04/run-02/tsv-row-6	6	rest	1	39.968	5.0	9992	11242	sub-6/ses-04/eeg/sub-6_ses-04_task-imagery_run-02_eeg.edf	test_exploratory	unresolved	anonymized_actual_date_unresolved
sub-6	04	02	sub-6/ses-04/run-02/tsv-row-7	7	rest	1	46.856	5.0	11714	12964	sub-6/ses-04/eeg/sub-6_ses-04_task-imagery_run-02_eeg.edf	test_exploratory	unresolved	anonymized_actual_date_unresolved
sub-6	04	02	sub-6/ses-04/run-02/tsv-row-8	8	right_hand	2	53.728	5.0	13432	14682	sub-6/ses-04/eeg/sub-6_ses-04_task-imagery_run-02_eeg.edf	test_exploratory	unresolved	anonymized_actual_date_unresolved
sub-6	04	02	sub-6/ses-04/run-02/tsv-row-9	9	right_hand	2	60.608	5.0	15152	16402	sub-6/ses-04/eeg/sub-6_ses-04_task-imagery_run-02_eeg.edf	test_exploratory	unresolved	anonymized_actual_date_unresolved
sub-6	04	02	sub-6/ses-04/run-02/tsv-row-10	10	rest	1	67.516	5.0	16879	18129	sub-6/ses-04/eeg/sub-6_ses-04_task-imagery_run-02_eeg.edf	test_exploratory	unresolved	anonymized_actual_date_unresolved
sub-6	04	02	sub-6/ses-04/run-02/tsv-row-11	11	rest	1	74.408	5.0	18602	19852	sub-6/ses-04/eeg/sub-6_ses-04_task-imagery_run-02_eeg.edf	test_exploratory	unresolved	anonymized_actual_date_unresolved
sub-6	04	02	sub-6/ses-04/run-02/tsv-row-12	12	right_hand	2	81.276	5.0	20319	21569	sub-6/ses-04/eeg/sub-6_ses-04_task-imagery_run-02_eeg.edf	test_exploratory	unresolved	anonymized_actual_date_unresolved
sub-6	04	02	sub-6/ses-04/run-02/tsv-row-13	13	right_hand	2	88.16	5.0	22040	23290	sub-6/ses-04/eeg/sub-6_ses-04_task-imagery_run-02_eeg.edf	test_exploratory	unresolved	anonymized_actual_date_unresolved
sub-6	04	02	sub-6/ses-04/run-02/tsv-row-14	14	rest	1	95.08	5.0	23770	25020	sub-6/ses-04/eeg/sub-6_ses-04_task-imagery_run-02_eeg.edf	test_exploratory	unresolved	anonymized_actual_date_unresolved
sub-6	04	02	sub-6/ses-04/run-02/tsv-row-15	15	rest	1	101.96	5.0	25490	26740	sub-6/ses-04/eeg/sub-6_ses-04_task-imagery_run-02_eeg.edf	test_exploratory	unresolved	anonymized_actual_date_unresolved
sub-6	04	02	sub-6/ses-04/run-02/tsv-row-16	16	right_hand	2	108.824	5.0	27206	28456	sub-6/ses-04/eeg/sub-6_ses-04_task-imagery_run-02_eeg.edf	test_exploratory	unresolved	anonymized_actual_date_unresolved
sub-6	04	02	sub-6/ses-04/run-02/tsv-row-17	17	rest	1	115.748	5.0	28937	30187	sub-6/ses-04/eeg/sub-6_ses-04_task-imagery_run-02_eeg.edf	test_exploratory	unresolved	anonymized_actual_date_unresolved
sub-6	04	02	sub-6/ses-04/run-02/tsv-row-18	18	right_hand	2	122.6	5.0	30650	31900	sub-6/ses-04/eeg/sub-6_ses-04_task-imagery_run-02_eeg.edf	test_exploratory	unresolved	anonymized_actual_date_unresolved
sub-6	04	02	sub-6/ses-04/run-02/tsv-row-19	19	rest	1	129.508	5.0	32377	33627	sub-6/ses-04/eeg/sub-6_ses-04_task-imagery_run-02_eeg.edf	test_exploratory	unresolved	anonymized_actual_date_unresolved
sub-6	04	02	sub-6/ses-04/run-02/tsv-row-20	20	right_hand	2	136.392	5.0	34098	35348	sub-6/ses-04/eeg/sub-6_ses-04_task-imagery_run-02_eeg.edf	test_exploratory	unresolved	anonymized_actual_date_unresolved
sub-6	04	02	sub-6/ses-04/run-02/tsv-row-21	21	rest	1	143.292	5.0	35823	37073	sub-6/ses-04/eeg/sub-6_ses-04_task-imagery_run-02_eeg.edf	test_exploratory	unresolved	anonymized_actual_date_unresolved
sub-6	04	02	sub-6/ses-04/run-02/tsv-row-22	22	right_hand	2	150.148	5.0	37537	38787	sub-6/ses-04/eeg/sub-6_ses-04_task-imagery_run-02_eeg.edf	test_exploratory	unresolved	anonymized_actual_date_unresolved
sub-6	04	02	sub-6/ses-04/run-02/tsv-row-23	23	rest	1	157.064	5.0	39266	40516	sub-6/ses-04/eeg/sub-6_ses-04_task-imagery_run-02_eeg.edf	test_exploratory	unresolved	anonymized_actual_date_unresolved
sub-6	04	02	sub-6/ses-04/run-02/tsv-row-24	24	right_hand	2	163.936	5.0	40984	42234	sub-6/ses-04/eeg/sub-6_ses-04_task-imagery_run-02_eeg.edf	test_exploratory	unresolved	anonymized_actual_date_unresolved
sub-6	04	02	sub-6/ses-04/run-02/tsv-row-25	25	rest	1	170.84	5.0	42710	43960	sub-6/ses-04/eeg/sub-6_ses-04_task-imagery_run-02_eeg.edf	test_exploratory	unresolved	anonymized_actual_date_unresolved
sub-6	04	02	sub-6/ses-04/run-02/tsv-row-26	26	right_hand	2	177.7	5.0	44425	45675	sub-6/ses-04/eeg/sub-6_ses-04_task-imagery_run-02_eeg.edf	test_exploratory	unresolved	anonymized_actual_date_unresolved
sub-6	04	02	sub-6/ses-04/run-02/tsv-row-27	27	right_hand	2	184.592	5.0	46148	47398	sub-6/ses-04/eeg/sub-6_ses-04_task-imagery_run-02_eeg.edf	test_exploratory	unresolved	anonymized_actual_date_unresolved
sub-6	04	02	sub-6/ses-04/run-02/tsv-row-28	28	rest	1	191.508	5.0	47877	49127	sub-6/ses-04/eeg/sub-6_ses-04_task-imagery_run-02_eeg.edf	test_exploratory	unresolved	anonymized_actual_date_unresolved
sub-6	04	02	sub-6/ses-04/run-02/tsv-row-29	29	rest	1	198.392	5.0	49598	50848	sub-6/ses-04/eeg/sub-6_ses-04_task-imagery_run-02_eeg.edf	test_exploratory	unresolved	anonymized_actual_date_unresolved
sub-6	04	02	sub-6/ses-04/run-02/tsv-row-30	30	right_hand	2	205.264	5.0	51316	52566	sub-6/ses-04/eeg/sub-6_ses-04_task-imagery_run-02_eeg.edf	test_exploratory	unresolved	anonymized_actual_date_unresolved
sub-6	04	02	sub-6/ses-04/run-02/tsv-row-31	31	right_hand	2	212.144	5.0	53036	54286	sub-6/ses-04/eeg/sub-6_ses-04_task-imagery_run-02_eeg.edf	test_exploratory	unresolved	anonymized_actual_date_unresolved
sub-6	04	02	sub-6/ses-04/run-02/tsv-row-32	32	rest	1	219.056	5.0	54764	56014	sub-6/ses-04/eeg/sub-6_ses-04_task-imagery_run-02_eeg.edf	test_exploratory	unresolved	anonymized_actual_date_unresolved
sub-6	04	03	sub-6/ses-04/run-03/tsv-row-1	1	right_hand	2	5.284	5.0	1321	2571	sub-6/ses-04/eeg/sub-6_ses-04_task-imagery_run-03_eeg.edf	test_exploratory	unresolved	anonymized_actual_date_unresolved
sub-6	04	03	sub-6/ses-04/run-03/tsv-row-2	2	rest	1	12.196	5.0	3049	4299	sub-6/ses-04/eeg/sub-6_ses-04_task-imagery_run-03_eeg.edf	test_exploratory	unresolved	anonymized_actual_date_unresolved
sub-6	04	03	sub-6/ses-04/run-03/tsv-row-3	3	rest	1	19.076	5.0	4769	6019	sub-6/ses-04/eeg/sub-6_ses-04_task-imagery_run-03_eeg.edf	test_exploratory	unresolved	anonymized_actual_date_unresolved
sub-6	04	03	sub-6/ses-04/run-03/tsv-row-4	4	right_hand	2	25.952	5.0	6488	7738	sub-6/ses-04/eeg/sub-6_ses-04_task-imagery_run-03_eeg.edf	test_exploratory	unresolved	anonymized_actual_date_unresolved
sub-6	04	03	sub-6/ses-04/run-03/tsv-row-5	5	rest	1	32.852	5.0	8213	9463	sub-6/ses-04/eeg/sub-6_ses-04_task-imagery_run-03_eeg.edf	test_exploratory	unresolved	anonymized_actual_date_unresolved
sub-6	04	03	sub-6/ses-04/run-03/tsv-row-6	6	right_hand	2	39.72	5.0	9930	11180	sub-6/ses-04/eeg/sub-6_ses-04_task-imagery_run-03_eeg.edf	test_exploratory	unresolved	anonymized_actual_date_unresolved
sub-6	04	03	sub-6/ses-04/run-03/tsv-row-7	7	right_hand	2	46.62	5.0	11655	12905	sub-6/ses-04/eeg/sub-6_ses-04_task-imagery_run-03_eeg.edf	test_exploratory	unresolved	anonymized_actual_date_unresolved
sub-6	04	03	sub-6/ses-04/run-03/tsv-row-8	8	rest	1	53.52	5.0	13380	14630	sub-6/ses-04/eeg/sub-6_ses-04_task-imagery_run-03_eeg.edf	test_exploratory	unresolved	anonymized_actual_date_unresolved
sub-6	04	03	sub-6/ses-04/run-03/tsv-row-9	9	right_hand	2	60.38	5.0	15095	16345	sub-6/ses-04/eeg/sub-6_ses-04_task-imagery_run-03_eeg.edf	test_exploratory	unresolved	anonymized_actual_date_unresolved
sub-6	04	03	sub-6/ses-04/run-03/tsv-row-10	10	rest	1	67.3	5.0	16825	18075	sub-6/ses-04/eeg/sub-6_ses-04_task-imagery_run-03_eeg.edf	test_exploratory	unresolved	anonymized_actual_date_unresolved
sub-6	04	03	sub-6/ses-04/run-03/tsv-row-11	11	right_hand	2	74.164	5.0	18541	19791	sub-6/ses-04/eeg/sub-6_ses-04_task-imagery_run-03_eeg.edf	test_exploratory	unresolved	anonymized_actual_date_unresolved
sub-6	04	03	sub-6/ses-04/run-03/tsv-row-12	12	rest	1	81.072	5.0	20268	21518	sub-6/ses-04/eeg/sub-6_ses-04_task-imagery_run-03_eeg.edf	test_exploratory	unresolved	anonymized_actual_date_unresolved
sub-6	04	03	sub-6/ses-04/run-03/tsv-row-13	13	right_hand	2	87.944	5.0	21986	23236	sub-6/ses-04/eeg/sub-6_ses-04_task-imagery_run-03_eeg.edf	test_exploratory	unresolved	anonymized_actual_date_unresolved
sub-6	04	03	sub-6/ses-04/run-03/tsv-row-14	14	rest	1	94.848	5.0	23712	24962	sub-6/ses-04/eeg/sub-6_ses-04_task-imagery_run-03_eeg.edf	test_exploratory	unresolved	anonymized_actual_date_unresolved
sub-6	04	03	sub-6/ses-04/run-03/tsv-row-15	15	rest	1	101.736	5.0	25434	26684	sub-6/ses-04/eeg/sub-6_ses-04_task-imagery_run-03_eeg.edf	test_exploratory	unresolved	anonymized_actual_date_unresolved
sub-6	04	03	sub-6/ses-04/run-03/tsv-row-16	16	right_hand	2	108.612	5.0	27153	28403	sub-6/ses-04/eeg/sub-6_ses-04_task-imagery_run-03_eeg.edf	test_exploratory	unresolved	anonymized_actual_date_unresolved
sub-6	04	03	sub-6/ses-04/run-03/tsv-row-17	17	rest	1	115.516	5.0	28879	30129	sub-6/ses-04/eeg/sub-6_ses-04_task-imagery_run-03_eeg.edf	test_exploratory	unresolved	anonymized_actual_date_unresolved
sub-6	04	03	sub-6/ses-04/run-03/tsv-row-18	18	right_hand	2	122.372	5.0	30593	31843	sub-6/ses-04/eeg/sub-6_ses-04_task-imagery_run-03_eeg.edf	test_exploratory	unresolved	anonymized_actual_date_unresolved
sub-6	04	03	sub-6/ses-04/run-03/tsv-row-19	19	rest	1	129.3	5.0	32325	33575	sub-6/ses-04/eeg/sub-6_ses-04_task-imagery_run-03_eeg.edf	test_exploratory	unresolved	anonymized_actual_date_unresolved
sub-6	04	03	sub-6/ses-04/run-03/tsv-row-20	20	right_hand	2	136.16	5.0	34040	35290	sub-6/ses-04/eeg/sub-6_ses-04_task-imagery_run-03_eeg.edf	test_exploratory	unresolved	anonymized_actual_date_unresolved
sub-6	04	03	sub-6/ses-04/run-03/tsv-row-21	21	right_hand	2	143.036	5.0	35759	37009	sub-6/ses-04/eeg/sub-6_ses-04_task-imagery_run-03_eeg.edf	test_exploratory	unresolved	anonymized_actual_date_unresolved
sub-6	04	03	sub-6/ses-04/run-03/tsv-row-22	22	rest	1	149.944	5.0	37486	38736	sub-6/ses-04/eeg/sub-6_ses-04_task-imagery_run-03_eeg.edf	test_exploratory	unresolved	anonymized_actual_date_unresolved
sub-6	04	03	sub-6/ses-04/run-03/tsv-row-23	23	rest	1	156.852	5.0	39213	40463	sub-6/ses-04/eeg/sub-6_ses-04_task-imagery_run-03_eeg.edf	test_exploratory	unresolved	anonymized_actual_date_unresolved
sub-6	04	03	sub-6/ses-04/run-03/tsv-row-24	24	right_hand	2	163.704	5.0	40926	42176	sub-6/ses-04/eeg/sub-6_ses-04_task-imagery_run-03_eeg.edf	test_exploratory	unresolved	anonymized_actual_date_unresolved
sub-6	04	03	sub-6/ses-04/run-03/tsv-row-25	25	rest	1	170.612	5.0	42653	43903	sub-6/ses-04/eeg/sub-6_ses-04_task-imagery_run-03_eeg.edf	test_exploratory	unresolved	anonymized_actual_date_unresolved
sub-6	04	03	sub-6/ses-04/run-03/tsv-row-26	26	right_hand	2	177.484	5.0	44371	45621	sub-6/ses-04/eeg/sub-6_ses-04_task-imagery_run-03_eeg.edf	test_exploratory	unresolved	anonymized_actual_date_unresolved
sub-6	04	03	sub-6/ses-04/run-03/tsv-row-27	27	rest	1	184.392	5.0	46098	47348	sub-6/ses-04/eeg/sub-6_ses-04_task-imagery_run-03_eeg.edf	test_exploratory	unresolved	anonymized_actual_date_unresolved
sub-6	04	03	sub-6/ses-04/run-03/tsv-row-28	28	right_hand	2	191.252	5.0	47813	49063	sub-6/ses-04/eeg/sub-6_ses-04_task-imagery_run-03_eeg.edf	test_exploratory	unresolved	anonymized_actual_date_unresolved
sub-6	04	03	sub-6/ses-04/run-03/tsv-row-29	29	right_hand	2	198.152	5.0	49538	50788	sub-6/ses-04/eeg/sub-6_ses-04_task-imagery_run-03_eeg.edf	test_exploratory	unresolved	anonymized_actual_date_unresolved
sub-6	04	03	sub-6/ses-04/run-03/tsv-row-30	30	rest	1	205.056	5.0	51264	52514	sub-6/ses-04/eeg/sub-6_ses-04_task-imagery_run-03_eeg.edf	test_exploratory	unresolved	anonymized_actual_date_unresolved
sub-6	04	03	sub-6/ses-04/run-03/tsv-row-31	31	rest	1	211.944	5.0	52986	54236	sub-6/ses-04/eeg/sub-6_ses-04_task-imagery_run-03_eeg.edf	test_exploratory	unresolved	anonymized_actual_date_unresolved
sub-6	04	03	sub-6/ses-04/run-03/tsv-row-32	32	right_hand	2	218.82	5.0	54705	55955	sub-6/ses-04/eeg/sub-6_ses-04_task-imagery_run-03_eeg.edf	test_exploratory	unresolved	anonymized_actual_date_unresolved
sub-6	04	04	sub-6/ses-04/run-04/tsv-row-1	1	right_hand	2	4.972	5.0	1243	2493	sub-6/ses-04/eeg/sub-6_ses-04_task-imagery_run-04_eeg.edf	test_exploratory	unresolved	anonymized_actual_date_unresolved
sub-6	04	04	sub-6/ses-04/run-04/tsv-row-2	2	rest	1	11.888	5.0	2972	4222	sub-6/ses-04/eeg/sub-6_ses-04_task-imagery_run-04_eeg.edf	test_exploratory	unresolved	anonymized_actual_date_unresolved
sub-6	04	04	sub-6/ses-04/run-04/tsv-row-3	3	right_hand	2	18.744	5.0	4686	5936	sub-6/ses-04/eeg/sub-6_ses-04_task-imagery_run-04_eeg.edf	test_exploratory	unresolved	anonymized_actual_date_unresolved
sub-6	04	04	sub-6/ses-04/run-04/tsv-row-4	4	rest	1	25.668	5.0	6417	7667	sub-6/ses-04/eeg/sub-6_ses-04_task-imagery_run-04_eeg.edf	test_exploratory	unresolved	anonymized_actual_date_unresolved
sub-6	04	04	sub-6/ses-04/run-04/tsv-row-5	5	right_hand	2	32.52	5.0	8130	9380	sub-6/ses-04/eeg/sub-6_ses-04_task-imagery_run-04_eeg.edf	test_exploratory	unresolved	anonymized_actual_date_unresolved
sub-6	04	04	sub-6/ses-04/run-04/tsv-row-6	6	rest	1	39.436	5.0	9859	11109	sub-6/ses-04/eeg/sub-6_ses-04_task-imagery_run-04_eeg.edf	test_exploratory	unresolved	anonymized_actual_date_unresolved
sub-6	04	04	sub-6/ses-04/run-04/tsv-row-7	7	rest	1	46.336	5.0	11584	12834	sub-6/ses-04/eeg/sub-6_ses-04_task-imagery_run-04_eeg.edf	test_exploratory	unresolved	anonymized_actual_date_unresolved
sub-6	04	04	sub-6/ses-04/run-04/tsv-row-8	8	right_hand	2	53.188	5.0	13297	14547	sub-6/ses-04/eeg/sub-6_ses-04_task-imagery_run-04_eeg.edf	test_exploratory	unresolved	anonymized_actual_date_unresolved
sub-6	04	04	sub-6/ses-04/run-04/tsv-row-9	9	right_hand	2	60.068	5.0	15017	16267	sub-6/ses-04/eeg/sub-6_ses-04_task-imagery_run-04_eeg.edf	test_exploratory	unresolved	anonymized_actual_date_unresolved
sub-6	04	04	sub-6/ses-04/run-04/tsv-row-10	10	rest	1	67.0	5.0	16750	18000	sub-6/ses-04/eeg/sub-6_ses-04_task-imagery_run-04_eeg.edf	test_exploratory	unresolved	anonymized_actual_date_unresolved
sub-6	04	04	sub-6/ses-04/run-04/tsv-row-11	11	rest	1	73.876	5.0	18469	19719	sub-6/ses-04/eeg/sub-6_ses-04_task-imagery_run-04_eeg.edf	test_exploratory	unresolved	anonymized_actual_date_unresolved
sub-6	04	04	sub-6/ses-04/run-04/tsv-row-12	12	right_hand	2	80.736	5.0	20184	21434	sub-6/ses-04/eeg/sub-6_ses-04_task-imagery_run-04_eeg.edf	test_exploratory	unresolved	anonymized_actual_date_unresolved
sub-6	04	04	sub-6/ses-04/run-04/tsv-row-13	13	rest	1	87.656	5.0	21914	23164	sub-6/ses-04/eeg/sub-6_ses-04_task-imagery_run-04_eeg.edf	test_exploratory	unresolved	anonymized_actual_date_unresolved
sub-6	04	04	sub-6/ses-04/run-04/tsv-row-14	14	right_hand	2	94.52	5.0	23630	24880	sub-6/ses-04/eeg/sub-6_ses-04_task-imagery_run-04_eeg.edf	test_exploratory	unresolved	anonymized_actual_date_unresolved
sub-6	04	04	sub-6/ses-04/run-04/tsv-row-15	15	rest	1	101.428	5.0	25357	26607	sub-6/ses-04/eeg/sub-6_ses-04_task-imagery_run-04_eeg.edf	test_exploratory	unresolved	anonymized_actual_date_unresolved
sub-6	04	04	sub-6/ses-04/run-04/tsv-row-16	16	right_hand	2	108.3	5.0	27075	28325	sub-6/ses-04/eeg/sub-6_ses-04_task-imagery_run-04_eeg.edf	test_exploratory	unresolved	anonymized_actual_date_unresolved
sub-6	04	04	sub-6/ses-04/run-04/tsv-row-17	17	rest	1	115.208	5.0	28802	30052	sub-6/ses-04/eeg/sub-6_ses-04_task-imagery_run-04_eeg.edf	test_exploratory	unresolved	anonymized_actual_date_unresolved
sub-6	04	04	sub-6/ses-04/run-04/tsv-row-18	18	right_hand	2	122.068	5.0	30517	31767	sub-6/ses-04/eeg/sub-6_ses-04_task-imagery_run-04_eeg.edf	test_exploratory	unresolved	anonymized_actual_date_unresolved
sub-6	04	04	sub-6/ses-04/run-04/tsv-row-19	19	rest	1	128.992	5.0	32248	33498	sub-6/ses-04/eeg/sub-6_ses-04_task-imagery_run-04_eeg.edf	test_exploratory	unresolved	anonymized_actual_date_unresolved
sub-6	04	04	sub-6/ses-04/run-04/tsv-row-20	20	right_hand	2	135.848	5.0	33962	35212	sub-6/ses-04/eeg/sub-6_ses-04_task-imagery_run-04_eeg.edf	test_exploratory	unresolved	anonymized_actual_date_unresolved
sub-6	04	04	sub-6/ses-04/run-04/tsv-row-21	21	right_hand	2	142.728	5.0	35682	36932	sub-6/ses-04/eeg/sub-6_ses-04_task-imagery_run-04_eeg.edf	test_exploratory	unresolved	anonymized_actual_date_unresolved
sub-6	04	04	sub-6/ses-04/run-04/tsv-row-22	22	rest	1	149.652	5.0	37413	38663	sub-6/ses-04/eeg/sub-6_ses-04_task-imagery_run-04_eeg.edf	test_exploratory	unresolved	anonymized_actual_date_unresolved
sub-6	04	04	sub-6/ses-04/run-04/tsv-row-23	23	rest	1	156.54	5.0	39135	40385	sub-6/ses-04/eeg/sub-6_ses-04_task-imagery_run-04_eeg.edf	test_exploratory	unresolved	anonymized_actual_date_unresolved
sub-6	04	04	sub-6/ses-04/run-04/tsv-row-24	24	right_hand	2	163.396	5.0	40849	42099	sub-6/ses-04/eeg/sub-6_ses-04_task-imagery_run-04_eeg.edf	test_exploratory	unresolved	anonymized_actual_date_unresolved
sub-6	04	04	sub-6/ses-04/run-04/tsv-row-25	25	right_hand	2	170.292	5.0	42573	43823	sub-6/ses-04/eeg/sub-6_ses-04_task-imagery_run-04_eeg.edf	test_exploratory	unresolved	anonymized_actual_date_unresolved
sub-6	04	04	sub-6/ses-04/run-04/tsv-row-26	26	rest	1	177.2	5.0	44300	45550	sub-6/ses-04/eeg/sub-6_ses-04_task-imagery_run-04_eeg.edf	test_exploratory	unresolved	anonymized_actual_date_unresolved
sub-6	04	04	sub-6/ses-04/run-04/tsv-row-27	27	right_hand	2	184.06	5.0	46015	47265	sub-6/ses-04/eeg/sub-6_ses-04_task-imagery_run-04_eeg.edf	test_exploratory	unresolved	anonymized_actual_date_unresolved
sub-6	04	04	sub-6/ses-04/run-04/tsv-row-28	28	rest	1	190.968	5.0	47742	48992	sub-6/ses-04/eeg/sub-6_ses-04_task-imagery_run-04_eeg.edf	test_exploratory	unresolved	anonymized_actual_date_unresolved
sub-6	04	04	sub-6/ses-04/run-04/tsv-row-29	29	right_hand	2	197.84	5.0	49460	50710	sub-6/ses-04/eeg/sub-6_ses-04_task-imagery_run-04_eeg.edf	test_exploratory	unresolved	anonymized_actual_date_unresolved
sub-6	04	04	sub-6/ses-04/run-04/tsv-row-30	30	rest	1	204.744	5.0	51186	52436	sub-6/ses-04/eeg/sub-6_ses-04_task-imagery_run-04_eeg.edf	test_exploratory	unresolved	anonymized_actual_date_unresolved
sub-6	04	04	sub-6/ses-04/run-04/tsv-row-31	31	rest	1	211.636	5.0	52909	54159	sub-6/ses-04/eeg/sub-6_ses-04_task-imagery_run-04_eeg.edf	test_exploratory	unresolved	anonymized_actual_date_unresolved
sub-6	04	04	sub-6/ses-04/run-04/tsv-row-32	32	right_hand	2	218.508	5.0	54627	55877	sub-6/ses-04/eeg/sub-6_ses-04_task-imagery_run-04_eeg.edf	test_exploratory	unresolved	anonymized_actual_date_unresolved
sub-6	04	05	sub-6/ses-04/run-05/tsv-row-1	1	right_hand	2	5.404	5.0	1351	2601	sub-6/ses-04/eeg/sub-6_ses-04_task-imagery_run-05_eeg.edf	test_exploratory	unresolved	anonymized_actual_date_unresolved
sub-6	04	05	sub-6/ses-04/run-05/tsv-row-2	2	rest	1	12.308	5.0	3077	4327	sub-6/ses-04/eeg/sub-6_ses-04_task-imagery_run-05_eeg.edf	test_exploratory	unresolved	anonymized_actual_date_unresolved
sub-6	04	05	sub-6/ses-04/run-05/tsv-row-3	3	rest	1	19.184	5.0	4796	6046	sub-6/ses-04/eeg/sub-6_ses-04_task-imagery_run-05_eeg.edf	test_exploratory	unresolved	anonymized_actual_date_unresolved
sub-6	04	05	sub-6/ses-04/run-05/tsv-row-4	4	right_hand	2	26.06	5.0	6515	7765	sub-6/ses-04/eeg/sub-6_ses-04_task-imagery_run-05_eeg.edf	test_exploratory	unresolved	anonymized_actual_date_unresolved
sub-6	04	05	sub-6/ses-04/run-05/tsv-row-5	5	right_hand	2	32.948	5.0	8237	9487	sub-6/ses-04/eeg/sub-6_ses-04_task-imagery_run-05_eeg.edf	test_exploratory	unresolved	anonymized_actual_date_unresolved
sub-6	04	05	sub-6/ses-04/run-05/tsv-row-6	6	rest	1	39.852	5.0	9963	11213	sub-6/ses-04/eeg/sub-6_ses-04_task-imagery_run-05_eeg.edf	test_exploratory	unresolved	anonymized_actual_date_unresolved
sub-6	04	05	sub-6/ses-04/run-05/tsv-row-7	7	right_hand	2	46.728	5.0	11682	12932	sub-6/ses-04/eeg/sub-6_ses-04_task-imagery_run-05_eeg.edf	test_exploratory	unresolved	anonymized_actual_date_unresolved
sub-6	04	05	sub-6/ses-04/run-05/tsv-row-8	8	rest	1	53.628	5.0	13407	14657	sub-6/ses-04/eeg/sub-6_ses-04_task-imagery_run-05_eeg.edf	test_exploratory	unresolved	anonymized_actual_date_unresolved
sub-6	04	05	sub-6/ses-04/run-05/tsv-row-9	9	right_hand	2	60.496	5.0	15124	16374	sub-6/ses-04/eeg/sub-6_ses-04_task-imagery_run-05_eeg.edf	test_exploratory	unresolved	anonymized_actual_date_unresolved
sub-6	04	05	sub-6/ses-04/run-05/tsv-row-10	10	rest	1	67.42	5.0	16855	18105	sub-6/ses-04/eeg/sub-6_ses-04_task-imagery_run-05_eeg.edf	test_exploratory	unresolved	anonymized_actual_date_unresolved
sub-6	04	05	sub-6/ses-04/run-05/tsv-row-11	11	right_hand	2	74.272	5.0	18568	19818	sub-6/ses-04/eeg/sub-6_ses-04_task-imagery_run-05_eeg.edf	test_exploratory	unresolved	anonymized_actual_date_unresolved
sub-6	04	05	sub-6/ses-04/run-05/tsv-row-12	12	rest	1	81.18	5.0	20295	21545	sub-6/ses-04/eeg/sub-6_ses-04_task-imagery_run-05_eeg.edf	test_exploratory	unresolved	anonymized_actual_date_unresolved
sub-6	04	05	sub-6/ses-04/run-05/tsv-row-13	13	right_hand	2	88.06	5.0	22015	23265	sub-6/ses-04/eeg/sub-6_ses-04_task-imagery_run-05_eeg.edf	test_exploratory	unresolved	anonymized_actual_date_unresolved
sub-6	04	05	sub-6/ses-04/run-05/tsv-row-14	14	rest	1	94.964	5.0	23741	24991	sub-6/ses-04/eeg/sub-6_ses-04_task-imagery_run-05_eeg.edf	test_exploratory	unresolved	anonymized_actual_date_unresolved
sub-6	04	05	sub-6/ses-04/run-05/tsv-row-15	15	rest	1	101.848	5.0	25462	26712	sub-6/ses-04/eeg/sub-6_ses-04_task-imagery_run-05_eeg.edf	test_exploratory	unresolved	anonymized_actual_date_unresolved
sub-6	04	05	sub-6/ses-04/run-05/tsv-row-16	16	right_hand	2	108.72	5.0	27180	28430	sub-6/ses-04/eeg/sub-6_ses-04_task-imagery_run-05_eeg.edf	test_exploratory	unresolved	anonymized_actual_date_unresolved
sub-6	04	05	sub-6/ses-04/run-05/tsv-row-17	17	right_hand	2	115.608	5.0	28902	30152	sub-6/ses-04/eeg/sub-6_ses-04_task-imagery_run-05_eeg.edf	test_exploratory	unresolved	anonymized_actual_date_unresolved
sub-6	04	05	sub-6/ses-04/run-05/tsv-row-18	18	rest	1	122.512	5.0	30628	31878	sub-6/ses-04/eeg/sub-6_ses-04_task-imagery_run-05_eeg.edf	test_exploratory	unresolved	anonymized_actual_date_unresolved
sub-6	04	05	sub-6/ses-04/run-05/tsv-row-19	19	right_hand	2	129.388	5.0	32347	33597	sub-6/ses-04/eeg/sub-6_ses-04_task-imagery_run-05_eeg.edf	test_exploratory	unresolved	anonymized_actual_date_unresolved
sub-6	04	05	sub-6/ses-04/run-05/tsv-row-20	20	rest	1	136.292	5.0	34073	35323	sub-6/ses-04/eeg/sub-6_ses-04_task-imagery_run-05_eeg.edf	test_exploratory	unresolved	anonymized_actual_date_unresolved
sub-6	04	05	sub-6/ses-04/run-05/tsv-row-21	21	right_hand	2	143.152	5.0	35788	37038	sub-6/ses-04/eeg/sub-6_ses-04_task-imagery_run-05_eeg.edf	test_exploratory	unresolved	anonymized_actual_date_unresolved
sub-6	04	05	sub-6/ses-04/run-05/tsv-row-22	22	rest	1	150.06	5.0	37515	38765	sub-6/ses-04/eeg/sub-6_ses-04_task-imagery_run-05_eeg.edf	test_exploratory	unresolved	anonymized_actual_date_unresolved
sub-6	04	05	sub-6/ses-04/run-05/tsv-row-23	23	right_hand	2	156.936	5.0	39234	40484	sub-6/ses-04/eeg/sub-6_ses-04_task-imagery_run-05_eeg.edf	test_exploratory	unresolved	anonymized_actual_date_unresolved
sub-6	04	05	sub-6/ses-04/run-05/tsv-row-24	24	rest	1	163.836	5.0	40959	42209	sub-6/ses-04/eeg/sub-6_ses-04_task-imagery_run-05_eeg.edf	test_exploratory	unresolved	anonymized_actual_date_unresolved
sub-6	04	05	sub-6/ses-04/run-05/tsv-row-25	25	right_hand	2	170.704	5.0	42676	43926	sub-6/ses-04/eeg/sub-6_ses-04_task-imagery_run-05_eeg.edf	test_exploratory	unresolved	anonymized_actual_date_unresolved
sub-6	04	05	sub-6/ses-04/run-05/tsv-row-26	26	rest	1	177.628	5.0	44407	45657	sub-6/ses-04/eeg/sub-6_ses-04_task-imagery_run-05_eeg.edf	test_exploratory	unresolved	anonymized_actual_date_unresolved
sub-6	04	05	sub-6/ses-04/run-05/tsv-row-27	27	rest	1	184.504	5.0	46126	47376	sub-6/ses-04/eeg/sub-6_ses-04_task-imagery_run-05_eeg.edf	test_exploratory	unresolved	anonymized_actual_date_unresolved
sub-6	04	05	sub-6/ses-04/run-05/tsv-row-28	28	right_hand	2	191.36	5.0	47840	49090	sub-6/ses-04/eeg/sub-6_ses-04_task-imagery_run-05_eeg.edf	test_exploratory	unresolved	anonymized_actual_date_unresolved
sub-6	04	05	sub-6/ses-04/run-05/tsv-row-29	29	right_hand	2	198.26	5.0	49565	50815	sub-6/ses-04/eeg/sub-6_ses-04_task-imagery_run-05_eeg.edf	test_exploratory	unresolved	anonymized_actual_date_unresolved
sub-6	04	05	sub-6/ses-04/run-05/tsv-row-30	30	rest	1	205.172	5.0	51293	52543	sub-6/ses-04/eeg/sub-6_ses-04_task-imagery_run-05_eeg.edf	test_exploratory	unresolved	anonymized_actual_date_unresolved
sub-6	04	05	sub-6/ses-04/run-05/tsv-row-31	31	right_hand	2	212.028	5.0	53007	54257	sub-6/ses-04/eeg/sub-6_ses-04_task-imagery_run-05_eeg.edf	test_exploratory	unresolved	anonymized_actual_date_unresolved
sub-6	04	05	sub-6/ses-04/run-05/tsv-row-32	32	rest	1	218.948	5.0	54737	55987	sub-6/ses-04/eeg/sub-6_ses-04_task-imagery_run-05_eeg.edf	test_exploratory	unresolved	anonymized_actual_date_unresolved
sub-6	04	06	sub-6/ses-04/run-06/tsv-row-1	1	rest	1	5.732	5.0	1433	2683	sub-6/ses-04/eeg/sub-6_ses-04_task-imagery_run-06_eeg.edf	test_exploratory	unresolved	anonymized_actual_date_unresolved
sub-6	04	06	sub-6/ses-04/run-06/tsv-row-2	2	right_hand	2	12.588	5.0	3147	4397	sub-6/ses-04/eeg/sub-6_ses-04_task-imagery_run-06_eeg.edf	test_exploratory	unresolved	anonymized_actual_date_unresolved
sub-6	04	06	sub-6/ses-04/run-06/tsv-row-3	3	rest	1	19.492	5.0	4873	6123	sub-6/ses-04/eeg/sub-6_ses-04_task-imagery_run-06_eeg.edf	test_exploratory	unresolved	anonymized_actual_date_unresolved
sub-6	04	06	sub-6/ses-04/run-06/tsv-row-4	4	right_hand	2	26.368	5.0	6592	7842	sub-6/ses-04/eeg/sub-6_ses-04_task-imagery_run-06_eeg.edf	test_exploratory	unresolved	anonymized_actual_date_unresolved
sub-6	04	06	sub-6/ses-04/run-06/tsv-row-5	5	rest	1	33.28	5.0	8320	9570	sub-6/ses-04/eeg/sub-6_ses-04_task-imagery_run-06_eeg.edf	test_exploratory	unresolved	anonymized_actual_date_unresolved
sub-6	04	06	sub-6/ses-04/run-06/tsv-row-6	6	right_hand	2	40.136	5.0	10034	11284	sub-6/ses-04/eeg/sub-6_ses-04_task-imagery_run-06_eeg.edf	test_exploratory	unresolved	anonymized_actual_date_unresolved
sub-6	04	06	sub-6/ses-04/run-06/tsv-row-7	7	rest	1	47.06	5.0	11765	13015	sub-6/ses-04/eeg/sub-6_ses-04_task-imagery_run-06_eeg.edf	test_exploratory	unresolved	anonymized_actual_date_unresolved
sub-6	04	06	sub-6/ses-04/run-06/tsv-row-8	8	right_hand	2	53.912	5.0	13478	14728	sub-6/ses-04/eeg/sub-6_ses-04_task-imagery_run-06_eeg.edf	test_exploratory	unresolved	anonymized_actual_date_unresolved
sub-6	04	06	sub-6/ses-04/run-06/tsv-row-9	9	right_hand	2	60.804	5.0	15201	16451	sub-6/ses-04/eeg/sub-6_ses-04_task-imagery_run-06_eeg.edf	test_exploratory	unresolved	anonymized_actual_date_unresolved
sub-6	04	06	sub-6/ses-04/run-06/tsv-row-10	10	rest	1	67.724	5.0	16931	18181	sub-6/ses-04/eeg/sub-6_ses-04_task-imagery_run-06_eeg.edf	test_exploratory	unresolved	anonymized_actual_date_unresolved
sub-6	04	06	sub-6/ses-04/run-06/tsv-row-11	11	rest	1	74.604	5.0	18651	19901	sub-6/ses-04/eeg/sub-6_ses-04_task-imagery_run-06_eeg.edf	test_exploratory	unresolved	anonymized_actual_date_unresolved
sub-6	04	06	sub-6/ses-04/run-06/tsv-row-12	12	right_hand	2	81.46	5.0	20365	21615	sub-6/ses-04/eeg/sub-6_ses-04_task-imagery_run-06_eeg.edf	test_exploratory	unresolved	anonymized_actual_date_unresolved
sub-6	04	06	sub-6/ses-04/run-06/tsv-row-13	13	right_hand	2	88.368	5.0	22092	23342	sub-6/ses-04/eeg/sub-6_ses-04_task-imagery_run-06_eeg.edf	test_exploratory	unresolved	anonymized_actual_date_unresolved
sub-6	04	06	sub-6/ses-04/run-06/tsv-row-14	14	rest	1	95.272	5.0	23818	25068	sub-6/ses-04/eeg/sub-6_ses-04_task-imagery_run-06_eeg.edf	test_exploratory	unresolved	anonymized_actual_date_unresolved
sub-6	04	06	sub-6/ses-04/run-06/tsv-row-15	15	rest	1	102.152	5.0	25538	26788	sub-6/ses-04/eeg/sub-6_ses-04_task-imagery_run-06_eeg.edf	test_exploratory	unresolved	anonymized_actual_date_unresolved
sub-6	04	06	sub-6/ses-04/run-06/tsv-row-16	16	right_hand	2	109.028	5.0	27257	28507	sub-6/ses-04/eeg/sub-6_ses-04_task-imagery_run-06_eeg.edf	test_exploratory	unresolved	anonymized_actual_date_unresolved
sub-6	04	06	sub-6/ses-04/run-06/tsv-row-17	17	rest	1	115.94	5.0	28985	30235	sub-6/ses-04/eeg/sub-6_ses-04_task-imagery_run-06_eeg.edf	test_exploratory	unresolved	anonymized_actual_date_unresolved
sub-6	04	06	sub-6/ses-04/run-06/tsv-row-18	18	right_hand	2	122.792	5.0	30698	31948	sub-6/ses-04/eeg/sub-6_ses-04_task-imagery_run-06_eeg.edf	test_exploratory	unresolved	anonymized_actual_date_unresolved
sub-6	04	06	sub-6/ses-04/run-06/tsv-row-19	19	rest	1	129.716	5.0	32429	33679	sub-6/ses-04/eeg/sub-6_ses-04_task-imagery_run-06_eeg.edf	test_exploratory	unresolved	anonymized_actual_date_unresolved
sub-6	04	06	sub-6/ses-04/run-06/tsv-row-20	20	right_hand	2	136.576	5.0	34144	35394	sub-6/ses-04/eeg/sub-6_ses-04_task-imagery_run-06_eeg.edf	test_exploratory	unresolved	anonymized_actual_date_unresolved
sub-6	04	06	sub-6/ses-04/run-06/tsv-row-21	21	right_hand	2	143.46	5.0	35865	37115	sub-6/ses-04/eeg/sub-6_ses-04_task-imagery_run-06_eeg.edf	test_exploratory	unresolved	anonymized_actual_date_unresolved
sub-6	04	06	sub-6/ses-04/run-06/tsv-row-22	22	rest	1	150.384	5.0	37596	38846	sub-6/ses-04/eeg/sub-6_ses-04_task-imagery_run-06_eeg.edf	test_exploratory	unresolved	anonymized_actual_date_unresolved
sub-6	04	06	sub-6/ses-04/run-06/tsv-row-23	23	right_hand	2	157.24	5.0	39310	40560	sub-6/ses-04/eeg/sub-6_ses-04_task-imagery_run-06_eeg.edf	test_exploratory	unresolved	anonymized_actual_date_unresolved
sub-6	04	06	sub-6/ses-04/run-06/tsv-row-24	24	rest	1	164.144	5.0	41036	42286	sub-6/ses-04/eeg/sub-6_ses-04_task-imagery_run-06_eeg.edf	test_exploratory	unresolved	anonymized_actual_date_unresolved
sub-6	04	06	sub-6/ses-04/run-06/tsv-row-25	25	rest	1	171.048	5.0	42762	44012	sub-6/ses-04/eeg/sub-6_ses-04_task-imagery_run-06_eeg.edf	test_exploratory	unresolved	anonymized_actual_date_unresolved
sub-6	04	06	sub-6/ses-04/run-06/tsv-row-26	26	right_hand	2	177.908	5.0	44477	45727	sub-6/ses-04/eeg/sub-6_ses-04_task-imagery_run-06_eeg.edf	test_exploratory	unresolved	anonymized_actual_date_unresolved
sub-6	04	06	sub-6/ses-04/run-06/tsv-row-27	27	rest	1	184.808	5.0	46202	47452	sub-6/ses-04/eeg/sub-6_ses-04_task-imagery_run-06_eeg.edf	test_exploratory	unresolved	anonymized_actual_date_unresolved
sub-6	04	06	sub-6/ses-04/run-06/tsv-row-28	28	right_hand	2	191.668	5.0	47917	49167	sub-6/ses-04/eeg/sub-6_ses-04_task-imagery_run-06_eeg.edf	test_exploratory	unresolved	anonymized_actual_date_unresolved
sub-6	04	06	sub-6/ses-04/run-06/tsv-row-29	29	rest	1	198.6	5.0	49650	50900	sub-6/ses-04/eeg/sub-6_ses-04_task-imagery_run-06_eeg.edf	test_exploratory	unresolved	anonymized_actual_date_unresolved
sub-6	04	06	sub-6/ses-04/run-06/tsv-row-30	30	right_hand	2	205.456	5.0	51364	52614	sub-6/ses-04/eeg/sub-6_ses-04_task-imagery_run-06_eeg.edf	test_exploratory	unresolved	anonymized_actual_date_unresolved
sub-6	04	06	sub-6/ses-04/run-06/tsv-row-31	31	right_hand	2	212.336	5.0	53084	54334	sub-6/ses-04/eeg/sub-6_ses-04_task-imagery_run-06_eeg.edf	test_exploratory	unresolved	anonymized_actual_date_unresolved
sub-6	04	06	sub-6/ses-04/run-06/tsv-row-32	32	rest	1	219.256	5.0	54814	56064	sub-6/ses-04/eeg/sub-6_ses-04_task-imagery_run-06_eeg.edf	test_exploratory	unresolved	anonymized_actual_date_unresolved
