subject	session	run	trial_id	tsv_row	label	stored_event_value	onset_s	duration_s	start_sample	stop_sample_exclusive	source_file	analysis_role	peak_to_peak_max_uv	qc_flag	mu_ROI_V2	beta_ROI_V2	mu_source_reference_ROI_V2	beta_source_reference_ROI_V2
sub-6	01	01	sub-6/ses-01/run-01/tsv-row-1	1	right_hand	2	4.776	5.0	1194	2444	sub-6/ses-01/eeg/sub-6_ses-01_task-imagery_run-01_eeg.edf	source_train	214.6801022003845	False	1.9439165469756828e-12	1.7133755597976104e-12	4.891113659324315e-12	4.388800340641185e-12
sub-6	01	01	sub-6/ses-01/run-01/tsv-row-2	2	rest	1	11.672	5.0	2918	4168	sub-6/ses-01/eeg/sub-6_ses-01_task-imagery_run-01_eeg.edf	source_train	241.7109349284341	False	1.7685501177268045e-12	1.5410757418688036e-12	6.2718258992575e-12	4.558727090378197e-12
sub-6	01	01	sub-6/ses-01/run-01/tsv-row-3	3	right_hand	2	18.556	5.0	4639	5889	sub-6/ses-01/eeg/sub-6_ses-01_task-imagery_run-01_eeg.edf	source_train	192.6254000427259	False	1.7144393654029384e-12	1.2260284430242236e-12	5.503253792774113e-12	3.720811731957957e-12
sub-6	01	01	sub-6/ses-01/run-01/tsv-row-4	4	rest	1	25.46	5.0	6365	7615	sub-6/ses-01/eeg/sub-6_ses-01_task-imagery_run-01_eeg.edf	source_train	413.7099665883358	False	2.346440091948665e-12	2.0905502243466347e-12	1.252604233046793e-11	5.557272208934309e-12
sub-6	01	01	sub-6/ses-01/run-01/tsv-row-5	5	right_hand	2	32.324	5.0	8081	9331	sub-6/ses-01/eeg/sub-6_ses-01_task-imagery_run-01_eeg.edf	source_train	175.85399700918606	False	2.2828870441132853e-12	1.7295094277146576e-12	9.238674710803972e-12	5.444387059598956e-12
sub-6	01	01	sub-6/ses-01/run-01/tsv-row-6	6	rest	1	39.24	5.0	9810	11060	sub-6/ses-01/eeg/sub-6_ses-01_task-imagery_run-01_eeg.edf	source_train	196.51108224738306	False	2.8975012958011973e-12	1.4742528172251825e-12	7.845748469042682e-12	4.184646547844101e-12
sub-6	01	01	sub-6/ses-01/run-01/tsv-row-7	7	right_hand	2	46.104	5.0	11526	12776	sub-6/ses-01/eeg/sub-6_ses-01_task-imagery_run-01_eeg.edf	source_train	112.71550079042939	False	1.7224722502837307e-12	1.451901272237029e-12	5.408122371912306e-12	4.46404967494091e-12
sub-6	01	01	sub-6/ses-01/run-01/tsv-row-8	8	rest	1	53.008	5.0	13252	14502	sub-6/ses-01/eeg/sub-6_ses-01_task-imagery_run-01_eeg.edf	source_train	342.81546438795124	False	3.8324834694204796e-12	4.348869536187852e-12	1.4239709739981794e-11	9.04858344920118e-12
sub-6	01	01	sub-6/ses-01/run-01/tsv-row-9	9	rest	1	59.904	5.0	14976	16226	sub-6/ses-01/eeg/sub-6_ses-01_task-imagery_run-01_eeg.edf	source_train	367.9725689382611	False	4.0803155527515395e-12	4.43470984275594e-12	2.0479074125748768e-11	9.514788383348125e-12
sub-6	01	01	sub-6/ses-01/run-01/tsv-row-10	10	right_hand	2	66.768	5.0	16692	17942	sub-6/ses-01/eeg/sub-6_ses-01_task-imagery_run-01_eeg.edf	source_train	112.23938953215124	False	3.06992302565738e-12	2.1605722843431884e-12	1.1905659583502585e-11	6.123034312920539e-12
sub-6	01	01	sub-6/ses-01/run-01/tsv-row-11	11	rest	1	73.668	5.0	18417	19667	sub-6/ses-01/eeg/sub-6_ses-01_task-imagery_run-01_eeg.edf	source_train	533.9203800897244	False	3.497281753548728e-12	2.4241616071007374e-12	1.770036641231618e-11	8.117372285622138e-12
sub-6	01	01	sub-6/ses-01/run-01/tsv-row-12	12	right_hand	2	80.548	5.0	20137	21387	sub-6/ses-01/eeg/sub-6_ses-01_task-imagery_run-01_eeg.edf	source_train	121.43908771629991	False	4.700896200895984e-12	1.931939792544584e-12	1.526755991842816e-11	5.56619126703349e-12
sub-6	01	01	sub-6/ses-01/run-01/tsv-row-13	13	right_hand	2	87.436	5.0	21859	23109	sub-6/ses-01/eeg/sub-6_ses-01_task-imagery_run-01_eeg.edf	source_train	167.06897637256998	False	4.8098016101300214e-12	2.1760910998951206e-12	1.7124200733189174e-11	5.97813358752193e-12
sub-6	01	01	sub-6/ses-01/run-01/tsv-row-14	14	rest	1	94.336	5.0	23584	24834	sub-6/ses-01/eeg/sub-6_ses-01_task-imagery_run-01_eeg.edf	source_train	548.1730009826962	False	3.4082181415343423e-12	1.7445269896201034e-12	1.0246247317736349e-11	6.054276558173119e-12
sub-6	01	01	sub-6/ses-01/run-01/tsv-row-15	15	rest	1	101.232	5.0	25308	26558	sub-6/ses-01/eeg/sub-6_ses-01_task-imagery_run-01_eeg.edf	source_train	319.43993744926297	False	2.860275559663324e-12	1.8206100474113483e-12	1.1170303459067153e-11	6.1783854039967785e-12
sub-6	01	01	sub-6/ses-01/run-01/tsv-row-16	16	right_hand	2	108.096	5.0	27024	28274	sub-6/ses-01/eeg/sub-6_ses-01_task-imagery_run-01_eeg.edf	source_train	216.10843597521895	False	2.0100460025889154e-12	1.49682537845603e-12	6.438756237774594e-12	4.673477025356608e-12
sub-6	01	01	sub-6/ses-01/run-01/tsv-row-17	17	right_hand	2	114.984	5.0	28746	29996	sub-6/ses-01/eeg/sub-6_ses-01_task-imagery_run-01_eeg.edf	source_train	176.76014424268317	False	3.0001295826974417e-12	2.85463945258482e-12	1.0652628562987778e-11	6.593065742641013e-12
sub-6	01	01	sub-6/ses-01/run-01/tsv-row-18	18	rest	1	121.896	5.0	30474	31724	sub-6/ses-01/eeg/sub-6_ses-01_task-imagery_run-01_eeg.edf	source_train	216.67669779961543	False	2.6486426815645904e-12	1.6796327639126403e-12	7.588439154558975e-12	4.835309438834095e-12
sub-6	01	01	sub-6/ses-01/run-01/tsv-row-19	19	right_hand	2	128.764	5.0	32191	33441	sub-6/ses-01/eeg/sub-6_ses-01_task-imagery_run-01_eeg.edf	source_train	228.18016013672292	False	3.917338589497813e-12	1.6471520781900294e-12	1.4114558079830768e-11	5.513732758620601e-12
sub-6	01	01	sub-6/ses-01/run-01/tsv-row-20	20	rest	1	135.66	5.0	33915	35165	sub-6/ses-01/eeg/sub-6_ses-01_task-imagery_run-01_eeg.edf	source_train	157.85391976073487	False	3.65485337488893e-12	1.3119020925191335e-12	1.277442982142067e-11	3.762943261048777e-12
sub-6	01	01	sub-6/ses-01/run-01/tsv-row-21	21	right_hand	2	142.548	5.0	35637	36887	sub-6/ses-01/eeg/sub-6_ses-01_task-imagery_run-01_eeg.edf	source_train	133.75654672078616	False	3.7499269079184245e-12	1.6939728443267015e-12	9.72497415131484e-12	6.087249796100958e-12
sub-6	01	01	sub-6/ses-01/run-01/tsv-row-22	22	rest	1	149.444	5.0	37361	38611	sub-6/ses-01/eeg/sub-6_ses-01_task-imagery_run-01_eeg.edf	source_train	349.21992873317663	False	4.116429445117157e-12	2.7833682416699434e-12	1.31376867151196e-11	7.099381962161707e-12
sub-6	01	01	sub-6/ses-01/run-01/tsv-row-23	23	right_hand	2	156.308	5.0	39077	40327	sub-6/ses-01/eeg/sub-6_ses-01_task-imagery_run-01_eeg.edf	source_train	316.3528934842982	False	5.441492445599803e-12	3.1246252622313572e-12	1.255882954790423e-11	7.924616275157399e-12
sub-6	01	01	sub-6/ses-01/run-01/tsv-row-24	24	rest	1	163.216	5.0	40804	42054	sub-6/ses-01/eeg/sub-6_ses-01_task-imagery_run-01_eeg.edf	source_train	389.59723512070076	False	3.791862693642564e-12	2.3126754764607574e-12	1.2751511735991268e-11	6.954340787871747e-12
sub-6	01	01	sub-6/ses-01/run-01/tsv-row-25	25	right_hand	2	170.096	5.0	42524	43774	sub-6/ses-01/eeg/sub-6_ses-01_task-imagery_run-01_eeg.edf	source_train	225.06239931638538	False	5.398330826826402e-12	1.9133510682063005e-12	2.2508944736636676e-11	6.326515218932446e-12
sub-6	01	01	sub-6/ses-01/run-01/tsv-row-26	26	rest	1	176.992	5.0	44248	45498	sub-6/ses-01/eeg/sub-6_ses-01_task-imagery_run-01_eeg.edf	source_train	214.8029696218757	False	2.281816732931202e-12	2.444155648721254e-12	6.119804122053118e-12	7.27263070354848e-12
sub-6	01	01	sub-6/ses-01/run-01/tsv-row-27	27	rest	1	183.876	5.0	45969	47219	sub-6/ses-01/eeg/sub-6_ses-01_task-imagery_run-01_eeg.edf	source_train	384.74397197180076	False	5.914712526105444e-12	1.8170057571869825e-12	2.3360314755294385e-11	4.491579805432281e-12
sub-6	01	01	sub-6/ses-01/run-01/tsv-row-28	28	right_hand	2	190.756	5.0	47689	48939	sub-6/ses-01/eeg/sub-6_ses-01_task-imagery_run-01_eeg.edf	source_train	158.83685913266396	False	3.982738648485334e-12	1.4072217611999796e-12	1.3469621049160797e-11	5.197420329809807e-12
sub-6	01	01	sub-6/ses-01/run-01/tsv-row-29	29	rest	1	197.66	5.0	49415	50665	sub-6/ses-01/eeg/sub-6_ses-01_task-imagery_run-01_eeg.edf	source_train	134.83163665883356	False	5.124317880278167e-12	1.8326574721667785e-12	1.9050664791890144e-11	6.0034388701516875e-12
sub-6	01	01	sub-6/ses-01/run-01/tsv-row-30	30	right_hand	2	204.524	5.0	51131	52381	sub-6/ses-01/eeg/sub-6_ses-01_task-imagery_run-01_eeg.edf	source_train	172.4751429181799	False	2.0408762903044714e-12	1.5662794422849837e-12	5.6747041545434e-12	4.896788574841241e-12
sub-6	01	01	sub-6/ses-01/run-01/tsv-row-31	31	right_hand	2	211.42	5.0	52855	54105	sub-6/ses-01/eeg/sub-6_ses-01_task-imagery_run-01_eeg.edf	source_train	239.00785165562917	False	6.1073464301689985e-12	2.0882451227865682e-12	1.3770093895363232e-11	6.260853054998335e-12
sub-6	01	01	sub-6/ses-01/run-01/tsv-row-32	32	rest	1	218.32	5.0	54580	55830	sub-6/ses-01/eeg/sub-6_ses-01_task-imagery_run-01_eeg.edf	source_train	199.58276778466137	False	6.544810427751846e-12	2.475977343187736e-12	2.3386601046661444e-11	7.479689712921348e-12
sub-6	01	02	sub-6/ses-01/run-02/tsv-row-1	1	rest	1	5.632	5.0	1408	2658	sub-6/ses-01/eeg/sub-6_ses-01_task-imagery_run-02_eeg.edf	source_train	362.94438202154606	False	1.6882169741723552e-12	2.0118114600098686e-12	5.961403384731722e-12	6.13040096538119e-12
sub-6	01	02	sub-6/ses-01/run-02/tsv-row-2	2	right_hand	2	12.496	5.0	3124	4374	sub-6/ses-01/eeg/sub-6_ses-01_task-imagery_run-02_eeg.edf	source_train	137.97387893612472	False	2.866752284561383e-12	1.519450043507927e-12	9.17657836916313e-12	4.151015804136652e-12
sub-6	01	02	sub-6/ses-01/run-02/tsv-row-3	3	right_hand	2	19.4	5.0	4850	6100	sub-6/ses-01/eeg/sub-6_ses-01_task-imagery_run-02_eeg.edf	source_train	140.25255571459087	False	2.0865928476621896e-12	1.2861069189134357e-12	5.654849232754881e-12	3.88723430886893e-12
sub-6	01	02	sub-6/ses-01/run-02/tsv-row-4	4	rest	1	26.3	5.0	6575	7825	sub-6/ses-01/eeg/sub-6_ses-01_task-imagery_run-02_eeg.edf	source_train	211.8843878719443	False	2.3860801107805782e-12	1.7908899460172312e-12	9.019631864574228e-12	5.46991011296204e-12
sub-6	01	02	sub-6/ses-01/run-02/tsv-row-5	5	right_hand	2	33.164	5.0	8291	9541	sub-6/ses-01/eeg/sub-6_ses-01_task-imagery_run-02_eeg.edf	source_train	152.65506789452806	False	6.466921946382623e-12	1.7722751947642844e-12	2.5218479212647206e-11	5.923075015591432e-12
sub-6	01	02	sub-6/ses-01/run-02/tsv-row-6	6	rest	1	40.076	5.0	10019	11269	sub-6/ses-01/eeg/sub-6_ses-01_task-imagery_run-02_eeg.edf	source_train	372.5636532792137	False	2.1166650380211937e-12	1.5444832143965324e-12	6.008192236646324e-12	4.718737716915351e-12
sub-6	01	02	sub-6/ses-01/run-02/tsv-row-7	7	rest	1	46.964	5.0	11741	12991	sub-6/ses-01/eeg/sub-6_ses-01_task-imagery_run-02_eeg.edf	source_train	343.03851273537396	False	2.8625156282541977e-12	2.4088764198492765e-12	6.237229785078605e-12	5.731330507312426e-12
sub-6	01	02	sub-6/ses-01/run-02/tsv-row-8	8	right_hand	2	53.828	5.0	13457	14707	sub-6/ses-01/eeg/sub-6_ses-01_task-imagery_run-02_eeg.edf	source_train	148.9115274727622	False	3.3287168570022525e-12	1.5896836534579335e-12	1.0371346849279691e-11	4.035478218862907e-12
sub-6	01	02	sub-6/ses-01/run-02/tsv-row-9	9	rest	1	60.744	5.0	15186	16436	sub-6/ses-01/eeg/sub-6_ses-01_task-imagery_run-02_eeg.edf	source_train	276.468598278756	False	2.8252998764762327e-12	1.9659407376859145e-12	9.589588563443256e-12	5.161949857182256e-12
sub-6	01	02	sub-6/ses-01/run-02/tsv-row-10	10	right_hand	2	67.608	5.0	16902	18152	sub-6/ses-01/eeg/sub-6_ses-01_task-imagery_run-02_eeg.edf	source_train	133.2700390148625	False	5.959685574199775e-12	1.5586397781769978e-12	2.1160774202609053e-11	5.249129953468647e-12
sub-6	01	02	sub-6/ses-01/run-02/tsv-row-11	11	rest	1	74.512	5.0	18628	19878	sub-6/ses-01/eeg/sub-6_ses-01_task-imagery_run-02_eeg.edf	source_train	171.51925636768698	False	4.370122937686933e-12	3.708219691214312e-12	1.1931528226247623e-11	8.898400728498865e-12
sub-6	01	02	sub-6/ses-01/run-02/tsv-row-12	12	right_hand	2	81.396	5.0	20349	21599	sub-6/ses-01/eeg/sub-6_ses-01_task-imagery_run-02_eeg.edf	source_train	236.16857182531203	False	4.525600459043798e-12	1.5284841327326014e-12	1.619004344597737e-11	5.4115940013532286e-12
sub-6	01	02	sub-6/ses-01/run-02/tsv-row-13	13	right_hand	2	88.276	5.0	22069	23319	sub-6/ses-01/eeg/sub-6_ses-01_task-imagery_run-02_eeg.edf	source_train	182.04999833674123	False	3.796361888413804e-12	2.1164042566397204e-12	1.0770547722450244e-11	6.610018586355877e-12
sub-6	01	02	sub-6/ses-01/run-02/tsv-row-14	14	rest	1	95.172	5.0	23793	25043	sub-6/ses-01/eeg/sub-6_ses-01_task-imagery_run-02_eeg.edf	source_train	318.39625100253295	False	2.3807102609316866e-12	1.5457133021690293e-12	8.750929334550089e-12	4.449531747849155e-12
sub-6	01	02	sub-6/ses-01/run-02/tsv-row-15	15	rest	1	102.076	5.0	25519	26769	sub-6/ses-01/eeg/sub-6_ses-01_task-imagery_run-02_eeg.edf	source_train	238.07289456160157	False	2.2739216643012813e-12	1.5482781953818063e-12	7.030328750610964e-12	4.138751820527441e-12
sub-6	01	02	sub-6/ses-01/run-02/tsv-row-16	16	right_hand	2	108.94	5.0	27235	28485	sub-6/ses-01/eeg/sub-6_ses-01_task-imagery_run-02_eeg.edf	source_train	188.49539836725972	False	2.589927868782905e-12	1.5630052722083322e-12	6.66885008430945e-12	4.101055436648079e-12
sub-6	01	02	sub-6/ses-01/run-02/tsv-row-17	17	right_hand	2	115.824	5.0	28956	30206	sub-6/ses-01/eeg/sub-6_ses-01_task-imagery_run-02_eeg.edf	source_train	260.1597830500198	False	3.5908003931868617e-12	1.454318674515301e-12	1.1402218006814374e-11	4.4614785852031716e-12
sub-6	01	02	sub-6/ses-01/run-02/tsv-row-18	18	rest	1	122.72	5.0	30680	31930	sub-6/ses-01/eeg/sub-6_ses-01_task-imagery_run-02_eeg.edf	source_train	181.85468318430128	False	2.1774303086108227e-12	1.4210699955820095e-12	5.402246678944089e-12	4.515548950805738e-12
sub-6	01	02	sub-6/ses-01/run-02/tsv-row-19	19	rest	1	129.624	5.0	32406	33656	sub-6/ses-01/eeg/sub-6_ses-01_task-imagery_run-02_eeg.edf	source_train	201.92331509750662	False	3.3990157808488154e-12	1.7035549012709979e-12	8.293207602247257e-12	5.825140509296584e-12
sub-6	01	02	sub-6/ses-01/run-02/tsv-row-20	20	right_hand	2	136.488	5.0	34122	35372	sub-6/ses-01/eeg/sub-6_ses-01_task-imagery_run-02_eeg.edf	source_train	180.22705691396828	False	4.704473097181862e-12	1.5096462555343125e-12	1.6250439676495363e-11	4.903770334040028e-12
sub-6	01	02	sub-6/ses-01/run-02/tsv-row-21	21	rest	1	143.384	5.0	35846	37096	sub-6/ses-01/eeg/sub-6_ses-01_task-imagery_run-02_eeg.edf	source_train	393.4460983275856	False	3.105388114470009e-12	1.5373137196233139e-12	1.2196481375747767e-11	5.252521674282493e-12
sub-6	01	02	sub-6/ses-01/run-02/tsv-row-22	22	right_hand	2	150.268	5.0	37567	38817	sub-6/ses-01/eeg/sub-6_ses-01_task-imagery_run-02_eeg.edf	source_train	166.9130740226447	False	3.588315063714036e-12	1.832243827166828e-12	1.5155553405785225e-11	5.244270156948467e-12
sub-6	01	02	sub-6/ses-01/run-02/tsv-row-23	23	rest	1	157.172	5.0	39293	40543	sub-6/ses-01/eeg/sub-6_ses-01_task-imagery_run-02_eeg.edf	source_train	276.2244543382061	False	3.847331718904026e-12	1.9963161631422677e-12	1.0586295258407378e-11	6.547002511397623e-12
sub-6	01	02	sub-6/ses-01/run-02/tsv-row-24	24	right_hand	2	164.036	5.0	41009	42259	sub-6/ses-01/eeg/sub-6_ses-01_task-imagery_run-02_eeg.edf	source_train	176.58117406842248	False	5.475297194439729e-12	1.5401762912300943e-12	1.8401014882777253e-11	4.858232392810667e-12
sub-6	01	02	sub-6/ses-01/run-02/tsv-row-25	25	right_hand	2	170.936	5.0	42734	43984	sub-6/ses-01/eeg/sub-6_ses-01_task-imagery_run-02_eeg.edf	source_train	134.94649407330542	False	3.4799269133950938e-12	1.8048219631584032e-12	1.2634600094829792e-11	5.3229473048699775e-12
sub-6	01	02	sub-6/ses-01/run-02/tsv-row-26	26	rest	1	177.832	5.0	44458	45708	sub-6/ses-01/eeg/sub-6_ses-01_task-imagery_run-02_eeg.edf	source_train	366.1182532486953	False	3.9447455047569e-12	1.892513884271227e-12	1.5161205601038955e-11	5.625086062907569e-12
sub-6	01	02	sub-6/ses-01/run-02/tsv-row-27	27	right_hand	2	184.704	5.0	46176	47426	sub-6/ses-01/eeg/sub-6_ses-01_task-imagery_run-02_eeg.edf	source_train	155.42203255409402	False	4.2548945685818e-12	2.1166482033891295e-12	1.516005619126894e-11	7.033082036245988e-12
sub-6	01	02	sub-6/ses-01/run-02/tsv-row-28	28	rest	1	191.616	5.0	47904	49154	sub-6/ses-01/eeg/sub-6_ses-01_task-imagery_run-02_eeg.edf	source_train	343.98253597216706	False	5.212796124270678e-12	4.2618231760295296e-12	1.7783106765991925e-11	9.471220416566349e-12
sub-6	01	02	sub-6/ses-01/run-02/tsv-row-29	29	right_hand	2	198.48	5.0	49620	50870	sub-6/ses-01/eeg/sub-6_ses-01_task-imagery_run-02_eeg.edf	source_train	170.16832656331061	False	5.222342696002696e-12	2.398460867232313e-12	1.6060402780937407e-11	5.912036332708148e-12
sub-6	01	02	sub-6/ses-01/run-02/tsv-row-30	30	rest	1	205.38	5.0	51345	52595	sub-6/ses-01/eeg/sub-6_ses-01_task-imagery_run-02_eeg.edf	source_train	217.69501365703294	False	5.739143623896283e-12	2.1211403889598084e-12	3.34615586011468e-11	6.958944823809065e-12
sub-6	01	02	sub-6/ses-01/run-02/tsv-row-31	31	right_hand	2	212.26	5.0	53065	54315	sub-6/ses-01/eeg/sub-6_ses-01_task-imagery_run-02_eeg.edf	source_train	200.45845145420697	False	5.611029665395616e-12	3.995501445572132e-12	1.726246167440871e-11	8.301874136643391e-12
sub-6	01	02	sub-6/ses-01/run-02/tsv-row-32	32	rest	1	219.164	5.0	54791	56041	sub-6/ses-01/eeg/sub-6_ses-01_task-imagery_run-02_eeg.edf	source_train	213.54456666768394	False	4.6100417452664135e-12	2.157783742738671e-12	1.729703580797503e-11	7.495077404928568e-12
sub-6	01	03	sub-6/ses-01/run-03/tsv-row-1	1	rest	1	7.096	5.0	1774	3024	sub-6/ses-01/eeg/sub-6_ses-01_task-imagery_run-03_eeg.edf	source_train	210.49043294167907	False	2.196203474817569e-12	2.8849595477040524e-12	6.271702448976593e-12	6.913110176225175e-12
sub-6	01	03	sub-6/ses-01/run-03/tsv-row-2	2	right_hand	2	13.96	5.0	3490	4740	sub-6/ses-01/eeg/sub-6_ses-01_task-imagery_run-03_eeg.edf	source_train	157.06979470809046	False	3.618094243967833e-12	1.7633742551447823e-12	1.050653918142733e-11	5.1371559707807964e-12
sub-6	01	03	sub-6/ses-01/run-03/tsv-row-3	3	right_hand	2	20.84	5.0	5210	6460	sub-6/ses-01/eeg/sub-6_ses-01_task-imagery_run-03_eeg.edf	source_train	132.91754435254984	False	3.1651052273430982e-12	2.295023118523454e-12	1.0953043039050427e-11	6.329010380556741e-12
sub-6	01	03	sub-6/ses-01/run-03/tsv-row-4	4	rest	1	27.764	5.0	6941	8191	sub-6/ses-01/eeg/sub-6_ses-01_task-imagery_run-03_eeg.edf	source_train	134.53546818445386	False	2.6350674000239152e-12	1.8133580552923853e-12	8.843806265404187e-12	4.343547486438313e-12
sub-6	01	03	sub-6/ses-01/run-03/tsv-row-5	5	rest	1	34.644	5.0	8661	9911	sub-6/ses-01/eeg/sub-6_ses-01_task-imagery_run-03_eeg.edf	source_train	224.54159126560256	False	2.8567654223658013e-12	2.3846342245344695e-12	7.887629497746971e-12	5.6722303327970575e-12
sub-6	01	03	sub-6/ses-01/run-03/tsv-row-6	6	right_hand	2	41.508	5.0	10377	11627	sub-6/ses-01/eeg/sub-6_ses-01_task-imagery_run-03_eeg.edf	source_train	182.2715091708121	False	4.910106383073819e-12	2.477163372688418e-12	1.8394690938780112e-11	5.983782611039207e-12
sub-6	01	03	sub-6/ses-01/run-03/tsv-row-7	7	right_hand	2	48.408	5.0	12102	13352	sub-6/ses-01/eeg/sub-6_ses-01_task-imagery_run-03_eeg.edf	source_train	157.82774100772116	False	3.739619023511492e-12	2.366057032159391e-12	8.87173531361762e-12	7.538315774167215e-12
sub-6	01	03	sub-6/ses-01/run-03/tsv-row-8	8	rest	1	55.312	5.0	13828	15078	sub-6/ses-01/eeg/sub-6_ses-01_task-imagery_run-03_eeg.edf	source_train	172.54939028901026	False	5.046491111179739e-12	2.1571788642226853e-12	1.2585960933155152e-11	6.352919492226569e-12
sub-6	01	03	sub-6/ses-01/run-03/tsv-row-9	9	right_hand	2	62.176	5.0	15544	16794	sub-6/ses-01/eeg/sub-6_ses-01_task-imagery_run-03_eeg.edf	source_train	219.65866798913544	False	3.0480775781932042e-12	1.4406063142033226e-12	9.349858830408905e-12	4.780031601745719e-12
sub-6	01	03	sub-6/ses-01/run-03/tsv-row-10	10	rest	1	69.088	5.0	17272	18522	sub-6/ses-01/eeg/sub-6_ses-01_task-imagery_run-03_eeg.edf	source_train	189.18048120975368	False	2.9082819010977463e-12	2.476742853435392e-12	9.749557421220952e-12	7.355910536740387e-12
sub-6	01	03	sub-6/ses-01/run-03/tsv-row-11	11	rest	1	75.972	5.0	18993	20243	sub-6/ses-01/eeg/sub-6_ses-01_task-imagery_run-03_eeg.edf	source_train	283.47191606189153	False	3.0436149929445043e-12	2.3131043336808756e-12	7.536708642237458e-12	5.985149346412383e-12
sub-6	01	03	sub-6/ses-01/run-03/tsv-row-12	12	right_hand	2	82.844	5.0	20711	21961	sub-6/ses-01/eeg/sub-6_ses-01_task-imagery_run-03_eeg.edf	source_train	130.0898216193121	False	2.9459451779001413e-12	1.7445044005183244e-12	1.0585904540781602e-11	4.532264104587909e-12
sub-6	01	03	sub-6/ses-01/run-03/tsv-row-13	13	right_hand	2	89.74	5.0	22435	23685	sub-6/ses-01/eeg/sub-6_ses-01_task-imagery_run-03_eeg.edf	source_train	266.98658404492323	False	3.3149124639498375e-12	1.7124327374471448e-12	1.4143431770589333e-11	5.229284589470926e-12
sub-6	01	03	sub-6/ses-01/run-03/tsv-row-14	14	rest	1	96.636	5.0	24159	25409	sub-6/ses-01/eeg/sub-6_ses-01_task-imagery_run-03_eeg.edf	source_train	306.48724696798604	False	2.3184422872869066e-12	1.6874734065107988e-12	7.04256328548014e-12	4.204785521151544e-12
sub-6	01	03	sub-6/ses-01/run-03/tsv-row-15	15	right_hand	2	103.5	5.0	25875	27125	sub-6/ses-01/eeg/sub-6_ses-01_task-imagery_run-03_eeg.edf	source_train	149.34457280800805	False	5.296348933951533e-12	1.644586898358359e-12	1.9841073525429857e-11	5.595389089551223e-12
sub-6	01	03	sub-6/ses-01/run-03/tsv-row-16	16	rest	1	110.404	5.0	27601	28851	sub-6/ses-01/eeg/sub-6_ses-01_task-imagery_run-03_eeg.edf	source_train	239.07375397198402	False	2.9408801287271914e-12	5.134102072897281e-12	1.3898087346248543e-11	1.3068483374051394e-11
sub-6	01	03	sub-6/ses-01/run-03/tsv-row-17	17	rest	1	117.304	5.0	29326	30576	sub-6/ses-01/eeg/sub-6_ses-01_task-imagery_run-03_eeg.edf	source_train	304.3154393017365	False	4.035693449491891e-12	2.1897151824628224e-12	9.53329104763579e-12	4.910916855818339e-12
sub-6	01	03	sub-6/ses-01/run-03/tsv-row-18	18	right_hand	2	124.168	5.0	31042	32292	sub-6/ses-01/eeg/sub-6_ses-01_task-imagery_run-03_eeg.edf	source_train	100.93804086428419	False	4.535107983807559e-12	1.8374716737107393e-12	1.470387322881184e-11	5.875554128961929e-12
sub-6	01	03	sub-6/ses-01/run-03/tsv-row-19	19	right_hand	2	131.048	5.0	32762	34012	sub-6/ses-01/eeg/sub-6_ses-01_task-imagery_run-03_eeg.edf	source_train	177.30113055207983	False	5.45654918049905e-12	2.216890029202078e-12	1.807368458257853e-11	6.967269921578646e-12
sub-6	01	03	sub-6/ses-01/run-03/tsv-row-20	20	rest	1	137.972	5.0	34493	35743	sub-6/ses-01/eeg/sub-6_ses-01_task-imagery_run-03_eeg.edf	source_train	247.2071008026368	False	2.8791256167328524e-12	1.470749201872096e-12	9.191961357741875e-12	4.61608045691076e-12
sub-6	01	03	sub-6/ses-01/run-03/tsv-row-21	21	right_hand	2	144.836	5.0	36209	37459	sub-6/ses-01/eeg/sub-6_ses-01_task-imagery_run-03_eeg.edf	source_train	222.3843594897305	False	5.1826424102667925e-12	1.5754641658791217e-12	2.076305208226058e-11	5.815524341762511e-12
sub-6	01	03	sub-6/ses-01/run-03/tsv-row-22	22	rest	1	151.732	5.0	37933	39183	sub-6/ses-01/eeg/sub-6_ses-01_task-imagery_run-03_eeg.edf	source_train	132.18874983367414	False	3.5373735443417424e-12	2.1213233857688334e-12	1.2171986757598584e-11	7.409574151337864e-12
sub-6	01	03	sub-6/ses-01/run-03/tsv-row-23	23	right_hand	2	158.612	5.0	39653	40903	sub-6/ses-01/eeg/sub-6_ses-01_task-imagery_run-03_eeg.edf	source_train	197.03688612323373	False	4.795542071116863e-12	2.0502599374641168e-12	1.809067743116087e-11	6.928133394417112e-12
sub-6	01	03	sub-6/ses-01/run-03/tsv-row-24	24	rest	1	165.516	5.0	41379	42629	sub-6/ses-01/eeg/sub-6_ses-01_task-imagery_run-03_eeg.edf	source_train	200.5350998138371	False	3.693593392756621e-12	2.342708994989047e-12	7.838314424027671e-12	6.428209432708925e-12
sub-6	01	03	sub-6/ses-01/run-03/tsv-row-25	25	right_hand	2	172.384	5.0	43096	44346	sub-6/ses-01/eeg/sub-6_ses-01_task-imagery_run-03_eeg.edf	source_train	216.04384717551198	False	7.461646963825096e-12	2.6039177188522317e-12	2.4093023566420973e-11	8.759770297057116e-12
sub-6	01	03	sub-6/ses-01/run-03/tsv-row-26	26	rest	1	179.296	5.0	44824	46074	sub-6/ses-01/eeg/sub-6_ses-01_task-imagery_run-03_eeg.edf	source_train	273.67691772820217	False	4.8871746551078875e-12	1.886106297150011e-12	1.2599882378505617e-11	5.334725179110551e-12
sub-6	01	03	sub-6/ses-01/run-03/tsv-row-27	27	rest	1	186.176	5.0	46544	47794	sub-6/ses-01/eeg/sub-6_ses-01_task-imagery_run-03_eeg.edf	source_train	184.70568286385688	False	4.044519993235621e-12	2.1990373066076003e-12	1.2855125279075117e-11	6.158748822785763e-12
sub-6	01	03	sub-6/ses-01/run-03/tsv-row-28	28	right_hand	2	193.048	5.0	48262	49512	sub-6/ses-01/eeg/sub-6_ses-01_task-imagery_run-03_eeg.edf	source_train	159.4310889492477	False	3.977912324533655e-12	1.885715813928556e-12	8.423350540729164e-12	5.914936828359153e-12
sub-6	01	03	sub-6/ses-01/run-03/tsv-row-29	29	right_hand	2	199.948	5.0	49987	51237	sub-6/ses-01/eeg/sub-6_ses-01_task-imagery_run-03_eeg.edf	source_train	166.80648948026976	False	2.051396737343611e-12	1.5978489771404424e-12	5.817284165369075e-12	4.708431215196357e-12
sub-6	01	03	sub-6/ses-01/run-03/tsv-row-30	30	rest	1	206.844	5.0	51711	52961	sub-6/ses-01/eeg/sub-6_ses-01_task-imagery_run-03_eeg.edf	source_train	150.08794321726126	False	5.51782072316282e-12	2.40042840368982e-12	1.818895603170354e-11	7.836327532299838e-12
sub-6	01	03	sub-6/ses-01/run-03/tsv-row-31	31	rest	1	213.724	5.0	53431	54681	sub-6/ses-01/eeg/sub-6_ses-01_task-imagery_run-03_eeg.edf	source_train	266.5055796624652	False	4.277715574291226e-12	2.7904732867594344e-12	1.0623575281688285e-11	7.48626738101984e-12
sub-6	01	03	sub-6/ses-01/run-03/tsv-row-32	32	right_hand	2	220.604	5.0	55151	56401	sub-6/ses-01/eeg/sub-6_ses-01_task-imagery_run-03_eeg.edf	source_train	106.21451318094422	False	2.030265719163319e-12	1.934479773958974e-12	5.098661374423895e-12	5.44737211636541e-12
sub-6	01	04	sub-6/ses-01/run-04/tsv-row-1	1	rest	1	6.06	5.0	1515	2765	sub-6/ses-01/eeg/sub-6_ses-01_task-imagery_run-04_eeg.edf	source_train	146.70236701406907	False	2.233956977115476e-12	1.8606285155102583e-12	7.678022987769085e-12	4.7701502860042264e-12
sub-6	01	04	sub-6/ses-01/run-04/tsv-row-2	2	right_hand	2	12.924	5.0	3231	4481	sub-6/ses-01/eeg/sub-6_ses-01_task-imagery_run-04_eeg.edf	source_train	122.3266813348796	False	2.229427703089172e-12	1.5190439923604483e-12	5.684351112314852e-12	4.5893822015020235e-12
sub-6	01	04	sub-6/ses-01/run-04/tsv-row-3	3	rest	1	19.824	5.0	4956	6206	sub-6/ses-01/eeg/sub-6_ses-01_task-imagery_run-04_eeg.edf	source_train	260.5586135029145	False	2.4403338349383644e-12	2.1841909325417174e-12	6.891237478551466e-12	6.6671400927577484e-12
sub-6	01	04	sub-6/ses-01/run-04/tsv-row-4	4	right_hand	2	26.704	5.0	6676	7926	sub-6/ses-01/eeg/sub-6_ses-01_task-imagery_run-04_eeg.edf	source_train	176.61165793939023	False	4.3270935331803715e-12	2.5810483181715445e-12	1.4394531923110469e-11	7.023495432031932e-12
sub-6	01	04	sub-6/ses-01/run-04/tsv-row-5	5	right_hand	2	33.592	5.0	8398	9648	sub-6/ses-01/eeg/sub-6_ses-01_task-imagery_run-04_eeg.edf	source_train	173.52025836054565	False	4.889328188748857e-12	1.6116655949986518e-12	2.1479718792476394e-11	5.201836089574366e-12
sub-6	01	04	sub-6/ses-01/run-04/tsv-row-6	6	rest	1	40.488	5.0	10122	11372	sub-6/ses-01/eeg/sub-6_ses-01_task-imagery_run-04_eeg.edf	source_train	332.20179874263744	False	4.538482787564058e-12	3.700008479363251e-12	1.1971597032535551e-11	7.563308688303837e-12
sub-6	01	04	sub-6/ses-01/run-04/tsv-row-7	7	right_hand	2	47.368	5.0	11842	13092	sub-6/ses-01/eeg/sub-6_ses-01_task-imagery_run-04_eeg.edf	source_train	136.09886645863216	False	4.047490325833461e-12	1.5449958952604306e-12	1.3074346252257355e-11	5.220524940140889e-12
sub-6	01	04	sub-6/ses-01/run-04/tsv-row-8	8	rest	1	54.276	5.0	13569	14819	sub-6/ses-01/eeg/sub-6_ses-01_task-imagery_run-04_eeg.edf	source_train	267.83885951109346	False	2.7286341859837414e-12	2.3295610112684082e-12	6.020030245868198e-12	4.925839835506037e-12
sub-6	01	04	sub-6/ses-01/run-04/tsv-row-9	9	rest	1	61.156	5.0	15289	16539	sub-6/ses-01/eeg/sub-6_ses-01_task-imagery_run-04_eeg.edf	source_train	196.04110429242837	False	3.300743250786185e-12	3.143962561050746e-12	8.199936866079629e-12	6.999860640908291e-12
sub-6	01	04	sub-6/ses-01/run-04/tsv-row-10	10	right_hand	2	68.036	5.0	17009	18259	sub-6/ses-01/eeg/sub-6_ses-01_task-imagery_run-04_eeg.edf	source_train	145.65129115726188	False	5.856337216066547e-12	2.4207876194295857e-12	1.8596682893209765e-11	7.827157841045564e-12
sub-6	01	04	sub-6/ses-01/run-04/tsv-row-11	11	rest	1	74.932	5.0	18733	19983	sub-6/ses-01/eeg/sub-6_ses-01_task-imagery_run-04_eeg.edf	source_train	218.29918126010924	False	3.006077021744131e-12	1.7729691448709773e-12	1.0681921366145105e-11	4.911947500116864e-12
sub-6	01	04	sub-6/ses-01/run-04/tsv-row-12	12	right_hand	2	81.808	5.0	20452	21702	sub-6/ses-01/eeg/sub-6_ses-01_task-imagery_run-04_eeg.edf	source_train	131.13717013458663	False	4.394157291771476e-12	1.848918122417901e-12	1.1432544775946554e-11	5.90619638225855e-12
sub-6	01	04	sub-6/ses-01/run-04/tsv-row-13	13	rest	1	88.72	5.0	22180	23430	sub-6/ses-01/eeg/sub-6_ses-01_task-imagery_run-04_eeg.edf	source_train	181.63518225501267	False	2.8037813088318938e-12	1.4190655018032105e-12	8.10552466660274e-12	4.4339357652546645e-12
sub-6	01	04	sub-6/ses-01/run-04/tsv-row-14	14	right_hand	2	95.584	5.0	23896	25146	sub-6/ses-01/eeg/sub-6_ses-01_task-imagery_run-04_eeg.edf	source_train	140.36499787743767	False	3.013632777610779e-12	1.661343068092063e-12	6.695373837121858e-12	4.79550577525912e-12
sub-6	01	04	sub-6/ses-01/run-04/tsv-row-15	15	right_hand	2	102.464	5.0	25616	26866	sub-6/ses-01/eeg/sub-6_ses-01_task-imagery_run-04_eeg.edf	source_train	198.01960002288888	False	3.83077337177355e-12	2.0349316803924072e-12	1.5816245985759583e-11	6.716177244876423e-12
sub-6	01	04	sub-6/ses-01/run-04/tsv-row-16	16	rest	1	109.368	5.0	27342	28592	sub-6/ses-01/eeg/sub-6_ses-01_task-imagery_run-04_eeg.edf	source_train	155.45102782219917	False	4.503584841184556e-12	2.8305089268858203e-12	1.472681067329932e-11	6.296312249810669e-12
sub-6	01	04	sub-6/ses-01/run-04/tsv-row-17	17	rest	1	116.268	5.0	29067	30317	sub-6/ses-01/eeg/sub-6_ses-01_task-imagery_run-04_eeg.edf	source_train	154.29175298013243	False	2.8527796638581333e-12	4.45650363876533e-12	7.452683969291822e-12	1.0015969134256907e-11
sub-6	01	04	sub-6/ses-01/run-04/tsv-row-18	18	right_hand	2	123.132	5.0	30783	32033	sub-6/ses-01/eeg/sub-6_ses-01_task-imagery_run-04_eeg.edf	source_train	182.84082809076205	False	2.9066675393238783e-12	2.0905397535250523e-12	8.858184262886255e-12	6.493695013743743e-12
sub-6	01	04	sub-6/ses-01/run-04/tsv-row-19	19	right_hand	2	130.028	5.0	32507	33757	sub-6/ses-01/eeg/sub-6_ses-01_task-imagery_run-04_eeg.edf	source_train	194.52631849879452	False	4.6355100901916824e-12	1.6478358994403445e-12	1.8377260670022374e-11	5.217597941666236e-12
sub-6	01	04	sub-6/ses-01/run-04/tsv-row-20	20	rest	1	136.924	5.0	34231	35481	sub-6/ses-01/eeg/sub-6_ses-01_task-imagery_run-04_eeg.edf	source_train	203.52229127323218	False	2.842640182132134e-12	1.7141751026179645e-12	7.968238176363978e-12	5.868356593992771e-12
sub-6	01	04	sub-6/ses-01/run-04/tsv-row-21	21	rest	1	143.816	5.0	35954	37204	sub-6/ses-01/eeg/sub-6_ses-01_task-imagery_run-04_eeg.edf	source_train	222.7507966536454	False	3.1152886905220097e-12	1.9889486458166867e-12	8.046256003136609e-12	6.2544312481524395e-12
sub-6	01	04	sub-6/ses-01/run-04/tsv-row-22	22	right_hand	2	150.68	5.0	37670	38920	sub-6/ses-01/eeg/sub-6_ses-01_task-imagery_run-04_eeg.edf	source_train	259.4766236503189	False	8.723120477648562e-12	2.8321596512446444e-12	2.8936731300308874e-11	8.117585954867122e-12
sub-6	01	04	sub-6/ses-01/run-04/tsv-row-23	23	rest	1	157.592	5.0	39398	40648	sub-6/ses-01/eeg/sub-6_ses-01_task-imagery_run-04_eeg.edf	source_train	255.87514314096498	False	3.1398807216292376e-12	2.727356862154992e-12	1.1485443875185209e-11	6.596954404690939e-12
sub-6	01	04	sub-6/ses-01/run-04/tsv-row-24	24	right_hand	2	164.456	5.0	41114	42364	sub-6/ses-01/eeg/sub-6_ses-01_task-imagery_run-04_eeg.edf	source_train	198.08142801446579	False	4.484323236950062e-12	2.4135805374916282e-12	1.2096646100231995e-11	7.107819984536178e-12
sub-6	01	04	sub-6/ses-01/run-04/tsv-row-25	25	rest	1	171.364	5.0	42841	44091	sub-6/ses-01/eeg/sub-6_ses-01_task-imagery_run-04_eeg.edf	source_train	198.80790691549427	False	6.702110233896686e-12	2.2160359285322005e-12	1.958020867133389e-11	6.127929356210679e-12
sub-6	01	04	sub-6/ses-01/run-04/tsv-row-26	26	right_hand	2	178.244	5.0	44561	45811	sub-6/ses-01/eeg/sub-6_ses-01_task-imagery_run-04_eeg.edf	source_train	209.3186654835658	False	4.057731179986306e-12	3.0265517932901416e-12	1.3236062448511876e-11	8.639873904442256e-12
sub-6	01	04	sub-6/ses-01/run-04/tsv-row-27	27	right_hand	2	185.124	5.0	46281	47531	sub-6/ses-01/eeg/sub-6_ses-01_task-imagery_run-04_eeg.edf	source_train	346.68500576952425	False	6.046477609825262e-12	2.6863042268355614e-12	2.7011268744265528e-11	8.999519205002603e-12
sub-6	01	04	sub-6/ses-01/run-04/tsv-row-28	28	rest	1	192.02	5.0	48005	49255	sub-6/ses-01/eeg/sub-6_ses-01_task-imagery_run-04_eeg.edf	source_train	319.8207434293649	False	3.102131451548909e-12	1.6828988143909738e-12	7.61707945175024e-12	5.2555407188495834e-12
sub-6	01	04	sub-6/ses-01/run-04/tsv-row-29	29	rest	1	198.928	5.0	49732	50982	sub-6/ses-01/eeg/sub-6_ses-01_task-imagery_run-04_eeg.edf	source_train	175.22052812891016	False	5.3982904702259124e-12	1.9648668819825528e-12	1.797581619649698e-11	6.03787310510697e-12
sub-6	01	04	sub-6/ses-01/run-04/tsv-row-30	30	right_hand	2	205.792	5.0	51448	52698	sub-6/ses-01/eeg/sub-6_ses-01_task-imagery_run-04_eeg.edf	source_train	160.01084220099492	False	1.1086918561065624e-11	3.3514273195125796e-12	2.9960298053527093e-11	1.046862973366521e-11
sub-6	01	04	sub-6/ses-01/run-04/tsv-row-31	31	rest	1	212.688	5.0	53172	54422	sub-6/ses-01/eeg/sub-6_ses-01_task-imagery_run-04_eeg.edf	source_train	195.84016331980345	False	4.541203583646055e-12	2.070174197617545e-12	8.597751627531988e-12	5.5047913810216135e-12
sub-6	01	04	sub-6/ses-01/run-04/tsv-row-32	32	right_hand	2	219.568	5.0	54892	56142	sub-6/ses-01/eeg/sub-6_ses-01_task-imagery_run-04_eeg.edf	source_train	290.06602248298594	False	5.752944624893516e-12	1.6669088207899083e-12	1.8507614145310054e-11	4.8333136456253635e-12
sub-6	01	05	sub-6/ses-01/run-05/tsv-row-1	1	right_hand	2	6.324	5.0	1581	2831	sub-6/ses-01/eeg/sub-6_ses-01_task-imagery_run-05_eeg.edf	source_reference_query	207.3948473311563	False	3.390723247587419e-12	1.806943088179825e-12	1.0588532945876684e-11	5.959341633230267e-12
sub-6	01	05	sub-6/ses-01/run-05/tsv-row-2	2	rest	1	13.22	5.0	3305	4555	sub-6/ses-01/eeg/sub-6_ses-01_task-imagery_run-05_eeg.edf	source_reference_query	179.10860640583513	False	2.6258757420344224e-12	1.990140735931336e-12	7.384327034171345e-12	5.011706869675844e-12
sub-6	01	05	sub-6/ses-01/run-05/tsv-row-3	3	rest	1	20.12	5.0	5030	6280	sub-6/ses-01/eeg/sub-6_ses-01_task-imagery_run-05_eeg.edf	source_reference_query	162.565343632313	False	2.519374089279123e-12	2.4036813136486777e-12	5.485316740043471e-12	6.618871947719381e-12
sub-6	01	05	sub-6/ses-01/run-05/tsv-row-4	4	right_hand	2	26.984	5.0	6746	7996	sub-6/ses-01/eeg/sub-6_ses-01_task-imagery_run-05_eeg.edf	source_reference_query	346.4742346598712	False	2.5700967547270963e-12	3.6908288345571794e-12	8.804350825863137e-12	7.503359802954213e-12
sub-6	01	05	sub-6/ses-01/run-05/tsv-row-5	5	right_hand	2	33.864	5.0	8466	9716	sub-6/ses-01/eeg/sub-6_ses-01_task-imagery_run-05_eeg.edf	source_reference_query	353.9485033326212	False	4.370267395009852e-12	1.4219908174892756e-11	1.684593383304797e-11	2.5823719948522482e-11
sub-6	01	05	sub-6/ses-01/run-05/tsv-row-6	6	rest	1	40.784	5.0	10196	11446	sub-6/ses-01/eeg/sub-6_ses-01_task-imagery_run-05_eeg.edf	source_reference_query	213.5160156407361	False	3.1241186878151573e-12	2.467056048870243e-12	9.762626684054833e-12	6.633406579936644e-12
sub-6	01	05	sub-6/ses-01/run-05/tsv-row-7	7	rest	1	47.664	5.0	11916	13166	sub-6/ses-01/eeg/sub-6_ses-01_task-imagery_run-05_eeg.edf	source_reference_query	275.1465155156102	False	3.1141382221552706e-12	1.8582064510651045e-12	7.854979865567277e-12	4.602304614649783e-12
sub-6	01	05	sub-6/ses-01/run-05/tsv-row-8	8	right_hand	2	54.532	5.0	13633	14883	sub-6/ses-01/eeg/sub-6_ses-01_task-imagery_run-05_eeg.edf	source_reference_query	156.2508752708518	False	3.666985074170904e-12	1.8559107655763666e-12	1.0840964582005939e-11	5.1581197651135164e-12
sub-6	01	05	sub-6/ses-01/run-05/tsv-row-9	9	right_hand	2	61.412	5.0	15353	16603	sub-6/ses-01/eeg/sub-6_ses-01_task-imagery_run-05_eeg.edf	source_reference_query	201.61195411236915	False	3.257927497476548e-12	2.415645838217818e-12	8.434456862571182e-12	6.147872250570709e-12
sub-6	01	05	sub-6/ses-01/run-05/tsv-row-10	10	rest	1	68.332	5.0	17083	18333	sub-6/ses-01/eeg/sub-6_ses-01_task-imagery_run-05_eeg.edf	source_reference_query	178.51259791253395	False	2.738609193786594e-12	2.1441904821340372e-12	9.424414592500632e-12	6.262782311763281e-12
sub-6	01	05	sub-6/ses-01/run-05/tsv-row-11	11	right_hand	2	75.196	5.0	18799	20049	sub-6/ses-01/eeg/sub-6_ses-01_task-imagery_run-05_eeg.edf	source_reference_query	129.78487650074769	False	6.1017953968884045e-12	1.5877735873531593e-12	2.1977768884980622e-11	5.946402617905209e-12
sub-6	01	05	sub-6/ses-01/run-05/tsv-row-12	12	rest	1	82.092	5.0	20523	21773	sub-6/ses-01/eeg/sub-6_ses-01_task-imagery_run-05_eeg.edf	source_reference_query	190.94823458357493	False	2.2785796590611816e-12	2.247809573674727e-12	6.834135591098771e-12	7.058552340050377e-12
sub-6	01	05	sub-6/ses-01/run-05/tsv-row-13	13	rest	1	88.992	5.0	22248	23498	sub-6/ses-01/eeg/sub-6_ses-01_task-imagery_run-05_eeg.edf	source_reference_query	162.90361872310558	False	4.523615847436215e-12	2.2989981975476554e-12	1.253044671365823e-11	6.437203113524817e-12
sub-6	01	05	sub-6/ses-01/run-05/tsv-row-14	14	right_hand	2	95.864	5.0	23966	25216	sub-6/ses-01/eeg/sub-6_ses-01_task-imagery_run-05_eeg.edf	source_reference_query	118.26741507614368	False	6.193748478965842e-12	1.6490776629685913e-12	2.1135319262537103e-11	5.117961081632502e-12
sub-6	01	05	sub-6/ses-01/run-05/tsv-row-15	15	right_hand	2	102.744	5.0	25686	26936	sub-6/ses-01/eeg/sub-6_ses-01_task-imagery_run-05_eeg.edf	source_reference_query	228.8672614276559	False	2.8481334714929185e-12	1.8821521487357664e-12	8.522418697213048e-12	5.768496916505508e-12
sub-6	01	05	sub-6/ses-01/run-05/tsv-row-16	16	rest	1	109.66	5.0	27415	28665	sub-6/ses-01/eeg/sub-6_ses-01_task-imagery_run-05_eeg.edf	source_reference_query	198.14866151615954	False	3.6336234905624133e-12	2.5504390554288837e-12	1.0755495580787263e-11	7.687390239408192e-12
sub-6	01	05	sub-6/ses-01/run-05/tsv-row-17	17	rest	1	116.54	5.0	29135	30385	sub-6/ses-01/eeg/sub-6_ses-01_task-imagery_run-05_eeg.edf	source_reference_query	316.1100181768242	False	3.749089253776012e-12	2.919014052309413e-12	1.3447429905969913e-11	8.869084341867624e-12
sub-6	01	05	sub-6/ses-01/run-05/tsv-row-18	18	right_hand	2	123.412	5.0	30853	32103	sub-6/ses-01/eeg/sub-6_ses-01_task-imagery_run-05_eeg.edf	source_reference_query	174.74324690084535	False	5.7692001446071275e-12	2.6334173436839118e-12	1.8839439044066854e-11	7.763611047904418e-12
sub-6	01	05	sub-6/ses-01/run-05/tsv-row-19	19	right_hand	2	130.308	5.0	32577	33827	sub-6/ses-01/eeg/sub-6_ses-01_task-imagery_run-05_eeg.edf	source_reference_query	175.98358890041808	False	5.266808406427032e-12	5.488218168473612e-12	1.4459927239957967e-11	1.1543215643249493e-11
sub-6	01	05	sub-6/ses-01/run-05/tsv-row-20	20	rest	1	137.204	5.0	34301	35551	sub-6/ses-01/eeg/sub-6_ses-01_task-imagery_run-05_eeg.edf	source_reference_query	259.3764529496139	False	1.893935981405673e-12	2.4205506285348043e-12	7.366249131394054e-12	6.0409077506390575e-12
sub-6	01	05	sub-6/ses-01/run-05/tsv-row-21	21	right_hand	2	144.072	5.0	36018	37268	sub-6/ses-01/eeg/sub-6_ses-01_task-imagery_run-05_eeg.edf	source_reference_query	170.6356207983642	False	5.484677266883215e-12	1.9904195480297572e-12	2.4211940490544697e-11	6.008652392466524e-12
sub-6	01	05	sub-6/ses-01/run-05/tsv-row-22	22	rest	1	150.992	5.0	37748	38998	sub-6/ses-01/eeg/sub-6_ses-01_task-imagery_run-05_eeg.edf	source_reference_query	190.1428177007355	False	5.5072305068904e-12	2.3622414736411627e-12	1.3743463855111277e-11	6.912658236216687e-12
sub-6	01	05	sub-6/ses-01/run-05/tsv-row-23	23	rest	1	157.872	5.0	39468	40718	sub-6/ses-01/eeg/sub-6_ses-01_task-imagery_run-05_eeg.edf	source_reference_query	196.57004442579426	False	3.2360337990778068e-12	1.538858257974734e-12	1.0311072240104546e-11	5.132686333723197e-12
sub-6	01	05	sub-6/ses-01/run-05/tsv-row-24	24	right_hand	2	164.736	5.0	41184	42434	sub-6/ses-01/eeg/sub-6_ses-01_task-imagery_run-05_eeg.edf	source_reference_query	218.26797524948879	False	7.396098740680487e-12	1.9559342654760466e-12	2.1200858339196754e-11	6.580073473321249e-12
sub-6	01	05	sub-6/ses-01/run-05/tsv-row-25	25	rest	1	171.648	5.0	42912	44162	sub-6/ses-01/eeg/sub-6_ses-01_task-imagery_run-05_eeg.edf	source_reference_query	148.4222231696524	False	6.8419879589662635e-12	3.121742498840099e-12	2.516946280894338e-11	8.556010908164706e-12
sub-6	01	05	sub-6/ses-01/run-05/tsv-row-26	26	right_hand	2	178.516	5.0	44629	45879	sub-6/ses-01/eeg/sub-6_ses-01_task-imagery_run-05_eeg.edf	source_reference_query	336.9219904293954	False	7.613929967151571e-12	3.137725798183005e-12	2.8789496042017384e-11	1.2759354490763889e-11
sub-6	01	05	sub-6/ses-01/run-05/tsv-row-27	27	right_hand	2	185.404	5.0	46351	47601	sub-6/ses-01/eeg/sub-6_ses-01_task-imagery_run-05_eeg.edf	source_reference_query	212.50119036835844	False	3.1489005997481913e-12	3.6121350076044595e-12	1.0921032707127169e-11	7.987697906889903e-12
sub-6	01	05	sub-6/ses-01/run-05/tsv-row-28	28	rest	1	192.316	5.0	48079	49329	sub-6/ses-01/eeg/sub-6_ses-01_task-imagery_run-05_eeg.edf	source_reference_query	211.0675483169042	False	3.5721555392212456e-12	2.0916028911463553e-12	1.06629885391513e-11	6.676420371551762e-12
sub-6	01	05	sub-6/ses-01/run-05/tsv-row-29	29	rest	1	199.2	5.0	49800	51050	sub-6/ses-01/eeg/sub-6_ses-01_task-imagery_run-05_eeg.edf	source_reference_query	248.90603347270118	False	2.424138145058396e-12	1.7450011373020906e-12	1.0545943559427419e-11	4.587256515839846e-12
sub-6	01	05	sub-6/ses-01/run-05/tsv-row-30	30	right_hand	2	206.072	5.0	51518	52768	sub-6/ses-01/eeg/sub-6_ses-01_task-imagery_run-05_eeg.edf	source_reference_query	182.44303230079043	False	3.45723021612923e-12	2.0909158599582252e-12	9.016388242704874e-12	6.280475477730042e-12
sub-6	01	05	sub-6/ses-01/run-05/tsv-row-31	31	right_hand	2	212.968	5.0	53242	54492	sub-6/ses-01/eeg/sub-6_ses-01_task-imagery_run-05_eeg.edf	source_reference_query	241.86668991668446	False	6.800618919022473e-12	2.0877819110419634e-12	2.656566663413834e-11	6.3157170493987285e-12
sub-6	01	05	sub-6/ses-01/run-05/tsv-row-32	32	rest	1	219.864	5.0	54966	56216	sub-6/ses-01/eeg/sub-6_ses-01_task-imagery_run-05_eeg.edf	source_reference_query	194.21822712790308	False	2.6341591035406235e-12	1.9991643410486046e-12	8.971539283709438e-12	5.022481408657931e-12
sub-6	01	06	sub-6/ses-01/run-06/tsv-row-1	1	right_hand	2	4.188	5.0	1047	2297	sub-6/ses-01/eeg/sub-6_ses-01_task-imagery_run-06_eeg.edf	source_reference_query	226.81752768028812	False	1.347025644827909e-12	1.6770606839603341e-12	5.468774353406905e-12	5.226789341903734e-12
sub-6	01	06	sub-6/ses-01/run-06/tsv-row-2	2	rest	1	11.092	5.0	2773	4023	sub-6/ses-01/eeg/sub-6_ses-01_task-imagery_run-06_eeg.edf	source_reference_query	244.0014603106784	False	1.811462101703014e-12	1.5573379491491237e-12	6.262802624213494e-12	4.459416666580189e-12
sub-6	01	06	sub-6/ses-01/run-06/tsv-row-3	3	rest	1	17.992	5.0	4498	5748	sub-6/ses-01/eeg/sub-6_ses-01_task-imagery_run-06_eeg.edf	source_reference_query	272.19141625721	False	2.1197138380082947e-12	2.017895586050664e-12	6.6750911196557054e-12	5.849854100722072e-12
sub-6	01	06	sub-6/ses-01/run-06/tsv-row-4	4	right_hand	2	24.856	5.0	6214	7464	sub-6/ses-01/eeg/sub-6_ses-01_task-imagery_run-06_eeg.edf	source_reference_query	253.70960351878418	False	3.5093416257489343e-12	2.2950233944170515e-12	1.426546941367127e-11	7.952509228963543e-12
sub-6	01	06	sub-6/ses-01/run-06/tsv-row-5	5	rest	1	31.752	5.0	7938	9188	sub-6/ses-01/eeg/sub-6_ses-01_task-imagery_run-06_eeg.edf	source_reference_query	197.7450132602924	False	4.006037809544878e-12	3.9963307836823396e-12	9.375115125373523e-12	8.214694563788848e-12
sub-6	01	06	sub-6/ses-01/run-06/tsv-row-6	6	right_hand	2	38.632	5.0	9658	10908	sub-6/ses-01/eeg/sub-6_ses-01_task-imagery_run-06_eeg.edf	source_reference_query	200.75609511093478	False	2.1478045888757577e-12	1.8342275284981675e-12	6.8841791063285676e-12	5.272421967325236e-12
sub-6	01	06	sub-6/ses-01/run-06/tsv-row-7	7	rest	1	45.536	5.0	11384	12634	sub-6/ses-01/eeg/sub-6_ses-01_task-imagery_run-06_eeg.edf	source_reference_query	176.09637305825984	False	2.9227732636862666e-12	2.1592076314423814e-12	7.074762606093775e-12	5.253178241084802e-12
sub-6	01	06	sub-6/ses-01/run-06/tsv-row-8	8	right_hand	2	52.404	5.0	13101	14351	sub-6/ses-01/eeg/sub-6_ses-01_task-imagery_run-06_eeg.edf	source_reference_query	178.22489643543813	False	4.297250294193971e-12	2.2839691728661377e-12	1.5387008500925062e-11	7.005362813640779e-12
sub-6	01	06	sub-6/ses-01/run-06/tsv-row-9	9	rest	1	59.316	5.0	14829	16079	sub-6/ses-01/eeg/sub-6_ses-01_task-imagery_run-06_eeg.edf	source_reference_query	275.87739576403095	False	2.2723119297358897e-12	3.1388556883631922e-12	6.884709243248063e-12	6.8585829006061575e-12
sub-6	01	06	sub-6/ses-01/run-06/tsv-row-10	10	right_hand	2	66.18	5.0	16545	17795	sub-6/ses-01/eeg/sub-6_ses-01_task-imagery_run-06_eeg.edf	source_reference_query	259.88751283303327	False	2.236395942743736e-12	2.1658932169248694e-12	7.563664943347587e-12	5.926312025608586e-12
sub-6	01	06	sub-6/ses-01/run-06/tsv-row-11	11	rest	1	73.084	5.0	18271	19521	sub-6/ses-01/eeg/sub-6_ses-01_task-imagery_run-06_eeg.edf	source_reference_query	229.04988146610924	False	2.732343445649843e-12	2.466740400924048e-12	7.285609674445575e-12	7.184056723382368e-12
sub-6	01	06	sub-6/ses-01/run-06/tsv-row-12	12	right_hand	2	79.968	5.0	19992	21242	sub-6/ses-01/eeg/sub-6_ses-01_task-imagery_run-06_eeg.edf	source_reference_query	207.2454956511124	False	4.974830159613339e-12	2.0694532649883936e-12	1.882160327089337e-11	6.753594555214767e-12
sub-6	01	06	sub-6/ses-01/run-06/tsv-row-13	13	right_hand	2	86.848	5.0	21712	22962	sub-6/ses-01/eeg/sub-6_ses-01_task-imagery_run-06_eeg.edf	source_reference_query	143.70128556169314	False	3.5362655582413366e-12	1.6324687242277375e-12	8.563073263767456e-12	5.169521017783731e-12
sub-6	01	06	sub-6/ses-01/run-06/tsv-row-14	14	rest	1	93.744	5.0	23436	24686	sub-6/ses-01/eeg/sub-6_ses-01_task-imagery_run-06_eeg.edf	source_reference_query	248.77765910824914	False	3.0908346266929123e-12	1.894925046682083e-12	1.2066809641686544e-11	5.043510634672349e-12
sub-6	01	06	sub-6/ses-01/run-06/tsv-row-15	15	rest	1	100.648	5.0	25162	26412	sub-6/ses-01/eeg/sub-6_ses-01_task-imagery_run-06_eeg.edf	source_reference_query	171.73549589526047	False	4.047655208433851e-12	2.798078618361337e-12	1.2817782887791026e-11	8.751880863135613e-12
sub-6	01	06	sub-6/ses-01/run-06/tsv-row-16	16	right_hand	2	107.516	5.0	26879	28129	sub-6/ses-01/eeg/sub-6_ses-01_task-imagery_run-06_eeg.edf	source_reference_query	278.31741036713765	False	4.000421472778071e-12	2.3805309801895073e-12	1.3413057306219982e-11	7.724883648786823e-12
sub-6	01	06	sub-6/ses-01/run-06/tsv-row-17	17	right_hand	2	114.396	5.0	28599	29849	sub-6/ses-01/eeg/sub-6_ses-01_task-imagery_run-06_eeg.edf	source_reference_query	264.09264438306826	False	3.948974805235078e-12	4.1592139193621084e-12	1.1900368844291897e-11	1.0961986504953513e-11
sub-6	01	06	sub-6/ses-01/run-06/tsv-row-18	18	rest	1	121.292	5.0	30323	31573	sub-6/ses-01/eeg/sub-6_ses-01_task-imagery_run-06_eeg.edf	source_reference_query	326.70238079470204	False	4.162451800967816e-12	8.230607790330153e-12	1.3254160952517058e-11	1.4469278477069219e-11
sub-6	01	06	sub-6/ses-01/run-06/tsv-row-19	19	rest	1	128.196	5.0	32049	33299	sub-6/ses-01/eeg/sub-6_ses-01_task-imagery_run-06_eeg.edf	source_reference_query	325.0410942564165	False	3.1638755130459488e-12	8.7281106136398e-12	6.887155508346308e-12	1.3644332319656803e-11
sub-6	01	06	sub-6/ses-01/run-06/tsv-row-20	20	right_hand	2	135.06	5.0	33765	35015	sub-6/ses-01/eeg/sub-6_ses-01_task-imagery_run-06_eeg.edf	source_reference_query	209.42593423261206	False	5.744307900109866e-12	2.7911166525968968e-12	1.8906336269550694e-11	9.221140760081415e-12
sub-6	01	06	sub-6/ses-01/run-06/tsv-row-21	21	right_hand	2	141.944	5.0	35486	36736	sub-6/ses-01/eeg/sub-6_ses-01_task-imagery_run-06_eeg.edf	source_reference_query	188.0887852565081	False	4.493323605543926e-12	2.0310663633500824e-12	1.1968951013000124e-11	5.521239010720786e-12
sub-6	01	06	sub-6/ses-01/run-06/tsv-row-22	22	rest	1	148.856	5.0	37214	38464	sub-6/ses-01/eeg/sub-6_ses-01_task-imagery_run-06_eeg.edf	source_reference_query	145.15491128269295	False	3.4899309808572615e-12	2.05923111816882e-12	1.1400256331799592e-11	5.9466220266720975e-12
sub-6	01	06	sub-6/ses-01/run-06/tsv-row-23	23	right_hand	2	155.728	5.0	38932	40182	sub-6/ses-01/eeg/sub-6_ses-01_task-imagery_run-06_eeg.edf	source_reference_query	111.0466220435194	False	5.592116798510684e-12	3.1834372371309684e-12	1.4322729891496348e-11	6.227910801977679e-12
sub-6	01	06	sub-6/ses-01/run-06/tsv-row-24	24	rest	1	162.624	5.0	40656	41906	sub-6/ses-01/eeg/sub-6_ses-01_task-imagery_run-06_eeg.edf	source_reference_query	145.9336393475143	False	5.581333217594476e-12	2.697502356421508e-12	1.76992609161337e-11	7.042012384534787e-12
sub-6	01	06	sub-6/ses-01/run-06/tsv-row-25	25	right_hand	2	169.508	5.0	42377	43627	sub-6/ses-01/eeg/sub-6_ses-01_task-imagery_run-06_eeg.edf	source_reference_query	150.9694141666921	False	4.1169345036891024e-12	1.6291198667715602e-12	1.3025680942379405e-11	4.795513975549396e-12
sub-6	01	06	sub-6/ses-01/run-06/tsv-row-26	26	rest	1	176.404	5.0	44101	45351	sub-6/ses-01/eeg/sub-6_ses-01_task-imagery_run-06_eeg.edf	source_reference_query	175.10998417615286	False	4.815023906811722e-12	2.719043523979793e-12	1.1254731524452935e-11	6.567970904341197e-12
sub-6	01	06	sub-6/ses-01/run-06/tsv-row-27	27	right_hand	2	183.276	5.0	45819	47069	sub-6/ses-01/eeg/sub-6_ses-01_task-imagery_run-06_eeg.edf	source_reference_query	190.6326302682577	False	2.7803502272931883e-12	1.88476857689036e-12	9.776149955305922e-12	5.489672373722776e-12
sub-6	01	06	sub-6/ses-01/run-06/tsv-row-28	28	rest	1	190.188	5.0	47547	48797	sub-6/ses-01/eeg/sub-6_ses-01_task-imagery_run-06_eeg.edf	source_reference_query	182.3781127811518	False	4.8734421691365164e-12	2.1261101301300548e-12	1.257708480153419e-11	6.343952172368276e-12
sub-6	01	06	sub-6/ses-01/run-06/tsv-row-29	29	rest	1	197.072	5.0	49268	50518	sub-6/ses-01/eeg/sub-6_ses-01_task-imagery_run-06_eeg.edf	source_reference_query	302.8733020111698	False	4.591593269761775e-12	2.26312995251865e-12	1.0357269771278822e-11	6.587956700787046e-12
sub-6	01	06	sub-6/ses-01/run-06/tsv-row-30	30	right_hand	2	203.936	5.0	50984	52234	sub-6/ses-01/eeg/sub-6_ses-01_task-imagery_run-06_eeg.edf	source_reference_query	330.3364450972015	False	4.874684932931053e-12	2.901487460044583e-12	1.5524605960554595e-11	8.23672063483322e-12
sub-6	01	06	sub-6/ses-01/run-06/tsv-row-31	31	right_hand	2	210.832	5.0	52708	53958	sub-6/ses-01/eeg/sub-6_ses-01_task-imagery_run-06_eeg.edf	source_reference_query	1947.8584661397138	True	6.7401428564412005e-12	2.7183839439560633e-12	2.285436696707252e-11	7.105661165023954e-12
sub-6	01	06	sub-6/ses-01/run-06/tsv-row-32	32	rest	1	217.736	5.0	54434	55684	sub-6/ses-01/eeg/sub-6_ses-01_task-imagery_run-06_eeg.edf	source_reference_query	272.55482268745993	False	1.80951684933656e-12	2.1478052227052955e-12	6.7132586588850976e-12	5.7320839930208545e-12
sub-6	02	01	sub-6/ses-02/run-01/tsv-row-1	1	right_hand	2	6.288	5.0	1572	2822	sub-6/ses-02/eeg/sub-6_ses-02_task-imagery_run-01_eeg.edf	validation_no_selection	273.2494320413831	False	2.022936290472837e-12	2.3068650182996648e-12	5.589183979752404e-12	6.66801102333871e-12
sub-6	02	01	sub-6/ses-02/run-01/tsv-row-2	2	rest	1	13.192	5.0	3298	4548	sub-6/ses-02/eeg/sub-6_ses-02_task-imagery_run-01_eeg.edf	validation_no_selection	171.92516175267798	False	2.2078754258886826e-12	3.5136218077865382e-12	7.507323797033413e-12	7.544578151292005e-12
sub-6	02	01	sub-6/ses-02/run-01/tsv-row-3	3	right_hand	2	20.076	5.0	5019	6269	sub-6/ses-02/eeg/sub-6_ses-02_task-imagery_run-01_eeg.edf	validation_no_selection	176.7654465651418	False	2.4608129781795296e-12	1.90853344350994e-12	7.886692794454992e-12	4.486344107862942e-12
sub-6	02	01	sub-6/ses-02/run-01/tsv-row-4	4	rest	1	26.968	5.0	6742	7992	sub-6/ses-02/eeg/sub-6_ses-02_task-imagery_run-01_eeg.edf	validation_no_selection	253.873669574572	False	3.5262603153977273e-12	1.9333389468202795e-12	1.0552503274764515e-11	5.728042005579515e-12
sub-6	02	01	sub-6/ses-02/run-01/tsv-row-5	5	right_hand	2	33.836	5.0	8459	9709	sub-6/ses-02/eeg/sub-6_ses-02_task-imagery_run-01_eeg.edf	validation_no_selection	219.61147224646746	False	5.641414735520843e-12	1.8567320452507424e-12	2.361125792833687e-11	5.827186968506386e-12
sub-6	02	01	sub-6/ses-02/run-01/tsv-row-6	6	rest	1	40.756	5.0	10189	11439	sub-6/ses-02/eeg/sub-6_ses-02_task-imagery_run-01_eeg.edf	validation_no_selection	214.66882491531112	False	8.78560963837816e-12	1.954514876237444e-12	3.7245134001154036e-11	5.522521586064901e-12
sub-6	02	01	sub-6/ses-02/run-01/tsv-row-7	7	right_hand	2	47.624	5.0	11906	13156	sub-6/ses-02/eeg/sub-6_ses-02_task-imagery_run-01_eeg.edf	validation_no_selection	127.54369829096345	False	4.562096177381517e-12	1.8826754539525073e-12	1.585543458779174e-11	5.884570040950721e-12
sub-6	02	01	sub-6/ses-02/run-01/tsv-row-8	8	rest	1	54.516	5.0	13629	14879	sub-6/ses-02/eeg/sub-6_ses-02_task-imagery_run-01_eeg.edf	validation_no_selection	220.09403840601826	False	3.541985161211401e-12	2.978790134844098e-12	1.156152655565468e-11	6.8904937764848835e-12
sub-6	02	01	sub-6/ses-02/run-01/tsv-row-9	9	rest	1	61.416	5.0	15354	16604	sub-6/ses-02/eeg/sub-6_ses-02_task-imagery_run-01_eeg.edf	validation_no_selection	201.27395818353833	False	4.7619378679465305e-12	3.3405103865824787e-12	1.5825255035601055e-11	8.81493503794471e-12
sub-6	02	01	sub-6/ses-02/run-01/tsv-row-10	10	right_hand	2	68.288	5.0	17072	18322	sub-6/ses-02/eeg/sub-6_ses-02_task-imagery_run-01_eeg.edf	validation_no_selection	273.4980267296365	False	4.407811677098797e-12	1.636029851368378e-12	2.034145439713973e-11	4.978854689716322e-12
sub-6	02	01	sub-6/ses-02/run-01/tsv-row-11	11	rest	1	75.184	5.0	18796	20046	sub-6/ses-02/eeg/sub-6_ses-02_task-imagery_run-01_eeg.edf	validation_no_selection	220.85444568773457	False	3.6966370090773e-12	3.99241125656842e-12	8.8088387718536e-12	8.527174573986922e-12
sub-6	02	01	sub-6/ses-02/run-01/tsv-row-12	12	right_hand	2	82.052	5.0	20513	21763	sub-6/ses-02/eeg/sub-6_ses-02_task-imagery_run-01_eeg.edf	validation_no_selection	103.34227422864467	False	8.46522613240078e-12	2.4269015814067713e-12	2.956818523458064e-11	6.8887480163621545e-12
sub-6	02	01	sub-6/ses-02/run-01/tsv-row-13	13	right_hand	2	88.948	5.0	22237	23487	sub-6/ses-02/eeg/sub-6_ses-02_task-imagery_run-01_eeg.edf	validation_no_selection	194.31330691244236	False	4.9089965372143975e-12	1.7354287920348175e-12	1.5474933364257397e-11	5.0436959928948785e-12
sub-6	02	01	sub-6/ses-02/run-01/tsv-row-14	14	rest	1	95.852	5.0	23963	25213	sub-6/ses-02/eeg/sub-6_ses-02_task-imagery_run-01_eeg.edf	validation_no_selection	227.0400664601581	False	6.838260447123414e-12	2.8825212116127927e-12	2.298494903435849e-11	7.121879392871902e-12
sub-6	02	01	sub-6/ses-02/run-01/tsv-row-15	15	right_hand	2	102.716	5.0	25679	26929	sub-6/ses-02/eeg/sub-6_ses-02_task-imagery_run-01_eeg.edf	validation_no_selection	167.8599074388867	False	6.473481535482792e-12	2.60024115149431e-12	1.8895232728560412e-11	6.837942896620591e-12
sub-6	02	01	sub-6/ses-02/run-01/tsv-row-16	16	rest	1	109.628	5.0	27407	28657	sub-6/ses-02/eeg/sub-6_ses-02_task-imagery_run-01_eeg.edf	validation_no_selection	302.9053160283211	False	5.137857993332137e-12	2.112208368651913e-12	1.4211442423388657e-11	6.895947966277711e-12
sub-6	02	01	sub-6/ses-02/run-01/tsv-row-17	17	right_hand	2	116.496	5.0	29124	30374	sub-6/ses-02/eeg/sub-6_ses-02_task-imagery_run-01_eeg.edf	validation_no_selection	359.2924406109806	False	8.706206657122635e-12	3.007588704745105e-12	2.3892155938218754e-11	8.513654256214535e-12
sub-6	02	01	sub-6/ses-02/run-01/tsv-row-18	18	rest	1	123.4	5.0	30850	32100	sub-6/ses-02/eeg/sub-6_ses-02_task-imagery_run-01_eeg.edf	validation_no_selection	240.1863385036775	False	3.5026684679557384e-12	1.8638493716463816e-12	9.27280283022262e-12	5.1973155471620235e-12
sub-6	02	01	sub-6/ses-02/run-01/tsv-row-19	19	right_hand	2	130.28	5.0	32570	33820	sub-6/ses-02/eeg/sub-6_ses-02_task-imagery_run-01_eeg.edf	validation_no_selection	151.68662948545793	False	7.067040256043302e-12	1.9142867306652914e-12	2.042768222620325e-11	5.295944260391124e-12
sub-6	02	01	sub-6/ses-02/run-01/tsv-row-20	20	rest	1	137.176	5.0	34294	35544	sub-6/ses-02/eeg/sub-6_ses-02_task-imagery_run-01_eeg.edf	validation_no_selection	215.63395723441266	False	3.6840413855909884e-12	2.5144804331016576e-12	1.1324968810804982e-11	7.805924524078565e-12
sub-6	02	01	sub-6/ses-02/run-01/tsv-row-21	21	right_hand	2	144.044	5.0	36011	37261	sub-6/ses-02/eeg/sub-6_ses-02_task-imagery_run-01_eeg.edf	validation_no_selection	171.95440818659014	False	9.144497377638342e-12	2.4490738251938e-12	4.2258614014252774e-11	7.1134530738116984e-12
sub-6	02	01	sub-6/ses-02/run-01/tsv-row-22	22	rest	1	150.956	5.0	37739	38989	sub-6/ses-02/eeg/sub-6_ses-02_task-imagery_run-01_eeg.edf	validation_no_selection	253.39110341502118	False	7.533093178040645e-12	2.3601624194611082e-12	1.759506905639859e-11	6.569199659480797e-12
sub-6	02	01	sub-6/ses-02/run-01/tsv-row-23	23	right_hand	2	157.828	5.0	39457	40707	sub-6/ses-02/eeg/sub-6_ses-02_task-imagery_run-01_eeg.edf	validation_no_selection	149.8148577150792	False	6.6209420277741746e-12	2.1184171049932193e-12	2.738354987729769e-11	7.525320029955591e-12
sub-6	02	01	sub-6/ses-02/run-01/tsv-row-24	24	rest	1	164.724	5.0	41181	42431	sub-6/ses-02/eeg/sub-6_ses-02_task-imagery_run-01_eeg.edf	validation_no_selection	283.7342785988953	False	6.403143294129911e-12	4.594481219374806e-12	2.081906600427283e-11	9.355172882897034e-12
sub-6	02	01	sub-6/ses-02/run-01/tsv-row-25	25	rest	1	171.62	5.0	42905	44155	sub-6/ses-02/eeg/sub-6_ses-02_task-imagery_run-01_eeg.edf	validation_no_selection	228.4731417218543	False	2.979887308927176e-12	2.9670629060280667e-12	7.44929925548972e-12	7.328753245139396e-12
sub-6	02	01	sub-6/ses-02/run-01/tsv-row-26	26	right_hand	2	178.496	5.0	44624	45874	sub-6/ses-02/eeg/sub-6_ses-02_task-imagery_run-01_eeg.edf	validation_no_selection	219.2166453886532	False	5.3443926040956405e-12	3.109852483355973e-12	1.3661651030932509e-11	7.281184545063856e-12
sub-6	02	01	sub-6/ses-02/run-01/tsv-row-27	27	right_hand	2	185.376	5.0	46344	47594	sub-6/ses-02/eeg/sub-6_ses-02_task-imagery_run-01_eeg.edf	validation_no_selection	345.6782256248664	False	7.368155222369974e-12	6.682637753038507e-12	2.2599421139611764e-11	1.3980843356427139e-11
sub-6	02	01	sub-6/ses-02/run-01/tsv-row-28	28	rest	1	192.288	5.0	48072	49322	sub-6/ses-02/eeg/sub-6_ses-02_task-imagery_run-01_eeg.edf	validation_no_selection	182.74634230018003	False	4.546606661052358e-12	2.56844875624635e-12	1.064762392411645e-11	7.049834179282457e-12
sub-6	02	01	sub-6/ses-02/run-01/tsv-row-29	29	rest	1	199.168	5.0	49792	51042	sub-6/ses-02/eeg/sub-6_ses-02_task-imagery_run-01_eeg.edf	validation_no_selection	226.96695037537768	False	6.3742368592699986e-12	4.564751578652858e-12	2.072244856950135e-11	1.0468141888549273e-11
sub-6	02	01	sub-6/ses-02/run-01/tsv-row-30	30	right_hand	2	206.036	5.0	51509	52759	sub-6/ses-02/eeg/sub-6_ses-02_task-imagery_run-01_eeg.edf	validation_no_selection	185.40776778618732	False	4.730042902068393e-12	1.895204345005527e-12	1.027251004964744e-11	6.5298922548097716e-12
sub-6	02	01	sub-6/ses-02/run-01/tsv-row-31	31	right_hand	2	212.94	5.0	53235	54485	sub-6/ses-02/eeg/sub-6_ses-02_task-imagery_run-01_eeg.edf	validation_no_selection	241.41468872798848	False	5.67343772870275e-12	2.1956894946972553e-12	2.1891721973235253e-11	7.036323078039032e-12
sub-6	02	01	sub-6/ses-02/run-01/tsv-row-32	32	rest	1	219.836	5.0	54959	56209	sub-6/ses-02/eeg/sub-6_ses-02_task-imagery_run-01_eeg.edf	validation_no_selection	157.8576270409253	False	3.441238485307165e-12	2.097077602130614e-12	5.8243986214623886e-12	6.320793341413696e-12
sub-6	02	02	sub-6/ses-02/run-02/tsv-row-1	1	right_hand	2	5.928	5.0	1482	2732	sub-6/ses-02/eeg/sub-6_ses-02_task-imagery_run-02_eeg.edf	validation_no_selection	357.9946532258064	False	3.934497227456419e-12	2.064610993469283e-12	1.2695548533080073e-11	6.775847406169177e-12
sub-6	02	02	sub-6/ses-02/run-02/tsv-row-2	2	rest	1	12.824	5.0	3206	4456	sub-6/ses-02/eeg/sub-6_ses-02_task-imagery_run-02_eeg.edf	validation_no_selection	289.7065702764977	False	2.5393397562360466e-12	2.8052391718894392e-12	9.189489998035452e-12	6.819368485230587e-12
sub-6	02	02	sub-6/ses-02/run-02/tsv-row-3	3	rest	1	19.72	5.0	4930	6180	sub-6/ses-02/eeg/sub-6_ses-02_task-imagery_run-02_eeg.edf	validation_no_selection	213.62216589861748	False	1.95666770164298e-12	2.3441047145013586e-12	4.288270020370484e-12	4.981095771103945e-12
sub-6	02	02	sub-6/ses-02/run-02/tsv-row-4	4	right_hand	2	26.588	5.0	6647	7897	sub-6/ses-02/eeg/sub-6_ses-02_task-imagery_run-02_eeg.edf	validation_no_selection	324.23525	False	4.553184837732525e-12	2.488107519032737e-12	1.9137820359507968e-11	7.396381250031979e-12
sub-6	02	02	sub-6/ses-02/run-02/tsv-row-5	5	right_hand	2	33.476	5.0	8369	9619	sub-6/ses-02/eeg/sub-6_ses-02_task-imagery_run-02_eeg.edf	validation_no_selection	176.96318202764976	False	4.397169192811904e-12	2.083584720924029e-12	1.898706509417326e-11	6.611309147344436e-12
sub-6	02	02	sub-6/ses-02/run-02/tsv-row-6	6	rest	1	40.388	5.0	10097	11347	sub-6/ses-02/eeg/sub-6_ses-02_task-imagery_run-02_eeg.edf	validation_no_selection	249.45269815668203	False	3.4794219995333385e-12	2.901719480741613e-12	7.724084543068374e-12	7.731335950811785e-12
sub-6	02	02	sub-6/ses-02/run-02/tsv-row-7	7	rest	1	47.268	5.0	11817	13067	sub-6/ses-02/eeg/sub-6_ses-02_task-imagery_run-02_eeg.edf	validation_no_selection	255.44417857142855	False	4.4793434768000324e-12	2.7209984229596376e-12	1.1634164289042907e-11	6.35460479029116e-12
sub-6	02	02	sub-6/ses-02/run-02/tsv-row-8	8	right_hand	2	54.136	5.0	13534	14784	sub-6/ses-02/eeg/sub-6_ses-02_task-imagery_run-02_eeg.edf	validation_no_selection	240.56163709677418	False	9.149562249555206e-12	2.554834286369719e-12	4.197914578628195e-11	8.334696994455997e-12
sub-6	02	02	sub-6/ses-02/run-02/tsv-row-9	9	rest	1	61.044	5.0	15261	16511	sub-6/ses-02/eeg/sub-6_ses-02_task-imagery_run-02_eeg.edf	validation_no_selection	283.1233387096774	False	3.5874925405560268e-12	2.847464526790567e-12	1.0342101230366126e-11	6.966931262052303e-12
sub-6	02	02	sub-6/ses-02/run-02/tsv-row-10	10	right_hand	2	67.92	5.0	16980	18230	sub-6/ses-02/eeg/sub-6_ses-02_task-imagery_run-02_eeg.edf	validation_no_selection	251.81970276497694	False	4.306241685579872e-12	2.1049576354579296e-12	1.0978589168866332e-11	4.926853179905601e-12
sub-6	02	02	sub-6/ses-02/run-02/tsv-row-11	11	right_hand	2	74.8	5.0	18700	19950	sub-6/ses-02/eeg/sub-6_ses-02_task-imagery_run-02_eeg.edf	validation_no_selection	211.95046889400922	False	6.598807751168222e-12	2.1484491380731902e-12	1.7969713471835385e-11	7.55833514036182e-12
sub-6	02	02	sub-6/ses-02/run-02/tsv-row-12	12	rest	1	81.712	5.0	20428	21678	sub-6/ses-02/eeg/sub-6_ses-02_task-imagery_run-02_eeg.edf	validation_no_selection	195.82525	False	3.658302914399741e-12	2.438233006266355e-12	9.942649526613814e-12	6.636150912226408e-12
sub-6	02	02	sub-6/ses-02/run-02/tsv-row-13	13	right_hand	2	88.588	5.0	22147	23397	sub-6/ses-02/eeg/sub-6_ses-02_task-imagery_run-02_eeg.edf	validation_no_selection	267.84136520737326	False	2.1482282580750355e-12	2.0754162097848082e-12	6.764940378488618e-12	4.54729765304417e-12
sub-6	02	02	sub-6/ses-02/run-02/tsv-row-14	14	rest	1	95.484	5.0	23871	25121	sub-6/ses-02/eeg/sub-6_ses-02_task-imagery_run-02_eeg.edf	validation_no_selection	271.70254147465437	False	2.805475940647192e-12	2.6495748622542033e-12	1.0080354941695908e-11	6.776221152131324e-12
sub-6	02	02	sub-6/ses-02/run-02/tsv-row-15	15	rest	1	102.38	5.0	25595	26845	sub-6/ses-02/eeg/sub-6_ses-02_task-imagery_run-02_eeg.edf	validation_no_selection	278.1822165898617	False	4.316948126446342e-12	2.1203113230618684e-12	9.392911476007053e-12	5.136801839033493e-12
sub-6	02	02	sub-6/ses-02/run-02/tsv-row-16	16	right_hand	2	109.248	5.0	27312	28562	sub-6/ses-02/eeg/sub-6_ses-02_task-imagery_run-02_eeg.edf	validation_no_selection	252.55939170506906	False	1.3974730005464531e-11	2.5150846862865035e-12	4.11376675617479e-11	9.18054471473026e-12
sub-6	02	02	sub-6/ses-02/run-02/tsv-row-17	17	right_hand	2	116.128	5.0	29032	30282	sub-6/ses-02/eeg/sub-6_ses-02_task-imagery_run-02_eeg.edf	validation_no_selection	259.6456117511521	False	2.6329135759881553e-12	2.4708987817531215e-12	7.0744216675923765e-12	7.031242973303154e-12
sub-6	02	02	sub-6/ses-02/run-02/tsv-row-18	18	rest	1	123.048	5.0	30762	32012	sub-6/ses-02/eeg/sub-6_ses-02_task-imagery_run-02_eeg.edf	validation_no_selection	199.83436405529955	False	5.1174395280556175e-12	2.4526064281662167e-12	1.6107142098899318e-11	7.415575417797316e-12
sub-6	02	02	sub-6/ses-02/run-02/tsv-row-19	19	rest	1	129.928	5.0	32482	33732	sub-6/ses-02/eeg/sub-6_ses-02_task-imagery_run-02_eeg.edf	validation_no_selection	221.61080645161292	False	6.157065632010365e-12	3.840724216090227e-12	1.747487616537336e-11	9.334889671073226e-12
sub-6	02	02	sub-6/ses-02/run-02/tsv-row-20	20	right_hand	2	136.792	5.0	34198	35448	sub-6/ses-02/eeg/sub-6_ses-02_task-imagery_run-02_eeg.edf	validation_no_selection	145.42284562211984	False	4.551276051297852e-12	1.8877250425074526e-12	1.1425582553134971e-11	6.190685443254494e-12
sub-6	02	02	sub-6/ses-02/run-02/tsv-row-21	21	rest	1	143.696	5.0	35924	37174	sub-6/ses-02/eeg/sub-6_ses-02_task-imagery_run-02_eeg.edf	validation_no_selection	291.851668202765	False	3.1681043204367833e-12	2.9547208407814382e-12	6.735120675034197e-12	5.935653832898275e-12
sub-6	02	02	sub-6/ses-02/run-02/tsv-row-22	22	right_hand	2	150.58	5.0	37645	38895	sub-6/ses-02/eeg/sub-6_ses-02_task-imagery_run-02_eeg.edf	validation_no_selection	210.32315322580644	False	3.3388655569039993e-12	2.1342083411271897e-12	1.1496063401974108e-11	5.34825231999711e-12
sub-6	02	02	sub-6/ses-02/run-02/tsv-row-23	23	rest	1	157.476	5.0	39369	40619	sub-6/ses-02/eeg/sub-6_ses-02_task-imagery_run-02_eeg.edf	validation_no_selection	348.497047235023	False	3.9428336612139395e-12	3.2862613069538607e-12	9.171420292301475e-12	7.74756882751707e-12
sub-6	02	02	sub-6/ses-02/run-02/tsv-row-24	24	right_hand	2	164.34	5.0	41085	42335	sub-6/ses-02/eeg/sub-6_ses-02_task-imagery_run-02_eeg.edf	validation_no_selection	232.86887211981565	False	1.2124461945794042e-11	3.1068381358752257e-12	4.666862675654456e-11	9.433172997895016e-12
sub-6	02	02	sub-6/ses-02/run-02/tsv-row-25	25	right_hand	2	171.24	5.0	42810	44060	sub-6/ses-02/eeg/sub-6_ses-02_task-imagery_run-02_eeg.edf	validation_no_selection	240.6060184331797	False	3.7587602751607455e-12	1.884012552450184e-12	1.2562884229738296e-11	5.078681772348262e-12
sub-6	02	02	sub-6/ses-02/run-02/tsv-row-26	26	rest	1	178.14	5.0	44535	45785	sub-6/ses-02/eeg/sub-6_ses-02_task-imagery_run-02_eeg.edf	validation_no_selection	191.93448617511518	False	2.615724637267293e-12	2.8373936895352036e-12	6.574347740071581e-12	7.486189929214799e-12
sub-6	02	02	sub-6/ses-02/run-02/tsv-row-27	27	rest	1	185.024	5.0	46256	47506	sub-6/ses-02/eeg/sub-6_ses-02_task-imagery_run-02_eeg.edf	validation_no_selection	313.05115322580644	False	3.0803270596699518e-12	2.1635713576765917e-12	6.920819352918109e-12	6.372771653138534e-12
sub-6	02	02	sub-6/ses-02/run-02/tsv-row-28	28	right_hand	2	191.904	5.0	47976	49226	sub-6/ses-02/eeg/sub-6_ses-02_task-imagery_run-02_eeg.edf	validation_no_selection	127.7590737327189	False	5.635688265692701e-12	2.4628876225024126e-12	1.833034520550792e-11	9.057653371887861e-12
sub-6	02	02	sub-6/ses-02/run-02/tsv-row-29	29	right_hand	2	198.788	5.0	49697	50947	sub-6/ses-02/eeg/sub-6_ses-02_task-imagery_run-02_eeg.edf	validation_no_selection	123.61681566820275	False	4.696172859422874e-12	2.1576129316497908e-12	1.5117203949672354e-11	7.518501464790947e-12
sub-6	02	02	sub-6/ses-02/run-02/tsv-row-30	30	rest	1	205.688	5.0	51422	52672	sub-6/ses-02/eeg/sub-6_ses-02_task-imagery_run-02_eeg.edf	validation_no_selection	255.04474654377879	False	5.156250585597119e-12	2.3829967688026853e-12	1.928073620782921e-11	7.186130493264759e-12
sub-6	02	02	sub-6/ses-02/run-02/tsv-row-31	31	rest	1	212.588	5.0	53147	54397	sub-6/ses-02/eeg/sub-6_ses-02_task-imagery_run-02_eeg.edf	validation_no_selection	219.70240898617513	False	6.2389709406973044e-12	2.818289058849522e-12	2.4588643220560125e-11	7.05933938884018e-12
sub-6	02	02	sub-6/ses-02/run-02/tsv-row-32	32	right_hand	2	219.452	5.0	54863	56113	sub-6/ses-02/eeg/sub-6_ses-02_task-imagery_run-02_eeg.edf	validation_no_selection	339.35449193548385	False	6.762255130850102e-12	2.668052696277721e-12	2.134045385847964e-11	8.194916936624975e-12
sub-6	02	03	sub-6/ses-02/run-03/tsv-row-1	1	right_hand	2	6.432	5.0	1608	2858	sub-6/ses-02/eeg/sub-6_ses-02_task-imagery_run-03_eeg.edf	validation_no_selection	302.09838660847805	False	4.034276265012448e-12	2.0066340029489544e-12	1.5991074785523365e-11	5.512409348868351e-12
sub-6	02	03	sub-6/ses-02/run-03/tsv-row-2	2	rest	1	13.328	5.0	3332	4582	sub-6/ses-02/eeg/sub-6_ses-02_task-imagery_run-03_eeg.edf	validation_no_selection	295.57244061098055	False	1.7913352286223125e-12	2.4684368797187715e-12	6.603182166165557e-12	7.372933966658925e-12
sub-6	02	03	sub-6/ses-02/run-03/tsv-row-3	3	right_hand	2	20.212	5.0	5053	6303	sub-6/ses-02/eeg/sub-6_ses-02_task-imagery_run-03_eeg.edf	validation_no_selection	334.7281165959654	False	4.82236425302847e-12	3.4429443538360113e-12	2.018627365705021e-11	8.055553190495038e-12
sub-6	02	03	sub-6/ses-02/run-03/tsv-row-4	4	rest	1	27.108	5.0	6777	8027	sub-6/ses-02/eeg/sub-6_ses-02_task-imagery_run-03_eeg.edf	validation_no_selection	295.0080344706565	False	2.7238357622728685e-12	1.9392977929836076e-12	4.960497283741646e-12	4.969189255331723e-12
sub-6	02	03	sub-6/ses-02/run-03/tsv-row-5	5	right_hand	2	33.98	5.0	8495	9745	sub-6/ses-02/eeg/sub-6_ses-02_task-imagery_run-03_eeg.edf	validation_no_selection	180.5394141361736	False	3.0119189325118583e-12	2.159869065928557e-12	8.421575374218677e-12	6.3963994057461016e-12
sub-6	02	03	sub-6/ses-02/run-03/tsv-row-6	6	rest	1	40.892	5.0	10223	11473	sub-6/ses-02/eeg/sub-6_ses-02_task-imagery_run-03_eeg.edf	validation_no_selection	288.6937407757806	False	4.62198701649419e-12	2.3518317101935138e-12	1.3249584789859514e-11	7.060326924911218e-12
sub-6	02	03	sub-6/ses-02/run-03/tsv-row-7	7	right_hand	2	47.76	5.0	11940	13190	sub-6/ses-02/eeg/sub-6_ses-02_task-imagery_run-03_eeg.edf	validation_no_selection	348.8029947202979	False	6.058991794240764e-12	2.3027142518320056e-12	2.1413036779396122e-11	8.67444921399855e-12
sub-6	02	03	sub-6/ses-02/run-03/tsv-row-8	8	rest	1	54.652	5.0	13663	14913	sub-6/ses-02/eeg/sub-6_ses-02_task-imagery_run-03_eeg.edf	validation_no_selection	165.30044834742273	False	3.954157126864335e-12	2.5055435900918152e-12	1.2445428132130847e-11	8.28936249293076e-12
sub-6	02	03	sub-6/ses-02/run-03/tsv-row-9	9	right_hand	2	61.536	5.0	15384	16634	sub-6/ses-02/eeg/sub-6_ses-02_task-imagery_run-03_eeg.edf	validation_no_selection	165.90012987151715	False	5.404859632049752e-12	1.9838626239684984e-12	1.5501247386748765e-11	6.3113319627284414e-12
sub-6	02	03	sub-6/ses-02/run-03/tsv-row-10	10	rest	1	68.44	5.0	17110	18360	sub-6/ses-02/eeg/sub-6_ses-02_task-imagery_run-03_eeg.edf	validation_no_selection	310.5644787133396	False	2.301466057128574e-12	1.7565108715037701e-12	6.519502972690314e-12	4.337395025069007e-12
sub-6	02	03	sub-6/ses-02/run-03/tsv-row-11	11	rest	1	75.32	5.0	18830	20080	sub-6/ses-02/eeg/sub-6_ses-02_task-imagery_run-03_eeg.edf	validation_no_selection	210.3823888058108	False	3.1861379739031024e-12	2.155217530340467e-12	7.687984726971135e-12	5.2799619527770165e-12
sub-6	02	03	sub-6/ses-02/run-03/tsv-row-12	12	right_hand	2	82.204	5.0	20551	21801	sub-6/ses-02/eeg/sub-6_ses-02_task-imagery_run-03_eeg.edf	validation_no_selection	155.84664549699403	False	8.145664712144272e-12	2.1532478660878595e-12	3.181010102108475e-11	6.891143348877882e-12
sub-6	02	03	sub-6/ses-02/run-03/tsv-row-13	13	right_hand	2	89.084	5.0	22271	23521	sub-6/ses-02/eeg/sub-6_ses-02_task-imagery_run-03_eeg.edf	validation_no_selection	157.8220669881283	False	8.620195043657788e-12	1.837740886421491e-12	2.7234662390198568e-11	5.414870342720241e-12
sub-6	02	03	sub-6/ses-02/run-03/tsv-row-14	14	rest	1	95.988	5.0	23997	25247	sub-6/ses-02/eeg/sub-6_ses-02_task-imagery_run-03_eeg.edf	validation_no_selection	350.2492854548784	False	1.743656487223235e-12	2.2184673834128126e-12	5.265317018135492e-12	5.892805333690244e-12
sub-6	02	03	sub-6/ses-02/run-03/tsv-row-15	15	right_hand	2	102.872	5.0	25718	26968	sub-6/ses-02/eeg/sub-6_ses-02_task-imagery_run-03_eeg.edf	validation_no_selection	171.15616205328533	False	6.338328597002559e-12	1.820350018621417e-12	1.8922645393061667e-11	4.6286224673039075e-12
sub-6	02	03	sub-6/ses-02/run-03/tsv-row-16	16	rest	1	109.764	5.0	27441	28691	sub-6/ses-02/eeg/sub-6_ses-02_task-imagery_run-03_eeg.edf	validation_no_selection	200.25835366374713	False	1.991248150130067e-12	2.4392582232817512e-12	7.062180520156503e-12	7.242149455618135e-12
sub-6	02	03	sub-6/ses-02/run-03/tsv-row-17	17	right_hand	2	116.632	5.0	29158	30408	sub-6/ses-02/eeg/sub-6_ses-02_task-imagery_run-03_eeg.edf	validation_no_selection	175.95361424604027	False	5.4350360834227375e-12	2.1179357796669592e-12	1.6440975777973157e-11	5.640402049020438e-12
sub-6	02	03	sub-6/ses-02/run-03/tsv-row-18	18	rest	1	123.536	5.0	30884	32134	sub-6/ses-02/eeg/sub-6_ses-02_task-imagery_run-03_eeg.edf	validation_no_selection	232.28840212714013	False	3.548859921401453e-12	2.9481601287888898e-12	1.0530646674849258e-11	7.1446494506110356e-12
sub-6	02	03	sub-6/ses-02/run-03/tsv-row-19	19	rest	1	130.432	5.0	32608	33858	sub-6/ses-02/eeg/sub-6_ses-02_task-imagery_run-03_eeg.edf	validation_no_selection	188.19417241431927	False	3.4784905860765837e-12	2.051394257331785e-12	9.45136956802988e-12	5.1927134583047515e-12
sub-6	02	03	sub-6/ses-02/run-03/tsv-row-20	20	right_hand	2	137.3	5.0	34325	35575	sub-6/ses-02/eeg/sub-6_ses-02_task-imagery_run-03_eeg.edf	validation_no_selection	262.378304483169	False	6.717330987362088e-12	2.0659348929325215e-12	2.2973728964290732e-11	5.301899683213705e-12
sub-6	02	03	sub-6/ses-02/run-03/tsv-row-21	21	right_hand	2	144.18	5.0	36045	37295	sub-6/ses-02/eeg/sub-6_ses-02_task-imagery_run-03_eeg.edf	validation_no_selection	1903.7419113132116	True	7.44368314193062e-12	3.166888504798707e-12	2.1678159586477656e-11	1.0025905659572512e-11
sub-6	02	03	sub-6/ses-02/run-03/tsv-row-22	22	rest	1	151.1	5.0	37775	39025	sub-6/ses-02/eeg/sub-6_ses-02_task-imagery_run-03_eeg.edf	validation_no_selection	266.96410437330246	False	3.9294776191321425e-12	3.129565978161943e-12	9.098863734879429e-12	6.999758795976801e-12
sub-6	02	03	sub-6/ses-02/run-03/tsv-row-23	23	rest	1	157.98	5.0	39495	40745	sub-6/ses-02/eeg/sub-6_ses-02_task-imagery_run-03_eeg.edf	validation_no_selection	180.64524028748437	False	1.855469958022493e-12	1.8699166136025023e-12	5.819147716666142e-12	5.0913258627598e-12
sub-6	02	03	sub-6/ses-02/run-03/tsv-row-24	24	right_hand	2	164.848	5.0	41212	42462	sub-6/ses-02/eeg/sub-6_ses-02_task-imagery_run-03_eeg.edf	validation_no_selection	238.17939121677293	False	4.368915225425908e-12	1.7537117223722788e-12	1.694426071355814e-11	4.871755834645107e-12
sub-6	02	03	sub-6/ses-02/run-03/tsv-row-25	25	rest	1	171.76	5.0	42940	44190	sub-6/ses-02/eeg/sub-6_ses-02_task-imagery_run-03_eeg.edf	validation_no_selection	201.6340936307871	False	2.9984094133657964e-12	2.690750164037409e-12	1.2839062699889666e-11	8.472933706422572e-12
sub-6	02	03	sub-6/ses-02/run-03/tsv-row-26	26	right_hand	2	178.632	5.0	44658	45908	sub-6/ses-02/eeg/sub-6_ses-02_task-imagery_run-03_eeg.edf	validation_no_selection	196.8719168218024	False	9.281545472089415e-12	2.2259624919749782e-12	2.2422353832186525e-11	7.69950135785723e-12
sub-6	02	03	sub-6/ses-02/run-03/tsv-row-27	27	right_hand	2	185.512	5.0	46378	47628	sub-6/ses-02/eeg/sub-6_ses-02_task-imagery_run-03_eeg.edf	validation_no_selection	177.57628189947206	False	4.3811859933823854e-12	2.0639530145927125e-12	1.0997912321260192e-11	6.304794135189248e-12
sub-6	02	03	sub-6/ses-02/run-03/tsv-row-28	28	rest	1	192.424	5.0	48106	49356	sub-6/ses-02/eeg/sub-6_ses-02_task-imagery_run-03_eeg.edf	validation_no_selection	215.497319452498	False	3.4002028718241657e-12	1.9505571557600032e-12	9.112651483394413e-12	5.474477998960548e-12
sub-6	02	03	sub-6/ses-02/run-03/tsv-row-29	29	right_hand	2	199.292	5.0	49823	51073	sub-6/ses-02/eeg/sub-6_ses-02_task-imagery_run-03_eeg.edf	validation_no_selection	261.70807219153414	False	9.208917580573873e-12	4.120731171773507e-12	3.527626454977981e-11	1.0632228432516961e-11
sub-6	02	03	sub-6/ses-02/run-03/tsv-row-30	30	rest	1	206.196	5.0	51549	52799	sub-6/ses-02/eeg/sub-6_ses-02_task-imagery_run-03_eeg.edf	validation_no_selection	159.05670542008727	False	6.254290878799183e-12	3.918481211724297e-12	1.777798544574599e-11	8.577354213925227e-12
sub-6	02	03	sub-6/ses-02/run-03/tsv-row-31	31	rest	1	213.092	5.0	53273	54523	sub-6/ses-02/eeg/sub-6_ses-02_task-imagery_run-03_eeg.edf	validation_no_selection	206.1846181371502	False	2.4059482256902217e-12	2.7736068216094866e-12	5.443544250046663e-12	6.625979367323602e-12
sub-6	02	03	sub-6/ses-02/run-03/tsv-row-32	32	right_hand	2	219.96	5.0	54990	56240	sub-6/ses-02/eeg/sub-6_ses-02_task-imagery_run-03_eeg.edf	validation_no_selection	165.58265141758474	False	5.6365162903959175e-12	3.4666845086796576e-12	1.9536384179126266e-11	9.658961586400881e-12
sub-6	02	04	sub-6/ses-02/run-04/tsv-row-1	1	right_hand	2	5.592	5.0	1398	2648	sub-6/ses-02/eeg/sub-6_ses-02_task-imagery_run-04_eeg.edf	validation_no_selection	257.72321665089873	False	4.078666667514747e-12	2.3609071040290265e-12	1.2319009625943516e-11	7.661676498521345e-12
sub-6	02	04	sub-6/ses-02/run-04/tsv-row-2	2	rest	1	12.488	5.0	3122	4372	sub-6/ses-02/eeg/sub-6_ses-02_task-imagery_run-04_eeg.edf	validation_no_selection	324.2629987487411	False	2.4773780756811685e-12	2.4403339920928426e-12	6.708877905969977e-12	6.039344773504237e-12
sub-6	02	04	sub-6/ses-02/run-04/tsv-row-3	3	right_hand	2	19.372	5.0	4843	6093	sub-6/ses-02/eeg/sub-6_ses-02_task-imagery_run-04_eeg.edf	validation_no_selection	341.8072499771111	False	4.311339197993996e-12	1.734498388485568e-12	1.2022661539970754e-11	5.875686455505298e-12
sub-6	02	04	sub-6/ses-02/run-04/tsv-row-4	4	rest	1	26.276	5.0	6569	7819	sub-6/ses-02/eeg/sub-6_ses-02_task-imagery_run-04_eeg.edf	validation_no_selection	261.7425006866664	False	3.100636586876149e-12	2.904037291955116e-12	1.0982445163792445e-11	8.223003398899364e-12
sub-6	02	04	sub-6/ses-02/run-04/tsv-row-5	5	right_hand	2	33.14	5.0	8285	9535	sub-6/ses-02/eeg/sub-6_ses-02_task-imagery_run-04_eeg.edf	validation_no_selection	214.74897061067531	False	9.641643719508978e-12	2.6459774037734187e-12	2.8735466942428022e-11	8.151380167207883e-12
sub-6	02	04	sub-6/ses-02/run-04/tsv-row-6	6	rest	1	40.036	5.0	10009	11259	sub-6/ses-02/eeg/sub-6_ses-02_task-imagery_run-04_eeg.edf	validation_no_selection	290.3512448500015	False	4.012648357084694e-12	4.237151041329989e-12	1.2703507159505508e-11	1.003798249727243e-11
sub-6	02	04	sub-6/ses-02/run-04/tsv-row-7	7	rest	1	46.932	5.0	11733	12983	sub-6/ses-02/eeg/sub-6_ses-02_task-imagery_run-04_eeg.edf	validation_no_selection	293.1632154301584	False	3.558678929105679e-12	6.392502973113601e-12	1.0910422709842517e-11	1.3057351166833276e-11
sub-6	02	04	sub-6/ses-02/run-04/tsv-row-8	8	right_hand	2	53.808	5.0	13452	14702	sub-6/ses-02/eeg/sub-6_ses-02_task-imagery_run-04_eeg.edf	validation_no_selection	194.3163365581225	False	2.8356920887389013e-12	3.1141318561587115e-12	6.745647178460421e-12	7.515065859776083e-12
sub-6	02	04	sub-6/ses-02/run-04/tsv-row-9	9	right_hand	2	60.688	5.0	15172	16422	sub-6/ses-02/eeg/sub-6_ses-02_task-imagery_run-04_eeg.edf	validation_no_selection	148.65237952818381	False	7.0185782659640425e-12	2.1483364948961402e-12	2.262704436174692e-11	6.5182952222603886e-12
sub-6	02	04	sub-6/ses-02/run-04/tsv-row-10	10	rest	1	67.6	5.0	16900	18150	sub-6/ses-02/eeg/sub-6_ses-02_task-imagery_run-04_eeg.edf	validation_no_selection	217.3469869075594	False	2.8633988524539087e-12	3.008082168178219e-12	8.640030055206504e-12	7.743518243477412e-12
sub-6	02	04	sub-6/ses-02/run-04/tsv-row-11	11	right_hand	2	74.468	5.0	18617	19867	sub-6/ses-02/eeg/sub-6_ses-02_task-imagery_run-04_eeg.edf	validation_no_selection	172.27904538102354	False	4.542593976972069e-12	1.8916314040369375e-12	1.735226327406988e-11	6.112793936476538e-12
sub-6	02	04	sub-6/ses-02/run-04/tsv-row-12	12	rest	1	81.372	5.0	20343	21593	sub-6/ses-02/eeg/sub-6_ses-02_task-imagery_run-04_eeg.edf	validation_no_selection	380.5941050447095	False	4.681149980440351e-12	1.845506885805871e-11	9.533294498811332e-12	2.7392904329597716e-11
sub-6	02	04	sub-6/ses-02/run-04/tsv-row-13	13	rest	1	88.268	5.0	22067	23317	sub-6/ses-02/eeg/sub-6_ses-02_task-imagery_run-04_eeg.edf	validation_no_selection	239.9497286904507	False	2.9748719477984428e-12	4.2811396279346606e-12	8.89998934151451e-12	9.11251955570021e-12
sub-6	02	04	sub-6/ses-02/run-04/tsv-row-14	14	right_hand	2	95.132	5.0	23783	25033	sub-6/ses-02/eeg/sub-6_ses-02_task-imagery_run-04_eeg.edf	validation_no_selection	183.83257667775507	False	2.767575462631282e-12	2.7240574928882846e-12	1.0666902402621223e-11	9.34057654022769e-12
sub-6	02	04	sub-6/ses-02/run-04/tsv-row-15	15	rest	1	102.028	5.0	25507	26757	sub-6/ses-02/eeg/sub-6_ses-02_task-imagery_run-04_eeg.edf	validation_no_selection	221.12175176244392	False	5.1703220260912525e-12	2.3263110944543237e-12	1.5335121345349547e-11	7.582239800843576e-12
sub-6	02	04	sub-6/ses-02/run-04/tsv-row-16	16	right_hand	2	108.912	5.0	27228	28478	sub-6/ses-02/eeg/sub-6_ses-02_task-imagery_run-04_eeg.edf	validation_no_selection	188.89106723227636	False	5.2867682127637425e-12	2.3847899904804824e-12	1.2535591547566414e-11	8.417545554475596e-12
sub-6	02	04	sub-6/ses-02/run-04/tsv-row-17	17	rest	1	115.816	5.0	28954	30204	sub-6/ses-02/eeg/sub-6_ses-02_task-imagery_run-04_eeg.edf	validation_no_selection	290.7944358653523	False	2.8455749332559083e-12	3.958817018736109e-12	9.375804822185017e-12	7.556368535229984e-12
sub-6	02	04	sub-6/ses-02/run-04/tsv-row-18	18	right_hand	2	122.68	5.0	30670	31920	sub-6/ses-02/eeg/sub-6_ses-02_task-imagery_run-04_eeg.edf	validation_no_selection	194.23992431409647	False	4.62973667216172e-12	2.8198277232600575e-12	1.2253498653543222e-11	6.9793795715507314e-12
sub-6	02	04	sub-6/ses-02/run-04/tsv-row-19	19	right_hand	2	129.58	5.0	32395	33645	sub-6/ses-02/eeg/sub-6_ses-02_task-imagery_run-04_eeg.edf	validation_no_selection	246.7504184087649	False	5.500873362077643e-12	5.66300049904868e-12	1.8883201999509828e-11	1.4030830787771933e-11
sub-6	02	04	sub-6/ses-02/run-04/tsv-row-20	20	rest	1	136.472	5.0	34118	35368	sub-6/ses-02/eeg/sub-6_ses-02_task-imagery_run-04_eeg.edf	validation_no_selection	216.20080324716938	False	6.069931819549998e-12	2.7917937418088883e-12	1.5123081338780815e-11	8.679538139053745e-12
sub-6	02	04	sub-6/ses-02/run-04/tsv-row-21	21	right_hand	2	143.348	5.0	35837	37087	sub-6/ses-02/eeg/sub-6_ses-02_task-imagery_run-04_eeg.edf	validation_no_selection	130.34400585955382	False	4.409328358276999e-12	2.766125475985538e-12	1.418781113082042e-11	8.256534893966959e-12
sub-6	02	04	sub-6/ses-02/run-04/tsv-row-22	22	rest	1	150.26	5.0	37565	38815	sub-6/ses-02/eeg/sub-6_ses-02_task-imagery_run-04_eeg.edf	validation_no_selection	216.59814691610458	False	5.0290655859160945e-12	2.5714658031209546e-12	1.294970813812745e-11	7.277235286387588e-12
sub-6	02	04	sub-6/ses-02/run-04/tsv-row-23	23	right_hand	2	157.128	5.0	39282	40532	sub-6/ses-02/eeg/sub-6_ses-02_task-imagery_run-04_eeg.edf	validation_no_selection	293.1784978789635	False	6.222623501026238e-12	2.7287490782634044e-12	2.0786708624239513e-11	9.662988437791157e-12
sub-6	02	04	sub-6/ses-02/run-04/tsv-row-24	24	rest	1	164.02	5.0	41005	42255	sub-6/ses-02/eeg/sub-6_ses-02_task-imagery_run-04_eeg.edf	validation_no_selection	150.13477706228826	False	7.232527448896448e-12	2.6045463634683572e-12	2.8131733637974854e-11	9.015205320523894e-12
sub-6	02	04	sub-6/ses-02/run-04/tsv-row-25	25	rest	1	170.928	5.0	42732	43982	sub-6/ses-02/eeg/sub-6_ses-02_task-imagery_run-04_eeg.edf	validation_no_selection	205.71704336680193	False	5.0141305770651425e-12	3.120261045495283e-12	1.3218034878143383e-11	7.473282721212363e-12
sub-6	02	04	sub-6/ses-02/run-04/tsv-row-26	26	right_hand	2	177.792	5.0	44448	45698	sub-6/ses-02/eeg/sub-6_ses-02_task-imagery_run-04_eeg.edf	validation_no_selection	262.03286721396523	False	5.907211696790744e-12	2.948449553517422e-12	2.1163601056582045e-11	1.1304135231940143e-11
sub-6	02	04	sub-6/ses-02/run-04/tsv-row-27	27	rest	1	184.688	5.0	46172	47422	sub-6/ses-02/eeg/sub-6_ses-02_task-imagery_run-04_eeg.edf	validation_no_selection	155.3613745536668	False	7.055813016692437e-12	3.721604974233424e-12	2.442656375674507e-11	1.1686879832122639e-11
sub-6	02	04	sub-6/ses-02/run-04/tsv-row-28	28	right_hand	2	191.572	5.0	47893	49143	sub-6/ses-02/eeg/sub-6_ses-02_task-imagery_run-04_eeg.edf	validation_no_selection	157.10357371745962	False	4.081260453579688e-12	2.126225951102049e-12	1.1622698122083213e-11	7.248119896833172e-12
sub-6	02	04	sub-6/ses-02/run-04/tsv-row-29	29	rest	1	198.476	5.0	49619	50869	sub-6/ses-02/eeg/sub-6_ses-02_task-imagery_run-04_eeg.edf	validation_no_selection	183.0990191351054	False	7.0820329442582174e-12	2.6289089244222347e-12	2.1036125413858036e-11	7.891520328398763e-12
sub-6	02	04	sub-6/ses-02/run-04/tsv-row-30	30	right_hand	2	205.34	5.0	51335	52585	sub-6/ses-02/eeg/sub-6_ses-02_task-imagery_run-04_eeg.edf	validation_no_selection	192.46716025269325	False	5.787857763260066e-12	2.767371361190356e-12	1.5407424023762796e-11	9.14775795977592e-12
sub-6	02	04	sub-6/ses-02/run-04/tsv-row-31	31	rest	1	212.236	5.0	53059	54309	sub-6/ses-02/eeg/sub-6_ses-02_task-imagery_run-04_eeg.edf	validation_no_selection	148.42314279610582	False	5.9050547497248385e-12	4.121909648941167e-12	1.6376690276428537e-11	8.805358554945538e-12
sub-6	02	04	sub-6/ses-02/run-04/tsv-row-32	32	right_hand	2	219.12	5.0	54780	56030	sub-6/ses-02/eeg/sub-6_ses-02_task-imagery_run-04_eeg.edf	validation_no_selection	147.4603485213782	False	4.2539603715177255e-12	2.0820597191234387e-12	1.7295832625909732e-11	6.2757035340953965e-12
sub-6	02	05	sub-6/ses-02/run-05/tsv-row-1	1	rest	1	5.832	5.0	1458	2708	sub-6/ses-02/eeg/sub-6_ses-02_task-imagery_run-05_eeg.edf	validation_no_selection	373.3171770897549	False	2.990750251228182e-12	3.884459376531597e-12	9.586413464667374e-12	9.128985758025939e-12
sub-6	02	05	sub-6/ses-02/run-05/tsv-row-2	2	right_hand	2	12.704	5.0	3176	4426	sub-6/ses-02/eeg/sub-6_ses-02_task-imagery_run-05_eeg.edf	validation_no_selection	280.8312783471175	False	3.4559786194344695e-12	2.580671619604453e-12	6.869785909867804e-12	5.635353331813517e-12
sub-6	02	05	sub-6/ses-02/run-05/tsv-row-3	3	rest	1	19.6	5.0	4900	6150	sub-6/ses-02/eeg/sub-6_ses-02_task-imagery_run-05_eeg.edf	validation_no_selection	309.8254288186285	False	3.223887436407496e-12	3.1045672327872673e-12	7.418863159170775e-12	6.395451878527155e-12
sub-6	02	05	sub-6/ses-02/run-05/tsv-row-4	4	right_hand	2	26.484	5.0	6621	7871	sub-6/ses-02/eeg/sub-6_ses-02_task-imagery_run-05_eeg.edf	validation_no_selection	222.23666541032136	False	2.7759585102355654e-12	2.213600800856116e-12	7.981822737585804e-12	5.182180689479781e-12
sub-6	02	05	sub-6/ses-02/run-05/tsv-row-5	5	rest	1	33.38	5.0	8345	9595	sub-6/ses-02/eeg/sub-6_ses-02_task-imagery_run-05_eeg.edf	validation_no_selection	336.0989485488449	False	3.753995429444777e-12	4.731627714167579e-12	1.1249054676240123e-11	9.659540064829855e-12
sub-6	02	05	sub-6/ses-02/run-05/tsv-row-6	6	right_hand	2	40.252	5.0	10063	11313	sub-6/ses-02/eeg/sub-6_ses-02_task-imagery_run-05_eeg.edf	validation_no_selection	139.71604841151157	False	5.094706260371966e-12	2.3192940177057483e-12	1.685404458291102e-11	6.565053989260218e-12
sub-6	02	05	sub-6/ses-02/run-05/tsv-row-7	7	rest	1	47.164	5.0	11791	13041	sub-6/ses-02/eeg/sub-6_ses-02_task-imagery_run-05_eeg.edf	validation_no_selection	327.672766481521	False	5.571814650141255e-12	2.968709551490646e-12	1.58094161358602e-11	6.403482999898661e-12
sub-6	02	05	sub-6/ses-02/run-05/tsv-row-8	8	right_hand	2	54.032	5.0	13508	14758	sub-6/ses-02/eeg/sub-6_ses-02_task-imagery_run-05_eeg.edf	validation_no_selection	136.31137336954862	False	6.5005491007934735e-12	2.284395991038267e-12	2.5934700129242702e-11	7.207216845411229e-12
sub-6	02	05	sub-6/ses-02/run-05/tsv-row-9	9	rest	1	60.924	5.0	15231	16481	sub-6/ses-02/eeg/sub-6_ses-02_task-imagery_run-05_eeg.edf	validation_no_selection	313.3078361674856	False	8.391949912019974e-12	3.663471306420584e-12	2.8727846925346157e-11	8.460528989509961e-12
sub-6	02	05	sub-6/ses-02/run-05/tsv-row-10	10	right_hand	2	67.808	5.0	16952	18202	sub-6/ses-02/eeg/sub-6_ses-02_task-imagery_run-05_eeg.edf	validation_no_selection	283.30316570635085	False	7.672215165328941e-12	4.934416085863028e-12	2.117914054832742e-11	1.1246795726183572e-11
sub-6	02	05	sub-6/ses-02/run-05/tsv-row-11	11	right_hand	2	74.7	5.0	18675	19925	sub-6/ses-02/eeg/sub-6_ses-02_task-imagery_run-05_eeg.edf	validation_no_selection	190.8328134250923	False	2.5490034561535857e-12	2.034920972178092e-12	8.420221546391061e-12	4.822538662394167e-12
sub-6	02	05	sub-6/ses-02/run-05/tsv-row-12	12	rest	1	81.592	5.0	20398	21648	sub-6/ses-02/eeg/sub-6_ses-02_task-imagery_run-05_eeg.edf	validation_no_selection	224.13333369853817	False	3.0240944206136717e-12	2.79027056234006e-12	7.379366218629344e-12	7.290375923900709e-12
sub-6	02	05	sub-6/ses-02/run-05/tsv-row-13	13	rest	1	88.492	5.0	22123	23373	sub-6/ses-02/eeg/sub-6_ses-02_task-imagery_run-05_eeg.edf	validation_no_selection	274.27067164525283	False	3.141178021345248e-12	2.28308119820536e-12	9.176347443047704e-12	6.124840990304087e-12
sub-6	02	05	sub-6/ses-02/run-05/tsv-row-14	14	right_hand	2	95.356	5.0	23839	25089	sub-6/ses-02/eeg/sub-6_ses-02_task-imagery_run-05_eeg.edf	validation_no_selection	280.8468248084963	False	1.7841972257019365e-12	1.603924628711887e-12	5.296848272505868e-12	4.30942272933201e-12
sub-6	02	05	sub-6/ses-02/run-05/tsv-row-15	15	rest	1	102.26	5.0	25565	26815	sub-6/ses-02/eeg/sub-6_ses-02_task-imagery_run-05_eeg.edf	validation_no_selection	195.63666999114966	False	2.684407963301897e-12	2.2230486166818075e-12	6.801010330177312e-12	6.538382547913075e-12
sub-6	02	05	sub-6/ses-02/run-05/tsv-row-16	16	right_hand	2	109.144	5.0	27286	28536	sub-6/ses-02/eeg/sub-6_ses-02_task-imagery_run-05_eeg.edf	validation_no_selection	211.97600090029601	False	3.498507739910741e-12	1.9879434644649414e-12	1.300456394431248e-11	5.600765879910815e-12
sub-6	02	05	sub-6/ses-02/run-05/tsv-row-17	17	rest	1	116.036	5.0	29009	30259	sub-6/ses-02/eeg/sub-6_ses-02_task-imagery_run-05_eeg.edf	validation_no_selection	359.09216492812885	False	4.413633405965187e-12	2.218782066320307e-12	1.3148498178954669e-11	8.633174470340934e-12
sub-6	02	05	sub-6/ses-02/run-05/tsv-row-18	18	right_hand	2	122.904	5.0	30726	31976	sub-6/ses-02/eeg/sub-6_ses-02_task-imagery_run-05_eeg.edf	validation_no_selection	130.88565834833827	False	5.996754639791126e-12	2.5088092965207775e-12	2.098705144528455e-11	7.615532661224178e-12
sub-6	02	05	sub-6/ses-02/run-05/tsv-row-19	19	rest	1	129.808	5.0	32452	33702	sub-6/ses-02/eeg/sub-6_ses-02_task-imagery_run-05_eeg.edf	validation_no_selection	267.0571135654774	False	4.0676920035424575e-12	1.7857013618249858e-12	1.3235623404328923e-11	4.514122638900873e-12
sub-6	02	05	sub-6/ses-02/run-05/tsv-row-20	20	right_hand	2	136.692	5.0	34173	35423	sub-6/ses-02/eeg/sub-6_ses-02_task-imagery_run-05_eeg.edf	validation_no_selection	269.07815354472484	False	4.400601888024021e-12	2.1088267112518145e-12	1.5938974289173267e-11	6.744435174795877e-12
sub-6	02	05	sub-6/ses-02/run-05/tsv-row-21	21	rest	1	143.584	5.0	35896	37146	sub-6/ses-02/eeg/sub-6_ses-02_task-imagery_run-05_eeg.edf	validation_no_selection	305.9388134739219	False	3.646477978442653e-12	2.308269054122528e-12	1.2361710146930237e-11	5.585602859195181e-12
sub-6	02	05	sub-6/ses-02/run-05/tsv-row-22	22	right_hand	2	150.452	5.0	37613	38863	sub-6/ses-02/eeg/sub-6_ses-02_task-imagery_run-05_eeg.edf	validation_no_selection	291.30959331644647	False	8.58125750067451e-12	2.348860129413594e-12	2.993103044003607e-11	7.388122500880004e-12
sub-6	02	05	sub-6/ses-02/run-05/tsv-row-23	23	right_hand	2	157.356	5.0	39339	40589	sub-6/ses-02/eeg/sub-6_ses-02_task-imagery_run-05_eeg.edf	validation_no_selection	249.738355589465	False	2.1232015309775122e-12	1.5938427386174295e-12	5.675429273882508e-12	4.787941069535653e-12
sub-6	02	05	sub-6/ses-02/run-05/tsv-row-24	24	rest	1	164.252	5.0	41063	42313	sub-6/ses-02/eeg/sub-6_ses-02_task-imagery_run-05_eeg.edf	validation_no_selection	341.15154849696336	False	2.6860989052793023e-12	3.3019356741189936e-12	9.439209260079492e-12	7.41475685561033e-12
sub-6	02	05	sub-6/ses-02/run-05/tsv-row-25	25	rest	1	171.132	5.0	42783	44033	sub-6/ses-02/eeg/sub-6_ses-02_task-imagery_run-05_eeg.edf	validation_no_selection	331.9946827448347	False	2.026740301818699e-12	3.6752192912781666e-12	7.098723464113836e-12	8.20525919896848e-12
sub-6	02	05	sub-6/ses-02/run-05/tsv-row-26	26	right_hand	2	178.016	5.0	44504	45754	sub-6/ses-02/eeg/sub-6_ses-02_task-imagery_run-05_eeg.edf	validation_no_selection	339.02168328806414	False	3.5100213203165607e-12	2.4188311298810825e-12	6.905947420044306e-12	5.573694596763307e-12
sub-6	02	05	sub-6/ses-02/run-05/tsv-row-27	27	right_hand	2	184.904	5.0	46226	47476	sub-6/ses-02/eeg/sub-6_ses-02_task-imagery_run-05_eeg.edf	validation_no_selection	182.45327074190496	False	2.747086380555656e-12	1.9224827023586922e-12	7.312794431332682e-12	4.834773375677467e-12
sub-6	02	05	sub-6/ses-02/run-05/tsv-row-28	28	rest	1	191.8	5.0	47950	49200	sub-6/ses-02/eeg/sub-6_ses-02_task-imagery_run-05_eeg.edf	validation_no_selection	260.558692709128	False	1.940250863379657e-12	2.1426438581470586e-12	5.4837934205121404e-12	5.764631815640599e-12
sub-6	02	05	sub-6/ses-02/run-05/tsv-row-29	29	rest	1	198.696	5.0	49674	50924	sub-6/ses-02/eeg/sub-6_ses-02_task-imagery_run-05_eeg.edf	validation_no_selection	240.55039691457867	False	2.538373365699737e-12	2.340670187068459e-12	7.021863141726443e-12	5.4017775133570215e-12
sub-6	02	05	sub-6/ses-02/run-05/tsv-row-30	30	right_hand	2	205.564	5.0	51391	52641	sub-6/ses-02/eeg/sub-6_ses-02_task-imagery_run-05_eeg.edf	validation_no_selection	228.09768135013888	False	1.9109079818010415e-12	1.7069969361829444e-12	5.563563024744102e-12	5.157602075362641e-12
sub-6	02	05	sub-6/ses-02/run-05/tsv-row-31	31	rest	1	212.468	5.0	53117	54367	sub-6/ses-02/eeg/sub-6_ses-02_task-imagery_run-05_eeg.edf	validation_no_selection	288.0137435041353	False	4.3375029681660835e-12	2.296067188679317e-12	1.3463160046570609e-11	6.269540833685717e-12
sub-6	02	05	sub-6/ses-02/run-05/tsv-row-32	32	right_hand	2	219.352	5.0	54838	56088	sub-6/ses-02/eeg/sub-6_ses-02_task-imagery_run-05_eeg.edf	validation_no_selection	380.3441776329844	False	7.610448312041965e-12	1.993408319074092e-12	1.8833499350990636e-11	5.69616292002085e-12
sub-6	02	06	sub-6/ses-02/run-06/tsv-row-1	1	rest	1	8.972	5.0	2243	3493	sub-6/ses-02/eeg/sub-6_ses-02_task-imagery_run-06_eeg.edf	validation_no_selection	285.95819624164557	False	2.325257877982925e-12	2.9756038328016434e-12	6.260281475424162e-12	9.342401621793528e-12
sub-6	02	06	sub-6/ses-02/run-06/tsv-row-2	2	right_hand	2	15.836	5.0	3959	5209	sub-6/ses-02/eeg/sub-6_ses-02_task-imagery_run-06_eeg.edf	validation_no_selection	151.26064157536544	False	1.7972634830909282e-12	2.2246837477765025e-12	5.229541152718549e-12	6.568285419839025e-12
sub-6	02	06	sub-6/ses-02/run-06/tsv-row-3	3	rest	1	22.732	5.0	5683	6933	sub-6/ses-02/eeg/sub-6_ses-02_task-imagery_run-06_eeg.edf	validation_no_selection	307.28025460066533	False	2.825969053355312e-12	3.658025235354714e-12	6.400627240166096e-12	9.224326960492857e-12
sub-6	02	06	sub-6/ses-02/run-06/tsv-row-4	4	right_hand	2	29.616	5.0	7404	8654	sub-6/ses-02/eeg/sub-6_ses-02_task-imagery_run-06_eeg.edf	validation_no_selection	248.49296021912292	False	2.5843371746625594e-12	2.1241612827558987e-12	6.679871423010668e-12	6.9680390744042685e-12
sub-6	02	06	sub-6/ses-02/run-06/tsv-row-5	5	rest	1	36.52	5.0	9130	10380	sub-6/ses-02/eeg/sub-6_ses-02_task-imagery_run-06_eeg.edf	validation_no_selection	310.15741054261906	False	3.3057735390555664e-12	3.037895748853953e-12	1.0354840370469425e-11	7.569308520525197e-12
sub-6	02	06	sub-6/ses-02/run-06/tsv-row-6	6	right_hand	2	43.384	5.0	10846	12096	sub-6/ses-02/eeg/sub-6_ses-02_task-imagery_run-06_eeg.edf	validation_no_selection	200.71661938840904	False	2.72652243661354e-12	2.143261216259157e-12	7.578576374949645e-12	6.596110726606332e-12
sub-6	02	06	sub-6/ses-02/run-06/tsv-row-7	7	rest	1	50.296	5.0	12574	13824	sub-6/ses-02/eeg/sub-6_ses-02_task-imagery_run-06_eeg.edf	validation_no_selection	335.8807398831141	False	2.1769110046792343e-12	2.807252279605526e-12	6.612485472565766e-12	6.938809428709572e-12
sub-6	02	06	sub-6/ses-02/run-06/tsv-row-8	8	right_hand	2	57.164	5.0	14291	15541	sub-6/ses-02/eeg/sub-6_ses-02_task-imagery_run-06_eeg.edf	validation_no_selection	162.0227600177007	False	4.811262313956902e-12	2.0934711260829432e-12	1.650136809740583e-11	6.1853074902015535e-12
sub-6	02	06	sub-6/ses-02/run-06/tsv-row-9	9	rest	1	64.068	5.0	16017	17267	sub-6/ses-02/eeg/sub-6_ses-02_task-imagery_run-06_eeg.edf	validation_no_selection	161.49398541215245	False	4.552793671927515e-12	2.8208942653384312e-12	1.5313233467303097e-11	7.46349722921243e-12
sub-6	02	06	sub-6/ses-02/run-06/tsv-row-10	10	right_hand	2	70.948	5.0	17737	18987	sub-6/ses-02/eeg/sub-6_ses-02_task-imagery_run-06_eeg.edf	validation_no_selection	193.3915358821375	False	4.866094482931343e-12	2.941465410321452e-12	1.5422432991913837e-11	1.1207683188051479e-11
sub-6	02	06	sub-6/ses-02/run-06/tsv-row-11	11	right_hand	2	77.832	5.0	19458	20708	sub-6/ses-02/eeg/sub-6_ses-02_task-imagery_run-06_eeg.edf	validation_no_selection	253.34524483474232	False	2.7743079922581866e-12	1.8362405583054267e-12	1.0566916870200409e-11	6.886170098817741e-12
sub-6	02	06	sub-6/ses-02/run-06/tsv-row-12	12	rest	1	84.724	5.0	21181	22431	sub-6/ses-02/eeg/sub-6_ses-02_task-imagery_run-06_eeg.edf	validation_no_selection	305.46064786980793	False	3.532704888253508e-12	2.500514382791969e-12	1.01137610826098e-11	7.335332566062727e-12
sub-6	02	06	sub-6/ses-02/run-06/tsv-row-13	13	rest	1	91.632	5.0	22908	24158	sub-6/ses-02/eeg/sub-6_ses-02_task-imagery_run-06_eeg.edf	validation_no_selection	261.4945946378979	False	2.5690829868212913e-12	2.2009584084714768e-12	8.520961165132255e-12	7.898506198476607e-12
sub-6	02	06	sub-6/ses-02/run-06/tsv-row-14	14	right_hand	2	98.496	5.0	24624	25874	sub-6/ses-02/eeg/sub-6_ses-02_task-imagery_run-06_eeg.edf	validation_no_selection	263.82742378002257	False	3.777764235988499e-12	2.3412241026482784e-12	1.2138904071346456e-11	1.061324837481711e-11
sub-6	02	06	sub-6/ses-02/run-06/tsv-row-15	15	rest	1	105.392	5.0	26348	27598	sub-6/ses-02/eeg/sub-6_ses-02_task-imagery_run-06_eeg.edf	validation_no_selection	188.60146004364145	False	2.575220413316189e-12	2.360390659933979e-12	8.406047707744619e-12	6.936879688809427e-12
sub-6	02	06	sub-6/ses-02/run-06/tsv-row-16	16	right_hand	2	112.276	5.0	28069	29319	sub-6/ses-02/eeg/sub-6_ses-02_task-imagery_run-06_eeg.edf	validation_no_selection	179.5967395550401	False	2.629236214497349e-12	1.8492644405564674e-12	9.258727371118895e-12	6.5012212118126375e-12
sub-6	02	06	sub-6/ses-02/run-06/tsv-row-17	17	right_hand	2	119.164	5.0	29791	31041	sub-6/ses-02/eeg/sub-6_ses-02_task-imagery_run-06_eeg.edf	validation_no_selection	126.87480094302194	False	3.1477552801064723e-12	2.004873144375001e-12	5.4288673994701995e-12	6.914670702604995e-12
sub-6	02	06	sub-6/ses-02/run-06/tsv-row-18	18	rest	1	126.06	5.0	31515	32765	sub-6/ses-02/eeg/sub-6_ses-02_task-imagery_run-06_eeg.edf	validation_no_selection	176.56406167027802	False	2.2740507216359308e-12	1.998208215440939e-12	5.931375420049386e-12	6.013466731580459e-12
sub-6	02	06	sub-6/ses-02/run-06/tsv-row-19	19	rest	1	132.94	5.0	33235	34485	sub-6/ses-02/eeg/sub-6_ses-02_task-imagery_run-06_eeg.edf	validation_no_selection	157.6525934247871	False	2.7836627480746534e-12	2.6223683784006325e-12	7.330659341115305e-12	6.831171329717816e-12
sub-6	02	06	sub-6/ses-02/run-06/tsv-row-20	20	right_hand	2	139.824	5.0	34956	36206	sub-6/ses-02/eeg/sub-6_ses-02_task-imagery_run-06_eeg.edf	validation_no_selection	161.0118673894467	False	5.4809253404468486e-12	2.0290418966478036e-12	1.94457038835416e-11	6.773582355404563e-12
sub-6	02	06	sub-6/ses-02/run-06/tsv-row-21	21	rest	1	146.724	5.0	36681	37931	sub-6/ses-02/eeg/sub-6_ses-02_task-imagery_run-06_eeg.edf	validation_no_selection	233.98276295510723	False	3.411026973711621e-12	3.118860122306016e-12	8.297682883378424e-12	9.944634155499169e-12
sub-6	02	06	sub-6/ses-02/run-06/tsv-row-22	22	right_hand	2	153.592	5.0	38398	39648	sub-6/ses-02/eeg/sub-6_ses-02_task-imagery_run-06_eeg.edf	validation_no_selection	192.02294278542436	False	3.933817819687429e-12	2.149461150655262e-12	9.44308795681539e-12	5.9474382463680225e-12
sub-6	02	06	sub-6/ses-02/run-06/tsv-row-23	23	right_hand	2	160.488	5.0	40122	41372	sub-6/ses-02/eeg/sub-6_ses-02_task-imagery_run-06_eeg.edf	validation_no_selection	148.9433646275216	False	3.562316094863132e-12	1.7254269120811545e-12	1.2113254569635819e-11	6.473109525203719e-12
sub-6	02	06	sub-6/ses-02/run-06/tsv-row-24	24	rest	1	167.384	5.0	41846	43096	sub-6/ses-02/eeg/sub-6_ses-02_task-imagery_run-06_eeg.edf	validation_no_selection	203.29828363902706	False	2.9944538760859696e-12	2.672816506779108e-12	1.1104028623833017e-11	7.49760291928532e-12
sub-6	02	06	sub-6/ses-02/run-06/tsv-row-25	25	rest	1	174.272	5.0	43568	44818	sub-6/ses-02/eeg/sub-6_ses-02_task-imagery_run-06_eeg.edf	validation_no_selection	237.9330203024384	False	3.404023410496564e-12	2.86504397039625e-12	7.50136251072929e-12	8.509225899872621e-12
sub-6	02	06	sub-6/ses-02/run-06/tsv-row-26	26	right_hand	2	181.156	5.0	45289	46539	sub-6/ses-02/eeg/sub-6_ses-02_task-imagery_run-06_eeg.edf	validation_no_selection	174.04460619678332	False	2.9400803736365502e-12	2.338762652288627e-12	9.623436274542418e-12	7.606401041015607e-12
sub-6	02	06	sub-6/ses-02/run-06/tsv-row-27	27	rest	1	188.052	5.0	47013	48263	sub-6/ses-02/eeg/sub-6_ses-02_task-imagery_run-06_eeg.edf	validation_no_selection	260.9502678380688	False	3.2333608321342376e-12	3.596288819660814e-12	1.0510900184079102e-11	1.0523405434963206e-11
sub-6	02	06	sub-6/ses-02/run-06/tsv-row-28	28	right_hand	2	194.916	5.0	48729	49979	sub-6/ses-02/eeg/sub-6_ses-02_task-imagery_run-06_eeg.edf	validation_no_selection	145.0242116687521	False	2.7929093418885842e-12	2.3806705172855558e-12	1.0944996047707778e-11	8.28300110268238e-12
sub-6	02	06	sub-6/ses-02/run-06/tsv-row-29	29	right_hand	2	201.824	5.0	50456	51706	sub-6/ses-02/eeg/sub-6_ses-02_task-imagery_run-06_eeg.edf	validation_no_selection	219.6591920224616	False	6.125798177607743e-12	2.4709254807098223e-12	1.8135930984151893e-11	7.0044465460384815e-12
sub-6	02	06	sub-6/ses-02/run-06/tsv-row-30	30	rest	1	208.72	5.0	52180	53430	sub-6/ses-02/eeg/sub-6_ses-02_task-imagery_run-06_eeg.edf	validation_no_selection	324.5742946409497	False	2.983597571545326e-12	5.2441090749236246e-12	9.187048939629157e-12	9.574235468273933e-12
sub-6	02	06	sub-6/ses-02/run-06/tsv-row-31	31	right_hand	2	215.584	5.0	53896	55146	sub-6/ses-02/eeg/sub-6_ses-02_task-imagery_run-06_eeg.edf	validation_no_selection	284.900647030549	False	3.0148890193850194e-12	3.0928300967939428e-12	7.91219920129921e-12	9.539510244737639e-12
sub-6	02	06	sub-6/ses-02/run-06/tsv-row-32	32	rest	1	222.496	5.0	55624	56874	sub-6/ses-02/eeg/sub-6_ses-02_task-imagery_run-06_eeg.edf	validation_no_selection	262.16333899197366	False	3.914197433118674e-12	2.680834512312079e-12	9.629552273415843e-12	7.710980666643529e-12
sub-6	03	01	sub-6/ses-03/run-01/tsv-row-1	1	rest	1	5.54	5.0	1385	2635	sub-6/ses-03/eeg/sub-6_ses-03_task-imagery_run-01_eeg.edf	test_exploratory	134.30309402752775	False	1.8395791209848144e-12	2.3305653257155265e-12	4.6747004170464655e-12	6.422578969438146e-12
sub-6	03	01	sub-6/ses-03/run-01/tsv-row-2	2	right_hand	2	12.368	5.0	3092	4342	sub-6/ses-03/eeg/sub-6_ses-03_task-imagery_run-01_eeg.edf	test_exploratory	337.58255784173093	False	1.898204428036234e-12	1.5218266489951634e-12	6.677894630001217e-12	4.553191876277757e-12
sub-6	03	01	sub-6/ses-03/run-01/tsv-row-3	3	rest	1	19.316	5.0	4829	6079	sub-6/ses-03/eeg/sub-6_ses-03_task-imagery_run-01_eeg.edf	test_exploratory	214.59529603564565	False	1.9218075362375245e-12	2.727800464638885e-12	5.202881469240747e-12	6.003699881121373e-12
sub-6	03	01	sub-6/ses-03/run-01/tsv-row-4	4	right_hand	2	26.14	5.0	6535	7785	sub-6/ses-03/eeg/sub-6_ses-03_task-imagery_run-01_eeg.edf	test_exploratory	501.3724706442457	False	3.0654642163792337e-12	6.470920512716918e-12	8.50843315259805e-12	1.1260543470206502e-11
sub-6	03	01	sub-6/ses-03/run-01/tsv-row-5	5	rest	1	33.096	5.0	8274	9524	sub-6/ses-03/eeg/sub-6_ses-03_task-imagery_run-01_eeg.edf	test_exploratory	353.45561942197946	False	3.1939170975358404e-12	2.1842574159121293e-12	7.38500219382273e-12	5.261165010449023e-12
sub-6	03	01	sub-6/ses-03/run-01/tsv-row-6	6	right_hand	2	39.916	5.0	9979	11229	sub-6/ses-03/eeg/sub-6_ses-03_task-imagery_run-01_eeg.edf	test_exploratory	203.0670505813776	False	2.1480634986802673e-12	1.6625577807125613e-12	6.576554207848209e-12	4.969129962285601e-12
sub-6	03	01	sub-6/ses-03/run-01/tsv-row-7	7	right_hand	2	46.804	5.0	11701	12951	sub-6/ses-03/eeg/sub-6_ses-03_task-imagery_run-01_eeg.edf	test_exploratory	244.5648721579638	False	3.119435808174613e-12	1.768274910094383e-12	8.27593773522593e-12	5.56521056407272e-12
sub-6	03	01	sub-6/ses-03/run-01/tsv-row-8	8	rest	1	53.76	5.0	13440	14690	sub-6/ses-03/eeg/sub-6_ses-03_task-imagery_run-01_eeg.edf	test_exploratory	254.56760439466538	False	1.8924083692997238e-12	3.1261838691377703e-12	6.268792546948651e-12	8.087530023980369e-12
sub-6	03	01	sub-6/ses-03/run-01/tsv-row-9	9	rest	1	60.632	5.0	15158	16408	sub-6/ses-03/eeg/sub-6_ses-03_task-imagery_run-01_eeg.edf	test_exploratory	249.08348092898336	False	2.678895627380663e-12	2.966910779337595e-12	6.084722924996037e-12	6.322004591484067e-12
sub-6	03	01	sub-6/ses-03/run-01/tsv-row-10	10	right_hand	2	67.464	5.0	16866	18116	sub-6/ses-03/eeg/sub-6_ses-03_task-imagery_run-01_eeg.edf	test_exploratory	129.18586614581744	False	3.832709393426063e-12	1.7446837352764748e-12	1.1529935483625628e-11	4.459056963515121e-12
sub-6	03	01	sub-6/ses-03/run-01/tsv-row-11	11	rest	1	74.412	5.0	18603	19853	sub-6/ses-03/eeg/sub-6_ses-03_task-imagery_run-01_eeg.edf	test_exploratory	196.4822403637806	False	3.3621569140754827e-12	4.098719449285286e-12	7.904483376220738e-12	8.956288538825231e-12
sub-6	03	01	sub-6/ses-03/run-01/tsv-row-12	12	right_hand	2	81.252	5.0	20313	21563	sub-6/ses-03/eeg/sub-6_ses-03_task-imagery_run-01_eeg.edf	test_exploratory	191.36501248207037	False	2.9423389480602966e-12	1.9286105626216046e-12	9.997431163770473e-12	5.2755967476706986e-12
sub-6	03	01	sub-6/ses-03/run-01/tsv-row-13	13	rest	1	88.188	5.0	22047	23297	sub-6/ses-03/eeg/sub-6_ses-03_task-imagery_run-01_eeg.edf	test_exploratory	179.8946979094821	False	4.388461798067432e-12	4.63218899912389e-12	1.2546879681122557e-11	9.330787861618373e-12
sub-6	03	01	sub-6/ses-03/run-01/tsv-row-14	14	right_hand	2	95.028	5.0	23757	25007	sub-6/ses-03/eeg/sub-6_ses-03_task-imagery_run-01_eeg.edf	test_exploratory	139.34308073366495	False	3.2814459592016803e-12	1.8872183725631396e-12	9.399752484705003e-12	5.266129798261783e-12
sub-6	03	01	sub-6/ses-03/run-01/tsv-row-15	15	rest	1	101.952	5.0	25488	26738	sub-6/ses-03/eeg/sub-6_ses-03_task-imagery_run-01_eeg.edf	test_exploratory	317.7122654255806	False	4.074187430148709e-12	6.094692849523748e-12	8.87508349445809e-12	1.2597761473720077e-11
sub-6	03	01	sub-6/ses-03/run-01/tsv-row-16	16	right_hand	2	108.8	5.0	27200	28450	sub-6/ses-03/eeg/sub-6_ses-03_task-imagery_run-01_eeg.edf	test_exploratory	182.44365670339062	False	3.3749819871369462e-12	2.2524701831412203e-12	1.0965815582563432e-11	5.306285141066072e-12
sub-6	03	01	sub-6/ses-03/run-01/tsv-row-17	17	right_hand	2	115.68	5.0	28920	30170	sub-6/ses-03/eeg/sub-6_ses-03_task-imagery_run-01_eeg.edf	test_exploratory	155.48648642841883	False	2.867887407162057e-12	2.2521362084566563e-12	7.688005770511789e-12	6.865140527184756e-12
sub-6	03	01	sub-6/ses-03/run-01/tsv-row-18	18	rest	1	122.636	5.0	30659	31909	sub-6/ses-03/eeg/sub-6_ses-03_task-imagery_run-01_eeg.edf	test_exploratory	221.79803565782646	False	2.6175446119220225e-12	4.648264583533436e-12	6.392400087683348e-12	9.464733181205441e-12
sub-6	03	01	sub-6/ses-03/run-01/tsv-row-19	19	right_hand	2	129.464	5.0	32366	33616	sub-6/ses-03/eeg/sub-6_ses-03_task-imagery_run-01_eeg.edf	test_exploratory	121.03692212286751	False	5.386115693158132e-12	1.7695096355360133e-12	1.8039796116377293e-11	6.04354485125248e-12
sub-6	03	01	sub-6/ses-03/run-01/tsv-row-20	20	rest	1	136.396	5.0	34099	35349	sub-6/ses-03/eeg/sub-6_ses-03_task-imagery_run-01_eeg.edf	test_exploratory	334.49291081881165	False	3.117285219199249e-12	1.5239604865586626e-11	1.0526498130345503e-11	2.3866251904718728e-11
sub-6	03	01	sub-6/ses-03/run-01/tsv-row-21	21	right_hand	2	143.244	5.0	35811	37061	sub-6/ses-03/eeg/sub-6_ses-03_task-imagery_run-01_eeg.edf	test_exploratory	913.1644879177221	False	2.0138976174085842e-12	1.944697675913993e-12	7.307394178476347e-12	5.03739911516522e-12
sub-6	03	01	sub-6/ses-03/run-01/tsv-row-22	22	rest	1	150.192	5.0	37548	38798	sub-6/ses-03/eeg/sub-6_ses-03_task-imagery_run-01_eeg.edf	test_exploratory	326.7301726737266	False	2.9179088403889915e-12	4.674538626722445e-12	7.881101704827693e-12	8.725586498269711e-12
sub-6	03	01	sub-6/ses-03/run-01/tsv-row-23	23	right_hand	2	157.004	5.0	39251	40501	sub-6/ses-03/eeg/sub-6_ses-03_task-imagery_run-01_eeg.edf	test_exploratory	217.04770336008784	False	3.4744407882909546e-12	1.5319351786540581e-12	7.777992697409205e-12	5.39479096168807e-12
sub-6	03	01	sub-6/ses-03/run-01/tsv-row-24	24	rest	1	163.952	5.0	40988	42238	sub-6/ses-03/eeg/sub-6_ses-03_task-imagery_run-01_eeg.edf	test_exploratory	217.58839158909876	False	2.3453680275966244e-12	3.5902698946818645e-12	6.9280225262274985e-12	7.559870544781473e-12
sub-6	03	01	sub-6/ses-03/run-01/tsv-row-25	25	rest	1	170.84	5.0	42710	43960	sub-6/ses-03/eeg/sub-6_ses-03_task-imagery_run-01_eeg.edf	test_exploratory	269.3979101046785	False	4.8486512121454265e-12	5.0812624194885645e-12	1.4369670684149913e-11	1.0925589188277991e-11
sub-6	03	01	sub-6/ses-03/run-01/tsv-row-26	26	right_hand	2	177.672	5.0	44418	45668	sub-6/ses-03/eeg/sub-6_ses-03_task-imagery_run-01_eeg.edf	test_exploratory	207.23807406231882	False	2.32073019738612e-12	1.2029153577173712e-12	6.0601918773299615e-12	3.2118825212258124e-12
sub-6	03	01	sub-6/ses-03/run-01/tsv-row-27	27	right_hand	2	184.568	5.0	46142	47392	sub-6/ses-03/eeg/sub-6_ses-03_task-imagery_run-01_eeg.edf	test_exploratory	184.45192726828822	False	4.3533798631075986e-12	2.0647948113034292e-12	1.1707600575998852e-11	6.555218926386888e-12
sub-6	03	01	sub-6/ses-03/run-01/tsv-row-28	28	rest	1	191.508	5.0	47877	49127	sub-6/ses-03/eeg/sub-6_ses-03_task-imagery_run-01_eeg.edf	test_exploratory	190.28363602404858	False	3.4144111081862717e-12	5.776416568147864e-12	9.848545091324422e-12	1.076321025228432e-11
sub-6	03	01	sub-6/ses-03/run-01/tsv-row-29	29	right_hand	2	198.34	5.0	49585	50835	sub-6/ses-03/eeg/sub-6_ses-03_task-imagery_run-01_eeg.edf	test_exploratory	143.99686156193732	False	5.173256411560308e-12	2.081926540781625e-12	1.2491687679588537e-11	6.59374650362689e-12
sub-6	03	01	sub-6/ses-03/run-01/tsv-row-30	30	rest	1	205.284	5.0	51321	52571	sub-6/ses-03/eeg/sub-6_ses-03_task-imagery_run-01_eeg.edf	test_exploratory	179.27676850489823	False	3.6174584784853806e-12	4.104537345057731e-12	9.561894270668874e-12	8.198708008400029e-12
sub-6	03	01	sub-6/ses-03/run-01/tsv-row-31	31	rest	1	212.176	5.0	53044	54294	sub-6/ses-03/eeg/sub-6_ses-03_task-imagery_run-01_eeg.edf	test_exploratory	259.9165558030945	False	3.4320351842374773e-12	1.9213804431660986e-12	8.812291096020236e-12	5.334357995393588e-12
sub-6	03	01	sub-6/ses-03/run-01/tsv-row-32	32	right_hand	2	219.004	5.0	54751	56001	sub-6/ses-03/eeg/sub-6_ses-03_task-imagery_run-01_eeg.edf	test_exploratory	271.65721449018827	False	2.834133909360502e-12	1.4248780991477776e-12	1.099903583623682e-11	5.4315380285053024e-12
sub-6	03	02	sub-6/ses-03/run-02/tsv-row-1	1	right_hand	2	4.924	5.0	1231	2481	sub-6/ses-03/eeg/sub-6_ses-03_task-imagery_run-02_eeg.edf	test_exploratory	328.20612265694143	False	1.9067250082078925e-12	1.851669347436729e-12	4.947391541610463e-12	4.78369106198092e-12
sub-6	03	02	sub-6/ses-03/run-02/tsv-row-2	2	rest	1	11.86	5.0	2965	4215	sub-6/ses-03/eeg/sub-6_ses-03_task-imagery_run-02_eeg.edf	test_exploratory	174.12999365672778	False	2.2730818494119405e-12	3.4981985009373747e-12	6.5699439829475994e-12	7.188110559806939e-12
sub-6	03	02	sub-6/ses-03/run-02/tsv-row-3	3	rest	1	18.752	5.0	4688	5938	sub-6/ses-03/eeg/sub-6_ses-03_task-imagery_run-02_eeg.edf	test_exploratory	386.3887168248542	False	2.9272403074618926e-12	1.861110366331369e-12	9.268552418047915e-12	4.242476091119379e-12
sub-6	03	02	sub-6/ses-03/run-02/tsv-row-4	4	right_hand	2	25.572	5.0	6393	7643	sub-6/ses-03/eeg/sub-6_ses-03_task-imagery_run-02_eeg.edf	test_exploratory	276.24638342081977	False	2.759768486159965e-12	1.5804599443028792e-12	6.23792786348509e-12	5.453427784361183e-12
sub-6	03	02	sub-6/ses-03/run-02/tsv-row-5	5	rest	1	32.528	5.0	8132	9382	sub-6/ses-03/eeg/sub-6_ses-03_task-imagery_run-02_eeg.edf	test_exploratory	467.48373091830194	False	2.6895123103825566e-12	2.515880869623488e-12	1.079947177227433e-11	5.981119746389871e-12
sub-6	03	02	sub-6/ses-03/run-02/tsv-row-6	6	right_hand	2	39.36	5.0	9840	11090	sub-6/ses-03/eeg/sub-6_ses-03_task-imagery_run-02_eeg.edf	test_exploratory	266.285417752617	False	3.540449210669136e-12	2.1671228221920306e-12	1.0558128026425389e-11	8.823653032342431e-12
sub-6	03	02	sub-6/ses-03/run-02/tsv-row-7	7	right_hand	2	46.24	5.0	11560	12810	sub-6/ses-03/eeg/sub-6_ses-03_task-imagery_run-02_eeg.edf	test_exploratory	277.96151658223215	False	3.689921259333408e-12	1.862688717513561e-12	1.5119265257691567e-11	5.353211235342124e-12
sub-6	03	02	sub-6/ses-03/run-02/tsv-row-8	8	rest	1	53.196	5.0	13299	14549	sub-6/ses-03/eeg/sub-6_ses-03_task-imagery_run-02_eeg.edf	test_exploratory	314.48505736564226	False	3.177943648327644e-12	4.408156573983736e-12	1.069134296377039e-11	8.866299261524975e-12
sub-6	03	02	sub-6/ses-03/run-02/tsv-row-9	9	right_hand	2	60.016	5.0	15004	16254	sub-6/ses-03/eeg/sub-6_ses-03_task-imagery_run-02_eeg.edf	test_exploratory	311.75843541673026	False	3.6230315705481162e-12	1.926327798798796e-12	1.1192314518600142e-11	5.8781540732377255e-12
sub-6	03	02	sub-6/ses-03/run-02/tsv-row-10	10	rest	1	66.956	5.0	16739	17989	sub-6/ses-03/eeg/sub-6_ses-03_task-imagery_run-02_eeg.edf	test_exploratory	177.20843779259621	False	3.2813584012516817e-12	3.015300234962224e-12	1.4302295417124394e-11	7.701245137625308e-12
sub-6	03	02	sub-6/ses-03/run-02/tsv-row-11	11	right_hand	2	73.804	5.0	18451	19701	sub-6/ses-03/eeg/sub-6_ses-03_task-imagery_run-02_eeg.edf	test_exploratory	185.3443258659627	False	3.5970158447359987e-12	2.062305958328326e-12	7.687850232634924e-12	6.366657728139176e-12
sub-6	03	02	sub-6/ses-03/run-02/tsv-row-12	12	rest	1	80.736	5.0	20184	21434	sub-6/ses-03/eeg/sub-6_ses-03_task-imagery_run-02_eeg.edf	test_exploratory	240.07466482436593	False	2.3579772079989605e-12	2.938704799073807e-12	6.5548889245826655e-12	6.836985969028904e-12
sub-6	03	02	sub-6/ses-03/run-02/tsv-row-13	13	right_hand	2	87.564	5.0	21891	23141	sub-6/ses-03/eeg/sub-6_ses-03_task-imagery_run-02_eeg.edf	test_exploratory	348.1060651066622	False	2.366613792358156e-12	1.883741275721745e-12	6.10210912841438e-12	5.751411811831096e-12
sub-6	03	02	sub-6/ses-03/run-02/tsv-row-14	14	rest	1	94.528	5.0	23632	24882	sub-6/ses-03/eeg/sub-6_ses-03_task-imagery_run-02_eeg.edf	test_exploratory	174.26192697683646	False	3.04833861134728e-12	3.714339437488769e-12	9.81867221653202e-12	8.51376973215039e-12
sub-6	03	02	sub-6/ses-03/run-02/tsv-row-15	15	rest	1	101.4	5.0	25350	26600	sub-6/ses-03/eeg/sub-6_ses-03_task-imagery_run-02_eeg.edf	test_exploratory	427.6178793588061	False	3.000857356805951e-12	2.7119865165005625e-12	9.976017712284316e-12	7.29509782412614e-12
sub-6	03	02	sub-6/ses-03/run-02/tsv-row-16	16	right_hand	2	108.232	5.0	27058	28308	sub-6/ses-03/eeg/sub-6_ses-03_task-imagery_run-02_eeg.edf	test_exploratory	170.74370510727255	False	2.6505922662619363e-12	2.0332892696612096e-12	8.116079677792088e-12	5.6099057670806975e-12
sub-6	03	02	sub-6/ses-03/run-02/tsv-row-17	17	rest	1	115.18	5.0	28795	30045	sub-6/ses-03/eeg/sub-6_ses-03_task-imagery_run-02_eeg.edf	test_exploratory	373.4152736808374	False	3.3513791322826408e-12	3.4214906338295744e-12	8.4787656646502e-12	7.882585109660947e-12
sub-6	03	02	sub-6/ses-03/run-02/tsv-row-18	18	right_hand	2	122.02	5.0	30505	31755	sub-6/ses-03/eeg/sub-6_ses-03_task-imagery_run-02_eeg.edf	test_exploratory	278.0054943556016	False	2.9522991729617952e-12	1.9747680978860032e-12	9.976820088516636e-12	5.231262626686894e-12
sub-6	03	02	sub-6/ses-03/run-02/tsv-row-19	19	right_hand	2	128.9	5.0	32225	33475	sub-6/ses-03/eeg/sub-6_ses-03_task-imagery_run-02_eeg.edf	test_exploratory	142.8617967909787	False	2.6914585585533584e-12	1.852774663935245e-12	7.1055704847556525e-12	4.530985512722494e-12
sub-6	03	02	sub-6/ses-03/run-02/tsv-row-20	20	rest	1	135.864	5.0	33966	35216	sub-6/ses-03/eeg/sub-6_ses-03_task-imagery_run-02_eeg.edf	test_exploratory	819.9216067018647	False	2.2519824634208613e-12	2.845949978518281e-12	7.345682533754782e-12	6.540142387271664e-12
sub-6	03	02	sub-6/ses-03/run-02/tsv-row-21	21	right_hand	2	142.676	5.0	35669	36919	sub-6/ses-03/eeg/sub-6_ses-03_task-imagery_run-02_eeg.edf	test_exploratory	158.2760063570055	False	4.439336933801991e-12	2.9541494352139345e-12	1.929947866506703e-11	8.106035221149587e-12
sub-6	03	02	sub-6/ses-03/run-02/tsv-row-22	22	rest	1	149.608	5.0	37402	38652	sub-6/ses-03/eeg/sub-6_ses-03_task-imagery_run-02_eeg.edf	test_exploratory	246.38547530289623	False	3.1843128124924877e-12	2.4380632223708667e-12	1.1285579327030162e-11	5.385153519410719e-12
sub-6	03	02	sub-6/ses-03/run-02/tsv-row-23	23	rest	1	156.512	5.0	39128	40378	sub-6/ses-03/eeg/sub-6_ses-03_task-imagery_run-02_eeg.edf	test_exploratory	192.27082517166664	False	3.76985975366205e-12	2.755899804723321e-12	1.3037869762364438e-11	6.577915866625286e-12
sub-6	03	02	sub-6/ses-03/run-02/tsv-row-24	24	right_hand	2	163.344	5.0	40836	42086	sub-6/ses-03/eeg/sub-6_ses-03_task-imagery_run-02_eeg.edf	test_exploratory	268.77016194799637	False	2.9821497758353923e-12	2.0986704644274393e-12	6.950595691913606e-12	5.760735337029572e-12
sub-6	03	02	sub-6/ses-03/run-02/tsv-row-25	25	right_hand	2	170.224	5.0	42556	43806	sub-6/ses-03/eeg/sub-6_ses-03_task-imagery_run-02_eeg.edf	test_exploratory	303.4906140232551	False	1.8643743713047998e-12	2.3149336481277843e-12	6.181030037191616e-12	5.431924451728699e-12
sub-6	03	02	sub-6/ses-03/run-02/tsv-row-26	26	rest	1	177.164	5.0	44291	45541	sub-6/ses-03/eeg/sub-6_ses-03_task-imagery_run-02_eeg.edf	test_exploratory	161.0905838526566	False	2.0328344434513004e-12	2.0868396543063792e-12	5.5063317188596414e-12	4.803609316437115e-12
sub-6	03	02	sub-6/ses-03/run-02/tsv-row-27	27	rest	1	184.068	5.0	46017	47267	sub-6/ses-03/eeg/sub-6_ses-03_task-imagery_run-02_eeg.edf	test_exploratory	314.02329074526193	False	2.696353898679785e-12	1.8432817857415445e-12	1.1004486284756382e-11	5.008205986159263e-12
sub-6	03	02	sub-6/ses-03/run-02/tsv-row-28	28	right_hand	2	190.892	5.0	47723	48973	sub-6/ses-03/eeg/sub-6_ses-03_task-imagery_run-02_eeg.edf	test_exploratory	179.14345982085632	False	3.3727294201218926e-12	1.643889918266208e-12	1.1686226283850573e-11	5.83731052005058e-12
sub-6	03	02	sub-6/ses-03/run-02/tsv-row-29	29	rest	1	197.832	5.0	49458	50708	sub-6/ses-03/eeg/sub-6_ses-03_task-imagery_run-02_eeg.edf	test_exploratory	145.76432983336895	False	3.962367068978845e-12	2.31269620609647e-12	1.015534247748125e-11	6.099241317490118e-12
sub-6	03	02	sub-6/ses-03/run-02/tsv-row-30	30	right_hand	2	204.668	5.0	51167	52417	sub-6/ses-03/eeg/sub-6_ses-03_task-imagery_run-02_eeg.edf	test_exploratory	253.9936300958281	False	3.16993012107491e-12	1.70386518055291e-12	1.1863444130338892e-11	4.9134356918950825e-12
sub-6	03	02	sub-6/ses-03/run-02/tsv-row-31	31	rest	1	211.608	5.0	52902	54152	sub-6/ses-03/eeg/sub-6_ses-03_task-imagery_run-02_eeg.edf	test_exploratory	185.03648145237585	False	2.7632484163543852e-12	2.2462467948279828e-12	9.983287077534952e-12	5.6423419318393255e-12
sub-6	03	02	sub-6/ses-03/run-02/tsv-row-32	32	right_hand	2	218.44	5.0	54610	55860	sub-6/ses-03/eeg/sub-6_ses-03_task-imagery_run-02_eeg.edf	test_exploratory	182.11195952330087	False	3.0086392420320943e-12	1.723475400814392e-12	9.310296762185409e-12	5.122793651387204e-12
sub-6	03	03	sub-6/ses-03/run-03/tsv-row-1	1	right_hand	2	5.4	5.0	1350	2600	sub-6/ses-03/eeg/sub-6_ses-03_task-imagery_run-03_eeg.edf	test_exploratory	264.5852940092166	False	1.8854674024604784e-12	1.820671166367406e-12	6.936583150977563e-12	5.2328539487235655e-12
sub-6	03	03	sub-6/ses-03/run-03/tsv-row-2	2	rest	1	12.34	5.0	3085	4335	sub-6/ses-03/eeg/sub-6_ses-03_task-imagery_run-03_eeg.edf	test_exploratory	470.43101305581837	False	3.544033434029123e-12	2.4103143331642514e-12	1.3578730889873463e-11	6.5230712211334164e-12
sub-6	03	03	sub-6/ses-03/run-03/tsv-row-3	3	rest	1	19.228	5.0	4807	6057	sub-6/ses-03/eeg/sub-6_ses-03_task-imagery_run-03_eeg.edf	test_exploratory	279.8247896481216	False	2.485449595603761e-12	3.181832029804285e-12	6.8856464474116644e-12	7.511012970380838e-12
sub-6	03	03	sub-6/ses-03/run-03/tsv-row-4	4	right_hand	2	26.06	5.0	6515	7765	sub-6/ses-03/eeg/sub-6_ses-03_task-imagery_run-03_eeg.edf	test_exploratory	184.17605647144995	False	2.667259487421813e-12	1.6403029228158513e-12	6.969535131221273e-12	4.7591828294261424e-12
sub-6	03	03	sub-6/ses-03/run-03/tsv-row-5	5	rest	1	33.004	5.0	8251	9501	sub-6/ses-03/eeg/sub-6_ses-03_task-imagery_run-03_eeg.edf	test_exploratory	402.9142602252266	False	3.062708727032729e-12	2.1100211074237644e-12	9.53011348336533e-12	6.717001208045668e-12
sub-6	03	03	sub-6/ses-03/run-03/tsv-row-6	6	right_hand	2	39.828	5.0	9957	11207	sub-6/ses-03/eeg/sub-6_ses-03_task-imagery_run-03_eeg.edf	test_exploratory	153.05404850001528	False	3.3026769776097804e-12	2.365485129508161e-12	9.703545962185099e-12	6.319596804417303e-12
sub-6	03	03	sub-6/ses-03/run-03/tsv-row-7	7	rest	1	46.768	5.0	11692	12942	sub-6/ses-03/eeg/sub-6_ses-03_task-imagery_run-03_eeg.edf	test_exploratory	142.26744346446122	False	2.7338683130147375e-12	2.2632254309903192e-12	7.271049874813865e-12	5.840699674582108e-12
sub-6	03	03	sub-6/ses-03/run-03/tsv-row-8	8	right_hand	2	53.604	5.0	13401	14651	sub-6/ses-03/eeg/sub-6_ses-03_task-imagery_run-03_eeg.edf	test_exploratory	206.55303740958888	False	5.086675974251244e-12	2.013302323714379e-12	1.0770949000657948e-11	6.388596583353551e-12
sub-6	03	03	sub-6/ses-03/run-03/tsv-row-9	9	rest	1	60.544	5.0	15136	16386	sub-6/ses-03/eeg/sub-6_ses-03_task-imagery_run-03_eeg.edf	test_exploratory	298.697329606006	False	3.0534860063989196e-12	2.232952629496202e-12	6.9370314589252825e-12	5.562472164118047e-12
sub-6	03	03	sub-6/ses-03/run-03/tsv-row-10	10	right_hand	2	67.392	5.0	16848	18098	sub-6/ses-03/eeg/sub-6_ses-03_task-imagery_run-03_eeg.edf	test_exploratory	360.6680634540849	False	2.9335534790823364e-12	1.5900391863217974e-12	1.3227620747551985e-11	4.723030830249479e-12
sub-6	03	03	sub-6/ses-03/run-03/tsv-row-11	11	right_hand	2	74.272	5.0	18568	19818	sub-6/ses-03/eeg/sub-6_ses-03_task-imagery_run-03_eeg.edf	test_exploratory	406.22579619739366	False	2.7261592673409204e-12	1.330113356554733e-12	9.84870939263925e-12	4.0648364515529454e-12
sub-6	03	03	sub-6/ses-03/run-03/tsv-row-12	12	rest	1	81.196	5.0	20299	21549	sub-6/ses-03/eeg/sub-6_ses-03_task-imagery_run-03_eeg.edf	test_exploratory	238.17338331858275	False	4.587259308517896e-12	3.018234826984313e-12	1.2784771135106396e-11	9.54306800902993e-12
sub-6	03	03	sub-6/ses-03/run-03/tsv-row-13	13	right_hand	2	88.06	5.0	22015	23265	sub-6/ses-03/eeg/sub-6_ses-03_task-imagery_run-03_eeg.edf	test_exploratory	203.77199020966214	False	3.920726711482147e-12	2.2810495963564766e-12	8.864151177542198e-12	6.50898567527176e-12
sub-6	03	03	sub-6/ses-03/run-03/tsv-row-14	14	rest	1	94.988	5.0	23747	24997	sub-6/ses-03/eeg/sub-6_ses-03_task-imagery_run-03_eeg.edf	test_exploratory	215.98930738853113	False	1.7189662907003056e-12	2.9475916750030855e-12	7.606049588274262e-12	7.460181418924809e-12
sub-6	03	03	sub-6/ses-03/run-03/tsv-row-15	15	rest	1	101.88	5.0	25470	26720	sub-6/ses-03/eeg/sub-6_ses-03_task-imagery_run-03_eeg.edf	test_exploratory	185.55854236274303	False	2.799546607359963e-12	3.838969529614895e-12	7.769360372426684e-12	8.986586588088094e-12
sub-6	03	03	sub-6/ses-03/run-03/tsv-row-16	16	right_hand	2	108.716	5.0	27179	28429	sub-6/ses-03/eeg/sub-6_ses-03_task-imagery_run-03_eeg.edf	test_exploratory	183.4687381084628	False	4.553828298919055e-12	2.5952809090733744e-12	1.3583879595410794e-11	6.92027152670053e-12
sub-6	03	03	sub-6/ses-03/run-03/tsv-row-17	17	rest	1	115.656	5.0	28914	30164	sub-6/ses-03/eeg/sub-6_ses-03_task-imagery_run-03_eeg.edf	test_exploratory	355.82936283455916	False	5.574755151725787e-12	3.021271195810484e-12	1.345742459098491e-11	7.075489130252106e-12
sub-6	03	03	sub-6/ses-03/run-03/tsv-row-18	18	right_hand	2	122.488	5.0	30622	31872	sub-6/ses-03/eeg/sub-6_ses-03_task-imagery_run-03_eeg.edf	test_exploratory	396.8859787224952	False	2.1654908620001393e-12	2.2843775751389855e-12	7.363660093456493e-12	5.804830412639105e-12
sub-6	03	03	sub-6/ses-03/run-03/tsv-row-19	19	rest	1	129.436	5.0	32359	33609	sub-6/ses-03/eeg/sub-6_ses-03_task-imagery_run-03_eeg.edf	test_exploratory	224.97546568193607	False	3.824191708955783e-12	2.8639198662232022e-12	1.126556872559784e-11	6.196814980394752e-12
sub-6	03	03	sub-6/ses-03/run-03/tsv-row-20	20	right_hand	2	136.264	5.0	34066	35316	sub-6/ses-03/eeg/sub-6_ses-03_task-imagery_run-03_eeg.edf	test_exploratory	184.85122399975586	False	4.069032223526945e-12	2.0722759652597906e-12	1.0226425235749737e-11	6.375191158139072e-12
sub-6	03	03	sub-6/ses-03/run-03/tsv-row-21	21	rest	1	143.196	5.0	35799	37049	sub-6/ses-03/eeg/sub-6_ses-03_task-imagery_run-03_eeg.edf	test_exploratory	241.9993326456496	False	2.5510401122546437e-12	2.7652148643036096e-12	8.129238221019469e-12	6.994491796063792e-12
sub-6	03	03	sub-6/ses-03/run-03/tsv-row-22	22	right_hand	2	150.052	5.0	37513	38763	sub-6/ses-03/eeg/sub-6_ses-03_task-imagery_run-03_eeg.edf	test_exploratory	282.47723350932336	False	6.394351551989273e-12	3.5027198204997656e-12	1.832261302531481e-11	9.161756289266293e-12
sub-6	03	03	sub-6/ses-03/run-03/tsv-row-23	23	rest	1	156.992	5.0	39248	40498	sub-6/ses-03/eeg/sub-6_ses-03_task-imagery_run-03_eeg.edf	test_exploratory	351.97126267281106	False	6.311103309488446e-12	4.9220049733587564e-12	1.2701895992919225e-11	1.1754075635404539e-11
sub-6	03	03	sub-6/ses-03/run-03/tsv-row-24	24	right_hand	2	163.812	5.0	40953	42203	sub-6/ses-03/eeg/sub-6_ses-03_task-imagery_run-03_eeg.edf	test_exploratory	398.8954058900723	False	2.0902822369462667e-12	1.886693659258335e-12	8.437353968405387e-12	4.697561589149836e-12
sub-6	03	03	sub-6/ses-03/run-03/tsv-row-25	25	right_hand	2	170.708	5.0	42677	43927	sub-6/ses-03/eeg/sub-6_ses-03_task-imagery_run-03_eeg.edf	test_exploratory	255.0847223609119	False	2.082721954719379e-12	1.8300732177088738e-12	7.703508822803665e-12	5.800557660663214e-12
sub-6	03	03	sub-6/ses-03/run-03/tsv-row-26	26	rest	1	177.64	5.0	44410	45660	sub-6/ses-03/eeg/sub-6_ses-03_task-imagery_run-03_eeg.edf	test_exploratory	297.95786040833764	False	4.948373964069818e-12	3.397496747209136e-12	1.2090010785754134e-11	9.226177285342769e-12
sub-6	03	03	sub-6/ses-03/run-03/tsv-row-27	27	rest	1	184.528	5.0	46132	47382	sub-6/ses-03/eeg/sub-6_ses-03_task-imagery_run-03_eeg.edf	test_exploratory	224.57358024842065	False	2.6365122990496985e-12	3.290218755121049e-12	7.982213599183811e-12	7.039427114171265e-12
sub-6	03	03	sub-6/ses-03/run-03/tsv-row-28	28	right_hand	2	191.36	5.0	47840	49090	sub-6/ses-03/eeg/sub-6_ses-03_task-imagery_run-03_eeg.edf	test_exploratory	270.3242179998169	False	5.1862189798559496e-12	3.1535712659546182e-12	1.391977355673158e-11	8.365933623828905e-12
sub-6	03	03	sub-6/ses-03/run-03/tsv-row-29	29	right_hand	2	198.256	5.0	49564	50814	sub-6/ses-03/eeg/sub-6_ses-03_task-imagery_run-03_eeg.edf	test_exploratory	309.03382295602285	False	2.3871886728829493e-12	2.308924509953538e-12	4.5724104051622174e-12	5.716148944824308e-12
sub-6	03	03	sub-6/ses-03/run-03/tsv-row-30	30	rest	1	205.196	5.0	51299	52549	sub-6/ses-03/eeg/sub-6_ses-03_task-imagery_run-03_eeg.edf	test_exploratory	329.5782063173315	False	2.9778303727265933e-12	2.9498848809599114e-12	6.094833834645077e-12	6.182691428531722e-12
sub-6	03	03	sub-6/ses-03/run-03/tsv-row-31	31	right_hand	2	212.028	5.0	53007	54257	sub-6/ses-03/eeg/sub-6_ses-03_task-imagery_run-03_eeg.edf	test_exploratory	351.79443308206424	False	2.562797044714679e-12	1.4729229296836901e-12	7.857941509298643e-12	5.889913689649535e-12
sub-6	03	03	sub-6/ses-03/run-03/tsv-row-32	32	rest	1	218.976	5.0	54744	55994	sub-6/ses-03/eeg/sub-6_ses-03_task-imagery_run-03_eeg.edf	test_exploratory	306.60643493758965	False	2.4878760851139877e-12	2.7162390202560913e-12	6.8339863198282e-12	6.6843423254944075e-12
sub-6	03	04	sub-6/ses-03/run-04/tsv-row-1	1	right_hand	2	4.836	5.0	1209	2459	sub-6/ses-03/eeg/sub-6_ses-03_task-imagery_run-04_eeg.edf	test_exploratory	270.5914736655782	False	1.7129963438562224e-12	1.6458869094734065e-12	7.269323832631207e-12	3.9943934194488574e-12
sub-6	03	04	sub-6/ses-03/run-04/tsv-row-2	2	rest	1	11.776	5.0	2944	4194	sub-6/ses-03/eeg/sub-6_ses-03_task-imagery_run-04_eeg.edf	test_exploratory	168.44700621967223	False	2.029366442387724e-12	1.8287214391246364e-12	6.802016616603844e-12	5.214161636221358e-12
sub-6	03	04	sub-6/ses-03/run-04/tsv-row-3	3	rest	1	18.648	5.0	4662	5912	sub-6/ses-03/eeg/sub-6_ses-03_task-imagery_run-04_eeg.edf	test_exploratory	295.30195208594	False	2.0604318452321505e-12	1.388431690906364e-12	5.674731875475807e-12	3.5846380938281466e-12
sub-6	03	04	sub-6/ses-03/run-04/tsv-row-4	4	right_hand	2	25.504	5.0	6376	7626	sub-6/ses-03/eeg/sub-6_ses-03_task-imagery_run-04_eeg.edf	test_exploratory	525.6760324472791	False	4.098671812689011e-12	1.7039390648707263e-12	1.1717056681537886e-11	5.389414446087264e-12
sub-6	03	04	sub-6/ses-03/run-04/tsv-row-5	5	right_hand	2	32.384	5.0	8096	9346	sub-6/ses-03/eeg/sub-6_ses-03_task-imagery_run-04_eeg.edf	test_exploratory	259.3929664845728	False	2.9519072042299622e-12	1.3518333687898679e-12	8.246010006594484e-12	4.318061083477927e-12
sub-6	03	04	sub-6/ses-03/run-04/tsv-row-6	6	rest	1	39.312	5.0	9828	11078	sub-6/ses-03/eeg/sub-6_ses-03_task-imagery_run-04_eeg.edf	test_exploratory	312.7870463820306	False	2.2719562406886562e-12	2.051445448752818e-12	9.28764638279815e-12	6.163461974828461e-12
sub-6	03	04	sub-6/ses-03/run-04/tsv-row-7	7	right_hand	2	46.168	5.0	11542	12792	sub-6/ses-03/eeg/sub-6_ses-03_task-imagery_run-04_eeg.edf	test_exploratory	144.97708099002043	False	2.8237834209672666e-12	1.2012222104630094e-12	9.327728256527003e-12	3.715933921659389e-12
sub-6	03	04	sub-6/ses-03/run-04/tsv-row-8	8	rest	1	53.092	5.0	13273	14523	sub-6/ses-03/eeg/sub-6_ses-03_task-imagery_run-04_eeg.edf	test_exploratory	252.77109472334965	False	3.510301946105389e-12	2.090760597107996e-12	1.244174367256031e-11	6.8312229093694325e-12
sub-6	03	04	sub-6/ses-03/run-04/tsv-row-9	9	rest	1	59.98	5.0	14995	16245	sub-6/ses-03/eeg/sub-6_ses-03_task-imagery_run-04_eeg.edf	test_exploratory	340.19656620380255	False	3.0438481020682406e-12	2.0043757087860628e-12	6.303975027191018e-12	5.137328376143729e-12
sub-6	03	04	sub-6/ses-03/run-04/tsv-row-10	10	right_hand	2	66.828	5.0	16707	17957	sub-6/ses-03/eeg/sub-6_ses-03_task-imagery_run-04_eeg.edf	test_exploratory	217.63326380809957	False	3.3423202924037646e-12	1.7779697152583638e-12	8.879408814046353e-12	5.507323066432511e-12
sub-6	03	04	sub-6/ses-03/run-04/tsv-row-11	11	rest	1	73.76	5.0	18440	19690	sub-6/ses-03/eeg/sub-6_ses-03_task-imagery_run-04_eeg.edf	test_exploratory	281.8067450788903	False	5.532354775841853e-12	2.2413055462208623e-12	1.3983317415917406e-11	7.366544145390271e-12
sub-6	03	04	sub-6/ses-03/run-04/tsv-row-12	12	right_hand	2	80.596	5.0	20149	21399	sub-6/ses-03/eeg/sub-6_ses-03_task-imagery_run-04_eeg.edf	test_exploratory	208.66439952391121	False	2.584174045519702e-12	1.1882277153524158e-12	7.390564876037443e-12	4.201558184066714e-12
sub-6	03	04	sub-6/ses-03/run-04/tsv-row-13	13	right_hand	2	87.496	5.0	21874	23124	sub-6/ses-03/eeg/sub-6_ses-03_task-imagery_run-04_eeg.edf	test_exploratory	409.2316748435925	False	1.5318021896367823e-12	2.2823517462094304e-12	4.882280391078302e-12	6.302189295569514e-12
sub-6	03	04	sub-6/ses-03/run-04/tsv-row-14	14	rest	1	94.424	5.0	23606	24856	sub-6/ses-03/eeg/sub-6_ses-03_task-imagery_run-04_eeg.edf	test_exploratory	374.1609008575701	False	3.436695453204622e-12	1.977458361325796e-12	9.490372727876696e-12	7.0190297341545735e-12
sub-6	03	04	sub-6/ses-03/run-04/tsv-row-15	15	right_hand	2	101.264	5.0	25316	26566	sub-6/ses-03/eeg/sub-6_ses-03_task-imagery_run-04_eeg.edf	test_exploratory	283.38258291573834	False	2.779092533923519e-12	1.783574997115635e-12	9.095399401228316e-12	6.236337503141702e-12
sub-6	03	04	sub-6/ses-03/run-04/tsv-row-16	16	rest	1	108.204	5.0	27051	28301	sub-6/ses-03/eeg/sub-6_ses-03_task-imagery_run-04_eeg.edf	test_exploratory	291.2114794030579	False	3.1813712204887037e-12	2.153183637466381e-12	9.825736257402005e-12	6.423476182379288e-12
sub-6	03	04	sub-6/ses-03/run-04/tsv-row-17	17	right_hand	2	115.044	5.0	28761	30011	sub-6/ses-03/eeg/sub-6_ses-03_task-imagery_run-04_eeg.edf	test_exploratory	317.2798606402782	False	2.8598751041111387e-12	1.4089174731806461e-12	8.079385179030808e-12	4.885506682813882e-12
sub-6	03	04	sub-6/ses-03/run-04/tsv-row-18	18	rest	1	121.964	5.0	30491	31741	sub-6/ses-03/eeg/sub-6_ses-03_task-imagery_run-04_eeg.edf	test_exploratory	131.44834551835683	False	2.564493999240244e-12	1.8067289942782992e-12	6.374900656301626e-12	5.69000059363659e-12
sub-6	03	04	sub-6/ses-03/run-04/tsv-row-19	19	right_hand	2	128.828	5.0	32207	33457	sub-6/ses-03/eeg/sub-6_ses-03_task-imagery_run-04_eeg.edf	test_exploratory	169.82167326883751	False	4.750442534125301e-12	2.036933520132583e-12	1.3129351936091449e-11	7.429900071902758e-12
sub-6	03	04	sub-6/ses-03/run-04/tsv-row-20	20	rest	1	135.76	5.0	33940	35190	sub-6/ses-03/eeg/sub-6_ses-03_task-imagery_run-04_eeg.edf	test_exploratory	285.1428273079622	False	2.9646562148052044e-12	2.34010064192199e-12	8.808470270851647e-12	7.770822045344668e-12
sub-6	03	04	sub-6/ses-03/run-04/tsv-row-21	21	rest	1	142.632	5.0	35658	36908	sub-6/ses-03/eeg/sub-6_ses-03_task-imagery_run-04_eeg.edf	test_exploratory	181.97574169133574	False	4.227288767100425e-12	2.3013399872563476e-12	1.2075656533998132e-11	7.189383230539885e-12
sub-6	03	04	sub-6/ses-03/run-04/tsv-row-22	22	right_hand	2	149.488	5.0	37372	38622	sub-6/ses-03/eeg/sub-6_ses-03_task-imagery_run-04_eeg.edf	test_exploratory	130.92865431684314	False	3.6177281790703982e-12	1.842496477443984e-12	1.1400857327326399e-11	5.586287396109254e-12
sub-6	03	04	sub-6/ses-03/run-04/tsv-row-23	23	right_hand	2	156.376	5.0	39094	40344	sub-6/ses-03/eeg/sub-6_ses-03_task-imagery_run-04_eeg.edf	test_exploratory	228.68089289834285	False	3.388435277502908e-12	1.64841369631469e-12	1.0278698598484417e-11	5.969637146706606e-12
sub-6	03	04	sub-6/ses-03/run-04/tsv-row-24	24	rest	1	163.3	5.0	40825	42075	sub-6/ses-03/eeg/sub-6_ses-03_task-imagery_run-04_eeg.edf	test_exploratory	352.3506346263008	False	4.6371064360496464e-12	2.3442737858731302e-12	1.295126903500028e-11	6.562942813577198e-12
sub-6	03	04	sub-6/ses-03/run-04/tsv-row-25	25	rest	1	170.204	5.0	42551	43801	sub-6/ses-03/eeg/sub-6_ses-03_task-imagery_run-04_eeg.edf	test_exploratory	294.7152039551987	False	2.8000517884363557e-12	2.164582620311979e-12	8.473272897251041e-12	5.031937798008187e-12
sub-6	03	04	sub-6/ses-03/run-04/tsv-row-26	26	right_hand	2	177.036	5.0	44259	45509	sub-6/ses-03/eeg/sub-6_ses-03_task-imagery_run-04_eeg.edf	test_exploratory	245.79717408368168	False	4.850517580425052e-12	2.4750396562731994e-12	1.5694816504018286e-11	1.062830756037729e-11
sub-6	03	04	sub-6/ses-03/run-04/tsv-row-27	27	rest	1	183.984	5.0	45996	47246	sub-6/ses-03/eeg/sub-6_ses-03_task-imagery_run-04_eeg.edf	test_exploratory	199.79612063356421	False	3.268523360945895e-12	3.4982140519730865e-12	7.680290210170022e-12	7.288557474781012e-12
sub-6	03	04	sub-6/ses-03/run-04/tsv-row-28	28	right_hand	2	190.804	5.0	47701	48951	sub-6/ses-03/eeg/sub-6_ses-03_task-imagery_run-04_eeg.edf	test_exploratory	142.69714539628285	False	3.247470845066157e-12	1.4729716375220442e-12	1.1982249450093114e-11	4.779550917993613e-12
sub-6	03	04	sub-6/ses-03/run-04/tsv-row-29	29	right_hand	2	197.7	5.0	49425	50675	sub-6/ses-03/eeg/sub-6_ses-03_task-imagery_run-04_eeg.edf	test_exploratory	197.08031499984736	False	6.3704865252978515e-12	3.3283050176897327e-12	2.9854142642665135e-11	9.43491449522515e-12
sub-6	03	04	sub-6/ses-03/run-04/tsv-row-30	30	rest	1	204.632	5.0	51158	52408	sub-6/ses-03/eeg/sub-6_ses-03_task-imagery_run-04_eeg.edf	test_exploratory	212.31900216681413	False	5.071341052661642e-12	2.3171789165685713e-12	1.1236921675972083e-11	6.296291203500989e-12
sub-6	03	04	sub-6/ses-03/run-04/tsv-row-31	31	right_hand	2	211.472	5.0	52868	54118	sub-6/ses-03/eeg/sub-6_ses-03_task-imagery_run-04_eeg.edf	test_exploratory	182.17691247901848	False	4.076989235661155e-12	1.7141109454280958e-12	1.0287012141065422e-11	4.790944530380231e-12
sub-6	03	04	sub-6/ses-03/run-04/tsv-row-32	32	rest	1	218.428	5.0	54607	55857	sub-6/ses-03/eeg/sub-6_ses-03_task-imagery_run-04_eeg.edf	test_exploratory	199.42730752281253	False	3.9161661009282425e-12	3.0013820851078364e-12	1.0261029985965094e-11	8.793001315683836e-12
sub-6	03	05	sub-6/ses-03/run-05/tsv-row-1	1	right_hand	2	7.912	5.0	1978	3228	sub-6/ses-03/eeg/sub-6_ses-03_task-imagery_run-05_eeg.edf	test_exploratory	252.46651566057307	False	1.4698457315633985e-12	1.4642531157603796e-12	4.805946591126982e-12	4.271047369316076e-12
sub-6	03	05	sub-6/ses-03/run-05/tsv-row-2	2	rest	1	14.844	5.0	3711	4961	sub-6/ses-03/eeg/sub-6_ses-03_task-imagery_run-05_eeg.edf	test_exploratory	163.9698522659993	False	1.7519906892813113e-12	1.9530291817604815e-12	5.154582229951249e-12	4.3299679933229905e-12
sub-6	03	05	sub-6/ses-03/run-05/tsv-row-3	3	right_hand	2	21.692	5.0	5423	6673	sub-6/ses-03/eeg/sub-6_ses-03_task-imagery_run-05_eeg.edf	test_exploratory	130.53299273964655	False	2.3231133711832846e-12	1.3790386763641093e-12	8.18699459625591e-12	3.71938232951972e-12
sub-6	03	05	sub-6/ses-03/run-05/tsv-row-4	4	rest	1	28.624	5.0	7156	8406	sub-6/ses-03/eeg/sub-6_ses-03_task-imagery_run-05_eeg.edf	test_exploratory	151.70856581926932	False	3.1500170569967652e-12	1.905799145833901e-12	9.313505040416304e-12	5.001700912395255e-12
sub-6	03	05	sub-6/ses-03/run-05/tsv-row-5	5	rest	1	35.512	5.0	8878	10128	sub-6/ses-03/eeg/sub-6_ses-03_task-imagery_run-05_eeg.edf	test_exploratory	290.50964225745406	False	3.138845645490975e-12	2.371463790923215e-12	1.0125222477786838e-11	6.049179229748449e-12
sub-6	03	05	sub-6/ses-03/run-05/tsv-row-6	6	right_hand	2	42.36	5.0	10590	11840	sub-6/ses-03/eeg/sub-6_ses-03_task-imagery_run-05_eeg.edf	test_exploratory	156.7124962340159	False	3.323567624056584e-12	2.1256132203519515e-12	1.0173329309583937e-11	6.3823431620015945e-12
sub-6	03	05	sub-6/ses-03/run-05/tsv-row-7	7	right_hand	2	49.24	5.0	12310	13560	sub-6/ses-03/eeg/sub-6_ses-03_task-imagery_run-05_eeg.edf	test_exploratory	303.88107220679336	False	3.2751824553001872e-12	2.459480651549645e-12	8.378997294071158e-12	6.893578684966767e-12
sub-6	03	05	sub-6/ses-03/run-05/tsv-row-8	8	rest	1	56.18	5.0	14045	15295	sub-6/ses-03/eeg/sub-6_ses-03_task-imagery_run-05_eeg.edf	test_exploratory	429.0124711874751	False	3.0398464106378934e-12	3.2145029950119787e-12	9.32862232709576e-12	8.132309894309562e-12
sub-6	03	05	sub-6/ses-03/run-05/tsv-row-9	9	right_hand	2	63.024	5.0	15756	17006	sub-6/ses-03/eeg/sub-6_ses-03_task-imagery_run-05_eeg.edf	test_exploratory	236.59312050386052	False	3.726902258738421e-12	2.2602648763947746e-12	9.894994782800465e-12	5.6995675965742504e-12
sub-6	03	05	sub-6/ses-03/run-05/tsv-row-10	10	rest	1	69.956	5.0	17489	18739	sub-6/ses-03/eeg/sub-6_ses-03_task-imagery_run-05_eeg.edf	test_exploratory	258.4811737418744	False	3.40288373069863e-12	2.206969539693367e-12	1.1245828952733191e-11	7.403239453538941e-12
sub-6	03	05	sub-6/ses-03/run-05/tsv-row-11	11	right_hand	2	76.788	5.0	19197	20447	sub-6/ses-03/eeg/sub-6_ses-03_task-imagery_run-05_eeg.edf	test_exploratory	165.61021356089967	False	3.4673555516442207e-12	1.9563499388584053e-12	1.0197827497219053e-11	5.8575993136138775e-12
sub-6	03	05	sub-6/ses-03/run-05/tsv-row-12	12	rest	1	83.736	5.0	20934	22184	sub-6/ses-03/eeg/sub-6_ses-03_task-imagery_run-05_eeg.edf	test_exploratory	216.70995329294712	False	3.1114114647314893e-12	2.065274790046944e-12	1.0309513300631756e-11	5.800663048768097e-12
sub-6	03	05	sub-6/ses-03/run-05/tsv-row-13	13	right_hand	2	90.572	5.0	22643	23893	sub-6/ses-03/eeg/sub-6_ses-03_task-imagery_run-05_eeg.edf	test_exploratory	291.1558451918088	False	3.7605368595103805e-12	2.014700484137244e-12	1.2442320901492394e-11	5.917163995896046e-12
sub-6	03	05	sub-6/ses-03/run-05/tsv-row-14	14	rest	1	97.496	5.0	24374	25624	sub-6/ses-03/eeg/sub-6_ses-03_task-imagery_run-05_eeg.edf	test_exploratory	252.59907010864583	False	2.365729249603531e-12	2.0765000520596247e-12	6.749372766494531e-12	5.822349933054662e-12
sub-6	03	05	sub-6/ses-03/run-05/tsv-row-15	15	rest	1	104.4	5.0	26100	27350	sub-6/ses-03/eeg/sub-6_ses-03_task-imagery_run-05_eeg.edf	test_exploratory	194.24197434461493	False	2.6573882370574536e-12	1.9242837719736124e-12	8.06886411243834e-12	5.304022691187787e-12
sub-6	03	05	sub-6/ses-03/run-05/tsv-row-16	16	right_hand	2	111.232	5.0	27808	29058	sub-6/ses-03/eeg/sub-6_ses-03_task-imagery_run-05_eeg.edf	test_exploratory	343.64740662862016	False	2.8362953903150423e-12	1.364068547032087e-12	7.889881859688086e-12	3.7980217906506896e-12
sub-6	03	05	sub-6/ses-03/run-05/tsv-row-17	17	right_hand	2	118.12	5.0	29530	30780	sub-6/ses-03/eeg/sub-6_ses-03_task-imagery_run-05_eeg.edf	test_exploratory	151.36061039307833	False	2.3436176371109047e-12	1.265661849826518e-12	9.149329537720067e-12	4.418174784295948e-12
sub-6	03	05	sub-6/ses-03/run-05/tsv-row-18	18	rest	1	125.068	5.0	31267	32517	sub-6/ses-03/eeg/sub-6_ses-03_task-imagery_run-05_eeg.edf	test_exploratory	219.21191850032037	False	2.58067370208003e-12	2.10771650533984e-12	8.15216605342448e-12	7.045256503419268e-12
sub-6	03	05	sub-6/ses-03/run-05/tsv-row-19	19	rest	1	131.94	5.0	32985	34235	sub-6/ses-03/eeg/sub-6_ses-03_task-imagery_run-05_eeg.edf	test_exploratory	236.9742145420697	False	2.1512102839357065e-12	1.6779239805671174e-12	7.556218624766538e-12	5.363072522290666e-12
sub-6	03	05	sub-6/ses-03/run-05/tsv-row-20	20	right_hand	2	138.78	5.0	34695	35945	sub-6/ses-03/eeg/sub-6_ses-03_task-imagery_run-05_eeg.edf	test_exploratory	183.37250960264893	False	1.9843919981199e-12	1.852249725674932e-12	6.138852423436412e-12	5.176365466016638e-12
sub-6	03	05	sub-6/ses-03/run-05/tsv-row-21	21	right_hand	2	145.684	5.0	36421	37671	sub-6/ses-03/eeg/sub-6_ses-03_task-imagery_run-05_eeg.edf	test_exploratory	245.17602101657153	False	5.694925008259908e-12	2.751704831524201e-12	3.226519826388262e-11	8.954867663897382e-12
sub-6	03	05	sub-6/ses-03/run-05/tsv-row-22	22	rest	1	152.608	5.0	38152	39402	sub-6/ses-03/eeg/sub-6_ses-03_task-imagery_run-05_eeg.edf	test_exploratory	208.20989931028163	False	2.9942214243849336e-12	1.976268446016888e-12	1.0680740561230371e-11	5.638901379109362e-12
sub-6	03	05	sub-6/ses-03/run-05/tsv-row-23	23	right_hand	2	159.448	5.0	39862	41112	sub-6/ses-03/eeg/sub-6_ses-03_task-imagery_run-05_eeg.edf	test_exploratory	180.34032660298465	False	6.759290398285605e-12	1.860520886260515e-12	1.7925461572488203e-11	5.242242842714349e-12
sub-6	03	05	sub-6/ses-03/run-05/tsv-row-24	24	rest	1	166.4	5.0	41600	42850	sub-6/ses-03/eeg/sub-6_ses-03_task-imagery_run-05_eeg.edf	test_exploratory	361.674811566515	False	2.8649424961609602e-12	2.090443209406016e-12	1.184170508404772e-11	6.415211332298215e-12
sub-6	03	05	sub-6/ses-03/run-05/tsv-row-25	25	rest	1	173.292	5.0	43323	44573	sub-6/ses-03/eeg/sub-6_ses-03_task-imagery_run-05_eeg.edf	test_exploratory	206.1884439771721	False	2.531928169067792e-12	2.310870087217739e-12	8.588169374363247e-12	5.864168045084715e-12
sub-6	03	05	sub-6/ses-03/run-05/tsv-row-26	26	right_hand	2	180.112	5.0	45028	46278	sub-6/ses-03/eeg/sub-6_ses-03_task-imagery_run-05_eeg.edf	test_exploratory	184.31696004516735	False	2.63912486314623e-12	1.4102426560195435e-12	9.862927466161046e-12	4.064949612115078e-12
sub-6	03	05	sub-6/ses-03/run-05/tsv-row-27	27	rest	1	187.036	5.0	46759	48009	sub-6/ses-03/eeg/sub-6_ses-03_task-imagery_run-05_eeg.edf	test_exploratory	219.34447294839313	False	5.858244450349371e-12	2.109809333273412e-12	2.5411128343623138e-11	7.469000234430969e-12
sub-6	03	05	sub-6/ses-03/run-05/tsv-row-28	28	right_hand	2	193.892	5.0	48473	49723	sub-6/ses-03/eeg/sub-6_ses-03_task-imagery_run-05_eeg.edf	test_exploratory	165.37824327677234	False	2.931736298023272e-12	1.9402104507889794e-12	8.057731636289887e-12	5.577289455217127e-12
sub-6	03	05	sub-6/ses-03/run-05/tsv-row-29	29	rest	1	200.848	5.0	50212	51462	sub-6/ses-03/eeg/sub-6_ses-03_task-imagery_run-05_eeg.edf	test_exploratory	187.01775692464977	False	3.690510731816447e-12	2.30718502201421e-12	1.1591251088446972e-11	7.762744617586786e-12
sub-6	03	05	sub-6/ses-03/run-05/tsv-row-30	30	right_hand	2	207.66	5.0	51915	53165	sub-6/ses-03/eeg/sub-6_ses-03_task-imagery_run-05_eeg.edf	test_exploratory	159.81095645771654	False	2.4242055003278035e-12	1.3148670844187714e-12	5.36952899934232e-12	3.970291595710853e-12
sub-6	03	05	sub-6/ses-03/run-05/tsv-row-31	31	rest	1	214.608	5.0	53652	54902	sub-6/ses-03/eeg/sub-6_ses-03_task-imagery_run-05_eeg.edf	test_exploratory	133.58174504531993	False	2.6265859103375844e-12	1.9489035793781954e-12	9.805148859179965e-12	6.241623517077705e-12
sub-6	03	05	sub-6/ses-03/run-05/tsv-row-32	32	right_hand	2	221.44	5.0	55360	56610	sub-6/ses-03/eeg/sub-6_ses-03_task-imagery_run-05_eeg.edf	test_exploratory	154.4922092287972	False	2.569353858036571e-12	1.4116464572095304e-12	7.849097158111601e-12	4.670786401426597e-12
sub-6	03	06	sub-6/ses-03/run-06/tsv-row-1	1	rest	1	8.276	5.0	2069	3319	sub-6/ses-03/eeg/sub-6_ses-03_task-imagery_run-06_eeg.edf	test_exploratory	320.28311257210004	False	1.8488255448661792e-12	1.5170065166813433e-12	4.358943707979483e-12	5.330280366328831e-12
sub-6	03	06	sub-6/ses-03/run-06/tsv-row-2	2	right_hand	2	15.112	5.0	3778	5028	sub-6/ses-03/eeg/sub-6_ses-03_task-imagery_run-06_eeg.edf	test_exploratory	292.0998288445693	False	1.2248607546164945e-12	1.2593397741713805e-12	5.36242067502712e-12	3.786084921112746e-12
sub-6	03	06	sub-6/ses-03/run-06/tsv-row-3	3	right_hand	2	21.996	5.0	5499	6749	sub-6/ses-03/eeg/sub-6_ses-03_task-imagery_run-06_eeg.edf	test_exploratory	266.252089764092	False	2.7844860073757766e-12	2.0223821253792002e-12	8.3089339674732e-12	5.469699814358504e-12
sub-6	03	06	sub-6/ses-03/run-06/tsv-row-4	4	rest	1	28.96	5.0	7240	8490	sub-6/ses-03/eeg/sub-6_ses-03_task-imagery_run-06_eeg.edf	test_exploratory	206.45274192175057	False	2.0863422731640483e-12	2.1514630677733507e-12	6.3431008938484145e-12	5.573702266495587e-12
sub-6	03	06	sub-6/ses-03/run-06/tsv-row-5	5	rest	1	35.832	5.0	8958	10208	sub-6/ses-03/eeg/sub-6_ses-03_task-imagery_run-06_eeg.edf	test_exploratory	283.9019103854488	False	3.764669955178265e-12	1.509767967336142e-12	1.2683629515008098e-11	4.79485633221245e-12
sub-6	03	06	sub-6/ses-03/run-06/tsv-row-6	6	right_hand	2	42.66	5.0	10665	11915	sub-6/ses-03/eeg/sub-6_ses-03_task-imagery_run-06_eeg.edf	test_exploratory	179.7272142490921	False	1.1517367102218832e-12	1.209108018057191e-12	3.484278634012593e-12	3.6838335261566845e-12
sub-6	03	06	sub-6/ses-03/run-06/tsv-row-7	7	right_hand	2	49.56	5.0	12390	13640	sub-6/ses-03/eeg/sub-6_ses-03_task-imagery_run-06_eeg.edf	test_exploratory	138.23602847224348	False	2.9342735764025463e-12	1.9466136909797934e-12	7.129682986450912e-12	4.260277198235457e-12
sub-6	03	06	sub-6/ses-03/run-06/tsv-row-8	8	rest	1	56.496	5.0	14124	15374	sub-6/ses-03/eeg/sub-6_ses-03_task-imagery_run-06_eeg.edf	test_exploratory	284.2310811075168	False	2.2297984724122555e-12	1.916616116474975e-12	7.0383848212522e-12	4.457823085774448e-12
sub-6	03	06	sub-6/ses-03/run-06/tsv-row-9	9	rest	1	63.372	5.0	15843	17093	sub-6/ses-03/eeg/sub-6_ses-03_task-imagery_run-06_eeg.edf	test_exploratory	355.5670790185248	False	2.8911409746425787e-12	2.8667667745504173e-12	1.2650780662692344e-11	9.265234706204311e-12
sub-6	03	06	sub-6/ses-03/run-06/tsv-row-10	10	right_hand	2	70.208	5.0	17552	18802	sub-6/ses-03/eeg/sub-6_ses-03_task-imagery_run-06_eeg.edf	test_exploratory	169.06835277260663	False	2.0058398407980957e-12	1.5460418514632488e-12	5.8896602206968694e-12	4.8691298806339564e-12
sub-6	03	06	sub-6/ses-03/run-06/tsv-row-11	11	right_hand	2	77.108	5.0	19277	20527	sub-6/ses-03/eeg/sub-6_ses-03_task-imagery_run-06_eeg.edf	test_exploratory	216.57866032441177	False	2.2293110773046986e-12	1.3213923434705812e-12	6.5586741139399295e-12	4.866652987989582e-12
sub-6	03	06	sub-6/ses-03/run-06/tsv-row-12	12	rest	1	84.036	5.0	21009	22259	sub-6/ses-03/eeg/sub-6_ses-03_task-imagery_run-06_eeg.edf	test_exploratory	416.2912398419141	False	4.482289432720351e-12	2.410943720640248e-12	1.2079231334232034e-11	8.12183756474689e-12
sub-6	03	06	sub-6/ses-03/run-06/tsv-row-13	13	right_hand	2	90.884	5.0	22721	23971	sub-6/ses-03/eeg/sub-6_ses-03_task-imagery_run-06_eeg.edf	test_exploratory	190.7779456328013	False	4.818348575811923e-12	2.2111131198365702e-12	1.4265783648015402e-11	7.175094346302973e-12
sub-6	03	06	sub-6/ses-03/run-06/tsv-row-14	14	rest	1	97.816	5.0	24454	25704	sub-6/ses-03/eeg/sub-6_ses-03_task-imagery_run-06_eeg.edf	test_exploratory	165.1183041077914	False	2.3145909687053885e-12	1.9122462650265496e-12	6.853388958665872e-12	5.608871550055499e-12
sub-6	03	06	sub-6/ses-03/run-06/tsv-row-15	15	rest	1	104.704	5.0	26176	27426	sub-6/ses-03/eeg/sub-6_ses-03_task-imagery_run-06_eeg.edf	test_exploratory	359.187956961272	False	2.2119452997423657e-12	1.4819578867639236e-12	7.899920985683568e-12	5.590862771138267e-12
sub-6	03	06	sub-6/ses-03/run-06/tsv-row-16	16	right_hand	2	111.536	5.0	27884	29134	sub-6/ses-03/eeg/sub-6_ses-03_task-imagery_run-06_eeg.edf	test_exploratory	204.7441891262551	False	1.7863061561246479e-12	1.7132110636771224e-12	5.565323545987147e-12	5.059799252354212e-12
sub-6	03	06	sub-6/ses-03/run-06/tsv-row-17	17	rest	1	118.5	5.0	29625	30875	sub-6/ses-03/eeg/sub-6_ses-03_task-imagery_run-06_eeg.edf	test_exploratory	206.92298581041905	False	2.795962666803499e-12	1.9702965411820336e-12	8.057327987492076e-12	6.385444893837165e-12
sub-6	03	06	sub-6/ses-03/run-06/tsv-row-18	18	right_hand	2	125.32	5.0	31330	32580	sub-6/ses-03/eeg/sub-6_ses-03_task-imagery_run-06_eeg.edf	test_exploratory	264.2457158391065	False	1.7455913771377419e-12	1.2688971116046478e-12	4.38133352768148e-12	4.224674754717423e-12
sub-6	03	06	sub-6/ses-03/run-06/tsv-row-19	19	right_hand	2	132.2	5.0	33050	34300	sub-6/ses-03/eeg/sub-6_ses-03_task-imagery_run-06_eeg.edf	test_exploratory	262.3490654881436	False	4.494164039818868e-12	3.304186443685433e-12	1.26759862678067e-11	7.254004417625005e-12
sub-6	03	06	sub-6/ses-03/run-06/tsv-row-20	20	rest	1	139.148	5.0	34787	36037	sub-6/ses-03/eeg/sub-6_ses-03_task-imagery_run-06_eeg.edf	test_exploratory	149.55323139286483	False	2.761632269410542e-12	1.9709907001796834e-12	5.827877904727049e-12	5.1843170413979745e-12
sub-6	03	06	sub-6/ses-03/run-06/tsv-row-21	21	rest	1	146.036	5.0	36509	37759	sub-6/ses-03/eeg/sub-6_ses-03_task-imagery_run-06_eeg.edf	test_exploratory	219.99576591540273	False	4.135690355244101e-12	1.8623100064664646e-12	1.1468067234126843e-11	5.7176787311792145e-12
sub-6	03	06	sub-6/ses-03/run-06/tsv-row-22	22	right_hand	2	152.868	5.0	38217	39467	sub-6/ses-03/eeg/sub-6_ses-03_task-imagery_run-06_eeg.edf	test_exploratory	318.99777927640616	False	3.4594976626844308e-12	2.009473350447838e-12	8.997639214302225e-12	6.906016396395653e-12
sub-6	03	06	sub-6/ses-03/run-06/tsv-row-23	23	rest	1	159.816	5.0	39954	41204	sub-6/ses-03/eeg/sub-6_ses-03_task-imagery_run-06_eeg.edf	test_exploratory	286.0650322733238	False	2.559158117994568e-12	2.2555287495842944e-12	6.793928809342831e-12	6.333782958944828e-12
sub-6	03	06	sub-6/ses-03/run-06/tsv-row-24	24	right_hand	2	166.648	5.0	41662	42912	sub-6/ses-03/eeg/sub-6_ses-03_task-imagery_run-06_eeg.edf	test_exploratory	215.18360345469532	False	5.5374018746378965e-12	2.300185320082789e-12	1.2129780284611996e-11	6.408876760709222e-12
sub-6	03	06	sub-6/ses-03/run-06/tsv-row-25	25	rest	1	173.576	5.0	43394	44644	sub-6/ses-03/eeg/sub-6_ses-03_task-imagery_run-06_eeg.edf	test_exploratory	175.4009704733421	False	2.6330245882608844e-12	2.8009026381835883e-12	7.907778305101814e-12	6.087617005106194e-12
sub-6	03	06	sub-6/ses-03/run-06/tsv-row-26	26	right_hand	2	180.432	5.0	45108	46358	sub-6/ses-03/eeg/sub-6_ses-03_task-imagery_run-06_eeg.edf	test_exploratory	186.0911815424055	False	2.8399793851875066e-12	1.9689954464646644e-12	1.0450242449763153e-11	6.0478348540950344e-12
sub-6	03	06	sub-6/ses-03/run-06/tsv-row-27	27	right_hand	2	187.312	5.0	46828	48078	sub-6/ses-03/eeg/sub-6_ses-03_task-imagery_run-06_eeg.edf	test_exploratory	233.67986307565542	False	3.1076003819831072e-12	1.539468991186636e-12	9.263345622800808e-12	5.158514385151676e-12
sub-6	03	06	sub-6/ses-03/run-06/tsv-row-28	28	rest	1	194.244	5.0	48561	49811	sub-6/ses-03/eeg/sub-6_ses-03_task-imagery_run-06_eeg.edf	test_exploratory	235.40409066743985	False	2.2412504708475204e-12	2.5421845334049226e-12	7.487807979336703e-12	6.505340252507493e-12
sub-6	03	06	sub-6/ses-03/run-06/tsv-row-29	29	right_hand	2	201.092	5.0	50273	51523	sub-6/ses-03/eeg/sub-6_ses-03_task-imagery_run-06_eeg.edf	test_exploratory	189.27316518906218	False	2.725133650798404e-12	1.8052724645671313e-12	8.90368771682319e-12	5.88839511081114e-12
sub-6	03	06	sub-6/ses-03/run-06/tsv-row-30	30	rest	1	208.04	5.0	52010	53260	sub-6/ses-03/eeg/sub-6_ses-03_task-imagery_run-06_eeg.edf	test_exploratory	306.7714381710258	False	2.464470691236678e-12	2.0813743219829715e-12	7.520405629955965e-12	5.796495370836732e-12
sub-6	03	06	sub-6/ses-03/run-06/tsv-row-31	31	rest	1	214.912	5.0	53728	54978	sub-6/ses-03/eeg/sub-6_ses-03_task-imagery_run-06_eeg.edf	test_exploratory	256.04779737998604	False	4.7045888561031486e-12	2.2791647575666032e-12	1.3197556677386653e-11	7.7115114249457e-12
sub-6	03	06	sub-6/ses-03/run-06/tsv-row-32	32	right_hand	2	221.76	5.0	55440	56690	sub-6/ses-03/eeg/sub-6_ses-03_task-imagery_run-06_eeg.edf	test_exploratory	156.34041818597984	False	4.240813877868259e-12	1.794788897700382e-12	1.6098936552945987e-11	5.154780005899375e-12
sub-6	04	01	sub-6/ses-04/run-01/tsv-row-1	1	right_hand	2	6.148	5.0	1537	2787	sub-6/ses-04/eeg/sub-6_ses-04_task-imagery_run-01_eeg.edf	test_exploratory	294.94065692617573	False	1.3560926401728001e-12	1.4464099805654072e-12	3.853596576167976e-12	4.479934351998924e-12
sub-6	04	01	sub-6/ses-04/run-01/tsv-row-2	2	rest	1	13.064	5.0	3266	4516	sub-6/ses-04/eeg/sub-6_ses-04_task-imagery_run-01_eeg.edf	test_exploratory	295.58149248176517	False	2.897922907790664e-12	1.7581372420187706e-12	8.218912351172576e-12	5.666743676554856e-12
sub-6	04	01	sub-6/ses-04/run-01/tsv-row-3	3	right_hand	2	19.924	5.0	4981	6231	sub-6/ses-04/eeg/sub-6_ses-04_task-imagery_run-01_eeg.edf	test_exploratory	165.31994320657978	False	2.118108466038103e-12	1.2210824228369167e-12	8.816490084930895e-12	4.228404725419847e-12
sub-6	04	01	sub-6/ses-04/run-01/tsv-row-4	4	rest	1	26.828	5.0	6707	7957	sub-6/ses-04/eeg/sub-6_ses-04_task-imagery_run-01_eeg.edf	test_exploratory	336.9700912915433	False	3.677234427020786e-12	1.904565769465055e-12	1.7990710028570237e-11	7.022196415701551e-12
sub-6	04	01	sub-6/ses-04/run-01/tsv-row-5	5	rest	1	33.728	5.0	8432	9682	sub-6/ses-04/eeg/sub-6_ses-04_task-imagery_run-01_eeg.edf	test_exploratory	284.405945597705	False	2.954461036342225e-12	2.6362941431909996e-12	9.664070005295656e-12	6.03223934734834e-12
sub-6	04	01	sub-6/ses-04/run-01/tsv-row-6	6	right_hand	2	40.592	5.0	10148	11398	sub-6/ses-04/eeg/sub-6_ses-04_task-imagery_run-01_eeg.edf	test_exploratory	281.5456308008057	False	2.4817375199000968e-12	1.6368651233201992e-12	8.013369533219221e-12	5.2383815672696925e-12
sub-6	04	01	sub-6/ses-04/run-01/tsv-row-7	7	right_hand	2	47.476	5.0	11869	13119	sub-6/ses-04/eeg/sub-6_ses-04_task-imagery_run-01_eeg.edf	test_exploratory	209.25625410321362	False	3.1123619936587654e-12	1.7865950628046915e-12	8.480285965890475e-12	5.978124581992616e-12
sub-6	04	01	sub-6/ses-04/run-01/tsv-row-8	8	rest	1	54.392	5.0	13598	14848	sub-6/ses-04/eeg/sub-6_ses-04_task-imagery_run-01_eeg.edf	test_exploratory	426.48387731253996	False	3.2688011165007715e-12	2.7633132940561145e-12	1.27224725588659e-11	7.097948763939469e-12
sub-6	04	01	sub-6/ses-04/run-01/tsv-row-9	9	right_hand	2	61.26	5.0	15315	16565	sub-6/ses-04/eeg/sub-6_ses-04_task-imagery_run-01_eeg.edf	test_exploratory	252.61424998626669	False	2.112506176123565e-12	1.5116998843283442e-12	7.824545842782338e-12	5.172168419898258e-12
sub-6	04	01	sub-6/ses-04/run-01/tsv-row-10	10	rest	1	68.164	5.0	17041	18291	sub-6/ses-04/eeg/sub-6_ses-04_task-imagery_run-01_eeg.edf	test_exploratory	432.8453424619281	False	2.4697888632450166e-12	2.9619733546578965e-12	5.951257521621268e-12	6.337685767077121e-12
sub-6	04	01	sub-6/ses-04/run-01/tsv-row-11	11	right_hand	2	75.04	5.0	18760	20010	sub-6/ses-04/eeg/sub-6_ses-04_task-imagery_run-01_eeg.edf	test_exploratory	282.13957594988864	False	2.888297214111311e-12	1.6915087246080192e-12	7.631374627947294e-12	5.111054367896672e-12
sub-6	04	01	sub-6/ses-04/run-01/tsv-row-12	12	rest	1	81.94	5.0	20485	21735	sub-6/ses-04/eeg/sub-6_ses-04_task-imagery_run-01_eeg.edf	test_exploratory	209.08432261268962	False	2.7143159166045584e-12	2.1444955333286197e-12	7.029080366633486e-12	6.036429931541142e-12
sub-6	04	01	sub-6/ses-04/run-01/tsv-row-13	13	right_hand	2	88.808	5.0	22202	23452	sub-6/ses-04/eeg/sub-6_ses-04_task-imagery_run-01_eeg.edf	test_exploratory	359.27429465315714	False	4.1811744339897276e-12	1.410486245953502e-12	1.2715635388469427e-11	4.761312398058546e-12
sub-6	04	01	sub-6/ses-04/run-01/tsv-row-14	14	rest	1	95.732	5.0	23933	25183	sub-6/ses-04/eeg/sub-6_ses-04_task-imagery_run-01_eeg.edf	test_exploratory	353.85063763389996	False	3.3234566618558175e-12	3.3163598705826045e-12	1.2715483789333239e-11	7.34709078304604e-12
sub-6	04	01	sub-6/ses-04/run-01/tsv-row-15	15	rest	1	102.604	5.0	25651	26901	sub-6/ses-04/eeg/sub-6_ses-04_task-imagery_run-01_eeg.edf	test_exploratory	345.08213161717583	False	2.3874002020171638e-12	2.9504652790203467e-12	6.775845965824242e-12	6.336460711949486e-12
sub-6	04	01	sub-6/ses-04/run-01/tsv-row-16	16	right_hand	2	109.464	5.0	27366	28616	sub-6/ses-04/eeg/sub-6_ses-04_task-imagery_run-01_eeg.edf	test_exploratory	165.80447740714743	False	2.7118365830088866e-12	1.3074382816325017e-12	1.0135255041140491e-11	4.261736455198577e-12
sub-6	04	01	sub-6/ses-04/run-01/tsv-row-17	17	rest	1	116.388	5.0	29097	30347	sub-6/ses-04/eeg/sub-6_ses-04_task-imagery_run-01_eeg.edf	test_exploratory	273.8399739982299	False	3.2776754624438947e-12	3.5410461339197995e-12	1.1937363169820068e-11	8.423295647508869e-12
sub-6	04	01	sub-6/ses-04/run-01/tsv-row-18	18	right_hand	2	123.248	5.0	30812	32062	sub-6/ses-04/eeg/sub-6_ses-04_task-imagery_run-01_eeg.edf	test_exploratory	165.75758700064088	False	3.1966551158342873e-12	1.6151208957954177e-12	1.3878545313051447e-11	6.070602675641568e-12
sub-6	04	01	sub-6/ses-04/run-01/tsv-row-19	19	right_hand	2	130.132	5.0	32533	33783	sub-6/ses-04/eeg/sub-6_ses-04_task-imagery_run-01_eeg.edf	test_exploratory	265.1339885235145	False	3.536253296590994e-12	1.8875938247111397e-12	1.1423019487624571e-11	5.41448013268488e-12
sub-6	04	01	sub-6/ses-04/run-01/tsv-row-20	20	rest	1	137.052	5.0	34263	35513	sub-6/ses-04/eeg/sub-6_ses-04_task-imagery_run-01_eeg.edf	test_exploratory	177.35514754325996	False	2.827633631129762e-12	2.6910590023280335e-12	9.186383538450293e-12	6.81456393255702e-12
sub-6	04	01	sub-6/ses-04/run-01/tsv-row-21	21	rest	1	143.932	5.0	35983	37233	sub-6/ses-04/eeg/sub-6_ses-04_task-imagery_run-01_eeg.edf	test_exploratory	296.65997183141576	False	3.0826542115919863e-12	4.028587640345823e-12	8.012042466623042e-12	7.58975742854613e-12
sub-6	04	01	sub-6/ses-04/run-01/tsv-row-22	22	right_hand	2	150.8	5.0	37700	38950	sub-6/ses-04/eeg/sub-6_ses-04_task-imagery_run-01_eeg.edf	test_exploratory	328.2015852748192	False	1.8879561243330494e-12	1.5617436990141403e-12	8.839738326582867e-12	5.012491571857503e-12
sub-6	04	01	sub-6/ses-04/run-01/tsv-row-23	23	rest	1	157.704	5.0	39426	40676	sub-6/ses-04/eeg/sub-6_ses-04_task-imagery_run-01_eeg.edf	test_exploratory	249.2850311243019	False	2.5985746050453677e-12	2.502770102201151e-12	8.79582341969558e-12	6.656681838401996e-12
sub-6	04	01	sub-6/ses-04/run-01/tsv-row-24	24	right_hand	2	164.576	5.0	41144	42394	sub-6/ses-04/eeg/sub-6_ses-04_task-imagery_run-01_eeg.edf	test_exploratory	139.01442515640733	False	3.730158633850413e-12	1.7847391144094667e-12	1.124920233037377e-11	5.496094862171296e-12
sub-6	04	01	sub-6/ses-04/run-01/tsv-row-25	25	right_hand	2	171.456	5.0	42864	44114	sub-6/ses-04/eeg/sub-6_ses-04_task-imagery_run-01_eeg.edf	test_exploratory	187.48347534867395	False	4.822261886260779e-12	1.739050331827276e-12	1.5922429018303353e-11	6.800993854450572e-12
sub-6	04	01	sub-6/ses-04/run-01/tsv-row-26	26	rest	1	178.368	5.0	44592	45842	sub-6/ses-04/eeg/sub-6_ses-04_task-imagery_run-01_eeg.edf	test_exploratory	212.9918564882351	False	3.864991674536749e-12	2.914758862287799e-12	9.325441966655996e-12	7.89252342416313e-12
sub-6	04	01	sub-6/ses-04/run-01/tsv-row-27	27	right_hand	2	185.244	5.0	46311	47561	sub-6/ses-04/eeg/sub-6_ses-04_task-imagery_run-01_eeg.edf	test_exploratory	137.9984663487655	False	6.7936402583839265e-12	1.830121112023732e-12	2.6588613170457974e-11	5.5523376412331546e-12
sub-6	04	01	sub-6/ses-04/run-01/tsv-row-28	28	rest	1	192.148	5.0	48037	49287	sub-6/ses-04/eeg/sub-6_ses-04_task-imagery_run-01_eeg.edf	test_exploratory	181.7003252128666	False	4.00376562811343e-12	2.4002967124134844e-12	1.1479555910308295e-11	7.212113051633901e-12
sub-6	04	01	sub-6/ses-04/run-01/tsv-row-29	29	right_hand	2	199.004	5.0	49751	51001	sub-6/ses-04/eeg/sub-6_ses-04_task-imagery_run-01_eeg.edf	test_exploratory	220.9319653233436	False	3.4127402993611193e-12	1.829371221201503e-12	8.730078447720896e-12	5.230514207369304e-12
sub-6	04	01	sub-6/ses-04/run-01/tsv-row-30	30	rest	1	205.936	5.0	51484	52734	sub-6/ses-04/eeg/sub-6_ses-04_task-imagery_run-01_eeg.edf	test_exploratory	246.45597659840686	False	2.4929974002467544e-12	3.5038302723602225e-12	1.0188346532755033e-11	7.467532930842997e-12
sub-6	04	01	sub-6/ses-04/run-01/tsv-row-31	31	right_hand	2	212.788	5.0	53197	54447	sub-6/ses-04/eeg/sub-6_ses-04_task-imagery_run-01_eeg.edf	test_exploratory	197.06474841151157	False	4.812782979098162e-12	2.708024244566182e-12	1.555114299574842e-11	6.474077897286504e-12
sub-6	04	01	sub-6/ses-04/run-01/tsv-row-32	32	rest	1	219.696	5.0	54924	56174	sub-6/ses-04/eeg/sub-6_ses-04_task-imagery_run-01_eeg.edf	test_exploratory	184.88887285531177	False	3.9289488163385945e-12	3.4503435091101824e-12	1.1727191059953141e-11	8.606410515167966e-12
sub-6	04	02	sub-6/ses-04/run-02/tsv-row-1	1	right_hand	2	5.5	5.0	1375	2625	sub-6/ses-04/eeg/sub-6_ses-04_task-imagery_run-02_eeg.edf	test_exploratory	248.23013684194467	False	4.015995877401983e-12	1.963938393140118e-12	1.1876442812000228e-11	6.797327988282015e-12
sub-6	04	02	sub-6/ses-04/run-02/tsv-row-2	2	rest	1	12.42	5.0	3105	4355	sub-6/ses-04/eeg/sub-6_ses-04_task-imagery_run-02_eeg.edf	test_exploratory	491.3472127750481	False	2.4629307333585303e-12	1.814086738161977e-12	6.273086593921115e-12	4.572541526294068e-12
sub-6	04	02	sub-6/ses-04/run-02/tsv-row-3	3	rest	1	19.312	5.0	4828	6078	sub-6/ses-04/eeg/sub-6_ses-04_task-imagery_run-02_eeg.edf	test_exploratory	203.22174542069766	False	2.8255888634251955e-12	2.017403664322656e-12	7.04159987952567e-12	4.786043261577992e-12
sub-6	04	02	sub-6/ses-04/run-02/tsv-row-4	4	right_hand	2	26.168	5.0	6542	7792	sub-6/ses-04/eeg/sub-6_ses-04_task-imagery_run-02_eeg.edf	test_exploratory	243.56559004791401	False	2.4433838847875692e-12	1.7159857759357832e-12	1.0721885504283982e-11	4.853771195763877e-12
sub-6	04	02	sub-6/ses-04/run-02/tsv-row-5	5	right_hand	2	33.06	5.0	8265	9515	sub-6/ses-04/eeg/sub-6_ses-04_task-imagery_run-02_eeg.edf	test_exploratory	370.02414471877194	False	4.836523234291661e-12	2.07924262858678e-12	1.6320764857730273e-11	6.436038977167099e-12
sub-6	04	02	sub-6/ses-04/run-02/tsv-row-6	6	rest	1	39.968	5.0	9992	11242	sub-6/ses-04/eeg/sub-6_ses-04_task-imagery_run-02_eeg.edf	test_exploratory	393.2347501602222	False	5.948901437547383e-12	2.6360095596611076e-12	2.3001525207756327e-11	6.676435299909834e-12
sub-6	04	02	sub-6/ses-04/run-02/tsv-row-7	7	rest	1	46.856	5.0	11714	12964	sub-6/ses-04/eeg/sub-6_ses-04_task-imagery_run-02_eeg.edf	test_exploratory	209.00757750175478	False	2.8057644760499993e-12	2.1618401655258623e-12	7.596974611891765e-12	5.076967768749417e-12
sub-6	04	02	sub-6/ses-04/run-02/tsv-row-8	8	right_hand	2	53.728	5.0	13432	14682	sub-6/ses-04/eeg/sub-6_ses-04_task-imagery_run-02_eeg.edf	test_exploratory	170.34566080507827	False	2.369059101506808e-12	1.6038603890916401e-12	6.739471137221016e-12	4.2831243705247664e-12
sub-6	04	02	sub-6/ses-04/run-02/tsv-row-9	9	right_hand	2	60.608	5.0	15152	16402	sub-6/ses-04/eeg/sub-6_ses-04_task-imagery_run-02_eeg.edf	test_exploratory	171.26511474044005	False	3.6027795477651998e-12	1.8829612338940703e-12	1.0364756760998342e-11	7.162531875305296e-12
sub-6	04	02	sub-6/ses-04/run-02/tsv-row-10	10	rest	1	67.516	5.0	16879	18129	sub-6/ses-04/eeg/sub-6_ses-04_task-imagery_run-02_eeg.edf	test_exploratory	238.7889147251808	False	3.686857309840412e-12	3.1328039019544896e-12	1.5532417450184653e-11	7.270915897145151e-12
sub-6	04	02	sub-6/ses-04/run-02/tsv-row-11	11	rest	1	74.408	5.0	18602	19852	sub-6/ses-04/eeg/sub-6_ses-04_task-imagery_run-02_eeg.edf	test_exploratory	143.16570544755393	False	5.073185458557588e-12	2.4058004834914565e-12	1.1182470243275282e-11	6.418790713559574e-12
sub-6	04	02	sub-6/ses-04/run-02/tsv-row-12	12	right_hand	2	81.276	5.0	20319	21569	sub-6/ses-04/eeg/sub-6_ses-04_task-imagery_run-02_eeg.edf	test_exploratory	289.8298209906308	False	3.242739531451316e-12	1.3412963486594166e-12	9.460742528208034e-12	4.2216672303179285e-12
sub-6	04	02	sub-6/ses-04/run-02/tsv-row-13	13	right_hand	2	88.16	5.0	22040	23290	sub-6/ses-04/eeg/sub-6_ses-04_task-imagery_run-02_eeg.edf	test_exploratory	272.965690273751	False	3.4966765365482447e-12	1.9172715095983716e-12	9.74772928966555e-12	5.628950398568013e-12
sub-6	04	02	sub-6/ses-04/run-02/tsv-row-14	14	rest	1	95.08	5.0	23770	25020	sub-6/ses-04/eeg/sub-6_ses-04_task-imagery_run-02_eeg.edf	test_exploratory	480.8519824884793	False	3.718885320837253e-12	2.479229234881735e-12	1.1344683541189317e-11	7.312178803053188e-12
sub-6	04	02	sub-6/ses-04/run-02/tsv-row-15	15	rest	1	101.96	5.0	25490	26740	sub-6/ses-04/eeg/sub-6_ses-04_task-imagery_run-02_eeg.edf	test_exploratory	200.35125508590963	False	4.996483776068868e-12	2.1674159002001314e-12	2.5180805028617858e-11	6.970637833042315e-12
sub-6	04	02	sub-6/ses-04/run-02/tsv-row-16	16	right_hand	2	108.824	5.0	27206	28456	sub-6/ses-04/eeg/sub-6_ses-04_task-imagery_run-02_eeg.edf	test_exploratory	171.7809059724723	False	2.025464631328879e-12	1.4317888638700761e-12	9.654673987920787e-12	5.379735987393744e-12
sub-6	04	02	sub-6/ses-04/run-02/tsv-row-17	17	rest	1	115.748	5.0	28937	30187	sub-6/ses-04/eeg/sub-6_ses-04_task-imagery_run-02_eeg.edf	test_exploratory	309.1383536332286	False	4.5784634333645814e-12	2.572314279790227e-12	1.9117881613218045e-11	8.274774657314342e-12
sub-6	04	02	sub-6/ses-04/run-02/tsv-row-18	18	right_hand	2	122.6	5.0	30650	31900	sub-6/ses-04/eeg/sub-6_ses-04_task-imagery_run-02_eeg.edf	test_exploratory	147.98723218176823	False	3.367786573918606e-12	1.5354813383935065e-12	1.1644906271536116e-11	4.909459557438336e-12
sub-6	04	02	sub-6/ses-04/run-02/tsv-row-19	19	rest	1	129.508	5.0	32377	33627	sub-6/ses-04/eeg/sub-6_ses-04_task-imagery_run-02_eeg.edf	test_exploratory	210.01673426007872	False	5.536747417573943e-12	2.420105896740512e-12	1.8142221987908992e-11	6.4606535703873376e-12
sub-6	04	02	sub-6/ses-04/run-02/tsv-row-20	20	right_hand	2	136.392	5.0	34098	35348	sub-6/ses-04/eeg/sub-6_ses-04_task-imagery_run-02_eeg.edf	test_exploratory	188.42077963194674	False	3.607371078490913e-12	1.3373971628677124e-12	1.3443868885025727e-11	4.694640025325609e-12
sub-6	04	02	sub-6/ses-04/run-02/tsv-row-21	21	rest	1	143.292	5.0	35823	37073	sub-6/ses-04/eeg/sub-6_ses-04_task-imagery_run-02_eeg.edf	test_exploratory	217.41721715445416	False	4.788854576041882e-12	2.1124527517726516e-12	2.412411671783052e-11	6.740073503375729e-12
sub-6	04	02	sub-6/ses-04/run-02/tsv-row-22	22	right_hand	2	150.148	5.0	37537	38787	sub-6/ses-04/eeg/sub-6_ses-04_task-imagery_run-02_eeg.edf	test_exploratory	137.67140754112367	False	2.8954812360784162e-12	1.4996968283892798e-12	8.56440664734722e-12	4.4858550877111686e-12
sub-6	04	02	sub-6/ses-04/run-02/tsv-row-23	23	rest	1	157.064	5.0	39266	40516	sub-6/ses-04/eeg/sub-6_ses-04_task-imagery_run-02_eeg.edf	test_exploratory	235.6493159215064	False	4.848804680220795e-12	2.901806655800804e-12	1.4363658693693071e-11	7.503530699077116e-12
sub-6	04	02	sub-6/ses-04/run-02/tsv-row-24	24	right_hand	2	163.936	5.0	40984	42234	sub-6/ses-04/eeg/sub-6_ses-04_task-imagery_run-02_eeg.edf	test_exploratory	301.1099509781182	False	5.0787826167223335e-12	2.5070376043241113e-12	1.5258052120630008e-11	6.401905429705275e-12
sub-6	04	02	sub-6/ses-04/run-02/tsv-row-25	25	rest	1	170.84	5.0	42710	43960	sub-6/ses-04/eeg/sub-6_ses-04_task-imagery_run-02_eeg.edf	test_exploratory	881.4872155430769	False	7.074620377082159e-12	2.19448502296238e-12	2.6764125333602904e-11	7.914629587554095e-12
sub-6	04	02	sub-6/ses-04/run-02/tsv-row-26	26	right_hand	2	177.7	5.0	44425	45675	sub-6/ses-04/eeg/sub-6_ses-04_task-imagery_run-02_eeg.edf	test_exploratory	141.88744022034362	False	3.198920761846789e-12	1.8622104844588166e-12	8.998492657989925e-12	6.1176788721353136e-12
sub-6	04	02	sub-6/ses-04/run-02/tsv-row-27	27	right_hand	2	184.592	5.0	46148	47398	sub-6/ses-04/eeg/sub-6_ses-04_task-imagery_run-02_eeg.edf	test_exploratory	321.74160025940733	False	4.281063043390833e-12	1.499448002553729e-12	1.480206677321538e-11	4.563359960993857e-12
sub-6	04	02	sub-6/ses-04/run-02/tsv-row-28	28	rest	1	191.508	5.0	47877	49127	sub-6/ses-04/eeg/sub-6_ses-04_task-imagery_run-02_eeg.edf	test_exploratory	301.0650995666372	False	2.9500265667538604e-12	1.676023501407412e-12	1.3026730905752095e-11	4.91576756163907e-12
sub-6	04	02	sub-6/ses-04/run-02/tsv-row-29	29	rest	1	198.392	5.0	49598	50848	sub-6/ses-04/eeg/sub-6_ses-04_task-imagery_run-02_eeg.edf	test_exploratory	149.31034882045964	False	4.976230821635355e-12	2.1341561223951748e-12	1.716436202579735e-11	7.4445960971803e-12
sub-6	04	02	sub-6/ses-04/run-02/tsv-row-30	30	right_hand	2	205.264	5.0	51316	52566	sub-6/ses-04/eeg/sub-6_ses-04_task-imagery_run-02_eeg.edf	test_exploratory	166.48843941770687	False	4.165646607581441e-12	1.8326556015419344e-12	1.46651046392016e-11	5.104504960141527e-12
sub-6	04	02	sub-6/ses-04/run-02/tsv-row-31	31	right_hand	2	212.144	5.0	53036	54286	sub-6/ses-04/eeg/sub-6_ses-04_task-imagery_run-02_eeg.edf	test_exploratory	286.1744309549241	False	2.1609010540976573e-12	1.7332884108347736e-12	7.279580031918584e-12	5.099041963922189e-12
sub-6	04	02	sub-6/ses-04/run-02/tsv-row-32	32	rest	1	219.056	5.0	54764	56014	sub-6/ses-04/eeg/sub-6_ses-04_task-imagery_run-02_eeg.edf	test_exploratory	251.54914129154335	False	5.301070226009583e-12	2.277491325439817e-12	1.8019822070995875e-11	6.4072822059058105e-12
sub-6	04	03	sub-6/ses-04/run-03/tsv-row-1	1	right_hand	2	5.284	5.0	1321	2571	sub-6/ses-04/eeg/sub-6_ses-04_task-imagery_run-03_eeg.edf	test_exploratory	262.5043906521806	False	2.1678429018756214e-12	1.4066980991968342e-12	5.746643080498674e-12	4.965647431824676e-12
sub-6	04	03	sub-6/ses-04/run-03/tsv-row-2	2	rest	1	12.196	5.0	3049	4299	sub-6/ses-04/eeg/sub-6_ses-04_task-imagery_run-03_eeg.edf	test_exploratory	346.1429284035768	False	3.6678387088729846e-12	2.0470598290413693e-12	1.0484116731000718e-11	5.918094558369517e-12
sub-6	04	03	sub-6/ses-04/run-03/tsv-row-3	3	rest	1	19.076	5.0	4769	6019	sub-6/ses-04/eeg/sub-6_ses-04_task-imagery_run-03_eeg.edf	test_exploratory	391.4337625202185	False	3.0575144605997154e-12	2.0763032352451135e-12	8.53809717108984e-12	6.283033091653578e-12
sub-6	04	03	sub-6/ses-04/run-03/tsv-row-4	4	right_hand	2	25.952	5.0	6488	7738	sub-6/ses-04/eeg/sub-6_ses-04_task-imagery_run-03_eeg.edf	test_exploratory	219.78133228553116	False	3.0377191963921003e-12	2.276092569768406e-12	6.69118013774826e-12	6.189220237751497e-12
sub-6	04	03	sub-6/ses-04/run-03/tsv-row-5	5	rest	1	32.852	5.0	8213	9463	sub-6/ses-04/eeg/sub-6_ses-04_task-imagery_run-03_eeg.edf	test_exploratory	324.0634356059451	False	2.8957470342067956e-12	3.01351652962139e-12	1.025961253558825e-11	7.965621160046766e-12
sub-6	04	03	sub-6/ses-04/run-03/tsv-row-6	6	right_hand	2	39.72	5.0	9930	11180	sub-6/ses-04/eeg/sub-6_ses-04_task-imagery_run-03_eeg.edf	test_exploratory	252.36843374431595	False	2.185289177923205e-12	2.255037373433473e-12	6.95030216865433e-12	7.773020963169987e-12
sub-6	04	03	sub-6/ses-04/run-03/tsv-row-7	7	right_hand	2	46.62	5.0	11655	12905	sub-6/ses-04/eeg/sub-6_ses-04_task-imagery_run-03_eeg.edf	test_exploratory	496.6618884853665	False	3.367613111967054e-12	1.4549797248531698e-12	1.2377915861104178e-11	5.679269975517107e-12
sub-6	04	03	sub-6/ses-04/run-03/tsv-row-8	8	rest	1	53.52	5.0	13380	14630	sub-6/ses-04/eeg/sub-6_ses-04_task-imagery_run-03_eeg.edf	test_exploratory	413.0233507339702	False	3.289165239006924e-12	2.805555438119145e-12	9.867492882015018e-12	8.211319132929059e-12
sub-6	04	03	sub-6/ses-04/run-03/tsv-row-9	9	right_hand	2	60.38	5.0	15095	16345	sub-6/ses-04/eeg/sub-6_ses-04_task-imagery_run-03_eeg.edf	test_exploratory	157.47898382519	False	3.214956384893455e-12	1.7302557552411578e-12	1.0297494088744817e-11	6.840403277510182e-12
sub-6	04	03	sub-6/ses-04/run-03/tsv-row-10	10	rest	1	67.3	5.0	16825	18075	sub-6/ses-04/eeg/sub-6_ses-04_task-imagery_run-03_eeg.edf	test_exploratory	300.49733579515976	False	2.5410648479603613e-12	3.4988545585880383e-12	1.0293915815038041e-11	1.064590326012088e-11
sub-6	04	03	sub-6/ses-04/run-03/tsv-row-11	11	right_hand	2	74.164	5.0	18541	19791	sub-6/ses-04/eeg/sub-6_ses-04_task-imagery_run-03_eeg.edf	test_exploratory	555.8051970427566	False	4.220051144225539e-12	2.717770623206435e-12	1.4369679430434901e-11	8.002369599565528e-12
sub-6	04	03	sub-6/ses-04/run-03/tsv-row-12	12	rest	1	81.072	5.0	20268	21518	sub-6/ses-04/eeg/sub-6_ses-04_task-imagery_run-03_eeg.edf	test_exploratory	376.22982715842164	False	8.379160631242615e-12	2.8841284231595462e-12	3.508428732224374e-11	9.221389604152215e-12
sub-6	04	03	sub-6/ses-04/run-03/tsv-row-13	13	right_hand	2	87.944	5.0	21986	23236	sub-6/ses-04/eeg/sub-6_ses-04_task-imagery_run-03_eeg.edf	test_exploratory	285.327186956389	False	3.405762254216325e-12	1.4911153683733848e-12	1.1926034292001413e-11	6.021367974274497e-12
sub-6	04	03	sub-6/ses-04/run-03/tsv-row-14	14	rest	1	94.848	5.0	23712	24962	sub-6/ses-04/eeg/sub-6_ses-04_task-imagery_run-03_eeg.edf	test_exploratory	307.5587191076388	False	2.8048954925858975e-12	2.458134607357867e-12	8.280318615543584e-12	6.704872101892136e-12
sub-6	04	03	sub-6/ses-04/run-03/tsv-row-15	15	rest	1	101.736	5.0	25434	26684	sub-6/ses-04/eeg/sub-6_ses-04_task-imagery_run-03_eeg.edf	test_exploratory	373.7634109775079	False	2.8542621227008398e-12	1.8259886270542974e-12	1.0395419561516278e-11	6.553437473474068e-12
sub-6	04	03	sub-6/ses-04/run-03/tsv-row-16	16	right_hand	2	108.612	5.0	27153	28403	sub-6/ses-04/eeg/sub-6_ses-04_task-imagery_run-03_eeg.edf	test_exploratory	159.05005714590902	False	2.4187277465019477e-12	1.5378175011260925e-12	5.81487536866289e-12	5.377013377578761e-12
sub-6	04	03	sub-6/ses-04/run-03/tsv-row-17	17	rest	1	115.516	5.0	28879	30129	sub-6/ses-04/eeg/sub-6_ses-04_task-imagery_run-03_eeg.edf	test_exploratory	436.13333248390154	False	5.440276187867819e-12	2.9737976617820658e-12	1.624819988433646e-11	8.209083961477245e-12
sub-6	04	03	sub-6/ses-04/run-03/tsv-row-18	18	right_hand	2	122.372	5.0	30593	31843	sub-6/ses-04/eeg/sub-6_ses-04_task-imagery_run-03_eeg.edf	test_exploratory	362.91793708609276	False	4.302464235349032e-12	2.639671010092882e-12	2.212788314955996e-11	8.24179754900674e-12
sub-6	04	03	sub-6/ses-04/run-03/tsv-row-19	19	rest	1	129.3	5.0	32325	33575	sub-6/ses-04/eeg/sub-6_ses-04_task-imagery_run-03_eeg.edf	test_exploratory	371.3814611041597	False	2.8737488069517964e-12	2.16714079076393e-12	6.662105749588645e-12	6.861929952392242e-12
sub-6	04	03	sub-6/ses-04/run-03/tsv-row-20	20	right_hand	2	136.16	5.0	34040	35290	sub-6/ses-04/eeg/sub-6_ses-04_task-imagery_run-03_eeg.edf	test_exploratory	250.23988279366438	False	2.6140390882057344e-12	1.1110634476060364e-12	9.360807136072356e-12	4.9878999984918565e-12
sub-6	04	03	sub-6/ses-04/run-03/tsv-row-21	21	right_hand	2	143.036	5.0	35759	37009	sub-6/ses-04/eeg/sub-6_ses-04_task-imagery_run-03_eeg.edf	test_exploratory	257.7742774285104	False	6.958619539102966e-12	2.6013843402692824e-12	1.5757501500377557e-11	1.0453293800320875e-11
sub-6	04	03	sub-6/ses-04/run-03/tsv-row-22	22	rest	1	149.944	5.0	37486	38736	sub-6/ses-04/eeg/sub-6_ses-04_task-imagery_run-03_eeg.edf	test_exploratory	299.5344198889127	False	4.960663857282451e-12	2.6684407605434775e-12	1.5084181897913913e-11	8.800368541853474e-12
sub-6	04	03	sub-6/ses-04/run-03/tsv-row-23	23	rest	1	156.852	5.0	39213	40463	sub-6/ses-04/eeg/sub-6_ses-04_task-imagery_run-03_eeg.edf	test_exploratory	237.40100404370253	False	4.662107296800468e-12	3.15639635519166e-12	1.4996518299323056e-11	9.462813935857555e-12
sub-6	04	03	sub-6/ses-04/run-03/tsv-row-24	24	right_hand	2	163.704	5.0	40926	42176	sub-6/ses-04/eeg/sub-6_ses-04_task-imagery_run-03_eeg.edf	test_exploratory	235.91439703054903	False	3.645650418984365e-12	2.5407244374673593e-12	1.1769626802005316e-11	9.1059440673514e-12
sub-6	04	03	sub-6/ses-04/run-03/tsv-row-25	25	rest	1	170.612	5.0	42653	43903	sub-6/ses-04/eeg/sub-6_ses-04_task-imagery_run-03_eeg.edf	test_exploratory	175.35205450605793	False	5.00053251705668e-12	3.4658658044606442e-12	1.465943944958946e-11	1.196491305908167e-11
sub-6	04	03	sub-6/ses-04/run-03/tsv-row-26	26	right_hand	2	177.484	5.0	44371	45621	sub-6/ses-04/eeg/sub-6_ses-04_task-imagery_run-03_eeg.edf	test_exploratory	187.09287125766778	False	2.323552689593942e-12	1.6982799294939693e-12	9.409234422883778e-12	7.56973610796947e-12
sub-6	04	03	sub-6/ses-04/run-03/tsv-row-27	27	rest	1	184.392	5.0	46098	47348	sub-6/ses-04/eeg/sub-6_ses-04_task-imagery_run-03_eeg.edf	test_exploratory	246.26996633808406	False	4.049210455359056e-12	3.1324941271099686e-12	1.8786933211952615e-11	9.514603185169055e-12
sub-6	04	03	sub-6/ses-04/run-03/tsv-row-28	28	right_hand	2	191.252	5.0	47813	49063	sub-6/ses-04/eeg/sub-6_ses-04_task-imagery_run-03_eeg.edf	test_exploratory	191.18104054383986	False	2.8553485532448764e-12	1.6423062644060953e-12	9.972508938914109e-12	6.6184276699474935e-12
sub-6	04	03	sub-6/ses-04/run-03/tsv-row-29	29	right_hand	2	198.152	5.0	49538	50788	sub-6/ses-04/eeg/sub-6_ses-04_task-imagery_run-03_eeg.edf	test_exploratory	205.47273978392897	False	4.221406242237006e-12	2.0443395437172344e-12	1.4508285965678468e-11	7.516707038412501e-12
sub-6	04	03	sub-6/ses-04/run-03/tsv-row-30	30	rest	1	205.056	5.0	51264	52514	sub-6/ses-04/eeg/sub-6_ses-04_task-imagery_run-03_eeg.edf	test_exploratory	505.0409461958678	False	3.220515956541214e-12	2.42022176701893e-12	1.0584485472849488e-11	7.063756632245163e-12
sub-6	04	03	sub-6/ses-04/run-03/tsv-row-31	31	rest	1	211.944	5.0	52986	54236	sub-6/ses-04/eeg/sub-6_ses-04_task-imagery_run-03_eeg.edf	test_exploratory	261.7441938840907	False	2.8103286942268535e-12	1.932546309165986e-12	8.540797732783055e-12	6.582041705951106e-12
sub-6	04	03	sub-6/ses-04/run-03/tsv-row-32	32	right_hand	2	218.82	5.0	54705	55955	sub-6/ses-04/eeg/sub-6_ses-04_task-imagery_run-03_eeg.edf	test_exploratory	281.8809616077151	False	2.475785824279735e-12	1.5267470066246939e-12	7.652458609992098e-12	6.381430844399352e-12
sub-6	04	04	sub-6/ses-04/run-04/tsv-row-1	1	right_hand	2	4.972	5.0	1243	2493	sub-6/ses-04/eeg/sub-6_ses-04_task-imagery_run-04_eeg.edf	test_exploratory	250.08236231574452	False	1.117435354059599e-12	1.5762768332336318e-12	5.303336299219284e-12	5.043194973525043e-12
sub-6	04	04	sub-6/ses-04/run-04/tsv-row-2	2	rest	1	11.888	5.0	2972	4222	sub-6/ses-04/eeg/sub-6_ses-04_task-imagery_run-04_eeg.edf	test_exploratory	342.3643610644856	False	2.4576892925020494e-12	1.9896944639091825e-12	7.560385781283884e-12	6.8175427385845356e-12
sub-6	04	04	sub-6/ses-04/run-04/tsv-row-3	3	right_hand	2	18.744	5.0	4686	5936	sub-6/ses-04/eeg/sub-6_ses-04_task-imagery_run-04_eeg.edf	test_exploratory	490.5533041322061	False	1.6819539765120435e-12	1.829290713550497e-12	5.553797366963292e-12	5.339339974354795e-12
sub-6	04	04	sub-6/ses-04/run-04/tsv-row-4	4	rest	1	25.668	5.0	6417	7667	sub-6/ses-04/eeg/sub-6_ses-04_task-imagery_run-04_eeg.edf	test_exploratory	370.79685900448624	False	2.2714559048295442e-12	2.2875941681384305e-12	5.585705390540642e-12	4.7896323566708916e-12
sub-6	04	04	sub-6/ses-04/run-04/tsv-row-5	5	right_hand	2	32.52	5.0	8130	9380	sub-6/ses-04/eeg/sub-6_ses-04_task-imagery_run-04_eeg.edf	test_exploratory	431.2159171269875	False	1.6779876090906885e-12	1.6356017214114736e-12	5.072754255320943e-12	5.068641807432601e-12
sub-6	04	04	sub-6/ses-04/run-04/tsv-row-6	6	rest	1	39.436	5.0	9859	11109	sub-6/ses-04/eeg/sub-6_ses-04_task-imagery_run-04_eeg.edf	test_exploratory	352.7947611239967	False	2.9382795270994716e-12	3.4707544616418414e-12	1.070656660973342e-11	9.113802732213645e-12
sub-6	04	04	sub-6/ses-04/run-04/tsv-row-7	7	rest	1	46.336	5.0	11584	12834	sub-6/ses-04/eeg/sub-6_ses-04_task-imagery_run-04_eeg.edf	test_exploratory	435.77438826410713	False	3.352648339503069e-12	3.1398454786989288e-12	8.664872241031311e-12	7.537262334900138e-12
sub-6	04	04	sub-6/ses-04/run-04/tsv-row-8	8	right_hand	2	53.188	5.0	13297	14547	sub-6/ses-04/eeg/sub-6_ses-04_task-imagery_run-04_eeg.edf	test_exploratory	191.14673886837366	False	2.8984843213751823e-12	2.0596998516917173e-12	8.88165967035548e-12	5.452885171677438e-12
sub-6	04	04	sub-6/ses-04/run-04/tsv-row-9	9	right_hand	2	60.068	5.0	15017	16267	sub-6/ses-04/eeg/sub-6_ses-04_task-imagery_run-04_eeg.edf	test_exploratory	225.2966412854396	False	2.947390982776776e-12	2.0681792731034495e-12	8.073897616405936e-12	5.71213192018053e-12
sub-6	04	04	sub-6/ses-04/run-04/tsv-row-10	10	rest	1	67.0	5.0	16750	18000	sub-6/ses-04/eeg/sub-6_ses-04_task-imagery_run-04_eeg.edf	test_exploratory	341.3135948362682	False	5.82138455109786e-12	3.5432106346010932e-12	1.7068129204878364e-11	7.2401530378319964e-12
sub-6	04	04	sub-6/ses-04/run-04/tsv-row-11	11	rest	1	73.876	5.0	18469	19719	sub-6/ses-04/eeg/sub-6_ses-04_task-imagery_run-04_eeg.edf	test_exploratory	400.1255987273781	False	2.681374681089378e-12	1.7496049786017294e-12	6.2613758037470915e-12	5.576398493723847e-12
sub-6	04	04	sub-6/ses-04/run-04/tsv-row-12	12	right_hand	2	80.736	5.0	20184	21434	sub-6/ses-04/eeg/sub-6_ses-04_task-imagery_run-04_eeg.edf	test_exploratory	331.37767300180053	False	3.2762824430600274e-12	1.534380784232409e-12	1.1480554890119828e-11	5.599238222111907e-12
sub-6	04	04	sub-6/ses-04/run-04/tsv-row-13	13	rest	1	87.656	5.0	21914	23164	sub-6/ses-04/eeg/sub-6_ses-04_task-imagery_run-04_eeg.edf	test_exploratory	344.72858507797474	False	3.0464777438109483e-12	1.8553032632915733e-12	8.608300060728356e-12	5.356779279622465e-12
sub-6	04	04	sub-6/ses-04/run-04/tsv-row-14	14	right_hand	2	94.52	5.0	23630	24880	sub-6/ses-04/eeg/sub-6_ses-04_task-imagery_run-04_eeg.edf	test_exploratory	257.7776796929837	False	2.578626351940437e-12	1.9132322351470343e-12	1.0111144041188658e-11	4.908611352566744e-12
sub-6	04	04	sub-6/ses-04/run-04/tsv-row-15	15	rest	1	101.428	5.0	25357	26607	sub-6/ses-04/eeg/sub-6_ses-04_task-imagery_run-04_eeg.edf	test_exploratory	264.60766017639696	False	3.2307730381596653e-12	1.9922066969854842e-12	1.1719951774549815e-11	4.8532828711886956e-12
sub-6	04	04	sub-6/ses-04/run-04/tsv-row-16	16	right_hand	2	108.3	5.0	27075	28325	sub-6/ses-04/eeg/sub-6_ses-04_task-imagery_run-04_eeg.edf	test_exploratory	414.5890868099002	False	2.7584625332637918e-12	2.1710067487380748e-12	8.679383792236743e-12	5.7347185491847376e-12
sub-6	04	04	sub-6/ses-04/run-04/tsv-row-17	17	rest	1	115.208	5.0	28802	30052	sub-6/ses-04/eeg/sub-6_ses-04_task-imagery_run-04_eeg.edf	test_exploratory	394.0218831369976	False	3.263868303093461e-12	3.002027104132635e-12	1.718376897814651e-11	9.640886512893745e-12
sub-6	04	04	sub-6/ses-04/run-04/tsv-row-18	18	right_hand	2	122.068	5.0	30517	31767	sub-6/ses-04/eeg/sub-6_ses-04_task-imagery_run-04_eeg.edf	test_exploratory	214.69626433606982	False	1.9351594763847093e-12	1.3535159740013244e-12	6.254912235875029e-12	5.332613811150236e-12
sub-6	04	04	sub-6/ses-04/run-04/tsv-row-19	19	rest	1	128.992	5.0	32248	33498	sub-6/ses-04/eeg/sub-6_ses-04_task-imagery_run-04_eeg.edf	test_exploratory	250.65410276345102	False	2.243601786034247e-12	2.053553133845004e-12	6.424009176231977e-12	5.865794287845919e-12
sub-6	04	04	sub-6/ses-04/run-04/tsv-row-20	20	right_hand	2	135.848	5.0	33962	35212	sub-6/ses-04/eeg/sub-6_ses-04_task-imagery_run-04_eeg.edf	test_exploratory	220.537288369396	False	3.955078616333814e-12	1.9314099705477336e-12	1.230106866186747e-11	5.334115898190996e-12
sub-6	04	04	sub-6/ses-04/run-04/tsv-row-21	21	right_hand	2	142.728	5.0	35682	36932	sub-6/ses-04/eeg/sub-6_ses-04_task-imagery_run-04_eeg.edf	test_exploratory	226.7955284051027	False	2.3591767092169454e-12	1.2254621159198933e-12	7.93413024278193e-12	4.578184760357176e-12
sub-6	04	04	sub-6/ses-04/run-04/tsv-row-22	22	rest	1	149.652	5.0	37413	38663	sub-6/ses-04/eeg/sub-6_ses-04_task-imagery_run-04_eeg.edf	test_exploratory	252.74018277535322	False	3.40797823314488e-12	1.808860554398286e-12	9.974844230072017e-12	4.47583504895671e-12
sub-6	04	04	sub-6/ses-04/run-04/tsv-row-23	23	rest	1	156.54	5.0	39135	40385	sub-6/ses-04/eeg/sub-6_ses-04_task-imagery_run-04_eeg.edf	test_exploratory	264.8085419553209	False	2.4588795279658652e-12	1.7918090140035749e-12	7.035432250048215e-12	5.442012310289836e-12
sub-6	04	04	sub-6/ses-04/run-04/tsv-row-24	24	right_hand	2	163.396	5.0	40849	42099	sub-6/ses-04/eeg/sub-6_ses-04_task-imagery_run-04_eeg.edf	test_exploratory	323.0179005096591	False	3.824443836832684e-12	2.1678501976039684e-12	1.2328689176440032e-11	7.104569404629158e-12
sub-6	04	04	sub-6/ses-04/run-04/tsv-row-25	25	right_hand	2	170.292	5.0	42573	43823	sub-6/ses-04/eeg/sub-6_ses-04_task-imagery_run-04_eeg.edf	test_exploratory	327.09734586626786	False	2.6729264301127395e-12	1.5877598887443804e-12	6.452802084927987e-12	5.179872379258022e-12
sub-6	04	04	sub-6/ses-04/run-04/tsv-row-26	26	rest	1	177.2	5.0	44300	45550	sub-6/ses-04/eeg/sub-6_ses-04_task-imagery_run-04_eeg.edf	test_exploratory	135.78063010803552	False	4.2036596806437985e-12	2.1831836857157974e-12	1.0967005462268948e-11	7.387329331530598e-12
sub-6	04	04	sub-6/ses-04/run-04/tsv-row-27	27	right_hand	2	184.06	5.0	46015	47265	sub-6/ses-04/eeg/sub-6_ses-04_task-imagery_run-04_eeg.edf	test_exploratory	162.82240804010132	False	4.250931678716119e-12	2.3707445998732898e-12	1.2458041123783724e-11	8.379395697175448e-12
sub-6	04	04	sub-6/ses-04/run-04/tsv-row-28	28	rest	1	190.968	5.0	47742	48992	sub-6/ses-04/eeg/sub-6_ses-04_task-imagery_run-04_eeg.edf	test_exploratory	302.3425297250282	False	4.449417045349268e-12	3.52757933010828e-12	1.402794533602284e-11	1.1013374753002012e-11
sub-6	04	04	sub-6/ses-04/run-04/tsv-row-29	29	right_hand	2	197.84	5.0	49460	50710	sub-6/ses-04/eeg/sub-6_ses-04_task-imagery_run-04_eeg.edf	test_exploratory	284.6649331797235	False	4.300495381211405e-12	1.857664135735304e-12	1.3277192416059513e-11	5.443419912685127e-12
sub-6	04	04	sub-6/ses-04/run-04/tsv-row-30	30	rest	1	204.744	5.0	51186	52436	sub-6/ses-04/eeg/sub-6_ses-04_task-imagery_run-04_eeg.edf	test_exploratory	257.2832014679403	False	2.3478290508376435e-12	1.8036164606300255e-12	7.683164293390567e-12	5.2776052844082706e-12
sub-6	04	04	sub-6/ses-04/run-04/tsv-row-31	31	rest	1	211.636	5.0	52909	54159	sub-6/ses-04/eeg/sub-6_ses-04_task-imagery_run-04_eeg.edf	test_exploratory	281.6053491622669	False	2.730200354148129e-12	1.953680712898724e-12	8.23881467031202e-12	4.959952601258454e-12
sub-6	04	04	sub-6/ses-04/run-04/tsv-row-32	32	right_hand	2	218.508	5.0	54627	55877	sub-6/ses-04/eeg/sub-6_ses-04_task-imagery_run-04_eeg.edf	test_exploratory	165.58839561143836	False	4.476660640141628e-12	1.8981748113828273e-12	1.5376343390338933e-11	6.678139971732526e-12
sub-6	04	05	sub-6/ses-04/run-05/tsv-row-1	1	right_hand	2	5.404	5.0	1351	2601	sub-6/ses-04/eeg/sub-6_ses-04_task-imagery_run-05_eeg.edf	test_exploratory	263.04376133457447	False	1.307568982216408e-12	1.168632927932568e-12	4.1481434660698834e-12	3.5017245546180128e-12
sub-6	04	05	sub-6/ses-04/run-05/tsv-row-2	2	rest	1	12.308	5.0	3077	4327	sub-6/ses-04/eeg/sub-6_ses-04_task-imagery_run-05_eeg.edf	test_exploratory	347.88996925565357	False	3.639244436916412e-12	2.4676566175375486e-12	1.0868847644688512e-11	5.525458686570323e-12
sub-6	04	05	sub-6/ses-04/run-05/tsv-row-3	3	rest	1	19.184	5.0	4796	6046	sub-6/ses-04/eeg/sub-6_ses-04_task-imagery_run-05_eeg.edf	test_exploratory	302.64114524674216	False	2.6791072526615917e-12	2.397719264519529e-12	8.23696634541441e-12	6.306598139843665e-12
sub-6	04	05	sub-6/ses-04/run-05/tsv-row-4	4	right_hand	2	26.06	5.0	6515	7765	sub-6/ses-04/eeg/sub-6_ses-04_task-imagery_run-05_eeg.edf	test_exploratory	158.79987123325296	False	2.6575647009413716e-12	1.4962002824242388e-12	8.170552531082097e-12	4.002186923824339e-12
sub-6	04	05	sub-6/ses-04/run-05/tsv-row-5	5	right_hand	2	32.948	5.0	8237	9487	sub-6/ses-04/eeg/sub-6_ses-04_task-imagery_run-05_eeg.edf	test_exploratory	303.5177712683493	False	2.148647496453016e-12	1.6219719037127379e-12	7.288896177338293e-12	5.062024562224332e-12
sub-6	04	05	sub-6/ses-04/run-05/tsv-row-6	6	rest	1	39.852	5.0	9963	11213	sub-6/ses-04/eeg/sub-6_ses-04_task-imagery_run-05_eeg.edf	test_exploratory	388.06555330973237	False	3.4671462453822696e-12	3.1924835644318236e-12	1.0002075962112642e-11	6.907741266359091e-12
sub-6	04	05	sub-6/ses-04/run-05/tsv-row-7	7	right_hand	2	46.728	5.0	11682	12932	sub-6/ses-04/eeg/sub-6_ses-04_task-imagery_run-05_eeg.edf	test_exploratory	249.4467321909238	False	2.859538586648838e-12	1.4344219841090163e-12	6.32445713011033e-12	5.800462285397561e-12
sub-6	04	05	sub-6/ses-04/run-05/tsv-row-8	8	rest	1	53.628	5.0	13407	14657	sub-6/ses-04/eeg/sub-6_ses-04_task-imagery_run-05_eeg.edf	test_exploratory	416.7703926129947	False	2.2454462971066064e-12	1.542366687887223e-12	7.220909150407766e-12	6.167031655200259e-12
sub-6	04	05	sub-6/ses-04/run-05/tsv-row-9	9	right_hand	2	60.496	5.0	15124	16374	sub-6/ses-04/eeg/sub-6_ses-04_task-imagery_run-05_eeg.edf	test_exploratory	204.6641986190375	False	3.6166977657904514e-12	2.3851320499732733e-12	8.682498284788186e-12	6.8982519204058654e-12
sub-6	04	05	sub-6/ses-04/run-05/tsv-row-10	10	rest	1	67.42	5.0	16855	18105	sub-6/ses-04/eeg/sub-6_ses-04_task-imagery_run-05_eeg.edf	test_exploratory	623.2064948927274	False	3.230461541535544e-12	2.362213674712772e-12	8.907082151920268e-12	5.562492629622032e-12
sub-6	04	05	sub-6/ses-04/run-05/tsv-row-11	11	right_hand	2	74.272	5.0	18568	19818	sub-6/ses-04/eeg/sub-6_ses-04_task-imagery_run-05_eeg.edf	test_exploratory	330.76778440809346	False	3.735036410166549e-12	2.5844195942380935e-12	1.3223240644694207e-11	6.861216888348707e-12
sub-6	04	05	sub-6/ses-04/run-05/tsv-row-12	12	rest	1	81.18	5.0	20295	21545	sub-6/ses-04/eeg/sub-6_ses-04_task-imagery_run-05_eeg.edf	test_exploratory	214.0459622119816	False	2.4044559223804152e-12	2.0730554478667713e-12	7.543588614711941e-12	5.696334893441511e-12
sub-6	04	05	sub-6/ses-04/run-05/tsv-row-13	13	right_hand	2	88.06	5.0	22015	23265	sub-6/ses-04/eeg/sub-6_ses-04_task-imagery_run-05_eeg.edf	test_exploratory	337.76214096346934	False	2.681477903127175e-12	1.7123074808808759e-12	9.598559895101362e-12	6.117350303691154e-12
sub-6	04	05	sub-6/ses-04/run-05/tsv-row-14	14	rest	1	94.964	5.0	23741	24991	sub-6/ses-04/eeg/sub-6_ses-04_task-imagery_run-05_eeg.edf	test_exploratory	263.5473550065615	False	4.16846967360714e-12	1.95791483177938e-12	1.1240373472659927e-11	6.683660748754219e-12
sub-6	04	05	sub-6/ses-04/run-05/tsv-row-15	15	rest	1	101.848	5.0	25462	26712	sub-6/ses-04/eeg/sub-6_ses-04_task-imagery_run-05_eeg.edf	test_exploratory	197.5952355937376	False	2.902521751849968e-12	1.916605363261964e-12	1.0491309341134893e-11	6.649815300182921e-12
sub-6	04	05	sub-6/ses-04/run-05/tsv-row-16	16	right_hand	2	108.72	5.0	27180	28430	sub-6/ses-04/eeg/sub-6_ses-04_task-imagery_run-05_eeg.edf	test_exploratory	202.78038525345622	False	5.561712173634792e-12	1.9939322653705084e-12	1.57815290035057e-11	6.176528065268525e-12
sub-6	04	05	sub-6/ses-04/run-05/tsv-row-17	17	right_hand	2	115.608	5.0	28902	30152	sub-6/ses-04/eeg/sub-6_ses-04_task-imagery_run-05_eeg.edf	test_exploratory	174.50453315225684	False	3.616021500981393e-12	1.8700605401959324e-12	1.5612251551747875e-11	7.719489687830766e-12
sub-6	04	05	sub-6/ses-04/run-05/tsv-row-18	18	rest	1	122.512	5.0	30628	31878	sub-6/ses-04/eeg/sub-6_ses-04_task-imagery_run-05_eeg.edf	test_exploratory	342.46234856868193	False	8.674489042454973e-12	3.4676535446781963e-12	3.425253690889407e-11	1.2606765185071008e-11
sub-6	04	05	sub-6/ses-04/run-05/tsv-row-19	19	right_hand	2	129.388	5.0	32347	33597	sub-6/ses-04/eeg/sub-6_ses-04_task-imagery_run-05_eeg.edf	test_exploratory	143.39363519394516	False	3.6270792176561587e-12	1.5464445274473922e-12	1.2991893427164087e-11	4.636018789753117e-12
sub-6	04	05	sub-6/ses-04/run-05/tsv-row-20	20	rest	1	136.292	5.0	34073	35323	sub-6/ses-04/eeg/sub-6_ses-04_task-imagery_run-05_eeg.edf	test_exploratory	208.95407063966798	False	3.4577589341512314e-12	3.117130382828655e-12	1.2813393605633134e-11	8.593019493989744e-12
sub-6	04	05	sub-6/ses-04/run-05/tsv-row-21	21	right_hand	2	143.152	5.0	35788	37038	sub-6/ses-04/eeg/sub-6_ses-04_task-imagery_run-05_eeg.edf	test_exploratory	213.16933619037448	False	4.726520368994325e-12	2.469372322463922e-12	1.4426483099177175e-11	8.061987197248133e-12
sub-6	04	05	sub-6/ses-04/run-05/tsv-row-22	22	rest	1	150.06	5.0	37515	38765	sub-6/ses-04/eeg/sub-6_ses-04_task-imagery_run-05_eeg.edf	test_exploratory	248.6447126392407	False	3.0008761902367968e-12	2.7715178425132544e-12	1.1109716578066583e-11	6.887207762687178e-12
sub-6	04	05	sub-6/ses-04/run-05/tsv-row-23	23	right_hand	2	156.936	5.0	39234	40484	sub-6/ses-04/eeg/sub-6_ses-04_task-imagery_run-05_eeg.edf	test_exploratory	198.15478411816767	False	5.4766247453899335e-12	2.7615158670928103e-12	1.5427554969286253e-11	9.606229059816688e-12
sub-6	04	05	sub-6/ses-04/run-05/tsv-row-24	24	rest	1	163.836	5.0	40959	42209	sub-6/ses-04/eeg/sub-6_ses-04_task-imagery_run-05_eeg.edf	test_exploratory	207.42463800622582	False	1.70136193186064e-12	1.2593340674583578e-12	4.112406224227042e-12	4.051552352550955e-12
sub-6	04	05	sub-6/ses-04/run-05/tsv-row-25	25	right_hand	2	170.704	5.0	42676	43926	sub-6/ses-04/eeg/sub-6_ses-04_task-imagery_run-05_eeg.edf	test_exploratory	184.147419389935	False	4.908502316589831e-12	2.0835813949854727e-12	2.0765304673030064e-11	6.2823612456167395e-12
sub-6	04	05	sub-6/ses-04/run-05/tsv-row-26	26	rest	1	177.628	5.0	44407	45657	sub-6/ses-04/eeg/sub-6_ses-04_task-imagery_run-05_eeg.edf	test_exploratory	163.9104144230476	False	1.9293590129721667e-12	1.6499372033391394e-12	5.522652786035125e-12	4.2489869466726715e-12
sub-6	04	05	sub-6/ses-04/run-05/tsv-row-27	27	rest	1	184.504	5.0	46126	47376	sub-6/ses-04/eeg/sub-6_ses-04_task-imagery_run-05_eeg.edf	test_exploratory	227.7549010605182	False	2.1091377245788883e-12	1.831557569285597e-12	6.0925068347861e-12	5.574111791630957e-12
sub-6	04	05	sub-6/ses-04/run-05/tsv-row-28	28	right_hand	2	191.36	5.0	47840	49090	sub-6/ses-04/eeg/sub-6_ses-04_task-imagery_run-05_eeg.edf	test_exploratory	196.2336675176245	False	4.677824861512428e-12	1.9286107374425685e-12	1.4749245608988663e-11	6.296582444959223e-12
sub-6	04	05	sub-6/ses-04/run-05/tsv-row-29	29	right_hand	2	198.26	5.0	49565	50815	sub-6/ses-04/eeg/sub-6_ses-04_task-imagery_run-05_eeg.edf	test_exploratory	239.9530588930937	False	5.8140940339317196e-12	2.084444419155758e-12	1.6574788129241732e-11	6.917981951207588e-12
sub-6	04	05	sub-6/ses-04/run-05/tsv-row-30	30	rest	1	205.172	5.0	51293	52543	sub-6/ses-04/eeg/sub-6_ses-04_task-imagery_run-05_eeg.edf	test_exploratory	224.4535647663808	False	2.5260788192852307e-12	2.039175586392165e-12	1.4118516792185102e-11	8.059841529870858e-12
sub-6	04	05	sub-6/ses-04/run-05/tsv-row-31	31	right_hand	2	212.028	5.0	53007	54257	sub-6/ses-04/eeg/sub-6_ses-04_task-imagery_run-05_eeg.edf	test_exploratory	247.7867382351146	False	7.26259739891046e-12	3.5718414953118637e-12	2.692248321414551e-11	1.5251145865578806e-11
sub-6	04	05	sub-6/ses-04/run-05/tsv-row-32	32	rest	1	218.948	5.0	54737	55987	sub-6/ses-04/eeg/sub-6_ses-04_task-imagery_run-05_eeg.edf	test_exploratory	261.75679972838526	False	2.347822314242181e-12	1.3195630356748488e-12	7.215004760627201e-12	5.340667776661635e-12
sub-6	04	06	sub-6/ses-04/run-06/tsv-row-1	1	rest	1	5.732	5.0	1433	2683	sub-6/ses-04/eeg/sub-6_ses-04_task-imagery_run-06_eeg.edf	test_exploratory	348.660314065981	False	2.265333398509931e-12	2.409080600698969e-12	6.9507007558136975e-12	6.069671317948836e-12
sub-6	04	06	sub-6/ses-04/run-06/tsv-row-2	2	right_hand	2	12.588	5.0	3147	4397	sub-6/ses-04/eeg/sub-6_ses-04_task-imagery_run-06_eeg.edf	test_exploratory	308.0624315591906	False	1.5340972073324845e-12	1.1580343766362846e-12	3.728236290780911e-12	3.8347393604305645e-12
sub-6	04	06	sub-6/ses-04/run-06/tsv-row-3	3	rest	1	19.492	5.0	4873	6123	sub-6/ses-04/eeg/sub-6_ses-04_task-imagery_run-06_eeg.edf	test_exploratory	275.17798296151614	False	3.3740362980482e-12	1.6465097682263202e-12	9.202778375329938e-12	4.685355727072497e-12
sub-6	04	06	sub-6/ses-04/run-06/tsv-row-4	4	right_hand	2	26.368	5.0	6592	7842	sub-6/ses-04/eeg/sub-6_ses-04_task-imagery_run-06_eeg.edf	test_exploratory	348.1526358256783	False	1.9297772974841127e-12	1.964559615430696e-12	6.690054263507418e-12	5.706265116126466e-12
sub-6	04	06	sub-6/ses-04/run-06/tsv-row-5	5	rest	1	33.28	5.0	8320	9570	sub-6/ses-04/eeg/sub-6_ses-04_task-imagery_run-06_eeg.edf	test_exploratory	478.80608747520375	False	3.734588799504465e-12	2.864023463201662e-12	1.2310789583204184e-11	8.555880534239806e-12
sub-6	04	06	sub-6/ses-04/run-06/tsv-row-6	6	right_hand	2	40.136	5.0	10034	11284	sub-6/ses-04/eeg/sub-6_ses-04_task-imagery_run-06_eeg.edf	test_exploratory	218.59642424390393	False	3.2109916622268927e-12	2.82416846534511e-12	1.0826781009818935e-11	7.229461976019232e-12
sub-6	04	06	sub-6/ses-04/run-06/tsv-row-7	7	rest	1	47.06	5.0	11765	13015	sub-6/ses-04/eeg/sub-6_ses-04_task-imagery_run-06_eeg.edf	test_exploratory	270.16670742820514	False	6.861054042380871e-12	2.7351737685405956e-12	2.2506488964615505e-11	7.348134769330116e-12
sub-6	04	06	sub-6/ses-04/run-06/tsv-row-8	8	right_hand	2	53.912	5.0	13478	14728	sub-6/ses-04/eeg/sub-6_ses-04_task-imagery_run-06_eeg.edf	test_exploratory	253.21680488906523	False	2.1378936884841252e-12	1.448075556743933e-12	6.9831235135619434e-12	5.643240510649372e-12
sub-6	04	06	sub-6/ses-04/run-06/tsv-row-9	9	right_hand	2	60.804	5.0	15201	16451	sub-6/ses-04/eeg/sub-6_ses-04_task-imagery_run-06_eeg.edf	test_exploratory	315.3828242500077	False	1.971770822263772e-12	1.3917184086447286e-12	5.232930734718034e-12	4.577707112109393e-12
sub-6	04	06	sub-6/ses-04/run-06/tsv-row-10	10	rest	1	67.724	5.0	16931	18181	sub-6/ses-04/eeg/sub-6_ses-04_task-imagery_run-06_eeg.edf	test_exploratory	264.4676097628712	False	3.375962639534362e-12	3.2416295819252606e-12	1.0051937409926317e-11	6.772079856846894e-12
sub-6	04	06	sub-6/ses-04/run-06/tsv-row-11	11	rest	1	74.604	5.0	18651	19901	sub-6/ses-04/eeg/sub-6_ses-04_task-imagery_run-06_eeg.edf	test_exploratory	314.5967418134098	False	3.849856475365206e-12	3.749549183024141e-12	1.257534017364911e-11	7.760730627605039e-12
sub-6	04	06	sub-6/ses-04/run-06/tsv-row-12	12	right_hand	2	81.46	5.0	20365	21615	sub-6/ses-04/eeg/sub-6_ses-04_task-imagery_run-06_eeg.edf	test_exploratory	400.1978438154241	False	5.291103884045153e-12	2.5998001993189775e-12	1.956365088501956e-11	8.003511301442982e-12
sub-6	04	06	sub-6/ses-04/run-06/tsv-row-13	13	right_hand	2	88.368	5.0	22092	23342	sub-6/ses-04/eeg/sub-6_ses-04_task-imagery_run-06_eeg.edf	test_exploratory	155.28403466292306	False	3.1371493612366923e-12	1.384203119292024e-12	1.119438659614605e-11	5.251919418452534e-12
sub-6	04	06	sub-6/ses-04/run-06/tsv-row-14	14	rest	1	95.272	5.0	23818	25068	sub-6/ses-04/eeg/sub-6_ses-04_task-imagery_run-06_eeg.edf	test_exploratory	219.12047920163582	False	4.631698416539289e-12	3.8555470137863325e-12	1.2214406045954114e-11	8.371899941764153e-12
sub-6	04	06	sub-6/ses-04/run-06/tsv-row-15	15	rest	1	102.152	5.0	25538	26788	sub-6/ses-04/eeg/sub-6_ses-04_task-imagery_run-06_eeg.edf	test_exploratory	202.43260414136174	False	4.07416490797953e-12	2.5349600510571873e-12	9.613384839977891e-12	6.309606687608861e-12
sub-6	04	06	sub-6/ses-04/run-06/tsv-row-16	16	right_hand	2	109.028	5.0	27257	28507	sub-6/ses-04/eeg/sub-6_ses-04_task-imagery_run-06_eeg.edf	test_exploratory	251.3171056672872	False	3.374409826599944e-12	2.2586860396649886e-12	9.284419121017935e-12	5.742283662371661e-12
sub-6	04	06	sub-6/ses-04/run-06/tsv-row-17	17	rest	1	115.94	5.0	28985	30235	sub-6/ses-04/eeg/sub-6_ses-04_task-imagery_run-06_eeg.edf	test_exploratory	381.15172144535654	False	3.614143996388635e-12	2.8211833532245546e-12	9.201270583372338e-12	7.398602544747448e-12
sub-6	04	06	sub-6/ses-04/run-06/tsv-row-18	18	right_hand	2	122.792	5.0	30698	31948	sub-6/ses-04/eeg/sub-6_ses-04_task-imagery_run-06_eeg.edf	test_exploratory	170.64539561143835	False	4.158745102808445e-12	1.5404344306445075e-12	1.7494496895919056e-11	5.246927913752328e-12
sub-6	04	06	sub-6/ses-04/run-06/tsv-row-19	19	rest	1	129.716	5.0	32429	33679	sub-6/ses-04/eeg/sub-6_ses-04_task-imagery_run-06_eeg.edf	test_exploratory	248.04176218146307	False	3.656000135112097e-12	1.9479571109932607e-12	9.795302427905408e-12	5.620086501658543e-12
sub-6	04	06	sub-6/ses-04/run-06/tsv-row-20	20	right_hand	2	136.576	5.0	34144	35394	sub-6/ses-04/eeg/sub-6_ses-04_task-imagery_run-06_eeg.edf	test_exploratory	148.88073814813686	False	3.5300360537657372e-12	1.7024893204987292e-12	6.47031572770455e-12	5.87554576683879e-12
sub-6	04	06	sub-6/ses-04/run-06/tsv-row-21	21	right_hand	2	143.46	5.0	35865	37115	sub-6/ses-04/eeg/sub-6_ses-04_task-imagery_run-06_eeg.edf	test_exploratory	195.17771832026125	False	2.899965453044881e-12	2.3348013022297878e-12	1.318455102384243e-11	8.499585446087017e-12
sub-6	04	06	sub-6/ses-04/run-06/tsv-row-22	22	rest	1	150.384	5.0	37596	38846	sub-6/ses-04/eeg/sub-6_ses-04_task-imagery_run-06_eeg.edf	test_exploratory	358.6664884151738	False	4.1753167053280744e-12	3.474916446921311e-12	1.712384185730952e-11	8.302118136510527e-12
sub-6	04	06	sub-6/ses-04/run-06/tsv-row-23	23	right_hand	2	157.24	5.0	39310	40560	sub-6/ses-04/eeg/sub-6_ses-04_task-imagery_run-06_eeg.edf	test_exploratory	178.93201463057343	False	2.447542225580282e-12	1.6078726144221739e-12	8.11267687795745e-12	4.406333110310384e-12
sub-6	04	06	sub-6/ses-04/run-06/tsv-row-24	24	rest	1	164.144	5.0	41036	42286	sub-6/ses-04/eeg/sub-6_ses-04_task-imagery_run-06_eeg.edf	test_exploratory	210.34255865962706	False	2.5330365755212235e-12	2.2726763226938894e-12	7.0165011703530214e-12	6.291710107728255e-12
sub-6	04	06	sub-6/ses-04/run-06/tsv-row-25	25	rest	1	171.048	5.0	42762	44012	sub-6/ses-04/eeg/sub-6_ses-04_task-imagery_run-06_eeg.edf	test_exploratory	275.22711311380357	False	5.171979613685236e-12	2.2714100496211755e-12	1.3236772029499363e-11	7.104137376322589e-12
sub-6	04	06	sub-6/ses-04/run-06/tsv-row-26	26	right_hand	2	177.908	5.0	44477	45727	sub-6/ses-04/eeg/sub-6_ses-04_task-imagery_run-06_eeg.edf	test_exploratory	224.14813145237585	False	2.3407164197372872e-12	1.2820119096026939e-12	8.30439540366256e-12	4.322533149199593e-12
sub-6	04	06	sub-6/ses-04/run-06/tsv-row-27	27	rest	1	184.808	5.0	46202	47452	sub-6/ses-04/eeg/sub-6_ses-04_task-imagery_run-06_eeg.edf	test_exploratory	198.10915074007386	False	5.544427711497818e-12	1.8641907244476933e-12	1.6155533247074896e-11	5.335405142256171e-12
sub-6	04	06	sub-6/ses-04/run-06/tsv-row-28	28	right_hand	2	191.668	5.0	47917	49167	sub-6/ses-04/eeg/sub-6_ses-04_task-imagery_run-06_eeg.edf	test_exploratory	150.79681408734396	False	4.3749359019594685e-12	1.6508888639158612e-12	9.76374441344243e-12	5.743399989442525e-12
sub-6	04	06	sub-6/ses-04/run-06/tsv-row-29	29	rest	1	198.6	5.0	49650	50900	sub-6/ses-04/eeg/sub-6_ses-04_task-imagery_run-06_eeg.edf	test_exploratory	240.00079392376477	False	6.504632341080732e-12	3.1333275078285707e-12	2.59662800663207e-11	1.1186577363407724e-11
sub-6	04	06	sub-6/ses-04/run-06/tsv-row-30	30	right_hand	2	205.456	5.0	51364	52614	sub-6/ses-04/eeg/sub-6_ses-04_task-imagery_run-06_eeg.edf	test_exploratory	239.59137598803676	False	4.1939195196855e-12	2.7293782329829173e-12	1.2198489472657916e-11	7.903252216835895e-12
sub-6	04	06	sub-6/ses-04/run-06/tsv-row-31	31	right_hand	2	212.336	5.0	53084	54334	sub-6/ses-04/eeg/sub-6_ses-04_task-imagery_run-06_eeg.edf	test_exploratory	175.4929039704581	False	2.727300322736085e-12	1.4793064298754407e-12	8.616459647434735e-12	4.456442279487123e-12
sub-6	04	06	sub-6/ses-04/run-06/tsv-row-32	32	rest	1	219.256	5.0	54814	56064	sub-6/ses-04/eeg/sub-6_ses-04_task-imagery_run-06_eeg.edf	test_exploratory	304.96723196508685	False	2.2151239705265586e-12	1.465330812686591e-12	7.321198517505668e-12	4.700806980641893e-12
