subject	session	run	trial_id	tsv_row	label	stored_event_value	onset_s	duration_s	start_sample	stop_sample_exclusive	source_file	analysis_role	peak_to_peak_max_uv	qc_flag	mu_ROI_V2	beta_ROI_V2	mu_source_reference_ROI_V2	beta_source_reference_ROI_V2
sub-4	01	01	sub-4/ses-01/run-01/tsv-row-1	1	rest	1	5.904	5.0	1476	2726	sub-4/ses-01/eeg/sub-4_ses-01_task-imagery_run-01_eeg.edf	source_train	264.0327547166356	False	1.4511299527209228e-12	5.269360984444992e-12	3.70532390118657e-12	1.2648414996816473e-11
sub-4	01	01	sub-4/ses-01/run-01/tsv-row-2	2	right_hand	2	12.796	5.0	3199	4449	sub-4/ses-01/eeg/sub-4_ses-01_task-imagery_run-01_eeg.edf	source_train	171.47462802514724	False	1.3134984890288242e-12	4.075919297159595e-12	3.2253183493858104e-12	8.822536201593879e-12
sub-4	01	01	sub-4/ses-01/run-01/tsv-row-3	3	rest	1	19.632	5.0	4908	6158	sub-4/ses-01/eeg/sub-4_ses-01_task-imagery_run-01_eeg.edf	source_train	177.78312634968108	False	9.819978296753258e-13	2.8819970444618347e-12	3.8206684316999925e-12	7.602608312681732e-12
sub-4	01	01	sub-4/ses-01/run-01/tsv-row-4	4	right_hand	2	26.58	5.0	6645	7895	sub-4/ses-01/eeg/sub-4_ses-01_task-imagery_run-01_eeg.edf	source_train	171.09290360423597	False	1.1549722109784775e-12	3.533055415538614e-12	3.580149599604284e-12	9.433045220817556e-12
sub-4	01	01	sub-4/ses-01/run-01/tsv-row-5	5	right_hand	2	33.424	5.0	8356	9606	sub-4/ses-01/eeg/sub-4_ses-01_task-imagery_run-01_eeg.edf	source_train	172.11753231299784	False	1.156206864352831e-12	2.8372599638895083e-12	2.9737660289496197e-12	6.409314056617989e-12
sub-4	01	01	sub-4/ses-01/run-01/tsv-row-6	6	rest	1	40.336	5.0	10084	11334	sub-4/ses-01/eeg/sub-4_ses-01_task-imagery_run-01_eeg.edf	source_train	177.36122041077914	False	9.663876139881653e-13	2.8570311342546997e-12	3.371291676658696e-12	8.271069061884919e-12
sub-4	01	01	sub-4/ses-01/run-01/tsv-row-7	7	rest	1	47.208	5.0	11802	13052	sub-4/ses-01/eeg/sub-4_ses-01_task-imagery_run-01_eeg.edf	source_train	573.1491726187934	False	1.5476361867587142e-12	3.9424688046085035e-12	5.149251111540631e-12	9.172603981074154e-12
sub-4	01	01	sub-4/ses-01/run-01/tsv-row-8	8	right_hand	2	54.12	5.0	13530	14780	sub-4/ses-01/eeg/sub-4_ses-01_task-imagery_run-01_eeg.edf	source_train	160.72607196264534	False	1.6672826334359508e-12	2.657601619530678e-12	4.911952910354394e-12	6.565628551797956e-12
sub-4	01	01	sub-4/ses-01/run-01/tsv-row-9	9	rest	1	60.976	5.0	15244	16494	sub-4/ses-01/eeg/sub-4_ses-01_task-imagery_run-01_eeg.edf	source_train	183.58935569933163	False	9.17496046544594e-13	3.101859737759827e-12	3.8143690101884695e-12	7.933101052593368e-12
sub-4	01	01	sub-4/ses-01/run-01/tsv-row-10	10	right_hand	2	67.932	5.0	16983	18233	sub-4/ses-01/eeg/sub-4_ses-01_task-imagery_run-01_eeg.edf	source_train	554.7460373790705	False	2.2796015674155905e-12	3.1594246458293725e-12	7.896340274003316e-12	9.783251773280065e-12
sub-4	01	01	sub-4/ses-01/run-01/tsv-row-11	11	right_hand	2	74.776	5.0	18694	19944	sub-4/ses-01/eeg/sub-4_ses-01_task-imagery_run-01_eeg.edf	source_train	178.66711974547562	False	2.649705081059577e-12	3.317186079293847e-12	1.019625646001837e-11	6.824214493310618e-12
sub-4	01	01	sub-4/ses-01/run-01/tsv-row-12	12	rest	1	81.672	5.0	20418	21668	sub-4/ses-01/eeg/sub-4_ses-01_task-imagery_run-01_eeg.edf	source_train	524.3688097781305	False	1.6518082136197178e-12	4.372613232796698e-12	6.997147373579796e-12	1.0800136428761941e-11
sub-4	01	01	sub-4/ses-01/run-01/tsv-row-13	13	right_hand	2	88.572	5.0	22143	23393	sub-4/ses-01/eeg/sub-4_ses-01_task-imagery_run-01_eeg.edf	source_train	452.28316650288406	False	2.045066774969445e-12	3.4055495351209663e-12	8.211061365799704e-12	7.510956845460035e-12
sub-4	01	01	sub-4/ses-01/run-01/tsv-row-14	14	rest	1	95.468	5.0	23867	25117	sub-4/ses-01/eeg/sub-4_ses-01_task-imagery_run-01_eeg.edf	source_train	449.6914585924863	False	1.8229636385341682e-12	2.941585017683597e-12	8.336656797034875e-12	7.60165110150535e-12
sub-4	01	01	sub-4/ses-01/run-01/tsv-row-15	15	rest	1	102.384	5.0	25596	26846	sub-4/ses-01/eeg/sub-4_ses-01_task-imagery_run-01_eeg.edf	source_train	391.60907433698543	False	1.3233030230447902e-12	2.3207119147517783e-12	4.848072592261928e-12	7.083070934613086e-12
sub-4	01	01	sub-4/ses-01/run-01/tsv-row-16	16	right_hand	2	109.224	5.0	27306	28556	sub-4/ses-01/eeg/sub-4_ses-01_task-imagery_run-01_eeg.edf	source_train	152.6897683645131	False	1.6040223329192808e-12	2.8147155089482757e-12	5.864306512439779e-12	6.57279273093713e-12
sub-4	01	01	sub-4/ses-01/run-01/tsv-row-17	17	right_hand	2	116.124	5.0	29031	30281	sub-4/ses-01/eeg/sub-4_ses-01_task-imagery_run-01_eeg.edf	source_train	431.9111368816187	False	2.7187314635134535e-12	3.2918813669679525e-12	1.2059518395009147e-11	8.922734281083748e-12
sub-4	01	01	sub-4/ses-01/run-01/tsv-row-18	18	rest	1	123.024	5.0	30756	32006	sub-4/ses-01/eeg/sub-4_ses-01_task-imagery_run-01_eeg.edf	source_train	143.68910833460495	False	2.594674304553902e-12	2.4926418429201818e-12	1.2839955470244568e-11	6.603778496749895e-12
sub-4	01	01	sub-4/ses-01/run-01/tsv-row-19	19	right_hand	2	129.864	5.0	32466	33716	sub-4/ses-01/eeg/sub-4_ses-01_task-imagery_run-01_eeg.edf	source_train	472.89628523209325	False	2.311113809436882e-12	2.9487244698360194e-12	1.3847883744006358e-11	8.335686686961243e-12
sub-4	01	01	sub-4/ses-01/run-01/tsv-row-20	20	rest	1	136.852	5.0	34213	35463	sub-4/ses-01/eeg/sub-4_ses-01_task-imagery_run-01_eeg.edf	source_train	137.86278822595904	False	2.3473544724293265e-12	3.3173669033522418e-12	1.0172174446199954e-11	9.046970884673437e-12
sub-4	01	01	sub-4/ses-01/run-01/tsv-row-21	21	right_hand	2	143.64	5.0	35910	37160	sub-4/ses-01/eeg/sub-4_ses-01_task-imagery_run-01_eeg.edf	source_train	136.9386133121738	False	3.495250622619406e-12	2.8458329607403715e-12	1.6421201199520315e-11	7.554026428520939e-12
sub-4	01	01	sub-4/ses-01/run-01/tsv-row-22	22	rest	1	150.592	5.0	37648	38898	sub-4/ses-01/eeg/sub-4_ses-01_task-imagery_run-01_eeg.edf	source_train	424.4172837763603	False	3.017662023740546e-12	2.6077430390390593e-12	1.3354548788350544e-11	6.89539189126492e-12
sub-4	01	01	sub-4/ses-01/run-01/tsv-row-23	23	right_hand	2	157.436	5.0	39359	40609	sub-4/ses-01/eeg/sub-4_ses-01_task-imagery_run-01_eeg.edf	source_train	368.1430678304392	False	4.015552476331138e-12	3.4714053659017655e-12	2.0862466420952858e-11	9.02209563130901e-12
sub-4	01	01	sub-4/ses-01/run-01/tsv-row-24	24	rest	1	164.332	5.0	41083	42333	sub-4/ses-01/eeg/sub-4_ses-01_task-imagery_run-01_eeg.edf	source_train	154.8796610950041	False	2.8555264421439257e-12	1.9468730414693973e-12	1.3076485428077166e-11	6.047694025233641e-12
sub-4	01	01	sub-4/ses-01/run-01/tsv-row-25	25	rest	1	171.232	5.0	42808	44058	sub-4/ses-01/eeg/sub-4_ses-01_task-imagery_run-01_eeg.edf	source_train	363.76328236945704	False	2.0891456023513095e-12	2.3475770522198263e-12	7.893965342337774e-12	6.576139110274345e-12
sub-4	01	01	sub-4/ses-01/run-01/tsv-row-26	26	right_hand	2	178.084	5.0	44521	45771	sub-4/ses-01/eeg/sub-4_ses-01_task-imagery_run-01_eeg.edf	source_train	485.8548247840815	False	3.083519527538675e-12	2.808959230588856e-12	1.495134840796855e-11	7.270892981874996e-12
sub-4	01	01	sub-4/ses-01/run-01/tsv-row-27	27	right_hand	2	184.98	5.0	46245	47495	sub-4/ses-01/eeg/sub-4_ses-01_task-imagery_run-01_eeg.edf	source_train	190.13894313180944	False	1.6872636989941822e-12	2.6233183755411054e-12	6.622923302874702e-12	6.671384040391205e-12
sub-4	01	01	sub-4/ses-01/run-01/tsv-row-28	28	rest	1	191.88	5.0	47970	49220	sub-4/ses-01/eeg/sub-4_ses-01_task-imagery_run-01_eeg.edf	source_train	390.82553473616747	False	1.8598878020006757e-12	2.4509187248228285e-12	6.104576142454319e-12	6.45058643253332e-12
sub-4	01	01	sub-4/ses-01/run-01/tsv-row-29	29	rest	1	198.776	5.0	49694	50944	sub-4/ses-01/eeg/sub-4_ses-01_task-imagery_run-01_eeg.edf	source_train	160.766253480636	False	3.018255445572151e-12	2.696330479725113e-12	1.4253823509022196e-11	6.610078438368828e-12
sub-4	01	01	sub-4/ses-01/run-01/tsv-row-30	30	right_hand	2	205.676	5.0	51419	52669	sub-4/ses-01/eeg/sub-4_ses-01_task-imagery_run-01_eeg.edf	source_train	375.0542889248329	False	2.142249405144498e-12	2.2798477160840356e-12	9.34631355339672e-12	5.92332791128781e-12
sub-4	01	01	sub-4/ses-01/run-01/tsv-row-31	31	right_hand	2	212.524	5.0	53131	54381	sub-4/ses-01/eeg/sub-4_ses-01_task-imagery_run-01_eeg.edf	source_train	128.01831631824703	False	2.5536699696797e-12	2.3531682691553623e-12	1.0296329676534893e-11	6.23089422072006e-12
sub-4	01	01	sub-4/ses-01/run-01/tsv-row-32	32	rest	1	219.424	5.0	54856	56106	sub-4/ses-01/eeg/sub-4_ses-01_task-imagery_run-01_eeg.edf	source_train	437.1548249794	False	2.518205709954766e-12	3.255966382140342e-12	9.572523209342839e-12	7.758151761652639e-12
sub-4	01	02	sub-4/ses-01/run-02/tsv-row-1	1	right_hand	2	6.068	5.0	1517	2767	sub-4/ses-01/eeg/sub-4_ses-01_task-imagery_run-02_eeg.edf	source_train	482.45011864070557	False	1.2833837142086666e-12	8.993118451367672e-12	5.6346874208318504e-12	1.6368643556187005e-11
sub-4	01	02	sub-4/ses-01/run-02/tsv-row-2	2	rest	1	12.928	5.0	3232	4482	sub-4/ses-01/eeg/sub-4_ses-01_task-imagery_run-02_eeg.edf	source_train	451.9172002319407	False	1.931331871937028e-12	4.412128780279253e-12	7.086492962528817e-12	8.73661368075313e-12
sub-4	01	02	sub-4/ses-01/run-02/tsv-row-3	3	right_hand	2	19.856	5.0	4964	6214	sub-4/ses-01/eeg/sub-4_ses-01_task-imagery_run-02_eeg.edf	source_train	152.43953367717518	False	2.4156277523151862e-12	6.9874911762078945e-12	1.0937101141847507e-11	1.0304673533006443e-11
sub-4	01	02	sub-4/ses-01/run-02/tsv-row-4	4	rest	1	26.784	5.0	6696	7946	sub-4/ses-01/eeg/sub-4_ses-01_task-imagery_run-02_eeg.edf	source_train	127.23299661244542	False	1.937297132160918e-12	5.535238672922633e-12	8.844360860938813e-12	1.1092709887024974e-11
sub-4	01	02	sub-4/ses-01/run-02/tsv-row-5	5	rest	1	33.612	5.0	8403	9653	sub-4/ses-01/eeg/sub-4_ses-01_task-imagery_run-02_eeg.edf	source_train	125.03242591631823	False	2.3155918348574565e-12	5.619567355793842e-12	6.940581982079795e-12	9.617337471803945e-12
sub-4	01	02	sub-4/ses-01/run-02/tsv-row-6	6	right_hand	2	40.544	5.0	10136	11386	sub-4/ses-01/eeg/sub-4_ses-01_task-imagery_run-02_eeg.edf	source_train	548.7673173467208	False	1.919292844699441e-12	5.5128921453641006e-12	6.253761530375258e-12	1.0829028852698045e-11
sub-4	01	02	sub-4/ses-01/run-02/tsv-row-7	7	rest	1	47.372	5.0	11843	13093	sub-4/ses-01/eeg/sub-4_ses-01_task-imagery_run-02_eeg.edf	source_train	394.8774075289163	False	2.363849630084106e-12	9.318819119600531e-12	6.923721894388448e-12	1.7762957617289215e-11
sub-4	01	02	sub-4/ses-01/run-02/tsv-row-8	8	right_hand	2	54.3	5.0	13575	14825	sub-4/ses-01/eeg/sub-4_ses-01_task-imagery_run-02_eeg.edf	source_train	467.5962664418469	False	1.450628211242092e-12	4.612722357432705e-12	5.1574396319925835e-12	1.1094048774713166e-11
sub-4	01	02	sub-4/ses-01/run-02/tsv-row-9	9	right_hand	2	61.228	5.0	15307	16557	sub-4/ses-01/eeg/sub-4_ses-01_task-imagery_run-02_eeg.edf	source_train	380.47367206335645	False	3.2209379713070774e-12	6.481850832852557e-12	2.150526951997196e-11	1.4830299562453982e-11
sub-4	01	02	sub-4/ses-01/run-02/tsv-row-10	10	rest	1	68.056	5.0	17014	18264	sub-4/ses-01/eeg/sub-4_ses-01_task-imagery_run-02_eeg.edf	source_train	401.77919743949707	False	1.930240256544608e-12	1.016652351095591e-11	8.516651968534099e-12	1.4435575804146698e-11
sub-4	01	02	sub-4/ses-01/run-02/tsv-row-11	11	rest	1	74.984	5.0	18746	19996	sub-4/ses-01/eeg/sub-4_ses-01_task-imagery_run-02_eeg.edf	source_train	115.93006530961027	False	2.4598518967871293e-12	6.093670743835533e-12	1.523650693680123e-11	1.0285454236946586e-11
sub-4	01	02	sub-4/ses-01/run-02/tsv-row-12	12	right_hand	2	81.912	5.0	20478	21728	sub-4/ses-01/eeg/sub-4_ses-01_task-imagery_run-02_eeg.edf	source_train	390.15118182927944	False	1.9774849123249606e-12	5.445162955291579e-12	6.782752527381274e-12	1.0681167169133216e-11
sub-4	01	02	sub-4/ses-01/run-02/tsv-row-13	13	right_hand	2	88.74	5.0	22185	23435	sub-4/ses-01/eeg/sub-4_ses-01_task-imagery_run-02_eeg.edf	source_train	114.12959837641532	False	1.9961728060986403e-12	5.530189286516586e-12	8.328839456817137e-12	1.1950955516511745e-11
sub-4	01	02	sub-4/ses-01/run-02/tsv-row-14	14	rest	1	95.572	5.0	23893	25143	sub-4/ses-01/eeg/sub-4_ses-01_task-imagery_run-02_eeg.edf	source_train	380.5987044892727	False	2.4333863237908545e-12	6.1224015401410475e-12	1.0697622885916522e-11	1.135606634849917e-11
sub-4	01	02	sub-4/ses-01/run-02/tsv-row-15	15	rest	1	102.5	5.0	25625	26875	sub-4/ses-01/eeg/sub-4_ses-01_task-imagery_run-02_eeg.edf	source_train	429.31133762627036	False	2.6309469856719612e-12	5.580022867196309e-12	9.057730706890696e-12	1.0468545754149036e-11
sub-4	01	02	sub-4/ses-01/run-02/tsv-row-16	16	right_hand	2	109.428	5.0	27357	28607	sub-4/ses-01/eeg/sub-4_ses-01_task-imagery_run-02_eeg.edf	source_train	365.1446966460158	False	1.6061036519071726e-12	7.436270033221812e-12	4.710813389455528e-12	1.3769125965488396e-11
sub-4	01	02	sub-4/ses-01/run-02/tsv-row-17	17	rest	1	116.256	5.0	29064	30314	sub-4/ses-01/eeg/sub-4_ses-01_task-imagery_run-02_eeg.edf	source_train	419.43377597888116	False	2.1265581946536602e-12	1.4935332454252068e-11	8.372420958130136e-12	2.089407447318901e-11
sub-4	01	02	sub-4/ses-01/run-02/tsv-row-18	18	right_hand	2	123.14	5.0	30785	32035	sub-4/ses-01/eeg/sub-4_ses-01_task-imagery_run-02_eeg.edf	source_train	127.55808091982789	False	2.6927271053407154e-12	6.836303880185157e-12	1.16301066444618e-11	1.092039329401431e-11
sub-4	01	02	sub-4/ses-01/run-02/tsv-row-19	19	rest	1	130.08	5.0	32520	33770	sub-4/ses-01/eeg/sub-4_ses-01_task-imagery_run-02_eeg.edf	source_train	391.70158391064183	False	1.951006675969721e-12	8.112828500571478e-12	1.0038233032629152e-11	1.5608579582048416e-11
sub-4	01	02	sub-4/ses-01/run-02/tsv-row-20	20	right_hand	2	137.012	5.0	34253	35503	sub-4/ses-01/eeg/sub-4_ses-01_task-imagery_run-02_eeg.edf	source_train	431.93701857051303	False	1.3073212084725287e-12	6.3120215412145455e-12	5.381264652563868e-12	1.1991151179793509e-11
sub-4	01	02	sub-4/ses-01/run-02/tsv-row-21	21	right_hand	2	143.84	5.0	35960	37210	sub-4/ses-01/eeg/sub-4_ses-01_task-imagery_run-02_eeg.edf	source_train	344.8394306772057	False	2.5435133896925358e-12	8.061999978002368e-12	8.300940874402972e-12	1.4812192861425558e-11
sub-4	01	02	sub-4/ses-01/run-02/tsv-row-22	22	rest	1	150.768	5.0	37692	38942	sub-4/ses-01/eeg/sub-4_ses-01_task-imagery_run-02_eeg.edf	source_train	462.8450342570269	False	2.2570625194304725e-12	8.807208892965781e-12	6.910422677561399e-12	1.7366546924632538e-11
sub-4	01	02	sub-4/ses-01/run-02/tsv-row-23	23	rest	1	157.596	5.0	39399	40649	sub-4/ses-01/eeg/sub-4_ses-01_task-imagery_run-02_eeg.edf	source_train	446.76586428418835	False	2.310577632097756e-12	5.342455353925048e-12	1.1994000792717724e-11	1.0161519513828366e-11
sub-4	01	02	sub-4/ses-01/run-02/tsv-row-24	24	right_hand	2	164.524	5.0	41131	42381	sub-4/ses-01/eeg/sub-4_ses-01_task-imagery_run-02_eeg.edf	source_train	548.9423627430036	False	2.3860213609974357e-12	8.850857902214312e-12	8.041650370896783e-12	1.915554851161701e-11
sub-4	01	02	sub-4/ses-01/run-02/tsv-row-25	25	right_hand	2	171.452	5.0	42863	44113	sub-4/ses-01/eeg/sub-4_ses-01_task-imagery_run-02_eeg.edf	source_train	124.23221839045381	False	2.5557140614533945e-12	6.837868882638287e-12	1.4063417781492113e-11	1.3095546876702894e-11
sub-4	01	02	sub-4/ses-01/run-02/tsv-row-26	26	rest	1	178.28	5.0	44570	45820	sub-4/ses-01/eeg/sub-4_ses-01_task-imagery_run-02_eeg.edf	source_train	132.25930013428143	False	2.262768601362832e-12	5.097266151175069e-12	1.2761280225563389e-11	9.097917656865086e-12
sub-4	01	02	sub-4/ses-01/run-02/tsv-row-27	27	right_hand	2	185.208	5.0	46302	47552	sub-4/ses-01/eeg/sub-4_ses-01_task-imagery_run-02_eeg.edf	source_train	139.83626514481034	False	2.423572867588498e-12	8.064145690439087e-12	1.2768135296438347e-11	1.2483214864660587e-11
sub-4	01	02	sub-4/ses-01/run-02/tsv-row-28	28	rest	1	192.14	5.0	48035	49285	sub-4/ses-01/eeg/sub-4_ses-01_task-imagery_run-02_eeg.edf	source_train	379.84850993377484	False	1.7739370691977401e-12	4.999663470399592e-12	7.819694721710352e-12	1.0341180420246487e-11
sub-4	01	02	sub-4/ses-01/run-02/tsv-row-29	29	rest	1	198.968	5.0	49742	50992	sub-4/ses-01/eeg/sub-4_ses-01_task-imagery_run-02_eeg.edf	source_train	129.03346354564047	False	3.442731373911827e-12	5.02815279857207e-12	1.9555150137824627e-11	1.0027939626213468e-11
sub-4	01	02	sub-4/ses-01/run-02/tsv-row-30	30	right_hand	2	205.896	5.0	51474	52724	sub-4/ses-01/eeg/sub-4_ses-01_task-imagery_run-02_eeg.edf	source_train	437.6134907071139	False	2.9702392005430518e-12	5.888870607722794e-12	1.6618161124209707e-11	1.218516328858354e-11
sub-4	01	02	sub-4/ses-01/run-02/tsv-row-31	31	right_hand	2	212.696	5.0	53174	54424	sub-4/ses-01/eeg/sub-4_ses-01_task-imagery_run-02_eeg.edf	source_train	204.62806825464642	False	2.123804134250666e-12	5.82279915253908e-12	1.0797526929472132e-11	1.0816903979771995e-11
sub-4	01	02	sub-4/ses-01/run-02/tsv-row-32	32	rest	1	219.624	5.0	54906	56156	sub-4/ses-01/eeg/sub-4_ses-01_task-imagery_run-02_eeg.edf	source_train	425.11024811548197	False	2.0616253480469883e-12	1.3689375866598079e-11	7.295991111901699e-12	2.2124543491806165e-11
sub-4	01	03	sub-4/ses-01/run-03/tsv-row-1	1	rest	1	6.372	5.0	1593	2843	sub-4/ses-01/eeg/sub-4_ses-01_task-imagery_run-03_eeg.edf	source_train	560.8146920316171	False	3.2177288332055662e-12	1.749189631565061e-11	8.601855802858059e-12	3.208704648239233e-11
sub-4	01	03	sub-4/ses-01/run-03/tsv-row-2	2	right_hand	2	13.38	5.0	3345	4595	sub-4/ses-01/eeg/sub-4_ses-01_task-imagery_run-03_eeg.edf	source_train	126.52950713217567	False	1.8468038060889927e-12	6.709690583965978e-12	6.235376446959917e-12	1.2654664163557512e-11
sub-4	01	03	sub-4/ses-01/run-03/tsv-row-3	3	right_hand	2	20.044	5.0	5011	6261	sub-4/ses-01/eeg/sub-4_ses-01_task-imagery_run-03_eeg.edf	source_train	457.8922227118747	False	1.2745380627184335e-12	5.6423963325599766e-12	5.416020394860767e-12	1.3513423378163562e-11
sub-4	01	03	sub-4/ses-01/run-03/tsv-row-4	4	rest	1	27.064	5.0	6766	8016	sub-4/ses-01/eeg/sub-4_ses-01_task-imagery_run-03_eeg.edf	source_train	593.9277781060213	False	1.987240265411639e-12	5.2045739298494685e-12	1.1319129595363707e-11	1.1127952287896921e-11
sub-4	01	03	sub-4/ses-01/run-03/tsv-row-5	5	right_hand	2	33.892	5.0	8473	9723	sub-4/ses-01/eeg/sub-4_ses-01_task-imagery_run-03_eeg.edf	source_train	472.0142899746696	False	2.2072655355412722e-12	6.269011263113761e-12	7.331876994193326e-12	1.555517499250202e-11
sub-4	01	03	sub-4/ses-01/run-03/tsv-row-6	6	rest	1	40.912	5.0	10228	11478	sub-4/ses-01/eeg/sub-4_ses-01_task-imagery_run-03_eeg.edf	source_train	453.46590312204347	False	3.0185912037241633e-12	5.080322660599267e-12	1.1349516957869493e-11	1.1520830747496506e-11
sub-4	01	03	sub-4/ses-01/run-03/tsv-row-7	7	rest	1	47.74	5.0	11935	13185	sub-4/ses-01/eeg/sub-4_ses-01_task-imagery_run-03_eeg.edf	source_train	110.13104693746757	False	3.1559539239048952e-12	4.443423001928649e-12	1.5009674952290318e-11	9.273241470280684e-12
sub-4	01	03	sub-4/ses-01/run-03/tsv-row-8	8	right_hand	2	54.764	5.0	13691	14941	sub-4/ses-01/eeg/sub-4_ses-01_task-imagery_run-03_eeg.edf	source_train	439.1541364482558	False	1.8977112039406556e-12	5.036529500578621e-12	8.41125214336201e-12	1.2284890676388578e-11
sub-4	01	03	sub-4/ses-01/run-03/tsv-row-9	9	rest	1	61.396	5.0	15349	16599	sub-4/ses-01/eeg/sub-4_ses-01_task-imagery_run-03_eeg.edf	source_train	469.4217313577685	False	2.763214885887352e-12	1.0610622863457851e-11	9.921306607814058e-12	1.5978524534239643e-11
sub-4	01	03	sub-4/ses-01/run-03/tsv-row-10	10	right_hand	2	68.416	5.0	17104	18354	sub-4/ses-01/eeg/sub-4_ses-01_task-imagery_run-03_eeg.edf	source_train	449.18712751853997	False	2.6582582819513894e-12	5.791099024354529e-12	1.0827974077298429e-11	1.2195361206278818e-11
sub-4	01	03	sub-4/ses-01/run-03/tsv-row-11	11	right_hand	2	75.244	5.0	18811	20061	sub-4/ses-01/eeg/sub-4_ses-01_task-imagery_run-03_eeg.edf	source_train	426.88690787072363	False	2.591576067533922e-12	4.3011443141055875e-12	1.0439588117394824e-11	1.0940105816043424e-11
sub-4	01	03	sub-4/ses-01/run-03/tsv-row-12	12	rest	1	82.072	5.0	20518	21768	sub-4/ses-01/eeg/sub-4_ses-01_task-imagery_run-03_eeg.edf	source_train	147.3121314920499	False	1.8399284066819473e-12	5.528672873764182e-12	7.51187462005699e-12	1.3586534435028441e-11
sub-4	01	03	sub-4/ses-01/run-03/tsv-row-13	13	rest	1	89.092	5.0	22273	23523	sub-4/ses-01/eeg/sub-4_ses-01_task-imagery_run-03_eeg.edf	source_train	106.69537982726524	False	2.5062779429197424e-12	3.525434171559083e-12	8.279941419934062e-12	1.1297206011120292e-11
sub-4	01	03	sub-4/ses-01/run-03/tsv-row-14	14	right_hand	2	95.92	5.0	23980	25230	sub-4/ses-01/eeg/sub-4_ses-01_task-imagery_run-03_eeg.edf	source_train	473.1735641529588	False	2.310796138052648e-12	7.083492189623422e-12	1.0303515089316566e-11	1.5862718252022122e-11
sub-4	01	03	sub-4/ses-01/run-03/tsv-row-15	15	rest	1	102.944	5.0	25736	26986	sub-4/ses-01/eeg/sub-4_ses-01_task-imagery_run-03_eeg.edf	source_train	126.38196314584798	False	2.4850819294227312e-12	4.9381537620406155e-12	8.168501679848134e-12	1.3354591709082289e-11
sub-4	01	03	sub-4/ses-01/run-03/tsv-row-16	16	right_hand	2	109.768	5.0	27442	28692	sub-4/ses-01/eeg/sub-4_ses-01_task-imagery_run-03_eeg.edf	source_train	421.5753243629261	False	2.7890832663694313e-12	4.140440226453285e-12	1.1543555692222758e-11	1.1571630602811792e-11
sub-4	01	03	sub-4/ses-01/run-03/tsv-row-17	17	right_hand	2	116.596	5.0	29149	30399	sub-4/ses-01/eeg/sub-4_ses-01_task-imagery_run-03_eeg.edf	source_train	113.75641345866268	False	1.7084780835589882e-12	5.243427701471892e-12	6.784869117673289e-12	1.2996553374881796e-11
sub-4	01	03	sub-4/ses-01/run-03/tsv-row-18	18	rest	1	123.62	5.0	30905	32155	sub-4/ses-01/eeg/sub-4_ses-01_task-imagery_run-03_eeg.edf	source_train	109.47763785515912	False	3.03592048869812e-12	2.2081177722463327e-12	1.4587709631040803e-11	7.689840977684724e-12
sub-4	01	03	sub-4/ses-01/run-03/tsv-row-19	19	right_hand	2	130.444	5.0	32611	33861	sub-4/ses-01/eeg/sub-4_ses-01_task-imagery_run-03_eeg.edf	source_train	466.66055104220715	False	2.206110086651479e-12	5.519604731459231e-12	1.055857231346108e-11	1.3483248113075603e-11
sub-4	01	03	sub-4/ses-01/run-03/tsv-row-20	20	rest	1	137.272	5.0	34318	35568	sub-4/ses-01/eeg/sub-4_ses-01_task-imagery_run-03_eeg.edf	source_train	106.0419707449568	False	3.0138521038722285e-12	4.3707722250542e-12	9.995294380518398e-12	8.643171502516102e-12
sub-4	01	03	sub-4/ses-01/run-03/tsv-row-21	21	rest	1	144.1	5.0	36025	37275	sub-4/ses-01/eeg/sub-4_ses-01_task-imagery_run-03_eeg.edf	source_train	179.22378796349986	False	3.5188666216780402e-12	3.489680490653599e-12	2.531004981975491e-11	8.953628770018895e-12
sub-4	01	03	sub-4/ses-01/run-03/tsv-row-22	22	right_hand	2	151.124	5.0	37781	39031	sub-4/ses-01/eeg/sub-4_ses-01_task-imagery_run-03_eeg.edf	source_train	472.28830023499256	False	1.914629609091898e-12	3.491083437495815e-12	9.165746545236819e-12	9.231400065911786e-12
sub-4	01	03	sub-4/ses-01/run-03/tsv-row-23	23	right_hand	2	157.756	5.0	39439	40689	sub-4/ses-01/eeg/sub-4_ses-01_task-imagery_run-03_eeg.edf	source_train	450.0934691488388	False	1.737967001255272e-12	6.663991671111739e-12	1.052870524190494e-11	1.3501762696746574e-11
sub-4	01	03	sub-4/ses-01/run-03/tsv-row-24	24	rest	1	164.776	5.0	41194	42444	sub-4/ses-01/eeg/sub-4_ses-01_task-imagery_run-03_eeg.edf	source_train	449.94592516251106	False	1.6116504101867663e-12	2.4799735514972292e-12	6.6376874236657176e-12	8.300193497144065e-12
sub-4	01	03	sub-4/ses-01/run-03/tsv-row-25	25	right_hand	2	171.604	5.0	42901	44151	sub-4/ses-01/eeg/sub-4_ses-01_task-imagery_run-03_eeg.edf	source_train	390.94940834376047	False	2.6722668258940813e-12	5.21690062184256e-12	9.581407117796371e-12	1.2259419510098807e-11
sub-4	01	03	sub-4/ses-01/run-03/tsv-row-26	26	rest	1	178.624	5.0	44656	45906	sub-4/ses-01/eeg/sub-4_ses-01_task-imagery_run-03_eeg.edf	source_train	470.5810055360576	False	4.014532912799516e-12	8.770517682058125e-12	1.74914559695731e-11	1.5991310949198895e-11
sub-4	01	03	sub-4/ses-01/run-03/tsv-row-27	27	right_hand	2	185.648	5.0	46412	47662	sub-4/ses-01/eeg/sub-4_ses-01_task-imagery_run-03_eeg.edf	source_train	392.3405373577074	False	2.2682996406726433e-12	5.214229831690939e-12	8.993708457758852e-12	1.1014933008484261e-11
sub-4	01	03	sub-4/ses-01/run-03/tsv-row-28	28	rest	1	192.476	5.0	48119	49369	sub-4/ses-01/eeg/sub-4_ses-01_task-imagery_run-03_eeg.edf	source_train	425.79086682943205	False	2.6019839565943804e-12	3.835401794330802e-12	1.0726192978787797e-11	9.127690967946074e-12
sub-4	01	03	sub-4/ses-01/run-03/tsv-row-29	29	right_hand	2	199.3	5.0	49825	51075	sub-4/ses-01/eeg/sub-4_ses-01_task-imagery_run-03_eeg.edf	source_train	115.08430933561206	False	4.654938409464444e-12	5.87963446755487e-12	1.7121196414538634e-11	1.1457615431510946e-11
sub-4	01	03	sub-4/ses-01/run-03/tsv-row-30	30	rest	1	206.128	5.0	51532	52782	sub-4/ses-01/eeg/sub-4_ses-01_task-imagery_run-03_eeg.edf	source_train	103.344023566393	False	3.387069147254145e-12	2.353299016305273e-12	1.6350129223904225e-11	6.062480791218121e-12
sub-4	01	03	sub-4/ses-01/run-03/tsv-row-31	31	right_hand	2	212.956	5.0	53239	54489	sub-4/ses-01/eeg/sub-4_ses-01_task-imagery_run-03_eeg.edf	source_train	113.4402477736747	False	1.8266397395361162e-12	5.0578012853692345e-12	6.502423565653484e-12	9.62632599039529e-12
sub-4	01	03	sub-4/ses-01/run-03/tsv-row-32	32	rest	1	219.98	5.0	54995	56245	sub-4/ses-01/eeg/sub-4_ses-01_task-imagery_run-03_eeg.edf	source_train	89.72782139957884	False	3.362137160195616e-12	2.6247844000385307e-12	9.454628506441113e-12	6.685193873111509e-12
sub-4	01	04	sub-4/ses-01/run-04/tsv-row-1	1	right_hand	2	13.644	5.0	3411	4661	sub-4/ses-01/eeg/sub-4_ses-01_task-imagery_run-04_eeg.edf	source_train	933.5319956053347	False	2.0742957851097e-12	5.056834613594302e-12	7.765683763894205e-12	1.0947361307233582e-11
sub-4	01	04	sub-4/ses-01/run-04/tsv-row-2	2	rest	1	20.652	5.0	5163	6413	sub-4/ses-01/eeg/sub-4_ses-01_task-imagery_run-04_eeg.edf	source_train	114.47498550370801	False	3.0688093514800104e-12	4.658559781647529e-12	1.1889258171004787e-11	9.615901421208894e-12
sub-4	01	04	sub-4/ses-01/run-04/tsv-row-3	3	rest	1	27.464	5.0	6866	8116	sub-4/ses-01/eeg/sub-4_ses-01_task-imagery_run-04_eeg.edf	source_train	153.3435781426435	False	2.167460150698318e-12	4.395593894214843e-12	1.105410326615724e-11	9.194960842862004e-12
sub-4	01	04	sub-4/ses-01/run-04/tsv-row-4	4	right_hand	2	34.292	5.0	8573	9823	sub-4/ses-01/eeg/sub-4_ses-01_task-imagery_run-04_eeg.edf	source_train	476.53825266274	False	2.1967043658786626e-12	3.675750113471692e-12	6.2779576525162215e-12	9.013968387571795e-12
sub-4	01	04	sub-4/ses-01/run-04/tsv-row-5	5	right_hand	2	41.32	5.0	10330	11580	sub-4/ses-01/eeg/sub-4_ses-01_task-imagery_run-04_eeg.edf	source_train	146.80424970244454	False	3.916954762014692e-12	8.7369409660881e-12	1.554450648461041e-11	1.4154026836703517e-11
sub-4	01	04	sub-4/ses-01/run-04/tsv-row-6	6	rest	1	48.148	5.0	12037	13287	sub-4/ses-01/eeg/sub-4_ses-01_task-imagery_run-04_eeg.edf	source_train	455.27931226538897	False	2.385522250890261e-12	1.304637737297865e-11	7.53381723983837e-12	1.6201069318614517e-11
sub-4	01	04	sub-4/ses-01/run-04/tsv-row-7	7	rest	1	54.98	5.0	13745	14995	sub-4/ses-01/eeg/sub-4_ses-01_task-imagery_run-04_eeg.edf	source_train	116.45882671590321	False	3.77239859690003e-12	4.150706974880399e-12	1.5826679198660146e-11	9.295265606315434e-12
sub-4	01	04	sub-4/ses-01/run-04/tsv-row-8	8	right_hand	2	61.808	5.0	15452	16702	sub-4/ses-01/eeg/sub-4_ses-01_task-imagery_run-04_eeg.edf	source_train	531.6449530014954	False	2.9121316745322497e-12	6.958098700869649e-12	1.269139666288743e-11	1.4174081669311209e-11
sub-4	01	04	sub-4/ses-01/run-04/tsv-row-9	9	rest	1	68.636	5.0	17159	18409	sub-4/ses-01/eeg/sub-4_ses-01_task-imagery_run-04_eeg.edf	source_train	121.57762688070312	False	3.610450149632813e-12	7.517825617481109e-12	1.8303479184164014e-11	1.3070670813524583e-11
sub-4	01	04	sub-4/ses-01/run-04/tsv-row-10	10	right_hand	2	75.664	5.0	18916	20166	sub-4/ses-01/eeg/sub-4_ses-01_task-imagery_run-04_eeg.edf	source_train	378.0564561906797	False	3.857238861597904e-12	5.211803343761412e-12	1.9082015129186567e-11	1.1396889691642973e-11
sub-4	01	04	sub-4/ses-01/run-04/tsv-row-11	11	right_hand	2	82.492	5.0	20623	21873	sub-4/ses-01/eeg/sub-4_ses-01_task-imagery_run-04_eeg.edf	source_train	368.06377452925193	False	1.9456863814773528e-12	6.3561709025584875e-12	1.2154799305101823e-11	1.190184995739768e-11
sub-4	01	04	sub-4/ses-01/run-04/tsv-row-12	12	rest	1	89.52	5.0	22380	23630	sub-4/ses-01/eeg/sub-4_ses-01_task-imagery_run-04_eeg.edf	source_train	380.53013473921925	False	2.897912204581414e-12	5.5061884720017586e-12	9.240343814649726e-12	1.109342553008468e-11
sub-4	01	04	sub-4/ses-01/run-04/tsv-row-13	13	rest	1	96.348	5.0	24087	25337	sub-4/ses-01/eeg/sub-4_ses-01_task-imagery_run-04_eeg.edf	source_train	451.6300241096225	False	3.175154016669885e-12	5.269094234835202e-12	1.590497817097486e-11	1.1023172620907238e-11
sub-4	01	04	sub-4/ses-01/run-04/tsv-row-14	14	right_hand	2	103.18	5.0	25795	27045	sub-4/ses-01/eeg/sub-4_ses-01_task-imagery_run-04_eeg.edf	source_train	402.81773354289373	False	2.7352260644863947e-12	7.344155728342569e-12	1.2371790468855002e-11	1.1907816193459761e-11
sub-4	01	04	sub-4/ses-01/run-04/tsv-row-15	15	right_hand	2	110.008	5.0	27502	28752	sub-4/ses-01/eeg/sub-4_ses-01_task-imagery_run-04_eeg.edf	source_train	125.74124423963136	False	2.2819428114221747e-12	7.623601152523227e-12	1.2153900966406783e-11	1.6365968101120888e-11
sub-4	01	04	sub-4/ses-01/run-04/tsv-row-16	16	rest	1	117.036	5.0	29259	30509	sub-4/ses-01/eeg/sub-4_ses-01_task-imagery_run-04_eeg.edf	source_train	126.37803277687912	False	3.69743072003881e-12	1.2788252976306151e-11	1.3335398901131388e-11	1.9592458087947424e-11
sub-4	01	04	sub-4/ses-01/run-04/tsv-row-17	17	right_hand	2	123.864	5.0	30966	32216	sub-4/ses-01/eeg/sub-4_ses-01_task-imagery_run-04_eeg.edf	source_train	134.41136509292883	False	1.9769307976022867e-12	6.040193316622345e-12	8.928454747927e-12	1.070228780308232e-11
sub-4	01	04	sub-4/ses-01/run-04/tsv-row-18	18	rest	1	130.692	5.0	32673	33923	sub-4/ses-01/eeg/sub-4_ses-01_task-imagery_run-04_eeg.edf	source_train	480.8243293557543	False	4.1344697785387454e-12	6.333467648617202e-12	2.089854153757892e-11	1.1124749595992474e-11
sub-4	01	04	sub-4/ses-01/run-04/tsv-row-19	19	right_hand	2	137.72	5.0	34430	35680	sub-4/ses-01/eeg/sub-4_ses-01_task-imagery_run-04_eeg.edf	source_train	486.8493285927915	False	2.6595517042586995e-12	9.813812056304743e-12	8.748849614773913e-12	1.5008574972006098e-11
sub-4	01	04	sub-4/ses-01/run-04/tsv-row-20	20	rest	1	144.548	5.0	36137	37387	sub-4/ses-01/eeg/sub-4_ses-01_task-imagery_run-04_eeg.edf	source_train	448.93591875972777	False	2.9971501154307377e-12	9.353573300539648e-12	1.2282036903349907e-11	1.6675185098936966e-11
sub-4	01	04	sub-4/ses-01/run-04/tsv-row-21	21	right_hand	2	151.38	5.0	37845	39095	sub-4/ses-01/eeg/sub-4_ses-01_task-imagery_run-04_eeg.edf	source_train	357.72820673238317	False	3.1576794296517528e-12	8.37419903197178e-12	1.413603250088061e-11	1.7172234989785865e-11
sub-4	01	04	sub-4/ses-01/run-04/tsv-row-22	22	rest	1	158.408	5.0	39602	40852	sub-4/ses-01/eeg/sub-4_ses-01_task-imagery_run-04_eeg.edf	source_train	478.4241264076662	False	2.4333346287805805e-12	7.471303302535341e-12	1.0033917442822314e-11	1.2251260175797762e-11
sub-4	01	04	sub-4/ses-01/run-04/tsv-row-23	23	rest	1	165.236	5.0	41309	42559	sub-4/ses-01/eeg/sub-4_ses-01_task-imagery_run-04_eeg.edf	source_train	120.08362300485243	False	5.619753324404161e-12	4.011225191815695e-12	2.5564528911578083e-11	7.665812174449802e-12
sub-4	01	04	sub-4/ses-01/run-04/tsv-row-24	24	right_hand	2	172.064	5.0	43016	44266	sub-4/ses-01/eeg/sub-4_ses-01_task-imagery_run-04_eeg.edf	source_train	100.02478408154546	False	3.3134075749998024e-12	4.927770084924758e-12	1.5400684185784995e-11	9.86301500851058e-12
sub-4	01	04	sub-4/ses-01/run-04/tsv-row-25	25	right_hand	2	179.092	5.0	44773	46023	sub-4/ses-01/eeg/sub-4_ses-01_task-imagery_run-04_eeg.edf	source_train	431.6936445204016	False	2.639121641587317e-12	6.231714410533632e-12	1.4318935111318444e-11	1.1700128589482754e-11
sub-4	01	04	sub-4/ses-01/run-04/tsv-row-26	26	rest	1	185.72	5.0	46430	47680	sub-4/ses-01/eeg/sub-4_ses-01_task-imagery_run-04_eeg.edf	source_train	464.75766472365484	False	4.599055609400635e-12	1.0245200224611596e-11	2.0877779282912443e-11	1.55780580767451e-11
sub-4	01	04	sub-4/ses-01/run-04/tsv-row-27	27	right_hand	2	192.748	5.0	48187	49437	sub-4/ses-01/eeg/sub-4_ses-01_task-imagery_run-04_eeg.edf	source_train	473.23185064241466	False	3.619026386832911e-12	5.479820112115133e-12	2.0396691778976425e-11	1.184598994567218e-11
sub-4	01	04	sub-4/ses-01/run-04/tsv-row-28	28	rest	1	199.58	5.0	49895	51145	sub-4/ses-01/eeg/sub-4_ses-01_task-imagery_run-04_eeg.edf	source_train	108.86634800256354	False	4.561265316038089e-12	6.6605461549761995e-12	1.9974642771796826e-11	1.3288330918885148e-11
sub-4	01	04	sub-4/ses-01/run-04/tsv-row-29	29	right_hand	2	206.608	5.0	51652	52902	sub-4/ses-01/eeg/sub-4_ses-01_task-imagery_run-04_eeg.edf	source_train	461.79414883877064	False	2.8448943979559843e-12	7.536241303957002e-12	1.0049404810087307e-11	1.4247888420942693e-11
sub-4	01	04	sub-4/ses-01/run-04/tsv-row-30	30	rest	1	213.236	5.0	53309	54559	sub-4/ses-01/eeg/sub-4_ses-01_task-imagery_run-04_eeg.edf	source_train	446.3642727439191	False	2.361237799346901e-12	7.108187967625235e-12	9.220705049439108e-12	1.1086742150198159e-11
sub-4	01	04	sub-4/ses-01/run-04/tsv-row-31	31	rest	1	220.264	5.0	55066	56316	sub-4/ses-01/eeg/sub-4_ses-01_task-imagery_run-04_eeg.edf	source_train	136.64012497329634	False	3.3547171507727083e-12	4.748621917017346e-12	1.6518386167070564e-11	7.887918166474809e-12
sub-4	01	04	sub-4/ses-01/run-04/tsv-row-32	32	right_hand	2	227.092	5.0	56773	58023	sub-4/ses-01/eeg/sub-4_ses-01_task-imagery_run-04_eeg.edf	source_train	439.72697683645134	False	2.48834939573321e-12	5.761966304258719e-12	8.441722339179931e-12	9.963319138815208e-12
sub-4	01	05	sub-4/ses-01/run-05/tsv-row-1	1	right_hand	2	5.672	5.0	1418	2668	sub-4/ses-01/eeg/sub-4_ses-01_task-imagery_run-05_eeg.edf	source_reference_query	168.22630329294716	False	1.867019027563462e-12	7.791878948608665e-12	3.3770141600386954e-12	1.7401085686864168e-11
sub-4	01	05	sub-4/ses-01/run-05/tsv-row-2	2	rest	1	12.68	5.0	3170	4420	sub-4/ses-01/eeg/sub-4_ses-01_task-imagery_run-05_eeg.edf	source_reference_query	130.5929190649129	False	2.415661866369292e-12	4.2753373657122015e-12	7.529233733378603e-12	1.0226632813330616e-11
sub-4	01	05	sub-4/ses-01/run-05/tsv-row-3	3	right_hand	2	19.46	5.0	4865	6115	sub-4/ses-01/eeg/sub-4_ses-01_task-imagery_run-05_eeg.edf	source_reference_query	127.81331778923915	False	2.103563750670862e-12	4.383490714985742e-12	6.915233434045325e-12	1.1918691359943737e-11
sub-4	01	05	sub-4/ses-01/run-05/tsv-row-4	4	rest	1	26.276	5.0	6569	7819	sub-4/ses-01/eeg/sub-4_ses-01_task-imagery_run-05_eeg.edf	source_reference_query	478.2364420911283	False	2.361363970172905e-12	4.4849053877987555e-12	1.1026172594509374e-11	1.0131948431020911e-11
sub-4	01	05	sub-4/ses-01/run-05/tsv-row-5	5	right_hand	2	33.284	5.0	8321	9571	sub-4/ses-01/eeg/sub-4_ses-01_task-imagery_run-05_eeg.edf	source_reference_query	441.5698756981109	False	2.391794188562403e-12	4.610296346282461e-12	9.14644986253117e-12	1.0456656220686626e-11
sub-4	01	05	sub-4/ses-01/run-05/tsv-row-6	6	rest	1	40.292	5.0	10073	11323	sub-4/ses-01/eeg/sub-4_ses-01_task-imagery_run-05_eeg.edf	source_reference_query	115.00298147526476	False	2.3799135365113283e-12	3.3472750587115163e-12	1.1763390520918426e-11	8.047541723557724e-12
sub-4	01	05	sub-4/ses-01/run-05/tsv-row-7	7	rest	1	47.112	5.0	11778	13028	sub-4/ses-01/eeg/sub-4_ses-01_task-imagery_run-05_eeg.edf	source_reference_query	127.57161333048491	False	2.592524779278683e-12	3.0914064937566722e-12	1.2956341512829931e-11	7.576574903395625e-12
sub-4	01	05	sub-4/ses-01/run-05/tsv-row-8	8	right_hand	2	53.928	5.0	13482	14732	sub-4/ses-01/eeg/sub-4_ses-01_task-imagery_run-05_eeg.edf	source_reference_query	131.77727091280863	False	4.705445675800198e-12	4.644376648483095e-12	1.9832676529435886e-11	9.835160040010235e-12
sub-4	01	05	sub-4/ses-01/run-05/tsv-row-9	9	rest	1	60.748	5.0	15187	16437	sub-4/ses-01/eeg/sub-4_ses-01_task-imagery_run-05_eeg.edf	source_reference_query	125.25125052644428	False	3.7878248186075695e-12	4.115436746126259e-12	8.400539250142077e-12	9.345569894341447e-12
sub-4	01	05	sub-4/ses-01/run-05/tsv-row-10	10	right_hand	2	67.752	5.0	16938	18188	sub-4/ses-01/eeg/sub-4_ses-01_task-imagery_run-05_eeg.edf	source_reference_query	137.81988238166448	False	3.3140489342384666e-12	4.583164867884151e-12	1.793663556960111e-11	1.1322296234053042e-11
sub-4	01	05	sub-4/ses-01/run-05/tsv-row-11	11	right_hand	2	74.572	5.0	18643	19893	sub-4/ses-01/eeg/sub-4_ses-01_task-imagery_run-05_eeg.edf	source_reference_query	383.56080559709466	False	3.087380308598071e-12	6.233556658929829e-12	1.3409979579580945e-11	1.3492348235123272e-11
sub-4	01	05	sub-4/ses-01/run-05/tsv-row-12	12	rest	1	81.388	5.0	20347	21597	sub-4/ses-01/eeg/sub-4_ses-01_task-imagery_run-05_eeg.edf	source_reference_query	396.95123261207914	False	5.127778690598608e-12	3.1867681583559507e-12	1.7986040058019527e-11	8.460680831037806e-12
sub-4	01	05	sub-4/ses-01/run-05/tsv-row-13	13	right_hand	2	88.208	5.0	22052	23302	sub-4/ses-01/eeg/sub-4_ses-01_task-imagery_run-05_eeg.edf	source_reference_query	116.86410580767236	False	3.3139807315509857e-12	4.978991509844812e-12	1.782302814526703e-11	1.0712612029368787e-11
sub-4	01	05	sub-4/ses-01/run-05/tsv-row-14	14	rest	1	95.216	5.0	23804	25054	sub-4/ses-01/eeg/sub-4_ses-01_task-imagery_run-05_eeg.edf	source_reference_query	390.81193935972163	False	3.6110333630774623e-12	3.256712076487768e-12	1.9249799451671458e-11	7.728823082756214e-12
sub-4	01	05	sub-4/ses-01/run-05/tsv-row-15	15	right_hand	2	102.224	5.0	25556	26806	sub-4/ses-01/eeg/sub-4_ses-01_task-imagery_run-05_eeg.edf	source_reference_query	120.68303625598925	False	2.6077234700935638e-12	5.966496978079501e-12	8.022143474403064e-12	1.5619962917700093e-11
sub-4	01	05	sub-4/ses-01/run-05/tsv-row-16	16	rest	1	109.04	5.0	27260	28510	sub-4/ses-01/eeg/sub-4_ses-01_task-imagery_run-05_eeg.edf	source_reference_query	417.3269184850611	False	2.318210808954687e-12	2.5733894927650562e-12	1.0238554997640247e-11	6.4869285390845e-12
sub-4	01	05	sub-4/ses-01/run-05/tsv-row-17	17	right_hand	2	115.86	5.0	28965	30215	sub-4/ses-01/eeg/sub-4_ses-01_task-imagery_run-05_eeg.edf	source_reference_query	123.14842173528244	False	2.951848027297134e-12	4.8385525492924795e-12	1.0715628008637413e-11	1.0071091227977228e-11
sub-4	01	05	sub-4/ses-01/run-05/tsv-row-18	18	rest	1	122.676	5.0	30669	31919	sub-4/ses-01/eeg/sub-4_ses-01_task-imagery_run-05_eeg.edf	source_reference_query	378.5575233008819	False	4.0067182952030956e-12	3.6194984209930628e-12	2.1414089474105e-11	7.989895784153343e-12
sub-4	01	05	sub-4/ses-01/run-05/tsv-row-19	19	right_hand	2	129.684	5.0	32421	33671	sub-4/ses-01/eeg/sub-4_ses-01_task-imagery_run-05_eeg.edf	source_reference_query	119.49868440809348	False	2.8550341174145795e-12	3.2470348607420337e-12	1.35734749690615e-11	7.866765211228978e-12
sub-4	01	05	sub-4/ses-01/run-05/tsv-row-20	20	rest	1	136.504	5.0	34126	35376	sub-4/ses-01/eeg/sub-4_ses-01_task-imagery_run-05_eeg.edf	source_reference_query	386.67879311502423	False	3.5095370620421942e-12	4.568933805237794e-12	1.726000519714446e-11	9.950276352923783e-12
sub-4	01	05	sub-4/ses-01/run-05/tsv-row-21	21	right_hand	2	143.32	5.0	35830	37080	sub-4/ses-01/eeg/sub-4_ses-01_task-imagery_run-05_eeg.edf	source_reference_query	120.56218402661214	False	3.0768030641814717e-12	5.090686019164905e-12	1.2503268936005058e-11	1.1568115869369242e-11
sub-4	01	05	sub-4/ses-01/run-05/tsv-row-22	22	rest	1	150.328	5.0	37582	38832	sub-4/ses-01/eeg/sub-4_ses-01_task-imagery_run-05_eeg.edf	source_reference_query	111.764141727958	False	2.356811688641865e-12	4.284769010622085e-12	1.1274442653767594e-11	1.0423102847414725e-11
sub-4	01	05	sub-4/ses-01/run-05/tsv-row-23	23	rest	1	157.336	5.0	39334	40584	sub-4/ses-01/eeg/sub-4_ses-01_task-imagery_run-05_eeg.edf	source_reference_query	399.48912942899864	False	2.8221977784098765e-12	3.451537621401929e-12	1.2596654692572188e-11	8.498527181426046e-12
sub-4	01	05	sub-4/ses-01/run-05/tsv-row-24	24	right_hand	2	164.152	5.0	41038	42288	sub-4/ses-01/eeg/sub-4_ses-01_task-imagery_run-05_eeg.edf	source_reference_query	122.49581969664601	False	2.3087828448692e-12	5.871138828465168e-12	1.3987748529907005e-11	1.1590666291213097e-11
sub-4	01	05	sub-4/ses-01/run-05/tsv-row-25	25	rest	1	170.972	5.0	42743	43993	sub-4/ses-01/eeg/sub-4_ses-01_task-imagery_run-05_eeg.edf	source_reference_query	490.32166502884	False	3.9022573690179914e-12	3.1781181958084706e-12	1.397569173484909e-11	7.499791120854671e-12
sub-4	01	05	sub-4/ses-01/run-05/tsv-row-26	26	right_hand	2	177.98	5.0	44495	45745	sub-4/ses-01/eeg/sub-4_ses-01_task-imagery_run-05_eeg.edf	source_reference_query	196.7232589800714	False	4.659834427807062e-12	3.881035452959913e-12	2.598882513377204e-11	8.892727689975731e-12
sub-4	01	05	sub-4/ses-01/run-05/tsv-row-27	27	rest	1	184.796	5.0	46199	47449	sub-4/ses-01/eeg/sub-4_ses-01_task-imagery_run-05_eeg.edf	source_reference_query	441.2556599017304	False	2.204252422887362e-12	5.629760752665401e-12	9.848618056962637e-12	9.643348704372053e-12
sub-4	01	05	sub-4/ses-01/run-05/tsv-row-28	28	right_hand	2	191.616	5.0	47904	49154	sub-4/ses-01/eeg/sub-4_ses-01_task-imagery_run-05_eeg.edf	source_reference_query	403.16303720206304	False	3.3805468176590378e-12	4.027084013106943e-12	2.1278100003081343e-11	9.808055167644678e-12
sub-4	01	05	sub-4/ses-01/run-05/tsv-row-29	29	right_hand	2	198.432	5.0	49608	50858	sub-4/ses-01/eeg/sub-4_ses-01_task-imagery_run-05_eeg.edf	source_reference_query	121.4564905240028	False	4.313449341524044e-12	4.74647559459304e-12	2.1786247480630133e-11	1.005540933295194e-11
sub-4	01	05	sub-4/ses-01/run-05/tsv-row-30	30	rest	1	205.44	5.0	51360	52610	sub-4/ses-01/eeg/sub-4_ses-01_task-imagery_run-05_eeg.edf	source_reference_query	556.5486867275002	False	3.243426999345526e-12	6.276699350665953e-12	1.058585084497692e-11	1.1042923443331568e-11
sub-4	01	05	sub-4/ses-01/run-05/tsv-row-31	31	right_hand	2	212.256	5.0	53064	54314	sub-4/ses-01/eeg/sub-4_ses-01_task-imagery_run-05_eeg.edf	source_reference_query	604.9862602618488	False	2.2762032973641545e-12	8.373361123576466e-12	9.672077369631352e-12	1.5235918053736318e-11
sub-4	01	05	sub-4/ses-01/run-05/tsv-row-32	32	rest	1	219.076	5.0	54769	56019	sub-4/ses-01/eeg/sub-4_ses-01_task-imagery_run-05_eeg.edf	source_reference_query	429.9197207861568	False	2.356619688902618e-12	9.792215098781977e-12	7.845287259885102e-12	1.6562080243165785e-11
sub-4	01	06	sub-4/ses-01/run-06/tsv-row-1	1	rest	1	19.028	5.0	4757	6007	sub-4/ses-01/eeg/sub-4_ses-01_task-imagery_run-06_eeg.edf	source_reference_query	126.2090251167333	False	2.263993613277356e-12	4.182293248335525e-12	1.0459777410666802e-11	1.0288992762132535e-11
sub-4	01	06	sub-4/ses-01/run-06/tsv-row-2	2	right_hand	2	25.856	5.0	6464	7714	sub-4/ses-01/eeg/sub-4_ses-01_task-imagery_run-06_eeg.edf	source_reference_query	475.5190897854548	False	2.0246680741159113e-12	4.1846349725740495e-12	7.029528378376743e-12	9.470797051115305e-12
sub-4	01	06	sub-4/ses-01/run-06/tsv-row-3	3	rest	1	32.684	5.0	8171	9421	sub-4/ses-01/eeg/sub-4_ses-01_task-imagery_run-06_eeg.edf	source_reference_query	526.9767963347269	False	1.6534652830163969e-12	3.829707642380409e-12	7.75784066512056e-12	1.0860312866859666e-11
sub-4	01	06	sub-4/ses-01/run-06/tsv-row-4	4	right_hand	2	39.716	5.0	9929	11179	sub-4/ses-01/eeg/sub-4_ses-01_task-imagery_run-06_eeg.edf	source_reference_query	540.6941456343271	False	2.041862978474939e-12	5.276400910955348e-12	8.649594003661047e-12	1.1197687635779426e-11
sub-4	01	06	sub-4/ses-01/run-06/tsv-row-5	5	right_hand	2	46.544	5.0	11636	12886	sub-4/ses-01/eeg/sub-4_ses-01_task-imagery_run-06_eeg.edf	source_reference_query	461.70762488174074	False	2.576276699414024e-12	4.836840655940342e-12	1.3755315849103545e-11	1.1540238927969361e-11
sub-4	01	06	sub-4/ses-01/run-06/tsv-row-6	6	rest	1	53.372	5.0	13343	14593	sub-4/ses-01/eeg/sub-4_ses-01_task-imagery_run-06_eeg.edf	source_reference_query	110.89171054719691	False	2.9820475225622575e-12	6.331082484166979e-12	1.1334882604593738e-11	1.525174377915061e-11
sub-4	01	06	sub-4/ses-01/run-06/tsv-row-7	7	right_hand	2	60.4	5.0	15100	16350	sub-4/ses-01/eeg/sub-4_ses-01_task-imagery_run-06_eeg.edf	source_reference_query	405.1912046113468	False	3.271172494305715e-12	7.00298993253519e-12	1.974477003525682e-11	1.5655073153751586e-11
sub-4	01	06	sub-4/ses-01/run-06/tsv-row-8	8	rest	1	67.228	5.0	16807	18057	sub-4/ses-01/eeg/sub-4_ses-01_task-imagery_run-06_eeg.edf	source_reference_query	500.97736069826357	False	2.575916973797308e-12	3.4582661668219987e-12	1.1508560554106105e-11	9.86449067446473e-12
sub-4	01	06	sub-4/ses-01/run-06/tsv-row-9	9	right_hand	2	74.056	5.0	18514	19764	sub-4/ses-01/eeg/sub-4_ses-01_task-imagery_run-06_eeg.edf	source_reference_query	480.03663878292184	False	2.682826881417564e-12	6.011793559335295e-12	1.839713258368233e-11	9.844507668810116e-12
sub-4	01	06	sub-4/ses-01/run-06/tsv-row-10	10	rest	1	81.088	5.0	20272	21522	sub-4/ses-01/eeg/sub-4_ses-01_task-imagery_run-06_eeg.edf	source_reference_query	101.73896804712058	False	3.1313565700412882e-12	4.693336879249935e-12	1.5225685861526453e-11	1.0680011096837986e-11
sub-4	01	06	sub-4/ses-01/run-06/tsv-row-11	11	rest	1	87.916	5.0	21979	23229	sub-4/ses-01/eeg/sub-4_ses-01_task-imagery_run-06_eeg.edf	source_reference_query	406.6970542771691	False	2.9608672082896944e-12	3.7232749023473695e-12	1.4255295773264091e-11	9.78320496666952e-12
sub-4	01	06	sub-4/ses-01/run-06/tsv-row-12	12	right_hand	2	94.744	5.0	23686	24936	sub-4/ses-01/eeg/sub-4_ses-01_task-imagery_run-06_eeg.edf	source_reference_query	413.4733777733696	False	4.075666086248472e-12	4.960505875301921e-12	1.7509486514252587e-11	9.431641272267606e-12
sub-4	01	06	sub-4/ses-01/run-06/tsv-row-13	13	rest	1	101.772	5.0	25443	26693	sub-4/ses-01/eeg/sub-4_ses-01_task-imagery_run-06_eeg.edf	source_reference_query	470.2250870540483	False	3.174001887870451e-12	4.011659388259646e-12	1.5951855071673476e-11	9.210839958280443e-12
sub-4	01	06	sub-4/ses-01/run-06/tsv-row-14	14	right_hand	2	108.6	5.0	27150	28400	sub-4/ses-01/eeg/sub-4_ses-01_task-imagery_run-06_eeg.edf	source_reference_query	439.30811110263375	False	2.25962548666149e-12	5.566516999402814e-12	7.543287040176535e-12	1.2156741044653614e-11
sub-4	01	06	sub-4/ses-01/run-06/tsv-row-15	15	right_hand	2	115.428	5.0	28857	30107	sub-4/ses-01/eeg/sub-4_ses-01_task-imagery_run-06_eeg.edf	source_reference_query	126.96194994964448	False	1.954154170312939e-12	6.429094989692765e-12	1.320155195054244e-11	1.2519368127772694e-11
sub-4	01	06	sub-4/ses-01/run-06/tsv-row-16	16	rest	1	122.46	5.0	30615	31865	sub-4/ses-01/eeg/sub-4_ses-01_task-imagery_run-06_eeg.edf	source_reference_query	211.73658035523545	False	1.9641343932718225e-12	8.882269794609126e-12	1.15222718817641e-11	1.3637860241243573e-11
sub-4	01	06	sub-4/ses-01/run-06/tsv-row-17	17	right_hand	2	129.288	5.0	32322	33572	sub-4/ses-01/eeg/sub-4_ses-01_task-imagery_run-06_eeg.edf	source_reference_query	121.80912062440869	False	2.0916234348559886e-12	5.415720124038276e-12	6.922276957898384e-12	1.2172335909820997e-11
sub-4	01	06	sub-4/ses-01/run-06/tsv-row-18	18	rest	1	136.116	5.0	34029	35279	sub-4/ses-01/eeg/sub-4_ses-01_task-imagery_run-06_eeg.edf	source_reference_query	470.7191939756462	False	2.646961193791445e-12	5.524186815888286e-12	1.273227374000786e-11	1.2124551959547328e-11
sub-4	01	06	sub-4/ses-01/run-06/tsv-row-19	19	rest	1	142.944	5.0	35736	36986	sub-4/ses-01/eeg/sub-4_ses-01_task-imagery_run-06_eeg.edf	source_reference_query	127.05606555375834	False	4.379101619385074e-12	4.316135140441209e-12	3.1455359035232805e-11	1.1236194347632267e-11
sub-4	01	06	sub-4/ses-01/run-06/tsv-row-20	20	right_hand	2	149.772	5.0	37443	38693	sub-4/ses-01/eeg/sub-4_ses-01_task-imagery_run-06_eeg.edf	source_reference_query	454.64895457319864	False	3.835673886336402e-12	6.782611180339032e-12	1.3482765151398735e-11	1.4387890435919632e-11
sub-4	01	06	sub-4/ses-01/run-06/tsv-row-21	21	rest	1	156.8	5.0	39200	40450	sub-4/ses-01/eeg/sub-4_ses-01_task-imagery_run-06_eeg.edf	source_reference_query	586.12845352031	False	2.151103338368517e-12	1.3266940681799519e-11	1.0105628495212737e-11	2.0857554859537068e-11
sub-4	01	06	sub-4/ses-01/run-06/tsv-row-22	22	right_hand	2	163.628	5.0	40907	42157	sub-4/ses-01/eeg/sub-4_ses-01_task-imagery_run-06_eeg.edf	source_reference_query	463.213474547563	False	2.5664764863101635e-12	4.554445206788475e-12	1.0861697164443208e-11	1.0688317540935849e-11
sub-4	01	06	sub-4/ses-01/run-06/tsv-row-23	23	rest	1	170.456	5.0	42614	43864	sub-4/ses-01/eeg/sub-4_ses-01_task-imagery_run-06_eeg.edf	source_reference_query	491.612858088931	False	3.405246271770361e-12	6.8886707558902804e-12	1.4768357227011078e-11	1.3140335235277966e-11
sub-4	01	06	sub-4/ses-01/run-06/tsv-row-24	24	right_hand	2	177.284	5.0	44321	45571	sub-4/ses-01/eeg/sub-4_ses-01_task-imagery_run-06_eeg.edf	source_reference_query	579.1168410138248	False	3.01943216300796e-12	4.874709942398975e-12	1.4401213077770795e-11	9.598594024469165e-12
sub-4	01	06	sub-4/ses-01/run-06/tsv-row-25	25	rest	1	184.316	5.0	46079	47329	sub-4/ses-01/eeg/sub-4_ses-01_task-imagery_run-06_eeg.edf	source_reference_query	447.8255732749412	False	3.1471468509550808e-12	5.959674977616611e-12	1.371239702941454e-11	1.0417334302368333e-11
sub-4	01	06	sub-4/ses-01/run-06/tsv-row-26	26	right_hand	2	191.144	5.0	47786	49036	sub-4/ses-01/eeg/sub-4_ses-01_task-imagery_run-06_eeg.edf	source_reference_query	475.98966780602433	False	3.1045626237586985e-12	6.126544742055292e-12	1.6990444789885816e-11	1.4673689913147548e-11
sub-4	01	06	sub-4/ses-01/run-06/tsv-row-27	27	right_hand	2	197.972	5.0	49493	50743	sub-4/ses-01/eeg/sub-4_ses-01_task-imagery_run-06_eeg.edf	source_reference_query	404.1324040650655	False	2.0925012268406838e-12	5.5629298597585e-12	9.964467115728434e-12	1.3069474993964404e-11
sub-4	01	06	sub-4/ses-01/run-06/tsv-row-28	28	rest	1	205.0	5.0	51250	52500	sub-4/ses-01/eeg/sub-4_ses-01_task-imagery_run-06_eeg.edf	source_reference_query	433.82587716299935	False	2.7897539057555075e-12	6.9517680045828226e-12	1.3581478945830804e-11	1.3752736012854943e-11
sub-4	01	06	sub-4/ses-01/run-06/tsv-row-29	29	rest	1	212.028	5.0	53007	54257	sub-4/ses-01/eeg/sub-4_ses-01_task-imagery_run-06_eeg.edf	source_reference_query	420.60263478499706	False	3.017099014807874e-12	3.757643313186777e-12	1.9701517456969332e-11	8.685277912871716e-12
sub-4	01	06	sub-4/ses-01/run-06/tsv-row-30	30	right_hand	2	218.656	5.0	54664	55914	sub-4/ses-01/eeg/sub-4_ses-01_task-imagery_run-06_eeg.edf	source_reference_query	399.4736816614277	False	2.001191474143541e-12	7.571171242710581e-12	8.92023272635557e-12	1.4615525183693526e-11
sub-4	01	06	sub-4/ses-01/run-06/tsv-row-31	31	right_hand	2	225.484	5.0	56371	57621	sub-4/ses-01/eeg/sub-4_ses-01_task-imagery_run-06_eeg.edf	source_reference_query	492.1304939115574	False	2.4022987259168478e-12	7.075719328048532e-12	1.014423697792783e-11	1.4468677794830416e-11
sub-4	01	06	sub-4/ses-01/run-06/tsv-row-32	32	rest	1	232.516	5.0	58129	59379	sub-4/ses-01/eeg/sub-4_ses-01_task-imagery_run-06_eeg.edf	source_reference_query	384.1563670918912	False	2.1232825499087558e-12	4.478070262459394e-12	8.224446937024646e-12	1.099030991628005e-11
sub-4	02	01	sub-4/ses-02/run-01/tsv-row-1	1	rest	1	6.912	5.0	1728	2978	sub-4/ses-02/eeg/sub-4_ses-02_task-imagery_run-01_eeg.edf	validation_no_selection	120.4448981597339	False	2.6427530409793038e-12	4.10556362869413e-12	8.568639057279112e-12	1.1151767364180988e-11
sub-4	02	01	sub-4/ses-02/run-01/tsv-row-2	2	right_hand	2	13.812	5.0	3453	4703	sub-4/ses-02/eeg/sub-4_ses-02_task-imagery_run-01_eeg.edf	validation_no_selection	116.80921774956514	False	1.7060070082206568e-12	3.9025209653545865e-12	7.388257861410464e-12	1.0233346997199573e-11
sub-4	02	01	sub-4/ses-02/run-01/tsv-row-3	3	rest	1	20.708	5.0	5177	6427	sub-4/ses-02/eeg/sub-4_ses-02_task-imagery_run-01_eeg.edf	validation_no_selection	466.27601260414434	False	2.45416369130782e-12	2.549671157989577e-12	9.556130996033455e-12	7.793971451652408e-12
sub-4	02	01	sub-4/ses-02/run-01/tsv-row-4	4	right_hand	2	27.568	5.0	6892	8142	sub-4/ses-02/eeg/sub-4_ses-02_task-imagery_run-01_eeg.edf	validation_no_selection	127.56044410534986	False	1.6600769093160218e-12	3.0980159480345993e-12	6.4629214381277595e-12	8.262810716605718e-12
sub-4	02	01	sub-4/ses-02/run-01/tsv-row-5	5	right_hand	2	34.472	5.0	8618	9868	sub-4/ses-02/eeg/sub-4_ses-02_task-imagery_run-01_eeg.edf	validation_no_selection	413.4547700735496	False	1.9430341589307694e-12	3.1594254365996282e-12	8.542603749413449e-12	9.554245037610704e-12
sub-4	02	01	sub-4/ses-02/run-01/tsv-row-6	6	rest	1	41.368	5.0	10342	11592	sub-4/ses-02/eeg/sub-4_ses-02_task-imagery_run-01_eeg.edf	validation_no_selection	463.0039002349925	False	3.2511474625471494e-12	3.0724910941904704e-12	1.3932028728023616e-11	9.14117073698958e-12
sub-4	02	01	sub-4/ses-02/run-01/tsv-row-7	7	right_hand	2	48.244	5.0	12061	13311	sub-4/ses-02/eeg/sub-4_ses-02_task-imagery_run-01_eeg.edf	validation_no_selection	121.89917032380139	False	2.1765002278555834e-12	5.127317738845928e-12	9.476963781148355e-12	1.2487966992252196e-11
sub-4	02	01	sub-4/ses-02/run-01/tsv-row-8	8	rest	1	55.14	5.0	13785	15035	sub-4/ses-02/eeg/sub-4_ses-02_task-imagery_run-01_eeg.edf	validation_no_selection	99.17616776024659	False	1.857589758169227e-12	2.2081715751067935e-12	8.664174739187793e-12	6.300536149437434e-12
sub-4	02	01	sub-4/ses-02/run-01/tsv-row-9	9	right_hand	2	62.02	5.0	15505	16755	sub-4/ses-02/eeg/sub-4_ses-02_task-imagery_run-01_eeg.edf	validation_no_selection	433.0355059968871	False	1.787681015683766e-12	5.4289889893888396e-12	7.20964087099129e-12	1.340108152759035e-11
sub-4	02	01	sub-4/ses-02/run-01/tsv-row-10	10	rest	1	68.916	5.0	17229	18479	sub-4/ses-02/eeg/sub-4_ses-02_task-imagery_run-01_eeg.edf	validation_no_selection	520.3437741325114	False	2.018287974604538e-12	3.68292074856474e-12	7.668518385376001e-12	9.965350629454057e-12
sub-4	02	01	sub-4/ses-02/run-01/tsv-row-11	11	right_hand	2	75.808	5.0	18952	20202	sub-4/ses-02/eeg/sub-4_ses-02_task-imagery_run-01_eeg.edf	validation_no_selection	343.13032328257094	False	3.0138388455424567e-12	3.730620963603816e-12	1.165937069718781e-11	8.589786532164284e-12
sub-4	02	01	sub-4/ses-02/run-01/tsv-row-12	12	rest	1	82.688	5.0	20672	21922	sub-4/ses-02/eeg/sub-4_ses-02_task-imagery_run-01_eeg.edf	validation_no_selection	409.45552162236396	False	4.453166447398042e-12	2.309665390344668e-12	2.2752715123452292e-11	7.1164237489808705e-12
sub-4	02	01	sub-4/ses-02/run-01/tsv-row-13	13	rest	1	89.592	5.0	22398	23648	sub-4/ses-02/eeg/sub-4_ses-02_task-imagery_run-01_eeg.edf	validation_no_selection	381.30496758934294	False	2.5498219682478665e-12	2.8278046551500075e-12	9.099163642706328e-12	7.1573754351108885e-12
sub-4	02	01	sub-4/ses-02/run-01/tsv-row-14	14	right_hand	2	96.452	5.0	24113	25363	sub-4/ses-02/eeg/sub-4_ses-02_task-imagery_run-01_eeg.edf	validation_no_selection	392.36782369457075	False	3.205601360026272e-12	3.838040898024307e-12	1.289623495066864e-11	9.967576956737712e-12
sub-4	02	01	sub-4/ses-02/run-01/tsv-row-15	15	right_hand	2	103.356	5.0	25839	27089	sub-4/ses-02/eeg/sub-4_ses-02_task-imagery_run-01_eeg.edf	validation_no_selection	467.9120687887204	False	1.7687798407475494e-12	4.745943514841572e-12	1.1297321928783229e-11	1.0492605841804439e-11
sub-4	02	01	sub-4/ses-02/run-01/tsv-row-16	16	rest	1	110.236	5.0	27559	28809	sub-4/ses-02/eeg/sub-4_ses-02_task-imagery_run-01_eeg.edf	validation_no_selection	402.7554820093387	False	2.138518655183184e-12	6.810569934879727e-12	9.408756040269528e-12	1.2082753925844278e-11
sub-4	02	01	sub-4/ses-02/run-01/tsv-row-17	17	rest	1	117.124	5.0	29281	30531	sub-4/ses-02/eeg/sub-4_ses-02_task-imagery_run-01_eeg.edf	validation_no_selection	453.86276091799675	False	2.5088786264743546e-12	3.6651235824041305e-12	8.179727729916049e-12	7.523210528802975e-12
sub-4	02	01	sub-4/ses-02/run-01/tsv-row-18	18	right_hand	2	124.016	5.0	31004	32254	sub-4/ses-02/eeg/sub-4_ses-02_task-imagery_run-01_eeg.edf	validation_no_selection	112.93981502731408	False	2.6563247354744597e-12	5.397807267920853e-12	1.3667900345629662e-11	1.0997234127939515e-11
sub-4	02	01	sub-4/ses-02/run-01/tsv-row-19	19	rest	1	130.912	5.0	32728	33978	sub-4/ses-02/eeg/sub-4_ses-02_task-imagery_run-01_eeg.edf	validation_no_selection	415.8179623401592	False	2.901861887803128e-12	2.3357511664409957e-12	1.2171047578916097e-11	5.958929908496108e-12
sub-4	02	01	sub-4/ses-02/run-01/tsv-row-20	20	right_hand	2	137.776	5.0	34444	35694	sub-4/ses-02/eeg/sub-4_ses-02_task-imagery_run-01_eeg.edf	validation_no_selection	159.3726476943266	False	2.425072892045459e-12	5.704470622431483e-12	9.301125179439813e-12	1.165044799768168e-11
sub-4	02	01	sub-4/ses-02/run-01/tsv-row-21	21	rest	1	144.688	5.0	36172	37422	sub-4/ses-02/eeg/sub-4_ses-02_task-imagery_run-01_eeg.edf	validation_no_selection	460.8484611346782	False	2.7923224892672647e-12	5.9887227721652354e-12	1.29801243995772e-11	1.2045549697226067e-11
sub-4	02	01	sub-4/ses-02/run-01/tsv-row-22	22	right_hand	2	151.564	5.0	37891	39141	sub-4/ses-02/eeg/sub-4_ses-02_task-imagery_run-01_eeg.edf	validation_no_selection	433.7886112247078	False	2.3835839227545743e-12	5.3879112164754156e-12	8.517984068565892e-12	1.0550266484325663e-11
sub-4	02	01	sub-4/ses-02/run-01/tsv-row-23	23	right_hand	2	158.452	5.0	39613	40863	sub-4/ses-02/eeg/sub-4_ses-02_task-imagery_run-01_eeg.edf	validation_no_selection	390.1604463026826	False	1.6490404569670968e-12	4.7973169941884345e-12	7.048007547298433e-12	1.086228571816652e-11
sub-4	02	01	sub-4/ses-02/run-01/tsv-row-24	24	rest	1	165.348	5.0	41337	42587	sub-4/ses-02/eeg/sub-4_ses-02_task-imagery_run-01_eeg.edf	validation_no_selection	426.8288801538132	False	2.5877809969309506e-12	2.629612597865568e-12	1.0571348191008931e-11	6.7392349572367255e-12
sub-4	02	01	sub-4/ses-02/run-01/tsv-row-25	25	rest	1	172.232	5.0	43058	44308	sub-4/ses-02/eeg/sub-4_ses-02_task-imagery_run-01_eeg.edf	validation_no_selection	1137.3447088839382	False	2.376667511919542e-12	4.29261267324711e-12	1.1027567512186283e-11	1.0619593642175014e-11
sub-4	02	01	sub-4/ses-02/run-01/tsv-row-26	26	right_hand	2	179.112	5.0	44778	46028	sub-4/ses-02/eeg/sub-4_ses-02_task-imagery_run-01_eeg.edf	validation_no_selection	414.20787530137034	False	2.2313555905088176e-12	4.843456466851889e-12	8.547933943267301e-12	9.66639935310297e-12
sub-4	02	01	sub-4/ses-02/run-01/tsv-row-27	27	right_hand	2	186.016	5.0	46504	47754	sub-4/ses-02/eeg/sub-4_ses-02_task-imagery_run-01_eeg.edf	validation_no_selection	524.9403129367962	False	1.9120738657837024e-12	4.3243518472073115e-12	7.035357010491747e-12	9.021656690155678e-12
sub-4	02	01	sub-4/ses-02/run-01/tsv-row-28	28	rest	1	192.892	5.0	48223	49473	sub-4/ses-02/eeg/sub-4_ses-02_task-imagery_run-01_eeg.edf	validation_no_selection	437.5801065095981	False	2.4378401680253824e-12	3.9496102505625025e-12	1.3835418662765921e-11	8.926423930580331e-12
sub-4	02	01	sub-4/ses-02/run-01/tsv-row-29	29	right_hand	2	199.772	5.0	49943	51193	sub-4/ses-02/eeg/sub-4_ses-02_task-imagery_run-01_eeg.edf	validation_no_selection	523.5899173558762	False	1.7570889428768405e-12	9.194142292067442e-12	7.706914052356238e-12	1.8134108278692157e-11
sub-4	02	01	sub-4/ses-02/run-01/tsv-row-30	30	rest	1	206.684	5.0	51671	52921	sub-4/ses-02/eeg/sub-4_ses-02_task-imagery_run-01_eeg.edf	validation_no_selection	458.2255774101992	False	2.9840589431477504e-12	3.812805942168071e-12	9.521842631626527e-12	7.929321178706383e-12
sub-4	02	01	sub-4/ses-02/run-01/tsv-row-31	31	right_hand	2	213.564	5.0	53391	54641	sub-4/ses-02/eeg/sub-4_ses-02_task-imagery_run-01_eeg.edf	validation_no_selection	495.95874623859373	False	2.880623135248429e-12	3.5727186152480186e-12	1.0775150626810485e-11	8.87440759111253e-12
sub-4	02	01	sub-4/ses-02/run-01/tsv-row-32	32	rest	1	220.44	5.0	55110	56360	sub-4/ses-02/eeg/sub-4_ses-02_task-imagery_run-01_eeg.edf	validation_no_selection	433.2692283089694	False	2.602357466142275e-12	3.5554546010275118e-12	1.4047744879422156e-11	8.202432358526478e-12
sub-4	02	02	sub-4/ses-02/run-02/tsv-row-1	1	rest	1	11.236	5.0	2809	4059	sub-4/ses-02/eeg/sub-4_ses-02_task-imagery_run-02_eeg.edf	validation_no_selection	476.1679900509658	False	1.398447184525325e-12	4.0306095349452265e-12	5.0517216293800715e-12	8.734654738433986e-12
sub-4	02	02	sub-4/ses-02/run-02/tsv-row-2	2	right_hand	2	18.12	5.0	4530	5780	sub-4/ses-02/eeg/sub-4_ses-02_task-imagery_run-02_eeg.edf	validation_no_selection	111.26096792504651	False	1.328201278253108e-12	6.670150603808977e-12	7.733804025075117e-12	1.3001936695617257e-11
sub-4	02	02	sub-4/ses-02/run-02/tsv-row-3	3	rest	1	25.0	5.0	6250	7500	sub-4/ses-02/eeg/sub-4_ses-02_task-imagery_run-02_eeg.edf	validation_no_selection	159.39477886288032	False	2.751840664774126e-12	3.644575348861717e-12	7.896058280085369e-12	9.86679802322444e-12
sub-4	02	02	sub-4/ses-02/run-02/tsv-row-4	4	right_hand	2	31.892	5.0	7973	9223	sub-4/ses-02/eeg/sub-4_ses-02_task-imagery_run-02_eeg.edf	validation_no_selection	120.980792260506	False	2.485204439391893e-12	5.196685951718842e-12	1.0640466012963062e-11	1.1704627299631261e-11
sub-4	02	02	sub-4/ses-02/run-02/tsv-row-5	5	right_hand	2	38.78	5.0	9695	10945	sub-4/ses-02/eeg/sub-4_ses-02_task-imagery_run-02_eeg.edf	validation_no_selection	97.97376125370039	False	1.8291978449949392e-12	3.891542570231429e-12	9.703538792285459e-12	9.060148653642127e-12
sub-4	02	02	sub-4/ses-02/run-02/tsv-row-6	6	rest	1	45.676	5.0	11419	12669	sub-4/ses-02/eeg/sub-4_ses-02_task-imagery_run-02_eeg.edf	validation_no_selection	449.9813356578264	False	2.1724921899507098e-12	3.3482176116012003e-12	7.452312054179221e-12	7.99777850616272e-12
sub-4	02	02	sub-4/ses-02/run-02/tsv-row-7	7	right_hand	2	52.552	5.0	13138	14388	sub-4/ses-02/eeg/sub-4_ses-02_task-imagery_run-02_eeg.edf	validation_no_selection	118.65423856318853	False	2.3882480530812927e-12	4.31311253468205e-12	1.25163614031743e-11	1.0345923837389956e-11
sub-4	02	02	sub-4/ses-02/run-02/tsv-row-8	8	rest	1	59.448	5.0	14862	16112	sub-4/ses-02/eeg/sub-4_ses-02_task-imagery_run-02_eeg.edf	validation_no_selection	415.8068469038971	False	1.9494383969849046e-12	3.236756446951318e-12	7.053205270135418e-12	6.5338555076932595e-12
sub-4	02	02	sub-4/ses-02/run-02/tsv-row-9	9	right_hand	2	66.328	5.0	16582	17832	sub-4/ses-02/eeg/sub-4_ses-02_task-imagery_run-02_eeg.edf	validation_no_selection	602.7583617816705	False	1.7755215233144763e-12	3.957302955543882e-12	9.091987121219641e-12	8.551131411462275e-12
sub-4	02	02	sub-4/ses-02/run-02/tsv-row-10	10	rest	1	73.24	5.0	18310	19560	sub-4/ses-02/eeg/sub-4_ses-02_task-imagery_run-02_eeg.edf	validation_no_selection	108.49495408490247	False	2.2210300489009095e-12	3.1427841694778578e-12	1.1049025059345042e-11	7.925453132932938e-12
sub-4	02	02	sub-4/ses-02/run-02/tsv-row-11	11	right_hand	2	80.1	5.0	20025	21275	sub-4/ses-02/eeg/sub-4_ses-02_task-imagery_run-02_eeg.edf	validation_no_selection	509.5152597125155	False	2.2067793157369944e-12	3.963485325025973e-12	8.572646083045242e-12	1.0296120006590704e-11
sub-4	02	02	sub-4/ses-02/run-02/tsv-row-12	12	rest	1	86.996	5.0	21749	22999	sub-4/ses-02/eeg/sub-4_ses-02_task-imagery_run-02_eeg.edf	validation_no_selection	385.6650512253181	False	3.1104938476939806e-12	4.572566296314522e-12	9.719591035595783e-12	1.055512131330194e-11
sub-4	02	02	sub-4/ses-02/run-02/tsv-row-13	13	rest	1	93.9	5.0	23475	24725	sub-4/ses-02/eeg/sub-4_ses-02_task-imagery_run-02_eeg.edf	validation_no_selection	337.09178014465766	False	1.930722016503849e-12	5.905524378944858e-12	8.338227279807041e-12	1.3488929180156368e-11
sub-4	02	02	sub-4/ses-02/run-02/tsv-row-14	14	right_hand	2	100.78	5.0	25195	26445	sub-4/ses-02/eeg/sub-4_ses-02_task-imagery_run-02_eeg.edf	validation_no_selection	455.5133633381145	False	2.172639072771768e-12	4.724089924994689e-12	7.940795521103256e-12	9.462907668500336e-12
sub-4	02	02	sub-4/ses-02/run-02/tsv-row-15	15	rest	1	107.656	5.0	26914	28164	sub-4/ses-02/eeg/sub-4_ses-02_task-imagery_run-02_eeg.edf	validation_no_selection	481.7000177312539	False	2.3990441423081297e-12	3.1728696888913406e-12	1.0516300027227039e-11	6.9293484934170625e-12
sub-4	02	02	sub-4/ses-02/run-02/tsv-row-16	16	right_hand	2	114.552	5.0	28638	29888	sub-4/ses-02/eeg/sub-4_ses-02_task-imagery_run-02_eeg.edf	validation_no_selection	345.51907464827417	False	2.2529534688136196e-12	8.04543929561954e-12	1.08395698375615e-11	1.7229868997538517e-11
sub-4	02	02	sub-4/ses-02/run-02/tsv-row-17	17	rest	1	121.448	5.0	30362	31612	sub-4/ses-02/eeg/sub-4_ses-02_task-imagery_run-02_eeg.edf	validation_no_selection	512.1003193762015	False	2.147245888942079e-12	6.2024817303832646e-12	6.518197352080254e-12	1.2022490113760001e-11
sub-4	02	02	sub-4/ses-02/run-02/tsv-row-18	18	right_hand	2	128.324	5.0	32081	33331	sub-4/ses-02/eeg/sub-4_ses-02_task-imagery_run-02_eeg.edf	validation_no_selection	123.77265669728685	False	3.25629141377794e-12	6.032783602871365e-12	1.8764784044868054e-11	1.4754584410849638e-11
sub-4	02	02	sub-4/ses-02/run-02/tsv-row-19	19	right_hand	2	135.212	5.0	33803	35053	sub-4/ses-02/eeg/sub-4_ses-02_task-imagery_run-02_eeg.edf	validation_no_selection	529.4460697195349	False	2.518833224229441e-12	6.1765483932321555e-12	1.4188075460816742e-11	1.2674537416127463e-11
sub-4	02	02	sub-4/ses-02/run-02/tsv-row-20	20	rest	1	142.108	5.0	35527	36777	sub-4/ses-02/eeg/sub-4_ses-02_task-imagery_run-02_eeg.edf	validation_no_selection	444.8370669270911	False	3.850423505774712e-12	5.671401807634354e-12	1.769786022382245e-11	1.4034617725201895e-11
sub-4	02	02	sub-4/ses-02/run-02/tsv-row-21	21	rest	1	148.996	5.0	37249	38499	sub-4/ses-02/eeg/sub-4_ses-02_task-imagery_run-02_eeg.edf	validation_no_selection	458.6929867244483	False	3.2256845332742366e-12	7.349575571933401e-12	1.7872586265200624e-11	1.3784477237123046e-11
sub-4	02	02	sub-4/ses-02/run-02/tsv-row-22	22	right_hand	2	155.872	5.0	38968	40218	sub-4/ses-02/eeg/sub-4_ses-02_task-imagery_run-02_eeg.edf	validation_no_selection	374.4200416882839	False	2.1236950330523455e-12	7.425263474185184e-12	1.0849780064568188e-11	1.3943238805209869e-11
sub-4	02	02	sub-4/ses-02/run-02/tsv-row-23	23	right_hand	2	162.76	5.0	40690	41940	sub-4/ses-02/eeg/sub-4_ses-02_task-imagery_run-02_eeg.edf	validation_no_selection	470.8427671437726	False	2.3059533572582976e-12	8.889498557344521e-12	1.2683870413960846e-11	1.6603871752015125e-11
sub-4	02	02	sub-4/ses-02/run-02/tsv-row-24	24	rest	1	169.656	5.0	42414	43664	sub-4/ses-02/eeg/sub-4_ses-02_task-imagery_run-02_eeg.edf	validation_no_selection	142.66944283883174	False	2.7742934219920234e-12	6.13957276553308e-12	1.3878150555146854e-11	1.2794919203056471e-11
sub-4	02	02	sub-4/ses-02/run-02/tsv-row-25	25	rest	1	176.54	5.0	44135	45385	sub-4/ses-02/eeg/sub-4_ses-02_task-imagery_run-02_eeg.edf	validation_no_selection	437.10773853267	False	2.4074019774431853e-12	5.330325985998996e-12	8.400050249851303e-12	1.1456446875725977e-11
sub-4	02	02	sub-4/ses-02/run-02/tsv-row-26	26	right_hand	2	183.436	5.0	45859	47109	sub-4/ses-02/eeg/sub-4_ses-02_task-imagery_run-02_eeg.edf	validation_no_selection	661.2065607776116	False	1.9151871326165155e-12	5.8340921576061296e-12	1.2699384227471476e-11	1.234546365862127e-11
sub-4	02	02	sub-4/ses-02/run-02/tsv-row-27	27	rest	1	190.316	5.0	47579	48829	sub-4/ses-02/eeg/sub-4_ses-02_task-imagery_run-02_eeg.edf	validation_no_selection	421.8817371135594	False	3.668849981790004e-12	8.141487128019581e-12	2.1962542371837756e-11	1.6021279912622003e-11
sub-4	02	02	sub-4/ses-02/run-02/tsv-row-28	28	right_hand	2	197.192	5.0	49298	50548	sub-4/ses-02/eeg/sub-4_ses-02_task-imagery_run-02_eeg.edf	validation_no_selection	446.1037461622973	False	2.6146608658866743e-12	7.428989082316961e-12	1.0692013099341055e-11	1.513720816510971e-11
sub-4	02	02	sub-4/ses-02/run-02/tsv-row-29	29	right_hand	2	204.096	5.0	51024	52274	sub-4/ses-02/eeg/sub-4_ses-02_task-imagery_run-02_eeg.edf	validation_no_selection	465.51754423657945	False	2.3967227486560535e-12	8.425188366760287e-12	1.2373583153111458e-11	1.6703011479344086e-11
sub-4	02	02	sub-4/ses-02/run-02/tsv-row-30	30	rest	1	210.992	5.0	52748	53998	sub-4/ses-02/eeg/sub-4_ses-02_task-imagery_run-02_eeg.edf	validation_no_selection	480.51089028595834	False	2.8907638329196835e-12	5.180430058373171e-12	1.0540668206626931e-11	1.2410414184406528e-11
sub-4	02	02	sub-4/ses-02/run-02/tsv-row-31	31	rest	1	217.86	5.0	54465	55715	sub-4/ses-02/eeg/sub-4_ses-02_task-imagery_run-02_eeg.edf	validation_no_selection	450.9636583300271	False	2.1773224037533555e-12	4.08450213881473e-12	1.0978685690755558e-11	1.0080535195451333e-11
sub-4	02	02	sub-4/ses-02/run-02/tsv-row-32	32	right_hand	2	224.756	5.0	56189	57439	sub-4/ses-02/eeg/sub-4_ses-02_task-imagery_run-02_eeg.edf	validation_no_selection	475.3149203619495	False	2.1590251767537966e-12	7.89396991728692e-12	1.2673377686783043e-11	1.5947736092718987e-11
sub-4	02	03	sub-4/ses-02/run-03/tsv-row-1	1	rest	1	9.376	5.0	2344	3594	sub-4/ses-02/eeg/sub-4_ses-02_task-imagery_run-03_eeg.edf	validation_no_selection	417.3959407757805	False	2.6691893801013318e-12	4.321091529473934e-12	1.0683539120207032e-11	1.1862128508424895e-11
sub-4	02	03	sub-4/ses-02/run-03/tsv-row-2	2	right_hand	2	16.26	5.0	4065	5315	sub-4/ses-02/eeg/sub-4_ses-02_task-imagery_run-03_eeg.edf	validation_no_selection	142.5544065248573	False	2.4194205953496315e-12	6.6337755941672845e-12	1.6752043522711747e-11	1.4003855268120961e-11
sub-4	02	03	sub-4/ses-02/run-03/tsv-row-3	3	rest	1	23.172	5.0	5793	7043	sub-4/ses-02/eeg/sub-4_ses-02_task-imagery_run-03_eeg.edf	validation_no_selection	126.36791361430707	False	1.9735150618183578e-12	4.687975079727889e-12	7.0690292914649435e-12	9.120962508160927e-12
sub-4	02	03	sub-4/ses-02/run-03/tsv-row-4	4	right_hand	2	30.052	5.0	7513	8763	sub-4/ses-02/eeg/sub-4_ses-02_task-imagery_run-03_eeg.edf	validation_no_selection	427.3343743461409	False	1.6215507601956823e-12	5.247389059219062e-12	7.45523737219902e-12	1.3903356340805358e-11
sub-4	02	03	sub-4/ses-02/run-03/tsv-row-5	5	rest	1	36.932	5.0	9233	10483	sub-4/ses-02/eeg/sub-4_ses-02_task-imagery_run-03_eeg.edf	validation_no_selection	405.68539680776394	False	3.1991720800429377e-12	4.124934125882878e-12	1.331257835977831e-11	8.953233790836237e-12
sub-4	02	03	sub-4/ses-02/run-03/tsv-row-6	6	right_hand	2	43.824	5.0	10956	12206	sub-4/ses-02/eeg/sub-4_ses-02_task-imagery_run-03_eeg.edf	validation_no_selection	126.49579786980803	False	2.9113363757933324e-12	5.862621845800152e-12	1.890106831411473e-11	1.3598977285754001e-11
sub-4	02	03	sub-4/ses-02/run-03/tsv-row-7	7	rest	1	50.72	5.0	12680	13930	sub-4/ses-02/eeg/sub-4_ses-02_task-imagery_run-03_eeg.edf	validation_no_selection	455.3958338389233	False	2.1658254249061134e-12	4.360650042784464e-12	1.0444593639061978e-11	1.0556441514303112e-11
sub-4	02	03	sub-4/ses-02/run-03/tsv-row-8	8	right_hand	2	57.6	5.0	14400	15650	sub-4/ses-02/eeg/sub-4_ses-02_task-imagery_run-03_eeg.edf	validation_no_selection	132.21405100863674	False	1.962081652144726e-12	4.062771955378778e-12	9.904119701097298e-12	8.602638054319934e-12
sub-4	02	03	sub-4/ses-02/run-03/tsv-row-9	9	right_hand	2	64.484	5.0	16121	17371	sub-4/ses-02/eeg/sub-4_ses-02_task-imagery_run-03_eeg.edf	validation_no_selection	407.8411599719229	False	1.916258434929416e-12	4.90004497606732e-12	1.426739690096133e-11	1.1302753059507317e-11
sub-4	02	03	sub-4/ses-02/run-03/tsv-row-10	10	rest	1	71.38	5.0	17845	19095	sub-4/ses-02/eeg/sub-4_ses-02_task-imagery_run-03_eeg.edf	validation_no_selection	533.7888824610127	False	5.4592625207832955e-12	5.133569720729726e-12	2.2125709374012234e-11	1.1071384559187476e-11
sub-4	02	03	sub-4/ses-02/run-03/tsv-row-11	11	rest	1	78.268	5.0	19567	20817	sub-4/ses-02/eeg/sub-4_ses-02_task-imagery_run-03_eeg.edf	validation_no_selection	122.82369281899473	False	4.312659295824181e-12	4.037870971372845e-12	2.3906500098910158e-11	1.0841879781570427e-11
sub-4	02	03	sub-4/ses-02/run-03/tsv-row-12	12	right_hand	2	85.144	5.0	21286	22536	sub-4/ses-02/eeg/sub-4_ses-02_task-imagery_run-03_eeg.edf	validation_no_selection	123.09773050935392	False	5.79327458565411e-12	5.5354818218305795e-12	3.163673260628288e-11	1.5148564592403095e-11
sub-4	02	03	sub-4/ses-02/run-03/tsv-row-13	13	rest	1	92.04	5.0	23010	24260	sub-4/ses-02/eeg/sub-4_ses-02_task-imagery_run-03_eeg.edf	validation_no_selection	445.4208619098483	False	5.4087697205825845e-12	5.223797716127519e-12	2.4944507416869645e-11	1.0616094829356133e-11
sub-4	02	03	sub-4/ses-02/run-03/tsv-row-14	14	right_hand	2	98.92	5.0	24730	25980	sub-4/ses-02/eeg/sub-4_ses-02_task-imagery_run-03_eeg.edf	validation_no_selection	457.97178812829986	False	3.180064543168826e-12	6.2787557609313765e-12	1.4949488834052263e-11	1.3542703102215712e-11
sub-4	02	03	sub-4/ses-02/run-03/tsv-row-15	15	right_hand	2	105.824	5.0	26456	27706	sub-4/ses-02/eeg/sub-4_ses-02_task-imagery_run-03_eeg.edf	validation_no_selection	410.28923000579846	False	3.003435814601882e-12	6.223089784273693e-12	1.7971024494184708e-11	1.2433444665705025e-11
sub-4	02	03	sub-4/ses-02/run-03/tsv-row-16	16	rest	1	112.72	5.0	28180	29430	sub-4/ses-02/eeg/sub-4_ses-02_task-imagery_run-03_eeg.edf	validation_no_selection	432.21224523453475	False	4.9639152418349735e-12	4.845829855961736e-12	2.6170833486108282e-11	1.099985222913292e-11
sub-4	02	03	sub-4/ses-02/run-03/tsv-row-17	17	rest	1	119.604	5.0	29901	31151	sub-4/ses-02/eeg/sub-4_ses-02_task-imagery_run-03_eeg.edf	validation_no_selection	115.47948271736807	False	5.516157842261012e-12	5.414249132193264e-12	2.8620269150974605e-11	1.1507735010689292e-11
sub-4	02	03	sub-4/ses-02/run-03/tsv-row-18	18	right_hand	2	126.468	5.0	31617	32867	sub-4/ses-02/eeg/sub-4_ses-02_task-imagery_run-03_eeg.edf	validation_no_selection	125.67368479873045	False	5.588161961901723e-12	6.788266940292574e-12	2.2737411096079757e-11	1.4709100377907435e-11
sub-4	02	03	sub-4/ses-02/run-03/tsv-row-19	19	rest	1	133.38	5.0	33345	34595	sub-4/ses-02/eeg/sub-4_ses-02_task-imagery_run-03_eeg.edf	validation_no_selection	487.64093540452285	False	2.661139864772403e-12	9.153675335274079e-12	1.8156268185678627e-11	1.5684471902622803e-11
sub-4	02	03	sub-4/ses-02/run-03/tsv-row-20	20	right_hand	2	140.256	5.0	35064	36314	sub-4/ses-02/eeg/sub-4_ses-02_task-imagery_run-03_eeg.edf	validation_no_selection	499.11398004089483	False	2.2174730109426293e-12	4.60024128088085e-12	8.892099620603878e-12	1.1026143162707966e-11
sub-4	02	03	sub-4/ses-02/run-03/tsv-row-21	21	right_hand	2	147.128	5.0	36782	38032	sub-4/ses-02/eeg/sub-4_ses-02_task-imagery_run-03_eeg.edf	validation_no_selection	389.37101964171273	False	2.8947432563470785e-12	3.71574246078486e-12	1.6970186974693587e-11	1.0594682102279798e-11
sub-4	02	03	sub-4/ses-02/run-03/tsv-row-22	22	rest	1	154.04	5.0	38510	39760	sub-4/ses-02/eeg/sub-4_ses-02_task-imagery_run-03_eeg.edf	validation_no_selection	583.7002804651021	False	2.5260217401632707e-12	1.04725423907749e-11	1.191759427812404e-11	1.972130832515149e-11
sub-4	02	03	sub-4/ses-02/run-03/tsv-row-23	23	right_hand	2	160.916	5.0	40229	41479	sub-4/ses-02/eeg/sub-4_ses-02_task-imagery_run-03_eeg.edf	validation_no_selection	470.5775218848231	False	3.3577248197054123e-12	5.879270879830464e-12	1.6663229502363843e-11	1.4677179143784332e-11
sub-4	02	03	sub-4/ses-02/run-03/tsv-row-24	24	rest	1	167.812	5.0	41953	43203	sub-4/ses-02/eeg/sub-4_ses-02_task-imagery_run-03_eeg.edf	validation_no_selection	127.06214242988372	False	4.844493596227774e-12	4.328274569831265e-12	2.2809301371889738e-11	1.1535148423160827e-11
sub-4	02	03	sub-4/ses-02/run-03/tsv-row-25	25	right_hand	2	174.692	5.0	43673	44923	sub-4/ses-02/eeg/sub-4_ses-02_task-imagery_run-03_eeg.edf	validation_no_selection	127.26310340281378	False	4.651272020557786e-12	3.755021510906121e-12	2.4489012143005426e-11	1.1774203687234518e-11
sub-4	02	03	sub-4/ses-02/run-03/tsv-row-26	26	rest	1	181.588	5.0	45397	46647	sub-4/ses-02/eeg/sub-4_ses-02_task-imagery_run-03_eeg.edf	validation_no_selection	152.12745650807213	False	6.554513291352214e-12	9.555759497302107e-12	3.4265684618893166e-11	1.9288878383248524e-11
sub-4	02	03	sub-4/ses-02/run-03/tsv-row-27	27	right_hand	2	188.464	5.0	47116	48366	sub-4/ses-02/eeg/sub-4_ses-02_task-imagery_run-03_eeg.edf	validation_no_selection	505.2889626636555	False	2.8128674517366003e-12	4.779320898022843e-12	1.6424461618317333e-11	1.4113993685554412e-11
sub-4	02	03	sub-4/ses-02/run-03/tsv-row-28	28	rest	1	195.376	5.0	48844	50094	sub-4/ses-02/eeg/sub-4_ses-02_task-imagery_run-03_eeg.edf	validation_no_selection	402.81713564867096	False	3.1913671492750957e-12	3.134398216179368e-12	1.792601164659951e-11	7.966562743253698e-12
sub-4	02	03	sub-4/ses-02/run-03/tsv-row-29	29	right_hand	2	202.24	5.0	50560	51810	sub-4/ses-02/eeg/sub-4_ses-02_task-imagery_run-03_eeg.edf	validation_no_selection	117.72659177831353	False	2.125047000165475e-12	4.878553415851388e-12	1.1635430475049215e-11	1.3433040105883005e-11
sub-4	02	03	sub-4/ses-02/run-03/tsv-row-30	30	rest	1	209.132	5.0	52283	53533	sub-4/ses-02/eeg/sub-4_ses-02_task-imagery_run-03_eeg.edf	validation_no_selection	485.19286537064727	False	2.863453136198971e-12	5.208194851944154e-12	1.1334087261324264e-11	1.1441834057257533e-11
sub-4	02	03	sub-4/ses-02/run-03/tsv-row-31	31	rest	1	216.02	5.0	54005	55255	sub-4/ses-02/eeg/sub-4_ses-02_task-imagery_run-03_eeg.edf	validation_no_selection	490.72842671590325	False	3.0420261728969574e-12	5.83123430603593e-12	9.112280895258573e-12	1.423769958636523e-11
sub-4	02	03	sub-4/ses-02/run-03/tsv-row-32	32	right_hand	2	222.916	5.0	55729	56979	sub-4/ses-02/eeg/sub-4_ses-02_task-imagery_run-03_eeg.edf	validation_no_selection	441.9679870113223	False	2.4594921499740796e-12	5.301486932500853e-12	9.74743783354464e-12	1.2570309626271209e-11
sub-4	02	04	sub-4/ses-02/run-04/tsv-row-1	1	right_hand	2	15.34	5.0	3835	5085	sub-4/ses-02/eeg/sub-4_ses-02_task-imagery_run-04_eeg.edf	validation_no_selection	134.8742988372448	False	1.802886763102047e-12	3.752474017138612e-12	7.136898307091186e-12	9.356329997162785e-12
sub-4	02	04	sub-4/ses-02/run-04/tsv-row-2	2	rest	1	22.236	5.0	5559	6809	sub-4/ses-02/eeg/sub-4_ses-02_task-imagery_run-04_eeg.edf	validation_no_selection	109.60658589434495	False	1.6642005996982017e-12	2.298133554901694e-12	6.546113518051706e-12	6.129624691763646e-12
sub-4	02	04	sub-4/ses-02/run-04/tsv-row-3	3	rest	1	29.14	5.0	7285	8535	sub-4/ses-02/eeg/sub-4_ses-02_task-imagery_run-04_eeg.edf	validation_no_selection	121.94945142979219	False	2.2941897687776807e-12	2.4782299713742844e-12	1.177836766646303e-11	6.858005098963369e-12
sub-4	02	04	sub-4/ses-02/run-04/tsv-row-4	4	right_hand	2	36.004	5.0	9001	10251	sub-4/ses-02/eeg/sub-4_ses-02_task-imagery_run-04_eeg.edf	validation_no_selection	144.8892368846706	False	2.5853681050242296e-12	3.83270781992792e-12	1.594125012242322e-11	1.1589045711572673e-11
sub-4	02	04	sub-4/ses-02/run-04/tsv-row-5	5	rest	1	42.916	5.0	10729	11979	sub-4/ses-02/eeg/sub-4_ses-02_task-imagery_run-04_eeg.edf	validation_no_selection	444.53715323343613	False	2.567023351729717e-12	3.885545824520267e-12	1.3832442183972802e-11	1.0695484101470137e-11
sub-4	02	04	sub-4/ses-02/run-04/tsv-row-6	6	right_hand	2	49.776	5.0	12444	13694	sub-4/ses-02/eeg/sub-4_ses-02_task-imagery_run-04_eeg.edf	validation_no_selection	131.5279030732139	False	1.7603907558597028e-12	3.111246432673694e-12	8.446709949590237e-12	1.1177961935793155e-11
sub-4	02	04	sub-4/ses-02/run-04/tsv-row-7	7	rest	1	56.672	5.0	14168	15418	sub-4/ses-02/eeg/sub-4_ses-02_task-imagery_run-04_eeg.edf	validation_no_selection	361.11975157933284	False	2.383476987107472e-12	2.1921925081655784e-12	1.24034167081023e-11	7.07054116401542e-12
sub-4	02	04	sub-4/ses-02/run-04/tsv-row-8	8	right_hand	2	63.568	5.0	15892	17142	sub-4/ses-02/eeg/sub-4_ses-02_task-imagery_run-04_eeg.edf	validation_no_selection	132.35237739188818	False	2.206032787727767e-12	2.805725944698358e-12	8.55136774601475e-12	7.050290382112439e-12
sub-4	02	04	sub-4/ses-02/run-04/tsv-row-9	9	right_hand	2	70.456	5.0	17614	18864	sub-4/ses-02/eeg/sub-4_ses-02_task-imagery_run-04_eeg.edf	validation_no_selection	638.5796090578934	False	1.7635143826553628e-12	6.5763497908228296e-12	8.735431668585427e-12	1.430705028334017e-11
sub-4	02	04	sub-4/ses-02/run-04/tsv-row-10	10	rest	1	77.332	5.0	19333	20583	sub-4/ses-02/eeg/sub-4_ses-02_task-imagery_run-04_eeg.edf	validation_no_selection	469.63512146366764	False	4.792241229910042e-12	3.3195992618872725e-12	2.9951985184732604e-11	9.472361420667168e-12
sub-4	02	04	sub-4/ses-02/run-04/tsv-row-11	11	rest	1	84.236	5.0	21059	22309	sub-4/ses-02/eeg/sub-4_ses-02_task-imagery_run-04_eeg.edf	validation_no_selection	431.3698133793145	False	1.823736104388469e-12	3.772867980762132e-12	9.71428134375208e-12	8.995669088862615e-12
sub-4	02	04	sub-4/ses-02/run-04/tsv-row-12	12	right_hand	2	91.116	5.0	22779	24029	sub-4/ses-02/eeg/sub-4_ses-02_task-imagery_run-04_eeg.edf	validation_no_selection	119.18503753776666	False	3.3159263503989554e-12	2.994572645551973e-12	1.2285415139173676e-11	8.454826699044991e-12
sub-4	02	04	sub-4/ses-02/run-04/tsv-row-13	13	rest	1	98.008	5.0	24502	25752	sub-4/ses-02/eeg/sub-4_ses-02_task-imagery_run-04_eeg.edf	validation_no_selection	420.23941007721186	False	2.6746478869145344e-12	2.679671728852668e-12	8.596526866759687e-12	6.795843097615694e-12
sub-4	02	04	sub-4/ses-02/run-04/tsv-row-14	14	right_hand	2	104.888	5.0	26222	27472	sub-4/ses-02/eeg/sub-4_ses-02_task-imagery_run-04_eeg.edf	validation_no_selection	113.92295144505144	False	3.3303158917372972e-12	3.9922699068915735e-12	1.666750944829276e-11	1.006540810424785e-11
sub-4	02	04	sub-4/ses-02/run-04/tsv-row-15	15	right_hand	2	111.776	5.0	27944	29194	sub-4/ses-02/eeg/sub-4_ses-02_task-imagery_run-04_eeg.edf	validation_no_selection	389.6368633075962	False	4.459784008372729e-12	5.50110348612659e-12	2.71488365759539e-11	1.2741317569425833e-11
sub-4	02	04	sub-4/ses-02/run-04/tsv-row-16	16	rest	1	118.668	5.0	29667	30917	sub-4/ses-02/eeg/sub-4_ses-02_task-imagery_run-04_eeg.edf	validation_no_selection	114.48068407238992	False	4.293591952834847e-12	4.027254482181598e-12	2.3012989899924087e-11	8.617991106385411e-12
sub-4	02	04	sub-4/ses-02/run-04/tsv-row-17	17	right_hand	2	125.564	5.0	31391	32641	sub-4/ses-02/eeg/sub-4_ses-02_task-imagery_run-04_eeg.edf	validation_no_selection	144.7194921720023	False	2.9294068138933235e-12	4.191836766423372e-12	1.269120374848124e-11	1.0968835943984016e-11
sub-4	02	04	sub-4/ses-02/run-04/tsv-row-18	18	rest	1	132.444	5.0	33111	34361	sub-4/ses-02/eeg/sub-4_ses-02_task-imagery_run-04_eeg.edf	validation_no_selection	427.3201895199439	False	3.658611704135513e-12	3.739141208824616e-12	1.1396402880164631e-11	9.125857882881135e-12
sub-4	02	04	sub-4/ses-02/run-04/tsv-row-19	19	rest	1	139.348	5.0	34837	36087	sub-4/ses-02/eeg/sub-4_ses-02_task-imagery_run-04_eeg.edf	validation_no_selection	102.62280343028047	False	3.0140480338539645e-12	2.41960554988971e-12	1.516966333108075e-11	6.565650778298516e-12
sub-4	02	04	sub-4/ses-02/run-04/tsv-row-20	20	right_hand	2	146.224	5.0	36556	37806	sub-4/ses-02/eeg/sub-4_ses-02_task-imagery_run-04_eeg.edf	validation_no_selection	346.3034630878628	False	2.0029881033719192e-12	3.018237324774035e-12	1.1949627250101399e-11	9.059938050065918e-12
sub-4	02	04	sub-4/ses-02/run-04/tsv-row-21	21	rest	1	153.12	5.0	38280	39530	sub-4/ses-02/eeg/sub-4_ses-02_task-imagery_run-04_eeg.edf	validation_no_selection	395.26268807031465	False	2.4850157710746385e-12	4.954285049191735e-12	1.1119909172389107e-11	9.31628527822428e-12
sub-4	02	04	sub-4/ses-02/run-04/tsv-row-22	22	right_hand	2	159.984	5.0	39996	41246	sub-4/ses-02/eeg/sub-4_ses-02_task-imagery_run-04_eeg.edf	validation_no_selection	398.6575823236794	False	5.949429023377149e-12	6.809699165195207e-12	2.68727500251618e-11	1.3521302170793037e-11
sub-4	02	04	sub-4/ses-02/run-04/tsv-row-23	23	right_hand	2	166.868	5.0	41717	42967	sub-4/ses-02/eeg/sub-4_ses-02_task-imagery_run-04_eeg.edf	validation_no_selection	311.6027939695425	False	4.2125688067921034e-12	5.215197755224574e-12	1.7991898929104894e-11	1.1195935389265333e-11
sub-4	02	04	sub-4/ses-02/run-04/tsv-row-24	24	rest	1	173.78	5.0	43445	44695	sub-4/ses-02/eeg/sub-4_ses-02_task-imagery_run-04_eeg.edf	validation_no_selection	449.4839991454818	False	3.5930332982990493e-12	6.083443576704057e-12	1.369794686109556e-11	1.1874724509576338e-11
sub-4	02	04	sub-4/ses-02/run-04/tsv-row-25	25	rest	1	180.668	5.0	45167	46417	sub-4/ses-02/eeg/sub-4_ses-02_task-imagery_run-04_eeg.edf	validation_no_selection	349.86810205389565	False	2.7429490884205244e-12	6.234239496991036e-12	1.2130903184436757e-11	1.076640869084727e-11
sub-4	02	04	sub-4/ses-02/run-04/tsv-row-26	26	right_hand	2	187.528	5.0	46882	48132	sub-4/ses-02/eeg/sub-4_ses-02_task-imagery_run-04_eeg.edf	validation_no_selection	128.9089846491897	False	6.268594481947331e-12	4.428418561693728e-12	3.908191983567282e-11	1.0141944134798704e-11
sub-4	02	04	sub-4/ses-02/run-04/tsv-row-27	27	right_hand	2	194.432	5.0	48608	49858	sub-4/ses-02/eeg/sub-4_ses-02_task-imagery_run-04_eeg.edf	validation_no_selection	127.52677770317696	False	3.9941857222774e-12	6.809161507087187e-12	2.669995385947929e-11	1.5218917250177224e-11
sub-4	02	04	sub-4/ses-02/run-04/tsv-row-28	28	rest	1	201.328	5.0	50332	51582	sub-4/ses-02/eeg/sub-4_ses-02_task-imagery_run-04_eeg.edf	validation_no_selection	432.00029374065366	False	2.194410200637093e-12	4.981504012093529e-12	8.726497922163634e-12	1.1050651799593321e-11
sub-4	02	04	sub-4/ses-02/run-04/tsv-row-29	29	right_hand	2	208.208	5.0	52052	53302	sub-4/ses-02/eeg/sub-4_ses-02_task-imagery_run-04_eeg.edf	validation_no_selection	484.2089175084689	False	2.0475387165617683e-12	6.2251870776694e-12	1.136949652279656e-11	1.3218301835835927e-11
sub-4	02	04	sub-4/ses-02/run-04/tsv-row-30	30	rest	1	215.1	5.0	53775	55025	sub-4/ses-02/eeg/sub-4_ses-02_task-imagery_run-04_eeg.edf	validation_no_selection	377.9002288888211	False	5.353552863662225e-12	4.930641271109154e-12	3.1968879192499016e-11	1.020093592050468e-11
sub-4	02	04	sub-4/ses-02/run-04/tsv-row-31	31	rest	1	221.988	5.0	55497	56747	sub-4/ses-02/eeg/sub-4_ses-02_task-imagery_run-04_eeg.edf	validation_no_selection	406.8295777764214	False	3.242675852490998e-12	5.550526583032082e-12	1.5372472773175034e-11	1.1666896775936625e-11
sub-4	02	04	sub-4/ses-02/run-04/tsv-row-32	32	right_hand	2	228.868	5.0	57217	58467	sub-4/ses-02/eeg/sub-4_ses-02_task-imagery_run-04_eeg.edf	validation_no_selection	407.5813043610949	False	2.546777226936011e-12	3.23114701057466e-12	1.6803255080510366e-11	9.099014838596922e-12
sub-4	02	05	sub-4/ses-02/run-05/tsv-row-1	1	right_hand	2	11.584	5.0	2896	4146	sub-4/ses-02/eeg/sub-4_ses-02_task-imagery_run-05_eeg.edf	validation_no_selection	159.41301580858791	False	1.7997406593825089e-12	7.271418217600522e-12	6.278546460073343e-12	1.5536889291893093e-11
sub-4	02	05	sub-4/ses-02/run-05/tsv-row-2	2	rest	1	18.496	5.0	4624	5874	sub-4/ses-02/eeg/sub-4_ses-02_task-imagery_run-05_eeg.edf	validation_no_selection	493.40493200476095	False	1.6510713286677927e-12	4.074867243154844e-12	5.668511575015131e-12	7.96270928134039e-12
sub-4	02	05	sub-4/ses-02/run-05/tsv-row-3	3	rest	1	25.384	5.0	6346	7596	sub-4/ses-02/eeg/sub-4_ses-02_task-imagery_run-05_eeg.edf	validation_no_selection	124.65378679769277	False	2.2604657139791887e-12	4.224370876230591e-12	9.919435069115717e-12	1.0537017225277698e-11
sub-4	02	05	sub-4/ses-02/run-05/tsv-row-4	4	right_hand	2	32.244	5.0	8061	9311	sub-4/ses-02/eeg/sub-4_ses-02_task-imagery_run-05_eeg.edf	validation_no_selection	116.01901702932828	False	2.747309490490424e-12	4.853356363209918e-12	1.5404758426365167e-11	1.0372349912829345e-11
sub-4	02	05	sub-4/ses-02/run-05/tsv-row-5	5	rest	1	39.156	5.0	9789	11039	sub-4/ses-02/eeg/sub-4_ses-02_task-imagery_run-05_eeg.edf	validation_no_selection	415.3495486312449	False	3.459282944780167e-12	4.910918040819843e-12	2.1227916451352668e-11	1.0123912083629363e-11
sub-4	02	05	sub-4/ses-02/run-05/tsv-row-6	6	right_hand	2	46.036	5.0	11509	12759	sub-4/ses-02/eeg/sub-4_ses-02_task-imagery_run-05_eeg.edf	validation_no_selection	124.80055342265084	False	2.1424520026189943e-12	5.61052179954627e-12	9.701572216018799e-12	1.1933609413122024e-11
sub-4	02	05	sub-4/ses-02/run-05/tsv-row-7	7	rest	1	52.916	5.0	13229	14479	sub-4/ses-02/eeg/sub-4_ses-02_task-imagery_run-05_eeg.edf	validation_no_selection	387.31712326425986	False	2.29705763702604e-12	5.1372070119308965e-12	1.1050301713593551e-11	9.900925257208327e-12
sub-4	02	05	sub-4/ses-02/run-05/tsv-row-8	8	right_hand	2	59.808	5.0	14952	16202	sub-4/ses-02/eeg/sub-4_ses-02_task-imagery_run-05_eeg.edf	validation_no_selection	147.9896801660207	False	1.7553208257386078e-12	4.317130762022227e-12	7.54581863594367e-12	9.63272732258697e-12
sub-4	02	05	sub-4/ses-02/run-05/tsv-row-9	9	right_hand	2	66.696	5.0	16674	17924	sub-4/ses-02/eeg/sub-4_ses-02_task-imagery_run-05_eeg.edf	validation_no_selection	513.5364207281716	False	3.0698367916595556e-12	7.134305429356768e-12	1.3353933509664389e-11	1.2710730884815265e-11
sub-4	02	05	sub-4/ses-02/run-05/tsv-row-10	10	rest	1	73.592	5.0	18398	19648	sub-4/ses-02/eeg/sub-4_ses-02_task-imagery_run-05_eeg.edf	validation_no_selection	452.01674376659446	False	1.726302724548672e-12	3.716363882150938e-12	7.1458452079729435e-12	8.249288862331323e-12
sub-4	02	05	sub-4/ses-02/run-05/tsv-row-11	11	right_hand	2	80.472	5.0	20118	21368	sub-4/ses-02/eeg/sub-4_ses-02_task-imagery_run-05_eeg.edf	validation_no_selection	418.7496421094394	False	4.273950968800926e-12	8.040481804133018e-12	2.3640810611706126e-11	1.5293824934979152e-11
sub-4	02	05	sub-4/ses-02/run-05/tsv-row-12	12	rest	1	87.364	5.0	21841	23091	sub-4/ses-02/eeg/sub-4_ses-02_task-imagery_run-05_eeg.edf	validation_no_selection	449.3749445173498	False	3.0824445980960336e-12	4.135423433476597e-12	1.2357572067903617e-11	1.0019107942610944e-11
sub-4	02	05	sub-4/ses-02/run-05/tsv-row-13	13	rest	1	94.268	5.0	23567	24817	sub-4/ses-02/eeg/sub-4_ses-02_task-imagery_run-05_eeg.edf	validation_no_selection	136.02820023194067	False	2.937866588407832e-12	6.705572629914602e-12	7.256299757247503e-12	1.181414420397776e-11
sub-4	02	05	sub-4/ses-02/run-05/tsv-row-14	14	right_hand	2	101.148	5.0	25287	26537	sub-4/ses-02/eeg/sub-4_ses-02_task-imagery_run-05_eeg.edf	validation_no_selection	139.0613771477401	False	3.414104598999967e-12	6.836881817105326e-12	2.1202224790247854e-11	1.328827638048245e-11
sub-4	02	05	sub-4/ses-02/run-05/tsv-row-15	15	right_hand	2	108.032	5.0	27008	28258	sub-4/ses-02/eeg/sub-4_ses-02_task-imagery_run-05_eeg.edf	validation_no_selection	391.40212765892517	False	4.042771179444343e-12	1.3013376298725303e-11	1.8724319192427006e-11	2.064917639087373e-11
sub-4	02	05	sub-4/ses-02/run-05/tsv-row-16	16	rest	1	114.912	5.0	28728	29978	sub-4/ses-02/eeg/sub-4_ses-02_task-imagery_run-05_eeg.edf	validation_no_selection	436.3371760002442	False	2.852425162785337e-12	7.622708548833052e-12	1.3536725372563515e-11	1.23165085585819e-11
sub-4	02	05	sub-4/ses-02/run-05/tsv-row-17	17	rest	1	121.816	5.0	30454	31704	sub-4/ses-02/eeg/sub-4_ses-02_task-imagery_run-05_eeg.edf	validation_no_selection	367.06332902005073	False	2.2450296877837468e-12	6.290147670020162e-12	8.172024252151556e-12	1.1067587869137386e-11
sub-4	02	05	sub-4/ses-02/run-05/tsv-row-18	18	right_hand	2	128.696	5.0	32174	33424	sub-4/ses-02/eeg/sub-4_ses-02_task-imagery_run-05_eeg.edf	validation_no_selection	144.88311993774226	False	3.935297362475415e-12	5.812019693496851e-12	2.1356403064833356e-11	1.1250518328816152e-11
sub-4	02	05	sub-4/ses-02/run-05/tsv-row-19	19	right_hand	2	135.58	5.0	33895	35145	sub-4/ses-02/eeg/sub-4_ses-02_task-imagery_run-05_eeg.edf	validation_no_selection	396.2209651783807	False	3.1838488367721054e-12	7.676593101523462e-12	1.6314362628694774e-11	1.5050516218055892e-11
sub-4	02	05	sub-4/ses-02/run-05/tsv-row-20	20	rest	1	142.46	5.0	35615	36865	sub-4/ses-02/eeg/sub-4_ses-02_task-imagery_run-05_eeg.edf	validation_no_selection	493.9430762962736	False	3.5559646709120536e-12	7.72287834631241e-12	1.585710692404254e-11	1.339044269454676e-11
sub-4	02	05	sub-4/ses-02/run-05/tsv-row-21	21	right_hand	2	149.356	5.0	37339	38589	sub-4/ses-02/eeg/sub-4_ses-02_task-imagery_run-05_eeg.edf	validation_no_selection	478.6548861964781	False	2.689264545158673e-12	7.2403708234695566e-12	1.1313010238678536e-11	1.3803359587504874e-11
sub-4	02	05	sub-4/ses-02/run-05/tsv-row-22	22	rest	1	156.248	5.0	39062	40312	sub-4/ses-02/eeg/sub-4_ses-02_task-imagery_run-05_eeg.edf	validation_no_selection	459.8442970976898	False	2.5772776150436413e-12	7.400671716592965e-12	1.1315483625345439e-11	1.329149295022592e-11
sub-4	02	05	sub-4/ses-02/run-05/tsv-row-23	23	rest	1	163.136	5.0	40784	42034	sub-4/ses-02/eeg/sub-4_ses-02_task-imagery_run-05_eeg.edf	validation_no_selection	425.69659569078647	False	4.140586806013575e-12	5.6623483216994054e-12	2.4138758563006358e-11	1.0431177656550431e-11
sub-4	02	05	sub-4/ses-02/run-05/tsv-row-24	24	right_hand	2	170.016	5.0	42504	43754	sub-4/ses-02/eeg/sub-4_ses-02_task-imagery_run-05_eeg.edf	validation_no_selection	332.69547767571026	False	5.5810214435285444e-12	6.581895870511383e-12	2.970703152865187e-11	1.2320900365140616e-11
sub-4	02	05	sub-4/ses-02/run-05/tsv-row-25	25	rest	1	176.908	5.0	44227	45477	sub-4/ses-02/eeg/sub-4_ses-02_task-imagery_run-05_eeg.edf	validation_no_selection	352.09313327433085	False	3.0266600009181716e-12	4.290591715040575e-12	1.3382131419951287e-11	9.888043267708356e-12
sub-4	02	05	sub-4/ses-02/run-05/tsv-row-26	26	right_hand	2	183.788	5.0	45947	47197	sub-4/ses-02/eeg/sub-4_ses-02_task-imagery_run-05_eeg.edf	validation_no_selection	441.3517023529771	False	2.4661540858304788e-12	5.936586338865271e-12	1.0189616580275546e-11	1.099902502524083e-11
sub-4	02	05	sub-4/ses-02/run-05/tsv-row-27	27	right_hand	2	190.676	5.0	47669	48919	sub-4/ses-02/eeg/sub-4_ses-02_task-imagery_run-05_eeg.edf	validation_no_selection	432.98600473036896	False	3.2059974539389157e-12	6.47351658474494e-12	1.5816594535335985e-11	1.4391461338777368e-11
sub-4	02	05	sub-4/ses-02/run-05/tsv-row-28	28	rest	1	197.572	5.0	49393	50643	sub-4/ses-02/eeg/sub-4_ses-02_task-imagery_run-05_eeg.edf	validation_no_selection	466.64448405407876	False	3.790214359696118e-12	6.222886162216288e-12	1.799299368371574e-11	1.1338154406101568e-11
sub-4	02	05	sub-4/ses-02/run-05/tsv-row-29	29	right_hand	2	204.448	5.0	51112	52362	sub-4/ses-02/eeg/sub-4_ses-02_task-imagery_run-05_eeg.edf	validation_no_selection	392.3316496169927	False	2.4703943315995628e-12	6.4965175108735796e-12	1.2564758427222209e-11	1.381352444061342e-11
sub-4	02	05	sub-4/ses-02/run-05/tsv-row-30	30	rest	1	211.36	5.0	52840	54090	sub-4/ses-02/eeg/sub-4_ses-02_task-imagery_run-05_eeg.edf	validation_no_selection	377.3125316629536	False	2.87662898195356e-12	6.3054349674322225e-12	1.2240851250886416e-11	1.1069449891513978e-11
sub-4	02	05	sub-4/ses-02/run-05/tsv-row-31	31	rest	1	218.248	5.0	54562	55812	sub-4/ses-02/eeg/sub-4_ses-02_task-imagery_run-05_eeg.edf	validation_no_selection	318.70372609637747	False	4.1323977558553886e-12	4.7444715249990476e-12	1.8090632450503363e-11	1.0712053547228065e-11
sub-4	02	05	sub-4/ses-02/run-05/tsv-row-32	32	right_hand	2	225.108	5.0	56277	57527	sub-4/ses-02/eeg/sub-4_ses-02_task-imagery_run-05_eeg.edf	validation_no_selection	426.72396206549263	False	2.9043905852225705e-12	9.81529153285061e-12	1.3206405654970727e-11	1.8403023016424908e-11
sub-4	02	06	sub-4/ses-02/run-06/tsv-row-1	1	rest	1	10.796	5.0	2699	3949	sub-4/ses-02/eeg/sub-4_ses-02_task-imagery_run-06_eeg.edf	validation_no_selection	108.41798226874599	False	2.3530382414088073e-12	3.641486329990547e-12	7.441326668353613e-12	8.891674221676336e-12
sub-4	02	06	sub-4/ses-02/run-06/tsv-row-2	2	right_hand	2	17.696	5.0	4424	5674	sub-4/ses-02/eeg/sub-4_ses-02_task-imagery_run-06_eeg.edf	validation_no_selection	121.2152950224311	False	1.9003968184614786e-12	4.337041950832705e-12	7.42171387935487e-12	9.438867718538453e-12
sub-4	02	06	sub-4/ses-02/run-06/tsv-row-3	3	rest	1	24.592	5.0	6148	7398	sub-4/ses-02/eeg/sub-4_ses-02_task-imagery_run-06_eeg.edf	validation_no_selection	468.9510074770348	False	2.6575778948688642e-12	3.910983986932048e-12	1.0129913855343474e-11	1.0547797680221454e-11
sub-4	02	06	sub-4/ses-02/run-06/tsv-row-4	4	right_hand	2	31.472	5.0	7868	9118	sub-4/ses-02/eeg/sub-4_ses-02_task-imagery_run-06_eeg.edf	validation_no_selection	376.46980346079897	False	5.4572172528133754e-12	5.129822953468451e-12	2.339208409380504e-11	1.2915414386509894e-11
sub-4	02	06	sub-4/ses-02/run-06/tsv-row-5	5	right_hand	2	38.376	5.0	9594	10844	sub-4/ses-02/eeg/sub-4_ses-02_task-imagery_run-06_eeg.edf	validation_no_selection	373.94226767784653	False	3.065637862277992e-12	4.155911108184232e-12	1.2901614703446065e-11	9.034183619574838e-12
sub-4	02	06	sub-4/ses-02/run-06/tsv-row-6	6	rest	1	45.252	5.0	11313	12563	sub-4/ses-02/eeg/sub-4_ses-02_task-imagery_run-06_eeg.edf	validation_no_selection	490.50157573168127	False	2.9159988073730924e-12	3.5644882070365315e-12	1.2709481531453365e-11	9.297141123648272e-12
sub-4	02	06	sub-4/ses-02/run-06/tsv-row-7	7	rest	1	52.156	5.0	13039	14289	sub-4/ses-02/eeg/sub-4_ses-02_task-imagery_run-06_eeg.edf	validation_no_selection	394.4286103396711	False	3.69320528084739e-12	4.683241656010846e-12	1.6319537893467496e-11	9.345759103861408e-12
sub-4	02	06	sub-4/ses-02/run-06/tsv-row-8	8	right_hand	2	59.036	5.0	14759	16009	sub-4/ses-02/eeg/sub-4_ses-02_task-imagery_run-06_eeg.edf	validation_no_selection	396.05155436872457	False	5.793974517742171e-12	5.427219795677422e-12	3.4677406225563066e-11	1.2641805016741059e-11
sub-4	02	06	sub-4/ses-02/run-06/tsv-row-9	9	rest	1	65.912	5.0	16478	17728	sub-4/ses-02/eeg/sub-4_ses-02_task-imagery_run-06_eeg.edf	validation_no_selection	426.14253300576803	False	3.93485301348072e-12	4.960219492001414e-12	1.9086257894276537e-11	1.1222215709450053e-11
sub-4	02	06	sub-4/ses-02/run-06/tsv-row-10	10	right_hand	2	72.792	5.0	18198	19448	sub-4/ses-02/eeg/sub-4_ses-02_task-imagery_run-06_eeg.edf	validation_no_selection	440.82884618671216	False	5.7549554145097146e-12	5.777745698755381e-12	3.221770418382524e-11	1.3076770596408912e-11
sub-4	02	06	sub-4/ses-02/run-06/tsv-row-11	11	right_hand	2	79.696	5.0	19924	21174	sub-4/ses-02/eeg/sub-4_ses-02_task-imagery_run-06_eeg.edf	validation_no_selection	400.2286398205511	False	2.1715379009402397e-12	6.79537867859737e-12	7.472041937508113e-12	1.48531558176152e-11
sub-4	02	06	sub-4/ses-02/run-06/tsv-row-12	12	rest	1	86.588	5.0	21647	22897	sub-4/ses-02/eeg/sub-4_ses-02_task-imagery_run-06_eeg.edf	validation_no_selection	319.1080440076907	False	3.7816969594268655e-12	9.157785967248954e-12	1.9946434823784105e-11	1.796534775916068e-11
sub-4	02	06	sub-4/ses-02/run-06/tsv-row-13	13	right_hand	2	93.452	5.0	23363	24613	sub-4/ses-02/eeg/sub-4_ses-02_task-imagery_run-06_eeg.edf	validation_no_selection	419.94341892757956	False	2.5013786941276752e-12	1.7662347958140895e-11	1.2604021506529874e-11	3.2243925300704956e-11
sub-4	02	06	sub-4/ses-02/run-06/tsv-row-14	14	rest	1	100.364	5.0	25091	26341	sub-4/ses-02/eeg/sub-4_ses-02_task-imagery_run-06_eeg.edf	validation_no_selection	402.51672484511863	False	3.1284725621297217e-12	1.0429174304384952e-11	1.2993879800005765e-11	1.869966299975396e-11
sub-4	02	06	sub-4/ses-02/run-06/tsv-row-15	15	rest	1	107.252	5.0	26813	28063	sub-4/ses-02/eeg/sub-4_ses-02_task-imagery_run-06_eeg.edf	validation_no_selection	437.582958128605	False	3.7073081801321836e-12	1.0580054189747965e-11	2.4032703558442246e-11	1.7906025745224607e-11
sub-4	02	06	sub-4/ses-02/run-06/tsv-row-16	16	right_hand	2	114.128	5.0	28532	29782	sub-4/ses-02/eeg/sub-4_ses-02_task-imagery_run-06_eeg.edf	validation_no_selection	205.55517325357832	False	3.0980599475695505e-12	1.4804432629146768e-11	1.481709005457144e-11	2.674238956408579e-11
sub-4	02	06	sub-4/ses-02/run-06/tsv-row-17	17	rest	1	121.024	5.0	30256	31506	sub-4/ses-02/eeg/sub-4_ses-02_task-imagery_run-06_eeg.edf	validation_no_selection	388.9478485366375	False	5.6048245422430356e-12	9.452579567790771e-12	2.3064468955281867e-11	1.887914478876962e-11
sub-4	02	06	sub-4/ses-02/run-06/tsv-row-18	18	right_hand	2	127.904	5.0	31976	33226	sub-4/ses-02/eeg/sub-4_ses-02_task-imagery_run-06_eeg.edf	validation_no_selection	428.0581390728476	False	2.3428753578861505e-12	1.043618536938077e-11	1.1190470525225252e-11	1.581105488464167e-11
sub-4	02	06	sub-4/ses-02/run-06/tsv-row-19	19	rest	1	134.796	5.0	33699	34949	sub-4/ses-02/eeg/sub-4_ses-02_task-imagery_run-06_eeg.edf	validation_no_selection	384.4781010467849	False	4.98756694720222e-12	7.22552559801368e-12	1.9795230704294026e-11	1.58179350200767e-11
sub-4	02	06	sub-4/ses-02/run-06/tsv-row-20	20	right_hand	2	141.692	5.0	35423	36673	sub-4/ses-02/eeg/sub-4_ses-02_task-imagery_run-06_eeg.edf	validation_no_selection	368.3816889553515	False	3.098096160080783e-12	9.062132818785392e-12	1.7204704496963867e-11	1.8071900831335344e-11
sub-4	02	06	sub-4/ses-02/run-06/tsv-row-21	21	rest	1	148.572	5.0	37143	38393	sub-4/ses-02/eeg/sub-4_ses-02_task-imagery_run-06_eeg.edf	validation_no_selection	419.17185537278357	False	3.2097797901364883e-12	7.481419713889978e-12	1.729300279927554e-11	1.1815946295857388e-11
sub-4	02	06	sub-4/ses-02/run-06/tsv-row-22	22	right_hand	2	155.452	5.0	38863	40113	sub-4/ses-02/eeg/sub-4_ses-02_task-imagery_run-06_eeg.edf	validation_no_selection	386.42031275368515	False	5.7442575398371174e-12	7.868959544457704e-12	2.23525335297392e-11	1.7076003979654444e-11
sub-4	02	06	sub-4/ses-02/run-06/tsv-row-23	23	rest	1	162.36	5.0	40590	41840	sub-4/ses-02/eeg/sub-4_ses-02_task-imagery_run-06_eeg.edf	validation_no_selection	399.4570762657552	False	2.8629350859466807e-12	4.3900524294678384e-12	1.1424621724155277e-11	9.57478958623213e-12
sub-4	02	06	sub-4/ses-02/run-06/tsv-row-24	24	right_hand	2	169.24	5.0	42310	43560	sub-4/ses-02/eeg/sub-4_ses-02_task-imagery_run-06_eeg.edf	validation_no_selection	320.9704387951292	False	2.5543988923614716e-12	9.483424365848718e-12	1.3483215804777404e-11	1.6598890844158988e-11
sub-4	02	06	sub-4/ses-02/run-06/tsv-row-25	25	rest	1	176.116	5.0	44029	45279	sub-4/ses-02/eeg/sub-4_ses-02_task-imagery_run-06_eeg.edf	validation_no_selection	428.7498857081821	False	3.5546975511195764e-12	7.819691447313944e-12	1.6399957034981527e-11	1.4657891700940167e-11
sub-4	02	06	sub-4/ses-02/run-06/tsv-row-26	26	right_hand	2	182.996	5.0	45749	46999	sub-4/ses-02/eeg/sub-4_ses-02_task-imagery_run-06_eeg.edf	validation_no_selection	274.33075218970305	False	3.6383864445516664e-12	7.134486640646093e-12	1.8661686817391697e-11	1.532212382002578e-11
sub-4	02	06	sub-4/ses-02/run-06/tsv-row-27	27	right_hand	2	189.9	5.0	47475	48725	sub-4/ses-02/eeg/sub-4_ses-02_task-imagery_run-06_eeg.edf	validation_no_selection	518.8897934202093	False	5.2896308167103106e-12	1.4151924296369215e-11	2.2094568493297606e-11	2.3495099571654535e-11
sub-4	02	06	sub-4/ses-02/run-06/tsv-row-28	28	rest	1	196.796	5.0	49199	50449	sub-4/ses-02/eeg/sub-4_ses-02_task-imagery_run-06_eeg.edf	validation_no_selection	182.03578765221104	False	3.808760582075776e-12	1.1405767110759169e-11	1.5320433270429175e-11	1.7904952600523412e-11
sub-4	02	06	sub-4/ses-02/run-06/tsv-row-29	29	rest	1	203.664	5.0	50916	52166	sub-4/ses-02/eeg/sub-4_ses-02_task-imagery_run-06_eeg.edf	validation_no_selection	445.03253727835937	False	2.6850263294712935e-12	2.909793044497027e-11	9.97454537093024e-12	4.78592044998296e-11
sub-4	02	06	sub-4/ses-02/run-06/tsv-row-30	30	right_hand	2	210.56	5.0	52640	53890	sub-4/ses-02/eeg/sub-4_ses-02_task-imagery_run-06_eeg.edf	validation_no_selection	444.3940019226661	False	3.4623488134916197e-12	1.658610136927557e-11	1.4741308455279357e-11	3.06123551401984e-11
sub-4	02	06	sub-4/ses-02/run-06/tsv-row-31	31	right_hand	2	217.448	5.0	54362	55612	sub-4/ses-02/eeg/sub-4_ses-02_task-imagery_run-06_eeg.edf	validation_no_selection	361.5706451612904	False	3.967711739820446e-12	9.998851126363253e-12	2.4772848031110455e-11	1.8316213891361598e-11
sub-4	02	06	sub-4/ses-02/run-06/tsv-row-32	32	rest	1	224.344	5.0	56086	57336	sub-4/ses-02/eeg/sub-4_ses-02_task-imagery_run-06_eeg.edf	validation_no_selection	267.572919675283	False	2.122305066710876e-12	1.9282416836702688e-11	7.180892289877242e-12	2.733003939198397e-11
sub-4	03	01	sub-4/ses-03/run-01/tsv-row-1	1	right_hand	2	7.636	5.0	1909	3159	sub-4/ses-03/eeg/sub-4_ses-03_task-imagery_run-01_eeg.edf	test_exploratory	484.99992648091074	False	1.3877350360698106e-12	4.165620945841711e-12	5.395120266604187e-12	9.352993087494815e-12
sub-4	03	01	sub-4/ses-03/run-01/tsv-row-2	2	rest	1	14.54	5.0	3635	4885	sub-4/ses-03/eeg/sub-4_ses-03_task-imagery_run-01_eeg.edf	test_exploratory	108.6520275734733	False	1.7251401976105345e-12	2.256236394552545e-12	6.190972076782933e-12	6.363200975186551e-12
sub-4	03	01	sub-4/ses-03/run-01/tsv-row-3	3	right_hand	2	21.428	5.0	5357	6607	sub-4/ses-03/eeg/sub-4_ses-03_task-imagery_run-01_eeg.edf	test_exploratory	123.02534154789876	False	1.3041579778732456e-12	2.525279847238436e-12	5.8175591757448685e-12	7.708877741147678e-12
sub-4	03	01	sub-4/ses-03/run-01/tsv-row-4	4	rest	1	28.312	5.0	7078	8328	sub-4/ses-03/eeg/sub-4_ses-03_task-imagery_run-01_eeg.edf	test_exploratory	523.6317585070345	False	2.1749886380715954e-12	1.892010741559878e-12	6.512737566386984e-12	4.821102182138771e-12
sub-4	03	01	sub-4/ses-03/run-01/tsv-row-5	5	right_hand	2	35.184	5.0	8796	10046	sub-4/ses-03/eeg/sub-4_ses-03_task-imagery_run-01_eeg.edf	test_exploratory	355.2140143284402	False	1.3438597925034364e-12	2.317655764279448e-12	5.933270730967086e-12	7.386244259866418e-12
sub-4	03	01	sub-4/ses-03/run-01/tsv-row-6	6	rest	1	42.088	5.0	10522	11772	sub-4/ses-03/eeg/sub-4_ses-03_task-imagery_run-01_eeg.edf	test_exploratory	465.48517015594956	False	2.1003631413605213e-12	1.4262713452108516e-12	8.246919062063172e-12	4.6365134218399325e-12
sub-4	03	01	sub-4/ses-03/run-01/tsv-row-7	7	right_hand	2	48.972	5.0	12243	13493	sub-4/ses-03/eeg/sub-4_ses-03_task-imagery_run-01_eeg.edf	test_exploratory	475.4555915097507	False	1.7633823629716012e-12	2.349337490817978e-12	6.738164699163645e-12	7.873340795857884e-12
sub-4	03	01	sub-4/ses-03/run-01/tsv-row-8	8	rest	1	55.876	5.0	13969	15219	sub-4/ses-03/eeg/sub-4_ses-03_task-imagery_run-01_eeg.edf	test_exploratory	410.94611317789236	False	2.393661527188616e-12	1.9768300177846338e-12	7.391345430212513e-12	5.8673439602729085e-12
sub-4	03	01	sub-4/ses-03/run-01/tsv-row-9	9	right_hand	2	62.748	5.0	15687	16937	sub-4/ses-03/eeg/sub-4_ses-03_task-imagery_run-01_eeg.edf	test_exploratory	134.24561629078036	False	1.591818253615494e-12	2.77308852759631e-12	8.985419839582906e-12	8.858765068421632e-12
sub-4	03	01	sub-4/ses-03/run-01/tsv-row-10	10	rest	1	69.652	5.0	17413	18663	sub-4/ses-03/eeg/sub-4_ses-03_task-imagery_run-01_eeg.edf	test_exploratory	110.86767676320689	False	2.439387810115348e-12	1.7617207462048844e-12	9.038070005728088e-12	5.036862842528091e-12
sub-4	03	01	sub-4/ses-03/run-01/tsv-row-11	11	rest	1	76.556	5.0	19139	20389	sub-4/ses-03/eeg/sub-4_ses-03_task-imagery_run-01_eeg.edf	test_exploratory	100.84044389172035	False	1.6900695987297406e-12	1.8548042700499042e-12	5.837930747921989e-12	6.53795738776244e-12
sub-4	03	01	sub-4/ses-03/run-01/tsv-row-12	12	right_hand	2	83.424	5.0	20856	22106	sub-4/ses-03/eeg/sub-4_ses-03_task-imagery_run-01_eeg.edf	test_exploratory	389.95425739310895	False	1.7430849460952726e-12	1.9180488129148016e-12	8.178167051129033e-12	6.593340439851959e-12
sub-4	03	01	sub-4/ses-03/run-01/tsv-row-13	13	rest	1	90.312	5.0	22578	23828	sub-4/ses-03/eeg/sub-4_ses-03_task-imagery_run-01_eeg.edf	test_exploratory	418.53045078890347	False	1.728660543587535e-12	1.757597142127381e-12	7.104159168425728e-12	5.581920992058687e-12
sub-4	03	01	sub-4/ses-03/run-01/tsv-row-14	14	right_hand	2	97.18	5.0	24295	25545	sub-4/ses-03/eeg/sub-4_ses-03_task-imagery_run-01_eeg.edf	test_exploratory	106.46478414258247	False	2.320823947426453e-12	2.4247352013631226e-12	1.1426499471032232e-11	6.655383495386985e-12
sub-4	03	01	sub-4/ses-03/run-01/tsv-row-15	15	right_hand	2	104.084	5.0	26021	27271	sub-4/ses-03/eeg/sub-4_ses-03_task-imagery_run-01_eeg.edf	test_exploratory	419.4394350718711	False	1.392784531537984e-12	2.516718464464276e-12	7.0525489194648705e-12	7.533555433653387e-12
sub-4	03	01	sub-4/ses-03/run-01/tsv-row-16	16	rest	1	110.972	5.0	27743	28993	sub-4/ses-03/eeg/sub-4_ses-03_task-imagery_run-01_eeg.edf	test_exploratory	408.6452467116306	False	3.137701107821216e-12	1.6570091606906173e-12	1.3747339330559614e-11	4.916275620398034e-12
sub-4	03	01	sub-4/ses-03/run-01/tsv-row-17	17	rest	1	117.876	5.0	29469	30719	sub-4/ses-03/eeg/sub-4_ses-03_task-imagery_run-01_eeg.edf	test_exploratory	383.7049904477065	False	2.137313562249564e-12	1.4766996223179003e-12	8.374300233958057e-12	4.337565525420534e-12
sub-4	03	01	sub-4/ses-03/run-01/tsv-row-18	18	right_hand	2	124.744	5.0	31186	32436	sub-4/ses-03/eeg/sub-4_ses-03_task-imagery_run-01_eeg.edf	test_exploratory	493.2944080629902	False	1.5526748918902868e-12	2.4159538483787775e-12	6.435245200296477e-12	8.709806809929151e-12
sub-4	03	01	sub-4/ses-03/run-01/tsv-row-19	19	rest	1	131.632	5.0	32908	34158	sub-4/ses-03/eeg/sub-4_ses-03_task-imagery_run-01_eeg.edf	test_exploratory	388.81802703939934	False	2.8645871506814813e-12	2.292166082280917e-12	1.2081033630157293e-11	6.705751334569621e-12
sub-4	03	01	sub-4/ses-03/run-01/tsv-row-20	20	right_hand	2	138.504	5.0	34626	35876	sub-4/ses-03/eeg/sub-4_ses-03_task-imagery_run-01_eeg.edf	test_exploratory	399.4701866054262	False	1.6617723530042677e-12	3.413379597046966e-12	1.0163093336714637e-11	8.467035914483558e-12
sub-4	03	01	sub-4/ses-03/run-01/tsv-row-21	21	rest	1	145.404	5.0	36351	37601	sub-4/ses-03/eeg/sub-4_ses-03_task-imagery_run-01_eeg.edf	test_exploratory	394.55599032563254	False	2.4508411434421742e-12	2.507655001520102e-12	1.1692014003781655e-11	6.734702494478788e-12
sub-4	03	01	sub-4/ses-03/run-01/tsv-row-22	22	right_hand	2	152.276	5.0	38069	39319	sub-4/ses-03/eeg/sub-4_ses-03_task-imagery_run-01_eeg.edf	test_exploratory	399.01569446394245	False	2.5205941331714126e-12	3.353441020714804e-12	1.2059553519503036e-11	8.7046129748648e-12
sub-4	03	01	sub-4/ses-03/run-01/tsv-row-23	23	right_hand	2	159.18	5.0	39795	41045	sub-4/ses-03/eeg/sub-4_ses-03_task-imagery_run-01_eeg.edf	test_exploratory	343.2551898556475	False	1.8904740953709717e-12	4.4099092223855455e-12	8.408366545527682e-12	9.21102986896702e-12
sub-4	03	01	sub-4/ses-03/run-01/tsv-row-24	24	rest	1	166.084	5.0	41521	42771	sub-4/ses-03/eeg/sub-4_ses-03_task-imagery_run-01_eeg.edf	test_exploratory	431.2278249916074	False	2.903736186009113e-12	2.9303496258882035e-12	1.3637826955193484e-11	8.1357194688659e-12
sub-4	03	01	sub-4/ses-03/run-01/tsv-row-25	25	rest	1	172.976	5.0	43244	44494	sub-4/ses-03/eeg/sub-4_ses-03_task-imagery_run-01_eeg.edf	test_exploratory	98.05667952513198	False	2.571191712531743e-12	2.390787881640597e-12	1.2300317606119626e-11	6.8759672881889084e-12
sub-4	03	01	sub-4/ses-03/run-01/tsv-row-26	26	right_hand	2	179.84	5.0	44960	46210	sub-4/ses-03/eeg/sub-4_ses-03_task-imagery_run-01_eeg.edf	test_exploratory	448.0156284676656	False	1.992465872005809e-12	3.886407586295918e-12	1.1026185048691825e-11	9.827651817193485e-12
sub-4	03	01	sub-4/ses-03/run-01/tsv-row-27	27	rest	1	186.744	5.0	46686	47936	sub-4/ses-03/eeg/sub-4_ses-03_task-imagery_run-01_eeg.edf	test_exploratory	355.1572028107547	False	1.8062926508034835e-12	2.467384056013803e-12	7.726290551863294e-12	6.316725324936466e-12
sub-4	03	01	sub-4/ses-03/run-01/tsv-row-28	28	right_hand	2	193.612	5.0	48403	49653	sub-4/ses-03/eeg/sub-4_ses-03_task-imagery_run-01_eeg.edf	test_exploratory	398.7032311166722	False	1.3470865525841505e-12	2.4749090126853016e-12	4.868472363292764e-12	6.802465317823079e-12
sub-4	03	01	sub-4/ses-03/run-01/tsv-row-29	29	rest	1	200.516	5.0	50129	51379	sub-4/ses-03/eeg/sub-4_ses-03_task-imagery_run-01_eeg.edf	test_exploratory	378.76238840907007	False	2.971190499237258e-12	2.451523679976868e-12	1.5194140889668896e-11	5.8557937041197736e-12
sub-4	03	01	sub-4/ses-03/run-01/tsv-row-30	30	right_hand	2	207.388	5.0	51847	53097	sub-4/ses-03/eeg/sub-4_ses-03_task-imagery_run-01_eeg.edf	test_exploratory	454.3217069307536	False	2.225914118960271e-12	2.9390216840373152e-12	1.1289383024461755e-11	7.903042864814154e-12
sub-4	03	01	sub-4/ses-03/run-01/tsv-row-31	31	rest	1	214.292	5.0	53573	54823	sub-4/ses-03/eeg/sub-4_ses-03_task-imagery_run-01_eeg.edf	test_exploratory	343.11316106143374	False	1.4679504400316346e-12	1.5551151429277495e-12	4.39833360661001e-12	5.603129966731302e-12
sub-4	03	01	sub-4/ses-03/run-01/tsv-row-32	32	right_hand	2	221.16	5.0	55290	56540	sub-4/ses-03/eeg/sub-4_ses-03_task-imagery_run-01_eeg.edf	test_exploratory	326.8366612445448	False	1.7343190538507906e-12	2.9700974572616067e-12	8.6337174745356e-12	8.642067180923782e-12
sub-4	03	02	sub-4/ses-03/run-02/tsv-row-1	1	rest	1	37.384	5.0	9346	10596	sub-4/ses-03/eeg/sub-4_ses-03_task-imagery_run-02_eeg.edf	test_exploratory	107.24529908139287	False	2.339515738023761e-12	3.6812990929903535e-12	7.631169859930798e-12	1.1946594486410287e-11
sub-4	03	02	sub-4/ses-03/run-02/tsv-row-2	2	right_hand	2	44.256	5.0	11064	12314	sub-4/ses-03/eeg/sub-4_ses-03_task-imagery_run-02_eeg.edf	test_exploratory	494.5374369792779	False	1.4801272573003381e-12	2.7684368595932434e-12	4.919531922038849e-12	1.3097531624083387e-11
sub-4	03	02	sub-4/ses-03/run-02/tsv-row-3	3	rest	1	51.164	5.0	12791	14041	sub-4/ses-03/eeg/sub-4_ses-03_task-imagery_run-02_eeg.edf	test_exploratory	458.47496208075194	False	1.5509291337229962e-12	2.1756658347471734e-12	5.0584250133160175e-12	7.65502259180722e-12
sub-4	03	02	sub-4/ses-03/run-02/tsv-row-4	4	right_hand	2	58.044	5.0	14511	15761	sub-4/ses-03/eeg/sub-4_ses-03_task-imagery_run-02_eeg.edf	test_exploratory	174.63345065157014	False	1.402886078172833e-12	2.8261146122299762e-12	6.479703980227441e-12	1.0087045981264463e-11
sub-4	03	02	sub-4/ses-03/run-02/tsv-row-5	5	rest	1	64.948	5.0	16237	17487	sub-4/ses-03/eeg/sub-4_ses-03_task-imagery_run-02_eeg.edf	test_exploratory	420.1356836146123	False	1.699616439190891e-12	1.380238191607883e-12	6.3943199294909365e-12	7.918739173449833e-12
sub-4	03	02	sub-4/ses-03/run-02/tsv-row-6	6	right_hand	2	71.82	5.0	17955	19205	sub-4/ses-03/eeg/sub-4_ses-03_task-imagery_run-02_eeg.edf	test_exploratory	102.03743804742575	False	1.0575857704157472e-12	2.3146280730126532e-12	7.649687007099881e-12	1.0077811174493222e-11
sub-4	03	02	sub-4/ses-03/run-02/tsv-row-7	7	right_hand	2	78.72	5.0	19680	20930	sub-4/ses-03/eeg/sub-4_ses-03_task-imagery_run-02_eeg.edf	test_exploratory	440.5745754112369	False	1.7164340594980865e-12	2.8825822918082985e-12	7.555890003985699e-12	1.183662589070848e-11
sub-4	03	02	sub-4/ses-03/run-02/tsv-row-8	8	rest	1	85.616	5.0	21404	22654	sub-4/ses-03/eeg/sub-4_ses-03_task-imagery_run-02_eeg.edf	test_exploratory	139.67012230292667	False	1.7434981157658887e-12	2.49984746980422e-12	6.550340794031972e-12	8.973462977692477e-12
sub-4	03	02	sub-4/ses-03/run-02/tsv-row-9	9	right_hand	2	92.48	5.0	23120	24370	sub-4/ses-03/eeg/sub-4_ses-03_task-imagery_run-02_eeg.edf	test_exploratory	484.8544792779321	False	3.200738944273833e-12	2.878737417283477e-12	2.3066000941423308e-11	9.515043475141447e-12
sub-4	03	02	sub-4/ses-03/run-02/tsv-row-10	10	rest	1	99.384	5.0	24846	26096	sub-4/ses-03/eeg/sub-4_ses-03_task-imagery_run-02_eeg.edf	test_exploratory	409.09187780388805	False	2.25683301486694e-12	1.285844283337915e-12	9.048187830235454e-12	7.5720747959657e-12
sub-4	03	02	sub-4/ses-03/run-02/tsv-row-11	11	right_hand	2	106.252	5.0	26563	27813	sub-4/ses-03/eeg/sub-4_ses-03_task-imagery_run-02_eeg.edf	test_exploratory	429.7924711600085	False	1.8217017886786645e-12	1.7276129716405346e-12	1.1606112255186237e-11	8.003298161912411e-12
sub-4	03	02	sub-4/ses-03/run-02/tsv-row-12	12	rest	1	113.156	5.0	28289	29539	sub-4/ses-03/eeg/sub-4_ses-03_task-imagery_run-02_eeg.edf	test_exploratory	69.16772217474897	False	2.2126728855499138e-12	1.4497004533875676e-12	8.781786283277426e-12	5.461365901558831e-12
sub-4	03	02	sub-4/ses-03/run-02/tsv-row-13	13	right_hand	2	120.028	5.0	30007	31257	sub-4/ses-03/eeg/sub-4_ses-03_task-imagery_run-02_eeg.edf	test_exploratory	105.02083582567825	False	2.486766279935568e-12	1.8112752481501956e-12	1.2156926753945393e-11	9.573443738220518e-12
sub-4	03	02	sub-4/ses-03/run-02/tsv-row-14	14	rest	1	126.936	5.0	31734	32984	sub-4/ses-03/eeg/sub-4_ses-03_task-imagery_run-02_eeg.edf	test_exploratory	399.5921111941893	False	1.7434132594523136e-12	1.2562255334128087e-12	6.472740425012469e-12	6.739062885008009e-12
sub-4	03	02	sub-4/ses-03/run-02/tsv-row-15	15	rest	1	133.84	5.0	33460	34710	sub-4/ses-03/eeg/sub-4_ses-03_task-imagery_run-02_eeg.edf	test_exploratory	394.61978156376836	False	2.0901765642371616e-12	1.7633021109143341e-12	7.729023649635754e-12	6.84753183357355e-12
sub-4	03	02	sub-4/ses-03/run-02/tsv-row-16	16	right_hand	2	140.688	5.0	35172	36422	sub-4/ses-03/eeg/sub-4_ses-03_task-imagery_run-02_eeg.edf	test_exploratory	456.1458182012391	False	1.3518617854701873e-12	1.580136423898655e-12	4.692023785620367e-12	8.896411643607299e-12
sub-4	03	02	sub-4/ses-03/run-02/tsv-row-17	17	right_hand	2	147.588	5.0	36897	38147	sub-4/ses-03/eeg/sub-4_ses-03_task-imagery_run-02_eeg.edf	test_exploratory	752.6798552659687	False	4.565736861877545e-12	3.5525430415411067e-12	2.6217259149755e-11	1.3756741645939454e-11
sub-4	03	02	sub-4/ses-03/run-02/tsv-row-18	18	rest	1	154.492	5.0	38623	39873	sub-4/ses-03/eeg/sub-4_ses-03_task-imagery_run-02_eeg.edf	test_exploratory	409.0657076479385	False	2.0320274175133445e-12	1.460758835037041e-12	8.67826508097827e-12	9.434583577826349e-12
sub-4	03	02	sub-4/ses-03/run-02/tsv-row-19	19	rest	1	161.38	5.0	40345	41595	sub-4/ses-03/eeg/sub-4_ses-03_task-imagery_run-02_eeg.edf	test_exploratory	416.6027125614185	False	2.599974414500493e-12	1.2947140301959416e-12	1.3672488798820531e-11	6.862444908778441e-12
sub-4	03	02	sub-4/ses-03/run-02/tsv-row-20	20	right_hand	2	168.252	5.0	42063	43313	sub-4/ses-03/eeg/sub-4_ses-03_task-imagery_run-02_eeg.edf	test_exploratory	93.16575518051698	False	3.652945721054198e-12	3.1354680325472107e-12	2.4402278637711715e-11	1.5487074280011446e-11
sub-4	03	02	sub-4/ses-03/run-02/tsv-row-21	21	rest	1	175.16	5.0	43790	45040	sub-4/ses-03/eeg/sub-4_ses-03_task-imagery_run-02_eeg.edf	test_exploratory	428.09141102328573	False	2.8766826691686907e-12	1.5137107375289617e-12	1.1187971439810711e-11	8.769000168240444e-12
sub-4	03	02	sub-4/ses-03/run-02/tsv-row-22	22	right_hand	2	182.024	5.0	45506	46756	sub-4/ses-03/eeg/sub-4_ses-03_task-imagery_run-02_eeg.edf	test_exploratory	321.6312166203802	False	1.635734349073324e-12	1.846166174357786e-12	9.046743796782855e-12	1.000490253349252e-11
sub-4	03	02	sub-4/ses-03/run-02/tsv-row-23	23	right_hand	2	188.912	5.0	47228	48478	sub-4/ses-03/eeg/sub-4_ses-03_task-imagery_run-02_eeg.edf	test_exploratory	93.45362689596236	False	2.382580850976377e-12	1.99561940837372e-12	1.527628318416618e-11	1.3501736873582975e-11
sub-4	03	02	sub-4/ses-03/run-02/tsv-row-24	24	rest	1	195.82	5.0	48955	50205	sub-4/ses-03/eeg/sub-4_ses-03_task-imagery_run-02_eeg.edf	test_exploratory	379.02236861781665	False	2.323271656328491e-12	1.5152931001848511e-12	1.1660749895751571e-11	9.30412005579821e-12
sub-4	03	02	sub-4/ses-03/run-02/tsv-row-25	25	right_hand	2	202.684	5.0	50671	51921	sub-4/ses-03/eeg/sub-4_ses-03_task-imagery_run-02_eeg.edf	test_exploratory	450.179022644734	False	1.5231906518709184e-12	1.5030332221547026e-12	6.859124418110162e-12	9.604958217576222e-12
sub-4	03	02	sub-4/ses-03/run-02/tsv-row-26	26	rest	1	209.596	5.0	52399	53649	sub-4/ses-03/eeg/sub-4_ses-03_task-imagery_run-02_eeg.edf	test_exploratory	390.74659848323006	False	2.870199664952911e-12	1.5731151447958193e-12	1.0222324437437691e-11	8.606583659783162e-12
sub-4	03	02	sub-4/ses-03/run-02/tsv-row-27	27	rest	1	216.48	5.0	54120	55370	sub-4/ses-03/eeg/sub-4_ses-03_task-imagery_run-02_eeg.edf	test_exploratory	140.76926885280918	False	2.5415898010133594e-12	1.345537280218984e-12	1.0830472026947081e-11	7.534481045448249e-12
sub-4	03	02	sub-4/ses-03/run-02/tsv-row-28	28	right_hand	2	223.344	5.0	55836	57086	sub-4/ses-03/eeg/sub-4_ses-03_task-imagery_run-02_eeg.edf	test_exploratory	604.8446443067721	False	3.23680353147741e-12	2.317766863197662e-12	2.131174915349171e-11	1.4216111508646574e-11
sub-4	03	02	sub-4/ses-03/run-02/tsv-row-29	29	right_hand	2	230.232	5.0	57558	58808	sub-4/ses-03/eeg/sub-4_ses-03_task-imagery_run-02_eeg.edf	test_exploratory	439.9464916684469	False	2.105520748057937e-12	1.6556550713888613e-12	8.383416968515655e-12	1.2434511992936895e-11
sub-4	03	02	sub-4/ses-03/run-02/tsv-row-30	30	rest	1	237.136	5.0	59284	60534	sub-4/ses-03/eeg/sub-4_ses-03_task-imagery_run-02_eeg.edf	test_exploratory	346.51903492843405	False	3.544965073342483e-12	2.1602616196559456e-12	2.5985932593600336e-11	1.1044765709679916e-11
sub-4	03	02	sub-4/ses-03/run-02/tsv-row-31	31	right_hand	2	244.004	5.0	61001	62251	sub-4/ses-03/eeg/sub-4_ses-03_task-imagery_run-02_eeg.edf	test_exploratory	433.7965050202948	False	2.7040007791464462e-12	3.06676557764686e-12	1.6092402068693485e-11	1.5808558515541373e-11
sub-4	03	02	sub-4/ses-03/run-02/tsv-row-32	32	rest	1	250.916	5.0	62729	63979	sub-4/ses-03/eeg/sub-4_ses-03_task-imagery_run-02_eeg.edf	test_exploratory	365.46622783593244	False	2.1551653104921638e-12	1.2832835437574957e-12	1.0301767517502077e-11	9.140180704621466e-12
sub-4	03	03	sub-4/ses-03/run-03/tsv-row-1	1	rest	1	17.848	5.0	4462	5712	sub-4/ses-03/eeg/sub-4_ses-03_task-imagery_run-03_eeg.edf	test_exploratory	133.51638978240297	False	2.2205378333137865e-12	4.419786243634981e-12	4.8643398404935284e-12	9.25387139900069e-12
sub-4	03	03	sub-4/ses-03/run-03/tsv-row-2	2	right_hand	2	24.712	5.0	6178	7428	sub-4/ses-03/eeg/sub-4_ses-03_task-imagery_run-03_eeg.edf	test_exploratory	535.4876589403972	False	1.7257218185890086e-12	4.177658745514542e-12	6.5820698114227705e-12	1.2416459636978606e-11
sub-4	03	03	sub-4/ses-03/run-03/tsv-row-3	3	right_hand	2	31.616	5.0	7904	9154	sub-4/ses-03/eeg/sub-4_ses-03_task-imagery_run-03_eeg.edf	test_exploratory	152.62082497634816	False	2.4870050768211737e-12	5.417901801730545e-12	1.0616672712810275e-11	1.2694602042732219e-11
sub-4	03	03	sub-4/ses-03/run-03/tsv-row-4	4	rest	1	38.532	5.0	9633	10883	sub-4/ses-03/eeg/sub-4_ses-03_task-imagery_run-03_eeg.edf	test_exploratory	123.64218732261115	False	2.389578882619234e-12	2.9199425691736448e-12	8.096589794225805e-12	9.150830460622014e-12
sub-4	03	03	sub-4/ses-03/run-03/tsv-row-5	5	rest	1	45.42	5.0	11355	12605	sub-4/ses-03/eeg/sub-4_ses-03_task-imagery_run-03_eeg.edf	test_exploratory	419.0632989593188	False	3.641689632842195e-12	2.0462986445270333e-12	1.4269324212648351e-11	7.189590403043356e-12
sub-4	03	03	sub-4/ses-03/run-03/tsv-row-6	6	right_hand	2	52.276	5.0	13069	14319	sub-4/ses-03/eeg/sub-4_ses-03_task-imagery_run-03_eeg.edf	test_exploratory	141.5660113528855	False	2.483282173395783e-12	2.3806270187846033e-12	1.2406145050494248e-11	7.393918944493435e-12
sub-4	03	03	sub-4/ses-03/run-03/tsv-row-7	7	rest	1	59.196	5.0	14799	16049	sub-4/ses-03/eeg/sub-4_ses-03_task-imagery_run-03_eeg.edf	test_exploratory	434.3575799432356	False	2.7038820489296654e-12	2.575344564924503e-12	8.9454213793575e-12	8.205164813633629e-12
sub-4	03	03	sub-4/ses-03/run-03/tsv-row-8	8	right_hand	2	66.064	5.0	16516	17766	sub-4/ses-03/eeg/sub-4_ses-03_task-imagery_run-03_eeg.edf	test_exploratory	387.8575993377483	False	2.4564662107054205e-12	3.145133222511635e-12	1.0065801974582282e-11	1.0205971080771142e-11
sub-4	03	03	sub-4/ses-03/run-03/tsv-row-9	9	rest	1	72.968	5.0	18242	19492	sub-4/ses-03/eeg/sub-4_ses-03_task-imagery_run-03_eeg.edf	test_exploratory	125.11795127719962	False	2.5637459253380236e-12	1.8048371376199024e-12	8.777867613473652e-12	6.31106865330437e-12
sub-4	03	03	sub-4/ses-03/run-03/tsv-row-10	10	right_hand	2	79.824	5.0	19956	21206	sub-4/ses-03/eeg/sub-4_ses-03_task-imagery_run-03_eeg.edf	test_exploratory	422.87345316934716	False	1.8011367785782837e-12	2.811746821947966e-12	6.989957061068667e-12	9.616693410194892e-12
sub-4	03	03	sub-4/ses-03/run-03/tsv-row-11	11	right_hand	2	86.724	5.0	21681	22931	sub-4/ses-03/eeg/sub-4_ses-03_task-imagery_run-03_eeg.edf	test_exploratory	186.40240350047304	False	3.0198683259157475e-12	4.126908595229922e-12	1.7245804585464117e-11	1.1887588511017829e-11
sub-4	03	03	sub-4/ses-03/run-03/tsv-row-12	12	rest	1	93.628	5.0	23407	24657	sub-4/ses-03/eeg/sub-4_ses-03_task-imagery_run-03_eeg.edf	test_exploratory	426.49578287606437	False	2.339145641774079e-12	2.0144069451328882e-12	9.549406475957408e-12	7.370477313402674e-12
sub-4	03	03	sub-4/ses-03/run-03/tsv-row-13	13	right_hand	2	100.484	5.0	25121	26371	sub-4/ses-03/eeg/sub-4_ses-03_task-imagery_run-03_eeg.edf	test_exploratory	132.8187559129612	False	2.316814222368212e-12	2.4102785702169445e-12	1.1693856774620133e-11	8.240357244522838e-12
sub-4	03	03	sub-4/ses-03/run-03/tsv-row-14	14	rest	1	107.408	5.0	26852	28102	sub-4/ses-03/eeg/sub-4_ses-03_task-imagery_run-03_eeg.edf	test_exploratory	97.96389451277199	False	2.2056324202070247e-12	3.033778657444005e-12	8.366314759300069e-12	7.652113117089079e-12
sub-4	03	03	sub-4/ses-03/run-03/tsv-row-15	15	right_hand	2	114.256	5.0	28564	29814	sub-4/ses-03/eeg/sub-4_ses-03_task-imagery_run-03_eeg.edf	test_exploratory	363.3599176915799	False	1.2402512099936833e-12	2.4305595908081544e-12	6.815679049169579e-12	8.533736546046084e-12
sub-4	03	03	sub-4/ses-03/run-03/tsv-row-16	16	rest	1	121.168	5.0	30292	31542	sub-4/ses-03/eeg/sub-4_ses-03_task-imagery_run-03_eeg.edf	test_exploratory	406.98886660359506	False	2.8092286590329066e-12	2.12837679488291e-12	1.43101078023035e-11	6.3798057549804206e-12
sub-4	03	03	sub-4/ses-03/run-03/tsv-row-17	17	right_hand	2	128.028	5.0	32007	33257	sub-4/ses-03/eeg/sub-4_ses-03_task-imagery_run-03_eeg.edf	test_exploratory	118.27577294228949	False	1.2255177101663356e-12	2.826611263127461e-12	5.774235052913223e-12	8.207815281498749e-12
sub-4	03	03	sub-4/ses-03/run-03/tsv-row-18	18	rest	1	134.992	5.0	33748	34998	sub-4/ses-03/eeg/sub-4_ses-03_task-imagery_run-03_eeg.edf	test_exploratory	443.2658278145695	False	2.3557065629408924e-12	2.570272551702347e-12	1.1016567005605737e-11	7.279963379754302e-12
sub-4	03	03	sub-4/ses-03/run-03/tsv-row-19	19	right_hand	2	141.82	5.0	35455	36705	sub-4/ses-03/eeg/sub-4_ses-03_task-imagery_run-03_eeg.edf	test_exploratory	462.20927057710503	False	2.163821593812437e-12	5.46936626231945e-12	1.0179371759356647e-11	1.3233493010175486e-11
sub-4	03	03	sub-4/ses-03/run-03/tsv-row-20	20	rest	1	148.732	5.0	37183	38433	sub-4/ses-03/eeg/sub-4_ses-03_task-imagery_run-03_eeg.edf	test_exploratory	396.17554162724684	False	3.494582519165451e-12	3.5593332443366993e-12	1.3809160962241555e-11	8.314823388795019e-12
sub-4	03	03	sub-4/ses-03/run-03/tsv-row-21	21	rest	1	155.628	5.0	38907	40157	sub-4/ses-03/eeg/sub-4_ses-03_task-imagery_run-03_eeg.edf	test_exploratory	485.23118826868495	False	2.7673660082518987e-12	2.413656973542961e-12	9.183917923002864e-12	7.27920436921704e-12
sub-4	03	03	sub-4/ses-03/run-03/tsv-row-22	22	right_hand	2	162.48	5.0	40620	41870	sub-4/ses-03/eeg/sub-4_ses-03_task-imagery_run-03_eeg.edf	test_exploratory	134.07986329233677	False	1.7597934585984319e-12	2.3100030295145638e-12	8.654936213288067e-12	8.428835019386546e-12
sub-4	03	03	sub-4/ses-03/run-03/tsv-row-23	23	right_hand	2	169.368	5.0	42342	43592	sub-4/ses-03/eeg/sub-4_ses-03_task-imagery_run-03_eeg.edf	test_exploratory	388.85038599810787	False	2.3758172231804764e-12	3.624584988107311e-12	1.2427355388966156e-11	9.951131984734287e-12
sub-4	03	03	sub-4/ses-03/run-03/tsv-row-24	24	rest	1	176.296	5.0	44074	45324	sub-4/ses-03/eeg/sub-4_ses-03_task-imagery_run-03_eeg.edf	test_exploratory	373.9585860927152	False	1.7173216544055784e-12	2.4603635464804776e-12	6.00188961523567e-12	7.832571894987415e-12
sub-4	03	03	sub-4/ses-03/run-03/tsv-row-25	25	right_hand	2	183.14	5.0	45785	47035	sub-4/ses-03/eeg/sub-4_ses-03_task-imagery_run-03_eeg.edf	test_exploratory	396.25603784295174	False	1.8886691199421155e-12	4.374689131936337e-12	1.0740961686098746e-11	1.0848435189783185e-11
sub-4	03	03	sub-4/ses-03/run-03/tsv-row-26	26	rest	1	190.06	5.0	47515	48765	sub-4/ses-03/eeg/sub-4_ses-03_task-imagery_run-03_eeg.edf	test_exploratory	351.7416305581835	False	3.3603354057299096e-12	2.5919432394065275e-12	1.720887685707855e-11	6.488508989285358e-12
sub-4	03	03	sub-4/ses-03/run-03/tsv-row-27	27	rest	1	196.948	5.0	49237	50487	sub-4/ses-03/eeg/sub-4_ses-03_task-imagery_run-03_eeg.edf	test_exploratory	368.56533964049197	False	4.296582718421621e-12	3.4181739663916053e-12	2.0462578287410862e-11	7.970078579089993e-12
sub-4	03	03	sub-4/ses-03/run-03/tsv-row-28	28	right_hand	2	203.8	5.0	50950	52200	sub-4/ses-03/eeg/sub-4_ses-03_task-imagery_run-03_eeg.edf	test_exploratory	495.40054351939455	False	1.7395455691722039e-12	3.372813451218789e-12	1.0606513367737164e-11	1.0373614477573605e-11
sub-4	03	03	sub-4/ses-03/run-03/tsv-row-29	29	rest	1	210.704	5.0	52676	53926	sub-4/ses-03/eeg/sub-4_ses-03_task-imagery_run-03_eeg.edf	test_exploratory	493.81745127719955	False	2.295808206051112e-12	3.4529427065352543e-12	8.682620366385986e-12	9.518531302079096e-12
sub-4	03	03	sub-4/ses-03/run-03/tsv-row-30	30	right_hand	2	217.576	5.0	54394	55644	sub-4/ses-03/eeg/sub-4_ses-03_task-imagery_run-03_eeg.edf	test_exploratory	131.2356636707663	False	3.935793967593112e-12	2.349170315253074e-12	2.384085156775634e-11	7.331218770872618e-12
sub-4	03	03	sub-4/ses-03/run-03/tsv-row-31	31	rest	1	224.484	5.0	56121	57371	sub-4/ses-03/eeg/sub-4_ses-03_task-imagery_run-03_eeg.edf	test_exploratory	405.2984460737937	False	2.398239129407957e-12	2.5682923136366272e-12	1.4961998582182716e-11	9.538381152880275e-12
sub-4	03	03	sub-4/ses-03/run-03/tsv-row-32	32	right_hand	2	231.348	5.0	57837	59087	sub-4/ses-03/eeg/sub-4_ses-03_task-imagery_run-03_eeg.edf	test_exploratory	412.1137923368022	False	2.503557278047812e-12	2.5643529204037965e-12	9.52988799752526e-12	9.352736798549872e-12
sub-4	03	04	sub-4/ses-03/run-04/tsv-row-1	1	rest	1	5.448	5.0	1362	2612	sub-4/ses-03/eeg/sub-4_ses-03_task-imagery_run-04_eeg.edf	test_exploratory	120.29234046449176	False	2.0516911169699176e-12	2.4218172092906255e-12	5.7733678172594704e-12	7.029411151321968e-12
sub-4	03	04	sub-4/ses-03/run-04/tsv-row-2	2	right_hand	2	12.312	5.0	3078	4328	sub-4/ses-03/eeg/sub-4_ses-03_task-imagery_run-04_eeg.edf	test_exploratory	135.4675965147862	False	1.755337523339648e-12	2.353498852375565e-12	6.227604282317617e-12	7.345722067964602e-12
sub-4	03	04	sub-4/ses-03/run-04/tsv-row-3	3	right_hand	2	19.216	5.0	4804	6054	sub-4/ses-03/eeg/sub-4_ses-03_task-imagery_run-04_eeg.edf	test_exploratory	500.53376537369917	False	1.5355446019101339e-12	2.473719604532467e-12	4.2381072451886515e-12	7.340714324177671e-12
sub-4	03	04	sub-4/ses-03/run-04/tsv-row-4	4	rest	1	26.152	5.0	6538	7788	sub-4/ses-03/eeg/sub-4_ses-03_task-imagery_run-04_eeg.edf	test_exploratory	115.29865474410228	False	2.593665535832797e-12	1.900731451353713e-12	6.1463587193850214e-12	6.459774356538569e-12
sub-4	03	04	sub-4/ses-03/run-04/tsv-row-5	5	rest	1	33.056	5.0	8264	9514	sub-4/ses-03/eeg/sub-4_ses-03_task-imagery_run-04_eeg.edf	test_exploratory	426.0723627430036	False	1.7216048493702357e-12	2.0574123849092194e-12	6.076459631531354e-12	5.028264296631007e-12
sub-4	03	04	sub-4/ses-03/run-04/tsv-row-6	6	right_hand	2	39.86	5.0	9965	11215	sub-4/ses-03/eeg/sub-4_ses-03_task-imagery_run-04_eeg.edf	test_exploratory	375.35870998260447	False	1.4298083725492822e-12	2.297046315270779e-12	6.572185116308862e-12	7.398560222073209e-12
sub-4	03	04	sub-4/ses-03/run-04/tsv-row-7	7	rest	1	46.812	5.0	11703	12953	sub-4/ses-03/eeg/sub-4_ses-03_task-imagery_run-04_eeg.edf	test_exploratory	447.267784356212	False	1.8030953836929253e-12	1.8348236964241052e-12	4.704232821156948e-12	5.23023406697e-12
sub-4	03	04	sub-4/ses-03/run-04/tsv-row-8	8	right_hand	2	53.632	5.0	13408	14658	sub-4/ses-03/eeg/sub-4_ses-03_task-imagery_run-04_eeg.edf	test_exploratory	463.13660786767167	False	1.2358502659129357e-12	2.6313108012805726e-12	4.252549003328494e-12	6.689897327819767e-12
sub-4	03	04	sub-4/ses-03/run-04/tsv-row-9	9	right_hand	2	60.536	5.0	15134	16384	sub-4/ses-03/eeg/sub-4_ses-03_task-imagery_run-04_eeg.edf	test_exploratory	125.39699697866757	False	2.3009857436645496e-12	2.0863908413709848e-12	1.6092260040856436e-11	6.054791472480949e-12
sub-4	03	04	sub-4/ses-03/run-04/tsv-row-10	10	rest	1	67.456	5.0	16864	18114	sub-4/ses-03/eeg/sub-4_ses-03_task-imagery_run-04_eeg.edf	test_exploratory	119.51554490798668	False	2.354100721951393e-12	2.141578480894989e-12	1.0667424332629785e-11	4.9871621419116094e-12
sub-4	03	04	sub-4/ses-03/run-04/tsv-row-11	11	right_hand	2	74.308	5.0	18577	19827	sub-4/ses-03/eeg/sub-4_ses-03_task-imagery_run-04_eeg.edf	test_exploratory	433.20223624378184	False	1.6936961287808242e-12	3.892846278364217e-12	8.914470052165242e-12	1.0109529374462412e-11
sub-4	03	04	sub-4/ses-03/run-04/tsv-row-12	12	rest	1	81.312	5.0	20328	21578	sub-4/ses-03/eeg/sub-4_ses-03_task-imagery_run-04_eeg.edf	test_exploratory	482.223584398938	False	2.6193286121577895e-12	2.7122189462097673e-12	1.1003049935827973e-11	7.031508538056854e-12
sub-4	03	04	sub-4/ses-03/run-04/tsv-row-13	13	right_hand	2	88.084	5.0	22021	23271	sub-4/ses-03/eeg/sub-4_ses-03_task-imagery_run-04_eeg.edf	test_exploratory	482.72295297097685	False	2.07036053986485e-12	2.116960937766115e-12	8.904303419321812e-12	6.913025011573952e-12
sub-4	03	04	sub-4/ses-03/run-04/tsv-row-14	14	rest	1	95.02	5.0	23755	25005	sub-4/ses-03/eeg/sub-4_ses-03_task-imagery_run-04_eeg.edf	test_exploratory	114.27217490157783	False	2.7817983231069127e-12	1.973870179773471e-12	1.1418945650680538e-11	7.048683955737077e-12
sub-4	03	04	sub-4/ses-03/run-04/tsv-row-15	15	right_hand	2	101.856	5.0	25464	26714	sub-4/ses-03/eeg/sub-4_ses-03_task-imagery_run-04_eeg.edf	test_exploratory	485.5804509109775	False	1.5681799382915016e-12	2.8211360679857653e-12	7.520017168234779e-12	8.727138849411687e-12
sub-4	03	04	sub-4/ses-03/run-04/tsv-row-16	16	rest	1	108.776	5.0	27194	28444	sub-4/ses-03/eeg/sub-4_ses-03_task-imagery_run-04_eeg.edf	test_exploratory	494.12520203253274	False	2.4478722713247956e-12	2.1858500008861875e-12	7.554029797769957e-12	6.163711977263166e-12
sub-4	03	04	sub-4/ses-03/run-04/tsv-row-17	17	rest	1	115.688	5.0	28922	30172	sub-4/ses-03/eeg/sub-4_ses-03_task-imagery_run-04_eeg.edf	test_exploratory	437.47461180455946	False	2.8598438834438664e-12	1.9357041849366698e-12	1.2195415471789007e-11	6.877800136728762e-12
sub-4	03	04	sub-4/ses-03/run-04/tsv-row-18	18	right_hand	2	122.532	5.0	30633	31883	sub-4/ses-03/eeg/sub-4_ses-03_task-imagery_run-04_eeg.edf	test_exploratory	507.8855804620502	False	1.6387884522729044e-12	2.005447963292234e-12	8.161073160607299e-12	6.0319852084362605e-12
sub-4	03	04	sub-4/ses-03/run-04/tsv-row-19	19	right_hand	2	129.42	5.0	32355	33605	sub-4/ses-03/eeg/sub-4_ses-03_task-imagery_run-04_eeg.edf	test_exploratory	460.7507358012635	False	2.9363178382138348e-12	1.8861501915865833e-12	1.4639260933049743e-11	5.556982515524588e-12
sub-4	03	04	sub-4/ses-03/run-04/tsv-row-20	20	rest	1	136.364	5.0	34091	35341	sub-4/ses-03/eeg/sub-4_ses-03_task-imagery_run-04_eeg.edf	test_exploratory	380.3801384014405	False	2.434862293351519e-12	1.5446042199825305e-12	9.059426032374463e-12	5.400853886340622e-12
sub-4	03	04	sub-4/ses-03/run-04/tsv-row-21	21	right_hand	2	143.176	5.0	35794	37044	sub-4/ses-03/eeg/sub-4_ses-03_task-imagery_run-04_eeg.edf	test_exploratory	339.32094470046076	False	2.679035181507921e-12	2.4731460505762585e-12	1.202586966289899e-11	6.795987914038185e-12
sub-4	03	04	sub-4/ses-03/run-04/tsv-row-22	22	rest	1	150.148	5.0	37537	38787	sub-4/ses-03/eeg/sub-4_ses-03_task-imagery_run-04_eeg.edf	test_exploratory	98.95820535905025	False	2.6802335079731933e-12	1.4515068967333153e-12	1.136670457669721e-11	5.174978456256542e-12
sub-4	03	04	sub-4/ses-03/run-04/tsv-row-23	23	rest	1	157.024	5.0	39256	40506	sub-4/ses-03/eeg/sub-4_ses-03_task-imagery_run-04_eeg.edf	test_exploratory	433.1744935453352	False	9.920389516507248e-13	1.965310272665169e-12	4.474850752916224e-12	6.754668852451895e-12
sub-4	03	04	sub-4/ses-03/run-04/tsv-row-24	24	right_hand	2	163.856	5.0	40964	42214	sub-4/ses-03/eeg/sub-4_ses-03_task-imagery_run-04_eeg.edf	test_exploratory	491.4619029816583	False	3.206814293051006e-12	3.1087553577916475e-12	1.4149264391447307e-11	9.773265120668888e-12
sub-4	03	04	sub-4/ses-03/run-04/tsv-row-25	25	rest	1	170.808	5.0	42702	43952	sub-4/ses-03/eeg/sub-4_ses-03_task-imagery_run-04_eeg.edf	test_exploratory	92.66061281167029	False	2.7333560174380793e-12	2.074478343533887e-12	1.1692477976193378e-11	5.7230010137054985e-12
sub-4	03	04	sub-4/ses-03/run-04/tsv-row-26	26	right_hand	2	177.628	5.0	44407	45657	sub-4/ses-03/eeg/sub-4_ses-03_task-imagery_run-04_eeg.edf	test_exploratory	392.53144032105473	False	2.1701368944611987e-12	2.210589999722181e-12	1.0579183694332941e-11	7.514895485608118e-12
sub-4	03	04	sub-4/ses-03/run-04/tsv-row-27	27	rest	1	184.548	5.0	46137	47387	sub-4/ses-03/eeg/sub-4_ses-03_task-imagery_run-04_eeg.edf	test_exploratory	359.37891567735824	False	3.3677228631746726e-12	1.708469827822043e-12	1.361033698645568e-11	6.222964140528771e-12
sub-4	03	04	sub-4/ses-03/run-04/tsv-row-28	28	right_hand	2	191.4	5.0	47850	49100	sub-4/ses-03/eeg/sub-4_ses-03_task-imagery_run-04_eeg.edf	test_exploratory	385.0963971373639	False	1.6407840474755374e-12	1.7870215588586852e-12	7.848810388842294e-12	7.019487105538141e-12
sub-4	03	04	sub-4/ses-03/run-04/tsv-row-29	29	rest	1	198.356	5.0	49589	50839	sub-4/ses-03/eeg/sub-4_ses-03_task-imagery_run-04_eeg.edf	test_exploratory	368.7282050538651	False	3.5369867457611735e-12	2.3651966833985487e-12	2.0909776169280517e-11	7.871237520284027e-12
sub-4	03	04	sub-4/ses-03/run-04/tsv-row-30	30	right_hand	2	205.176	5.0	51294	52544	sub-4/ses-03/eeg/sub-4_ses-03_task-imagery_run-04_eeg.edf	test_exploratory	417.0282430494095	False	1.73212382310756e-12	1.43576890312651e-12	8.441837150062358e-12	6.0919685534331185e-12
sub-4	03	04	sub-4/ses-03/run-04/tsv-row-31	31	right_hand	2	212.064	5.0	53016	54266	sub-4/ses-03/eeg/sub-4_ses-03_task-imagery_run-04_eeg.edf	test_exploratory	418.2211790826135	False	1.4894270496953172e-12	2.434918559291203e-12	9.7822653055223e-12	7.225419212321455e-12
sub-4	03	04	sub-4/ses-03/run-04/tsv-row-32	32	rest	1	219.016	5.0	54754	56004	sub-4/ses-03/eeg/sub-4_ses-03_task-imagery_run-04_eeg.edf	test_exploratory	440.11016815698724	False	2.5128945360191722e-12	1.267178016189908e-12	8.774375502510871e-12	4.9667735433180684e-12
sub-4	03	05	sub-4/ses-03/run-05/tsv-row-1	1	rest	1	27.52	5.0	6880	8130	sub-4/ses-03/eeg/sub-4_ses-03_task-imagery_run-05_eeg.edf	test_exploratory	474.63976682332833	False	2.0437976101858593e-12	2.6545663184622197e-12	7.262211894773303e-12	7.479246379520708e-12
sub-4	03	05	sub-4/ses-03/run-05/tsv-row-2	2	right_hand	2	34.384	5.0	8596	9846	sub-4/ses-03/eeg/sub-4_ses-03_task-imagery_run-05_eeg.edf	test_exploratory	469.78171929074983	False	2.7474480644079717e-12	2.7059246317355925e-12	1.412513366026024e-11	9.277363702852604e-12
sub-4	03	05	sub-4/ses-03/run-05/tsv-row-3	3	right_hand	2	41.288	5.0	10322	11572	sub-4/ses-03/eeg/sub-4_ses-03_task-imagery_run-05_eeg.edf	test_exploratory	133.24118671224096	False	1.777115350297006e-12	1.953242718952222e-12	8.372483782766737e-12	8.498799445954849e-12
sub-4	03	05	sub-4/ses-03/run-05/tsv-row-4	4	rest	1	48.232	5.0	12058	13308	sub-4/ses-03/eeg/sub-4_ses-03_task-imagery_run-05_eeg.edf	test_exploratory	440.57661482589185	False	2.9305982335131262e-12	1.8830384043956377e-12	1.400176660582708e-11	6.8646588712780505e-12
sub-4	03	05	sub-4/ses-03/run-05/tsv-row-5	5	rest	1	55.108	5.0	13777	15027	sub-4/ses-03/eeg/sub-4_ses-03_task-imagery_run-05_eeg.edf	test_exploratory	505.9187746208074	False	2.897215747751203e-12	1.2025303266859146e-12	1.2413115942770321e-11	5.279516828512977e-12
sub-4	03	05	sub-4/ses-03/run-05/tsv-row-6	6	right_hand	2	61.932	5.0	15483	16733	sub-4/ses-03/eeg/sub-4_ses-03_task-imagery_run-05_eeg.edf	test_exploratory	474.1852126682332	False	2.77084511581316e-12	1.9823758787707803e-12	1.4880422933952084e-11	9.709680042917007e-12
sub-4	03	05	sub-4/ses-03/run-05/tsv-row-7	7	rest	1	68.884	5.0	17221	18471	sub-4/ses-03/eeg/sub-4_ses-03_task-imagery_run-05_eeg.edf	test_exploratory	440.12206067079677	False	3.293020182187065e-12	1.4761353956178156e-12	1.7749735945069297e-11	6.0478850166729836e-12
sub-4	03	05	sub-4/ses-03/run-05/tsv-row-8	8	right_hand	2	75.704	5.0	18926	20176	sub-4/ses-03/eeg/sub-4_ses-03_task-imagery_run-05_eeg.edf	test_exploratory	118.55340557573169	False	2.5131546734378944e-12	2.4305066671243476e-12	1.1610954881625273e-11	9.107759681276165e-12
sub-4	03	05	sub-4/ses-03/run-05/tsv-row-9	9	right_hand	2	82.608	5.0	20652	21902	sub-4/ses-03/eeg/sub-4_ses-03_task-imagery_run-05_eeg.edf	test_exploratory	221.8508373210852	False	2.3691786364199633e-12	2.1720773435332408e-12	8.799800453334086e-12	1.1367874991247758e-11
sub-4	03	05	sub-4/ses-03/run-05/tsv-row-10	10	rest	1	89.512	5.0	22378	23628	sub-4/ses-03/eeg/sub-4_ses-03_task-imagery_run-05_eeg.edf	test_exploratory	385.97329694509716	False	3.8665922964481076e-12	1.8397990832052603e-12	2.248270575737619e-11	7.442698676795704e-12
sub-4	03	05	sub-4/ses-03/run-05/tsv-row-11	11	rest	1	96.42	5.0	24105	25355	sub-4/ses-03/eeg/sub-4_ses-03_task-imagery_run-05_eeg.edf	test_exploratory	391.9677298654134	False	3.497336151072421e-12	1.6928007159342481e-12	1.6835090581550635e-11	7.335134944124725e-12
sub-4	03	05	sub-4/ses-03/run-05/tsv-row-12	12	right_hand	2	103.268	5.0	25817	27067	sub-4/ses-03/eeg/sub-4_ses-03_task-imagery_run-05_eeg.edf	test_exploratory	280.85764857936334	False	6.844918469555802e-12	2.918195084909282e-12	4.809159049406711e-11	1.1341493364994997e-11
sub-4	03	05	sub-4/ses-03/run-05/tsv-row-13	13	right_hand	2	110.156	5.0	27539	28789	sub-4/ses-03/eeg/sub-4_ses-03_task-imagery_run-05_eeg.edf	test_exploratory	436.7981334116641	False	2.2625812120305053e-12	3.4608097417778186e-12	1.0797089155118993e-11	1.2754148510340184e-11
sub-4	03	05	sub-4/ses-03/run-05/tsv-row-14	14	rest	1	117.072	5.0	29268	30518	sub-4/ses-03/eeg/sub-4_ses-03_task-imagery_run-05_eeg.edf	test_exploratory	529.8965063020722	False	2.3974885805081453e-12	2.907835072103819e-12	1.1372143221004584e-11	1.0781205657728848e-11
sub-4	03	05	sub-4/ses-03/run-05/tsv-row-15	15	right_hand	2	123.912	5.0	30978	32228	sub-4/ses-03/eeg/sub-4_ses-03_task-imagery_run-05_eeg.edf	test_exploratory	456.79851623584693	False	4.019515399617314e-12	3.742189020658505e-12	1.5893545116435637e-11	1.3169963832514656e-11
sub-4	03	05	sub-4/ses-03/run-05/tsv-row-16	16	rest	1	130.848	5.0	32712	33962	sub-4/ses-03/eeg/sub-4_ses-03_task-imagery_run-05_eeg.edf	test_exploratory	469.0430687887203	False	3.4196680810842743e-12	3.1119216185609758e-12	1.7100467109087124e-11	1.1697021178534432e-11
sub-4	03	05	sub-4/ses-03/run-05/tsv-row-17	17	right_hand	2	137.72	5.0	34430	35680	sub-4/ses-03/eeg/sub-4_ses-03_task-imagery_run-05_eeg.edf	test_exploratory	116.87723712881863	False	1.851706171899789e-12	2.0644887956381724e-12	1.0611578800055274e-11	9.814090328511016e-12
sub-4	03	05	sub-4/ses-03/run-05/tsv-row-18	18	rest	1	144.628	5.0	36157	37407	sub-4/ses-03/eeg/sub-4_ses-03_task-imagery_run-05_eeg.edf	test_exploratory	497.1686071352275	False	2.300220520783112e-12	1.3280868496068023e-12	1.0688109292144847e-11	6.880935051205138e-12
sub-4	03	05	sub-4/ses-03/run-05/tsv-row-19	19	right_hand	2	151.476	5.0	37869	39119	sub-4/ses-03/eeg/sub-4_ses-03_task-imagery_run-05_eeg.edf	test_exploratory	535.5784332407604	False	2.2957059959964138e-12	3.3219240302974754e-12	1.2637986715041537e-11	1.5908608741757336e-11
sub-4	03	05	sub-4/ses-03/run-05/tsv-row-20	20	rest	1	158.396	5.0	39599	40849	sub-4/ses-03/eeg/sub-4_ses-03_task-imagery_run-05_eeg.edf	test_exploratory	483.56039211706894	False	3.723343769144112e-12	2.44543481893676e-12	1.997022752492554e-11	9.065481815621343e-12
sub-4	03	05	sub-4/ses-03/run-05/tsv-row-21	21	rest	1	165.288	5.0	41322	42572	sub-4/ses-03/eeg/sub-4_ses-03_task-imagery_run-05_eeg.edf	test_exploratory	455.1791670583208	False	3.0850758357795585e-12	1.4417636036456705e-12	1.7439387777525683e-11	7.516186910266007e-12
sub-4	03	05	sub-4/ses-03/run-05/tsv-row-22	22	right_hand	2	172.136	5.0	43034	44284	sub-4/ses-03/eeg/sub-4_ses-03_task-imagery_run-05_eeg.edf	test_exploratory	105.91111813715021	False	5.059789976356365e-12	2.0822978602979734e-12	3.594474174265684e-11	1.1615593759514325e-11
sub-4	03	05	sub-4/ses-03/run-05/tsv-row-23	23	right_hand	2	179.024	5.0	44756	46006	sub-4/ses-03/eeg/sub-4_ses-03_task-imagery_run-05_eeg.edf	test_exploratory	409.21237812433236	False	1.933547592005329e-12	3.4099400694660098e-12	1.3205726427535455e-11	1.2437755588251456e-11
sub-4	03	05	sub-4/ses-03/run-05/tsv-row-24	24	rest	1	185.944	5.0	46486	47736	sub-4/ses-03/eeg/sub-4_ses-03_task-imagery_run-05_eeg.edf	test_exploratory	464.6679850459303	False	1.91237797792653e-12	1.5679666918287884e-12	9.415739178420788e-12	1.0601762604313111e-11
sub-4	03	05	sub-4/ses-03/run-05/tsv-row-25	25	right_hand	2	192.796	5.0	48199	49449	sub-4/ses-03/eeg/sub-4_ses-03_task-imagery_run-05_eeg.edf	test_exploratory	549.8968891262549	False	1.837107352646127e-12	2.808304043805776e-12	9.53158571674307e-12	1.2066210192723358e-11
sub-4	03	05	sub-4/ses-03/run-05/tsv-row-26	26	rest	1	199.716	5.0	49929	51179	sub-4/ses-03/eeg/sub-4_ses-03_task-imagery_run-05_eeg.edf	test_exploratory	414.5533894466994	False	2.515074112248869e-12	1.524125207965951e-12	1.3189986211601182e-11	7.643940804870527e-12
sub-4	03	05	sub-4/ses-03/run-05/tsv-row-27	27	rest	1	206.62	5.0	51655	52905	sub-4/ses-03/eeg/sub-4_ses-03_task-imagery_run-05_eeg.edf	test_exploratory	398.5871747489853	False	3.610629340746538e-12	1.6837180425651384e-12	2.3519201222931364e-11	8.116432593162565e-12
sub-4	03	05	sub-4/ses-03/run-05/tsv-row-28	28	right_hand	2	213.456	5.0	53364	54614	sub-4/ses-03/eeg/sub-4_ses-03_task-imagery_run-05_eeg.edf	test_exploratory	404.26910168767347	False	2.7563808227275544e-12	1.930064694357164e-12	1.524236406398352e-11	1.3494776901565572e-11
sub-4	03	05	sub-4/ses-03/run-05/tsv-row-29	29	rest	1	220.384	5.0	55096	56346	sub-4/ses-03/eeg/sub-4_ses-03_task-imagery_run-05_eeg.edf	test_exploratory	490.60598152104245	False	2.6478503996710553e-12	1.4070583005275573e-12	1.3782626745205361e-11	7.281021890709637e-12
sub-4	03	05	sub-4/ses-03/run-05/tsv-row-30	30	right_hand	2	227.248	5.0	56812	58062	sub-4/ses-03/eeg/sub-4_ses-03_task-imagery_run-05_eeg.edf	test_exploratory	341.99518243964957	False	2.1278224629002536e-12	2.2040155382193914e-12	9.999682955194034e-12	1.0673449108694892e-11
sub-4	03	05	sub-4/ses-03/run-05/tsv-row-31	31	right_hand	2	234.132	5.0	58533	59783	sub-4/ses-03/eeg/sub-4_ses-03_task-imagery_run-05_eeg.edf	test_exploratory	612.1423987395855	False	2.281991015387559e-12	2.347984353928219e-12	1.335785933391882e-11	1.4667264349620352e-11
sub-4	03	05	sub-4/ses-03/run-05/tsv-row-32	32	rest	1	241.06	5.0	60265	61515	sub-4/ses-03/eeg/sub-4_ses-03_task-imagery_run-05_eeg.edf	test_exploratory	402.1383790856654	False	2.8316155546707463e-12	2.268216864549286e-12	1.877430593857641e-11	1.3946575333742828e-11
sub-4	03	06	sub-4/ses-03/run-06/tsv-row-1	1	right_hand	2	5.196	5.0	1299	2549	sub-4/ses-03/eeg/sub-4_ses-03_task-imagery_run-06_eeg.edf	test_exploratory	172.88907803582873	False	1.6954758310362776e-12	4.767228144226068e-12	8.104712313044807e-12	1.2368274539816693e-11
sub-4	03	06	sub-4/ses-03/run-06/tsv-row-2	2	rest	1	12.116	5.0	3029	4279	sub-4/ses-03/eeg/sub-4_ses-03_task-imagery_run-06_eeg.edf	test_exploratory	121.9234479812006	False	2.1627162808677807e-12	3.774836572354425e-12	6.289754530967999e-12	9.491639080222938e-12
sub-4	03	06	sub-4/ses-03/run-06/tsv-row-3	3	right_hand	2	18.988	5.0	4747	5997	sub-4/ses-03/eeg/sub-4_ses-03_task-imagery_run-06_eeg.edf	test_exploratory	598.3470052186652	False	1.917555388750199e-12	3.950600500342668e-12	6.489058325418793e-12	1.0521557916344628e-11
sub-4	03	06	sub-4/ses-03/run-06/tsv-row-4	4	rest	1	25.88	5.0	6470	7720	sub-4/ses-03/eeg/sub-4_ses-03_task-imagery_run-06_eeg.edf	test_exploratory	517.4062288277839	False	1.5761813943122821e-12	2.7211614923306816e-12	8.199041716280988e-12	7.514060591495843e-12
sub-4	03	06	sub-4/ses-03/run-06/tsv-row-5	5	right_hand	2	32.744	5.0	8186	9436	sub-4/ses-03/eeg/sub-4_ses-03_task-imagery_run-06_eeg.edf	test_exploratory	490.1107187108981	False	2.0897023445880214e-12	3.091495686269488e-12	1.3353215655607279e-11	9.929646420146009e-12
sub-4	03	06	sub-4/ses-03/run-06/tsv-row-6	6	rest	1	39.664	5.0	9916	11166	sub-4/ses-03/eeg/sub-4_ses-03_task-imagery_run-06_eeg.edf	test_exploratory	420.9655958738975	False	2.2920856883856008e-12	2.349816009507398e-12	5.495254146398816e-12	7.165503783157974e-12
sub-4	03	06	sub-4/ses-03/run-06/tsv-row-7	7	right_hand	2	46.532	5.0	11633	12883	sub-4/ses-03/eeg/sub-4_ses-03_task-imagery_run-06_eeg.edf	test_exploratory	498.78013000885034	False	2.99015932092299e-12	3.524136906185466e-12	1.556548193280968e-11	8.329135080824164e-12
sub-4	03	06	sub-4/ses-03/run-06/tsv-row-8	8	rest	1	53.452	5.0	13363	14613	sub-4/ses-03/eeg/sub-4_ses-03_task-imagery_run-06_eeg.edf	test_exploratory	116.35400799584949	False	2.702089530691202e-12	1.8920969710535737e-12	8.012932102115887e-12	5.9078395124625985e-12
sub-4	03	06	sub-4/ses-03/run-06/tsv-row-9	9	rest	1	60.356	5.0	15089	16339	sub-4/ses-03/eeg/sub-4_ses-03_task-imagery_run-06_eeg.edf	test_exploratory	383.5557725760674	False	2.3571129718008272e-12	1.9701698808382297e-12	1.048918535810055e-11	6.051719118247277e-12
sub-4	03	06	sub-4/ses-03/run-06/tsv-row-10	10	right_hand	2	67.196	5.0	16799	18049	sub-4/ses-03/eeg/sub-4_ses-03_task-imagery_run-06_eeg.edf	test_exploratory	445.5289278847621	False	2.796044233941252e-12	3.0699606009544112e-12	1.625473654705192e-11	1.093814269695107e-11
sub-4	03	06	sub-4/ses-03/run-06/tsv-row-11	11	rest	1	74.116	5.0	18529	19779	sub-4/ses-03/eeg/sub-4_ses-03_task-imagery_run-06_eeg.edf	test_exploratory	472.08885158848835	False	1.858252591531369e-12	2.1407087345977138e-12	7.221685860892848e-12	6.0127578144985304e-12
sub-4	03	06	sub-4/ses-03/run-06/tsv-row-12	12	right_hand	2	80.968	5.0	20242	21492	sub-4/ses-03/eeg/sub-4_ses-03_task-imagery_run-06_eeg.edf	test_exploratory	382.7676442762536	False	2.4110164410601695e-12	3.050859758200605e-12	7.694127045517989e-12	8.20733399717732e-12
sub-4	03	06	sub-4/ses-03/run-06/tsv-row-13	13	rest	1	87.888	5.0	21972	23222	sub-4/ses-03/eeg/sub-4_ses-03_task-imagery_run-06_eeg.edf	test_exploratory	499.75215491195405	False	2.8853258508864975e-12	2.5405015193476535e-12	1.2300873322998013e-11	6.361352513729789e-12
sub-4	03	06	sub-4/ses-03/run-06/tsv-row-14	14	right_hand	2	94.74	5.0	23685	24935	sub-4/ses-03/eeg/sub-4_ses-03_task-imagery_run-06_eeg.edf	test_exploratory	154.2367082735679	False	1.9224946418598162e-12	3.159363071403663e-12	9.685722490465254e-12	8.403814586817872e-12
sub-4	03	06	sub-4/ses-03/run-06/tsv-row-15	15	rest	1	101.652	5.0	25413	26663	sub-4/ses-03/eeg/sub-4_ses-03_task-imagery_run-06_eeg.edf	test_exploratory	439.90694601275675	False	2.1991849410885696e-12	2.547213652133817e-12	9.878951335605136e-12	6.661072269297394e-12
sub-4	03	06	sub-4/ses-03/run-06/tsv-row-16	16	right_hand	2	108.516	5.0	27129	28379	sub-4/ses-03/eeg/sub-4_ses-03_task-imagery_run-06_eeg.edf	test_exploratory	419.23171361430707	False	2.8407979670039017e-12	3.215394601598435e-12	1.4367261936062566e-11	6.808582098863444e-12
sub-4	03	06	sub-4/ses-03/run-06/tsv-row-17	17	right_hand	2	115.42	5.0	28855	30105	sub-4/ses-03/eeg/sub-4_ses-03_task-imagery_run-06_eeg.edf	test_exploratory	397.00649555955687	False	2.8364795681111007e-12	3.648593232595074e-12	1.5106021117027345e-11	9.859470869817608e-12
sub-4	03	06	sub-4/ses-03/run-06/tsv-row-18	18	rest	1	122.312	5.0	30578	31828	sub-4/ses-03/eeg/sub-4_ses-03_task-imagery_run-06_eeg.edf	test_exploratory	485.46076174199646	False	2.1387441743402005e-12	5.2083068171514315e-12	5.52901485720655e-12	9.927614553650288e-12
sub-4	03	06	sub-4/ses-03/run-06/tsv-row-19	19	rest	1	129.216	5.0	32304	33554	sub-4/ses-03/eeg/sub-4_ses-03_task-imagery_run-06_eeg.edf	test_exploratory	408.72333628345586	False	4.337888005347845e-12	3.5835050826351876e-12	1.659093330304553e-11	6.751316052093912e-12
sub-4	03	06	sub-4/ses-03/run-06/tsv-row-20	20	right_hand	2	136.08	5.0	34020	35270	sub-4/ses-03/eeg/sub-4_ses-03_task-imagery_run-06_eeg.edf	test_exploratory	440.66880336924345	False	2.3138849807112692e-12	3.865978924587608e-12	9.960361788069223e-12	8.072646666662297e-12
sub-4	03	06	sub-4/ses-03/run-06/tsv-row-21	21	right_hand	2	142.964	5.0	35741	36991	sub-4/ses-03/eeg/sub-4_ses-03_task-imagery_run-06_eeg.edf	test_exploratory	482.4921451460311	False	3.0028493150326468e-12	4.908449178997964e-12	1.4580855047881727e-11	1.0945694966391593e-11
sub-4	03	06	sub-4/ses-03/run-06/tsv-row-22	22	rest	1	149.876	5.0	37469	38719	sub-4/ses-03/eeg/sub-4_ses-03_task-imagery_run-06_eeg.edf	test_exploratory	105.84563066499834	False	2.2439620425588795e-12	1.6304556414454762e-12	9.801050690494323e-12	4.145920828166884e-12
sub-4	03	06	sub-4/ses-03/run-06/tsv-row-23	23	rest	1	156.756	5.0	39189	40439	sub-4/ses-03/eeg/sub-4_ses-03_task-imagery_run-06_eeg.edf	test_exploratory	467.59652027954957	False	3.5041294348880884e-12	2.9170844232770616e-12	1.3415641780147195e-11	7.097275619576625e-12
sub-4	03	06	sub-4/ses-03/run-06/tsv-row-24	24	right_hand	2	163.628	5.0	40907	42157	sub-4/ses-03/eeg/sub-4_ses-03_task-imagery_run-06_eeg.edf	test_exploratory	427.76977019562355	False	2.838107786623652e-12	4.631457086547143e-12	1.423239067923237e-11	1.0743655589638288e-11
sub-4	03	06	sub-4/ses-03/run-06/tsv-row-25	25	right_hand	2	170.512	5.0	42628	43878	sub-4/ses-03/eeg/sub-4_ses-03_task-imagery_run-06_eeg.edf	test_exploratory	422.0164336069827	False	3.3502502217207397e-12	4.055859428459138e-12	2.129500177231071e-11	8.339911041508262e-12
sub-4	03	06	sub-4/ses-03/run-06/tsv-row-26	26	rest	1	177.416	5.0	44354	45604	sub-4/ses-03/eeg/sub-4_ses-03_task-imagery_run-06_eeg.edf	test_exploratory	194.14227118747522	False	4.9305094601601725e-12	7.312027152765328e-12	2.239970799221275e-11	1.3596264961614891e-11
sub-4	03	06	sub-4/ses-03/run-06/tsv-row-27	27	rest	1	184.312	5.0	46078	47328	sub-4/ses-03/eeg/sub-4_ses-03_task-imagery_run-06_eeg.edf	test_exploratory	122.50140873439742	False	3.6000157038702777e-12	3.363567103923619e-12	1.620823361311009e-11	6.380879315761441e-12
sub-4	03	06	sub-4/ses-03/run-06/tsv-row-28	28	right_hand	2	191.172	5.0	47793	49043	sub-4/ses-03/eeg/sub-4_ses-03_task-imagery_run-06_eeg.edf	test_exploratory	482.9912930692466	False	2.746904480092879e-12	5.07988336147903e-12	1.5389671607660693e-11	1.1142675100200781e-11
sub-4	03	06	sub-4/ses-03/run-06/tsv-row-29	29	right_hand	2	198.06	5.0	49515	50765	sub-4/ses-03/eeg/sub-4_ses-03_task-imagery_run-06_eeg.edf	test_exploratory	356.1026367992187	False	3.5726641407086605e-12	5.430104736085883e-12	1.9954558611499605e-11	9.854149238165244e-12
sub-4	03	06	sub-4/ses-03/run-06/tsv-row-30	30	rest	1	204.98	5.0	51245	52495	sub-4/ses-03/eeg/sub-4_ses-03_task-imagery_run-06_eeg.edf	test_exploratory	396.48107669301424	False	2.64576800505682e-12	2.333817016168684e-12	1.4576484065092842e-11	5.8036277547469285e-12
sub-4	03	06	sub-4/ses-03/run-06/tsv-row-31	31	right_hand	2	211.832	5.0	52958	54208	sub-4/ses-03/eeg/sub-4_ses-03_task-imagery_run-06_eeg.edf	test_exploratory	461.8431836909085	False	3.548666488417399e-12	5.291461941946513e-12	1.554589768343064e-11	1.0986341776884553e-11
sub-4	03	06	sub-4/ses-03/run-06/tsv-row-32	32	rest	1	218.752	5.0	54688	55938	sub-4/ses-03/eeg/sub-4_ses-03_task-imagery_run-06_eeg.edf	test_exploratory	399.7386736655781	False	3.4240013113074648e-12	2.7520429707477078e-12	2.097286970554157e-11	7.266166884407498e-12
sub-4	04	01	sub-4/ses-04/run-01/tsv-row-1	1	rest	1	8.156	5.0	2039	3289	sub-4/ses-04/eeg/sub-4_ses-04_task-imagery_run-01_eeg.edf	test_exploratory	140.75339373455	False	1.1039298349550807e-12	2.812288058943481e-12	3.682669613914277e-12	9.264277036968286e-12
sub-4	04	01	sub-4/ses-04/run-01/tsv-row-2	2	right_hand	2	15.032	5.0	3758	5008	sub-4/ses-04/eeg/sub-4_ses-04_task-imagery_run-01_eeg.edf	test_exploratory	419.930096148564	False	1.3897549112761554e-12	3.140842824109693e-12	6.759332924353491e-12	8.566263222730163e-12
sub-4	04	01	sub-4/ses-04/run-01/tsv-row-3	3	rest	1	21.936	5.0	5484	6734	sub-4/ses-04/eeg/sub-4_ses-04_task-imagery_run-01_eeg.edf	test_exploratory	123.57578995635853	False	1.941774634162191e-12	2.6800203218622187e-12	9.668187991777354e-12	8.30465964121215e-12
sub-4	04	01	sub-4/ses-04/run-01/tsv-row-4	4	right_hand	2	28.804	5.0	7201	8451	sub-4/ses-04/eeg/sub-4_ses-04_task-imagery_run-01_eeg.edf	test_exploratory	127.09801155125585	False	1.901327350891215e-12	2.4240332701182833e-12	1.1167307953670779e-11	9.501513254848904e-12
sub-4	04	01	sub-4/ses-04/run-01/tsv-row-5	5	right_hand	2	35.708	5.0	8927	10177	sub-4/ses-04/eeg/sub-4_ses-04_task-imagery_run-01_eeg.edf	test_exploratory	451.1423982818079	False	1.8514721383301642e-12	2.3811290521033145e-12	9.1297345243969e-12	8.171016261530278e-12
sub-4	04	01	sub-4/ses-04/run-01/tsv-row-6	6	rest	1	42.596	5.0	10649	11899	sub-4/ses-04/eeg/sub-4_ses-04_task-imagery_run-01_eeg.edf	test_exploratory	509.7738408307138	False	1.1480915222997487e-12	3.026706554679931e-12	4.9544511599454304e-12	8.905706718076182e-12
sub-4	04	01	sub-4/ses-04/run-01/tsv-row-7	7	right_hand	2	49.464	5.0	12366	13616	sub-4/ses-04/eeg/sub-4_ses-04_task-imagery_run-01_eeg.edf	test_exploratory	394.19078449354544	False	9.88939326903606e-13	2.2427855594931838e-12	6.645554284240058e-12	9.084886590525578e-12
sub-4	04	01	sub-4/ses-04/run-01/tsv-row-8	8	rest	1	56.372	5.0	14093	15343	sub-4/ses-04/eeg/sub-4_ses-04_task-imagery_run-01_eeg.edf	test_exploratory	143.3544189123203	False	1.2294752106447563e-12	2.8592858916945288e-12	4.946036429753307e-12	8.014376689943141e-12
sub-4	04	01	sub-4/ses-04/run-01/tsv-row-9	9	rest	1	63.272	5.0	15818	17068	sub-4/ses-04/eeg/sub-4_ses-04_task-imagery_run-01_eeg.edf	test_exploratory	384.6536921750541	False	2.412434922603514e-12	3.2423137608717942e-12	9.276348899041863e-12	9.476965185772133e-12
sub-4	04	01	sub-4/ses-04/run-01/tsv-row-10	10	right_hand	2	70.144	5.0	17536	18786	sub-4/ses-04/eeg/sub-4_ses-04_task-imagery_run-01_eeg.edf	test_exploratory	525.5154619586779	False	1.1237941329942896e-12	2.6562495123155483e-12	4.9584551872781455e-12	8.279947779684738e-12
sub-4	04	01	sub-4/ses-04/run-01/tsv-row-11	11	right_hand	2	77.028	5.0	19257	20507	sub-4/ses-04/eeg/sub-4_ses-04_task-imagery_run-01_eeg.edf	test_exploratory	151.7806567278054	False	1.885047767514531e-12	3.1505198395433588e-12	1.2107762162384097e-11	9.656414283670051e-12
sub-4	04	01	sub-4/ses-04/run-01/tsv-row-12	12	rest	1	83.932	5.0	20983	22233	sub-4/ses-04/eeg/sub-4_ses-04_task-imagery_run-01_eeg.edf	test_exploratory	116.07074855800039	False	1.834933295002242e-12	2.57437094392469e-12	1.0011154233929075e-11	9.199208914519571e-12
sub-4	04	01	sub-4/ses-04/run-01/tsv-row-13	13	rest	1	90.82	5.0	22705	23955	sub-4/ses-04/eeg/sub-4_ses-04_task-imagery_run-01_eeg.edf	test_exploratory	426.2159069948424	False	2.1072165569667417e-12	3.1579451074570456e-12	7.941630616743095e-12	8.736016222118829e-12
sub-4	04	01	sub-4/ses-04/run-01/tsv-row-14	14	right_hand	2	97.688	5.0	24422	25672	sub-4/ses-04/eeg/sub-4_ses-04_task-imagery_run-01_eeg.edf	test_exploratory	437.6224861598559	False	1.3800561366952888e-12	3.3063462303340804e-12	8.41557750957237e-12	1.0789869831108581e-11
sub-4	04	01	sub-4/ses-04/run-01/tsv-row-15	15	rest	1	104.596	5.0	26149	27399	sub-4/ses-04/eeg/sub-4_ses-04_task-imagery_run-01_eeg.edf	test_exploratory	427.0829153874325	False	1.8887797959622817e-12	2.59100707644227e-12	8.362730984621377e-12	6.194532260013646e-12
sub-4	04	01	sub-4/ses-04/run-01/tsv-row-16	16	right_hand	2	111.464	5.0	27866	29116	sub-4/ses-04/eeg/sub-4_ses-04_task-imagery_run-01_eeg.edf	test_exploratory	623.2435642109439	False	1.329887197720092e-12	2.467300699373144e-12	9.426873361221627e-12	8.997090158975688e-12
sub-4	04	01	sub-4/ses-04/run-01/tsv-row-17	17	right_hand	2	118.368	5.0	29592	30842	sub-4/ses-04/eeg/sub-4_ses-04_task-imagery_run-01_eeg.edf	test_exploratory	492.7317071138645	False	2.1809679075113163e-12	2.8413652735814476e-12	8.945760799210581e-12	1.0353226967322587e-11
sub-4	04	01	sub-4/ses-04/run-01/tsv-row-18	18	rest	1	125.272	5.0	31318	32568	sub-4/ses-04/eeg/sub-4_ses-04_task-imagery_run-01_eeg.edf	test_exploratory	441.57821195104833	False	1.645729699561653e-12	2.206055748855347e-12	5.9805327011147185e-12	7.006961447013755e-12
sub-4	04	01	sub-4/ses-04/run-01/tsv-row-19	19	right_hand	2	132.124	5.0	33031	34281	sub-4/ses-04/eeg/sub-4_ses-04_task-imagery_run-01_eeg.edf	test_exploratory	564.0702414166692	False	2.0012687477154553e-12	4.502710685787866e-12	1.4334978087043499e-11	1.2291556369573853e-11
sub-4	04	01	sub-4/ses-04/run-01/tsv-row-20	20	rest	1	139.028	5.0	34757	36007	sub-4/ses-04/eeg/sub-4_ses-04_task-imagery_run-01_eeg.edf	test_exploratory	131.0537373424482	False	1.6492011834190971e-12	3.0347551617692836e-12	1.0307050048011381e-11	8.287003532371755e-12
sub-4	04	01	sub-4/ses-04/run-01/tsv-row-21	21	right_hand	2	145.916	5.0	36479	37729	sub-4/ses-04/eeg/sub-4_ses-04_task-imagery_run-01_eeg.edf	test_exploratory	446.0487239753409	False	1.925498749105355e-12	4.253206307689472e-12	6.807429487197602e-12	9.698729702813703e-12
sub-4	04	01	sub-4/ses-04/run-01/tsv-row-22	22	rest	1	152.82	5.0	38205	39455	sub-4/ses-04/eeg/sub-4_ses-04_task-imagery_run-01_eeg.edf	test_exploratory	159.55663824884792	False	1.422713957118993e-12	2.650654666827093e-12	5.688811658310011e-12	8.280514276907897e-12
sub-4	04	01	sub-4/ses-04/run-01/tsv-row-23	23	rest	1	159.688	5.0	39922	41172	sub-4/ses-04/eeg/sub-4_ses-04_task-imagery_run-01_eeg.edf	test_exploratory	494.49281791131324	False	2.558732910236374e-12	2.8021667418467506e-12	1.236134802430847e-11	8.096599451651341e-12
sub-4	04	01	sub-4/ses-04/run-01/tsv-row-24	24	right_hand	2	166.576	5.0	41644	42894	sub-4/ses-04/eeg/sub-4_ses-04_task-imagery_run-01_eeg.edf	test_exploratory	368.8578830225532	False	1.421593437214846e-12	2.732287441704671e-12	8.230188158970054e-12	8.640484990557658e-12
sub-4	04	01	sub-4/ses-04/run-01/tsv-row-25	25	right_hand	2	173.46	5.0	43365	44615	sub-4/ses-04/eeg/sub-4_ses-04_task-imagery_run-01_eeg.edf	test_exploratory	458.9454738151189	False	2.0247330446735923e-12	2.742159272448575e-12	9.485012892716926e-12	1.106440983757723e-11
sub-4	04	01	sub-4/ses-04/run-01/tsv-row-26	26	rest	1	180.364	5.0	45091	46341	sub-4/ses-04/eeg/sub-4_ses-04_task-imagery_run-01_eeg.edf	test_exploratory	423.5065057679982	False	1.5943015529709018e-12	1.959582119088776e-12	8.534359408263739e-12	6.665090704542379e-12
sub-4	04	01	sub-4/ses-04/run-01/tsv-row-27	27	right_hand	2	187.236	5.0	46809	48059	sub-4/ses-04/eeg/sub-4_ses-04_task-imagery_run-01_eeg.edf	test_exploratory	469.8643607593004	False	1.7636646613215369e-12	2.7224033052756906e-12	9.770694987431394e-12	7.76246414183348e-12
sub-4	04	01	sub-4/ses-04/run-01/tsv-row-28	28	rest	1	194.14	5.0	48535	49785	sub-4/ses-04/eeg/sub-4_ses-04_task-imagery_run-01_eeg.edf	test_exploratory	501.97076529740286	False	1.5952271978562272e-12	2.5243574586070547e-12	5.980089247664283e-12	7.214501483678083e-12
sub-4	04	01	sub-4/ses-04/run-01/tsv-row-29	29	right_hand	2	201.008	5.0	50252	51502	sub-4/ses-04/eeg/sub-4_ses-04_task-imagery_run-01_eeg.edf	test_exploratory	399.1489887386699	False	2.7719764249300544e-12	2.9477791498643817e-12	1.7045978997571473e-11	9.933822745594004e-12
sub-4	04	01	sub-4/ses-04/run-01/tsv-row-30	30	rest	1	207.924	5.0	51981	53231	sub-4/ses-04/eeg/sub-4_ses-04_task-imagery_run-01_eeg.edf	test_exploratory	436.6741957304605	False	1.651412044917732e-12	1.6266833116647e-12	6.0656071707224225e-12	5.309942770286788e-12
sub-4	04	01	sub-4/ses-04/run-01/tsv-row-31	31	right_hand	2	214.784	5.0	53696	54946	sub-4/ses-04/eeg/sub-4_ses-04_task-imagery_run-01_eeg.edf	test_exploratory	411.15163617358917	False	1.1691366052495829e-12	3.98677008423785e-12	5.284028092416581e-12	1.1942979924354838e-11
sub-4	04	01	sub-4/ses-04/run-01/tsv-row-32	32	rest	1	221.688	5.0	55422	56672	sub-4/ses-04/eeg/sub-4_ses-04_task-imagery_run-01_eeg.edf	test_exploratory	490.6183741569261	False	1.8596852318461783e-12	2.772494573593287e-12	8.869802336158292e-12	6.907193887530017e-12
sub-4	04	02	sub-4/ses-04/run-02/tsv-row-1	1	rest	1	7.624	5.0	1906	3156	sub-4/ses-04/eeg/sub-4_ses-04_task-imagery_run-02_eeg.edf	test_exploratory	203.38707083346048	False	2.819662551015972e-12	6.835093405198534e-12	9.344081594046315e-12	1.330717262795587e-11
sub-4	04	02	sub-4/ses-04/run-02/tsv-row-2	2	right_hand	2	14.5	5.0	3625	4875	sub-4/ses-04/eeg/sub-4_ses-04_task-imagery_run-02_eeg.edf	test_exploratory	584.211004974517	False	1.9319282608072525e-12	6.944869065179105e-12	7.394069760631326e-12	1.3805060417978795e-11
sub-4	04	02	sub-4/ses-04/run-02/tsv-row-3	3	right_hand	2	21.388	5.0	5347	6597	sub-4/ses-04/eeg/sub-4_ses-04_task-imagery_run-02_eeg.edf	test_exploratory	131.79206518753622	False	1.4444982370185804e-12	3.500914499974969e-12	8.757210686730764e-12	8.548452296202083e-12
sub-4	04	02	sub-4/ses-04/run-02/tsv-row-4	4	rest	1	28.292	5.0	7073	8323	sub-4/ses-04/eeg/sub-4_ses-04_task-imagery_run-02_eeg.edf	test_exploratory	110.48055665761282	False	2.1094467242016784e-12	3.666263987230645e-12	7.607586483326912e-12	7.787302303897368e-12
sub-4	04	02	sub-4/ses-04/run-02/tsv-row-5	5	rest	1	35.196	5.0	8799	10049	sub-4/ses-04/eeg/sub-4_ses-04_task-imagery_run-02_eeg.edf	test_exploratory	93.6487060151982	False	1.4686631638016062e-12	1.9410171922450062e-12	5.429290997059038e-12	5.899453360640586e-12
sub-4	04	02	sub-4/ses-04/run-02/tsv-row-6	6	right_hand	2	42.048	5.0	10512	11762	sub-4/ses-04/eeg/sub-4_ses-04_task-imagery_run-02_eeg.edf	test_exploratory	478.978804895169	False	1.8343929369657866e-12	3.2954560017560563e-12	1.4748913543491587e-11	1.0756627248053607e-11
sub-4	04	02	sub-4/ses-04/run-02/tsv-row-7	7	rest	1	48.964	5.0	12241	13491	sub-4/ses-04/eeg/sub-4_ses-04_task-imagery_run-02_eeg.edf	test_exploratory	453.8503097628712	False	1.5873884415028193e-12	3.1240395122166694e-12	9.214288944649189e-12	7.90132041641725e-12
sub-4	04	02	sub-4/ses-04/run-02/tsv-row-8	8	right_hand	2	55.824	5.0	13956	15206	sub-4/ses-04/eeg/sub-4_ses-04_task-imagery_run-02_eeg.edf	test_exploratory	475.9835306863612	False	1.5602565132664461e-12	2.577074945761981e-12	9.281712391246034e-12	8.202625865249358e-12
sub-4	04	02	sub-4/ses-04/run-02/tsv-row-9	9	right_hand	2	62.728	5.0	15682	16932	sub-4/ses-04/eeg/sub-4_ses-04_task-imagery_run-02_eeg.edf	test_exploratory	445.5801721243935	False	2.7549925351494726e-12	3.246321325353079e-12	1.7860004829931407e-11	9.477139237394345e-12
sub-4	04	02	sub-4/ses-04/run-02/tsv-row-10	10	rest	1	69.624	5.0	17406	18656	sub-4/ses-04/eeg/sub-4_ses-04_task-imagery_run-02_eeg.edf	test_exploratory	376.39728995635863	False	1.9415126929932105e-12	2.2776398207961347e-12	7.1369268332767076e-12	6.602754276190869e-12
sub-4	04	02	sub-4/ses-04/run-02/tsv-row-11	11	rest	1	76.516	5.0	19129	20379	sub-4/ses-04/eeg/sub-4_ses-04_task-imagery_run-02_eeg.edf	test_exploratory	267.5336512344737	False	2.2569694393818067e-12	4.078700298183229e-12	8.177142518401757e-12	9.872006314180351e-12
sub-4	04	02	sub-4/ses-04/run-02/tsv-row-12	12	right_hand	2	83.372	5.0	20843	22093	sub-4/ses-04/eeg/sub-4_ses-04_task-imagery_run-02_eeg.edf	test_exploratory	377.5900982696005	False	2.0818112308502723e-12	3.994659156064046e-12	9.422379459604897e-12	8.876314129674372e-12
sub-4	04	02	sub-4/ses-04/run-02/tsv-row-13	13	rest	1	90.268	5.0	22567	23817	sub-4/ses-04/eeg/sub-4_ses-04_task-imagery_run-02_eeg.edf	test_exploratory	427.31695150608846	False	2.1516124934698543e-12	3.687303178853986e-12	1.0432003984076907e-11	8.070296579052106e-12
sub-4	04	02	sub-4/ses-04/run-02/tsv-row-14	14	right_hand	2	97.16	5.0	24290	25540	sub-4/ses-04/eeg/sub-4_ses-04_task-imagery_run-02_eeg.edf	test_exploratory	483.2464079714346	False	1.789663714908934e-12	3.1101184410804e-12	1.0184075787322001e-11	1.003425120856047e-11
sub-4	04	02	sub-4/ses-04/run-02/tsv-row-15	15	right_hand	2	104.048	5.0	26012	27262	sub-4/ses-04/eeg/sub-4_ses-04_task-imagery_run-02_eeg.edf	test_exploratory	489.6080523087254	False	2.402969012531676e-12	3.347372955081201e-12	1.5859108611040854e-11	1.075904299938468e-11
sub-4	04	02	sub-4/ses-04/run-02/tsv-row-16	16	rest	1	110.936	5.0	27734	28984	sub-4/ses-04/eeg/sub-4_ses-04_task-imagery_run-02_eeg.edf	test_exploratory	120.36761223181857	False	1.7178208594831131e-12	2.13323707666077e-12	8.24653558383496e-12	8.182379736385627e-12
sub-4	04	02	sub-4/ses-04/run-02/tsv-row-17	17	right_hand	2	117.82	5.0	29455	30705	sub-4/ses-04/eeg/sub-4_ses-04_task-imagery_run-02_eeg.edf	test_exploratory	381.77818079165013	False	1.5731546674900754e-12	3.820393689788495e-12	8.84931948723776e-12	1.1319651515035026e-11
sub-4	04	02	sub-4/ses-04/run-02/tsv-row-18	18	rest	1	124.724	5.0	31181	32431	sub-4/ses-04/eeg/sub-4_ses-04_task-imagery_run-02_eeg.edf	test_exploratory	118.1145298623615	False	2.2256113053640992e-12	2.5246654566350348e-12	1.2932602480422587e-11	7.590942190977145e-12
sub-4	04	02	sub-4/ses-04/run-02/tsv-row-19	19	rest	1	131.628	5.0	32907	34157	sub-4/ses-04/eeg/sub-4_ses-04_task-imagery_run-02_eeg.edf	test_exploratory	432.61832178716384	False	2.5204434956532686e-12	3.155800963958496e-12	8.722360629160042e-12	8.3797769285692e-12
sub-4	04	02	sub-4/ses-04/run-02/tsv-row-20	20	right_hand	2	138.48	5.0	34620	35870	sub-4/ses-04/eeg/sub-4_ses-04_task-imagery_run-02_eeg.edf	test_exploratory	123.12432477797785	False	2.0499569240270035e-12	3.812298684859906e-12	9.02041236975437e-12	1.2380184614746735e-11
sub-4	04	02	sub-4/ses-04/run-02/tsv-row-21	21	right_hand	2	145.368	5.0	36342	37592	sub-4/ses-04/eeg/sub-4_ses-04_task-imagery_run-02_eeg.edf	test_exploratory	135.8741203039644	False	1.9954343652932805e-12	2.309591719156667e-12	1.2856308708228384e-11	7.467141676040457e-12
sub-4	04	02	sub-4/ses-04/run-02/tsv-row-22	22	rest	1	152.272	5.0	38068	39318	sub-4/ses-04/eeg/sub-4_ses-04_task-imagery_run-02_eeg.edf	test_exploratory	122.43514664143807	False	1.2093116097690278e-12	2.3103037102976862e-12	4.362679270972718e-12	6.702691301391352e-12
sub-4	04	02	sub-4/ses-04/run-02/tsv-row-23	23	rest	1	159.176	5.0	39794	41044	sub-4/ses-04/eeg/sub-4_ses-04_task-imagery_run-02_eeg.edf	test_exploratory	408.04647053437907	False	2.9650689136404593e-12	3.362074056498649e-12	1.6424023219253652e-11	9.14564553284967e-12
sub-4	04	02	sub-4/ses-04/run-02/tsv-row-24	24	right_hand	2	166.044	5.0	41511	42761	sub-4/ses-04/eeg/sub-4_ses-04_task-imagery_run-02_eeg.edf	test_exploratory	348.14098635822626	False	1.8723448886600522e-12	2.939823460463141e-12	9.458579393533568e-12	1.2297370615749152e-11
sub-4	04	02	sub-4/ses-04/run-02/tsv-row-25	25	rest	1	172.932	5.0	43233	44483	sub-4/ses-04/eeg/sub-4_ses-04_task-imagery_run-02_eeg.edf	test_exploratory	439.3510620441298	False	1.73985267493426e-12	1.4735561860137776e-12	1.2231395896483313e-11	5.826116472780669e-12
sub-4	04	02	sub-4/ses-04/run-02/tsv-row-26	26	right_hand	2	179.82	5.0	44955	46205	sub-4/ses-04/eeg/sub-4_ses-04_task-imagery_run-02_eeg.edf	test_exploratory	402.48003173924985	False	2.029639020935004e-12	2.900763981244086e-12	1.0629583382961732e-11	1.1148717229152505e-11
sub-4	04	02	sub-4/ses-04/run-02/tsv-row-27	27	right_hand	2	186.704	5.0	46676	47926	sub-4/ses-04/eeg/sub-4_ses-04_task-imagery_run-02_eeg.edf	test_exploratory	466.75914639729	False	4.646419347616584e-12	3.4758995963696044e-12	2.7704862682024404e-11	1.086932615271676e-11
sub-4	04	02	sub-4/ses-04/run-02/tsv-row-28	28	rest	1	193.612	5.0	48403	49653	sub-4/ses-04/eeg/sub-4_ses-04_task-imagery_run-02_eeg.edf	test_exploratory	443.51263771477403	False	3.5827967062021895e-12	5.450531726306058e-12	2.065194392578587e-11	1.2266879552069708e-11
sub-4	04	02	sub-4/ses-04/run-02/tsv-row-29	29	rest	1	200.496	5.0	50124	51374	sub-4/ses-04/eeg/sub-4_ses-04_task-imagery_run-02_eeg.edf	test_exploratory	406.8801690725424	False	3.3379232381005544e-12	3.744061234745168e-12	1.767113077194304e-11	9.894303511489483e-12
sub-4	04	02	sub-4/ses-04/run-02/tsv-row-30	30	right_hand	2	207.364	5.0	51841	53091	sub-4/ses-04/eeg/sub-4_ses-04_task-imagery_run-02_eeg.edf	test_exploratory	391.8242774742882	False	3.727998220631055e-12	3.2996140546434957e-12	2.1084163299380056e-11	1.1805919459865729e-11
sub-4	04	02	sub-4/ses-04/run-02/tsv-row-31	31	rest	1	214.272	5.0	53568	54818	sub-4/ses-04/eeg/sub-4_ses-04_task-imagery_run-02_eeg.edf	test_exploratory	477.0438047425764	False	2.0036523806155555e-12	2.389175556288523e-12	1.0545439840317485e-11	8.352726006229036e-12
sub-4	04	02	sub-4/ses-04/run-02/tsv-row-32	32	right_hand	2	221.156	5.0	55289	56539	sub-4/ses-04/eeg/sub-4_ses-04_task-imagery_run-02_eeg.edf	test_exploratory	413.24181340983307	False	2.495203959027164e-12	3.337996769408645e-12	1.8446595869918696e-11	1.1415500517361293e-11
sub-4	04	03	sub-4/ses-04/run-03/tsv-row-1	1	right_hand	2	7.68	5.0	1920	3170	sub-4/ses-04/eeg/sub-4_ses-04_task-imagery_run-03_eeg.edf	test_exploratory	189.5043502609333	False	1.4333986913289154e-12	6.544558745824271e-12	4.774854950949408e-12	1.3290244773449828e-11
sub-4	04	03	sub-4/ses-04/run-03/tsv-row-2	2	rest	1	14.608	5.0	3652	4902	sub-4/ses-04/eeg/sub-4_ses-04_task-imagery_run-03_eeg.edf	test_exploratory	208.56516571550648	False	1.4945430554177238e-12	5.097875142117225e-12	6.258417471860509e-12	9.252748949054643e-12
sub-4	04	03	sub-4/ses-04/run-03/tsv-row-3	3	right_hand	2	21.476	5.0	5369	6619	sub-4/ses-04/eeg/sub-4_ses-04_task-imagery_run-03_eeg.edf	test_exploratory	177.4163472396008	False	1.3804876061061121e-12	4.805571027293767e-12	5.701093059978841e-12	1.1455098239487361e-11
sub-4	04	03	sub-4/ses-04/run-03/tsv-row-4	4	rest	1	28.38	5.0	7095	8345	sub-4/ses-04/eeg/sub-4_ses-04_task-imagery_run-03_eeg.edf	test_exploratory	464.9169803460799	False	2.419719955269635e-12	3.1065555628168715e-12	1.2855337223946749e-11	7.794702901062116e-12
sub-4	04	03	sub-4/ses-04/run-03/tsv-row-5	5	right_hand	2	35.248	5.0	8812	10062	sub-4/ses-04/eeg/sub-4_ses-04_task-imagery_run-03_eeg.edf	test_exploratory	476.43962019714957	False	2.242345982413881e-12	3.5212374844804566e-12	1.4745540479727462e-11	8.26694807853112e-12
sub-4	04	03	sub-4/ses-04/run-03/tsv-row-6	6	rest	1	42.152	5.0	10538	11788	sub-4/ses-04/eeg/sub-4_ses-04_task-imagery_run-03_eeg.edf	test_exploratory	484.8662236396375	False	1.7713481928527543e-12	2.7874101635478438e-12	6.065004188303817e-12	7.987621669640581e-12
sub-4	04	03	sub-4/ses-04/run-03/tsv-row-7	7	right_hand	2	49.024	5.0	12256	13506	sub-4/ses-04/eeg/sub-4_ses-04_task-imagery_run-03_eeg.edf	test_exploratory	193.16574983977785	False	1.6432622876148126e-12	4.116234358014224e-12	7.806409876209515e-12	9.059893885341058e-12
sub-4	04	03	sub-4/ses-04/run-03/tsv-row-8	8	rest	1	55.928	5.0	13982	15232	sub-4/ses-04/eeg/sub-4_ses-04_task-imagery_run-03_eeg.edf	test_exploratory	166.37830439161348	False	2.308534917455108e-12	3.5035016954464765e-12	7.05206049699917e-12	6.9929052631122425e-12
sub-4	04	03	sub-4/ses-04/run-03/tsv-row-9	9	rest	1	62.828	5.0	15707	16957	sub-4/ses-04/eeg/sub-4_ses-04_task-imagery_run-03_eeg.edf	test_exploratory	133.10264351329084	False	1.820982110411055e-12	2.9219911674689786e-12	5.965893501213333e-12	7.821541367610336e-12
sub-4	04	03	sub-4/ses-04/run-03/tsv-row-10	10	right_hand	2	69.684	5.0	17421	18671	sub-4/ses-04/eeg/sub-4_ses-04_task-imagery_run-03_eeg.edf	test_exploratory	112.13036210211492	False	2.3679966315799904e-12	3.4253696705013364e-12	1.590639598400695e-11	9.868285178432029e-12
sub-4	04	03	sub-4/ses-04/run-03/tsv-row-11	11	rest	1	76.604	5.0	19151	20401	sub-4/ses-04/eeg/sub-4_ses-04_task-imagery_run-03_eeg.edf	test_exploratory	128.8758807641835	False	1.943735263422576e-12	3.2330020909747758e-12	6.486756011844015e-12	9.42623940329852e-12
sub-4	04	03	sub-4/ses-04/run-03/tsv-row-12	12	right_hand	2	83.456	5.0	20864	22114	sub-4/ses-04/eeg/sub-4_ses-04_task-imagery_run-03_eeg.edf	test_exploratory	410.88441450239577	False	4.39203546963945e-12	3.1155709540524794e-12	2.8880141024236614e-11	8.696779694005565e-12
sub-4	04	03	sub-4/ses-04/run-03/tsv-row-13	13	right_hand	2	90.36	5.0	22590	23840	sub-4/ses-04/eeg/sub-4_ses-04_task-imagery_run-03_eeg.edf	test_exploratory	155.25949537644584	False	2.2307463640149343e-12	5.850205301808119e-12	1.0820197006162106e-11	1.1069090087854644e-11
sub-4	04	03	sub-4/ses-04/run-03/tsv-row-14	14	rest	1	97.264	5.0	24316	25566	sub-4/ses-04/eeg/sub-4_ses-04_task-imagery_run-03_eeg.edf	test_exploratory	162.1515416425062	False	2.0601986233900756e-12	2.624636041157294e-12	9.175808252238421e-12	7.277903398441383e-12
sub-4	04	03	sub-4/ses-04/run-03/tsv-row-15	15	right_hand	2	104.136	5.0	26034	27284	sub-4/ses-04/eeg/sub-4_ses-04_task-imagery_run-03_eeg.edf	test_exploratory	539.0333997619557	False	1.5098126027157364e-12	6.608322382815055e-12	5.189860692463333e-12	1.500417090722725e-11
sub-4	04	03	sub-4/ses-04/run-03/tsv-row-16	16	rest	1	111.036	5.0	27759	29009	sub-4/ses-04/eeg/sub-4_ses-04_task-imagery_run-03_eeg.edf	test_exploratory	129.60277626880705	False	1.9030541009420428e-12	2.861831759289509e-12	7.566746047784804e-12	7.761358136674957e-12
sub-4	04	03	sub-4/ses-04/run-03/tsv-row-17	17	right_hand	2	117.908	5.0	29477	30727	sub-4/ses-04/eeg/sub-4_ses-04_task-imagery_run-03_eeg.edf	test_exploratory	451.83286126285594	False	1.7480353149359163e-12	3.995084000066015e-12	8.914842675983133e-12	1.0581151527068076e-11
sub-4	04	03	sub-4/ses-04/run-03/tsv-row-18	18	rest	1	124.812	5.0	31203	32453	sub-4/ses-04/eeg/sub-4_ses-04_task-imagery_run-03_eeg.edf	test_exploratory	494.93507248146	False	1.8851425227094347e-12	3.8581641268617244e-12	8.271232082128354e-12	9.28502959919336e-12
sub-4	04	03	sub-4/ses-04/run-03/tsv-row-19	19	right_hand	2	131.68	5.0	32920	34170	sub-4/ses-04/eeg/sub-4_ses-04_task-imagery_run-03_eeg.edf	test_exploratory	483.14321207312236	False	2.8279787826564604e-12	5.4460008607237776e-12	1.5084249917834252e-11	1.2489399999993814e-11
sub-4	04	03	sub-4/ses-04/run-03/tsv-row-20	20	rest	1	138.584	5.0	34646	35896	sub-4/ses-04/eeg/sub-4_ses-04_task-imagery_run-03_eeg.edf	test_exploratory	458.2133884701072	False	1.5176249309096085e-12	2.112601635925927e-12	5.5161959428766e-12	7.913788191345784e-12
sub-4	04	03	sub-4/ses-04/run-03/tsv-row-21	21	right_hand	2	145.456	5.0	36364	37614	sub-4/ses-04/eeg/sub-4_ses-04_task-imagery_run-03_eeg.edf	test_exploratory	483.62780907620476	False	2.088645799578309e-12	4.6908362649416915e-12	1.1728443938668234e-11	1.2997147275371195e-11
sub-4	04	03	sub-4/ses-04/run-03/tsv-row-22	22	rest	1	152.356	5.0	38089	39339	sub-4/ses-04/eeg/sub-4_ses-04_task-imagery_run-03_eeg.edf	test_exploratory	399.9540598773156	False	1.7327470374771774e-12	3.177937241518678e-12	5.664169797398342e-12	8.893938667525602e-12
sub-4	04	03	sub-4/ses-04/run-03/tsv-row-23	23	right_hand	2	159.228	5.0	39807	41057	sub-4/ses-04/eeg/sub-4_ses-04_task-imagery_run-03_eeg.edf	test_exploratory	478.3510861537523	False	2.118878661543962e-12	2.2930991616569696e-12	1.3529145411708861e-11	8.894913099102765e-12
sub-4	04	03	sub-4/ses-04/run-03/tsv-row-24	24	rest	1	166.144	5.0	41536	42786	sub-4/ses-04/eeg/sub-4_ses-04_task-imagery_run-03_eeg.edf	test_exploratory	444.24084154789875	False	3.729291352603208e-12	4.821161284465647e-12	1.758501088502428e-11	1.1458557441096161e-11
sub-4	04	03	sub-4/ses-04/run-03/tsv-row-25	25	right_hand	2	173.004	5.0	43251	44501	sub-4/ses-04/eeg/sub-4_ses-04_task-imagery_run-03_eeg.edf	test_exploratory	449.436798303171	False	2.1773961438413227e-12	4.993487353424049e-12	1.3207128081404437e-11	1.4611245806192184e-11
sub-4	04	03	sub-4/ses-04/run-03/tsv-row-26	26	rest	1	179.904	5.0	44976	46226	sub-4/ses-04/eeg/sub-4_ses-04_task-imagery_run-03_eeg.edf	test_exploratory	229.77974562822354	False	1.9962235146195297e-12	2.7890893062513898e-12	8.917731783353595e-12	1.0070337110624737e-11
sub-4	04	03	sub-4/ses-04/run-03/tsv-row-27	27	rest	1	186.812	5.0	46703	47953	sub-4/ses-04/eeg/sub-4_ses-04_task-imagery_run-03_eeg.edf	test_exploratory	439.44871562852865	False	2.510283474576486e-12	3.003955655983957e-12	1.5760593375306302e-11	1.132669262463833e-11
sub-4	04	03	sub-4/ses-04/run-03/tsv-row-28	28	right_hand	2	193.68	5.0	48420	49670	sub-4/ses-04/eeg/sub-4_ses-04_task-imagery_run-03_eeg.edf	test_exploratory	489.25451872310555	False	3.2696857373940465e-12	4.448983727123135e-12	1.4227790029653382e-11	1.6478492471525225e-11
sub-4	04	03	sub-4/ses-04/run-03/tsv-row-29	29	right_hand	2	200.548	5.0	50137	51387	sub-4/ses-04/eeg/sub-4_ses-04_task-imagery_run-03_eeg.edf	test_exploratory	447.17534562211983	False	2.7912528056956885e-12	6.173083875528769e-12	1.998968106398622e-11	2.0006382848080668e-11
sub-4	04	03	sub-4/ses-04/run-03/tsv-row-30	30	rest	1	207.468	5.0	51867	53117	sub-4/ses-04/eeg/sub-4_ses-04_task-imagery_run-03_eeg.edf	test_exploratory	424.61466292306284	False	3.501452569963703e-12	3.385744389242002e-12	1.555723555204764e-11	1.1830606379782823e-11
sub-4	04	03	sub-4/ses-04/run-03/tsv-row-31	31	rest	1	214.356	5.0	53589	54839	sub-4/ses-04/eeg/sub-4_ses-04_task-imagery_run-03_eeg.edf	test_exploratory	381.1893870357371	False	1.8230114975460415e-12	2.7609826366711983e-12	9.627890721137428e-12	8.593658650221608e-12
sub-4	04	03	sub-4/ses-04/run-03/tsv-row-32	32	right_hand	2	221.228	5.0	55307	56557	sub-4/ses-04/eeg/sub-4_ses-04_task-imagery_run-03_eeg.edf	test_exploratory	378.7394799645987	False	2.6520381204549602e-12	3.84642602490083e-12	1.9249267597562898e-11	1.2152439207835723e-11
sub-4	04	04	sub-4/ses-04/run-04/tsv-row-1	1	right_hand	2	24.144	5.0	6036	7286	sub-4/ses-04/eeg/sub-4_ses-04_task-imagery_run-04_eeg.edf	test_exploratory	508.07440684224974	False	1.6332719835310837e-12	4.840284347517093e-12	8.40880316385843e-12	1.0891590653026964e-11
sub-4	04	04	sub-4/ses-04/run-04/tsv-row-2	2	rest	1	31.14	5.0	7785	9035	sub-4/ses-04/eeg/sub-4_ses-04_task-imagery_run-04_eeg.edf	test_exploratory	479.81629001739543	False	2.0253341874242986e-12	5.2884959808135066e-12	8.54864464794623e-12	9.496462608408318e-12
sub-4	04	04	sub-4/ses-04/run-04/tsv-row-3	3	rest	1	38.044	5.0	9511	10761	sub-4/ses-04/eeg/sub-4_ses-04_task-imagery_run-04_eeg.edf	test_exploratory	150.27437849055443	False	2.573618683302887e-12	3.282913890823446e-12	8.385520985802266e-12	7.971042036852172e-12
sub-4	04	04	sub-4/ses-04/run-04/tsv-row-4	4	right_hand	2	44.904	5.0	11226	12476	sub-4/ses-04/eeg/sub-4_ses-04_task-imagery_run-04_eeg.edf	test_exploratory	131.5717520371104	False	1.6141604837896573e-12	3.729688642521048e-12	9.102702163044866e-12	8.428492505504578e-12
sub-4	04	04	sub-4/ses-04/run-04/tsv-row-5	5	rest	1	51.8	5.0	12950	14200	sub-4/ses-04/eeg/sub-4_ses-04_task-imagery_run-04_eeg.edf	test_exploratory	136.47200350962885	False	2.6795984468092283e-12	3.0589216596094333e-12	1.1956910698341308e-11	6.6881875923371424e-12
sub-4	04	04	sub-4/ses-04/run-04/tsv-row-6	6	right_hand	2	58.692	5.0	14673	15923	sub-4/ses-04/eeg/sub-4_ses-04_task-imagery_run-04_eeg.edf	test_exploratory	568.9191959593493	False	1.9066868618219454e-12	9.069178722463295e-12	1.0059368986720327e-11	1.7543312595103324e-11
sub-4	04	04	sub-4/ses-04/run-04/tsv-row-7	7	right_hand	2	65.58	5.0	16395	17645	sub-4/ses-04/eeg/sub-4_ses-04_task-imagery_run-04_eeg.edf	test_exploratory	168.9770049439987	False	1.7925125403052387e-12	6.0005898201385035e-12	9.281411357957455e-12	1.2762106260392234e-11
sub-4	04	04	sub-4/ses-04/run-04/tsv-row-8	8	rest	1	72.46	5.0	18115	19365	sub-4/ses-04/eeg/sub-4_ses-04_task-imagery_run-04_eeg.edf	test_exploratory	515.996480056154	False	3.0068505266485703e-12	6.069881369027201e-12	1.5147473658360274e-11	1.061158938168605e-11
sub-4	04	04	sub-4/ses-04/run-04/tsv-row-9	9	rest	1	79.364	5.0	19841	21091	sub-4/ses-04/eeg/sub-4_ses-04_task-imagery_run-04_eeg.edf	test_exploratory	457.3568041016876	False	2.9666797641308325e-12	6.091623963904171e-12	1.1715166692887034e-11	1.1686707430770991e-11
sub-4	04	04	sub-4/ses-04/run-04/tsv-row-10	10	right_hand	2	86.24	5.0	21560	22810	sub-4/ses-04/eeg/sub-4_ses-04_task-imagery_run-04_eeg.edf	test_exploratory	194.37664174321753	False	3.824384555663051e-12	7.036734220347137e-12	2.8052806417654597e-11	1.3963806722482609e-11
sub-4	04	04	sub-4/ses-04/run-04/tsv-row-11	11	right_hand	2	93.128	5.0	23282	24532	sub-4/ses-04/eeg/sub-4_ses-04_task-imagery_run-04_eeg.edf	test_exploratory	483.4914786217841	False	2.5727014666064987e-12	6.2594542256577996e-12	1.65354465215394e-11	1.231062825847769e-11
sub-4	04	04	sub-4/ses-04/run-04/tsv-row-12	12	rest	1	100.024	5.0	25006	26256	sub-4/ses-04/eeg/sub-4_ses-04_task-imagery_run-04_eeg.edf	test_exploratory	531.922297341838	False	1.5912025216462121e-12	4.766168982777154e-12	6.949725812043315e-12	9.792925865767996e-12
sub-4	04	04	sub-4/ses-04/run-04/tsv-row-13	13	rest	1	106.912	5.0	26728	27978	sub-4/ses-04/eeg/sub-4_ses-04_task-imagery_run-04_eeg.edf	test_exploratory	460.2969549851984	False	2.2023226677571276e-12	3.5199292518695872e-12	5.392225127177201e-12	7.969428992569709e-12
sub-4	04	04	sub-4/ses-04/run-04/tsv-row-14	14	right_hand	2	113.788	5.0	28447	29697	sub-4/ses-04/eeg/sub-4_ses-04_task-imagery_run-04_eeg.edf	test_exploratory	399.8605201574757	False	1.839699670957863e-12	5.302139599308895e-12	1.05226632675174e-11	1.1555474271797487e-11
sub-4	04	04	sub-4/ses-04/run-04/tsv-row-15	15	rest	1	120.684	5.0	30171	31421	sub-4/ses-04/eeg/sub-4_ses-04_task-imagery_run-04_eeg.edf	test_exploratory	179.67588732566304	False	2.8837717492118986e-12	7.332473748205605e-12	1.2131266908409854e-11	1.2234653682634694e-11
sub-4	04	04	sub-4/ses-04/run-04/tsv-row-16	16	right_hand	2	127.56	5.0	31890	33140	sub-4/ses-04/eeg/sub-4_ses-04_task-imagery_run-04_eeg.edf	test_exploratory	519.753339518418	False	1.8198446309221223e-12	9.505364387859789e-12	1.060680839882472e-11	1.8280096317321664e-11
sub-4	04	04	sub-4/ses-04/run-04/tsv-row-17	17	rest	1	134.46	5.0	33615	34865	sub-4/ses-04/eeg/sub-4_ses-04_task-imagery_run-04_eeg.edf	test_exploratory	460.5419675588243	False	2.259121895282076e-12	5.1889936168926156e-12	9.72256254242454e-12	1.1436758388062172e-11
sub-4	04	04	sub-4/ses-04/run-04/tsv-row-18	18	right_hand	2	141.336	5.0	35334	36584	sub-4/ses-04/eeg/sub-4_ses-04_task-imagery_run-04_eeg.edf	test_exploratory	221.81804998931855	False	2.286845731735455e-12	6.6237030056896195e-12	1.0128438901949009e-11	1.207565366806821e-11
sub-4	04	04	sub-4/ses-04/run-04/tsv-row-19	19	right_hand	2	148.236	5.0	37059	38309	sub-4/ses-04/eeg/sub-4_ses-04_task-imagery_run-04_eeg.edf	test_exploratory	204.83051155125554	False	3.255112616107702e-12	5.267325724079882e-12	2.090378262979611e-11	1.0726797647070982e-11
sub-4	04	04	sub-4/ses-04/run-04/tsv-row-20	20	rest	1	155.12	5.0	38780	40030	sub-4/ses-04/eeg/sub-4_ses-04_task-imagery_run-04_eeg.edf	test_exploratory	239.3772844325083	False	2.7307298151460905e-12	6.266452666792732e-12	9.295698613641751e-12	1.1863363721411344e-11
sub-4	04	04	sub-4/ses-04/run-04/tsv-row-21	21	right_hand	2	161.996	5.0	40499	41749	sub-4/ses-04/eeg/sub-4_ses-04_task-imagery_run-04_eeg.edf	test_exploratory	504.7259016693626	False	2.7930600078138456e-12	6.425335318350649e-12	1.547333482644439e-11	1.2650835564481855e-11
sub-4	04	04	sub-4/ses-04/run-04/tsv-row-22	22	rest	1	168.908	5.0	42227	43477	sub-4/ses-04/eeg/sub-4_ses-04_task-imagery_run-04_eeg.edf	test_exploratory	507.09435654774643	False	2.5987759700344554e-12	4.99719788272898e-12	9.898161347982372e-12	9.617532182873264e-12
sub-4	04	04	sub-4/ses-04/run-04/tsv-row-23	23	rest	1	175.796	5.0	43949	45199	sub-4/ses-04/eeg/sub-4_ses-04_task-imagery_run-04_eeg.edf	test_exploratory	260.44836576433636	False	2.416754973929727e-12	5.091875536019037e-12	8.592942339324318e-12	9.152191039062563e-12
sub-4	04	04	sub-4/ses-04/run-04/tsv-row-24	24	right_hand	2	182.656	5.0	45664	46914	sub-4/ses-04/eeg/sub-4_ses-04_task-imagery_run-04_eeg.edf	test_exploratory	163.8317408978546	False	2.578870792011579e-12	5.6950578791311086e-12	1.5038275599861716e-11	1.193971717705278e-11
sub-4	04	04	sub-4/ses-04/run-04/tsv-row-25	25	right_hand	2	189.56	5.0	47390	48640	sub-4/ses-04/eeg/sub-4_ses-04_task-imagery_run-04_eeg.edf	test_exploratory	433.99893874935134	False	2.927938544808253e-12	1.1792570533395722e-11	1.4418504866128014e-11	2.25298023435559e-11
sub-4	04	04	sub-4/ses-04/run-04/tsv-row-26	26	rest	1	196.456	5.0	49114	50364	sub-4/ses-04/eeg/sub-4_ses-04_task-imagery_run-04_eeg.edf	test_exploratory	402.14730417798387	False	2.7280285476430724e-12	5.5411560958789954e-12	1.231447868391146e-11	1.0275529569208855e-11
sub-4	04	04	sub-4/ses-04/run-04/tsv-row-27	27	rest	1	203.344	5.0	50836	52086	sub-4/ses-04/eeg/sub-4_ses-04_task-imagery_run-04_eeg.edf	test_exploratory	403.535708761864	False	2.233644590248468e-12	3.671752157775491e-12	8.501871476741448e-12	7.419790448654393e-12
sub-4	04	04	sub-4/ses-04/run-04/tsv-row-28	28	right_hand	2	210.22	5.0	52555	53805	sub-4/ses-04/eeg/sub-4_ses-04_task-imagery_run-04_eeg.edf	test_exploratory	2218.8338667561875	False	3.648761749712826e-12	5.666474885297919e-12	2.4910214286097028e-11	1.2621893048574989e-11
sub-4	04	04	sub-4/ses-04/run-04/tsv-row-29	29	right_hand	2	217.104	5.0	54276	55526	sub-4/ses-04/eeg/sub-4_ses-04_task-imagery_run-04_eeg.edf	test_exploratory	452.6198943449201	False	3.1374510094963278e-12	7.907995811882225e-12	1.8136811342451277e-11	1.6996198553905666e-11
sub-4	04	04	sub-4/ses-04/run-04/tsv-row-30	30	rest	1	224.004	5.0	56001	57251	sub-4/ses-04/eeg/sub-4_ses-04_task-imagery_run-04_eeg.edf	test_exploratory	548.5831523483994	False	2.822843611101189e-12	4.6443994426672284e-12	1.2745478704196317e-11	9.137938936887192e-12
sub-4	04	04	sub-4/ses-04/run-04/tsv-row-31	31	right_hand	2	230.896	5.0	57724	58974	sub-4/ses-04/eeg/sub-4_ses-04_task-imagery_run-04_eeg.edf	test_exploratory	410.06937739188805	False	2.641292191223608e-12	7.942058942842295e-12	1.4215860429653233e-11	1.341922866517595e-11
sub-4	04	04	sub-4/ses-04/run-04/tsv-row-32	32	rest	1	237.776	5.0	59444	60694	sub-4/ses-04/eeg/sub-4_ses-04_task-imagery_run-04_eeg.edf	test_exploratory	216.83612765892508	False	3.1633788148275315e-12	5.173805188954065e-12	1.723857374396863e-11	8.995665570646795e-12
sub-4	04	05	sub-4/ses-04/run-05/tsv-row-1	1	right_hand	2	10.96	5.0	2740	3990	sub-4/ses-04/eeg/sub-4_ses-04_task-imagery_run-05_eeg.edf	test_exploratory	127.04733816034424	False	1.7516283927054395e-12	5.2084638944350455e-12	7.543036907373366e-12	1.1582767252912757e-11
sub-4	04	05	sub-4/ses-04/run-05/tsv-row-2	2	rest	1	17.86	5.0	4465	5715	sub-4/ses-04/eeg/sub-4_ses-04_task-imagery_run-05_eeg.edf	test_exploratory	157.77738953825497	False	1.681003826942416e-12	5.729235175786076e-12	5.011287057347033e-12	1.0947431543626357e-11
sub-4	04	05	sub-4/ses-04/run-05/tsv-row-3	3	rest	1	24.764	5.0	6191	7441	sub-4/ses-04/eeg/sub-4_ses-04_task-imagery_run-05_eeg.edf	test_exploratory	104.83442677083649	False	2.042476477412952e-12	2.550219438451508e-12	7.996188682110349e-12	5.40578476982112e-12
sub-4	04	05	sub-4/ses-04/run-05/tsv-row-4	4	right_hand	2	31.64	5.0	7910	9160	sub-4/ses-04/eeg/sub-4_ses-04_task-imagery_run-05_eeg.edf	test_exploratory	507.3218661610767	False	1.6965374083942408e-12	4.0518712040337835e-12	5.656057345291185e-12	9.631858430686418e-12
sub-4	04	05	sub-4/ses-04/run-05/tsv-row-5	5	right_hand	2	38.528	5.0	9632	10882	sub-4/ses-04/eeg/sub-4_ses-04_task-imagery_run-05_eeg.edf	test_exploratory	132.3048319803461	False	4.260884465698595e-12	3.405652409783291e-12	2.363771944873158e-11	8.215428928840375e-12
sub-4	04	05	sub-4/ses-04/run-05/tsv-row-6	6	rest	1	45.424	5.0	11356	12606	sub-4/ses-04/eeg/sub-4_ses-04_task-imagery_run-05_eeg.edf	test_exploratory	148.23503825495163	False	1.6765608733529988e-12	3.8202411096537734e-12	7.191361647102635e-12	8.989434342335344e-12
sub-4	04	05	sub-4/ses-04/run-05/tsv-row-7	7	right_hand	2	52.3	5.0	13075	14325	sub-4/ses-04/eeg/sub-4_ses-04_task-imagery_run-05_eeg.edf	test_exploratory	204.25363490707113	False	2.409509431087815e-12	5.3148588825246835e-12	1.2451389082055058e-11	1.2198323572125612e-11
sub-4	04	05	sub-4/ses-04/run-05/tsv-row-8	8	rest	1	59.2	5.0	14800	16050	sub-4/ses-04/eeg/sub-4_ses-04_task-imagery_run-05_eeg.edf	test_exploratory	483.7157189092684	False	1.6902299718291113e-12	3.995333202811166e-12	7.807981794337585e-12	8.970939326790466e-12
sub-4	04	05	sub-4/ses-04/run-05/tsv-row-9	9	rest	1	66.104	5.0	16526	17776	sub-4/ses-04/eeg/sub-4_ses-04_task-imagery_run-05_eeg.edf	test_exploratory	442.54954229865405	False	3.787637651201528e-12	4.403664851394077e-12	1.9333519584668003e-11	1.0005169636698376e-11
sub-4	04	05	sub-4/ses-04/run-05/tsv-row-10	10	right_hand	2	72.964	5.0	18241	19491	sub-4/ses-04/eeg/sub-4_ses-04_task-imagery_run-05_eeg.edf	test_exploratory	455.9298640705588	False	3.2211012154919135e-12	5.981660301181278e-12	1.672370541807496e-11	1.3232637444824205e-11
sub-4	04	05	sub-4/ses-04/run-05/tsv-row-11	11	rest	1	79.86	5.0	19965	21215	sub-4/ses-04/eeg/sub-4_ses-04_task-imagery_run-05_eeg.edf	test_exploratory	142.5043699911496	False	2.1920284786161447e-12	4.078785900612385e-12	5.314628865012559e-12	8.759824696827741e-12
sub-4	04	05	sub-4/ses-04/run-05/tsv-row-12	12	right_hand	2	86.752	5.0	21688	22938	sub-4/ses-04/eeg/sub-4_ses-04_task-imagery_run-05_eeg.edf	test_exploratory	432.87575366985067	False	1.221124303932803e-12	5.6027227448653775e-12	5.561481050161291e-12	1.3090870247710976e-11
sub-4	04	05	sub-4/ses-04/run-05/tsv-row-13	13	right_hand	2	93.64	5.0	23410	24660	sub-4/ses-04/eeg/sub-4_ses-04_task-imagery_run-05_eeg.edf	test_exploratory	154.85948046815392	False	1.5749443888247272e-12	4.769650085409745e-12	9.511955108428367e-12	1.0997949903478272e-11
sub-4	04	05	sub-4/ses-04/run-05/tsv-row-14	14	rest	1	100.52	5.0	25130	26380	sub-4/ses-04/eeg/sub-4_ses-04_task-imagery_run-05_eeg.edf	test_exploratory	385.7160341044343	False	2.7674530480949615e-12	5.388289018156195e-12	1.323072337202072e-11	9.850824640740315e-12
sub-4	04	05	sub-4/ses-04/run-05/tsv-row-15	15	right_hand	2	107.412	5.0	26853	28103	sub-4/ses-04/eeg/sub-4_ses-04_task-imagery_run-05_eeg.edf	test_exploratory	410.0582304910428	False	2.5719217268643916e-12	6.974751289624779e-12	1.708719266883448e-11	1.674582569475593e-11
sub-4	04	05	sub-4/ses-04/run-05/tsv-row-16	16	rest	1	114.312	5.0	28578	29828	sub-4/ses-04/eeg/sub-4_ses-04_task-imagery_run-05_eeg.edf	test_exploratory	134.43411697744682	False	2.320105763814384e-12	2.7684350019324185e-12	8.730446255137671e-12	6.989046838776484e-12
sub-4	04	05	sub-4/ses-04/run-05/tsv-row-17	17	rest	1	121.196	5.0	30299	31549	sub-4/ses-04/eeg/sub-4_ses-04_task-imagery_run-05_eeg.edf	test_exploratory	212.90221224097414	False	2.4331659004299953e-12	4.801977378182065e-12	1.2143194373876627e-11	7.900549773253775e-12
sub-4	04	05	sub-4/ses-04/run-05/tsv-row-18	18	right_hand	2	128.072	5.0	32018	33268	sub-4/ses-04/eeg/sub-4_ses-04_task-imagery_run-05_eeg.edf	test_exploratory	156.98876546525463	False	2.3892271451250606e-12	3.9809813511777936e-12	1.3350167284612167e-11	9.64088216485483e-12
sub-4	04	05	sub-4/ses-04/run-05/tsv-row-19	19	rest	1	134.972	5.0	33743	34993	sub-4/ses-04/eeg/sub-4_ses-04_task-imagery_run-05_eeg.edf	test_exploratory	421.46699208044686	False	2.3006350848117254e-12	3.4367898412455973e-12	1.2077702262945978e-11	7.514831498554493e-12
sub-4	04	05	sub-4/ses-04/run-05/tsv-row-20	20	right_hand	2	141.848	5.0	35462	36712	sub-4/ses-04/eeg/sub-4_ses-04_task-imagery_run-05_eeg.edf	test_exploratory	443.5747535935545	False	2.402475390572804e-12	4.701982807429112e-12	1.8336966724257377e-11	1.130139585522692e-11
sub-4	04	05	sub-4/ses-04/run-05/tsv-row-21	21	rest	1	148.728	5.0	37182	38432	sub-4/ses-04/eeg/sub-4_ses-04_task-imagery_run-05_eeg.edf	test_exploratory	145.55371640675068	False	2.5625666267725682e-12	3.986609628277451e-12	1.675276427473728e-11	8.968210611824103e-12
sub-4	04	05	sub-4/ses-04/run-05/tsv-row-22	22	right_hand	2	155.62	5.0	38905	40155	sub-4/ses-04/eeg/sub-4_ses-04_task-imagery_run-05_eeg.edf	test_exploratory	127.41536272774435	False	2.4472507585707803e-12	3.661610080576978e-12	1.803904423551857e-11	9.546571008881622e-12
sub-4	04	05	sub-4/ses-04/run-05/tsv-row-23	23	right_hand	2	162.508	5.0	40627	41877	sub-4/ses-04/eeg/sub-4_ses-04_task-imagery_run-05_eeg.edf	test_exploratory	481.2709842829675	False	2.4411469765125775e-12	4.590060084904741e-12	1.2828135690470843e-11	1.1513066323693515e-11
sub-4	04	05	sub-4/ses-04/run-05/tsv-row-24	24	rest	1	169.404	5.0	42351	43601	sub-4/ses-04/eeg/sub-4_ses-04_task-imagery_run-05_eeg.edf	test_exploratory	378.4606926328318	False	2.7871142102232886e-12	3.2763132681579704e-12	1.599186171548893e-11	7.2782380854336e-12
sub-4	04	05	sub-4/ses-04/run-05/tsv-row-25	25	rest	1	176.292	5.0	44073	45323	sub-4/ses-04/eeg/sub-4_ses-04_task-imagery_run-05_eeg.edf	test_exploratory	394.6537735984374	False	2.6272753445859674e-12	3.6134605174330113e-12	1.445379181734317e-11	7.438019301006006e-12
sub-4	04	05	sub-4/ses-04/run-05/tsv-row-26	26	right_hand	2	183.168	5.0	45792	47042	sub-4/ses-04/eeg/sub-4_ses-04_task-imagery_run-05_eeg.edf	test_exploratory	474.094505218665	False	2.6621747035544747e-12	4.433898912724012e-12	1.4629609358269626e-11	1.1054313678613388e-11
sub-4	04	05	sub-4/ses-04/run-05/tsv-row-27	27	rest	1	190.064	5.0	47516	48766	sub-4/ses-04/eeg/sub-4_ses-04_task-imagery_run-05_eeg.edf	test_exploratory	187.16677999206516	False	3.4981204128686324e-12	4.48187113762065e-12	2.1202256440273946e-11	9.165229517516123e-12
sub-4	04	05	sub-4/ses-04/run-05/tsv-row-28	28	right_hand	2	196.956	5.0	49239	50489	sub-4/ses-04/eeg/sub-4_ses-04_task-imagery_run-05_eeg.edf	test_exploratory	209.1956790978728	False	2.3432904397014375e-12	7.521153658899243e-12	1.5555853469330825e-11	1.3565340470515249e-11
sub-4	04	05	sub-4/ses-04/run-05/tsv-row-29	29	rest	1	203.84	5.0	50960	52210	sub-4/ses-04/eeg/sub-4_ses-04_task-imagery_run-05_eeg.edf	test_exploratory	481.50757150486766	False	1.9461676345217885e-12	5.1033101875992016e-12	1.1792074317149621e-11	1.0485149001147195e-11
sub-4	04	05	sub-4/ses-04/run-05/tsv-row-30	30	right_hand	2	210.716	5.0	52679	53929	sub-4/ses-04/eeg/sub-4_ses-04_task-imagery_run-05_eeg.edf	test_exploratory	470.2302472609637	False	2.223726342205954e-12	9.201347657900616e-12	9.059701540033703e-12	1.779261070046851e-11
sub-4	04	05	sub-4/ses-04/run-05/tsv-row-31	31	rest	1	217.628	5.0	54407	55657	sub-4/ses-04/eeg/sub-4_ses-04_task-imagery_run-05_eeg.edf	test_exploratory	156.7784657124546	False	2.5486405341109205e-12	4.661934639678336e-12	1.1928546270191082e-11	8.059456345537783e-12
sub-4	04	05	sub-4/ses-04/run-05/tsv-row-32	32	right_hand	2	224.504	5.0	56126	57376	sub-4/ses-04/eeg/sub-4_ses-04_task-imagery_run-05_eeg.edf	test_exploratory	394.8640733512376	False	3.1663718344043507e-12	5.6266774126328176e-12	2.189619375119463e-11	1.253749832538087e-11
sub-4	04	06	sub-4/ses-04/run-06/tsv-row-1	1	rest	1	6.656	5.0	1664	2914	sub-4/ses-04/eeg/sub-4_ses-04_task-imagery_run-06_eeg.edf	test_exploratory	182.55314923551134	False	1.3692890542632115e-12	4.788959818594415e-12	6.197667841573993e-12	9.65874510345258e-12
sub-4	04	06	sub-4/ses-04/run-06/tsv-row-2	2	right_hand	2	13.54	5.0	3385	4635	sub-4/ses-04/eeg/sub-4_ses-04_task-imagery_run-06_eeg.edf	test_exploratory	148.23095300149538	False	1.287550231074667e-12	5.07419401783199e-12	5.62686808872155e-12	1.0075029904039512e-11
sub-4	04	06	sub-4/ses-04/run-06/tsv-row-3	3	right_hand	2	20.444	5.0	5111	6361	sub-4/ses-04/eeg/sub-4_ses-04_task-imagery_run-06_eeg.edf	test_exploratory	113.27899169896543	False	1.4757015945301062e-12	3.8754811510744464e-12	6.926456542573795e-12	1.0947238805489916e-11
sub-4	04	06	sub-4/ses-04/run-06/tsv-row-4	4	rest	1	27.344	5.0	6836	8086	sub-4/ses-04/eeg/sub-4_ses-04_task-imagery_run-06_eeg.edf	test_exploratory	531.1543548692281	False	1.4625500316066537e-12	3.1314550305863647e-12	5.981189482674017e-12	5.302326920910619e-12
sub-4	04	06	sub-4/ses-04/run-06/tsv-row-5	5	right_hand	2	34.2	5.0	8550	9800	sub-4/ses-04/eeg/sub-4_ses-04_task-imagery_run-06_eeg.edf	test_exploratory	490.82315027314064	False	3.723921422476207e-12	3.600847225662625e-12	2.1593250165553545e-11	9.367047452686664e-12
sub-4	04	06	sub-4/ses-04/run-06/tsv-row-6	6	rest	1	41.116	5.0	10279	11529	sub-4/ses-04/eeg/sub-4_ses-04_task-imagery_run-06_eeg.edf	test_exploratory	470.88058977019557	False	2.362456529398493e-12	4.66384356815554e-12	1.1446544300131357e-11	1.035749718873123e-11
sub-4	04	06	sub-4/ses-04/run-06/tsv-row-7	7	right_hand	2	47.992	5.0	11998	13248	sub-4/ses-04/eeg/sub-4_ses-04_task-imagery_run-06_eeg.edf	test_exploratory	140.09648753318888	False	2.6750649657978024e-12	4.872742882053243e-12	1.603648741409825e-11	1.0851251721900984e-11
sub-4	04	06	sub-4/ses-04/run-06/tsv-row-8	8	rest	1	54.888	5.0	13722	14972	sub-4/ses-04/eeg/sub-4_ses-04_task-imagery_run-06_eeg.edf	test_exploratory	561.9603628040406	False	2.2897671291103653e-12	5.250568515860823e-12	8.41050512984403e-12	1.5333006288287624e-11
sub-4	04	06	sub-4/ses-04/run-06/tsv-row-9	9	rest	1	61.776	5.0	15444	16694	sub-4/ses-04/eeg/sub-4_ses-04_task-imagery_run-06_eeg.edf	test_exploratory	160.5900924710837	False	3.0100097349158024e-12	4.067948749222941e-12	1.2680206738107665e-11	9.177598590064127e-12
sub-4	04	06	sub-4/ses-04/run-06/tsv-row-10	10	right_hand	2	68.652	5.0	17163	18413	sub-4/ses-04/eeg/sub-4_ses-04_task-imagery_run-06_eeg.edf	test_exploratory	130.72873213904234	False	1.387923689182262e-12	4.871513962853455e-12	7.657032044357606e-12	1.0241812313104401e-11
sub-4	04	06	sub-4/ses-04/run-06/tsv-row-11	11	rest	1	75.548	5.0	18887	20137	sub-4/ses-04/eeg/sub-4_ses-04_task-imagery_run-06_eeg.edf	test_exploratory	176.4129398174993	False	2.0119889435577134e-12	3.610406153451926e-12	1.0189945245752809e-11	8.084379780855344e-12
sub-4	04	06	sub-4/ses-04/run-06/tsv-row-12	12	right_hand	2	82.444	5.0	20611	21861	sub-4/ses-04/eeg/sub-4_ses-04_task-imagery_run-06_eeg.edf	test_exploratory	152.24570531327254	False	2.1085494659954125e-12	5.6723860962779675e-12	1.4113041033237183e-11	1.2142046321180955e-11
sub-4	04	06	sub-4/ses-04/run-06/tsv-row-13	13	rest	1	89.324	5.0	22331	23581	sub-4/ses-04/eeg/sub-4_ses-04_task-imagery_run-06_eeg.edf	test_exploratory	152.03578362376783	False	2.4858810131506738e-12	3.6200551710677646e-12	1.069415667447314e-11	9.26385361277163e-12
sub-4	04	06	sub-4/ses-04/run-06/tsv-row-14	14	right_hand	2	96.2	5.0	24050	25300	sub-4/ses-04/eeg/sub-4_ses-04_task-imagery_run-06_eeg.edf	test_exploratory	155.31581002227853	False	3.2925509381268953e-12	5.569110189911253e-12	2.2356804122717738e-11	1.1034739633336382e-11
sub-4	04	06	sub-4/ses-04/run-06/tsv-row-15	15	rest	1	103.116	5.0	25779	27029	sub-4/ses-04/eeg/sub-4_ses-04_task-imagery_run-06_eeg.edf	test_exploratory	158.28095388653216	False	1.9386833811144075e-12	3.0608689419847486e-12	7.81994780598319e-12	7.806786691020885e-12
sub-4	04	06	sub-4/ses-04/run-06/tsv-row-16	16	right_hand	2	109.988	5.0	27497	28747	sub-4/ses-04/eeg/sub-4_ses-04_task-imagery_run-06_eeg.edf	test_exploratory	186.0168571123386	False	1.6358274698286319e-12	7.061234427750144e-12	8.293141740755729e-12	1.4752307731673038e-11
sub-4	04	06	sub-4/ses-04/run-06/tsv-row-17	17	right_hand	2	116.876	5.0	29219	30469	sub-4/ses-04/eeg/sub-4_ses-04_task-imagery_run-06_eeg.edf	test_exploratory	491.53163597521893	False	2.1942471231002826e-12	7.78555937025001e-12	1.146209118472084e-11	1.7251500474001247e-11
sub-4	04	06	sub-4/ses-04/run-06/tsv-row-18	18	rest	1	123.776	5.0	30944	32194	sub-4/ses-04/eeg/sub-4_ses-04_task-imagery_run-06_eeg.edf	test_exploratory	158.1235126194037	False	1.9715889622550337e-12	5.877023070952726e-12	1.0449388355045966e-11	1.1894843577058204e-11
sub-4	04	06	sub-4/ses-04/run-06/tsv-row-19	19	rest	1	130.66	5.0	32665	33915	sub-4/ses-04/eeg/sub-4_ses-04_task-imagery_run-06_eeg.edf	test_exploratory	398.1427243568224	False	2.627267416556868e-12	5.6583540216326765e-12	1.1485299803024101e-11	1.0948585816735377e-11
sub-4	04	06	sub-4/ses-04/run-06/tsv-row-20	20	right_hand	2	137.536	5.0	34384	35634	sub-4/ses-04/eeg/sub-4_ses-04_task-imagery_run-06_eeg.edf	test_exploratory	246.3955830561235	False	2.022666507226847e-12	7.033210861063599e-12	1.1790075872435079e-11	1.4470400652833311e-11
sub-4	04	06	sub-4/ses-04/run-06/tsv-row-21	21	rest	1	144.42	5.0	36105	37355	sub-4/ses-04/eeg/sub-4_ses-04_task-imagery_run-06_eeg.edf	test_exploratory	198.95328122806475	False	4.600229564255776e-12	4.402466521573521e-12	3.3176833434148985e-11	9.314148650332897e-12
sub-4	04	06	sub-4/ses-04/run-06/tsv-row-22	22	right_hand	2	151.312	5.0	37828	39078	sub-4/ses-04/eeg/sub-4_ses-04_task-imagery_run-06_eeg.edf	test_exploratory	170.08904892117067	False	3.0224570627461997e-12	5.109653178886066e-12	2.2532459418731234e-11	1.1808597481194723e-11
sub-4	04	06	sub-4/ses-04/run-06/tsv-row-23	23	rest	1	158.208	5.0	39552	40802	sub-4/ses-04/eeg/sub-4_ses-04_task-imagery_run-06_eeg.edf	test_exploratory	200.1078505203406	False	2.685073997638169e-12	4.158918477889635e-12	1.3598687817645233e-11	8.516840601005585e-12
sub-4	04	06	sub-4/ses-04/run-06/tsv-row-24	24	right_hand	2	165.084	5.0	41271	42521	sub-4/ses-04/eeg/sub-4_ses-04_task-imagery_run-06_eeg.edf	test_exploratory	640.1561921445356	False	1.8814346838014383e-12	7.14434331550049e-12	9.090375195449677e-12	1.5551363713185233e-11
sub-4	04	06	sub-4/ses-04/run-06/tsv-row-25	25	right_hand	2	171.972	5.0	42993	44243	sub-4/ses-04/eeg/sub-4_ses-04_task-imagery_run-06_eeg.edf	test_exploratory	178.53839692373424	False	2.617281909013736e-12	8.36585386907856e-12	1.3695276047165315e-11	1.462125728151001e-11
sub-4	04	06	sub-4/ses-04/run-06/tsv-row-26	26	rest	1	178.868	5.0	44717	45967	sub-4/ses-04/eeg/sub-4_ses-04_task-imagery_run-06_eeg.edf	test_exploratory	166.88774315622425	False	2.2490623031006286e-12	4.429617150883882e-12	1.7160192003524442e-11	9.183214103388581e-12
sub-4	04	06	sub-4/ses-04/run-06/tsv-row-27	27	rest	1	185.756	5.0	46439	47689	sub-4/ses-04/eeg/sub-4_ses-04_task-imagery_run-06_eeg.edf	test_exploratory	181.3460995208594	False	1.7637963386946567e-12	3.841359761080563e-12	1.107266386872117e-11	9.830608795433301e-12
sub-4	04	06	sub-4/ses-04/run-06/tsv-row-28	28	right_hand	2	192.648	5.0	48162	49412	sub-4/ses-04/eeg/sub-4_ses-04_task-imagery_run-06_eeg.edf	test_exploratory	388.4338462172307	False	2.1096411756060646e-12	1.0332458027520125e-11	1.009485680138711e-11	2.0089876754118613e-11
sub-4	04	06	sub-4/ses-04/run-06/tsv-row-29	29	rest	1	199.528	5.0	49882	51132	sub-4/ses-04/eeg/sub-4_ses-04_task-imagery_run-06_eeg.edf	test_exploratory	408.0090437635426	False	2.01866268416334e-12	5.383662930789792e-12	9.377932331985964e-12	9.644314312199768e-12
sub-4	04	06	sub-4/ses-04/run-06/tsv-row-30	30	right_hand	2	206.404	5.0	51601	52851	sub-4/ses-04/eeg/sub-4_ses-04_task-imagery_run-06_eeg.edf	test_exploratory	486.0474318369091	False	2.599732274846074e-12	8.036736818745514e-12	1.3205880608950042e-11	1.5731140199959138e-11
sub-4	04	06	sub-4/ses-04/run-06/tsv-row-31	31	rest	1	213.32	5.0	53330	54580	sub-4/ses-04/eeg/sub-4_ses-04_task-imagery_run-06_eeg.edf	test_exploratory	137.3150251472518	False	1.978246329928737e-12	3.1539609425642563e-12	7.449077301500143e-12	6.508048922971545e-12
sub-4	04	06	sub-4/ses-04/run-06/tsv-row-32	32	right_hand	2	220.196	5.0	55049	56299	sub-4/ses-04/eeg/sub-4_ses-04_task-imagery_run-06_eeg.edf	test_exploratory	425.40630378124337	False	2.1095848455575275e-12	6.049940647036917e-12	1.4073478046873168e-11	9.872641457669852e-12
