subject	session	run	trial_id	tsv_row	label	stored_event_value	onset_s	duration_s	start_sample	stop_sample_exclusive	source_file	source_length_samples	fixed_window_eligible	exclusion_reason	original_subject	signal_unit	onset_unit	duration_unit	sample_origin	original_header_file	declared_original_header_sha256	original_header_hash_verified	behavior_trial_outcome	behavior_score_denominator
sub-8	01	01	sub-8/ses-01/run-01/tsv-row-1	1	right_hand	2	11.876	5.0	2969	4219	sub-8/ses-01/eeg/sub-8_ses-01_task-imagery_run-01_eeg.edf	1250	True		sub-08	V	s	s	0	sub-08/ses-01/eeg/sub-08_ses-01_task-MotorImageryRest_run-01_eeg.vhdr	477604f71211599f32d35b01db6e7a84a02b9e013bf69adf18512aa235547096	True	unresolved	unresolved
sub-8	01	01	sub-8/ses-01/run-01/tsv-row-2	2	rest	1	18.756	5.0	4689	5939	sub-8/ses-01/eeg/sub-8_ses-01_task-imagery_run-01_eeg.edf	1250	True		sub-08	V	s	s	0	sub-08/ses-01/eeg/sub-08_ses-01_task-MotorImageryRest_run-01_eeg.vhdr	477604f71211599f32d35b01db6e7a84a02b9e013bf69adf18512aa235547096	True	unresolved	unresolved
sub-8	01	01	sub-8/ses-01/run-01/tsv-row-3	3	rest	1	25.656	5.0	6414	7664	sub-8/ses-01/eeg/sub-8_ses-01_task-imagery_run-01_eeg.edf	1250	True		sub-08	V	s	s	0	sub-08/ses-01/eeg/sub-08_ses-01_task-MotorImageryRest_run-01_eeg.vhdr	477604f71211599f32d35b01db6e7a84a02b9e013bf69adf18512aa235547096	True	unresolved	unresolved
sub-8	01	01	sub-8/ses-01/run-01/tsv-row-4	4	right_hand	2	32.54	5.0	8135	9385	sub-8/ses-01/eeg/sub-8_ses-01_task-imagery_run-01_eeg.edf	1250	True		sub-08	V	s	s	0	sub-08/ses-01/eeg/sub-08_ses-01_task-MotorImageryRest_run-01_eeg.vhdr	477604f71211599f32d35b01db6e7a84a02b9e013bf69adf18512aa235547096	True	unresolved	unresolved
sub-8	01	01	sub-8/ses-01/run-01/tsv-row-5	5	rest	1	39.432	5.0	9858	11108	sub-8/ses-01/eeg/sub-8_ses-01_task-imagery_run-01_eeg.edf	1250	True		sub-08	V	s	s	0	sub-08/ses-01/eeg/sub-08_ses-01_task-MotorImageryRest_run-01_eeg.vhdr	477604f71211599f32d35b01db6e7a84a02b9e013bf69adf18512aa235547096	True	unresolved	unresolved
sub-8	01	01	sub-8/ses-01/run-01/tsv-row-6	6	right_hand	2	46.296	5.0	11574	12824	sub-8/ses-01/eeg/sub-8_ses-01_task-imagery_run-01_eeg.edf	1250	True		sub-08	V	s	s	0	sub-08/ses-01/eeg/sub-08_ses-01_task-MotorImageryRest_run-01_eeg.vhdr	477604f71211599f32d35b01db6e7a84a02b9e013bf69adf18512aa235547096	True	unresolved	unresolved
sub-8	01	01	sub-8/ses-01/run-01/tsv-row-7	7	right_hand	2	53.2	5.0	13300	14550	sub-8/ses-01/eeg/sub-8_ses-01_task-imagery_run-01_eeg.edf	1250	True		sub-08	V	s	s	0	sub-08/ses-01/eeg/sub-08_ses-01_task-MotorImageryRest_run-01_eeg.vhdr	477604f71211599f32d35b01db6e7a84a02b9e013bf69adf18512aa235547096	True	unresolved	unresolved
sub-8	01	01	sub-8/ses-01/run-01/tsv-row-8	8	rest	1	60.092	5.0	15023	16273	sub-8/ses-01/eeg/sub-8_ses-01_task-imagery_run-01_eeg.edf	1250	True		sub-08	V	s	s	0	sub-08/ses-01/eeg/sub-08_ses-01_task-MotorImageryRest_run-01_eeg.vhdr	477604f71211599f32d35b01db6e7a84a02b9e013bf69adf18512aa235547096	True	unresolved	unresolved
sub-8	01	01	sub-8/ses-01/run-01/tsv-row-9	9	right_hand	2	66.972	5.0	16743	17993	sub-8/ses-01/eeg/sub-8_ses-01_task-imagery_run-01_eeg.edf	1250	True		sub-08	V	s	s	0	sub-08/ses-01/eeg/sub-08_ses-01_task-MotorImageryRest_run-01_eeg.vhdr	477604f71211599f32d35b01db6e7a84a02b9e013bf69adf18512aa235547096	True	unresolved	unresolved
sub-8	01	01	sub-8/ses-01/run-01/tsv-row-10	10	rest	1	73.868	5.0	18467	19717	sub-8/ses-01/eeg/sub-8_ses-01_task-imagery_run-01_eeg.edf	1250	True		sub-08	V	s	s	0	sub-08/ses-01/eeg/sub-08_ses-01_task-MotorImageryRest_run-01_eeg.vhdr	477604f71211599f32d35b01db6e7a84a02b9e013bf69adf18512aa235547096	True	unresolved	unresolved
sub-8	01	01	sub-8/ses-01/run-01/tsv-row-11	11	right_hand	2	80.748	5.0	20187	21437	sub-8/ses-01/eeg/sub-8_ses-01_task-imagery_run-01_eeg.edf	1250	True		sub-08	V	s	s	0	sub-08/ses-01/eeg/sub-08_ses-01_task-MotorImageryRest_run-01_eeg.vhdr	477604f71211599f32d35b01db6e7a84a02b9e013bf69adf18512aa235547096	True	unresolved	unresolved
sub-8	01	01	sub-8/ses-01/run-01/tsv-row-12	12	rest	1	87.64	5.0	21910	23160	sub-8/ses-01/eeg/sub-8_ses-01_task-imagery_run-01_eeg.edf	1250	True		sub-08	V	s	s	0	sub-08/ses-01/eeg/sub-08_ses-01_task-MotorImageryRest_run-01_eeg.vhdr	477604f71211599f32d35b01db6e7a84a02b9e013bf69adf18512aa235547096	True	unresolved	unresolved
sub-8	01	01	sub-8/ses-01/run-01/tsv-row-13	13	right_hand	2	94.536	5.0	23634	24884	sub-8/ses-01/eeg/sub-8_ses-01_task-imagery_run-01_eeg.edf	1250	True		sub-08	V	s	s	0	sub-08/ses-01/eeg/sub-08_ses-01_task-MotorImageryRest_run-01_eeg.vhdr	477604f71211599f32d35b01db6e7a84a02b9e013bf69adf18512aa235547096	True	unresolved	unresolved
sub-8	01	01	sub-8/ses-01/run-01/tsv-row-14	14	rest	1	101.412	5.0	25353	26603	sub-8/ses-01/eeg/sub-8_ses-01_task-imagery_run-01_eeg.edf	1250	True		sub-08	V	s	s	0	sub-08/ses-01/eeg/sub-08_ses-01_task-MotorImageryRest_run-01_eeg.vhdr	477604f71211599f32d35b01db6e7a84a02b9e013bf69adf18512aa235547096	True	unresolved	unresolved
sub-8	01	01	sub-8/ses-01/run-01/tsv-row-15	15	rest	1	108.316	5.0	27079	28329	sub-8/ses-01/eeg/sub-8_ses-01_task-imagery_run-01_eeg.edf	1250	True		sub-08	V	s	s	0	sub-08/ses-01/eeg/sub-08_ses-01_task-MotorImageryRest_run-01_eeg.vhdr	477604f71211599f32d35b01db6e7a84a02b9e013bf69adf18512aa235547096	True	unresolved	unresolved
sub-8	01	01	sub-8/ses-01/run-01/tsv-row-16	16	right_hand	2	115.196	5.0	28799	30049	sub-8/ses-01/eeg/sub-8_ses-01_task-imagery_run-01_eeg.edf	1250	True		sub-08	V	s	s	0	sub-08/ses-01/eeg/sub-08_ses-01_task-MotorImageryRest_run-01_eeg.vhdr	477604f71211599f32d35b01db6e7a84a02b9e013bf69adf18512aa235547096	True	unresolved	unresolved
sub-8	01	01	sub-8/ses-01/run-01/tsv-row-17	17	right_hand	2	122.084	5.0	30521	31771	sub-8/ses-01/eeg/sub-8_ses-01_task-imagery_run-01_eeg.edf	1250	True		sub-08	V	s	s	0	sub-08/ses-01/eeg/sub-08_ses-01_task-MotorImageryRest_run-01_eeg.vhdr	477604f71211599f32d35b01db6e7a84a02b9e013bf69adf18512aa235547096	True	unresolved	unresolved
sub-8	01	01	sub-8/ses-01/run-01/tsv-row-18	18	rest	1	128.96	5.0	32240	33490	sub-8/ses-01/eeg/sub-8_ses-01_task-imagery_run-01_eeg.edf	1250	True		sub-08	V	s	s	0	sub-08/ses-01/eeg/sub-08_ses-01_task-MotorImageryRest_run-01_eeg.vhdr	477604f71211599f32d35b01db6e7a84a02b9e013bf69adf18512aa235547096	True	unresolved	unresolved
sub-8	01	01	sub-8/ses-01/run-01/tsv-row-19	19	right_hand	2	135.856	5.0	33964	35214	sub-8/ses-01/eeg/sub-8_ses-01_task-imagery_run-01_eeg.edf	1250	True		sub-08	V	s	s	0	sub-08/ses-01/eeg/sub-08_ses-01_task-MotorImageryRest_run-01_eeg.vhdr	477604f71211599f32d35b01db6e7a84a02b9e013bf69adf18512aa235547096	True	unresolved	unresolved
sub-8	01	01	sub-8/ses-01/run-01/tsv-row-20	20	rest	1	142.748	5.0	35687	36937	sub-8/ses-01/eeg/sub-8_ses-01_task-imagery_run-01_eeg.edf	1250	True		sub-08	V	s	s	0	sub-08/ses-01/eeg/sub-08_ses-01_task-MotorImageryRest_run-01_eeg.vhdr	477604f71211599f32d35b01db6e7a84a02b9e013bf69adf18512aa235547096	True	unresolved	unresolved
sub-8	01	01	sub-8/ses-01/run-01/tsv-row-21	21	rest	1	149.636	5.0	37409	38659	sub-8/ses-01/eeg/sub-8_ses-01_task-imagery_run-01_eeg.edf	1250	True		sub-08	V	s	s	0	sub-08/ses-01/eeg/sub-08_ses-01_task-MotorImageryRest_run-01_eeg.vhdr	477604f71211599f32d35b01db6e7a84a02b9e013bf69adf18512aa235547096	True	unresolved	unresolved
sub-8	01	01	sub-8/ses-01/run-01/tsv-row-22	22	right_hand	2	156.516	5.0	39129	40379	sub-8/ses-01/eeg/sub-8_ses-01_task-imagery_run-01_eeg.edf	1250	True		sub-08	V	s	s	0	sub-08/ses-01/eeg/sub-08_ses-01_task-MotorImageryRest_run-01_eeg.vhdr	477604f71211599f32d35b01db6e7a84a02b9e013bf69adf18512aa235547096	True	unresolved	unresolved
sub-8	01	01	sub-8/ses-01/run-01/tsv-row-23	23	rest	1	163.412	5.0	40853	42103	sub-8/ses-01/eeg/sub-8_ses-01_task-imagery_run-01_eeg.edf	1250	True		sub-08	V	s	s	0	sub-08/ses-01/eeg/sub-08_ses-01_task-MotorImageryRest_run-01_eeg.vhdr	477604f71211599f32d35b01db6e7a84a02b9e013bf69adf18512aa235547096	True	unresolved	unresolved
sub-8	01	01	sub-8/ses-01/run-01/tsv-row-24	24	right_hand	2	170.292	5.0	42573	43823	sub-8/ses-01/eeg/sub-8_ses-01_task-imagery_run-01_eeg.edf	1250	True		sub-08	V	s	s	0	sub-08/ses-01/eeg/sub-08_ses-01_task-MotorImageryRest_run-01_eeg.vhdr	477604f71211599f32d35b01db6e7a84a02b9e013bf69adf18512aa235547096	True	unresolved	unresolved
sub-8	01	01	sub-8/ses-01/run-01/tsv-row-25	25	rest	1	177.2	5.0	44300	45550	sub-8/ses-01/eeg/sub-8_ses-01_task-imagery_run-01_eeg.edf	1250	True		sub-08	V	s	s	0	sub-08/ses-01/eeg/sub-08_ses-01_task-MotorImageryRest_run-01_eeg.vhdr	477604f71211599f32d35b01db6e7a84a02b9e013bf69adf18512aa235547096	True	unresolved	unresolved
sub-8	01	01	sub-8/ses-01/run-01/tsv-row-26	26	right_hand	2	184.064	5.0	46016	47266	sub-8/ses-01/eeg/sub-8_ses-01_task-imagery_run-01_eeg.edf	1250	True		sub-08	V	s	s	0	sub-08/ses-01/eeg/sub-08_ses-01_task-MotorImageryRest_run-01_eeg.vhdr	477604f71211599f32d35b01db6e7a84a02b9e013bf69adf18512aa235547096	True	unresolved	unresolved
sub-8	01	01	sub-8/ses-01/run-01/tsv-row-27	27	rest	1	190.96	5.0	47740	48990	sub-8/ses-01/eeg/sub-8_ses-01_task-imagery_run-01_eeg.edf	1250	True		sub-08	V	s	s	0	sub-08/ses-01/eeg/sub-08_ses-01_task-MotorImageryRest_run-01_eeg.vhdr	477604f71211599f32d35b01db6e7a84a02b9e013bf69adf18512aa235547096	True	unresolved	unresolved
sub-8	01	01	sub-8/ses-01/run-01/tsv-row-28	28	right_hand	2	197.84	5.0	49460	50710	sub-8/ses-01/eeg/sub-8_ses-01_task-imagery_run-01_eeg.edf	1250	True		sub-08	V	s	s	0	sub-08/ses-01/eeg/sub-08_ses-01_task-MotorImageryRest_run-01_eeg.vhdr	477604f71211599f32d35b01db6e7a84a02b9e013bf69adf18512aa235547096	True	unresolved	unresolved
sub-8	01	01	sub-8/ses-01/run-01/tsv-row-29	29	rest	1	204.748	5.0	51187	52437	sub-8/ses-01/eeg/sub-8_ses-01_task-imagery_run-01_eeg.edf	1250	True		sub-08	V	s	s	0	sub-08/ses-01/eeg/sub-08_ses-01_task-MotorImageryRest_run-01_eeg.vhdr	477604f71211599f32d35b01db6e7a84a02b9e013bf69adf18512aa235547096	True	unresolved	unresolved
sub-8	01	01	sub-8/ses-01/run-01/tsv-row-30	30	right_hand	2	211.612	5.0	52903	54153	sub-8/ses-01/eeg/sub-8_ses-01_task-imagery_run-01_eeg.edf	1250	True		sub-08	V	s	s	0	sub-08/ses-01/eeg/sub-08_ses-01_task-MotorImageryRest_run-01_eeg.vhdr	477604f71211599f32d35b01db6e7a84a02b9e013bf69adf18512aa235547096	True	unresolved	unresolved
sub-8	01	01	sub-8/ses-01/run-01/tsv-row-31	31	right_hand	2	218.5	5.0	54625	55875	sub-8/ses-01/eeg/sub-8_ses-01_task-imagery_run-01_eeg.edf	1250	True		sub-08	V	s	s	0	sub-08/ses-01/eeg/sub-08_ses-01_task-MotorImageryRest_run-01_eeg.vhdr	477604f71211599f32d35b01db6e7a84a02b9e013bf69adf18512aa235547096	True	unresolved	unresolved
sub-8	01	01	sub-8/ses-01/run-01/tsv-row-32	32	rest	1	225.408	5.0	56352	57602	sub-8/ses-01/eeg/sub-8_ses-01_task-imagery_run-01_eeg.edf	1250	True		sub-08	V	s	s	0	sub-08/ses-01/eeg/sub-08_ses-01_task-MotorImageryRest_run-01_eeg.vhdr	477604f71211599f32d35b01db6e7a84a02b9e013bf69adf18512aa235547096	True	unresolved	unresolved
sub-8	01	02	sub-8/ses-01/run-02/tsv-row-1	1	right_hand	2	5.848	5.0	1462	2712	sub-8/ses-01/eeg/sub-8_ses-01_task-imagery_run-02_eeg.edf	1250	True		sub-08	V	s	s	0	sub-08/ses-01/eeg/sub-08_ses-01_task-MotorImageryRest_run-02_eeg.vhdr	2338edf1b7e53f247d6ebfb83b88977f3d6eee9879ae9ebe72be4ff7e90266fb	True	unresolved	unresolved
sub-8	01	02	sub-8/ses-01/run-02/tsv-row-2	2	rest	1	12.744	5.0	3186	4436	sub-8/ses-01/eeg/sub-8_ses-01_task-imagery_run-02_eeg.edf	1250	True		sub-08	V	s	s	0	sub-08/ses-01/eeg/sub-08_ses-01_task-MotorImageryRest_run-02_eeg.vhdr	2338edf1b7e53f247d6ebfb83b88977f3d6eee9879ae9ebe72be4ff7e90266fb	True	unresolved	unresolved
sub-8	01	02	sub-8/ses-01/run-02/tsv-row-3	3	right_hand	2	20.844	5.0	5211	6461	sub-8/ses-01/eeg/sub-8_ses-01_task-imagery_run-02_eeg.edf	1250	True		sub-08	V	s	s	0	sub-08/ses-01/eeg/sub-08_ses-01_task-MotorImageryRest_run-02_eeg.vhdr	2338edf1b7e53f247d6ebfb83b88977f3d6eee9879ae9ebe72be4ff7e90266fb	True	unresolved	unresolved
sub-8	01	02	sub-8/ses-01/run-02/tsv-row-4	4	rest	1	26.68	5.0	6670	7920	sub-8/ses-01/eeg/sub-8_ses-01_task-imagery_run-02_eeg.edf	1250	True		sub-08	V	s	s	0	sub-08/ses-01/eeg/sub-08_ses-01_task-MotorImageryRest_run-02_eeg.vhdr	2338edf1b7e53f247d6ebfb83b88977f3d6eee9879ae9ebe72be4ff7e90266fb	True	unresolved	unresolved
sub-8	01	02	sub-8/ses-01/run-02/tsv-row-5	5	right_hand	2	33.4	5.0	8350	9600	sub-8/ses-01/eeg/sub-8_ses-01_task-imagery_run-02_eeg.edf	1250	True		sub-08	V	s	s	0	sub-08/ses-01/eeg/sub-08_ses-01_task-MotorImageryRest_run-02_eeg.vhdr	2338edf1b7e53f247d6ebfb83b88977f3d6eee9879ae9ebe72be4ff7e90266fb	True	unresolved	unresolved
sub-8	01	02	sub-8/ses-01/run-02/tsv-row-6	6	rest	1	40.292	5.0	10073	11323	sub-8/ses-01/eeg/sub-8_ses-01_task-imagery_run-02_eeg.edf	1250	True		sub-08	V	s	s	0	sub-08/ses-01/eeg/sub-08_ses-01_task-MotorImageryRest_run-02_eeg.vhdr	2338edf1b7e53f247d6ebfb83b88977f3d6eee9879ae9ebe72be4ff7e90266fb	True	unresolved	unresolved
sub-8	01	02	sub-8/ses-01/run-02/tsv-row-7	7	rest	1	47.196	5.0	11799	13049	sub-8/ses-01/eeg/sub-8_ses-01_task-imagery_run-02_eeg.edf	1250	True		sub-08	V	s	s	0	sub-08/ses-01/eeg/sub-08_ses-01_task-MotorImageryRest_run-02_eeg.vhdr	2338edf1b7e53f247d6ebfb83b88977f3d6eee9879ae9ebe72be4ff7e90266fb	True	unresolved	unresolved
sub-8	01	02	sub-8/ses-01/run-02/tsv-row-8	8	right_hand	2	54.076	5.0	13519	14769	sub-8/ses-01/eeg/sub-8_ses-01_task-imagery_run-02_eeg.edf	1250	True		sub-08	V	s	s	0	sub-08/ses-01/eeg/sub-08_ses-01_task-MotorImageryRest_run-02_eeg.vhdr	2338edf1b7e53f247d6ebfb83b88977f3d6eee9879ae9ebe72be4ff7e90266fb	True	unresolved	unresolved
sub-8	01	02	sub-8/ses-01/run-02/tsv-row-9	9	right_hand	2	60.964	5.0	15241	16491	sub-8/ses-01/eeg/sub-8_ses-01_task-imagery_run-02_eeg.edf	1250	True		sub-08	V	s	s	0	sub-08/ses-01/eeg/sub-08_ses-01_task-MotorImageryRest_run-02_eeg.vhdr	2338edf1b7e53f247d6ebfb83b88977f3d6eee9879ae9ebe72be4ff7e90266fb	True	unresolved	unresolved
sub-8	01	02	sub-8/ses-01/run-02/tsv-row-10	10	rest	1	67.84	5.0	16960	18210	sub-8/ses-01/eeg/sub-8_ses-01_task-imagery_run-02_eeg.edf	1250	True		sub-08	V	s	s	0	sub-08/ses-01/eeg/sub-08_ses-01_task-MotorImageryRest_run-02_eeg.vhdr	2338edf1b7e53f247d6ebfb83b88977f3d6eee9879ae9ebe72be4ff7e90266fb	True	unresolved	unresolved
sub-8	01	02	sub-8/ses-01/run-02/tsv-row-11	11	rest	1	74.744	5.0	18686	19936	sub-8/ses-01/eeg/sub-8_ses-01_task-imagery_run-02_eeg.edf	1250	True		sub-08	V	s	s	0	sub-08/ses-01/eeg/sub-08_ses-01_task-MotorImageryRest_run-02_eeg.vhdr	2338edf1b7e53f247d6ebfb83b88977f3d6eee9879ae9ebe72be4ff7e90266fb	True	unresolved	unresolved
sub-8	01	02	sub-8/ses-01/run-02/tsv-row-12	12	right_hand	2	81.624	5.0	20406	21656	sub-8/ses-01/eeg/sub-8_ses-01_task-imagery_run-02_eeg.edf	1250	True		sub-08	V	s	s	0	sub-08/ses-01/eeg/sub-08_ses-01_task-MotorImageryRest_run-02_eeg.vhdr	2338edf1b7e53f247d6ebfb83b88977f3d6eee9879ae9ebe72be4ff7e90266fb	True	unresolved	unresolved
sub-8	01	02	sub-8/ses-01/run-02/tsv-row-13	13	rest	1	88.5	5.0	22125	23375	sub-8/ses-01/eeg/sub-8_ses-01_task-imagery_run-02_eeg.edf	1250	True		sub-08	V	s	s	0	sub-08/ses-01/eeg/sub-08_ses-01_task-MotorImageryRest_run-02_eeg.vhdr	2338edf1b7e53f247d6ebfb83b88977f3d6eee9879ae9ebe72be4ff7e90266fb	True	unresolved	unresolved
sub-8	01	02	sub-8/ses-01/run-02/tsv-row-14	14	right_hand	2	95.396	5.0	23849	25099	sub-8/ses-01/eeg/sub-8_ses-01_task-imagery_run-02_eeg.edf	1250	True		sub-08	V	s	s	0	sub-08/ses-01/eeg/sub-08_ses-01_task-MotorImageryRest_run-02_eeg.vhdr	2338edf1b7e53f247d6ebfb83b88977f3d6eee9879ae9ebe72be4ff7e90266fb	True	unresolved	unresolved
sub-8	01	02	sub-8/ses-01/run-02/tsv-row-15	15	rest	1	102.288	5.0	25572	26822	sub-8/ses-01/eeg/sub-8_ses-01_task-imagery_run-02_eeg.edf	1250	True		sub-08	V	s	s	0	sub-08/ses-01/eeg/sub-08_ses-01_task-MotorImageryRest_run-02_eeg.vhdr	2338edf1b7e53f247d6ebfb83b88977f3d6eee9879ae9ebe72be4ff7e90266fb	True	unresolved	unresolved
sub-8	01	02	sub-8/ses-01/run-02/tsv-row-16	16	right_hand	2	109.172	5.0	27293	28543	sub-8/ses-01/eeg/sub-8_ses-01_task-imagery_run-02_eeg.edf	1250	True		sub-08	V	s	s	0	sub-08/ses-01/eeg/sub-08_ses-01_task-MotorImageryRest_run-02_eeg.vhdr	2338edf1b7e53f247d6ebfb83b88977f3d6eee9879ae9ebe72be4ff7e90266fb	True	unresolved	unresolved
sub-8	01	02	sub-8/ses-01/run-02/tsv-row-17	17	right_hand	2	116.056	5.0	29014	30264	sub-8/ses-01/eeg/sub-8_ses-01_task-imagery_run-02_eeg.edf	1250	True		sub-08	V	s	s	0	sub-08/ses-01/eeg/sub-08_ses-01_task-MotorImageryRest_run-02_eeg.vhdr	2338edf1b7e53f247d6ebfb83b88977f3d6eee9879ae9ebe72be4ff7e90266fb	True	unresolved	unresolved
sub-8	01	02	sub-8/ses-01/run-02/tsv-row-18	18	rest	1	122.948	5.0	30737	31987	sub-8/ses-01/eeg/sub-8_ses-01_task-imagery_run-02_eeg.edf	1250	True		sub-08	V	s	s	0	sub-08/ses-01/eeg/sub-08_ses-01_task-MotorImageryRest_run-02_eeg.vhdr	2338edf1b7e53f247d6ebfb83b88977f3d6eee9879ae9ebe72be4ff7e90266fb	True	unresolved	unresolved
sub-8	01	02	sub-8/ses-01/run-02/tsv-row-19	19	right_hand	2	129.832	5.0	32458	33708	sub-8/ses-01/eeg/sub-8_ses-01_task-imagery_run-02_eeg.edf	1250	True		sub-08	V	s	s	0	sub-08/ses-01/eeg/sub-08_ses-01_task-MotorImageryRest_run-02_eeg.vhdr	2338edf1b7e53f247d6ebfb83b88977f3d6eee9879ae9ebe72be4ff7e90266fb	True	unresolved	unresolved
sub-8	01	02	sub-8/ses-01/run-02/tsv-row-20	20	rest	1	136.74	5.0	34185	35435	sub-8/ses-01/eeg/sub-8_ses-01_task-imagery_run-02_eeg.edf	1250	True		sub-08	V	s	s	0	sub-08/ses-01/eeg/sub-08_ses-01_task-MotorImageryRest_run-02_eeg.vhdr	2338edf1b7e53f247d6ebfb83b88977f3d6eee9879ae9ebe72be4ff7e90266fb	True	unresolved	unresolved
sub-8	01	02	sub-8/ses-01/run-02/tsv-row-21	21	rest	1	143.612	5.0	35903	37153	sub-8/ses-01/eeg/sub-8_ses-01_task-imagery_run-02_eeg.edf	1250	True		sub-08	V	s	s	0	sub-08/ses-01/eeg/sub-08_ses-01_task-MotorImageryRest_run-02_eeg.vhdr	2338edf1b7e53f247d6ebfb83b88977f3d6eee9879ae9ebe72be4ff7e90266fb	True	unresolved	unresolved
sub-8	01	02	sub-8/ses-01/run-02/tsv-row-22	22	right_hand	2	150.492	5.0	37623	38873	sub-8/ses-01/eeg/sub-8_ses-01_task-imagery_run-02_eeg.edf	1250	True		sub-08	V	s	s	0	sub-08/ses-01/eeg/sub-08_ses-01_task-MotorImageryRest_run-02_eeg.vhdr	2338edf1b7e53f247d6ebfb83b88977f3d6eee9879ae9ebe72be4ff7e90266fb	True	unresolved	unresolved
sub-8	01	02	sub-8/ses-01/run-02/tsv-row-23	23	right_hand	2	157.396	5.0	39349	40599	sub-8/ses-01/eeg/sub-8_ses-01_task-imagery_run-02_eeg.edf	1250	True		sub-08	V	s	s	0	sub-08/ses-01/eeg/sub-08_ses-01_task-MotorImageryRest_run-02_eeg.vhdr	2338edf1b7e53f247d6ebfb83b88977f3d6eee9879ae9ebe72be4ff7e90266fb	True	unresolved	unresolved
sub-8	01	02	sub-8/ses-01/run-02/tsv-row-24	24	rest	1	164.288	5.0	41072	42322	sub-8/ses-01/eeg/sub-8_ses-01_task-imagery_run-02_eeg.edf	1250	True		sub-08	V	s	s	0	sub-08/ses-01/eeg/sub-08_ses-01_task-MotorImageryRest_run-02_eeg.vhdr	2338edf1b7e53f247d6ebfb83b88977f3d6eee9879ae9ebe72be4ff7e90266fb	True	unresolved	unresolved
sub-8	01	02	sub-8/ses-01/run-02/tsv-row-25	25	rest	1	171.156	5.0	42789	44039	sub-8/ses-01/eeg/sub-8_ses-01_task-imagery_run-02_eeg.edf	1250	True		sub-08	V	s	s	0	sub-08/ses-01/eeg/sub-08_ses-01_task-MotorImageryRest_run-02_eeg.vhdr	2338edf1b7e53f247d6ebfb83b88977f3d6eee9879ae9ebe72be4ff7e90266fb	True	unresolved	unresolved
sub-8	01	02	sub-8/ses-01/run-02/tsv-row-26	26	right_hand	2	178.056	5.0	44514	45764	sub-8/ses-01/eeg/sub-8_ses-01_task-imagery_run-02_eeg.edf	1250	True		sub-08	V	s	s	0	sub-08/ses-01/eeg/sub-08_ses-01_task-MotorImageryRest_run-02_eeg.vhdr	2338edf1b7e53f247d6ebfb83b88977f3d6eee9879ae9ebe72be4ff7e90266fb	True	unresolved	unresolved
sub-8	01	02	sub-8/ses-01/run-02/tsv-row-27	27	right_hand	2	184.944	5.0	46236	47486	sub-8/ses-01/eeg/sub-8_ses-01_task-imagery_run-02_eeg.edf	1250	True		sub-08	V	s	s	0	sub-08/ses-01/eeg/sub-08_ses-01_task-MotorImageryRest_run-02_eeg.vhdr	2338edf1b7e53f247d6ebfb83b88977f3d6eee9879ae9ebe72be4ff7e90266fb	True	unresolved	unresolved
sub-8	01	02	sub-8/ses-01/run-02/tsv-row-28	28	rest	1	191.836	5.0	47959	49209	sub-8/ses-01/eeg/sub-8_ses-01_task-imagery_run-02_eeg.edf	1250	True		sub-08	V	s	s	0	sub-08/ses-01/eeg/sub-08_ses-01_task-MotorImageryRest_run-02_eeg.vhdr	2338edf1b7e53f247d6ebfb83b88977f3d6eee9879ae9ebe72be4ff7e90266fb	True	unresolved	unresolved
sub-8	01	02	sub-8/ses-01/run-02/tsv-row-29	29	right_hand	2	198.716	5.0	49679	50929	sub-8/ses-01/eeg/sub-8_ses-01_task-imagery_run-02_eeg.edf	1250	True		sub-08	V	s	s	0	sub-08/ses-01/eeg/sub-08_ses-01_task-MotorImageryRest_run-02_eeg.vhdr	2338edf1b7e53f247d6ebfb83b88977f3d6eee9879ae9ebe72be4ff7e90266fb	True	unresolved	unresolved
sub-8	01	02	sub-8/ses-01/run-02/tsv-row-30	30	rest	1	205.608	5.0	51402	52652	sub-8/ses-01/eeg/sub-8_ses-01_task-imagery_run-02_eeg.edf	1250	True		sub-08	V	s	s	0	sub-08/ses-01/eeg/sub-08_ses-01_task-MotorImageryRest_run-02_eeg.vhdr	2338edf1b7e53f247d6ebfb83b88977f3d6eee9879ae9ebe72be4ff7e90266fb	True	unresolved	unresolved
sub-8	01	02	sub-8/ses-01/run-02/tsv-row-31	31	right_hand	2	212.488	5.0	53122	54372	sub-8/ses-01/eeg/sub-8_ses-01_task-imagery_run-02_eeg.edf	1250	True		sub-08	V	s	s	0	sub-08/ses-01/eeg/sub-08_ses-01_task-MotorImageryRest_run-02_eeg.vhdr	2338edf1b7e53f247d6ebfb83b88977f3d6eee9879ae9ebe72be4ff7e90266fb	True	unresolved	unresolved
sub-8	01	02	sub-8/ses-01/run-02/tsv-row-32	32	rest	1	219.396	5.0	54849	56099	sub-8/ses-01/eeg/sub-8_ses-01_task-imagery_run-02_eeg.edf	1250	True		sub-08	V	s	s	0	sub-08/ses-01/eeg/sub-08_ses-01_task-MotorImageryRest_run-02_eeg.vhdr	2338edf1b7e53f247d6ebfb83b88977f3d6eee9879ae9ebe72be4ff7e90266fb	True	unresolved	unresolved
sub-8	01	03	sub-8/ses-01/run-03/tsv-row-1	1	right_hand	2	6.212	5.0	1553	2803	sub-8/ses-01/eeg/sub-8_ses-01_task-imagery_run-03_eeg.edf	1250	True		sub-08	V	s	s	0	sub-08/ses-01/eeg/sub-08_ses-01_task-MotorImageryRest_run-03_eeg.vhdr	1366efab67bcac9eb3276c7e4a7107547d307a03a195f22a41512929692362e4	True	unresolved	unresolved
sub-8	01	03	sub-8/ses-01/run-03/tsv-row-2	2	rest	1	13.108	5.0	3277	4527	sub-8/ses-01/eeg/sub-8_ses-01_task-imagery_run-03_eeg.edf	1250	True		sub-08	V	s	s	0	sub-08/ses-01/eeg/sub-08_ses-01_task-MotorImageryRest_run-03_eeg.vhdr	1366efab67bcac9eb3276c7e4a7107547d307a03a195f22a41512929692362e4	True	unresolved	unresolved
sub-8	01	03	sub-8/ses-01/run-03/tsv-row-3	3	rest	1	19.996	5.0	4999	6249	sub-8/ses-01/eeg/sub-8_ses-01_task-imagery_run-03_eeg.edf	1250	True		sub-08	V	s	s	0	sub-08/ses-01/eeg/sub-08_ses-01_task-MotorImageryRest_run-03_eeg.vhdr	1366efab67bcac9eb3276c7e4a7107547d307a03a195f22a41512929692362e4	True	unresolved	unresolved
sub-8	01	03	sub-8/ses-01/run-03/tsv-row-4	4	right_hand	2	26.876	5.0	6719	7969	sub-8/ses-01/eeg/sub-8_ses-01_task-imagery_run-03_eeg.edf	1250	True		sub-08	V	s	s	0	sub-08/ses-01/eeg/sub-08_ses-01_task-MotorImageryRest_run-03_eeg.vhdr	1366efab67bcac9eb3276c7e4a7107547d307a03a195f22a41512929692362e4	True	unresolved	unresolved
sub-8	01	03	sub-8/ses-01/run-03/tsv-row-5	5	rest	1	33.768	5.0	8442	9692	sub-8/ses-01/eeg/sub-8_ses-01_task-imagery_run-03_eeg.edf	1250	True		sub-08	V	s	s	0	sub-08/ses-01/eeg/sub-08_ses-01_task-MotorImageryRest_run-03_eeg.vhdr	1366efab67bcac9eb3276c7e4a7107547d307a03a195f22a41512929692362e4	True	unresolved	unresolved
sub-8	01	03	sub-8/ses-01/run-03/tsv-row-6	6	right_hand	2	40.668	5.0	10167	11417	sub-8/ses-01/eeg/sub-8_ses-01_task-imagery_run-03_eeg.edf	1250	True		sub-08	V	s	s	0	sub-08/ses-01/eeg/sub-08_ses-01_task-MotorImageryRest_run-03_eeg.vhdr	1366efab67bcac9eb3276c7e4a7107547d307a03a195f22a41512929692362e4	True	unresolved	unresolved
sub-8	01	03	sub-8/ses-01/run-03/tsv-row-7	7	right_hand	2	47.552	5.0	11888	13138	sub-8/ses-01/eeg/sub-8_ses-01_task-imagery_run-03_eeg.edf	1250	True		sub-08	V	s	s	0	sub-08/ses-01/eeg/sub-08_ses-01_task-MotorImageryRest_run-03_eeg.vhdr	1366efab67bcac9eb3276c7e4a7107547d307a03a195f22a41512929692362e4	True	unresolved	unresolved
sub-8	01	03	sub-8/ses-01/run-03/tsv-row-8	8	rest	1	54.432	5.0	13608	14858	sub-8/ses-01/eeg/sub-8_ses-01_task-imagery_run-03_eeg.edf	1250	True		sub-08	V	s	s	0	sub-08/ses-01/eeg/sub-08_ses-01_task-MotorImageryRest_run-03_eeg.vhdr	1366efab67bcac9eb3276c7e4a7107547d307a03a195f22a41512929692362e4	True	unresolved	unresolved
sub-8	01	03	sub-8/ses-01/run-03/tsv-row-9	9	rest	1	61.332	5.0	15333	16583	sub-8/ses-01/eeg/sub-8_ses-01_task-imagery_run-03_eeg.edf	1250	True		sub-08	V	s	s	0	sub-08/ses-01/eeg/sub-08_ses-01_task-MotorImageryRest_run-03_eeg.vhdr	1366efab67bcac9eb3276c7e4a7107547d307a03a195f22a41512929692362e4	True	unresolved	unresolved
sub-8	01	03	sub-8/ses-01/run-03/tsv-row-10	10	right_hand	2	68.212	5.0	17053	18303	sub-8/ses-01/eeg/sub-8_ses-01_task-imagery_run-03_eeg.edf	1250	True		sub-08	V	s	s	0	sub-08/ses-01/eeg/sub-08_ses-01_task-MotorImageryRest_run-03_eeg.vhdr	1366efab67bcac9eb3276c7e4a7107547d307a03a195f22a41512929692362e4	True	unresolved	unresolved
sub-8	01	03	sub-8/ses-01/run-03/tsv-row-11	11	rest	1	75.088	5.0	18772	20022	sub-8/ses-01/eeg/sub-8_ses-01_task-imagery_run-03_eeg.edf	1250	True		sub-08	V	s	s	0	sub-08/ses-01/eeg/sub-08_ses-01_task-MotorImageryRest_run-03_eeg.vhdr	1366efab67bcac9eb3276c7e4a7107547d307a03a195f22a41512929692362e4	True	unresolved	unresolved
sub-8	01	03	sub-8/ses-01/run-03/tsv-row-12	12	right_hand	2	81.972	5.0	20493	21743	sub-8/ses-01/eeg/sub-8_ses-01_task-imagery_run-03_eeg.edf	1250	True		sub-08	V	s	s	0	sub-08/ses-01/eeg/sub-08_ses-01_task-MotorImageryRest_run-03_eeg.vhdr	1366efab67bcac9eb3276c7e4a7107547d307a03a195f22a41512929692362e4	True	unresolved	unresolved
sub-8	01	03	sub-8/ses-01/run-03/tsv-row-13	13	right_hand	2	88.876	5.0	22219	23469	sub-8/ses-01/eeg/sub-8_ses-01_task-imagery_run-03_eeg.edf	1250	True		sub-08	V	s	s	0	sub-08/ses-01/eeg/sub-08_ses-01_task-MotorImageryRest_run-03_eeg.vhdr	1366efab67bcac9eb3276c7e4a7107547d307a03a195f22a41512929692362e4	True	unresolved	unresolved
sub-8	01	03	sub-8/ses-01/run-03/tsv-row-14	14	rest	1	95.768	5.0	23942	25192	sub-8/ses-01/eeg/sub-8_ses-01_task-imagery_run-03_eeg.edf	1250	True		sub-08	V	s	s	0	sub-08/ses-01/eeg/sub-08_ses-01_task-MotorImageryRest_run-03_eeg.vhdr	1366efab67bcac9eb3276c7e4a7107547d307a03a195f22a41512929692362e4	True	unresolved	unresolved
sub-8	01	03	sub-8/ses-01/run-03/tsv-row-15	15	right_hand	2	102.632	5.0	25658	26908	sub-8/ses-01/eeg/sub-8_ses-01_task-imagery_run-03_eeg.edf	1250	True		sub-08	V	s	s	0	sub-08/ses-01/eeg/sub-08_ses-01_task-MotorImageryRest_run-03_eeg.vhdr	1366efab67bcac9eb3276c7e4a7107547d307a03a195f22a41512929692362e4	True	unresolved	unresolved
sub-8	01	03	sub-8/ses-01/run-03/tsv-row-16	16	rest	1	109.54	5.0	27385	28635	sub-8/ses-01/eeg/sub-8_ses-01_task-imagery_run-03_eeg.edf	1250	True		sub-08	V	s	s	0	sub-08/ses-01/eeg/sub-08_ses-01_task-MotorImageryRest_run-03_eeg.vhdr	1366efab67bcac9eb3276c7e4a7107547d307a03a195f22a41512929692362e4	True	unresolved	unresolved
sub-8	01	03	sub-8/ses-01/run-03/tsv-row-17	17	rest	1	116.428	5.0	29107	30357	sub-8/ses-01/eeg/sub-8_ses-01_task-imagery_run-03_eeg.edf	1250	True		sub-08	V	s	s	0	sub-08/ses-01/eeg/sub-08_ses-01_task-MotorImageryRest_run-03_eeg.vhdr	1366efab67bcac9eb3276c7e4a7107547d307a03a195f22a41512929692362e4	True	unresolved	unresolved
sub-8	01	03	sub-8/ses-01/run-03/tsv-row-18	18	right_hand	2	123.308	5.0	30827	32077	sub-8/ses-01/eeg/sub-8_ses-01_task-imagery_run-03_eeg.edf	1250	True		sub-08	V	s	s	0	sub-08/ses-01/eeg/sub-08_ses-01_task-MotorImageryRest_run-03_eeg.vhdr	1366efab67bcac9eb3276c7e4a7107547d307a03a195f22a41512929692362e4	True	unresolved	unresolved
sub-8	01	03	sub-8/ses-01/run-03/tsv-row-19	19	right_hand	2	130.212	5.0	32553	33803	sub-8/ses-01/eeg/sub-8_ses-01_task-imagery_run-03_eeg.edf	1250	True		sub-08	V	s	s	0	sub-08/ses-01/eeg/sub-08_ses-01_task-MotorImageryRest_run-03_eeg.vhdr	1366efab67bcac9eb3276c7e4a7107547d307a03a195f22a41512929692362e4	True	unresolved	unresolved
sub-8	01	03	sub-8/ses-01/run-03/tsv-row-20	20	rest	1	137.088	5.0	34272	35522	sub-8/ses-01/eeg/sub-8_ses-01_task-imagery_run-03_eeg.edf	1250	True		sub-08	V	s	s	0	sub-08/ses-01/eeg/sub-08_ses-01_task-MotorImageryRest_run-03_eeg.vhdr	1366efab67bcac9eb3276c7e4a7107547d307a03a195f22a41512929692362e4	True	unresolved	unresolved
sub-8	01	03	sub-8/ses-01/run-03/tsv-row-21	21	right_hand	2	143.968	5.0	35992	37242	sub-8/ses-01/eeg/sub-8_ses-01_task-imagery_run-03_eeg.edf	1250	True		sub-08	V	s	s	0	sub-08/ses-01/eeg/sub-08_ses-01_task-MotorImageryRest_run-03_eeg.vhdr	1366efab67bcac9eb3276c7e4a7107547d307a03a195f22a41512929692362e4	True	unresolved	unresolved
sub-8	01	03	sub-8/ses-01/run-03/tsv-row-22	22	rest	1	150.88	5.0	37720	38970	sub-8/ses-01/eeg/sub-8_ses-01_task-imagery_run-03_eeg.edf	1250	True		sub-08	V	s	s	0	sub-08/ses-01/eeg/sub-08_ses-01_task-MotorImageryRest_run-03_eeg.vhdr	1366efab67bcac9eb3276c7e4a7107547d307a03a195f22a41512929692362e4	True	unresolved	unresolved
sub-8	01	03	sub-8/ses-01/run-03/tsv-row-23	23	right_hand	2	157.744	5.0	39436	40686	sub-8/ses-01/eeg/sub-8_ses-01_task-imagery_run-03_eeg.edf	1250	True		sub-08	V	s	s	0	sub-08/ses-01/eeg/sub-08_ses-01_task-MotorImageryRest_run-03_eeg.vhdr	1366efab67bcac9eb3276c7e4a7107547d307a03a195f22a41512929692362e4	True	unresolved	unresolved
sub-8	01	03	sub-8/ses-01/run-03/tsv-row-24	24	rest	1	164.636	5.0	41159	42409	sub-8/ses-01/eeg/sub-8_ses-01_task-imagery_run-03_eeg.edf	1250	True		sub-08	V	s	s	0	sub-08/ses-01/eeg/sub-08_ses-01_task-MotorImageryRest_run-03_eeg.vhdr	1366efab67bcac9eb3276c7e4a7107547d307a03a195f22a41512929692362e4	True	unresolved	unresolved
sub-8	01	03	sub-8/ses-01/run-03/tsv-row-25	25	rest	1	171.536	5.0	42884	44134	sub-8/ses-01/eeg/sub-8_ses-01_task-imagery_run-03_eeg.edf	1250	True		sub-08	V	s	s	0	sub-08/ses-01/eeg/sub-08_ses-01_task-MotorImageryRest_run-03_eeg.vhdr	1366efab67bcac9eb3276c7e4a7107547d307a03a195f22a41512929692362e4	True	unresolved	unresolved
sub-8	01	03	sub-8/ses-01/run-03/tsv-row-26	26	right_hand	2	178.42	5.0	44605	45855	sub-8/ses-01/eeg/sub-8_ses-01_task-imagery_run-03_eeg.edf	1250	True		sub-08	V	s	s	0	sub-08/ses-01/eeg/sub-08_ses-01_task-MotorImageryRest_run-03_eeg.vhdr	1366efab67bcac9eb3276c7e4a7107547d307a03a195f22a41512929692362e4	True	unresolved	unresolved
sub-8	01	03	sub-8/ses-01/run-03/tsv-row-27	27	rest	1	185.312	5.0	46328	47578	sub-8/ses-01/eeg/sub-8_ses-01_task-imagery_run-03_eeg.edf	1250	True		sub-08	V	s	s	0	sub-08/ses-01/eeg/sub-08_ses-01_task-MotorImageryRest_run-03_eeg.vhdr	1366efab67bcac9eb3276c7e4a7107547d307a03a195f22a41512929692362e4	True	unresolved	unresolved
sub-8	01	03	sub-8/ses-01/run-03/tsv-row-28	28	right_hand	2	192.192	5.0	48048	49298	sub-8/ses-01/eeg/sub-8_ses-01_task-imagery_run-03_eeg.edf	1250	True		sub-08	V	s	s	0	sub-08/ses-01/eeg/sub-08_ses-01_task-MotorImageryRest_run-03_eeg.vhdr	1366efab67bcac9eb3276c7e4a7107547d307a03a195f22a41512929692362e4	True	unresolved	unresolved
sub-8	01	03	sub-8/ses-01/run-03/tsv-row-29	29	right_hand	2	199.08	5.0	49770	51020	sub-8/ses-01/eeg/sub-8_ses-01_task-imagery_run-03_eeg.edf	1250	True		sub-08	V	s	s	0	sub-08/ses-01/eeg/sub-08_ses-01_task-MotorImageryRest_run-03_eeg.vhdr	1366efab67bcac9eb3276c7e4a7107547d307a03a195f22a41512929692362e4	True	unresolved	unresolved
sub-8	01	03	sub-8/ses-01/run-03/tsv-row-30	30	rest	1	205.972	5.0	51493	52743	sub-8/ses-01/eeg/sub-8_ses-01_task-imagery_run-03_eeg.edf	1250	True		sub-08	V	s	s	0	sub-08/ses-01/eeg/sub-08_ses-01_task-MotorImageryRest_run-03_eeg.vhdr	1366efab67bcac9eb3276c7e4a7107547d307a03a195f22a41512929692362e4	True	unresolved	unresolved
sub-8	01	03	sub-8/ses-01/run-03/tsv-row-31	31	right_hand	2	212.852	5.0	53213	54463	sub-8/ses-01/eeg/sub-8_ses-01_task-imagery_run-03_eeg.edf	1250	True		sub-08	V	s	s	0	sub-08/ses-01/eeg/sub-08_ses-01_task-MotorImageryRest_run-03_eeg.vhdr	1366efab67bcac9eb3276c7e4a7107547d307a03a195f22a41512929692362e4	True	unresolved	unresolved
sub-8	01	03	sub-8/ses-01/run-03/tsv-row-32	32	rest	1	219.748	5.0	54937	56187	sub-8/ses-01/eeg/sub-8_ses-01_task-imagery_run-03_eeg.edf	1250	True		sub-08	V	s	s	0	sub-08/ses-01/eeg/sub-08_ses-01_task-MotorImageryRest_run-03_eeg.vhdr	1366efab67bcac9eb3276c7e4a7107547d307a03a195f22a41512929692362e4	True	unresolved	unresolved
sub-8	01	04	sub-8/ses-01/run-04/tsv-row-1	1	right_hand	2	7.332	5.0	1833	3083	sub-8/ses-01/eeg/sub-8_ses-01_task-imagery_run-04_eeg.edf	1250	True		sub-08	V	s	s	0	sub-08/ses-01/eeg/sub-08_ses-01_task-MotorImageryRest_run-04_eeg.vhdr	0f06b82439afffcc9636f0edc24f9eb6345ba206a7b54584a48413128a3dc09c	True	unresolved	unresolved
sub-8	01	04	sub-8/ses-01/run-04/tsv-row-2	2	rest	1	14.228	5.0	3557	4807	sub-8/ses-01/eeg/sub-8_ses-01_task-imagery_run-04_eeg.edf	1250	True		sub-08	V	s	s	0	sub-08/ses-01/eeg/sub-08_ses-01_task-MotorImageryRest_run-04_eeg.vhdr	0f06b82439afffcc9636f0edc24f9eb6345ba206a7b54584a48413128a3dc09c	True	unresolved	unresolved
sub-8	01	04	sub-8/ses-01/run-04/tsv-row-3	3	rest	1	21.132	5.0	5283	6533	sub-8/ses-01/eeg/sub-8_ses-01_task-imagery_run-04_eeg.edf	1250	True		sub-08	V	s	s	0	sub-08/ses-01/eeg/sub-08_ses-01_task-MotorImageryRest_run-04_eeg.vhdr	0f06b82439afffcc9636f0edc24f9eb6345ba206a7b54584a48413128a3dc09c	True	unresolved	unresolved
sub-8	01	04	sub-8/ses-01/run-04/tsv-row-4	4	right_hand	2	27.996	5.0	6999	8249	sub-8/ses-01/eeg/sub-8_ses-01_task-imagery_run-04_eeg.edf	1250	True		sub-08	V	s	s	0	sub-08/ses-01/eeg/sub-08_ses-01_task-MotorImageryRest_run-04_eeg.vhdr	0f06b82439afffcc9636f0edc24f9eb6345ba206a7b54584a48413128a3dc09c	True	unresolved	unresolved
sub-8	01	04	sub-8/ses-01/run-04/tsv-row-5	5	right_hand	2	34.9	5.0	8725	9975	sub-8/ses-01/eeg/sub-8_ses-01_task-imagery_run-04_eeg.edf	1250	True		sub-08	V	s	s	0	sub-08/ses-01/eeg/sub-08_ses-01_task-MotorImageryRest_run-04_eeg.vhdr	0f06b82439afffcc9636f0edc24f9eb6345ba206a7b54584a48413128a3dc09c	True	unresolved	unresolved
sub-8	01	04	sub-8/ses-01/run-04/tsv-row-6	6	rest	1	41.776	5.0	10444	11694	sub-8/ses-01/eeg/sub-8_ses-01_task-imagery_run-04_eeg.edf	1250	True		sub-08	V	s	s	0	sub-08/ses-01/eeg/sub-08_ses-01_task-MotorImageryRest_run-04_eeg.vhdr	0f06b82439afffcc9636f0edc24f9eb6345ba206a7b54584a48413128a3dc09c	True	unresolved	unresolved
sub-8	01	04	sub-8/ses-01/run-04/tsv-row-7	7	rest	1	48.68	5.0	12170	13420	sub-8/ses-01/eeg/sub-8_ses-01_task-imagery_run-04_eeg.edf	1250	True		sub-08	V	s	s	0	sub-08/ses-01/eeg/sub-08_ses-01_task-MotorImageryRest_run-04_eeg.vhdr	0f06b82439afffcc9636f0edc24f9eb6345ba206a7b54584a48413128a3dc09c	True	unresolved	unresolved
sub-8	01	04	sub-8/ses-01/run-04/tsv-row-8	8	right_hand	2	55.56	5.0	13890	15140	sub-8/ses-01/eeg/sub-8_ses-01_task-imagery_run-04_eeg.edf	1250	True		sub-08	V	s	s	0	sub-08/ses-01/eeg/sub-08_ses-01_task-MotorImageryRest_run-04_eeg.vhdr	0f06b82439afffcc9636f0edc24f9eb6345ba206a7b54584a48413128a3dc09c	True	unresolved	unresolved
sub-8	01	04	sub-8/ses-01/run-04/tsv-row-9	9	right_hand	2	62.448	5.0	15612	16862	sub-8/ses-01/eeg/sub-8_ses-01_task-imagery_run-04_eeg.edf	1250	True		sub-08	V	s	s	0	sub-08/ses-01/eeg/sub-08_ses-01_task-MotorImageryRest_run-04_eeg.vhdr	0f06b82439afffcc9636f0edc24f9eb6345ba206a7b54584a48413128a3dc09c	True	unresolved	unresolved
sub-8	01	04	sub-8/ses-01/run-04/tsv-row-10	10	rest	1	69.324	5.0	17331	18581	sub-8/ses-01/eeg/sub-8_ses-01_task-imagery_run-04_eeg.edf	1250	True		sub-08	V	s	s	0	sub-08/ses-01/eeg/sub-08_ses-01_task-MotorImageryRest_run-04_eeg.vhdr	0f06b82439afffcc9636f0edc24f9eb6345ba206a7b54584a48413128a3dc09c	True	unresolved	unresolved
sub-8	01	04	sub-8/ses-01/run-04/tsv-row-11	11	rest	1	76.228	5.0	19057	20307	sub-8/ses-01/eeg/sub-8_ses-01_task-imagery_run-04_eeg.edf	1250	True		sub-08	V	s	s	0	sub-08/ses-01/eeg/sub-08_ses-01_task-MotorImageryRest_run-04_eeg.vhdr	0f06b82439afffcc9636f0edc24f9eb6345ba206a7b54584a48413128a3dc09c	True	unresolved	unresolved
sub-8	01	04	sub-8/ses-01/run-04/tsv-row-12	12	right_hand	2	83.108	5.0	20777	22027	sub-8/ses-01/eeg/sub-8_ses-01_task-imagery_run-04_eeg.edf	1250	True		sub-08	V	s	s	0	sub-08/ses-01/eeg/sub-08_ses-01_task-MotorImageryRest_run-04_eeg.vhdr	0f06b82439afffcc9636f0edc24f9eb6345ba206a7b54584a48413128a3dc09c	True	unresolved	unresolved
sub-8	01	04	sub-8/ses-01/run-04/tsv-row-13	13	rest	1	89.984	5.0	22496	23746	sub-8/ses-01/eeg/sub-8_ses-01_task-imagery_run-04_eeg.edf	1250	True		sub-08	V	s	s	0	sub-08/ses-01/eeg/sub-08_ses-01_task-MotorImageryRest_run-04_eeg.vhdr	0f06b82439afffcc9636f0edc24f9eb6345ba206a7b54584a48413128a3dc09c	True	unresolved	unresolved
sub-8	01	04	sub-8/ses-01/run-04/tsv-row-14	14	right_hand	2	96.88	5.0	24220	25470	sub-8/ses-01/eeg/sub-8_ses-01_task-imagery_run-04_eeg.edf	1250	True		sub-08	V	s	s	0	sub-08/ses-01/eeg/sub-08_ses-01_task-MotorImageryRest_run-04_eeg.vhdr	0f06b82439afffcc9636f0edc24f9eb6345ba206a7b54584a48413128a3dc09c	True	unresolved	unresolved
sub-8	01	04	sub-8/ses-01/run-04/tsv-row-15	15	right_hand	2	103.768	5.0	25942	27192	sub-8/ses-01/eeg/sub-8_ses-01_task-imagery_run-04_eeg.edf	1250	True		sub-08	V	s	s	0	sub-08/ses-01/eeg/sub-08_ses-01_task-MotorImageryRest_run-04_eeg.vhdr	0f06b82439afffcc9636f0edc24f9eb6345ba206a7b54584a48413128a3dc09c	True	unresolved	unresolved
sub-8	01	04	sub-8/ses-01/run-04/tsv-row-16	16	rest	1	110.66	5.0	27665	28915	sub-8/ses-01/eeg/sub-8_ses-01_task-imagery_run-04_eeg.edf	1250	True		sub-08	V	s	s	0	sub-08/ses-01/eeg/sub-08_ses-01_task-MotorImageryRest_run-04_eeg.vhdr	0f06b82439afffcc9636f0edc24f9eb6345ba206a7b54584a48413128a3dc09c	True	unresolved	unresolved
sub-8	01	04	sub-8/ses-01/run-04/tsv-row-17	17	right_hand	2	117.54	5.0	29385	30635	sub-8/ses-01/eeg/sub-8_ses-01_task-imagery_run-04_eeg.edf	1250	True		sub-08	V	s	s	0	sub-08/ses-01/eeg/sub-08_ses-01_task-MotorImageryRest_run-04_eeg.vhdr	0f06b82439afffcc9636f0edc24f9eb6345ba206a7b54584a48413128a3dc09c	True	unresolved	unresolved
sub-8	01	04	sub-8/ses-01/run-04/tsv-row-18	18	rest	1	124.432	5.0	31108	32358	sub-8/ses-01/eeg/sub-8_ses-01_task-imagery_run-04_eeg.edf	1250	True		sub-08	V	s	s	0	sub-08/ses-01/eeg/sub-08_ses-01_task-MotorImageryRest_run-04_eeg.vhdr	0f06b82439afffcc9636f0edc24f9eb6345ba206a7b54584a48413128a3dc09c	True	unresolved	unresolved
sub-8	01	04	sub-8/ses-01/run-04/tsv-row-19	19	rest	1	131.336	5.0	32834	34084	sub-8/ses-01/eeg/sub-8_ses-01_task-imagery_run-04_eeg.edf	1250	True		sub-08	V	s	s	0	sub-08/ses-01/eeg/sub-08_ses-01_task-MotorImageryRest_run-04_eeg.vhdr	0f06b82439afffcc9636f0edc24f9eb6345ba206a7b54584a48413128a3dc09c	True	unresolved	unresolved
sub-8	01	04	sub-8/ses-01/run-04/tsv-row-20	20	right_hand	2	138.216	5.0	34554	35804	sub-8/ses-01/eeg/sub-8_ses-01_task-imagery_run-04_eeg.edf	1250	True		sub-08	V	s	s	0	sub-08/ses-01/eeg/sub-08_ses-01_task-MotorImageryRest_run-04_eeg.vhdr	0f06b82439afffcc9636f0edc24f9eb6345ba206a7b54584a48413128a3dc09c	True	unresolved	unresolved
sub-8	01	04	sub-8/ses-01/run-04/tsv-row-21	21	right_hand	2	145.088	5.0	36272	37522	sub-8/ses-01/eeg/sub-8_ses-01_task-imagery_run-04_eeg.edf	1250	True		sub-08	V	s	s	0	sub-08/ses-01/eeg/sub-08_ses-01_task-MotorImageryRest_run-04_eeg.vhdr	0f06b82439afffcc9636f0edc24f9eb6345ba206a7b54584a48413128a3dc09c	True	unresolved	unresolved
sub-8	01	04	sub-8/ses-01/run-04/tsv-row-22	22	rest	1	151.98	5.0	37995	39245	sub-8/ses-01/eeg/sub-8_ses-01_task-imagery_run-04_eeg.edf	1250	True		sub-08	V	s	s	0	sub-08/ses-01/eeg/sub-08_ses-01_task-MotorImageryRest_run-04_eeg.vhdr	0f06b82439afffcc9636f0edc24f9eb6345ba206a7b54584a48413128a3dc09c	True	unresolved	unresolved
sub-8	01	04	sub-8/ses-01/run-04/tsv-row-23	23	rest	1	158.884	5.0	39721	40971	sub-8/ses-01/eeg/sub-8_ses-01_task-imagery_run-04_eeg.edf	1250	True		sub-08	V	s	s	0	sub-08/ses-01/eeg/sub-08_ses-01_task-MotorImageryRest_run-04_eeg.vhdr	0f06b82439afffcc9636f0edc24f9eb6345ba206a7b54584a48413128a3dc09c	True	unresolved	unresolved
sub-8	01	04	sub-8/ses-01/run-04/tsv-row-24	24	right_hand	2	165.764	5.0	41441	42691	sub-8/ses-01/eeg/sub-8_ses-01_task-imagery_run-04_eeg.edf	1250	True		sub-08	V	s	s	0	sub-08/ses-01/eeg/sub-08_ses-01_task-MotorImageryRest_run-04_eeg.vhdr	0f06b82439afffcc9636f0edc24f9eb6345ba206a7b54584a48413128a3dc09c	True	unresolved	unresolved
sub-8	01	04	sub-8/ses-01/run-04/tsv-row-25	25	right_hand	2	172.636	5.0	43159	44409	sub-8/ses-01/eeg/sub-8_ses-01_task-imagery_run-04_eeg.edf	1250	True		sub-08	V	s	s	0	sub-08/ses-01/eeg/sub-08_ses-01_task-MotorImageryRest_run-04_eeg.vhdr	0f06b82439afffcc9636f0edc24f9eb6345ba206a7b54584a48413128a3dc09c	True	unresolved	unresolved
sub-8	01	04	sub-8/ses-01/run-04/tsv-row-26	26	rest	1	179.544	5.0	44886	46136	sub-8/ses-01/eeg/sub-8_ses-01_task-imagery_run-04_eeg.edf	1250	True		sub-08	V	s	s	0	sub-08/ses-01/eeg/sub-08_ses-01_task-MotorImageryRest_run-04_eeg.vhdr	0f06b82439afffcc9636f0edc24f9eb6345ba206a7b54584a48413128a3dc09c	True	unresolved	unresolved
sub-8	01	04	sub-8/ses-01/run-04/tsv-row-27	27	rest	1	186.432	5.0	46608	47858	sub-8/ses-01/eeg/sub-8_ses-01_task-imagery_run-04_eeg.edf	1250	True		sub-08	V	s	s	0	sub-08/ses-01/eeg/sub-08_ses-01_task-MotorImageryRest_run-04_eeg.vhdr	0f06b82439afffcc9636f0edc24f9eb6345ba206a7b54584a48413128a3dc09c	True	unresolved	unresolved
sub-8	01	04	sub-8/ses-01/run-04/tsv-row-28	28	right_hand	2	193.312	5.0	48328	49578	sub-8/ses-01/eeg/sub-8_ses-01_task-imagery_run-04_eeg.edf	1250	True		sub-08	V	s	s	0	sub-08/ses-01/eeg/sub-08_ses-01_task-MotorImageryRest_run-04_eeg.vhdr	0f06b82439afffcc9636f0edc24f9eb6345ba206a7b54584a48413128a3dc09c	True	unresolved	unresolved
sub-8	01	04	sub-8/ses-01/run-04/tsv-row-29	29	rest	1	200.188	5.0	50047	51297	sub-8/ses-01/eeg/sub-8_ses-01_task-imagery_run-04_eeg.edf	1250	True		sub-08	V	s	s	0	sub-08/ses-01/eeg/sub-08_ses-01_task-MotorImageryRest_run-04_eeg.vhdr	0f06b82439afffcc9636f0edc24f9eb6345ba206a7b54584a48413128a3dc09c	True	unresolved	unresolved
sub-8	01	04	sub-8/ses-01/run-04/tsv-row-30	30	right_hand	2	207.084	5.0	51771	53021	sub-8/ses-01/eeg/sub-8_ses-01_task-imagery_run-04_eeg.edf	1250	True		sub-08	V	s	s	0	sub-08/ses-01/eeg/sub-08_ses-01_task-MotorImageryRest_run-04_eeg.vhdr	0f06b82439afffcc9636f0edc24f9eb6345ba206a7b54584a48413128a3dc09c	True	unresolved	unresolved
sub-8	01	04	sub-8/ses-01/run-04/tsv-row-31	31	rest	1	213.98	5.0	53495	54745	sub-8/ses-01/eeg/sub-8_ses-01_task-imagery_run-04_eeg.edf	1250	True		sub-08	V	s	s	0	sub-08/ses-01/eeg/sub-08_ses-01_task-MotorImageryRest_run-04_eeg.vhdr	0f06b82439afffcc9636f0edc24f9eb6345ba206a7b54584a48413128a3dc09c	True	unresolved	unresolved
sub-8	01	04	sub-8/ses-01/run-04/tsv-row-32	32	right_hand	2	220.86	5.0	55215	56465	sub-8/ses-01/eeg/sub-8_ses-01_task-imagery_run-04_eeg.edf	1250	True		sub-08	V	s	s	0	sub-08/ses-01/eeg/sub-08_ses-01_task-MotorImageryRest_run-04_eeg.vhdr	0f06b82439afffcc9636f0edc24f9eb6345ba206a7b54584a48413128a3dc09c	True	unresolved	unresolved
sub-8	01	05	sub-8/ses-01/run-05/tsv-row-1	1	rest	1	5.94	5.0	1485	2735	sub-8/ses-01/eeg/sub-8_ses-01_task-imagery_run-05_eeg.edf	1250	True		sub-08	V	s	s	0	sub-08/ses-01/eeg/sub-08_ses-01_task-MotorImageryRest_run-05_eeg.vhdr	d0ec34c752c4bee6af6a5ad1bdc27fee4a26dc84c3b430996c6add5ad7dafa75	True	unresolved	unresolved
sub-8	01	05	sub-8/ses-01/run-05/tsv-row-2	2	right_hand	2	12.824	5.0	3206	4456	sub-8/ses-01/eeg/sub-8_ses-01_task-imagery_run-05_eeg.edf	1250	True		sub-08	V	s	s	0	sub-08/ses-01/eeg/sub-08_ses-01_task-MotorImageryRest_run-05_eeg.vhdr	d0ec34c752c4bee6af6a5ad1bdc27fee4a26dc84c3b430996c6add5ad7dafa75	True	unresolved	unresolved
sub-8	01	05	sub-8/ses-01/run-05/tsv-row-3	3	right_hand	2	19.712	5.0	4928	6178	sub-8/ses-01/eeg/sub-8_ses-01_task-imagery_run-05_eeg.edf	1250	True		sub-08	V	s	s	0	sub-08/ses-01/eeg/sub-08_ses-01_task-MotorImageryRest_run-05_eeg.vhdr	d0ec34c752c4bee6af6a5ad1bdc27fee4a26dc84c3b430996c6add5ad7dafa75	True	unresolved	unresolved
sub-8	01	05	sub-8/ses-01/run-05/tsv-row-4	4	rest	1	26.604	5.0	6651	7901	sub-8/ses-01/eeg/sub-8_ses-01_task-imagery_run-05_eeg.edf	1250	True		sub-08	V	s	s	0	sub-08/ses-01/eeg/sub-08_ses-01_task-MotorImageryRest_run-05_eeg.vhdr	d0ec34c752c4bee6af6a5ad1bdc27fee4a26dc84c3b430996c6add5ad7dafa75	True	unresolved	unresolved
sub-8	01	05	sub-8/ses-01/run-05/tsv-row-5	5	rest	1	33.508	5.0	8377	9627	sub-8/ses-01/eeg/sub-8_ses-01_task-imagery_run-05_eeg.edf	1250	True		sub-08	V	s	s	0	sub-08/ses-01/eeg/sub-08_ses-01_task-MotorImageryRest_run-05_eeg.vhdr	d0ec34c752c4bee6af6a5ad1bdc27fee4a26dc84c3b430996c6add5ad7dafa75	True	unresolved	unresolved
sub-8	01	05	sub-8/ses-01/run-05/tsv-row-6	6	right_hand	2	40.372	5.0	10093	11343	sub-8/ses-01/eeg/sub-8_ses-01_task-imagery_run-05_eeg.edf	1250	True		sub-08	V	s	s	0	sub-08/ses-01/eeg/sub-08_ses-01_task-MotorImageryRest_run-05_eeg.vhdr	d0ec34c752c4bee6af6a5ad1bdc27fee4a26dc84c3b430996c6add5ad7dafa75	True	unresolved	unresolved
sub-8	01	05	sub-8/ses-01/run-05/tsv-row-7	7	right_hand	2	47.276	5.0	11819	13069	sub-8/ses-01/eeg/sub-8_ses-01_task-imagery_run-05_eeg.edf	1250	True		sub-08	V	s	s	0	sub-08/ses-01/eeg/sub-08_ses-01_task-MotorImageryRest_run-05_eeg.vhdr	d0ec34c752c4bee6af6a5ad1bdc27fee4a26dc84c3b430996c6add5ad7dafa75	True	unresolved	unresolved
sub-8	01	05	sub-8/ses-01/run-05/tsv-row-8	8	rest	1	54.152	5.0	13538	14788	sub-8/ses-01/eeg/sub-8_ses-01_task-imagery_run-05_eeg.edf	1250	True		sub-08	V	s	s	0	sub-08/ses-01/eeg/sub-08_ses-01_task-MotorImageryRest_run-05_eeg.vhdr	d0ec34c752c4bee6af6a5ad1bdc27fee4a26dc84c3b430996c6add5ad7dafa75	True	unresolved	unresolved
sub-8	01	05	sub-8/ses-01/run-05/tsv-row-9	9	right_hand	2	61.048	5.0	15262	16512	sub-8/ses-01/eeg/sub-8_ses-01_task-imagery_run-05_eeg.edf	1250	True		sub-08	V	s	s	0	sub-08/ses-01/eeg/sub-08_ses-01_task-MotorImageryRest_run-05_eeg.vhdr	d0ec34c752c4bee6af6a5ad1bdc27fee4a26dc84c3b430996c6add5ad7dafa75	True	unresolved	unresolved
sub-8	01	05	sub-8/ses-01/run-05/tsv-row-10	10	rest	1	67.924	5.0	16981	18231	sub-8/ses-01/eeg/sub-8_ses-01_task-imagery_run-05_eeg.edf	1250	True		sub-08	V	s	s	0	sub-08/ses-01/eeg/sub-08_ses-01_task-MotorImageryRest_run-05_eeg.vhdr	d0ec34c752c4bee6af6a5ad1bdc27fee4a26dc84c3b430996c6add5ad7dafa75	True	unresolved	unresolved
sub-8	01	05	sub-8/ses-01/run-05/tsv-row-11	11	right_hand	2	74.804	5.0	18701	19951	sub-8/ses-01/eeg/sub-8_ses-01_task-imagery_run-05_eeg.edf	1250	True		sub-08	V	s	s	0	sub-08/ses-01/eeg/sub-08_ses-01_task-MotorImageryRest_run-05_eeg.vhdr	d0ec34c752c4bee6af6a5ad1bdc27fee4a26dc84c3b430996c6add5ad7dafa75	True	unresolved	unresolved
sub-8	01	05	sub-8/ses-01/run-05/tsv-row-12	12	rest	1	81.716	5.0	20429	21679	sub-8/ses-01/eeg/sub-8_ses-01_task-imagery_run-05_eeg.edf	1250	True		sub-08	V	s	s	0	sub-08/ses-01/eeg/sub-08_ses-01_task-MotorImageryRest_run-05_eeg.vhdr	d0ec34c752c4bee6af6a5ad1bdc27fee4a26dc84c3b430996c6add5ad7dafa75	True	unresolved	unresolved
sub-8	01	05	sub-8/ses-01/run-05/tsv-row-13	13	rest	1	88.6	5.0	22150	23400	sub-8/ses-01/eeg/sub-8_ses-01_task-imagery_run-05_eeg.edf	1250	True		sub-08	V	s	s	0	sub-08/ses-01/eeg/sub-08_ses-01_task-MotorImageryRest_run-05_eeg.vhdr	d0ec34c752c4bee6af6a5ad1bdc27fee4a26dc84c3b430996c6add5ad7dafa75	True	unresolved	unresolved
sub-8	01	05	sub-8/ses-01/run-05/tsv-row-14	14	right_hand	2	95.468	5.0	23867	25117	sub-8/ses-01/eeg/sub-8_ses-01_task-imagery_run-05_eeg.edf	1250	True		sub-08	V	s	s	0	sub-08/ses-01/eeg/sub-08_ses-01_task-MotorImageryRest_run-05_eeg.vhdr	d0ec34c752c4bee6af6a5ad1bdc27fee4a26dc84c3b430996c6add5ad7dafa75	True	unresolved	unresolved
sub-8	01	05	sub-8/ses-01/run-05/tsv-row-15	15	rest	1	102.376	5.0	25594	26844	sub-8/ses-01/eeg/sub-8_ses-01_task-imagery_run-05_eeg.edf	1250	True		sub-08	V	s	s	0	sub-08/ses-01/eeg/sub-08_ses-01_task-MotorImageryRest_run-05_eeg.vhdr	d0ec34c752c4bee6af6a5ad1bdc27fee4a26dc84c3b430996c6add5ad7dafa75	True	unresolved	unresolved
sub-8	01	05	sub-8/ses-01/run-05/tsv-row-16	16	right_hand	2	109.256	5.0	27314	28564	sub-8/ses-01/eeg/sub-8_ses-01_task-imagery_run-05_eeg.edf	1250	True		sub-08	V	s	s	0	sub-08/ses-01/eeg/sub-08_ses-01_task-MotorImageryRest_run-05_eeg.vhdr	d0ec34c752c4bee6af6a5ad1bdc27fee4a26dc84c3b430996c6add5ad7dafa75	True	unresolved	unresolved
sub-8	01	05	sub-8/ses-01/run-05/tsv-row-17	17	rest	1	116.148	5.0	29037	30287	sub-8/ses-01/eeg/sub-8_ses-01_task-imagery_run-05_eeg.edf	1250	True		sub-08	V	s	s	0	sub-08/ses-01/eeg/sub-08_ses-01_task-MotorImageryRest_run-05_eeg.vhdr	d0ec34c752c4bee6af6a5ad1bdc27fee4a26dc84c3b430996c6add5ad7dafa75	True	unresolved	unresolved
sub-8	01	05	sub-8/ses-01/run-05/tsv-row-18	18	right_hand	2	123.032	5.0	30758	32008	sub-8/ses-01/eeg/sub-8_ses-01_task-imagery_run-05_eeg.edf	1250	True		sub-08	V	s	s	0	sub-08/ses-01/eeg/sub-08_ses-01_task-MotorImageryRest_run-05_eeg.vhdr	d0ec34c752c4bee6af6a5ad1bdc27fee4a26dc84c3b430996c6add5ad7dafa75	True	unresolved	unresolved
sub-8	01	05	sub-8/ses-01/run-05/tsv-row-19	19	rest	1	129.924	5.0	32481	33731	sub-8/ses-01/eeg/sub-8_ses-01_task-imagery_run-05_eeg.edf	1250	True		sub-08	V	s	s	0	sub-08/ses-01/eeg/sub-08_ses-01_task-MotorImageryRest_run-05_eeg.vhdr	d0ec34c752c4bee6af6a5ad1bdc27fee4a26dc84c3b430996c6add5ad7dafa75	True	unresolved	unresolved
sub-8	01	05	sub-8/ses-01/run-05/tsv-row-20	20	right_hand	2	136.804	5.0	34201	35451	sub-8/ses-01/eeg/sub-8_ses-01_task-imagery_run-05_eeg.edf	1250	True		sub-08	V	s	s	0	sub-08/ses-01/eeg/sub-08_ses-01_task-MotorImageryRest_run-05_eeg.vhdr	d0ec34c752c4bee6af6a5ad1bdc27fee4a26dc84c3b430996c6add5ad7dafa75	True	unresolved	unresolved
sub-8	01	05	sub-8/ses-01/run-05/tsv-row-21	21	right_hand	2	143.708	5.0	35927	37177	sub-8/ses-01/eeg/sub-8_ses-01_task-imagery_run-05_eeg.edf	1250	True		sub-08	V	s	s	0	sub-08/ses-01/eeg/sub-08_ses-01_task-MotorImageryRest_run-05_eeg.vhdr	d0ec34c752c4bee6af6a5ad1bdc27fee4a26dc84c3b430996c6add5ad7dafa75	True	unresolved	unresolved
sub-8	01	05	sub-8/ses-01/run-05/tsv-row-22	22	rest	1	150.584	5.0	37646	38896	sub-8/ses-01/eeg/sub-8_ses-01_task-imagery_run-05_eeg.edf	1250	True		sub-08	V	s	s	0	sub-08/ses-01/eeg/sub-08_ses-01_task-MotorImageryRest_run-05_eeg.vhdr	d0ec34c752c4bee6af6a5ad1bdc27fee4a26dc84c3b430996c6add5ad7dafa75	True	unresolved	unresolved
sub-8	01	05	sub-8/ses-01/run-05/tsv-row-23	23	right_hand	2	157.464	5.0	39366	40616	sub-8/ses-01/eeg/sub-8_ses-01_task-imagery_run-05_eeg.edf	1250	True		sub-08	V	s	s	0	sub-08/ses-01/eeg/sub-08_ses-01_task-MotorImageryRest_run-05_eeg.vhdr	d0ec34c752c4bee6af6a5ad1bdc27fee4a26dc84c3b430996c6add5ad7dafa75	True	unresolved	unresolved
sub-8	01	05	sub-8/ses-01/run-05/tsv-row-24	24	rest	1	164.376	5.0	41094	42344	sub-8/ses-01/eeg/sub-8_ses-01_task-imagery_run-05_eeg.edf	1250	True		sub-08	V	s	s	0	sub-08/ses-01/eeg/sub-08_ses-01_task-MotorImageryRest_run-05_eeg.vhdr	d0ec34c752c4bee6af6a5ad1bdc27fee4a26dc84c3b430996c6add5ad7dafa75	True	unresolved	unresolved
sub-8	01	05	sub-8/ses-01/run-05/tsv-row-25	25	right_hand	2	171.256	5.0	42814	44064	sub-8/ses-01/eeg/sub-8_ses-01_task-imagery_run-05_eeg.edf	1250	True		sub-08	V	s	s	0	sub-08/ses-01/eeg/sub-08_ses-01_task-MotorImageryRest_run-05_eeg.vhdr	d0ec34c752c4bee6af6a5ad1bdc27fee4a26dc84c3b430996c6add5ad7dafa75	True	unresolved	unresolved
sub-8	01	05	sub-8/ses-01/run-05/tsv-row-26	26	rest	1	178.132	5.0	44533	45783	sub-8/ses-01/eeg/sub-8_ses-01_task-imagery_run-05_eeg.edf	1250	True		sub-08	V	s	s	0	sub-08/ses-01/eeg/sub-08_ses-01_task-MotorImageryRest_run-05_eeg.vhdr	d0ec34c752c4bee6af6a5ad1bdc27fee4a26dc84c3b430996c6add5ad7dafa75	True	unresolved	unresolved
sub-8	01	05	sub-8/ses-01/run-05/tsv-row-27	27	right_hand	2	185.028	5.0	46257	47507	sub-8/ses-01/eeg/sub-8_ses-01_task-imagery_run-05_eeg.edf	1250	True		sub-08	V	s	s	0	sub-08/ses-01/eeg/sub-08_ses-01_task-MotorImageryRest_run-05_eeg.vhdr	d0ec34c752c4bee6af6a5ad1bdc27fee4a26dc84c3b430996c6add5ad7dafa75	True	unresolved	unresolved
sub-8	01	05	sub-8/ses-01/run-05/tsv-row-28	28	rest	1	191.92	5.0	47980	49230	sub-8/ses-01/eeg/sub-8_ses-01_task-imagery_run-05_eeg.edf	1250	True		sub-08	V	s	s	0	sub-08/ses-01/eeg/sub-08_ses-01_task-MotorImageryRest_run-05_eeg.vhdr	d0ec34c752c4bee6af6a5ad1bdc27fee4a26dc84c3b430996c6add5ad7dafa75	True	unresolved	unresolved
sub-8	01	05	sub-8/ses-01/run-05/tsv-row-29	29	right_hand	2	198.8	5.0	49700	50950	sub-8/ses-01/eeg/sub-8_ses-01_task-imagery_run-05_eeg.edf	1250	True		sub-08	V	s	s	0	sub-08/ses-01/eeg/sub-08_ses-01_task-MotorImageryRest_run-05_eeg.vhdr	d0ec34c752c4bee6af6a5ad1bdc27fee4a26dc84c3b430996c6add5ad7dafa75	True	unresolved	unresolved
sub-8	01	05	sub-8/ses-01/run-05/tsv-row-30	30	rest	1	205.68	5.0	51420	52670	sub-8/ses-01/eeg/sub-8_ses-01_task-imagery_run-05_eeg.edf	1250	True		sub-08	V	s	s	0	sub-08/ses-01/eeg/sub-08_ses-01_task-MotorImageryRest_run-05_eeg.vhdr	d0ec34c752c4bee6af6a5ad1bdc27fee4a26dc84c3b430996c6add5ad7dafa75	True	unresolved	unresolved
sub-8	01	05	sub-8/ses-01/run-05/tsv-row-31	31	right_hand	2	212.576	5.0	53144	54394	sub-8/ses-01/eeg/sub-8_ses-01_task-imagery_run-05_eeg.edf	1250	True		sub-08	V	s	s	0	sub-08/ses-01/eeg/sub-08_ses-01_task-MotorImageryRest_run-05_eeg.vhdr	d0ec34c752c4bee6af6a5ad1bdc27fee4a26dc84c3b430996c6add5ad7dafa75	True	unresolved	unresolved
sub-8	01	05	sub-8/ses-01/run-05/tsv-row-32	32	rest	1	219.468	5.0	54867	56117	sub-8/ses-01/eeg/sub-8_ses-01_task-imagery_run-05_eeg.edf	1250	True		sub-08	V	s	s	0	sub-08/ses-01/eeg/sub-08_ses-01_task-MotorImageryRest_run-05_eeg.vhdr	d0ec34c752c4bee6af6a5ad1bdc27fee4a26dc84c3b430996c6add5ad7dafa75	True	unresolved	unresolved
sub-8	01	06	sub-8/ses-01/run-06/tsv-row-1	1	rest	1	7.764	5.0	1941	3191	sub-8/ses-01/eeg/sub-8_ses-01_task-imagery_run-06_eeg.edf	1250	True		sub-08	V	s	s	0	sub-08/ses-01/eeg/sub-08_ses-01_task-MotorImageryRest_run-06_eeg.vhdr	77cc6d7f4df0ecff76f453ceb55bd2678bd8facf9c4da063a09bc8c7f5aa643f	True	unresolved	unresolved
sub-8	01	06	sub-8/ses-01/run-06/tsv-row-2	2	right_hand	2	14.648	5.0	3662	4912	sub-8/ses-01/eeg/sub-8_ses-01_task-imagery_run-06_eeg.edf	1250	True		sub-08	V	s	s	0	sub-08/ses-01/eeg/sub-08_ses-01_task-MotorImageryRest_run-06_eeg.vhdr	77cc6d7f4df0ecff76f453ceb55bd2678bd8facf9c4da063a09bc8c7f5aa643f	True	unresolved	unresolved
sub-8	01	06	sub-8/ses-01/run-06/tsv-row-3	3	right_hand	2	21.536	5.0	5384	6634	sub-8/ses-01/eeg/sub-8_ses-01_task-imagery_run-06_eeg.edf	1250	True		sub-08	V	s	s	0	sub-08/ses-01/eeg/sub-08_ses-01_task-MotorImageryRest_run-06_eeg.vhdr	77cc6d7f4df0ecff76f453ceb55bd2678bd8facf9c4da063a09bc8c7f5aa643f	True	unresolved	unresolved
sub-8	01	06	sub-8/ses-01/run-06/tsv-row-4	4	rest	1	28.428	5.0	7107	8357	sub-8/ses-01/eeg/sub-8_ses-01_task-imagery_run-06_eeg.edf	1250	True		sub-08	V	s	s	0	sub-08/ses-01/eeg/sub-08_ses-01_task-MotorImageryRest_run-06_eeg.vhdr	77cc6d7f4df0ecff76f453ceb55bd2678bd8facf9c4da063a09bc8c7f5aa643f	True	unresolved	unresolved
sub-8	01	06	sub-8/ses-01/run-06/tsv-row-5	5	rest	1	35.316	5.0	8829	10079	sub-8/ses-01/eeg/sub-8_ses-01_task-imagery_run-06_eeg.edf	1250	True		sub-08	V	s	s	0	sub-08/ses-01/eeg/sub-08_ses-01_task-MotorImageryRest_run-06_eeg.vhdr	77cc6d7f4df0ecff76f453ceb55bd2678bd8facf9c4da063a09bc8c7f5aa643f	True	unresolved	unresolved
sub-8	01	06	sub-8/ses-01/run-06/tsv-row-6	6	right_hand	2	42.196	5.0	10549	11799	sub-8/ses-01/eeg/sub-8_ses-01_task-imagery_run-06_eeg.edf	1250	True		sub-08	V	s	s	0	sub-08/ses-01/eeg/sub-08_ses-01_task-MotorImageryRest_run-06_eeg.vhdr	77cc6d7f4df0ecff76f453ceb55bd2678bd8facf9c4da063a09bc8c7f5aa643f	True	unresolved	unresolved
sub-8	01	06	sub-8/ses-01/run-06/tsv-row-7	7	right_hand	2	49.08	5.0	12270	13520	sub-8/ses-01/eeg/sub-8_ses-01_task-imagery_run-06_eeg.edf	1250	True		sub-08	V	s	s	0	sub-08/ses-01/eeg/sub-08_ses-01_task-MotorImageryRest_run-06_eeg.vhdr	77cc6d7f4df0ecff76f453ceb55bd2678bd8facf9c4da063a09bc8c7f5aa643f	True	unresolved	unresolved
sub-8	01	06	sub-8/ses-01/run-06/tsv-row-8	8	rest	1	55.976	5.0	13994	15244	sub-8/ses-01/eeg/sub-8_ses-01_task-imagery_run-06_eeg.edf	1250	True		sub-08	V	s	s	0	sub-08/ses-01/eeg/sub-08_ses-01_task-MotorImageryRest_run-06_eeg.vhdr	77cc6d7f4df0ecff76f453ceb55bd2678bd8facf9c4da063a09bc8c7f5aa643f	True	unresolved	unresolved
sub-8	01	06	sub-8/ses-01/run-06/tsv-row-9	9	rest	1	62.88	5.0	15720	16970	sub-8/ses-01/eeg/sub-8_ses-01_task-imagery_run-06_eeg.edf	1250	True		sub-08	V	s	s	0	sub-08/ses-01/eeg/sub-08_ses-01_task-MotorImageryRest_run-06_eeg.vhdr	77cc6d7f4df0ecff76f453ceb55bd2678bd8facf9c4da063a09bc8c7f5aa643f	True	unresolved	unresolved
sub-8	01	06	sub-8/ses-01/run-06/tsv-row-10	10	right_hand	2	69.744	5.0	17436	18686	sub-8/ses-01/eeg/sub-8_ses-01_task-imagery_run-06_eeg.edf	1250	True		sub-08	V	s	s	0	sub-08/ses-01/eeg/sub-08_ses-01_task-MotorImageryRest_run-06_eeg.vhdr	77cc6d7f4df0ecff76f453ceb55bd2678bd8facf9c4da063a09bc8c7f5aa643f	True	unresolved	unresolved
sub-8	01	06	sub-8/ses-01/run-06/tsv-row-11	11	right_hand	2	76.644	5.0	19161	20411	sub-8/ses-01/eeg/sub-8_ses-01_task-imagery_run-06_eeg.edf	1250	True		sub-08	V	s	s	0	sub-08/ses-01/eeg/sub-08_ses-01_task-MotorImageryRest_run-06_eeg.vhdr	77cc6d7f4df0ecff76f453ceb55bd2678bd8facf9c4da063a09bc8c7f5aa643f	True	unresolved	unresolved
sub-8	01	06	sub-8/ses-01/run-06/tsv-row-12	12	rest	1	83.524	5.0	20881	22131	sub-8/ses-01/eeg/sub-8_ses-01_task-imagery_run-06_eeg.edf	1250	True		sub-08	V	s	s	0	sub-08/ses-01/eeg/sub-08_ses-01_task-MotorImageryRest_run-06_eeg.vhdr	77cc6d7f4df0ecff76f453ceb55bd2678bd8facf9c4da063a09bc8c7f5aa643f	True	unresolved	unresolved
sub-8	01	06	sub-8/ses-01/run-06/tsv-row-13	13	right_hand	2	90.404	5.0	22601	23851	sub-8/ses-01/eeg/sub-8_ses-01_task-imagery_run-06_eeg.edf	1250	True		sub-08	V	s	s	0	sub-08/ses-01/eeg/sub-08_ses-01_task-MotorImageryRest_run-06_eeg.vhdr	77cc6d7f4df0ecff76f453ceb55bd2678bd8facf9c4da063a09bc8c7f5aa643f	True	unresolved	unresolved
sub-8	01	06	sub-8/ses-01/run-06/tsv-row-14	14	rest	1	97.312	5.0	24328	25578	sub-8/ses-01/eeg/sub-8_ses-01_task-imagery_run-06_eeg.edf	1250	True		sub-08	V	s	s	0	sub-08/ses-01/eeg/sub-08_ses-01_task-MotorImageryRest_run-06_eeg.vhdr	77cc6d7f4df0ecff76f453ceb55bd2678bd8facf9c4da063a09bc8c7f5aa643f	True	unresolved	unresolved
sub-8	01	06	sub-8/ses-01/run-06/tsv-row-15	15	right_hand	2	104.176	5.0	26044	27294	sub-8/ses-01/eeg/sub-8_ses-01_task-imagery_run-06_eeg.edf	1250	True		sub-08	V	s	s	0	sub-08/ses-01/eeg/sub-08_ses-01_task-MotorImageryRest_run-06_eeg.vhdr	77cc6d7f4df0ecff76f453ceb55bd2678bd8facf9c4da063a09bc8c7f5aa643f	True	unresolved	unresolved
sub-8	01	06	sub-8/ses-01/run-06/tsv-row-16	16	rest	1	117.9	5.0	29475	30725	sub-8/ses-01/eeg/sub-8_ses-01_task-imagery_run-06_eeg.edf	1250	True		sub-08	V	s	s	0	sub-08/ses-01/eeg/sub-08_ses-01_task-MotorImageryRest_run-06_eeg.vhdr	77cc6d7f4df0ecff76f453ceb55bd2678bd8facf9c4da063a09bc8c7f5aa643f	True	unresolved	unresolved
sub-8	01	06	sub-8/ses-01/run-06/tsv-row-17	17	right_hand	2	124.852	5.0	31213	32463	sub-8/ses-01/eeg/sub-8_ses-01_task-imagery_run-06_eeg.edf	1250	True		sub-08	V	s	s	0	sub-08/ses-01/eeg/sub-08_ses-01_task-MotorImageryRest_run-06_eeg.vhdr	77cc6d7f4df0ecff76f453ceb55bd2678bd8facf9c4da063a09bc8c7f5aa643f	True	unresolved	unresolved
sub-8	01	06	sub-8/ses-01/run-06/tsv-row-18	18	right_hand	2	131.74	5.0	32935	34185	sub-8/ses-01/eeg/sub-8_ses-01_task-imagery_run-06_eeg.edf	1250	True		sub-08	V	s	s	0	sub-08/ses-01/eeg/sub-08_ses-01_task-MotorImageryRest_run-06_eeg.vhdr	77cc6d7f4df0ecff76f453ceb55bd2678bd8facf9c4da063a09bc8c7f5aa643f	True	unresolved	unresolved
sub-8	01	06	sub-8/ses-01/run-06/tsv-row-19	19	rest	1	138.632	5.0	34658	35908	sub-8/ses-01/eeg/sub-8_ses-01_task-imagery_run-06_eeg.edf	1250	True		sub-08	V	s	s	0	sub-08/ses-01/eeg/sub-08_ses-01_task-MotorImageryRest_run-06_eeg.vhdr	77cc6d7f4df0ecff76f453ceb55bd2678bd8facf9c4da063a09bc8c7f5aa643f	True	unresolved	unresolved
sub-8	01	06	sub-8/ses-01/run-06/tsv-row-20	20	right_hand	2	145.512	5.0	36378	37628	sub-8/ses-01/eeg/sub-8_ses-01_task-imagery_run-06_eeg.edf	1250	True		sub-08	V	s	s	0	sub-08/ses-01/eeg/sub-08_ses-01_task-MotorImageryRest_run-06_eeg.vhdr	77cc6d7f4df0ecff76f453ceb55bd2678bd8facf9c4da063a09bc8c7f5aa643f	True	unresolved	unresolved
sub-8	01	06	sub-8/ses-01/run-06/tsv-row-21	21	rest	1	152.408	5.0	38102	39352	sub-8/ses-01/eeg/sub-8_ses-01_task-imagery_run-06_eeg.edf	1250	True		sub-08	V	s	s	0	sub-08/ses-01/eeg/sub-08_ses-01_task-MotorImageryRest_run-06_eeg.vhdr	77cc6d7f4df0ecff76f453ceb55bd2678bd8facf9c4da063a09bc8c7f5aa643f	True	unresolved	unresolved
sub-8	01	06	sub-8/ses-01/run-06/tsv-row-22	22	rest	1	159.292	5.0	39823	41073	sub-8/ses-01/eeg/sub-8_ses-01_task-imagery_run-06_eeg.edf	1250	True		sub-08	V	s	s	0	sub-08/ses-01/eeg/sub-08_ses-01_task-MotorImageryRest_run-06_eeg.vhdr	77cc6d7f4df0ecff76f453ceb55bd2678bd8facf9c4da063a09bc8c7f5aa643f	True	unresolved	unresolved
sub-8	01	06	sub-8/ses-01/run-06/tsv-row-23	23	right_hand	2	166.172	5.0	41543	42793	sub-8/ses-01/eeg/sub-8_ses-01_task-imagery_run-06_eeg.edf	1250	True		sub-08	V	s	s	0	sub-08/ses-01/eeg/sub-08_ses-01_task-MotorImageryRest_run-06_eeg.vhdr	77cc6d7f4df0ecff76f453ceb55bd2678bd8facf9c4da063a09bc8c7f5aa643f	True	unresolved	unresolved
sub-8	01	06	sub-8/ses-01/run-06/tsv-row-24	24	right_hand	2	173.06	5.0	43265	44515	sub-8/ses-01/eeg/sub-8_ses-01_task-imagery_run-06_eeg.edf	1250	True		sub-08	V	s	s	0	sub-08/ses-01/eeg/sub-08_ses-01_task-MotorImageryRest_run-06_eeg.vhdr	77cc6d7f4df0ecff76f453ceb55bd2678bd8facf9c4da063a09bc8c7f5aa643f	True	unresolved	unresolved
sub-8	01	06	sub-8/ses-01/run-06/tsv-row-25	25	rest	1	179.972	5.0	44993	46243	sub-8/ses-01/eeg/sub-8_ses-01_task-imagery_run-06_eeg.edf	1250	True		sub-08	V	s	s	0	sub-08/ses-01/eeg/sub-08_ses-01_task-MotorImageryRest_run-06_eeg.vhdr	77cc6d7f4df0ecff76f453ceb55bd2678bd8facf9c4da063a09bc8c7f5aa643f	True	unresolved	unresolved
sub-8	01	06	sub-8/ses-01/run-06/tsv-row-26	26	rest	1	186.84	5.0	46710	47960	sub-8/ses-01/eeg/sub-8_ses-01_task-imagery_run-06_eeg.edf	1250	True		sub-08	V	s	s	0	sub-08/ses-01/eeg/sub-08_ses-01_task-MotorImageryRest_run-06_eeg.vhdr	77cc6d7f4df0ecff76f453ceb55bd2678bd8facf9c4da063a09bc8c7f5aa643f	True	unresolved	unresolved
sub-8	01	06	sub-8/ses-01/run-06/tsv-row-27	27	right_hand	2	193.72	5.0	48430	49680	sub-8/ses-01/eeg/sub-8_ses-01_task-imagery_run-06_eeg.edf	1250	True		sub-08	V	s	s	0	sub-08/ses-01/eeg/sub-08_ses-01_task-MotorImageryRest_run-06_eeg.vhdr	77cc6d7f4df0ecff76f453ceb55bd2678bd8facf9c4da063a09bc8c7f5aa643f	True	unresolved	unresolved
sub-8	01	06	sub-8/ses-01/run-06/tsv-row-28	28	right_hand	2	200.624	5.0	50156	51406	sub-8/ses-01/eeg/sub-8_ses-01_task-imagery_run-06_eeg.edf	1250	True		sub-08	V	s	s	0	sub-08/ses-01/eeg/sub-08_ses-01_task-MotorImageryRest_run-06_eeg.vhdr	77cc6d7f4df0ecff76f453ceb55bd2678bd8facf9c4da063a09bc8c7f5aa643f	True	unresolved	unresolved
sub-8	01	06	sub-8/ses-01/run-06/tsv-row-29	29	rest	1	207.516	5.0	51879	53129	sub-8/ses-01/eeg/sub-8_ses-01_task-imagery_run-06_eeg.edf	1250	True		sub-08	V	s	s	0	sub-08/ses-01/eeg/sub-08_ses-01_task-MotorImageryRest_run-06_eeg.vhdr	77cc6d7f4df0ecff76f453ceb55bd2678bd8facf9c4da063a09bc8c7f5aa643f	True	unresolved	unresolved
sub-8	01	06	sub-8/ses-01/run-06/tsv-row-30	30	right_hand	2	214.4	5.0	53600	54850	sub-8/ses-01/eeg/sub-8_ses-01_task-imagery_run-06_eeg.edf	1250	True		sub-08	V	s	s	0	sub-08/ses-01/eeg/sub-08_ses-01_task-MotorImageryRest_run-06_eeg.vhdr	77cc6d7f4df0ecff76f453ceb55bd2678bd8facf9c4da063a09bc8c7f5aa643f	True	unresolved	unresolved
sub-8	01	06	sub-8/ses-01/run-06/tsv-row-31	31	rest	1	221.292	5.0	55323	56573	sub-8/ses-01/eeg/sub-8_ses-01_task-imagery_run-06_eeg.edf	1250	True		sub-08	V	s	s	0	sub-08/ses-01/eeg/sub-08_ses-01_task-MotorImageryRest_run-06_eeg.vhdr	77cc6d7f4df0ecff76f453ceb55bd2678bd8facf9c4da063a09bc8c7f5aa643f	True	unresolved	unresolved
sub-8	02	01	sub-8/ses-02/run-01/tsv-row-1	1	rest	1	15.228	5.0	3807	5057	sub-8/ses-02/eeg/sub-8_ses-02_task-imagery_run-01_eeg.edf	1250	True		sub-08	V	s	s	0	sub-08/ses-02/eeg/sub-08_ses-02_task-MotorImageryRest_run-01_eeg.vhdr	11390099e08f9046734ba6bed8ee2e2f9593f9ff6022fb4e423ca3bed0681d0f	True	unresolved	unresolved
sub-8	02	01	sub-8/ses-02/run-01/tsv-row-2	2	right_hand	2	22.116	5.0	5529	6779	sub-8/ses-02/eeg/sub-8_ses-02_task-imagery_run-01_eeg.edf	1250	True		sub-08	V	s	s	0	sub-08/ses-02/eeg/sub-08_ses-02_task-MotorImageryRest_run-01_eeg.vhdr	11390099e08f9046734ba6bed8ee2e2f9593f9ff6022fb4e423ca3bed0681d0f	True	unresolved	unresolved
sub-8	02	01	sub-8/ses-02/run-01/tsv-row-3	3	rest	1	29.004	5.0	7251	8501	sub-8/ses-02/eeg/sub-8_ses-02_task-imagery_run-01_eeg.edf	1250	True		sub-08	V	s	s	0	sub-08/ses-02/eeg/sub-08_ses-02_task-MotorImageryRest_run-01_eeg.vhdr	11390099e08f9046734ba6bed8ee2e2f9593f9ff6022fb4e423ca3bed0681d0f	True	unresolved	unresolved
sub-8	02	01	sub-8/ses-02/run-01/tsv-row-4	4	right_hand	2	35.888	5.0	8972	10222	sub-8/ses-02/eeg/sub-8_ses-02_task-imagery_run-01_eeg.edf	1250	True		sub-08	V	s	s	0	sub-08/ses-02/eeg/sub-08_ses-02_task-MotorImageryRest_run-01_eeg.vhdr	11390099e08f9046734ba6bed8ee2e2f9593f9ff6022fb4e423ca3bed0681d0f	True	unresolved	unresolved
sub-8	02	01	sub-8/ses-02/run-01/tsv-row-5	5	right_hand	2	42.792	5.0	10698	11948	sub-8/ses-02/eeg/sub-8_ses-02_task-imagery_run-01_eeg.edf	1250	True		sub-08	V	s	s	0	sub-08/ses-02/eeg/sub-08_ses-02_task-MotorImageryRest_run-01_eeg.vhdr	11390099e08f9046734ba6bed8ee2e2f9593f9ff6022fb4e423ca3bed0681d0f	True	unresolved	unresolved
sub-8	02	01	sub-8/ses-02/run-01/tsv-row-6	6	rest	1	49.68	5.0	12420	13670	sub-8/ses-02/eeg/sub-8_ses-02_task-imagery_run-01_eeg.edf	1250	True		sub-08	V	s	s	0	sub-08/ses-02/eeg/sub-08_ses-02_task-MotorImageryRest_run-01_eeg.vhdr	11390099e08f9046734ba6bed8ee2e2f9593f9ff6022fb4e423ca3bed0681d0f	True	unresolved	unresolved
sub-8	02	01	sub-8/ses-02/run-01/tsv-row-7	7	right_hand	2	56.548	5.0	14137	15387	sub-8/ses-02/eeg/sub-8_ses-02_task-imagery_run-01_eeg.edf	1250	True		sub-08	V	s	s	0	sub-08/ses-02/eeg/sub-08_ses-02_task-MotorImageryRest_run-01_eeg.vhdr	11390099e08f9046734ba6bed8ee2e2f9593f9ff6022fb4e423ca3bed0681d0f	True	unresolved	unresolved
sub-8	02	01	sub-8/ses-02/run-01/tsv-row-8	8	rest	1	63.436	5.0	15859	17109	sub-8/ses-02/eeg/sub-8_ses-02_task-imagery_run-01_eeg.edf	1250	True		sub-08	V	s	s	0	sub-08/ses-02/eeg/sub-08_ses-02_task-MotorImageryRest_run-01_eeg.vhdr	11390099e08f9046734ba6bed8ee2e2f9593f9ff6022fb4e423ca3bed0681d0f	True	unresolved	unresolved
sub-8	02	01	sub-8/ses-02/run-01/tsv-row-9	9	rest	1	70.34	5.0	17585	18835	sub-8/ses-02/eeg/sub-8_ses-02_task-imagery_run-01_eeg.edf	1250	True		sub-08	V	s	s	0	sub-08/ses-02/eeg/sub-08_ses-02_task-MotorImageryRest_run-01_eeg.vhdr	11390099e08f9046734ba6bed8ee2e2f9593f9ff6022fb4e423ca3bed0681d0f	True	unresolved	unresolved
sub-8	02	01	sub-8/ses-02/run-01/tsv-row-10	10	right_hand	2	77.224	5.0	19306	20556	sub-8/ses-02/eeg/sub-8_ses-02_task-imagery_run-01_eeg.edf	1250	True		sub-08	V	s	s	0	sub-08/ses-02/eeg/sub-08_ses-02_task-MotorImageryRest_run-01_eeg.vhdr	11390099e08f9046734ba6bed8ee2e2f9593f9ff6022fb4e423ca3bed0681d0f	True	unresolved	unresolved
sub-8	02	01	sub-8/ses-02/run-01/tsv-row-11	11	rest	1	84.116	5.0	21029	22279	sub-8/ses-02/eeg/sub-8_ses-02_task-imagery_run-01_eeg.edf	1250	True		sub-08	V	s	s	0	sub-08/ses-02/eeg/sub-08_ses-02_task-MotorImageryRest_run-01_eeg.vhdr	11390099e08f9046734ba6bed8ee2e2f9593f9ff6022fb4e423ca3bed0681d0f	True	unresolved	unresolved
sub-8	02	01	sub-8/ses-02/run-01/tsv-row-12	12	right_hand	2	91.0	5.0	22750	24000	sub-8/ses-02/eeg/sub-8_ses-02_task-imagery_run-01_eeg.edf	1250	True		sub-08	V	s	s	0	sub-08/ses-02/eeg/sub-08_ses-02_task-MotorImageryRest_run-01_eeg.vhdr	11390099e08f9046734ba6bed8ee2e2f9593f9ff6022fb4e423ca3bed0681d0f	True	unresolved	unresolved
sub-8	02	01	sub-8/ses-02/run-01/tsv-row-13	13	rest	1	97.888	5.0	24472	25722	sub-8/ses-02/eeg/sub-8_ses-02_task-imagery_run-01_eeg.edf	1250	True		sub-08	V	s	s	0	sub-08/ses-02/eeg/sub-08_ses-02_task-MotorImageryRest_run-01_eeg.vhdr	11390099e08f9046734ba6bed8ee2e2f9593f9ff6022fb4e423ca3bed0681d0f	True	unresolved	unresolved
sub-8	02	01	sub-8/ses-02/run-01/tsv-row-14	14	right_hand	2	104.772	5.0	26193	27443	sub-8/ses-02/eeg/sub-8_ses-02_task-imagery_run-01_eeg.edf	1250	True		sub-08	V	s	s	0	sub-08/ses-02/eeg/sub-08_ses-02_task-MotorImageryRest_run-01_eeg.vhdr	11390099e08f9046734ba6bed8ee2e2f9593f9ff6022fb4e423ca3bed0681d0f	True	unresolved	unresolved
sub-8	02	01	sub-8/ses-02/run-01/tsv-row-15	15	right_hand	2	111.66	5.0	27915	29165	sub-8/ses-02/eeg/sub-8_ses-02_task-imagery_run-01_eeg.edf	1250	True		sub-08	V	s	s	0	sub-08/ses-02/eeg/sub-08_ses-02_task-MotorImageryRest_run-01_eeg.vhdr	11390099e08f9046734ba6bed8ee2e2f9593f9ff6022fb4e423ca3bed0681d0f	True	unresolved	unresolved
sub-8	02	01	sub-8/ses-02/run-01/tsv-row-16	16	rest	1	118.548	5.0	29637	30887	sub-8/ses-02/eeg/sub-8_ses-02_task-imagery_run-01_eeg.edf	1250	True		sub-08	V	s	s	0	sub-08/ses-02/eeg/sub-08_ses-02_task-MotorImageryRest_run-01_eeg.vhdr	11390099e08f9046734ba6bed8ee2e2f9593f9ff6022fb4e423ca3bed0681d0f	True	unresolved	unresolved
sub-8	02	01	sub-8/ses-02/run-01/tsv-row-17	17	right_hand	2	125.432	5.0	31358	32608	sub-8/ses-02/eeg/sub-8_ses-02_task-imagery_run-01_eeg.edf	1250	True		sub-08	V	s	s	0	sub-08/ses-02/eeg/sub-08_ses-02_task-MotorImageryRest_run-01_eeg.vhdr	11390099e08f9046734ba6bed8ee2e2f9593f9ff6022fb4e423ca3bed0681d0f	True	unresolved	unresolved
sub-8	02	01	sub-8/ses-02/run-01/tsv-row-18	18	rest	1	132.34	5.0	33085	34335	sub-8/ses-02/eeg/sub-8_ses-02_task-imagery_run-01_eeg.edf	1250	True		sub-08	V	s	s	0	sub-08/ses-02/eeg/sub-08_ses-02_task-MotorImageryRest_run-01_eeg.vhdr	11390099e08f9046734ba6bed8ee2e2f9593f9ff6022fb4e423ca3bed0681d0f	True	unresolved	unresolved
sub-8	02	01	sub-8/ses-02/run-01/tsv-row-19	19	right_hand	2	139.224	5.0	34806	36056	sub-8/ses-02/eeg/sub-8_ses-02_task-imagery_run-01_eeg.edf	1250	True		sub-08	V	s	s	0	sub-08/ses-02/eeg/sub-08_ses-02_task-MotorImageryRest_run-01_eeg.vhdr	11390099e08f9046734ba6bed8ee2e2f9593f9ff6022fb4e423ca3bed0681d0f	True	unresolved	unresolved
sub-8	02	01	sub-8/ses-02/run-01/tsv-row-20	20	rest	1	146.096	5.0	36524	37774	sub-8/ses-02/eeg/sub-8_ses-02_task-imagery_run-01_eeg.edf	1250	True		sub-08	V	s	s	0	sub-08/ses-02/eeg/sub-08_ses-02_task-MotorImageryRest_run-01_eeg.vhdr	11390099e08f9046734ba6bed8ee2e2f9593f9ff6022fb4e423ca3bed0681d0f	True	unresolved	unresolved
sub-8	02	01	sub-8/ses-02/run-01/tsv-row-21	21	rest	1	152.984	5.0	38246	39496	sub-8/ses-02/eeg/sub-8_ses-02_task-imagery_run-01_eeg.edf	1250	True		sub-08	V	s	s	0	sub-08/ses-02/eeg/sub-08_ses-02_task-MotorImageryRest_run-01_eeg.vhdr	11390099e08f9046734ba6bed8ee2e2f9593f9ff6022fb4e423ca3bed0681d0f	True	unresolved	unresolved
sub-8	02	01	sub-8/ses-02/run-01/tsv-row-22	22	right_hand	2	159.884	5.0	39971	41221	sub-8/ses-02/eeg/sub-8_ses-02_task-imagery_run-01_eeg.edf	1250	True		sub-08	V	s	s	0	sub-08/ses-02/eeg/sub-08_ses-02_task-MotorImageryRest_run-01_eeg.vhdr	11390099e08f9046734ba6bed8ee2e2f9593f9ff6022fb4e423ca3bed0681d0f	True	unresolved	unresolved
sub-8	02	01	sub-8/ses-02/run-01/tsv-row-23	23	right_hand	2	166.772	5.0	41693	42943	sub-8/ses-02/eeg/sub-8_ses-02_task-imagery_run-01_eeg.edf	1250	True		sub-08	V	s	s	0	sub-08/ses-02/eeg/sub-08_ses-02_task-MotorImageryRest_run-01_eeg.vhdr	11390099e08f9046734ba6bed8ee2e2f9593f9ff6022fb4e423ca3bed0681d0f	True	unresolved	unresolved
sub-8	02	01	sub-8/ses-02/run-01/tsv-row-24	24	rest	1	173.644	5.0	43411	44661	sub-8/ses-02/eeg/sub-8_ses-02_task-imagery_run-01_eeg.edf	1250	True		sub-08	V	s	s	0	sub-08/ses-02/eeg/sub-08_ses-02_task-MotorImageryRest_run-01_eeg.vhdr	11390099e08f9046734ba6bed8ee2e2f9593f9ff6022fb4e423ca3bed0681d0f	True	unresolved	unresolved
sub-8	02	01	sub-8/ses-02/run-01/tsv-row-25	25	rest	1	180.548	5.0	45137	46387	sub-8/ses-02/eeg/sub-8_ses-02_task-imagery_run-01_eeg.edf	1250	True		sub-08	V	s	s	0	sub-08/ses-02/eeg/sub-08_ses-02_task-MotorImageryRest_run-01_eeg.vhdr	11390099e08f9046734ba6bed8ee2e2f9593f9ff6022fb4e423ca3bed0681d0f	True	unresolved	unresolved
sub-8	02	01	sub-8/ses-02/run-01/tsv-row-26	26	right_hand	2	187.432	5.0	46858	48108	sub-8/ses-02/eeg/sub-8_ses-02_task-imagery_run-01_eeg.edf	1250	True		sub-08	V	s	s	0	sub-08/ses-02/eeg/sub-08_ses-02_task-MotorImageryRest_run-01_eeg.vhdr	11390099e08f9046734ba6bed8ee2e2f9593f9ff6022fb4e423ca3bed0681d0f	True	unresolved	unresolved
sub-8	02	01	sub-8/ses-02/run-01/tsv-row-27	27	rest	1	194.32	5.0	48580	49830	sub-8/ses-02/eeg/sub-8_ses-02_task-imagery_run-01_eeg.edf	1250	True		sub-08	V	s	s	0	sub-08/ses-02/eeg/sub-08_ses-02_task-MotorImageryRest_run-01_eeg.vhdr	11390099e08f9046734ba6bed8ee2e2f9593f9ff6022fb4e423ca3bed0681d0f	True	unresolved	unresolved
sub-8	02	01	sub-8/ses-02/run-01/tsv-row-28	28	right_hand	2	201.204	5.0	50301	51551	sub-8/ses-02/eeg/sub-8_ses-02_task-imagery_run-01_eeg.edf	1250	True		sub-08	V	s	s	0	sub-08/ses-02/eeg/sub-08_ses-02_task-MotorImageryRest_run-01_eeg.vhdr	11390099e08f9046734ba6bed8ee2e2f9593f9ff6022fb4e423ca3bed0681d0f	True	unresolved	unresolved
sub-8	02	01	sub-8/ses-02/run-01/tsv-row-29	29	rest	1	208.092	5.0	52023	53273	sub-8/ses-02/eeg/sub-8_ses-02_task-imagery_run-01_eeg.edf	1250	True		sub-08	V	s	s	0	sub-08/ses-02/eeg/sub-08_ses-02_task-MotorImageryRest_run-01_eeg.vhdr	11390099e08f9046734ba6bed8ee2e2f9593f9ff6022fb4e423ca3bed0681d0f	True	unresolved	unresolved
sub-8	02	01	sub-8/ses-02/run-01/tsv-row-30	30	right_hand	2	214.98	5.0	53745	54995	sub-8/ses-02/eeg/sub-8_ses-02_task-imagery_run-01_eeg.edf	1250	True		sub-08	V	s	s	0	sub-08/ses-02/eeg/sub-08_ses-02_task-MotorImageryRest_run-01_eeg.vhdr	11390099e08f9046734ba6bed8ee2e2f9593f9ff6022fb4e423ca3bed0681d0f	True	unresolved	unresolved
sub-8	02	01	sub-8/ses-02/run-01/tsv-row-31	31	rest	1	221.884	5.0	55471	56721	sub-8/ses-02/eeg/sub-8_ses-02_task-imagery_run-01_eeg.edf	1250	True		sub-08	V	s	s	0	sub-08/ses-02/eeg/sub-08_ses-02_task-MotorImageryRest_run-01_eeg.vhdr	11390099e08f9046734ba6bed8ee2e2f9593f9ff6022fb4e423ca3bed0681d0f	True	unresolved	unresolved
sub-8	02	01	sub-8/ses-02/run-01/tsv-row-32	32	right_hand	2	228.752	5.0	57188	58438	sub-8/ses-02/eeg/sub-8_ses-02_task-imagery_run-01_eeg.edf	1250	True		sub-08	V	s	s	0	sub-08/ses-02/eeg/sub-08_ses-02_task-MotorImageryRest_run-01_eeg.vhdr	11390099e08f9046734ba6bed8ee2e2f9593f9ff6022fb4e423ca3bed0681d0f	True	unresolved	unresolved
sub-8	02	02	sub-8/ses-02/run-02/tsv-row-1	1	rest	1	4.08	5.0	1020	2270	sub-8/ses-02/eeg/sub-8_ses-02_task-imagery_run-02_eeg.edf	1250	True		sub-08	V	s	s	0	sub-08/ses-02/eeg/sub-08_ses-02_task-MotorImageryRest_run-02_eeg.vhdr	de849929ee96e52f053628409b03aca5654c18493d51e1d62b7c236897b1d311	True	unresolved	unresolved
sub-8	02	02	sub-8/ses-02/run-02/tsv-row-2	2	right_hand	2	10.968	5.0	2742	3992	sub-8/ses-02/eeg/sub-8_ses-02_task-imagery_run-02_eeg.edf	1250	True		sub-08	V	s	s	0	sub-08/ses-02/eeg/sub-08_ses-02_task-MotorImageryRest_run-02_eeg.vhdr	de849929ee96e52f053628409b03aca5654c18493d51e1d62b7c236897b1d311	True	unresolved	unresolved
sub-8	02	02	sub-8/ses-02/run-02/tsv-row-3	3	right_hand	2	17.872	5.0	4468	5718	sub-8/ses-02/eeg/sub-8_ses-02_task-imagery_run-02_eeg.edf	1250	True		sub-08	V	s	s	0	sub-08/ses-02/eeg/sub-08_ses-02_task-MotorImageryRest_run-02_eeg.vhdr	de849929ee96e52f053628409b03aca5654c18493d51e1d62b7c236897b1d311	True	unresolved	unresolved
sub-8	02	02	sub-8/ses-02/run-02/tsv-row-4	4	rest	1	24.76	5.0	6190	7440	sub-8/ses-02/eeg/sub-8_ses-02_task-imagery_run-02_eeg.edf	1250	True		sub-08	V	s	s	0	sub-08/ses-02/eeg/sub-08_ses-02_task-MotorImageryRest_run-02_eeg.vhdr	de849929ee96e52f053628409b03aca5654c18493d51e1d62b7c236897b1d311	True	unresolved	unresolved
sub-8	02	02	sub-8/ses-02/run-02/tsv-row-5	5	rest	1	31.648	5.0	7912	9162	sub-8/ses-02/eeg/sub-8_ses-02_task-imagery_run-02_eeg.edf	1250	True		sub-08	V	s	s	0	sub-08/ses-02/eeg/sub-08_ses-02_task-MotorImageryRest_run-02_eeg.vhdr	de849929ee96e52f053628409b03aca5654c18493d51e1d62b7c236897b1d311	True	unresolved	unresolved
sub-8	02	02	sub-8/ses-02/run-02/tsv-row-6	6	right_hand	2	38.516	5.0	9629	10879	sub-8/ses-02/eeg/sub-8_ses-02_task-imagery_run-02_eeg.edf	1250	True		sub-08	V	s	s	0	sub-08/ses-02/eeg/sub-08_ses-02_task-MotorImageryRest_run-02_eeg.vhdr	de849929ee96e52f053628409b03aca5654c18493d51e1d62b7c236897b1d311	True	unresolved	unresolved
sub-8	02	02	sub-8/ses-02/run-02/tsv-row-7	7	rest	1	45.42	5.0	11355	12605	sub-8/ses-02/eeg/sub-8_ses-02_task-imagery_run-02_eeg.edf	1250	True		sub-08	V	s	s	0	sub-08/ses-02/eeg/sub-08_ses-02_task-MotorImageryRest_run-02_eeg.vhdr	de849929ee96e52f053628409b03aca5654c18493d51e1d62b7c236897b1d311	True	unresolved	unresolved
sub-8	02	02	sub-8/ses-02/run-02/tsv-row-8	8	right_hand	2	52.304	5.0	13076	14326	sub-8/ses-02/eeg/sub-8_ses-02_task-imagery_run-02_eeg.edf	1250	True		sub-08	V	s	s	0	sub-08/ses-02/eeg/sub-08_ses-02_task-MotorImageryRest_run-02_eeg.vhdr	de849929ee96e52f053628409b03aca5654c18493d51e1d62b7c236897b1d311	True	unresolved	unresolved
sub-8	02	02	sub-8/ses-02/run-02/tsv-row-9	9	rest	1	59.18	5.0	14795	16045	sub-8/ses-02/eeg/sub-8_ses-02_task-imagery_run-02_eeg.edf	1250	True		sub-08	V	s	s	0	sub-08/ses-02/eeg/sub-08_ses-02_task-MotorImageryRest_run-02_eeg.vhdr	de849929ee96e52f053628409b03aca5654c18493d51e1d62b7c236897b1d311	True	unresolved	unresolved
sub-8	02	02	sub-8/ses-02/run-02/tsv-row-10	10	right_hand	2	66.08	5.0	16520	17770	sub-8/ses-02/eeg/sub-8_ses-02_task-imagery_run-02_eeg.edf	1250	True		sub-08	V	s	s	0	sub-08/ses-02/eeg/sub-08_ses-02_task-MotorImageryRest_run-02_eeg.vhdr	de849929ee96e52f053628409b03aca5654c18493d51e1d62b7c236897b1d311	True	unresolved	unresolved
sub-8	02	02	sub-8/ses-02/run-02/tsv-row-11	11	rest	1	72.968	5.0	18242	19492	sub-8/ses-02/eeg/sub-8_ses-02_task-imagery_run-02_eeg.edf	1250	True		sub-08	V	s	s	0	sub-08/ses-02/eeg/sub-08_ses-02_task-MotorImageryRest_run-02_eeg.vhdr	de849929ee96e52f053628409b03aca5654c18493d51e1d62b7c236897b1d311	True	unresolved	unresolved
sub-8	02	02	sub-8/ses-02/run-02/tsv-row-12	12	right_hand	2	79.852	5.0	19963	21213	sub-8/ses-02/eeg/sub-8_ses-02_task-imagery_run-02_eeg.edf	1250	True		sub-08	V	s	s	0	sub-08/ses-02/eeg/sub-08_ses-02_task-MotorImageryRest_run-02_eeg.vhdr	de849929ee96e52f053628409b03aca5654c18493d51e1d62b7c236897b1d311	True	unresolved	unresolved
sub-8	02	02	sub-8/ses-02/run-02/tsv-row-13	13	rest	1	86.74	5.0	21685	22935	sub-8/ses-02/eeg/sub-8_ses-02_task-imagery_run-02_eeg.edf	1250	True		sub-08	V	s	s	0	sub-08/ses-02/eeg/sub-08_ses-02_task-MotorImageryRest_run-02_eeg.vhdr	de849929ee96e52f053628409b03aca5654c18493d51e1d62b7c236897b1d311	True	unresolved	unresolved
sub-8	02	02	sub-8/ses-02/run-02/tsv-row-14	14	right_hand	2	93.628	5.0	23407	24657	sub-8/ses-02/eeg/sub-8_ses-02_task-imagery_run-02_eeg.edf	1250	True		sub-08	V	s	s	0	sub-08/ses-02/eeg/sub-08_ses-02_task-MotorImageryRest_run-02_eeg.vhdr	de849929ee96e52f053628409b03aca5654c18493d51e1d62b7c236897b1d311	True	unresolved	unresolved
sub-8	02	02	sub-8/ses-02/run-02/tsv-row-15	15	rest	1	100.516	5.0	25129	26379	sub-8/ses-02/eeg/sub-8_ses-02_task-imagery_run-02_eeg.edf	1250	True		sub-08	V	s	s	0	sub-08/ses-02/eeg/sub-08_ses-02_task-MotorImageryRest_run-02_eeg.vhdr	de849929ee96e52f053628409b03aca5654c18493d51e1d62b7c236897b1d311	True	unresolved	unresolved
sub-8	02	02	sub-8/ses-02/run-02/tsv-row-16	16	right_hand	2	107.416	5.0	26854	28104	sub-8/ses-02/eeg/sub-8_ses-02_task-imagery_run-02_eeg.edf	1250	True		sub-08	V	s	s	0	sub-08/ses-02/eeg/sub-08_ses-02_task-MotorImageryRest_run-02_eeg.vhdr	de849929ee96e52f053628409b03aca5654c18493d51e1d62b7c236897b1d311	True	unresolved	unresolved
sub-8	02	02	sub-8/ses-02/run-02/tsv-row-17	17	right_hand	2	114.304	5.0	28576	29826	sub-8/ses-02/eeg/sub-8_ses-02_task-imagery_run-02_eeg.edf	1250	True		sub-08	V	s	s	0	sub-08/ses-02/eeg/sub-08_ses-02_task-MotorImageryRest_run-02_eeg.vhdr	de849929ee96e52f053628409b03aca5654c18493d51e1d62b7c236897b1d311	True	unresolved	unresolved
sub-8	02	02	sub-8/ses-02/run-02/tsv-row-18	18	rest	1	121.176	5.0	30294	31544	sub-8/ses-02/eeg/sub-8_ses-02_task-imagery_run-02_eeg.edf	1250	True		sub-08	V	s	s	0	sub-08/ses-02/eeg/sub-08_ses-02_task-MotorImageryRest_run-02_eeg.vhdr	de849929ee96e52f053628409b03aca5654c18493d51e1d62b7c236897b1d311	True	unresolved	unresolved
sub-8	02	02	sub-8/ses-02/run-02/tsv-row-19	19	right_hand	2	128.076	5.0	32019	33269	sub-8/ses-02/eeg/sub-8_ses-02_task-imagery_run-02_eeg.edf	1250	True		sub-08	V	s	s	0	sub-08/ses-02/eeg/sub-08_ses-02_task-MotorImageryRest_run-02_eeg.vhdr	de849929ee96e52f053628409b03aca5654c18493d51e1d62b7c236897b1d311	True	unresolved	unresolved
sub-8	02	02	sub-8/ses-02/run-02/tsv-row-20	20	rest	1	134.968	5.0	33742	34992	sub-8/ses-02/eeg/sub-8_ses-02_task-imagery_run-02_eeg.edf	1250	True		sub-08	V	s	s	0	sub-08/ses-02/eeg/sub-08_ses-02_task-MotorImageryRest_run-02_eeg.vhdr	de849929ee96e52f053628409b03aca5654c18493d51e1d62b7c236897b1d311	True	unresolved	unresolved
sub-8	02	02	sub-8/ses-02/run-02/tsv-row-21	21	right_hand	2	141.832	5.0	35458	36708	sub-8/ses-02/eeg/sub-8_ses-02_task-imagery_run-02_eeg.edf	1250	True		sub-08	V	s	s	0	sub-08/ses-02/eeg/sub-08_ses-02_task-MotorImageryRest_run-02_eeg.vhdr	de849929ee96e52f053628409b03aca5654c18493d51e1d62b7c236897b1d311	True	unresolved	unresolved
sub-8	02	02	sub-8/ses-02/run-02/tsv-row-22	22	rest	1	148.74	5.0	37185	38435	sub-8/ses-02/eeg/sub-8_ses-02_task-imagery_run-02_eeg.edf	1250	True		sub-08	V	s	s	0	sub-08/ses-02/eeg/sub-08_ses-02_task-MotorImageryRest_run-02_eeg.vhdr	de849929ee96e52f053628409b03aca5654c18493d51e1d62b7c236897b1d311	True	unresolved	unresolved
sub-8	02	02	sub-8/ses-02/run-02/tsv-row-23	23	rest	1	155.628	5.0	38907	40157	sub-8/ses-02/eeg/sub-8_ses-02_task-imagery_run-02_eeg.edf	1250	True		sub-08	V	s	s	0	sub-08/ses-02/eeg/sub-08_ses-02_task-MotorImageryRest_run-02_eeg.vhdr	de849929ee96e52f053628409b03aca5654c18493d51e1d62b7c236897b1d311	True	unresolved	unresolved
sub-8	02	02	sub-8/ses-02/run-02/tsv-row-24	24	right_hand	2	162.512	5.0	40628	41878	sub-8/ses-02/eeg/sub-8_ses-02_task-imagery_run-02_eeg.edf	1250	True		sub-08	V	s	s	0	sub-08/ses-02/eeg/sub-08_ses-02_task-MotorImageryRest_run-02_eeg.vhdr	de849929ee96e52f053628409b03aca5654c18493d51e1d62b7c236897b1d311	True	unresolved	unresolved
sub-8	02	02	sub-8/ses-02/run-02/tsv-row-25	25	right_hand	2	169.38	5.0	42345	43595	sub-8/ses-02/eeg/sub-8_ses-02_task-imagery_run-02_eeg.edf	1250	True		sub-08	V	s	s	0	sub-08/ses-02/eeg/sub-08_ses-02_task-MotorImageryRest_run-02_eeg.vhdr	de849929ee96e52f053628409b03aca5654c18493d51e1d62b7c236897b1d311	True	unresolved	unresolved
sub-8	02	02	sub-8/ses-02/run-02/tsv-row-26	26	rest	1	176.288	5.0	44072	45322	sub-8/ses-02/eeg/sub-8_ses-02_task-imagery_run-02_eeg.edf	1250	True		sub-08	V	s	s	0	sub-08/ses-02/eeg/sub-08_ses-02_task-MotorImageryRest_run-02_eeg.vhdr	de849929ee96e52f053628409b03aca5654c18493d51e1d62b7c236897b1d311	True	unresolved	unresolved
sub-8	02	02	sub-8/ses-02/run-02/tsv-row-27	27	right_hand	2	183.172	5.0	45793	47043	sub-8/ses-02/eeg/sub-8_ses-02_task-imagery_run-02_eeg.edf	1250	True		sub-08	V	s	s	0	sub-08/ses-02/eeg/sub-08_ses-02_task-MotorImageryRest_run-02_eeg.vhdr	de849929ee96e52f053628409b03aca5654c18493d51e1d62b7c236897b1d311	True	unresolved	unresolved
sub-8	02	02	sub-8/ses-02/run-02/tsv-row-28	28	rest	1	190.06	5.0	47515	48765	sub-8/ses-02/eeg/sub-8_ses-02_task-imagery_run-02_eeg.edf	1250	True		sub-08	V	s	s	0	sub-08/ses-02/eeg/sub-08_ses-02_task-MotorImageryRest_run-02_eeg.vhdr	de849929ee96e52f053628409b03aca5654c18493d51e1d62b7c236897b1d311	True	unresolved	unresolved
sub-8	02	02	sub-8/ses-02/run-02/tsv-row-29	29	right_hand	2	196.944	5.0	49236	50486	sub-8/ses-02/eeg/sub-8_ses-02_task-imagery_run-02_eeg.edf	1250	True		sub-08	V	s	s	0	sub-08/ses-02/eeg/sub-08_ses-02_task-MotorImageryRest_run-02_eeg.vhdr	de849929ee96e52f053628409b03aca5654c18493d51e1d62b7c236897b1d311	True	unresolved	unresolved
sub-8	02	02	sub-8/ses-02/run-02/tsv-row-30	30	rest	1	203.836	5.0	50959	52209	sub-8/ses-02/eeg/sub-8_ses-02_task-imagery_run-02_eeg.edf	1250	True		sub-08	V	s	s	0	sub-08/ses-02/eeg/sub-08_ses-02_task-MotorImageryRest_run-02_eeg.vhdr	de849929ee96e52f053628409b03aca5654c18493d51e1d62b7c236897b1d311	True	unresolved	unresolved
sub-8	02	02	sub-8/ses-02/run-02/tsv-row-31	31	right_hand	2	210.72	5.0	52680	53930	sub-8/ses-02/eeg/sub-8_ses-02_task-imagery_run-02_eeg.edf	1250	True		sub-08	V	s	s	0	sub-08/ses-02/eeg/sub-08_ses-02_task-MotorImageryRest_run-02_eeg.vhdr	de849929ee96e52f053628409b03aca5654c18493d51e1d62b7c236897b1d311	True	unresolved	unresolved
sub-8	02	02	sub-8/ses-02/run-02/tsv-row-32	32	rest	1	217.624	5.0	54406	55656	sub-8/ses-02/eeg/sub-8_ses-02_task-imagery_run-02_eeg.edf	1250	True		sub-08	V	s	s	0	sub-08/ses-02/eeg/sub-08_ses-02_task-MotorImageryRest_run-02_eeg.vhdr	de849929ee96e52f053628409b03aca5654c18493d51e1d62b7c236897b1d311	True	unresolved	unresolved
sub-8	02	03	sub-8/ses-02/run-03/tsv-row-1	1	right_hand	2	4.096	5.0	1024	2274	sub-8/ses-02/eeg/sub-8_ses-02_task-imagery_run-03_eeg.edf	1250	True		sub-08	V	s	s	0	sub-08/ses-02/eeg/sub-08_ses-02_task-MotorImageryRest_run-03_eeg.vhdr	1dbe1f5b38bb46e3f58916a95b4fbca43d28d89f1db8e2964b20cae01b174d1b	True	unresolved	unresolved
sub-8	02	03	sub-8/ses-02/run-03/tsv-row-2	2	rest	1	10.972	5.0	2743	3993	sub-8/ses-02/eeg/sub-8_ses-02_task-imagery_run-03_eeg.edf	1250	True		sub-08	V	s	s	0	sub-08/ses-02/eeg/sub-08_ses-02_task-MotorImageryRest_run-03_eeg.vhdr	1dbe1f5b38bb46e3f58916a95b4fbca43d28d89f1db8e2964b20cae01b174d1b	True	unresolved	unresolved
sub-8	02	03	sub-8/ses-02/run-03/tsv-row-3	3	rest	1	17.876	5.0	4469	5719	sub-8/ses-02/eeg/sub-8_ses-02_task-imagery_run-03_eeg.edf	1250	True		sub-08	V	s	s	0	sub-08/ses-02/eeg/sub-08_ses-02_task-MotorImageryRest_run-03_eeg.vhdr	1dbe1f5b38bb46e3f58916a95b4fbca43d28d89f1db8e2964b20cae01b174d1b	True	unresolved	unresolved
sub-8	02	03	sub-8/ses-02/run-03/tsv-row-4	4	right_hand	2	24.76	5.0	6190	7440	sub-8/ses-02/eeg/sub-8_ses-02_task-imagery_run-03_eeg.edf	1250	True		sub-08	V	s	s	0	sub-08/ses-02/eeg/sub-08_ses-02_task-MotorImageryRest_run-03_eeg.vhdr	1dbe1f5b38bb46e3f58916a95b4fbca43d28d89f1db8e2964b20cae01b174d1b	True	unresolved	unresolved
sub-8	02	03	sub-8/ses-02/run-03/tsv-row-5	5	right_hand	2	31.644	5.0	7911	9161	sub-8/ses-02/eeg/sub-8_ses-02_task-imagery_run-03_eeg.edf	1250	True		sub-08	V	s	s	0	sub-08/ses-02/eeg/sub-08_ses-02_task-MotorImageryRest_run-03_eeg.vhdr	1dbe1f5b38bb46e3f58916a95b4fbca43d28d89f1db8e2964b20cae01b174d1b	True	unresolved	unresolved
sub-8	02	03	sub-8/ses-02/run-03/tsv-row-6	6	rest	1	38.52	5.0	9630	10880	sub-8/ses-02/eeg/sub-8_ses-02_task-imagery_run-03_eeg.edf	1250	True		sub-08	V	s	s	0	sub-08/ses-02/eeg/sub-08_ses-02_task-MotorImageryRest_run-03_eeg.vhdr	1dbe1f5b38bb46e3f58916a95b4fbca43d28d89f1db8e2964b20cae01b174d1b	True	unresolved	unresolved
sub-8	02	03	sub-8/ses-02/run-03/tsv-row-7	7	right_hand	2	45.404	5.0	11351	12601	sub-8/ses-02/eeg/sub-8_ses-02_task-imagery_run-03_eeg.edf	1250	True		sub-08	V	s	s	0	sub-08/ses-02/eeg/sub-08_ses-02_task-MotorImageryRest_run-03_eeg.vhdr	1dbe1f5b38bb46e3f58916a95b4fbca43d28d89f1db8e2964b20cae01b174d1b	True	unresolved	unresolved
sub-8	02	03	sub-8/ses-02/run-03/tsv-row-8	8	rest	1	52.308	5.0	13077	14327	sub-8/ses-02/eeg/sub-8_ses-02_task-imagery_run-03_eeg.edf	1250	True		sub-08	V	s	s	0	sub-08/ses-02/eeg/sub-08_ses-02_task-MotorImageryRest_run-03_eeg.vhdr	1dbe1f5b38bb46e3f58916a95b4fbca43d28d89f1db8e2964b20cae01b174d1b	True	unresolved	unresolved
sub-8	02	03	sub-8/ses-02/run-03/tsv-row-9	9	rest	1	59.196	5.0	14799	16049	sub-8/ses-02/eeg/sub-8_ses-02_task-imagery_run-03_eeg.edf	1250	True		sub-08	V	s	s	0	sub-08/ses-02/eeg/sub-08_ses-02_task-MotorImageryRest_run-03_eeg.vhdr	1dbe1f5b38bb46e3f58916a95b4fbca43d28d89f1db8e2964b20cae01b174d1b	True	unresolved	unresolved
sub-8	02	03	sub-8/ses-02/run-03/tsv-row-10	10	right_hand	2	66.064	5.0	16516	17766	sub-8/ses-02/eeg/sub-8_ses-02_task-imagery_run-03_eeg.edf	1250	True		sub-08	V	s	s	0	sub-08/ses-02/eeg/sub-08_ses-02_task-MotorImageryRest_run-03_eeg.vhdr	1dbe1f5b38bb46e3f58916a95b4fbca43d28d89f1db8e2964b20cae01b174d1b	True	unresolved	unresolved
sub-8	02	03	sub-8/ses-02/run-03/tsv-row-11	11	right_hand	2	72.968	5.0	18242	19492	sub-8/ses-02/eeg/sub-8_ses-02_task-imagery_run-03_eeg.edf	1250	True		sub-08	V	s	s	0	sub-08/ses-02/eeg/sub-08_ses-02_task-MotorImageryRest_run-03_eeg.vhdr	1dbe1f5b38bb46e3f58916a95b4fbca43d28d89f1db8e2964b20cae01b174d1b	True	unresolved	unresolved
sub-8	02	03	sub-8/ses-02/run-03/tsv-row-12	12	rest	1	79.856	5.0	19964	21214	sub-8/ses-02/eeg/sub-8_ses-02_task-imagery_run-03_eeg.edf	1250	True		sub-08	V	s	s	0	sub-08/ses-02/eeg/sub-08_ses-02_task-MotorImageryRest_run-03_eeg.vhdr	1dbe1f5b38bb46e3f58916a95b4fbca43d28d89f1db8e2964b20cae01b174d1b	True	unresolved	unresolved
sub-8	02	03	sub-8/ses-02/run-03/tsv-row-13	13	rest	1	86.744	5.0	21686	22936	sub-8/ses-02/eeg/sub-8_ses-02_task-imagery_run-03_eeg.edf	1250	True		sub-08	V	s	s	0	sub-08/ses-02/eeg/sub-08_ses-02_task-MotorImageryRest_run-03_eeg.vhdr	1dbe1f5b38bb46e3f58916a95b4fbca43d28d89f1db8e2964b20cae01b174d1b	True	unresolved	unresolved
sub-8	02	03	sub-8/ses-02/run-03/tsv-row-14	14	right_hand	2	93.628	5.0	23407	24657	sub-8/ses-02/eeg/sub-8_ses-02_task-imagery_run-03_eeg.edf	1250	True		sub-08	V	s	s	0	sub-08/ses-02/eeg/sub-08_ses-02_task-MotorImageryRest_run-03_eeg.vhdr	1dbe1f5b38bb46e3f58916a95b4fbca43d28d89f1db8e2964b20cae01b174d1b	True	unresolved	unresolved
sub-8	02	03	sub-8/ses-02/run-03/tsv-row-15	15	rest	1	100.516	5.0	25129	26379	sub-8/ses-02/eeg/sub-8_ses-02_task-imagery_run-03_eeg.edf	1250	True		sub-08	V	s	s	0	sub-08/ses-02/eeg/sub-08_ses-02_task-MotorImageryRest_run-03_eeg.vhdr	1dbe1f5b38bb46e3f58916a95b4fbca43d28d89f1db8e2964b20cae01b174d1b	True	unresolved	unresolved
sub-8	02	03	sub-8/ses-02/run-03/tsv-row-16	16	right_hand	2	107.4	5.0	26850	28100	sub-8/ses-02/eeg/sub-8_ses-02_task-imagery_run-03_eeg.edf	1250	True		sub-08	V	s	s	0	sub-08/ses-02/eeg/sub-08_ses-02_task-MotorImageryRest_run-03_eeg.vhdr	1dbe1f5b38bb46e3f58916a95b4fbca43d28d89f1db8e2964b20cae01b174d1b	True	unresolved	unresolved
sub-8	02	03	sub-8/ses-02/run-03/tsv-row-17	17	right_hand	2	114.304	5.0	28576	29826	sub-8/ses-02/eeg/sub-8_ses-02_task-imagery_run-03_eeg.edf	1250	True		sub-08	V	s	s	0	sub-08/ses-02/eeg/sub-08_ses-02_task-MotorImageryRest_run-03_eeg.vhdr	1dbe1f5b38bb46e3f58916a95b4fbca43d28d89f1db8e2964b20cae01b174d1b	True	unresolved	unresolved
sub-8	02	03	sub-8/ses-02/run-03/tsv-row-18	18	rest	1	121.176	5.0	30294	31544	sub-8/ses-02/eeg/sub-8_ses-02_task-imagery_run-03_eeg.edf	1250	True		sub-08	V	s	s	0	sub-08/ses-02/eeg/sub-08_ses-02_task-MotorImageryRest_run-03_eeg.vhdr	1dbe1f5b38bb46e3f58916a95b4fbca43d28d89f1db8e2964b20cae01b174d1b	True	unresolved	unresolved
sub-8	02	03	sub-8/ses-02/run-03/tsv-row-19	19	right_hand	2	128.06	5.0	32015	33265	sub-8/ses-02/eeg/sub-8_ses-02_task-imagery_run-03_eeg.edf	1250	True		sub-08	V	s	s	0	sub-08/ses-02/eeg/sub-08_ses-02_task-MotorImageryRest_run-03_eeg.vhdr	1dbe1f5b38bb46e3f58916a95b4fbca43d28d89f1db8e2964b20cae01b174d1b	True	unresolved	unresolved
sub-8	02	03	sub-8/ses-02/run-03/tsv-row-20	20	rest	1	134.968	5.0	33742	34992	sub-8/ses-02/eeg/sub-8_ses-02_task-imagery_run-03_eeg.edf	1250	True		sub-08	V	s	s	0	sub-08/ses-02/eeg/sub-08_ses-02_task-MotorImageryRest_run-03_eeg.vhdr	1dbe1f5b38bb46e3f58916a95b4fbca43d28d89f1db8e2964b20cae01b174d1b	True	unresolved	unresolved
sub-8	02	03	sub-8/ses-02/run-03/tsv-row-21	21	right_hand	2	141.852	5.0	35463	36713	sub-8/ses-02/eeg/sub-8_ses-02_task-imagery_run-03_eeg.edf	1250	True		sub-08	V	s	s	0	sub-08/ses-02/eeg/sub-08_ses-02_task-MotorImageryRest_run-03_eeg.vhdr	1dbe1f5b38bb46e3f58916a95b4fbca43d28d89f1db8e2964b20cae01b174d1b	True	unresolved	unresolved
sub-8	02	03	sub-8/ses-02/run-03/tsv-row-22	22	rest	1	148.724	5.0	37181	38431	sub-8/ses-02/eeg/sub-8_ses-02_task-imagery_run-03_eeg.edf	1250	True		sub-08	V	s	s	0	sub-08/ses-02/eeg/sub-08_ses-02_task-MotorImageryRest_run-03_eeg.vhdr	1dbe1f5b38bb46e3f58916a95b4fbca43d28d89f1db8e2964b20cae01b174d1b	True	unresolved	unresolved
sub-8	02	03	sub-8/ses-02/run-03/tsv-row-23	23	right_hand	2	155.624	5.0	38906	40156	sub-8/ses-02/eeg/sub-8_ses-02_task-imagery_run-03_eeg.edf	1250	True		sub-08	V	s	s	0	sub-08/ses-02/eeg/sub-08_ses-02_task-MotorImageryRest_run-03_eeg.vhdr	1dbe1f5b38bb46e3f58916a95b4fbca43d28d89f1db8e2964b20cae01b174d1b	True	unresolved	unresolved
sub-8	02	03	sub-8/ses-02/run-03/tsv-row-24	24	rest	1	162.512	5.0	40628	41878	sub-8/ses-02/eeg/sub-8_ses-02_task-imagery_run-03_eeg.edf	1250	True		sub-08	V	s	s	0	sub-08/ses-02/eeg/sub-08_ses-02_task-MotorImageryRest_run-03_eeg.vhdr	1dbe1f5b38bb46e3f58916a95b4fbca43d28d89f1db8e2964b20cae01b174d1b	True	unresolved	unresolved
sub-8	02	03	sub-8/ses-02/run-03/tsv-row-25	25	right_hand	2	169.4	5.0	42350	43600	sub-8/ses-02/eeg/sub-8_ses-02_task-imagery_run-03_eeg.edf	1250	True		sub-08	V	s	s	0	sub-08/ses-02/eeg/sub-08_ses-02_task-MotorImageryRest_run-03_eeg.vhdr	1dbe1f5b38bb46e3f58916a95b4fbca43d28d89f1db8e2964b20cae01b174d1b	True	unresolved	unresolved
sub-8	02	03	sub-8/ses-02/run-03/tsv-row-26	26	rest	1	176.288	5.0	44072	45322	sub-8/ses-02/eeg/sub-8_ses-02_task-imagery_run-03_eeg.edf	1250	True		sub-08	V	s	s	0	sub-08/ses-02/eeg/sub-08_ses-02_task-MotorImageryRest_run-03_eeg.vhdr	1dbe1f5b38bb46e3f58916a95b4fbca43d28d89f1db8e2964b20cae01b174d1b	True	unresolved	unresolved
sub-8	02	03	sub-8/ses-02/run-03/tsv-row-27	27	rest	1	183.176	5.0	45794	47044	sub-8/ses-02/eeg/sub-8_ses-02_task-imagery_run-03_eeg.edf	1250	True		sub-08	V	s	s	0	sub-08/ses-02/eeg/sub-08_ses-02_task-MotorImageryRest_run-03_eeg.vhdr	1dbe1f5b38bb46e3f58916a95b4fbca43d28d89f1db8e2964b20cae01b174d1b	True	unresolved	unresolved
sub-8	02	03	sub-8/ses-02/run-03/tsv-row-28	28	right_hand	2	190.06	5.0	47515	48765	sub-8/ses-02/eeg/sub-8_ses-02_task-imagery_run-03_eeg.edf	1250	True		sub-08	V	s	s	0	sub-08/ses-02/eeg/sub-08_ses-02_task-MotorImageryRest_run-03_eeg.vhdr	1dbe1f5b38bb46e3f58916a95b4fbca43d28d89f1db8e2964b20cae01b174d1b	True	unresolved	unresolved
sub-8	02	03	sub-8/ses-02/run-03/tsv-row-29	29	rest	1	196.964	5.0	49241	50491	sub-8/ses-02/eeg/sub-8_ses-02_task-imagery_run-03_eeg.edf	1250	True		sub-08	V	s	s	0	sub-08/ses-02/eeg/sub-08_ses-02_task-MotorImageryRest_run-03_eeg.vhdr	1dbe1f5b38bb46e3f58916a95b4fbca43d28d89f1db8e2964b20cae01b174d1b	True	unresolved	unresolved
sub-8	02	03	sub-8/ses-02/run-03/tsv-row-30	30	right_hand	2	203.832	5.0	50958	52208	sub-8/ses-02/eeg/sub-8_ses-02_task-imagery_run-03_eeg.edf	1250	True		sub-08	V	s	s	0	sub-08/ses-02/eeg/sub-08_ses-02_task-MotorImageryRest_run-03_eeg.vhdr	1dbe1f5b38bb46e3f58916a95b4fbca43d28d89f1db8e2964b20cae01b174d1b	True	unresolved	unresolved
sub-8	02	03	sub-8/ses-02/run-03/tsv-row-31	31	right_hand	2	210.72	5.0	52680	53930	sub-8/ses-02/eeg/sub-8_ses-02_task-imagery_run-03_eeg.edf	1250	True		sub-08	V	s	s	0	sub-08/ses-02/eeg/sub-08_ses-02_task-MotorImageryRest_run-03_eeg.vhdr	1dbe1f5b38bb46e3f58916a95b4fbca43d28d89f1db8e2964b20cae01b174d1b	True	unresolved	unresolved
sub-8	02	03	sub-8/ses-02/run-03/tsv-row-32	32	rest	1	217.608	5.0	54402	55652	sub-8/ses-02/eeg/sub-8_ses-02_task-imagery_run-03_eeg.edf	1250	True		sub-08	V	s	s	0	sub-08/ses-02/eeg/sub-08_ses-02_task-MotorImageryRest_run-03_eeg.vhdr	1dbe1f5b38bb46e3f58916a95b4fbca43d28d89f1db8e2964b20cae01b174d1b	True	unresolved	unresolved
sub-8	02	04	sub-8/ses-02/run-04/tsv-row-1	1	right_hand	2	4.928	5.0	1232	2482	sub-8/ses-02/eeg/sub-8_ses-02_task-imagery_run-04_eeg.edf	1250	True		sub-08	V	s	s	0	sub-08/ses-02/eeg/sub-08_ses-02_task-MotorImageryRest_run-04_eeg.vhdr	5584540f124d6965d9b217a960f9fa4ceea32e3b2b950f60ba7179a81b9344e2	True	unresolved	unresolved
sub-8	02	04	sub-8/ses-02/run-04/tsv-row-2	2	rest	1	11.82	5.0	2955	4205	sub-8/ses-02/eeg/sub-8_ses-02_task-imagery_run-04_eeg.edf	1250	True		sub-08	V	s	s	0	sub-08/ses-02/eeg/sub-08_ses-02_task-MotorImageryRest_run-04_eeg.vhdr	5584540f124d6965d9b217a960f9fa4ceea32e3b2b950f60ba7179a81b9344e2	True	unresolved	unresolved
sub-8	02	04	sub-8/ses-02/run-04/tsv-row-3	3	rest	1	18.708	5.0	4677	5927	sub-8/ses-02/eeg/sub-8_ses-02_task-imagery_run-04_eeg.edf	1250	True		sub-08	V	s	s	0	sub-08/ses-02/eeg/sub-08_ses-02_task-MotorImageryRest_run-04_eeg.vhdr	5584540f124d6965d9b217a960f9fa4ceea32e3b2b950f60ba7179a81b9344e2	True	unresolved	unresolved
sub-8	02	04	sub-8/ses-02/run-04/tsv-row-4	4	right_hand	2	25.592	5.0	6398	7648	sub-8/ses-02/eeg/sub-8_ses-02_task-imagery_run-04_eeg.edf	1250	True		sub-08	V	s	s	0	sub-08/ses-02/eeg/sub-08_ses-02_task-MotorImageryRest_run-04_eeg.vhdr	5584540f124d6965d9b217a960f9fa4ceea32e3b2b950f60ba7179a81b9344e2	True	unresolved	unresolved
sub-8	02	04	sub-8/ses-02/run-04/tsv-row-5	5	right_hand	2	32.48	5.0	8120	9370	sub-8/ses-02/eeg/sub-8_ses-02_task-imagery_run-04_eeg.edf	1250	True		sub-08	V	s	s	0	sub-08/ses-02/eeg/sub-08_ses-02_task-MotorImageryRest_run-04_eeg.vhdr	5584540f124d6965d9b217a960f9fa4ceea32e3b2b950f60ba7179a81b9344e2	True	unresolved	unresolved
sub-8	02	04	sub-8/ses-02/run-04/tsv-row-6	6	rest	1	39.368	5.0	9842	11092	sub-8/ses-02/eeg/sub-8_ses-02_task-imagery_run-04_eeg.edf	1250	True		sub-08	V	s	s	0	sub-08/ses-02/eeg/sub-08_ses-02_task-MotorImageryRest_run-04_eeg.vhdr	5584540f124d6965d9b217a960f9fa4ceea32e3b2b950f60ba7179a81b9344e2	True	unresolved	unresolved
sub-8	02	04	sub-8/ses-02/run-04/tsv-row-7	7	rest	1	46.256	5.0	11564	12814	sub-8/ses-02/eeg/sub-8_ses-02_task-imagery_run-04_eeg.edf	1250	True		sub-08	V	s	s	0	sub-08/ses-02/eeg/sub-08_ses-02_task-MotorImageryRest_run-04_eeg.vhdr	5584540f124d6965d9b217a960f9fa4ceea32e3b2b950f60ba7179a81b9344e2	True	unresolved	unresolved
sub-8	02	04	sub-8/ses-02/run-04/tsv-row-8	8	right_hand	2	53.14	5.0	13285	14535	sub-8/ses-02/eeg/sub-8_ses-02_task-imagery_run-04_eeg.edf	1250	True		sub-08	V	s	s	0	sub-08/ses-02/eeg/sub-08_ses-02_task-MotorImageryRest_run-04_eeg.vhdr	5584540f124d6965d9b217a960f9fa4ceea32e3b2b950f60ba7179a81b9344e2	True	unresolved	unresolved
sub-8	02	04	sub-8/ses-02/run-04/tsv-row-9	9	rest	1	60.028	5.0	15007	16257	sub-8/ses-02/eeg/sub-8_ses-02_task-imagery_run-04_eeg.edf	1250	True		sub-08	V	s	s	0	sub-08/ses-02/eeg/sub-08_ses-02_task-MotorImageryRest_run-04_eeg.vhdr	5584540f124d6965d9b217a960f9fa4ceea32e3b2b950f60ba7179a81b9344e2	True	unresolved	unresolved
sub-8	02	04	sub-8/ses-02/run-04/tsv-row-10	10	right_hand	2	66.928	5.0	16732	17982	sub-8/ses-02/eeg/sub-8_ses-02_task-imagery_run-04_eeg.edf	1250	True		sub-08	V	s	s	0	sub-08/ses-02/eeg/sub-08_ses-02_task-MotorImageryRest_run-04_eeg.vhdr	5584540f124d6965d9b217a960f9fa4ceea32e3b2b950f60ba7179a81b9344e2	True	unresolved	unresolved
sub-8	02	04	sub-8/ses-02/run-04/tsv-row-11	11	right_hand	2	73.816	5.0	18454	19704	sub-8/ses-02/eeg/sub-8_ses-02_task-imagery_run-04_eeg.edf	1250	True		sub-08	V	s	s	0	sub-08/ses-02/eeg/sub-08_ses-02_task-MotorImageryRest_run-04_eeg.vhdr	5584540f124d6965d9b217a960f9fa4ceea32e3b2b950f60ba7179a81b9344e2	True	unresolved	unresolved
sub-8	02	04	sub-8/ses-02/run-04/tsv-row-12	12	rest	1	80.688	5.0	20172	21422	sub-8/ses-02/eeg/sub-8_ses-02_task-imagery_run-04_eeg.edf	1250	True		sub-08	V	s	s	0	sub-08/ses-02/eeg/sub-08_ses-02_task-MotorImageryRest_run-04_eeg.vhdr	5584540f124d6965d9b217a960f9fa4ceea32e3b2b950f60ba7179a81b9344e2	True	unresolved	unresolved
sub-8	02	04	sub-8/ses-02/run-04/tsv-row-13	13	rest	1	87.592	5.0	21898	23148	sub-8/ses-02/eeg/sub-8_ses-02_task-imagery_run-04_eeg.edf	1250	True		sub-08	V	s	s	0	sub-08/ses-02/eeg/sub-08_ses-02_task-MotorImageryRest_run-04_eeg.vhdr	5584540f124d6965d9b217a960f9fa4ceea32e3b2b950f60ba7179a81b9344e2	True	unresolved	unresolved
sub-8	02	04	sub-8/ses-02/run-04/tsv-row-14	14	right_hand	2	94.476	5.0	23619	24869	sub-8/ses-02/eeg/sub-8_ses-02_task-imagery_run-04_eeg.edf	1250	True		sub-08	V	s	s	0	sub-08/ses-02/eeg/sub-08_ses-02_task-MotorImageryRest_run-04_eeg.vhdr	5584540f124d6965d9b217a960f9fa4ceea32e3b2b950f60ba7179a81b9344e2	True	unresolved	unresolved
sub-8	02	04	sub-8/ses-02/run-04/tsv-row-15	15	rest	1	101.348	5.0	25337	26587	sub-8/ses-02/eeg/sub-8_ses-02_task-imagery_run-04_eeg.edf	1250	True		sub-08	V	s	s	0	sub-08/ses-02/eeg/sub-08_ses-02_task-MotorImageryRest_run-04_eeg.vhdr	5584540f124d6965d9b217a960f9fa4ceea32e3b2b950f60ba7179a81b9344e2	True	unresolved	unresolved
sub-8	02	04	sub-8/ses-02/run-04/tsv-row-16	16	right_hand	2	108.252	5.0	27063	28313	sub-8/ses-02/eeg/sub-8_ses-02_task-imagery_run-04_eeg.edf	1250	True		sub-08	V	s	s	0	sub-08/ses-02/eeg/sub-08_ses-02_task-MotorImageryRest_run-04_eeg.vhdr	5584540f124d6965d9b217a960f9fa4ceea32e3b2b950f60ba7179a81b9344e2	True	unresolved	unresolved
sub-8	02	04	sub-8/ses-02/run-04/tsv-row-17	17	rest	1	115.14	5.0	28785	30035	sub-8/ses-02/eeg/sub-8_ses-02_task-imagery_run-04_eeg.edf	1250	True		sub-08	V	s	s	0	sub-08/ses-02/eeg/sub-08_ses-02_task-MotorImageryRest_run-04_eeg.vhdr	5584540f124d6965d9b217a960f9fa4ceea32e3b2b950f60ba7179a81b9344e2	True	unresolved	unresolved
sub-8	02	04	sub-8/ses-02/run-04/tsv-row-18	18	right_hand	2	122.024	5.0	30506	31756	sub-8/ses-02/eeg/sub-8_ses-02_task-imagery_run-04_eeg.edf	1250	True		sub-08	V	s	s	0	sub-08/ses-02/eeg/sub-08_ses-02_task-MotorImageryRest_run-04_eeg.vhdr	5584540f124d6965d9b217a960f9fa4ceea32e3b2b950f60ba7179a81b9344e2	True	unresolved	unresolved
sub-8	02	04	sub-8/ses-02/run-04/tsv-row-19	19	rest	1	128.912	5.0	32228	33478	sub-8/ses-02/eeg/sub-8_ses-02_task-imagery_run-04_eeg.edf	1250	True		sub-08	V	s	s	0	sub-08/ses-02/eeg/sub-08_ses-02_task-MotorImageryRest_run-04_eeg.vhdr	5584540f124d6965d9b217a960f9fa4ceea32e3b2b950f60ba7179a81b9344e2	True	unresolved	unresolved
sub-8	02	04	sub-8/ses-02/run-04/tsv-row-20	20	right_hand	2	135.796	5.0	33949	35199	sub-8/ses-02/eeg/sub-8_ses-02_task-imagery_run-04_eeg.edf	1250	True		sub-08	V	s	s	0	sub-08/ses-02/eeg/sub-08_ses-02_task-MotorImageryRest_run-04_eeg.vhdr	5584540f124d6965d9b217a960f9fa4ceea32e3b2b950f60ba7179a81b9344e2	True	unresolved	unresolved
sub-8	02	04	sub-8/ses-02/run-04/tsv-row-21	21	right_hand	2	142.684	5.0	35671	36921	sub-8/ses-02/eeg/sub-8_ses-02_task-imagery_run-04_eeg.edf	1250	True		sub-08	V	s	s	0	sub-08/ses-02/eeg/sub-08_ses-02_task-MotorImageryRest_run-04_eeg.vhdr	5584540f124d6965d9b217a960f9fa4ceea32e3b2b950f60ba7179a81b9344e2	True	unresolved	unresolved
sub-8	02	04	sub-8/ses-02/run-04/tsv-row-22	22	rest	1	149.572	5.0	37393	38643	sub-8/ses-02/eeg/sub-8_ses-02_task-imagery_run-04_eeg.edf	1250	True		sub-08	V	s	s	0	sub-08/ses-02/eeg/sub-08_ses-02_task-MotorImageryRest_run-04_eeg.vhdr	5584540f124d6965d9b217a960f9fa4ceea32e3b2b950f60ba7179a81b9344e2	True	unresolved	unresolved
sub-8	02	04	sub-8/ses-02/run-04/tsv-row-23	23	rest	1	156.46	5.0	39115	40365	sub-8/ses-02/eeg/sub-8_ses-02_task-imagery_run-04_eeg.edf	1250	True		sub-08	V	s	s	0	sub-08/ses-02/eeg/sub-08_ses-02_task-MotorImageryRest_run-04_eeg.vhdr	5584540f124d6965d9b217a960f9fa4ceea32e3b2b950f60ba7179a81b9344e2	True	unresolved	unresolved
sub-8	02	04	sub-8/ses-02/run-04/tsv-row-24	24	right_hand	2	163.344	5.0	40836	42086	sub-8/ses-02/eeg/sub-8_ses-02_task-imagery_run-04_eeg.edf	1250	True		sub-08	V	s	s	0	sub-08/ses-02/eeg/sub-08_ses-02_task-MotorImageryRest_run-04_eeg.vhdr	5584540f124d6965d9b217a960f9fa4ceea32e3b2b950f60ba7179a81b9344e2	True	unresolved	unresolved
sub-8	02	04	sub-8/ses-02/run-04/tsv-row-25	25	rest	1	170.232	5.0	42558	43808	sub-8/ses-02/eeg/sub-8_ses-02_task-imagery_run-04_eeg.edf	1250	True		sub-08	V	s	s	0	sub-08/ses-02/eeg/sub-08_ses-02_task-MotorImageryRest_run-04_eeg.vhdr	5584540f124d6965d9b217a960f9fa4ceea32e3b2b950f60ba7179a81b9344e2	True	unresolved	unresolved
sub-8	02	04	sub-8/ses-02/run-04/tsv-row-26	26	right_hand	2	177.136	5.0	44284	45534	sub-8/ses-02/eeg/sub-8_ses-02_task-imagery_run-04_eeg.edf	1250	True		sub-08	V	s	s	0	sub-08/ses-02/eeg/sub-08_ses-02_task-MotorImageryRest_run-04_eeg.vhdr	5584540f124d6965d9b217a960f9fa4ceea32e3b2b950f60ba7179a81b9344e2	True	unresolved	unresolved
sub-8	02	04	sub-8/ses-02/run-04/tsv-row-27	27	rest	1	184.008	5.0	46002	47252	sub-8/ses-02/eeg/sub-8_ses-02_task-imagery_run-04_eeg.edf	1250	True		sub-08	V	s	s	0	sub-08/ses-02/eeg/sub-08_ses-02_task-MotorImageryRest_run-04_eeg.vhdr	5584540f124d6965d9b217a960f9fa4ceea32e3b2b950f60ba7179a81b9344e2	True	unresolved	unresolved
sub-8	02	04	sub-8/ses-02/run-04/tsv-row-28	28	right_hand	2	190.892	5.0	47723	48973	sub-8/ses-02/eeg/sub-8_ses-02_task-imagery_run-04_eeg.edf	1250	True		sub-08	V	s	s	0	sub-08/ses-02/eeg/sub-08_ses-02_task-MotorImageryRest_run-04_eeg.vhdr	5584540f124d6965d9b217a960f9fa4ceea32e3b2b950f60ba7179a81b9344e2	True	unresolved	unresolved
sub-8	02	04	sub-8/ses-02/run-04/tsv-row-29	29	right_hand	2	197.796	5.0	49449	50699	sub-8/ses-02/eeg/sub-8_ses-02_task-imagery_run-04_eeg.edf	1250	True		sub-08	V	s	s	0	sub-08/ses-02/eeg/sub-08_ses-02_task-MotorImageryRest_run-04_eeg.vhdr	5584540f124d6965d9b217a960f9fa4ceea32e3b2b950f60ba7179a81b9344e2	True	unresolved	unresolved
sub-8	02	04	sub-8/ses-02/run-04/tsv-row-30	30	rest	1	204.684	5.0	51171	52421	sub-8/ses-02/eeg/sub-8_ses-02_task-imagery_run-04_eeg.edf	1250	True		sub-08	V	s	s	0	sub-08/ses-02/eeg/sub-08_ses-02_task-MotorImageryRest_run-04_eeg.vhdr	5584540f124d6965d9b217a960f9fa4ceea32e3b2b950f60ba7179a81b9344e2	True	unresolved	unresolved
sub-8	02	04	sub-8/ses-02/run-04/tsv-row-31	31	right_hand	2	211.552	5.0	52888	54138	sub-8/ses-02/eeg/sub-8_ses-02_task-imagery_run-04_eeg.edf	1250	True		sub-08	V	s	s	0	sub-08/ses-02/eeg/sub-08_ses-02_task-MotorImageryRest_run-04_eeg.vhdr	5584540f124d6965d9b217a960f9fa4ceea32e3b2b950f60ba7179a81b9344e2	True	unresolved	unresolved
sub-8	02	04	sub-8/ses-02/run-04/tsv-row-32	32	rest	1	218.456	5.0	54614	55864	sub-8/ses-02/eeg/sub-8_ses-02_task-imagery_run-04_eeg.edf	1250	True		sub-08	V	s	s	0	sub-08/ses-02/eeg/sub-08_ses-02_task-MotorImageryRest_run-04_eeg.vhdr	5584540f124d6965d9b217a960f9fa4ceea32e3b2b950f60ba7179a81b9344e2	True	unresolved	unresolved
sub-8	02	05	sub-8/ses-02/run-05/tsv-row-1	1	right_hand	2	6.232	5.0	1558	2808	sub-8/ses-02/eeg/sub-8_ses-02_task-imagery_run-05_eeg.edf	1250	True		sub-08	V	s	s	0	sub-08/ses-02/eeg/sub-08_ses-02_task-MotorImageryRest_run-05_eeg.vhdr	feda00dfa1fd366a16731211c6747becd35fe427d0c2da361e405d6bad02dd78	True	unresolved	unresolved
sub-8	02	05	sub-8/ses-02/run-05/tsv-row-2	2	rest	1	13.14	5.0	3285	4535	sub-8/ses-02/eeg/sub-8_ses-02_task-imagery_run-05_eeg.edf	1250	True		sub-08	V	s	s	0	sub-08/ses-02/eeg/sub-08_ses-02_task-MotorImageryRest_run-05_eeg.vhdr	feda00dfa1fd366a16731211c6747becd35fe427d0c2da361e405d6bad02dd78	True	unresolved	unresolved
sub-8	02	05	sub-8/ses-02/run-05/tsv-row-3	3	rest	1	20.028	5.0	5007	6257	sub-8/ses-02/eeg/sub-8_ses-02_task-imagery_run-05_eeg.edf	1250	True		sub-08	V	s	s	0	sub-08/ses-02/eeg/sub-08_ses-02_task-MotorImageryRest_run-05_eeg.vhdr	feda00dfa1fd366a16731211c6747becd35fe427d0c2da361e405d6bad02dd78	True	unresolved	unresolved
sub-8	02	05	sub-8/ses-02/run-05/tsv-row-4	4	right_hand	2	26.896	5.0	6724	7974	sub-8/ses-02/eeg/sub-8_ses-02_task-imagery_run-05_eeg.edf	1250	True		sub-08	V	s	s	0	sub-08/ses-02/eeg/sub-08_ses-02_task-MotorImageryRest_run-05_eeg.vhdr	feda00dfa1fd366a16731211c6747becd35fe427d0c2da361e405d6bad02dd78	True	unresolved	unresolved
sub-8	02	05	sub-8/ses-02/run-05/tsv-row-5	5	rest	1	33.804	5.0	8451	9701	sub-8/ses-02/eeg/sub-8_ses-02_task-imagery_run-05_eeg.edf	1250	True		sub-08	V	s	s	0	sub-08/ses-02/eeg/sub-08_ses-02_task-MotorImageryRest_run-05_eeg.vhdr	feda00dfa1fd366a16731211c6747becd35fe427d0c2da361e405d6bad02dd78	True	unresolved	unresolved
sub-8	02	05	sub-8/ses-02/run-05/tsv-row-6	6	right_hand	2	40.688	5.0	10172	11422	sub-8/ses-02/eeg/sub-8_ses-02_task-imagery_run-05_eeg.edf	1250	True		sub-08	V	s	s	0	sub-08/ses-02/eeg/sub-08_ses-02_task-MotorImageryRest_run-05_eeg.vhdr	feda00dfa1fd366a16731211c6747becd35fe427d0c2da361e405d6bad02dd78	True	unresolved	unresolved
sub-8	02	05	sub-8/ses-02/run-05/tsv-row-7	7	right_hand	2	47.572	5.0	11893	13143	sub-8/ses-02/eeg/sub-8_ses-02_task-imagery_run-05_eeg.edf	1250	True		sub-08	V	s	s	0	sub-08/ses-02/eeg/sub-08_ses-02_task-MotorImageryRest_run-05_eeg.vhdr	feda00dfa1fd366a16731211c6747becd35fe427d0c2da361e405d6bad02dd78	True	unresolved	unresolved
sub-8	02	05	sub-8/ses-02/run-05/tsv-row-8	8	rest	1	54.444	5.0	13611	14861	sub-8/ses-02/eeg/sub-8_ses-02_task-imagery_run-05_eeg.edf	1250	True		sub-08	V	s	s	0	sub-08/ses-02/eeg/sub-08_ses-02_task-MotorImageryRest_run-05_eeg.vhdr	feda00dfa1fd366a16731211c6747becd35fe427d0c2da361e405d6bad02dd78	True	unresolved	unresolved
sub-8	02	05	sub-8/ses-02/run-05/tsv-row-9	9	right_hand	2	61.348	5.0	15337	16587	sub-8/ses-02/eeg/sub-8_ses-02_task-imagery_run-05_eeg.edf	1250	True		sub-08	V	s	s	0	sub-08/ses-02/eeg/sub-08_ses-02_task-MotorImageryRest_run-05_eeg.vhdr	feda00dfa1fd366a16731211c6747becd35fe427d0c2da361e405d6bad02dd78	True	unresolved	unresolved
sub-8	02	05	sub-8/ses-02/run-05/tsv-row-10	10	rest	1	68.236	5.0	17059	18309	sub-8/ses-02/eeg/sub-8_ses-02_task-imagery_run-05_eeg.edf	1250	True		sub-08	V	s	s	0	sub-08/ses-02/eeg/sub-08_ses-02_task-MotorImageryRest_run-05_eeg.vhdr	feda00dfa1fd366a16731211c6747becd35fe427d0c2da361e405d6bad02dd78	True	unresolved	unresolved
sub-8	02	05	sub-8/ses-02/run-05/tsv-row-11	11	right_hand	2	75.12	5.0	18780	20030	sub-8/ses-02/eeg/sub-8_ses-02_task-imagery_run-05_eeg.edf	1250	True		sub-08	V	s	s	0	sub-08/ses-02/eeg/sub-08_ses-02_task-MotorImageryRest_run-05_eeg.vhdr	feda00dfa1fd366a16731211c6747becd35fe427d0c2da361e405d6bad02dd78	True	unresolved	unresolved
sub-8	02	05	sub-8/ses-02/run-05/tsv-row-12	12	rest	1	82.008	5.0	20502	21752	sub-8/ses-02/eeg/sub-8_ses-02_task-imagery_run-05_eeg.edf	1250	True		sub-08	V	s	s	0	sub-08/ses-02/eeg/sub-08_ses-02_task-MotorImageryRest_run-05_eeg.vhdr	feda00dfa1fd366a16731211c6747becd35fe427d0c2da361e405d6bad02dd78	True	unresolved	unresolved
sub-8	02	05	sub-8/ses-02/run-05/tsv-row-13	13	rest	1	88.912	5.0	22228	23478	sub-8/ses-02/eeg/sub-8_ses-02_task-imagery_run-05_eeg.edf	1250	True		sub-08	V	s	s	0	sub-08/ses-02/eeg/sub-08_ses-02_task-MotorImageryRest_run-05_eeg.vhdr	feda00dfa1fd366a16731211c6747becd35fe427d0c2da361e405d6bad02dd78	True	unresolved	unresolved
sub-8	02	05	sub-8/ses-02/run-05/tsv-row-14	14	right_hand	2	95.796	5.0	23949	25199	sub-8/ses-02/eeg/sub-8_ses-02_task-imagery_run-05_eeg.edf	1250	True		sub-08	V	s	s	0	sub-08/ses-02/eeg/sub-08_ses-02_task-MotorImageryRest_run-05_eeg.vhdr	feda00dfa1fd366a16731211c6747becd35fe427d0c2da361e405d6bad02dd78	True	unresolved	unresolved
sub-8	02	05	sub-8/ses-02/run-05/tsv-row-15	15	right_hand	2	102.684	5.0	25671	26921	sub-8/ses-02/eeg/sub-8_ses-02_task-imagery_run-05_eeg.edf	1250	True		sub-08	V	s	s	0	sub-08/ses-02/eeg/sub-08_ses-02_task-MotorImageryRest_run-05_eeg.vhdr	feda00dfa1fd366a16731211c6747becd35fe427d0c2da361e405d6bad02dd78	True	unresolved	unresolved
sub-8	02	05	sub-8/ses-02/run-05/tsv-row-16	16	rest	1	109.556	5.0	27389	28639	sub-8/ses-02/eeg/sub-8_ses-02_task-imagery_run-05_eeg.edf	1250	True		sub-08	V	s	s	0	sub-08/ses-02/eeg/sub-08_ses-02_task-MotorImageryRest_run-05_eeg.vhdr	feda00dfa1fd366a16731211c6747becd35fe427d0c2da361e405d6bad02dd78	True	unresolved	unresolved
sub-8	02	05	sub-8/ses-02/run-05/tsv-row-17	17	rest	1	116.46	5.0	29115	30365	sub-8/ses-02/eeg/sub-8_ses-02_task-imagery_run-05_eeg.edf	1250	True		sub-08	V	s	s	0	sub-08/ses-02/eeg/sub-08_ses-02_task-MotorImageryRest_run-05_eeg.vhdr	feda00dfa1fd366a16731211c6747becd35fe427d0c2da361e405d6bad02dd78	True	unresolved	unresolved
sub-8	02	05	sub-8/ses-02/run-05/tsv-row-18	18	right_hand	2	123.344	5.0	30836	32086	sub-8/ses-02/eeg/sub-8_ses-02_task-imagery_run-05_eeg.edf	1250	True		sub-08	V	s	s	0	sub-08/ses-02/eeg/sub-08_ses-02_task-MotorImageryRest_run-05_eeg.vhdr	feda00dfa1fd366a16731211c6747becd35fe427d0c2da361e405d6bad02dd78	True	unresolved	unresolved
sub-8	02	05	sub-8/ses-02/run-05/tsv-row-19	19	rest	1	130.236	5.0	32559	33809	sub-8/ses-02/eeg/sub-8_ses-02_task-imagery_run-05_eeg.edf	1250	True		sub-08	V	s	s	0	sub-08/ses-02/eeg/sub-08_ses-02_task-MotorImageryRest_run-05_eeg.vhdr	feda00dfa1fd366a16731211c6747becd35fe427d0c2da361e405d6bad02dd78	True	unresolved	unresolved
sub-8	02	05	sub-8/ses-02/run-05/tsv-row-20	20	right_hand	2	137.104	5.0	34276	35526	sub-8/ses-02/eeg/sub-8_ses-02_task-imagery_run-05_eeg.edf	1250	True		sub-08	V	s	s	0	sub-08/ses-02/eeg/sub-08_ses-02_task-MotorImageryRest_run-05_eeg.vhdr	feda00dfa1fd366a16731211c6747becd35fe427d0c2da361e405d6bad02dd78	True	unresolved	unresolved
sub-8	02	05	sub-8/ses-02/run-05/tsv-row-21	21	rest	1	144.008	5.0	36002	37252	sub-8/ses-02/eeg/sub-8_ses-02_task-imagery_run-05_eeg.edf	1250	True		sub-08	V	s	s	0	sub-08/ses-02/eeg/sub-08_ses-02_task-MotorImageryRest_run-05_eeg.vhdr	feda00dfa1fd366a16731211c6747becd35fe427d0c2da361e405d6bad02dd78	True	unresolved	unresolved
sub-8	02	05	sub-8/ses-02/run-05/tsv-row-22	22	right_hand	2	150.892	5.0	37723	38973	sub-8/ses-02/eeg/sub-8_ses-02_task-imagery_run-05_eeg.edf	1250	True		sub-08	V	s	s	0	sub-08/ses-02/eeg/sub-08_ses-02_task-MotorImageryRest_run-05_eeg.vhdr	feda00dfa1fd366a16731211c6747becd35fe427d0c2da361e405d6bad02dd78	True	unresolved	unresolved
sub-8	02	05	sub-8/ses-02/run-05/tsv-row-23	23	right_hand	2	157.78	5.0	39445	40695	sub-8/ses-02/eeg/sub-8_ses-02_task-imagery_run-05_eeg.edf	1250	True		sub-08	V	s	s	0	sub-08/ses-02/eeg/sub-08_ses-02_task-MotorImageryRest_run-05_eeg.vhdr	feda00dfa1fd366a16731211c6747becd35fe427d0c2da361e405d6bad02dd78	True	unresolved	unresolved
sub-8	02	05	sub-8/ses-02/run-05/tsv-row-24	24	rest	1	164.668	5.0	41167	42417	sub-8/ses-02/eeg/sub-8_ses-02_task-imagery_run-05_eeg.edf	1250	True		sub-08	V	s	s	0	sub-08/ses-02/eeg/sub-08_ses-02_task-MotorImageryRest_run-05_eeg.vhdr	feda00dfa1fd366a16731211c6747becd35fe427d0c2da361e405d6bad02dd78	True	unresolved	unresolved
sub-8	02	05	sub-8/ses-02/run-05/tsv-row-25	25	rest	1	171.556	5.0	42889	44139	sub-8/ses-02/eeg/sub-8_ses-02_task-imagery_run-05_eeg.edf	1250	True		sub-08	V	s	s	0	sub-08/ses-02/eeg/sub-08_ses-02_task-MotorImageryRest_run-05_eeg.vhdr	feda00dfa1fd366a16731211c6747becd35fe427d0c2da361e405d6bad02dd78	True	unresolved	unresolved
sub-8	02	05	sub-8/ses-02/run-05/tsv-row-26	26	right_hand	2	178.44	5.0	44610	45860	sub-8/ses-02/eeg/sub-8_ses-02_task-imagery_run-05_eeg.edf	1250	True		sub-08	V	s	s	0	sub-08/ses-02/eeg/sub-08_ses-02_task-MotorImageryRest_run-05_eeg.vhdr	feda00dfa1fd366a16731211c6747becd35fe427d0c2da361e405d6bad02dd78	True	unresolved	unresolved
sub-8	02	05	sub-8/ses-02/run-05/tsv-row-27	27	right_hand	2	185.344	5.0	46336	47586	sub-8/ses-02/eeg/sub-8_ses-02_task-imagery_run-05_eeg.edf	1250	True		sub-08	V	s	s	0	sub-08/ses-02/eeg/sub-08_ses-02_task-MotorImageryRest_run-05_eeg.vhdr	feda00dfa1fd366a16731211c6747becd35fe427d0c2da361e405d6bad02dd78	True	unresolved	unresolved
sub-8	02	05	sub-8/ses-02/run-05/tsv-row-28	28	rest	1	192.216	5.0	48054	49304	sub-8/ses-02/eeg/sub-8_ses-02_task-imagery_run-05_eeg.edf	1250	True		sub-08	V	s	s	0	sub-08/ses-02/eeg/sub-08_ses-02_task-MotorImageryRest_run-05_eeg.vhdr	feda00dfa1fd366a16731211c6747becd35fe427d0c2da361e405d6bad02dd78	True	unresolved	unresolved
sub-8	02	05	sub-8/ses-02/run-05/tsv-row-29	29	right_hand	2	199.1	5.0	49775	51025	sub-8/ses-02/eeg/sub-8_ses-02_task-imagery_run-05_eeg.edf	1250	True		sub-08	V	s	s	0	sub-08/ses-02/eeg/sub-08_ses-02_task-MotorImageryRest_run-05_eeg.vhdr	feda00dfa1fd366a16731211c6747becd35fe427d0c2da361e405d6bad02dd78	True	unresolved	unresolved
sub-8	02	05	sub-8/ses-02/run-05/tsv-row-30	30	rest	1	206.004	5.0	51501	52751	sub-8/ses-02/eeg/sub-8_ses-02_task-imagery_run-05_eeg.edf	1250	True		sub-08	V	s	s	0	sub-08/ses-02/eeg/sub-08_ses-02_task-MotorImageryRest_run-05_eeg.vhdr	feda00dfa1fd366a16731211c6747becd35fe427d0c2da361e405d6bad02dd78	True	unresolved	unresolved
sub-8	02	05	sub-8/ses-02/run-05/tsv-row-31	31	right_hand	2	212.892	5.0	53223	54473	sub-8/ses-02/eeg/sub-8_ses-02_task-imagery_run-05_eeg.edf	1250	True		sub-08	V	s	s	0	sub-08/ses-02/eeg/sub-08_ses-02_task-MotorImageryRest_run-05_eeg.vhdr	feda00dfa1fd366a16731211c6747becd35fe427d0c2da361e405d6bad02dd78	True	unresolved	unresolved
sub-8	02	05	sub-8/ses-02/run-05/tsv-row-32	32	rest	1	219.764	5.0	54941	56191	sub-8/ses-02/eeg/sub-8_ses-02_task-imagery_run-05_eeg.edf	1250	True		sub-08	V	s	s	0	sub-08/ses-02/eeg/sub-08_ses-02_task-MotorImageryRest_run-05_eeg.vhdr	feda00dfa1fd366a16731211c6747becd35fe427d0c2da361e405d6bad02dd78	True	unresolved	unresolved
sub-8	02	06	sub-8/ses-02/run-06/tsv-row-1	1	rest	1	5.292	5.0	1323	2573	sub-8/ses-02/eeg/sub-8_ses-02_task-imagery_run-06_eeg.edf	1250	True		sub-08	V	s	s	0	sub-08/ses-02/eeg/sub-08_ses-02_task-MotorImageryRest_run-06_eeg.vhdr	9a2c93f4c2d965e60e740474bb97a0be1e81ea58c141c4fd5ecf09d4150ebdc1	True	unresolved	unresolved
sub-8	02	06	sub-8/ses-02/run-06/tsv-row-2	2	right_hand	2	12.18	5.0	3045	4295	sub-8/ses-02/eeg/sub-8_ses-02_task-imagery_run-06_eeg.edf	1250	True		sub-08	V	s	s	0	sub-08/ses-02/eeg/sub-08_ses-02_task-MotorImageryRest_run-06_eeg.vhdr	9a2c93f4c2d965e60e740474bb97a0be1e81ea58c141c4fd5ecf09d4150ebdc1	True	unresolved	unresolved
sub-8	02	06	sub-8/ses-02/run-06/tsv-row-3	3	rest	1	19.068	5.0	4767	6017	sub-8/ses-02/eeg/sub-8_ses-02_task-imagery_run-06_eeg.edf	1250	True		sub-08	V	s	s	0	sub-08/ses-02/eeg/sub-08_ses-02_task-MotorImageryRest_run-06_eeg.vhdr	9a2c93f4c2d965e60e740474bb97a0be1e81ea58c141c4fd5ecf09d4150ebdc1	True	unresolved	unresolved
sub-8	02	06	sub-8/ses-02/run-06/tsv-row-4	4	right_hand	2	25.952	5.0	6488	7738	sub-8/ses-02/eeg/sub-8_ses-02_task-imagery_run-06_eeg.edf	1250	True		sub-08	V	s	s	0	sub-08/ses-02/eeg/sub-08_ses-02_task-MotorImageryRest_run-06_eeg.vhdr	9a2c93f4c2d965e60e740474bb97a0be1e81ea58c141c4fd5ecf09d4150ebdc1	True	unresolved	unresolved
sub-8	02	06	sub-8/ses-02/run-06/tsv-row-5	5	rest	1	32.84	5.0	8210	9460	sub-8/ses-02/eeg/sub-8_ses-02_task-imagery_run-06_eeg.edf	1250	True		sub-08	V	s	s	0	sub-08/ses-02/eeg/sub-08_ses-02_task-MotorImageryRest_run-06_eeg.vhdr	9a2c93f4c2d965e60e740474bb97a0be1e81ea58c141c4fd5ecf09d4150ebdc1	True	unresolved	unresolved
sub-8	02	06	sub-8/ses-02/run-06/tsv-row-6	6	right_hand	2	39.724	5.0	9931	11181	sub-8/ses-02/eeg/sub-8_ses-02_task-imagery_run-06_eeg.edf	1250	True		sub-08	V	s	s	0	sub-08/ses-02/eeg/sub-08_ses-02_task-MotorImageryRest_run-06_eeg.vhdr	9a2c93f4c2d965e60e740474bb97a0be1e81ea58c141c4fd5ecf09d4150ebdc1	True	unresolved	unresolved
sub-8	02	06	sub-8/ses-02/run-06/tsv-row-7	7	rest	1	46.616	5.0	11654	12904	sub-8/ses-02/eeg/sub-8_ses-02_task-imagery_run-06_eeg.edf	1250	True		sub-08	V	s	s	0	sub-08/ses-02/eeg/sub-08_ses-02_task-MotorImageryRest_run-06_eeg.vhdr	9a2c93f4c2d965e60e740474bb97a0be1e81ea58c141c4fd5ecf09d4150ebdc1	True	unresolved	unresolved
sub-8	02	06	sub-8/ses-02/run-06/tsv-row-8	8	right_hand	2	53.5	5.0	13375	14625	sub-8/ses-02/eeg/sub-8_ses-02_task-imagery_run-06_eeg.edf	1250	True		sub-08	V	s	s	0	sub-08/ses-02/eeg/sub-08_ses-02_task-MotorImageryRest_run-06_eeg.vhdr	9a2c93f4c2d965e60e740474bb97a0be1e81ea58c141c4fd5ecf09d4150ebdc1	True	unresolved	unresolved
sub-8	02	06	sub-8/ses-02/run-06/tsv-row-9	9	right_hand	2	60.404	5.0	15101	16351	sub-8/ses-02/eeg/sub-8_ses-02_task-imagery_run-06_eeg.edf	1250	True		sub-08	V	s	s	0	sub-08/ses-02/eeg/sub-08_ses-02_task-MotorImageryRest_run-06_eeg.vhdr	9a2c93f4c2d965e60e740474bb97a0be1e81ea58c141c4fd5ecf09d4150ebdc1	True	unresolved	unresolved
sub-8	02	06	sub-8/ses-02/run-06/tsv-row-10	10	rest	1	67.292	5.0	16823	18073	sub-8/ses-02/eeg/sub-8_ses-02_task-imagery_run-06_eeg.edf	1250	True		sub-08	V	s	s	0	sub-08/ses-02/eeg/sub-08_ses-02_task-MotorImageryRest_run-06_eeg.vhdr	9a2c93f4c2d965e60e740474bb97a0be1e81ea58c141c4fd5ecf09d4150ebdc1	True	unresolved	unresolved
sub-8	02	06	sub-8/ses-02/run-06/tsv-row-11	11	right_hand	2	74.16	5.0	18540	19790	sub-8/ses-02/eeg/sub-8_ses-02_task-imagery_run-06_eeg.edf	1250	True		sub-08	V	s	s	0	sub-08/ses-02/eeg/sub-08_ses-02_task-MotorImageryRest_run-06_eeg.vhdr	9a2c93f4c2d965e60e740474bb97a0be1e81ea58c141c4fd5ecf09d4150ebdc1	True	unresolved	unresolved
sub-8	02	06	sub-8/ses-02/run-06/tsv-row-12	12	rest	1	81.048	5.0	20262	21512	sub-8/ses-02/eeg/sub-8_ses-02_task-imagery_run-06_eeg.edf	1250	True		sub-08	V	s	s	0	sub-08/ses-02/eeg/sub-08_ses-02_task-MotorImageryRest_run-06_eeg.vhdr	9a2c93f4c2d965e60e740474bb97a0be1e81ea58c141c4fd5ecf09d4150ebdc1	True	unresolved	unresolved
sub-8	02	06	sub-8/ses-02/run-06/tsv-row-13	13	rest	1	87.952	5.0	21988	23238	sub-8/ses-02/eeg/sub-8_ses-02_task-imagery_run-06_eeg.edf	1250	True		sub-08	V	s	s	0	sub-08/ses-02/eeg/sub-08_ses-02_task-MotorImageryRest_run-06_eeg.vhdr	9a2c93f4c2d965e60e740474bb97a0be1e81ea58c141c4fd5ecf09d4150ebdc1	True	unresolved	unresolved
sub-8	02	06	sub-8/ses-02/run-06/tsv-row-14	14	right_hand	2	94.836	5.0	23709	24959	sub-8/ses-02/eeg/sub-8_ses-02_task-imagery_run-06_eeg.edf	1250	True		sub-08	V	s	s	0	sub-08/ses-02/eeg/sub-08_ses-02_task-MotorImageryRest_run-06_eeg.vhdr	9a2c93f4c2d965e60e740474bb97a0be1e81ea58c141c4fd5ecf09d4150ebdc1	True	unresolved	unresolved
sub-8	02	06	sub-8/ses-02/run-06/tsv-row-15	15	right_hand	2	101.724	5.0	25431	26681	sub-8/ses-02/eeg/sub-8_ses-02_task-imagery_run-06_eeg.edf	1250	True		sub-08	V	s	s	0	sub-08/ses-02/eeg/sub-08_ses-02_task-MotorImageryRest_run-06_eeg.vhdr	9a2c93f4c2d965e60e740474bb97a0be1e81ea58c141c4fd5ecf09d4150ebdc1	True	unresolved	unresolved
sub-8	02	06	sub-8/ses-02/run-06/tsv-row-16	16	rest	1	108.612	5.0	27153	28403	sub-8/ses-02/eeg/sub-8_ses-02_task-imagery_run-06_eeg.edf	1250	True		sub-08	V	s	s	0	sub-08/ses-02/eeg/sub-08_ses-02_task-MotorImageryRest_run-06_eeg.vhdr	9a2c93f4c2d965e60e740474bb97a0be1e81ea58c141c4fd5ecf09d4150ebdc1	True	unresolved	unresolved
sub-8	02	06	sub-8/ses-02/run-06/tsv-row-17	17	right_hand	2	115.496	5.0	28874	30124	sub-8/ses-02/eeg/sub-8_ses-02_task-imagery_run-06_eeg.edf	1250	True		sub-08	V	s	s	0	sub-08/ses-02/eeg/sub-08_ses-02_task-MotorImageryRest_run-06_eeg.vhdr	9a2c93f4c2d965e60e740474bb97a0be1e81ea58c141c4fd5ecf09d4150ebdc1	True	unresolved	unresolved
sub-8	02	06	sub-8/ses-02/run-06/tsv-row-18	18	rest	1	122.388	5.0	30597	31847	sub-8/ses-02/eeg/sub-8_ses-02_task-imagery_run-06_eeg.edf	1250	True		sub-08	V	s	s	0	sub-08/ses-02/eeg/sub-08_ses-02_task-MotorImageryRest_run-06_eeg.vhdr	9a2c93f4c2d965e60e740474bb97a0be1e81ea58c141c4fd5ecf09d4150ebdc1	True	unresolved	unresolved
sub-8	02	06	sub-8/ses-02/run-06/tsv-row-19	19	rest	1	129.288	5.0	32322	33572	sub-8/ses-02/eeg/sub-8_ses-02_task-imagery_run-06_eeg.edf	1250	True		sub-08	V	s	s	0	sub-08/ses-02/eeg/sub-08_ses-02_task-MotorImageryRest_run-06_eeg.vhdr	9a2c93f4c2d965e60e740474bb97a0be1e81ea58c141c4fd5ecf09d4150ebdc1	True	unresolved	unresolved
sub-8	02	06	sub-8/ses-02/run-06/tsv-row-20	20	right_hand	2	136.156	5.0	34039	35289	sub-8/ses-02/eeg/sub-8_ses-02_task-imagery_run-06_eeg.edf	1250	True		sub-08	V	s	s	0	sub-08/ses-02/eeg/sub-08_ses-02_task-MotorImageryRest_run-06_eeg.vhdr	9a2c93f4c2d965e60e740474bb97a0be1e81ea58c141c4fd5ecf09d4150ebdc1	True	unresolved	unresolved
sub-8	02	06	sub-8/ses-02/run-06/tsv-row-21	21	rest	1	143.048	5.0	35762	37012	sub-8/ses-02/eeg/sub-8_ses-02_task-imagery_run-06_eeg.edf	1250	True		sub-08	V	s	s	0	sub-08/ses-02/eeg/sub-08_ses-02_task-MotorImageryRest_run-06_eeg.vhdr	9a2c93f4c2d965e60e740474bb97a0be1e81ea58c141c4fd5ecf09d4150ebdc1	True	unresolved	unresolved
sub-8	02	06	sub-8/ses-02/run-06/tsv-row-22	22	right_hand	2	149.948	5.0	37487	38737	sub-8/ses-02/eeg/sub-8_ses-02_task-imagery_run-06_eeg.edf	1250	True		sub-08	V	s	s	0	sub-08/ses-02/eeg/sub-08_ses-02_task-MotorImageryRest_run-06_eeg.vhdr	9a2c93f4c2d965e60e740474bb97a0be1e81ea58c141c4fd5ecf09d4150ebdc1	True	unresolved	unresolved
sub-8	02	06	sub-8/ses-02/run-06/tsv-row-23	23	right_hand	2	156.82	5.0	39205	40455	sub-8/ses-02/eeg/sub-8_ses-02_task-imagery_run-06_eeg.edf	1250	True		sub-08	V	s	s	0	sub-08/ses-02/eeg/sub-08_ses-02_task-MotorImageryRest_run-06_eeg.vhdr	9a2c93f4c2d965e60e740474bb97a0be1e81ea58c141c4fd5ecf09d4150ebdc1	True	unresolved	unresolved
sub-8	02	06	sub-8/ses-02/run-06/tsv-row-24	24	rest	1	163.708	5.0	40927	42177	sub-8/ses-02/eeg/sub-8_ses-02_task-imagery_run-06_eeg.edf	1250	True		sub-08	V	s	s	0	sub-08/ses-02/eeg/sub-08_ses-02_task-MotorImageryRest_run-06_eeg.vhdr	9a2c93f4c2d965e60e740474bb97a0be1e81ea58c141c4fd5ecf09d4150ebdc1	True	unresolved	unresolved
sub-8	02	06	sub-8/ses-02/run-06/tsv-row-25	25	right_hand	2	170.608	5.0	42652	43902	sub-8/ses-02/eeg/sub-8_ses-02_task-imagery_run-06_eeg.edf	1250	True		sub-08	V	s	s	0	sub-08/ses-02/eeg/sub-08_ses-02_task-MotorImageryRest_run-06_eeg.vhdr	9a2c93f4c2d965e60e740474bb97a0be1e81ea58c141c4fd5ecf09d4150ebdc1	True	unresolved	unresolved
sub-8	02	06	sub-8/ses-02/run-06/tsv-row-26	26	rest	1	177.496	5.0	44374	45624	sub-8/ses-02/eeg/sub-8_ses-02_task-imagery_run-06_eeg.edf	1250	True		sub-08	V	s	s	0	sub-08/ses-02/eeg/sub-08_ses-02_task-MotorImageryRest_run-06_eeg.vhdr	9a2c93f4c2d965e60e740474bb97a0be1e81ea58c141c4fd5ecf09d4150ebdc1	True	unresolved	unresolved
sub-8	02	06	sub-8/ses-02/run-06/tsv-row-27	27	right_hand	2	184.364	5.0	46091	47341	sub-8/ses-02/eeg/sub-8_ses-02_task-imagery_run-06_eeg.edf	1250	True		sub-08	V	s	s	0	sub-08/ses-02/eeg/sub-08_ses-02_task-MotorImageryRest_run-06_eeg.vhdr	9a2c93f4c2d965e60e740474bb97a0be1e81ea58c141c4fd5ecf09d4150ebdc1	True	unresolved	unresolved
sub-8	02	06	sub-8/ses-02/run-06/tsv-row-28	28	rest	1	191.256	5.0	47814	49064	sub-8/ses-02/eeg/sub-8_ses-02_task-imagery_run-06_eeg.edf	1250	True		sub-08	V	s	s	0	sub-08/ses-02/eeg/sub-08_ses-02_task-MotorImageryRest_run-06_eeg.vhdr	9a2c93f4c2d965e60e740474bb97a0be1e81ea58c141c4fd5ecf09d4150ebdc1	True	unresolved	unresolved
sub-8	02	06	sub-8/ses-02/run-06/tsv-row-29	29	right_hand	2	198.156	5.0	49539	50789	sub-8/ses-02/eeg/sub-8_ses-02_task-imagery_run-06_eeg.edf	1250	True		sub-08	V	s	s	0	sub-08/ses-02/eeg/sub-08_ses-02_task-MotorImageryRest_run-06_eeg.vhdr	9a2c93f4c2d965e60e740474bb97a0be1e81ea58c141c4fd5ecf09d4150ebdc1	True	unresolved	unresolved
sub-8	02	06	sub-8/ses-02/run-06/tsv-row-30	30	rest	1	205.044	5.0	51261	52511	sub-8/ses-02/eeg/sub-8_ses-02_task-imagery_run-06_eeg.edf	1250	True		sub-08	V	s	s	0	sub-08/ses-02/eeg/sub-08_ses-02_task-MotorImageryRest_run-06_eeg.vhdr	9a2c93f4c2d965e60e740474bb97a0be1e81ea58c141c4fd5ecf09d4150ebdc1	True	unresolved	unresolved
sub-8	02	06	sub-8/ses-02/run-06/tsv-row-31	31	rest	1	211.916	5.0	52979	54229	sub-8/ses-02/eeg/sub-8_ses-02_task-imagery_run-06_eeg.edf	1250	True		sub-08	V	s	s	0	sub-08/ses-02/eeg/sub-08_ses-02_task-MotorImageryRest_run-06_eeg.vhdr	9a2c93f4c2d965e60e740474bb97a0be1e81ea58c141c4fd5ecf09d4150ebdc1	True	unresolved	unresolved
sub-8	02	06	sub-8/ses-02/run-06/tsv-row-32	32	right_hand	2	218.816	5.0	54704	55954	sub-8/ses-02/eeg/sub-8_ses-02_task-imagery_run-06_eeg.edf	1250	True		sub-08	V	s	s	0	sub-08/ses-02/eeg/sub-08_ses-02_task-MotorImageryRest_run-06_eeg.vhdr	9a2c93f4c2d965e60e740474bb97a0be1e81ea58c141c4fd5ecf09d4150ebdc1	True	unresolved	unresolved
sub-8	03	01	sub-8/ses-03/run-01/tsv-row-1	1	rest	1	7.248	5.0	1812	3062	sub-8/ses-03/eeg/sub-8_ses-03_task-imagery_run-01_eeg.edf	1250	True		sub-08	V	s	s	0	sub-08/ses-03/eeg/sub-08_ses-03_task-MotorImageryRest_run-01_eeg.vhdr	7f563d577dbd20e6a131810623b87304fefc7513a2be38c98c2da20e296b8fe7	True	unresolved	unresolved
sub-8	03	01	sub-8/ses-03/run-01/tsv-row-2	2	right_hand	2	14.136	5.0	3534	4784	sub-8/ses-03/eeg/sub-8_ses-03_task-imagery_run-01_eeg.edf	1250	True		sub-08	V	s	s	0	sub-08/ses-03/eeg/sub-08_ses-03_task-MotorImageryRest_run-01_eeg.vhdr	7f563d577dbd20e6a131810623b87304fefc7513a2be38c98c2da20e296b8fe7	True	unresolved	unresolved
sub-8	03	01	sub-8/ses-03/run-01/tsv-row-3	3	rest	1	21.024	5.0	5256	6506	sub-8/ses-03/eeg/sub-8_ses-03_task-imagery_run-01_eeg.edf	1250	True		sub-08	V	s	s	0	sub-08/ses-03/eeg/sub-08_ses-03_task-MotorImageryRest_run-01_eeg.vhdr	7f563d577dbd20e6a131810623b87304fefc7513a2be38c98c2da20e296b8fe7	True	unresolved	unresolved
sub-8	03	01	sub-8/ses-03/run-01/tsv-row-4	4	right_hand	2	27.908	5.0	6977	8227	sub-8/ses-03/eeg/sub-8_ses-03_task-imagery_run-01_eeg.edf	1250	True		sub-08	V	s	s	0	sub-08/ses-03/eeg/sub-08_ses-03_task-MotorImageryRest_run-01_eeg.vhdr	7f563d577dbd20e6a131810623b87304fefc7513a2be38c98c2da20e296b8fe7	True	unresolved	unresolved
sub-8	03	01	sub-8/ses-03/run-01/tsv-row-5	5	rest	1	34.8	5.0	8700	9950	sub-8/ses-03/eeg/sub-8_ses-03_task-imagery_run-01_eeg.edf	1250	True		sub-08	V	s	s	0	sub-08/ses-03/eeg/sub-08_ses-03_task-MotorImageryRest_run-01_eeg.vhdr	7f563d577dbd20e6a131810623b87304fefc7513a2be38c98c2da20e296b8fe7	True	unresolved	unresolved
sub-8	03	01	sub-8/ses-03/run-01/tsv-row-6	6	right_hand	2	41.7	5.0	10425	11675	sub-8/ses-03/eeg/sub-8_ses-03_task-imagery_run-01_eeg.edf	1250	True		sub-08	V	s	s	0	sub-08/ses-03/eeg/sub-08_ses-03_task-MotorImageryRest_run-01_eeg.vhdr	7f563d577dbd20e6a131810623b87304fefc7513a2be38c98c2da20e296b8fe7	True	unresolved	unresolved
sub-8	03	01	sub-8/ses-03/run-01/tsv-row-7	7	right_hand	2	48.588	5.0	12147	13397	sub-8/ses-03/eeg/sub-8_ses-03_task-imagery_run-01_eeg.edf	1250	True		sub-08	V	s	s	0	sub-08/ses-03/eeg/sub-08_ses-03_task-MotorImageryRest_run-01_eeg.vhdr	7f563d577dbd20e6a131810623b87304fefc7513a2be38c98c2da20e296b8fe7	True	unresolved	unresolved
sub-8	03	01	sub-8/ses-03/run-01/tsv-row-8	8	rest	1	55.46	5.0	13865	15115	sub-8/ses-03/eeg/sub-8_ses-03_task-imagery_run-01_eeg.edf	1250	True		sub-08	V	s	s	0	sub-08/ses-03/eeg/sub-08_ses-03_task-MotorImageryRest_run-01_eeg.vhdr	7f563d577dbd20e6a131810623b87304fefc7513a2be38c98c2da20e296b8fe7	True	unresolved	unresolved
sub-8	03	01	sub-8/ses-03/run-01/tsv-row-9	9	rest	1	62.364	5.0	15591	16841	sub-8/ses-03/eeg/sub-8_ses-03_task-imagery_run-01_eeg.edf	1250	True		sub-08	V	s	s	0	sub-08/ses-03/eeg/sub-08_ses-03_task-MotorImageryRest_run-01_eeg.vhdr	7f563d577dbd20e6a131810623b87304fefc7513a2be38c98c2da20e296b8fe7	True	unresolved	unresolved
sub-8	03	01	sub-8/ses-03/run-01/tsv-row-10	10	right_hand	2	69.248	5.0	17312	18562	sub-8/ses-03/eeg/sub-8_ses-03_task-imagery_run-01_eeg.edf	1250	True		sub-08	V	s	s	0	sub-08/ses-03/eeg/sub-08_ses-03_task-MotorImageryRest_run-01_eeg.vhdr	7f563d577dbd20e6a131810623b87304fefc7513a2be38c98c2da20e296b8fe7	True	unresolved	unresolved
sub-8	03	01	sub-8/ses-03/run-01/tsv-row-11	11	rest	1	76.12	5.0	19030	20280	sub-8/ses-03/eeg/sub-8_ses-03_task-imagery_run-01_eeg.edf	1250	True		sub-08	V	s	s	0	sub-08/ses-03/eeg/sub-08_ses-03_task-MotorImageryRest_run-01_eeg.vhdr	7f563d577dbd20e6a131810623b87304fefc7513a2be38c98c2da20e296b8fe7	True	unresolved	unresolved
sub-8	03	01	sub-8/ses-03/run-01/tsv-row-12	12	right_hand	2	83.02	5.0	20755	22005	sub-8/ses-03/eeg/sub-8_ses-03_task-imagery_run-01_eeg.edf	1250	True		sub-08	V	s	s	0	sub-08/ses-03/eeg/sub-08_ses-03_task-MotorImageryRest_run-01_eeg.vhdr	7f563d577dbd20e6a131810623b87304fefc7513a2be38c98c2da20e296b8fe7	True	unresolved	unresolved
sub-8	03	01	sub-8/ses-03/run-01/tsv-row-13	13	rest	1	89.912	5.0	22478	23728	sub-8/ses-03/eeg/sub-8_ses-03_task-imagery_run-01_eeg.edf	1250	True		sub-08	V	s	s	0	sub-08/ses-03/eeg/sub-08_ses-03_task-MotorImageryRest_run-01_eeg.vhdr	7f563d577dbd20e6a131810623b87304fefc7513a2be38c98c2da20e296b8fe7	True	unresolved	unresolved
sub-8	03	01	sub-8/ses-03/run-01/tsv-row-14	14	right_hand	2	96.796	5.0	24199	25449	sub-8/ses-03/eeg/sub-8_ses-03_task-imagery_run-01_eeg.edf	1250	True		sub-08	V	s	s	0	sub-08/ses-03/eeg/sub-08_ses-03_task-MotorImageryRest_run-01_eeg.vhdr	7f563d577dbd20e6a131810623b87304fefc7513a2be38c98c2da20e296b8fe7	True	unresolved	unresolved
sub-8	03	01	sub-8/ses-03/run-01/tsv-row-15	15	right_hand	2	103.68	5.0	25920	27170	sub-8/ses-03/eeg/sub-8_ses-03_task-imagery_run-01_eeg.edf	1250	True		sub-08	V	s	s	0	sub-08/ses-03/eeg/sub-08_ses-03_task-MotorImageryRest_run-01_eeg.vhdr	7f563d577dbd20e6a131810623b87304fefc7513a2be38c98c2da20e296b8fe7	True	unresolved	unresolved
sub-8	03	01	sub-8/ses-03/run-01/tsv-row-16	16	rest	1	110.572	5.0	27643	28893	sub-8/ses-03/eeg/sub-8_ses-03_task-imagery_run-01_eeg.edf	1250	True		sub-08	V	s	s	0	sub-08/ses-03/eeg/sub-08_ses-03_task-MotorImageryRest_run-01_eeg.vhdr	7f563d577dbd20e6a131810623b87304fefc7513a2be38c98c2da20e296b8fe7	True	unresolved	unresolved
sub-8	03	01	sub-8/ses-03/run-01/tsv-row-17	17	rest	1	117.476	5.0	29369	30619	sub-8/ses-03/eeg/sub-8_ses-03_task-imagery_run-01_eeg.edf	1250	True		sub-08	V	s	s	0	sub-08/ses-03/eeg/sub-08_ses-03_task-MotorImageryRest_run-01_eeg.vhdr	7f563d577dbd20e6a131810623b87304fefc7513a2be38c98c2da20e296b8fe7	True	unresolved	unresolved
sub-8	03	01	sub-8/ses-03/run-01/tsv-row-18	18	right_hand	2	124.36	5.0	31090	32340	sub-8/ses-03/eeg/sub-8_ses-03_task-imagery_run-01_eeg.edf	1250	True		sub-08	V	s	s	0	sub-08/ses-03/eeg/sub-08_ses-03_task-MotorImageryRest_run-01_eeg.vhdr	7f563d577dbd20e6a131810623b87304fefc7513a2be38c98c2da20e296b8fe7	True	unresolved	unresolved
sub-8	03	01	sub-8/ses-03/run-01/tsv-row-19	19	right_hand	2	131.244	5.0	32811	34061	sub-8/ses-03/eeg/sub-8_ses-03_task-imagery_run-01_eeg.edf	1250	True		sub-08	V	s	s	0	sub-08/ses-03/eeg/sub-08_ses-03_task-MotorImageryRest_run-01_eeg.vhdr	7f563d577dbd20e6a131810623b87304fefc7513a2be38c98c2da20e296b8fe7	True	unresolved	unresolved
sub-8	03	01	sub-8/ses-03/run-01/tsv-row-20	20	rest	1	138.116	5.0	34529	35779	sub-8/ses-03/eeg/sub-8_ses-03_task-imagery_run-01_eeg.edf	1250	True		sub-08	V	s	s	0	sub-08/ses-03/eeg/sub-08_ses-03_task-MotorImageryRest_run-01_eeg.vhdr	7f563d577dbd20e6a131810623b87304fefc7513a2be38c98c2da20e296b8fe7	True	unresolved	unresolved
sub-8	03	01	sub-8/ses-03/run-01/tsv-row-21	21	rest	1	145.004	5.0	36251	37501	sub-8/ses-03/eeg/sub-8_ses-03_task-imagery_run-01_eeg.edf	1250	True		sub-08	V	s	s	0	sub-08/ses-03/eeg/sub-08_ses-03_task-MotorImageryRest_run-01_eeg.vhdr	7f563d577dbd20e6a131810623b87304fefc7513a2be38c98c2da20e296b8fe7	True	unresolved	unresolved
sub-8	03	01	sub-8/ses-03/run-01/tsv-row-22	22	right_hand	2	151.904	5.0	37976	39226	sub-8/ses-03/eeg/sub-8_ses-03_task-imagery_run-01_eeg.edf	1250	True		sub-08	V	s	s	0	sub-08/ses-03/eeg/sub-08_ses-03_task-MotorImageryRest_run-01_eeg.vhdr	7f563d577dbd20e6a131810623b87304fefc7513a2be38c98c2da20e296b8fe7	True	unresolved	unresolved
sub-8	03	01	sub-8/ses-03/run-01/tsv-row-23	23	rest	1	158.78	5.0	39695	40945	sub-8/ses-03/eeg/sub-8_ses-03_task-imagery_run-01_eeg.edf	1250	True		sub-08	V	s	s	0	sub-08/ses-03/eeg/sub-08_ses-03_task-MotorImageryRest_run-01_eeg.vhdr	7f563d577dbd20e6a131810623b87304fefc7513a2be38c98c2da20e296b8fe7	True	unresolved	unresolved
sub-8	03	01	sub-8/ses-03/run-01/tsv-row-24	24	right_hand	2	165.664	5.0	41416	42666	sub-8/ses-03/eeg/sub-8_ses-03_task-imagery_run-01_eeg.edf	1250	True		sub-08	V	s	s	0	sub-08/ses-03/eeg/sub-08_ses-03_task-MotorImageryRest_run-01_eeg.vhdr	7f563d577dbd20e6a131810623b87304fefc7513a2be38c98c2da20e296b8fe7	True	unresolved	unresolved
sub-8	03	01	sub-8/ses-03/run-01/tsv-row-25	25	rest	1	172.568	5.0	43142	44392	sub-8/ses-03/eeg/sub-8_ses-03_task-imagery_run-01_eeg.edf	1250	True		sub-08	V	s	s	0	sub-08/ses-03/eeg/sub-08_ses-03_task-MotorImageryRest_run-01_eeg.vhdr	7f563d577dbd20e6a131810623b87304fefc7513a2be38c98c2da20e296b8fe7	True	unresolved	unresolved
sub-8	03	01	sub-8/ses-03/run-01/tsv-row-26	26	right_hand	2	179.452	5.0	44863	46113	sub-8/ses-03/eeg/sub-8_ses-03_task-imagery_run-01_eeg.edf	1250	True		sub-08	V	s	s	0	sub-08/ses-03/eeg/sub-08_ses-03_task-MotorImageryRest_run-01_eeg.vhdr	7f563d577dbd20e6a131810623b87304fefc7513a2be38c98c2da20e296b8fe7	True	unresolved	unresolved
sub-8	03	01	sub-8/ses-03/run-01/tsv-row-27	27	rest	1	186.324	5.0	46581	47831	sub-8/ses-03/eeg/sub-8_ses-03_task-imagery_run-01_eeg.edf	1250	True		sub-08	V	s	s	0	sub-08/ses-03/eeg/sub-08_ses-03_task-MotorImageryRest_run-01_eeg.vhdr	7f563d577dbd20e6a131810623b87304fefc7513a2be38c98c2da20e296b8fe7	True	unresolved	unresolved
sub-8	03	01	sub-8/ses-03/run-01/tsv-row-28	28	right_hand	2	193.228	5.0	48307	49557	sub-8/ses-03/eeg/sub-8_ses-03_task-imagery_run-01_eeg.edf	1250	True		sub-08	V	s	s	0	sub-08/ses-03/eeg/sub-08_ses-03_task-MotorImageryRest_run-01_eeg.vhdr	7f563d577dbd20e6a131810623b87304fefc7513a2be38c98c2da20e296b8fe7	True	unresolved	unresolved
sub-8	03	01	sub-8/ses-03/run-01/tsv-row-29	29	right_hand	2	200.112	5.0	50028	51278	sub-8/ses-03/eeg/sub-8_ses-03_task-imagery_run-01_eeg.edf	1250	True		sub-08	V	s	s	0	sub-08/ses-03/eeg/sub-08_ses-03_task-MotorImageryRest_run-01_eeg.vhdr	7f563d577dbd20e6a131810623b87304fefc7513a2be38c98c2da20e296b8fe7	True	unresolved	unresolved
sub-8	03	01	sub-8/ses-03/run-01/tsv-row-30	30	rest	1	207.004	5.0	51751	53001	sub-8/ses-03/eeg/sub-8_ses-03_task-imagery_run-01_eeg.edf	1250	True		sub-08	V	s	s	0	sub-08/ses-03/eeg/sub-08_ses-03_task-MotorImageryRest_run-01_eeg.vhdr	7f563d577dbd20e6a131810623b87304fefc7513a2be38c98c2da20e296b8fe7	True	unresolved	unresolved
sub-8	03	01	sub-8/ses-03/run-01/tsv-row-31	31	right_hand	2	213.888	5.0	53472	54722	sub-8/ses-03/eeg/sub-8_ses-03_task-imagery_run-01_eeg.edf	1250	True		sub-08	V	s	s	0	sub-08/ses-03/eeg/sub-08_ses-03_task-MotorImageryRest_run-01_eeg.vhdr	7f563d577dbd20e6a131810623b87304fefc7513a2be38c98c2da20e296b8fe7	True	unresolved	unresolved
sub-8	03	01	sub-8/ses-03/run-01/tsv-row-32	32	rest	1	220.776	5.0	55194	56444	sub-8/ses-03/eeg/sub-8_ses-03_task-imagery_run-01_eeg.edf	1250	True		sub-08	V	s	s	0	sub-08/ses-03/eeg/sub-08_ses-03_task-MotorImageryRest_run-01_eeg.vhdr	7f563d577dbd20e6a131810623b87304fefc7513a2be38c98c2da20e296b8fe7	True	unresolved	unresolved
sub-8	03	02	sub-8/ses-03/run-02/tsv-row-1	1	right_hand	2	5.268	5.0	1317	2567	sub-8/ses-03/eeg/sub-8_ses-03_task-imagery_run-02_eeg.edf	1250	True		sub-08	V	s	s	0	sub-08/ses-03/eeg/sub-08_ses-03_task-MotorImageryRest_run-02_eeg.vhdr	126fdb8a54859c9c35b3e41f3954df650a6580cfb00e728fb0cbab6ea833b050	True	unresolved	unresolved
sub-8	03	02	sub-8/ses-03/run-02/tsv-row-2	2	rest	1	12.16	5.0	3040	4290	sub-8/ses-03/eeg/sub-8_ses-03_task-imagery_run-02_eeg.edf	1250	True		sub-08	V	s	s	0	sub-08/ses-03/eeg/sub-08_ses-03_task-MotorImageryRest_run-02_eeg.vhdr	126fdb8a54859c9c35b3e41f3954df650a6580cfb00e728fb0cbab6ea833b050	True	unresolved	unresolved
sub-8	03	02	sub-8/ses-03/run-02/tsv-row-3	3	right_hand	2	19.028	5.0	4757	6007	sub-8/ses-03/eeg/sub-8_ses-03_task-imagery_run-02_eeg.edf	1250	True		sub-08	V	s	s	0	sub-08/ses-03/eeg/sub-08_ses-03_task-MotorImageryRest_run-02_eeg.vhdr	126fdb8a54859c9c35b3e41f3954df650a6580cfb00e728fb0cbab6ea833b050	True	unresolved	unresolved
sub-8	03	02	sub-8/ses-03/run-02/tsv-row-4	4	rest	1	25.92	5.0	6480	7730	sub-8/ses-03/eeg/sub-8_ses-03_task-imagery_run-02_eeg.edf	1250	True		sub-08	V	s	s	0	sub-08/ses-03/eeg/sub-08_ses-03_task-MotorImageryRest_run-02_eeg.vhdr	126fdb8a54859c9c35b3e41f3954df650a6580cfb00e728fb0cbab6ea833b050	True	unresolved	unresolved
sub-8	03	02	sub-8/ses-03/run-02/tsv-row-5	5	rest	1	32.824	5.0	8206	9456	sub-8/ses-03/eeg/sub-8_ses-03_task-imagery_run-02_eeg.edf	1250	True		sub-08	V	s	s	0	sub-08/ses-03/eeg/sub-08_ses-03_task-MotorImageryRest_run-02_eeg.vhdr	126fdb8a54859c9c35b3e41f3954df650a6580cfb00e728fb0cbab6ea833b050	True	unresolved	unresolved
sub-8	03	02	sub-8/ses-03/run-02/tsv-row-6	6	right_hand	2	39.708	5.0	9927	11177	sub-8/ses-03/eeg/sub-8_ses-03_task-imagery_run-02_eeg.edf	1250	True		sub-08	V	s	s	0	sub-08/ses-03/eeg/sub-08_ses-03_task-MotorImageryRest_run-02_eeg.vhdr	126fdb8a54859c9c35b3e41f3954df650a6580cfb00e728fb0cbab6ea833b050	True	unresolved	unresolved
sub-8	03	02	sub-8/ses-03/run-02/tsv-row-7	7	right_hand	2	46.592	5.0	11648	12898	sub-8/ses-03/eeg/sub-8_ses-03_task-imagery_run-02_eeg.edf	1250	True		sub-08	V	s	s	0	sub-08/ses-03/eeg/sub-08_ses-03_task-MotorImageryRest_run-02_eeg.vhdr	126fdb8a54859c9c35b3e41f3954df650a6580cfb00e728fb0cbab6ea833b050	True	unresolved	unresolved
sub-8	03	02	sub-8/ses-03/run-02/tsv-row-8	8	rest	1	53.484	5.0	13371	14621	sub-8/ses-03/eeg/sub-8_ses-03_task-imagery_run-02_eeg.edf	1250	True		sub-08	V	s	s	0	sub-08/ses-03/eeg/sub-08_ses-03_task-MotorImageryRest_run-02_eeg.vhdr	126fdb8a54859c9c35b3e41f3954df650a6580cfb00e728fb0cbab6ea833b050	True	unresolved	unresolved
sub-8	03	02	sub-8/ses-03/run-02/tsv-row-9	9	right_hand	2	60.368	5.0	15092	16342	sub-8/ses-03/eeg/sub-8_ses-03_task-imagery_run-02_eeg.edf	1250	True		sub-08	V	s	s	0	sub-08/ses-03/eeg/sub-08_ses-03_task-MotorImageryRest_run-02_eeg.vhdr	126fdb8a54859c9c35b3e41f3954df650a6580cfb00e728fb0cbab6ea833b050	True	unresolved	unresolved
sub-8	03	02	sub-8/ses-03/run-02/tsv-row-10	10	rest	1	67.256	5.0	16814	18064	sub-8/ses-03/eeg/sub-8_ses-03_task-imagery_run-02_eeg.edf	1250	True		sub-08	V	s	s	0	sub-08/ses-03/eeg/sub-08_ses-03_task-MotorImageryRest_run-02_eeg.vhdr	126fdb8a54859c9c35b3e41f3954df650a6580cfb00e728fb0cbab6ea833b050	True	unresolved	unresolved
sub-8	03	02	sub-8/ses-03/run-02/tsv-row-11	11	right_hand	2	74.14	5.0	18535	19785	sub-8/ses-03/eeg/sub-8_ses-03_task-imagery_run-02_eeg.edf	1250	True		sub-08	V	s	s	0	sub-08/ses-03/eeg/sub-08_ses-03_task-MotorImageryRest_run-02_eeg.vhdr	126fdb8a54859c9c35b3e41f3954df650a6580cfb00e728fb0cbab6ea833b050	True	unresolved	unresolved
sub-8	03	02	sub-8/ses-03/run-02/tsv-row-12	12	rest	1	81.032	5.0	20258	21508	sub-8/ses-03/eeg/sub-8_ses-03_task-imagery_run-02_eeg.edf	1250	True		sub-08	V	s	s	0	sub-08/ses-03/eeg/sub-08_ses-03_task-MotorImageryRest_run-02_eeg.vhdr	126fdb8a54859c9c35b3e41f3954df650a6580cfb00e728fb0cbab6ea833b050	True	unresolved	unresolved
sub-8	03	02	sub-8/ses-03/run-02/tsv-row-13	13	rest	1	87.932	5.0	21983	23233	sub-8/ses-03/eeg/sub-8_ses-03_task-imagery_run-02_eeg.edf	1250	True		sub-08	V	s	s	0	sub-08/ses-03/eeg/sub-08_ses-03_task-MotorImageryRest_run-02_eeg.vhdr	126fdb8a54859c9c35b3e41f3954df650a6580cfb00e728fb0cbab6ea833b050	True	unresolved	unresolved
sub-8	03	02	sub-8/ses-03/run-02/tsv-row-14	14	right_hand	2	94.816	5.0	23704	24954	sub-8/ses-03/eeg/sub-8_ses-03_task-imagery_run-02_eeg.edf	1250	True		sub-08	V	s	s	0	sub-08/ses-03/eeg/sub-08_ses-03_task-MotorImageryRest_run-02_eeg.vhdr	126fdb8a54859c9c35b3e41f3954df650a6580cfb00e728fb0cbab6ea833b050	True	unresolved	unresolved
sub-8	03	02	sub-8/ses-03/run-02/tsv-row-15	15	rest	1	101.692	5.0	25423	26673	sub-8/ses-03/eeg/sub-8_ses-03_task-imagery_run-02_eeg.edf	1250	True		sub-08	V	s	s	0	sub-08/ses-03/eeg/sub-08_ses-03_task-MotorImageryRest_run-02_eeg.vhdr	126fdb8a54859c9c35b3e41f3954df650a6580cfb00e728fb0cbab6ea833b050	True	unresolved	unresolved
sub-8	03	02	sub-8/ses-03/run-02/tsv-row-16	16	right_hand	2	108.576	5.0	27144	28394	sub-8/ses-03/eeg/sub-8_ses-03_task-imagery_run-02_eeg.edf	1250	True		sub-08	V	s	s	0	sub-08/ses-03/eeg/sub-08_ses-03_task-MotorImageryRest_run-02_eeg.vhdr	126fdb8a54859c9c35b3e41f3954df650a6580cfb00e728fb0cbab6ea833b050	True	unresolved	unresolved
sub-8	03	02	sub-8/ses-03/run-02/tsv-row-17	17	right_hand	2	115.476	5.0	28869	30119	sub-8/ses-03/eeg/sub-8_ses-03_task-imagery_run-02_eeg.edf	1250	True		sub-08	V	s	s	0	sub-08/ses-03/eeg/sub-08_ses-03_task-MotorImageryRest_run-02_eeg.vhdr	126fdb8a54859c9c35b3e41f3954df650a6580cfb00e728fb0cbab6ea833b050	True	unresolved	unresolved
sub-8	03	02	sub-8/ses-03/run-02/tsv-row-18	18	rest	1	122.368	5.0	30592	31842	sub-8/ses-03/eeg/sub-8_ses-03_task-imagery_run-02_eeg.edf	1250	True		sub-08	V	s	s	0	sub-08/ses-03/eeg/sub-08_ses-03_task-MotorImageryRest_run-02_eeg.vhdr	126fdb8a54859c9c35b3e41f3954df650a6580cfb00e728fb0cbab6ea833b050	True	unresolved	unresolved
sub-8	03	02	sub-8/ses-03/run-02/tsv-row-19	19	rest	1	129.256	5.0	32314	33564	sub-8/ses-03/eeg/sub-8_ses-03_task-imagery_run-02_eeg.edf	1250	True		sub-08	V	s	s	0	sub-08/ses-03/eeg/sub-08_ses-03_task-MotorImageryRest_run-02_eeg.vhdr	126fdb8a54859c9c35b3e41f3954df650a6580cfb00e728fb0cbab6ea833b050	True	unresolved	unresolved
sub-8	03	02	sub-8/ses-03/run-02/tsv-row-20	20	right_hand	2	136.14	5.0	34035	35285	sub-8/ses-03/eeg/sub-8_ses-03_task-imagery_run-02_eeg.edf	1250	True		sub-08	V	s	s	0	sub-08/ses-03/eeg/sub-08_ses-03_task-MotorImageryRest_run-02_eeg.vhdr	126fdb8a54859c9c35b3e41f3954df650a6580cfb00e728fb0cbab6ea833b050	True	unresolved	unresolved
sub-8	03	02	sub-8/ses-03/run-02/tsv-row-21	21	right_hand	2	143.024	5.0	35756	37006	sub-8/ses-03/eeg/sub-8_ses-03_task-imagery_run-02_eeg.edf	1250	True		sub-08	V	s	s	0	sub-08/ses-03/eeg/sub-08_ses-03_task-MotorImageryRest_run-02_eeg.vhdr	126fdb8a54859c9c35b3e41f3954df650a6580cfb00e728fb0cbab6ea833b050	True	unresolved	unresolved
sub-8	03	02	sub-8/ses-03/run-02/tsv-row-22	22	rest	1	149.916	5.0	37479	38729	sub-8/ses-03/eeg/sub-8_ses-03_task-imagery_run-02_eeg.edf	1250	True		sub-08	V	s	s	0	sub-08/ses-03/eeg/sub-08_ses-03_task-MotorImageryRest_run-02_eeg.vhdr	126fdb8a54859c9c35b3e41f3954df650a6580cfb00e728fb0cbab6ea833b050	True	unresolved	unresolved
sub-8	03	02	sub-8/ses-03/run-02/tsv-row-23	23	right_hand	2	156.8	5.0	39200	40450	sub-8/ses-03/eeg/sub-8_ses-03_task-imagery_run-02_eeg.edf	1250	True		sub-08	V	s	s	0	sub-08/ses-03/eeg/sub-08_ses-03_task-MotorImageryRest_run-02_eeg.vhdr	126fdb8a54859c9c35b3e41f3954df650a6580cfb00e728fb0cbab6ea833b050	True	unresolved	unresolved
sub-8	03	02	sub-8/ses-03/run-02/tsv-row-24	24	rest	1	163.688	5.0	40922	42172	sub-8/ses-03/eeg/sub-8_ses-03_task-imagery_run-02_eeg.edf	1250	True		sub-08	V	s	s	0	sub-08/ses-03/eeg/sub-08_ses-03_task-MotorImageryRest_run-02_eeg.vhdr	126fdb8a54859c9c35b3e41f3954df650a6580cfb00e728fb0cbab6ea833b050	True	unresolved	unresolved
sub-8	03	02	sub-8/ses-03/run-02/tsv-row-25	25	right_hand	2	170.572	5.0	42643	43893	sub-8/ses-03/eeg/sub-8_ses-03_task-imagery_run-02_eeg.edf	1250	True		sub-08	V	s	s	0	sub-08/ses-03/eeg/sub-08_ses-03_task-MotorImageryRest_run-02_eeg.vhdr	126fdb8a54859c9c35b3e41f3954df650a6580cfb00e728fb0cbab6ea833b050	True	unresolved	unresolved
sub-8	03	02	sub-8/ses-03/run-02/tsv-row-26	26	rest	1	177.46	5.0	44365	45615	sub-8/ses-03/eeg/sub-8_ses-03_task-imagery_run-02_eeg.edf	1250	True		sub-08	V	s	s	0	sub-08/ses-03/eeg/sub-08_ses-03_task-MotorImageryRest_run-02_eeg.vhdr	126fdb8a54859c9c35b3e41f3954df650a6580cfb00e728fb0cbab6ea833b050	True	unresolved	unresolved
sub-8	03	02	sub-8/ses-03/run-02/tsv-row-27	27	rest	1	184.348	5.0	46087	47337	sub-8/ses-03/eeg/sub-8_ses-03_task-imagery_run-02_eeg.edf	1250	True		sub-08	V	s	s	0	sub-08/ses-03/eeg/sub-08_ses-03_task-MotorImageryRest_run-02_eeg.vhdr	126fdb8a54859c9c35b3e41f3954df650a6580cfb00e728fb0cbab6ea833b050	True	unresolved	unresolved
sub-8	03	02	sub-8/ses-03/run-02/tsv-row-28	28	right_hand	2	191.232	5.0	47808	49058	sub-8/ses-03/eeg/sub-8_ses-03_task-imagery_run-02_eeg.edf	1250	True		sub-08	V	s	s	0	sub-08/ses-03/eeg/sub-08_ses-03_task-MotorImageryRest_run-02_eeg.vhdr	126fdb8a54859c9c35b3e41f3954df650a6580cfb00e728fb0cbab6ea833b050	True	unresolved	unresolved
sub-8	03	02	sub-8/ses-03/run-02/tsv-row-29	29	rest	1	198.124	5.0	49531	50781	sub-8/ses-03/eeg/sub-8_ses-03_task-imagery_run-02_eeg.edf	1250	True		sub-08	V	s	s	0	sub-08/ses-03/eeg/sub-08_ses-03_task-MotorImageryRest_run-02_eeg.vhdr	126fdb8a54859c9c35b3e41f3954df650a6580cfb00e728fb0cbab6ea833b050	True	unresolved	unresolved
sub-8	03	02	sub-8/ses-03/run-02/tsv-row-30	30	right_hand	2	205.024	5.0	51256	52506	sub-8/ses-03/eeg/sub-8_ses-03_task-imagery_run-02_eeg.edf	1250	True		sub-08	V	s	s	0	sub-08/ses-03/eeg/sub-08_ses-03_task-MotorImageryRest_run-02_eeg.vhdr	126fdb8a54859c9c35b3e41f3954df650a6580cfb00e728fb0cbab6ea833b050	True	unresolved	unresolved
sub-8	03	02	sub-8/ses-03/run-02/tsv-row-31	31	rest	1	211.896	5.0	52974	54224	sub-8/ses-03/eeg/sub-8_ses-03_task-imagery_run-02_eeg.edf	1250	True		sub-08	V	s	s	0	sub-08/ses-03/eeg/sub-08_ses-03_task-MotorImageryRest_run-02_eeg.vhdr	126fdb8a54859c9c35b3e41f3954df650a6580cfb00e728fb0cbab6ea833b050	True	unresolved	unresolved
sub-8	03	02	sub-8/ses-03/run-02/tsv-row-32	32	right_hand	2	218.78	5.0	54695	55945	sub-8/ses-03/eeg/sub-8_ses-03_task-imagery_run-02_eeg.edf	1250	True		sub-08	V	s	s	0	sub-08/ses-03/eeg/sub-08_ses-03_task-MotorImageryRest_run-02_eeg.vhdr	126fdb8a54859c9c35b3e41f3954df650a6580cfb00e728fb0cbab6ea833b050	True	unresolved	unresolved
sub-8	03	03	sub-8/ses-03/run-03/tsv-row-1	1	right_hand	2	6.812	5.0	1703	2953	sub-8/ses-03/eeg/sub-8_ses-03_task-imagery_run-03_eeg.edf	1250	True		sub-08	V	s	s	0	sub-08/ses-03/eeg/sub-08_ses-03_task-MotorImageryRest_run-03_eeg.vhdr	2798fed87f64e52932c9f2efbb72247123caacc5fb8ef643ae30eeb58fd24554	True	unresolved	unresolved
sub-8	03	03	sub-8/ses-03/run-03/tsv-row-2	2	rest	1	12.592	5.0	3148	4398	sub-8/ses-03/eeg/sub-8_ses-03_task-imagery_run-03_eeg.edf	1250	True		sub-08	V	s	s	0	sub-08/ses-03/eeg/sub-08_ses-03_task-MotorImageryRest_run-03_eeg.vhdr	2798fed87f64e52932c9f2efbb72247123caacc5fb8ef643ae30eeb58fd24554	True	unresolved	unresolved
sub-8	03	03	sub-8/ses-03/run-03/tsv-row-3	3	rest	1	19.524	5.0	4881	6131	sub-8/ses-03/eeg/sub-8_ses-03_task-imagery_run-03_eeg.edf	1250	True		sub-08	V	s	s	0	sub-08/ses-03/eeg/sub-08_ses-03_task-MotorImageryRest_run-03_eeg.vhdr	2798fed87f64e52932c9f2efbb72247123caacc5fb8ef643ae30eeb58fd24554	True	unresolved	unresolved
sub-8	03	03	sub-8/ses-03/run-03/tsv-row-4	4	right_hand	2	26.408	5.0	6602	7852	sub-8/ses-03/eeg/sub-8_ses-03_task-imagery_run-03_eeg.edf	1250	True		sub-08	V	s	s	0	sub-08/ses-03/eeg/sub-08_ses-03_task-MotorImageryRest_run-03_eeg.vhdr	2798fed87f64e52932c9f2efbb72247123caacc5fb8ef643ae30eeb58fd24554	True	unresolved	unresolved
sub-8	03	03	sub-8/ses-03/run-03/tsv-row-5	5	right_hand	2	33.296	5.0	8324	9574	sub-8/ses-03/eeg/sub-8_ses-03_task-imagery_run-03_eeg.edf	1250	True		sub-08	V	s	s	0	sub-08/ses-03/eeg/sub-08_ses-03_task-MotorImageryRest_run-03_eeg.vhdr	2798fed87f64e52932c9f2efbb72247123caacc5fb8ef643ae30eeb58fd24554	True	unresolved	unresolved
sub-8	03	03	sub-8/ses-03/run-03/tsv-row-6	6	rest	1	40.168	5.0	10042	11292	sub-8/ses-03/eeg/sub-8_ses-03_task-imagery_run-03_eeg.edf	1250	True		sub-08	V	s	s	0	sub-08/ses-03/eeg/sub-08_ses-03_task-MotorImageryRest_run-03_eeg.vhdr	2798fed87f64e52932c9f2efbb72247123caacc5fb8ef643ae30eeb58fd24554	True	unresolved	unresolved
sub-8	03	03	sub-8/ses-03/run-03/tsv-row-7	7	right_hand	2	47.068	5.0	11767	13017	sub-8/ses-03/eeg/sub-8_ses-03_task-imagery_run-03_eeg.edf	1250	True		sub-08	V	s	s	0	sub-08/ses-03/eeg/sub-08_ses-03_task-MotorImageryRest_run-03_eeg.vhdr	2798fed87f64e52932c9f2efbb72247123caacc5fb8ef643ae30eeb58fd24554	True	unresolved	unresolved
sub-8	03	03	sub-8/ses-03/run-03/tsv-row-8	8	rest	1	53.96	5.0	13490	14740	sub-8/ses-03/eeg/sub-8_ses-03_task-imagery_run-03_eeg.edf	1250	True		sub-08	V	s	s	0	sub-08/ses-03/eeg/sub-08_ses-03_task-MotorImageryRest_run-03_eeg.vhdr	2798fed87f64e52932c9f2efbb72247123caacc5fb8ef643ae30eeb58fd24554	True	unresolved	unresolved
sub-8	03	03	sub-8/ses-03/run-03/tsv-row-9	9	rest	1	60.844	5.0	15211	16461	sub-8/ses-03/eeg/sub-8_ses-03_task-imagery_run-03_eeg.edf	1250	True		sub-08	V	s	s	0	sub-08/ses-03/eeg/sub-08_ses-03_task-MotorImageryRest_run-03_eeg.vhdr	2798fed87f64e52932c9f2efbb72247123caacc5fb8ef643ae30eeb58fd24554	True	unresolved	unresolved
sub-8	03	03	sub-8/ses-03/run-03/tsv-row-10	10	right_hand	2	67.728	5.0	16932	18182	sub-8/ses-03/eeg/sub-8_ses-03_task-imagery_run-03_eeg.edf	1250	True		sub-08	V	s	s	0	sub-08/ses-03/eeg/sub-08_ses-03_task-MotorImageryRest_run-03_eeg.vhdr	2798fed87f64e52932c9f2efbb72247123caacc5fb8ef643ae30eeb58fd24554	True	unresolved	unresolved
sub-8	03	03	sub-8/ses-03/run-03/tsv-row-11	11	right_hand	2	74.632	5.0	18658	19908	sub-8/ses-03/eeg/sub-8_ses-03_task-imagery_run-03_eeg.edf	1250	True		sub-08	V	s	s	0	sub-08/ses-03/eeg/sub-08_ses-03_task-MotorImageryRest_run-03_eeg.vhdr	2798fed87f64e52932c9f2efbb72247123caacc5fb8ef643ae30eeb58fd24554	True	unresolved	unresolved
sub-8	03	03	sub-8/ses-03/run-03/tsv-row-12	12	rest	1	81.504	5.0	20376	21626	sub-8/ses-03/eeg/sub-8_ses-03_task-imagery_run-03_eeg.edf	1250	True		sub-08	V	s	s	0	sub-08/ses-03/eeg/sub-08_ses-03_task-MotorImageryRest_run-03_eeg.vhdr	2798fed87f64e52932c9f2efbb72247123caacc5fb8ef643ae30eeb58fd24554	True	unresolved	unresolved
sub-8	03	03	sub-8/ses-03/run-03/tsv-row-13	13	right_hand	2	88.404	5.0	22101	23351	sub-8/ses-03/eeg/sub-8_ses-03_task-imagery_run-03_eeg.edf	1250	True		sub-08	V	s	s	0	sub-08/ses-03/eeg/sub-08_ses-03_task-MotorImageryRest_run-03_eeg.vhdr	2798fed87f64e52932c9f2efbb72247123caacc5fb8ef643ae30eeb58fd24554	True	unresolved	unresolved
sub-8	03	03	sub-8/ses-03/run-03/tsv-row-14	14	rest	1	95.28	5.0	23820	25070	sub-8/ses-03/eeg/sub-8_ses-03_task-imagery_run-03_eeg.edf	1250	True		sub-08	V	s	s	0	sub-08/ses-03/eeg/sub-08_ses-03_task-MotorImageryRest_run-03_eeg.vhdr	2798fed87f64e52932c9f2efbb72247123caacc5fb8ef643ae30eeb58fd24554	True	unresolved	unresolved
sub-8	03	03	sub-8/ses-03/run-03/tsv-row-15	15	rest	1	102.184	5.0	25546	26796	sub-8/ses-03/eeg/sub-8_ses-03_task-imagery_run-03_eeg.edf	1250	True		sub-08	V	s	s	0	sub-08/ses-03/eeg/sub-08_ses-03_task-MotorImageryRest_run-03_eeg.vhdr	2798fed87f64e52932c9f2efbb72247123caacc5fb8ef643ae30eeb58fd24554	True	unresolved	unresolved
sub-8	03	03	sub-8/ses-03/run-03/tsv-row-16	16	right_hand	2	109.068	5.0	27267	28517	sub-8/ses-03/eeg/sub-8_ses-03_task-imagery_run-03_eeg.edf	1250	True		sub-08	V	s	s	0	sub-08/ses-03/eeg/sub-08_ses-03_task-MotorImageryRest_run-03_eeg.vhdr	2798fed87f64e52932c9f2efbb72247123caacc5fb8ef643ae30eeb58fd24554	True	unresolved	unresolved
sub-8	03	03	sub-8/ses-03/run-03/tsv-row-17	17	rest	1	115.956	5.0	28989	30239	sub-8/ses-03/eeg/sub-8_ses-03_task-imagery_run-03_eeg.edf	1250	True		sub-08	V	s	s	0	sub-08/ses-03/eeg/sub-08_ses-03_task-MotorImageryRest_run-03_eeg.vhdr	2798fed87f64e52932c9f2efbb72247123caacc5fb8ef643ae30eeb58fd24554	True	unresolved	unresolved
sub-8	03	03	sub-8/ses-03/run-03/tsv-row-18	18	right_hand	2	122.824	5.0	30706	31956	sub-8/ses-03/eeg/sub-8_ses-03_task-imagery_run-03_eeg.edf	1250	True		sub-08	V	s	s	0	sub-08/ses-03/eeg/sub-08_ses-03_task-MotorImageryRest_run-03_eeg.vhdr	2798fed87f64e52932c9f2efbb72247123caacc5fb8ef643ae30eeb58fd24554	True	unresolved	unresolved
sub-8	03	03	sub-8/ses-03/run-03/tsv-row-19	19	right_hand	2	129.728	5.0	32432	33682	sub-8/ses-03/eeg/sub-8_ses-03_task-imagery_run-03_eeg.edf	1250	True		sub-08	V	s	s	0	sub-08/ses-03/eeg/sub-08_ses-03_task-MotorImageryRest_run-03_eeg.vhdr	2798fed87f64e52932c9f2efbb72247123caacc5fb8ef643ae30eeb58fd24554	True	unresolved	unresolved
sub-8	03	03	sub-8/ses-03/run-03/tsv-row-20	20	rest	1	136.616	5.0	34154	35404	sub-8/ses-03/eeg/sub-8_ses-03_task-imagery_run-03_eeg.edf	1250	True		sub-08	V	s	s	0	sub-08/ses-03/eeg/sub-08_ses-03_task-MotorImageryRest_run-03_eeg.vhdr	2798fed87f64e52932c9f2efbb72247123caacc5fb8ef643ae30eeb58fd24554	True	unresolved	unresolved
sub-8	03	03	sub-8/ses-03/run-03/tsv-row-21	21	right_hand	2	143.5	5.0	35875	37125	sub-8/ses-03/eeg/sub-8_ses-03_task-imagery_run-03_eeg.edf	1250	True		sub-08	V	s	s	0	sub-08/ses-03/eeg/sub-08_ses-03_task-MotorImageryRest_run-03_eeg.vhdr	2798fed87f64e52932c9f2efbb72247123caacc5fb8ef643ae30eeb58fd24554	True	unresolved	unresolved
sub-8	03	03	sub-8/ses-03/run-03/tsv-row-22	22	rest	1	150.372	5.0	37593	38843	sub-8/ses-03/eeg/sub-8_ses-03_task-imagery_run-03_eeg.edf	1250	True		sub-08	V	s	s	0	sub-08/ses-03/eeg/sub-08_ses-03_task-MotorImageryRest_run-03_eeg.vhdr	2798fed87f64e52932c9f2efbb72247123caacc5fb8ef643ae30eeb58fd24554	True	unresolved	unresolved
sub-8	03	03	sub-8/ses-03/run-03/tsv-row-23	23	rest	1	157.276	5.0	39319	40569	sub-8/ses-03/eeg/sub-8_ses-03_task-imagery_run-03_eeg.edf	1250	True		sub-08	V	s	s	0	sub-08/ses-03/eeg/sub-08_ses-03_task-MotorImageryRest_run-03_eeg.vhdr	2798fed87f64e52932c9f2efbb72247123caacc5fb8ef643ae30eeb58fd24554	True	unresolved	unresolved
sub-8	03	03	sub-8/ses-03/run-03/tsv-row-24	24	right_hand	2	164.16	5.0	41040	42290	sub-8/ses-03/eeg/sub-8_ses-03_task-imagery_run-03_eeg.edf	1250	True		sub-08	V	s	s	0	sub-08/ses-03/eeg/sub-08_ses-03_task-MotorImageryRest_run-03_eeg.vhdr	2798fed87f64e52932c9f2efbb72247123caacc5fb8ef643ae30eeb58fd24554	True	unresolved	unresolved
sub-8	03	03	sub-8/ses-03/run-03/tsv-row-25	25	right_hand	2	171.048	5.0	42762	44012	sub-8/ses-03/eeg/sub-8_ses-03_task-imagery_run-03_eeg.edf	1250	True		sub-08	V	s	s	0	sub-08/ses-03/eeg/sub-08_ses-03_task-MotorImageryRest_run-03_eeg.vhdr	2798fed87f64e52932c9f2efbb72247123caacc5fb8ef643ae30eeb58fd24554	True	unresolved	unresolved
sub-8	03	03	sub-8/ses-03/run-03/tsv-row-26	26	rest	1	177.936	5.0	44484	45734	sub-8/ses-03/eeg/sub-8_ses-03_task-imagery_run-03_eeg.edf	1250	True		sub-08	V	s	s	0	sub-08/ses-03/eeg/sub-08_ses-03_task-MotorImageryRest_run-03_eeg.vhdr	2798fed87f64e52932c9f2efbb72247123caacc5fb8ef643ae30eeb58fd24554	True	unresolved	unresolved
sub-8	03	03	sub-8/ses-03/run-03/tsv-row-27	27	right_hand	2	184.82	5.0	46205	47455	sub-8/ses-03/eeg/sub-8_ses-03_task-imagery_run-03_eeg.edf	1250	True		sub-08	V	s	s	0	sub-08/ses-03/eeg/sub-08_ses-03_task-MotorImageryRest_run-03_eeg.vhdr	2798fed87f64e52932c9f2efbb72247123caacc5fb8ef643ae30eeb58fd24554	True	unresolved	unresolved
sub-8	03	03	sub-8/ses-03/run-03/tsv-row-28	28	rest	1	191.712	5.0	47928	49178	sub-8/ses-03/eeg/sub-8_ses-03_task-imagery_run-03_eeg.edf	1250	True		sub-08	V	s	s	0	sub-08/ses-03/eeg/sub-08_ses-03_task-MotorImageryRest_run-03_eeg.vhdr	2798fed87f64e52932c9f2efbb72247123caacc5fb8ef643ae30eeb58fd24554	True	unresolved	unresolved
sub-8	03	03	sub-8/ses-03/run-03/tsv-row-29	29	rest	1	198.616	5.0	49654	50904	sub-8/ses-03/eeg/sub-8_ses-03_task-imagery_run-03_eeg.edf	1250	True		sub-08	V	s	s	0	sub-08/ses-03/eeg/sub-08_ses-03_task-MotorImageryRest_run-03_eeg.vhdr	2798fed87f64e52932c9f2efbb72247123caacc5fb8ef643ae30eeb58fd24554	True	unresolved	unresolved
sub-8	03	03	sub-8/ses-03/run-03/tsv-row-30	30	right_hand	2	205.48	5.0	51370	52620	sub-8/ses-03/eeg/sub-8_ses-03_task-imagery_run-03_eeg.edf	1250	True		sub-08	V	s	s	0	sub-08/ses-03/eeg/sub-08_ses-03_task-MotorImageryRest_run-03_eeg.vhdr	2798fed87f64e52932c9f2efbb72247123caacc5fb8ef643ae30eeb58fd24554	True	unresolved	unresolved
sub-8	03	03	sub-8/ses-03/run-03/tsv-row-31	31	rest	1	212.372	5.0	53093	54343	sub-8/ses-03/eeg/sub-8_ses-03_task-imagery_run-03_eeg.edf	1250	True		sub-08	V	s	s	0	sub-08/ses-03/eeg/sub-08_ses-03_task-MotorImageryRest_run-03_eeg.vhdr	2798fed87f64e52932c9f2efbb72247123caacc5fb8ef643ae30eeb58fd24554	True	unresolved	unresolved
sub-8	03	03	sub-8/ses-03/run-03/tsv-row-32	32	right_hand	2	219.272	5.0	54818	56068	sub-8/ses-03/eeg/sub-8_ses-03_task-imagery_run-03_eeg.edf	1250	True		sub-08	V	s	s	0	sub-08/ses-03/eeg/sub-08_ses-03_task-MotorImageryRest_run-03_eeg.vhdr	2798fed87f64e52932c9f2efbb72247123caacc5fb8ef643ae30eeb58fd24554	True	unresolved	unresolved
sub-8	03	04	sub-8/ses-03/run-04/tsv-row-1	1	right_hand	2	7.108	5.0	1777	3027	sub-8/ses-03/eeg/sub-8_ses-03_task-imagery_run-04_eeg.edf	1250	True		sub-08	V	s	s	0	sub-08/ses-03/eeg/sub-08_ses-03_task-MotorImageryRest_run-04_eeg.vhdr	dd214cbd389a96653b2a49826a02cb1aa42591f30527b7f0f122ade91e11b6f8	True	unresolved	unresolved
sub-8	03	04	sub-8/ses-03/run-04/tsv-row-2	2	rest	1	14.0	5.0	3500	4750	sub-8/ses-03/eeg/sub-8_ses-03_task-imagery_run-04_eeg.edf	1250	True		sub-08	V	s	s	0	sub-08/ses-03/eeg/sub-08_ses-03_task-MotorImageryRest_run-04_eeg.vhdr	dd214cbd389a96653b2a49826a02cb1aa42591f30527b7f0f122ade91e11b6f8	True	unresolved	unresolved
sub-8	03	04	sub-8/ses-03/run-04/tsv-row-3	3	rest	1	20.888	5.0	5222	6472	sub-8/ses-03/eeg/sub-8_ses-03_task-imagery_run-04_eeg.edf	1250	True		sub-08	V	s	s	0	sub-08/ses-03/eeg/sub-08_ses-03_task-MotorImageryRest_run-04_eeg.vhdr	dd214cbd389a96653b2a49826a02cb1aa42591f30527b7f0f122ade91e11b6f8	True	unresolved	unresolved
sub-8	03	04	sub-8/ses-03/run-04/tsv-row-4	4	right_hand	2	27.772	5.0	6943	8193	sub-8/ses-03/eeg/sub-8_ses-03_task-imagery_run-04_eeg.edf	1250	True		sub-08	V	s	s	0	sub-08/ses-03/eeg/sub-08_ses-03_task-MotorImageryRest_run-04_eeg.vhdr	dd214cbd389a96653b2a49826a02cb1aa42591f30527b7f0f122ade91e11b6f8	True	unresolved	unresolved
sub-8	03	04	sub-8/ses-03/run-04/tsv-row-5	5	right_hand	2	34.676	5.0	8669	9919	sub-8/ses-03/eeg/sub-8_ses-03_task-imagery_run-04_eeg.edf	1250	True		sub-08	V	s	s	0	sub-08/ses-03/eeg/sub-08_ses-03_task-MotorImageryRest_run-04_eeg.vhdr	dd214cbd389a96653b2a49826a02cb1aa42591f30527b7f0f122ade91e11b6f8	True	unresolved	unresolved
sub-8	03	04	sub-8/ses-03/run-04/tsv-row-6	6	rest	1	41.564	5.0	10391	11641	sub-8/ses-03/eeg/sub-8_ses-03_task-imagery_run-04_eeg.edf	1250	True		sub-08	V	s	s	0	sub-08/ses-03/eeg/sub-08_ses-03_task-MotorImageryRest_run-04_eeg.vhdr	dd214cbd389a96653b2a49826a02cb1aa42591f30527b7f0f122ade91e11b6f8	True	unresolved	unresolved
sub-8	03	04	sub-8/ses-03/run-04/tsv-row-7	7	right_hand	2	48.432	5.0	12108	13358	sub-8/ses-03/eeg/sub-8_ses-03_task-imagery_run-04_eeg.edf	1250	True		sub-08	V	s	s	0	sub-08/ses-03/eeg/sub-08_ses-03_task-MotorImageryRest_run-04_eeg.vhdr	dd214cbd389a96653b2a49826a02cb1aa42591f30527b7f0f122ade91e11b6f8	True	unresolved	unresolved
sub-8	03	04	sub-8/ses-03/run-04/tsv-row-8	8	rest	1	55.32	5.0	13830	15080	sub-8/ses-03/eeg/sub-8_ses-03_task-imagery_run-04_eeg.edf	1250	True		sub-08	V	s	s	0	sub-08/ses-03/eeg/sub-08_ses-03_task-MotorImageryRest_run-04_eeg.vhdr	dd214cbd389a96653b2a49826a02cb1aa42591f30527b7f0f122ade91e11b6f8	True	unresolved	unresolved
sub-8	03	04	sub-8/ses-03/run-04/tsv-row-9	9	rest	1	62.224	5.0	15556	16806	sub-8/ses-03/eeg/sub-8_ses-03_task-imagery_run-04_eeg.edf	1250	True		sub-08	V	s	s	0	sub-08/ses-03/eeg/sub-08_ses-03_task-MotorImageryRest_run-04_eeg.vhdr	dd214cbd389a96653b2a49826a02cb1aa42591f30527b7f0f122ade91e11b6f8	True	unresolved	unresolved
sub-8	03	04	sub-8/ses-03/run-04/tsv-row-10	10	right_hand	2	69.108	5.0	17277	18527	sub-8/ses-03/eeg/sub-8_ses-03_task-imagery_run-04_eeg.edf	1250	True		sub-08	V	s	s	0	sub-08/ses-03/eeg/sub-08_ses-03_task-MotorImageryRest_run-04_eeg.vhdr	dd214cbd389a96653b2a49826a02cb1aa42591f30527b7f0f122ade91e11b6f8	True	unresolved	unresolved
sub-8	03	04	sub-8/ses-03/run-04/tsv-row-11	11	rest	1	75.984	5.0	18996	20246	sub-8/ses-03/eeg/sub-8_ses-03_task-imagery_run-04_eeg.edf	1250	True		sub-08	V	s	s	0	sub-08/ses-03/eeg/sub-08_ses-03_task-MotorImageryRest_run-04_eeg.vhdr	dd214cbd389a96653b2a49826a02cb1aa42591f30527b7f0f122ade91e11b6f8	True	unresolved	unresolved
sub-8	03	04	sub-8/ses-03/run-04/tsv-row-12	12	right_hand	2	82.864	5.0	20716	21966	sub-8/ses-03/eeg/sub-8_ses-03_task-imagery_run-04_eeg.edf	1250	True		sub-08	V	s	s	0	sub-08/ses-03/eeg/sub-08_ses-03_task-MotorImageryRest_run-04_eeg.vhdr	dd214cbd389a96653b2a49826a02cb1aa42591f30527b7f0f122ade91e11b6f8	True	unresolved	unresolved
sub-8	03	04	sub-8/ses-03/run-04/tsv-row-13	13	rest	1	89.772	5.0	22443	23693	sub-8/ses-03/eeg/sub-8_ses-03_task-imagery_run-04_eeg.edf	1250	True		sub-08	V	s	s	0	sub-08/ses-03/eeg/sub-08_ses-03_task-MotorImageryRest_run-04_eeg.vhdr	dd214cbd389a96653b2a49826a02cb1aa42591f30527b7f0f122ade91e11b6f8	True	unresolved	unresolved
sub-8	03	04	sub-8/ses-03/run-04/tsv-row-14	14	right_hand	2	96.656	5.0	24164	25414	sub-8/ses-03/eeg/sub-8_ses-03_task-imagery_run-04_eeg.edf	1250	True		sub-08	V	s	s	0	sub-08/ses-03/eeg/sub-08_ses-03_task-MotorImageryRest_run-04_eeg.vhdr	dd214cbd389a96653b2a49826a02cb1aa42591f30527b7f0f122ade91e11b6f8	True	unresolved	unresolved
sub-8	03	04	sub-8/ses-03/run-04/tsv-row-15	15	rest	1	103.528	5.0	25882	27132	sub-8/ses-03/eeg/sub-8_ses-03_task-imagery_run-04_eeg.edf	1250	True		sub-08	V	s	s	0	sub-08/ses-03/eeg/sub-08_ses-03_task-MotorImageryRest_run-04_eeg.vhdr	dd214cbd389a96653b2a49826a02cb1aa42591f30527b7f0f122ade91e11b6f8	True	unresolved	unresolved
sub-8	03	04	sub-8/ses-03/run-04/tsv-row-16	16	right_hand	2	110.428	5.0	27607	28857	sub-8/ses-03/eeg/sub-8_ses-03_task-imagery_run-04_eeg.edf	1250	True		sub-08	V	s	s	0	sub-08/ses-03/eeg/sub-08_ses-03_task-MotorImageryRest_run-04_eeg.vhdr	dd214cbd389a96653b2a49826a02cb1aa42591f30527b7f0f122ade91e11b6f8	True	unresolved	unresolved
sub-8	03	04	sub-8/ses-03/run-04/tsv-row-17	17	right_hand	2	117.316	5.0	29329	30579	sub-8/ses-03/eeg/sub-8_ses-03_task-imagery_run-04_eeg.edf	1250	True		sub-08	V	s	s	0	sub-08/ses-03/eeg/sub-08_ses-03_task-MotorImageryRest_run-04_eeg.vhdr	dd214cbd389a96653b2a49826a02cb1aa42591f30527b7f0f122ade91e11b6f8	True	unresolved	unresolved
sub-8	03	04	sub-8/ses-03/run-04/tsv-row-18	18	rest	1	124.208	5.0	31052	32302	sub-8/ses-03/eeg/sub-8_ses-03_task-imagery_run-04_eeg.edf	1250	True		sub-08	V	s	s	0	sub-08/ses-03/eeg/sub-08_ses-03_task-MotorImageryRest_run-04_eeg.vhdr	dd214cbd389a96653b2a49826a02cb1aa42591f30527b7f0f122ade91e11b6f8	True	unresolved	unresolved
sub-8	03	04	sub-8/ses-03/run-04/tsv-row-19	19	right_hand	2	131.092	5.0	32773	34023	sub-8/ses-03/eeg/sub-8_ses-03_task-imagery_run-04_eeg.edf	1250	True		sub-08	V	s	s	0	sub-08/ses-03/eeg/sub-08_ses-03_task-MotorImageryRest_run-04_eeg.vhdr	dd214cbd389a96653b2a49826a02cb1aa42591f30527b7f0f122ade91e11b6f8	True	unresolved	unresolved
sub-8	03	04	sub-8/ses-03/run-04/tsv-row-20	20	rest	1	137.98	5.0	34495	35745	sub-8/ses-03/eeg/sub-8_ses-03_task-imagery_run-04_eeg.edf	1250	True		sub-08	V	s	s	0	sub-08/ses-03/eeg/sub-08_ses-03_task-MotorImageryRest_run-04_eeg.vhdr	dd214cbd389a96653b2a49826a02cb1aa42591f30527b7f0f122ade91e11b6f8	True	unresolved	unresolved
sub-8	03	04	sub-8/ses-03/run-04/tsv-row-21	21	right_hand	2	144.864	5.0	36216	37466	sub-8/ses-03/eeg/sub-8_ses-03_task-imagery_run-04_eeg.edf	1250	True		sub-08	V	s	s	0	sub-08/ses-03/eeg/sub-08_ses-03_task-MotorImageryRest_run-04_eeg.vhdr	dd214cbd389a96653b2a49826a02cb1aa42591f30527b7f0f122ade91e11b6f8	True	unresolved	unresolved
sub-8	03	04	sub-8/ses-03/run-04/tsv-row-22	22	rest	1	151.772	5.0	37943	39193	sub-8/ses-03/eeg/sub-8_ses-03_task-imagery_run-04_eeg.edf	1250	True		sub-08	V	s	s	0	sub-08/ses-03/eeg/sub-08_ses-03_task-MotorImageryRest_run-04_eeg.vhdr	dd214cbd389a96653b2a49826a02cb1aa42591f30527b7f0f122ade91e11b6f8	True	unresolved	unresolved
sub-8	03	04	sub-8/ses-03/run-04/tsv-row-23	23	rest	1	158.64	5.0	39660	40910	sub-8/ses-03/eeg/sub-8_ses-03_task-imagery_run-04_eeg.edf	1250	True		sub-08	V	s	s	0	sub-08/ses-03/eeg/sub-08_ses-03_task-MotorImageryRest_run-04_eeg.vhdr	dd214cbd389a96653b2a49826a02cb1aa42591f30527b7f0f122ade91e11b6f8	True	unresolved	unresolved
sub-8	03	04	sub-8/ses-03/run-04/tsv-row-24	24	right_hand	2	165.524	5.0	41381	42631	sub-8/ses-03/eeg/sub-8_ses-03_task-imagery_run-04_eeg.edf	1250	True		sub-08	V	s	s	0	sub-08/ses-03/eeg/sub-08_ses-03_task-MotorImageryRest_run-04_eeg.vhdr	dd214cbd389a96653b2a49826a02cb1aa42591f30527b7f0f122ade91e11b6f8	True	unresolved	unresolved
sub-8	03	04	sub-8/ses-03/run-04/tsv-row-25	25	rest	1	172.432	5.0	43108	44358	sub-8/ses-03/eeg/sub-8_ses-03_task-imagery_run-04_eeg.edf	1250	True		sub-08	V	s	s	0	sub-08/ses-03/eeg/sub-08_ses-03_task-MotorImageryRest_run-04_eeg.vhdr	dd214cbd389a96653b2a49826a02cb1aa42591f30527b7f0f122ade91e11b6f8	True	unresolved	unresolved
sub-8	03	04	sub-8/ses-03/run-04/tsv-row-26	26	right_hand	2	179.316	5.0	44829	46079	sub-8/ses-03/eeg/sub-8_ses-03_task-imagery_run-04_eeg.edf	1250	True		sub-08	V	s	s	0	sub-08/ses-03/eeg/sub-08_ses-03_task-MotorImageryRest_run-04_eeg.vhdr	dd214cbd389a96653b2a49826a02cb1aa42591f30527b7f0f122ade91e11b6f8	True	unresolved	unresolved
sub-8	03	04	sub-8/ses-03/run-04/tsv-row-27	27	rest	1	186.188	5.0	46547	47797	sub-8/ses-03/eeg/sub-8_ses-03_task-imagery_run-04_eeg.edf	1250	True		sub-08	V	s	s	0	sub-08/ses-03/eeg/sub-08_ses-03_task-MotorImageryRest_run-04_eeg.vhdr	dd214cbd389a96653b2a49826a02cb1aa42591f30527b7f0f122ade91e11b6f8	True	unresolved	unresolved
sub-8	03	04	sub-8/ses-03/run-04/tsv-row-28	28	right_hand	2	193.088	5.0	48272	49522	sub-8/ses-03/eeg/sub-8_ses-03_task-imagery_run-04_eeg.edf	1250	True		sub-08	V	s	s	0	sub-08/ses-03/eeg/sub-08_ses-03_task-MotorImageryRest_run-04_eeg.vhdr	dd214cbd389a96653b2a49826a02cb1aa42591f30527b7f0f122ade91e11b6f8	True	unresolved	unresolved
sub-8	03	04	sub-8/ses-03/run-04/tsv-row-29	29	right_hand	2	199.976	5.0	49994	51244	sub-8/ses-03/eeg/sub-8_ses-03_task-imagery_run-04_eeg.edf	1250	True		sub-08	V	s	s	0	sub-08/ses-03/eeg/sub-08_ses-03_task-MotorImageryRest_run-04_eeg.vhdr	dd214cbd389a96653b2a49826a02cb1aa42591f30527b7f0f122ade91e11b6f8	True	unresolved	unresolved
sub-8	03	04	sub-8/ses-03/run-04/tsv-row-30	30	rest	1	206.864	5.0	51716	52966	sub-8/ses-03/eeg/sub-8_ses-03_task-imagery_run-04_eeg.edf	1250	True		sub-08	V	s	s	0	sub-08/ses-03/eeg/sub-08_ses-03_task-MotorImageryRest_run-04_eeg.vhdr	dd214cbd389a96653b2a49826a02cb1aa42591f30527b7f0f122ade91e11b6f8	True	unresolved	unresolved
sub-8	03	04	sub-8/ses-03/run-04/tsv-row-31	31	rest	1	213.752	5.0	53438	54688	sub-8/ses-03/eeg/sub-8_ses-03_task-imagery_run-04_eeg.edf	1250	True		sub-08	V	s	s	0	sub-08/ses-03/eeg/sub-08_ses-03_task-MotorImageryRest_run-04_eeg.vhdr	dd214cbd389a96653b2a49826a02cb1aa42591f30527b7f0f122ade91e11b6f8	True	unresolved	unresolved
sub-8	03	04	sub-8/ses-03/run-04/tsv-row-32	32	right_hand	2	220.636	5.0	55159	56409	sub-8/ses-03/eeg/sub-8_ses-03_task-imagery_run-04_eeg.edf	1250	True		sub-08	V	s	s	0	sub-08/ses-03/eeg/sub-08_ses-03_task-MotorImageryRest_run-04_eeg.vhdr	dd214cbd389a96653b2a49826a02cb1aa42591f30527b7f0f122ade91e11b6f8	True	unresolved	unresolved
sub-8	03	05	sub-8/ses-03/run-05/tsv-row-1	1	rest	1	5.852	5.0	1463	2713	sub-8/ses-03/eeg/sub-8_ses-03_task-imagery_run-05_eeg.edf	1250	True		sub-08	V	s	s	0	sub-08/ses-03/eeg/sub-08_ses-03_task-MotorImageryRest_run-05_eeg.vhdr	9be6d8eaf2b8fdb1588722b1baecc95a118780aaa4a180be5267a5ceb7a84e08	True	unresolved	unresolved
sub-8	03	05	sub-8/ses-03/run-05/tsv-row-2	2	right_hand	2	12.736	5.0	3184	4434	sub-8/ses-03/eeg/sub-8_ses-03_task-imagery_run-05_eeg.edf	1250	True		sub-08	V	s	s	0	sub-08/ses-03/eeg/sub-08_ses-03_task-MotorImageryRest_run-05_eeg.vhdr	9be6d8eaf2b8fdb1588722b1baecc95a118780aaa4a180be5267a5ceb7a84e08	True	unresolved	unresolved
sub-8	03	05	sub-8/ses-03/run-05/tsv-row-3	3	rest	1	19.628	5.0	4907	6157	sub-8/ses-03/eeg/sub-8_ses-03_task-imagery_run-05_eeg.edf	1250	True		sub-08	V	s	s	0	sub-08/ses-03/eeg/sub-08_ses-03_task-MotorImageryRest_run-05_eeg.vhdr	9be6d8eaf2b8fdb1588722b1baecc95a118780aaa4a180be5267a5ceb7a84e08	True	unresolved	unresolved
sub-8	03	05	sub-8/ses-03/run-05/tsv-row-4	4	right_hand	2	26.512	5.0	6628	7878	sub-8/ses-03/eeg/sub-8_ses-03_task-imagery_run-05_eeg.edf	1250	True		sub-08	V	s	s	0	sub-08/ses-03/eeg/sub-08_ses-03_task-MotorImageryRest_run-05_eeg.vhdr	9be6d8eaf2b8fdb1588722b1baecc95a118780aaa4a180be5267a5ceb7a84e08	True	unresolved	unresolved
sub-8	03	05	sub-8/ses-03/run-05/tsv-row-5	5	right_hand	2	33.412	5.0	8353	9603	sub-8/ses-03/eeg/sub-8_ses-03_task-imagery_run-05_eeg.edf	1250	True		sub-08	V	s	s	0	sub-08/ses-03/eeg/sub-08_ses-03_task-MotorImageryRest_run-05_eeg.vhdr	9be6d8eaf2b8fdb1588722b1baecc95a118780aaa4a180be5267a5ceb7a84e08	True	unresolved	unresolved
sub-8	03	05	sub-8/ses-03/run-05/tsv-row-6	6	right_hand	2	47.188	5.0	11797	13047	sub-8/ses-03/eeg/sub-8_ses-03_task-imagery_run-05_eeg.edf	1250	True		sub-08	V	s	s	0	sub-08/ses-03/eeg/sub-08_ses-03_task-MotorImageryRest_run-05_eeg.vhdr	9be6d8eaf2b8fdb1588722b1baecc95a118780aaa4a180be5267a5ceb7a84e08	True	unresolved	unresolved
sub-8	03	05	sub-8/ses-03/run-05/tsv-row-7	7	rest	1	54.06	5.0	13515	14765	sub-8/ses-03/eeg/sub-8_ses-03_task-imagery_run-05_eeg.edf	1250	True		sub-08	V	s	s	0	sub-08/ses-03/eeg/sub-08_ses-03_task-MotorImageryRest_run-05_eeg.vhdr	9be6d8eaf2b8fdb1588722b1baecc95a118780aaa4a180be5267a5ceb7a84e08	True	unresolved	unresolved
sub-8	03	05	sub-8/ses-03/run-05/tsv-row-8	8	rest	1	60.964	5.0	15241	16491	sub-8/ses-03/eeg/sub-8_ses-03_task-imagery_run-05_eeg.edf	1250	True		sub-08	V	s	s	0	sub-08/ses-03/eeg/sub-08_ses-03_task-MotorImageryRest_run-05_eeg.vhdr	9be6d8eaf2b8fdb1588722b1baecc95a118780aaa4a180be5267a5ceb7a84e08	True	unresolved	unresolved
sub-8	03	05	sub-8/ses-03/run-05/tsv-row-9	9	right_hand	2	67.848	5.0	16962	18212	sub-8/ses-03/eeg/sub-8_ses-03_task-imagery_run-05_eeg.edf	1250	True		sub-08	V	s	s	0	sub-08/ses-03/eeg/sub-08_ses-03_task-MotorImageryRest_run-05_eeg.vhdr	9be6d8eaf2b8fdb1588722b1baecc95a118780aaa4a180be5267a5ceb7a84e08	True	unresolved	unresolved
sub-8	03	05	sub-8/ses-03/run-05/tsv-row-10	10	right_hand	2	74.736	5.0	18684	19934	sub-8/ses-03/eeg/sub-8_ses-03_task-imagery_run-05_eeg.edf	1250	True		sub-08	V	s	s	0	sub-08/ses-03/eeg/sub-08_ses-03_task-MotorImageryRest_run-05_eeg.vhdr	9be6d8eaf2b8fdb1588722b1baecc95a118780aaa4a180be5267a5ceb7a84e08	True	unresolved	unresolved
sub-8	03	05	sub-8/ses-03/run-05/tsv-row-11	11	rest	1	81.608	5.0	20402	21652	sub-8/ses-03/eeg/sub-8_ses-03_task-imagery_run-05_eeg.edf	1250	True		sub-08	V	s	s	0	sub-08/ses-03/eeg/sub-08_ses-03_task-MotorImageryRest_run-05_eeg.vhdr	9be6d8eaf2b8fdb1588722b1baecc95a118780aaa4a180be5267a5ceb7a84e08	True	unresolved	unresolved
sub-8	03	05	sub-8/ses-03/run-05/tsv-row-12	12	right_hand	2	88.508	5.0	22127	23377	sub-8/ses-03/eeg/sub-8_ses-03_task-imagery_run-05_eeg.edf	1250	True		sub-08	V	s	s	0	sub-08/ses-03/eeg/sub-08_ses-03_task-MotorImageryRest_run-05_eeg.vhdr	9be6d8eaf2b8fdb1588722b1baecc95a118780aaa4a180be5267a5ceb7a84e08	True	unresolved	unresolved
sub-8	03	05	sub-8/ses-03/run-05/tsv-row-13	13	rest	1	95.396	5.0	23849	25099	sub-8/ses-03/eeg/sub-8_ses-03_task-imagery_run-05_eeg.edf	1250	True		sub-08	V	s	s	0	sub-08/ses-03/eeg/sub-08_ses-03_task-MotorImageryRest_run-05_eeg.vhdr	9be6d8eaf2b8fdb1588722b1baecc95a118780aaa4a180be5267a5ceb7a84e08	True	unresolved	unresolved
sub-8	03	05	sub-8/ses-03/run-05/tsv-row-14	14	right_hand	2	102.28	5.0	25570	26820	sub-8/ses-03/eeg/sub-8_ses-03_task-imagery_run-05_eeg.edf	1250	True		sub-08	V	s	s	0	sub-08/ses-03/eeg/sub-08_ses-03_task-MotorImageryRest_run-05_eeg.vhdr	9be6d8eaf2b8fdb1588722b1baecc95a118780aaa4a180be5267a5ceb7a84e08	True	unresolved	unresolved
sub-8	03	05	sub-8/ses-03/run-05/tsv-row-15	15	rest	1	109.172	5.0	27293	28543	sub-8/ses-03/eeg/sub-8_ses-03_task-imagery_run-05_eeg.edf	1250	True		sub-08	V	s	s	0	sub-08/ses-03/eeg/sub-08_ses-03_task-MotorImageryRest_run-05_eeg.vhdr	9be6d8eaf2b8fdb1588722b1baecc95a118780aaa4a180be5267a5ceb7a84e08	True	unresolved	unresolved
sub-8	03	05	sub-8/ses-03/run-05/tsv-row-16	16	right_hand	2	116.056	5.0	29014	30264	sub-8/ses-03/eeg/sub-8_ses-03_task-imagery_run-05_eeg.edf	1250	True		sub-08	V	s	s	0	sub-08/ses-03/eeg/sub-08_ses-03_task-MotorImageryRest_run-05_eeg.vhdr	9be6d8eaf2b8fdb1588722b1baecc95a118780aaa4a180be5267a5ceb7a84e08	True	unresolved	unresolved
sub-8	03	05	sub-8/ses-03/run-05/tsv-row-17	17	rest	1	122.944	5.0	30736	31986	sub-8/ses-03/eeg/sub-8_ses-03_task-imagery_run-05_eeg.edf	1250	True		sub-08	V	s	s	0	sub-08/ses-03/eeg/sub-08_ses-03_task-MotorImageryRest_run-05_eeg.vhdr	9be6d8eaf2b8fdb1588722b1baecc95a118780aaa4a180be5267a5ceb7a84e08	True	unresolved	unresolved
sub-8	03	05	sub-8/ses-03/run-05/tsv-row-18	18	right_hand	2	129.844	5.0	32461	33711	sub-8/ses-03/eeg/sub-8_ses-03_task-imagery_run-05_eeg.edf	1250	True		sub-08	V	s	s	0	sub-08/ses-03/eeg/sub-08_ses-03_task-MotorImageryRest_run-05_eeg.vhdr	9be6d8eaf2b8fdb1588722b1baecc95a118780aaa4a180be5267a5ceb7a84e08	True	unresolved	unresolved
sub-8	03	05	sub-8/ses-03/run-05/tsv-row-19	19	rest	1	136.72	5.0	34180	35430	sub-8/ses-03/eeg/sub-8_ses-03_task-imagery_run-05_eeg.edf	1250	True		sub-08	V	s	s	0	sub-08/ses-03/eeg/sub-08_ses-03_task-MotorImageryRest_run-05_eeg.vhdr	9be6d8eaf2b8fdb1588722b1baecc95a118780aaa4a180be5267a5ceb7a84e08	True	unresolved	unresolved
sub-8	03	05	sub-8/ses-03/run-05/tsv-row-20	20	right_hand	2	143.604	5.0	35901	37151	sub-8/ses-03/eeg/sub-8_ses-03_task-imagery_run-05_eeg.edf	1250	True		sub-08	V	s	s	0	sub-08/ses-03/eeg/sub-08_ses-03_task-MotorImageryRest_run-05_eeg.vhdr	9be6d8eaf2b8fdb1588722b1baecc95a118780aaa4a180be5267a5ceb7a84e08	True	unresolved	unresolved
sub-8	03	05	sub-8/ses-03/run-05/tsv-row-21	21	rest	1	150.508	5.0	37627	38877	sub-8/ses-03/eeg/sub-8_ses-03_task-imagery_run-05_eeg.edf	1250	True		sub-08	V	s	s	0	sub-08/ses-03/eeg/sub-08_ses-03_task-MotorImageryRest_run-05_eeg.vhdr	9be6d8eaf2b8fdb1588722b1baecc95a118780aaa4a180be5267a5ceb7a84e08	True	unresolved	unresolved
sub-8	03	05	sub-8/ses-03/run-05/tsv-row-22	22	right_hand	2	157.392	5.0	39348	40598	sub-8/ses-03/eeg/sub-8_ses-03_task-imagery_run-05_eeg.edf	1250	True		sub-08	V	s	s	0	sub-08/ses-03/eeg/sub-08_ses-03_task-MotorImageryRest_run-05_eeg.vhdr	9be6d8eaf2b8fdb1588722b1baecc95a118780aaa4a180be5267a5ceb7a84e08	True	unresolved	unresolved
sub-8	03	05	sub-8/ses-03/run-05/tsv-row-23	23	rest	1	164.264	5.0	41066	42316	sub-8/ses-03/eeg/sub-8_ses-03_task-imagery_run-05_eeg.edf	1250	True		sub-08	V	s	s	0	sub-08/ses-03/eeg/sub-08_ses-03_task-MotorImageryRest_run-05_eeg.vhdr	9be6d8eaf2b8fdb1588722b1baecc95a118780aaa4a180be5267a5ceb7a84e08	True	unresolved	unresolved
sub-8	03	05	sub-8/ses-03/run-05/tsv-row-24	24	right_hand	2	171.148	5.0	42787	44037	sub-8/ses-03/eeg/sub-8_ses-03_task-imagery_run-05_eeg.edf	1250	True		sub-08	V	s	s	0	sub-08/ses-03/eeg/sub-08_ses-03_task-MotorImageryRest_run-05_eeg.vhdr	9be6d8eaf2b8fdb1588722b1baecc95a118780aaa4a180be5267a5ceb7a84e08	True	unresolved	unresolved
sub-8	03	05	sub-8/ses-03/run-05/tsv-row-25	25	rest	1	178.056	5.0	44514	45764	sub-8/ses-03/eeg/sub-8_ses-03_task-imagery_run-05_eeg.edf	1250	True		sub-08	V	s	s	0	sub-08/ses-03/eeg/sub-08_ses-03_task-MotorImageryRest_run-05_eeg.vhdr	9be6d8eaf2b8fdb1588722b1baecc95a118780aaa4a180be5267a5ceb7a84e08	True	unresolved	unresolved
sub-8	03	05	sub-8/ses-03/run-05/tsv-row-26	26	rest	1	184.944	5.0	46236	47486	sub-8/ses-03/eeg/sub-8_ses-03_task-imagery_run-05_eeg.edf	1250	True		sub-08	V	s	s	0	sub-08/ses-03/eeg/sub-08_ses-03_task-MotorImageryRest_run-05_eeg.vhdr	9be6d8eaf2b8fdb1588722b1baecc95a118780aaa4a180be5267a5ceb7a84e08	True	unresolved	unresolved
sub-8	03	05	sub-8/ses-03/run-05/tsv-row-27	27	right_hand	2	191.808	5.0	47952	49202	sub-8/ses-03/eeg/sub-8_ses-03_task-imagery_run-05_eeg.edf	1250	True		sub-08	V	s	s	0	sub-08/ses-03/eeg/sub-08_ses-03_task-MotorImageryRest_run-05_eeg.vhdr	9be6d8eaf2b8fdb1588722b1baecc95a118780aaa4a180be5267a5ceb7a84e08	True	unresolved	unresolved
sub-8	03	05	sub-8/ses-03/run-05/tsv-row-28	28	rest	1	198.716	5.0	49679	50929	sub-8/ses-03/eeg/sub-8_ses-03_task-imagery_run-05_eeg.edf	1250	True		sub-08	V	s	s	0	sub-08/ses-03/eeg/sub-08_ses-03_task-MotorImageryRest_run-05_eeg.vhdr	9be6d8eaf2b8fdb1588722b1baecc95a118780aaa4a180be5267a5ceb7a84e08	True	unresolved	unresolved
sub-8	03	05	sub-8/ses-03/run-05/tsv-row-29	29	right_hand	2	205.6	5.0	51400	52650	sub-8/ses-03/eeg/sub-8_ses-03_task-imagery_run-05_eeg.edf	1250	True		sub-08	V	s	s	0	sub-08/ses-03/eeg/sub-08_ses-03_task-MotorImageryRest_run-05_eeg.vhdr	9be6d8eaf2b8fdb1588722b1baecc95a118780aaa4a180be5267a5ceb7a84e08	True	unresolved	unresolved
sub-8	03	05	sub-8/ses-03/run-05/tsv-row-30	30	rest	1	212.488	5.0	53122	54372	sub-8/ses-03/eeg/sub-8_ses-03_task-imagery_run-05_eeg.edf	1250	True		sub-08	V	s	s	0	sub-08/ses-03/eeg/sub-08_ses-03_task-MotorImageryRest_run-05_eeg.vhdr	9be6d8eaf2b8fdb1588722b1baecc95a118780aaa4a180be5267a5ceb7a84e08	True	unresolved	unresolved
sub-8	03	05	sub-8/ses-03/run-05/tsv-row-31	31	right_hand	2	219.372	5.0	54843	56093	sub-8/ses-03/eeg/sub-8_ses-03_task-imagery_run-05_eeg.edf	1250	True		sub-08	V	s	s	0	sub-08/ses-03/eeg/sub-08_ses-03_task-MotorImageryRest_run-05_eeg.vhdr	9be6d8eaf2b8fdb1588722b1baecc95a118780aaa4a180be5267a5ceb7a84e08	True	unresolved	unresolved
sub-8	03	06	sub-8/ses-03/run-06/tsv-row-1	1	right_hand	2	5.932	5.0	1483	2733	sub-8/ses-03/eeg/sub-8_ses-03_task-imagery_run-06_eeg.edf	1250	True		sub-08	V	s	s	0	sub-08/ses-03/eeg/sub-08_ses-03_task-MotorImageryRest_run-06_eeg.vhdr	db54d30332b83364bc1165018a30b0885e446a8c4131ce4a4d7cabeca90661c2	True	unresolved	unresolved
sub-8	03	06	sub-8/ses-03/run-06/tsv-row-2	2	rest	1	12.824	5.0	3206	4456	sub-8/ses-03/eeg/sub-8_ses-03_task-imagery_run-06_eeg.edf	1250	True		sub-08	V	s	s	0	sub-08/ses-03/eeg/sub-08_ses-03_task-MotorImageryRest_run-06_eeg.vhdr	db54d30332b83364bc1165018a30b0885e446a8c4131ce4a4d7cabeca90661c2	True	unresolved	unresolved
sub-8	03	06	sub-8/ses-03/run-06/tsv-row-3	3	rest	1	19.712	5.0	4928	6178	sub-8/ses-03/eeg/sub-8_ses-03_task-imagery_run-06_eeg.edf	1250	True		sub-08	V	s	s	0	sub-08/ses-03/eeg/sub-08_ses-03_task-MotorImageryRest_run-06_eeg.vhdr	db54d30332b83364bc1165018a30b0885e446a8c4131ce4a4d7cabeca90661c2	True	unresolved	unresolved
sub-8	03	06	sub-8/ses-03/run-06/tsv-row-4	4	right_hand	2	26.596	5.0	6649	7899	sub-8/ses-03/eeg/sub-8_ses-03_task-imagery_run-06_eeg.edf	1250	True		sub-08	V	s	s	0	sub-08/ses-03/eeg/sub-08_ses-03_task-MotorImageryRest_run-06_eeg.vhdr	db54d30332b83364bc1165018a30b0885e446a8c4131ce4a4d7cabeca90661c2	True	unresolved	unresolved
sub-8	03	06	sub-8/ses-03/run-06/tsv-row-5	5	right_hand	2	33.5	5.0	8375	9625	sub-8/ses-03/eeg/sub-8_ses-03_task-imagery_run-06_eeg.edf	1250	True		sub-08	V	s	s	0	sub-08/ses-03/eeg/sub-08_ses-03_task-MotorImageryRest_run-06_eeg.vhdr	db54d30332b83364bc1165018a30b0885e446a8c4131ce4a4d7cabeca90661c2	True	unresolved	unresolved
sub-8	03	06	sub-8/ses-03/run-06/tsv-row-6	6	rest	1	40.404	5.0	10101	11351	sub-8/ses-03/eeg/sub-8_ses-03_task-imagery_run-06_eeg.edf	1250	True		sub-08	V	s	s	0	sub-08/ses-03/eeg/sub-08_ses-03_task-MotorImageryRest_run-06_eeg.vhdr	db54d30332b83364bc1165018a30b0885e446a8c4131ce4a4d7cabeca90661c2	True	unresolved	unresolved
sub-8	03	06	sub-8/ses-03/run-06/tsv-row-7	7	rest	1	47.276	5.0	11819	13069	sub-8/ses-03/eeg/sub-8_ses-03_task-imagery_run-06_eeg.edf	1250	True		sub-08	V	s	s	0	sub-08/ses-03/eeg/sub-08_ses-03_task-MotorImageryRest_run-06_eeg.vhdr	db54d30332b83364bc1165018a30b0885e446a8c4131ce4a4d7cabeca90661c2	True	unresolved	unresolved
sub-8	03	06	sub-8/ses-03/run-06/tsv-row-8	8	right_hand	2	54.144	5.0	13536	14786	sub-8/ses-03/eeg/sub-8_ses-03_task-imagery_run-06_eeg.edf	1250	True		sub-08	V	s	s	0	sub-08/ses-03/eeg/sub-08_ses-03_task-MotorImageryRest_run-06_eeg.vhdr	db54d30332b83364bc1165018a30b0885e446a8c4131ce4a4d7cabeca90661c2	True	unresolved	unresolved
sub-8	03	06	sub-8/ses-03/run-06/tsv-row-9	9	rest	1	61.048	5.0	15262	16512	sub-8/ses-03/eeg/sub-8_ses-03_task-imagery_run-06_eeg.edf	1250	True		sub-08	V	s	s	0	sub-08/ses-03/eeg/sub-08_ses-03_task-MotorImageryRest_run-06_eeg.vhdr	db54d30332b83364bc1165018a30b0885e446a8c4131ce4a4d7cabeca90661c2	True	unresolved	unresolved
sub-8	03	06	sub-8/ses-03/run-06/tsv-row-10	10	right_hand	2	67.932	5.0	16983	18233	sub-8/ses-03/eeg/sub-8_ses-03_task-imagery_run-06_eeg.edf	1250	True		sub-08	V	s	s	0	sub-08/ses-03/eeg/sub-08_ses-03_task-MotorImageryRest_run-06_eeg.vhdr	db54d30332b83364bc1165018a30b0885e446a8c4131ce4a4d7cabeca90661c2	True	unresolved	unresolved
sub-8	03	06	sub-8/ses-03/run-06/tsv-row-11	11	rest	1	74.804	5.0	18701	19951	sub-8/ses-03/eeg/sub-8_ses-03_task-imagery_run-06_eeg.edf	1250	True		sub-08	V	s	s	0	sub-08/ses-03/eeg/sub-08_ses-03_task-MotorImageryRest_run-06_eeg.vhdr	db54d30332b83364bc1165018a30b0885e446a8c4131ce4a4d7cabeca90661c2	True	unresolved	unresolved
sub-8	03	06	sub-8/ses-03/run-06/tsv-row-12	12	right_hand	2	81.708	5.0	20427	21677	sub-8/ses-03/eeg/sub-8_ses-03_task-imagery_run-06_eeg.edf	1250	True		sub-08	V	s	s	0	sub-08/ses-03/eeg/sub-08_ses-03_task-MotorImageryRest_run-06_eeg.vhdr	db54d30332b83364bc1165018a30b0885e446a8c4131ce4a4d7cabeca90661c2	True	unresolved	unresolved
sub-8	03	06	sub-8/ses-03/run-06/tsv-row-13	13	rest	1	88.596	5.0	22149	23399	sub-8/ses-03/eeg/sub-8_ses-03_task-imagery_run-06_eeg.edf	1250	True		sub-08	V	s	s	0	sub-08/ses-03/eeg/sub-08_ses-03_task-MotorImageryRest_run-06_eeg.vhdr	db54d30332b83364bc1165018a30b0885e446a8c4131ce4a4d7cabeca90661c2	True	unresolved	unresolved
sub-8	03	06	sub-8/ses-03/run-06/tsv-row-14	14	right_hand	2	95.48	5.0	23870	25120	sub-8/ses-03/eeg/sub-8_ses-03_task-imagery_run-06_eeg.edf	1250	True		sub-08	V	s	s	0	sub-08/ses-03/eeg/sub-08_ses-03_task-MotorImageryRest_run-06_eeg.vhdr	db54d30332b83364bc1165018a30b0885e446a8c4131ce4a4d7cabeca90661c2	True	unresolved	unresolved
sub-8	03	06	sub-8/ses-03/run-06/tsv-row-15	15	right_hand	2	102.368	5.0	25592	26842	sub-8/ses-03/eeg/sub-8_ses-03_task-imagery_run-06_eeg.edf	1250	True		sub-08	V	s	s	0	sub-08/ses-03/eeg/sub-08_ses-03_task-MotorImageryRest_run-06_eeg.vhdr	db54d30332b83364bc1165018a30b0885e446a8c4131ce4a4d7cabeca90661c2	True	unresolved	unresolved
sub-8	03	06	sub-8/ses-03/run-06/tsv-row-16	16	rest	1	109.256	5.0	27314	28564	sub-8/ses-03/eeg/sub-8_ses-03_task-imagery_run-06_eeg.edf	1250	True		sub-08	V	s	s	0	sub-08/ses-03/eeg/sub-08_ses-03_task-MotorImageryRest_run-06_eeg.vhdr	db54d30332b83364bc1165018a30b0885e446a8c4131ce4a4d7cabeca90661c2	True	unresolved	unresolved
sub-8	03	06	sub-8/ses-03/run-06/tsv-row-17	17	rest	1	116.144	5.0	29036	30286	sub-8/ses-03/eeg/sub-8_ses-03_task-imagery_run-06_eeg.edf	1250	True		sub-08	V	s	s	0	sub-08/ses-03/eeg/sub-08_ses-03_task-MotorImageryRest_run-06_eeg.vhdr	db54d30332b83364bc1165018a30b0885e446a8c4131ce4a4d7cabeca90661c2	True	unresolved	unresolved
sub-8	03	06	sub-8/ses-03/run-06/tsv-row-18	18	right_hand	2	123.044	5.0	30761	32011	sub-8/ses-03/eeg/sub-8_ses-03_task-imagery_run-06_eeg.edf	1250	True		sub-08	V	s	s	0	sub-08/ses-03/eeg/sub-08_ses-03_task-MotorImageryRest_run-06_eeg.vhdr	db54d30332b83364bc1165018a30b0885e446a8c4131ce4a4d7cabeca90661c2	True	unresolved	unresolved
sub-8	03	06	sub-8/ses-03/run-06/tsv-row-19	19	right_hand	2	129.932	5.0	32483	33733	sub-8/ses-03/eeg/sub-8_ses-03_task-imagery_run-06_eeg.edf	1250	True		sub-08	V	s	s	0	sub-08/ses-03/eeg/sub-08_ses-03_task-MotorImageryRest_run-06_eeg.vhdr	db54d30332b83364bc1165018a30b0885e446a8c4131ce4a4d7cabeca90661c2	True	unresolved	unresolved
sub-8	03	06	sub-8/ses-03/run-06/tsv-row-20	20	rest	1	136.804	5.0	34201	35451	sub-8/ses-03/eeg/sub-8_ses-03_task-imagery_run-06_eeg.edf	1250	True		sub-08	V	s	s	0	sub-08/ses-03/eeg/sub-08_ses-03_task-MotorImageryRest_run-06_eeg.vhdr	db54d30332b83364bc1165018a30b0885e446a8c4131ce4a4d7cabeca90661c2	True	unresolved	unresolved
sub-8	03	06	sub-8/ses-03/run-06/tsv-row-21	21	right_hand	2	143.688	5.0	35922	37172	sub-8/ses-03/eeg/sub-8_ses-03_task-imagery_run-06_eeg.edf	1250	True		sub-08	V	s	s	0	sub-08/ses-03/eeg/sub-08_ses-03_task-MotorImageryRest_run-06_eeg.vhdr	db54d30332b83364bc1165018a30b0885e446a8c4131ce4a4d7cabeca90661c2	True	unresolved	unresolved
sub-8	03	06	sub-8/ses-03/run-06/tsv-row-22	22	rest	1	150.596	5.0	37649	38899	sub-8/ses-03/eeg/sub-8_ses-03_task-imagery_run-06_eeg.edf	1250	True		sub-08	V	s	s	0	sub-08/ses-03/eeg/sub-08_ses-03_task-MotorImageryRest_run-06_eeg.vhdr	db54d30332b83364bc1165018a30b0885e446a8c4131ce4a4d7cabeca90661c2	True	unresolved	unresolved
sub-8	03	06	sub-8/ses-03/run-06/tsv-row-23	23	right_hand	2	157.46	5.0	39365	40615	sub-8/ses-03/eeg/sub-8_ses-03_task-imagery_run-06_eeg.edf	1250	True		sub-08	V	s	s	0	sub-08/ses-03/eeg/sub-08_ses-03_task-MotorImageryRest_run-06_eeg.vhdr	db54d30332b83364bc1165018a30b0885e446a8c4131ce4a4d7cabeca90661c2	True	unresolved	unresolved
sub-8	03	06	sub-8/ses-03/run-06/tsv-row-24	24	rest	1	164.368	5.0	41092	42342	sub-8/ses-03/eeg/sub-8_ses-03_task-imagery_run-06_eeg.edf	1250	True		sub-08	V	s	s	0	sub-08/ses-03/eeg/sub-08_ses-03_task-MotorImageryRest_run-06_eeg.vhdr	db54d30332b83364bc1165018a30b0885e446a8c4131ce4a4d7cabeca90661c2	True	unresolved	unresolved
sub-8	03	06	sub-8/ses-03/run-06/tsv-row-25	25	right_hand	2	171.252	5.0	42813	44063	sub-8/ses-03/eeg/sub-8_ses-03_task-imagery_run-06_eeg.edf	1250	True		sub-08	V	s	s	0	sub-08/ses-03/eeg/sub-08_ses-03_task-MotorImageryRest_run-06_eeg.vhdr	db54d30332b83364bc1165018a30b0885e446a8c4131ce4a4d7cabeca90661c2	True	unresolved	unresolved
sub-8	03	06	sub-8/ses-03/run-06/tsv-row-26	26	rest	1	178.14	5.0	44535	45785	sub-8/ses-03/eeg/sub-8_ses-03_task-imagery_run-06_eeg.edf	1250	True		sub-08	V	s	s	0	sub-08/ses-03/eeg/sub-08_ses-03_task-MotorImageryRest_run-06_eeg.vhdr	db54d30332b83364bc1165018a30b0885e446a8c4131ce4a4d7cabeca90661c2	True	unresolved	unresolved
sub-8	03	06	sub-8/ses-03/run-06/tsv-row-27	27	rest	1	185.012	5.0	46253	47503	sub-8/ses-03/eeg/sub-8_ses-03_task-imagery_run-06_eeg.edf	1250	True		sub-08	V	s	s	0	sub-08/ses-03/eeg/sub-08_ses-03_task-MotorImageryRest_run-06_eeg.vhdr	db54d30332b83364bc1165018a30b0885e446a8c4131ce4a4d7cabeca90661c2	True	unresolved	unresolved
sub-8	03	06	sub-8/ses-03/run-06/tsv-row-28	28	right_hand	2	191.912	5.0	47978	49228	sub-8/ses-03/eeg/sub-8_ses-03_task-imagery_run-06_eeg.edf	1250	True		sub-08	V	s	s	0	sub-08/ses-03/eeg/sub-08_ses-03_task-MotorImageryRest_run-06_eeg.vhdr	db54d30332b83364bc1165018a30b0885e446a8c4131ce4a4d7cabeca90661c2	True	unresolved	unresolved
sub-8	03	06	sub-8/ses-03/run-06/tsv-row-29	29	rest	1	198.8	5.0	49700	50950	sub-8/ses-03/eeg/sub-8_ses-03_task-imagery_run-06_eeg.edf	1250	True		sub-08	V	s	s	0	sub-08/ses-03/eeg/sub-08_ses-03_task-MotorImageryRest_run-06_eeg.vhdr	db54d30332b83364bc1165018a30b0885e446a8c4131ce4a4d7cabeca90661c2	True	unresolved	unresolved
sub-8	03	06	sub-8/ses-03/run-06/tsv-row-30	30	right_hand	2	205.684	5.0	51421	52671	sub-8/ses-03/eeg/sub-8_ses-03_task-imagery_run-06_eeg.edf	1250	True		sub-08	V	s	s	0	sub-08/ses-03/eeg/sub-08_ses-03_task-MotorImageryRest_run-06_eeg.vhdr	db54d30332b83364bc1165018a30b0885e446a8c4131ce4a4d7cabeca90661c2	True	unresolved	unresolved
sub-8	03	06	sub-8/ses-03/run-06/tsv-row-31	31	rest	1	212.576	5.0	53144	54394	sub-8/ses-03/eeg/sub-8_ses-03_task-imagery_run-06_eeg.edf	1250	True		sub-08	V	s	s	0	sub-08/ses-03/eeg/sub-08_ses-03_task-MotorImageryRest_run-06_eeg.vhdr	db54d30332b83364bc1165018a30b0885e446a8c4131ce4a4d7cabeca90661c2	True	unresolved	unresolved
sub-8	03	06	sub-8/ses-03/run-06/tsv-row-32	32	right_hand	2	219.46	5.0	54865	56115	sub-8/ses-03/eeg/sub-8_ses-03_task-imagery_run-06_eeg.edf	1250	True		sub-08	V	s	s	0	sub-08/ses-03/eeg/sub-08_ses-03_task-MotorImageryRest_run-06_eeg.vhdr	db54d30332b83364bc1165018a30b0885e446a8c4131ce4a4d7cabeca90661c2	True	unresolved	unresolved
sub-8	04	01	sub-8/ses-04/run-01/tsv-row-1	1	right_hand	2	6.824	5.0	1706	2956	sub-8/ses-04/eeg/sub-8_ses-04_task-imagery_run-01_eeg.edf	1250	True		sub-08	V	s	s	0	sub-08/ses-04/eeg/sub-08_ses-04_task-MotorImageryRest_run-01_eeg.vhdr	7d7b06d59b9460d855f31e1715c4d8ef9e86143c53600af027a817ea10765e78	True	unresolved	unresolved
sub-8	04	01	sub-8/ses-04/run-01/tsv-row-2	2	rest	1	13.72	5.0	3430	4680	sub-8/ses-04/eeg/sub-8_ses-04_task-imagery_run-01_eeg.edf	1250	True		sub-08	V	s	s	0	sub-08/ses-04/eeg/sub-08_ses-04_task-MotorImageryRest_run-01_eeg.vhdr	7d7b06d59b9460d855f31e1715c4d8ef9e86143c53600af027a817ea10765e78	True	unresolved	unresolved
sub-8	04	01	sub-8/ses-04/run-01/tsv-row-3	3	right_hand	2	20.604	5.0	5151	6401	sub-8/ses-04/eeg/sub-8_ses-04_task-imagery_run-01_eeg.edf	1250	True		sub-08	V	s	s	0	sub-08/ses-04/eeg/sub-08_ses-04_task-MotorImageryRest_run-01_eeg.vhdr	7d7b06d59b9460d855f31e1715c4d8ef9e86143c53600af027a817ea10765e78	True	unresolved	unresolved
sub-8	04	01	sub-8/ses-04/run-01/tsv-row-4	4	rest	1	27.508	5.0	6877	8127	sub-8/ses-04/eeg/sub-8_ses-04_task-imagery_run-01_eeg.edf	1250	True		sub-08	V	s	s	0	sub-08/ses-04/eeg/sub-08_ses-04_task-MotorImageryRest_run-01_eeg.vhdr	7d7b06d59b9460d855f31e1715c4d8ef9e86143c53600af027a817ea10765e78	True	unresolved	unresolved
sub-8	04	01	sub-8/ses-04/run-01/tsv-row-5	5	rest	1	34.396	5.0	8599	9849	sub-8/ses-04/eeg/sub-8_ses-04_task-imagery_run-01_eeg.edf	1250	True		sub-08	V	s	s	0	sub-08/ses-04/eeg/sub-08_ses-04_task-MotorImageryRest_run-01_eeg.vhdr	7d7b06d59b9460d855f31e1715c4d8ef9e86143c53600af027a817ea10765e78	True	unresolved	unresolved
sub-8	04	01	sub-8/ses-04/run-01/tsv-row-6	6	right_hand	2	41.264	5.0	10316	11566	sub-8/ses-04/eeg/sub-8_ses-04_task-imagery_run-01_eeg.edf	1250	True		sub-08	V	s	s	0	sub-08/ses-04/eeg/sub-08_ses-04_task-MotorImageryRest_run-01_eeg.vhdr	7d7b06d59b9460d855f31e1715c4d8ef9e86143c53600af027a817ea10765e78	True	unresolved	unresolved
sub-8	04	01	sub-8/ses-04/run-01/tsv-row-7	7	right_hand	2	48.168	5.0	12042	13292	sub-8/ses-04/eeg/sub-8_ses-04_task-imagery_run-01_eeg.edf	1250	True		sub-08	V	s	s	0	sub-08/ses-04/eeg/sub-08_ses-04_task-MotorImageryRest_run-01_eeg.vhdr	7d7b06d59b9460d855f31e1715c4d8ef9e86143c53600af027a817ea10765e78	True	unresolved	unresolved
sub-8	04	01	sub-8/ses-04/run-01/tsv-row-8	8	rest	1	55.056	5.0	13764	15014	sub-8/ses-04/eeg/sub-8_ses-04_task-imagery_run-01_eeg.edf	1250	True		sub-08	V	s	s	0	sub-08/ses-04/eeg/sub-08_ses-04_task-MotorImageryRest_run-01_eeg.vhdr	7d7b06d59b9460d855f31e1715c4d8ef9e86143c53600af027a817ea10765e78	True	unresolved	unresolved
sub-8	04	01	sub-8/ses-04/run-01/tsv-row-9	9	rest	1	61.944	5.0	15486	16736	sub-8/ses-04/eeg/sub-8_ses-04_task-imagery_run-01_eeg.edf	1250	True		sub-08	V	s	s	0	sub-08/ses-04/eeg/sub-08_ses-04_task-MotorImageryRest_run-01_eeg.vhdr	7d7b06d59b9460d855f31e1715c4d8ef9e86143c53600af027a817ea10765e78	True	unresolved	unresolved
sub-8	04	01	sub-8/ses-04/run-01/tsv-row-10	10	right_hand	2	68.828	5.0	17207	18457	sub-8/ses-04/eeg/sub-8_ses-04_task-imagery_run-01_eeg.edf	1250	True		sub-08	V	s	s	0	sub-08/ses-04/eeg/sub-08_ses-04_task-MotorImageryRest_run-01_eeg.vhdr	7d7b06d59b9460d855f31e1715c4d8ef9e86143c53600af027a817ea10765e78	True	unresolved	unresolved
sub-8	04	01	sub-8/ses-04/run-01/tsv-row-11	11	right_hand	2	75.712	5.0	18928	20178	sub-8/ses-04/eeg/sub-8_ses-04_task-imagery_run-01_eeg.edf	1250	True		sub-08	V	s	s	0	sub-08/ses-04/eeg/sub-08_ses-04_task-MotorImageryRest_run-01_eeg.vhdr	7d7b06d59b9460d855f31e1715c4d8ef9e86143c53600af027a817ea10765e78	True	unresolved	unresolved
sub-8	04	01	sub-8/ses-04/run-01/tsv-row-12	12	rest	1	82.604	5.0	20651	21901	sub-8/ses-04/eeg/sub-8_ses-04_task-imagery_run-01_eeg.edf	1250	True		sub-08	V	s	s	0	sub-08/ses-04/eeg/sub-08_ses-04_task-MotorImageryRest_run-01_eeg.vhdr	7d7b06d59b9460d855f31e1715c4d8ef9e86143c53600af027a817ea10765e78	True	unresolved	unresolved
sub-8	04	01	sub-8/ses-04/run-01/tsv-row-13	13	right_hand	2	89.488	5.0	22372	23622	sub-8/ses-04/eeg/sub-8_ses-04_task-imagery_run-01_eeg.edf	1250	True		sub-08	V	s	s	0	sub-08/ses-04/eeg/sub-08_ses-04_task-MotorImageryRest_run-01_eeg.vhdr	7d7b06d59b9460d855f31e1715c4d8ef9e86143c53600af027a817ea10765e78	True	unresolved	unresolved
sub-8	04	01	sub-8/ses-04/run-01/tsv-row-14	14	rest	1	96.376	5.0	24094	25344	sub-8/ses-04/eeg/sub-8_ses-04_task-imagery_run-01_eeg.edf	1250	True		sub-08	V	s	s	0	sub-08/ses-04/eeg/sub-08_ses-04_task-MotorImageryRest_run-01_eeg.vhdr	7d7b06d59b9460d855f31e1715c4d8ef9e86143c53600af027a817ea10765e78	True	unresolved	unresolved
sub-8	04	01	sub-8/ses-04/run-01/tsv-row-15	15	right_hand	2	103.26	5.0	25815	27065	sub-8/ses-04/eeg/sub-8_ses-04_task-imagery_run-01_eeg.edf	1250	True		sub-08	V	s	s	0	sub-08/ses-04/eeg/sub-08_ses-04_task-MotorImageryRest_run-01_eeg.vhdr	7d7b06d59b9460d855f31e1715c4d8ef9e86143c53600af027a817ea10765e78	True	unresolved	unresolved
sub-8	04	01	sub-8/ses-04/run-01/tsv-row-16	16	rest	1	110.168	5.0	27542	28792	sub-8/ses-04/eeg/sub-8_ses-04_task-imagery_run-01_eeg.edf	1250	True		sub-08	V	s	s	0	sub-08/ses-04/eeg/sub-08_ses-04_task-MotorImageryRest_run-01_eeg.vhdr	7d7b06d59b9460d855f31e1715c4d8ef9e86143c53600af027a817ea10765e78	True	unresolved	unresolved
sub-8	04	01	sub-8/ses-04/run-01/tsv-row-17	17	rest	1	117.056	5.0	29264	30514	sub-8/ses-04/eeg/sub-8_ses-04_task-imagery_run-01_eeg.edf	1250	True		sub-08	V	s	s	0	sub-08/ses-04/eeg/sub-08_ses-04_task-MotorImageryRest_run-01_eeg.vhdr	7d7b06d59b9460d855f31e1715c4d8ef9e86143c53600af027a817ea10765e78	True	unresolved	unresolved
sub-8	04	01	sub-8/ses-04/run-01/tsv-row-18	18	right_hand	2	123.92	5.0	30980	32230	sub-8/ses-04/eeg/sub-8_ses-04_task-imagery_run-01_eeg.edf	1250	True		sub-08	V	s	s	0	sub-08/ses-04/eeg/sub-08_ses-04_task-MotorImageryRest_run-01_eeg.vhdr	7d7b06d59b9460d855f31e1715c4d8ef9e86143c53600af027a817ea10765e78	True	unresolved	unresolved
sub-8	04	01	sub-8/ses-04/run-01/tsv-row-19	19	rest	1	130.812	5.0	32703	33953	sub-8/ses-04/eeg/sub-8_ses-04_task-imagery_run-01_eeg.edf	1250	True		sub-08	V	s	s	0	sub-08/ses-04/eeg/sub-08_ses-04_task-MotorImageryRest_run-01_eeg.vhdr	7d7b06d59b9460d855f31e1715c4d8ef9e86143c53600af027a817ea10765e78	True	unresolved	unresolved
sub-8	04	01	sub-8/ses-04/run-01/tsv-row-20	20	right_hand	2	137.712	5.0	34428	35678	sub-8/ses-04/eeg/sub-8_ses-04_task-imagery_run-01_eeg.edf	1250	True		sub-08	V	s	s	0	sub-08/ses-04/eeg/sub-08_ses-04_task-MotorImageryRest_run-01_eeg.vhdr	7d7b06d59b9460d855f31e1715c4d8ef9e86143c53600af027a817ea10765e78	True	unresolved	unresolved
sub-8	04	01	sub-8/ses-04/run-01/tsv-row-21	21	rest	1	144.584	5.0	36146	37396	sub-8/ses-04/eeg/sub-8_ses-04_task-imagery_run-01_eeg.edf	1250	True		sub-08	V	s	s	0	sub-08/ses-04/eeg/sub-08_ses-04_task-MotorImageryRest_run-01_eeg.vhdr	7d7b06d59b9460d855f31e1715c4d8ef9e86143c53600af027a817ea10765e78	True	unresolved	unresolved
sub-8	04	01	sub-8/ses-04/run-01/tsv-row-22	22	right_hand	2	151.468	5.0	37867	39117	sub-8/ses-04/eeg/sub-8_ses-04_task-imagery_run-01_eeg.edf	1250	True		sub-08	V	s	s	0	sub-08/ses-04/eeg/sub-08_ses-04_task-MotorImageryRest_run-01_eeg.vhdr	7d7b06d59b9460d855f31e1715c4d8ef9e86143c53600af027a817ea10765e78	True	unresolved	unresolved
sub-8	04	01	sub-8/ses-04/run-01/tsv-row-23	23	rest	1	158.376	5.0	39594	40844	sub-8/ses-04/eeg/sub-8_ses-04_task-imagery_run-01_eeg.edf	1250	True		sub-08	V	s	s	0	sub-08/ses-04/eeg/sub-08_ses-04_task-MotorImageryRest_run-01_eeg.vhdr	7d7b06d59b9460d855f31e1715c4d8ef9e86143c53600af027a817ea10765e78	True	unresolved	unresolved
sub-8	04	01	sub-8/ses-04/run-01/tsv-row-24	24	right_hand	2	165.26	5.0	41315	42565	sub-8/ses-04/eeg/sub-8_ses-04_task-imagery_run-01_eeg.edf	1250	True		sub-08	V	s	s	0	sub-08/ses-04/eeg/sub-08_ses-04_task-MotorImageryRest_run-01_eeg.vhdr	7d7b06d59b9460d855f31e1715c4d8ef9e86143c53600af027a817ea10765e78	True	unresolved	unresolved
sub-8	04	01	sub-8/ses-04/run-01/tsv-row-25	25	rest	1	172.132	5.0	43033	44283	sub-8/ses-04/eeg/sub-8_ses-04_task-imagery_run-01_eeg.edf	1250	True		sub-08	V	s	s	0	sub-08/ses-04/eeg/sub-08_ses-04_task-MotorImageryRest_run-01_eeg.vhdr	7d7b06d59b9460d855f31e1715c4d8ef9e86143c53600af027a817ea10765e78	True	unresolved	unresolved
sub-8	04	01	sub-8/ses-04/run-01/tsv-row-26	26	right_hand	2	179.032	5.0	44758	46008	sub-8/ses-04/eeg/sub-8_ses-04_task-imagery_run-01_eeg.edf	1250	True		sub-08	V	s	s	0	sub-08/ses-04/eeg/sub-08_ses-04_task-MotorImageryRest_run-01_eeg.vhdr	7d7b06d59b9460d855f31e1715c4d8ef9e86143c53600af027a817ea10765e78	True	unresolved	unresolved
sub-8	04	01	sub-8/ses-04/run-01/tsv-row-27	27	right_hand	2	185.92	5.0	46480	47730	sub-8/ses-04/eeg/sub-8_ses-04_task-imagery_run-01_eeg.edf	1250	True		sub-08	V	s	s	0	sub-08/ses-04/eeg/sub-08_ses-04_task-MotorImageryRest_run-01_eeg.vhdr	7d7b06d59b9460d855f31e1715c4d8ef9e86143c53600af027a817ea10765e78	True	unresolved	unresolved
sub-8	04	01	sub-8/ses-04/run-01/tsv-row-28	28	rest	1	192.808	5.0	48202	49452	sub-8/ses-04/eeg/sub-8_ses-04_task-imagery_run-01_eeg.edf	1250	True		sub-08	V	s	s	0	sub-08/ses-04/eeg/sub-08_ses-04_task-MotorImageryRest_run-01_eeg.vhdr	7d7b06d59b9460d855f31e1715c4d8ef9e86143c53600af027a817ea10765e78	True	unresolved	unresolved
sub-8	04	01	sub-8/ses-04/run-01/tsv-row-29	29	rest	1	199.696	5.0	49924	51174	sub-8/ses-04/eeg/sub-8_ses-04_task-imagery_run-01_eeg.edf	1250	True		sub-08	V	s	s	0	sub-08/ses-04/eeg/sub-08_ses-04_task-MotorImageryRest_run-01_eeg.vhdr	7d7b06d59b9460d855f31e1715c4d8ef9e86143c53600af027a817ea10765e78	True	unresolved	unresolved
sub-8	04	01	sub-8/ses-04/run-01/tsv-row-30	30	right_hand	2	206.58	5.0	51645	52895	sub-8/ses-04/eeg/sub-8_ses-04_task-imagery_run-01_eeg.edf	1250	True		sub-08	V	s	s	0	sub-08/ses-04/eeg/sub-08_ses-04_task-MotorImageryRest_run-01_eeg.vhdr	7d7b06d59b9460d855f31e1715c4d8ef9e86143c53600af027a817ea10765e78	True	unresolved	unresolved
sub-8	04	01	sub-8/ses-04/run-01/tsv-row-31	31	rest	1	213.468	5.0	53367	54617	sub-8/ses-04/eeg/sub-8_ses-04_task-imagery_run-01_eeg.edf	1250	True		sub-08	V	s	s	0	sub-08/ses-04/eeg/sub-08_ses-04_task-MotorImageryRest_run-01_eeg.vhdr	7d7b06d59b9460d855f31e1715c4d8ef9e86143c53600af027a817ea10765e78	True	unresolved	unresolved
sub-8	04	01	sub-8/ses-04/run-01/tsv-row-32	32	right_hand	2	220.372	5.0	55093	56343	sub-8/ses-04/eeg/sub-8_ses-04_task-imagery_run-01_eeg.edf	1250	True		sub-08	V	s	s	0	sub-08/ses-04/eeg/sub-08_ses-04_task-MotorImageryRest_run-01_eeg.vhdr	7d7b06d59b9460d855f31e1715c4d8ef9e86143c53600af027a817ea10765e78	True	unresolved	unresolved
sub-8	04	02	sub-8/ses-04/run-02/tsv-row-1	1	rest	1	6.64	5.0	1660	2910	sub-8/ses-04/eeg/sub-8_ses-04_task-imagery_run-02_eeg.edf	1250	True		sub-08	V	s	s	0	sub-08/ses-04/eeg/sub-08_ses-04_task-MotorImageryRest_run-02_eeg.vhdr	abef67ea63685e2805ca0a96553507f4817bbe0094964a711074cf5fa1f2b4f6	True	unresolved	unresolved
sub-8	04	02	sub-8/ses-04/run-02/tsv-row-2	2	right_hand	2	13.528	5.0	3382	4632	sub-8/ses-04/eeg/sub-8_ses-04_task-imagery_run-02_eeg.edf	1250	True		sub-08	V	s	s	0	sub-08/ses-04/eeg/sub-08_ses-04_task-MotorImageryRest_run-02_eeg.vhdr	abef67ea63685e2805ca0a96553507f4817bbe0094964a711074cf5fa1f2b4f6	True	unresolved	unresolved
sub-8	04	02	sub-8/ses-04/run-02/tsv-row-3	3	right_hand	2	20.412	5.0	5103	6353	sub-8/ses-04/eeg/sub-8_ses-04_task-imagery_run-02_eeg.edf	1250	True		sub-08	V	s	s	0	sub-08/ses-04/eeg/sub-08_ses-04_task-MotorImageryRest_run-02_eeg.vhdr	abef67ea63685e2805ca0a96553507f4817bbe0094964a711074cf5fa1f2b4f6	True	unresolved	unresolved
sub-8	04	02	sub-8/ses-04/run-02/tsv-row-4	4	rest	1	27.304	5.0	6826	8076	sub-8/ses-04/eeg/sub-8_ses-04_task-imagery_run-02_eeg.edf	1250	True		sub-08	V	s	s	0	sub-08/ses-04/eeg/sub-08_ses-04_task-MotorImageryRest_run-02_eeg.vhdr	abef67ea63685e2805ca0a96553507f4817bbe0094964a711074cf5fa1f2b4f6	True	unresolved	unresolved
sub-8	04	02	sub-8/ses-04/run-02/tsv-row-5	5	rest	1	34.188	5.0	8547	9797	sub-8/ses-04/eeg/sub-8_ses-04_task-imagery_run-02_eeg.edf	1250	True		sub-08	V	s	s	0	sub-08/ses-04/eeg/sub-08_ses-04_task-MotorImageryRest_run-02_eeg.vhdr	abef67ea63685e2805ca0a96553507f4817bbe0094964a711074cf5fa1f2b4f6	True	unresolved	unresolved
sub-8	04	02	sub-8/ses-04/run-02/tsv-row-6	6	right_hand	2	41.072	5.0	10268	11518	sub-8/ses-04/eeg/sub-8_ses-04_task-imagery_run-02_eeg.edf	1250	True		sub-08	V	s	s	0	sub-08/ses-04/eeg/sub-08_ses-04_task-MotorImageryRest_run-02_eeg.vhdr	abef67ea63685e2805ca0a96553507f4817bbe0094964a711074cf5fa1f2b4f6	True	unresolved	unresolved
sub-8	04	02	sub-8/ses-04/run-02/tsv-row-7	7	right_hand	2	47.976	5.0	11994	13244	sub-8/ses-04/eeg/sub-8_ses-04_task-imagery_run-02_eeg.edf	1250	True		sub-08	V	s	s	0	sub-08/ses-04/eeg/sub-08_ses-04_task-MotorImageryRest_run-02_eeg.vhdr	abef67ea63685e2805ca0a96553507f4817bbe0094964a711074cf5fa1f2b4f6	True	unresolved	unresolved
sub-8	04	02	sub-8/ses-04/run-02/tsv-row-8	8	rest	1	54.852	5.0	13713	14963	sub-8/ses-04/eeg/sub-8_ses-04_task-imagery_run-02_eeg.edf	1250	True		sub-08	V	s	s	0	sub-08/ses-04/eeg/sub-08_ses-04_task-MotorImageryRest_run-02_eeg.vhdr	abef67ea63685e2805ca0a96553507f4817bbe0094964a711074cf5fa1f2b4f6	True	unresolved	unresolved
sub-8	04	02	sub-8/ses-04/run-02/tsv-row-9	9	rest	1	61.752	5.0	15438	16688	sub-8/ses-04/eeg/sub-8_ses-04_task-imagery_run-02_eeg.edf	1250	True		sub-08	V	s	s	0	sub-08/ses-04/eeg/sub-08_ses-04_task-MotorImageryRest_run-02_eeg.vhdr	abef67ea63685e2805ca0a96553507f4817bbe0094964a711074cf5fa1f2b4f6	True	unresolved	unresolved
sub-8	04	02	sub-8/ses-04/run-02/tsv-row-10	10	right_hand	2	68.636	5.0	17159	18409	sub-8/ses-04/eeg/sub-8_ses-04_task-imagery_run-02_eeg.edf	1250	True		sub-08	V	s	s	0	sub-08/ses-04/eeg/sub-08_ses-04_task-MotorImageryRest_run-02_eeg.vhdr	abef67ea63685e2805ca0a96553507f4817bbe0094964a711074cf5fa1f2b4f6	True	unresolved	unresolved
sub-8	04	02	sub-8/ses-04/run-02/tsv-row-11	11	rest	1	75.512	5.0	18878	20128	sub-8/ses-04/eeg/sub-8_ses-04_task-imagery_run-02_eeg.edf	1250	True		sub-08	V	s	s	0	sub-08/ses-04/eeg/sub-08_ses-04_task-MotorImageryRest_run-02_eeg.vhdr	abef67ea63685e2805ca0a96553507f4817bbe0094964a711074cf5fa1f2b4f6	True	unresolved	unresolved
sub-8	04	02	sub-8/ses-04/run-02/tsv-row-12	12	right_hand	2	82.396	5.0	20599	21849	sub-8/ses-04/eeg/sub-8_ses-04_task-imagery_run-02_eeg.edf	1250	True		sub-08	V	s	s	0	sub-08/ses-04/eeg/sub-08_ses-04_task-MotorImageryRest_run-02_eeg.vhdr	abef67ea63685e2805ca0a96553507f4817bbe0094964a711074cf5fa1f2b4f6	True	unresolved	unresolved
sub-8	04	02	sub-8/ses-04/run-02/tsv-row-13	13	rest	1	89.3	5.0	22325	23575	sub-8/ses-04/eeg/sub-8_ses-04_task-imagery_run-02_eeg.edf	1250	True		sub-08	V	s	s	0	sub-08/ses-04/eeg/sub-08_ses-04_task-MotorImageryRest_run-02_eeg.vhdr	abef67ea63685e2805ca0a96553507f4817bbe0094964a711074cf5fa1f2b4f6	True	unresolved	unresolved
sub-8	04	02	sub-8/ses-04/run-02/tsv-row-14	14	right_hand	2	96.184	5.0	24046	25296	sub-8/ses-04/eeg/sub-8_ses-04_task-imagery_run-02_eeg.edf	1250	True		sub-08	V	s	s	0	sub-08/ses-04/eeg/sub-08_ses-04_task-MotorImageryRest_run-02_eeg.vhdr	abef67ea63685e2805ca0a96553507f4817bbe0094964a711074cf5fa1f2b4f6	True	unresolved	unresolved
sub-8	04	02	sub-8/ses-04/run-02/tsv-row-15	15	rest	1	103.056	5.0	25764	27014	sub-8/ses-04/eeg/sub-8_ses-04_task-imagery_run-02_eeg.edf	1250	True		sub-08	V	s	s	0	sub-08/ses-04/eeg/sub-08_ses-04_task-MotorImageryRest_run-02_eeg.vhdr	abef67ea63685e2805ca0a96553507f4817bbe0094964a711074cf5fa1f2b4f6	True	unresolved	unresolved
sub-8	04	02	sub-8/ses-04/run-02/tsv-row-16	16	right_hand	2	109.96	5.0	27490	28740	sub-8/ses-04/eeg/sub-8_ses-04_task-imagery_run-02_eeg.edf	1250	True		sub-08	V	s	s	0	sub-08/ses-04/eeg/sub-08_ses-04_task-MotorImageryRest_run-02_eeg.vhdr	abef67ea63685e2805ca0a96553507f4817bbe0094964a711074cf5fa1f2b4f6	True	unresolved	unresolved
sub-8	04	02	sub-8/ses-04/run-02/tsv-row-17	17	rest	1	116.848	5.0	29212	30462	sub-8/ses-04/eeg/sub-8_ses-04_task-imagery_run-02_eeg.edf	1250	True		sub-08	V	s	s	0	sub-08/ses-04/eeg/sub-08_ses-04_task-MotorImageryRest_run-02_eeg.vhdr	abef67ea63685e2805ca0a96553507f4817bbe0094964a711074cf5fa1f2b4f6	True	unresolved	unresolved
sub-8	04	02	sub-8/ses-04/run-02/tsv-row-18	18	right_hand	2	123.732	5.0	30933	32183	sub-8/ses-04/eeg/sub-8_ses-04_task-imagery_run-02_eeg.edf	1250	True		sub-08	V	s	s	0	sub-08/ses-04/eeg/sub-08_ses-04_task-MotorImageryRest_run-02_eeg.vhdr	abef67ea63685e2805ca0a96553507f4817bbe0094964a711074cf5fa1f2b4f6	True	unresolved	unresolved
sub-8	04	02	sub-8/ses-04/run-02/tsv-row-19	19	right_hand	2	130.62	5.0	32655	33905	sub-8/ses-04/eeg/sub-8_ses-04_task-imagery_run-02_eeg.edf	1250	True		sub-08	V	s	s	0	sub-08/ses-04/eeg/sub-08_ses-04_task-MotorImageryRest_run-02_eeg.vhdr	abef67ea63685e2805ca0a96553507f4817bbe0094964a711074cf5fa1f2b4f6	True	unresolved	unresolved
sub-8	04	02	sub-8/ses-04/run-02/tsv-row-20	20	rest	1	137.508	5.0	34377	35627	sub-8/ses-04/eeg/sub-8_ses-04_task-imagery_run-02_eeg.edf	1250	True		sub-08	V	s	s	0	sub-08/ses-04/eeg/sub-08_ses-04_task-MotorImageryRest_run-02_eeg.vhdr	abef67ea63685e2805ca0a96553507f4817bbe0094964a711074cf5fa1f2b4f6	True	unresolved	unresolved
sub-8	04	02	sub-8/ses-04/run-02/tsv-row-21	21	rest	1	144.396	5.0	36099	37349	sub-8/ses-04/eeg/sub-8_ses-04_task-imagery_run-02_eeg.edf	1250	True		sub-08	V	s	s	0	sub-08/ses-04/eeg/sub-08_ses-04_task-MotorImageryRest_run-02_eeg.vhdr	abef67ea63685e2805ca0a96553507f4817bbe0094964a711074cf5fa1f2b4f6	True	unresolved	unresolved
sub-8	04	02	sub-8/ses-04/run-02/tsv-row-22	22	right_hand	2	151.296	5.0	37824	39074	sub-8/ses-04/eeg/sub-8_ses-04_task-imagery_run-02_eeg.edf	1250	True		sub-08	V	s	s	0	sub-08/ses-04/eeg/sub-08_ses-04_task-MotorImageryRest_run-02_eeg.vhdr	abef67ea63685e2805ca0a96553507f4817bbe0094964a711074cf5fa1f2b4f6	True	unresolved	unresolved
sub-8	04	02	sub-8/ses-04/run-02/tsv-row-23	23	right_hand	2	158.164	5.0	39541	40791	sub-8/ses-04/eeg/sub-8_ses-04_task-imagery_run-02_eeg.edf	1250	True		sub-08	V	s	s	0	sub-08/ses-04/eeg/sub-08_ses-04_task-MotorImageryRest_run-02_eeg.vhdr	abef67ea63685e2805ca0a96553507f4817bbe0094964a711074cf5fa1f2b4f6	True	unresolved	unresolved
sub-8	04	02	sub-8/ses-04/run-02/tsv-row-24	24	rest	1	165.056	5.0	41264	42514	sub-8/ses-04/eeg/sub-8_ses-04_task-imagery_run-02_eeg.edf	1250	True		sub-08	V	s	s	0	sub-08/ses-04/eeg/sub-08_ses-04_task-MotorImageryRest_run-02_eeg.vhdr	abef67ea63685e2805ca0a96553507f4817bbe0094964a711074cf5fa1f2b4f6	True	unresolved	unresolved
sub-8	04	02	sub-8/ses-04/run-02/tsv-row-25	25	rest	1	171.944	5.0	42986	44236	sub-8/ses-04/eeg/sub-8_ses-04_task-imagery_run-02_eeg.edf	1250	True		sub-08	V	s	s	0	sub-08/ses-04/eeg/sub-08_ses-04_task-MotorImageryRest_run-02_eeg.vhdr	abef67ea63685e2805ca0a96553507f4817bbe0094964a711074cf5fa1f2b4f6	True	unresolved	unresolved
sub-8	04	02	sub-8/ses-04/run-02/tsv-row-26	26	right_hand	2	178.844	5.0	44711	45961	sub-8/ses-04/eeg/sub-8_ses-04_task-imagery_run-02_eeg.edf	1250	True		sub-08	V	s	s	0	sub-08/ses-04/eeg/sub-08_ses-04_task-MotorImageryRest_run-02_eeg.vhdr	abef67ea63685e2805ca0a96553507f4817bbe0094964a711074cf5fa1f2b4f6	True	unresolved	unresolved
sub-8	04	02	sub-8/ses-04/run-02/tsv-row-27	27	rest	1	185.716	5.0	46429	47679	sub-8/ses-04/eeg/sub-8_ses-04_task-imagery_run-02_eeg.edf	1250	True		sub-08	V	s	s	0	sub-08/ses-04/eeg/sub-08_ses-04_task-MotorImageryRest_run-02_eeg.vhdr	abef67ea63685e2805ca0a96553507f4817bbe0094964a711074cf5fa1f2b4f6	True	unresolved	unresolved
sub-8	04	02	sub-8/ses-04/run-02/tsv-row-28	28	right_hand	2	192.6	5.0	48150	49400	sub-8/ses-04/eeg/sub-8_ses-04_task-imagery_run-02_eeg.edf	1250	True		sub-08	V	s	s	0	sub-08/ses-04/eeg/sub-08_ses-04_task-MotorImageryRest_run-02_eeg.vhdr	abef67ea63685e2805ca0a96553507f4817bbe0094964a711074cf5fa1f2b4f6	True	unresolved	unresolved
sub-8	04	02	sub-8/ses-04/run-02/tsv-row-29	29	rest	1	199.508	5.0	49877	51127	sub-8/ses-04/eeg/sub-8_ses-04_task-imagery_run-02_eeg.edf	1250	True		sub-08	V	s	s	0	sub-08/ses-04/eeg/sub-08_ses-04_task-MotorImageryRest_run-02_eeg.vhdr	abef67ea63685e2805ca0a96553507f4817bbe0094964a711074cf5fa1f2b4f6	True	unresolved	unresolved
sub-8	04	02	sub-8/ses-04/run-02/tsv-row-30	30	right_hand	2	206.392	5.0	51598	52848	sub-8/ses-04/eeg/sub-8_ses-04_task-imagery_run-02_eeg.edf	1250	True		sub-08	V	s	s	0	sub-08/ses-04/eeg/sub-08_ses-04_task-MotorImageryRest_run-02_eeg.vhdr	abef67ea63685e2805ca0a96553507f4817bbe0094964a711074cf5fa1f2b4f6	True	unresolved	unresolved
sub-8	04	02	sub-8/ses-04/run-02/tsv-row-31	31	right_hand	2	213.26	5.0	53315	54565	sub-8/ses-04/eeg/sub-8_ses-04_task-imagery_run-02_eeg.edf	1250	True		sub-08	V	s	s	0	sub-08/ses-04/eeg/sub-08_ses-04_task-MotorImageryRest_run-02_eeg.vhdr	abef67ea63685e2805ca0a96553507f4817bbe0094964a711074cf5fa1f2b4f6	True	unresolved	unresolved
sub-8	04	02	sub-8/ses-04/run-02/tsv-row-32	32	rest	1	220.168	5.0	55042	56292	sub-8/ses-04/eeg/sub-8_ses-04_task-imagery_run-02_eeg.edf	1250	True		sub-08	V	s	s	0	sub-08/ses-04/eeg/sub-08_ses-04_task-MotorImageryRest_run-02_eeg.vhdr	abef67ea63685e2805ca0a96553507f4817bbe0094964a711074cf5fa1f2b4f6	True	unresolved	unresolved
sub-8	04	03	sub-8/ses-04/run-03/tsv-row-1	1	rest	1	5.548	5.0	1387	2637	sub-8/ses-04/eeg/sub-8_ses-04_task-imagery_run-03_eeg.edf	1250	True		sub-08	V	s	s	0	sub-08/ses-04/eeg/sub-08_ses-04_task-MotorImageryRest_run-03_eeg.vhdr	dd91baeb206cedb84051a4430e6d30d822c7307236b14faadaed641da71d8cc9	True	unresolved	unresolved
sub-8	04	03	sub-8/ses-04/run-03/tsv-row-2	2	right_hand	2	12.432	5.0	3108	4358	sub-8/ses-04/eeg/sub-8_ses-04_task-imagery_run-03_eeg.edf	1250	True		sub-08	V	s	s	0	sub-08/ses-04/eeg/sub-08_ses-04_task-MotorImageryRest_run-03_eeg.vhdr	dd91baeb206cedb84051a4430e6d30d822c7307236b14faadaed641da71d8cc9	True	unresolved	unresolved
sub-8	04	03	sub-8/ses-04/run-03/tsv-row-3	3	rest	1	19.324	5.0	4831	6081	sub-8/ses-04/eeg/sub-8_ses-04_task-imagery_run-03_eeg.edf	1250	True		sub-08	V	s	s	0	sub-08/ses-04/eeg/sub-08_ses-04_task-MotorImageryRest_run-03_eeg.vhdr	dd91baeb206cedb84051a4430e6d30d822c7307236b14faadaed641da71d8cc9	True	unresolved	unresolved
sub-8	04	03	sub-8/ses-04/run-03/tsv-row-4	4	right_hand	2	26.208	5.0	6552	7802	sub-8/ses-04/eeg/sub-8_ses-04_task-imagery_run-03_eeg.edf	1250	True		sub-08	V	s	s	0	sub-08/ses-04/eeg/sub-08_ses-04_task-MotorImageryRest_run-03_eeg.vhdr	dd91baeb206cedb84051a4430e6d30d822c7307236b14faadaed641da71d8cc9	True	unresolved	unresolved
sub-8	04	03	sub-8/ses-04/run-03/tsv-row-5	5	rest	1	33.096	5.0	8274	9524	sub-8/ses-04/eeg/sub-8_ses-04_task-imagery_run-03_eeg.edf	1250	True		sub-08	V	s	s	0	sub-08/ses-04/eeg/sub-08_ses-04_task-MotorImageryRest_run-03_eeg.vhdr	dd91baeb206cedb84051a4430e6d30d822c7307236b14faadaed641da71d8cc9	True	unresolved	unresolved
sub-8	04	03	sub-8/ses-04/run-03/tsv-row-6	6	right_hand	2	39.98	5.0	9995	11245	sub-8/ses-04/eeg/sub-8_ses-04_task-imagery_run-03_eeg.edf	1250	True		sub-08	V	s	s	0	sub-08/ses-04/eeg/sub-08_ses-04_task-MotorImageryRest_run-03_eeg.vhdr	dd91baeb206cedb84051a4430e6d30d822c7307236b14faadaed641da71d8cc9	True	unresolved	unresolved
sub-8	04	03	sub-8/ses-04/run-03/tsv-row-7	7	right_hand	2	46.884	5.0	11721	12971	sub-8/ses-04/eeg/sub-8_ses-04_task-imagery_run-03_eeg.edf	1250	True		sub-08	V	s	s	0	sub-08/ses-04/eeg/sub-08_ses-04_task-MotorImageryRest_run-03_eeg.vhdr	dd91baeb206cedb84051a4430e6d30d822c7307236b14faadaed641da71d8cc9	True	unresolved	unresolved
sub-8	04	03	sub-8/ses-04/run-03/tsv-row-8	8	rest	1	53.756	5.0	13439	14689	sub-8/ses-04/eeg/sub-8_ses-04_task-imagery_run-03_eeg.edf	1250	True		sub-08	V	s	s	0	sub-08/ses-04/eeg/sub-08_ses-04_task-MotorImageryRest_run-03_eeg.vhdr	dd91baeb206cedb84051a4430e6d30d822c7307236b14faadaed641da71d8cc9	True	unresolved	unresolved
sub-8	04	03	sub-8/ses-04/run-03/tsv-row-9	9	right_hand	2	60.64	5.0	15160	16410	sub-8/ses-04/eeg/sub-8_ses-04_task-imagery_run-03_eeg.edf	1250	True		sub-08	V	s	s	0	sub-08/ses-04/eeg/sub-08_ses-04_task-MotorImageryRest_run-03_eeg.vhdr	dd91baeb206cedb84051a4430e6d30d822c7307236b14faadaed641da71d8cc9	True	unresolved	unresolved
sub-8	04	03	sub-8/ses-04/run-03/tsv-row-10	10	rest	1	67.532	5.0	16883	18133	sub-8/ses-04/eeg/sub-8_ses-04_task-imagery_run-03_eeg.edf	1250	True		sub-08	V	s	s	0	sub-08/ses-04/eeg/sub-08_ses-04_task-MotorImageryRest_run-03_eeg.vhdr	dd91baeb206cedb84051a4430e6d30d822c7307236b14faadaed641da71d8cc9	True	unresolved	unresolved
sub-8	04	03	sub-8/ses-04/run-03/tsv-row-11	11	right_hand	2	74.432	5.0	18608	19858	sub-8/ses-04/eeg/sub-8_ses-04_task-imagery_run-03_eeg.edf	1250	True		sub-08	V	s	s	0	sub-08/ses-04/eeg/sub-08_ses-04_task-MotorImageryRest_run-03_eeg.vhdr	dd91baeb206cedb84051a4430e6d30d822c7307236b14faadaed641da71d8cc9	True	unresolved	unresolved
sub-8	04	03	sub-8/ses-04/run-03/tsv-row-12	12	rest	1	81.304	5.0	20326	21576	sub-8/ses-04/eeg/sub-8_ses-04_task-imagery_run-03_eeg.edf	1250	True		sub-08	V	s	s	0	sub-08/ses-04/eeg/sub-08_ses-04_task-MotorImageryRest_run-03_eeg.vhdr	dd91baeb206cedb84051a4430e6d30d822c7307236b14faadaed641da71d8cc9	True	unresolved	unresolved
sub-8	04	03	sub-8/ses-04/run-03/tsv-row-13	13	rest	1	88.208	5.0	22052	23302	sub-8/ses-04/eeg/sub-8_ses-04_task-imagery_run-03_eeg.edf	1250	True		sub-08	V	s	s	0	sub-08/ses-04/eeg/sub-08_ses-04_task-MotorImageryRest_run-03_eeg.vhdr	dd91baeb206cedb84051a4430e6d30d822c7307236b14faadaed641da71d8cc9	True	unresolved	unresolved
sub-8	04	03	sub-8/ses-04/run-03/tsv-row-14	14	right_hand	2	95.092	5.0	23773	25023	sub-8/ses-04/eeg/sub-8_ses-04_task-imagery_run-03_eeg.edf	1250	True		sub-08	V	s	s	0	sub-08/ses-04/eeg/sub-08_ses-04_task-MotorImageryRest_run-03_eeg.vhdr	dd91baeb206cedb84051a4430e6d30d822c7307236b14faadaed641da71d8cc9	True	unresolved	unresolved
sub-8	04	03	sub-8/ses-04/run-03/tsv-row-15	15	right_hand	2	101.98	5.0	25495	26745	sub-8/ses-04/eeg/sub-8_ses-04_task-imagery_run-03_eeg.edf	1250	True		sub-08	V	s	s	0	sub-08/ses-04/eeg/sub-08_ses-04_task-MotorImageryRest_run-03_eeg.vhdr	dd91baeb206cedb84051a4430e6d30d822c7307236b14faadaed641da71d8cc9	True	unresolved	unresolved
sub-8	04	03	sub-8/ses-04/run-03/tsv-row-16	16	rest	1	108.852	5.0	27213	28463	sub-8/ses-04/eeg/sub-8_ses-04_task-imagery_run-03_eeg.edf	1250	True		sub-08	V	s	s	0	sub-08/ses-04/eeg/sub-08_ses-04_task-MotorImageryRest_run-03_eeg.vhdr	dd91baeb206cedb84051a4430e6d30d822c7307236b14faadaed641da71d8cc9	True	unresolved	unresolved
sub-8	04	03	sub-8/ses-04/run-03/tsv-row-17	17	rest	1	115.756	5.0	28939	30189	sub-8/ses-04/eeg/sub-8_ses-04_task-imagery_run-03_eeg.edf	1250	True		sub-08	V	s	s	0	sub-08/ses-04/eeg/sub-08_ses-04_task-MotorImageryRest_run-03_eeg.vhdr	dd91baeb206cedb84051a4430e6d30d822c7307236b14faadaed641da71d8cc9	True	unresolved	unresolved
sub-8	04	03	sub-8/ses-04/run-03/tsv-row-18	18	right_hand	2	122.64	5.0	30660	31910	sub-8/ses-04/eeg/sub-8_ses-04_task-imagery_run-03_eeg.edf	1250	True		sub-08	V	s	s	0	sub-08/ses-04/eeg/sub-08_ses-04_task-MotorImageryRest_run-03_eeg.vhdr	dd91baeb206cedb84051a4430e6d30d822c7307236b14faadaed641da71d8cc9	True	unresolved	unresolved
sub-8	04	03	sub-8/ses-04/run-03/tsv-row-19	19	rest	1	129.528	5.0	32382	33632	sub-8/ses-04/eeg/sub-8_ses-04_task-imagery_run-03_eeg.edf	1250	True		sub-08	V	s	s	0	sub-08/ses-04/eeg/sub-08_ses-04_task-MotorImageryRest_run-03_eeg.vhdr	dd91baeb206cedb84051a4430e6d30d822c7307236b14faadaed641da71d8cc9	True	unresolved	unresolved
sub-8	04	03	sub-8/ses-04/run-03/tsv-row-20	20	right_hand	2	136.412	5.0	34103	35353	sub-8/ses-04/eeg/sub-8_ses-04_task-imagery_run-03_eeg.edf	1250	True		sub-08	V	s	s	0	sub-08/ses-04/eeg/sub-08_ses-04_task-MotorImageryRest_run-03_eeg.vhdr	dd91baeb206cedb84051a4430e6d30d822c7307236b14faadaed641da71d8cc9	True	unresolved	unresolved
sub-8	04	03	sub-8/ses-04/run-03/tsv-row-21	21	right_hand	2	143.3	5.0	35825	37075	sub-8/ses-04/eeg/sub-8_ses-04_task-imagery_run-03_eeg.edf	1250	True		sub-08	V	s	s	0	sub-08/ses-04/eeg/sub-08_ses-04_task-MotorImageryRest_run-03_eeg.vhdr	dd91baeb206cedb84051a4430e6d30d822c7307236b14faadaed641da71d8cc9	True	unresolved	unresolved
sub-8	04	03	sub-8/ses-04/run-03/tsv-row-22	22	rest	1	150.188	5.0	37547	38797	sub-8/ses-04/eeg/sub-8_ses-04_task-imagery_run-03_eeg.edf	1250	True		sub-08	V	s	s	0	sub-08/ses-04/eeg/sub-08_ses-04_task-MotorImageryRest_run-03_eeg.vhdr	dd91baeb206cedb84051a4430e6d30d822c7307236b14faadaed641da71d8cc9	True	unresolved	unresolved
sub-8	04	03	sub-8/ses-04/run-03/tsv-row-23	23	rest	1	157.092	5.0	39273	40523	sub-8/ses-04/eeg/sub-8_ses-04_task-imagery_run-03_eeg.edf	1250	True		sub-08	V	s	s	0	sub-08/ses-04/eeg/sub-08_ses-04_task-MotorImageryRest_run-03_eeg.vhdr	dd91baeb206cedb84051a4430e6d30d822c7307236b14faadaed641da71d8cc9	True	unresolved	unresolved
sub-8	04	03	sub-8/ses-04/run-03/tsv-row-24	24	right_hand	2	163.96	5.0	40990	42240	sub-8/ses-04/eeg/sub-8_ses-04_task-imagery_run-03_eeg.edf	1250	True		sub-08	V	s	s	0	sub-08/ses-04/eeg/sub-08_ses-04_task-MotorImageryRest_run-03_eeg.vhdr	dd91baeb206cedb84051a4430e6d30d822c7307236b14faadaed641da71d8cc9	True	unresolved	unresolved
sub-8	04	03	sub-8/ses-04/run-03/tsv-row-25	25	right_hand	2	170.848	5.0	42712	43962	sub-8/ses-04/eeg/sub-8_ses-04_task-imagery_run-03_eeg.edf	1250	True		sub-08	V	s	s	0	sub-08/ses-04/eeg/sub-08_ses-04_task-MotorImageryRest_run-03_eeg.vhdr	dd91baeb206cedb84051a4430e6d30d822c7307236b14faadaed641da71d8cc9	True	unresolved	unresolved
sub-8	04	03	sub-8/ses-04/run-03/tsv-row-26	26	rest	1	177.752	5.0	44438	45688	sub-8/ses-04/eeg/sub-8_ses-04_task-imagery_run-03_eeg.edf	1250	True		sub-08	V	s	s	0	sub-08/ses-04/eeg/sub-08_ses-04_task-MotorImageryRest_run-03_eeg.vhdr	dd91baeb206cedb84051a4430e6d30d822c7307236b14faadaed641da71d8cc9	True	unresolved	unresolved
sub-8	04	03	sub-8/ses-04/run-03/tsv-row-27	27	rest	1	184.64	5.0	46160	47410	sub-8/ses-04/eeg/sub-8_ses-04_task-imagery_run-03_eeg.edf	1250	True		sub-08	V	s	s	0	sub-08/ses-04/eeg/sub-08_ses-04_task-MotorImageryRest_run-03_eeg.vhdr	dd91baeb206cedb84051a4430e6d30d822c7307236b14faadaed641da71d8cc9	True	unresolved	unresolved
sub-8	04	03	sub-8/ses-04/run-03/tsv-row-28	28	right_hand	2	191.508	5.0	47877	49127	sub-8/ses-04/eeg/sub-8_ses-04_task-imagery_run-03_eeg.edf	1250	True		sub-08	V	s	s	0	sub-08/ses-04/eeg/sub-08_ses-04_task-MotorImageryRest_run-03_eeg.vhdr	dd91baeb206cedb84051a4430e6d30d822c7307236b14faadaed641da71d8cc9	True	unresolved	unresolved
sub-8	04	03	sub-8/ses-04/run-03/tsv-row-29	29	rest	1	198.412	5.0	49603	50853	sub-8/ses-04/eeg/sub-8_ses-04_task-imagery_run-03_eeg.edf	1250	True		sub-08	V	s	s	0	sub-08/ses-04/eeg/sub-08_ses-04_task-MotorImageryRest_run-03_eeg.vhdr	dd91baeb206cedb84051a4430e6d30d822c7307236b14faadaed641da71d8cc9	True	unresolved	unresolved
sub-8	04	03	sub-8/ses-04/run-03/tsv-row-30	30	right_hand	2	205.296	5.0	51324	52574	sub-8/ses-04/eeg/sub-8_ses-04_task-imagery_run-03_eeg.edf	1250	True		sub-08	V	s	s	0	sub-08/ses-04/eeg/sub-08_ses-04_task-MotorImageryRest_run-03_eeg.vhdr	dd91baeb206cedb84051a4430e6d30d822c7307236b14faadaed641da71d8cc9	True	unresolved	unresolved
sub-8	04	03	sub-8/ses-04/run-03/tsv-row-31	31	rest	1	212.188	5.0	53047	54297	sub-8/ses-04/eeg/sub-8_ses-04_task-imagery_run-03_eeg.edf	1250	True		sub-08	V	s	s	0	sub-08/ses-04/eeg/sub-08_ses-04_task-MotorImageryRest_run-03_eeg.vhdr	dd91baeb206cedb84051a4430e6d30d822c7307236b14faadaed641da71d8cc9	True	unresolved	unresolved
sub-8	04	03	sub-8/ses-04/run-03/tsv-row-32	32	right_hand	2	219.052	5.0	54763	56013	sub-8/ses-04/eeg/sub-8_ses-04_task-imagery_run-03_eeg.edf	1250	True		sub-08	V	s	s	0	sub-08/ses-04/eeg/sub-08_ses-04_task-MotorImageryRest_run-03_eeg.vhdr	dd91baeb206cedb84051a4430e6d30d822c7307236b14faadaed641da71d8cc9	True	unresolved	unresolved
sub-8	04	04	sub-8/ses-04/run-04/tsv-row-1	1	rest	1	13.768	5.0	3442	4692	sub-8/ses-04/eeg/sub-8_ses-04_task-imagery_run-04_eeg.edf	1250	True		sub-08	V	s	s	0	sub-08/ses-04/eeg/sub-08_ses-04_task-MotorImageryRest_run-04_eeg.vhdr	4b00e87282f9bcb8910fe06006ee69f9fa1c02a0b2e4632dd8cdc3caa3d8dcda	True	unresolved	unresolved
sub-8	04	04	sub-8/ses-04/run-04/tsv-row-2	2	right_hand	2	20.652	5.0	5163	6413	sub-8/ses-04/eeg/sub-8_ses-04_task-imagery_run-04_eeg.edf	1250	True		sub-08	V	s	s	0	sub-08/ses-04/eeg/sub-08_ses-04_task-MotorImageryRest_run-04_eeg.vhdr	4b00e87282f9bcb8910fe06006ee69f9fa1c02a0b2e4632dd8cdc3caa3d8dcda	True	unresolved	unresolved
sub-8	04	04	sub-8/ses-04/run-04/tsv-row-3	3	right_hand	2	27.556	5.0	6889	8139	sub-8/ses-04/eeg/sub-8_ses-04_task-imagery_run-04_eeg.edf	1250	True		sub-08	V	s	s	0	sub-08/ses-04/eeg/sub-08_ses-04_task-MotorImageryRest_run-04_eeg.vhdr	4b00e87282f9bcb8910fe06006ee69f9fa1c02a0b2e4632dd8cdc3caa3d8dcda	True	unresolved	unresolved
sub-8	04	04	sub-8/ses-04/run-04/tsv-row-4	4	rest	1	34.448	5.0	8612	9862	sub-8/ses-04/eeg/sub-8_ses-04_task-imagery_run-04_eeg.edf	1250	True		sub-08	V	s	s	0	sub-08/ses-04/eeg/sub-08_ses-04_task-MotorImageryRest_run-04_eeg.vhdr	4b00e87282f9bcb8910fe06006ee69f9fa1c02a0b2e4632dd8cdc3caa3d8dcda	True	unresolved	unresolved
sub-8	04	04	sub-8/ses-04/run-04/tsv-row-5	5	right_hand	2	41.312	5.0	10328	11578	sub-8/ses-04/eeg/sub-8_ses-04_task-imagery_run-04_eeg.edf	1250	True		sub-08	V	s	s	0	sub-08/ses-04/eeg/sub-08_ses-04_task-MotorImageryRest_run-04_eeg.vhdr	4b00e87282f9bcb8910fe06006ee69f9fa1c02a0b2e4632dd8cdc3caa3d8dcda	True	unresolved	unresolved
sub-8	04	04	sub-8/ses-04/run-04/tsv-row-6	6	rest	1	48.22	5.0	12055	13305	sub-8/ses-04/eeg/sub-8_ses-04_task-imagery_run-04_eeg.edf	1250	True		sub-08	V	s	s	0	sub-08/ses-04/eeg/sub-08_ses-04_task-MotorImageryRest_run-04_eeg.vhdr	4b00e87282f9bcb8910fe06006ee69f9fa1c02a0b2e4632dd8cdc3caa3d8dcda	True	unresolved	unresolved
sub-8	04	04	sub-8/ses-04/run-04/tsv-row-7	7	rest	1	55.108	5.0	13777	15027	sub-8/ses-04/eeg/sub-8_ses-04_task-imagery_run-04_eeg.edf	1250	True		sub-08	V	s	s	0	sub-08/ses-04/eeg/sub-08_ses-04_task-MotorImageryRest_run-04_eeg.vhdr	4b00e87282f9bcb8910fe06006ee69f9fa1c02a0b2e4632dd8cdc3caa3d8dcda	True	unresolved	unresolved
sub-8	04	04	sub-8/ses-04/run-04/tsv-row-8	8	right_hand	2	61.992	5.0	15498	16748	sub-8/ses-04/eeg/sub-8_ses-04_task-imagery_run-04_eeg.edf	1250	True		sub-08	V	s	s	0	sub-08/ses-04/eeg/sub-08_ses-04_task-MotorImageryRest_run-04_eeg.vhdr	4b00e87282f9bcb8910fe06006ee69f9fa1c02a0b2e4632dd8cdc3caa3d8dcda	True	unresolved	unresolved
sub-8	04	04	sub-8/ses-04/run-04/tsv-row-9	9	rest	1	68.88	5.0	17220	18470	sub-8/ses-04/eeg/sub-8_ses-04_task-imagery_run-04_eeg.edf	1250	True		sub-08	V	s	s	0	sub-08/ses-04/eeg/sub-08_ses-04_task-MotorImageryRest_run-04_eeg.vhdr	4b00e87282f9bcb8910fe06006ee69f9fa1c02a0b2e4632dd8cdc3caa3d8dcda	True	unresolved	unresolved
sub-8	04	04	sub-8/ses-04/run-04/tsv-row-10	10	right_hand	2	75.764	5.0	18941	20191	sub-8/ses-04/eeg/sub-8_ses-04_task-imagery_run-04_eeg.edf	1250	True		sub-08	V	s	s	0	sub-08/ses-04/eeg/sub-08_ses-04_task-MotorImageryRest_run-04_eeg.vhdr	4b00e87282f9bcb8910fe06006ee69f9fa1c02a0b2e4632dd8cdc3caa3d8dcda	True	unresolved	unresolved
sub-8	04	04	sub-8/ses-04/run-04/tsv-row-11	11	rest	1	82.652	5.0	20663	21913	sub-8/ses-04/eeg/sub-8_ses-04_task-imagery_run-04_eeg.edf	1250	True		sub-08	V	s	s	0	sub-08/ses-04/eeg/sub-08_ses-04_task-MotorImageryRest_run-04_eeg.vhdr	4b00e87282f9bcb8910fe06006ee69f9fa1c02a0b2e4632dd8cdc3caa3d8dcda	True	unresolved	unresolved
sub-8	04	04	sub-8/ses-04/run-04/tsv-row-12	12	right_hand	2	89.556	5.0	22389	23639	sub-8/ses-04/eeg/sub-8_ses-04_task-imagery_run-04_eeg.edf	1250	True		sub-08	V	s	s	0	sub-08/ses-04/eeg/sub-08_ses-04_task-MotorImageryRest_run-04_eeg.vhdr	4b00e87282f9bcb8910fe06006ee69f9fa1c02a0b2e4632dd8cdc3caa3d8dcda	True	unresolved	unresolved
sub-8	04	04	sub-8/ses-04/run-04/tsv-row-13	13	right_hand	2	96.44	5.0	24110	25360	sub-8/ses-04/eeg/sub-8_ses-04_task-imagery_run-04_eeg.edf	1250	True		sub-08	V	s	s	0	sub-08/ses-04/eeg/sub-08_ses-04_task-MotorImageryRest_run-04_eeg.vhdr	4b00e87282f9bcb8910fe06006ee69f9fa1c02a0b2e4632dd8cdc3caa3d8dcda	True	unresolved	unresolved
sub-8	04	04	sub-8/ses-04/run-04/tsv-row-14	14	rest	1	103.316	5.0	25829	27079	sub-8/ses-04/eeg/sub-8_ses-04_task-imagery_run-04_eeg.edf	1250	True		sub-08	V	s	s	0	sub-08/ses-04/eeg/sub-08_ses-04_task-MotorImageryRest_run-04_eeg.vhdr	4b00e87282f9bcb8910fe06006ee69f9fa1c02a0b2e4632dd8cdc3caa3d8dcda	True	unresolved	unresolved
sub-8	04	04	sub-8/ses-04/run-04/tsv-row-15	15	right_hand	2	110.2	5.0	27550	28800	sub-8/ses-04/eeg/sub-8_ses-04_task-imagery_run-04_eeg.edf	1250	True		sub-08	V	s	s	0	sub-08/ses-04/eeg/sub-08_ses-04_task-MotorImageryRest_run-04_eeg.vhdr	4b00e87282f9bcb8910fe06006ee69f9fa1c02a0b2e4632dd8cdc3caa3d8dcda	True	unresolved	unresolved
sub-8	04	04	sub-8/ses-04/run-04/tsv-row-16	16	rest	1	117.104	5.0	29276	30526	sub-8/ses-04/eeg/sub-8_ses-04_task-imagery_run-04_eeg.edf	1250	True		sub-08	V	s	s	0	sub-08/ses-04/eeg/sub-08_ses-04_task-MotorImageryRest_run-04_eeg.vhdr	4b00e87282f9bcb8910fe06006ee69f9fa1c02a0b2e4632dd8cdc3caa3d8dcda	True	unresolved	unresolved
sub-8	04	04	sub-8/ses-04/run-04/tsv-row-17	17	right_hand	2	123.972	5.0	30993	32243	sub-8/ses-04/eeg/sub-8_ses-04_task-imagery_run-04_eeg.edf	1250	True		sub-08	V	s	s	0	sub-08/ses-04/eeg/sub-08_ses-04_task-MotorImageryRest_run-04_eeg.vhdr	4b00e87282f9bcb8910fe06006ee69f9fa1c02a0b2e4632dd8cdc3caa3d8dcda	True	unresolved	unresolved
sub-8	04	04	sub-8/ses-04/run-04/tsv-row-18	18	rest	1	130.86	5.0	32715	33965	sub-8/ses-04/eeg/sub-8_ses-04_task-imagery_run-04_eeg.edf	1250	True		sub-08	V	s	s	0	sub-08/ses-04/eeg/sub-08_ses-04_task-MotorImageryRest_run-04_eeg.vhdr	4b00e87282f9bcb8910fe06006ee69f9fa1c02a0b2e4632dd8cdc3caa3d8dcda	True	unresolved	unresolved
sub-8	04	04	sub-8/ses-04/run-04/tsv-row-19	19	right_hand	2	137.764	5.0	34441	35691	sub-8/ses-04/eeg/sub-8_ses-04_task-imagery_run-04_eeg.edf	1250	True		sub-08	V	s	s	0	sub-08/ses-04/eeg/sub-08_ses-04_task-MotorImageryRest_run-04_eeg.vhdr	4b00e87282f9bcb8910fe06006ee69f9fa1c02a0b2e4632dd8cdc3caa3d8dcda	True	unresolved	unresolved
sub-8	04	04	sub-8/ses-04/run-04/tsv-row-20	20	rest	1	144.652	5.0	36163	37413	sub-8/ses-04/eeg/sub-8_ses-04_task-imagery_run-04_eeg.edf	1250	True		sub-08	V	s	s	0	sub-08/ses-04/eeg/sub-08_ses-04_task-MotorImageryRest_run-04_eeg.vhdr	4b00e87282f9bcb8910fe06006ee69f9fa1c02a0b2e4632dd8cdc3caa3d8dcda	True	unresolved	unresolved
sub-8	04	04	sub-8/ses-04/run-04/tsv-row-21	21	right_hand	2	151.52	5.0	37880	39130	sub-8/ses-04/eeg/sub-8_ses-04_task-imagery_run-04_eeg.edf	1250	True		sub-08	V	s	s	0	sub-08/ses-04/eeg/sub-08_ses-04_task-MotorImageryRest_run-04_eeg.vhdr	4b00e87282f9bcb8910fe06006ee69f9fa1c02a0b2e4632dd8cdc3caa3d8dcda	True	unresolved	unresolved
sub-8	04	04	sub-8/ses-04/run-04/tsv-row-22	22	rest	1	158.424	5.0	39606	40856	sub-8/ses-04/eeg/sub-8_ses-04_task-imagery_run-04_eeg.edf	1250	True		sub-08	V	s	s	0	sub-08/ses-04/eeg/sub-08_ses-04_task-MotorImageryRest_run-04_eeg.vhdr	4b00e87282f9bcb8910fe06006ee69f9fa1c02a0b2e4632dd8cdc3caa3d8dcda	True	unresolved	unresolved
sub-8	04	04	sub-8/ses-04/run-04/tsv-row-23	23	right_hand	2	165.308	5.0	41327	42577	sub-8/ses-04/eeg/sub-8_ses-04_task-imagery_run-04_eeg.edf	1250	True		sub-08	V	s	s	0	sub-08/ses-04/eeg/sub-08_ses-04_task-MotorImageryRest_run-04_eeg.vhdr	4b00e87282f9bcb8910fe06006ee69f9fa1c02a0b2e4632dd8cdc3caa3d8dcda	True	unresolved	unresolved
sub-8	04	04	sub-8/ses-04/run-04/tsv-row-24	24	rest	1	172.2	5.0	43050	44300	sub-8/ses-04/eeg/sub-8_ses-04_task-imagery_run-04_eeg.edf	1250	True		sub-08	V	s	s	0	sub-08/ses-04/eeg/sub-08_ses-04_task-MotorImageryRest_run-04_eeg.vhdr	4b00e87282f9bcb8910fe06006ee69f9fa1c02a0b2e4632dd8cdc3caa3d8dcda	True	unresolved	unresolved
sub-8	04	04	sub-8/ses-04/run-04/tsv-row-25	25	rest	1	179.088	5.0	44772	46022	sub-8/ses-04/eeg/sub-8_ses-04_task-imagery_run-04_eeg.edf	1250	True		sub-08	V	s	s	0	sub-08/ses-04/eeg/sub-08_ses-04_task-MotorImageryRest_run-04_eeg.vhdr	4b00e87282f9bcb8910fe06006ee69f9fa1c02a0b2e4632dd8cdc3caa3d8dcda	True	unresolved	unresolved
sub-8	04	04	sub-8/ses-04/run-04/tsv-row-26	26	right_hand	2	185.968	5.0	46492	47742	sub-8/ses-04/eeg/sub-8_ses-04_task-imagery_run-04_eeg.edf	1250	True		sub-08	V	s	s	0	sub-08/ses-04/eeg/sub-08_ses-04_task-MotorImageryRest_run-04_eeg.vhdr	4b00e87282f9bcb8910fe06006ee69f9fa1c02a0b2e4632dd8cdc3caa3d8dcda	True	unresolved	unresolved
sub-8	04	04	sub-8/ses-04/run-04/tsv-row-27	27	right_hand	2	192.856	5.0	48214	49464	sub-8/ses-04/eeg/sub-8_ses-04_task-imagery_run-04_eeg.edf	1250	True		sub-08	V	s	s	0	sub-08/ses-04/eeg/sub-08_ses-04_task-MotorImageryRest_run-04_eeg.vhdr	4b00e87282f9bcb8910fe06006ee69f9fa1c02a0b2e4632dd8cdc3caa3d8dcda	True	unresolved	unresolved
sub-8	04	04	sub-8/ses-04/run-04/tsv-row-28	28	rest	1	199.764	5.0	49941	51191	sub-8/ses-04/eeg/sub-8_ses-04_task-imagery_run-04_eeg.edf	1250	True		sub-08	V	s	s	0	sub-08/ses-04/eeg/sub-08_ses-04_task-MotorImageryRest_run-04_eeg.vhdr	4b00e87282f9bcb8910fe06006ee69f9fa1c02a0b2e4632dd8cdc3caa3d8dcda	True	unresolved	unresolved
sub-8	04	04	sub-8/ses-04/run-04/tsv-row-29	29	right_hand	2	206.632	5.0	51658	52908	sub-8/ses-04/eeg/sub-8_ses-04_task-imagery_run-04_eeg.edf	1250	True		sub-08	V	s	s	0	sub-08/ses-04/eeg/sub-08_ses-04_task-MotorImageryRest_run-04_eeg.vhdr	4b00e87282f9bcb8910fe06006ee69f9fa1c02a0b2e4632dd8cdc3caa3d8dcda	True	unresolved	unresolved
sub-8	04	04	sub-8/ses-04/run-04/tsv-row-30	30	rest	1	213.52	5.0	53380	54630	sub-8/ses-04/eeg/sub-8_ses-04_task-imagery_run-04_eeg.edf	1250	True		sub-08	V	s	s	0	sub-08/ses-04/eeg/sub-08_ses-04_task-MotorImageryRest_run-04_eeg.vhdr	4b00e87282f9bcb8910fe06006ee69f9fa1c02a0b2e4632dd8cdc3caa3d8dcda	True	unresolved	unresolved
sub-8	04	04	sub-8/ses-04/run-04/tsv-row-31	31	right_hand	2	220.42	5.0	55105	56355	sub-8/ses-04/eeg/sub-8_ses-04_task-imagery_run-04_eeg.edf	1250	True		sub-08	V	s	s	0	sub-08/ses-04/eeg/sub-08_ses-04_task-MotorImageryRest_run-04_eeg.vhdr	4b00e87282f9bcb8910fe06006ee69f9fa1c02a0b2e4632dd8cdc3caa3d8dcda	True	unresolved	unresolved
sub-8	04	04	sub-8/ses-04/run-04/tsv-row-32	32	rest	1	227.312	5.0	56828	58078	sub-8/ses-04/eeg/sub-8_ses-04_task-imagery_run-04_eeg.edf	1250	True		sub-08	V	s	s	0	sub-08/ses-04/eeg/sub-08_ses-04_task-MotorImageryRest_run-04_eeg.vhdr	4b00e87282f9bcb8910fe06006ee69f9fa1c02a0b2e4632dd8cdc3caa3d8dcda	True	unresolved	unresolved
sub-8	04	05	sub-8/ses-04/run-05/tsv-row-1	1	rest	1	4.796	5.0	1199	2449	sub-8/ses-04/eeg/sub-8_ses-04_task-imagery_run-05_eeg.edf	1250	True		sub-08	V	s	s	0	sub-08/ses-04/eeg/sub-08_ses-04_task-MotorImageryRest_run-05_eeg.vhdr	913494438b0fbeed636cb3011d04cca1f2c51bae399932603dc9766e26620028	True	unresolved	unresolved
sub-8	04	05	sub-8/ses-04/run-05/tsv-row-2	2	right_hand	2	11.668	5.0	2917	4167	sub-8/ses-04/eeg/sub-8_ses-04_task-imagery_run-05_eeg.edf	1250	True		sub-08	V	s	s	0	sub-08/ses-04/eeg/sub-08_ses-04_task-MotorImageryRest_run-05_eeg.vhdr	913494438b0fbeed636cb3011d04cca1f2c51bae399932603dc9766e26620028	True	unresolved	unresolved
sub-8	04	05	sub-8/ses-04/run-05/tsv-row-3	3	right_hand	2	18.572	5.0	4643	5893	sub-8/ses-04/eeg/sub-8_ses-04_task-imagery_run-05_eeg.edf	1250	True		sub-08	V	s	s	0	sub-08/ses-04/eeg/sub-08_ses-04_task-MotorImageryRest_run-05_eeg.vhdr	913494438b0fbeed636cb3011d04cca1f2c51bae399932603dc9766e26620028	True	unresolved	unresolved
sub-8	04	05	sub-8/ses-04/run-05/tsv-row-4	4	rest	1	25.46	5.0	6365	7615	sub-8/ses-04/eeg/sub-8_ses-04_task-imagery_run-05_eeg.edf	1250	True		sub-08	V	s	s	0	sub-08/ses-04/eeg/sub-08_ses-04_task-MotorImageryRest_run-05_eeg.vhdr	913494438b0fbeed636cb3011d04cca1f2c51bae399932603dc9766e26620028	True	unresolved	unresolved
sub-8	04	05	sub-8/ses-04/run-05/tsv-row-5	5	right_hand	2	32.344	5.0	8086	9336	sub-8/ses-04/eeg/sub-8_ses-04_task-imagery_run-05_eeg.edf	1250	True		sub-08	V	s	s	0	sub-08/ses-04/eeg/sub-08_ses-04_task-MotorImageryRest_run-05_eeg.vhdr	913494438b0fbeed636cb3011d04cca1f2c51bae399932603dc9766e26620028	True	unresolved	unresolved
sub-8	04	05	sub-8/ses-04/run-05/tsv-row-6	6	rest	1	39.216	5.0	9804	11054	sub-8/ses-04/eeg/sub-8_ses-04_task-imagery_run-05_eeg.edf	1250	True		sub-08	V	s	s	0	sub-08/ses-04/eeg/sub-08_ses-04_task-MotorImageryRest_run-05_eeg.vhdr	913494438b0fbeed636cb3011d04cca1f2c51bae399932603dc9766e26620028	True	unresolved	unresolved
sub-8	04	05	sub-8/ses-04/run-05/tsv-row-7	7	rest	1	46.12	5.0	11530	12780	sub-8/ses-04/eeg/sub-8_ses-04_task-imagery_run-05_eeg.edf	1250	True		sub-08	V	s	s	0	sub-08/ses-04/eeg/sub-08_ses-04_task-MotorImageryRest_run-05_eeg.vhdr	913494438b0fbeed636cb3011d04cca1f2c51bae399932603dc9766e26620028	True	unresolved	unresolved
sub-8	04	05	sub-8/ses-04/run-05/tsv-row-8	8	right_hand	2	53.004	5.0	13251	14501	sub-8/ses-04/eeg/sub-8_ses-04_task-imagery_run-05_eeg.edf	1250	True		sub-08	V	s	s	0	sub-08/ses-04/eeg/sub-08_ses-04_task-MotorImageryRest_run-05_eeg.vhdr	913494438b0fbeed636cb3011d04cca1f2c51bae399932603dc9766e26620028	True	unresolved	unresolved
sub-8	04	05	sub-8/ses-04/run-05/tsv-row-9	9	right_hand	2	59.892	5.0	14973	16223	sub-8/ses-04/eeg/sub-8_ses-04_task-imagery_run-05_eeg.edf	1250	True		sub-08	V	s	s	0	sub-08/ses-04/eeg/sub-08_ses-04_task-MotorImageryRest_run-05_eeg.vhdr	913494438b0fbeed636cb3011d04cca1f2c51bae399932603dc9766e26620028	True	unresolved	unresolved
sub-8	04	05	sub-8/ses-04/run-05/tsv-row-10	10	rest	1	66.78	5.0	16695	17945	sub-8/ses-04/eeg/sub-8_ses-04_task-imagery_run-05_eeg.edf	1250	True		sub-08	V	s	s	0	sub-08/ses-04/eeg/sub-08_ses-04_task-MotorImageryRest_run-05_eeg.vhdr	913494438b0fbeed636cb3011d04cca1f2c51bae399932603dc9766e26620028	True	unresolved	unresolved
sub-8	04	05	sub-8/ses-04/run-05/tsv-row-11	11	right_hand	2	73.664	5.0	18416	19666	sub-8/ses-04/eeg/sub-8_ses-04_task-imagery_run-05_eeg.edf	1250	True		sub-08	V	s	s	0	sub-08/ses-04/eeg/sub-08_ses-04_task-MotorImageryRest_run-05_eeg.vhdr	913494438b0fbeed636cb3011d04cca1f2c51bae399932603dc9766e26620028	True	unresolved	unresolved
sub-8	04	05	sub-8/ses-04/run-05/tsv-row-12	12	rest	1	80.556	5.0	20139	21389	sub-8/ses-04/eeg/sub-8_ses-04_task-imagery_run-05_eeg.edf	1250	True		sub-08	V	s	s	0	sub-08/ses-04/eeg/sub-08_ses-04_task-MotorImageryRest_run-05_eeg.vhdr	913494438b0fbeed636cb3011d04cca1f2c51bae399932603dc9766e26620028	True	unresolved	unresolved
sub-8	04	05	sub-8/ses-04/run-05/tsv-row-13	13	rest	1	87.456	5.0	21864	23114	sub-8/ses-04/eeg/sub-8_ses-04_task-imagery_run-05_eeg.edf	1250	True		sub-08	V	s	s	0	sub-08/ses-04/eeg/sub-08_ses-04_task-MotorImageryRest_run-05_eeg.vhdr	913494438b0fbeed636cb3011d04cca1f2c51bae399932603dc9766e26620028	True	unresolved	unresolved
sub-8	04	05	sub-8/ses-04/run-05/tsv-row-14	14	right_hand	2	94.324	5.0	23581	24831	sub-8/ses-04/eeg/sub-8_ses-04_task-imagery_run-05_eeg.edf	1250	True		sub-08	V	s	s	0	sub-08/ses-04/eeg/sub-08_ses-04_task-MotorImageryRest_run-05_eeg.vhdr	913494438b0fbeed636cb3011d04cca1f2c51bae399932603dc9766e26620028	True	unresolved	unresolved
sub-8	04	05	sub-8/ses-04/run-05/tsv-row-15	15	right_hand	2	101.228	5.0	25307	26557	sub-8/ses-04/eeg/sub-8_ses-04_task-imagery_run-05_eeg.edf	1250	True		sub-08	V	s	s	0	sub-08/ses-04/eeg/sub-08_ses-04_task-MotorImageryRest_run-05_eeg.vhdr	913494438b0fbeed636cb3011d04cca1f2c51bae399932603dc9766e26620028	True	unresolved	unresolved
sub-8	04	05	sub-8/ses-04/run-05/tsv-row-16	16	rest	1	108.116	5.0	27029	28279	sub-8/ses-04/eeg/sub-8_ses-04_task-imagery_run-05_eeg.edf	1250	True		sub-08	V	s	s	0	sub-08/ses-04/eeg/sub-08_ses-04_task-MotorImageryRest_run-05_eeg.vhdr	913494438b0fbeed636cb3011d04cca1f2c51bae399932603dc9766e26620028	True	unresolved	unresolved
sub-8	04	05	sub-8/ses-04/run-05/tsv-row-17	17	rest	1	115.004	5.0	28751	30001	sub-8/ses-04/eeg/sub-8_ses-04_task-imagery_run-05_eeg.edf	1250	True		sub-08	V	s	s	0	sub-08/ses-04/eeg/sub-08_ses-04_task-MotorImageryRest_run-05_eeg.vhdr	913494438b0fbeed636cb3011d04cca1f2c51bae399932603dc9766e26620028	True	unresolved	unresolved
sub-8	04	05	sub-8/ses-04/run-05/tsv-row-18	18	right_hand	2	121.872	5.0	30468	31718	sub-8/ses-04/eeg/sub-8_ses-04_task-imagery_run-05_eeg.edf	1250	True		sub-08	V	s	s	0	sub-08/ses-04/eeg/sub-08_ses-04_task-MotorImageryRest_run-05_eeg.vhdr	913494438b0fbeed636cb3011d04cca1f2c51bae399932603dc9766e26620028	True	unresolved	unresolved
sub-8	04	05	sub-8/ses-04/run-05/tsv-row-19	19	right_hand	2	128.776	5.0	32194	33444	sub-8/ses-04/eeg/sub-8_ses-04_task-imagery_run-05_eeg.edf	1250	True		sub-08	V	s	s	0	sub-08/ses-04/eeg/sub-08_ses-04_task-MotorImageryRest_run-05_eeg.vhdr	913494438b0fbeed636cb3011d04cca1f2c51bae399932603dc9766e26620028	True	unresolved	unresolved
sub-8	04	05	sub-8/ses-04/run-05/tsv-row-20	20	rest	1	135.664	5.0	33916	35166	sub-8/ses-04/eeg/sub-8_ses-04_task-imagery_run-05_eeg.edf	1250	True		sub-08	V	s	s	0	sub-08/ses-04/eeg/sub-08_ses-04_task-MotorImageryRest_run-05_eeg.vhdr	913494438b0fbeed636cb3011d04cca1f2c51bae399932603dc9766e26620028	True	unresolved	unresolved
sub-8	04	05	sub-8/ses-04/run-05/tsv-row-21	21	rest	1	142.552	5.0	35638	36888	sub-8/ses-04/eeg/sub-8_ses-04_task-imagery_run-05_eeg.edf	1250	True		sub-08	V	s	s	0	sub-08/ses-04/eeg/sub-08_ses-04_task-MotorImageryRest_run-05_eeg.vhdr	913494438b0fbeed636cb3011d04cca1f2c51bae399932603dc9766e26620028	True	unresolved	unresolved
sub-8	04	05	sub-8/ses-04/run-05/tsv-row-22	22	right_hand	2	149.436	5.0	37359	38609	sub-8/ses-04/eeg/sub-8_ses-04_task-imagery_run-05_eeg.edf	1250	True		sub-08	V	s	s	0	sub-08/ses-04/eeg/sub-08_ses-04_task-MotorImageryRest_run-05_eeg.vhdr	913494438b0fbeed636cb3011d04cca1f2c51bae399932603dc9766e26620028	True	unresolved	unresolved
sub-8	04	05	sub-8/ses-04/run-05/tsv-row-23	23	right_hand	2	156.324	5.0	39081	40331	sub-8/ses-04/eeg/sub-8_ses-04_task-imagery_run-05_eeg.edf	1250	True		sub-08	V	s	s	0	sub-08/ses-04/eeg/sub-08_ses-04_task-MotorImageryRest_run-05_eeg.vhdr	913494438b0fbeed636cb3011d04cca1f2c51bae399932603dc9766e26620028	True	unresolved	unresolved
sub-8	04	05	sub-8/ses-04/run-05/tsv-row-24	24	rest	1	163.212	5.0	40803	42053	sub-8/ses-04/eeg/sub-8_ses-04_task-imagery_run-05_eeg.edf	1250	True		sub-08	V	s	s	0	sub-08/ses-04/eeg/sub-08_ses-04_task-MotorImageryRest_run-05_eeg.vhdr	913494438b0fbeed636cb3011d04cca1f2c51bae399932603dc9766e26620028	True	unresolved	unresolved
sub-8	04	05	sub-8/ses-04/run-05/tsv-row-25	25	rest	1	170.1	5.0	42525	43775	sub-8/ses-04/eeg/sub-8_ses-04_task-imagery_run-05_eeg.edf	1250	True		sub-08	V	s	s	0	sub-08/ses-04/eeg/sub-08_ses-04_task-MotorImageryRest_run-05_eeg.vhdr	913494438b0fbeed636cb3011d04cca1f2c51bae399932603dc9766e26620028	True	unresolved	unresolved
sub-8	04	05	sub-8/ses-04/run-05/tsv-row-26	26	right_hand	2	176.984	5.0	44246	45496	sub-8/ses-04/eeg/sub-8_ses-04_task-imagery_run-05_eeg.edf	1250	True		sub-08	V	s	s	0	sub-08/ses-04/eeg/sub-08_ses-04_task-MotorImageryRest_run-05_eeg.vhdr	913494438b0fbeed636cb3011d04cca1f2c51bae399932603dc9766e26620028	True	unresolved	unresolved
sub-8	04	05	sub-8/ses-04/run-05/tsv-row-27	27	right_hand	2	183.872	5.0	45968	47218	sub-8/ses-04/eeg/sub-8_ses-04_task-imagery_run-05_eeg.edf	1250	True		sub-08	V	s	s	0	sub-08/ses-04/eeg/sub-08_ses-04_task-MotorImageryRest_run-05_eeg.vhdr	913494438b0fbeed636cb3011d04cca1f2c51bae399932603dc9766e26620028	True	unresolved	unresolved
sub-8	04	05	sub-8/ses-04/run-05/tsv-row-28	28	rest	1	190.76	5.0	47690	48940	sub-8/ses-04/eeg/sub-8_ses-04_task-imagery_run-05_eeg.edf	1250	True		sub-08	V	s	s	0	sub-08/ses-04/eeg/sub-08_ses-04_task-MotorImageryRest_run-05_eeg.vhdr	913494438b0fbeed636cb3011d04cca1f2c51bae399932603dc9766e26620028	True	unresolved	unresolved
sub-8	04	05	sub-8/ses-04/run-05/tsv-row-29	29	right_hand	2	197.66	5.0	49415	50665	sub-8/ses-04/eeg/sub-8_ses-04_task-imagery_run-05_eeg.edf	1250	True		sub-08	V	s	s	0	sub-08/ses-04/eeg/sub-08_ses-04_task-MotorImageryRest_run-05_eeg.vhdr	913494438b0fbeed636cb3011d04cca1f2c51bae399932603dc9766e26620028	True	unresolved	unresolved
sub-8	04	05	sub-8/ses-04/run-05/tsv-row-30	30	rest	1	204.532	5.0	51133	52383	sub-8/ses-04/eeg/sub-8_ses-04_task-imagery_run-05_eeg.edf	1250	True		sub-08	V	s	s	0	sub-08/ses-04/eeg/sub-08_ses-04_task-MotorImageryRest_run-05_eeg.vhdr	913494438b0fbeed636cb3011d04cca1f2c51bae399932603dc9766e26620028	True	unresolved	unresolved
sub-8	04	05	sub-8/ses-04/run-05/tsv-row-31	31	rest	1	211.42	5.0	52855	54105	sub-8/ses-04/eeg/sub-8_ses-04_task-imagery_run-05_eeg.edf	1250	True		sub-08	V	s	s	0	sub-08/ses-04/eeg/sub-08_ses-04_task-MotorImageryRest_run-05_eeg.vhdr	913494438b0fbeed636cb3011d04cca1f2c51bae399932603dc9766e26620028	True	unresolved	unresolved
sub-8	04	05	sub-8/ses-04/run-05/tsv-row-32	32	right_hand	2	218.32	5.0	54580	55830	sub-8/ses-04/eeg/sub-8_ses-04_task-imagery_run-05_eeg.edf	1250	True		sub-08	V	s	s	0	sub-08/ses-04/eeg/sub-08_ses-04_task-MotorImageryRest_run-05_eeg.vhdr	913494438b0fbeed636cb3011d04cca1f2c51bae399932603dc9766e26620028	True	unresolved	unresolved
sub-8	04	06	sub-8/ses-04/run-06/tsv-row-1	1	right_hand	2	4.82	5.0	1205	2455	sub-8/ses-04/eeg/sub-8_ses-04_task-imagery_run-06_eeg.edf	1250	True		sub-08	V	s	s	0	sub-08/ses-04/eeg/sub-08_ses-04_task-MotorImageryRest_run-06_eeg.vhdr	632970f0e0e26083a290eb43ecbce2c79ed79aa3e99ac4e07be3448b6088a4ab	True	unresolved	unresolved
sub-8	04	06	sub-8/ses-04/run-06/tsv-row-2	2	rest	1	11.696	5.0	2924	4174	sub-8/ses-04/eeg/sub-8_ses-04_task-imagery_run-06_eeg.edf	1250	True		sub-08	V	s	s	0	sub-08/ses-04/eeg/sub-08_ses-04_task-MotorImageryRest_run-06_eeg.vhdr	632970f0e0e26083a290eb43ecbce2c79ed79aa3e99ac4e07be3448b6088a4ab	True	unresolved	unresolved
sub-8	04	06	sub-8/ses-04/run-06/tsv-row-3	3	right_hand	2	18.58	5.0	4645	5895	sub-8/ses-04/eeg/sub-8_ses-04_task-imagery_run-06_eeg.edf	1250	True		sub-08	V	s	s	0	sub-08/ses-04/eeg/sub-08_ses-04_task-MotorImageryRest_run-06_eeg.vhdr	632970f0e0e26083a290eb43ecbce2c79ed79aa3e99ac4e07be3448b6088a4ab	True	unresolved	unresolved
sub-8	04	06	sub-8/ses-04/run-06/tsv-row-4	4	rest	1	25.484	5.0	6371	7621	sub-8/ses-04/eeg/sub-8_ses-04_task-imagery_run-06_eeg.edf	1250	True		sub-08	V	s	s	0	sub-08/ses-04/eeg/sub-08_ses-04_task-MotorImageryRest_run-06_eeg.vhdr	632970f0e0e26083a290eb43ecbce2c79ed79aa3e99ac4e07be3448b6088a4ab	True	unresolved	unresolved
sub-8	04	06	sub-8/ses-04/run-06/tsv-row-5	5	rest	1	32.372	5.0	8093	9343	sub-8/ses-04/eeg/sub-8_ses-04_task-imagery_run-06_eeg.edf	1250	True		sub-08	V	s	s	0	sub-08/ses-04/eeg/sub-08_ses-04_task-MotorImageryRest_run-06_eeg.vhdr	632970f0e0e26083a290eb43ecbce2c79ed79aa3e99ac4e07be3448b6088a4ab	True	unresolved	unresolved
sub-8	04	06	sub-8/ses-04/run-06/tsv-row-6	6	right_hand	2	39.24	5.0	9810	11060	sub-8/ses-04/eeg/sub-8_ses-04_task-imagery_run-06_eeg.edf	1250	True		sub-08	V	s	s	0	sub-08/ses-04/eeg/sub-08_ses-04_task-MotorImageryRest_run-06_eeg.vhdr	632970f0e0e26083a290eb43ecbce2c79ed79aa3e99ac4e07be3448b6088a4ab	True	unresolved	unresolved
sub-8	04	06	sub-8/ses-04/run-06/tsv-row-7	7	right_hand	2	46.144	5.0	11536	12786	sub-8/ses-04/eeg/sub-8_ses-04_task-imagery_run-06_eeg.edf	1250	True		sub-08	V	s	s	0	sub-08/ses-04/eeg/sub-08_ses-04_task-MotorImageryRest_run-06_eeg.vhdr	632970f0e0e26083a290eb43ecbce2c79ed79aa3e99ac4e07be3448b6088a4ab	True	unresolved	unresolved
sub-8	04	06	sub-8/ses-04/run-06/tsv-row-8	8	rest	1	53.032	5.0	13258	14508	sub-8/ses-04/eeg/sub-8_ses-04_task-imagery_run-06_eeg.edf	1250	True		sub-08	V	s	s	0	sub-08/ses-04/eeg/sub-08_ses-04_task-MotorImageryRest_run-06_eeg.vhdr	632970f0e0e26083a290eb43ecbce2c79ed79aa3e99ac4e07be3448b6088a4ab	True	unresolved	unresolved
sub-8	04	06	sub-8/ses-04/run-06/tsv-row-9	9	right_hand	2	59.916	5.0	14979	16229	sub-8/ses-04/eeg/sub-8_ses-04_task-imagery_run-06_eeg.edf	1250	True		sub-08	V	s	s	0	sub-08/ses-04/eeg/sub-08_ses-04_task-MotorImageryRest_run-06_eeg.vhdr	632970f0e0e26083a290eb43ecbce2c79ed79aa3e99ac4e07be3448b6088a4ab	True	unresolved	unresolved
sub-8	04	06	sub-8/ses-04/run-06/tsv-row-10	10	rest	1	66.808	5.0	16702	17952	sub-8/ses-04/eeg/sub-8_ses-04_task-imagery_run-06_eeg.edf	1250	True		sub-08	V	s	s	0	sub-08/ses-04/eeg/sub-08_ses-04_task-MotorImageryRest_run-06_eeg.vhdr	632970f0e0e26083a290eb43ecbce2c79ed79aa3e99ac4e07be3448b6088a4ab	True	unresolved	unresolved
sub-8	04	06	sub-8/ses-04/run-06/tsv-row-11	11	rest	1	73.708	5.0	18427	19677	sub-8/ses-04/eeg/sub-8_ses-04_task-imagery_run-06_eeg.edf	1250	True		sub-08	V	s	s	0	sub-08/ses-04/eeg/sub-08_ses-04_task-MotorImageryRest_run-06_eeg.vhdr	632970f0e0e26083a290eb43ecbce2c79ed79aa3e99ac4e07be3448b6088a4ab	True	unresolved	unresolved
sub-8	04	06	sub-8/ses-04/run-06/tsv-row-12	12	right_hand	2	80.576	5.0	20144	21394	sub-8/ses-04/eeg/sub-8_ses-04_task-imagery_run-06_eeg.edf	1250	True		sub-08	V	s	s	0	sub-08/ses-04/eeg/sub-08_ses-04_task-MotorImageryRest_run-06_eeg.vhdr	632970f0e0e26083a290eb43ecbce2c79ed79aa3e99ac4e07be3448b6088a4ab	True	unresolved	unresolved
sub-8	04	06	sub-8/ses-04/run-06/tsv-row-13	13	right_hand	2	87.48	5.0	21870	23120	sub-8/ses-04/eeg/sub-8_ses-04_task-imagery_run-06_eeg.edf	1250	True		sub-08	V	s	s	0	sub-08/ses-04/eeg/sub-08_ses-04_task-MotorImageryRest_run-06_eeg.vhdr	632970f0e0e26083a290eb43ecbce2c79ed79aa3e99ac4e07be3448b6088a4ab	True	unresolved	unresolved
sub-8	04	06	sub-8/ses-04/run-06/tsv-row-14	14	rest	1	94.352	5.0	23588	24838	sub-8/ses-04/eeg/sub-8_ses-04_task-imagery_run-06_eeg.edf	1250	True		sub-08	V	s	s	0	sub-08/ses-04/eeg/sub-08_ses-04_task-MotorImageryRest_run-06_eeg.vhdr	632970f0e0e26083a290eb43ecbce2c79ed79aa3e99ac4e07be3448b6088a4ab	True	unresolved	unresolved
sub-8	04	06	sub-8/ses-04/run-06/tsv-row-15	15	right_hand	2	101.236	5.0	25309	26559	sub-8/ses-04/eeg/sub-8_ses-04_task-imagery_run-06_eeg.edf	1250	True		sub-08	V	s	s	0	sub-08/ses-04/eeg/sub-08_ses-04_task-MotorImageryRest_run-06_eeg.vhdr	632970f0e0e26083a290eb43ecbce2c79ed79aa3e99ac4e07be3448b6088a4ab	True	unresolved	unresolved
sub-8	04	06	sub-8/ses-04/run-06/tsv-row-16	16	rest	1	108.144	5.0	27036	28286	sub-8/ses-04/eeg/sub-8_ses-04_task-imagery_run-06_eeg.edf	1250	True		sub-08	V	s	s	0	sub-08/ses-04/eeg/sub-08_ses-04_task-MotorImageryRest_run-06_eeg.vhdr	632970f0e0e26083a290eb43ecbce2c79ed79aa3e99ac4e07be3448b6088a4ab	True	unresolved	unresolved
sub-8	04	06	sub-8/ses-04/run-06/tsv-row-17	17	rest	1	115.032	5.0	28758	30008	sub-8/ses-04/eeg/sub-8_ses-04_task-imagery_run-06_eeg.edf	1250	True		sub-08	V	s	s	0	sub-08/ses-04/eeg/sub-08_ses-04_task-MotorImageryRest_run-06_eeg.vhdr	632970f0e0e26083a290eb43ecbce2c79ed79aa3e99ac4e07be3448b6088a4ab	True	unresolved	unresolved
sub-8	04	06	sub-8/ses-04/run-06/tsv-row-18	18	right_hand	2	121.896	5.0	30474	31724	sub-8/ses-04/eeg/sub-8_ses-04_task-imagery_run-06_eeg.edf	1250	True		sub-08	V	s	s	0	sub-08/ses-04/eeg/sub-08_ses-04_task-MotorImageryRest_run-06_eeg.vhdr	632970f0e0e26083a290eb43ecbce2c79ed79aa3e99ac4e07be3448b6088a4ab	True	unresolved	unresolved
sub-8	04	06	sub-8/ses-04/run-06/tsv-row-19	19	rest	1	128.804	5.0	32201	33451	sub-8/ses-04/eeg/sub-8_ses-04_task-imagery_run-06_eeg.edf	1250	True		sub-08	V	s	s	0	sub-08/ses-04/eeg/sub-08_ses-04_task-MotorImageryRest_run-06_eeg.vhdr	632970f0e0e26083a290eb43ecbce2c79ed79aa3e99ac4e07be3448b6088a4ab	True	unresolved	unresolved
sub-8	04	06	sub-8/ses-04/run-06/tsv-row-20	20	right_hand	2	135.688	5.0	33922	35172	sub-8/ses-04/eeg/sub-8_ses-04_task-imagery_run-06_eeg.edf	1250	True		sub-08	V	s	s	0	sub-08/ses-04/eeg/sub-08_ses-04_task-MotorImageryRest_run-06_eeg.vhdr	632970f0e0e26083a290eb43ecbce2c79ed79aa3e99ac4e07be3448b6088a4ab	True	unresolved	unresolved
sub-8	04	06	sub-8/ses-04/run-06/tsv-row-21	21	rest	1	142.576	5.0	35644	36894	sub-8/ses-04/eeg/sub-8_ses-04_task-imagery_run-06_eeg.edf	1250	True		sub-08	V	s	s	0	sub-08/ses-04/eeg/sub-08_ses-04_task-MotorImageryRest_run-06_eeg.vhdr	632970f0e0e26083a290eb43ecbce2c79ed79aa3e99ac4e07be3448b6088a4ab	True	unresolved	unresolved
sub-8	04	06	sub-8/ses-04/run-06/tsv-row-22	22	right_hand	2	149.46	5.0	37365	38615	sub-8/ses-04/eeg/sub-8_ses-04_task-imagery_run-06_eeg.edf	1250	True		sub-08	V	s	s	0	sub-08/ses-04/eeg/sub-08_ses-04_task-MotorImageryRest_run-06_eeg.vhdr	632970f0e0e26083a290eb43ecbce2c79ed79aa3e99ac4e07be3448b6088a4ab	True	unresolved	unresolved
sub-8	04	06	sub-8/ses-04/run-06/tsv-row-23	23	rest	1	156.352	5.0	39088	40338	sub-8/ses-04/eeg/sub-8_ses-04_task-imagery_run-06_eeg.edf	1250	True		sub-08	V	s	s	0	sub-08/ses-04/eeg/sub-08_ses-04_task-MotorImageryRest_run-06_eeg.vhdr	632970f0e0e26083a290eb43ecbce2c79ed79aa3e99ac4e07be3448b6088a4ab	True	unresolved	unresolved
sub-8	04	06	sub-8/ses-04/run-06/tsv-row-24	24	right_hand	2	163.236	5.0	40809	42059	sub-8/ses-04/eeg/sub-8_ses-04_task-imagery_run-06_eeg.edf	1250	True		sub-08	V	s	s	0	sub-08/ses-04/eeg/sub-08_ses-04_task-MotorImageryRest_run-06_eeg.vhdr	632970f0e0e26083a290eb43ecbce2c79ed79aa3e99ac4e07be3448b6088a4ab	True	unresolved	unresolved
sub-8	04	06	sub-8/ses-04/run-06/tsv-row-25	25	rest	1	170.124	5.0	42531	43781	sub-8/ses-04/eeg/sub-8_ses-04_task-imagery_run-06_eeg.edf	1250	True		sub-08	V	s	s	0	sub-08/ses-04/eeg/sub-08_ses-04_task-MotorImageryRest_run-06_eeg.vhdr	632970f0e0e26083a290eb43ecbce2c79ed79aa3e99ac4e07be3448b6088a4ab	True	unresolved	unresolved
sub-8	04	06	sub-8/ses-04/run-06/tsv-row-26	26	right_hand	2	177.008	5.0	44252	45502	sub-8/ses-04/eeg/sub-8_ses-04_task-imagery_run-06_eeg.edf	1250	True		sub-08	V	s	s	0	sub-08/ses-04/eeg/sub-08_ses-04_task-MotorImageryRest_run-06_eeg.vhdr	632970f0e0e26083a290eb43ecbce2c79ed79aa3e99ac4e07be3448b6088a4ab	True	unresolved	unresolved
sub-8	04	06	sub-8/ses-04/run-06/tsv-row-27	27	rest	1	183.9	5.0	45975	47225	sub-8/ses-04/eeg/sub-8_ses-04_task-imagery_run-06_eeg.edf	1250	True		sub-08	V	s	s	0	sub-08/ses-04/eeg/sub-08_ses-04_task-MotorImageryRest_run-06_eeg.vhdr	632970f0e0e26083a290eb43ecbce2c79ed79aa3e99ac4e07be3448b6088a4ab	True	unresolved	unresolved
sub-8	04	06	sub-8/ses-04/run-06/tsv-row-28	28	right_hand	2	190.784	5.0	47696	48946	sub-8/ses-04/eeg/sub-8_ses-04_task-imagery_run-06_eeg.edf	1250	True		sub-08	V	s	s	0	sub-08/ses-04/eeg/sub-08_ses-04_task-MotorImageryRest_run-06_eeg.vhdr	632970f0e0e26083a290eb43ecbce2c79ed79aa3e99ac4e07be3448b6088a4ab	True	unresolved	unresolved
sub-8	04	06	sub-8/ses-04/run-06/tsv-row-29	29	rest	1	197.688	5.0	49422	50672	sub-8/ses-04/eeg/sub-8_ses-04_task-imagery_run-06_eeg.edf	1250	True		sub-08	V	s	s	0	sub-08/ses-04/eeg/sub-08_ses-04_task-MotorImageryRest_run-06_eeg.vhdr	632970f0e0e26083a290eb43ecbce2c79ed79aa3e99ac4e07be3448b6088a4ab	True	unresolved	unresolved
sub-8	04	06	sub-8/ses-04/run-06/tsv-row-30	30	right_hand	2	204.556	5.0	51139	52389	sub-8/ses-04/eeg/sub-8_ses-04_task-imagery_run-06_eeg.edf	1250	True		sub-08	V	s	s	0	sub-08/ses-04/eeg/sub-08_ses-04_task-MotorImageryRest_run-06_eeg.vhdr	632970f0e0e26083a290eb43ecbce2c79ed79aa3e99ac4e07be3448b6088a4ab	True	unresolved	unresolved
sub-8	04	06	sub-8/ses-04/run-06/tsv-row-31	31	rest	1	211.444	5.0	52861	54111	sub-8/ses-04/eeg/sub-8_ses-04_task-imagery_run-06_eeg.edf	1250	True		sub-08	V	s	s	0	sub-08/ses-04/eeg/sub-08_ses-04_task-MotorImageryRest_run-06_eeg.vhdr	632970f0e0e26083a290eb43ecbce2c79ed79aa3e99ac4e07be3448b6088a4ab	True	unresolved	unresolved
sub-8	04	06	sub-8/ses-04/run-06/tsv-row-32	32	right_hand	2	218.348	5.0	54587	55837	sub-8/ses-04/eeg/sub-8_ses-04_task-imagery_run-06_eeg.edf	1250	True		sub-08	V	s	s	0	sub-08/ses-04/eeg/sub-08_ses-04_task-MotorImageryRest_run-06_eeg.vhdr	632970f0e0e26083a290eb43ecbce2c79ed79aa3e99ac4e07be3448b6088a4ab	True	unresolved	unresolved
