subject	session	run	trial_id	tsv_row	label	stored_event_value	onset_s	duration_s	start_sample	stop_sample_exclusive	source_file	source_length_samples	fixed_window_eligible	exclusion_reason	original_subject	signal_unit	onset_unit	duration_unit	sample_origin	original_header_file	declared_original_header_sha256	original_header_hash_verified	behavior_trial_outcome	behavior_score_denominator
sub-5	01	01	sub-5/ses-01/run-01/tsv-row-1	1	rest	1	5.212	5.0	1303	2553	sub-5/ses-01/eeg/sub-5_ses-01_task-imagery_run-01_eeg.edf	1250	True		sub-05	V	s	s	0	sub-05/ses-01/eeg/sub-05_ses-01_task-MotorImageryRest_run-01_eeg.vhdr	f51be761b2b92f5ed4d8297cd52512b0a144abf30e98ffb408958b4bcdcfb576	True	unresolved	unresolved
sub-5	01	01	sub-5/ses-01/run-01/tsv-row-2	2	right_hand	2	12.096	5.0	3024	4274	sub-5/ses-01/eeg/sub-5_ses-01_task-imagery_run-01_eeg.edf	1250	True		sub-05	V	s	s	0	sub-05/ses-01/eeg/sub-05_ses-01_task-MotorImageryRest_run-01_eeg.vhdr	f51be761b2b92f5ed4d8297cd52512b0a144abf30e98ffb408958b4bcdcfb576	True	unresolved	unresolved
sub-5	01	01	sub-5/ses-01/run-01/tsv-row-3	3	rest	1	18.988	5.0	4747	5997	sub-5/ses-01/eeg/sub-5_ses-01_task-imagery_run-01_eeg.edf	1250	True		sub-05	V	s	s	0	sub-05/ses-01/eeg/sub-05_ses-01_task-MotorImageryRest_run-01_eeg.vhdr	f51be761b2b92f5ed4d8297cd52512b0a144abf30e98ffb408958b4bcdcfb576	True	unresolved	unresolved
sub-5	01	01	sub-5/ses-01/run-01/tsv-row-4	4	right_hand	2	25.872	5.0	6468	7718	sub-5/ses-01/eeg/sub-5_ses-01_task-imagery_run-01_eeg.edf	1250	True		sub-05	V	s	s	0	sub-05/ses-01/eeg/sub-05_ses-01_task-MotorImageryRest_run-01_eeg.vhdr	f51be761b2b92f5ed4d8297cd52512b0a144abf30e98ffb408958b4bcdcfb576	True	unresolved	unresolved
sub-5	01	01	sub-5/ses-01/run-01/tsv-row-5	5	rest	1	32.76	5.0	8190	9440	sub-5/ses-01/eeg/sub-5_ses-01_task-imagery_run-01_eeg.edf	1250	True		sub-05	V	s	s	0	sub-05/ses-01/eeg/sub-05_ses-01_task-MotorImageryRest_run-01_eeg.vhdr	f51be761b2b92f5ed4d8297cd52512b0a144abf30e98ffb408958b4bcdcfb576	True	unresolved	unresolved
sub-5	01	01	sub-5/ses-01/run-01/tsv-row-6	6	right_hand	2	39.66	5.0	9915	11165	sub-5/ses-01/eeg/sub-5_ses-01_task-imagery_run-01_eeg.edf	1250	True		sub-05	V	s	s	0	sub-05/ses-01/eeg/sub-05_ses-01_task-MotorImageryRest_run-01_eeg.vhdr	f51be761b2b92f5ed4d8297cd52512b0a144abf30e98ffb408958b4bcdcfb576	True	unresolved	unresolved
sub-5	01	01	sub-5/ses-01/run-01/tsv-row-7	7	right_hand	2	46.548	5.0	11637	12887	sub-5/ses-01/eeg/sub-5_ses-01_task-imagery_run-01_eeg.edf	1250	True		sub-05	V	s	s	0	sub-05/ses-01/eeg/sub-05_ses-01_task-MotorImageryRest_run-01_eeg.vhdr	f51be761b2b92f5ed4d8297cd52512b0a144abf30e98ffb408958b4bcdcfb576	True	unresolved	unresolved
sub-5	01	01	sub-5/ses-01/run-01/tsv-row-8	8	rest	1	53.42	5.0	13355	14605	sub-5/ses-01/eeg/sub-5_ses-01_task-imagery_run-01_eeg.edf	1250	True		sub-05	V	s	s	0	sub-05/ses-01/eeg/sub-05_ses-01_task-MotorImageryRest_run-01_eeg.vhdr	f51be761b2b92f5ed4d8297cd52512b0a144abf30e98ffb408958b4bcdcfb576	True	unresolved	unresolved
sub-5	01	01	sub-5/ses-01/run-01/tsv-row-9	9	rest	1	60.324	5.0	15081	16331	sub-5/ses-01/eeg/sub-5_ses-01_task-imagery_run-01_eeg.edf	1250	True		sub-05	V	s	s	0	sub-05/ses-01/eeg/sub-05_ses-01_task-MotorImageryRest_run-01_eeg.vhdr	f51be761b2b92f5ed4d8297cd52512b0a144abf30e98ffb408958b4bcdcfb576	True	unresolved	unresolved
sub-5	01	01	sub-5/ses-01/run-01/tsv-row-10	10	right_hand	2	67.208	5.0	16802	18052	sub-5/ses-01/eeg/sub-5_ses-01_task-imagery_run-01_eeg.edf	1250	True		sub-05	V	s	s	0	sub-05/ses-01/eeg/sub-05_ses-01_task-MotorImageryRest_run-01_eeg.vhdr	f51be761b2b92f5ed4d8297cd52512b0a144abf30e98ffb408958b4bcdcfb576	True	unresolved	unresolved
sub-5	01	01	sub-5/ses-01/run-01/tsv-row-11	11	rest	1	74.08	5.0	18520	19770	sub-5/ses-01/eeg/sub-5_ses-01_task-imagery_run-01_eeg.edf	1250	True		sub-05	V	s	s	0	sub-05/ses-01/eeg/sub-05_ses-01_task-MotorImageryRest_run-01_eeg.vhdr	f51be761b2b92f5ed4d8297cd52512b0a144abf30e98ffb408958b4bcdcfb576	True	unresolved	unresolved
sub-5	01	01	sub-5/ses-01/run-01/tsv-row-12	12	right_hand	2	80.964	5.0	20241	21491	sub-5/ses-01/eeg/sub-5_ses-01_task-imagery_run-01_eeg.edf	1250	True		sub-05	V	s	s	0	sub-05/ses-01/eeg/sub-05_ses-01_task-MotorImageryRest_run-01_eeg.vhdr	f51be761b2b92f5ed4d8297cd52512b0a144abf30e98ffb408958b4bcdcfb576	True	unresolved	unresolved
sub-5	01	01	sub-5/ses-01/run-01/tsv-row-13	13	rest	1	87.872	5.0	21968	23218	sub-5/ses-01/eeg/sub-5_ses-01_task-imagery_run-01_eeg.edf	1250	True		sub-05	V	s	s	0	sub-05/ses-01/eeg/sub-05_ses-01_task-MotorImageryRest_run-01_eeg.vhdr	f51be761b2b92f5ed4d8297cd52512b0a144abf30e98ffb408958b4bcdcfb576	True	unresolved	unresolved
sub-5	01	01	sub-5/ses-01/run-01/tsv-row-14	14	right_hand	2	94.756	5.0	23689	24939	sub-5/ses-01/eeg/sub-5_ses-01_task-imagery_run-01_eeg.edf	1250	True		sub-05	V	s	s	0	sub-05/ses-01/eeg/sub-05_ses-01_task-MotorImageryRest_run-01_eeg.vhdr	f51be761b2b92f5ed4d8297cd52512b0a144abf30e98ffb408958b4bcdcfb576	True	unresolved	unresolved
sub-5	01	01	sub-5/ses-01/run-01/tsv-row-15	15	right_hand	2	101.644	5.0	25411	26661	sub-5/ses-01/eeg/sub-5_ses-01_task-imagery_run-01_eeg.edf	1250	True		sub-05	V	s	s	0	sub-05/ses-01/eeg/sub-05_ses-01_task-MotorImageryRest_run-01_eeg.vhdr	f51be761b2b92f5ed4d8297cd52512b0a144abf30e98ffb408958b4bcdcfb576	True	unresolved	unresolved
sub-5	01	01	sub-5/ses-01/run-01/tsv-row-16	16	rest	1	108.532	5.0	27133	28383	sub-5/ses-01/eeg/sub-5_ses-01_task-imagery_run-01_eeg.edf	1250	True		sub-05	V	s	s	0	sub-05/ses-01/eeg/sub-05_ses-01_task-MotorImageryRest_run-01_eeg.vhdr	f51be761b2b92f5ed4d8297cd52512b0a144abf30e98ffb408958b4bcdcfb576	True	unresolved	unresolved
sub-5	01	01	sub-5/ses-01/run-01/tsv-row-17	17	rest	1	115.42	5.0	28855	30105	sub-5/ses-01/eeg/sub-5_ses-01_task-imagery_run-01_eeg.edf	1250	True		sub-05	V	s	s	0	sub-05/ses-01/eeg/sub-05_ses-01_task-MotorImageryRest_run-01_eeg.vhdr	f51be761b2b92f5ed4d8297cd52512b0a144abf30e98ffb408958b4bcdcfb576	True	unresolved	unresolved
sub-5	01	01	sub-5/ses-01/run-01/tsv-row-18	18	right_hand	2	122.304	5.0	30576	31826	sub-5/ses-01/eeg/sub-5_ses-01_task-imagery_run-01_eeg.edf	1250	True		sub-05	V	s	s	0	sub-05/ses-01/eeg/sub-05_ses-01_task-MotorImageryRest_run-01_eeg.vhdr	f51be761b2b92f5ed4d8297cd52512b0a144abf30e98ffb408958b4bcdcfb576	True	unresolved	unresolved
sub-5	01	01	sub-5/ses-01/run-01/tsv-row-19	19	rest	1	129.192	5.0	32298	33548	sub-5/ses-01/eeg/sub-5_ses-01_task-imagery_run-01_eeg.edf	1250	True		sub-05	V	s	s	0	sub-05/ses-01/eeg/sub-05_ses-01_task-MotorImageryRest_run-01_eeg.vhdr	f51be761b2b92f5ed4d8297cd52512b0a144abf30e98ffb408958b4bcdcfb576	True	unresolved	unresolved
sub-5	01	01	sub-5/ses-01/run-01/tsv-row-20	20	right_hand	2	136.076	5.0	34019	35269	sub-5/ses-01/eeg/sub-5_ses-01_task-imagery_run-01_eeg.edf	1250	True		sub-05	V	s	s	0	sub-05/ses-01/eeg/sub-05_ses-01_task-MotorImageryRest_run-01_eeg.vhdr	f51be761b2b92f5ed4d8297cd52512b0a144abf30e98ffb408958b4bcdcfb576	True	unresolved	unresolved
sub-5	01	01	sub-5/ses-01/run-01/tsv-row-21	21	right_hand	2	142.964	5.0	35741	36991	sub-5/ses-01/eeg/sub-5_ses-01_task-imagery_run-01_eeg.edf	1250	True		sub-05	V	s	s	0	sub-05/ses-01/eeg/sub-05_ses-01_task-MotorImageryRest_run-01_eeg.vhdr	f51be761b2b92f5ed4d8297cd52512b0a144abf30e98ffb408958b4bcdcfb576	True	unresolved	unresolved
sub-5	01	01	sub-5/ses-01/run-01/tsv-row-22	22	rest	1	149.868	5.0	37467	38717	sub-5/ses-01/eeg/sub-5_ses-01_task-imagery_run-01_eeg.edf	1250	True		sub-05	V	s	s	0	sub-05/ses-01/eeg/sub-05_ses-01_task-MotorImageryRest_run-01_eeg.vhdr	f51be761b2b92f5ed4d8297cd52512b0a144abf30e98ffb408958b4bcdcfb576	True	unresolved	unresolved
sub-5	01	01	sub-5/ses-01/run-01/tsv-row-23	23	right_hand	2	156.736	5.0	39184	40434	sub-5/ses-01/eeg/sub-5_ses-01_task-imagery_run-01_eeg.edf	1250	True		sub-05	V	s	s	0	sub-05/ses-01/eeg/sub-05_ses-01_task-MotorImageryRest_run-01_eeg.vhdr	f51be761b2b92f5ed4d8297cd52512b0a144abf30e98ffb408958b4bcdcfb576	True	unresolved	unresolved
sub-5	01	01	sub-5/ses-01/run-01/tsv-row-24	24	rest	1	163.624	5.0	40906	42156	sub-5/ses-01/eeg/sub-5_ses-01_task-imagery_run-01_eeg.edf	1250	True		sub-05	V	s	s	0	sub-05/ses-01/eeg/sub-05_ses-01_task-MotorImageryRest_run-01_eeg.vhdr	f51be761b2b92f5ed4d8297cd52512b0a144abf30e98ffb408958b4bcdcfb576	True	unresolved	unresolved
sub-5	01	01	sub-5/ses-01/run-01/tsv-row-25	25	right_hand	2	170.528	5.0	42632	43882	sub-5/ses-01/eeg/sub-5_ses-01_task-imagery_run-01_eeg.edf	1250	True		sub-05	V	s	s	0	sub-05/ses-01/eeg/sub-05_ses-01_task-MotorImageryRest_run-01_eeg.vhdr	f51be761b2b92f5ed4d8297cd52512b0a144abf30e98ffb408958b4bcdcfb576	True	unresolved	unresolved
sub-5	01	01	sub-5/ses-01/run-01/tsv-row-26	26	rest	1	177.416	5.0	44354	45604	sub-5/ses-01/eeg/sub-5_ses-01_task-imagery_run-01_eeg.edf	1250	True		sub-05	V	s	s	0	sub-05/ses-01/eeg/sub-05_ses-01_task-MotorImageryRest_run-01_eeg.vhdr	f51be761b2b92f5ed4d8297cd52512b0a144abf30e98ffb408958b4bcdcfb576	True	unresolved	unresolved
sub-5	01	01	sub-5/ses-01/run-01/tsv-row-27	27	rest	1	184.288	5.0	46072	47322	sub-5/ses-01/eeg/sub-5_ses-01_task-imagery_run-01_eeg.edf	1250	True		sub-05	V	s	s	0	sub-05/ses-01/eeg/sub-05_ses-01_task-MotorImageryRest_run-01_eeg.vhdr	f51be761b2b92f5ed4d8297cd52512b0a144abf30e98ffb408958b4bcdcfb576	True	unresolved	unresolved
sub-5	01	01	sub-5/ses-01/run-01/tsv-row-28	28	right_hand	2	191.188	5.0	47797	49047	sub-5/ses-01/eeg/sub-5_ses-01_task-imagery_run-01_eeg.edf	1250	True		sub-05	V	s	s	0	sub-05/ses-01/eeg/sub-05_ses-01_task-MotorImageryRest_run-01_eeg.vhdr	f51be761b2b92f5ed4d8297cd52512b0a144abf30e98ffb408958b4bcdcfb576	True	unresolved	unresolved
sub-5	01	01	sub-5/ses-01/run-01/tsv-row-29	29	right_hand	2	198.072	5.0	49518	50768	sub-5/ses-01/eeg/sub-5_ses-01_task-imagery_run-01_eeg.edf	1250	True		sub-05	V	s	s	0	sub-05/ses-01/eeg/sub-05_ses-01_task-MotorImageryRest_run-01_eeg.vhdr	f51be761b2b92f5ed4d8297cd52512b0a144abf30e98ffb408958b4bcdcfb576	True	unresolved	unresolved
sub-5	01	01	sub-5/ses-01/run-01/tsv-row-30	30	rest	1	204.964	5.0	51241	52491	sub-5/ses-01/eeg/sub-5_ses-01_task-imagery_run-01_eeg.edf	1250	True		sub-05	V	s	s	0	sub-05/ses-01/eeg/sub-05_ses-01_task-MotorImageryRest_run-01_eeg.vhdr	f51be761b2b92f5ed4d8297cd52512b0a144abf30e98ffb408958b4bcdcfb576	True	unresolved	unresolved
sub-5	01	01	sub-5/ses-01/run-01/tsv-row-31	31	right_hand	2	211.848	5.0	52962	54212	sub-5/ses-01/eeg/sub-5_ses-01_task-imagery_run-01_eeg.edf	1250	True		sub-05	V	s	s	0	sub-05/ses-01/eeg/sub-05_ses-01_task-MotorImageryRest_run-01_eeg.vhdr	f51be761b2b92f5ed4d8297cd52512b0a144abf30e98ffb408958b4bcdcfb576	True	unresolved	unresolved
sub-5	01	01	sub-5/ses-01/run-01/tsv-row-32	32	rest	1	218.736	5.0	54684	55934	sub-5/ses-01/eeg/sub-5_ses-01_task-imagery_run-01_eeg.edf	1250	True		sub-05	V	s	s	0	sub-05/ses-01/eeg/sub-05_ses-01_task-MotorImageryRest_run-01_eeg.vhdr	f51be761b2b92f5ed4d8297cd52512b0a144abf30e98ffb408958b4bcdcfb576	True	unresolved	unresolved
sub-5	01	02	sub-5/ses-01/run-02/tsv-row-1	1	right_hand	2	10.196	5.0	2549	3799	sub-5/ses-01/eeg/sub-5_ses-01_task-imagery_run-02_eeg.edf	1250	True		sub-05	V	s	s	0	sub-05/ses-01/eeg/sub-05_ses-01_task-MotorImageryRest_run-02_eeg.vhdr	12c8913af57acf3f36c82e2b6755faa7dde772f2e82ce449c8961aba011ec0f9	True	unresolved	unresolved
sub-5	01	02	sub-5/ses-01/run-02/tsv-row-2	2	rest	1	17.072	5.0	4268	5518	sub-5/ses-01/eeg/sub-5_ses-01_task-imagery_run-02_eeg.edf	1250	True		sub-05	V	s	s	0	sub-05/ses-01/eeg/sub-05_ses-01_task-MotorImageryRest_run-02_eeg.vhdr	12c8913af57acf3f36c82e2b6755faa7dde772f2e82ce449c8961aba011ec0f9	True	unresolved	unresolved
sub-5	01	02	sub-5/ses-01/run-02/tsv-row-3	3	right_hand	2	23.972	5.0	5993	7243	sub-5/ses-01/eeg/sub-5_ses-01_task-imagery_run-02_eeg.edf	1250	True		sub-05	V	s	s	0	sub-05/ses-01/eeg/sub-05_ses-01_task-MotorImageryRest_run-02_eeg.vhdr	12c8913af57acf3f36c82e2b6755faa7dde772f2e82ce449c8961aba011ec0f9	True	unresolved	unresolved
sub-5	01	02	sub-5/ses-01/run-02/tsv-row-4	4	rest	1	30.86	5.0	7715	8965	sub-5/ses-01/eeg/sub-5_ses-01_task-imagery_run-02_eeg.edf	1250	True		sub-05	V	s	s	0	sub-05/ses-01/eeg/sub-05_ses-01_task-MotorImageryRest_run-02_eeg.vhdr	12c8913af57acf3f36c82e2b6755faa7dde772f2e82ce449c8961aba011ec0f9	True	unresolved	unresolved
sub-5	01	02	sub-5/ses-01/run-02/tsv-row-5	5	rest	1	37.748	5.0	9437	10687	sub-5/ses-01/eeg/sub-5_ses-01_task-imagery_run-02_eeg.edf	1250	True		sub-05	V	s	s	0	sub-05/ses-01/eeg/sub-05_ses-01_task-MotorImageryRest_run-02_eeg.vhdr	12c8913af57acf3f36c82e2b6755faa7dde772f2e82ce449c8961aba011ec0f9	True	unresolved	unresolved
sub-5	01	02	sub-5/ses-01/run-02/tsv-row-6	6	right_hand	2	44.616	5.0	11154	12404	sub-5/ses-01/eeg/sub-5_ses-01_task-imagery_run-02_eeg.edf	1250	True		sub-05	V	s	s	0	sub-05/ses-01/eeg/sub-05_ses-01_task-MotorImageryRest_run-02_eeg.vhdr	12c8913af57acf3f36c82e2b6755faa7dde772f2e82ce449c8961aba011ec0f9	True	unresolved	unresolved
sub-5	01	02	sub-5/ses-01/run-02/tsv-row-7	7	rest	1	51.52	5.0	12880	14130	sub-5/ses-01/eeg/sub-5_ses-01_task-imagery_run-02_eeg.edf	1250	True		sub-05	V	s	s	0	sub-05/ses-01/eeg/sub-05_ses-01_task-MotorImageryRest_run-02_eeg.vhdr	12c8913af57acf3f36c82e2b6755faa7dde772f2e82ce449c8961aba011ec0f9	True	unresolved	unresolved
sub-5	01	02	sub-5/ses-01/run-02/tsv-row-8	8	right_hand	2	58.404	5.0	14601	15851	sub-5/ses-01/eeg/sub-5_ses-01_task-imagery_run-02_eeg.edf	1250	True		sub-05	V	s	s	0	sub-05/ses-01/eeg/sub-05_ses-01_task-MotorImageryRest_run-02_eeg.vhdr	12c8913af57acf3f36c82e2b6755faa7dde772f2e82ce449c8961aba011ec0f9	True	unresolved	unresolved
sub-5	01	02	sub-5/ses-01/run-02/tsv-row-9	9	right_hand	2	65.308	5.0	16327	17577	sub-5/ses-01/eeg/sub-5_ses-01_task-imagery_run-02_eeg.edf	1250	True		sub-05	V	s	s	0	sub-05/ses-01/eeg/sub-05_ses-01_task-MotorImageryRest_run-02_eeg.vhdr	12c8913af57acf3f36c82e2b6755faa7dde772f2e82ce449c8961aba011ec0f9	True	unresolved	unresolved
sub-5	01	02	sub-5/ses-01/run-02/tsv-row-10	10	rest	1	72.18	5.0	18045	19295	sub-5/ses-01/eeg/sub-5_ses-01_task-imagery_run-02_eeg.edf	1250	True		sub-05	V	s	s	0	sub-05/ses-01/eeg/sub-05_ses-01_task-MotorImageryRest_run-02_eeg.vhdr	12c8913af57acf3f36c82e2b6755faa7dde772f2e82ce449c8961aba011ec0f9	True	unresolved	unresolved
sub-5	01	02	sub-5/ses-01/run-02/tsv-row-11	11	right_hand	2	79.064	5.0	19766	21016	sub-5/ses-01/eeg/sub-5_ses-01_task-imagery_run-02_eeg.edf	1250	True		sub-05	V	s	s	0	sub-05/ses-01/eeg/sub-05_ses-01_task-MotorImageryRest_run-02_eeg.vhdr	12c8913af57acf3f36c82e2b6755faa7dde772f2e82ce449c8961aba011ec0f9	True	unresolved	unresolved
sub-5	01	02	sub-5/ses-01/run-02/tsv-row-12	12	rest	1	85.956	5.0	21489	22739	sub-5/ses-01/eeg/sub-5_ses-01_task-imagery_run-02_eeg.edf	1250	True		sub-05	V	s	s	0	sub-05/ses-01/eeg/sub-05_ses-01_task-MotorImageryRest_run-02_eeg.vhdr	12c8913af57acf3f36c82e2b6755faa7dde772f2e82ce449c8961aba011ec0f9	True	unresolved	unresolved
sub-5	01	02	sub-5/ses-01/run-02/tsv-row-13	13	right_hand	2	92.856	5.0	23214	24464	sub-5/ses-01/eeg/sub-5_ses-01_task-imagery_run-02_eeg.edf	1250	True		sub-05	V	s	s	0	sub-05/ses-01/eeg/sub-05_ses-01_task-MotorImageryRest_run-02_eeg.vhdr	12c8913af57acf3f36c82e2b6755faa7dde772f2e82ce449c8961aba011ec0f9	True	unresolved	unresolved
sub-5	01	02	sub-5/ses-01/run-02/tsv-row-14	14	rest	1	99.728	5.0	24932	26182	sub-5/ses-01/eeg/sub-5_ses-01_task-imagery_run-02_eeg.edf	1250	True		sub-05	V	s	s	0	sub-05/ses-01/eeg/sub-05_ses-01_task-MotorImageryRest_run-02_eeg.vhdr	12c8913af57acf3f36c82e2b6755faa7dde772f2e82ce449c8961aba011ec0f9	True	unresolved	unresolved
sub-5	01	02	sub-5/ses-01/run-02/tsv-row-15	15	right_hand	2	106.612	5.0	26653	27903	sub-5/ses-01/eeg/sub-5_ses-01_task-imagery_run-02_eeg.edf	1250	True		sub-05	V	s	s	0	sub-05/ses-01/eeg/sub-05_ses-01_task-MotorImageryRest_run-02_eeg.vhdr	12c8913af57acf3f36c82e2b6755faa7dde772f2e82ce449c8961aba011ec0f9	True	unresolved	unresolved
sub-5	01	02	sub-5/ses-01/run-02/tsv-row-16	16	rest	1	113.52	5.0	28380	29630	sub-5/ses-01/eeg/sub-5_ses-01_task-imagery_run-02_eeg.edf	1250	True		sub-05	V	s	s	0	sub-05/ses-01/eeg/sub-05_ses-01_task-MotorImageryRest_run-02_eeg.vhdr	12c8913af57acf3f36c82e2b6755faa7dde772f2e82ce449c8961aba011ec0f9	True	unresolved	unresolved
sub-5	01	02	sub-5/ses-01/run-02/tsv-row-17	17	right_hand	2	120.404	5.0	30101	31351	sub-5/ses-01/eeg/sub-5_ses-01_task-imagery_run-02_eeg.edf	1250	True		sub-05	V	s	s	0	sub-05/ses-01/eeg/sub-05_ses-01_task-MotorImageryRest_run-02_eeg.vhdr	12c8913af57acf3f36c82e2b6755faa7dde772f2e82ce449c8961aba011ec0f9	True	unresolved	unresolved
sub-5	01	02	sub-5/ses-01/run-02/tsv-row-18	18	rest	1	127.276	5.0	31819	33069	sub-5/ses-01/eeg/sub-5_ses-01_task-imagery_run-02_eeg.edf	1250	True		sub-05	V	s	s	0	sub-05/ses-01/eeg/sub-05_ses-01_task-MotorImageryRest_run-02_eeg.vhdr	12c8913af57acf3f36c82e2b6755faa7dde772f2e82ce449c8961aba011ec0f9	True	unresolved	unresolved
sub-5	01	02	sub-5/ses-01/run-02/tsv-row-19	19	rest	1	134.18	5.0	33545	34795	sub-5/ses-01/eeg/sub-5_ses-01_task-imagery_run-02_eeg.edf	1250	True		sub-05	V	s	s	0	sub-05/ses-01/eeg/sub-05_ses-01_task-MotorImageryRest_run-02_eeg.vhdr	12c8913af57acf3f36c82e2b6755faa7dde772f2e82ce449c8961aba011ec0f9	True	unresolved	unresolved
sub-5	01	02	sub-5/ses-01/run-02/tsv-row-20	20	right_hand	2	141.064	5.0	35266	36516	sub-5/ses-01/eeg/sub-5_ses-01_task-imagery_run-02_eeg.edf	1250	True		sub-05	V	s	s	0	sub-05/ses-01/eeg/sub-05_ses-01_task-MotorImageryRest_run-02_eeg.vhdr	12c8913af57acf3f36c82e2b6755faa7dde772f2e82ce449c8961aba011ec0f9	True	unresolved	unresolved
sub-5	01	02	sub-5/ses-01/run-02/tsv-row-21	21	rest	1	147.952	5.0	36988	38238	sub-5/ses-01/eeg/sub-5_ses-01_task-imagery_run-02_eeg.edf	1250	True		sub-05	V	s	s	0	sub-05/ses-01/eeg/sub-05_ses-01_task-MotorImageryRest_run-02_eeg.vhdr	12c8913af57acf3f36c82e2b6755faa7dde772f2e82ce449c8961aba011ec0f9	True	unresolved	unresolved
sub-5	01	02	sub-5/ses-01/run-02/tsv-row-22	22	right_hand	2	154.836	5.0	38709	39959	sub-5/ses-01/eeg/sub-5_ses-01_task-imagery_run-02_eeg.edf	1250	True		sub-05	V	s	s	0	sub-05/ses-01/eeg/sub-05_ses-01_task-MotorImageryRest_run-02_eeg.vhdr	12c8913af57acf3f36c82e2b6755faa7dde772f2e82ce449c8961aba011ec0f9	True	unresolved	unresolved
sub-5	01	02	sub-5/ses-01/run-02/tsv-row-23	23	right_hand	2	161.724	5.0	40431	41681	sub-5/ses-01/eeg/sub-5_ses-01_task-imagery_run-02_eeg.edf	1250	True		sub-05	V	s	s	0	sub-05/ses-01/eeg/sub-05_ses-01_task-MotorImageryRest_run-02_eeg.vhdr	12c8913af57acf3f36c82e2b6755faa7dde772f2e82ce449c8961aba011ec0f9	True	unresolved	unresolved
sub-5	01	02	sub-5/ses-01/run-02/tsv-row-24	24	rest	1	168.612	5.0	42153	43403	sub-5/ses-01/eeg/sub-5_ses-01_task-imagery_run-02_eeg.edf	1250	True		sub-05	V	s	s	0	sub-05/ses-01/eeg/sub-05_ses-01_task-MotorImageryRest_run-02_eeg.vhdr	12c8913af57acf3f36c82e2b6755faa7dde772f2e82ce449c8961aba011ec0f9	True	unresolved	unresolved
sub-5	01	02	sub-5/ses-01/run-02/tsv-row-25	25	right_hand	2	175.516	5.0	43879	45129	sub-5/ses-01/eeg/sub-5_ses-01_task-imagery_run-02_eeg.edf	1250	True		sub-05	V	s	s	0	sub-05/ses-01/eeg/sub-05_ses-01_task-MotorImageryRest_run-02_eeg.vhdr	12c8913af57acf3f36c82e2b6755faa7dde772f2e82ce449c8961aba011ec0f9	True	unresolved	unresolved
sub-5	01	02	sub-5/ses-01/run-02/tsv-row-26	26	rest	1	182.388	5.0	45597	46847	sub-5/ses-01/eeg/sub-5_ses-01_task-imagery_run-02_eeg.edf	1250	True		sub-05	V	s	s	0	sub-05/ses-01/eeg/sub-05_ses-01_task-MotorImageryRest_run-02_eeg.vhdr	12c8913af57acf3f36c82e2b6755faa7dde772f2e82ce449c8961aba011ec0f9	True	unresolved	unresolved
sub-5	01	02	sub-5/ses-01/run-02/tsv-row-27	27	rest	1	189.276	5.0	47319	48569	sub-5/ses-01/eeg/sub-5_ses-01_task-imagery_run-02_eeg.edf	1250	True		sub-05	V	s	s	0	sub-05/ses-01/eeg/sub-05_ses-01_task-MotorImageryRest_run-02_eeg.vhdr	12c8913af57acf3f36c82e2b6755faa7dde772f2e82ce449c8961aba011ec0f9	True	unresolved	unresolved
sub-5	01	02	sub-5/ses-01/run-02/tsv-row-28	28	right_hand	2	196.176	5.0	49044	50294	sub-5/ses-01/eeg/sub-5_ses-01_task-imagery_run-02_eeg.edf	1250	True		sub-05	V	s	s	0	sub-05/ses-01/eeg/sub-05_ses-01_task-MotorImageryRest_run-02_eeg.vhdr	12c8913af57acf3f36c82e2b6755faa7dde772f2e82ce449c8961aba011ec0f9	True	unresolved	unresolved
sub-5	01	02	sub-5/ses-01/run-02/tsv-row-29	29	right_hand	2	203.06	5.0	50765	52015	sub-5/ses-01/eeg/sub-5_ses-01_task-imagery_run-02_eeg.edf	1250	True		sub-05	V	s	s	0	sub-05/ses-01/eeg/sub-05_ses-01_task-MotorImageryRest_run-02_eeg.vhdr	12c8913af57acf3f36c82e2b6755faa7dde772f2e82ce449c8961aba011ec0f9	True	unresolved	unresolved
sub-5	01	02	sub-5/ses-01/run-02/tsv-row-30	30	rest	1	209.936	5.0	52484	53734	sub-5/ses-01/eeg/sub-5_ses-01_task-imagery_run-02_eeg.edf	1250	True		sub-05	V	s	s	0	sub-05/ses-01/eeg/sub-05_ses-01_task-MotorImageryRest_run-02_eeg.vhdr	12c8913af57acf3f36c82e2b6755faa7dde772f2e82ce449c8961aba011ec0f9	True	unresolved	unresolved
sub-5	01	02	sub-5/ses-01/run-02/tsv-row-31	31	right_hand	2	216.82	5.0	54205	55455	sub-5/ses-01/eeg/sub-5_ses-01_task-imagery_run-02_eeg.edf	1250	True		sub-05	V	s	s	0	sub-05/ses-01/eeg/sub-05_ses-01_task-MotorImageryRest_run-02_eeg.vhdr	12c8913af57acf3f36c82e2b6755faa7dde772f2e82ce449c8961aba011ec0f9	True	unresolved	unresolved
sub-5	01	02	sub-5/ses-01/run-02/tsv-row-32	32	rest	1	223.724	5.0	55931	57181	sub-5/ses-01/eeg/sub-5_ses-01_task-imagery_run-02_eeg.edf	1250	True		sub-05	V	s	s	0	sub-05/ses-01/eeg/sub-05_ses-01_task-MotorImageryRest_run-02_eeg.vhdr	12c8913af57acf3f36c82e2b6755faa7dde772f2e82ce449c8961aba011ec0f9	True	unresolved	unresolved
sub-5	01	03	sub-5/ses-01/run-03/tsv-row-1	1	rest	1	5.32	5.0	1330	2580	sub-5/ses-01/eeg/sub-5_ses-01_task-imagery_run-03_eeg.edf	1250	True		sub-05	V	s	s	0	sub-05/ses-01/eeg/sub-05_ses-01_task-MotorImageryRest_run-03_eeg.vhdr	9a81416180fa4b2ceb8304eca714f63003840c918e910aec105efe727342cc22	True	unresolved	unresolved
sub-5	01	03	sub-5/ses-01/run-03/tsv-row-2	2	right_hand	2	12.208	5.0	3052	4302	sub-5/ses-01/eeg/sub-5_ses-01_task-imagery_run-03_eeg.edf	1250	True		sub-05	V	s	s	0	sub-05/ses-01/eeg/sub-05_ses-01_task-MotorImageryRest_run-03_eeg.vhdr	9a81416180fa4b2ceb8304eca714f63003840c918e910aec105efe727342cc22	True	unresolved	unresolved
sub-5	01	03	sub-5/ses-01/run-03/tsv-row-3	3	right_hand	2	19.092	5.0	4773	6023	sub-5/ses-01/eeg/sub-5_ses-01_task-imagery_run-03_eeg.edf	1250	True		sub-05	V	s	s	0	sub-05/ses-01/eeg/sub-05_ses-01_task-MotorImageryRest_run-03_eeg.vhdr	9a81416180fa4b2ceb8304eca714f63003840c918e910aec105efe727342cc22	True	unresolved	unresolved
sub-5	01	03	sub-5/ses-01/run-03/tsv-row-4	4	rest	1	25.984	5.0	6496	7746	sub-5/ses-01/eeg/sub-5_ses-01_task-imagery_run-03_eeg.edf	1250	True		sub-05	V	s	s	0	sub-05/ses-01/eeg/sub-05_ses-01_task-MotorImageryRest_run-03_eeg.vhdr	9a81416180fa4b2ceb8304eca714f63003840c918e910aec105efe727342cc22	True	unresolved	unresolved
sub-5	01	03	sub-5/ses-01/run-03/tsv-row-5	5	rest	1	32.884	5.0	8221	9471	sub-5/ses-01/eeg/sub-5_ses-01_task-imagery_run-03_eeg.edf	1250	True		sub-05	V	s	s	0	sub-05/ses-01/eeg/sub-05_ses-01_task-MotorImageryRest_run-03_eeg.vhdr	9a81416180fa4b2ceb8304eca714f63003840c918e910aec105efe727342cc22	True	unresolved	unresolved
sub-5	01	03	sub-5/ses-01/run-03/tsv-row-6	6	right_hand	2	39.752	5.0	9938	11188	sub-5/ses-01/eeg/sub-5_ses-01_task-imagery_run-03_eeg.edf	1250	True		sub-05	V	s	s	0	sub-05/ses-01/eeg/sub-05_ses-01_task-MotorImageryRest_run-03_eeg.vhdr	9a81416180fa4b2ceb8304eca714f63003840c918e910aec105efe727342cc22	True	unresolved	unresolved
sub-5	01	03	sub-5/ses-01/run-03/tsv-row-7	7	right_hand	2	46.656	5.0	11664	12914	sub-5/ses-01/eeg/sub-5_ses-01_task-imagery_run-03_eeg.edf	1250	True		sub-05	V	s	s	0	sub-05/ses-01/eeg/sub-05_ses-01_task-MotorImageryRest_run-03_eeg.vhdr	9a81416180fa4b2ceb8304eca714f63003840c918e910aec105efe727342cc22	True	unresolved	unresolved
sub-5	01	03	sub-5/ses-01/run-03/tsv-row-8	8	rest	1	53.548	5.0	13387	14637	sub-5/ses-01/eeg/sub-5_ses-01_task-imagery_run-03_eeg.edf	1250	True		sub-05	V	s	s	0	sub-05/ses-01/eeg/sub-05_ses-01_task-MotorImageryRest_run-03_eeg.vhdr	9a81416180fa4b2ceb8304eca714f63003840c918e910aec105efe727342cc22	True	unresolved	unresolved
sub-5	01	03	sub-5/ses-01/run-03/tsv-row-9	9	rest	1	60.432	5.0	15108	16358	sub-5/ses-01/eeg/sub-5_ses-01_task-imagery_run-03_eeg.edf	1250	True		sub-05	V	s	s	0	sub-05/ses-01/eeg/sub-05_ses-01_task-MotorImageryRest_run-03_eeg.vhdr	9a81416180fa4b2ceb8304eca714f63003840c918e910aec105efe727342cc22	True	unresolved	unresolved
sub-5	01	03	sub-5/ses-01/run-03/tsv-row-10	10	right_hand	2	67.3	5.0	16825	18075	sub-5/ses-01/eeg/sub-5_ses-01_task-imagery_run-03_eeg.edf	1250	True		sub-05	V	s	s	0	sub-05/ses-01/eeg/sub-05_ses-01_task-MotorImageryRest_run-03_eeg.vhdr	9a81416180fa4b2ceb8304eca714f63003840c918e910aec105efe727342cc22	True	unresolved	unresolved
sub-5	01	03	sub-5/ses-01/run-03/tsv-row-11	11	rest	1	74.208	5.0	18552	19802	sub-5/ses-01/eeg/sub-5_ses-01_task-imagery_run-03_eeg.edf	1250	True		sub-05	V	s	s	0	sub-05/ses-01/eeg/sub-05_ses-01_task-MotorImageryRest_run-03_eeg.vhdr	9a81416180fa4b2ceb8304eca714f63003840c918e910aec105efe727342cc22	True	unresolved	unresolved
sub-5	01	03	sub-5/ses-01/run-03/tsv-row-12	12	right_hand	2	81.092	5.0	20273	21523	sub-5/ses-01/eeg/sub-5_ses-01_task-imagery_run-03_eeg.edf	1250	True		sub-05	V	s	s	0	sub-05/ses-01/eeg/sub-05_ses-01_task-MotorImageryRest_run-03_eeg.vhdr	9a81416180fa4b2ceb8304eca714f63003840c918e910aec105efe727342cc22	True	unresolved	unresolved
sub-5	01	03	sub-5/ses-01/run-03/tsv-row-13	13	right_hand	2	87.976	5.0	21994	23244	sub-5/ses-01/eeg/sub-5_ses-01_task-imagery_run-03_eeg.edf	1250	True		sub-05	V	s	s	0	sub-05/ses-01/eeg/sub-05_ses-01_task-MotorImageryRest_run-03_eeg.vhdr	9a81416180fa4b2ceb8304eca714f63003840c918e910aec105efe727342cc22	True	unresolved	unresolved
sub-5	01	03	sub-5/ses-01/run-03/tsv-row-14	14	rest	1	94.868	5.0	23717	24967	sub-5/ses-01/eeg/sub-5_ses-01_task-imagery_run-03_eeg.edf	1250	True		sub-05	V	s	s	0	sub-05/ses-01/eeg/sub-05_ses-01_task-MotorImageryRest_run-03_eeg.vhdr	9a81416180fa4b2ceb8304eca714f63003840c918e910aec105efe727342cc22	True	unresolved	unresolved
sub-5	01	03	sub-5/ses-01/run-03/tsv-row-15	15	right_hand	2	101.752	5.0	25438	26688	sub-5/ses-01/eeg/sub-5_ses-01_task-imagery_run-03_eeg.edf	1250	True		sub-05	V	s	s	0	sub-05/ses-01/eeg/sub-05_ses-01_task-MotorImageryRest_run-03_eeg.vhdr	9a81416180fa4b2ceb8304eca714f63003840c918e910aec105efe727342cc22	True	unresolved	unresolved
sub-5	01	03	sub-5/ses-01/run-03/tsv-row-16	16	rest	1	108.64	5.0	27160	28410	sub-5/ses-01/eeg/sub-5_ses-01_task-imagery_run-03_eeg.edf	1250	True		sub-05	V	s	s	0	sub-05/ses-01/eeg/sub-05_ses-01_task-MotorImageryRest_run-03_eeg.vhdr	9a81416180fa4b2ceb8304eca714f63003840c918e910aec105efe727342cc22	True	unresolved	unresolved
sub-5	01	03	sub-5/ses-01/run-03/tsv-row-17	17	right_hand	2	115.524	5.0	28881	30131	sub-5/ses-01/eeg/sub-5_ses-01_task-imagery_run-03_eeg.edf	1250	True		sub-05	V	s	s	0	sub-05/ses-01/eeg/sub-05_ses-01_task-MotorImageryRest_run-03_eeg.vhdr	9a81416180fa4b2ceb8304eca714f63003840c918e910aec105efe727342cc22	True	unresolved	unresolved
sub-5	01	03	sub-5/ses-01/run-03/tsv-row-18	18	rest	1	122.412	5.0	30603	31853	sub-5/ses-01/eeg/sub-5_ses-01_task-imagery_run-03_eeg.edf	1250	True		sub-05	V	s	s	0	sub-05/ses-01/eeg/sub-05_ses-01_task-MotorImageryRest_run-03_eeg.vhdr	9a81416180fa4b2ceb8304eca714f63003840c918e910aec105efe727342cc22	True	unresolved	unresolved
sub-5	01	03	sub-5/ses-01/run-03/tsv-row-19	19	right_hand	2	129.3	5.0	32325	33575	sub-5/ses-01/eeg/sub-5_ses-01_task-imagery_run-03_eeg.edf	1250	True		sub-05	V	s	s	0	sub-05/ses-01/eeg/sub-05_ses-01_task-MotorImageryRest_run-03_eeg.vhdr	9a81416180fa4b2ceb8304eca714f63003840c918e910aec105efe727342cc22	True	unresolved	unresolved
sub-5	01	03	sub-5/ses-01/run-03/tsv-row-20	20	rest	1	136.204	5.0	34051	35301	sub-5/ses-01/eeg/sub-5_ses-01_task-imagery_run-03_eeg.edf	1250	True		sub-05	V	s	s	0	sub-05/ses-01/eeg/sub-05_ses-01_task-MotorImageryRest_run-03_eeg.vhdr	9a81416180fa4b2ceb8304eca714f63003840c918e910aec105efe727342cc22	True	unresolved	unresolved
sub-5	01	03	sub-5/ses-01/run-03/tsv-row-21	21	rest	1	143.076	5.0	35769	37019	sub-5/ses-01/eeg/sub-5_ses-01_task-imagery_run-03_eeg.edf	1250	True		sub-05	V	s	s	0	sub-05/ses-01/eeg/sub-05_ses-01_task-MotorImageryRest_run-03_eeg.vhdr	9a81416180fa4b2ceb8304eca714f63003840c918e910aec105efe727342cc22	True	unresolved	unresolved
sub-5	01	03	sub-5/ses-01/run-03/tsv-row-22	22	right_hand	2	149.96	5.0	37490	38740	sub-5/ses-01/eeg/sub-5_ses-01_task-imagery_run-03_eeg.edf	1250	True		sub-05	V	s	s	0	sub-05/ses-01/eeg/sub-05_ses-01_task-MotorImageryRest_run-03_eeg.vhdr	9a81416180fa4b2ceb8304eca714f63003840c918e910aec105efe727342cc22	True	unresolved	unresolved
sub-5	01	03	sub-5/ses-01/run-03/tsv-row-23	23	rest	1	156.864	5.0	39216	40466	sub-5/ses-01/eeg/sub-5_ses-01_task-imagery_run-03_eeg.edf	1250	True		sub-05	V	s	s	0	sub-05/ses-01/eeg/sub-05_ses-01_task-MotorImageryRest_run-03_eeg.vhdr	9a81416180fa4b2ceb8304eca714f63003840c918e910aec105efe727342cc22	True	unresolved	unresolved
sub-5	01	03	sub-5/ses-01/run-03/tsv-row-24	24	right_hand	2	163.748	5.0	40937	42187	sub-5/ses-01/eeg/sub-5_ses-01_task-imagery_run-03_eeg.edf	1250	True		sub-05	V	s	s	0	sub-05/ses-01/eeg/sub-05_ses-01_task-MotorImageryRest_run-03_eeg.vhdr	9a81416180fa4b2ceb8304eca714f63003840c918e910aec105efe727342cc22	True	unresolved	unresolved
sub-5	01	03	sub-5/ses-01/run-03/tsv-row-25	25	rest	1	170.62	5.0	42655	43905	sub-5/ses-01/eeg/sub-5_ses-01_task-imagery_run-03_eeg.edf	1250	True		sub-05	V	s	s	0	sub-05/ses-01/eeg/sub-05_ses-01_task-MotorImageryRest_run-03_eeg.vhdr	9a81416180fa4b2ceb8304eca714f63003840c918e910aec105efe727342cc22	True	unresolved	unresolved
sub-5	01	03	sub-5/ses-01/run-03/tsv-row-26	26	right_hand	2	177.524	5.0	44381	45631	sub-5/ses-01/eeg/sub-5_ses-01_task-imagery_run-03_eeg.edf	1250	True		sub-05	V	s	s	0	sub-05/ses-01/eeg/sub-05_ses-01_task-MotorImageryRest_run-03_eeg.vhdr	9a81416180fa4b2ceb8304eca714f63003840c918e910aec105efe727342cc22	True	unresolved	unresolved
sub-5	01	03	sub-5/ses-01/run-03/tsv-row-27	27	rest	1	184.412	5.0	46103	47353	sub-5/ses-01/eeg/sub-5_ses-01_task-imagery_run-03_eeg.edf	1250	True		sub-05	V	s	s	0	sub-05/ses-01/eeg/sub-05_ses-01_task-MotorImageryRest_run-03_eeg.vhdr	9a81416180fa4b2ceb8304eca714f63003840c918e910aec105efe727342cc22	True	unresolved	unresolved
sub-5	01	03	sub-5/ses-01/run-03/tsv-row-28	28	right_hand	2	191.296	5.0	47824	49074	sub-5/ses-01/eeg/sub-5_ses-01_task-imagery_run-03_eeg.edf	1250	True		sub-05	V	s	s	0	sub-05/ses-01/eeg/sub-05_ses-01_task-MotorImageryRest_run-03_eeg.vhdr	9a81416180fa4b2ceb8304eca714f63003840c918e910aec105efe727342cc22	True	unresolved	unresolved
sub-5	01	03	sub-5/ses-01/run-03/tsv-row-29	29	right_hand	2	198.168	5.0	49542	50792	sub-5/ses-01/eeg/sub-5_ses-01_task-imagery_run-03_eeg.edf	1250	True		sub-05	V	s	s	0	sub-05/ses-01/eeg/sub-05_ses-01_task-MotorImageryRest_run-03_eeg.vhdr	9a81416180fa4b2ceb8304eca714f63003840c918e910aec105efe727342cc22	True	unresolved	unresolved
sub-5	01	03	sub-5/ses-01/run-03/tsv-row-30	30	rest	1	205.072	5.0	51268	52518	sub-5/ses-01/eeg/sub-5_ses-01_task-imagery_run-03_eeg.edf	1250	True		sub-05	V	s	s	0	sub-05/ses-01/eeg/sub-05_ses-01_task-MotorImageryRest_run-03_eeg.vhdr	9a81416180fa4b2ceb8304eca714f63003840c918e910aec105efe727342cc22	True	unresolved	unresolved
sub-5	01	03	sub-5/ses-01/run-03/tsv-row-31	31	right_hand	2	211.956	5.0	52989	54239	sub-5/ses-01/eeg/sub-5_ses-01_task-imagery_run-03_eeg.edf	1250	True		sub-05	V	s	s	0	sub-05/ses-01/eeg/sub-05_ses-01_task-MotorImageryRest_run-03_eeg.vhdr	9a81416180fa4b2ceb8304eca714f63003840c918e910aec105efe727342cc22	True	unresolved	unresolved
sub-5	01	03	sub-5/ses-01/run-03/tsv-row-32	32	rest	1	218.844	5.0	54711	55961	sub-5/ses-01/eeg/sub-5_ses-01_task-imagery_run-03_eeg.edf	1250	True		sub-05	V	s	s	0	sub-05/ses-01/eeg/sub-05_ses-01_task-MotorImageryRest_run-03_eeg.vhdr	9a81416180fa4b2ceb8304eca714f63003840c918e910aec105efe727342cc22	True	unresolved	unresolved
sub-5	01	04	sub-5/ses-01/run-04/tsv-row-1	1	rest	1	7.056	5.0	1764	3014	sub-5/ses-01/eeg/sub-5_ses-01_task-imagery_run-04_eeg.edf	1250	True		sub-05	V	s	s	0	sub-05/ses-01/eeg/sub-05_ses-01_task-MotorImageryRest_run-04_eeg.vhdr	754224a8992ff539a07bb33618fda2219f17468cf7d16ddf7be3786ac587efe0	True	unresolved	unresolved
sub-5	01	04	sub-5/ses-01/run-04/tsv-row-2	2	right_hand	2	13.928	5.0	3482	4732	sub-5/ses-01/eeg/sub-5_ses-01_task-imagery_run-04_eeg.edf	1250	True		sub-05	V	s	s	0	sub-05/ses-01/eeg/sub-05_ses-01_task-MotorImageryRest_run-04_eeg.vhdr	754224a8992ff539a07bb33618fda2219f17468cf7d16ddf7be3786ac587efe0	True	unresolved	unresolved
sub-5	01	04	sub-5/ses-01/run-04/tsv-row-3	3	right_hand	2	20.832	5.0	5208	6458	sub-5/ses-01/eeg/sub-5_ses-01_task-imagery_run-04_eeg.edf	1250	True		sub-05	V	s	s	0	sub-05/ses-01/eeg/sub-05_ses-01_task-MotorImageryRest_run-04_eeg.vhdr	754224a8992ff539a07bb33618fda2219f17468cf7d16ddf7be3786ac587efe0	True	unresolved	unresolved
sub-5	01	04	sub-5/ses-01/run-04/tsv-row-4	4	rest	1	27.72	5.0	6930	8180	sub-5/ses-01/eeg/sub-5_ses-01_task-imagery_run-04_eeg.edf	1250	True		sub-05	V	s	s	0	sub-05/ses-01/eeg/sub-05_ses-01_task-MotorImageryRest_run-04_eeg.vhdr	754224a8992ff539a07bb33618fda2219f17468cf7d16ddf7be3786ac587efe0	True	unresolved	unresolved
sub-5	01	04	sub-5/ses-01/run-04/tsv-row-5	5	right_hand	2	34.604	5.0	8651	9901	sub-5/ses-01/eeg/sub-5_ses-01_task-imagery_run-04_eeg.edf	1250	True		sub-05	V	s	s	0	sub-05/ses-01/eeg/sub-05_ses-01_task-MotorImageryRest_run-04_eeg.vhdr	754224a8992ff539a07bb33618fda2219f17468cf7d16ddf7be3786ac587efe0	True	unresolved	unresolved
sub-5	01	04	sub-5/ses-01/run-04/tsv-row-6	6	rest	1	41.496	5.0	10374	11624	sub-5/ses-01/eeg/sub-5_ses-01_task-imagery_run-04_eeg.edf	1250	True		sub-05	V	s	s	0	sub-05/ses-01/eeg/sub-05_ses-01_task-MotorImageryRest_run-04_eeg.vhdr	754224a8992ff539a07bb33618fda2219f17468cf7d16ddf7be3786ac587efe0	True	unresolved	unresolved
sub-5	01	04	sub-5/ses-01/run-04/tsv-row-7	7	right_hand	2	48.38	5.0	12095	13345	sub-5/ses-01/eeg/sub-5_ses-01_task-imagery_run-04_eeg.edf	1250	True		sub-05	V	s	s	0	sub-05/ses-01/eeg/sub-05_ses-01_task-MotorImageryRest_run-04_eeg.vhdr	754224a8992ff539a07bb33618fda2219f17468cf7d16ddf7be3786ac587efe0	True	unresolved	unresolved
sub-5	01	04	sub-5/ses-01/run-04/tsv-row-8	8	rest	1	55.268	5.0	13817	15067	sub-5/ses-01/eeg/sub-5_ses-01_task-imagery_run-04_eeg.edf	1250	True		sub-05	V	s	s	0	sub-05/ses-01/eeg/sub-05_ses-01_task-MotorImageryRest_run-04_eeg.vhdr	754224a8992ff539a07bb33618fda2219f17468cf7d16ddf7be3786ac587efe0	True	unresolved	unresolved
sub-5	01	04	sub-5/ses-01/run-04/tsv-row-9	9	rest	1	62.172	5.0	15543	16793	sub-5/ses-01/eeg/sub-5_ses-01_task-imagery_run-04_eeg.edf	1250	True		sub-05	V	s	s	0	sub-05/ses-01/eeg/sub-05_ses-01_task-MotorImageryRest_run-04_eeg.vhdr	754224a8992ff539a07bb33618fda2219f17468cf7d16ddf7be3786ac587efe0	True	unresolved	unresolved
sub-5	01	04	sub-5/ses-01/run-04/tsv-row-10	10	right_hand	2	69.04	5.0	17260	18510	sub-5/ses-01/eeg/sub-5_ses-01_task-imagery_run-04_eeg.edf	1250	True		sub-05	V	s	s	0	sub-05/ses-01/eeg/sub-05_ses-01_task-MotorImageryRest_run-04_eeg.vhdr	754224a8992ff539a07bb33618fda2219f17468cf7d16ddf7be3786ac587efe0	True	unresolved	unresolved
sub-5	01	04	sub-5/ses-01/run-04/tsv-row-11	11	right_hand	2	75.944	5.0	18986	20236	sub-5/ses-01/eeg/sub-5_ses-01_task-imagery_run-04_eeg.edf	1250	True		sub-05	V	s	s	0	sub-05/ses-01/eeg/sub-05_ses-01_task-MotorImageryRest_run-04_eeg.vhdr	754224a8992ff539a07bb33618fda2219f17468cf7d16ddf7be3786ac587efe0	True	unresolved	unresolved
sub-5	01	04	sub-5/ses-01/run-04/tsv-row-12	12	rest	1	82.816	5.0	20704	21954	sub-5/ses-01/eeg/sub-5_ses-01_task-imagery_run-04_eeg.edf	1250	True		sub-05	V	s	s	0	sub-05/ses-01/eeg/sub-05_ses-01_task-MotorImageryRest_run-04_eeg.vhdr	754224a8992ff539a07bb33618fda2219f17468cf7d16ddf7be3786ac587efe0	True	unresolved	unresolved
sub-5	01	04	sub-5/ses-01/run-04/tsv-row-13	13	rest	1	89.72	5.0	22430	23680	sub-5/ses-01/eeg/sub-5_ses-01_task-imagery_run-04_eeg.edf	1250	True		sub-05	V	s	s	0	sub-05/ses-01/eeg/sub-05_ses-01_task-MotorImageryRest_run-04_eeg.vhdr	754224a8992ff539a07bb33618fda2219f17468cf7d16ddf7be3786ac587efe0	True	unresolved	unresolved
sub-5	01	04	sub-5/ses-01/run-04/tsv-row-14	14	right_hand	2	96.588	5.0	24147	25397	sub-5/ses-01/eeg/sub-5_ses-01_task-imagery_run-04_eeg.edf	1250	True		sub-05	V	s	s	0	sub-05/ses-01/eeg/sub-05_ses-01_task-MotorImageryRest_run-04_eeg.vhdr	754224a8992ff539a07bb33618fda2219f17468cf7d16ddf7be3786ac587efe0	True	unresolved	unresolved
sub-5	01	04	sub-5/ses-01/run-04/tsv-row-15	15	right_hand	2	111.776	5.0	27944	29194	sub-5/ses-01/eeg/sub-5_ses-01_task-imagery_run-04_eeg.edf	1250	True		sub-05	V	s	s	0	sub-05/ses-01/eeg/sub-05_ses-01_task-MotorImageryRest_run-04_eeg.vhdr	754224a8992ff539a07bb33618fda2219f17468cf7d16ddf7be3786ac587efe0	True	unresolved	unresolved
sub-5	01	04	sub-5/ses-01/run-04/tsv-row-16	16	rest	1	117.328	5.0	29332	30582	sub-5/ses-01/eeg/sub-5_ses-01_task-imagery_run-04_eeg.edf	1250	True		sub-05	V	s	s	0	sub-05/ses-01/eeg/sub-05_ses-01_task-MotorImageryRest_run-04_eeg.vhdr	754224a8992ff539a07bb33618fda2219f17468cf7d16ddf7be3786ac587efe0	True	unresolved	unresolved
sub-5	01	04	sub-5/ses-01/run-04/tsv-row-17	17	right_hand	2	124.152	5.0	31038	32288	sub-5/ses-01/eeg/sub-5_ses-01_task-imagery_run-04_eeg.edf	1250	True		sub-05	V	s	s	0	sub-05/ses-01/eeg/sub-05_ses-01_task-MotorImageryRest_run-04_eeg.vhdr	754224a8992ff539a07bb33618fda2219f17468cf7d16ddf7be3786ac587efe0	True	unresolved	unresolved
sub-5	01	04	sub-5/ses-01/run-04/tsv-row-18	18	rest	1	131.04	5.0	32760	34010	sub-5/ses-01/eeg/sub-5_ses-01_task-imagery_run-04_eeg.edf	1250	True		sub-05	V	s	s	0	sub-05/ses-01/eeg/sub-05_ses-01_task-MotorImageryRest_run-04_eeg.vhdr	754224a8992ff539a07bb33618fda2219f17468cf7d16ddf7be3786ac587efe0	True	unresolved	unresolved
sub-5	01	04	sub-5/ses-01/run-04/tsv-row-19	19	right_hand	2	137.924	5.0	34481	35731	sub-5/ses-01/eeg/sub-5_ses-01_task-imagery_run-04_eeg.edf	1250	True		sub-05	V	s	s	0	sub-05/ses-01/eeg/sub-05_ses-01_task-MotorImageryRest_run-04_eeg.vhdr	754224a8992ff539a07bb33618fda2219f17468cf7d16ddf7be3786ac587efe0	True	unresolved	unresolved
sub-5	01	04	sub-5/ses-01/run-04/tsv-row-20	20	rest	1	144.812	5.0	36203	37453	sub-5/ses-01/eeg/sub-5_ses-01_task-imagery_run-04_eeg.edf	1250	True		sub-05	V	s	s	0	sub-05/ses-01/eeg/sub-05_ses-01_task-MotorImageryRest_run-04_eeg.vhdr	754224a8992ff539a07bb33618fda2219f17468cf7d16ddf7be3786ac587efe0	True	unresolved	unresolved
sub-5	01	04	sub-5/ses-01/run-04/tsv-row-21	21	right_hand	2	151.716	5.0	37929	39179	sub-5/ses-01/eeg/sub-5_ses-01_task-imagery_run-04_eeg.edf	1250	True		sub-05	V	s	s	0	sub-05/ses-01/eeg/sub-05_ses-01_task-MotorImageryRest_run-04_eeg.vhdr	754224a8992ff539a07bb33618fda2219f17468cf7d16ddf7be3786ac587efe0	True	unresolved	unresolved
sub-5	01	04	sub-5/ses-01/run-04/tsv-row-22	22	right_hand	2	158.584	5.0	39646	40896	sub-5/ses-01/eeg/sub-5_ses-01_task-imagery_run-04_eeg.edf	1250	True		sub-05	V	s	s	0	sub-05/ses-01/eeg/sub-05_ses-01_task-MotorImageryRest_run-04_eeg.vhdr	754224a8992ff539a07bb33618fda2219f17468cf7d16ddf7be3786ac587efe0	True	unresolved	unresolved
sub-5	01	04	sub-5/ses-01/run-04/tsv-row-23	23	rest	1	165.472	5.0	41368	42618	sub-5/ses-01/eeg/sub-5_ses-01_task-imagery_run-04_eeg.edf	1250	True		sub-05	V	s	s	0	sub-05/ses-01/eeg/sub-05_ses-01_task-MotorImageryRest_run-04_eeg.vhdr	754224a8992ff539a07bb33618fda2219f17468cf7d16ddf7be3786ac587efe0	True	unresolved	unresolved
sub-5	01	04	sub-5/ses-01/run-04/tsv-row-24	24	rest	1	172.376	5.0	43094	44344	sub-5/ses-01/eeg/sub-5_ses-01_task-imagery_run-04_eeg.edf	1250	True		sub-05	V	s	s	0	sub-05/ses-01/eeg/sub-05_ses-01_task-MotorImageryRest_run-04_eeg.vhdr	754224a8992ff539a07bb33618fda2219f17468cf7d16ddf7be3786ac587efe0	True	unresolved	unresolved
sub-5	01	04	sub-5/ses-01/run-04/tsv-row-25	25	right_hand	2	179.26	5.0	44815	46065	sub-5/ses-01/eeg/sub-5_ses-01_task-imagery_run-04_eeg.edf	1250	True		sub-05	V	s	s	0	sub-05/ses-01/eeg/sub-05_ses-01_task-MotorImageryRest_run-04_eeg.vhdr	754224a8992ff539a07bb33618fda2219f17468cf7d16ddf7be3786ac587efe0	True	unresolved	unresolved
sub-5	01	04	sub-5/ses-01/run-04/tsv-row-26	26	right_hand	2	186.132	5.0	46533	47783	sub-5/ses-01/eeg/sub-5_ses-01_task-imagery_run-04_eeg.edf	1250	True		sub-05	V	s	s	0	sub-05/ses-01/eeg/sub-05_ses-01_task-MotorImageryRest_run-04_eeg.vhdr	754224a8992ff539a07bb33618fda2219f17468cf7d16ddf7be3786ac587efe0	True	unresolved	unresolved
sub-5	01	04	sub-5/ses-01/run-04/tsv-row-27	27	rest	1	193.036	5.0	48259	49509	sub-5/ses-01/eeg/sub-5_ses-01_task-imagery_run-04_eeg.edf	1250	True		sub-05	V	s	s	0	sub-05/ses-01/eeg/sub-05_ses-01_task-MotorImageryRest_run-04_eeg.vhdr	754224a8992ff539a07bb33618fda2219f17468cf7d16ddf7be3786ac587efe0	True	unresolved	unresolved
sub-5	01	04	sub-5/ses-01/run-04/tsv-row-28	28	right_hand	2	199.924	5.0	49981	51231	sub-5/ses-01/eeg/sub-5_ses-01_task-imagery_run-04_eeg.edf	1250	True		sub-05	V	s	s	0	sub-05/ses-01/eeg/sub-05_ses-01_task-MotorImageryRest_run-04_eeg.vhdr	754224a8992ff539a07bb33618fda2219f17468cf7d16ddf7be3786ac587efe0	True	unresolved	unresolved
sub-5	01	04	sub-5/ses-01/run-04/tsv-row-29	29	rest	1	206.812	5.0	51703	52953	sub-5/ses-01/eeg/sub-5_ses-01_task-imagery_run-04_eeg.edf	1250	True		sub-05	V	s	s	0	sub-05/ses-01/eeg/sub-05_ses-01_task-MotorImageryRest_run-04_eeg.vhdr	754224a8992ff539a07bb33618fda2219f17468cf7d16ddf7be3786ac587efe0	True	unresolved	unresolved
sub-5	01	04	sub-5/ses-01/run-04/tsv-row-30	30	rest	1	213.696	5.0	53424	54674	sub-5/ses-01/eeg/sub-5_ses-01_task-imagery_run-04_eeg.edf	1250	True		sub-05	V	s	s	0	sub-05/ses-01/eeg/sub-05_ses-01_task-MotorImageryRest_run-04_eeg.vhdr	754224a8992ff539a07bb33618fda2219f17468cf7d16ddf7be3786ac587efe0	True	unresolved	unresolved
sub-5	01	04	sub-5/ses-01/run-04/tsv-row-31	31	right_hand	2	220.584	5.0	55146	56396	sub-5/ses-01/eeg/sub-5_ses-01_task-imagery_run-04_eeg.edf	1250	True		sub-05	V	s	s	0	sub-05/ses-01/eeg/sub-05_ses-01_task-MotorImageryRest_run-04_eeg.vhdr	754224a8992ff539a07bb33618fda2219f17468cf7d16ddf7be3786ac587efe0	True	unresolved	unresolved
sub-5	01	05	sub-5/ses-01/run-05/tsv-row-1	1	rest	1	4.924	5.0	1231	2481	sub-5/ses-01/eeg/sub-5_ses-01_task-imagery_run-05_eeg.edf	1250	True		sub-05	V	s	s	0	sub-05/ses-01/eeg/sub-05_ses-01_task-MotorImageryRest_run-05_eeg.vhdr	331c02d004bcf20da9a6ddcbfd4b4027864c1c5b15ba29cc30d916517bcee9a4	True	unresolved	unresolved
sub-5	01	05	sub-5/ses-01/run-05/tsv-row-2	2	right_hand	2	11.808	5.0	2952	4202	sub-5/ses-01/eeg/sub-5_ses-01_task-imagery_run-05_eeg.edf	1250	True		sub-05	V	s	s	0	sub-05/ses-01/eeg/sub-05_ses-01_task-MotorImageryRest_run-05_eeg.vhdr	331c02d004bcf20da9a6ddcbfd4b4027864c1c5b15ba29cc30d916517bcee9a4	True	unresolved	unresolved
sub-5	01	05	sub-5/ses-01/run-05/tsv-row-3	3	right_hand	2	18.712	5.0	4678	5928	sub-5/ses-01/eeg/sub-5_ses-01_task-imagery_run-05_eeg.edf	1250	True		sub-05	V	s	s	0	sub-05/ses-01/eeg/sub-05_ses-01_task-MotorImageryRest_run-05_eeg.vhdr	331c02d004bcf20da9a6ddcbfd4b4027864c1c5b15ba29cc30d916517bcee9a4	True	unresolved	unresolved
sub-5	01	05	sub-5/ses-01/run-05/tsv-row-4	4	rest	1	25.584	5.0	6396	7646	sub-5/ses-01/eeg/sub-5_ses-01_task-imagery_run-05_eeg.edf	1250	True		sub-05	V	s	s	0	sub-05/ses-01/eeg/sub-05_ses-01_task-MotorImageryRest_run-05_eeg.vhdr	331c02d004bcf20da9a6ddcbfd4b4027864c1c5b15ba29cc30d916517bcee9a4	True	unresolved	unresolved
sub-5	01	05	sub-5/ses-01/run-05/tsv-row-5	5	right_hand	2	32.468	5.0	8117	9367	sub-5/ses-01/eeg/sub-5_ses-01_task-imagery_run-05_eeg.edf	1250	True		sub-05	V	s	s	0	sub-05/ses-01/eeg/sub-05_ses-01_task-MotorImageryRest_run-05_eeg.vhdr	331c02d004bcf20da9a6ddcbfd4b4027864c1c5b15ba29cc30d916517bcee9a4	True	unresolved	unresolved
sub-5	01	05	sub-5/ses-01/run-05/tsv-row-6	6	rest	1	39.376	5.0	9844	11094	sub-5/ses-01/eeg/sub-5_ses-01_task-imagery_run-05_eeg.edf	1250	True		sub-05	V	s	s	0	sub-05/ses-01/eeg/sub-05_ses-01_task-MotorImageryRest_run-05_eeg.vhdr	331c02d004bcf20da9a6ddcbfd4b4027864c1c5b15ba29cc30d916517bcee9a4	True	unresolved	unresolved
sub-5	01	05	sub-5/ses-01/run-05/tsv-row-7	7	right_hand	2	46.26	5.0	11565	12815	sub-5/ses-01/eeg/sub-5_ses-01_task-imagery_run-05_eeg.edf	1250	True		sub-05	V	s	s	0	sub-05/ses-01/eeg/sub-05_ses-01_task-MotorImageryRest_run-05_eeg.vhdr	331c02d004bcf20da9a6ddcbfd4b4027864c1c5b15ba29cc30d916517bcee9a4	True	unresolved	unresolved
sub-5	01	05	sub-5/ses-01/run-05/tsv-row-8	8	rest	1	53.132	5.0	13283	14533	sub-5/ses-01/eeg/sub-5_ses-01_task-imagery_run-05_eeg.edf	1250	True		sub-05	V	s	s	0	sub-05/ses-01/eeg/sub-05_ses-01_task-MotorImageryRest_run-05_eeg.vhdr	331c02d004bcf20da9a6ddcbfd4b4027864c1c5b15ba29cc30d916517bcee9a4	True	unresolved	unresolved
sub-5	01	05	sub-5/ses-01/run-05/tsv-row-9	9	right_hand	2	60.032	5.0	15008	16258	sub-5/ses-01/eeg/sub-5_ses-01_task-imagery_run-05_eeg.edf	1250	True		sub-05	V	s	s	0	sub-05/ses-01/eeg/sub-05_ses-01_task-MotorImageryRest_run-05_eeg.vhdr	331c02d004bcf20da9a6ddcbfd4b4027864c1c5b15ba29cc30d916517bcee9a4	True	unresolved	unresolved
sub-5	01	05	sub-5/ses-01/run-05/tsv-row-10	10	rest	1	66.924	5.0	16731	17981	sub-5/ses-01/eeg/sub-5_ses-01_task-imagery_run-05_eeg.edf	1250	True		sub-05	V	s	s	0	sub-05/ses-01/eeg/sub-05_ses-01_task-MotorImageryRest_run-05_eeg.vhdr	331c02d004bcf20da9a6ddcbfd4b4027864c1c5b15ba29cc30d916517bcee9a4	True	unresolved	unresolved
sub-5	01	05	sub-5/ses-01/run-05/tsv-row-11	11	right_hand	2	73.808	5.0	18452	19702	sub-5/ses-01/eeg/sub-5_ses-01_task-imagery_run-05_eeg.edf	1250	True		sub-05	V	s	s	0	sub-05/ses-01/eeg/sub-05_ses-01_task-MotorImageryRest_run-05_eeg.vhdr	331c02d004bcf20da9a6ddcbfd4b4027864c1c5b15ba29cc30d916517bcee9a4	True	unresolved	unresolved
sub-5	01	05	sub-5/ses-01/run-05/tsv-row-12	12	rest	1	80.696	5.0	20174	21424	sub-5/ses-01/eeg/sub-5_ses-01_task-imagery_run-05_eeg.edf	1250	True		sub-05	V	s	s	0	sub-05/ses-01/eeg/sub-05_ses-01_task-MotorImageryRest_run-05_eeg.vhdr	331c02d004bcf20da9a6ddcbfd4b4027864c1c5b15ba29cc30d916517bcee9a4	True	unresolved	unresolved
sub-5	01	05	sub-5/ses-01/run-05/tsv-row-13	13	right_hand	2	87.58	5.0	21895	23145	sub-5/ses-01/eeg/sub-5_ses-01_task-imagery_run-05_eeg.edf	1250	True		sub-05	V	s	s	0	sub-05/ses-01/eeg/sub-05_ses-01_task-MotorImageryRest_run-05_eeg.vhdr	331c02d004bcf20da9a6ddcbfd4b4027864c1c5b15ba29cc30d916517bcee9a4	True	unresolved	unresolved
sub-5	01	05	sub-5/ses-01/run-05/tsv-row-14	14	rest	1	94.468	5.0	23617	24867	sub-5/ses-01/eeg/sub-5_ses-01_task-imagery_run-05_eeg.edf	1250	True		sub-05	V	s	s	0	sub-05/ses-01/eeg/sub-05_ses-01_task-MotorImageryRest_run-05_eeg.vhdr	331c02d004bcf20da9a6ddcbfd4b4027864c1c5b15ba29cc30d916517bcee9a4	True	unresolved	unresolved
sub-5	01	05	sub-5/ses-01/run-05/tsv-row-15	15	right_hand	2	101.372	5.0	25343	26593	sub-5/ses-01/eeg/sub-5_ses-01_task-imagery_run-05_eeg.edf	1250	True		sub-05	V	s	s	0	sub-05/ses-01/eeg/sub-05_ses-01_task-MotorImageryRest_run-05_eeg.vhdr	331c02d004bcf20da9a6ddcbfd4b4027864c1c5b15ba29cc30d916517bcee9a4	True	unresolved	unresolved
sub-5	01	05	sub-5/ses-01/run-05/tsv-row-16	16	rest	1	108.244	5.0	27061	28311	sub-5/ses-01/eeg/sub-5_ses-01_task-imagery_run-05_eeg.edf	1250	True		sub-05	V	s	s	0	sub-05/ses-01/eeg/sub-05_ses-01_task-MotorImageryRest_run-05_eeg.vhdr	331c02d004bcf20da9a6ddcbfd4b4027864c1c5b15ba29cc30d916517bcee9a4	True	unresolved	unresolved
sub-5	01	05	sub-5/ses-01/run-05/tsv-row-17	17	right_hand	2	115.128	5.0	28782	30032	sub-5/ses-01/eeg/sub-5_ses-01_task-imagery_run-05_eeg.edf	1250	True		sub-05	V	s	s	0	sub-05/ses-01/eeg/sub-05_ses-01_task-MotorImageryRest_run-05_eeg.vhdr	331c02d004bcf20da9a6ddcbfd4b4027864c1c5b15ba29cc30d916517bcee9a4	True	unresolved	unresolved
sub-5	01	05	sub-5/ses-01/run-05/tsv-row-18	18	rest	1	122.032	5.0	30508	31758	sub-5/ses-01/eeg/sub-5_ses-01_task-imagery_run-05_eeg.edf	1250	True		sub-05	V	s	s	0	sub-05/ses-01/eeg/sub-05_ses-01_task-MotorImageryRest_run-05_eeg.vhdr	331c02d004bcf20da9a6ddcbfd4b4027864c1c5b15ba29cc30d916517bcee9a4	True	unresolved	unresolved
sub-5	01	05	sub-5/ses-01/run-05/tsv-row-19	19	right_hand	2	128.92	5.0	32230	33480	sub-5/ses-01/eeg/sub-5_ses-01_task-imagery_run-05_eeg.edf	1250	True		sub-05	V	s	s	0	sub-05/ses-01/eeg/sub-05_ses-01_task-MotorImageryRest_run-05_eeg.vhdr	331c02d004bcf20da9a6ddcbfd4b4027864c1c5b15ba29cc30d916517bcee9a4	True	unresolved	unresolved
sub-5	01	05	sub-5/ses-01/run-05/tsv-row-20	20	rest	1	135.792	5.0	33948	35198	sub-5/ses-01/eeg/sub-5_ses-01_task-imagery_run-05_eeg.edf	1250	True		sub-05	V	s	s	0	sub-05/ses-01/eeg/sub-05_ses-01_task-MotorImageryRest_run-05_eeg.vhdr	331c02d004bcf20da9a6ddcbfd4b4027864c1c5b15ba29cc30d916517bcee9a4	True	unresolved	unresolved
sub-5	01	05	sub-5/ses-01/run-05/tsv-row-21	21	right_hand	2	142.692	5.0	35673	36923	sub-5/ses-01/eeg/sub-5_ses-01_task-imagery_run-05_eeg.edf	1250	True		sub-05	V	s	s	0	sub-05/ses-01/eeg/sub-05_ses-01_task-MotorImageryRest_run-05_eeg.vhdr	331c02d004bcf20da9a6ddcbfd4b4027864c1c5b15ba29cc30d916517bcee9a4	True	unresolved	unresolved
sub-5	01	05	sub-5/ses-01/run-05/tsv-row-22	22	rest	1	149.58	5.0	37395	38645	sub-5/ses-01/eeg/sub-5_ses-01_task-imagery_run-05_eeg.edf	1250	True		sub-05	V	s	s	0	sub-05/ses-01/eeg/sub-05_ses-01_task-MotorImageryRest_run-05_eeg.vhdr	331c02d004bcf20da9a6ddcbfd4b4027864c1c5b15ba29cc30d916517bcee9a4	True	unresolved	unresolved
sub-5	01	05	sub-5/ses-01/run-05/tsv-row-23	23	rest	1	156.468	5.0	39117	40367	sub-5/ses-01/eeg/sub-5_ses-01_task-imagery_run-05_eeg.edf	1250	True		sub-05	V	s	s	0	sub-05/ses-01/eeg/sub-05_ses-01_task-MotorImageryRest_run-05_eeg.vhdr	331c02d004bcf20da9a6ddcbfd4b4027864c1c5b15ba29cc30d916517bcee9a4	True	unresolved	unresolved
sub-5	01	05	sub-5/ses-01/run-05/tsv-row-24	24	right_hand	2	163.336	5.0	40834	42084	sub-5/ses-01/eeg/sub-5_ses-01_task-imagery_run-05_eeg.edf	1250	True		sub-05	V	s	s	0	sub-05/ses-01/eeg/sub-05_ses-01_task-MotorImageryRest_run-05_eeg.vhdr	331c02d004bcf20da9a6ddcbfd4b4027864c1c5b15ba29cc30d916517bcee9a4	True	unresolved	unresolved
sub-5	01	05	sub-5/ses-01/run-05/tsv-row-25	25	rest	1	170.24	5.0	42560	43810	sub-5/ses-01/eeg/sub-5_ses-01_task-imagery_run-05_eeg.edf	1250	True		sub-05	V	s	s	0	sub-05/ses-01/eeg/sub-05_ses-01_task-MotorImageryRest_run-05_eeg.vhdr	331c02d004bcf20da9a6ddcbfd4b4027864c1c5b15ba29cc30d916517bcee9a4	True	unresolved	unresolved
sub-5	01	05	sub-5/ses-01/run-05/tsv-row-26	26	right_hand	2	177.124	5.0	44281	45531	sub-5/ses-01/eeg/sub-5_ses-01_task-imagery_run-05_eeg.edf	1250	True		sub-05	V	s	s	0	sub-05/ses-01/eeg/sub-05_ses-01_task-MotorImageryRest_run-05_eeg.vhdr	331c02d004bcf20da9a6ddcbfd4b4027864c1c5b15ba29cc30d916517bcee9a4	True	unresolved	unresolved
sub-5	01	05	sub-5/ses-01/run-05/tsv-row-27	27	rest	1	184.016	5.0	46004	47254	sub-5/ses-01/eeg/sub-5_ses-01_task-imagery_run-05_eeg.edf	1250	True		sub-05	V	s	s	0	sub-05/ses-01/eeg/sub-05_ses-01_task-MotorImageryRest_run-05_eeg.vhdr	331c02d004bcf20da9a6ddcbfd4b4027864c1c5b15ba29cc30d916517bcee9a4	True	unresolved	unresolved
sub-5	01	05	sub-5/ses-01/run-05/tsv-row-28	28	right_hand	2	190.9	5.0	47725	48975	sub-5/ses-01/eeg/sub-5_ses-01_task-imagery_run-05_eeg.edf	1250	True		sub-05	V	s	s	0	sub-05/ses-01/eeg/sub-05_ses-01_task-MotorImageryRest_run-05_eeg.vhdr	331c02d004bcf20da9a6ddcbfd4b4027864c1c5b15ba29cc30d916517bcee9a4	True	unresolved	unresolved
sub-5	01	05	sub-5/ses-01/run-05/tsv-row-29	29	right_hand	2	197.788	5.0	49447	50697	sub-5/ses-01/eeg/sub-5_ses-01_task-imagery_run-05_eeg.edf	1250	True		sub-05	V	s	s	0	sub-05/ses-01/eeg/sub-05_ses-01_task-MotorImageryRest_run-05_eeg.vhdr	331c02d004bcf20da9a6ddcbfd4b4027864c1c5b15ba29cc30d916517bcee9a4	True	unresolved	unresolved
sub-5	01	05	sub-5/ses-01/run-05/tsv-row-30	30	rest	1	204.676	5.0	51169	52419	sub-5/ses-01/eeg/sub-5_ses-01_task-imagery_run-05_eeg.edf	1250	True		sub-05	V	s	s	0	sub-05/ses-01/eeg/sub-05_ses-01_task-MotorImageryRest_run-05_eeg.vhdr	331c02d004bcf20da9a6ddcbfd4b4027864c1c5b15ba29cc30d916517bcee9a4	True	unresolved	unresolved
sub-5	01	05	sub-5/ses-01/run-05/tsv-row-31	31	rest	1	211.58	5.0	52895	54145	sub-5/ses-01/eeg/sub-5_ses-01_task-imagery_run-05_eeg.edf	1250	True		sub-05	V	s	s	0	sub-05/ses-01/eeg/sub-05_ses-01_task-MotorImageryRest_run-05_eeg.vhdr	331c02d004bcf20da9a6ddcbfd4b4027864c1c5b15ba29cc30d916517bcee9a4	True	unresolved	unresolved
sub-5	01	05	sub-5/ses-01/run-05/tsv-row-32	32	right_hand	2	218.448	5.0	54612	55862	sub-5/ses-01/eeg/sub-5_ses-01_task-imagery_run-05_eeg.edf	1250	True		sub-05	V	s	s	0	sub-05/ses-01/eeg/sub-05_ses-01_task-MotorImageryRest_run-05_eeg.vhdr	331c02d004bcf20da9a6ddcbfd4b4027864c1c5b15ba29cc30d916517bcee9a4	True	unresolved	unresolved
sub-5	01	06	sub-5/ses-01/run-06/tsv-row-1	1	right_hand	2	5.56	5.0	1390	2640	sub-5/ses-01/eeg/sub-5_ses-01_task-imagery_run-06_eeg.edf	1250	True		sub-05	V	s	s	0	sub-05/ses-01/eeg/sub-05_ses-01_task-MotorImageryRest_run-06_eeg.vhdr	2b4eb88c8216e354ee7ab7974b27024a0bb85ce87b4608216018217b2386083a	True	unresolved	unresolved
sub-5	01	06	sub-5/ses-01/run-06/tsv-row-2	2	rest	1	12.468	5.0	3117	4367	sub-5/ses-01/eeg/sub-5_ses-01_task-imagery_run-06_eeg.edf	1250	True		sub-05	V	s	s	0	sub-05/ses-01/eeg/sub-05_ses-01_task-MotorImageryRest_run-06_eeg.vhdr	2b4eb88c8216e354ee7ab7974b27024a0bb85ce87b4608216018217b2386083a	True	unresolved	unresolved
sub-5	01	06	sub-5/ses-01/run-06/tsv-row-3	3	right_hand	2	19.352	5.0	4838	6088	sub-5/ses-01/eeg/sub-5_ses-01_task-imagery_run-06_eeg.edf	1250	True		sub-05	V	s	s	0	sub-05/ses-01/eeg/sub-05_ses-01_task-MotorImageryRest_run-06_eeg.vhdr	2b4eb88c8216e354ee7ab7974b27024a0bb85ce87b4608216018217b2386083a	True	unresolved	unresolved
sub-5	01	06	sub-5/ses-01/run-06/tsv-row-4	4	rest	1	26.224	5.0	6556	7806	sub-5/ses-01/eeg/sub-5_ses-01_task-imagery_run-06_eeg.edf	1250	True		sub-05	V	s	s	0	sub-05/ses-01/eeg/sub-05_ses-01_task-MotorImageryRest_run-06_eeg.vhdr	2b4eb88c8216e354ee7ab7974b27024a0bb85ce87b4608216018217b2386083a	True	unresolved	unresolved
sub-5	01	06	sub-5/ses-01/run-06/tsv-row-5	5	rest	1	33.128	5.0	8282	9532	sub-5/ses-01/eeg/sub-5_ses-01_task-imagery_run-06_eeg.edf	1250	True		sub-05	V	s	s	0	sub-05/ses-01/eeg/sub-05_ses-01_task-MotorImageryRest_run-06_eeg.vhdr	2b4eb88c8216e354ee7ab7974b27024a0bb85ce87b4608216018217b2386083a	True	unresolved	unresolved
sub-5	01	06	sub-5/ses-01/run-06/tsv-row-6	6	right_hand	2	40.012	5.0	10003	11253	sub-5/ses-01/eeg/sub-5_ses-01_task-imagery_run-06_eeg.edf	1250	True		sub-05	V	s	s	0	sub-05/ses-01/eeg/sub-05_ses-01_task-MotorImageryRest_run-06_eeg.vhdr	2b4eb88c8216e354ee7ab7974b27024a0bb85ce87b4608216018217b2386083a	True	unresolved	unresolved
sub-5	01	06	sub-5/ses-01/run-06/tsv-row-7	7	rest	1	46.9	5.0	11725	12975	sub-5/ses-01/eeg/sub-5_ses-01_task-imagery_run-06_eeg.edf	1250	True		sub-05	V	s	s	0	sub-05/ses-01/eeg/sub-05_ses-01_task-MotorImageryRest_run-06_eeg.vhdr	2b4eb88c8216e354ee7ab7974b27024a0bb85ce87b4608216018217b2386083a	True	unresolved	unresolved
sub-5	01	06	sub-5/ses-01/run-06/tsv-row-8	8	right_hand	2	53.784	5.0	13446	14696	sub-5/ses-01/eeg/sub-5_ses-01_task-imagery_run-06_eeg.edf	1250	True		sub-05	V	s	s	0	sub-05/ses-01/eeg/sub-05_ses-01_task-MotorImageryRest_run-06_eeg.vhdr	2b4eb88c8216e354ee7ab7974b27024a0bb85ce87b4608216018217b2386083a	True	unresolved	unresolved
sub-5	01	06	sub-5/ses-01/run-06/tsv-row-9	9	rest	1	60.676	5.0	15169	16419	sub-5/ses-01/eeg/sub-5_ses-01_task-imagery_run-06_eeg.edf	1250	True		sub-05	V	s	s	0	sub-05/ses-01/eeg/sub-05_ses-01_task-MotorImageryRest_run-06_eeg.vhdr	2b4eb88c8216e354ee7ab7974b27024a0bb85ce87b4608216018217b2386083a	True	unresolved	unresolved
sub-5	01	06	sub-5/ses-01/run-06/tsv-row-10	10	right_hand	2	67.56	5.0	16890	18140	sub-5/ses-01/eeg/sub-5_ses-01_task-imagery_run-06_eeg.edf	1250	True		sub-05	V	s	s	0	sub-05/ses-01/eeg/sub-05_ses-01_task-MotorImageryRest_run-06_eeg.vhdr	2b4eb88c8216e354ee7ab7974b27024a0bb85ce87b4608216018217b2386083a	True	unresolved	unresolved
sub-5	01	06	sub-5/ses-01/run-06/tsv-row-11	11	right_hand	2	74.464	5.0	18616	19866	sub-5/ses-01/eeg/sub-5_ses-01_task-imagery_run-06_eeg.edf	1250	True		sub-05	V	s	s	0	sub-05/ses-01/eeg/sub-05_ses-01_task-MotorImageryRest_run-06_eeg.vhdr	2b4eb88c8216e354ee7ab7974b27024a0bb85ce87b4608216018217b2386083a	True	unresolved	unresolved
sub-5	01	06	sub-5/ses-01/run-06/tsv-row-12	12	rest	1	81.336	5.0	20334	21584	sub-5/ses-01/eeg/sub-5_ses-01_task-imagery_run-06_eeg.edf	1250	True		sub-05	V	s	s	0	sub-05/ses-01/eeg/sub-05_ses-01_task-MotorImageryRest_run-06_eeg.vhdr	2b4eb88c8216e354ee7ab7974b27024a0bb85ce87b4608216018217b2386083a	True	unresolved	unresolved
sub-5	01	06	sub-5/ses-01/run-06/tsv-row-13	13	rest	1	88.24	5.0	22060	23310	sub-5/ses-01/eeg/sub-5_ses-01_task-imagery_run-06_eeg.edf	1250	True		sub-05	V	s	s	0	sub-05/ses-01/eeg/sub-05_ses-01_task-MotorImageryRest_run-06_eeg.vhdr	2b4eb88c8216e354ee7ab7974b27024a0bb85ce87b4608216018217b2386083a	True	unresolved	unresolved
sub-5	01	06	sub-5/ses-01/run-06/tsv-row-14	14	right_hand	2	95.124	5.0	23781	25031	sub-5/ses-01/eeg/sub-5_ses-01_task-imagery_run-06_eeg.edf	1250	True		sub-05	V	s	s	0	sub-05/ses-01/eeg/sub-05_ses-01_task-MotorImageryRest_run-06_eeg.vhdr	2b4eb88c8216e354ee7ab7974b27024a0bb85ce87b4608216018217b2386083a	True	unresolved	unresolved
sub-5	01	06	sub-5/ses-01/run-06/tsv-row-15	15	right_hand	2	102.008	5.0	25502	26752	sub-5/ses-01/eeg/sub-5_ses-01_task-imagery_run-06_eeg.edf	1250	True		sub-05	V	s	s	0	sub-05/ses-01/eeg/sub-05_ses-01_task-MotorImageryRest_run-06_eeg.vhdr	2b4eb88c8216e354ee7ab7974b27024a0bb85ce87b4608216018217b2386083a	True	unresolved	unresolved
sub-5	01	06	sub-5/ses-01/run-06/tsv-row-16	16	rest	1	108.884	5.0	27221	28471	sub-5/ses-01/eeg/sub-5_ses-01_task-imagery_run-06_eeg.edf	1250	True		sub-05	V	s	s	0	sub-05/ses-01/eeg/sub-05_ses-01_task-MotorImageryRest_run-06_eeg.vhdr	2b4eb88c8216e354ee7ab7974b27024a0bb85ce87b4608216018217b2386083a	True	unresolved	unresolved
sub-5	01	06	sub-5/ses-01/run-06/tsv-row-17	17	rest	1	115.784	5.0	28946	30196	sub-5/ses-01/eeg/sub-5_ses-01_task-imagery_run-06_eeg.edf	1250	True		sub-05	V	s	s	0	sub-05/ses-01/eeg/sub-05_ses-01_task-MotorImageryRest_run-06_eeg.vhdr	2b4eb88c8216e354ee7ab7974b27024a0bb85ce87b4608216018217b2386083a	True	unresolved	unresolved
sub-5	01	06	sub-5/ses-01/run-06/tsv-row-18	18	right_hand	2	122.672	5.0	30668	31918	sub-5/ses-01/eeg/sub-5_ses-01_task-imagery_run-06_eeg.edf	1250	True		sub-05	V	s	s	0	sub-05/ses-01/eeg/sub-05_ses-01_task-MotorImageryRest_run-06_eeg.vhdr	2b4eb88c8216e354ee7ab7974b27024a0bb85ce87b4608216018217b2386083a	True	unresolved	unresolved
sub-5	01	06	sub-5/ses-01/run-06/tsv-row-19	19	rest	1	129.56	5.0	32390	33640	sub-5/ses-01/eeg/sub-5_ses-01_task-imagery_run-06_eeg.edf	1250	True		sub-05	V	s	s	0	sub-05/ses-01/eeg/sub-05_ses-01_task-MotorImageryRest_run-06_eeg.vhdr	2b4eb88c8216e354ee7ab7974b27024a0bb85ce87b4608216018217b2386083a	True	unresolved	unresolved
sub-5	01	06	sub-5/ses-01/run-06/tsv-row-20	20	right_hand	2	136.444	5.0	34111	35361	sub-5/ses-01/eeg/sub-5_ses-01_task-imagery_run-06_eeg.edf	1250	True		sub-05	V	s	s	0	sub-05/ses-01/eeg/sub-05_ses-01_task-MotorImageryRest_run-06_eeg.vhdr	2b4eb88c8216e354ee7ab7974b27024a0bb85ce87b4608216018217b2386083a	True	unresolved	unresolved
sub-5	01	06	sub-5/ses-01/run-06/tsv-row-21	21	right_hand	2	143.332	5.0	35833	37083	sub-5/ses-01/eeg/sub-5_ses-01_task-imagery_run-06_eeg.edf	1250	True		sub-05	V	s	s	0	sub-05/ses-01/eeg/sub-05_ses-01_task-MotorImageryRest_run-06_eeg.vhdr	2b4eb88c8216e354ee7ab7974b27024a0bb85ce87b4608216018217b2386083a	True	unresolved	unresolved
sub-5	01	06	sub-5/ses-01/run-06/tsv-row-22	22	rest	1	150.22	5.0	37555	38805	sub-5/ses-01/eeg/sub-5_ses-01_task-imagery_run-06_eeg.edf	1250	True		sub-05	V	s	s	0	sub-05/ses-01/eeg/sub-05_ses-01_task-MotorImageryRest_run-06_eeg.vhdr	2b4eb88c8216e354ee7ab7974b27024a0bb85ce87b4608216018217b2386083a	True	unresolved	unresolved
sub-5	01	06	sub-5/ses-01/run-06/tsv-row-23	23	rest	1	157.108	5.0	39277	40527	sub-5/ses-01/eeg/sub-5_ses-01_task-imagery_run-06_eeg.edf	1250	True		sub-05	V	s	s	0	sub-05/ses-01/eeg/sub-05_ses-01_task-MotorImageryRest_run-06_eeg.vhdr	2b4eb88c8216e354ee7ab7974b27024a0bb85ce87b4608216018217b2386083a	True	unresolved	unresolved
sub-5	01	06	sub-5/ses-01/run-06/tsv-row-24	24	right_hand	2	163.992	5.0	40998	42248	sub-5/ses-01/eeg/sub-5_ses-01_task-imagery_run-06_eeg.edf	1250	True		sub-05	V	s	s	0	sub-05/ses-01/eeg/sub-05_ses-01_task-MotorImageryRest_run-06_eeg.vhdr	2b4eb88c8216e354ee7ab7974b27024a0bb85ce87b4608216018217b2386083a	True	unresolved	unresolved
sub-5	01	06	sub-5/ses-01/run-06/tsv-row-25	25	right_hand	2	170.88	5.0	42720	43970	sub-5/ses-01/eeg/sub-5_ses-01_task-imagery_run-06_eeg.edf	1250	True		sub-05	V	s	s	0	sub-05/ses-01/eeg/sub-05_ses-01_task-MotorImageryRest_run-06_eeg.vhdr	2b4eb88c8216e354ee7ab7974b27024a0bb85ce87b4608216018217b2386083a	True	unresolved	unresolved
sub-5	01	06	sub-5/ses-01/run-06/tsv-row-26	26	rest	1	177.768	5.0	44442	45692	sub-5/ses-01/eeg/sub-5_ses-01_task-imagery_run-06_eeg.edf	1250	True		sub-05	V	s	s	0	sub-05/ses-01/eeg/sub-05_ses-01_task-MotorImageryRest_run-06_eeg.vhdr	2b4eb88c8216e354ee7ab7974b27024a0bb85ce87b4608216018217b2386083a	True	unresolved	unresolved
sub-5	01	06	sub-5/ses-01/run-06/tsv-row-27	27	rest	1	184.672	5.0	46168	47418	sub-5/ses-01/eeg/sub-5_ses-01_task-imagery_run-06_eeg.edf	1250	True		sub-05	V	s	s	0	sub-05/ses-01/eeg/sub-05_ses-01_task-MotorImageryRest_run-06_eeg.vhdr	2b4eb88c8216e354ee7ab7974b27024a0bb85ce87b4608216018217b2386083a	True	unresolved	unresolved
sub-5	01	06	sub-5/ses-01/run-06/tsv-row-28	28	right_hand	2	191.54	5.0	47885	49135	sub-5/ses-01/eeg/sub-5_ses-01_task-imagery_run-06_eeg.edf	1250	True		sub-05	V	s	s	0	sub-05/ses-01/eeg/sub-05_ses-01_task-MotorImageryRest_run-06_eeg.vhdr	2b4eb88c8216e354ee7ab7974b27024a0bb85ce87b4608216018217b2386083a	True	unresolved	unresolved
sub-5	01	06	sub-5/ses-01/run-06/tsv-row-29	29	right_hand	2	198.424	5.0	49606	50856	sub-5/ses-01/eeg/sub-5_ses-01_task-imagery_run-06_eeg.edf	1250	True		sub-05	V	s	s	0	sub-05/ses-01/eeg/sub-05_ses-01_task-MotorImageryRest_run-06_eeg.vhdr	2b4eb88c8216e354ee7ab7974b27024a0bb85ce87b4608216018217b2386083a	True	unresolved	unresolved
sub-5	01	06	sub-5/ses-01/run-06/tsv-row-30	30	rest	1	205.332	5.0	51333	52583	sub-5/ses-01/eeg/sub-5_ses-01_task-imagery_run-06_eeg.edf	1250	True		sub-05	V	s	s	0	sub-05/ses-01/eeg/sub-05_ses-01_task-MotorImageryRest_run-06_eeg.vhdr	2b4eb88c8216e354ee7ab7974b27024a0bb85ce87b4608216018217b2386083a	True	unresolved	unresolved
sub-5	01	06	sub-5/ses-01/run-06/tsv-row-31	31	right_hand	2	212.216	5.0	53054	54304	sub-5/ses-01/eeg/sub-5_ses-01_task-imagery_run-06_eeg.edf	1250	True		sub-05	V	s	s	0	sub-05/ses-01/eeg/sub-05_ses-01_task-MotorImageryRest_run-06_eeg.vhdr	2b4eb88c8216e354ee7ab7974b27024a0bb85ce87b4608216018217b2386083a	True	unresolved	unresolved
sub-5	01	06	sub-5/ses-01/run-06/tsv-row-32	32	rest	1	219.088	5.0	54772	56022	sub-5/ses-01/eeg/sub-5_ses-01_task-imagery_run-06_eeg.edf	1250	True		sub-05	V	s	s	0	sub-05/ses-01/eeg/sub-05_ses-01_task-MotorImageryRest_run-06_eeg.vhdr	2b4eb88c8216e354ee7ab7974b27024a0bb85ce87b4608216018217b2386083a	True	unresolved	unresolved
sub-5	02	01	sub-5/ses-02/run-01/tsv-row-1	1	right_hand	2	5.884	5.0	1471	2721	sub-5/ses-02/eeg/sub-5_ses-02_task-imagery_run-01_eeg.edf	1250	True		sub-05	V	s	s	0	sub-05/ses-02/eeg/sub-05_ses-02_task-MotorImageryRest_run-01_eeg.vhdr	58db318075323b1fdee3d32bc4a34908314ed9601868681a8df8875c85a4b7da	True	unresolved	unresolved
sub-5	02	01	sub-5/ses-02/run-01/tsv-row-2	2	rest	1	12.76	5.0	3190	4440	sub-5/ses-02/eeg/sub-5_ses-02_task-imagery_run-01_eeg.edf	1250	True		sub-05	V	s	s	0	sub-05/ses-02/eeg/sub-05_ses-02_task-MotorImageryRest_run-01_eeg.vhdr	58db318075323b1fdee3d32bc4a34908314ed9601868681a8df8875c85a4b7da	True	unresolved	unresolved
sub-5	02	01	sub-5/ses-02/run-01/tsv-row-3	3	right_hand	2	19.644	5.0	4911	6161	sub-5/ses-02/eeg/sub-5_ses-02_task-imagery_run-01_eeg.edf	1250	True		sub-05	V	s	s	0	sub-05/ses-02/eeg/sub-05_ses-02_task-MotorImageryRest_run-01_eeg.vhdr	58db318075323b1fdee3d32bc4a34908314ed9601868681a8df8875c85a4b7da	True	unresolved	unresolved
sub-5	02	01	sub-5/ses-02/run-01/tsv-row-4	4	rest	1	26.552	5.0	6638	7888	sub-5/ses-02/eeg/sub-5_ses-02_task-imagery_run-01_eeg.edf	1250	True		sub-05	V	s	s	0	sub-05/ses-02/eeg/sub-05_ses-02_task-MotorImageryRest_run-01_eeg.vhdr	58db318075323b1fdee3d32bc4a34908314ed9601868681a8df8875c85a4b7da	True	unresolved	unresolved
sub-5	02	01	sub-5/ses-02/run-01/tsv-row-5	5	rest	1	33.436	5.0	8359	9609	sub-5/ses-02/eeg/sub-5_ses-02_task-imagery_run-01_eeg.edf	1250	True		sub-05	V	s	s	0	sub-05/ses-02/eeg/sub-05_ses-02_task-MotorImageryRest_run-01_eeg.vhdr	58db318075323b1fdee3d32bc4a34908314ed9601868681a8df8875c85a4b7da	True	unresolved	unresolved
sub-5	02	01	sub-5/ses-02/run-01/tsv-row-6	6	right_hand	2	40.304	5.0	10076	11326	sub-5/ses-02/eeg/sub-5_ses-02_task-imagery_run-01_eeg.edf	1250	True		sub-05	V	s	s	0	sub-05/ses-02/eeg/sub-05_ses-02_task-MotorImageryRest_run-01_eeg.vhdr	58db318075323b1fdee3d32bc4a34908314ed9601868681a8df8875c85a4b7da	True	unresolved	unresolved
sub-5	02	01	sub-5/ses-02/run-01/tsv-row-7	7	right_hand	2	47.208	5.0	11802	13052	sub-5/ses-02/eeg/sub-5_ses-02_task-imagery_run-01_eeg.edf	1250	True		sub-05	V	s	s	0	sub-05/ses-02/eeg/sub-05_ses-02_task-MotorImageryRest_run-01_eeg.vhdr	58db318075323b1fdee3d32bc4a34908314ed9601868681a8df8875c85a4b7da	True	unresolved	unresolved
sub-5	02	01	sub-5/ses-02/run-01/tsv-row-8	8	rest	1	54.1	5.0	13525	14775	sub-5/ses-02/eeg/sub-5_ses-02_task-imagery_run-01_eeg.edf	1250	True		sub-05	V	s	s	0	sub-05/ses-02/eeg/sub-05_ses-02_task-MotorImageryRest_run-01_eeg.vhdr	58db318075323b1fdee3d32bc4a34908314ed9601868681a8df8875c85a4b7da	True	unresolved	unresolved
sub-5	02	01	sub-5/ses-02/run-01/tsv-row-9	9	rest	1	60.984	5.0	15246	16496	sub-5/ses-02/eeg/sub-5_ses-02_task-imagery_run-01_eeg.edf	1250	True		sub-05	V	s	s	0	sub-05/ses-02/eeg/sub-05_ses-02_task-MotorImageryRest_run-01_eeg.vhdr	58db318075323b1fdee3d32bc4a34908314ed9601868681a8df8875c85a4b7da	True	unresolved	unresolved
sub-5	02	01	sub-5/ses-02/run-01/tsv-row-10	10	right_hand	2	67.868	5.0	16967	18217	sub-5/ses-02/eeg/sub-5_ses-02_task-imagery_run-01_eeg.edf	1250	True		sub-05	V	s	s	0	sub-05/ses-02/eeg/sub-05_ses-02_task-MotorImageryRest_run-01_eeg.vhdr	58db318075323b1fdee3d32bc4a34908314ed9601868681a8df8875c85a4b7da	True	unresolved	unresolved
sub-5	02	01	sub-5/ses-02/run-01/tsv-row-11	11	rest	1	74.76	5.0	18690	19940	sub-5/ses-02/eeg/sub-5_ses-02_task-imagery_run-01_eeg.edf	1250	True		sub-05	V	s	s	0	sub-05/ses-02/eeg/sub-05_ses-02_task-MotorImageryRest_run-01_eeg.vhdr	58db318075323b1fdee3d32bc4a34908314ed9601868681a8df8875c85a4b7da	True	unresolved	unresolved
sub-5	02	01	sub-5/ses-02/run-01/tsv-row-12	12	right_hand	2	81.644	5.0	20411	21661	sub-5/ses-02/eeg/sub-5_ses-02_task-imagery_run-01_eeg.edf	1250	True		sub-05	V	s	s	0	sub-05/ses-02/eeg/sub-05_ses-02_task-MotorImageryRest_run-01_eeg.vhdr	58db318075323b1fdee3d32bc4a34908314ed9601868681a8df8875c85a4b7da	True	unresolved	unresolved
sub-5	02	01	sub-5/ses-02/run-01/tsv-row-13	13	right_hand	2	88.548	5.0	22137	23387	sub-5/ses-02/eeg/sub-5_ses-02_task-imagery_run-01_eeg.edf	1250	True		sub-05	V	s	s	0	sub-05/ses-02/eeg/sub-05_ses-02_task-MotorImageryRest_run-01_eeg.vhdr	58db318075323b1fdee3d32bc4a34908314ed9601868681a8df8875c85a4b7da	True	unresolved	unresolved
sub-5	02	01	sub-5/ses-02/run-01/tsv-row-14	14	rest	1	95.42	5.0	23855	25105	sub-5/ses-02/eeg/sub-5_ses-02_task-imagery_run-01_eeg.edf	1250	True		sub-05	V	s	s	0	sub-05/ses-02/eeg/sub-05_ses-02_task-MotorImageryRest_run-01_eeg.vhdr	58db318075323b1fdee3d32bc4a34908314ed9601868681a8df8875c85a4b7da	True	unresolved	unresolved
sub-5	02	01	sub-5/ses-02/run-01/tsv-row-15	15	rest	1	102.324	5.0	25581	26831	sub-5/ses-02/eeg/sub-5_ses-02_task-imagery_run-01_eeg.edf	1250	True		sub-05	V	s	s	0	sub-05/ses-02/eeg/sub-05_ses-02_task-MotorImageryRest_run-01_eeg.vhdr	58db318075323b1fdee3d32bc4a34908314ed9601868681a8df8875c85a4b7da	True	unresolved	unresolved
sub-5	02	01	sub-5/ses-02/run-01/tsv-row-16	16	right_hand	2	109.192	5.0	27298	28548	sub-5/ses-02/eeg/sub-5_ses-02_task-imagery_run-01_eeg.edf	1250	True		sub-05	V	s	s	0	sub-05/ses-02/eeg/sub-05_ses-02_task-MotorImageryRest_run-01_eeg.vhdr	58db318075323b1fdee3d32bc4a34908314ed9601868681a8df8875c85a4b7da	True	unresolved	unresolved
sub-5	02	01	sub-5/ses-02/run-01/tsv-row-17	17	rest	1	116.096	5.0	29024	30274	sub-5/ses-02/eeg/sub-5_ses-02_task-imagery_run-01_eeg.edf	1250	True		sub-05	V	s	s	0	sub-05/ses-02/eeg/sub-05_ses-02_task-MotorImageryRest_run-01_eeg.vhdr	58db318075323b1fdee3d32bc4a34908314ed9601868681a8df8875c85a4b7da	True	unresolved	unresolved
sub-5	02	01	sub-5/ses-02/run-01/tsv-row-18	18	right_hand	2	122.964	5.0	30741	31991	sub-5/ses-02/eeg/sub-5_ses-02_task-imagery_run-01_eeg.edf	1250	True		sub-05	V	s	s	0	sub-05/ses-02/eeg/sub-05_ses-02_task-MotorImageryRest_run-01_eeg.vhdr	58db318075323b1fdee3d32bc4a34908314ed9601868681a8df8875c85a4b7da	True	unresolved	unresolved
sub-5	02	01	sub-5/ses-02/run-01/tsv-row-19	19	right_hand	2	129.868	5.0	32467	33717	sub-5/ses-02/eeg/sub-5_ses-02_task-imagery_run-01_eeg.edf	1250	True		sub-05	V	s	s	0	sub-05/ses-02/eeg/sub-05_ses-02_task-MotorImageryRest_run-01_eeg.vhdr	58db318075323b1fdee3d32bc4a34908314ed9601868681a8df8875c85a4b7da	True	unresolved	unresolved
sub-5	02	01	sub-5/ses-02/run-01/tsv-row-20	20	rest	1	136.756	5.0	34189	35439	sub-5/ses-02/eeg/sub-5_ses-02_task-imagery_run-01_eeg.edf	1250	True		sub-05	V	s	s	0	sub-05/ses-02/eeg/sub-05_ses-02_task-MotorImageryRest_run-01_eeg.vhdr	58db318075323b1fdee3d32bc4a34908314ed9601868681a8df8875c85a4b7da	True	unresolved	unresolved
sub-5	02	01	sub-5/ses-02/run-01/tsv-row-21	21	rest	1	143.644	5.0	35911	37161	sub-5/ses-02/eeg/sub-5_ses-02_task-imagery_run-01_eeg.edf	1250	True		sub-05	V	s	s	0	sub-05/ses-02/eeg/sub-05_ses-02_task-MotorImageryRest_run-01_eeg.vhdr	58db318075323b1fdee3d32bc4a34908314ed9601868681a8df8875c85a4b7da	True	unresolved	unresolved
sub-5	02	01	sub-5/ses-02/run-01/tsv-row-22	22	right_hand	2	150.528	5.0	37632	38882	sub-5/ses-02/eeg/sub-5_ses-02_task-imagery_run-01_eeg.edf	1250	True		sub-05	V	s	s	0	sub-05/ses-02/eeg/sub-05_ses-02_task-MotorImageryRest_run-01_eeg.vhdr	58db318075323b1fdee3d32bc4a34908314ed9601868681a8df8875c85a4b7da	True	unresolved	unresolved
sub-5	02	01	sub-5/ses-02/run-01/tsv-row-23	23	rest	1	157.416	5.0	39354	40604	sub-5/ses-02/eeg/sub-5_ses-02_task-imagery_run-01_eeg.edf	1250	True		sub-05	V	s	s	0	sub-05/ses-02/eeg/sub-05_ses-02_task-MotorImageryRest_run-01_eeg.vhdr	58db318075323b1fdee3d32bc4a34908314ed9601868681a8df8875c85a4b7da	True	unresolved	unresolved
sub-5	02	01	sub-5/ses-02/run-01/tsv-row-24	24	right_hand	2	164.3	5.0	41075	42325	sub-5/ses-02/eeg/sub-5_ses-02_task-imagery_run-01_eeg.edf	1250	True		sub-05	V	s	s	0	sub-05/ses-02/eeg/sub-05_ses-02_task-MotorImageryRest_run-01_eeg.vhdr	58db318075323b1fdee3d32bc4a34908314ed9601868681a8df8875c85a4b7da	True	unresolved	unresolved
sub-5	02	01	sub-5/ses-02/run-01/tsv-row-25	25	rest	1	171.192	5.0	42798	44048	sub-5/ses-02/eeg/sub-5_ses-02_task-imagery_run-01_eeg.edf	1250	True		sub-05	V	s	s	0	sub-05/ses-02/eeg/sub-05_ses-02_task-MotorImageryRest_run-01_eeg.vhdr	58db318075323b1fdee3d32bc4a34908314ed9601868681a8df8875c85a4b7da	True	unresolved	unresolved
sub-5	02	01	sub-5/ses-02/run-01/tsv-row-26	26	right_hand	2	178.092	5.0	44523	45773	sub-5/ses-02/eeg/sub-5_ses-02_task-imagery_run-01_eeg.edf	1250	True		sub-05	V	s	s	0	sub-05/ses-02/eeg/sub-05_ses-02_task-MotorImageryRest_run-01_eeg.vhdr	58db318075323b1fdee3d32bc4a34908314ed9601868681a8df8875c85a4b7da	True	unresolved	unresolved
sub-5	02	01	sub-5/ses-02/run-01/tsv-row-27	27	right_hand	2	184.96	5.0	46240	47490	sub-5/ses-02/eeg/sub-5_ses-02_task-imagery_run-01_eeg.edf	1250	True		sub-05	V	s	s	0	sub-05/ses-02/eeg/sub-05_ses-02_task-MotorImageryRest_run-01_eeg.vhdr	58db318075323b1fdee3d32bc4a34908314ed9601868681a8df8875c85a4b7da	True	unresolved	unresolved
sub-5	02	01	sub-5/ses-02/run-01/tsv-row-28	28	rest	1	191.852	5.0	47963	49213	sub-5/ses-02/eeg/sub-5_ses-02_task-imagery_run-01_eeg.edf	1250	True		sub-05	V	s	s	0	sub-05/ses-02/eeg/sub-05_ses-02_task-MotorImageryRest_run-01_eeg.vhdr	58db318075323b1fdee3d32bc4a34908314ed9601868681a8df8875c85a4b7da	True	unresolved	unresolved
sub-5	02	01	sub-5/ses-02/run-01/tsv-row-29	29	rest	1	198.756	5.0	49689	50939	sub-5/ses-02/eeg/sub-5_ses-02_task-imagery_run-01_eeg.edf	1250	True		sub-05	V	s	s	0	sub-05/ses-02/eeg/sub-05_ses-02_task-MotorImageryRest_run-01_eeg.vhdr	58db318075323b1fdee3d32bc4a34908314ed9601868681a8df8875c85a4b7da	True	unresolved	unresolved
sub-5	02	01	sub-5/ses-02/run-01/tsv-row-30	30	right_hand	2	205.64	5.0	51410	52660	sub-5/ses-02/eeg/sub-5_ses-02_task-imagery_run-01_eeg.edf	1250	True		sub-05	V	s	s	0	sub-05/ses-02/eeg/sub-05_ses-02_task-MotorImageryRest_run-01_eeg.vhdr	58db318075323b1fdee3d32bc4a34908314ed9601868681a8df8875c85a4b7da	True	unresolved	unresolved
sub-5	02	01	sub-5/ses-02/run-01/tsv-row-31	31	rest	1	212.512	5.0	53128	54378	sub-5/ses-02/eeg/sub-5_ses-02_task-imagery_run-01_eeg.edf	1250	True		sub-05	V	s	s	0	sub-05/ses-02/eeg/sub-05_ses-02_task-MotorImageryRest_run-01_eeg.vhdr	58db318075323b1fdee3d32bc4a34908314ed9601868681a8df8875c85a4b7da	True	unresolved	unresolved
sub-5	02	01	sub-5/ses-02/run-01/tsv-row-32	32	right_hand	2	219.412	5.0	54853	56103	sub-5/ses-02/eeg/sub-5_ses-02_task-imagery_run-01_eeg.edf	1250	True		sub-05	V	s	s	0	sub-05/ses-02/eeg/sub-05_ses-02_task-MotorImageryRest_run-01_eeg.vhdr	58db318075323b1fdee3d32bc4a34908314ed9601868681a8df8875c85a4b7da	True	unresolved	unresolved
sub-5	02	02	sub-5/ses-02/run-02/tsv-row-1	1	rest	1	4.172	5.0	1043	2293	sub-5/ses-02/eeg/sub-5_ses-02_task-imagery_run-02_eeg.edf	1250	True		sub-05	V	s	s	0	sub-05/ses-02/eeg/sub-05_ses-02_task-MotorImageryRest_run-02_eeg.vhdr	8617b83956c1235d620c40e89afdbb41175fb7a3efd5963ba0c7dfb36068428d	True	unresolved	unresolved
sub-5	02	02	sub-5/ses-02/run-02/tsv-row-2	2	right_hand	2	11.044	5.0	2761	4011	sub-5/ses-02/eeg/sub-5_ses-02_task-imagery_run-02_eeg.edf	1250	True		sub-05	V	s	s	0	sub-05/ses-02/eeg/sub-05_ses-02_task-MotorImageryRest_run-02_eeg.vhdr	8617b83956c1235d620c40e89afdbb41175fb7a3efd5963ba0c7dfb36068428d	True	unresolved	unresolved
sub-5	02	02	sub-5/ses-02/run-02/tsv-row-3	3	rest	1	17.948	5.0	4487	5737	sub-5/ses-02/eeg/sub-5_ses-02_task-imagery_run-02_eeg.edf	1250	True		sub-05	V	s	s	0	sub-05/ses-02/eeg/sub-05_ses-02_task-MotorImageryRest_run-02_eeg.vhdr	8617b83956c1235d620c40e89afdbb41175fb7a3efd5963ba0c7dfb36068428d	True	unresolved	unresolved
sub-5	02	02	sub-5/ses-02/run-02/tsv-row-4	4	right_hand	2	24.832	5.0	6208	7458	sub-5/ses-02/eeg/sub-5_ses-02_task-imagery_run-02_eeg.edf	1250	True		sub-05	V	s	s	0	sub-05/ses-02/eeg/sub-05_ses-02_task-MotorImageryRest_run-02_eeg.vhdr	8617b83956c1235d620c40e89afdbb41175fb7a3efd5963ba0c7dfb36068428d	True	unresolved	unresolved
sub-5	02	02	sub-5/ses-02/run-02/tsv-row-5	5	right_hand	2	31.736	5.0	7934	9184	sub-5/ses-02/eeg/sub-5_ses-02_task-imagery_run-02_eeg.edf	1250	True		sub-05	V	s	s	0	sub-05/ses-02/eeg/sub-05_ses-02_task-MotorImageryRest_run-02_eeg.vhdr	8617b83956c1235d620c40e89afdbb41175fb7a3efd5963ba0c7dfb36068428d	True	unresolved	unresolved
sub-5	02	02	sub-5/ses-02/run-02/tsv-row-6	6	rest	1	38.608	5.0	9652	10902	sub-5/ses-02/eeg/sub-5_ses-02_task-imagery_run-02_eeg.edf	1250	True		sub-05	V	s	s	0	sub-05/ses-02/eeg/sub-05_ses-02_task-MotorImageryRest_run-02_eeg.vhdr	8617b83956c1235d620c40e89afdbb41175fb7a3efd5963ba0c7dfb36068428d	True	unresolved	unresolved
sub-5	02	02	sub-5/ses-02/run-02/tsv-row-7	7	rest	1	45.512	5.0	11378	12628	sub-5/ses-02/eeg/sub-5_ses-02_task-imagery_run-02_eeg.edf	1250	True		sub-05	V	s	s	0	sub-05/ses-02/eeg/sub-05_ses-02_task-MotorImageryRest_run-02_eeg.vhdr	8617b83956c1235d620c40e89afdbb41175fb7a3efd5963ba0c7dfb36068428d	True	unresolved	unresolved
sub-5	02	02	sub-5/ses-02/run-02/tsv-row-8	8	right_hand	2	52.38	5.0	13095	14345	sub-5/ses-02/eeg/sub-5_ses-02_task-imagery_run-02_eeg.edf	1250	True		sub-05	V	s	s	0	sub-05/ses-02/eeg/sub-05_ses-02_task-MotorImageryRest_run-02_eeg.vhdr	8617b83956c1235d620c40e89afdbb41175fb7a3efd5963ba0c7dfb36068428d	True	unresolved	unresolved
sub-5	02	02	sub-5/ses-02/run-02/tsv-row-9	9	rest	1	59.288	5.0	14822	16072	sub-5/ses-02/eeg/sub-5_ses-02_task-imagery_run-02_eeg.edf	1250	True		sub-05	V	s	s	0	sub-05/ses-02/eeg/sub-05_ses-02_task-MotorImageryRest_run-02_eeg.vhdr	8617b83956c1235d620c40e89afdbb41175fb7a3efd5963ba0c7dfb36068428d	True	unresolved	unresolved
sub-5	02	02	sub-5/ses-02/run-02/tsv-row-10	10	right_hand	2	66.152	5.0	16538	17788	sub-5/ses-02/eeg/sub-5_ses-02_task-imagery_run-02_eeg.edf	1250	True		sub-05	V	s	s	0	sub-05/ses-02/eeg/sub-05_ses-02_task-MotorImageryRest_run-02_eeg.vhdr	8617b83956c1235d620c40e89afdbb41175fb7a3efd5963ba0c7dfb36068428d	True	unresolved	unresolved
sub-5	02	02	sub-5/ses-02/run-02/tsv-row-11	11	rest	1	73.044	5.0	18261	19511	sub-5/ses-02/eeg/sub-5_ses-02_task-imagery_run-02_eeg.edf	1250	True		sub-05	V	s	s	0	sub-05/ses-02/eeg/sub-05_ses-02_task-MotorImageryRest_run-02_eeg.vhdr	8617b83956c1235d620c40e89afdbb41175fb7a3efd5963ba0c7dfb36068428d	True	unresolved	unresolved
sub-5	02	02	sub-5/ses-02/run-02/tsv-row-12	12	right_hand	2	79.944	5.0	19986	21236	sub-5/ses-02/eeg/sub-5_ses-02_task-imagery_run-02_eeg.edf	1250	True		sub-05	V	s	s	0	sub-05/ses-02/eeg/sub-05_ses-02_task-MotorImageryRest_run-02_eeg.vhdr	8617b83956c1235d620c40e89afdbb41175fb7a3efd5963ba0c7dfb36068428d	True	unresolved	unresolved
sub-5	02	02	sub-5/ses-02/run-02/tsv-row-13	13	right_hand	2	86.832	5.0	21708	22958	sub-5/ses-02/eeg/sub-5_ses-02_task-imagery_run-02_eeg.edf	1250	True		sub-05	V	s	s	0	sub-05/ses-02/eeg/sub-05_ses-02_task-MotorImageryRest_run-02_eeg.vhdr	8617b83956c1235d620c40e89afdbb41175fb7a3efd5963ba0c7dfb36068428d	True	unresolved	unresolved
sub-5	02	02	sub-5/ses-02/run-02/tsv-row-14	14	rest	1	93.704	5.0	23426	24676	sub-5/ses-02/eeg/sub-5_ses-02_task-imagery_run-02_eeg.edf	1250	True		sub-05	V	s	s	0	sub-05/ses-02/eeg/sub-05_ses-02_task-MotorImageryRest_run-02_eeg.vhdr	8617b83956c1235d620c40e89afdbb41175fb7a3efd5963ba0c7dfb36068428d	True	unresolved	unresolved
sub-5	02	02	sub-5/ses-02/run-02/tsv-row-15	15	right_hand	2	100.604	5.0	25151	26401	sub-5/ses-02/eeg/sub-5_ses-02_task-imagery_run-02_eeg.edf	1250	True		sub-05	V	s	s	0	sub-05/ses-02/eeg/sub-05_ses-02_task-MotorImageryRest_run-02_eeg.vhdr	8617b83956c1235d620c40e89afdbb41175fb7a3efd5963ba0c7dfb36068428d	True	unresolved	unresolved
sub-5	02	02	sub-5/ses-02/run-02/tsv-row-16	16	rest	1	107.496	5.0	26874	28124	sub-5/ses-02/eeg/sub-5_ses-02_task-imagery_run-02_eeg.edf	1250	True		sub-05	V	s	s	0	sub-05/ses-02/eeg/sub-05_ses-02_task-MotorImageryRest_run-02_eeg.vhdr	8617b83956c1235d620c40e89afdbb41175fb7a3efd5963ba0c7dfb36068428d	True	unresolved	unresolved
sub-5	02	02	sub-5/ses-02/run-02/tsv-row-17	17	rest	1	114.38	5.0	28595	29845	sub-5/ses-02/eeg/sub-5_ses-02_task-imagery_run-02_eeg.edf	1250	True		sub-05	V	s	s	0	sub-05/ses-02/eeg/sub-05_ses-02_task-MotorImageryRest_run-02_eeg.vhdr	8617b83956c1235d620c40e89afdbb41175fb7a3efd5963ba0c7dfb36068428d	True	unresolved	unresolved
sub-5	02	02	sub-5/ses-02/run-02/tsv-row-18	18	right_hand	2	121.264	5.0	30316	31566	sub-5/ses-02/eeg/sub-5_ses-02_task-imagery_run-02_eeg.edf	1250	True		sub-05	V	s	s	0	sub-05/ses-02/eeg/sub-05_ses-02_task-MotorImageryRest_run-02_eeg.vhdr	8617b83956c1235d620c40e89afdbb41175fb7a3efd5963ba0c7dfb36068428d	True	unresolved	unresolved
sub-5	02	02	sub-5/ses-02/run-02/tsv-row-19	19	right_hand	2	128.168	5.0	32042	33292	sub-5/ses-02/eeg/sub-5_ses-02_task-imagery_run-02_eeg.edf	1250	True		sub-05	V	s	s	0	sub-05/ses-02/eeg/sub-05_ses-02_task-MotorImageryRest_run-02_eeg.vhdr	8617b83956c1235d620c40e89afdbb41175fb7a3efd5963ba0c7dfb36068428d	True	unresolved	unresolved
sub-5	02	02	sub-5/ses-02/run-02/tsv-row-20	20	rest	1	135.04	5.0	33760	35010	sub-5/ses-02/eeg/sub-5_ses-02_task-imagery_run-02_eeg.edf	1250	True		sub-05	V	s	s	0	sub-05/ses-02/eeg/sub-05_ses-02_task-MotorImageryRest_run-02_eeg.vhdr	8617b83956c1235d620c40e89afdbb41175fb7a3efd5963ba0c7dfb36068428d	True	unresolved	unresolved
sub-5	02	02	sub-5/ses-02/run-02/tsv-row-21	21	rest	1	141.928	5.0	35482	36732	sub-5/ses-02/eeg/sub-5_ses-02_task-imagery_run-02_eeg.edf	1250	True		sub-05	V	s	s	0	sub-05/ses-02/eeg/sub-05_ses-02_task-MotorImageryRest_run-02_eeg.vhdr	8617b83956c1235d620c40e89afdbb41175fb7a3efd5963ba0c7dfb36068428d	True	unresolved	unresolved
sub-5	02	02	sub-5/ses-02/run-02/tsv-row-22	22	right_hand	2	148.812	5.0	37203	38453	sub-5/ses-02/eeg/sub-5_ses-02_task-imagery_run-02_eeg.edf	1250	True		sub-05	V	s	s	0	sub-05/ses-02/eeg/sub-05_ses-02_task-MotorImageryRest_run-02_eeg.vhdr	8617b83956c1235d620c40e89afdbb41175fb7a3efd5963ba0c7dfb36068428d	True	unresolved	unresolved
sub-5	02	02	sub-5/ses-02/run-02/tsv-row-23	23	rest	1	155.7	5.0	38925	40175	sub-5/ses-02/eeg/sub-5_ses-02_task-imagery_run-02_eeg.edf	1250	True		sub-05	V	s	s	0	sub-05/ses-02/eeg/sub-05_ses-02_task-MotorImageryRest_run-02_eeg.vhdr	8617b83956c1235d620c40e89afdbb41175fb7a3efd5963ba0c7dfb36068428d	True	unresolved	unresolved
sub-5	02	02	sub-5/ses-02/run-02/tsv-row-24	24	right_hand	2	162.584	5.0	40646	41896	sub-5/ses-02/eeg/sub-5_ses-02_task-imagery_run-02_eeg.edf	1250	True		sub-05	V	s	s	0	sub-05/ses-02/eeg/sub-05_ses-02_task-MotorImageryRest_run-02_eeg.vhdr	8617b83956c1235d620c40e89afdbb41175fb7a3efd5963ba0c7dfb36068428d	True	unresolved	unresolved
sub-5	02	02	sub-5/ses-02/run-02/tsv-row-25	25	rest	1	169.492	5.0	42373	43623	sub-5/ses-02/eeg/sub-5_ses-02_task-imagery_run-02_eeg.edf	1250	True		sub-05	V	s	s	0	sub-05/ses-02/eeg/sub-05_ses-02_task-MotorImageryRest_run-02_eeg.vhdr	8617b83956c1235d620c40e89afdbb41175fb7a3efd5963ba0c7dfb36068428d	True	unresolved	unresolved
sub-5	02	02	sub-5/ses-02/run-02/tsv-row-26	26	right_hand	2	176.376	5.0	44094	45344	sub-5/ses-02/eeg/sub-5_ses-02_task-imagery_run-02_eeg.edf	1250	True		sub-05	V	s	s	0	sub-05/ses-02/eeg/sub-05_ses-02_task-MotorImageryRest_run-02_eeg.vhdr	8617b83956c1235d620c40e89afdbb41175fb7a3efd5963ba0c7dfb36068428d	True	unresolved	unresolved
sub-5	02	02	sub-5/ses-02/run-02/tsv-row-27	27	rest	1	183.248	5.0	45812	47062	sub-5/ses-02/eeg/sub-5_ses-02_task-imagery_run-02_eeg.edf	1250	True		sub-05	V	s	s	0	sub-05/ses-02/eeg/sub-05_ses-02_task-MotorImageryRest_run-02_eeg.vhdr	8617b83956c1235d620c40e89afdbb41175fb7a3efd5963ba0c7dfb36068428d	True	unresolved	unresolved
sub-5	02	02	sub-5/ses-02/run-02/tsv-row-28	28	right_hand	2	190.148	5.0	47537	48787	sub-5/ses-02/eeg/sub-5_ses-02_task-imagery_run-02_eeg.edf	1250	True		sub-05	V	s	s	0	sub-05/ses-02/eeg/sub-05_ses-02_task-MotorImageryRest_run-02_eeg.vhdr	8617b83956c1235d620c40e89afdbb41175fb7a3efd5963ba0c7dfb36068428d	True	unresolved	unresolved
sub-5	02	02	sub-5/ses-02/run-02/tsv-row-29	29	rest	1	197.04	5.0	49260	50510	sub-5/ses-02/eeg/sub-5_ses-02_task-imagery_run-02_eeg.edf	1250	True		sub-05	V	s	s	0	sub-05/ses-02/eeg/sub-05_ses-02_task-MotorImageryRest_run-02_eeg.vhdr	8617b83956c1235d620c40e89afdbb41175fb7a3efd5963ba0c7dfb36068428d	True	unresolved	unresolved
sub-5	02	02	sub-5/ses-02/run-02/tsv-row-30	30	right_hand	2	210.812	5.0	52703	53953	sub-5/ses-02/eeg/sub-5_ses-02_task-imagery_run-02_eeg.edf	1250	True		sub-05	V	s	s	0	sub-05/ses-02/eeg/sub-05_ses-02_task-MotorImageryRest_run-02_eeg.vhdr	8617b83956c1235d620c40e89afdbb41175fb7a3efd5963ba0c7dfb36068428d	True	unresolved	unresolved
sub-5	02	02	sub-5/ses-02/run-02/tsv-row-31	31	rest	1	217.7	5.0	54425	55675	sub-5/ses-02/eeg/sub-5_ses-02_task-imagery_run-02_eeg.edf	1250	True		sub-05	V	s	s	0	sub-05/ses-02/eeg/sub-05_ses-02_task-MotorImageryRest_run-02_eeg.vhdr	8617b83956c1235d620c40e89afdbb41175fb7a3efd5963ba0c7dfb36068428d	True	unresolved	unresolved
sub-5	02	03	sub-5/ses-02/run-03/tsv-row-1	1	rest	1	5.896	5.0	1474	2724	sub-5/ses-02/eeg/sub-5_ses-02_task-imagery_run-03_eeg.edf	1250	True		sub-05	V	s	s	0	sub-05/ses-02/eeg/sub-05_ses-02_task-MotorImageryRest_run-03_eeg.vhdr	4ec3e26be30a655ebda8c6976631de36e0e1f9081184a75298b8ae4b8eb3b411	True	unresolved	unresolved
sub-5	02	03	sub-5/ses-02/run-03/tsv-row-2	2	right_hand	2	12.784	5.0	3196	4446	sub-5/ses-02/eeg/sub-5_ses-02_task-imagery_run-03_eeg.edf	1250	True		sub-05	V	s	s	0	sub-05/ses-02/eeg/sub-05_ses-02_task-MotorImageryRest_run-03_eeg.vhdr	4ec3e26be30a655ebda8c6976631de36e0e1f9081184a75298b8ae4b8eb3b411	True	unresolved	unresolved
sub-5	02	03	sub-5/ses-02/run-03/tsv-row-3	3	right_hand	2	19.688	5.0	4922	6172	sub-5/ses-02/eeg/sub-5_ses-02_task-imagery_run-03_eeg.edf	1250	True		sub-05	V	s	s	0	sub-05/ses-02/eeg/sub-05_ses-02_task-MotorImageryRest_run-03_eeg.vhdr	4ec3e26be30a655ebda8c6976631de36e0e1f9081184a75298b8ae4b8eb3b411	True	unresolved	unresolved
sub-5	02	03	sub-5/ses-02/run-03/tsv-row-4	4	rest	1	26.576	5.0	6644	7894	sub-5/ses-02/eeg/sub-5_ses-02_task-imagery_run-03_eeg.edf	1250	True		sub-05	V	s	s	0	sub-05/ses-02/eeg/sub-05_ses-02_task-MotorImageryRest_run-03_eeg.vhdr	4ec3e26be30a655ebda8c6976631de36e0e1f9081184a75298b8ae4b8eb3b411	True	unresolved	unresolved
sub-5	02	03	sub-5/ses-02/run-03/tsv-row-5	5	rest	1	33.464	5.0	8366	9616	sub-5/ses-02/eeg/sub-5_ses-02_task-imagery_run-03_eeg.edf	1250	True		sub-05	V	s	s	0	sub-05/ses-02/eeg/sub-05_ses-02_task-MotorImageryRest_run-03_eeg.vhdr	4ec3e26be30a655ebda8c6976631de36e0e1f9081184a75298b8ae4b8eb3b411	True	unresolved	unresolved
sub-5	02	03	sub-5/ses-02/run-03/tsv-row-6	6	right_hand	2	40.348	5.0	10087	11337	sub-5/ses-02/eeg/sub-5_ses-02_task-imagery_run-03_eeg.edf	1250	True		sub-05	V	s	s	0	sub-05/ses-02/eeg/sub-05_ses-02_task-MotorImageryRest_run-03_eeg.vhdr	4ec3e26be30a655ebda8c6976631de36e0e1f9081184a75298b8ae4b8eb3b411	True	unresolved	unresolved
sub-5	02	03	sub-5/ses-02/run-03/tsv-row-7	7	rest	1	47.236	5.0	11809	13059	sub-5/ses-02/eeg/sub-5_ses-02_task-imagery_run-03_eeg.edf	1250	True		sub-05	V	s	s	0	sub-05/ses-02/eeg/sub-05_ses-02_task-MotorImageryRest_run-03_eeg.vhdr	4ec3e26be30a655ebda8c6976631de36e0e1f9081184a75298b8ae4b8eb3b411	True	unresolved	unresolved
sub-5	02	03	sub-5/ses-02/run-03/tsv-row-8	8	right_hand	2	54.12	5.0	13530	14780	sub-5/ses-02/eeg/sub-5_ses-02_task-imagery_run-03_eeg.edf	1250	True		sub-05	V	s	s	0	sub-05/ses-02/eeg/sub-05_ses-02_task-MotorImageryRest_run-03_eeg.vhdr	4ec3e26be30a655ebda8c6976631de36e0e1f9081184a75298b8ae4b8eb3b411	True	unresolved	unresolved
sub-5	02	03	sub-5/ses-02/run-03/tsv-row-9	9	rest	1	61.012	5.0	15253	16503	sub-5/ses-02/eeg/sub-5_ses-02_task-imagery_run-03_eeg.edf	1250	True		sub-05	V	s	s	0	sub-05/ses-02/eeg/sub-05_ses-02_task-MotorImageryRest_run-03_eeg.vhdr	4ec3e26be30a655ebda8c6976631de36e0e1f9081184a75298b8ae4b8eb3b411	True	unresolved	unresolved
sub-5	02	03	sub-5/ses-02/run-03/tsv-row-10	10	right_hand	2	67.896	5.0	16974	18224	sub-5/ses-02/eeg/sub-5_ses-02_task-imagery_run-03_eeg.edf	1250	True		sub-05	V	s	s	0	sub-05/ses-02/eeg/sub-05_ses-02_task-MotorImageryRest_run-03_eeg.vhdr	4ec3e26be30a655ebda8c6976631de36e0e1f9081184a75298b8ae4b8eb3b411	True	unresolved	unresolved
sub-5	02	03	sub-5/ses-02/run-03/tsv-row-11	11	rest	1	74.784	5.0	18696	19946	sub-5/ses-02/eeg/sub-5_ses-02_task-imagery_run-03_eeg.edf	1250	True		sub-05	V	s	s	0	sub-05/ses-02/eeg/sub-05_ses-02_task-MotorImageryRest_run-03_eeg.vhdr	4ec3e26be30a655ebda8c6976631de36e0e1f9081184a75298b8ae4b8eb3b411	True	unresolved	unresolved
sub-5	02	03	sub-5/ses-02/run-03/tsv-row-12	12	right_hand	2	81.684	5.0	20421	21671	sub-5/ses-02/eeg/sub-5_ses-02_task-imagery_run-03_eeg.edf	1250	True		sub-05	V	s	s	0	sub-05/ses-02/eeg/sub-05_ses-02_task-MotorImageryRest_run-03_eeg.vhdr	4ec3e26be30a655ebda8c6976631de36e0e1f9081184a75298b8ae4b8eb3b411	True	unresolved	unresolved
sub-5	02	03	sub-5/ses-02/run-03/tsv-row-13	13	right_hand	2	88.572	5.0	22143	23393	sub-5/ses-02/eeg/sub-5_ses-02_task-imagery_run-03_eeg.edf	1250	True		sub-05	V	s	s	0	sub-05/ses-02/eeg/sub-05_ses-02_task-MotorImageryRest_run-03_eeg.vhdr	4ec3e26be30a655ebda8c6976631de36e0e1f9081184a75298b8ae4b8eb3b411	True	unresolved	unresolved
sub-5	02	03	sub-5/ses-02/run-03/tsv-row-14	14	rest	1	95.444	5.0	23861	25111	sub-5/ses-02/eeg/sub-5_ses-02_task-imagery_run-03_eeg.edf	1250	True		sub-05	V	s	s	0	sub-05/ses-02/eeg/sub-05_ses-02_task-MotorImageryRest_run-03_eeg.vhdr	4ec3e26be30a655ebda8c6976631de36e0e1f9081184a75298b8ae4b8eb3b411	True	unresolved	unresolved
sub-5	02	03	sub-5/ses-02/run-03/tsv-row-15	15	rest	1	102.348	5.0	25587	26837	sub-5/ses-02/eeg/sub-5_ses-02_task-imagery_run-03_eeg.edf	1250	True		sub-05	V	s	s	0	sub-05/ses-02/eeg/sub-05_ses-02_task-MotorImageryRest_run-03_eeg.vhdr	4ec3e26be30a655ebda8c6976631de36e0e1f9081184a75298b8ae4b8eb3b411	True	unresolved	unresolved
sub-5	02	03	sub-5/ses-02/run-03/tsv-row-16	16	right_hand	2	109.232	5.0	27308	28558	sub-5/ses-02/eeg/sub-5_ses-02_task-imagery_run-03_eeg.edf	1250	True		sub-05	V	s	s	0	sub-05/ses-02/eeg/sub-05_ses-02_task-MotorImageryRest_run-03_eeg.vhdr	4ec3e26be30a655ebda8c6976631de36e0e1f9081184a75298b8ae4b8eb3b411	True	unresolved	unresolved
sub-5	02	03	sub-5/ses-02/run-03/tsv-row-17	17	rest	1	116.104	5.0	29026	30276	sub-5/ses-02/eeg/sub-5_ses-02_task-imagery_run-03_eeg.edf	1250	True		sub-05	V	s	s	0	sub-05/ses-02/eeg/sub-05_ses-02_task-MotorImageryRest_run-03_eeg.vhdr	4ec3e26be30a655ebda8c6976631de36e0e1f9081184a75298b8ae4b8eb3b411	True	unresolved	unresolved
sub-5	02	03	sub-5/ses-02/run-03/tsv-row-18	18	right_hand	2	123.004	5.0	30751	32001	sub-5/ses-02/eeg/sub-5_ses-02_task-imagery_run-03_eeg.edf	1250	True		sub-05	V	s	s	0	sub-05/ses-02/eeg/sub-05_ses-02_task-MotorImageryRest_run-03_eeg.vhdr	4ec3e26be30a655ebda8c6976631de36e0e1f9081184a75298b8ae4b8eb3b411	True	unresolved	unresolved
sub-5	02	03	sub-5/ses-02/run-03/tsv-row-19	19	right_hand	2	129.892	5.0	32473	33723	sub-5/ses-02/eeg/sub-5_ses-02_task-imagery_run-03_eeg.edf	1250	True		sub-05	V	s	s	0	sub-05/ses-02/eeg/sub-05_ses-02_task-MotorImageryRest_run-03_eeg.vhdr	4ec3e26be30a655ebda8c6976631de36e0e1f9081184a75298b8ae4b8eb3b411	True	unresolved	unresolved
sub-5	02	03	sub-5/ses-02/run-03/tsv-row-20	20	rest	1	136.78	5.0	34195	35445	sub-5/ses-02/eeg/sub-5_ses-02_task-imagery_run-03_eeg.edf	1250	True		sub-05	V	s	s	0	sub-05/ses-02/eeg/sub-05_ses-02_task-MotorImageryRest_run-03_eeg.vhdr	4ec3e26be30a655ebda8c6976631de36e0e1f9081184a75298b8ae4b8eb3b411	True	unresolved	unresolved
sub-5	02	03	sub-5/ses-02/run-03/tsv-row-21	21	rest	1	143.668	5.0	35917	37167	sub-5/ses-02/eeg/sub-5_ses-02_task-imagery_run-03_eeg.edf	1250	True		sub-05	V	s	s	0	sub-05/ses-02/eeg/sub-05_ses-02_task-MotorImageryRest_run-03_eeg.vhdr	4ec3e26be30a655ebda8c6976631de36e0e1f9081184a75298b8ae4b8eb3b411	True	unresolved	unresolved
sub-5	02	03	sub-5/ses-02/run-03/tsv-row-22	22	right_hand	2	150.552	5.0	37638	38888	sub-5/ses-02/eeg/sub-5_ses-02_task-imagery_run-03_eeg.edf	1250	True		sub-05	V	s	s	0	sub-05/ses-02/eeg/sub-05_ses-02_task-MotorImageryRest_run-03_eeg.vhdr	4ec3e26be30a655ebda8c6976631de36e0e1f9081184a75298b8ae4b8eb3b411	True	unresolved	unresolved
sub-5	02	03	sub-5/ses-02/run-03/tsv-row-23	23	rest	1	157.444	5.0	39361	40611	sub-5/ses-02/eeg/sub-5_ses-02_task-imagery_run-03_eeg.edf	1250	True		sub-05	V	s	s	0	sub-05/ses-02/eeg/sub-05_ses-02_task-MotorImageryRest_run-03_eeg.vhdr	4ec3e26be30a655ebda8c6976631de36e0e1f9081184a75298b8ae4b8eb3b411	True	unresolved	unresolved
sub-5	02	03	sub-5/ses-02/run-03/tsv-row-24	24	right_hand	2	164.328	5.0	41082	42332	sub-5/ses-02/eeg/sub-5_ses-02_task-imagery_run-03_eeg.edf	1250	True		sub-05	V	s	s	0	sub-05/ses-02/eeg/sub-05_ses-02_task-MotorImageryRest_run-03_eeg.vhdr	4ec3e26be30a655ebda8c6976631de36e0e1f9081184a75298b8ae4b8eb3b411	True	unresolved	unresolved
sub-5	02	03	sub-5/ses-02/run-03/tsv-row-25	25	right_hand	2	171.212	5.0	42803	44053	sub-5/ses-02/eeg/sub-5_ses-02_task-imagery_run-03_eeg.edf	1250	True		sub-05	V	s	s	0	sub-05/ses-02/eeg/sub-05_ses-02_task-MotorImageryRest_run-03_eeg.vhdr	4ec3e26be30a655ebda8c6976631de36e0e1f9081184a75298b8ae4b8eb3b411	True	unresolved	unresolved
sub-5	02	03	sub-5/ses-02/run-03/tsv-row-26	26	rest	1	178.104	5.0	44526	45776	sub-5/ses-02/eeg/sub-5_ses-02_task-imagery_run-03_eeg.edf	1250	True		sub-05	V	s	s	0	sub-05/ses-02/eeg/sub-05_ses-02_task-MotorImageryRest_run-03_eeg.vhdr	4ec3e26be30a655ebda8c6976631de36e0e1f9081184a75298b8ae4b8eb3b411	True	unresolved	unresolved
sub-5	02	03	sub-5/ses-02/run-03/tsv-row-27	27	rest	1	184.988	5.0	46247	47497	sub-5/ses-02/eeg/sub-5_ses-02_task-imagery_run-03_eeg.edf	1250	True		sub-05	V	s	s	0	sub-05/ses-02/eeg/sub-05_ses-02_task-MotorImageryRest_run-03_eeg.vhdr	4ec3e26be30a655ebda8c6976631de36e0e1f9081184a75298b8ae4b8eb3b411	True	unresolved	unresolved
sub-5	02	03	sub-5/ses-02/run-03/tsv-row-28	28	right_hand	2	191.892	5.0	47973	49223	sub-5/ses-02/eeg/sub-5_ses-02_task-imagery_run-03_eeg.edf	1250	True		sub-05	V	s	s	0	sub-05/ses-02/eeg/sub-05_ses-02_task-MotorImageryRest_run-03_eeg.vhdr	4ec3e26be30a655ebda8c6976631de36e0e1f9081184a75298b8ae4b8eb3b411	True	unresolved	unresolved
sub-5	02	03	sub-5/ses-02/run-03/tsv-row-29	29	rest	1	198.764	5.0	49691	50941	sub-5/ses-02/eeg/sub-5_ses-02_task-imagery_run-03_eeg.edf	1250	True		sub-05	V	s	s	0	sub-05/ses-02/eeg/sub-05_ses-02_task-MotorImageryRest_run-03_eeg.vhdr	4ec3e26be30a655ebda8c6976631de36e0e1f9081184a75298b8ae4b8eb3b411	True	unresolved	unresolved
sub-5	02	03	sub-5/ses-02/run-03/tsv-row-30	30	right_hand	2	205.648	5.0	51412	52662	sub-5/ses-02/eeg/sub-5_ses-02_task-imagery_run-03_eeg.edf	1250	True		sub-05	V	s	s	0	sub-05/ses-02/eeg/sub-05_ses-02_task-MotorImageryRest_run-03_eeg.vhdr	4ec3e26be30a655ebda8c6976631de36e0e1f9081184a75298b8ae4b8eb3b411	True	unresolved	unresolved
sub-5	02	03	sub-5/ses-02/run-03/tsv-row-31	31	right_hand	2	212.552	5.0	53138	54388	sub-5/ses-02/eeg/sub-5_ses-02_task-imagery_run-03_eeg.edf	1250	True		sub-05	V	s	s	0	sub-05/ses-02/eeg/sub-05_ses-02_task-MotorImageryRest_run-03_eeg.vhdr	4ec3e26be30a655ebda8c6976631de36e0e1f9081184a75298b8ae4b8eb3b411	True	unresolved	unresolved
sub-5	02	03	sub-5/ses-02/run-03/tsv-row-32	32	rest	1	219.44	5.0	54860	56110	sub-5/ses-02/eeg/sub-5_ses-02_task-imagery_run-03_eeg.edf	1250	True		sub-05	V	s	s	0	sub-05/ses-02/eeg/sub-05_ses-02_task-MotorImageryRest_run-03_eeg.vhdr	4ec3e26be30a655ebda8c6976631de36e0e1f9081184a75298b8ae4b8eb3b411	True	unresolved	unresolved
sub-5	02	04	sub-5/ses-02/run-04/tsv-row-1	1	right_hand	2	6.068	5.0	1517	2767	sub-5/ses-02/eeg/sub-5_ses-02_task-imagery_run-04_eeg.edf	1250	True		sub-05	V	s	s	0	sub-05/ses-02/eeg/sub-05_ses-02_task-MotorImageryRest_run-04_eeg.vhdr	752f7a5ffcab47f2f87757ede997a202bdc4016f19492625ca4daed7e7a45a57	True	unresolved	unresolved
sub-5	02	04	sub-5/ses-02/run-04/tsv-row-2	2	rest	1	12.964	5.0	3241	4491	sub-5/ses-02/eeg/sub-5_ses-02_task-imagery_run-04_eeg.edf	1250	True		sub-05	V	s	s	0	sub-05/ses-02/eeg/sub-05_ses-02_task-MotorImageryRest_run-04_eeg.vhdr	752f7a5ffcab47f2f87757ede997a202bdc4016f19492625ca4daed7e7a45a57	True	unresolved	unresolved
sub-5	02	04	sub-5/ses-02/run-04/tsv-row-3	3	right_hand	2	19.848	5.0	4962	6212	sub-5/ses-02/eeg/sub-5_ses-02_task-imagery_run-04_eeg.edf	1250	True		sub-05	V	s	s	0	sub-05/ses-02/eeg/sub-05_ses-02_task-MotorImageryRest_run-04_eeg.vhdr	752f7a5ffcab47f2f87757ede997a202bdc4016f19492625ca4daed7e7a45a57	True	unresolved	unresolved
sub-5	02	04	sub-5/ses-02/run-04/tsv-row-4	4	rest	1	26.736	5.0	6684	7934	sub-5/ses-02/eeg/sub-5_ses-02_task-imagery_run-04_eeg.edf	1250	True		sub-05	V	s	s	0	sub-05/ses-02/eeg/sub-05_ses-02_task-MotorImageryRest_run-04_eeg.vhdr	752f7a5ffcab47f2f87757ede997a202bdc4016f19492625ca4daed7e7a45a57	True	unresolved	unresolved
sub-5	02	04	sub-5/ses-02/run-04/tsv-row-5	5	rest	1	33.64	5.0	8410	9660	sub-5/ses-02/eeg/sub-5_ses-02_task-imagery_run-04_eeg.edf	1250	True		sub-05	V	s	s	0	sub-05/ses-02/eeg/sub-05_ses-02_task-MotorImageryRest_run-04_eeg.vhdr	752f7a5ffcab47f2f87757ede997a202bdc4016f19492625ca4daed7e7a45a57	True	unresolved	unresolved
sub-5	02	04	sub-5/ses-02/run-04/tsv-row-6	6	right_hand	2	40.524	5.0	10131	11381	sub-5/ses-02/eeg/sub-5_ses-02_task-imagery_run-04_eeg.edf	1250	True		sub-05	V	s	s	0	sub-05/ses-02/eeg/sub-05_ses-02_task-MotorImageryRest_run-04_eeg.vhdr	752f7a5ffcab47f2f87757ede997a202bdc4016f19492625ca4daed7e7a45a57	True	unresolved	unresolved
sub-5	02	04	sub-5/ses-02/run-04/tsv-row-7	7	rest	1	47.396	5.0	11849	13099	sub-5/ses-02/eeg/sub-5_ses-02_task-imagery_run-04_eeg.edf	1250	True		sub-05	V	s	s	0	sub-05/ses-02/eeg/sub-05_ses-02_task-MotorImageryRest_run-04_eeg.vhdr	752f7a5ffcab47f2f87757ede997a202bdc4016f19492625ca4daed7e7a45a57	True	unresolved	unresolved
sub-5	02	04	sub-5/ses-02/run-04/tsv-row-8	8	right_hand	2	54.28	5.0	13570	14820	sub-5/ses-02/eeg/sub-5_ses-02_task-imagery_run-04_eeg.edf	1250	True		sub-05	V	s	s	0	sub-05/ses-02/eeg/sub-05_ses-02_task-MotorImageryRest_run-04_eeg.vhdr	752f7a5ffcab47f2f87757ede997a202bdc4016f19492625ca4daed7e7a45a57	True	unresolved	unresolved
sub-5	02	04	sub-5/ses-02/run-04/tsv-row-9	9	rest	1	61.188	5.0	15297	16547	sub-5/ses-02/eeg/sub-5_ses-02_task-imagery_run-04_eeg.edf	1250	True		sub-05	V	s	s	0	sub-05/ses-02/eeg/sub-05_ses-02_task-MotorImageryRest_run-04_eeg.vhdr	752f7a5ffcab47f2f87757ede997a202bdc4016f19492625ca4daed7e7a45a57	True	unresolved	unresolved
sub-5	02	04	sub-5/ses-02/run-04/tsv-row-10	10	right_hand	2	68.072	5.0	17018	18268	sub-5/ses-02/eeg/sub-5_ses-02_task-imagery_run-04_eeg.edf	1250	True		sub-05	V	s	s	0	sub-05/ses-02/eeg/sub-05_ses-02_task-MotorImageryRest_run-04_eeg.vhdr	752f7a5ffcab47f2f87757ede997a202bdc4016f19492625ca4daed7e7a45a57	True	unresolved	unresolved
sub-5	02	04	sub-5/ses-02/run-04/tsv-row-11	11	rest	1	74.944	5.0	18736	19986	sub-5/ses-02/eeg/sub-5_ses-02_task-imagery_run-04_eeg.edf	1250	True		sub-05	V	s	s	0	sub-05/ses-02/eeg/sub-05_ses-02_task-MotorImageryRest_run-04_eeg.vhdr	752f7a5ffcab47f2f87757ede997a202bdc4016f19492625ca4daed7e7a45a57	True	unresolved	unresolved
sub-5	02	04	sub-5/ses-02/run-04/tsv-row-12	12	right_hand	2	81.844	5.0	20461	21711	sub-5/ses-02/eeg/sub-5_ses-02_task-imagery_run-04_eeg.edf	1250	True		sub-05	V	s	s	0	sub-05/ses-02/eeg/sub-05_ses-02_task-MotorImageryRest_run-04_eeg.vhdr	752f7a5ffcab47f2f87757ede997a202bdc4016f19492625ca4daed7e7a45a57	True	unresolved	unresolved
sub-5	02	04	sub-5/ses-02/run-04/tsv-row-13	13	right_hand	2	88.732	5.0	22183	23433	sub-5/ses-02/eeg/sub-5_ses-02_task-imagery_run-04_eeg.edf	1250	True		sub-05	V	s	s	0	sub-05/ses-02/eeg/sub-05_ses-02_task-MotorImageryRest_run-04_eeg.vhdr	752f7a5ffcab47f2f87757ede997a202bdc4016f19492625ca4daed7e7a45a57	True	unresolved	unresolved
sub-5	02	04	sub-5/ses-02/run-04/tsv-row-14	14	rest	1	95.62	5.0	23905	25155	sub-5/ses-02/eeg/sub-5_ses-02_task-imagery_run-04_eeg.edf	1250	True		sub-05	V	s	s	0	sub-05/ses-02/eeg/sub-05_ses-02_task-MotorImageryRest_run-04_eeg.vhdr	752f7a5ffcab47f2f87757ede997a202bdc4016f19492625ca4daed7e7a45a57	True	unresolved	unresolved
sub-5	02	04	sub-5/ses-02/run-04/tsv-row-15	15	rest	1	102.508	5.0	25627	26877	sub-5/ses-02/eeg/sub-5_ses-02_task-imagery_run-04_eeg.edf	1250	True		sub-05	V	s	s	0	sub-05/ses-02/eeg/sub-05_ses-02_task-MotorImageryRest_run-04_eeg.vhdr	752f7a5ffcab47f2f87757ede997a202bdc4016f19492625ca4daed7e7a45a57	True	unresolved	unresolved
sub-5	02	04	sub-5/ses-02/run-04/tsv-row-16	16	right_hand	2	109.392	5.0	27348	28598	sub-5/ses-02/eeg/sub-5_ses-02_task-imagery_run-04_eeg.edf	1250	True		sub-05	V	s	s	0	sub-05/ses-02/eeg/sub-05_ses-02_task-MotorImageryRest_run-04_eeg.vhdr	752f7a5ffcab47f2f87757ede997a202bdc4016f19492625ca4daed7e7a45a57	True	unresolved	unresolved
sub-5	02	04	sub-5/ses-02/run-04/tsv-row-17	17	right_hand	2	116.296	5.0	29074	30324	sub-5/ses-02/eeg/sub-5_ses-02_task-imagery_run-04_eeg.edf	1250	True		sub-05	V	s	s	0	sub-05/ses-02/eeg/sub-05_ses-02_task-MotorImageryRest_run-04_eeg.vhdr	752f7a5ffcab47f2f87757ede997a202bdc4016f19492625ca4daed7e7a45a57	True	unresolved	unresolved
sub-5	02	04	sub-5/ses-02/run-04/tsv-row-18	18	rest	1	123.184	5.0	30796	32046	sub-5/ses-02/eeg/sub-5_ses-02_task-imagery_run-04_eeg.edf	1250	True		sub-05	V	s	s	0	sub-05/ses-02/eeg/sub-05_ses-02_task-MotorImageryRest_run-04_eeg.vhdr	752f7a5ffcab47f2f87757ede997a202bdc4016f19492625ca4daed7e7a45a57	True	unresolved	unresolved
sub-5	02	04	sub-5/ses-02/run-04/tsv-row-19	19	rest	1	130.072	5.0	32518	33768	sub-5/ses-02/eeg/sub-5_ses-02_task-imagery_run-04_eeg.edf	1250	True		sub-05	V	s	s	0	sub-05/ses-02/eeg/sub-05_ses-02_task-MotorImageryRest_run-04_eeg.vhdr	752f7a5ffcab47f2f87757ede997a202bdc4016f19492625ca4daed7e7a45a57	True	unresolved	unresolved
sub-5	02	04	sub-5/ses-02/run-04/tsv-row-20	20	right_hand	2	136.94	5.0	34235	35485	sub-5/ses-02/eeg/sub-5_ses-02_task-imagery_run-04_eeg.edf	1250	True		sub-05	V	s	s	0	sub-05/ses-02/eeg/sub-05_ses-02_task-MotorImageryRest_run-04_eeg.vhdr	752f7a5ffcab47f2f87757ede997a202bdc4016f19492625ca4daed7e7a45a57	True	unresolved	unresolved
sub-5	02	04	sub-5/ses-02/run-04/tsv-row-21	21	right_hand	2	143.84	5.0	35960	37210	sub-5/ses-02/eeg/sub-5_ses-02_task-imagery_run-04_eeg.edf	1250	True		sub-05	V	s	s	0	sub-05/ses-02/eeg/sub-05_ses-02_task-MotorImageryRest_run-04_eeg.vhdr	752f7a5ffcab47f2f87757ede997a202bdc4016f19492625ca4daed7e7a45a57	True	unresolved	unresolved
sub-5	02	04	sub-5/ses-02/run-04/tsv-row-22	22	rest	1	150.732	5.0	37683	38933	sub-5/ses-02/eeg/sub-5_ses-02_task-imagery_run-04_eeg.edf	1250	True		sub-05	V	s	s	0	sub-05/ses-02/eeg/sub-05_ses-02_task-MotorImageryRest_run-04_eeg.vhdr	752f7a5ffcab47f2f87757ede997a202bdc4016f19492625ca4daed7e7a45a57	True	unresolved	unresolved
sub-5	02	04	sub-5/ses-02/run-04/tsv-row-23	23	rest	1	157.6	5.0	39400	40650	sub-5/ses-02/eeg/sub-5_ses-02_task-imagery_run-04_eeg.edf	1250	True		sub-05	V	s	s	0	sub-05/ses-02/eeg/sub-05_ses-02_task-MotorImageryRest_run-04_eeg.vhdr	752f7a5ffcab47f2f87757ede997a202bdc4016f19492625ca4daed7e7a45a57	True	unresolved	unresolved
sub-5	02	04	sub-5/ses-02/run-04/tsv-row-24	24	right_hand	2	164.504	5.0	41126	42376	sub-5/ses-02/eeg/sub-5_ses-02_task-imagery_run-04_eeg.edf	1250	True		sub-05	V	s	s	0	sub-05/ses-02/eeg/sub-05_ses-02_task-MotorImageryRest_run-04_eeg.vhdr	752f7a5ffcab47f2f87757ede997a202bdc4016f19492625ca4daed7e7a45a57	True	unresolved	unresolved
sub-5	02	04	sub-5/ses-02/run-04/tsv-row-25	25	right_hand	2	171.388	5.0	42847	44097	sub-5/ses-02/eeg/sub-5_ses-02_task-imagery_run-04_eeg.edf	1250	True		sub-05	V	s	s	0	sub-05/ses-02/eeg/sub-05_ses-02_task-MotorImageryRest_run-04_eeg.vhdr	752f7a5ffcab47f2f87757ede997a202bdc4016f19492625ca4daed7e7a45a57	True	unresolved	unresolved
sub-5	02	04	sub-5/ses-02/run-04/tsv-row-26	26	rest	1	178.28	5.0	44570	45820	sub-5/ses-02/eeg/sub-5_ses-02_task-imagery_run-04_eeg.edf	1250	True		sub-05	V	s	s	0	sub-05/ses-02/eeg/sub-05_ses-02_task-MotorImageryRest_run-04_eeg.vhdr	752f7a5ffcab47f2f87757ede997a202bdc4016f19492625ca4daed7e7a45a57	True	unresolved	unresolved
sub-5	02	04	sub-5/ses-02/run-04/tsv-row-27	27	rest	1	185.148	5.0	46287	47537	sub-5/ses-02/eeg/sub-5_ses-02_task-imagery_run-04_eeg.edf	1250	True		sub-05	V	s	s	0	sub-05/ses-02/eeg/sub-05_ses-02_task-MotorImageryRest_run-04_eeg.vhdr	752f7a5ffcab47f2f87757ede997a202bdc4016f19492625ca4daed7e7a45a57	True	unresolved	unresolved
sub-5	02	04	sub-5/ses-02/run-04/tsv-row-28	28	right_hand	2	192.048	5.0	48012	49262	sub-5/ses-02/eeg/sub-5_ses-02_task-imagery_run-04_eeg.edf	1250	True		sub-05	V	s	s	0	sub-05/ses-02/eeg/sub-05_ses-02_task-MotorImageryRest_run-04_eeg.vhdr	752f7a5ffcab47f2f87757ede997a202bdc4016f19492625ca4daed7e7a45a57	True	unresolved	unresolved
sub-5	02	04	sub-5/ses-02/run-04/tsv-row-29	29	right_hand	2	198.936	5.0	49734	50984	sub-5/ses-02/eeg/sub-5_ses-02_task-imagery_run-04_eeg.edf	1250	True		sub-05	V	s	s	0	sub-05/ses-02/eeg/sub-05_ses-02_task-MotorImageryRest_run-04_eeg.vhdr	752f7a5ffcab47f2f87757ede997a202bdc4016f19492625ca4daed7e7a45a57	True	unresolved	unresolved
sub-5	02	04	sub-5/ses-02/run-04/tsv-row-30	30	rest	1	205.824	5.0	51456	52706	sub-5/ses-02/eeg/sub-5_ses-02_task-imagery_run-04_eeg.edf	1250	True		sub-05	V	s	s	0	sub-05/ses-02/eeg/sub-05_ses-02_task-MotorImageryRest_run-04_eeg.vhdr	752f7a5ffcab47f2f87757ede997a202bdc4016f19492625ca4daed7e7a45a57	True	unresolved	unresolved
sub-5	02	04	sub-5/ses-02/run-04/tsv-row-31	31	right_hand	2	212.708	5.0	53177	54427	sub-5/ses-02/eeg/sub-5_ses-02_task-imagery_run-04_eeg.edf	1250	True		sub-05	V	s	s	0	sub-05/ses-02/eeg/sub-05_ses-02_task-MotorImageryRest_run-04_eeg.vhdr	752f7a5ffcab47f2f87757ede997a202bdc4016f19492625ca4daed7e7a45a57	True	unresolved	unresolved
sub-5	02	04	sub-5/ses-02/run-04/tsv-row-32	32	rest	1	219.6	5.0	54900	56150	sub-5/ses-02/eeg/sub-5_ses-02_task-imagery_run-04_eeg.edf	1250	True		sub-05	V	s	s	0	sub-05/ses-02/eeg/sub-05_ses-02_task-MotorImageryRest_run-04_eeg.vhdr	752f7a5ffcab47f2f87757ede997a202bdc4016f19492625ca4daed7e7a45a57	True	unresolved	unresolved
sub-5	02	05	sub-5/ses-02/run-05/tsv-row-1	1	right_hand	2	3.528	5.0	882	2132	sub-5/ses-02/eeg/sub-5_ses-02_task-imagery_run-05_eeg.edf	1250	True		sub-05	V	s	s	0	sub-05/ses-02/eeg/sub-05_ses-02_task-MotorImageryRest_run-05_eeg.vhdr	64b52d82eedc0883e548ad7699e2a06898fcb6ef27b11d6b2fb3ee1431ee06e2	True	unresolved	unresolved
sub-5	02	05	sub-5/ses-02/run-05/tsv-row-2	2	rest	1	10.404	5.0	2601	3851	sub-5/ses-02/eeg/sub-5_ses-02_task-imagery_run-05_eeg.edf	1250	True		sub-05	V	s	s	0	sub-05/ses-02/eeg/sub-05_ses-02_task-MotorImageryRest_run-05_eeg.vhdr	64b52d82eedc0883e548ad7699e2a06898fcb6ef27b11d6b2fb3ee1431ee06e2	True	unresolved	unresolved
sub-5	02	05	sub-5/ses-02/run-05/tsv-row-3	3	rest	1	17.308	5.0	4327	5577	sub-5/ses-02/eeg/sub-5_ses-02_task-imagery_run-05_eeg.edf	1250	True		sub-05	V	s	s	0	sub-05/ses-02/eeg/sub-05_ses-02_task-MotorImageryRest_run-05_eeg.vhdr	64b52d82eedc0883e548ad7699e2a06898fcb6ef27b11d6b2fb3ee1431ee06e2	True	unresolved	unresolved
sub-5	02	05	sub-5/ses-02/run-05/tsv-row-4	4	right_hand	2	24.192	5.0	6048	7298	sub-5/ses-02/eeg/sub-5_ses-02_task-imagery_run-05_eeg.edf	1250	True		sub-05	V	s	s	0	sub-05/ses-02/eeg/sub-05_ses-02_task-MotorImageryRest_run-05_eeg.vhdr	64b52d82eedc0883e548ad7699e2a06898fcb6ef27b11d6b2fb3ee1431ee06e2	True	unresolved	unresolved
sub-5	02	05	sub-5/ses-02/run-05/tsv-row-5	5	rest	1	31.068	5.0	7767	9017	sub-5/ses-02/eeg/sub-5_ses-02_task-imagery_run-05_eeg.edf	1250	True		sub-05	V	s	s	0	sub-05/ses-02/eeg/sub-05_ses-02_task-MotorImageryRest_run-05_eeg.vhdr	64b52d82eedc0883e548ad7699e2a06898fcb6ef27b11d6b2fb3ee1431ee06e2	True	unresolved	unresolved
sub-5	02	05	sub-5/ses-02/run-05/tsv-row-6	6	right_hand	2	37.968	5.0	9492	10742	sub-5/ses-02/eeg/sub-5_ses-02_task-imagery_run-05_eeg.edf	1250	True		sub-05	V	s	s	0	sub-05/ses-02/eeg/sub-05_ses-02_task-MotorImageryRest_run-05_eeg.vhdr	64b52d82eedc0883e548ad7699e2a06898fcb6ef27b11d6b2fb3ee1431ee06e2	True	unresolved	unresolved
sub-5	02	05	sub-5/ses-02/run-05/tsv-row-7	7	rest	1	44.856	5.0	11214	12464	sub-5/ses-02/eeg/sub-5_ses-02_task-imagery_run-05_eeg.edf	1250	True		sub-05	V	s	s	0	sub-05/ses-02/eeg/sub-05_ses-02_task-MotorImageryRest_run-05_eeg.vhdr	64b52d82eedc0883e548ad7699e2a06898fcb6ef27b11d6b2fb3ee1431ee06e2	True	unresolved	unresolved
sub-5	02	05	sub-5/ses-02/run-05/tsv-row-8	8	right_hand	2	51.74	5.0	12935	14185	sub-5/ses-02/eeg/sub-5_ses-02_task-imagery_run-05_eeg.edf	1250	True		sub-05	V	s	s	0	sub-05/ses-02/eeg/sub-05_ses-02_task-MotorImageryRest_run-05_eeg.vhdr	64b52d82eedc0883e548ad7699e2a06898fcb6ef27b11d6b2fb3ee1431ee06e2	True	unresolved	unresolved
sub-5	02	05	sub-5/ses-02/run-05/tsv-row-9	9	rest	1	58.628	5.0	14657	15907	sub-5/ses-02/eeg/sub-5_ses-02_task-imagery_run-05_eeg.edf	1250	True		sub-05	V	s	s	0	sub-05/ses-02/eeg/sub-05_ses-02_task-MotorImageryRest_run-05_eeg.vhdr	64b52d82eedc0883e548ad7699e2a06898fcb6ef27b11d6b2fb3ee1431ee06e2	True	unresolved	unresolved
sub-5	02	05	sub-5/ses-02/run-05/tsv-row-10	10	right_hand	2	65.516	5.0	16379	17629	sub-5/ses-02/eeg/sub-5_ses-02_task-imagery_run-05_eeg.edf	1250	True		sub-05	V	s	s	0	sub-05/ses-02/eeg/sub-05_ses-02_task-MotorImageryRest_run-05_eeg.vhdr	64b52d82eedc0883e548ad7699e2a06898fcb6ef27b11d6b2fb3ee1431ee06e2	True	unresolved	unresolved
sub-5	02	05	sub-5/ses-02/run-05/tsv-row-11	11	right_hand	2	72.416	5.0	18104	19354	sub-5/ses-02/eeg/sub-5_ses-02_task-imagery_run-05_eeg.edf	1250	True		sub-05	V	s	s	0	sub-05/ses-02/eeg/sub-05_ses-02_task-MotorImageryRest_run-05_eeg.vhdr	64b52d82eedc0883e548ad7699e2a06898fcb6ef27b11d6b2fb3ee1431ee06e2	True	unresolved	unresolved
sub-5	02	05	sub-5/ses-02/run-05/tsv-row-12	12	rest	1	79.308	5.0	19827	21077	sub-5/ses-02/eeg/sub-5_ses-02_task-imagery_run-05_eeg.edf	1250	True		sub-05	V	s	s	0	sub-05/ses-02/eeg/sub-05_ses-02_task-MotorImageryRest_run-05_eeg.vhdr	64b52d82eedc0883e548ad7699e2a06898fcb6ef27b11d6b2fb3ee1431ee06e2	True	unresolved	unresolved
sub-5	02	05	sub-5/ses-02/run-05/tsv-row-13	13	right_hand	2	86.176	5.0	21544	22794	sub-5/ses-02/eeg/sub-5_ses-02_task-imagery_run-05_eeg.edf	1250	True		sub-05	V	s	s	0	sub-05/ses-02/eeg/sub-05_ses-02_task-MotorImageryRest_run-05_eeg.vhdr	64b52d82eedc0883e548ad7699e2a06898fcb6ef27b11d6b2fb3ee1431ee06e2	True	unresolved	unresolved
sub-5	02	05	sub-5/ses-02/run-05/tsv-row-14	14	rest	1	93.064	5.0	23266	24516	sub-5/ses-02/eeg/sub-5_ses-02_task-imagery_run-05_eeg.edf	1250	True		sub-05	V	s	s	0	sub-05/ses-02/eeg/sub-05_ses-02_task-MotorImageryRest_run-05_eeg.vhdr	64b52d82eedc0883e548ad7699e2a06898fcb6ef27b11d6b2fb3ee1431ee06e2	True	unresolved	unresolved
sub-5	02	05	sub-5/ses-02/run-05/tsv-row-15	15	rest	1	99.968	5.0	24992	26242	sub-5/ses-02/eeg/sub-5_ses-02_task-imagery_run-05_eeg.edf	1250	True		sub-05	V	s	s	0	sub-05/ses-02/eeg/sub-05_ses-02_task-MotorImageryRest_run-05_eeg.vhdr	64b52d82eedc0883e548ad7699e2a06898fcb6ef27b11d6b2fb3ee1431ee06e2	True	unresolved	unresolved
sub-5	02	05	sub-5/ses-02/run-05/tsv-row-16	16	right_hand	2	106.852	5.0	26713	27963	sub-5/ses-02/eeg/sub-5_ses-02_task-imagery_run-05_eeg.edf	1250	True		sub-05	V	s	s	0	sub-05/ses-02/eeg/sub-05_ses-02_task-MotorImageryRest_run-05_eeg.vhdr	64b52d82eedc0883e548ad7699e2a06898fcb6ef27b11d6b2fb3ee1431ee06e2	True	unresolved	unresolved
sub-5	02	05	sub-5/ses-02/run-05/tsv-row-17	17	right_hand	2	113.74	5.0	28435	29685	sub-5/ses-02/eeg/sub-5_ses-02_task-imagery_run-05_eeg.edf	1250	True		sub-05	V	s	s	0	sub-05/ses-02/eeg/sub-05_ses-02_task-MotorImageryRest_run-05_eeg.vhdr	64b52d82eedc0883e548ad7699e2a06898fcb6ef27b11d6b2fb3ee1431ee06e2	True	unresolved	unresolved
sub-5	02	05	sub-5/ses-02/run-05/tsv-row-18	18	rest	1	120.628	5.0	30157	31407	sub-5/ses-02/eeg/sub-5_ses-02_task-imagery_run-05_eeg.edf	1250	True		sub-05	V	s	s	0	sub-05/ses-02/eeg/sub-05_ses-02_task-MotorImageryRest_run-05_eeg.vhdr	64b52d82eedc0883e548ad7699e2a06898fcb6ef27b11d6b2fb3ee1431ee06e2	True	unresolved	unresolved
sub-5	02	05	sub-5/ses-02/run-05/tsv-row-19	19	right_hand	2	127.512	5.0	31878	33128	sub-5/ses-02/eeg/sub-5_ses-02_task-imagery_run-05_eeg.edf	1250	True		sub-05	V	s	s	0	sub-05/ses-02/eeg/sub-05_ses-02_task-MotorImageryRest_run-05_eeg.vhdr	64b52d82eedc0883e548ad7699e2a06898fcb6ef27b11d6b2fb3ee1431ee06e2	True	unresolved	unresolved
sub-5	02	05	sub-5/ses-02/run-05/tsv-row-20	20	rest	1	134.4	5.0	33600	34850	sub-5/ses-02/eeg/sub-5_ses-02_task-imagery_run-05_eeg.edf	1250	True		sub-05	V	s	s	0	sub-05/ses-02/eeg/sub-05_ses-02_task-MotorImageryRest_run-05_eeg.vhdr	64b52d82eedc0883e548ad7699e2a06898fcb6ef27b11d6b2fb3ee1431ee06e2	True	unresolved	unresolved
sub-5	02	05	sub-5/ses-02/run-05/tsv-row-21	21	rest	1	141.288	5.0	35322	36572	sub-5/ses-02/eeg/sub-5_ses-02_task-imagery_run-05_eeg.edf	1250	True		sub-05	V	s	s	0	sub-05/ses-02/eeg/sub-05_ses-02_task-MotorImageryRest_run-05_eeg.vhdr	64b52d82eedc0883e548ad7699e2a06898fcb6ef27b11d6b2fb3ee1431ee06e2	True	unresolved	unresolved
sub-5	02	05	sub-5/ses-02/run-05/tsv-row-22	22	right_hand	2	148.172	5.0	37043	38293	sub-5/ses-02/eeg/sub-5_ses-02_task-imagery_run-05_eeg.edf	1250	True		sub-05	V	s	s	0	sub-05/ses-02/eeg/sub-05_ses-02_task-MotorImageryRest_run-05_eeg.vhdr	64b52d82eedc0883e548ad7699e2a06898fcb6ef27b11d6b2fb3ee1431ee06e2	True	unresolved	unresolved
sub-5	02	05	sub-5/ses-02/run-05/tsv-row-23	23	rest	1	155.064	5.0	38766	40016	sub-5/ses-02/eeg/sub-5_ses-02_task-imagery_run-05_eeg.edf	1250	True		sub-05	V	s	s	0	sub-05/ses-02/eeg/sub-05_ses-02_task-MotorImageryRest_run-05_eeg.vhdr	64b52d82eedc0883e548ad7699e2a06898fcb6ef27b11d6b2fb3ee1431ee06e2	True	unresolved	unresolved
sub-5	02	05	sub-5/ses-02/run-05/tsv-row-24	24	right_hand	2	161.948	5.0	40487	41737	sub-5/ses-02/eeg/sub-5_ses-02_task-imagery_run-05_eeg.edf	1250	True		sub-05	V	s	s	0	sub-05/ses-02/eeg/sub-05_ses-02_task-MotorImageryRest_run-05_eeg.vhdr	64b52d82eedc0883e548ad7699e2a06898fcb6ef27b11d6b2fb3ee1431ee06e2	True	unresolved	unresolved
sub-5	02	05	sub-5/ses-02/run-05/tsv-row-25	25	right_hand	2	168.832	5.0	42208	43458	sub-5/ses-02/eeg/sub-5_ses-02_task-imagery_run-05_eeg.edf	1250	True		sub-05	V	s	s	0	sub-05/ses-02/eeg/sub-05_ses-02_task-MotorImageryRest_run-05_eeg.vhdr	64b52d82eedc0883e548ad7699e2a06898fcb6ef27b11d6b2fb3ee1431ee06e2	True	unresolved	unresolved
sub-5	02	05	sub-5/ses-02/run-05/tsv-row-26	26	rest	1	175.724	5.0	43931	45181	sub-5/ses-02/eeg/sub-5_ses-02_task-imagery_run-05_eeg.edf	1250	True		sub-05	V	s	s	0	sub-05/ses-02/eeg/sub-05_ses-02_task-MotorImageryRest_run-05_eeg.vhdr	64b52d82eedc0883e548ad7699e2a06898fcb6ef27b11d6b2fb3ee1431ee06e2	True	unresolved	unresolved
sub-5	02	05	sub-5/ses-02/run-05/tsv-row-27	27	right_hand	2	182.608	5.0	45652	46902	sub-5/ses-02/eeg/sub-5_ses-02_task-imagery_run-05_eeg.edf	1250	True		sub-05	V	s	s	0	sub-05/ses-02/eeg/sub-05_ses-02_task-MotorImageryRest_run-05_eeg.vhdr	64b52d82eedc0883e548ad7699e2a06898fcb6ef27b11d6b2fb3ee1431ee06e2	True	unresolved	unresolved
sub-5	02	05	sub-5/ses-02/run-05/tsv-row-28	28	rest	1	189.512	5.0	47378	48628	sub-5/ses-02/eeg/sub-5_ses-02_task-imagery_run-05_eeg.edf	1250	True		sub-05	V	s	s	0	sub-05/ses-02/eeg/sub-05_ses-02_task-MotorImageryRest_run-05_eeg.vhdr	64b52d82eedc0883e548ad7699e2a06898fcb6ef27b11d6b2fb3ee1431ee06e2	True	unresolved	unresolved
sub-5	02	05	sub-5/ses-02/run-05/tsv-row-29	29	rest	1	196.4	5.0	49100	50350	sub-5/ses-02/eeg/sub-5_ses-02_task-imagery_run-05_eeg.edf	1250	True		sub-05	V	s	s	0	sub-05/ses-02/eeg/sub-05_ses-02_task-MotorImageryRest_run-05_eeg.vhdr	64b52d82eedc0883e548ad7699e2a06898fcb6ef27b11d6b2fb3ee1431ee06e2	True	unresolved	unresolved
sub-5	02	05	sub-5/ses-02/run-05/tsv-row-30	30	right_hand	2	210.972	5.0	52743	53993	sub-5/ses-02/eeg/sub-5_ses-02_task-imagery_run-05_eeg.edf	1250	True		sub-05	V	s	s	0	sub-05/ses-02/eeg/sub-05_ses-02_task-MotorImageryRest_run-05_eeg.vhdr	64b52d82eedc0883e548ad7699e2a06898fcb6ef27b11d6b2fb3ee1431ee06e2	True	unresolved	unresolved
sub-5	02	05	sub-5/ses-02/run-05/tsv-row-31	31	rest	1	217.06	5.0	54265	55515	sub-5/ses-02/eeg/sub-5_ses-02_task-imagery_run-05_eeg.edf	1250	True		sub-05	V	s	s	0	sub-05/ses-02/eeg/sub-05_ses-02_task-MotorImageryRest_run-05_eeg.vhdr	64b52d82eedc0883e548ad7699e2a06898fcb6ef27b11d6b2fb3ee1431ee06e2	True	unresolved	unresolved
sub-5	02	06	sub-5/ses-02/run-06/tsv-row-1	1	right_hand	2	6.576	5.0	1644	2894	sub-5/ses-02/eeg/sub-5_ses-02_task-imagery_run-06_eeg.edf	1250	True		sub-05	V	s	s	0	sub-05/ses-02/eeg/sub-05_ses-02_task-MotorImageryRest_run-06_eeg.vhdr	fd003c9765bfa0b53da409ce0e5d30a4cd16909fbfe36b56719395e9be807854	True	unresolved	unresolved
sub-5	02	06	sub-5/ses-02/run-06/tsv-row-2	2	rest	1	13.468	5.0	3367	4617	sub-5/ses-02/eeg/sub-5_ses-02_task-imagery_run-06_eeg.edf	1250	True		sub-05	V	s	s	0	sub-05/ses-02/eeg/sub-05_ses-02_task-MotorImageryRest_run-06_eeg.vhdr	fd003c9765bfa0b53da409ce0e5d30a4cd16909fbfe36b56719395e9be807854	True	unresolved	unresolved
sub-5	02	06	sub-5/ses-02/run-06/tsv-row-3	3	rest	1	20.372	5.0	5093	6343	sub-5/ses-02/eeg/sub-5_ses-02_task-imagery_run-06_eeg.edf	1250	True		sub-05	V	s	s	0	sub-05/ses-02/eeg/sub-05_ses-02_task-MotorImageryRest_run-06_eeg.vhdr	fd003c9765bfa0b53da409ce0e5d30a4cd16909fbfe36b56719395e9be807854	True	unresolved	unresolved
sub-5	02	06	sub-5/ses-02/run-06/tsv-row-4	4	right_hand	2	27.24	5.0	6810	8060	sub-5/ses-02/eeg/sub-5_ses-02_task-imagery_run-06_eeg.edf	1250	True		sub-05	V	s	s	0	sub-05/ses-02/eeg/sub-05_ses-02_task-MotorImageryRest_run-06_eeg.vhdr	fd003c9765bfa0b53da409ce0e5d30a4cd16909fbfe36b56719395e9be807854	True	unresolved	unresolved
sub-5	02	06	sub-5/ses-02/run-06/tsv-row-5	5	right_hand	2	34.144	5.0	8536	9786	sub-5/ses-02/eeg/sub-5_ses-02_task-imagery_run-06_eeg.edf	1250	True		sub-05	V	s	s	0	sub-05/ses-02/eeg/sub-05_ses-02_task-MotorImageryRest_run-06_eeg.vhdr	fd003c9765bfa0b53da409ce0e5d30a4cd16909fbfe36b56719395e9be807854	True	unresolved	unresolved
sub-5	02	06	sub-5/ses-02/run-06/tsv-row-6	6	rest	1	41.016	5.0	10254	11504	sub-5/ses-02/eeg/sub-5_ses-02_task-imagery_run-06_eeg.edf	1250	True		sub-05	V	s	s	0	sub-05/ses-02/eeg/sub-05_ses-02_task-MotorImageryRest_run-06_eeg.vhdr	fd003c9765bfa0b53da409ce0e5d30a4cd16909fbfe36b56719395e9be807854	True	unresolved	unresolved
sub-5	02	06	sub-5/ses-02/run-06/tsv-row-7	7	right_hand	2	47.9	5.0	11975	13225	sub-5/ses-02/eeg/sub-5_ses-02_task-imagery_run-06_eeg.edf	1250	True		sub-05	V	s	s	0	sub-05/ses-02/eeg/sub-05_ses-02_task-MotorImageryRest_run-06_eeg.vhdr	fd003c9765bfa0b53da409ce0e5d30a4cd16909fbfe36b56719395e9be807854	True	unresolved	unresolved
sub-5	02	06	sub-5/ses-02/run-06/tsv-row-8	8	rest	1	54.804	5.0	13701	14951	sub-5/ses-02/eeg/sub-5_ses-02_task-imagery_run-06_eeg.edf	1250	True		sub-05	V	s	s	0	sub-05/ses-02/eeg/sub-05_ses-02_task-MotorImageryRest_run-06_eeg.vhdr	fd003c9765bfa0b53da409ce0e5d30a4cd16909fbfe36b56719395e9be807854	True	unresolved	unresolved
sub-5	02	06	sub-5/ses-02/run-06/tsv-row-9	9	right_hand	2	61.688	5.0	15422	16672	sub-5/ses-02/eeg/sub-5_ses-02_task-imagery_run-06_eeg.edf	1250	True		sub-05	V	s	s	0	sub-05/ses-02/eeg/sub-05_ses-02_task-MotorImageryRest_run-06_eeg.vhdr	fd003c9765bfa0b53da409ce0e5d30a4cd16909fbfe36b56719395e9be807854	True	unresolved	unresolved
sub-5	02	06	sub-5/ses-02/run-06/tsv-row-10	10	rest	1	68.56	5.0	17140	18390	sub-5/ses-02/eeg/sub-5_ses-02_task-imagery_run-06_eeg.edf	1250	True		sub-05	V	s	s	0	sub-05/ses-02/eeg/sub-05_ses-02_task-MotorImageryRest_run-06_eeg.vhdr	fd003c9765bfa0b53da409ce0e5d30a4cd16909fbfe36b56719395e9be807854	True	unresolved	unresolved
sub-5	02	06	sub-5/ses-02/run-06/tsv-row-11	11	right_hand	2	75.464	5.0	18866	20116	sub-5/ses-02/eeg/sub-5_ses-02_task-imagery_run-06_eeg.edf	1250	True		sub-05	V	s	s	0	sub-05/ses-02/eeg/sub-05_ses-02_task-MotorImageryRest_run-06_eeg.vhdr	fd003c9765bfa0b53da409ce0e5d30a4cd16909fbfe36b56719395e9be807854	True	unresolved	unresolved
sub-5	02	06	sub-5/ses-02/run-06/tsv-row-12	12	rest	1	82.352	5.0	20588	21838	sub-5/ses-02/eeg/sub-5_ses-02_task-imagery_run-06_eeg.edf	1250	True		sub-05	V	s	s	0	sub-05/ses-02/eeg/sub-05_ses-02_task-MotorImageryRest_run-06_eeg.vhdr	fd003c9765bfa0b53da409ce0e5d30a4cd16909fbfe36b56719395e9be807854	True	unresolved	unresolved
sub-5	02	06	sub-5/ses-02/run-06/tsv-row-13	13	right_hand	2	89.236	5.0	22309	23559	sub-5/ses-02/eeg/sub-5_ses-02_task-imagery_run-06_eeg.edf	1250	True		sub-05	V	s	s	0	sub-05/ses-02/eeg/sub-05_ses-02_task-MotorImageryRest_run-06_eeg.vhdr	fd003c9765bfa0b53da409ce0e5d30a4cd16909fbfe36b56719395e9be807854	True	unresolved	unresolved
sub-5	02	06	sub-5/ses-02/run-06/tsv-row-14	14	rest	1	96.124	5.0	24031	25281	sub-5/ses-02/eeg/sub-5_ses-02_task-imagery_run-06_eeg.edf	1250	True		sub-05	V	s	s	0	sub-05/ses-02/eeg/sub-05_ses-02_task-MotorImageryRest_run-06_eeg.vhdr	fd003c9765bfa0b53da409ce0e5d30a4cd16909fbfe36b56719395e9be807854	True	unresolved	unresolved
sub-5	02	06	sub-5/ses-02/run-06/tsv-row-15	15	right_hand	2	103.008	5.0	25752	27002	sub-5/ses-02/eeg/sub-5_ses-02_task-imagery_run-06_eeg.edf	1250	True		sub-05	V	s	s	0	sub-05/ses-02/eeg/sub-05_ses-02_task-MotorImageryRest_run-06_eeg.vhdr	fd003c9765bfa0b53da409ce0e5d30a4cd16909fbfe36b56719395e9be807854	True	unresolved	unresolved
sub-5	02	06	sub-5/ses-02/run-06/tsv-row-16	16	rest	1	109.9	5.0	27475	28725	sub-5/ses-02/eeg/sub-5_ses-02_task-imagery_run-06_eeg.edf	1250	True		sub-05	V	s	s	0	sub-05/ses-02/eeg/sub-05_ses-02_task-MotorImageryRest_run-06_eeg.vhdr	fd003c9765bfa0b53da409ce0e5d30a4cd16909fbfe36b56719395e9be807854	True	unresolved	unresolved
sub-5	02	06	sub-5/ses-02/run-06/tsv-row-17	17	right_hand	2	116.8	5.0	29200	30450	sub-5/ses-02/eeg/sub-5_ses-02_task-imagery_run-06_eeg.edf	1250	True		sub-05	V	s	s	0	sub-05/ses-02/eeg/sub-05_ses-02_task-MotorImageryRest_run-06_eeg.vhdr	fd003c9765bfa0b53da409ce0e5d30a4cd16909fbfe36b56719395e9be807854	True	unresolved	unresolved
sub-5	02	06	sub-5/ses-02/run-06/tsv-row-18	18	rest	1	123.672	5.0	30918	32168	sub-5/ses-02/eeg/sub-5_ses-02_task-imagery_run-06_eeg.edf	1250	True		sub-05	V	s	s	0	sub-05/ses-02/eeg/sub-05_ses-02_task-MotorImageryRest_run-06_eeg.vhdr	fd003c9765bfa0b53da409ce0e5d30a4cd16909fbfe36b56719395e9be807854	True	unresolved	unresolved
sub-5	02	06	sub-5/ses-02/run-06/tsv-row-19	19	right_hand	2	130.556	5.0	32639	33889	sub-5/ses-02/eeg/sub-5_ses-02_task-imagery_run-06_eeg.edf	1250	True		sub-05	V	s	s	0	sub-05/ses-02/eeg/sub-05_ses-02_task-MotorImageryRest_run-06_eeg.vhdr	fd003c9765bfa0b53da409ce0e5d30a4cd16909fbfe36b56719395e9be807854	True	unresolved	unresolved
sub-5	02	06	sub-5/ses-02/run-06/tsv-row-20	20	rest	1	137.448	5.0	34362	35612	sub-5/ses-02/eeg/sub-5_ses-02_task-imagery_run-06_eeg.edf	1250	True		sub-05	V	s	s	0	sub-05/ses-02/eeg/sub-05_ses-02_task-MotorImageryRest_run-06_eeg.vhdr	fd003c9765bfa0b53da409ce0e5d30a4cd16909fbfe36b56719395e9be807854	True	unresolved	unresolved
sub-5	02	06	sub-5/ses-02/run-06/tsv-row-21	21	rest	1	144.352	5.0	36088	37338	sub-5/ses-02/eeg/sub-5_ses-02_task-imagery_run-06_eeg.edf	1250	True		sub-05	V	s	s	0	sub-05/ses-02/eeg/sub-05_ses-02_task-MotorImageryRest_run-06_eeg.vhdr	fd003c9765bfa0b53da409ce0e5d30a4cd16909fbfe36b56719395e9be807854	True	unresolved	unresolved
sub-5	02	06	sub-5/ses-02/run-06/tsv-row-22	22	right_hand	2	151.216	5.0	37804	39054	sub-5/ses-02/eeg/sub-5_ses-02_task-imagery_run-06_eeg.edf	1250	True		sub-05	V	s	s	0	sub-05/ses-02/eeg/sub-05_ses-02_task-MotorImageryRest_run-06_eeg.vhdr	fd003c9765bfa0b53da409ce0e5d30a4cd16909fbfe36b56719395e9be807854	True	unresolved	unresolved
sub-5	02	06	sub-5/ses-02/run-06/tsv-row-23	23	right_hand	2	158.104	5.0	39526	40776	sub-5/ses-02/eeg/sub-5_ses-02_task-imagery_run-06_eeg.edf	1250	True		sub-05	V	s	s	0	sub-05/ses-02/eeg/sub-05_ses-02_task-MotorImageryRest_run-06_eeg.vhdr	fd003c9765bfa0b53da409ce0e5d30a4cd16909fbfe36b56719395e9be807854	True	unresolved	unresolved
sub-5	02	06	sub-5/ses-02/run-06/tsv-row-24	24	rest	1	165.012	5.0	41253	42503	sub-5/ses-02/eeg/sub-5_ses-02_task-imagery_run-06_eeg.edf	1250	True		sub-05	V	s	s	0	sub-05/ses-02/eeg/sub-05_ses-02_task-MotorImageryRest_run-06_eeg.vhdr	fd003c9765bfa0b53da409ce0e5d30a4cd16909fbfe36b56719395e9be807854	True	unresolved	unresolved
sub-5	02	06	sub-5/ses-02/run-06/tsv-row-25	25	right_hand	2	171.896	5.0	42974	44224	sub-5/ses-02/eeg/sub-5_ses-02_task-imagery_run-06_eeg.edf	1250	True		sub-05	V	s	s	0	sub-05/ses-02/eeg/sub-05_ses-02_task-MotorImageryRest_run-06_eeg.vhdr	fd003c9765bfa0b53da409ce0e5d30a4cd16909fbfe36b56719395e9be807854	True	unresolved	unresolved
sub-5	02	06	sub-5/ses-02/run-06/tsv-row-26	26	rest	1	178.768	5.0	44692	45942	sub-5/ses-02/eeg/sub-5_ses-02_task-imagery_run-06_eeg.edf	1250	True		sub-05	V	s	s	0	sub-05/ses-02/eeg/sub-05_ses-02_task-MotorImageryRest_run-06_eeg.vhdr	fd003c9765bfa0b53da409ce0e5d30a4cd16909fbfe36b56719395e9be807854	True	unresolved	unresolved
sub-5	02	06	sub-5/ses-02/run-06/tsv-row-27	27	rest	1	185.672	5.0	46418	47668	sub-5/ses-02/eeg/sub-5_ses-02_task-imagery_run-06_eeg.edf	1250	True		sub-05	V	s	s	0	sub-05/ses-02/eeg/sub-05_ses-02_task-MotorImageryRest_run-06_eeg.vhdr	fd003c9765bfa0b53da409ce0e5d30a4cd16909fbfe36b56719395e9be807854	True	unresolved	unresolved
sub-5	02	06	sub-5/ses-02/run-06/tsv-row-28	28	right_hand	2	192.556	5.0	48139	49389	sub-5/ses-02/eeg/sub-5_ses-02_task-imagery_run-06_eeg.edf	1250	True		sub-05	V	s	s	0	sub-05/ses-02/eeg/sub-05_ses-02_task-MotorImageryRest_run-06_eeg.vhdr	fd003c9765bfa0b53da409ce0e5d30a4cd16909fbfe36b56719395e9be807854	True	unresolved	unresolved
sub-5	02	06	sub-5/ses-02/run-06/tsv-row-29	29	right_hand	2	199.44	5.0	49860	51110	sub-5/ses-02/eeg/sub-5_ses-02_task-imagery_run-06_eeg.edf	1250	True		sub-05	V	s	s	0	sub-05/ses-02/eeg/sub-05_ses-02_task-MotorImageryRest_run-06_eeg.vhdr	fd003c9765bfa0b53da409ce0e5d30a4cd16909fbfe36b56719395e9be807854	True	unresolved	unresolved
sub-5	02	06	sub-5/ses-02/run-06/tsv-row-30	30	rest	1	206.332	5.0	51583	52833	sub-5/ses-02/eeg/sub-5_ses-02_task-imagery_run-06_eeg.edf	1250	True		sub-05	V	s	s	0	sub-05/ses-02/eeg/sub-05_ses-02_task-MotorImageryRest_run-06_eeg.vhdr	fd003c9765bfa0b53da409ce0e5d30a4cd16909fbfe36b56719395e9be807854	True	unresolved	unresolved
sub-5	02	06	sub-5/ses-02/run-06/tsv-row-31	31	rest	1	213.22	5.0	53305	54555	sub-5/ses-02/eeg/sub-5_ses-02_task-imagery_run-06_eeg.edf	1250	True		sub-05	V	s	s	0	sub-05/ses-02/eeg/sub-05_ses-02_task-MotorImageryRest_run-06_eeg.vhdr	fd003c9765bfa0b53da409ce0e5d30a4cd16909fbfe36b56719395e9be807854	True	unresolved	unresolved
sub-5	02	06	sub-5/ses-02/run-06/tsv-row-32	32	right_hand	2	220.104	5.0	55026	56276	sub-5/ses-02/eeg/sub-5_ses-02_task-imagery_run-06_eeg.edf	1250	True		sub-05	V	s	s	0	sub-05/ses-02/eeg/sub-05_ses-02_task-MotorImageryRest_run-06_eeg.vhdr	fd003c9765bfa0b53da409ce0e5d30a4cd16909fbfe36b56719395e9be807854	True	unresolved	unresolved
sub-5	03	01	sub-5/ses-03/run-01/tsv-row-1	1	right_hand	2	8.872	5.0	2218	3468	sub-5/ses-03/eeg/sub-5_ses-03_task-imagery_run-01_eeg.edf	1250	True		sub-05	V	s	s	0	sub-05/ses-03/eeg/sub-05_ses-03_task-MotorImageryRest_run-01_eeg.vhdr	89cf4be83d33c5c102c73e07a38d6216aa0edb9eedd8f37218460f78aa9d35ff	True	unresolved	unresolved
sub-5	03	01	sub-5/ses-03/run-01/tsv-row-2	2	rest	1	15.716	5.0	3929	5179	sub-5/ses-03/eeg/sub-5_ses-03_task-imagery_run-01_eeg.edf	1250	True		sub-05	V	s	s	0	sub-05/ses-03/eeg/sub-05_ses-03_task-MotorImageryRest_run-01_eeg.vhdr	89cf4be83d33c5c102c73e07a38d6216aa0edb9eedd8f37218460f78aa9d35ff	True	unresolved	unresolved
sub-5	03	01	sub-5/ses-03/run-01/tsv-row-3	3	right_hand	2	22.664	5.0	5666	6916	sub-5/ses-03/eeg/sub-5_ses-03_task-imagery_run-01_eeg.edf	1250	True		sub-05	V	s	s	0	sub-05/ses-03/eeg/sub-05_ses-03_task-MotorImageryRest_run-01_eeg.vhdr	89cf4be83d33c5c102c73e07a38d6216aa0edb9eedd8f37218460f78aa9d35ff	True	unresolved	unresolved
sub-5	03	01	sub-5/ses-03/run-01/tsv-row-4	4	rest	1	29.516	5.0	7379	8629	sub-5/ses-03/eeg/sub-5_ses-03_task-imagery_run-01_eeg.edf	1250	True		sub-05	V	s	s	0	sub-05/ses-03/eeg/sub-05_ses-03_task-MotorImageryRest_run-01_eeg.vhdr	89cf4be83d33c5c102c73e07a38d6216aa0edb9eedd8f37218460f78aa9d35ff	True	unresolved	unresolved
sub-5	03	01	sub-5/ses-03/run-01/tsv-row-5	5	rest	1	36.46	5.0	9115	10365	sub-5/ses-03/eeg/sub-5_ses-03_task-imagery_run-01_eeg.edf	1250	True		sub-05	V	s	s	0	sub-05/ses-03/eeg/sub-05_ses-03_task-MotorImageryRest_run-01_eeg.vhdr	89cf4be83d33c5c102c73e07a38d6216aa0edb9eedd8f37218460f78aa9d35ff	True	unresolved	unresolved
sub-5	03	01	sub-5/ses-03/run-01/tsv-row-6	6	right_hand	2	43.364	5.0	10841	12091	sub-5/ses-03/eeg/sub-5_ses-03_task-imagery_run-01_eeg.edf	1250	True		sub-05	V	s	s	0	sub-05/ses-03/eeg/sub-05_ses-03_task-MotorImageryRest_run-01_eeg.vhdr	89cf4be83d33c5c102c73e07a38d6216aa0edb9eedd8f37218460f78aa9d35ff	True	unresolved	unresolved
sub-5	03	01	sub-5/ses-03/run-01/tsv-row-7	7	right_hand	2	50.24	5.0	12560	13810	sub-5/ses-03/eeg/sub-5_ses-03_task-imagery_run-01_eeg.edf	1250	True		sub-05	V	s	s	0	sub-05/ses-03/eeg/sub-05_ses-03_task-MotorImageryRest_run-01_eeg.vhdr	89cf4be83d33c5c102c73e07a38d6216aa0edb9eedd8f37218460f78aa9d35ff	True	unresolved	unresolved
sub-5	03	01	sub-5/ses-03/run-01/tsv-row-8	8	rest	1	57.064	5.0	14266	15516	sub-5/ses-03/eeg/sub-5_ses-03_task-imagery_run-01_eeg.edf	1250	True		sub-05	V	s	s	0	sub-05/ses-03/eeg/sub-05_ses-03_task-MotorImageryRest_run-01_eeg.vhdr	89cf4be83d33c5c102c73e07a38d6216aa0edb9eedd8f37218460f78aa9d35ff	True	unresolved	unresolved
sub-5	03	01	sub-5/ses-03/run-01/tsv-row-9	9	right_hand	2	64.064	5.0	16016	17266	sub-5/ses-03/eeg/sub-5_ses-03_task-imagery_run-01_eeg.edf	1250	True		sub-05	V	s	s	0	sub-05/ses-03/eeg/sub-05_ses-03_task-MotorImageryRest_run-01_eeg.vhdr	89cf4be83d33c5c102c73e07a38d6216aa0edb9eedd8f37218460f78aa9d35ff	True	unresolved	unresolved
sub-5	03	01	sub-5/ses-03/run-01/tsv-row-10	10	rest	1	70.936	5.0	17734	18984	sub-5/ses-03/eeg/sub-5_ses-03_task-imagery_run-01_eeg.edf	1250	True		sub-05	V	s	s	0	sub-05/ses-03/eeg/sub-05_ses-03_task-MotorImageryRest_run-01_eeg.vhdr	89cf4be83d33c5c102c73e07a38d6216aa0edb9eedd8f37218460f78aa9d35ff	True	unresolved	unresolved
sub-5	03	01	sub-5/ses-03/run-01/tsv-row-11	11	rest	1	77.812	5.0	19453	20703	sub-5/ses-03/eeg/sub-5_ses-03_task-imagery_run-01_eeg.edf	1250	True		sub-05	V	s	s	0	sub-05/ses-03/eeg/sub-05_ses-03_task-MotorImageryRest_run-01_eeg.vhdr	89cf4be83d33c5c102c73e07a38d6216aa0edb9eedd8f37218460f78aa9d35ff	True	unresolved	unresolved
sub-5	03	01	sub-5/ses-03/run-01/tsv-row-12	12	right_hand	2	84.544	5.0	21136	22386	sub-5/ses-03/eeg/sub-5_ses-03_task-imagery_run-01_eeg.edf	1250	True		sub-05	V	s	s	0	sub-05/ses-03/eeg/sub-05_ses-03_task-MotorImageryRest_run-01_eeg.vhdr	89cf4be83d33c5c102c73e07a38d6216aa0edb9eedd8f37218460f78aa9d35ff	True	unresolved	unresolved
sub-5	03	01	sub-5/ses-03/run-01/tsv-row-13	13	right_hand	2	91.564	5.0	22891	24141	sub-5/ses-03/eeg/sub-5_ses-03_task-imagery_run-01_eeg.edf	1250	True		sub-05	V	s	s	0	sub-05/ses-03/eeg/sub-05_ses-03_task-MotorImageryRest_run-01_eeg.vhdr	89cf4be83d33c5c102c73e07a38d6216aa0edb9eedd8f37218460f78aa9d35ff	True	unresolved	unresolved
sub-5	03	01	sub-5/ses-03/run-01/tsv-row-14	14	rest	1	98.532	5.0	24633	25883	sub-5/ses-03/eeg/sub-5_ses-03_task-imagery_run-01_eeg.edf	1250	True		sub-05	V	s	s	0	sub-05/ses-03/eeg/sub-05_ses-03_task-MotorImageryRest_run-01_eeg.vhdr	89cf4be83d33c5c102c73e07a38d6216aa0edb9eedd8f37218460f78aa9d35ff	True	unresolved	unresolved
sub-5	03	01	sub-5/ses-03/run-01/tsv-row-15	15	rest	1	105.376	5.0	26344	27594	sub-5/ses-03/eeg/sub-5_ses-03_task-imagery_run-01_eeg.edf	1250	True		sub-05	V	s	s	0	sub-05/ses-03/eeg/sub-05_ses-03_task-MotorImageryRest_run-01_eeg.vhdr	89cf4be83d33c5c102c73e07a38d6216aa0edb9eedd8f37218460f78aa9d35ff	True	unresolved	unresolved
sub-5	03	01	sub-5/ses-03/run-01/tsv-row-16	16	right_hand	2	112.252	5.0	28063	29313	sub-5/ses-03/eeg/sub-5_ses-03_task-imagery_run-01_eeg.edf	1250	True		sub-05	V	s	s	0	sub-05/ses-03/eeg/sub-05_ses-03_task-MotorImageryRest_run-01_eeg.vhdr	89cf4be83d33c5c102c73e07a38d6216aa0edb9eedd8f37218460f78aa9d35ff	True	unresolved	unresolved
sub-5	03	01	sub-5/ses-03/run-01/tsv-row-17	17	right_hand	2	119.128	5.0	29782	31032	sub-5/ses-03/eeg/sub-5_ses-03_task-imagery_run-01_eeg.edf	1250	True		sub-05	V	s	s	0	sub-05/ses-03/eeg/sub-05_ses-03_task-MotorImageryRest_run-01_eeg.vhdr	89cf4be83d33c5c102c73e07a38d6216aa0edb9eedd8f37218460f78aa9d35ff	True	unresolved	unresolved
sub-5	03	01	sub-5/ses-03/run-01/tsv-row-18	18	rest	1	125.932	5.0	31483	32733	sub-5/ses-03/eeg/sub-5_ses-03_task-imagery_run-01_eeg.edf	1250	True		sub-05	V	s	s	0	sub-05/ses-03/eeg/sub-05_ses-03_task-MotorImageryRest_run-01_eeg.vhdr	89cf4be83d33c5c102c73e07a38d6216aa0edb9eedd8f37218460f78aa9d35ff	True	unresolved	unresolved
sub-5	03	01	sub-5/ses-03/run-01/tsv-row-19	19	rest	1	132.88	5.0	33220	34470	sub-5/ses-03/eeg/sub-5_ses-03_task-imagery_run-01_eeg.edf	1250	True		sub-05	V	s	s	0	sub-05/ses-03/eeg/sub-05_ses-03_task-MotorImageryRest_run-01_eeg.vhdr	89cf4be83d33c5c102c73e07a38d6216aa0edb9eedd8f37218460f78aa9d35ff	True	unresolved	unresolved
sub-5	03	01	sub-5/ses-03/run-01/tsv-row-20	20	right_hand	2	139.828	5.0	34957	36207	sub-5/ses-03/eeg/sub-5_ses-03_task-imagery_run-01_eeg.edf	1250	True		sub-05	V	s	s	0	sub-05/ses-03/eeg/sub-05_ses-03_task-MotorImageryRest_run-01_eeg.vhdr	89cf4be83d33c5c102c73e07a38d6216aa0edb9eedd8f37218460f78aa9d35ff	True	unresolved	unresolved
sub-5	03	01	sub-5/ses-03/run-01/tsv-row-21	21	rest	1	146.632	5.0	36658	37908	sub-5/ses-03/eeg/sub-5_ses-03_task-imagery_run-01_eeg.edf	1250	True		sub-05	V	s	s	0	sub-05/ses-03/eeg/sub-05_ses-03_task-MotorImageryRest_run-01_eeg.vhdr	89cf4be83d33c5c102c73e07a38d6216aa0edb9eedd8f37218460f78aa9d35ff	True	unresolved	unresolved
sub-5	03	01	sub-5/ses-03/run-01/tsv-row-22	22	right_hand	2	153.684	5.0	38421	39671	sub-5/ses-03/eeg/sub-5_ses-03_task-imagery_run-01_eeg.edf	1250	True		sub-05	V	s	s	0	sub-05/ses-03/eeg/sub-05_ses-03_task-MotorImageryRest_run-01_eeg.vhdr	89cf4be83d33c5c102c73e07a38d6216aa0edb9eedd8f37218460f78aa9d35ff	True	unresolved	unresolved
sub-5	03	01	sub-5/ses-03/run-01/tsv-row-23	23	right_hand	2	160.488	5.0	40122	41372	sub-5/ses-03/eeg/sub-5_ses-03_task-imagery_run-01_eeg.edf	1250	True		sub-05	V	s	s	0	sub-05/ses-03/eeg/sub-05_ses-03_task-MotorImageryRest_run-01_eeg.vhdr	89cf4be83d33c5c102c73e07a38d6216aa0edb9eedd8f37218460f78aa9d35ff	True	unresolved	unresolved
sub-5	03	01	sub-5/ses-03/run-01/tsv-row-24	24	rest	1	167.364	5.0	41841	43091	sub-5/ses-03/eeg/sub-5_ses-03_task-imagery_run-01_eeg.edf	1250	True		sub-05	V	s	s	0	sub-05/ses-03/eeg/sub-05_ses-03_task-MotorImageryRest_run-01_eeg.vhdr	89cf4be83d33c5c102c73e07a38d6216aa0edb9eedd8f37218460f78aa9d35ff	True	unresolved	unresolved
sub-5	03	01	sub-5/ses-03/run-01/tsv-row-25	25	rest	1	174.216	5.0	43554	44804	sub-5/ses-03/eeg/sub-5_ses-03_task-imagery_run-01_eeg.edf	1250	True		sub-05	V	s	s	0	sub-05/ses-03/eeg/sub-05_ses-03_task-MotorImageryRest_run-01_eeg.vhdr	89cf4be83d33c5c102c73e07a38d6216aa0edb9eedd8f37218460f78aa9d35ff	True	unresolved	unresolved
sub-5	03	01	sub-5/ses-03/run-01/tsv-row-26	26	right_hand	2	181.044	5.0	45261	46511	sub-5/ses-03/eeg/sub-5_ses-03_task-imagery_run-01_eeg.edf	1250	True		sub-05	V	s	s	0	sub-05/ses-03/eeg/sub-05_ses-03_task-MotorImageryRest_run-01_eeg.vhdr	89cf4be83d33c5c102c73e07a38d6216aa0edb9eedd8f37218460f78aa9d35ff	True	unresolved	unresolved
sub-5	03	01	sub-5/ses-03/run-01/tsv-row-27	27	rest	1	187.904	5.0	46976	48226	sub-5/ses-03/eeg/sub-5_ses-03_task-imagery_run-01_eeg.edf	1250	True		sub-05	V	s	s	0	sub-05/ses-03/eeg/sub-05_ses-03_task-MotorImageryRest_run-01_eeg.vhdr	89cf4be83d33c5c102c73e07a38d6216aa0edb9eedd8f37218460f78aa9d35ff	True	unresolved	unresolved
sub-5	03	01	sub-5/ses-03/run-01/tsv-row-28	28	right_hand	2	194.864	5.0	48716	49966	sub-5/ses-03/eeg/sub-5_ses-03_task-imagery_run-01_eeg.edf	1250	True		sub-05	V	s	s	0	sub-05/ses-03/eeg/sub-05_ses-03_task-MotorImageryRest_run-01_eeg.vhdr	89cf4be83d33c5c102c73e07a38d6216aa0edb9eedd8f37218460f78aa9d35ff	True	unresolved	unresolved
sub-5	03	01	sub-5/ses-03/run-01/tsv-row-29	29	rest	1	201.716	5.0	50429	51679	sub-5/ses-03/eeg/sub-5_ses-03_task-imagery_run-01_eeg.edf	1250	True		sub-05	V	s	s	0	sub-05/ses-03/eeg/sub-05_ses-03_task-MotorImageryRest_run-01_eeg.vhdr	89cf4be83d33c5c102c73e07a38d6216aa0edb9eedd8f37218460f78aa9d35ff	True	unresolved	unresolved
sub-5	03	01	sub-5/ses-03/run-01/tsv-row-30	30	right_hand	2	208.736	5.0	52184	53434	sub-5/ses-03/eeg/sub-5_ses-03_task-imagery_run-01_eeg.edf	1250	True		sub-05	V	s	s	0	sub-05/ses-03/eeg/sub-05_ses-03_task-MotorImageryRest_run-01_eeg.vhdr	89cf4be83d33c5c102c73e07a38d6216aa0edb9eedd8f37218460f78aa9d35ff	True	unresolved	unresolved
sub-5	03	01	sub-5/ses-03/run-01/tsv-row-31	31	right_hand	2	215.612	5.0	53903	55153	sub-5/ses-03/eeg/sub-5_ses-03_task-imagery_run-01_eeg.edf	1250	True		sub-05	V	s	s	0	sub-05/ses-03/eeg/sub-05_ses-03_task-MotorImageryRest_run-01_eeg.vhdr	89cf4be83d33c5c102c73e07a38d6216aa0edb9eedd8f37218460f78aa9d35ff	True	unresolved	unresolved
sub-5	03	01	sub-5/ses-03/run-01/tsv-row-32	32	rest	1	222.484	5.0	55621	56871	sub-5/ses-03/eeg/sub-5_ses-03_task-imagery_run-01_eeg.edf	1250	True		sub-05	V	s	s	0	sub-05/ses-03/eeg/sub-05_ses-03_task-MotorImageryRest_run-01_eeg.vhdr	89cf4be83d33c5c102c73e07a38d6216aa0edb9eedd8f37218460f78aa9d35ff	True	unresolved	unresolved
sub-5	03	02	sub-5/ses-03/run-02/tsv-row-1	1	rest	1	9.064	5.0	2266	3516	sub-5/ses-03/eeg/sub-5_ses-03_task-imagery_run-02_eeg.edf	1250	True		sub-05	V	s	s	0	sub-05/ses-03/eeg/sub-05_ses-03_task-MotorImageryRest_run-02_eeg.vhdr	06a138664763c9efbbc1bddb680e669f13d15494aec90662b72381a17d07f1c1	True	unresolved	unresolved
sub-5	03	02	sub-5/ses-03/run-02/tsv-row-2	2	right_hand	2	15.976	5.0	3994	5244	sub-5/ses-03/eeg/sub-5_ses-03_task-imagery_run-02_eeg.edf	1250	True		sub-05	V	s	s	0	sub-05/ses-03/eeg/sub-05_ses-03_task-MotorImageryRest_run-02_eeg.vhdr	06a138664763c9efbbc1bddb680e669f13d15494aec90662b72381a17d07f1c1	True	unresolved	unresolved
sub-5	03	02	sub-5/ses-03/run-02/tsv-row-3	3	right_hand	2	22.856	5.0	5714	6964	sub-5/ses-03/eeg/sub-5_ses-03_task-imagery_run-02_eeg.edf	1250	True		sub-05	V	s	s	0	sub-05/ses-03/eeg/sub-05_ses-03_task-MotorImageryRest_run-02_eeg.vhdr	06a138664763c9efbbc1bddb680e669f13d15494aec90662b72381a17d07f1c1	True	unresolved	unresolved
sub-5	03	02	sub-5/ses-03/run-02/tsv-row-4	4	rest	1	29.74	5.0	7435	8685	sub-5/ses-03/eeg/sub-5_ses-03_task-imagery_run-02_eeg.edf	1250	True		sub-05	V	s	s	0	sub-05/ses-03/eeg/sub-05_ses-03_task-MotorImageryRest_run-02_eeg.vhdr	06a138664763c9efbbc1bddb680e669f13d15494aec90662b72381a17d07f1c1	True	unresolved	unresolved
sub-5	03	02	sub-5/ses-03/run-02/tsv-row-5	5	rest	1	36.676	5.0	9169	10419	sub-5/ses-03/eeg/sub-5_ses-03_task-imagery_run-02_eeg.edf	1250	True		sub-05	V	s	s	0	sub-05/ses-03/eeg/sub-05_ses-03_task-MotorImageryRest_run-02_eeg.vhdr	06a138664763c9efbbc1bddb680e669f13d15494aec90662b72381a17d07f1c1	True	unresolved	unresolved
sub-5	03	02	sub-5/ses-03/run-02/tsv-row-6	6	right_hand	2	43.452	5.0	10863	12113	sub-5/ses-03/eeg/sub-5_ses-03_task-imagery_run-02_eeg.edf	1250	True		sub-05	V	s	s	0	sub-05/ses-03/eeg/sub-05_ses-03_task-MotorImageryRest_run-02_eeg.vhdr	06a138664763c9efbbc1bddb680e669f13d15494aec90662b72381a17d07f1c1	True	unresolved	unresolved
sub-5	03	02	sub-5/ses-03/run-02/tsv-row-7	7	right_hand	2	50.444	5.0	12611	13861	sub-5/ses-03/eeg/sub-5_ses-03_task-imagery_run-02_eeg.edf	1250	True		sub-05	V	s	s	0	sub-05/ses-03/eeg/sub-05_ses-03_task-MotorImageryRest_run-02_eeg.vhdr	06a138664763c9efbbc1bddb680e669f13d15494aec90662b72381a17d07f1c1	True	unresolved	unresolved
sub-5	03	02	sub-5/ses-03/run-02/tsv-row-8	8	rest	1	57.272	5.0	14318	15568	sub-5/ses-03/eeg/sub-5_ses-03_task-imagery_run-02_eeg.edf	1250	True		sub-05	V	s	s	0	sub-05/ses-03/eeg/sub-05_ses-03_task-MotorImageryRest_run-02_eeg.vhdr	06a138664763c9efbbc1bddb680e669f13d15494aec90662b72381a17d07f1c1	True	unresolved	unresolved
sub-5	03	02	sub-5/ses-03/run-02/tsv-row-9	9	right_hand	2	64.148	5.0	16037	17287	sub-5/ses-03/eeg/sub-5_ses-03_task-imagery_run-02_eeg.edf	1250	True		sub-05	V	s	s	0	sub-05/ses-03/eeg/sub-05_ses-03_task-MotorImageryRest_run-02_eeg.vhdr	06a138664763c9efbbc1bddb680e669f13d15494aec90662b72381a17d07f1c1	True	unresolved	unresolved
sub-5	03	02	sub-5/ses-03/run-02/tsv-row-10	10	rest	1	71.084	5.0	17771	19021	sub-5/ses-03/eeg/sub-5_ses-03_task-imagery_run-02_eeg.edf	1250	True		sub-05	V	s	s	0	sub-05/ses-03/eeg/sub-05_ses-03_task-MotorImageryRest_run-02_eeg.vhdr	06a138664763c9efbbc1bddb680e669f13d15494aec90662b72381a17d07f1c1	True	unresolved	unresolved
sub-5	03	02	sub-5/ses-03/run-02/tsv-row-11	11	right_hand	2	78.02	5.0	19505	20755	sub-5/ses-03/eeg/sub-5_ses-03_task-imagery_run-02_eeg.edf	1250	True		sub-05	V	s	s	0	sub-05/ses-03/eeg/sub-05_ses-03_task-MotorImageryRest_run-02_eeg.vhdr	06a138664763c9efbbc1bddb680e669f13d15494aec90662b72381a17d07f1c1	True	unresolved	unresolved
sub-5	03	02	sub-5/ses-03/run-02/tsv-row-12	12	rest	1	84.852	5.0	21213	22463	sub-5/ses-03/eeg/sub-5_ses-03_task-imagery_run-02_eeg.edf	1250	True		sub-05	V	s	s	0	sub-05/ses-03/eeg/sub-05_ses-03_task-MotorImageryRest_run-02_eeg.vhdr	06a138664763c9efbbc1bddb680e669f13d15494aec90662b72381a17d07f1c1	True	unresolved	unresolved
sub-5	03	02	sub-5/ses-03/run-02/tsv-row-13	13	right_hand	2	91.68	5.0	22920	24170	sub-5/ses-03/eeg/sub-5_ses-03_task-imagery_run-02_eeg.edf	1250	True		sub-05	V	s	s	0	sub-05/ses-03/eeg/sub-05_ses-03_task-MotorImageryRest_run-02_eeg.vhdr	06a138664763c9efbbc1bddb680e669f13d15494aec90662b72381a17d07f1c1	True	unresolved	unresolved
sub-5	03	02	sub-5/ses-03/run-02/tsv-row-14	14	rest	1	98.672	5.0	24668	25918	sub-5/ses-03/eeg/sub-5_ses-03_task-imagery_run-02_eeg.edf	1250	True		sub-05	V	s	s	0	sub-05/ses-03/eeg/sub-05_ses-03_task-MotorImageryRest_run-02_eeg.vhdr	06a138664763c9efbbc1bddb680e669f13d15494aec90662b72381a17d07f1c1	True	unresolved	unresolved
sub-5	03	02	sub-5/ses-03/run-02/tsv-row-15	15	right_hand	2	105.536	5.0	26384	27634	sub-5/ses-03/eeg/sub-5_ses-03_task-imagery_run-02_eeg.edf	1250	True		sub-05	V	s	s	0	sub-05/ses-03/eeg/sub-05_ses-03_task-MotorImageryRest_run-02_eeg.vhdr	06a138664763c9efbbc1bddb680e669f13d15494aec90662b72381a17d07f1c1	True	unresolved	unresolved
sub-5	03	02	sub-5/ses-03/run-02/tsv-row-16	16	rest	1	112.42	5.0	28105	29355	sub-5/ses-03/eeg/sub-5_ses-03_task-imagery_run-02_eeg.edf	1250	True		sub-05	V	s	s	0	sub-05/ses-03/eeg/sub-05_ses-03_task-MotorImageryRest_run-02_eeg.vhdr	06a138664763c9efbbc1bddb680e669f13d15494aec90662b72381a17d07f1c1	True	unresolved	unresolved
sub-5	03	02	sub-5/ses-03/run-02/tsv-row-17	17	right_hand	2	119.248	5.0	29812	31062	sub-5/ses-03/eeg/sub-5_ses-03_task-imagery_run-02_eeg.edf	1250	True		sub-05	V	s	s	0	sub-05/ses-03/eeg/sub-05_ses-03_task-MotorImageryRest_run-02_eeg.vhdr	06a138664763c9efbbc1bddb680e669f13d15494aec90662b72381a17d07f1c1	True	unresolved	unresolved
sub-5	03	02	sub-5/ses-03/run-02/tsv-row-18	18	rest	1	126.184	5.0	31546	32796	sub-5/ses-03/eeg/sub-5_ses-03_task-imagery_run-02_eeg.edf	1250	True		sub-05	V	s	s	0	sub-05/ses-03/eeg/sub-05_ses-03_task-MotorImageryRest_run-02_eeg.vhdr	06a138664763c9efbbc1bddb680e669f13d15494aec90662b72381a17d07f1c1	True	unresolved	unresolved
sub-5	03	02	sub-5/ses-03/run-02/tsv-row-19	19	right_hand	2	133.068	5.0	33267	34517	sub-5/ses-03/eeg/sub-5_ses-03_task-imagery_run-02_eeg.edf	1250	True		sub-05	V	s	s	0	sub-05/ses-03/eeg/sub-05_ses-03_task-MotorImageryRest_run-02_eeg.vhdr	06a138664763c9efbbc1bddb680e669f13d15494aec90662b72381a17d07f1c1	True	unresolved	unresolved
sub-5	03	02	sub-5/ses-03/run-02/tsv-row-20	20	rest	1	139.896	5.0	34974	36224	sub-5/ses-03/eeg/sub-5_ses-03_task-imagery_run-02_eeg.edf	1250	True		sub-05	V	s	s	0	sub-05/ses-03/eeg/sub-05_ses-03_task-MotorImageryRest_run-02_eeg.vhdr	06a138664763c9efbbc1bddb680e669f13d15494aec90662b72381a17d07f1c1	True	unresolved	unresolved
sub-5	03	02	sub-5/ses-03/run-02/tsv-row-21	21	right_hand	2	146.78	5.0	36695	37945	sub-5/ses-03/eeg/sub-5_ses-03_task-imagery_run-02_eeg.edf	1250	True		sub-05	V	s	s	0	sub-05/ses-03/eeg/sub-05_ses-03_task-MotorImageryRest_run-02_eeg.vhdr	06a138664763c9efbbc1bddb680e669f13d15494aec90662b72381a17d07f1c1	True	unresolved	unresolved
sub-5	03	02	sub-5/ses-03/run-02/tsv-row-22	22	rest	1	153.728	5.0	38432	39682	sub-5/ses-03/eeg/sub-5_ses-03_task-imagery_run-02_eeg.edf	1250	True		sub-05	V	s	s	0	sub-05/ses-03/eeg/sub-05_ses-03_task-MotorImageryRest_run-02_eeg.vhdr	06a138664763c9efbbc1bddb680e669f13d15494aec90662b72381a17d07f1c1	True	unresolved	unresolved
sub-5	03	02	sub-5/ses-03/run-02/tsv-row-23	23	right_hand	2	160.608	5.0	40152	41402	sub-5/ses-03/eeg/sub-5_ses-03_task-imagery_run-02_eeg.edf	1250	True		sub-05	V	s	s	0	sub-05/ses-03/eeg/sub-05_ses-03_task-MotorImageryRest_run-02_eeg.vhdr	06a138664763c9efbbc1bddb680e669f13d15494aec90662b72381a17d07f1c1	True	unresolved	unresolved
sub-5	03	02	sub-5/ses-03/run-02/tsv-row-24	24	rest	1	167.492	5.0	41873	43123	sub-5/ses-03/eeg/sub-5_ses-03_task-imagery_run-02_eeg.edf	1250	True		sub-05	V	s	s	0	sub-05/ses-03/eeg/sub-05_ses-03_task-MotorImageryRest_run-02_eeg.vhdr	06a138664763c9efbbc1bddb680e669f13d15494aec90662b72381a17d07f1c1	True	unresolved	unresolved
sub-5	03	02	sub-5/ses-03/run-02/tsv-row-25	25	rest	1	174.376	5.0	43594	44844	sub-5/ses-03/eeg/sub-5_ses-03_task-imagery_run-02_eeg.edf	1250	True		sub-05	V	s	s	0	sub-05/ses-03/eeg/sub-05_ses-03_task-MotorImageryRest_run-02_eeg.vhdr	06a138664763c9efbbc1bddb680e669f13d15494aec90662b72381a17d07f1c1	True	unresolved	unresolved
sub-5	03	02	sub-5/ses-03/run-02/tsv-row-26	26	right_hand	2	181.204	5.0	45301	46551	sub-5/ses-03/eeg/sub-5_ses-03_task-imagery_run-02_eeg.edf	1250	True		sub-05	V	s	s	0	sub-05/ses-03/eeg/sub-05_ses-03_task-MotorImageryRest_run-02_eeg.vhdr	06a138664763c9efbbc1bddb680e669f13d15494aec90662b72381a17d07f1c1	True	unresolved	unresolved
sub-5	03	02	sub-5/ses-03/run-02/tsv-row-27	27	rest	1	188.196	5.0	47049	48299	sub-5/ses-03/eeg/sub-5_ses-03_task-imagery_run-02_eeg.edf	1250	True		sub-05	V	s	s	0	sub-05/ses-03/eeg/sub-05_ses-03_task-MotorImageryRest_run-02_eeg.vhdr	06a138664763c9efbbc1bddb680e669f13d15494aec90662b72381a17d07f1c1	True	unresolved	unresolved
sub-5	03	02	sub-5/ses-03/run-02/tsv-row-28	28	right_hand	2	195.024	5.0	48756	50006	sub-5/ses-03/eeg/sub-5_ses-03_task-imagery_run-02_eeg.edf	1250	True		sub-05	V	s	s	0	sub-05/ses-03/eeg/sub-05_ses-03_task-MotorImageryRest_run-02_eeg.vhdr	06a138664763c9efbbc1bddb680e669f13d15494aec90662b72381a17d07f1c1	True	unresolved	unresolved
sub-5	03	02	sub-5/ses-03/run-02/tsv-row-29	29	right_hand	2	201.908	5.0	50477	51727	sub-5/ses-03/eeg/sub-5_ses-03_task-imagery_run-02_eeg.edf	1250	True		sub-05	V	s	s	0	sub-05/ses-03/eeg/sub-05_ses-03_task-MotorImageryRest_run-02_eeg.vhdr	06a138664763c9efbbc1bddb680e669f13d15494aec90662b72381a17d07f1c1	True	unresolved	unresolved
sub-5	03	02	sub-5/ses-03/run-02/tsv-row-30	30	rest	1	208.788	5.0	52197	53447	sub-5/ses-03/eeg/sub-5_ses-03_task-imagery_run-02_eeg.edf	1250	True		sub-05	V	s	s	0	sub-05/ses-03/eeg/sub-05_ses-03_task-MotorImageryRest_run-02_eeg.vhdr	06a138664763c9efbbc1bddb680e669f13d15494aec90662b72381a17d07f1c1	True	unresolved	unresolved
sub-5	03	02	sub-5/ses-03/run-02/tsv-row-31	31	right_hand	2	215.728	5.0	53932	55182	sub-5/ses-03/eeg/sub-5_ses-03_task-imagery_run-02_eeg.edf	1250	True		sub-05	V	s	s	0	sub-05/ses-03/eeg/sub-05_ses-03_task-MotorImageryRest_run-02_eeg.vhdr	06a138664763c9efbbc1bddb680e669f13d15494aec90662b72381a17d07f1c1	True	unresolved	unresolved
sub-5	03	02	sub-5/ses-03/run-02/tsv-row-32	32	rest	1	222.608	5.0	55652	56902	sub-5/ses-03/eeg/sub-5_ses-03_task-imagery_run-02_eeg.edf	1250	True		sub-05	V	s	s	0	sub-05/ses-03/eeg/sub-05_ses-03_task-MotorImageryRest_run-02_eeg.vhdr	06a138664763c9efbbc1bddb680e669f13d15494aec90662b72381a17d07f1c1	True	unresolved	unresolved
sub-5	03	03	sub-5/ses-03/run-03/tsv-row-1	1	right_hand	2	6.78	5.0	1695	2945	sub-5/ses-03/eeg/sub-5_ses-03_task-imagery_run-03_eeg.edf	1250	True		sub-05	V	s	s	0	sub-05/ses-03/eeg/sub-05_ses-03_task-MotorImageryRest_run-03_eeg.vhdr	16927e4557eabd923b46cfecfd92f8f415750e39560ddbbc1ea578b42414ad96	True	unresolved	unresolved
sub-5	03	03	sub-5/ses-03/run-03/tsv-row-2	2	rest	1	13.632	5.0	3408	4658	sub-5/ses-03/eeg/sub-5_ses-03_task-imagery_run-03_eeg.edf	1250	True		sub-05	V	s	s	0	sub-05/ses-03/eeg/sub-05_ses-03_task-MotorImageryRest_run-03_eeg.vhdr	16927e4557eabd923b46cfecfd92f8f415750e39560ddbbc1ea578b42414ad96	True	unresolved	unresolved
sub-5	03	03	sub-5/ses-03/run-03/tsv-row-3	3	right_hand	2	20.616	5.0	5154	6404	sub-5/ses-03/eeg/sub-5_ses-03_task-imagery_run-03_eeg.edf	1250	True		sub-05	V	s	s	0	sub-05/ses-03/eeg/sub-05_ses-03_task-MotorImageryRest_run-03_eeg.vhdr	16927e4557eabd923b46cfecfd92f8f415750e39560ddbbc1ea578b42414ad96	True	unresolved	unresolved
sub-5	03	03	sub-5/ses-03/run-03/tsv-row-4	4	rest	1	27.44	5.0	6860	8110	sub-5/ses-03/eeg/sub-5_ses-03_task-imagery_run-03_eeg.edf	1250	True		sub-05	V	s	s	0	sub-05/ses-03/eeg/sub-05_ses-03_task-MotorImageryRest_run-03_eeg.vhdr	16927e4557eabd923b46cfecfd92f8f415750e39560ddbbc1ea578b42414ad96	True	unresolved	unresolved
sub-5	03	03	sub-5/ses-03/run-03/tsv-row-5	5	right_hand	2	34.264	5.0	8566	9816	sub-5/ses-03/eeg/sub-5_ses-03_task-imagery_run-03_eeg.edf	1250	True		sub-05	V	s	s	0	sub-05/ses-03/eeg/sub-05_ses-03_task-MotorImageryRest_run-03_eeg.vhdr	16927e4557eabd923b46cfecfd92f8f415750e39560ddbbc1ea578b42414ad96	True	unresolved	unresolved
sub-5	03	03	sub-5/ses-03/run-03/tsv-row-6	6	rest	1	41.248	5.0	10312	11562	sub-5/ses-03/eeg/sub-5_ses-03_task-imagery_run-03_eeg.edf	1250	True		sub-05	V	s	s	0	sub-05/ses-03/eeg/sub-05_ses-03_task-MotorImageryRest_run-03_eeg.vhdr	16927e4557eabd923b46cfecfd92f8f415750e39560ddbbc1ea578b42414ad96	True	unresolved	unresolved
sub-5	03	03	sub-5/ses-03/run-03/tsv-row-7	7	rest	1	48.068	5.0	12017	13267	sub-5/ses-03/eeg/sub-5_ses-03_task-imagery_run-03_eeg.edf	1250	True		sub-05	V	s	s	0	sub-05/ses-03/eeg/sub-05_ses-03_task-MotorImageryRest_run-03_eeg.vhdr	16927e4557eabd923b46cfecfd92f8f415750e39560ddbbc1ea578b42414ad96	True	unresolved	unresolved
sub-5	03	03	sub-5/ses-03/run-03/tsv-row-8	8	right_hand	2	55.056	5.0	13764	15014	sub-5/ses-03/eeg/sub-5_ses-03_task-imagery_run-03_eeg.edf	1250	True		sub-05	V	s	s	0	sub-05/ses-03/eeg/sub-05_ses-03_task-MotorImageryRest_run-03_eeg.vhdr	16927e4557eabd923b46cfecfd92f8f415750e39560ddbbc1ea578b42414ad96	True	unresolved	unresolved
sub-5	03	03	sub-5/ses-03/run-03/tsv-row-9	9	right_hand	2	61.912	5.0	15478	16728	sub-5/ses-03/eeg/sub-5_ses-03_task-imagery_run-03_eeg.edf	1250	True		sub-05	V	s	s	0	sub-05/ses-03/eeg/sub-05_ses-03_task-MotorImageryRest_run-03_eeg.vhdr	16927e4557eabd923b46cfecfd92f8f415750e39560ddbbc1ea578b42414ad96	True	unresolved	unresolved
sub-5	03	03	sub-5/ses-03/run-03/tsv-row-10	10	rest	1	68.772	5.0	17193	18443	sub-5/ses-03/eeg/sub-5_ses-03_task-imagery_run-03_eeg.edf	1250	True		sub-05	V	s	s	0	sub-05/ses-03/eeg/sub-05_ses-03_task-MotorImageryRest_run-03_eeg.vhdr	16927e4557eabd923b46cfecfd92f8f415750e39560ddbbc1ea578b42414ad96	True	unresolved	unresolved
sub-5	03	03	sub-5/ses-03/run-03/tsv-row-11	11	rest	1	75.648	5.0	18912	20162	sub-5/ses-03/eeg/sub-5_ses-03_task-imagery_run-03_eeg.edf	1250	True		sub-05	V	s	s	0	sub-05/ses-03/eeg/sub-05_ses-03_task-MotorImageryRest_run-03_eeg.vhdr	16927e4557eabd923b46cfecfd92f8f415750e39560ddbbc1ea578b42414ad96	True	unresolved	unresolved
sub-5	03	03	sub-5/ses-03/run-03/tsv-row-12	12	right_hand	2	82.58	5.0	20645	21895	sub-5/ses-03/eeg/sub-5_ses-03_task-imagery_run-03_eeg.edf	1250	True		sub-05	V	s	s	0	sub-05/ses-03/eeg/sub-05_ses-03_task-MotorImageryRest_run-03_eeg.vhdr	16927e4557eabd923b46cfecfd92f8f415750e39560ddbbc1ea578b42414ad96	True	unresolved	unresolved
sub-5	03	03	sub-5/ses-03/run-03/tsv-row-13	13	right_hand	2	89.512	5.0	22378	23628	sub-5/ses-03/eeg/sub-5_ses-03_task-imagery_run-03_eeg.edf	1250	True		sub-05	V	s	s	0	sub-05/ses-03/eeg/sub-05_ses-03_task-MotorImageryRest_run-03_eeg.vhdr	16927e4557eabd923b46cfecfd92f8f415750e39560ddbbc1ea578b42414ad96	True	unresolved	unresolved
sub-5	03	03	sub-5/ses-03/run-03/tsv-row-14	14	rest	1	96.28	5.0	24070	25320	sub-5/ses-03/eeg/sub-5_ses-03_task-imagery_run-03_eeg.edf	1250	True		sub-05	V	s	s	0	sub-05/ses-03/eeg/sub-05_ses-03_task-MotorImageryRest_run-03_eeg.vhdr	16927e4557eabd923b46cfecfd92f8f415750e39560ddbbc1ea578b42414ad96	True	unresolved	unresolved
sub-5	03	03	sub-5/ses-03/run-03/tsv-row-15	15	right_hand	2	103.212	5.0	25803	27053	sub-5/ses-03/eeg/sub-5_ses-03_task-imagery_run-03_eeg.edf	1250	True		sub-05	V	s	s	0	sub-05/ses-03/eeg/sub-05_ses-03_task-MotorImageryRest_run-03_eeg.vhdr	16927e4557eabd923b46cfecfd92f8f415750e39560ddbbc1ea578b42414ad96	True	unresolved	unresolved
sub-5	03	03	sub-5/ses-03/run-03/tsv-row-16	16	rest	1	110.112	5.0	27528	28778	sub-5/ses-03/eeg/sub-5_ses-03_task-imagery_run-03_eeg.edf	1250	True		sub-05	V	s	s	0	sub-05/ses-03/eeg/sub-05_ses-03_task-MotorImageryRest_run-03_eeg.vhdr	16927e4557eabd923b46cfecfd92f8f415750e39560ddbbc1ea578b42414ad96	True	unresolved	unresolved
sub-5	03	03	sub-5/ses-03/run-03/tsv-row-17	17	rest	1	116.932	5.0	29233	30483	sub-5/ses-03/eeg/sub-5_ses-03_task-imagery_run-03_eeg.edf	1250	True		sub-05	V	s	s	0	sub-05/ses-03/eeg/sub-05_ses-03_task-MotorImageryRest_run-03_eeg.vhdr	16927e4557eabd923b46cfecfd92f8f415750e39560ddbbc1ea578b42414ad96	True	unresolved	unresolved
sub-5	03	03	sub-5/ses-03/run-03/tsv-row-18	18	right_hand	2	123.864	5.0	30966	32216	sub-5/ses-03/eeg/sub-5_ses-03_task-imagery_run-03_eeg.edf	1250	True		sub-05	V	s	s	0	sub-05/ses-03/eeg/sub-05_ses-03_task-MotorImageryRest_run-03_eeg.vhdr	16927e4557eabd923b46cfecfd92f8f415750e39560ddbbc1ea578b42414ad96	True	unresolved	unresolved
sub-5	03	03	sub-5/ses-03/run-03/tsv-row-19	19	right_hand	2	130.796	5.0	32699	33949	sub-5/ses-03/eeg/sub-5_ses-03_task-imagery_run-03_eeg.edf	1250	True		sub-05	V	s	s	0	sub-05/ses-03/eeg/sub-05_ses-03_task-MotorImageryRest_run-03_eeg.vhdr	16927e4557eabd923b46cfecfd92f8f415750e39560ddbbc1ea578b42414ad96	True	unresolved	unresolved
sub-5	03	03	sub-5/ses-03/run-03/tsv-row-20	20	rest	1	137.672	5.0	34418	35668	sub-5/ses-03/eeg/sub-5_ses-03_task-imagery_run-03_eeg.edf	1250	True		sub-05	V	s	s	0	sub-05/ses-03/eeg/sub-05_ses-03_task-MotorImageryRest_run-03_eeg.vhdr	16927e4557eabd923b46cfecfd92f8f415750e39560ddbbc1ea578b42414ad96	True	unresolved	unresolved
sub-5	03	03	sub-5/ses-03/run-03/tsv-row-21	21	rest	1	144.548	5.0	36137	37387	sub-5/ses-03/eeg/sub-5_ses-03_task-imagery_run-03_eeg.edf	1250	True		sub-05	V	s	s	0	sub-05/ses-03/eeg/sub-05_ses-03_task-MotorImageryRest_run-03_eeg.vhdr	16927e4557eabd923b46cfecfd92f8f415750e39560ddbbc1ea578b42414ad96	True	unresolved	unresolved
sub-5	03	03	sub-5/ses-03/run-03/tsv-row-22	22	right_hand	2	151.424	5.0	37856	39106	sub-5/ses-03/eeg/sub-5_ses-03_task-imagery_run-03_eeg.edf	1250	True		sub-05	V	s	s	0	sub-05/ses-03/eeg/sub-05_ses-03_task-MotorImageryRest_run-03_eeg.vhdr	16927e4557eabd923b46cfecfd92f8f415750e39560ddbbc1ea578b42414ad96	True	unresolved	unresolved
sub-5	03	03	sub-5/ses-03/run-03/tsv-row-23	23	rest	1	158.264	5.0	39566	40816	sub-5/ses-03/eeg/sub-5_ses-03_task-imagery_run-03_eeg.edf	1250	True		sub-05	V	s	s	0	sub-05/ses-03/eeg/sub-05_ses-03_task-MotorImageryRest_run-03_eeg.vhdr	16927e4557eabd923b46cfecfd92f8f415750e39560ddbbc1ea578b42414ad96	True	unresolved	unresolved
sub-5	03	03	sub-5/ses-03/run-03/tsv-row-24	24	right_hand	2	165.248	5.0	41312	42562	sub-5/ses-03/eeg/sub-5_ses-03_task-imagery_run-03_eeg.edf	1250	True		sub-05	V	s	s	0	sub-05/ses-03/eeg/sub-05_ses-03_task-MotorImageryRest_run-03_eeg.vhdr	16927e4557eabd923b46cfecfd92f8f415750e39560ddbbc1ea578b42414ad96	True	unresolved	unresolved
sub-5	03	03	sub-5/ses-03/run-03/tsv-row-25	25	rest	1	172.124	5.0	43031	44281	sub-5/ses-03/eeg/sub-5_ses-03_task-imagery_run-03_eeg.edf	1250	True		sub-05	V	s	s	0	sub-05/ses-03/eeg/sub-05_ses-03_task-MotorImageryRest_run-03_eeg.vhdr	16927e4557eabd923b46cfecfd92f8f415750e39560ddbbc1ea578b42414ad96	True	unresolved	unresolved
sub-5	03	03	sub-5/ses-03/run-03/tsv-row-26	26	right_hand	2	179.0	5.0	44750	46000	sub-5/ses-03/eeg/sub-5_ses-03_task-imagery_run-03_eeg.edf	1250	True		sub-05	V	s	s	0	sub-05/ses-03/eeg/sub-05_ses-03_task-MotorImageryRest_run-03_eeg.vhdr	16927e4557eabd923b46cfecfd92f8f415750e39560ddbbc1ea578b42414ad96	True	unresolved	unresolved
sub-5	03	03	sub-5/ses-03/run-03/tsv-row-27	27	rest	1	185.88	5.0	46470	47720	sub-5/ses-03/eeg/sub-5_ses-03_task-imagery_run-03_eeg.edf	1250	True		sub-05	V	s	s	0	sub-05/ses-03/eeg/sub-05_ses-03_task-MotorImageryRest_run-03_eeg.vhdr	16927e4557eabd923b46cfecfd92f8f415750e39560ddbbc1ea578b42414ad96	True	unresolved	unresolved
sub-5	03	03	sub-5/ses-03/run-03/tsv-row-28	28	right_hand	2	192.756	5.0	48189	49439	sub-5/ses-03/eeg/sub-5_ses-03_task-imagery_run-03_eeg.edf	1250	True		sub-05	V	s	s	0	sub-05/ses-03/eeg/sub-05_ses-03_task-MotorImageryRest_run-03_eeg.vhdr	16927e4557eabd923b46cfecfd92f8f415750e39560ddbbc1ea578b42414ad96	True	unresolved	unresolved
sub-5	03	03	sub-5/ses-03/run-03/tsv-row-29	29	rest	1	199.604	5.0	49901	51151	sub-5/ses-03/eeg/sub-5_ses-03_task-imagery_run-03_eeg.edf	1250	True		sub-05	V	s	s	0	sub-05/ses-03/eeg/sub-05_ses-03_task-MotorImageryRest_run-03_eeg.vhdr	16927e4557eabd923b46cfecfd92f8f415750e39560ddbbc1ea578b42414ad96	True	unresolved	unresolved
sub-5	03	03	sub-5/ses-03/run-03/tsv-row-30	30	right_hand	2	206.536	5.0	51634	52884	sub-5/ses-03/eeg/sub-5_ses-03_task-imagery_run-03_eeg.edf	1250	True		sub-05	V	s	s	0	sub-05/ses-03/eeg/sub-05_ses-03_task-MotorImageryRest_run-03_eeg.vhdr	16927e4557eabd923b46cfecfd92f8f415750e39560ddbbc1ea578b42414ad96	True	unresolved	unresolved
sub-5	03	03	sub-5/ses-03/run-03/tsv-row-31	31	rest	1	213.412	5.0	53353	54603	sub-5/ses-03/eeg/sub-5_ses-03_task-imagery_run-03_eeg.edf	1250	True		sub-05	V	s	s	0	sub-05/ses-03/eeg/sub-05_ses-03_task-MotorImageryRest_run-03_eeg.vhdr	16927e4557eabd923b46cfecfd92f8f415750e39560ddbbc1ea578b42414ad96	True	unresolved	unresolved
sub-5	03	03	sub-5/ses-03/run-03/tsv-row-32	32	right_hand	2	220.344	5.0	55086	56336	sub-5/ses-03/eeg/sub-5_ses-03_task-imagery_run-03_eeg.edf	1250	True		sub-05	V	s	s	0	sub-05/ses-03/eeg/sub-05_ses-03_task-MotorImageryRest_run-03_eeg.vhdr	16927e4557eabd923b46cfecfd92f8f415750e39560ddbbc1ea578b42414ad96	True	unresolved	unresolved
sub-5	03	04	sub-5/ses-03/run-04/tsv-row-1	1	rest	1	6.804	5.0	1701	2951	sub-5/ses-03/eeg/sub-5_ses-03_task-imagery_run-04_eeg.edf	1250	True		sub-05	V	s	s	0	sub-05/ses-03/eeg/sub-05_ses-03_task-MotorImageryRest_run-04_eeg.vhdr	9f4f1c438ea9b607b98b59dda76dd518ee6cbb3f543d9296a9bc74cccf1b2739	True	unresolved	unresolved
sub-5	03	04	sub-5/ses-03/run-04/tsv-row-2	2	right_hand	2	13.708	5.0	3427	4677	sub-5/ses-03/eeg/sub-5_ses-03_task-imagery_run-04_eeg.edf	1250	True		sub-05	V	s	s	0	sub-05/ses-03/eeg/sub-05_ses-03_task-MotorImageryRest_run-04_eeg.vhdr	9f4f1c438ea9b607b98b59dda76dd518ee6cbb3f543d9296a9bc74cccf1b2739	True	unresolved	unresolved
sub-5	03	04	sub-5/ses-03/run-04/tsv-row-3	3	rest	1	20.572	5.0	5143	6393	sub-5/ses-03/eeg/sub-5_ses-03_task-imagery_run-04_eeg.edf	1250	True		sub-05	V	s	s	0	sub-05/ses-03/eeg/sub-05_ses-03_task-MotorImageryRest_run-04_eeg.vhdr	9f4f1c438ea9b607b98b59dda76dd518ee6cbb3f543d9296a9bc74cccf1b2739	True	unresolved	unresolved
sub-5	03	04	sub-5/ses-03/run-04/tsv-row-4	4	right_hand	2	27.516	5.0	6879	8129	sub-5/ses-03/eeg/sub-5_ses-03_task-imagery_run-04_eeg.edf	1250	True		sub-05	V	s	s	0	sub-05/ses-03/eeg/sub-05_ses-03_task-MotorImageryRest_run-04_eeg.vhdr	9f4f1c438ea9b607b98b59dda76dd518ee6cbb3f543d9296a9bc74cccf1b2739	True	unresolved	unresolved
sub-5	03	04	sub-5/ses-03/run-04/tsv-row-5	5	rest	1	34.38	5.0	8595	9845	sub-5/ses-03/eeg/sub-5_ses-03_task-imagery_run-04_eeg.edf	1250	True		sub-05	V	s	s	0	sub-05/ses-03/eeg/sub-05_ses-03_task-MotorImageryRest_run-04_eeg.vhdr	9f4f1c438ea9b607b98b59dda76dd518ee6cbb3f543d9296a9bc74cccf1b2739	True	unresolved	unresolved
sub-5	03	04	sub-5/ses-03/run-04/tsv-row-6	6	right_hand	2	41.16	5.0	10290	11540	sub-5/ses-03/eeg/sub-5_ses-03_task-imagery_run-04_eeg.edf	1250	True		sub-05	V	s	s	0	sub-05/ses-03/eeg/sub-05_ses-03_task-MotorImageryRest_run-04_eeg.vhdr	9f4f1c438ea9b607b98b59dda76dd518ee6cbb3f543d9296a9bc74cccf1b2739	True	unresolved	unresolved
sub-5	03	04	sub-5/ses-03/run-04/tsv-row-7	7	rest	1	48.104	5.0	12026	13276	sub-5/ses-03/eeg/sub-5_ses-03_task-imagery_run-04_eeg.edf	1250	True		sub-05	V	s	s	0	sub-05/ses-03/eeg/sub-05_ses-03_task-MotorImageryRest_run-04_eeg.vhdr	9f4f1c438ea9b607b98b59dda76dd518ee6cbb3f543d9296a9bc74cccf1b2739	True	unresolved	unresolved
sub-5	03	04	sub-5/ses-03/run-04/tsv-row-8	8	right_hand	2	55.052	5.0	13763	15013	sub-5/ses-03/eeg/sub-5_ses-03_task-imagery_run-04_eeg.edf	1250	True		sub-05	V	s	s	0	sub-05/ses-03/eeg/sub-05_ses-03_task-MotorImageryRest_run-04_eeg.vhdr	9f4f1c438ea9b607b98b59dda76dd518ee6cbb3f543d9296a9bc74cccf1b2739	True	unresolved	unresolved
sub-5	03	04	sub-5/ses-03/run-04/tsv-row-9	9	rest	1	61.932	5.0	15483	16733	sub-5/ses-03/eeg/sub-5_ses-03_task-imagery_run-04_eeg.edf	1250	True		sub-05	V	s	s	0	sub-05/ses-03/eeg/sub-05_ses-03_task-MotorImageryRest_run-04_eeg.vhdr	9f4f1c438ea9b607b98b59dda76dd518ee6cbb3f543d9296a9bc74cccf1b2739	True	unresolved	unresolved
sub-5	03	04	sub-5/ses-03/run-04/tsv-row-10	10	right_hand	2	68.876	5.0	17219	18469	sub-5/ses-03/eeg/sub-5_ses-03_task-imagery_run-04_eeg.edf	1250	True		sub-05	V	s	s	0	sub-05/ses-03/eeg/sub-05_ses-03_task-MotorImageryRest_run-04_eeg.vhdr	9f4f1c438ea9b607b98b59dda76dd518ee6cbb3f543d9296a9bc74cccf1b2739	True	unresolved	unresolved
sub-5	03	04	sub-5/ses-03/run-04/tsv-row-11	11	rest	1	75.74	5.0	18935	20185	sub-5/ses-03/eeg/sub-5_ses-03_task-imagery_run-04_eeg.edf	1250	True		sub-05	V	s	s	0	sub-05/ses-03/eeg/sub-05_ses-03_task-MotorImageryRest_run-04_eeg.vhdr	9f4f1c438ea9b607b98b59dda76dd518ee6cbb3f543d9296a9bc74cccf1b2739	True	unresolved	unresolved
sub-5	03	04	sub-5/ses-03/run-04/tsv-row-12	12	right_hand	2	82.604	5.0	20651	21901	sub-5/ses-03/eeg/sub-5_ses-03_task-imagery_run-04_eeg.edf	1250	True		sub-05	V	s	s	0	sub-05/ses-03/eeg/sub-05_ses-03_task-MotorImageryRest_run-04_eeg.vhdr	9f4f1c438ea9b607b98b59dda76dd518ee6cbb3f543d9296a9bc74cccf1b2739	True	unresolved	unresolved
sub-5	03	04	sub-5/ses-03/run-04/tsv-row-13	13	right_hand	2	89.468	5.0	22367	23617	sub-5/ses-03/eeg/sub-5_ses-03_task-imagery_run-04_eeg.edf	1250	True		sub-05	V	s	s	0	sub-05/ses-03/eeg/sub-05_ses-03_task-MotorImageryRest_run-04_eeg.vhdr	9f4f1c438ea9b607b98b59dda76dd518ee6cbb3f543d9296a9bc74cccf1b2739	True	unresolved	unresolved
sub-5	03	04	sub-5/ses-03/run-04/tsv-row-14	14	rest	1	96.412	5.0	24103	25353	sub-5/ses-03/eeg/sub-5_ses-03_task-imagery_run-04_eeg.edf	1250	True		sub-05	V	s	s	0	sub-05/ses-03/eeg/sub-05_ses-03_task-MotorImageryRest_run-04_eeg.vhdr	9f4f1c438ea9b607b98b59dda76dd518ee6cbb3f543d9296a9bc74cccf1b2739	True	unresolved	unresolved
sub-5	03	04	sub-5/ses-03/run-04/tsv-row-15	15	right_hand	2	103.3	5.0	25825	27075	sub-5/ses-03/eeg/sub-5_ses-03_task-imagery_run-04_eeg.edf	1250	True		sub-05	V	s	s	0	sub-05/ses-03/eeg/sub-05_ses-03_task-MotorImageryRest_run-04_eeg.vhdr	9f4f1c438ea9b607b98b59dda76dd518ee6cbb3f543d9296a9bc74cccf1b2739	True	unresolved	unresolved
sub-5	03	04	sub-5/ses-03/run-04/tsv-row-16	16	rest	1	110.164	5.0	27541	28791	sub-5/ses-03/eeg/sub-5_ses-03_task-imagery_run-04_eeg.edf	1250	True		sub-05	V	s	s	0	sub-05/ses-03/eeg/sub-05_ses-03_task-MotorImageryRest_run-04_eeg.vhdr	9f4f1c438ea9b607b98b59dda76dd518ee6cbb3f543d9296a9bc74cccf1b2739	True	unresolved	unresolved
sub-5	03	04	sub-5/ses-03/run-04/tsv-row-17	17	right_hand	2	117.028	5.0	29257	30507	sub-5/ses-03/eeg/sub-5_ses-03_task-imagery_run-04_eeg.edf	1250	True		sub-05	V	s	s	0	sub-05/ses-03/eeg/sub-05_ses-03_task-MotorImageryRest_run-04_eeg.vhdr	9f4f1c438ea9b607b98b59dda76dd518ee6cbb3f543d9296a9bc74cccf1b2739	True	unresolved	unresolved
sub-5	03	04	sub-5/ses-03/run-04/tsv-row-18	18	rest	1	123.832	5.0	30958	32208	sub-5/ses-03/eeg/sub-5_ses-03_task-imagery_run-04_eeg.edf	1250	True		sub-05	V	s	s	0	sub-05/ses-03/eeg/sub-05_ses-03_task-MotorImageryRest_run-04_eeg.vhdr	9f4f1c438ea9b607b98b59dda76dd518ee6cbb3f543d9296a9bc74cccf1b2739	True	unresolved	unresolved
sub-5	03	04	sub-5/ses-03/run-04/tsv-row-19	19	rest	1	130.836	5.0	32709	33959	sub-5/ses-03/eeg/sub-5_ses-03_task-imagery_run-04_eeg.edf	1250	True		sub-05	V	s	s	0	sub-05/ses-03/eeg/sub-05_ses-03_task-MotorImageryRest_run-04_eeg.vhdr	9f4f1c438ea9b607b98b59dda76dd518ee6cbb3f543d9296a9bc74cccf1b2739	True	unresolved	unresolved
sub-5	03	04	sub-5/ses-03/run-04/tsv-row-20	20	right_hand	2	137.7	5.0	34425	35675	sub-5/ses-03/eeg/sub-5_ses-03_task-imagery_run-04_eeg.edf	1250	True		sub-05	V	s	s	0	sub-05/ses-03/eeg/sub-05_ses-03_task-MotorImageryRest_run-04_eeg.vhdr	9f4f1c438ea9b607b98b59dda76dd518ee6cbb3f543d9296a9bc74cccf1b2739	True	unresolved	unresolved
sub-5	03	04	sub-5/ses-03/run-04/tsv-row-21	21	rest	1	144.56	5.0	36140	37390	sub-5/ses-03/eeg/sub-5_ses-03_task-imagery_run-04_eeg.edf	1250	True		sub-05	V	s	s	0	sub-05/ses-03/eeg/sub-05_ses-03_task-MotorImageryRest_run-04_eeg.vhdr	9f4f1c438ea9b607b98b59dda76dd518ee6cbb3f543d9296a9bc74cccf1b2739	True	unresolved	unresolved
sub-5	03	04	sub-5/ses-03/run-04/tsv-row-22	22	right_hand	2	151.56	5.0	37890	39140	sub-5/ses-03/eeg/sub-5_ses-03_task-imagery_run-04_eeg.edf	1250	True		sub-05	V	s	s	0	sub-05/ses-03/eeg/sub-05_ses-03_task-MotorImageryRest_run-04_eeg.vhdr	9f4f1c438ea9b607b98b59dda76dd518ee6cbb3f543d9296a9bc74cccf1b2739	True	unresolved	unresolved
sub-5	03	04	sub-5/ses-03/run-04/tsv-row-23	23	right_hand	2	158.248	5.0	39562	40812	sub-5/ses-03/eeg/sub-5_ses-03_task-imagery_run-04_eeg.edf	1250	True		sub-05	V	s	s	0	sub-05/ses-03/eeg/sub-05_ses-03_task-MotorImageryRest_run-04_eeg.vhdr	9f4f1c438ea9b607b98b59dda76dd518ee6cbb3f543d9296a9bc74cccf1b2739	True	unresolved	unresolved
sub-5	03	04	sub-5/ses-03/run-04/tsv-row-24	24	rest	1	165.192	5.0	41298	42548	sub-5/ses-03/eeg/sub-5_ses-03_task-imagery_run-04_eeg.edf	1250	True		sub-05	V	s	s	0	sub-05/ses-03/eeg/sub-05_ses-03_task-MotorImageryRest_run-04_eeg.vhdr	9f4f1c438ea9b607b98b59dda76dd518ee6cbb3f543d9296a9bc74cccf1b2739	True	unresolved	unresolved
sub-5	03	04	sub-5/ses-03/run-04/tsv-row-25	25	right_hand	2	172.056	5.0	43014	44264	sub-5/ses-03/eeg/sub-5_ses-03_task-imagery_run-04_eeg.edf	1250	True		sub-05	V	s	s	0	sub-05/ses-03/eeg/sub-05_ses-03_task-MotorImageryRest_run-04_eeg.vhdr	9f4f1c438ea9b607b98b59dda76dd518ee6cbb3f543d9296a9bc74cccf1b2739	True	unresolved	unresolved
sub-5	03	04	sub-5/ses-03/run-04/tsv-row-26	26	rest	1	179.0	5.0	44750	46000	sub-5/ses-03/eeg/sub-5_ses-03_task-imagery_run-04_eeg.edf	1250	True		sub-05	V	s	s	0	sub-05/ses-03/eeg/sub-05_ses-03_task-MotorImageryRest_run-04_eeg.vhdr	9f4f1c438ea9b607b98b59dda76dd518ee6cbb3f543d9296a9bc74cccf1b2739	True	unresolved	unresolved
sub-5	03	04	sub-5/ses-03/run-04/tsv-row-27	27	right_hand	2	185.864	5.0	46466	47716	sub-5/ses-03/eeg/sub-5_ses-03_task-imagery_run-04_eeg.edf	1250	True		sub-05	V	s	s	0	sub-05/ses-03/eeg/sub-05_ses-03_task-MotorImageryRest_run-04_eeg.vhdr	9f4f1c438ea9b607b98b59dda76dd518ee6cbb3f543d9296a9bc74cccf1b2739	True	unresolved	unresolved
sub-5	03	04	sub-5/ses-03/run-04/tsv-row-28	28	rest	1	192.728	5.0	48182	49432	sub-5/ses-03/eeg/sub-5_ses-03_task-imagery_run-04_eeg.edf	1250	True		sub-05	V	s	s	0	sub-05/ses-03/eeg/sub-05_ses-03_task-MotorImageryRest_run-04_eeg.vhdr	9f4f1c438ea9b607b98b59dda76dd518ee6cbb3f543d9296a9bc74cccf1b2739	True	unresolved	unresolved
sub-5	03	04	sub-5/ses-03/run-04/tsv-row-29	29	rest	1	199.7	5.0	49925	51175	sub-5/ses-03/eeg/sub-5_ses-03_task-imagery_run-04_eeg.edf	1250	True		sub-05	V	s	s	0	sub-05/ses-03/eeg/sub-05_ses-03_task-MotorImageryRest_run-04_eeg.vhdr	9f4f1c438ea9b607b98b59dda76dd518ee6cbb3f543d9296a9bc74cccf1b2739	True	unresolved	unresolved
sub-5	03	04	sub-5/ses-03/run-04/tsv-row-30	30	right_hand	2	206.484	5.0	51621	52871	sub-5/ses-03/eeg/sub-5_ses-03_task-imagery_run-04_eeg.edf	1250	True		sub-05	V	s	s	0	sub-05/ses-03/eeg/sub-05_ses-03_task-MotorImageryRest_run-04_eeg.vhdr	9f4f1c438ea9b607b98b59dda76dd518ee6cbb3f543d9296a9bc74cccf1b2739	True	unresolved	unresolved
sub-5	03	04	sub-5/ses-03/run-04/tsv-row-31	31	right_hand	2	213.428	5.0	53357	54607	sub-5/ses-03/eeg/sub-5_ses-03_task-imagery_run-04_eeg.edf	1250	True		sub-05	V	s	s	0	sub-05/ses-03/eeg/sub-05_ses-03_task-MotorImageryRest_run-04_eeg.vhdr	9f4f1c438ea9b607b98b59dda76dd518ee6cbb3f543d9296a9bc74cccf1b2739	True	unresolved	unresolved
sub-5	03	04	sub-5/ses-03/run-04/tsv-row-32	32	rest	1	220.372	5.0	55093	56343	sub-5/ses-03/eeg/sub-5_ses-03_task-imagery_run-04_eeg.edf	1250	True		sub-05	V	s	s	0	sub-05/ses-03/eeg/sub-05_ses-03_task-MotorImageryRest_run-04_eeg.vhdr	9f4f1c438ea9b607b98b59dda76dd518ee6cbb3f543d9296a9bc74cccf1b2739	True	unresolved	unresolved
sub-5	03	05	sub-5/ses-03/run-05/tsv-row-1	1	rest	1	6.096	5.0	1524	2774	sub-5/ses-03/eeg/sub-5_ses-03_task-imagery_run-05_eeg.edf	1250	True		sub-05	V	s	s	0	sub-05/ses-03/eeg/sub-05_ses-03_task-MotorImageryRest_run-05_eeg.vhdr	db569c18105737950f3a4e5da58ea8a1a63202907e26bb0ee2df41ea27b8caab	True	unresolved	unresolved
sub-5	03	05	sub-5/ses-03/run-05/tsv-row-2	2	right_hand	2	12.968	5.0	3242	4492	sub-5/ses-03/eeg/sub-5_ses-03_task-imagery_run-05_eeg.edf	1250	True		sub-05	V	s	s	0	sub-05/ses-03/eeg/sub-05_ses-03_task-MotorImageryRest_run-05_eeg.vhdr	db569c18105737950f3a4e5da58ea8a1a63202907e26bb0ee2df41ea27b8caab	True	unresolved	unresolved
sub-5	03	05	sub-5/ses-03/run-05/tsv-row-3	3	right_hand	2	19.824	5.0	4956	6206	sub-5/ses-03/eeg/sub-5_ses-03_task-imagery_run-05_eeg.edf	1250	True		sub-05	V	s	s	0	sub-05/ses-03/eeg/sub-05_ses-03_task-MotorImageryRest_run-05_eeg.vhdr	db569c18105737950f3a4e5da58ea8a1a63202907e26bb0ee2df41ea27b8caab	True	unresolved	unresolved
sub-5	03	05	sub-5/ses-03/run-05/tsv-row-4	4	rest	1	26.772	5.0	6693	7943	sub-5/ses-03/eeg/sub-5_ses-03_task-imagery_run-05_eeg.edf	1250	True		sub-05	V	s	s	0	sub-05/ses-03/eeg/sub-05_ses-03_task-MotorImageryRest_run-05_eeg.vhdr	db569c18105737950f3a4e5da58ea8a1a63202907e26bb0ee2df41ea27b8caab	True	unresolved	unresolved
sub-5	03	05	sub-5/ses-03/run-05/tsv-row-5	5	rest	1	33.628	5.0	8407	9657	sub-5/ses-03/eeg/sub-5_ses-03_task-imagery_run-05_eeg.edf	1250	True		sub-05	V	s	s	0	sub-05/ses-03/eeg/sub-05_ses-03_task-MotorImageryRest_run-05_eeg.vhdr	db569c18105737950f3a4e5da58ea8a1a63202907e26bb0ee2df41ea27b8caab	True	unresolved	unresolved
sub-5	03	05	sub-5/ses-03/run-05/tsv-row-6	6	right_hand	2	40.576	5.0	10144	11394	sub-5/ses-03/eeg/sub-5_ses-03_task-imagery_run-05_eeg.edf	1250	True		sub-05	V	s	s	0	sub-05/ses-03/eeg/sub-05_ses-03_task-MotorImageryRest_run-05_eeg.vhdr	db569c18105737950f3a4e5da58ea8a1a63202907e26bb0ee2df41ea27b8caab	True	unresolved	unresolved
sub-5	03	05	sub-5/ses-03/run-05/tsv-row-7	7	rest	1	47.432	5.0	11858	13108	sub-5/ses-03/eeg/sub-5_ses-03_task-imagery_run-05_eeg.edf	1250	True		sub-05	V	s	s	0	sub-05/ses-03/eeg/sub-05_ses-03_task-MotorImageryRest_run-05_eeg.vhdr	db569c18105737950f3a4e5da58ea8a1a63202907e26bb0ee2df41ea27b8caab	True	unresolved	unresolved
sub-5	03	05	sub-5/ses-03/run-05/tsv-row-8	8	right_hand	2	54.288	5.0	13572	14822	sub-5/ses-03/eeg/sub-5_ses-03_task-imagery_run-05_eeg.edf	1250	True		sub-05	V	s	s	0	sub-05/ses-03/eeg/sub-05_ses-03_task-MotorImageryRest_run-05_eeg.vhdr	db569c18105737950f3a4e5da58ea8a1a63202907e26bb0ee2df41ea27b8caab	True	unresolved	unresolved
sub-5	03	05	sub-5/ses-03/run-05/tsv-row-9	9	rest	1	61.196	5.0	15299	16549	sub-5/ses-03/eeg/sub-5_ses-03_task-imagery_run-05_eeg.edf	1250	True		sub-05	V	s	s	0	sub-05/ses-03/eeg/sub-05_ses-03_task-MotorImageryRest_run-05_eeg.vhdr	db569c18105737950f3a4e5da58ea8a1a63202907e26bb0ee2df41ea27b8caab	True	unresolved	unresolved
sub-5	03	05	sub-5/ses-03/run-05/tsv-row-10	10	right_hand	2	68.14	5.0	17035	18285	sub-5/ses-03/eeg/sub-5_ses-03_task-imagery_run-05_eeg.edf	1250	True		sub-05	V	s	s	0	sub-05/ses-03/eeg/sub-05_ses-03_task-MotorImageryRest_run-05_eeg.vhdr	db569c18105737950f3a4e5da58ea8a1a63202907e26bb0ee2df41ea27b8caab	True	unresolved	unresolved
sub-5	03	05	sub-5/ses-03/run-05/tsv-row-11	11	right_hand	2	75.0	5.0	18750	20000	sub-5/ses-03/eeg/sub-5_ses-03_task-imagery_run-05_eeg.edf	1250	True		sub-05	V	s	s	0	sub-05/ses-03/eeg/sub-05_ses-03_task-MotorImageryRest_run-05_eeg.vhdr	db569c18105737950f3a4e5da58ea8a1a63202907e26bb0ee2df41ea27b8caab	True	unresolved	unresolved
sub-5	03	05	sub-5/ses-03/run-05/tsv-row-12	12	rest	1	81.856	5.0	20464	21714	sub-5/ses-03/eeg/sub-5_ses-03_task-imagery_run-05_eeg.edf	1250	True		sub-05	V	s	s	0	sub-05/ses-03/eeg/sub-05_ses-03_task-MotorImageryRest_run-05_eeg.vhdr	db569c18105737950f3a4e5da58ea8a1a63202907e26bb0ee2df41ea27b8caab	True	unresolved	unresolved
sub-5	03	05	sub-5/ses-03/run-05/tsv-row-13	13	right_hand	2	88.804	5.0	22201	23451	sub-5/ses-03/eeg/sub-5_ses-03_task-imagery_run-05_eeg.edf	1250	True		sub-05	V	s	s	0	sub-05/ses-03/eeg/sub-05_ses-03_task-MotorImageryRest_run-05_eeg.vhdr	db569c18105737950f3a4e5da58ea8a1a63202907e26bb0ee2df41ea27b8caab	True	unresolved	unresolved
sub-5	03	05	sub-5/ses-03/run-05/tsv-row-14	14	rest	1	95.568	5.0	23892	25142	sub-5/ses-03/eeg/sub-5_ses-03_task-imagery_run-05_eeg.edf	1250	True		sub-05	V	s	s	0	sub-05/ses-03/eeg/sub-05_ses-03_task-MotorImageryRest_run-05_eeg.vhdr	db569c18105737950f3a4e5da58ea8a1a63202907e26bb0ee2df41ea27b8caab	True	unresolved	unresolved
sub-5	03	05	sub-5/ses-03/run-05/tsv-row-15	15	rest	1	102.516	5.0	25629	26879	sub-5/ses-03/eeg/sub-5_ses-03_task-imagery_run-05_eeg.edf	1250	True		sub-05	V	s	s	0	sub-05/ses-03/eeg/sub-05_ses-03_task-MotorImageryRest_run-05_eeg.vhdr	db569c18105737950f3a4e5da58ea8a1a63202907e26bb0ee2df41ea27b8caab	True	unresolved	unresolved
sub-5	03	05	sub-5/ses-03/run-05/tsv-row-16	16	right_hand	2	109.372	5.0	27343	28593	sub-5/ses-03/eeg/sub-5_ses-03_task-imagery_run-05_eeg.edf	1250	True		sub-05	V	s	s	0	sub-05/ses-03/eeg/sub-05_ses-03_task-MotorImageryRest_run-05_eeg.vhdr	db569c18105737950f3a4e5da58ea8a1a63202907e26bb0ee2df41ea27b8caab	True	unresolved	unresolved
sub-5	03	05	sub-5/ses-03/run-05/tsv-row-17	17	right_hand	2	116.276	5.0	29069	30319	sub-5/ses-03/eeg/sub-5_ses-03_task-imagery_run-05_eeg.edf	1250	True		sub-05	V	s	s	0	sub-05/ses-03/eeg/sub-05_ses-03_task-MotorImageryRest_run-05_eeg.vhdr	db569c18105737950f3a4e5da58ea8a1a63202907e26bb0ee2df41ea27b8caab	True	unresolved	unresolved
sub-5	03	05	sub-5/ses-03/run-05/tsv-row-18	18	rest	1	123.136	5.0	30784	32034	sub-5/ses-03/eeg/sub-5_ses-03_task-imagery_run-05_eeg.edf	1250	True		sub-05	V	s	s	0	sub-05/ses-03/eeg/sub-05_ses-03_task-MotorImageryRest_run-05_eeg.vhdr	db569c18105737950f3a4e5da58ea8a1a63202907e26bb0ee2df41ea27b8caab	True	unresolved	unresolved
sub-5	03	05	sub-5/ses-03/run-05/tsv-row-19	19	right_hand	2	130.172	5.0	32543	33793	sub-5/ses-03/eeg/sub-5_ses-03_task-imagery_run-05_eeg.edf	1250	True		sub-05	V	s	s	0	sub-05/ses-03/eeg/sub-05_ses-03_task-MotorImageryRest_run-05_eeg.vhdr	db569c18105737950f3a4e5da58ea8a1a63202907e26bb0ee2df41ea27b8caab	True	unresolved	unresolved
sub-5	03	05	sub-5/ses-03/run-05/tsv-row-20	20	rest	1	136.936	5.0	34234	35484	sub-5/ses-03/eeg/sub-5_ses-03_task-imagery_run-05_eeg.edf	1250	True		sub-05	V	s	s	0	sub-05/ses-03/eeg/sub-05_ses-03_task-MotorImageryRest_run-05_eeg.vhdr	db569c18105737950f3a4e5da58ea8a1a63202907e26bb0ee2df41ea27b8caab	True	unresolved	unresolved
sub-5	03	05	sub-5/ses-03/run-05/tsv-row-21	21	right_hand	2	143.884	5.0	35971	37221	sub-5/ses-03/eeg/sub-5_ses-03_task-imagery_run-05_eeg.edf	1250	True		sub-05	V	s	s	0	sub-05/ses-03/eeg/sub-05_ses-03_task-MotorImageryRest_run-05_eeg.vhdr	db569c18105737950f3a4e5da58ea8a1a63202907e26bb0ee2df41ea27b8caab	True	unresolved	unresolved
sub-5	03	05	sub-5/ses-03/run-05/tsv-row-22	22	rest	1	150.74	5.0	37685	38935	sub-5/ses-03/eeg/sub-5_ses-03_task-imagery_run-05_eeg.edf	1250	True		sub-05	V	s	s	0	sub-05/ses-03/eeg/sub-05_ses-03_task-MotorImageryRest_run-05_eeg.vhdr	db569c18105737950f3a4e5da58ea8a1a63202907e26bb0ee2df41ea27b8caab	True	unresolved	unresolved
sub-5	03	05	sub-5/ses-03/run-05/tsv-row-23	23	rest	1	157.688	5.0	39422	40672	sub-5/ses-03/eeg/sub-5_ses-03_task-imagery_run-05_eeg.edf	1250	True		sub-05	V	s	s	0	sub-05/ses-03/eeg/sub-05_ses-03_task-MotorImageryRest_run-05_eeg.vhdr	db569c18105737950f3a4e5da58ea8a1a63202907e26bb0ee2df41ea27b8caab	True	unresolved	unresolved
sub-5	03	05	sub-5/ses-03/run-05/tsv-row-24	24	right_hand	2	164.544	5.0	41136	42386	sub-5/ses-03/eeg/sub-5_ses-03_task-imagery_run-05_eeg.edf	1250	True		sub-05	V	s	s	0	sub-05/ses-03/eeg/sub-05_ses-03_task-MotorImageryRest_run-05_eeg.vhdr	db569c18105737950f3a4e5da58ea8a1a63202907e26bb0ee2df41ea27b8caab	True	unresolved	unresolved
sub-5	03	05	sub-5/ses-03/run-05/tsv-row-25	25	right_hand	2	171.544	5.0	42886	44136	sub-5/ses-03/eeg/sub-5_ses-03_task-imagery_run-05_eeg.edf	1250	True		sub-05	V	s	s	0	sub-05/ses-03/eeg/sub-05_ses-03_task-MotorImageryRest_run-05_eeg.vhdr	db569c18105737950f3a4e5da58ea8a1a63202907e26bb0ee2df41ea27b8caab	True	unresolved	unresolved
sub-5	03	05	sub-5/ses-03/run-05/tsv-row-26	26	rest	1	178.308	5.0	44577	45827	sub-5/ses-03/eeg/sub-5_ses-03_task-imagery_run-05_eeg.edf	1250	True		sub-05	V	s	s	0	sub-05/ses-03/eeg/sub-05_ses-03_task-MotorImageryRest_run-05_eeg.vhdr	db569c18105737950f3a4e5da58ea8a1a63202907e26bb0ee2df41ea27b8caab	True	unresolved	unresolved
sub-5	03	05	sub-5/ses-03/run-05/tsv-row-27	27	right_hand	2	185.168	5.0	46292	47542	sub-5/ses-03/eeg/sub-5_ses-03_task-imagery_run-05_eeg.edf	1250	True		sub-05	V	s	s	0	sub-05/ses-03/eeg/sub-05_ses-03_task-MotorImageryRest_run-05_eeg.vhdr	db569c18105737950f3a4e5da58ea8a1a63202907e26bb0ee2df41ea27b8caab	True	unresolved	unresolved
sub-5	03	05	sub-5/ses-03/run-05/tsv-row-28	28	rest	1	192.112	5.0	48028	49278	sub-5/ses-03/eeg/sub-5_ses-03_task-imagery_run-05_eeg.edf	1250	True		sub-05	V	s	s	0	sub-05/ses-03/eeg/sub-05_ses-03_task-MotorImageryRest_run-05_eeg.vhdr	db569c18105737950f3a4e5da58ea8a1a63202907e26bb0ee2df41ea27b8caab	True	unresolved	unresolved
sub-5	03	05	sub-5/ses-03/run-05/tsv-row-29	29	right_hand	2	199.06	5.0	49765	51015	sub-5/ses-03/eeg/sub-5_ses-03_task-imagery_run-05_eeg.edf	1250	True		sub-05	V	s	s	0	sub-05/ses-03/eeg/sub-05_ses-03_task-MotorImageryRest_run-05_eeg.vhdr	db569c18105737950f3a4e5da58ea8a1a63202907e26bb0ee2df41ea27b8caab	True	unresolved	unresolved
sub-5	03	05	sub-5/ses-03/run-05/tsv-row-30	30	rest	1	205.916	5.0	51479	52729	sub-5/ses-03/eeg/sub-5_ses-03_task-imagery_run-05_eeg.edf	1250	True		sub-05	V	s	s	0	sub-05/ses-03/eeg/sub-05_ses-03_task-MotorImageryRest_run-05_eeg.vhdr	db569c18105737950f3a4e5da58ea8a1a63202907e26bb0ee2df41ea27b8caab	True	unresolved	unresolved
sub-5	03	05	sub-5/ses-03/run-05/tsv-row-31	31	rest	1	212.772	5.0	53193	54443	sub-5/ses-03/eeg/sub-5_ses-03_task-imagery_run-05_eeg.edf	1250	True		sub-05	V	s	s	0	sub-05/ses-03/eeg/sub-05_ses-03_task-MotorImageryRest_run-05_eeg.vhdr	db569c18105737950f3a4e5da58ea8a1a63202907e26bb0ee2df41ea27b8caab	True	unresolved	unresolved
sub-5	03	05	sub-5/ses-03/run-05/tsv-row-32	32	right_hand	2	219.632	5.0	54908	56158	sub-5/ses-03/eeg/sub-5_ses-03_task-imagery_run-05_eeg.edf	1250	True		sub-05	V	s	s	0	sub-05/ses-03/eeg/sub-05_ses-03_task-MotorImageryRest_run-05_eeg.vhdr	db569c18105737950f3a4e5da58ea8a1a63202907e26bb0ee2df41ea27b8caab	True	unresolved	unresolved
sub-5	03	06	sub-5/ses-03/run-06/tsv-row-1	1	rest	1	5.856	5.0	1464	2714	sub-5/ses-03/eeg/sub-5_ses-03_task-imagery_run-06_eeg.edf	1250	True		sub-05	V	s	s	0	sub-05/ses-03/eeg/sub-05_ses-03_task-MotorImageryRest_run-06_eeg.vhdr	eeb1e85be07e2dde73cb909f2615ce1f96f0867a0c7fa4e4835fff5e793c9d0a	True	unresolved	unresolved
sub-5	03	06	sub-5/ses-03/run-06/tsv-row-2	2	right_hand	2	12.82	5.0	3205	4455	sub-5/ses-03/eeg/sub-5_ses-03_task-imagery_run-06_eeg.edf	1250	True		sub-05	V	s	s	0	sub-05/ses-03/eeg/sub-05_ses-03_task-MotorImageryRest_run-06_eeg.vhdr	eeb1e85be07e2dde73cb909f2615ce1f96f0867a0c7fa4e4835fff5e793c9d0a	True	unresolved	unresolved
sub-5	03	06	sub-5/ses-03/run-06/tsv-row-3	3	rest	1	19.648	5.0	4912	6162	sub-5/ses-03/eeg/sub-5_ses-03_task-imagery_run-06_eeg.edf	1250	True		sub-05	V	s	s	0	sub-05/ses-03/eeg/sub-05_ses-03_task-MotorImageryRest_run-06_eeg.vhdr	eeb1e85be07e2dde73cb909f2615ce1f96f0867a0c7fa4e4835fff5e793c9d0a	True	unresolved	unresolved
sub-5	03	06	sub-5/ses-03/run-06/tsv-row-4	4	right_hand	2	26.472	5.0	6618	7868	sub-5/ses-03/eeg/sub-5_ses-03_task-imagery_run-06_eeg.edf	1250	True		sub-05	V	s	s	0	sub-05/ses-03/eeg/sub-05_ses-03_task-MotorImageryRest_run-06_eeg.vhdr	eeb1e85be07e2dde73cb909f2615ce1f96f0867a0c7fa4e4835fff5e793c9d0a	True	unresolved	unresolved
sub-5	03	06	sub-5/ses-03/run-06/tsv-row-5	5	rest	1	33.388	5.0	8347	9597	sub-5/ses-03/eeg/sub-5_ses-03_task-imagery_run-06_eeg.edf	1250	True		sub-05	V	s	s	0	sub-05/ses-03/eeg/sub-05_ses-03_task-MotorImageryRest_run-06_eeg.vhdr	eeb1e85be07e2dde73cb909f2615ce1f96f0867a0c7fa4e4835fff5e793c9d0a	True	unresolved	unresolved
sub-5	03	06	sub-5/ses-03/run-06/tsv-row-6	6	right_hand	2	40.304	5.0	10076	11326	sub-5/ses-03/eeg/sub-5_ses-03_task-imagery_run-06_eeg.edf	1250	True		sub-05	V	s	s	0	sub-05/ses-03/eeg/sub-05_ses-03_task-MotorImageryRest_run-06_eeg.vhdr	eeb1e85be07e2dde73cb909f2615ce1f96f0867a0c7fa4e4835fff5e793c9d0a	True	unresolved	unresolved
sub-5	03	06	sub-5/ses-03/run-06/tsv-row-7	7	right_hand	2	47.308	5.0	11827	13077	sub-5/ses-03/eeg/sub-5_ses-03_task-imagery_run-06_eeg.edf	1250	True		sub-05	V	s	s	0	sub-05/ses-03/eeg/sub-05_ses-03_task-MotorImageryRest_run-06_eeg.vhdr	eeb1e85be07e2dde73cb909f2615ce1f96f0867a0c7fa4e4835fff5e793c9d0a	True	unresolved	unresolved
sub-5	03	06	sub-5/ses-03/run-06/tsv-row-8	8	rest	1	54.044	5.0	13511	14761	sub-5/ses-03/eeg/sub-5_ses-03_task-imagery_run-06_eeg.edf	1250	True		sub-05	V	s	s	0	sub-05/ses-03/eeg/sub-05_ses-03_task-MotorImageryRest_run-06_eeg.vhdr	eeb1e85be07e2dde73cb909f2615ce1f96f0867a0c7fa4e4835fff5e793c9d0a	True	unresolved	unresolved
sub-5	03	06	sub-5/ses-03/run-06/tsv-row-9	9	right_hand	2	61.028	5.0	15257	16507	sub-5/ses-03/eeg/sub-5_ses-03_task-imagery_run-06_eeg.edf	1250	True		sub-05	V	s	s	0	sub-05/ses-03/eeg/sub-05_ses-03_task-MotorImageryRest_run-06_eeg.vhdr	eeb1e85be07e2dde73cb909f2615ce1f96f0867a0c7fa4e4835fff5e793c9d0a	True	unresolved	unresolved
sub-5	03	06	sub-5/ses-03/run-06/tsv-row-10	10	rest	1	67.852	5.0	16963	18213	sub-5/ses-03/eeg/sub-5_ses-03_task-imagery_run-06_eeg.edf	1250	True		sub-05	V	s	s	0	sub-05/ses-03/eeg/sub-05_ses-03_task-MotorImageryRest_run-06_eeg.vhdr	eeb1e85be07e2dde73cb909f2615ce1f96f0867a0c7fa4e4835fff5e793c9d0a	True	unresolved	unresolved
sub-5	03	06	sub-5/ses-03/run-06/tsv-row-11	11	rest	1	74.68	5.0	18670	19920	sub-5/ses-03/eeg/sub-5_ses-03_task-imagery_run-06_eeg.edf	1250	True		sub-05	V	s	s	0	sub-05/ses-03/eeg/sub-05_ses-03_task-MotorImageryRest_run-06_eeg.vhdr	eeb1e85be07e2dde73cb909f2615ce1f96f0867a0c7fa4e4835fff5e793c9d0a	True	unresolved	unresolved
sub-5	03	06	sub-5/ses-03/run-06/tsv-row-12	12	right_hand	2	81.684	5.0	20421	21671	sub-5/ses-03/eeg/sub-5_ses-03_task-imagery_run-06_eeg.edf	1250	True		sub-05	V	s	s	0	sub-05/ses-03/eeg/sub-05_ses-03_task-MotorImageryRest_run-06_eeg.vhdr	eeb1e85be07e2dde73cb909f2615ce1f96f0867a0c7fa4e4835fff5e793c9d0a	True	unresolved	unresolved
sub-5	03	06	sub-5/ses-03/run-06/tsv-row-13	13	rest	1	88.6	5.0	22150	23400	sub-5/ses-03/eeg/sub-5_ses-03_task-imagery_run-06_eeg.edf	1250	True		sub-05	V	s	s	0	sub-05/ses-03/eeg/sub-05_ses-03_task-MotorImageryRest_run-06_eeg.vhdr	eeb1e85be07e2dde73cb909f2615ce1f96f0867a0c7fa4e4835fff5e793c9d0a	True	unresolved	unresolved
sub-5	03	06	sub-5/ses-03/run-06/tsv-row-14	14	right_hand	2	95.424	5.0	23856	25106	sub-5/ses-03/eeg/sub-5_ses-03_task-imagery_run-06_eeg.edf	1250	True		sub-05	V	s	s	0	sub-05/ses-03/eeg/sub-05_ses-03_task-MotorImageryRest_run-06_eeg.vhdr	eeb1e85be07e2dde73cb909f2615ce1f96f0867a0c7fa4e4835fff5e793c9d0a	True	unresolved	unresolved
sub-5	03	06	sub-5/ses-03/run-06/tsv-row-15	15	right_hand	2	102.252	5.0	25563	26813	sub-5/ses-03/eeg/sub-5_ses-03_task-imagery_run-06_eeg.edf	1250	True		sub-05	V	s	s	0	sub-05/ses-03/eeg/sub-05_ses-03_task-MotorImageryRest_run-06_eeg.vhdr	eeb1e85be07e2dde73cb909f2615ce1f96f0867a0c7fa4e4835fff5e793c9d0a	True	unresolved	unresolved
sub-5	03	06	sub-5/ses-03/run-06/tsv-row-16	16	rest	1	109.168	5.0	27292	28542	sub-5/ses-03/eeg/sub-5_ses-03_task-imagery_run-06_eeg.edf	1250	True		sub-05	V	s	s	0	sub-05/ses-03/eeg/sub-05_ses-03_task-MotorImageryRest_run-06_eeg.vhdr	eeb1e85be07e2dde73cb909f2615ce1f96f0867a0c7fa4e4835fff5e793c9d0a	True	unresolved	unresolved
sub-5	03	06	sub-5/ses-03/run-06/tsv-row-17	17	right_hand	2	116.06	5.0	29015	30265	sub-5/ses-03/eeg/sub-5_ses-03_task-imagery_run-06_eeg.edf	1250	True		sub-05	V	s	s	0	sub-05/ses-03/eeg/sub-05_ses-03_task-MotorImageryRest_run-06_eeg.vhdr	eeb1e85be07e2dde73cb909f2615ce1f96f0867a0c7fa4e4835fff5e793c9d0a	True	unresolved	unresolved
sub-5	03	06	sub-5/ses-03/run-06/tsv-row-18	18	rest	1	122.888	5.0	30722	31972	sub-5/ses-03/eeg/sub-5_ses-03_task-imagery_run-06_eeg.edf	1250	True		sub-05	V	s	s	0	sub-05/ses-03/eeg/sub-05_ses-03_task-MotorImageryRest_run-06_eeg.vhdr	eeb1e85be07e2dde73cb909f2615ce1f96f0867a0c7fa4e4835fff5e793c9d0a	True	unresolved	unresolved
sub-5	03	06	sub-5/ses-03/run-06/tsv-row-19	19	right_hand	2	129.892	5.0	32473	33723	sub-5/ses-03/eeg/sub-5_ses-03_task-imagery_run-06_eeg.edf	1250	True		sub-05	V	s	s	0	sub-05/ses-03/eeg/sub-05_ses-03_task-MotorImageryRest_run-06_eeg.vhdr	eeb1e85be07e2dde73cb909f2615ce1f96f0867a0c7fa4e4835fff5e793c9d0a	True	unresolved	unresolved
sub-5	03	06	sub-5/ses-03/run-06/tsv-row-20	20	rest	1	136.72	5.0	34180	35430	sub-5/ses-03/eeg/sub-5_ses-03_task-imagery_run-06_eeg.edf	1250	True		sub-05	V	s	s	0	sub-05/ses-03/eeg/sub-05_ses-03_task-MotorImageryRest_run-06_eeg.vhdr	eeb1e85be07e2dde73cb909f2615ce1f96f0867a0c7fa4e4835fff5e793c9d0a	True	unresolved	unresolved
sub-5	03	06	sub-5/ses-03/run-06/tsv-row-21	21	rest	1	143.544	5.0	35886	37136	sub-5/ses-03/eeg/sub-5_ses-03_task-imagery_run-06_eeg.edf	1250	True		sub-05	V	s	s	0	sub-05/ses-03/eeg/sub-05_ses-03_task-MotorImageryRest_run-06_eeg.vhdr	eeb1e85be07e2dde73cb909f2615ce1f96f0867a0c7fa4e4835fff5e793c9d0a	True	unresolved	unresolved
sub-5	03	06	sub-5/ses-03/run-06/tsv-row-22	22	right_hand	2	150.548	5.0	37637	38887	sub-5/ses-03/eeg/sub-5_ses-03_task-imagery_run-06_eeg.edf	1250	True		sub-05	V	s	s	0	sub-05/ses-03/eeg/sub-05_ses-03_task-MotorImageryRest_run-06_eeg.vhdr	eeb1e85be07e2dde73cb909f2615ce1f96f0867a0c7fa4e4835fff5e793c9d0a	True	unresolved	unresolved
sub-5	03	06	sub-5/ses-03/run-06/tsv-row-23	23	right_hand	2	157.376	5.0	39344	40594	sub-5/ses-03/eeg/sub-5_ses-03_task-imagery_run-06_eeg.edf	1250	True		sub-05	V	s	s	0	sub-05/ses-03/eeg/sub-05_ses-03_task-MotorImageryRest_run-06_eeg.vhdr	eeb1e85be07e2dde73cb909f2615ce1f96f0867a0c7fa4e4835fff5e793c9d0a	True	unresolved	unresolved
sub-5	03	06	sub-5/ses-03/run-06/tsv-row-24	24	rest	1	164.2	5.0	41050	42300	sub-5/ses-03/eeg/sub-5_ses-03_task-imagery_run-06_eeg.edf	1250	True		sub-05	V	s	s	0	sub-05/ses-03/eeg/sub-05_ses-03_task-MotorImageryRest_run-06_eeg.vhdr	eeb1e85be07e2dde73cb909f2615ce1f96f0867a0c7fa4e4835fff5e793c9d0a	True	unresolved	unresolved
sub-5	03	06	sub-5/ses-03/run-06/tsv-row-25	25	rest	1	171.184	5.0	42796	44046	sub-5/ses-03/eeg/sub-5_ses-03_task-imagery_run-06_eeg.edf	1250	True		sub-05	V	s	s	0	sub-05/ses-03/eeg/sub-05_ses-03_task-MotorImageryRest_run-06_eeg.vhdr	eeb1e85be07e2dde73cb909f2615ce1f96f0867a0c7fa4e4835fff5e793c9d0a	True	unresolved	unresolved
sub-5	03	06	sub-5/ses-03/run-06/tsv-row-26	26	right_hand	2	178.008	5.0	44502	45752	sub-5/ses-03/eeg/sub-5_ses-03_task-imagery_run-06_eeg.edf	1250	True		sub-05	V	s	s	0	sub-05/ses-03/eeg/sub-05_ses-03_task-MotorImageryRest_run-06_eeg.vhdr	eeb1e85be07e2dde73cb909f2615ce1f96f0867a0c7fa4e4835fff5e793c9d0a	True	unresolved	unresolved
sub-5	03	06	sub-5/ses-03/run-06/tsv-row-27	27	right_hand	2	185.016	5.0	46254	47504	sub-5/ses-03/eeg/sub-5_ses-03_task-imagery_run-06_eeg.edf	1250	True		sub-05	V	s	s	0	sub-05/ses-03/eeg/sub-05_ses-03_task-MotorImageryRest_run-06_eeg.vhdr	eeb1e85be07e2dde73cb909f2615ce1f96f0867a0c7fa4e4835fff5e793c9d0a	True	unresolved	unresolved
sub-5	03	06	sub-5/ses-03/run-06/tsv-row-28	28	rest	1	191.752	5.0	47938	49188	sub-5/ses-03/eeg/sub-5_ses-03_task-imagery_run-06_eeg.edf	1250	True		sub-05	V	s	s	0	sub-05/ses-03/eeg/sub-05_ses-03_task-MotorImageryRest_run-06_eeg.vhdr	eeb1e85be07e2dde73cb909f2615ce1f96f0867a0c7fa4e4835fff5e793c9d0a	True	unresolved	unresolved
sub-5	03	06	sub-5/ses-03/run-06/tsv-row-29	29	rest	1	198.756	5.0	49689	50939	sub-5/ses-03/eeg/sub-5_ses-03_task-imagery_run-06_eeg.edf	1250	True		sub-05	V	s	s	0	sub-05/ses-03/eeg/sub-05_ses-03_task-MotorImageryRest_run-06_eeg.vhdr	eeb1e85be07e2dde73cb909f2615ce1f96f0867a0c7fa4e4835fff5e793c9d0a	True	unresolved	unresolved
sub-5	03	06	sub-5/ses-03/run-06/tsv-row-30	30	right_hand	2	205.58	5.0	51395	52645	sub-5/ses-03/eeg/sub-5_ses-03_task-imagery_run-06_eeg.edf	1250	True		sub-05	V	s	s	0	sub-05/ses-03/eeg/sub-05_ses-03_task-MotorImageryRest_run-06_eeg.vhdr	eeb1e85be07e2dde73cb909f2615ce1f96f0867a0c7fa4e4835fff5e793c9d0a	True	unresolved	unresolved
sub-5	03	06	sub-5/ses-03/run-06/tsv-row-31	31	rest	1	212.496	5.0	53124	54374	sub-5/ses-03/eeg/sub-5_ses-03_task-imagery_run-06_eeg.edf	1250	True		sub-05	V	s	s	0	sub-05/ses-03/eeg/sub-05_ses-03_task-MotorImageryRest_run-06_eeg.vhdr	eeb1e85be07e2dde73cb909f2615ce1f96f0867a0c7fa4e4835fff5e793c9d0a	True	unresolved	unresolved
sub-5	03	06	sub-5/ses-03/run-06/tsv-row-32	32	right_hand	2	219.504	5.0	54876	56126	sub-5/ses-03/eeg/sub-5_ses-03_task-imagery_run-06_eeg.edf	1250	True		sub-05	V	s	s	0	sub-05/ses-03/eeg/sub-05_ses-03_task-MotorImageryRest_run-06_eeg.vhdr	eeb1e85be07e2dde73cb909f2615ce1f96f0867a0c7fa4e4835fff5e793c9d0a	True	unresolved	unresolved
sub-5	04	01	sub-5/ses-04/run-01/tsv-row-1	1	right_hand	2	7.692	5.0	1923	3173	sub-5/ses-04/eeg/sub-5_ses-04_task-imagery_run-01_eeg.edf	1250	True		sub-05	V	s	s	0	sub-05/ses-04/eeg/sub-05_ses-04_task-MotorImageryRest_run-01_eeg.vhdr	1d7162c97bbeb1c4f7960fa4fd05375501a7b8b487e97346f5ab023645d548f3	True	unresolved	unresolved
sub-5	04	01	sub-5/ses-04/run-01/tsv-row-2	2	rest	1	14.584	5.0	3646	4896	sub-5/ses-04/eeg/sub-5_ses-04_task-imagery_run-01_eeg.edf	1250	True		sub-05	V	s	s	0	sub-05/ses-04/eeg/sub-05_ses-04_task-MotorImageryRest_run-01_eeg.vhdr	1d7162c97bbeb1c4f7960fa4fd05375501a7b8b487e97346f5ab023645d548f3	True	unresolved	unresolved
sub-5	04	01	sub-5/ses-04/run-01/tsv-row-3	3	rest	1	21.488	5.0	5372	6622	sub-5/ses-04/eeg/sub-5_ses-04_task-imagery_run-01_eeg.edf	1250	True		sub-05	V	s	s	0	sub-05/ses-04/eeg/sub-05_ses-04_task-MotorImageryRest_run-01_eeg.vhdr	1d7162c97bbeb1c4f7960fa4fd05375501a7b8b487e97346f5ab023645d548f3	True	unresolved	unresolved
sub-5	04	01	sub-5/ses-04/run-01/tsv-row-4	4	right_hand	2	28.356	5.0	7089	8339	sub-5/ses-04/eeg/sub-5_ses-04_task-imagery_run-01_eeg.edf	1250	True		sub-05	V	s	s	0	sub-05/ses-04/eeg/sub-05_ses-04_task-MotorImageryRest_run-01_eeg.vhdr	1d7162c97bbeb1c4f7960fa4fd05375501a7b8b487e97346f5ab023645d548f3	True	unresolved	unresolved
sub-5	04	01	sub-5/ses-04/run-01/tsv-row-5	5	right_hand	2	35.256	5.0	8814	10064	sub-5/ses-04/eeg/sub-5_ses-04_task-imagery_run-01_eeg.edf	1250	True		sub-05	V	s	s	0	sub-05/ses-04/eeg/sub-05_ses-04_task-MotorImageryRest_run-01_eeg.vhdr	1d7162c97bbeb1c4f7960fa4fd05375501a7b8b487e97346f5ab023645d548f3	True	unresolved	unresolved
sub-5	04	01	sub-5/ses-04/run-01/tsv-row-6	6	rest	1	42.128	5.0	10532	11782	sub-5/ses-04/eeg/sub-5_ses-04_task-imagery_run-01_eeg.edf	1250	True		sub-05	V	s	s	0	sub-05/ses-04/eeg/sub-05_ses-04_task-MotorImageryRest_run-01_eeg.vhdr	1d7162c97bbeb1c4f7960fa4fd05375501a7b8b487e97346f5ab023645d548f3	True	unresolved	unresolved
sub-5	04	01	sub-5/ses-04/run-01/tsv-row-7	7	right_hand	2	49.016	5.0	12254	13504	sub-5/ses-04/eeg/sub-5_ses-04_task-imagery_run-01_eeg.edf	1250	True		sub-05	V	s	s	0	sub-05/ses-04/eeg/sub-05_ses-04_task-MotorImageryRest_run-01_eeg.vhdr	1d7162c97bbeb1c4f7960fa4fd05375501a7b8b487e97346f5ab023645d548f3	True	unresolved	unresolved
sub-5	04	01	sub-5/ses-04/run-01/tsv-row-8	8	rest	1	55.92	5.0	13980	15230	sub-5/ses-04/eeg/sub-5_ses-04_task-imagery_run-01_eeg.edf	1250	True		sub-05	V	s	s	0	sub-05/ses-04/eeg/sub-05_ses-04_task-MotorImageryRest_run-01_eeg.vhdr	1d7162c97bbeb1c4f7960fa4fd05375501a7b8b487e97346f5ab023645d548f3	True	unresolved	unresolved
sub-5	04	01	sub-5/ses-04/run-01/tsv-row-9	9	right_hand	2	62.804	5.0	15701	16951	sub-5/ses-04/eeg/sub-5_ses-04_task-imagery_run-01_eeg.edf	1250	True		sub-05	V	s	s	0	sub-05/ses-04/eeg/sub-05_ses-04_task-MotorImageryRest_run-01_eeg.vhdr	1d7162c97bbeb1c4f7960fa4fd05375501a7b8b487e97346f5ab023645d548f3	True	unresolved	unresolved
sub-5	04	01	sub-5/ses-04/run-01/tsv-row-10	10	rest	1	69.676	5.0	17419	18669	sub-5/ses-04/eeg/sub-5_ses-04_task-imagery_run-01_eeg.edf	1250	True		sub-05	V	s	s	0	sub-05/ses-04/eeg/sub-05_ses-04_task-MotorImageryRest_run-01_eeg.vhdr	1d7162c97bbeb1c4f7960fa4fd05375501a7b8b487e97346f5ab023645d548f3	True	unresolved	unresolved
sub-5	04	01	sub-5/ses-04/run-01/tsv-row-11	11	right_hand	2	76.58	5.0	19145	20395	sub-5/ses-04/eeg/sub-5_ses-04_task-imagery_run-01_eeg.edf	1250	True		sub-05	V	s	s	0	sub-05/ses-04/eeg/sub-05_ses-04_task-MotorImageryRest_run-01_eeg.vhdr	1d7162c97bbeb1c4f7960fa4fd05375501a7b8b487e97346f5ab023645d548f3	True	unresolved	unresolved
sub-5	04	01	sub-5/ses-04/run-01/tsv-row-12	12	rest	1	83.468	5.0	20867	22117	sub-5/ses-04/eeg/sub-5_ses-04_task-imagery_run-01_eeg.edf	1250	True		sub-05	V	s	s	0	sub-05/ses-04/eeg/sub-05_ses-04_task-MotorImageryRest_run-01_eeg.vhdr	1d7162c97bbeb1c4f7960fa4fd05375501a7b8b487e97346f5ab023645d548f3	True	unresolved	unresolved
sub-5	04	01	sub-5/ses-04/run-01/tsv-row-13	13	right_hand	2	90.352	5.0	22588	23838	sub-5/ses-04/eeg/sub-5_ses-04_task-imagery_run-01_eeg.edf	1250	True		sub-05	V	s	s	0	sub-05/ses-04/eeg/sub-05_ses-04_task-MotorImageryRest_run-01_eeg.vhdr	1d7162c97bbeb1c4f7960fa4fd05375501a7b8b487e97346f5ab023645d548f3	True	unresolved	unresolved
sub-5	04	01	sub-5/ses-04/run-01/tsv-row-14	14	rest	1	97.24	5.0	24310	25560	sub-5/ses-04/eeg/sub-5_ses-04_task-imagery_run-01_eeg.edf	1250	True		sub-05	V	s	s	0	sub-05/ses-04/eeg/sub-05_ses-04_task-MotorImageryRest_run-01_eeg.vhdr	1d7162c97bbeb1c4f7960fa4fd05375501a7b8b487e97346f5ab023645d548f3	True	unresolved	unresolved
sub-5	04	01	sub-5/ses-04/run-01/tsv-row-15	15	rest	1	104.144	5.0	26036	27286	sub-5/ses-04/eeg/sub-5_ses-04_task-imagery_run-01_eeg.edf	1250	True		sub-05	V	s	s	0	sub-05/ses-04/eeg/sub-05_ses-04_task-MotorImageryRest_run-01_eeg.vhdr	1d7162c97bbeb1c4f7960fa4fd05375501a7b8b487e97346f5ab023645d548f3	True	unresolved	unresolved
sub-5	04	01	sub-5/ses-04/run-01/tsv-row-16	16	right_hand	2	111.012	5.0	27753	29003	sub-5/ses-04/eeg/sub-5_ses-04_task-imagery_run-01_eeg.edf	1250	True		sub-05	V	s	s	0	sub-05/ses-04/eeg/sub-05_ses-04_task-MotorImageryRest_run-01_eeg.vhdr	1d7162c97bbeb1c4f7960fa4fd05375501a7b8b487e97346f5ab023645d548f3	True	unresolved	unresolved
sub-5	04	01	sub-5/ses-04/run-01/tsv-row-17	17	rest	1	117.92	5.0	29480	30730	sub-5/ses-04/eeg/sub-5_ses-04_task-imagery_run-01_eeg.edf	1250	True		sub-05	V	s	s	0	sub-05/ses-04/eeg/sub-05_ses-04_task-MotorImageryRest_run-01_eeg.vhdr	1d7162c97bbeb1c4f7960fa4fd05375501a7b8b487e97346f5ab023645d548f3	True	unresolved	unresolved
sub-5	04	01	sub-5/ses-04/run-01/tsv-row-18	18	right_hand	2	124.788	5.0	31197	32447	sub-5/ses-04/eeg/sub-5_ses-04_task-imagery_run-01_eeg.edf	1250	True		sub-05	V	s	s	0	sub-05/ses-04/eeg/sub-05_ses-04_task-MotorImageryRest_run-01_eeg.vhdr	1d7162c97bbeb1c4f7960fa4fd05375501a7b8b487e97346f5ab023645d548f3	True	unresolved	unresolved
sub-5	04	01	sub-5/ses-04/run-01/tsv-row-19	19	right_hand	2	131.688	5.0	32922	34172	sub-5/ses-04/eeg/sub-5_ses-04_task-imagery_run-01_eeg.edf	1250	True		sub-05	V	s	s	0	sub-05/ses-04/eeg/sub-05_ses-04_task-MotorImageryRest_run-01_eeg.vhdr	1d7162c97bbeb1c4f7960fa4fd05375501a7b8b487e97346f5ab023645d548f3	True	unresolved	unresolved
sub-5	04	01	sub-5/ses-04/run-01/tsv-row-20	20	rest	1	138.58	5.0	34645	35895	sub-5/ses-04/eeg/sub-5_ses-04_task-imagery_run-01_eeg.edf	1250	True		sub-05	V	s	s	0	sub-05/ses-04/eeg/sub-05_ses-04_task-MotorImageryRest_run-01_eeg.vhdr	1d7162c97bbeb1c4f7960fa4fd05375501a7b8b487e97346f5ab023645d548f3	True	unresolved	unresolved
sub-5	04	01	sub-5/ses-04/run-01/tsv-row-21	21	rest	1	145.464	5.0	36366	37616	sub-5/ses-04/eeg/sub-5_ses-04_task-imagery_run-01_eeg.edf	1250	True		sub-05	V	s	s	0	sub-05/ses-04/eeg/sub-05_ses-04_task-MotorImageryRest_run-01_eeg.vhdr	1d7162c97bbeb1c4f7960fa4fd05375501a7b8b487e97346f5ab023645d548f3	True	unresolved	unresolved
sub-5	04	01	sub-5/ses-04/run-01/tsv-row-22	22	right_hand	2	152.332	5.0	38083	39333	sub-5/ses-04/eeg/sub-5_ses-04_task-imagery_run-01_eeg.edf	1250	True		sub-05	V	s	s	0	sub-05/ses-04/eeg/sub-05_ses-04_task-MotorImageryRest_run-01_eeg.vhdr	1d7162c97bbeb1c4f7960fa4fd05375501a7b8b487e97346f5ab023645d548f3	True	unresolved	unresolved
sub-5	04	01	sub-5/ses-04/run-01/tsv-row-23	23	right_hand	2	159.22	5.0	39805	41055	sub-5/ses-04/eeg/sub-5_ses-04_task-imagery_run-01_eeg.edf	1250	True		sub-05	V	s	s	0	sub-05/ses-04/eeg/sub-05_ses-04_task-MotorImageryRest_run-01_eeg.vhdr	1d7162c97bbeb1c4f7960fa4fd05375501a7b8b487e97346f5ab023645d548f3	True	unresolved	unresolved
sub-5	04	01	sub-5/ses-04/run-01/tsv-row-24	24	rest	1	166.124	5.0	41531	42781	sub-5/ses-04/eeg/sub-5_ses-04_task-imagery_run-01_eeg.edf	1250	True		sub-05	V	s	s	0	sub-05/ses-04/eeg/sub-05_ses-04_task-MotorImageryRest_run-01_eeg.vhdr	1d7162c97bbeb1c4f7960fa4fd05375501a7b8b487e97346f5ab023645d548f3	True	unresolved	unresolved
sub-5	04	01	sub-5/ses-04/run-01/tsv-row-25	25	rest	1	173.012	5.0	43253	44503	sub-5/ses-04/eeg/sub-5_ses-04_task-imagery_run-01_eeg.edf	1250	True		sub-05	V	s	s	0	sub-05/ses-04/eeg/sub-05_ses-04_task-MotorImageryRest_run-01_eeg.vhdr	1d7162c97bbeb1c4f7960fa4fd05375501a7b8b487e97346f5ab023645d548f3	True	unresolved	unresolved
sub-5	04	01	sub-5/ses-04/run-01/tsv-row-26	26	right_hand	2	179.88	5.0	44970	46220	sub-5/ses-04/eeg/sub-5_ses-04_task-imagery_run-01_eeg.edf	1250	True		sub-05	V	s	s	0	sub-05/ses-04/eeg/sub-05_ses-04_task-MotorImageryRest_run-01_eeg.vhdr	1d7162c97bbeb1c4f7960fa4fd05375501a7b8b487e97346f5ab023645d548f3	True	unresolved	unresolved
sub-5	04	01	sub-5/ses-04/run-01/tsv-row-27	27	right_hand	2	186.784	5.0	46696	47946	sub-5/ses-04/eeg/sub-5_ses-04_task-imagery_run-01_eeg.edf	1250	True		sub-05	V	s	s	0	sub-05/ses-04/eeg/sub-05_ses-04_task-MotorImageryRest_run-01_eeg.vhdr	1d7162c97bbeb1c4f7960fa4fd05375501a7b8b487e97346f5ab023645d548f3	True	unresolved	unresolved
sub-5	04	01	sub-5/ses-04/run-01/tsv-row-28	28	rest	1	193.672	5.0	48418	49668	sub-5/ses-04/eeg/sub-5_ses-04_task-imagery_run-01_eeg.edf	1250	True		sub-05	V	s	s	0	sub-05/ses-04/eeg/sub-05_ses-04_task-MotorImageryRest_run-01_eeg.vhdr	1d7162c97bbeb1c4f7960fa4fd05375501a7b8b487e97346f5ab023645d548f3	True	unresolved	unresolved
sub-5	04	01	sub-5/ses-04/run-01/tsv-row-29	29	right_hand	2	200.556	5.0	50139	51389	sub-5/ses-04/eeg/sub-5_ses-04_task-imagery_run-01_eeg.edf	1250	True		sub-05	V	s	s	0	sub-05/ses-04/eeg/sub-05_ses-04_task-MotorImageryRest_run-01_eeg.vhdr	1d7162c97bbeb1c4f7960fa4fd05375501a7b8b487e97346f5ab023645d548f3	True	unresolved	unresolved
sub-5	04	01	sub-5/ses-04/run-01/tsv-row-30	30	rest	1	207.448	5.0	51862	53112	sub-5/ses-04/eeg/sub-5_ses-04_task-imagery_run-01_eeg.edf	1250	True		sub-05	V	s	s	0	sub-05/ses-04/eeg/sub-05_ses-04_task-MotorImageryRest_run-01_eeg.vhdr	1d7162c97bbeb1c4f7960fa4fd05375501a7b8b487e97346f5ab023645d548f3	True	unresolved	unresolved
sub-5	04	01	sub-5/ses-04/run-01/tsv-row-31	31	rest	1	214.332	5.0	53583	54833	sub-5/ses-04/eeg/sub-5_ses-04_task-imagery_run-01_eeg.edf	1250	True		sub-05	V	s	s	0	sub-05/ses-04/eeg/sub-05_ses-04_task-MotorImageryRest_run-01_eeg.vhdr	1d7162c97bbeb1c4f7960fa4fd05375501a7b8b487e97346f5ab023645d548f3	True	unresolved	unresolved
sub-5	04	01	sub-5/ses-04/run-01/tsv-row-32	32	right_hand	2	221.216	5.0	55304	56554	sub-5/ses-04/eeg/sub-5_ses-04_task-imagery_run-01_eeg.edf	1250	True		sub-05	V	s	s	0	sub-05/ses-04/eeg/sub-05_ses-04_task-MotorImageryRest_run-01_eeg.vhdr	1d7162c97bbeb1c4f7960fa4fd05375501a7b8b487e97346f5ab023645d548f3	True	unresolved	unresolved
sub-5	04	02	sub-5/ses-04/run-02/tsv-row-1	1	rest	1	6.988	5.0	1747	2997	sub-5/ses-04/eeg/sub-5_ses-04_task-imagery_run-02_eeg.edf	1250	True		sub-05	V	s	s	0	sub-05/ses-04/eeg/sub-05_ses-04_task-MotorImageryRest_run-02_eeg.vhdr	f42068b29624572a40c437e2b5dc30dbef0e130def521bf4984893231e135ae8	True	unresolved	unresolved
sub-5	04	02	sub-5/ses-04/run-02/tsv-row-2	2	right_hand	2	13.892	5.0	3473	4723	sub-5/ses-04/eeg/sub-5_ses-04_task-imagery_run-02_eeg.edf	1250	True		sub-05	V	s	s	0	sub-05/ses-04/eeg/sub-05_ses-04_task-MotorImageryRest_run-02_eeg.vhdr	f42068b29624572a40c437e2b5dc30dbef0e130def521bf4984893231e135ae8	True	unresolved	unresolved
sub-5	04	02	sub-5/ses-04/run-02/tsv-row-3	3	rest	1	20.78	5.0	5195	6445	sub-5/ses-04/eeg/sub-5_ses-04_task-imagery_run-02_eeg.edf	1250	True		sub-05	V	s	s	0	sub-05/ses-04/eeg/sub-05_ses-04_task-MotorImageryRest_run-02_eeg.vhdr	f42068b29624572a40c437e2b5dc30dbef0e130def521bf4984893231e135ae8	True	unresolved	unresolved
sub-5	04	02	sub-5/ses-04/run-02/tsv-row-4	4	right_hand	2	27.648	5.0	6912	8162	sub-5/ses-04/eeg/sub-5_ses-04_task-imagery_run-02_eeg.edf	1250	True		sub-05	V	s	s	0	sub-05/ses-04/eeg/sub-05_ses-04_task-MotorImageryRest_run-02_eeg.vhdr	f42068b29624572a40c437e2b5dc30dbef0e130def521bf4984893231e135ae8	True	unresolved	unresolved
sub-5	04	02	sub-5/ses-04/run-02/tsv-row-5	5	right_hand	2	34.552	5.0	8638	9888	sub-5/ses-04/eeg/sub-5_ses-04_task-imagery_run-02_eeg.edf	1250	True		sub-05	V	s	s	0	sub-05/ses-04/eeg/sub-05_ses-04_task-MotorImageryRest_run-02_eeg.vhdr	f42068b29624572a40c437e2b5dc30dbef0e130def521bf4984893231e135ae8	True	unresolved	unresolved
sub-5	04	02	sub-5/ses-04/run-02/tsv-row-6	6	rest	1	41.444	5.0	10361	11611	sub-5/ses-04/eeg/sub-5_ses-04_task-imagery_run-02_eeg.edf	1250	True		sub-05	V	s	s	0	sub-05/ses-04/eeg/sub-05_ses-04_task-MotorImageryRest_run-02_eeg.vhdr	f42068b29624572a40c437e2b5dc30dbef0e130def521bf4984893231e135ae8	True	unresolved	unresolved
sub-5	04	02	sub-5/ses-04/run-02/tsv-row-7	7	rest	1	48.328	5.0	12082	13332	sub-5/ses-04/eeg/sub-5_ses-04_task-imagery_run-02_eeg.edf	1250	True		sub-05	V	s	s	0	sub-05/ses-04/eeg/sub-05_ses-04_task-MotorImageryRest_run-02_eeg.vhdr	f42068b29624572a40c437e2b5dc30dbef0e130def521bf4984893231e135ae8	True	unresolved	unresolved
sub-5	04	02	sub-5/ses-04/run-02/tsv-row-8	8	right_hand	2	55.212	5.0	13803	15053	sub-5/ses-04/eeg/sub-5_ses-04_task-imagery_run-02_eeg.edf	1250	True		sub-05	V	s	s	0	sub-05/ses-04/eeg/sub-05_ses-04_task-MotorImageryRest_run-02_eeg.vhdr	f42068b29624572a40c437e2b5dc30dbef0e130def521bf4984893231e135ae8	True	unresolved	unresolved
sub-5	04	02	sub-5/ses-04/run-02/tsv-row-9	9	rest	1	62.104	5.0	15526	16776	sub-5/ses-04/eeg/sub-5_ses-04_task-imagery_run-02_eeg.edf	1250	True		sub-05	V	s	s	0	sub-05/ses-04/eeg/sub-05_ses-04_task-MotorImageryRest_run-02_eeg.vhdr	f42068b29624572a40c437e2b5dc30dbef0e130def521bf4984893231e135ae8	True	unresolved	unresolved
sub-5	04	02	sub-5/ses-04/run-02/tsv-row-10	10	right_hand	2	68.988	5.0	17247	18497	sub-5/ses-04/eeg/sub-5_ses-04_task-imagery_run-02_eeg.edf	1250	True		sub-05	V	s	s	0	sub-05/ses-04/eeg/sub-05_ses-04_task-MotorImageryRest_run-02_eeg.vhdr	f42068b29624572a40c437e2b5dc30dbef0e130def521bf4984893231e135ae8	True	unresolved	unresolved
sub-5	04	02	sub-5/ses-04/run-02/tsv-row-11	11	right_hand	2	75.892	5.0	18973	20223	sub-5/ses-04/eeg/sub-5_ses-04_task-imagery_run-02_eeg.edf	1250	True		sub-05	V	s	s	0	sub-05/ses-04/eeg/sub-05_ses-04_task-MotorImageryRest_run-02_eeg.vhdr	f42068b29624572a40c437e2b5dc30dbef0e130def521bf4984893231e135ae8	True	unresolved	unresolved
sub-5	04	02	sub-5/ses-04/run-02/tsv-row-12	12	rest	1	82.764	5.0	20691	21941	sub-5/ses-04/eeg/sub-5_ses-04_task-imagery_run-02_eeg.edf	1250	True		sub-05	V	s	s	0	sub-05/ses-04/eeg/sub-05_ses-04_task-MotorImageryRest_run-02_eeg.vhdr	f42068b29624572a40c437e2b5dc30dbef0e130def521bf4984893231e135ae8	True	unresolved	unresolved
sub-5	04	02	sub-5/ses-04/run-02/tsv-row-13	13	right_hand	2	89.648	5.0	22412	23662	sub-5/ses-04/eeg/sub-5_ses-04_task-imagery_run-02_eeg.edf	1250	True		sub-05	V	s	s	0	sub-05/ses-04/eeg/sub-05_ses-04_task-MotorImageryRest_run-02_eeg.vhdr	f42068b29624572a40c437e2b5dc30dbef0e130def521bf4984893231e135ae8	True	unresolved	unresolved
sub-5	04	02	sub-5/ses-04/run-02/tsv-row-14	14	rest	1	96.536	5.0	24134	25384	sub-5/ses-04/eeg/sub-5_ses-04_task-imagery_run-02_eeg.edf	1250	True		sub-05	V	s	s	0	sub-05/ses-04/eeg/sub-05_ses-04_task-MotorImageryRest_run-02_eeg.vhdr	f42068b29624572a40c437e2b5dc30dbef0e130def521bf4984893231e135ae8	True	unresolved	unresolved
sub-5	04	02	sub-5/ses-04/run-02/tsv-row-15	15	rest	1	103.44	5.0	25860	27110	sub-5/ses-04/eeg/sub-5_ses-04_task-imagery_run-02_eeg.edf	1250	True		sub-05	V	s	s	0	sub-05/ses-04/eeg/sub-05_ses-04_task-MotorImageryRest_run-02_eeg.vhdr	f42068b29624572a40c437e2b5dc30dbef0e130def521bf4984893231e135ae8	True	unresolved	unresolved
sub-5	04	02	sub-5/ses-04/run-02/tsv-row-16	16	right_hand	2	110.308	5.0	27577	28827	sub-5/ses-04/eeg/sub-5_ses-04_task-imagery_run-02_eeg.edf	1250	True		sub-05	V	s	s	0	sub-05/ses-04/eeg/sub-05_ses-04_task-MotorImageryRest_run-02_eeg.vhdr	f42068b29624572a40c437e2b5dc30dbef0e130def521bf4984893231e135ae8	True	unresolved	unresolved
sub-5	04	02	sub-5/ses-04/run-02/tsv-row-17	17	rest	1	117.196	5.0	29299	30549	sub-5/ses-04/eeg/sub-5_ses-04_task-imagery_run-02_eeg.edf	1250	True		sub-05	V	s	s	0	sub-05/ses-04/eeg/sub-05_ses-04_task-MotorImageryRest_run-02_eeg.vhdr	f42068b29624572a40c437e2b5dc30dbef0e130def521bf4984893231e135ae8	True	unresolved	unresolved
sub-5	04	02	sub-5/ses-04/run-02/tsv-row-18	18	right_hand	2	124.1	5.0	31025	32275	sub-5/ses-04/eeg/sub-5_ses-04_task-imagery_run-02_eeg.edf	1250	True		sub-05	V	s	s	0	sub-05/ses-04/eeg/sub-05_ses-04_task-MotorImageryRest_run-02_eeg.vhdr	f42068b29624572a40c437e2b5dc30dbef0e130def521bf4984893231e135ae8	True	unresolved	unresolved
sub-5	04	02	sub-5/ses-04/run-02/tsv-row-19	19	rest	1	130.988	5.0	32747	33997	sub-5/ses-04/eeg/sub-5_ses-04_task-imagery_run-02_eeg.edf	1250	True		sub-05	V	s	s	0	sub-05/ses-04/eeg/sub-05_ses-04_task-MotorImageryRest_run-02_eeg.vhdr	f42068b29624572a40c437e2b5dc30dbef0e130def521bf4984893231e135ae8	True	unresolved	unresolved
sub-5	04	02	sub-5/ses-04/run-02/tsv-row-20	20	right_hand	2	137.856	5.0	34464	35714	sub-5/ses-04/eeg/sub-5_ses-04_task-imagery_run-02_eeg.edf	1250	True		sub-05	V	s	s	0	sub-05/ses-04/eeg/sub-05_ses-04_task-MotorImageryRest_run-02_eeg.vhdr	f42068b29624572a40c437e2b5dc30dbef0e130def521bf4984893231e135ae8	True	unresolved	unresolved
sub-5	04	02	sub-5/ses-04/run-02/tsv-row-21	21	rest	1	144.76	5.0	36190	37440	sub-5/ses-04/eeg/sub-5_ses-04_task-imagery_run-02_eeg.edf	1250	True		sub-05	V	s	s	0	sub-05/ses-04/eeg/sub-05_ses-04_task-MotorImageryRest_run-02_eeg.vhdr	f42068b29624572a40c437e2b5dc30dbef0e130def521bf4984893231e135ae8	True	unresolved	unresolved
sub-5	04	02	sub-5/ses-04/run-02/tsv-row-22	22	right_hand	2	151.644	5.0	37911	39161	sub-5/ses-04/eeg/sub-5_ses-04_task-imagery_run-02_eeg.edf	1250	True		sub-05	V	s	s	0	sub-05/ses-04/eeg/sub-05_ses-04_task-MotorImageryRest_run-02_eeg.vhdr	f42068b29624572a40c437e2b5dc30dbef0e130def521bf4984893231e135ae8	True	unresolved	unresolved
sub-5	04	02	sub-5/ses-04/run-02/tsv-row-23	23	right_hand	2	158.532	5.0	39633	40883	sub-5/ses-04/eeg/sub-5_ses-04_task-imagery_run-02_eeg.edf	1250	True		sub-05	V	s	s	0	sub-05/ses-04/eeg/sub-05_ses-04_task-MotorImageryRest_run-02_eeg.vhdr	f42068b29624572a40c437e2b5dc30dbef0e130def521bf4984893231e135ae8	True	unresolved	unresolved
sub-5	04	02	sub-5/ses-04/run-02/tsv-row-24	24	rest	1	165.42	5.0	41355	42605	sub-5/ses-04/eeg/sub-5_ses-04_task-imagery_run-02_eeg.edf	1250	True		sub-05	V	s	s	0	sub-05/ses-04/eeg/sub-05_ses-04_task-MotorImageryRest_run-02_eeg.vhdr	f42068b29624572a40c437e2b5dc30dbef0e130def521bf4984893231e135ae8	True	unresolved	unresolved
sub-5	04	02	sub-5/ses-04/run-02/tsv-row-25	25	rest	1	172.308	5.0	43077	44327	sub-5/ses-04/eeg/sub-5_ses-04_task-imagery_run-02_eeg.edf	1250	True		sub-05	V	s	s	0	sub-05/ses-04/eeg/sub-05_ses-04_task-MotorImageryRest_run-02_eeg.vhdr	f42068b29624572a40c437e2b5dc30dbef0e130def521bf4984893231e135ae8	True	unresolved	unresolved
sub-5	04	02	sub-5/ses-04/run-02/tsv-row-26	26	right_hand	2	179.192	5.0	44798	46048	sub-5/ses-04/eeg/sub-5_ses-04_task-imagery_run-02_eeg.edf	1250	True		sub-05	V	s	s	0	sub-05/ses-04/eeg/sub-05_ses-04_task-MotorImageryRest_run-02_eeg.vhdr	f42068b29624572a40c437e2b5dc30dbef0e130def521bf4984893231e135ae8	True	unresolved	unresolved
sub-5	04	02	sub-5/ses-04/run-02/tsv-row-27	27	rest	1	186.1	5.0	46525	47775	sub-5/ses-04/eeg/sub-5_ses-04_task-imagery_run-02_eeg.edf	1250	True		sub-05	V	s	s	0	sub-05/ses-04/eeg/sub-05_ses-04_task-MotorImageryRest_run-02_eeg.vhdr	f42068b29624572a40c437e2b5dc30dbef0e130def521bf4984893231e135ae8	True	unresolved	unresolved
sub-5	04	02	sub-5/ses-04/run-02/tsv-row-28	28	right_hand	2	192.968	5.0	48242	49492	sub-5/ses-04/eeg/sub-5_ses-04_task-imagery_run-02_eeg.edf	1250	True		sub-05	V	s	s	0	sub-05/ses-04/eeg/sub-05_ses-04_task-MotorImageryRest_run-02_eeg.vhdr	f42068b29624572a40c437e2b5dc30dbef0e130def521bf4984893231e135ae8	True	unresolved	unresolved
sub-5	04	02	sub-5/ses-04/run-02/tsv-row-29	29	right_hand	2	199.852	5.0	49963	51213	sub-5/ses-04/eeg/sub-5_ses-04_task-imagery_run-02_eeg.edf	1250	True		sub-05	V	s	s	0	sub-05/ses-04/eeg/sub-05_ses-04_task-MotorImageryRest_run-02_eeg.vhdr	f42068b29624572a40c437e2b5dc30dbef0e130def521bf4984893231e135ae8	True	unresolved	unresolved
sub-5	04	02	sub-5/ses-04/run-02/tsv-row-30	30	rest	1	206.76	5.0	51690	52940	sub-5/ses-04/eeg/sub-5_ses-04_task-imagery_run-02_eeg.edf	1250	True		sub-05	V	s	s	0	sub-05/ses-04/eeg/sub-05_ses-04_task-MotorImageryRest_run-02_eeg.vhdr	f42068b29624572a40c437e2b5dc30dbef0e130def521bf4984893231e135ae8	True	unresolved	unresolved
sub-5	04	02	sub-5/ses-04/run-02/tsv-row-31	31	rest	1	213.644	5.0	53411	54661	sub-5/ses-04/eeg/sub-5_ses-04_task-imagery_run-02_eeg.edf	1250	True		sub-05	V	s	s	0	sub-05/ses-04/eeg/sub-05_ses-04_task-MotorImageryRest_run-02_eeg.vhdr	f42068b29624572a40c437e2b5dc30dbef0e130def521bf4984893231e135ae8	True	unresolved	unresolved
sub-5	04	02	sub-5/ses-04/run-02/tsv-row-32	32	right_hand	2	220.512	5.0	55128	56378	sub-5/ses-04/eeg/sub-5_ses-04_task-imagery_run-02_eeg.edf	1250	True		sub-05	V	s	s	0	sub-05/ses-04/eeg/sub-05_ses-04_task-MotorImageryRest_run-02_eeg.vhdr	f42068b29624572a40c437e2b5dc30dbef0e130def521bf4984893231e135ae8	True	unresolved	unresolved
sub-5	04	03	sub-5/ses-04/run-03/tsv-row-1	1	right_hand	2	6.936	5.0	1734	2984	sub-5/ses-04/eeg/sub-5_ses-04_task-imagery_run-03_eeg.edf	1250	True		sub-05	V	s	s	0	sub-05/ses-04/eeg/sub-05_ses-04_task-MotorImageryRest_run-03_eeg.vhdr	a1a49260f7bce8f04d0a5bce3b111ae1fd4c31f41818c5ebe75098f06ca3ec22	True	unresolved	unresolved
sub-5	04	03	sub-5/ses-04/run-03/tsv-row-2	2	rest	1	13.828	5.0	3457	4707	sub-5/ses-04/eeg/sub-5_ses-04_task-imagery_run-03_eeg.edf	1250	True		sub-05	V	s	s	0	sub-05/ses-04/eeg/sub-05_ses-04_task-MotorImageryRest_run-03_eeg.vhdr	a1a49260f7bce8f04d0a5bce3b111ae1fd4c31f41818c5ebe75098f06ca3ec22	True	unresolved	unresolved
sub-5	04	03	sub-5/ses-04/run-03/tsv-row-3	3	right_hand	2	20.728	5.0	5182	6432	sub-5/ses-04/eeg/sub-5_ses-04_task-imagery_run-03_eeg.edf	1250	True		sub-05	V	s	s	0	sub-05/ses-04/eeg/sub-05_ses-04_task-MotorImageryRest_run-03_eeg.vhdr	a1a49260f7bce8f04d0a5bce3b111ae1fd4c31f41818c5ebe75098f06ca3ec22	True	unresolved	unresolved
sub-5	04	03	sub-5/ses-04/run-03/tsv-row-4	4	rest	1	27.6	5.0	6900	8150	sub-5/ses-04/eeg/sub-5_ses-04_task-imagery_run-03_eeg.edf	1250	True		sub-05	V	s	s	0	sub-05/ses-04/eeg/sub-05_ses-04_task-MotorImageryRest_run-03_eeg.vhdr	a1a49260f7bce8f04d0a5bce3b111ae1fd4c31f41818c5ebe75098f06ca3ec22	True	unresolved	unresolved
sub-5	04	03	sub-5/ses-04/run-03/tsv-row-5	5	rest	1	34.504	5.0	8626	9876	sub-5/ses-04/eeg/sub-5_ses-04_task-imagery_run-03_eeg.edf	1250	True		sub-05	V	s	s	0	sub-05/ses-04/eeg/sub-05_ses-04_task-MotorImageryRest_run-03_eeg.vhdr	a1a49260f7bce8f04d0a5bce3b111ae1fd4c31f41818c5ebe75098f06ca3ec22	True	unresolved	unresolved
sub-5	04	03	sub-5/ses-04/run-03/tsv-row-6	6	right_hand	2	41.372	5.0	10343	11593	sub-5/ses-04/eeg/sub-5_ses-04_task-imagery_run-03_eeg.edf	1250	True		sub-05	V	s	s	0	sub-05/ses-04/eeg/sub-05_ses-04_task-MotorImageryRest_run-03_eeg.vhdr	a1a49260f7bce8f04d0a5bce3b111ae1fd4c31f41818c5ebe75098f06ca3ec22	True	unresolved	unresolved
sub-5	04	03	sub-5/ses-04/run-03/tsv-row-7	7	rest	1	48.276	5.0	12069	13319	sub-5/ses-04/eeg/sub-5_ses-04_task-imagery_run-03_eeg.edf	1250	True		sub-05	V	s	s	0	sub-05/ses-04/eeg/sub-05_ses-04_task-MotorImageryRest_run-03_eeg.vhdr	a1a49260f7bce8f04d0a5bce3b111ae1fd4c31f41818c5ebe75098f06ca3ec22	True	unresolved	unresolved
sub-5	04	03	sub-5/ses-04/run-03/tsv-row-8	8	right_hand	2	55.16	5.0	13790	15040	sub-5/ses-04/eeg/sub-5_ses-04_task-imagery_run-03_eeg.edf	1250	True		sub-05	V	s	s	0	sub-05/ses-04/eeg/sub-05_ses-04_task-MotorImageryRest_run-03_eeg.vhdr	a1a49260f7bce8f04d0a5bce3b111ae1fd4c31f41818c5ebe75098f06ca3ec22	True	unresolved	unresolved
sub-5	04	03	sub-5/ses-04/run-03/tsv-row-9	9	rest	1	62.036	5.0	15509	16759	sub-5/ses-04/eeg/sub-5_ses-04_task-imagery_run-03_eeg.edf	1250	True		sub-05	V	s	s	0	sub-05/ses-04/eeg/sub-05_ses-04_task-MotorImageryRest_run-03_eeg.vhdr	a1a49260f7bce8f04d0a5bce3b111ae1fd4c31f41818c5ebe75098f06ca3ec22	True	unresolved	unresolved
sub-5	04	03	sub-5/ses-04/run-03/tsv-row-10	10	right_hand	2	68.936	5.0	17234	18484	sub-5/ses-04/eeg/sub-5_ses-04_task-imagery_run-03_eeg.edf	1250	True		sub-05	V	s	s	0	sub-05/ses-04/eeg/sub-05_ses-04_task-MotorImageryRest_run-03_eeg.vhdr	a1a49260f7bce8f04d0a5bce3b111ae1fd4c31f41818c5ebe75098f06ca3ec22	True	unresolved	unresolved
sub-5	04	03	sub-5/ses-04/run-03/tsv-row-11	11	right_hand	2	75.824	5.0	18956	20206	sub-5/ses-04/eeg/sub-5_ses-04_task-imagery_run-03_eeg.edf	1250	True		sub-05	V	s	s	0	sub-05/ses-04/eeg/sub-05_ses-04_task-MotorImageryRest_run-03_eeg.vhdr	a1a49260f7bce8f04d0a5bce3b111ae1fd4c31f41818c5ebe75098f06ca3ec22	True	unresolved	unresolved
sub-5	04	03	sub-5/ses-04/run-03/tsv-row-12	12	rest	1	82.712	5.0	20678	21928	sub-5/ses-04/eeg/sub-5_ses-04_task-imagery_run-03_eeg.edf	1250	True		sub-05	V	s	s	0	sub-05/ses-04/eeg/sub-05_ses-04_task-MotorImageryRest_run-03_eeg.vhdr	a1a49260f7bce8f04d0a5bce3b111ae1fd4c31f41818c5ebe75098f06ca3ec22	True	unresolved	unresolved
sub-5	04	03	sub-5/ses-04/run-03/tsv-row-13	13	rest	1	89.6	5.0	22400	23650	sub-5/ses-04/eeg/sub-5_ses-04_task-imagery_run-03_eeg.edf	1250	True		sub-05	V	s	s	0	sub-05/ses-04/eeg/sub-05_ses-04_task-MotorImageryRest_run-03_eeg.vhdr	a1a49260f7bce8f04d0a5bce3b111ae1fd4c31f41818c5ebe75098f06ca3ec22	True	unresolved	unresolved
sub-5	04	03	sub-5/ses-04/run-03/tsv-row-14	14	right_hand	2	96.484	5.0	24121	25371	sub-5/ses-04/eeg/sub-5_ses-04_task-imagery_run-03_eeg.edf	1250	True		sub-05	V	s	s	0	sub-05/ses-04/eeg/sub-05_ses-04_task-MotorImageryRest_run-03_eeg.vhdr	a1a49260f7bce8f04d0a5bce3b111ae1fd4c31f41818c5ebe75098f06ca3ec22	True	unresolved	unresolved
sub-5	04	03	sub-5/ses-04/run-03/tsv-row-15	15	right_hand	2	103.388	5.0	25847	27097	sub-5/ses-04/eeg/sub-5_ses-04_task-imagery_run-03_eeg.edf	1250	True		sub-05	V	s	s	0	sub-05/ses-04/eeg/sub-05_ses-04_task-MotorImageryRest_run-03_eeg.vhdr	a1a49260f7bce8f04d0a5bce3b111ae1fd4c31f41818c5ebe75098f06ca3ec22	True	unresolved	unresolved
sub-5	04	03	sub-5/ses-04/run-03/tsv-row-16	16	rest	1	110.26	5.0	27565	28815	sub-5/ses-04/eeg/sub-5_ses-04_task-imagery_run-03_eeg.edf	1250	True		sub-05	V	s	s	0	sub-05/ses-04/eeg/sub-05_ses-04_task-MotorImageryRest_run-03_eeg.vhdr	a1a49260f7bce8f04d0a5bce3b111ae1fd4c31f41818c5ebe75098f06ca3ec22	True	unresolved	unresolved
sub-5	04	03	sub-5/ses-04/run-03/tsv-row-17	17	rest	1	117.16	5.0	29290	30540	sub-5/ses-04/eeg/sub-5_ses-04_task-imagery_run-03_eeg.edf	1250	True		sub-05	V	s	s	0	sub-05/ses-04/eeg/sub-05_ses-04_task-MotorImageryRest_run-03_eeg.vhdr	a1a49260f7bce8f04d0a5bce3b111ae1fd4c31f41818c5ebe75098f06ca3ec22	True	unresolved	unresolved
sub-5	04	03	sub-5/ses-04/run-03/tsv-row-18	18	right_hand	2	124.032	5.0	31008	32258	sub-5/ses-04/eeg/sub-5_ses-04_task-imagery_run-03_eeg.edf	1250	True		sub-05	V	s	s	0	sub-05/ses-04/eeg/sub-05_ses-04_task-MotorImageryRest_run-03_eeg.vhdr	a1a49260f7bce8f04d0a5bce3b111ae1fd4c31f41818c5ebe75098f06ca3ec22	True	unresolved	unresolved
sub-5	04	03	sub-5/ses-04/run-03/tsv-row-19	19	right_hand	2	130.932	5.0	32733	33983	sub-5/ses-04/eeg/sub-5_ses-04_task-imagery_run-03_eeg.edf	1250	True		sub-05	V	s	s	0	sub-05/ses-04/eeg/sub-05_ses-04_task-MotorImageryRest_run-03_eeg.vhdr	a1a49260f7bce8f04d0a5bce3b111ae1fd4c31f41818c5ebe75098f06ca3ec22	True	unresolved	unresolved
sub-5	04	03	sub-5/ses-04/run-03/tsv-row-20	20	rest	1	137.824	5.0	34456	35706	sub-5/ses-04/eeg/sub-5_ses-04_task-imagery_run-03_eeg.edf	1250	True		sub-05	V	s	s	0	sub-05/ses-04/eeg/sub-05_ses-04_task-MotorImageryRest_run-03_eeg.vhdr	a1a49260f7bce8f04d0a5bce3b111ae1fd4c31f41818c5ebe75098f06ca3ec22	True	unresolved	unresolved
sub-5	04	03	sub-5/ses-04/run-03/tsv-row-21	21	rest	1	144.692	5.0	36173	37423	sub-5/ses-04/eeg/sub-5_ses-04_task-imagery_run-03_eeg.edf	1250	True		sub-05	V	s	s	0	sub-05/ses-04/eeg/sub-05_ses-04_task-MotorImageryRest_run-03_eeg.vhdr	a1a49260f7bce8f04d0a5bce3b111ae1fd4c31f41818c5ebe75098f06ca3ec22	True	unresolved	unresolved
sub-5	04	03	sub-5/ses-04/run-03/tsv-row-22	22	right_hand	2	151.592	5.0	37898	39148	sub-5/ses-04/eeg/sub-5_ses-04_task-imagery_run-03_eeg.edf	1250	True		sub-05	V	s	s	0	sub-05/ses-04/eeg/sub-05_ses-04_task-MotorImageryRest_run-03_eeg.vhdr	a1a49260f7bce8f04d0a5bce3b111ae1fd4c31f41818c5ebe75098f06ca3ec22	True	unresolved	unresolved
sub-5	04	03	sub-5/ses-04/run-03/tsv-row-23	23	right_hand	2	158.48	5.0	39620	40870	sub-5/ses-04/eeg/sub-5_ses-04_task-imagery_run-03_eeg.edf	1250	True		sub-05	V	s	s	0	sub-05/ses-04/eeg/sub-05_ses-04_task-MotorImageryRest_run-03_eeg.vhdr	a1a49260f7bce8f04d0a5bce3b111ae1fd4c31f41818c5ebe75098f06ca3ec22	True	unresolved	unresolved
sub-5	04	03	sub-5/ses-04/run-03/tsv-row-24	24	rest	1	165.368	5.0	41342	42592	sub-5/ses-04/eeg/sub-5_ses-04_task-imagery_run-03_eeg.edf	1250	True		sub-05	V	s	s	0	sub-05/ses-04/eeg/sub-05_ses-04_task-MotorImageryRest_run-03_eeg.vhdr	a1a49260f7bce8f04d0a5bce3b111ae1fd4c31f41818c5ebe75098f06ca3ec22	True	unresolved	unresolved
sub-5	04	03	sub-5/ses-04/run-03/tsv-row-25	25	rest	1	172.256	5.0	43064	44314	sub-5/ses-04/eeg/sub-5_ses-04_task-imagery_run-03_eeg.edf	1250	True		sub-05	V	s	s	0	sub-05/ses-04/eeg/sub-05_ses-04_task-MotorImageryRest_run-03_eeg.vhdr	a1a49260f7bce8f04d0a5bce3b111ae1fd4c31f41818c5ebe75098f06ca3ec22	True	unresolved	unresolved
sub-5	04	03	sub-5/ses-04/run-03/tsv-row-26	26	right_hand	2	179.14	5.0	44785	46035	sub-5/ses-04/eeg/sub-5_ses-04_task-imagery_run-03_eeg.edf	1250	True		sub-05	V	s	s	0	sub-05/ses-04/eeg/sub-05_ses-04_task-MotorImageryRest_run-03_eeg.vhdr	a1a49260f7bce8f04d0a5bce3b111ae1fd4c31f41818c5ebe75098f06ca3ec22	True	unresolved	unresolved
sub-5	04	03	sub-5/ses-04/run-03/tsv-row-27	27	right_hand	2	186.028	5.0	46507	47757	sub-5/ses-04/eeg/sub-5_ses-04_task-imagery_run-03_eeg.edf	1250	True		sub-05	V	s	s	0	sub-05/ses-04/eeg/sub-05_ses-04_task-MotorImageryRest_run-03_eeg.vhdr	a1a49260f7bce8f04d0a5bce3b111ae1fd4c31f41818c5ebe75098f06ca3ec22	True	unresolved	unresolved
sub-5	04	03	sub-5/ses-04/run-03/tsv-row-28	28	rest	1	192.916	5.0	48229	49479	sub-5/ses-04/eeg/sub-5_ses-04_task-imagery_run-03_eeg.edf	1250	True		sub-05	V	s	s	0	sub-05/ses-04/eeg/sub-05_ses-04_task-MotorImageryRest_run-03_eeg.vhdr	a1a49260f7bce8f04d0a5bce3b111ae1fd4c31f41818c5ebe75098f06ca3ec22	True	unresolved	unresolved
sub-5	04	03	sub-5/ses-04/run-03/tsv-row-29	29	right_hand	2	199.8	5.0	49950	51200	sub-5/ses-04/eeg/sub-5_ses-04_task-imagery_run-03_eeg.edf	1250	True		sub-05	V	s	s	0	sub-05/ses-04/eeg/sub-05_ses-04_task-MotorImageryRest_run-03_eeg.vhdr	a1a49260f7bce8f04d0a5bce3b111ae1fd4c31f41818c5ebe75098f06ca3ec22	True	unresolved	unresolved
sub-5	04	03	sub-5/ses-04/run-03/tsv-row-30	30	rest	1	206.692	5.0	51673	52923	sub-5/ses-04/eeg/sub-5_ses-04_task-imagery_run-03_eeg.edf	1250	True		sub-05	V	s	s	0	sub-05/ses-04/eeg/sub-05_ses-04_task-MotorImageryRest_run-03_eeg.vhdr	a1a49260f7bce8f04d0a5bce3b111ae1fd4c31f41818c5ebe75098f06ca3ec22	True	unresolved	unresolved
sub-5	04	03	sub-5/ses-04/run-03/tsv-row-31	31	right_hand	2	213.576	5.0	53394	54644	sub-5/ses-04/eeg/sub-5_ses-04_task-imagery_run-03_eeg.edf	1250	True		sub-05	V	s	s	0	sub-05/ses-04/eeg/sub-05_ses-04_task-MotorImageryRest_run-03_eeg.vhdr	a1a49260f7bce8f04d0a5bce3b111ae1fd4c31f41818c5ebe75098f06ca3ec22	True	unresolved	unresolved
sub-5	04	03	sub-5/ses-04/run-03/tsv-row-32	32	rest	1	220.48	5.0	55120	56370	sub-5/ses-04/eeg/sub-5_ses-04_task-imagery_run-03_eeg.edf	1250	True		sub-05	V	s	s	0	sub-05/ses-04/eeg/sub-05_ses-04_task-MotorImageryRest_run-03_eeg.vhdr	a1a49260f7bce8f04d0a5bce3b111ae1fd4c31f41818c5ebe75098f06ca3ec22	True	unresolved	unresolved
sub-5	04	04	sub-5/ses-04/run-04/tsv-row-1	1	rest	1	6.864	5.0	1716	2966	sub-5/ses-04/eeg/sub-5_ses-04_task-imagery_run-04_eeg.edf	1250	True		sub-05	V	s	s	0	sub-05/ses-04/eeg/sub-05_ses-04_task-MotorImageryRest_run-04_eeg.vhdr	a697d791020346e962685b2a8a674b6b360a947a13a014697f8dfc7f31d3837f	True	unresolved	unresolved
sub-5	04	04	sub-5/ses-04/run-04/tsv-row-2	2	right_hand	2	13.736	5.0	3434	4684	sub-5/ses-04/eeg/sub-5_ses-04_task-imagery_run-04_eeg.edf	1250	True		sub-05	V	s	s	0	sub-05/ses-04/eeg/sub-05_ses-04_task-MotorImageryRest_run-04_eeg.vhdr	a697d791020346e962685b2a8a674b6b360a947a13a014697f8dfc7f31d3837f	True	unresolved	unresolved
sub-5	04	04	sub-5/ses-04/run-04/tsv-row-3	3	rest	1	20.624	5.0	5156	6406	sub-5/ses-04/eeg/sub-5_ses-04_task-imagery_run-04_eeg.edf	1250	True		sub-05	V	s	s	0	sub-05/ses-04/eeg/sub-05_ses-04_task-MotorImageryRest_run-04_eeg.vhdr	a697d791020346e962685b2a8a674b6b360a947a13a014697f8dfc7f31d3837f	True	unresolved	unresolved
sub-5	04	04	sub-5/ses-04/run-04/tsv-row-4	4	right_hand	2	27.528	5.0	6882	8132	sub-5/ses-04/eeg/sub-5_ses-04_task-imagery_run-04_eeg.edf	1250	True		sub-05	V	s	s	0	sub-05/ses-04/eeg/sub-05_ses-04_task-MotorImageryRest_run-04_eeg.vhdr	a697d791020346e962685b2a8a674b6b360a947a13a014697f8dfc7f31d3837f	True	unresolved	unresolved
sub-5	04	04	sub-5/ses-04/run-04/tsv-row-5	5	rest	1	34.416	5.0	8604	9854	sub-5/ses-04/eeg/sub-5_ses-04_task-imagery_run-04_eeg.edf	1250	True		sub-05	V	s	s	0	sub-05/ses-04/eeg/sub-05_ses-04_task-MotorImageryRest_run-04_eeg.vhdr	a697d791020346e962685b2a8a674b6b360a947a13a014697f8dfc7f31d3837f	True	unresolved	unresolved
sub-5	04	04	sub-5/ses-04/run-04/tsv-row-6	6	right_hand	2	41.284	5.0	10321	11571	sub-5/ses-04/eeg/sub-5_ses-04_task-imagery_run-04_eeg.edf	1250	True		sub-05	V	s	s	0	sub-05/ses-04/eeg/sub-05_ses-04_task-MotorImageryRest_run-04_eeg.vhdr	a697d791020346e962685b2a8a674b6b360a947a13a014697f8dfc7f31d3837f	True	unresolved	unresolved
sub-5	04	04	sub-5/ses-04/run-04/tsv-row-7	7	right_hand	2	48.188	5.0	12047	13297	sub-5/ses-04/eeg/sub-5_ses-04_task-imagery_run-04_eeg.edf	1250	True		sub-05	V	s	s	0	sub-05/ses-04/eeg/sub-05_ses-04_task-MotorImageryRest_run-04_eeg.vhdr	a697d791020346e962685b2a8a674b6b360a947a13a014697f8dfc7f31d3837f	True	unresolved	unresolved
sub-5	04	04	sub-5/ses-04/run-04/tsv-row-8	8	rest	1	55.076	5.0	13769	15019	sub-5/ses-04/eeg/sub-5_ses-04_task-imagery_run-04_eeg.edf	1250	True		sub-05	V	s	s	0	sub-05/ses-04/eeg/sub-05_ses-04_task-MotorImageryRest_run-04_eeg.vhdr	a697d791020346e962685b2a8a674b6b360a947a13a014697f8dfc7f31d3837f	True	unresolved	unresolved
sub-5	04	04	sub-5/ses-04/run-04/tsv-row-9	9	right_hand	2	61.96	5.0	15490	16740	sub-5/ses-04/eeg/sub-5_ses-04_task-imagery_run-04_eeg.edf	1250	True		sub-05	V	s	s	0	sub-05/ses-04/eeg/sub-05_ses-04_task-MotorImageryRest_run-04_eeg.vhdr	a697d791020346e962685b2a8a674b6b360a947a13a014697f8dfc7f31d3837f	True	unresolved	unresolved
sub-5	04	04	sub-5/ses-04/run-04/tsv-row-10	10	rest	1	68.848	5.0	17212	18462	sub-5/ses-04/eeg/sub-5_ses-04_task-imagery_run-04_eeg.edf	1250	True		sub-05	V	s	s	0	sub-05/ses-04/eeg/sub-05_ses-04_task-MotorImageryRest_run-04_eeg.vhdr	a697d791020346e962685b2a8a674b6b360a947a13a014697f8dfc7f31d3837f	True	unresolved	unresolved
sub-5	04	04	sub-5/ses-04/run-04/tsv-row-11	11	right_hand	2	75.736	5.0	18934	20184	sub-5/ses-04/eeg/sub-5_ses-04_task-imagery_run-04_eeg.edf	1250	True		sub-05	V	s	s	0	sub-05/ses-04/eeg/sub-05_ses-04_task-MotorImageryRest_run-04_eeg.vhdr	a697d791020346e962685b2a8a674b6b360a947a13a014697f8dfc7f31d3837f	True	unresolved	unresolved
sub-5	04	04	sub-5/ses-04/run-04/tsv-row-12	12	rest	1	82.624	5.0	20656	21906	sub-5/ses-04/eeg/sub-5_ses-04_task-imagery_run-04_eeg.edf	1250	True		sub-05	V	s	s	0	sub-05/ses-04/eeg/sub-05_ses-04_task-MotorImageryRest_run-04_eeg.vhdr	a697d791020346e962685b2a8a674b6b360a947a13a014697f8dfc7f31d3837f	True	unresolved	unresolved
sub-5	04	04	sub-5/ses-04/run-04/tsv-row-13	13	right_hand	2	89.524	5.0	22381	23631	sub-5/ses-04/eeg/sub-5_ses-04_task-imagery_run-04_eeg.edf	1250	True		sub-05	V	s	s	0	sub-05/ses-04/eeg/sub-05_ses-04_task-MotorImageryRest_run-04_eeg.vhdr	a697d791020346e962685b2a8a674b6b360a947a13a014697f8dfc7f31d3837f	True	unresolved	unresolved
sub-5	04	04	sub-5/ses-04/run-04/tsv-row-14	14	rest	1	96.396	5.0	24099	25349	sub-5/ses-04/eeg/sub-5_ses-04_task-imagery_run-04_eeg.edf	1250	True		sub-05	V	s	s	0	sub-05/ses-04/eeg/sub-05_ses-04_task-MotorImageryRest_run-04_eeg.vhdr	a697d791020346e962685b2a8a674b6b360a947a13a014697f8dfc7f31d3837f	True	unresolved	unresolved
sub-5	04	04	sub-5/ses-04/run-04/tsv-row-15	15	rest	1	103.3	5.0	25825	27075	sub-5/ses-04/eeg/sub-5_ses-04_task-imagery_run-04_eeg.edf	1250	True		sub-05	V	s	s	0	sub-05/ses-04/eeg/sub-05_ses-04_task-MotorImageryRest_run-04_eeg.vhdr	a697d791020346e962685b2a8a674b6b360a947a13a014697f8dfc7f31d3837f	True	unresolved	unresolved
sub-5	04	04	sub-5/ses-04/run-04/tsv-row-16	16	right_hand	2	110.168	5.0	27542	28792	sub-5/ses-04/eeg/sub-5_ses-04_task-imagery_run-04_eeg.edf	1250	True		sub-05	V	s	s	0	sub-05/ses-04/eeg/sub-05_ses-04_task-MotorImageryRest_run-04_eeg.vhdr	a697d791020346e962685b2a8a674b6b360a947a13a014697f8dfc7f31d3837f	True	unresolved	unresolved
sub-5	04	04	sub-5/ses-04/run-04/tsv-row-17	17	rest	1	117.072	5.0	29268	30518	sub-5/ses-04/eeg/sub-5_ses-04_task-imagery_run-04_eeg.edf	1250	True		sub-05	V	s	s	0	sub-05/ses-04/eeg/sub-05_ses-04_task-MotorImageryRest_run-04_eeg.vhdr	a697d791020346e962685b2a8a674b6b360a947a13a014697f8dfc7f31d3837f	True	unresolved	unresolved
sub-5	04	04	sub-5/ses-04/run-04/tsv-row-18	18	right_hand	2	123.944	5.0	30986	32236	sub-5/ses-04/eeg/sub-5_ses-04_task-imagery_run-04_eeg.edf	1250	True		sub-05	V	s	s	0	sub-05/ses-04/eeg/sub-05_ses-04_task-MotorImageryRest_run-04_eeg.vhdr	a697d791020346e962685b2a8a674b6b360a947a13a014697f8dfc7f31d3837f	True	unresolved	unresolved
sub-5	04	04	sub-5/ses-04/run-04/tsv-row-19	19	right_hand	2	130.844	5.0	32711	33961	sub-5/ses-04/eeg/sub-5_ses-04_task-imagery_run-04_eeg.edf	1250	True		sub-05	V	s	s	0	sub-05/ses-04/eeg/sub-05_ses-04_task-MotorImageryRest_run-04_eeg.vhdr	a697d791020346e962685b2a8a674b6b360a947a13a014697f8dfc7f31d3837f	True	unresolved	unresolved
sub-5	04	04	sub-5/ses-04/run-04/tsv-row-20	20	rest	1	137.736	5.0	34434	35684	sub-5/ses-04/eeg/sub-5_ses-04_task-imagery_run-04_eeg.edf	1250	True		sub-05	V	s	s	0	sub-05/ses-04/eeg/sub-05_ses-04_task-MotorImageryRest_run-04_eeg.vhdr	a697d791020346e962685b2a8a674b6b360a947a13a014697f8dfc7f31d3837f	True	unresolved	unresolved
sub-5	04	04	sub-5/ses-04/run-04/tsv-row-21	21	right_hand	2	144.62	5.0	36155	37405	sub-5/ses-04/eeg/sub-5_ses-04_task-imagery_run-04_eeg.edf	1250	True		sub-05	V	s	s	0	sub-05/ses-04/eeg/sub-05_ses-04_task-MotorImageryRest_run-04_eeg.vhdr	a697d791020346e962685b2a8a674b6b360a947a13a014697f8dfc7f31d3837f	True	unresolved	unresolved
sub-5	04	04	sub-5/ses-04/run-04/tsv-row-22	22	rest	1	151.492	5.0	37873	39123	sub-5/ses-04/eeg/sub-5_ses-04_task-imagery_run-04_eeg.edf	1250	True		sub-05	V	s	s	0	sub-05/ses-04/eeg/sub-05_ses-04_task-MotorImageryRest_run-04_eeg.vhdr	a697d791020346e962685b2a8a674b6b360a947a13a014697f8dfc7f31d3837f	True	unresolved	unresolved
sub-5	04	04	sub-5/ses-04/run-04/tsv-row-23	23	right_hand	2	158.392	5.0	39598	40848	sub-5/ses-04/eeg/sub-5_ses-04_task-imagery_run-04_eeg.edf	1250	True		sub-05	V	s	s	0	sub-05/ses-04/eeg/sub-05_ses-04_task-MotorImageryRest_run-04_eeg.vhdr	a697d791020346e962685b2a8a674b6b360a947a13a014697f8dfc7f31d3837f	True	unresolved	unresolved
sub-5	04	04	sub-5/ses-04/run-04/tsv-row-24	24	rest	1	165.28	5.0	41320	42570	sub-5/ses-04/eeg/sub-5_ses-04_task-imagery_run-04_eeg.edf	1250	True		sub-05	V	s	s	0	sub-05/ses-04/eeg/sub-05_ses-04_task-MotorImageryRest_run-04_eeg.vhdr	a697d791020346e962685b2a8a674b6b360a947a13a014697f8dfc7f31d3837f	True	unresolved	unresolved
sub-5	04	04	sub-5/ses-04/run-04/tsv-row-25	25	right_hand	2	172.168	5.0	43042	44292	sub-5/ses-04/eeg/sub-5_ses-04_task-imagery_run-04_eeg.edf	1250	True		sub-05	V	s	s	0	sub-05/ses-04/eeg/sub-05_ses-04_task-MotorImageryRest_run-04_eeg.vhdr	a697d791020346e962685b2a8a674b6b360a947a13a014697f8dfc7f31d3837f	True	unresolved	unresolved
sub-5	04	04	sub-5/ses-04/run-04/tsv-row-26	26	rest	1	179.056	5.0	44764	46014	sub-5/ses-04/eeg/sub-5_ses-04_task-imagery_run-04_eeg.edf	1250	True		sub-05	V	s	s	0	sub-05/ses-04/eeg/sub-05_ses-04_task-MotorImageryRest_run-04_eeg.vhdr	a697d791020346e962685b2a8a674b6b360a947a13a014697f8dfc7f31d3837f	True	unresolved	unresolved
sub-5	04	04	sub-5/ses-04/run-04/tsv-row-27	27	right_hand	2	185.94	5.0	46485	47735	sub-5/ses-04/eeg/sub-5_ses-04_task-imagery_run-04_eeg.edf	1250	True		sub-05	V	s	s	0	sub-05/ses-04/eeg/sub-05_ses-04_task-MotorImageryRest_run-04_eeg.vhdr	a697d791020346e962685b2a8a674b6b360a947a13a014697f8dfc7f31d3837f	True	unresolved	unresolved
sub-5	04	04	sub-5/ses-04/run-04/tsv-row-28	28	rest	1	192.828	5.0	48207	49457	sub-5/ses-04/eeg/sub-5_ses-04_task-imagery_run-04_eeg.edf	1250	True		sub-05	V	s	s	0	sub-05/ses-04/eeg/sub-05_ses-04_task-MotorImageryRest_run-04_eeg.vhdr	a697d791020346e962685b2a8a674b6b360a947a13a014697f8dfc7f31d3837f	True	unresolved	unresolved
sub-5	04	04	sub-5/ses-04/run-04/tsv-row-29	29	rest	1	199.732	5.0	49933	51183	sub-5/ses-04/eeg/sub-5_ses-04_task-imagery_run-04_eeg.edf	1250	True		sub-05	V	s	s	0	sub-05/ses-04/eeg/sub-05_ses-04_task-MotorImageryRest_run-04_eeg.vhdr	a697d791020346e962685b2a8a674b6b360a947a13a014697f8dfc7f31d3837f	True	unresolved	unresolved
sub-5	04	04	sub-5/ses-04/run-04/tsv-row-30	30	right_hand	2	206.6	5.0	51650	52900	sub-5/ses-04/eeg/sub-5_ses-04_task-imagery_run-04_eeg.edf	1250	True		sub-05	V	s	s	0	sub-05/ses-04/eeg/sub-05_ses-04_task-MotorImageryRest_run-04_eeg.vhdr	a697d791020346e962685b2a8a674b6b360a947a13a014697f8dfc7f31d3837f	True	unresolved	unresolved
sub-5	04	04	sub-5/ses-04/run-04/tsv-row-31	31	right_hand	2	213.488	5.0	53372	54622	sub-5/ses-04/eeg/sub-5_ses-04_task-imagery_run-04_eeg.edf	1250	True		sub-05	V	s	s	0	sub-05/ses-04/eeg/sub-05_ses-04_task-MotorImageryRest_run-04_eeg.vhdr	a697d791020346e962685b2a8a674b6b360a947a13a014697f8dfc7f31d3837f	True	unresolved	unresolved
sub-5	04	04	sub-5/ses-04/run-04/tsv-row-32	32	rest	1	220.392	5.0	55098	56348	sub-5/ses-04/eeg/sub-5_ses-04_task-imagery_run-04_eeg.edf	1250	True		sub-05	V	s	s	0	sub-05/ses-04/eeg/sub-05_ses-04_task-MotorImageryRest_run-04_eeg.vhdr	a697d791020346e962685b2a8a674b6b360a947a13a014697f8dfc7f31d3837f	True	unresolved	unresolved
sub-5	04	05	sub-5/ses-04/run-05/tsv-row-1	1	right_hand	2	8.46	5.0	2115	3365	sub-5/ses-04/eeg/sub-5_ses-04_task-imagery_run-05_eeg.edf	1250	True		sub-05	V	s	s	0	sub-05/ses-04/eeg/sub-05_ses-04_task-MotorImageryRest_run-05_eeg.vhdr	faef5b75d4b4229b52abcb839674ea0e3cbd052630854cc30661f2bc7bc7034c	True	unresolved	unresolved
sub-5	04	05	sub-5/ses-04/run-05/tsv-row-2	2	rest	1	15.336	5.0	3834	5084	sub-5/ses-04/eeg/sub-5_ses-04_task-imagery_run-05_eeg.edf	1250	True		sub-05	V	s	s	0	sub-05/ses-04/eeg/sub-05_ses-04_task-MotorImageryRest_run-05_eeg.vhdr	faef5b75d4b4229b52abcb839674ea0e3cbd052630854cc30661f2bc7bc7034c	True	unresolved	unresolved
sub-5	04	05	sub-5/ses-04/run-05/tsv-row-3	3	right_hand	2	22.224	5.0	5556	6806	sub-5/ses-04/eeg/sub-5_ses-04_task-imagery_run-05_eeg.edf	1250	True		sub-05	V	s	s	0	sub-05/ses-04/eeg/sub-05_ses-04_task-MotorImageryRest_run-05_eeg.vhdr	faef5b75d4b4229b52abcb839674ea0e3cbd052630854cc30661f2bc7bc7034c	True	unresolved	unresolved
sub-5	04	05	sub-5/ses-04/run-05/tsv-row-4	4	rest	1	29.128	5.0	7282	8532	sub-5/ses-04/eeg/sub-5_ses-04_task-imagery_run-05_eeg.edf	1250	True		sub-05	V	s	s	0	sub-05/ses-04/eeg/sub-05_ses-04_task-MotorImageryRest_run-05_eeg.vhdr	faef5b75d4b4229b52abcb839674ea0e3cbd052630854cc30661f2bc7bc7034c	True	unresolved	unresolved
sub-5	04	05	sub-5/ses-04/run-05/tsv-row-5	5	right_hand	2	36.012	5.0	9003	10253	sub-5/ses-04/eeg/sub-5_ses-04_task-imagery_run-05_eeg.edf	1250	True		sub-05	V	s	s	0	sub-05/ses-04/eeg/sub-05_ses-04_task-MotorImageryRest_run-05_eeg.vhdr	faef5b75d4b4229b52abcb839674ea0e3cbd052630854cc30661f2bc7bc7034c	True	unresolved	unresolved
sub-5	04	05	sub-5/ses-04/run-05/tsv-row-6	6	rest	1	42.884	5.0	10721	11971	sub-5/ses-04/eeg/sub-5_ses-04_task-imagery_run-05_eeg.edf	1250	True		sub-05	V	s	s	0	sub-05/ses-04/eeg/sub-05_ses-04_task-MotorImageryRest_run-05_eeg.vhdr	faef5b75d4b4229b52abcb839674ea0e3cbd052630854cc30661f2bc7bc7034c	True	unresolved	unresolved
sub-5	04	05	sub-5/ses-04/run-05/tsv-row-7	7	rest	1	49.788	5.0	12447	13697	sub-5/ses-04/eeg/sub-5_ses-04_task-imagery_run-05_eeg.edf	1250	True		sub-05	V	s	s	0	sub-05/ses-04/eeg/sub-05_ses-04_task-MotorImageryRest_run-05_eeg.vhdr	faef5b75d4b4229b52abcb839674ea0e3cbd052630854cc30661f2bc7bc7034c	True	unresolved	unresolved
sub-5	04	05	sub-5/ses-04/run-05/tsv-row-8	8	right_hand	2	56.672	5.0	14168	15418	sub-5/ses-04/eeg/sub-5_ses-04_task-imagery_run-05_eeg.edf	1250	True		sub-05	V	s	s	0	sub-05/ses-04/eeg/sub-05_ses-04_task-MotorImageryRest_run-05_eeg.vhdr	faef5b75d4b4229b52abcb839674ea0e3cbd052630854cc30661f2bc7bc7034c	True	unresolved	unresolved
sub-5	04	05	sub-5/ses-04/run-05/tsv-row-9	9	rest	1	63.56	5.0	15890	17140	sub-5/ses-04/eeg/sub-5_ses-04_task-imagery_run-05_eeg.edf	1250	True		sub-05	V	s	s	0	sub-05/ses-04/eeg/sub-05_ses-04_task-MotorImageryRest_run-05_eeg.vhdr	faef5b75d4b4229b52abcb839674ea0e3cbd052630854cc30661f2bc7bc7034c	True	unresolved	unresolved
sub-5	04	05	sub-5/ses-04/run-05/tsv-row-10	10	right_hand	2	70.428	5.0	17607	18857	sub-5/ses-04/eeg/sub-5_ses-04_task-imagery_run-05_eeg.edf	1250	True		sub-05	V	s	s	0	sub-05/ses-04/eeg/sub-05_ses-04_task-MotorImageryRest_run-05_eeg.vhdr	faef5b75d4b4229b52abcb839674ea0e3cbd052630854cc30661f2bc7bc7034c	True	unresolved	unresolved
sub-5	04	05	sub-5/ses-04/run-05/tsv-row-11	11	rest	1	77.336	5.0	19334	20584	sub-5/ses-04/eeg/sub-5_ses-04_task-imagery_run-05_eeg.edf	1250	True		sub-05	V	s	s	0	sub-05/ses-04/eeg/sub-05_ses-04_task-MotorImageryRest_run-05_eeg.vhdr	faef5b75d4b4229b52abcb839674ea0e3cbd052630854cc30661f2bc7bc7034c	True	unresolved	unresolved
sub-5	04	05	sub-5/ses-04/run-05/tsv-row-12	12	right_hand	2	84.22	5.0	21055	22305	sub-5/ses-04/eeg/sub-5_ses-04_task-imagery_run-05_eeg.edf	1250	True		sub-05	V	s	s	0	sub-05/ses-04/eeg/sub-05_ses-04_task-MotorImageryRest_run-05_eeg.vhdr	faef5b75d4b4229b52abcb839674ea0e3cbd052630854cc30661f2bc7bc7034c	True	unresolved	unresolved
sub-5	04	05	sub-5/ses-04/run-05/tsv-row-13	13	rest	1	91.108	5.0	22777	24027	sub-5/ses-04/eeg/sub-5_ses-04_task-imagery_run-05_eeg.edf	1250	True		sub-05	V	s	s	0	sub-05/ses-04/eeg/sub-05_ses-04_task-MotorImageryRest_run-05_eeg.vhdr	faef5b75d4b4229b52abcb839674ea0e3cbd052630854cc30661f2bc7bc7034c	True	unresolved	unresolved
sub-5	04	05	sub-5/ses-04/run-05/tsv-row-14	14	right_hand	2	97.992	5.0	24498	25748	sub-5/ses-04/eeg/sub-5_ses-04_task-imagery_run-05_eeg.edf	1250	True		sub-05	V	s	s	0	sub-05/ses-04/eeg/sub-05_ses-04_task-MotorImageryRest_run-05_eeg.vhdr	faef5b75d4b4229b52abcb839674ea0e3cbd052630854cc30661f2bc7bc7034c	True	unresolved	unresolved
sub-5	04	05	sub-5/ses-04/run-05/tsv-row-15	15	rest	1	104.884	5.0	26221	27471	sub-5/ses-04/eeg/sub-5_ses-04_task-imagery_run-05_eeg.edf	1250	True		sub-05	V	s	s	0	sub-05/ses-04/eeg/sub-05_ses-04_task-MotorImageryRest_run-05_eeg.vhdr	faef5b75d4b4229b52abcb839674ea0e3cbd052630854cc30661f2bc7bc7034c	True	unresolved	unresolved
sub-5	04	05	sub-5/ses-04/run-05/tsv-row-16	16	right_hand	2	111.768	5.0	27942	29192	sub-5/ses-04/eeg/sub-5_ses-04_task-imagery_run-05_eeg.edf	1250	True		sub-05	V	s	s	0	sub-05/ses-04/eeg/sub-05_ses-04_task-MotorImageryRest_run-05_eeg.vhdr	faef5b75d4b4229b52abcb839674ea0e3cbd052630854cc30661f2bc7bc7034c	True	unresolved	unresolved
sub-5	04	05	sub-5/ses-04/run-05/tsv-row-17	17	right_hand	2	118.672	5.0	29668	30918	sub-5/ses-04/eeg/sub-5_ses-04_task-imagery_run-05_eeg.edf	1250	True		sub-05	V	s	s	0	sub-05/ses-04/eeg/sub-05_ses-04_task-MotorImageryRest_run-05_eeg.vhdr	faef5b75d4b4229b52abcb839674ea0e3cbd052630854cc30661f2bc7bc7034c	True	unresolved	unresolved
sub-5	04	05	sub-5/ses-04/run-05/tsv-row-18	18	rest	1	125.544	5.0	31386	32636	sub-5/ses-04/eeg/sub-5_ses-04_task-imagery_run-05_eeg.edf	1250	True		sub-05	V	s	s	0	sub-05/ses-04/eeg/sub-05_ses-04_task-MotorImageryRest_run-05_eeg.vhdr	faef5b75d4b4229b52abcb839674ea0e3cbd052630854cc30661f2bc7bc7034c	True	unresolved	unresolved
sub-5	04	05	sub-5/ses-04/run-05/tsv-row-19	19	rest	1	132.448	5.0	33112	34362	sub-5/ses-04/eeg/sub-5_ses-04_task-imagery_run-05_eeg.edf	1250	True		sub-05	V	s	s	0	sub-05/ses-04/eeg/sub-05_ses-04_task-MotorImageryRest_run-05_eeg.vhdr	faef5b75d4b4229b52abcb839674ea0e3cbd052630854cc30661f2bc7bc7034c	True	unresolved	unresolved
sub-5	04	05	sub-5/ses-04/run-05/tsv-row-20	20	right_hand	2	139.332	5.0	34833	36083	sub-5/ses-04/eeg/sub-5_ses-04_task-imagery_run-05_eeg.edf	1250	True		sub-05	V	s	s	0	sub-05/ses-04/eeg/sub-05_ses-04_task-MotorImageryRest_run-05_eeg.vhdr	faef5b75d4b4229b52abcb839674ea0e3cbd052630854cc30661f2bc7bc7034c	True	unresolved	unresolved
sub-5	04	05	sub-5/ses-04/run-05/tsv-row-21	21	right_hand	2	146.216	5.0	36554	37804	sub-5/ses-04/eeg/sub-5_ses-04_task-imagery_run-05_eeg.edf	1250	True		sub-05	V	s	s	0	sub-05/ses-04/eeg/sub-05_ses-04_task-MotorImageryRest_run-05_eeg.vhdr	faef5b75d4b4229b52abcb839674ea0e3cbd052630854cc30661f2bc7bc7034c	True	unresolved	unresolved
sub-5	04	05	sub-5/ses-04/run-05/tsv-row-22	22	rest	1	153.092	5.0	38273	39523	sub-5/ses-04/eeg/sub-5_ses-04_task-imagery_run-05_eeg.edf	1250	True		sub-05	V	s	s	0	sub-05/ses-04/eeg/sub-05_ses-04_task-MotorImageryRest_run-05_eeg.vhdr	faef5b75d4b4229b52abcb839674ea0e3cbd052630854cc30661f2bc7bc7034c	True	unresolved	unresolved
sub-5	04	05	sub-5/ses-04/run-05/tsv-row-23	23	right_hand	2	159.992	5.0	39998	41248	sub-5/ses-04/eeg/sub-5_ses-04_task-imagery_run-05_eeg.edf	1250	True		sub-05	V	s	s	0	sub-05/ses-04/eeg/sub-05_ses-04_task-MotorImageryRest_run-05_eeg.vhdr	faef5b75d4b4229b52abcb839674ea0e3cbd052630854cc30661f2bc7bc7034c	True	unresolved	unresolved
sub-5	04	05	sub-5/ses-04/run-05/tsv-row-24	24	rest	1	166.88	5.0	41720	42970	sub-5/ses-04/eeg/sub-5_ses-04_task-imagery_run-05_eeg.edf	1250	True		sub-05	V	s	s	0	sub-05/ses-04/eeg/sub-05_ses-04_task-MotorImageryRest_run-05_eeg.vhdr	faef5b75d4b4229b52abcb839674ea0e3cbd052630854cc30661f2bc7bc7034c	True	unresolved	unresolved
sub-5	04	05	sub-5/ses-04/run-05/tsv-row-25	25	right_hand	2	173.764	5.0	43441	44691	sub-5/ses-04/eeg/sub-5_ses-04_task-imagery_run-05_eeg.edf	1250	True		sub-05	V	s	s	0	sub-05/ses-04/eeg/sub-05_ses-04_task-MotorImageryRest_run-05_eeg.vhdr	faef5b75d4b4229b52abcb839674ea0e3cbd052630854cc30661f2bc7bc7034c	True	unresolved	unresolved
sub-5	04	05	sub-5/ses-04/run-05/tsv-row-26	26	rest	1	180.656	5.0	45164	46414	sub-5/ses-04/eeg/sub-5_ses-04_task-imagery_run-05_eeg.edf	1250	True		sub-05	V	s	s	0	sub-05/ses-04/eeg/sub-05_ses-04_task-MotorImageryRest_run-05_eeg.vhdr	faef5b75d4b4229b52abcb839674ea0e3cbd052630854cc30661f2bc7bc7034c	True	unresolved	unresolved
sub-5	04	05	sub-5/ses-04/run-05/tsv-row-27	27	right_hand	2	187.54	5.0	46885	48135	sub-5/ses-04/eeg/sub-5_ses-04_task-imagery_run-05_eeg.edf	1250	True		sub-05	V	s	s	0	sub-05/ses-04/eeg/sub-05_ses-04_task-MotorImageryRest_run-05_eeg.vhdr	faef5b75d4b4229b52abcb839674ea0e3cbd052630854cc30661f2bc7bc7034c	True	unresolved	unresolved
sub-5	04	05	sub-5/ses-04/run-05/tsv-row-28	28	rest	1	194.428	5.0	48607	49857	sub-5/ses-04/eeg/sub-5_ses-04_task-imagery_run-05_eeg.edf	1250	True		sub-05	V	s	s	0	sub-05/ses-04/eeg/sub-05_ses-04_task-MotorImageryRest_run-05_eeg.vhdr	faef5b75d4b4229b52abcb839674ea0e3cbd052630854cc30661f2bc7bc7034c	True	unresolved	unresolved
sub-5	04	05	sub-5/ses-04/run-05/tsv-row-29	29	right_hand	2	201.328	5.0	50332	51582	sub-5/ses-04/eeg/sub-5_ses-04_task-imagery_run-05_eeg.edf	1250	True		sub-05	V	s	s	0	sub-05/ses-04/eeg/sub-05_ses-04_task-MotorImageryRest_run-05_eeg.vhdr	faef5b75d4b4229b52abcb839674ea0e3cbd052630854cc30661f2bc7bc7034c	True	unresolved	unresolved
sub-5	04	05	sub-5/ses-04/run-05/tsv-row-30	30	rest	1	208.2	5.0	52050	53300	sub-5/ses-04/eeg/sub-5_ses-04_task-imagery_run-05_eeg.edf	1250	True		sub-05	V	s	s	0	sub-05/ses-04/eeg/sub-05_ses-04_task-MotorImageryRest_run-05_eeg.vhdr	faef5b75d4b4229b52abcb839674ea0e3cbd052630854cc30661f2bc7bc7034c	True	unresolved	unresolved
sub-5	04	05	sub-5/ses-04/run-05/tsv-row-31	31	rest	1	215.088	5.0	53772	55022	sub-5/ses-04/eeg/sub-5_ses-04_task-imagery_run-05_eeg.edf	1250	True		sub-05	V	s	s	0	sub-05/ses-04/eeg/sub-05_ses-04_task-MotorImageryRest_run-05_eeg.vhdr	faef5b75d4b4229b52abcb839674ea0e3cbd052630854cc30661f2bc7bc7034c	True	unresolved	unresolved
sub-5	04	05	sub-5/ses-04/run-05/tsv-row-32	32	right_hand	2	221.988	5.0	55497	56747	sub-5/ses-04/eeg/sub-5_ses-04_task-imagery_run-05_eeg.edf	1250	True		sub-05	V	s	s	0	sub-05/ses-04/eeg/sub-05_ses-04_task-MotorImageryRest_run-05_eeg.vhdr	faef5b75d4b4229b52abcb839674ea0e3cbd052630854cc30661f2bc7bc7034c	True	unresolved	unresolved
sub-5	04	06	sub-5/ses-04/run-06/tsv-row-1	1	rest	1	6.876	5.0	1719	2969	sub-5/ses-04/eeg/sub-5_ses-04_task-imagery_run-06_eeg.edf	1250	True		sub-05	V	s	s	0	sub-05/ses-04/eeg/sub-05_ses-04_task-MotorImageryRest_run-06_eeg.vhdr	bfc473e9629e1c3e1a217f3802f14a6aa302bf4fbfead39a292dcfeeff51de3f	True	unresolved	unresolved
sub-5	04	06	sub-5/ses-04/run-06/tsv-row-2	2	right_hand	2	12.984	5.0	3246	4496	sub-5/ses-04/eeg/sub-5_ses-04_task-imagery_run-06_eeg.edf	1250	True		sub-05	V	s	s	0	sub-05/ses-04/eeg/sub-05_ses-04_task-MotorImageryRest_run-06_eeg.vhdr	bfc473e9629e1c3e1a217f3802f14a6aa302bf4fbfead39a292dcfeeff51de3f	True	unresolved	unresolved
sub-5	04	06	sub-5/ses-04/run-06/tsv-row-3	3	right_hand	2	19.884	5.0	4971	6221	sub-5/ses-04/eeg/sub-5_ses-04_task-imagery_run-06_eeg.edf	1250	True		sub-05	V	s	s	0	sub-05/ses-04/eeg/sub-05_ses-04_task-MotorImageryRest_run-06_eeg.vhdr	bfc473e9629e1c3e1a217f3802f14a6aa302bf4fbfead39a292dcfeeff51de3f	True	unresolved	unresolved
sub-5	04	06	sub-5/ses-04/run-06/tsv-row-4	4	rest	1	26.776	5.0	6694	7944	sub-5/ses-04/eeg/sub-5_ses-04_task-imagery_run-06_eeg.edf	1250	True		sub-05	V	s	s	0	sub-05/ses-04/eeg/sub-05_ses-04_task-MotorImageryRest_run-06_eeg.vhdr	bfc473e9629e1c3e1a217f3802f14a6aa302bf4fbfead39a292dcfeeff51de3f	True	unresolved	unresolved
sub-5	04	06	sub-5/ses-04/run-06/tsv-row-5	5	rest	1	33.66	5.0	8415	9665	sub-5/ses-04/eeg/sub-5_ses-04_task-imagery_run-06_eeg.edf	1250	True		sub-05	V	s	s	0	sub-05/ses-04/eeg/sub-05_ses-04_task-MotorImageryRest_run-06_eeg.vhdr	bfc473e9629e1c3e1a217f3802f14a6aa302bf4fbfead39a292dcfeeff51de3f	True	unresolved	unresolved
sub-5	04	06	sub-5/ses-04/run-06/tsv-row-6	6	right_hand	2	40.528	5.0	10132	11382	sub-5/ses-04/eeg/sub-5_ses-04_task-imagery_run-06_eeg.edf	1250	True		sub-05	V	s	s	0	sub-05/ses-04/eeg/sub-05_ses-04_task-MotorImageryRest_run-06_eeg.vhdr	bfc473e9629e1c3e1a217f3802f14a6aa302bf4fbfead39a292dcfeeff51de3f	True	unresolved	unresolved
sub-5	04	06	sub-5/ses-04/run-06/tsv-row-7	7	right_hand	2	47.432	5.0	11858	13108	sub-5/ses-04/eeg/sub-5_ses-04_task-imagery_run-06_eeg.edf	1250	True		sub-05	V	s	s	0	sub-05/ses-04/eeg/sub-05_ses-04_task-MotorImageryRest_run-06_eeg.vhdr	bfc473e9629e1c3e1a217f3802f14a6aa302bf4fbfead39a292dcfeeff51de3f	True	unresolved	unresolved
sub-5	04	06	sub-5/ses-04/run-06/tsv-row-8	8	rest	1	54.32	5.0	13580	14830	sub-5/ses-04/eeg/sub-5_ses-04_task-imagery_run-06_eeg.edf	1250	True		sub-05	V	s	s	0	sub-05/ses-04/eeg/sub-05_ses-04_task-MotorImageryRest_run-06_eeg.vhdr	bfc473e9629e1c3e1a217f3802f14a6aa302bf4fbfead39a292dcfeeff51de3f	True	unresolved	unresolved
sub-5	04	06	sub-5/ses-04/run-06/tsv-row-9	9	rest	1	61.208	5.0	15302	16552	sub-5/ses-04/eeg/sub-5_ses-04_task-imagery_run-06_eeg.edf	1250	True		sub-05	V	s	s	0	sub-05/ses-04/eeg/sub-05_ses-04_task-MotorImageryRest_run-06_eeg.vhdr	bfc473e9629e1c3e1a217f3802f14a6aa302bf4fbfead39a292dcfeeff51de3f	True	unresolved	unresolved
sub-5	04	06	sub-5/ses-04/run-06/tsv-row-10	10	right_hand	2	68.092	5.0	17023	18273	sub-5/ses-04/eeg/sub-5_ses-04_task-imagery_run-06_eeg.edf	1250	True		sub-05	V	s	s	0	sub-05/ses-04/eeg/sub-05_ses-04_task-MotorImageryRest_run-06_eeg.vhdr	bfc473e9629e1c3e1a217f3802f14a6aa302bf4fbfead39a292dcfeeff51de3f	True	unresolved	unresolved
sub-5	04	06	sub-5/ses-04/run-06/tsv-row-11	11	rest	1	74.984	5.0	18746	19996	sub-5/ses-04/eeg/sub-5_ses-04_task-imagery_run-06_eeg.edf	1250	True		sub-05	V	s	s	0	sub-05/ses-04/eeg/sub-05_ses-04_task-MotorImageryRest_run-06_eeg.vhdr	bfc473e9629e1c3e1a217f3802f14a6aa302bf4fbfead39a292dcfeeff51de3f	True	unresolved	unresolved
sub-5	04	06	sub-5/ses-04/run-06/tsv-row-12	12	right_hand	2	81.868	5.0	20467	21717	sub-5/ses-04/eeg/sub-5_ses-04_task-imagery_run-06_eeg.edf	1250	True		sub-05	V	s	s	0	sub-05/ses-04/eeg/sub-05_ses-04_task-MotorImageryRest_run-06_eeg.vhdr	bfc473e9629e1c3e1a217f3802f14a6aa302bf4fbfead39a292dcfeeff51de3f	True	unresolved	unresolved
sub-5	04	06	sub-5/ses-04/run-06/tsv-row-13	13	rest	1	88.756	5.0	22189	23439	sub-5/ses-04/eeg/sub-5_ses-04_task-imagery_run-06_eeg.edf	1250	True		sub-05	V	s	s	0	sub-05/ses-04/eeg/sub-05_ses-04_task-MotorImageryRest_run-06_eeg.vhdr	bfc473e9629e1c3e1a217f3802f14a6aa302bf4fbfead39a292dcfeeff51de3f	True	unresolved	unresolved
sub-5	04	06	sub-5/ses-04/run-06/tsv-row-14	14	right_hand	2	95.64	5.0	23910	25160	sub-5/ses-04/eeg/sub-5_ses-04_task-imagery_run-06_eeg.edf	1250	True		sub-05	V	s	s	0	sub-05/ses-04/eeg/sub-05_ses-04_task-MotorImageryRest_run-06_eeg.vhdr	bfc473e9629e1c3e1a217f3802f14a6aa302bf4fbfead39a292dcfeeff51de3f	True	unresolved	unresolved
sub-5	04	06	sub-5/ses-04/run-06/tsv-row-15	15	right_hand	2	102.544	5.0	25636	26886	sub-5/ses-04/eeg/sub-5_ses-04_task-imagery_run-06_eeg.edf	1250	True		sub-05	V	s	s	0	sub-05/ses-04/eeg/sub-05_ses-04_task-MotorImageryRest_run-06_eeg.vhdr	bfc473e9629e1c3e1a217f3802f14a6aa302bf4fbfead39a292dcfeeff51de3f	True	unresolved	unresolved
sub-5	04	06	sub-5/ses-04/run-06/tsv-row-16	16	rest	1	109.432	5.0	27358	28608	sub-5/ses-04/eeg/sub-5_ses-04_task-imagery_run-06_eeg.edf	1250	True		sub-05	V	s	s	0	sub-05/ses-04/eeg/sub-05_ses-04_task-MotorImageryRest_run-06_eeg.vhdr	bfc473e9629e1c3e1a217f3802f14a6aa302bf4fbfead39a292dcfeeff51de3f	True	unresolved	unresolved
sub-5	04	06	sub-5/ses-04/run-06/tsv-row-17	17	rest	1	116.32	5.0	29080	30330	sub-5/ses-04/eeg/sub-5_ses-04_task-imagery_run-06_eeg.edf	1250	True		sub-05	V	s	s	0	sub-05/ses-04/eeg/sub-05_ses-04_task-MotorImageryRest_run-06_eeg.vhdr	bfc473e9629e1c3e1a217f3802f14a6aa302bf4fbfead39a292dcfeeff51de3f	True	unresolved	unresolved
sub-5	04	06	sub-5/ses-04/run-06/tsv-row-18	18	right_hand	2	123.188	5.0	30797	32047	sub-5/ses-04/eeg/sub-5_ses-04_task-imagery_run-06_eeg.edf	1250	True		sub-05	V	s	s	0	sub-05/ses-04/eeg/sub-05_ses-04_task-MotorImageryRest_run-06_eeg.vhdr	bfc473e9629e1c3e1a217f3802f14a6aa302bf4fbfead39a292dcfeeff51de3f	True	unresolved	unresolved
sub-5	04	06	sub-5/ses-04/run-06/tsv-row-19	19	right_hand	2	130.092	5.0	32523	33773	sub-5/ses-04/eeg/sub-5_ses-04_task-imagery_run-06_eeg.edf	1250	True		sub-05	V	s	s	0	sub-05/ses-04/eeg/sub-05_ses-04_task-MotorImageryRest_run-06_eeg.vhdr	bfc473e9629e1c3e1a217f3802f14a6aa302bf4fbfead39a292dcfeeff51de3f	True	unresolved	unresolved
sub-5	04	06	sub-5/ses-04/run-06/tsv-row-20	20	rest	1	136.98	5.0	34245	35495	sub-5/ses-04/eeg/sub-5_ses-04_task-imagery_run-06_eeg.edf	1250	True		sub-05	V	s	s	0	sub-05/ses-04/eeg/sub-05_ses-04_task-MotorImageryRest_run-06_eeg.vhdr	bfc473e9629e1c3e1a217f3802f14a6aa302bf4fbfead39a292dcfeeff51de3f	True	unresolved	unresolved
sub-5	04	06	sub-5/ses-04/run-06/tsv-row-21	21	right_hand	2	143.864	5.0	35966	37216	sub-5/ses-04/eeg/sub-5_ses-04_task-imagery_run-06_eeg.edf	1250	True		sub-05	V	s	s	0	sub-05/ses-04/eeg/sub-05_ses-04_task-MotorImageryRest_run-06_eeg.vhdr	bfc473e9629e1c3e1a217f3802f14a6aa302bf4fbfead39a292dcfeeff51de3f	True	unresolved	unresolved
sub-5	04	06	sub-5/ses-04/run-06/tsv-row-22	22	rest	1	150.736	5.0	37684	38934	sub-5/ses-04/eeg/sub-5_ses-04_task-imagery_run-06_eeg.edf	1250	True		sub-05	V	s	s	0	sub-05/ses-04/eeg/sub-05_ses-04_task-MotorImageryRest_run-06_eeg.vhdr	bfc473e9629e1c3e1a217f3802f14a6aa302bf4fbfead39a292dcfeeff51de3f	True	unresolved	unresolved
sub-5	04	06	sub-5/ses-04/run-06/tsv-row-23	23	rest	1	157.64	5.0	39410	40660	sub-5/ses-04/eeg/sub-5_ses-04_task-imagery_run-06_eeg.edf	1250	True		sub-05	V	s	s	0	sub-05/ses-04/eeg/sub-05_ses-04_task-MotorImageryRest_run-06_eeg.vhdr	bfc473e9629e1c3e1a217f3802f14a6aa302bf4fbfead39a292dcfeeff51de3f	True	unresolved	unresolved
sub-5	04	06	sub-5/ses-04/run-06/tsv-row-24	24	right_hand	2	164.524	5.0	41131	42381	sub-5/ses-04/eeg/sub-5_ses-04_task-imagery_run-06_eeg.edf	1250	True		sub-05	V	s	s	0	sub-05/ses-04/eeg/sub-05_ses-04_task-MotorImageryRest_run-06_eeg.vhdr	bfc473e9629e1c3e1a217f3802f14a6aa302bf4fbfead39a292dcfeeff51de3f	True	unresolved	unresolved
sub-5	04	06	sub-5/ses-04/run-06/tsv-row-25	25	right_hand	2	171.412	5.0	42853	44103	sub-5/ses-04/eeg/sub-5_ses-04_task-imagery_run-06_eeg.edf	1250	True		sub-05	V	s	s	0	sub-05/ses-04/eeg/sub-05_ses-04_task-MotorImageryRest_run-06_eeg.vhdr	bfc473e9629e1c3e1a217f3802f14a6aa302bf4fbfead39a292dcfeeff51de3f	True	unresolved	unresolved
sub-5	04	06	sub-5/ses-04/run-06/tsv-row-26	26	rest	1	178.3	5.0	44575	45825	sub-5/ses-04/eeg/sub-5_ses-04_task-imagery_run-06_eeg.edf	1250	True		sub-05	V	s	s	0	sub-05/ses-04/eeg/sub-05_ses-04_task-MotorImageryRest_run-06_eeg.vhdr	bfc473e9629e1c3e1a217f3802f14a6aa302bf4fbfead39a292dcfeeff51de3f	True	unresolved	unresolved
sub-5	04	06	sub-5/ses-04/run-06/tsv-row-27	27	rest	1	185.188	5.0	46297	47547	sub-5/ses-04/eeg/sub-5_ses-04_task-imagery_run-06_eeg.edf	1250	True		sub-05	V	s	s	0	sub-05/ses-04/eeg/sub-05_ses-04_task-MotorImageryRest_run-06_eeg.vhdr	bfc473e9629e1c3e1a217f3802f14a6aa302bf4fbfead39a292dcfeeff51de3f	True	unresolved	unresolved
sub-5	04	06	sub-5/ses-04/run-06/tsv-row-28	28	right_hand	2	192.072	5.0	48018	49268	sub-5/ses-04/eeg/sub-5_ses-04_task-imagery_run-06_eeg.edf	1250	True		sub-05	V	s	s	0	sub-05/ses-04/eeg/sub-05_ses-04_task-MotorImageryRest_run-06_eeg.vhdr	bfc473e9629e1c3e1a217f3802f14a6aa302bf4fbfead39a292dcfeeff51de3f	True	unresolved	unresolved
sub-5	04	06	sub-5/ses-04/run-06/tsv-row-29	29	rest	1	198.98	5.0	49745	50995	sub-5/ses-04/eeg/sub-5_ses-04_task-imagery_run-06_eeg.edf	1250	True		sub-05	V	s	s	0	sub-05/ses-04/eeg/sub-05_ses-04_task-MotorImageryRest_run-06_eeg.vhdr	bfc473e9629e1c3e1a217f3802f14a6aa302bf4fbfead39a292dcfeeff51de3f	True	unresolved	unresolved
sub-5	04	06	sub-5/ses-04/run-06/tsv-row-30	30	right_hand	2	205.848	5.0	51462	52712	sub-5/ses-04/eeg/sub-5_ses-04_task-imagery_run-06_eeg.edf	1250	True		sub-05	V	s	s	0	sub-05/ses-04/eeg/sub-05_ses-04_task-MotorImageryRest_run-06_eeg.vhdr	bfc473e9629e1c3e1a217f3802f14a6aa302bf4fbfead39a292dcfeeff51de3f	True	unresolved	unresolved
sub-5	04	06	sub-5/ses-04/run-06/tsv-row-31	31	right_hand	2	212.732	5.0	53183	54433	sub-5/ses-04/eeg/sub-5_ses-04_task-imagery_run-06_eeg.edf	1250	True		sub-05	V	s	s	0	sub-05/ses-04/eeg/sub-05_ses-04_task-MotorImageryRest_run-06_eeg.vhdr	bfc473e9629e1c3e1a217f3802f14a6aa302bf4fbfead39a292dcfeeff51de3f	True	unresolved	unresolved
sub-5	04	06	sub-5/ses-04/run-06/tsv-row-32	32	rest	1	219.64	5.0	54910	56160	sub-5/ses-04/eeg/sub-5_ses-04_task-imagery_run-06_eeg.edf	1250	True		sub-05	V	s	s	0	sub-05/ses-04/eeg/sub-05_ses-04_task-MotorImageryRest_run-06_eeg.vhdr	bfc473e9629e1c3e1a217f3802f14a6aa302bf4fbfead39a292dcfeeff51de3f	True	unresolved	unresolved
