subject	session	run	trial_id	tsv_row	label	stored_event_value	onset_s	duration_s	start_sample	stop_sample_exclusive	source_file	source_length_samples	fixed_window_eligible	exclusion_reason	original_subject	signal_unit	onset_unit	duration_unit	sample_origin	original_header_file	declared_original_header_sha256	original_header_hash_verified	behavior_trial_outcome	behavior_score_denominator
sub-4	01	01	sub-4/ses-01/run-01/tsv-row-1	1	rest	1	5.904	5.0	1476	2726	sub-4/ses-01/eeg/sub-4_ses-01_task-imagery_run-01_eeg.edf	1250	True		sub-04	V	s	s	0	sub-04/ses-01/eeg/sub-04_ses-01_task-MotorImageryRest_run-01_eeg.vhdr	4f241c04621df74740de9dc41b7da028cb9937041693dd13b72fd0df48c8214e	True	unresolved	unresolved
sub-4	01	01	sub-4/ses-01/run-01/tsv-row-2	2	right_hand	2	12.796	5.0	3199	4449	sub-4/ses-01/eeg/sub-4_ses-01_task-imagery_run-01_eeg.edf	1250	True		sub-04	V	s	s	0	sub-04/ses-01/eeg/sub-04_ses-01_task-MotorImageryRest_run-01_eeg.vhdr	4f241c04621df74740de9dc41b7da028cb9937041693dd13b72fd0df48c8214e	True	unresolved	unresolved
sub-4	01	01	sub-4/ses-01/run-01/tsv-row-3	3	rest	1	19.632	5.0	4908	6158	sub-4/ses-01/eeg/sub-4_ses-01_task-imagery_run-01_eeg.edf	1250	True		sub-04	V	s	s	0	sub-04/ses-01/eeg/sub-04_ses-01_task-MotorImageryRest_run-01_eeg.vhdr	4f241c04621df74740de9dc41b7da028cb9937041693dd13b72fd0df48c8214e	True	unresolved	unresolved
sub-4	01	01	sub-4/ses-01/run-01/tsv-row-4	4	right_hand	2	26.58	5.0	6645	7895	sub-4/ses-01/eeg/sub-4_ses-01_task-imagery_run-01_eeg.edf	1250	True		sub-04	V	s	s	0	sub-04/ses-01/eeg/sub-04_ses-01_task-MotorImageryRest_run-01_eeg.vhdr	4f241c04621df74740de9dc41b7da028cb9937041693dd13b72fd0df48c8214e	True	unresolved	unresolved
sub-4	01	01	sub-4/ses-01/run-01/tsv-row-5	5	right_hand	2	33.424	5.0	8356	9606	sub-4/ses-01/eeg/sub-4_ses-01_task-imagery_run-01_eeg.edf	1250	True		sub-04	V	s	s	0	sub-04/ses-01/eeg/sub-04_ses-01_task-MotorImageryRest_run-01_eeg.vhdr	4f241c04621df74740de9dc41b7da028cb9937041693dd13b72fd0df48c8214e	True	unresolved	unresolved
sub-4	01	01	sub-4/ses-01/run-01/tsv-row-6	6	rest	1	40.336	5.0	10084	11334	sub-4/ses-01/eeg/sub-4_ses-01_task-imagery_run-01_eeg.edf	1250	True		sub-04	V	s	s	0	sub-04/ses-01/eeg/sub-04_ses-01_task-MotorImageryRest_run-01_eeg.vhdr	4f241c04621df74740de9dc41b7da028cb9937041693dd13b72fd0df48c8214e	True	unresolved	unresolved
sub-4	01	01	sub-4/ses-01/run-01/tsv-row-7	7	rest	1	47.208	5.0	11802	13052	sub-4/ses-01/eeg/sub-4_ses-01_task-imagery_run-01_eeg.edf	1250	True		sub-04	V	s	s	0	sub-04/ses-01/eeg/sub-04_ses-01_task-MotorImageryRest_run-01_eeg.vhdr	4f241c04621df74740de9dc41b7da028cb9937041693dd13b72fd0df48c8214e	True	unresolved	unresolved
sub-4	01	01	sub-4/ses-01/run-01/tsv-row-8	8	right_hand	2	54.12	5.0	13530	14780	sub-4/ses-01/eeg/sub-4_ses-01_task-imagery_run-01_eeg.edf	1250	True		sub-04	V	s	s	0	sub-04/ses-01/eeg/sub-04_ses-01_task-MotorImageryRest_run-01_eeg.vhdr	4f241c04621df74740de9dc41b7da028cb9937041693dd13b72fd0df48c8214e	True	unresolved	unresolved
sub-4	01	01	sub-4/ses-01/run-01/tsv-row-9	9	rest	1	60.976	5.0	15244	16494	sub-4/ses-01/eeg/sub-4_ses-01_task-imagery_run-01_eeg.edf	1250	True		sub-04	V	s	s	0	sub-04/ses-01/eeg/sub-04_ses-01_task-MotorImageryRest_run-01_eeg.vhdr	4f241c04621df74740de9dc41b7da028cb9937041693dd13b72fd0df48c8214e	True	unresolved	unresolved
sub-4	01	01	sub-4/ses-01/run-01/tsv-row-10	10	right_hand	2	67.932	5.0	16983	18233	sub-4/ses-01/eeg/sub-4_ses-01_task-imagery_run-01_eeg.edf	1250	True		sub-04	V	s	s	0	sub-04/ses-01/eeg/sub-04_ses-01_task-MotorImageryRest_run-01_eeg.vhdr	4f241c04621df74740de9dc41b7da028cb9937041693dd13b72fd0df48c8214e	True	unresolved	unresolved
sub-4	01	01	sub-4/ses-01/run-01/tsv-row-11	11	right_hand	2	74.776	5.0	18694	19944	sub-4/ses-01/eeg/sub-4_ses-01_task-imagery_run-01_eeg.edf	1250	True		sub-04	V	s	s	0	sub-04/ses-01/eeg/sub-04_ses-01_task-MotorImageryRest_run-01_eeg.vhdr	4f241c04621df74740de9dc41b7da028cb9937041693dd13b72fd0df48c8214e	True	unresolved	unresolved
sub-4	01	01	sub-4/ses-01/run-01/tsv-row-12	12	rest	1	81.672	5.0	20418	21668	sub-4/ses-01/eeg/sub-4_ses-01_task-imagery_run-01_eeg.edf	1250	True		sub-04	V	s	s	0	sub-04/ses-01/eeg/sub-04_ses-01_task-MotorImageryRest_run-01_eeg.vhdr	4f241c04621df74740de9dc41b7da028cb9937041693dd13b72fd0df48c8214e	True	unresolved	unresolved
sub-4	01	01	sub-4/ses-01/run-01/tsv-row-13	13	right_hand	2	88.572	5.0	22143	23393	sub-4/ses-01/eeg/sub-4_ses-01_task-imagery_run-01_eeg.edf	1250	True		sub-04	V	s	s	0	sub-04/ses-01/eeg/sub-04_ses-01_task-MotorImageryRest_run-01_eeg.vhdr	4f241c04621df74740de9dc41b7da028cb9937041693dd13b72fd0df48c8214e	True	unresolved	unresolved
sub-4	01	01	sub-4/ses-01/run-01/tsv-row-14	14	rest	1	95.468	5.0	23867	25117	sub-4/ses-01/eeg/sub-4_ses-01_task-imagery_run-01_eeg.edf	1250	True		sub-04	V	s	s	0	sub-04/ses-01/eeg/sub-04_ses-01_task-MotorImageryRest_run-01_eeg.vhdr	4f241c04621df74740de9dc41b7da028cb9937041693dd13b72fd0df48c8214e	True	unresolved	unresolved
sub-4	01	01	sub-4/ses-01/run-01/tsv-row-15	15	rest	1	102.384	5.0	25596	26846	sub-4/ses-01/eeg/sub-4_ses-01_task-imagery_run-01_eeg.edf	1250	True		sub-04	V	s	s	0	sub-04/ses-01/eeg/sub-04_ses-01_task-MotorImageryRest_run-01_eeg.vhdr	4f241c04621df74740de9dc41b7da028cb9937041693dd13b72fd0df48c8214e	True	unresolved	unresolved
sub-4	01	01	sub-4/ses-01/run-01/tsv-row-16	16	right_hand	2	109.224	5.0	27306	28556	sub-4/ses-01/eeg/sub-4_ses-01_task-imagery_run-01_eeg.edf	1250	True		sub-04	V	s	s	0	sub-04/ses-01/eeg/sub-04_ses-01_task-MotorImageryRest_run-01_eeg.vhdr	4f241c04621df74740de9dc41b7da028cb9937041693dd13b72fd0df48c8214e	True	unresolved	unresolved
sub-4	01	01	sub-4/ses-01/run-01/tsv-row-17	17	right_hand	2	116.124	5.0	29031	30281	sub-4/ses-01/eeg/sub-4_ses-01_task-imagery_run-01_eeg.edf	1250	True		sub-04	V	s	s	0	sub-04/ses-01/eeg/sub-04_ses-01_task-MotorImageryRest_run-01_eeg.vhdr	4f241c04621df74740de9dc41b7da028cb9937041693dd13b72fd0df48c8214e	True	unresolved	unresolved
sub-4	01	01	sub-4/ses-01/run-01/tsv-row-18	18	rest	1	123.024	5.0	30756	32006	sub-4/ses-01/eeg/sub-4_ses-01_task-imagery_run-01_eeg.edf	1250	True		sub-04	V	s	s	0	sub-04/ses-01/eeg/sub-04_ses-01_task-MotorImageryRest_run-01_eeg.vhdr	4f241c04621df74740de9dc41b7da028cb9937041693dd13b72fd0df48c8214e	True	unresolved	unresolved
sub-4	01	01	sub-4/ses-01/run-01/tsv-row-19	19	right_hand	2	129.864	5.0	32466	33716	sub-4/ses-01/eeg/sub-4_ses-01_task-imagery_run-01_eeg.edf	1250	True		sub-04	V	s	s	0	sub-04/ses-01/eeg/sub-04_ses-01_task-MotorImageryRest_run-01_eeg.vhdr	4f241c04621df74740de9dc41b7da028cb9937041693dd13b72fd0df48c8214e	True	unresolved	unresolved
sub-4	01	01	sub-4/ses-01/run-01/tsv-row-20	20	rest	1	136.852	5.0	34213	35463	sub-4/ses-01/eeg/sub-4_ses-01_task-imagery_run-01_eeg.edf	1250	True		sub-04	V	s	s	0	sub-04/ses-01/eeg/sub-04_ses-01_task-MotorImageryRest_run-01_eeg.vhdr	4f241c04621df74740de9dc41b7da028cb9937041693dd13b72fd0df48c8214e	True	unresolved	unresolved
sub-4	01	01	sub-4/ses-01/run-01/tsv-row-21	21	right_hand	2	143.64	5.0	35910	37160	sub-4/ses-01/eeg/sub-4_ses-01_task-imagery_run-01_eeg.edf	1250	True		sub-04	V	s	s	0	sub-04/ses-01/eeg/sub-04_ses-01_task-MotorImageryRest_run-01_eeg.vhdr	4f241c04621df74740de9dc41b7da028cb9937041693dd13b72fd0df48c8214e	True	unresolved	unresolved
sub-4	01	01	sub-4/ses-01/run-01/tsv-row-22	22	rest	1	150.592	5.0	37648	38898	sub-4/ses-01/eeg/sub-4_ses-01_task-imagery_run-01_eeg.edf	1250	True		sub-04	V	s	s	0	sub-04/ses-01/eeg/sub-04_ses-01_task-MotorImageryRest_run-01_eeg.vhdr	4f241c04621df74740de9dc41b7da028cb9937041693dd13b72fd0df48c8214e	True	unresolved	unresolved
sub-4	01	01	sub-4/ses-01/run-01/tsv-row-23	23	right_hand	2	157.436	5.0	39359	40609	sub-4/ses-01/eeg/sub-4_ses-01_task-imagery_run-01_eeg.edf	1250	True		sub-04	V	s	s	0	sub-04/ses-01/eeg/sub-04_ses-01_task-MotorImageryRest_run-01_eeg.vhdr	4f241c04621df74740de9dc41b7da028cb9937041693dd13b72fd0df48c8214e	True	unresolved	unresolved
sub-4	01	01	sub-4/ses-01/run-01/tsv-row-24	24	rest	1	164.332	5.0	41083	42333	sub-4/ses-01/eeg/sub-4_ses-01_task-imagery_run-01_eeg.edf	1250	True		sub-04	V	s	s	0	sub-04/ses-01/eeg/sub-04_ses-01_task-MotorImageryRest_run-01_eeg.vhdr	4f241c04621df74740de9dc41b7da028cb9937041693dd13b72fd0df48c8214e	True	unresolved	unresolved
sub-4	01	01	sub-4/ses-01/run-01/tsv-row-25	25	rest	1	171.232	5.0	42808	44058	sub-4/ses-01/eeg/sub-4_ses-01_task-imagery_run-01_eeg.edf	1250	True		sub-04	V	s	s	0	sub-04/ses-01/eeg/sub-04_ses-01_task-MotorImageryRest_run-01_eeg.vhdr	4f241c04621df74740de9dc41b7da028cb9937041693dd13b72fd0df48c8214e	True	unresolved	unresolved
sub-4	01	01	sub-4/ses-01/run-01/tsv-row-26	26	right_hand	2	178.084	5.0	44521	45771	sub-4/ses-01/eeg/sub-4_ses-01_task-imagery_run-01_eeg.edf	1250	True		sub-04	V	s	s	0	sub-04/ses-01/eeg/sub-04_ses-01_task-MotorImageryRest_run-01_eeg.vhdr	4f241c04621df74740de9dc41b7da028cb9937041693dd13b72fd0df48c8214e	True	unresolved	unresolved
sub-4	01	01	sub-4/ses-01/run-01/tsv-row-27	27	right_hand	2	184.98	5.0	46245	47495	sub-4/ses-01/eeg/sub-4_ses-01_task-imagery_run-01_eeg.edf	1250	True		sub-04	V	s	s	0	sub-04/ses-01/eeg/sub-04_ses-01_task-MotorImageryRest_run-01_eeg.vhdr	4f241c04621df74740de9dc41b7da028cb9937041693dd13b72fd0df48c8214e	True	unresolved	unresolved
sub-4	01	01	sub-4/ses-01/run-01/tsv-row-28	28	rest	1	191.88	5.0	47970	49220	sub-4/ses-01/eeg/sub-4_ses-01_task-imagery_run-01_eeg.edf	1250	True		sub-04	V	s	s	0	sub-04/ses-01/eeg/sub-04_ses-01_task-MotorImageryRest_run-01_eeg.vhdr	4f241c04621df74740de9dc41b7da028cb9937041693dd13b72fd0df48c8214e	True	unresolved	unresolved
sub-4	01	01	sub-4/ses-01/run-01/tsv-row-29	29	rest	1	198.776	5.0	49694	50944	sub-4/ses-01/eeg/sub-4_ses-01_task-imagery_run-01_eeg.edf	1250	True		sub-04	V	s	s	0	sub-04/ses-01/eeg/sub-04_ses-01_task-MotorImageryRest_run-01_eeg.vhdr	4f241c04621df74740de9dc41b7da028cb9937041693dd13b72fd0df48c8214e	True	unresolved	unresolved
sub-4	01	01	sub-4/ses-01/run-01/tsv-row-30	30	right_hand	2	205.676	5.0	51419	52669	sub-4/ses-01/eeg/sub-4_ses-01_task-imagery_run-01_eeg.edf	1250	True		sub-04	V	s	s	0	sub-04/ses-01/eeg/sub-04_ses-01_task-MotorImageryRest_run-01_eeg.vhdr	4f241c04621df74740de9dc41b7da028cb9937041693dd13b72fd0df48c8214e	True	unresolved	unresolved
sub-4	01	01	sub-4/ses-01/run-01/tsv-row-31	31	right_hand	2	212.524	5.0	53131	54381	sub-4/ses-01/eeg/sub-4_ses-01_task-imagery_run-01_eeg.edf	1250	True		sub-04	V	s	s	0	sub-04/ses-01/eeg/sub-04_ses-01_task-MotorImageryRest_run-01_eeg.vhdr	4f241c04621df74740de9dc41b7da028cb9937041693dd13b72fd0df48c8214e	True	unresolved	unresolved
sub-4	01	01	sub-4/ses-01/run-01/tsv-row-32	32	rest	1	219.424	5.0	54856	56106	sub-4/ses-01/eeg/sub-4_ses-01_task-imagery_run-01_eeg.edf	1250	True		sub-04	V	s	s	0	sub-04/ses-01/eeg/sub-04_ses-01_task-MotorImageryRest_run-01_eeg.vhdr	4f241c04621df74740de9dc41b7da028cb9937041693dd13b72fd0df48c8214e	True	unresolved	unresolved
sub-4	01	02	sub-4/ses-01/run-02/tsv-row-1	1	right_hand	2	6.068	5.0	1517	2767	sub-4/ses-01/eeg/sub-4_ses-01_task-imagery_run-02_eeg.edf	1250	True		sub-04	V	s	s	0	sub-04/ses-01/eeg/sub-04_ses-01_task-MotorImageryRest_run-02_eeg.vhdr	682d6d4d4b84d87abef902b58c693f54532d8588abec49541642b118f60ccd35	True	unresolved	unresolved
sub-4	01	02	sub-4/ses-01/run-02/tsv-row-2	2	rest	1	12.928	5.0	3232	4482	sub-4/ses-01/eeg/sub-4_ses-01_task-imagery_run-02_eeg.edf	1250	True		sub-04	V	s	s	0	sub-04/ses-01/eeg/sub-04_ses-01_task-MotorImageryRest_run-02_eeg.vhdr	682d6d4d4b84d87abef902b58c693f54532d8588abec49541642b118f60ccd35	True	unresolved	unresolved
sub-4	01	02	sub-4/ses-01/run-02/tsv-row-3	3	right_hand	2	19.856	5.0	4964	6214	sub-4/ses-01/eeg/sub-4_ses-01_task-imagery_run-02_eeg.edf	1250	True		sub-04	V	s	s	0	sub-04/ses-01/eeg/sub-04_ses-01_task-MotorImageryRest_run-02_eeg.vhdr	682d6d4d4b84d87abef902b58c693f54532d8588abec49541642b118f60ccd35	True	unresolved	unresolved
sub-4	01	02	sub-4/ses-01/run-02/tsv-row-4	4	rest	1	26.784	5.0	6696	7946	sub-4/ses-01/eeg/sub-4_ses-01_task-imagery_run-02_eeg.edf	1250	True		sub-04	V	s	s	0	sub-04/ses-01/eeg/sub-04_ses-01_task-MotorImageryRest_run-02_eeg.vhdr	682d6d4d4b84d87abef902b58c693f54532d8588abec49541642b118f60ccd35	True	unresolved	unresolved
sub-4	01	02	sub-4/ses-01/run-02/tsv-row-5	5	rest	1	33.612	5.0	8403	9653	sub-4/ses-01/eeg/sub-4_ses-01_task-imagery_run-02_eeg.edf	1250	True		sub-04	V	s	s	0	sub-04/ses-01/eeg/sub-04_ses-01_task-MotorImageryRest_run-02_eeg.vhdr	682d6d4d4b84d87abef902b58c693f54532d8588abec49541642b118f60ccd35	True	unresolved	unresolved
sub-4	01	02	sub-4/ses-01/run-02/tsv-row-6	6	right_hand	2	40.544	5.0	10136	11386	sub-4/ses-01/eeg/sub-4_ses-01_task-imagery_run-02_eeg.edf	1250	True		sub-04	V	s	s	0	sub-04/ses-01/eeg/sub-04_ses-01_task-MotorImageryRest_run-02_eeg.vhdr	682d6d4d4b84d87abef902b58c693f54532d8588abec49541642b118f60ccd35	True	unresolved	unresolved
sub-4	01	02	sub-4/ses-01/run-02/tsv-row-7	7	rest	1	47.372	5.0	11843	13093	sub-4/ses-01/eeg/sub-4_ses-01_task-imagery_run-02_eeg.edf	1250	True		sub-04	V	s	s	0	sub-04/ses-01/eeg/sub-04_ses-01_task-MotorImageryRest_run-02_eeg.vhdr	682d6d4d4b84d87abef902b58c693f54532d8588abec49541642b118f60ccd35	True	unresolved	unresolved
sub-4	01	02	sub-4/ses-01/run-02/tsv-row-8	8	right_hand	2	54.3	5.0	13575	14825	sub-4/ses-01/eeg/sub-4_ses-01_task-imagery_run-02_eeg.edf	1250	True		sub-04	V	s	s	0	sub-04/ses-01/eeg/sub-04_ses-01_task-MotorImageryRest_run-02_eeg.vhdr	682d6d4d4b84d87abef902b58c693f54532d8588abec49541642b118f60ccd35	True	unresolved	unresolved
sub-4	01	02	sub-4/ses-01/run-02/tsv-row-9	9	right_hand	2	61.228	5.0	15307	16557	sub-4/ses-01/eeg/sub-4_ses-01_task-imagery_run-02_eeg.edf	1250	True		sub-04	V	s	s	0	sub-04/ses-01/eeg/sub-04_ses-01_task-MotorImageryRest_run-02_eeg.vhdr	682d6d4d4b84d87abef902b58c693f54532d8588abec49541642b118f60ccd35	True	unresolved	unresolved
sub-4	01	02	sub-4/ses-01/run-02/tsv-row-10	10	rest	1	68.056	5.0	17014	18264	sub-4/ses-01/eeg/sub-4_ses-01_task-imagery_run-02_eeg.edf	1250	True		sub-04	V	s	s	0	sub-04/ses-01/eeg/sub-04_ses-01_task-MotorImageryRest_run-02_eeg.vhdr	682d6d4d4b84d87abef902b58c693f54532d8588abec49541642b118f60ccd35	True	unresolved	unresolved
sub-4	01	02	sub-4/ses-01/run-02/tsv-row-11	11	rest	1	74.984	5.0	18746	19996	sub-4/ses-01/eeg/sub-4_ses-01_task-imagery_run-02_eeg.edf	1250	True		sub-04	V	s	s	0	sub-04/ses-01/eeg/sub-04_ses-01_task-MotorImageryRest_run-02_eeg.vhdr	682d6d4d4b84d87abef902b58c693f54532d8588abec49541642b118f60ccd35	True	unresolved	unresolved
sub-4	01	02	sub-4/ses-01/run-02/tsv-row-12	12	right_hand	2	81.912	5.0	20478	21728	sub-4/ses-01/eeg/sub-4_ses-01_task-imagery_run-02_eeg.edf	1250	True		sub-04	V	s	s	0	sub-04/ses-01/eeg/sub-04_ses-01_task-MotorImageryRest_run-02_eeg.vhdr	682d6d4d4b84d87abef902b58c693f54532d8588abec49541642b118f60ccd35	True	unresolved	unresolved
sub-4	01	02	sub-4/ses-01/run-02/tsv-row-13	13	right_hand	2	88.74	5.0	22185	23435	sub-4/ses-01/eeg/sub-4_ses-01_task-imagery_run-02_eeg.edf	1250	True		sub-04	V	s	s	0	sub-04/ses-01/eeg/sub-04_ses-01_task-MotorImageryRest_run-02_eeg.vhdr	682d6d4d4b84d87abef902b58c693f54532d8588abec49541642b118f60ccd35	True	unresolved	unresolved
sub-4	01	02	sub-4/ses-01/run-02/tsv-row-14	14	rest	1	95.572	5.0	23893	25143	sub-4/ses-01/eeg/sub-4_ses-01_task-imagery_run-02_eeg.edf	1250	True		sub-04	V	s	s	0	sub-04/ses-01/eeg/sub-04_ses-01_task-MotorImageryRest_run-02_eeg.vhdr	682d6d4d4b84d87abef902b58c693f54532d8588abec49541642b118f60ccd35	True	unresolved	unresolved
sub-4	01	02	sub-4/ses-01/run-02/tsv-row-15	15	rest	1	102.5	5.0	25625	26875	sub-4/ses-01/eeg/sub-4_ses-01_task-imagery_run-02_eeg.edf	1250	True		sub-04	V	s	s	0	sub-04/ses-01/eeg/sub-04_ses-01_task-MotorImageryRest_run-02_eeg.vhdr	682d6d4d4b84d87abef902b58c693f54532d8588abec49541642b118f60ccd35	True	unresolved	unresolved
sub-4	01	02	sub-4/ses-01/run-02/tsv-row-16	16	right_hand	2	109.428	5.0	27357	28607	sub-4/ses-01/eeg/sub-4_ses-01_task-imagery_run-02_eeg.edf	1250	True		sub-04	V	s	s	0	sub-04/ses-01/eeg/sub-04_ses-01_task-MotorImageryRest_run-02_eeg.vhdr	682d6d4d4b84d87abef902b58c693f54532d8588abec49541642b118f60ccd35	True	unresolved	unresolved
sub-4	01	02	sub-4/ses-01/run-02/tsv-row-17	17	rest	1	116.256	5.0	29064	30314	sub-4/ses-01/eeg/sub-4_ses-01_task-imagery_run-02_eeg.edf	1250	True		sub-04	V	s	s	0	sub-04/ses-01/eeg/sub-04_ses-01_task-MotorImageryRest_run-02_eeg.vhdr	682d6d4d4b84d87abef902b58c693f54532d8588abec49541642b118f60ccd35	True	unresolved	unresolved
sub-4	01	02	sub-4/ses-01/run-02/tsv-row-18	18	right_hand	2	123.14	5.0	30785	32035	sub-4/ses-01/eeg/sub-4_ses-01_task-imagery_run-02_eeg.edf	1250	True		sub-04	V	s	s	0	sub-04/ses-01/eeg/sub-04_ses-01_task-MotorImageryRest_run-02_eeg.vhdr	682d6d4d4b84d87abef902b58c693f54532d8588abec49541642b118f60ccd35	True	unresolved	unresolved
sub-4	01	02	sub-4/ses-01/run-02/tsv-row-19	19	rest	1	130.08	5.0	32520	33770	sub-4/ses-01/eeg/sub-4_ses-01_task-imagery_run-02_eeg.edf	1250	True		sub-04	V	s	s	0	sub-04/ses-01/eeg/sub-04_ses-01_task-MotorImageryRest_run-02_eeg.vhdr	682d6d4d4b84d87abef902b58c693f54532d8588abec49541642b118f60ccd35	True	unresolved	unresolved
sub-4	01	02	sub-4/ses-01/run-02/tsv-row-20	20	right_hand	2	137.012	5.0	34253	35503	sub-4/ses-01/eeg/sub-4_ses-01_task-imagery_run-02_eeg.edf	1250	True		sub-04	V	s	s	0	sub-04/ses-01/eeg/sub-04_ses-01_task-MotorImageryRest_run-02_eeg.vhdr	682d6d4d4b84d87abef902b58c693f54532d8588abec49541642b118f60ccd35	True	unresolved	unresolved
sub-4	01	02	sub-4/ses-01/run-02/tsv-row-21	21	right_hand	2	143.84	5.0	35960	37210	sub-4/ses-01/eeg/sub-4_ses-01_task-imagery_run-02_eeg.edf	1250	True		sub-04	V	s	s	0	sub-04/ses-01/eeg/sub-04_ses-01_task-MotorImageryRest_run-02_eeg.vhdr	682d6d4d4b84d87abef902b58c693f54532d8588abec49541642b118f60ccd35	True	unresolved	unresolved
sub-4	01	02	sub-4/ses-01/run-02/tsv-row-22	22	rest	1	150.768	5.0	37692	38942	sub-4/ses-01/eeg/sub-4_ses-01_task-imagery_run-02_eeg.edf	1250	True		sub-04	V	s	s	0	sub-04/ses-01/eeg/sub-04_ses-01_task-MotorImageryRest_run-02_eeg.vhdr	682d6d4d4b84d87abef902b58c693f54532d8588abec49541642b118f60ccd35	True	unresolved	unresolved
sub-4	01	02	sub-4/ses-01/run-02/tsv-row-23	23	rest	1	157.596	5.0	39399	40649	sub-4/ses-01/eeg/sub-4_ses-01_task-imagery_run-02_eeg.edf	1250	True		sub-04	V	s	s	0	sub-04/ses-01/eeg/sub-04_ses-01_task-MotorImageryRest_run-02_eeg.vhdr	682d6d4d4b84d87abef902b58c693f54532d8588abec49541642b118f60ccd35	True	unresolved	unresolved
sub-4	01	02	sub-4/ses-01/run-02/tsv-row-24	24	right_hand	2	164.524	5.0	41131	42381	sub-4/ses-01/eeg/sub-4_ses-01_task-imagery_run-02_eeg.edf	1250	True		sub-04	V	s	s	0	sub-04/ses-01/eeg/sub-04_ses-01_task-MotorImageryRest_run-02_eeg.vhdr	682d6d4d4b84d87abef902b58c693f54532d8588abec49541642b118f60ccd35	True	unresolved	unresolved
sub-4	01	02	sub-4/ses-01/run-02/tsv-row-25	25	right_hand	2	171.452	5.0	42863	44113	sub-4/ses-01/eeg/sub-4_ses-01_task-imagery_run-02_eeg.edf	1250	True		sub-04	V	s	s	0	sub-04/ses-01/eeg/sub-04_ses-01_task-MotorImageryRest_run-02_eeg.vhdr	682d6d4d4b84d87abef902b58c693f54532d8588abec49541642b118f60ccd35	True	unresolved	unresolved
sub-4	01	02	sub-4/ses-01/run-02/tsv-row-26	26	rest	1	178.28	5.0	44570	45820	sub-4/ses-01/eeg/sub-4_ses-01_task-imagery_run-02_eeg.edf	1250	True		sub-04	V	s	s	0	sub-04/ses-01/eeg/sub-04_ses-01_task-MotorImageryRest_run-02_eeg.vhdr	682d6d4d4b84d87abef902b58c693f54532d8588abec49541642b118f60ccd35	True	unresolved	unresolved
sub-4	01	02	sub-4/ses-01/run-02/tsv-row-27	27	right_hand	2	185.208	5.0	46302	47552	sub-4/ses-01/eeg/sub-4_ses-01_task-imagery_run-02_eeg.edf	1250	True		sub-04	V	s	s	0	sub-04/ses-01/eeg/sub-04_ses-01_task-MotorImageryRest_run-02_eeg.vhdr	682d6d4d4b84d87abef902b58c693f54532d8588abec49541642b118f60ccd35	True	unresolved	unresolved
sub-4	01	02	sub-4/ses-01/run-02/tsv-row-28	28	rest	1	192.14	5.0	48035	49285	sub-4/ses-01/eeg/sub-4_ses-01_task-imagery_run-02_eeg.edf	1250	True		sub-04	V	s	s	0	sub-04/ses-01/eeg/sub-04_ses-01_task-MotorImageryRest_run-02_eeg.vhdr	682d6d4d4b84d87abef902b58c693f54532d8588abec49541642b118f60ccd35	True	unresolved	unresolved
sub-4	01	02	sub-4/ses-01/run-02/tsv-row-29	29	rest	1	198.968	5.0	49742	50992	sub-4/ses-01/eeg/sub-4_ses-01_task-imagery_run-02_eeg.edf	1250	True		sub-04	V	s	s	0	sub-04/ses-01/eeg/sub-04_ses-01_task-MotorImageryRest_run-02_eeg.vhdr	682d6d4d4b84d87abef902b58c693f54532d8588abec49541642b118f60ccd35	True	unresolved	unresolved
sub-4	01	02	sub-4/ses-01/run-02/tsv-row-30	30	right_hand	2	205.896	5.0	51474	52724	sub-4/ses-01/eeg/sub-4_ses-01_task-imagery_run-02_eeg.edf	1250	True		sub-04	V	s	s	0	sub-04/ses-01/eeg/sub-04_ses-01_task-MotorImageryRest_run-02_eeg.vhdr	682d6d4d4b84d87abef902b58c693f54532d8588abec49541642b118f60ccd35	True	unresolved	unresolved
sub-4	01	02	sub-4/ses-01/run-02/tsv-row-31	31	right_hand	2	212.696	5.0	53174	54424	sub-4/ses-01/eeg/sub-4_ses-01_task-imagery_run-02_eeg.edf	1250	True		sub-04	V	s	s	0	sub-04/ses-01/eeg/sub-04_ses-01_task-MotorImageryRest_run-02_eeg.vhdr	682d6d4d4b84d87abef902b58c693f54532d8588abec49541642b118f60ccd35	True	unresolved	unresolved
sub-4	01	02	sub-4/ses-01/run-02/tsv-row-32	32	rest	1	219.624	5.0	54906	56156	sub-4/ses-01/eeg/sub-4_ses-01_task-imagery_run-02_eeg.edf	1250	True		sub-04	V	s	s	0	sub-04/ses-01/eeg/sub-04_ses-01_task-MotorImageryRest_run-02_eeg.vhdr	682d6d4d4b84d87abef902b58c693f54532d8588abec49541642b118f60ccd35	True	unresolved	unresolved
sub-4	01	03	sub-4/ses-01/run-03/tsv-row-1	1	rest	1	6.372	5.0	1593	2843	sub-4/ses-01/eeg/sub-4_ses-01_task-imagery_run-03_eeg.edf	1250	True		sub-04	V	s	s	0	sub-04/ses-01/eeg/sub-04_ses-01_task-MotorImageryRest_run-03_eeg.vhdr	b3b3e684e4fd4ea8e25cb0cd3317c68ddcb5c89bba812afdfef501f6d8f840fa	True	unresolved	unresolved
sub-4	01	03	sub-4/ses-01/run-03/tsv-row-2	2	right_hand	2	13.38	5.0	3345	4595	sub-4/ses-01/eeg/sub-4_ses-01_task-imagery_run-03_eeg.edf	1250	True		sub-04	V	s	s	0	sub-04/ses-01/eeg/sub-04_ses-01_task-MotorImageryRest_run-03_eeg.vhdr	b3b3e684e4fd4ea8e25cb0cd3317c68ddcb5c89bba812afdfef501f6d8f840fa	True	unresolved	unresolved
sub-4	01	03	sub-4/ses-01/run-03/tsv-row-3	3	right_hand	2	20.044	5.0	5011	6261	sub-4/ses-01/eeg/sub-4_ses-01_task-imagery_run-03_eeg.edf	1250	True		sub-04	V	s	s	0	sub-04/ses-01/eeg/sub-04_ses-01_task-MotorImageryRest_run-03_eeg.vhdr	b3b3e684e4fd4ea8e25cb0cd3317c68ddcb5c89bba812afdfef501f6d8f840fa	True	unresolved	unresolved
sub-4	01	03	sub-4/ses-01/run-03/tsv-row-4	4	rest	1	27.064	5.0	6766	8016	sub-4/ses-01/eeg/sub-4_ses-01_task-imagery_run-03_eeg.edf	1250	True		sub-04	V	s	s	0	sub-04/ses-01/eeg/sub-04_ses-01_task-MotorImageryRest_run-03_eeg.vhdr	b3b3e684e4fd4ea8e25cb0cd3317c68ddcb5c89bba812afdfef501f6d8f840fa	True	unresolved	unresolved
sub-4	01	03	sub-4/ses-01/run-03/tsv-row-5	5	right_hand	2	33.892	5.0	8473	9723	sub-4/ses-01/eeg/sub-4_ses-01_task-imagery_run-03_eeg.edf	1250	True		sub-04	V	s	s	0	sub-04/ses-01/eeg/sub-04_ses-01_task-MotorImageryRest_run-03_eeg.vhdr	b3b3e684e4fd4ea8e25cb0cd3317c68ddcb5c89bba812afdfef501f6d8f840fa	True	unresolved	unresolved
sub-4	01	03	sub-4/ses-01/run-03/tsv-row-6	6	rest	1	40.912	5.0	10228	11478	sub-4/ses-01/eeg/sub-4_ses-01_task-imagery_run-03_eeg.edf	1250	True		sub-04	V	s	s	0	sub-04/ses-01/eeg/sub-04_ses-01_task-MotorImageryRest_run-03_eeg.vhdr	b3b3e684e4fd4ea8e25cb0cd3317c68ddcb5c89bba812afdfef501f6d8f840fa	True	unresolved	unresolved
sub-4	01	03	sub-4/ses-01/run-03/tsv-row-7	7	rest	1	47.74	5.0	11935	13185	sub-4/ses-01/eeg/sub-4_ses-01_task-imagery_run-03_eeg.edf	1250	True		sub-04	V	s	s	0	sub-04/ses-01/eeg/sub-04_ses-01_task-MotorImageryRest_run-03_eeg.vhdr	b3b3e684e4fd4ea8e25cb0cd3317c68ddcb5c89bba812afdfef501f6d8f840fa	True	unresolved	unresolved
sub-4	01	03	sub-4/ses-01/run-03/tsv-row-8	8	right_hand	2	54.764	5.0	13691	14941	sub-4/ses-01/eeg/sub-4_ses-01_task-imagery_run-03_eeg.edf	1250	True		sub-04	V	s	s	0	sub-04/ses-01/eeg/sub-04_ses-01_task-MotorImageryRest_run-03_eeg.vhdr	b3b3e684e4fd4ea8e25cb0cd3317c68ddcb5c89bba812afdfef501f6d8f840fa	True	unresolved	unresolved
sub-4	01	03	sub-4/ses-01/run-03/tsv-row-9	9	rest	1	61.396	5.0	15349	16599	sub-4/ses-01/eeg/sub-4_ses-01_task-imagery_run-03_eeg.edf	1250	True		sub-04	V	s	s	0	sub-04/ses-01/eeg/sub-04_ses-01_task-MotorImageryRest_run-03_eeg.vhdr	b3b3e684e4fd4ea8e25cb0cd3317c68ddcb5c89bba812afdfef501f6d8f840fa	True	unresolved	unresolved
sub-4	01	03	sub-4/ses-01/run-03/tsv-row-10	10	right_hand	2	68.416	5.0	17104	18354	sub-4/ses-01/eeg/sub-4_ses-01_task-imagery_run-03_eeg.edf	1250	True		sub-04	V	s	s	0	sub-04/ses-01/eeg/sub-04_ses-01_task-MotorImageryRest_run-03_eeg.vhdr	b3b3e684e4fd4ea8e25cb0cd3317c68ddcb5c89bba812afdfef501f6d8f840fa	True	unresolved	unresolved
sub-4	01	03	sub-4/ses-01/run-03/tsv-row-11	11	right_hand	2	75.244	5.0	18811	20061	sub-4/ses-01/eeg/sub-4_ses-01_task-imagery_run-03_eeg.edf	1250	True		sub-04	V	s	s	0	sub-04/ses-01/eeg/sub-04_ses-01_task-MotorImageryRest_run-03_eeg.vhdr	b3b3e684e4fd4ea8e25cb0cd3317c68ddcb5c89bba812afdfef501f6d8f840fa	True	unresolved	unresolved
sub-4	01	03	sub-4/ses-01/run-03/tsv-row-12	12	rest	1	82.072	5.0	20518	21768	sub-4/ses-01/eeg/sub-4_ses-01_task-imagery_run-03_eeg.edf	1250	True		sub-04	V	s	s	0	sub-04/ses-01/eeg/sub-04_ses-01_task-MotorImageryRest_run-03_eeg.vhdr	b3b3e684e4fd4ea8e25cb0cd3317c68ddcb5c89bba812afdfef501f6d8f840fa	True	unresolved	unresolved
sub-4	01	03	sub-4/ses-01/run-03/tsv-row-13	13	rest	1	89.092	5.0	22273	23523	sub-4/ses-01/eeg/sub-4_ses-01_task-imagery_run-03_eeg.edf	1250	True		sub-04	V	s	s	0	sub-04/ses-01/eeg/sub-04_ses-01_task-MotorImageryRest_run-03_eeg.vhdr	b3b3e684e4fd4ea8e25cb0cd3317c68ddcb5c89bba812afdfef501f6d8f840fa	True	unresolved	unresolved
sub-4	01	03	sub-4/ses-01/run-03/tsv-row-14	14	right_hand	2	95.92	5.0	23980	25230	sub-4/ses-01/eeg/sub-4_ses-01_task-imagery_run-03_eeg.edf	1250	True		sub-04	V	s	s	0	sub-04/ses-01/eeg/sub-04_ses-01_task-MotorImageryRest_run-03_eeg.vhdr	b3b3e684e4fd4ea8e25cb0cd3317c68ddcb5c89bba812afdfef501f6d8f840fa	True	unresolved	unresolved
sub-4	01	03	sub-4/ses-01/run-03/tsv-row-15	15	rest	1	102.944	5.0	25736	26986	sub-4/ses-01/eeg/sub-4_ses-01_task-imagery_run-03_eeg.edf	1250	True		sub-04	V	s	s	0	sub-04/ses-01/eeg/sub-04_ses-01_task-MotorImageryRest_run-03_eeg.vhdr	b3b3e684e4fd4ea8e25cb0cd3317c68ddcb5c89bba812afdfef501f6d8f840fa	True	unresolved	unresolved
sub-4	01	03	sub-4/ses-01/run-03/tsv-row-16	16	right_hand	2	109.768	5.0	27442	28692	sub-4/ses-01/eeg/sub-4_ses-01_task-imagery_run-03_eeg.edf	1250	True		sub-04	V	s	s	0	sub-04/ses-01/eeg/sub-04_ses-01_task-MotorImageryRest_run-03_eeg.vhdr	b3b3e684e4fd4ea8e25cb0cd3317c68ddcb5c89bba812afdfef501f6d8f840fa	True	unresolved	unresolved
sub-4	01	03	sub-4/ses-01/run-03/tsv-row-17	17	right_hand	2	116.596	5.0	29149	30399	sub-4/ses-01/eeg/sub-4_ses-01_task-imagery_run-03_eeg.edf	1250	True		sub-04	V	s	s	0	sub-04/ses-01/eeg/sub-04_ses-01_task-MotorImageryRest_run-03_eeg.vhdr	b3b3e684e4fd4ea8e25cb0cd3317c68ddcb5c89bba812afdfef501f6d8f840fa	True	unresolved	unresolved
sub-4	01	03	sub-4/ses-01/run-03/tsv-row-18	18	rest	1	123.62	5.0	30905	32155	sub-4/ses-01/eeg/sub-4_ses-01_task-imagery_run-03_eeg.edf	1250	True		sub-04	V	s	s	0	sub-04/ses-01/eeg/sub-04_ses-01_task-MotorImageryRest_run-03_eeg.vhdr	b3b3e684e4fd4ea8e25cb0cd3317c68ddcb5c89bba812afdfef501f6d8f840fa	True	unresolved	unresolved
sub-4	01	03	sub-4/ses-01/run-03/tsv-row-19	19	right_hand	2	130.444	5.0	32611	33861	sub-4/ses-01/eeg/sub-4_ses-01_task-imagery_run-03_eeg.edf	1250	True		sub-04	V	s	s	0	sub-04/ses-01/eeg/sub-04_ses-01_task-MotorImageryRest_run-03_eeg.vhdr	b3b3e684e4fd4ea8e25cb0cd3317c68ddcb5c89bba812afdfef501f6d8f840fa	True	unresolved	unresolved
sub-4	01	03	sub-4/ses-01/run-03/tsv-row-20	20	rest	1	137.272	5.0	34318	35568	sub-4/ses-01/eeg/sub-4_ses-01_task-imagery_run-03_eeg.edf	1250	True		sub-04	V	s	s	0	sub-04/ses-01/eeg/sub-04_ses-01_task-MotorImageryRest_run-03_eeg.vhdr	b3b3e684e4fd4ea8e25cb0cd3317c68ddcb5c89bba812afdfef501f6d8f840fa	True	unresolved	unresolved
sub-4	01	03	sub-4/ses-01/run-03/tsv-row-21	21	rest	1	144.1	5.0	36025	37275	sub-4/ses-01/eeg/sub-4_ses-01_task-imagery_run-03_eeg.edf	1250	True		sub-04	V	s	s	0	sub-04/ses-01/eeg/sub-04_ses-01_task-MotorImageryRest_run-03_eeg.vhdr	b3b3e684e4fd4ea8e25cb0cd3317c68ddcb5c89bba812afdfef501f6d8f840fa	True	unresolved	unresolved
sub-4	01	03	sub-4/ses-01/run-03/tsv-row-22	22	right_hand	2	151.124	5.0	37781	39031	sub-4/ses-01/eeg/sub-4_ses-01_task-imagery_run-03_eeg.edf	1250	True		sub-04	V	s	s	0	sub-04/ses-01/eeg/sub-04_ses-01_task-MotorImageryRest_run-03_eeg.vhdr	b3b3e684e4fd4ea8e25cb0cd3317c68ddcb5c89bba812afdfef501f6d8f840fa	True	unresolved	unresolved
sub-4	01	03	sub-4/ses-01/run-03/tsv-row-23	23	right_hand	2	157.756	5.0	39439	40689	sub-4/ses-01/eeg/sub-4_ses-01_task-imagery_run-03_eeg.edf	1250	True		sub-04	V	s	s	0	sub-04/ses-01/eeg/sub-04_ses-01_task-MotorImageryRest_run-03_eeg.vhdr	b3b3e684e4fd4ea8e25cb0cd3317c68ddcb5c89bba812afdfef501f6d8f840fa	True	unresolved	unresolved
sub-4	01	03	sub-4/ses-01/run-03/tsv-row-24	24	rest	1	164.776	5.0	41194	42444	sub-4/ses-01/eeg/sub-4_ses-01_task-imagery_run-03_eeg.edf	1250	True		sub-04	V	s	s	0	sub-04/ses-01/eeg/sub-04_ses-01_task-MotorImageryRest_run-03_eeg.vhdr	b3b3e684e4fd4ea8e25cb0cd3317c68ddcb5c89bba812afdfef501f6d8f840fa	True	unresolved	unresolved
sub-4	01	03	sub-4/ses-01/run-03/tsv-row-25	25	right_hand	2	171.604	5.0	42901	44151	sub-4/ses-01/eeg/sub-4_ses-01_task-imagery_run-03_eeg.edf	1250	True		sub-04	V	s	s	0	sub-04/ses-01/eeg/sub-04_ses-01_task-MotorImageryRest_run-03_eeg.vhdr	b3b3e684e4fd4ea8e25cb0cd3317c68ddcb5c89bba812afdfef501f6d8f840fa	True	unresolved	unresolved
sub-4	01	03	sub-4/ses-01/run-03/tsv-row-26	26	rest	1	178.624	5.0	44656	45906	sub-4/ses-01/eeg/sub-4_ses-01_task-imagery_run-03_eeg.edf	1250	True		sub-04	V	s	s	0	sub-04/ses-01/eeg/sub-04_ses-01_task-MotorImageryRest_run-03_eeg.vhdr	b3b3e684e4fd4ea8e25cb0cd3317c68ddcb5c89bba812afdfef501f6d8f840fa	True	unresolved	unresolved
sub-4	01	03	sub-4/ses-01/run-03/tsv-row-27	27	right_hand	2	185.648	5.0	46412	47662	sub-4/ses-01/eeg/sub-4_ses-01_task-imagery_run-03_eeg.edf	1250	True		sub-04	V	s	s	0	sub-04/ses-01/eeg/sub-04_ses-01_task-MotorImageryRest_run-03_eeg.vhdr	b3b3e684e4fd4ea8e25cb0cd3317c68ddcb5c89bba812afdfef501f6d8f840fa	True	unresolved	unresolved
sub-4	01	03	sub-4/ses-01/run-03/tsv-row-28	28	rest	1	192.476	5.0	48119	49369	sub-4/ses-01/eeg/sub-4_ses-01_task-imagery_run-03_eeg.edf	1250	True		sub-04	V	s	s	0	sub-04/ses-01/eeg/sub-04_ses-01_task-MotorImageryRest_run-03_eeg.vhdr	b3b3e684e4fd4ea8e25cb0cd3317c68ddcb5c89bba812afdfef501f6d8f840fa	True	unresolved	unresolved
sub-4	01	03	sub-4/ses-01/run-03/tsv-row-29	29	right_hand	2	199.3	5.0	49825	51075	sub-4/ses-01/eeg/sub-4_ses-01_task-imagery_run-03_eeg.edf	1250	True		sub-04	V	s	s	0	sub-04/ses-01/eeg/sub-04_ses-01_task-MotorImageryRest_run-03_eeg.vhdr	b3b3e684e4fd4ea8e25cb0cd3317c68ddcb5c89bba812afdfef501f6d8f840fa	True	unresolved	unresolved
sub-4	01	03	sub-4/ses-01/run-03/tsv-row-30	30	rest	1	206.128	5.0	51532	52782	sub-4/ses-01/eeg/sub-4_ses-01_task-imagery_run-03_eeg.edf	1250	True		sub-04	V	s	s	0	sub-04/ses-01/eeg/sub-04_ses-01_task-MotorImageryRest_run-03_eeg.vhdr	b3b3e684e4fd4ea8e25cb0cd3317c68ddcb5c89bba812afdfef501f6d8f840fa	True	unresolved	unresolved
sub-4	01	03	sub-4/ses-01/run-03/tsv-row-31	31	right_hand	2	212.956	5.0	53239	54489	sub-4/ses-01/eeg/sub-4_ses-01_task-imagery_run-03_eeg.edf	1250	True		sub-04	V	s	s	0	sub-04/ses-01/eeg/sub-04_ses-01_task-MotorImageryRest_run-03_eeg.vhdr	b3b3e684e4fd4ea8e25cb0cd3317c68ddcb5c89bba812afdfef501f6d8f840fa	True	unresolved	unresolved
sub-4	01	03	sub-4/ses-01/run-03/tsv-row-32	32	rest	1	219.98	5.0	54995	56245	sub-4/ses-01/eeg/sub-4_ses-01_task-imagery_run-03_eeg.edf	1250	True		sub-04	V	s	s	0	sub-04/ses-01/eeg/sub-04_ses-01_task-MotorImageryRest_run-03_eeg.vhdr	b3b3e684e4fd4ea8e25cb0cd3317c68ddcb5c89bba812afdfef501f6d8f840fa	True	unresolved	unresolved
sub-4	01	04	sub-4/ses-01/run-04/tsv-row-1	1	right_hand	2	13.644	5.0	3411	4661	sub-4/ses-01/eeg/sub-4_ses-01_task-imagery_run-04_eeg.edf	1250	True		sub-04	V	s	s	0	sub-04/ses-01/eeg/sub-04_ses-01_task-MotorImageryRest_run-04_eeg.vhdr	4460a6fc6022e4258d062b49318adf820c8c9c647ee3f1f93c77c051cb489f7c	True	unresolved	unresolved
sub-4	01	04	sub-4/ses-01/run-04/tsv-row-2	2	rest	1	20.652	5.0	5163	6413	sub-4/ses-01/eeg/sub-4_ses-01_task-imagery_run-04_eeg.edf	1250	True		sub-04	V	s	s	0	sub-04/ses-01/eeg/sub-04_ses-01_task-MotorImageryRest_run-04_eeg.vhdr	4460a6fc6022e4258d062b49318adf820c8c9c647ee3f1f93c77c051cb489f7c	True	unresolved	unresolved
sub-4	01	04	sub-4/ses-01/run-04/tsv-row-3	3	rest	1	27.464	5.0	6866	8116	sub-4/ses-01/eeg/sub-4_ses-01_task-imagery_run-04_eeg.edf	1250	True		sub-04	V	s	s	0	sub-04/ses-01/eeg/sub-04_ses-01_task-MotorImageryRest_run-04_eeg.vhdr	4460a6fc6022e4258d062b49318adf820c8c9c647ee3f1f93c77c051cb489f7c	True	unresolved	unresolved
sub-4	01	04	sub-4/ses-01/run-04/tsv-row-4	4	right_hand	2	34.292	5.0	8573	9823	sub-4/ses-01/eeg/sub-4_ses-01_task-imagery_run-04_eeg.edf	1250	True		sub-04	V	s	s	0	sub-04/ses-01/eeg/sub-04_ses-01_task-MotorImageryRest_run-04_eeg.vhdr	4460a6fc6022e4258d062b49318adf820c8c9c647ee3f1f93c77c051cb489f7c	True	unresolved	unresolved
sub-4	01	04	sub-4/ses-01/run-04/tsv-row-5	5	right_hand	2	41.32	5.0	10330	11580	sub-4/ses-01/eeg/sub-4_ses-01_task-imagery_run-04_eeg.edf	1250	True		sub-04	V	s	s	0	sub-04/ses-01/eeg/sub-04_ses-01_task-MotorImageryRest_run-04_eeg.vhdr	4460a6fc6022e4258d062b49318adf820c8c9c647ee3f1f93c77c051cb489f7c	True	unresolved	unresolved
sub-4	01	04	sub-4/ses-01/run-04/tsv-row-6	6	rest	1	48.148	5.0	12037	13287	sub-4/ses-01/eeg/sub-4_ses-01_task-imagery_run-04_eeg.edf	1250	True		sub-04	V	s	s	0	sub-04/ses-01/eeg/sub-04_ses-01_task-MotorImageryRest_run-04_eeg.vhdr	4460a6fc6022e4258d062b49318adf820c8c9c647ee3f1f93c77c051cb489f7c	True	unresolved	unresolved
sub-4	01	04	sub-4/ses-01/run-04/tsv-row-7	7	rest	1	54.98	5.0	13745	14995	sub-4/ses-01/eeg/sub-4_ses-01_task-imagery_run-04_eeg.edf	1250	True		sub-04	V	s	s	0	sub-04/ses-01/eeg/sub-04_ses-01_task-MotorImageryRest_run-04_eeg.vhdr	4460a6fc6022e4258d062b49318adf820c8c9c647ee3f1f93c77c051cb489f7c	True	unresolved	unresolved
sub-4	01	04	sub-4/ses-01/run-04/tsv-row-8	8	right_hand	2	61.808	5.0	15452	16702	sub-4/ses-01/eeg/sub-4_ses-01_task-imagery_run-04_eeg.edf	1250	True		sub-04	V	s	s	0	sub-04/ses-01/eeg/sub-04_ses-01_task-MotorImageryRest_run-04_eeg.vhdr	4460a6fc6022e4258d062b49318adf820c8c9c647ee3f1f93c77c051cb489f7c	True	unresolved	unresolved
sub-4	01	04	sub-4/ses-01/run-04/tsv-row-9	9	rest	1	68.636	5.0	17159	18409	sub-4/ses-01/eeg/sub-4_ses-01_task-imagery_run-04_eeg.edf	1250	True		sub-04	V	s	s	0	sub-04/ses-01/eeg/sub-04_ses-01_task-MotorImageryRest_run-04_eeg.vhdr	4460a6fc6022e4258d062b49318adf820c8c9c647ee3f1f93c77c051cb489f7c	True	unresolved	unresolved
sub-4	01	04	sub-4/ses-01/run-04/tsv-row-10	10	right_hand	2	75.664	5.0	18916	20166	sub-4/ses-01/eeg/sub-4_ses-01_task-imagery_run-04_eeg.edf	1250	True		sub-04	V	s	s	0	sub-04/ses-01/eeg/sub-04_ses-01_task-MotorImageryRest_run-04_eeg.vhdr	4460a6fc6022e4258d062b49318adf820c8c9c647ee3f1f93c77c051cb489f7c	True	unresolved	unresolved
sub-4	01	04	sub-4/ses-01/run-04/tsv-row-11	11	right_hand	2	82.492	5.0	20623	21873	sub-4/ses-01/eeg/sub-4_ses-01_task-imagery_run-04_eeg.edf	1250	True		sub-04	V	s	s	0	sub-04/ses-01/eeg/sub-04_ses-01_task-MotorImageryRest_run-04_eeg.vhdr	4460a6fc6022e4258d062b49318adf820c8c9c647ee3f1f93c77c051cb489f7c	True	unresolved	unresolved
sub-4	01	04	sub-4/ses-01/run-04/tsv-row-12	12	rest	1	89.52	5.0	22380	23630	sub-4/ses-01/eeg/sub-4_ses-01_task-imagery_run-04_eeg.edf	1250	True		sub-04	V	s	s	0	sub-04/ses-01/eeg/sub-04_ses-01_task-MotorImageryRest_run-04_eeg.vhdr	4460a6fc6022e4258d062b49318adf820c8c9c647ee3f1f93c77c051cb489f7c	True	unresolved	unresolved
sub-4	01	04	sub-4/ses-01/run-04/tsv-row-13	13	rest	1	96.348	5.0	24087	25337	sub-4/ses-01/eeg/sub-4_ses-01_task-imagery_run-04_eeg.edf	1250	True		sub-04	V	s	s	0	sub-04/ses-01/eeg/sub-04_ses-01_task-MotorImageryRest_run-04_eeg.vhdr	4460a6fc6022e4258d062b49318adf820c8c9c647ee3f1f93c77c051cb489f7c	True	unresolved	unresolved
sub-4	01	04	sub-4/ses-01/run-04/tsv-row-14	14	right_hand	2	103.18	5.0	25795	27045	sub-4/ses-01/eeg/sub-4_ses-01_task-imagery_run-04_eeg.edf	1250	True		sub-04	V	s	s	0	sub-04/ses-01/eeg/sub-04_ses-01_task-MotorImageryRest_run-04_eeg.vhdr	4460a6fc6022e4258d062b49318adf820c8c9c647ee3f1f93c77c051cb489f7c	True	unresolved	unresolved
sub-4	01	04	sub-4/ses-01/run-04/tsv-row-15	15	right_hand	2	110.008	5.0	27502	28752	sub-4/ses-01/eeg/sub-4_ses-01_task-imagery_run-04_eeg.edf	1250	True		sub-04	V	s	s	0	sub-04/ses-01/eeg/sub-04_ses-01_task-MotorImageryRest_run-04_eeg.vhdr	4460a6fc6022e4258d062b49318adf820c8c9c647ee3f1f93c77c051cb489f7c	True	unresolved	unresolved
sub-4	01	04	sub-4/ses-01/run-04/tsv-row-16	16	rest	1	117.036	5.0	29259	30509	sub-4/ses-01/eeg/sub-4_ses-01_task-imagery_run-04_eeg.edf	1250	True		sub-04	V	s	s	0	sub-04/ses-01/eeg/sub-04_ses-01_task-MotorImageryRest_run-04_eeg.vhdr	4460a6fc6022e4258d062b49318adf820c8c9c647ee3f1f93c77c051cb489f7c	True	unresolved	unresolved
sub-4	01	04	sub-4/ses-01/run-04/tsv-row-17	17	right_hand	2	123.864	5.0	30966	32216	sub-4/ses-01/eeg/sub-4_ses-01_task-imagery_run-04_eeg.edf	1250	True		sub-04	V	s	s	0	sub-04/ses-01/eeg/sub-04_ses-01_task-MotorImageryRest_run-04_eeg.vhdr	4460a6fc6022e4258d062b49318adf820c8c9c647ee3f1f93c77c051cb489f7c	True	unresolved	unresolved
sub-4	01	04	sub-4/ses-01/run-04/tsv-row-18	18	rest	1	130.692	5.0	32673	33923	sub-4/ses-01/eeg/sub-4_ses-01_task-imagery_run-04_eeg.edf	1250	True		sub-04	V	s	s	0	sub-04/ses-01/eeg/sub-04_ses-01_task-MotorImageryRest_run-04_eeg.vhdr	4460a6fc6022e4258d062b49318adf820c8c9c647ee3f1f93c77c051cb489f7c	True	unresolved	unresolved
sub-4	01	04	sub-4/ses-01/run-04/tsv-row-19	19	right_hand	2	137.72	5.0	34430	35680	sub-4/ses-01/eeg/sub-4_ses-01_task-imagery_run-04_eeg.edf	1250	True		sub-04	V	s	s	0	sub-04/ses-01/eeg/sub-04_ses-01_task-MotorImageryRest_run-04_eeg.vhdr	4460a6fc6022e4258d062b49318adf820c8c9c647ee3f1f93c77c051cb489f7c	True	unresolved	unresolved
sub-4	01	04	sub-4/ses-01/run-04/tsv-row-20	20	rest	1	144.548	5.0	36137	37387	sub-4/ses-01/eeg/sub-4_ses-01_task-imagery_run-04_eeg.edf	1250	True		sub-04	V	s	s	0	sub-04/ses-01/eeg/sub-04_ses-01_task-MotorImageryRest_run-04_eeg.vhdr	4460a6fc6022e4258d062b49318adf820c8c9c647ee3f1f93c77c051cb489f7c	True	unresolved	unresolved
sub-4	01	04	sub-4/ses-01/run-04/tsv-row-21	21	right_hand	2	151.38	5.0	37845	39095	sub-4/ses-01/eeg/sub-4_ses-01_task-imagery_run-04_eeg.edf	1250	True		sub-04	V	s	s	0	sub-04/ses-01/eeg/sub-04_ses-01_task-MotorImageryRest_run-04_eeg.vhdr	4460a6fc6022e4258d062b49318adf820c8c9c647ee3f1f93c77c051cb489f7c	True	unresolved	unresolved
sub-4	01	04	sub-4/ses-01/run-04/tsv-row-22	22	rest	1	158.408	5.0	39602	40852	sub-4/ses-01/eeg/sub-4_ses-01_task-imagery_run-04_eeg.edf	1250	True		sub-04	V	s	s	0	sub-04/ses-01/eeg/sub-04_ses-01_task-MotorImageryRest_run-04_eeg.vhdr	4460a6fc6022e4258d062b49318adf820c8c9c647ee3f1f93c77c051cb489f7c	True	unresolved	unresolved
sub-4	01	04	sub-4/ses-01/run-04/tsv-row-23	23	rest	1	165.236	5.0	41309	42559	sub-4/ses-01/eeg/sub-4_ses-01_task-imagery_run-04_eeg.edf	1250	True		sub-04	V	s	s	0	sub-04/ses-01/eeg/sub-04_ses-01_task-MotorImageryRest_run-04_eeg.vhdr	4460a6fc6022e4258d062b49318adf820c8c9c647ee3f1f93c77c051cb489f7c	True	unresolved	unresolved
sub-4	01	04	sub-4/ses-01/run-04/tsv-row-24	24	right_hand	2	172.064	5.0	43016	44266	sub-4/ses-01/eeg/sub-4_ses-01_task-imagery_run-04_eeg.edf	1250	True		sub-04	V	s	s	0	sub-04/ses-01/eeg/sub-04_ses-01_task-MotorImageryRest_run-04_eeg.vhdr	4460a6fc6022e4258d062b49318adf820c8c9c647ee3f1f93c77c051cb489f7c	True	unresolved	unresolved
sub-4	01	04	sub-4/ses-01/run-04/tsv-row-25	25	right_hand	2	179.092	5.0	44773	46023	sub-4/ses-01/eeg/sub-4_ses-01_task-imagery_run-04_eeg.edf	1250	True		sub-04	V	s	s	0	sub-04/ses-01/eeg/sub-04_ses-01_task-MotorImageryRest_run-04_eeg.vhdr	4460a6fc6022e4258d062b49318adf820c8c9c647ee3f1f93c77c051cb489f7c	True	unresolved	unresolved
sub-4	01	04	sub-4/ses-01/run-04/tsv-row-26	26	rest	1	185.72	5.0	46430	47680	sub-4/ses-01/eeg/sub-4_ses-01_task-imagery_run-04_eeg.edf	1250	True		sub-04	V	s	s	0	sub-04/ses-01/eeg/sub-04_ses-01_task-MotorImageryRest_run-04_eeg.vhdr	4460a6fc6022e4258d062b49318adf820c8c9c647ee3f1f93c77c051cb489f7c	True	unresolved	unresolved
sub-4	01	04	sub-4/ses-01/run-04/tsv-row-27	27	right_hand	2	192.748	5.0	48187	49437	sub-4/ses-01/eeg/sub-4_ses-01_task-imagery_run-04_eeg.edf	1250	True		sub-04	V	s	s	0	sub-04/ses-01/eeg/sub-04_ses-01_task-MotorImageryRest_run-04_eeg.vhdr	4460a6fc6022e4258d062b49318adf820c8c9c647ee3f1f93c77c051cb489f7c	True	unresolved	unresolved
sub-4	01	04	sub-4/ses-01/run-04/tsv-row-28	28	rest	1	199.58	5.0	49895	51145	sub-4/ses-01/eeg/sub-4_ses-01_task-imagery_run-04_eeg.edf	1250	True		sub-04	V	s	s	0	sub-04/ses-01/eeg/sub-04_ses-01_task-MotorImageryRest_run-04_eeg.vhdr	4460a6fc6022e4258d062b49318adf820c8c9c647ee3f1f93c77c051cb489f7c	True	unresolved	unresolved
sub-4	01	04	sub-4/ses-01/run-04/tsv-row-29	29	right_hand	2	206.608	5.0	51652	52902	sub-4/ses-01/eeg/sub-4_ses-01_task-imagery_run-04_eeg.edf	1250	True		sub-04	V	s	s	0	sub-04/ses-01/eeg/sub-04_ses-01_task-MotorImageryRest_run-04_eeg.vhdr	4460a6fc6022e4258d062b49318adf820c8c9c647ee3f1f93c77c051cb489f7c	True	unresolved	unresolved
sub-4	01	04	sub-4/ses-01/run-04/tsv-row-30	30	rest	1	213.236	5.0	53309	54559	sub-4/ses-01/eeg/sub-4_ses-01_task-imagery_run-04_eeg.edf	1250	True		sub-04	V	s	s	0	sub-04/ses-01/eeg/sub-04_ses-01_task-MotorImageryRest_run-04_eeg.vhdr	4460a6fc6022e4258d062b49318adf820c8c9c647ee3f1f93c77c051cb489f7c	True	unresolved	unresolved
sub-4	01	04	sub-4/ses-01/run-04/tsv-row-31	31	rest	1	220.264	5.0	55066	56316	sub-4/ses-01/eeg/sub-4_ses-01_task-imagery_run-04_eeg.edf	1250	True		sub-04	V	s	s	0	sub-04/ses-01/eeg/sub-04_ses-01_task-MotorImageryRest_run-04_eeg.vhdr	4460a6fc6022e4258d062b49318adf820c8c9c647ee3f1f93c77c051cb489f7c	True	unresolved	unresolved
sub-4	01	04	sub-4/ses-01/run-04/tsv-row-32	32	right_hand	2	227.092	5.0	56773	58023	sub-4/ses-01/eeg/sub-4_ses-01_task-imagery_run-04_eeg.edf	1250	True		sub-04	V	s	s	0	sub-04/ses-01/eeg/sub-04_ses-01_task-MotorImageryRest_run-04_eeg.vhdr	4460a6fc6022e4258d062b49318adf820c8c9c647ee3f1f93c77c051cb489f7c	True	unresolved	unresolved
sub-4	01	05	sub-4/ses-01/run-05/tsv-row-1	1	right_hand	2	5.672	5.0	1418	2668	sub-4/ses-01/eeg/sub-4_ses-01_task-imagery_run-05_eeg.edf	1250	True		sub-04	V	s	s	0	sub-04/ses-01/eeg/sub-04_ses-01_task-MotorImageryRest_run-05_eeg.vhdr	168a15ede3206bef8e852ea4dc1d128910eaea3a85f2c835f37aab7239a3f979	True	unresolved	unresolved
sub-4	01	05	sub-4/ses-01/run-05/tsv-row-2	2	rest	1	12.68	5.0	3170	4420	sub-4/ses-01/eeg/sub-4_ses-01_task-imagery_run-05_eeg.edf	1250	True		sub-04	V	s	s	0	sub-04/ses-01/eeg/sub-04_ses-01_task-MotorImageryRest_run-05_eeg.vhdr	168a15ede3206bef8e852ea4dc1d128910eaea3a85f2c835f37aab7239a3f979	True	unresolved	unresolved
sub-4	01	05	sub-4/ses-01/run-05/tsv-row-3	3	right_hand	2	19.46	5.0	4865	6115	sub-4/ses-01/eeg/sub-4_ses-01_task-imagery_run-05_eeg.edf	1250	True		sub-04	V	s	s	0	sub-04/ses-01/eeg/sub-04_ses-01_task-MotorImageryRest_run-05_eeg.vhdr	168a15ede3206bef8e852ea4dc1d128910eaea3a85f2c835f37aab7239a3f979	True	unresolved	unresolved
sub-4	01	05	sub-4/ses-01/run-05/tsv-row-4	4	rest	1	26.276	5.0	6569	7819	sub-4/ses-01/eeg/sub-4_ses-01_task-imagery_run-05_eeg.edf	1250	True		sub-04	V	s	s	0	sub-04/ses-01/eeg/sub-04_ses-01_task-MotorImageryRest_run-05_eeg.vhdr	168a15ede3206bef8e852ea4dc1d128910eaea3a85f2c835f37aab7239a3f979	True	unresolved	unresolved
sub-4	01	05	sub-4/ses-01/run-05/tsv-row-5	5	right_hand	2	33.284	5.0	8321	9571	sub-4/ses-01/eeg/sub-4_ses-01_task-imagery_run-05_eeg.edf	1250	True		sub-04	V	s	s	0	sub-04/ses-01/eeg/sub-04_ses-01_task-MotorImageryRest_run-05_eeg.vhdr	168a15ede3206bef8e852ea4dc1d128910eaea3a85f2c835f37aab7239a3f979	True	unresolved	unresolved
sub-4	01	05	sub-4/ses-01/run-05/tsv-row-6	6	rest	1	40.292	5.0	10073	11323	sub-4/ses-01/eeg/sub-4_ses-01_task-imagery_run-05_eeg.edf	1250	True		sub-04	V	s	s	0	sub-04/ses-01/eeg/sub-04_ses-01_task-MotorImageryRest_run-05_eeg.vhdr	168a15ede3206bef8e852ea4dc1d128910eaea3a85f2c835f37aab7239a3f979	True	unresolved	unresolved
sub-4	01	05	sub-4/ses-01/run-05/tsv-row-7	7	rest	1	47.112	5.0	11778	13028	sub-4/ses-01/eeg/sub-4_ses-01_task-imagery_run-05_eeg.edf	1250	True		sub-04	V	s	s	0	sub-04/ses-01/eeg/sub-04_ses-01_task-MotorImageryRest_run-05_eeg.vhdr	168a15ede3206bef8e852ea4dc1d128910eaea3a85f2c835f37aab7239a3f979	True	unresolved	unresolved
sub-4	01	05	sub-4/ses-01/run-05/tsv-row-8	8	right_hand	2	53.928	5.0	13482	14732	sub-4/ses-01/eeg/sub-4_ses-01_task-imagery_run-05_eeg.edf	1250	True		sub-04	V	s	s	0	sub-04/ses-01/eeg/sub-04_ses-01_task-MotorImageryRest_run-05_eeg.vhdr	168a15ede3206bef8e852ea4dc1d128910eaea3a85f2c835f37aab7239a3f979	True	unresolved	unresolved
sub-4	01	05	sub-4/ses-01/run-05/tsv-row-9	9	rest	1	60.748	5.0	15187	16437	sub-4/ses-01/eeg/sub-4_ses-01_task-imagery_run-05_eeg.edf	1250	True		sub-04	V	s	s	0	sub-04/ses-01/eeg/sub-04_ses-01_task-MotorImageryRest_run-05_eeg.vhdr	168a15ede3206bef8e852ea4dc1d128910eaea3a85f2c835f37aab7239a3f979	True	unresolved	unresolved
sub-4	01	05	sub-4/ses-01/run-05/tsv-row-10	10	right_hand	2	67.752	5.0	16938	18188	sub-4/ses-01/eeg/sub-4_ses-01_task-imagery_run-05_eeg.edf	1250	True		sub-04	V	s	s	0	sub-04/ses-01/eeg/sub-04_ses-01_task-MotorImageryRest_run-05_eeg.vhdr	168a15ede3206bef8e852ea4dc1d128910eaea3a85f2c835f37aab7239a3f979	True	unresolved	unresolved
sub-4	01	05	sub-4/ses-01/run-05/tsv-row-11	11	right_hand	2	74.572	5.0	18643	19893	sub-4/ses-01/eeg/sub-4_ses-01_task-imagery_run-05_eeg.edf	1250	True		sub-04	V	s	s	0	sub-04/ses-01/eeg/sub-04_ses-01_task-MotorImageryRest_run-05_eeg.vhdr	168a15ede3206bef8e852ea4dc1d128910eaea3a85f2c835f37aab7239a3f979	True	unresolved	unresolved
sub-4	01	05	sub-4/ses-01/run-05/tsv-row-12	12	rest	1	81.388	5.0	20347	21597	sub-4/ses-01/eeg/sub-4_ses-01_task-imagery_run-05_eeg.edf	1250	True		sub-04	V	s	s	0	sub-04/ses-01/eeg/sub-04_ses-01_task-MotorImageryRest_run-05_eeg.vhdr	168a15ede3206bef8e852ea4dc1d128910eaea3a85f2c835f37aab7239a3f979	True	unresolved	unresolved
sub-4	01	05	sub-4/ses-01/run-05/tsv-row-13	13	right_hand	2	88.208	5.0	22052	23302	sub-4/ses-01/eeg/sub-4_ses-01_task-imagery_run-05_eeg.edf	1250	True		sub-04	V	s	s	0	sub-04/ses-01/eeg/sub-04_ses-01_task-MotorImageryRest_run-05_eeg.vhdr	168a15ede3206bef8e852ea4dc1d128910eaea3a85f2c835f37aab7239a3f979	True	unresolved	unresolved
sub-4	01	05	sub-4/ses-01/run-05/tsv-row-14	14	rest	1	95.216	5.0	23804	25054	sub-4/ses-01/eeg/sub-4_ses-01_task-imagery_run-05_eeg.edf	1250	True		sub-04	V	s	s	0	sub-04/ses-01/eeg/sub-04_ses-01_task-MotorImageryRest_run-05_eeg.vhdr	168a15ede3206bef8e852ea4dc1d128910eaea3a85f2c835f37aab7239a3f979	True	unresolved	unresolved
sub-4	01	05	sub-4/ses-01/run-05/tsv-row-15	15	right_hand	2	102.224	5.0	25556	26806	sub-4/ses-01/eeg/sub-4_ses-01_task-imagery_run-05_eeg.edf	1250	True		sub-04	V	s	s	0	sub-04/ses-01/eeg/sub-04_ses-01_task-MotorImageryRest_run-05_eeg.vhdr	168a15ede3206bef8e852ea4dc1d128910eaea3a85f2c835f37aab7239a3f979	True	unresolved	unresolved
sub-4	01	05	sub-4/ses-01/run-05/tsv-row-16	16	rest	1	109.04	5.0	27260	28510	sub-4/ses-01/eeg/sub-4_ses-01_task-imagery_run-05_eeg.edf	1250	True		sub-04	V	s	s	0	sub-04/ses-01/eeg/sub-04_ses-01_task-MotorImageryRest_run-05_eeg.vhdr	168a15ede3206bef8e852ea4dc1d128910eaea3a85f2c835f37aab7239a3f979	True	unresolved	unresolved
sub-4	01	05	sub-4/ses-01/run-05/tsv-row-17	17	right_hand	2	115.86	5.0	28965	30215	sub-4/ses-01/eeg/sub-4_ses-01_task-imagery_run-05_eeg.edf	1250	True		sub-04	V	s	s	0	sub-04/ses-01/eeg/sub-04_ses-01_task-MotorImageryRest_run-05_eeg.vhdr	168a15ede3206bef8e852ea4dc1d128910eaea3a85f2c835f37aab7239a3f979	True	unresolved	unresolved
sub-4	01	05	sub-4/ses-01/run-05/tsv-row-18	18	rest	1	122.676	5.0	30669	31919	sub-4/ses-01/eeg/sub-4_ses-01_task-imagery_run-05_eeg.edf	1250	True		sub-04	V	s	s	0	sub-04/ses-01/eeg/sub-04_ses-01_task-MotorImageryRest_run-05_eeg.vhdr	168a15ede3206bef8e852ea4dc1d128910eaea3a85f2c835f37aab7239a3f979	True	unresolved	unresolved
sub-4	01	05	sub-4/ses-01/run-05/tsv-row-19	19	right_hand	2	129.684	5.0	32421	33671	sub-4/ses-01/eeg/sub-4_ses-01_task-imagery_run-05_eeg.edf	1250	True		sub-04	V	s	s	0	sub-04/ses-01/eeg/sub-04_ses-01_task-MotorImageryRest_run-05_eeg.vhdr	168a15ede3206bef8e852ea4dc1d128910eaea3a85f2c835f37aab7239a3f979	True	unresolved	unresolved
sub-4	01	05	sub-4/ses-01/run-05/tsv-row-20	20	rest	1	136.504	5.0	34126	35376	sub-4/ses-01/eeg/sub-4_ses-01_task-imagery_run-05_eeg.edf	1250	True		sub-04	V	s	s	0	sub-04/ses-01/eeg/sub-04_ses-01_task-MotorImageryRest_run-05_eeg.vhdr	168a15ede3206bef8e852ea4dc1d128910eaea3a85f2c835f37aab7239a3f979	True	unresolved	unresolved
sub-4	01	05	sub-4/ses-01/run-05/tsv-row-21	21	right_hand	2	143.32	5.0	35830	37080	sub-4/ses-01/eeg/sub-4_ses-01_task-imagery_run-05_eeg.edf	1250	True		sub-04	V	s	s	0	sub-04/ses-01/eeg/sub-04_ses-01_task-MotorImageryRest_run-05_eeg.vhdr	168a15ede3206bef8e852ea4dc1d128910eaea3a85f2c835f37aab7239a3f979	True	unresolved	unresolved
sub-4	01	05	sub-4/ses-01/run-05/tsv-row-22	22	rest	1	150.328	5.0	37582	38832	sub-4/ses-01/eeg/sub-4_ses-01_task-imagery_run-05_eeg.edf	1250	True		sub-04	V	s	s	0	sub-04/ses-01/eeg/sub-04_ses-01_task-MotorImageryRest_run-05_eeg.vhdr	168a15ede3206bef8e852ea4dc1d128910eaea3a85f2c835f37aab7239a3f979	True	unresolved	unresolved
sub-4	01	05	sub-4/ses-01/run-05/tsv-row-23	23	rest	1	157.336	5.0	39334	40584	sub-4/ses-01/eeg/sub-4_ses-01_task-imagery_run-05_eeg.edf	1250	True		sub-04	V	s	s	0	sub-04/ses-01/eeg/sub-04_ses-01_task-MotorImageryRest_run-05_eeg.vhdr	168a15ede3206bef8e852ea4dc1d128910eaea3a85f2c835f37aab7239a3f979	True	unresolved	unresolved
sub-4	01	05	sub-4/ses-01/run-05/tsv-row-24	24	right_hand	2	164.152	5.0	41038	42288	sub-4/ses-01/eeg/sub-4_ses-01_task-imagery_run-05_eeg.edf	1250	True		sub-04	V	s	s	0	sub-04/ses-01/eeg/sub-04_ses-01_task-MotorImageryRest_run-05_eeg.vhdr	168a15ede3206bef8e852ea4dc1d128910eaea3a85f2c835f37aab7239a3f979	True	unresolved	unresolved
sub-4	01	05	sub-4/ses-01/run-05/tsv-row-25	25	rest	1	170.972	5.0	42743	43993	sub-4/ses-01/eeg/sub-4_ses-01_task-imagery_run-05_eeg.edf	1250	True		sub-04	V	s	s	0	sub-04/ses-01/eeg/sub-04_ses-01_task-MotorImageryRest_run-05_eeg.vhdr	168a15ede3206bef8e852ea4dc1d128910eaea3a85f2c835f37aab7239a3f979	True	unresolved	unresolved
sub-4	01	05	sub-4/ses-01/run-05/tsv-row-26	26	right_hand	2	177.98	5.0	44495	45745	sub-4/ses-01/eeg/sub-4_ses-01_task-imagery_run-05_eeg.edf	1250	True		sub-04	V	s	s	0	sub-04/ses-01/eeg/sub-04_ses-01_task-MotorImageryRest_run-05_eeg.vhdr	168a15ede3206bef8e852ea4dc1d128910eaea3a85f2c835f37aab7239a3f979	True	unresolved	unresolved
sub-4	01	05	sub-4/ses-01/run-05/tsv-row-27	27	rest	1	184.796	5.0	46199	47449	sub-4/ses-01/eeg/sub-4_ses-01_task-imagery_run-05_eeg.edf	1250	True		sub-04	V	s	s	0	sub-04/ses-01/eeg/sub-04_ses-01_task-MotorImageryRest_run-05_eeg.vhdr	168a15ede3206bef8e852ea4dc1d128910eaea3a85f2c835f37aab7239a3f979	True	unresolved	unresolved
sub-4	01	05	sub-4/ses-01/run-05/tsv-row-28	28	right_hand	2	191.616	5.0	47904	49154	sub-4/ses-01/eeg/sub-4_ses-01_task-imagery_run-05_eeg.edf	1250	True		sub-04	V	s	s	0	sub-04/ses-01/eeg/sub-04_ses-01_task-MotorImageryRest_run-05_eeg.vhdr	168a15ede3206bef8e852ea4dc1d128910eaea3a85f2c835f37aab7239a3f979	True	unresolved	unresolved
sub-4	01	05	sub-4/ses-01/run-05/tsv-row-29	29	right_hand	2	198.432	5.0	49608	50858	sub-4/ses-01/eeg/sub-4_ses-01_task-imagery_run-05_eeg.edf	1250	True		sub-04	V	s	s	0	sub-04/ses-01/eeg/sub-04_ses-01_task-MotorImageryRest_run-05_eeg.vhdr	168a15ede3206bef8e852ea4dc1d128910eaea3a85f2c835f37aab7239a3f979	True	unresolved	unresolved
sub-4	01	05	sub-4/ses-01/run-05/tsv-row-30	30	rest	1	205.44	5.0	51360	52610	sub-4/ses-01/eeg/sub-4_ses-01_task-imagery_run-05_eeg.edf	1250	True		sub-04	V	s	s	0	sub-04/ses-01/eeg/sub-04_ses-01_task-MotorImageryRest_run-05_eeg.vhdr	168a15ede3206bef8e852ea4dc1d128910eaea3a85f2c835f37aab7239a3f979	True	unresolved	unresolved
sub-4	01	05	sub-4/ses-01/run-05/tsv-row-31	31	right_hand	2	212.256	5.0	53064	54314	sub-4/ses-01/eeg/sub-4_ses-01_task-imagery_run-05_eeg.edf	1250	True		sub-04	V	s	s	0	sub-04/ses-01/eeg/sub-04_ses-01_task-MotorImageryRest_run-05_eeg.vhdr	168a15ede3206bef8e852ea4dc1d128910eaea3a85f2c835f37aab7239a3f979	True	unresolved	unresolved
sub-4	01	05	sub-4/ses-01/run-05/tsv-row-32	32	rest	1	219.076	5.0	54769	56019	sub-4/ses-01/eeg/sub-4_ses-01_task-imagery_run-05_eeg.edf	1250	True		sub-04	V	s	s	0	sub-04/ses-01/eeg/sub-04_ses-01_task-MotorImageryRest_run-05_eeg.vhdr	168a15ede3206bef8e852ea4dc1d128910eaea3a85f2c835f37aab7239a3f979	True	unresolved	unresolved
sub-4	01	06	sub-4/ses-01/run-06/tsv-row-1	1	rest	1	19.028	5.0	4757	6007	sub-4/ses-01/eeg/sub-4_ses-01_task-imagery_run-06_eeg.edf	1250	True		sub-04	V	s	s	0	sub-04/ses-01/eeg/sub-04_ses-01_task-MotorImageryRest_run-06_eeg.vhdr	480879468704e337b9b25f6c28b8b2dc1d3ff099afd00b56f69258b5fe52a2d6	True	unresolved	unresolved
sub-4	01	06	sub-4/ses-01/run-06/tsv-row-2	2	right_hand	2	25.856	5.0	6464	7714	sub-4/ses-01/eeg/sub-4_ses-01_task-imagery_run-06_eeg.edf	1250	True		sub-04	V	s	s	0	sub-04/ses-01/eeg/sub-04_ses-01_task-MotorImageryRest_run-06_eeg.vhdr	480879468704e337b9b25f6c28b8b2dc1d3ff099afd00b56f69258b5fe52a2d6	True	unresolved	unresolved
sub-4	01	06	sub-4/ses-01/run-06/tsv-row-3	3	rest	1	32.684	5.0	8171	9421	sub-4/ses-01/eeg/sub-4_ses-01_task-imagery_run-06_eeg.edf	1250	True		sub-04	V	s	s	0	sub-04/ses-01/eeg/sub-04_ses-01_task-MotorImageryRest_run-06_eeg.vhdr	480879468704e337b9b25f6c28b8b2dc1d3ff099afd00b56f69258b5fe52a2d6	True	unresolved	unresolved
sub-4	01	06	sub-4/ses-01/run-06/tsv-row-4	4	right_hand	2	39.716	5.0	9929	11179	sub-4/ses-01/eeg/sub-4_ses-01_task-imagery_run-06_eeg.edf	1250	True		sub-04	V	s	s	0	sub-04/ses-01/eeg/sub-04_ses-01_task-MotorImageryRest_run-06_eeg.vhdr	480879468704e337b9b25f6c28b8b2dc1d3ff099afd00b56f69258b5fe52a2d6	True	unresolved	unresolved
sub-4	01	06	sub-4/ses-01/run-06/tsv-row-5	5	right_hand	2	46.544	5.0	11636	12886	sub-4/ses-01/eeg/sub-4_ses-01_task-imagery_run-06_eeg.edf	1250	True		sub-04	V	s	s	0	sub-04/ses-01/eeg/sub-04_ses-01_task-MotorImageryRest_run-06_eeg.vhdr	480879468704e337b9b25f6c28b8b2dc1d3ff099afd00b56f69258b5fe52a2d6	True	unresolved	unresolved
sub-4	01	06	sub-4/ses-01/run-06/tsv-row-6	6	rest	1	53.372	5.0	13343	14593	sub-4/ses-01/eeg/sub-4_ses-01_task-imagery_run-06_eeg.edf	1250	True		sub-04	V	s	s	0	sub-04/ses-01/eeg/sub-04_ses-01_task-MotorImageryRest_run-06_eeg.vhdr	480879468704e337b9b25f6c28b8b2dc1d3ff099afd00b56f69258b5fe52a2d6	True	unresolved	unresolved
sub-4	01	06	sub-4/ses-01/run-06/tsv-row-7	7	right_hand	2	60.4	5.0	15100	16350	sub-4/ses-01/eeg/sub-4_ses-01_task-imagery_run-06_eeg.edf	1250	True		sub-04	V	s	s	0	sub-04/ses-01/eeg/sub-04_ses-01_task-MotorImageryRest_run-06_eeg.vhdr	480879468704e337b9b25f6c28b8b2dc1d3ff099afd00b56f69258b5fe52a2d6	True	unresolved	unresolved
sub-4	01	06	sub-4/ses-01/run-06/tsv-row-8	8	rest	1	67.228	5.0	16807	18057	sub-4/ses-01/eeg/sub-4_ses-01_task-imagery_run-06_eeg.edf	1250	True		sub-04	V	s	s	0	sub-04/ses-01/eeg/sub-04_ses-01_task-MotorImageryRest_run-06_eeg.vhdr	480879468704e337b9b25f6c28b8b2dc1d3ff099afd00b56f69258b5fe52a2d6	True	unresolved	unresolved
sub-4	01	06	sub-4/ses-01/run-06/tsv-row-9	9	right_hand	2	74.056	5.0	18514	19764	sub-4/ses-01/eeg/sub-4_ses-01_task-imagery_run-06_eeg.edf	1250	True		sub-04	V	s	s	0	sub-04/ses-01/eeg/sub-04_ses-01_task-MotorImageryRest_run-06_eeg.vhdr	480879468704e337b9b25f6c28b8b2dc1d3ff099afd00b56f69258b5fe52a2d6	True	unresolved	unresolved
sub-4	01	06	sub-4/ses-01/run-06/tsv-row-10	10	rest	1	81.088	5.0	20272	21522	sub-4/ses-01/eeg/sub-4_ses-01_task-imagery_run-06_eeg.edf	1250	True		sub-04	V	s	s	0	sub-04/ses-01/eeg/sub-04_ses-01_task-MotorImageryRest_run-06_eeg.vhdr	480879468704e337b9b25f6c28b8b2dc1d3ff099afd00b56f69258b5fe52a2d6	True	unresolved	unresolved
sub-4	01	06	sub-4/ses-01/run-06/tsv-row-11	11	rest	1	87.916	5.0	21979	23229	sub-4/ses-01/eeg/sub-4_ses-01_task-imagery_run-06_eeg.edf	1250	True		sub-04	V	s	s	0	sub-04/ses-01/eeg/sub-04_ses-01_task-MotorImageryRest_run-06_eeg.vhdr	480879468704e337b9b25f6c28b8b2dc1d3ff099afd00b56f69258b5fe52a2d6	True	unresolved	unresolved
sub-4	01	06	sub-4/ses-01/run-06/tsv-row-12	12	right_hand	2	94.744	5.0	23686	24936	sub-4/ses-01/eeg/sub-4_ses-01_task-imagery_run-06_eeg.edf	1250	True		sub-04	V	s	s	0	sub-04/ses-01/eeg/sub-04_ses-01_task-MotorImageryRest_run-06_eeg.vhdr	480879468704e337b9b25f6c28b8b2dc1d3ff099afd00b56f69258b5fe52a2d6	True	unresolved	unresolved
sub-4	01	06	sub-4/ses-01/run-06/tsv-row-13	13	rest	1	101.772	5.0	25443	26693	sub-4/ses-01/eeg/sub-4_ses-01_task-imagery_run-06_eeg.edf	1250	True		sub-04	V	s	s	0	sub-04/ses-01/eeg/sub-04_ses-01_task-MotorImageryRest_run-06_eeg.vhdr	480879468704e337b9b25f6c28b8b2dc1d3ff099afd00b56f69258b5fe52a2d6	True	unresolved	unresolved
sub-4	01	06	sub-4/ses-01/run-06/tsv-row-14	14	right_hand	2	108.6	5.0	27150	28400	sub-4/ses-01/eeg/sub-4_ses-01_task-imagery_run-06_eeg.edf	1250	True		sub-04	V	s	s	0	sub-04/ses-01/eeg/sub-04_ses-01_task-MotorImageryRest_run-06_eeg.vhdr	480879468704e337b9b25f6c28b8b2dc1d3ff099afd00b56f69258b5fe52a2d6	True	unresolved	unresolved
sub-4	01	06	sub-4/ses-01/run-06/tsv-row-15	15	right_hand	2	115.428	5.0	28857	30107	sub-4/ses-01/eeg/sub-4_ses-01_task-imagery_run-06_eeg.edf	1250	True		sub-04	V	s	s	0	sub-04/ses-01/eeg/sub-04_ses-01_task-MotorImageryRest_run-06_eeg.vhdr	480879468704e337b9b25f6c28b8b2dc1d3ff099afd00b56f69258b5fe52a2d6	True	unresolved	unresolved
sub-4	01	06	sub-4/ses-01/run-06/tsv-row-16	16	rest	1	122.46	5.0	30615	31865	sub-4/ses-01/eeg/sub-4_ses-01_task-imagery_run-06_eeg.edf	1250	True		sub-04	V	s	s	0	sub-04/ses-01/eeg/sub-04_ses-01_task-MotorImageryRest_run-06_eeg.vhdr	480879468704e337b9b25f6c28b8b2dc1d3ff099afd00b56f69258b5fe52a2d6	True	unresolved	unresolved
sub-4	01	06	sub-4/ses-01/run-06/tsv-row-17	17	right_hand	2	129.288	5.0	32322	33572	sub-4/ses-01/eeg/sub-4_ses-01_task-imagery_run-06_eeg.edf	1250	True		sub-04	V	s	s	0	sub-04/ses-01/eeg/sub-04_ses-01_task-MotorImageryRest_run-06_eeg.vhdr	480879468704e337b9b25f6c28b8b2dc1d3ff099afd00b56f69258b5fe52a2d6	True	unresolved	unresolved
sub-4	01	06	sub-4/ses-01/run-06/tsv-row-18	18	rest	1	136.116	5.0	34029	35279	sub-4/ses-01/eeg/sub-4_ses-01_task-imagery_run-06_eeg.edf	1250	True		sub-04	V	s	s	0	sub-04/ses-01/eeg/sub-04_ses-01_task-MotorImageryRest_run-06_eeg.vhdr	480879468704e337b9b25f6c28b8b2dc1d3ff099afd00b56f69258b5fe52a2d6	True	unresolved	unresolved
sub-4	01	06	sub-4/ses-01/run-06/tsv-row-19	19	rest	1	142.944	5.0	35736	36986	sub-4/ses-01/eeg/sub-4_ses-01_task-imagery_run-06_eeg.edf	1250	True		sub-04	V	s	s	0	sub-04/ses-01/eeg/sub-04_ses-01_task-MotorImageryRest_run-06_eeg.vhdr	480879468704e337b9b25f6c28b8b2dc1d3ff099afd00b56f69258b5fe52a2d6	True	unresolved	unresolved
sub-4	01	06	sub-4/ses-01/run-06/tsv-row-20	20	right_hand	2	149.772	5.0	37443	38693	sub-4/ses-01/eeg/sub-4_ses-01_task-imagery_run-06_eeg.edf	1250	True		sub-04	V	s	s	0	sub-04/ses-01/eeg/sub-04_ses-01_task-MotorImageryRest_run-06_eeg.vhdr	480879468704e337b9b25f6c28b8b2dc1d3ff099afd00b56f69258b5fe52a2d6	True	unresolved	unresolved
sub-4	01	06	sub-4/ses-01/run-06/tsv-row-21	21	rest	1	156.8	5.0	39200	40450	sub-4/ses-01/eeg/sub-4_ses-01_task-imagery_run-06_eeg.edf	1250	True		sub-04	V	s	s	0	sub-04/ses-01/eeg/sub-04_ses-01_task-MotorImageryRest_run-06_eeg.vhdr	480879468704e337b9b25f6c28b8b2dc1d3ff099afd00b56f69258b5fe52a2d6	True	unresolved	unresolved
sub-4	01	06	sub-4/ses-01/run-06/tsv-row-22	22	right_hand	2	163.628	5.0	40907	42157	sub-4/ses-01/eeg/sub-4_ses-01_task-imagery_run-06_eeg.edf	1250	True		sub-04	V	s	s	0	sub-04/ses-01/eeg/sub-04_ses-01_task-MotorImageryRest_run-06_eeg.vhdr	480879468704e337b9b25f6c28b8b2dc1d3ff099afd00b56f69258b5fe52a2d6	True	unresolved	unresolved
sub-4	01	06	sub-4/ses-01/run-06/tsv-row-23	23	rest	1	170.456	5.0	42614	43864	sub-4/ses-01/eeg/sub-4_ses-01_task-imagery_run-06_eeg.edf	1250	True		sub-04	V	s	s	0	sub-04/ses-01/eeg/sub-04_ses-01_task-MotorImageryRest_run-06_eeg.vhdr	480879468704e337b9b25f6c28b8b2dc1d3ff099afd00b56f69258b5fe52a2d6	True	unresolved	unresolved
sub-4	01	06	sub-4/ses-01/run-06/tsv-row-24	24	right_hand	2	177.284	5.0	44321	45571	sub-4/ses-01/eeg/sub-4_ses-01_task-imagery_run-06_eeg.edf	1250	True		sub-04	V	s	s	0	sub-04/ses-01/eeg/sub-04_ses-01_task-MotorImageryRest_run-06_eeg.vhdr	480879468704e337b9b25f6c28b8b2dc1d3ff099afd00b56f69258b5fe52a2d6	True	unresolved	unresolved
sub-4	01	06	sub-4/ses-01/run-06/tsv-row-25	25	rest	1	184.316	5.0	46079	47329	sub-4/ses-01/eeg/sub-4_ses-01_task-imagery_run-06_eeg.edf	1250	True		sub-04	V	s	s	0	sub-04/ses-01/eeg/sub-04_ses-01_task-MotorImageryRest_run-06_eeg.vhdr	480879468704e337b9b25f6c28b8b2dc1d3ff099afd00b56f69258b5fe52a2d6	True	unresolved	unresolved
sub-4	01	06	sub-4/ses-01/run-06/tsv-row-26	26	right_hand	2	191.144	5.0	47786	49036	sub-4/ses-01/eeg/sub-4_ses-01_task-imagery_run-06_eeg.edf	1250	True		sub-04	V	s	s	0	sub-04/ses-01/eeg/sub-04_ses-01_task-MotorImageryRest_run-06_eeg.vhdr	480879468704e337b9b25f6c28b8b2dc1d3ff099afd00b56f69258b5fe52a2d6	True	unresolved	unresolved
sub-4	01	06	sub-4/ses-01/run-06/tsv-row-27	27	right_hand	2	197.972	5.0	49493	50743	sub-4/ses-01/eeg/sub-4_ses-01_task-imagery_run-06_eeg.edf	1250	True		sub-04	V	s	s	0	sub-04/ses-01/eeg/sub-04_ses-01_task-MotorImageryRest_run-06_eeg.vhdr	480879468704e337b9b25f6c28b8b2dc1d3ff099afd00b56f69258b5fe52a2d6	True	unresolved	unresolved
sub-4	01	06	sub-4/ses-01/run-06/tsv-row-28	28	rest	1	205.0	5.0	51250	52500	sub-4/ses-01/eeg/sub-4_ses-01_task-imagery_run-06_eeg.edf	1250	True		sub-04	V	s	s	0	sub-04/ses-01/eeg/sub-04_ses-01_task-MotorImageryRest_run-06_eeg.vhdr	480879468704e337b9b25f6c28b8b2dc1d3ff099afd00b56f69258b5fe52a2d6	True	unresolved	unresolved
sub-4	01	06	sub-4/ses-01/run-06/tsv-row-29	29	rest	1	212.028	5.0	53007	54257	sub-4/ses-01/eeg/sub-4_ses-01_task-imagery_run-06_eeg.edf	1250	True		sub-04	V	s	s	0	sub-04/ses-01/eeg/sub-04_ses-01_task-MotorImageryRest_run-06_eeg.vhdr	480879468704e337b9b25f6c28b8b2dc1d3ff099afd00b56f69258b5fe52a2d6	True	unresolved	unresolved
sub-4	01	06	sub-4/ses-01/run-06/tsv-row-30	30	right_hand	2	218.656	5.0	54664	55914	sub-4/ses-01/eeg/sub-4_ses-01_task-imagery_run-06_eeg.edf	1250	True		sub-04	V	s	s	0	sub-04/ses-01/eeg/sub-04_ses-01_task-MotorImageryRest_run-06_eeg.vhdr	480879468704e337b9b25f6c28b8b2dc1d3ff099afd00b56f69258b5fe52a2d6	True	unresolved	unresolved
sub-4	01	06	sub-4/ses-01/run-06/tsv-row-31	31	right_hand	2	225.484	5.0	56371	57621	sub-4/ses-01/eeg/sub-4_ses-01_task-imagery_run-06_eeg.edf	1250	True		sub-04	V	s	s	0	sub-04/ses-01/eeg/sub-04_ses-01_task-MotorImageryRest_run-06_eeg.vhdr	480879468704e337b9b25f6c28b8b2dc1d3ff099afd00b56f69258b5fe52a2d6	True	unresolved	unresolved
sub-4	01	06	sub-4/ses-01/run-06/tsv-row-32	32	rest	1	232.516	5.0	58129	59379	sub-4/ses-01/eeg/sub-4_ses-01_task-imagery_run-06_eeg.edf	1250	True		sub-04	V	s	s	0	sub-04/ses-01/eeg/sub-04_ses-01_task-MotorImageryRest_run-06_eeg.vhdr	480879468704e337b9b25f6c28b8b2dc1d3ff099afd00b56f69258b5fe52a2d6	True	unresolved	unresolved
sub-4	02	01	sub-4/ses-02/run-01/tsv-row-1	1	rest	1	6.912	5.0	1728	2978	sub-4/ses-02/eeg/sub-4_ses-02_task-imagery_run-01_eeg.edf	1250	True		sub-04	V	s	s	0	sub-04/ses-02/eeg/sub-04_ses-02_task-MotorImageryRest_run-01_eeg.vhdr	145768a7a869289346bacd5569e7e82a87fd57417df51a768a58abbec41cc802	True	unresolved	unresolved
sub-4	02	01	sub-4/ses-02/run-01/tsv-row-2	2	right_hand	2	13.812	5.0	3453	4703	sub-4/ses-02/eeg/sub-4_ses-02_task-imagery_run-01_eeg.edf	1250	True		sub-04	V	s	s	0	sub-04/ses-02/eeg/sub-04_ses-02_task-MotorImageryRest_run-01_eeg.vhdr	145768a7a869289346bacd5569e7e82a87fd57417df51a768a58abbec41cc802	True	unresolved	unresolved
sub-4	02	01	sub-4/ses-02/run-01/tsv-row-3	3	rest	1	20.708	5.0	5177	6427	sub-4/ses-02/eeg/sub-4_ses-02_task-imagery_run-01_eeg.edf	1250	True		sub-04	V	s	s	0	sub-04/ses-02/eeg/sub-04_ses-02_task-MotorImageryRest_run-01_eeg.vhdr	145768a7a869289346bacd5569e7e82a87fd57417df51a768a58abbec41cc802	True	unresolved	unresolved
sub-4	02	01	sub-4/ses-02/run-01/tsv-row-4	4	right_hand	2	27.568	5.0	6892	8142	sub-4/ses-02/eeg/sub-4_ses-02_task-imagery_run-01_eeg.edf	1250	True		sub-04	V	s	s	0	sub-04/ses-02/eeg/sub-04_ses-02_task-MotorImageryRest_run-01_eeg.vhdr	145768a7a869289346bacd5569e7e82a87fd57417df51a768a58abbec41cc802	True	unresolved	unresolved
sub-4	02	01	sub-4/ses-02/run-01/tsv-row-5	5	right_hand	2	34.472	5.0	8618	9868	sub-4/ses-02/eeg/sub-4_ses-02_task-imagery_run-01_eeg.edf	1250	True		sub-04	V	s	s	0	sub-04/ses-02/eeg/sub-04_ses-02_task-MotorImageryRest_run-01_eeg.vhdr	145768a7a869289346bacd5569e7e82a87fd57417df51a768a58abbec41cc802	True	unresolved	unresolved
sub-4	02	01	sub-4/ses-02/run-01/tsv-row-6	6	rest	1	41.368	5.0	10342	11592	sub-4/ses-02/eeg/sub-4_ses-02_task-imagery_run-01_eeg.edf	1250	True		sub-04	V	s	s	0	sub-04/ses-02/eeg/sub-04_ses-02_task-MotorImageryRest_run-01_eeg.vhdr	145768a7a869289346bacd5569e7e82a87fd57417df51a768a58abbec41cc802	True	unresolved	unresolved
sub-4	02	01	sub-4/ses-02/run-01/tsv-row-7	7	right_hand	2	48.244	5.0	12061	13311	sub-4/ses-02/eeg/sub-4_ses-02_task-imagery_run-01_eeg.edf	1250	True		sub-04	V	s	s	0	sub-04/ses-02/eeg/sub-04_ses-02_task-MotorImageryRest_run-01_eeg.vhdr	145768a7a869289346bacd5569e7e82a87fd57417df51a768a58abbec41cc802	True	unresolved	unresolved
sub-4	02	01	sub-4/ses-02/run-01/tsv-row-8	8	rest	1	55.14	5.0	13785	15035	sub-4/ses-02/eeg/sub-4_ses-02_task-imagery_run-01_eeg.edf	1250	True		sub-04	V	s	s	0	sub-04/ses-02/eeg/sub-04_ses-02_task-MotorImageryRest_run-01_eeg.vhdr	145768a7a869289346bacd5569e7e82a87fd57417df51a768a58abbec41cc802	True	unresolved	unresolved
sub-4	02	01	sub-4/ses-02/run-01/tsv-row-9	9	right_hand	2	62.02	5.0	15505	16755	sub-4/ses-02/eeg/sub-4_ses-02_task-imagery_run-01_eeg.edf	1250	True		sub-04	V	s	s	0	sub-04/ses-02/eeg/sub-04_ses-02_task-MotorImageryRest_run-01_eeg.vhdr	145768a7a869289346bacd5569e7e82a87fd57417df51a768a58abbec41cc802	True	unresolved	unresolved
sub-4	02	01	sub-4/ses-02/run-01/tsv-row-10	10	rest	1	68.916	5.0	17229	18479	sub-4/ses-02/eeg/sub-4_ses-02_task-imagery_run-01_eeg.edf	1250	True		sub-04	V	s	s	0	sub-04/ses-02/eeg/sub-04_ses-02_task-MotorImageryRest_run-01_eeg.vhdr	145768a7a869289346bacd5569e7e82a87fd57417df51a768a58abbec41cc802	True	unresolved	unresolved
sub-4	02	01	sub-4/ses-02/run-01/tsv-row-11	11	right_hand	2	75.808	5.0	18952	20202	sub-4/ses-02/eeg/sub-4_ses-02_task-imagery_run-01_eeg.edf	1250	True		sub-04	V	s	s	0	sub-04/ses-02/eeg/sub-04_ses-02_task-MotorImageryRest_run-01_eeg.vhdr	145768a7a869289346bacd5569e7e82a87fd57417df51a768a58abbec41cc802	True	unresolved	unresolved
sub-4	02	01	sub-4/ses-02/run-01/tsv-row-12	12	rest	1	82.688	5.0	20672	21922	sub-4/ses-02/eeg/sub-4_ses-02_task-imagery_run-01_eeg.edf	1250	True		sub-04	V	s	s	0	sub-04/ses-02/eeg/sub-04_ses-02_task-MotorImageryRest_run-01_eeg.vhdr	145768a7a869289346bacd5569e7e82a87fd57417df51a768a58abbec41cc802	True	unresolved	unresolved
sub-4	02	01	sub-4/ses-02/run-01/tsv-row-13	13	rest	1	89.592	5.0	22398	23648	sub-4/ses-02/eeg/sub-4_ses-02_task-imagery_run-01_eeg.edf	1250	True		sub-04	V	s	s	0	sub-04/ses-02/eeg/sub-04_ses-02_task-MotorImageryRest_run-01_eeg.vhdr	145768a7a869289346bacd5569e7e82a87fd57417df51a768a58abbec41cc802	True	unresolved	unresolved
sub-4	02	01	sub-4/ses-02/run-01/tsv-row-14	14	right_hand	2	96.452	5.0	24113	25363	sub-4/ses-02/eeg/sub-4_ses-02_task-imagery_run-01_eeg.edf	1250	True		sub-04	V	s	s	0	sub-04/ses-02/eeg/sub-04_ses-02_task-MotorImageryRest_run-01_eeg.vhdr	145768a7a869289346bacd5569e7e82a87fd57417df51a768a58abbec41cc802	True	unresolved	unresolved
sub-4	02	01	sub-4/ses-02/run-01/tsv-row-15	15	right_hand	2	103.356	5.0	25839	27089	sub-4/ses-02/eeg/sub-4_ses-02_task-imagery_run-01_eeg.edf	1250	True		sub-04	V	s	s	0	sub-04/ses-02/eeg/sub-04_ses-02_task-MotorImageryRest_run-01_eeg.vhdr	145768a7a869289346bacd5569e7e82a87fd57417df51a768a58abbec41cc802	True	unresolved	unresolved
sub-4	02	01	sub-4/ses-02/run-01/tsv-row-16	16	rest	1	110.236	5.0	27559	28809	sub-4/ses-02/eeg/sub-4_ses-02_task-imagery_run-01_eeg.edf	1250	True		sub-04	V	s	s	0	sub-04/ses-02/eeg/sub-04_ses-02_task-MotorImageryRest_run-01_eeg.vhdr	145768a7a869289346bacd5569e7e82a87fd57417df51a768a58abbec41cc802	True	unresolved	unresolved
sub-4	02	01	sub-4/ses-02/run-01/tsv-row-17	17	rest	1	117.124	5.0	29281	30531	sub-4/ses-02/eeg/sub-4_ses-02_task-imagery_run-01_eeg.edf	1250	True		sub-04	V	s	s	0	sub-04/ses-02/eeg/sub-04_ses-02_task-MotorImageryRest_run-01_eeg.vhdr	145768a7a869289346bacd5569e7e82a87fd57417df51a768a58abbec41cc802	True	unresolved	unresolved
sub-4	02	01	sub-4/ses-02/run-01/tsv-row-18	18	right_hand	2	124.016	5.0	31004	32254	sub-4/ses-02/eeg/sub-4_ses-02_task-imagery_run-01_eeg.edf	1250	True		sub-04	V	s	s	0	sub-04/ses-02/eeg/sub-04_ses-02_task-MotorImageryRest_run-01_eeg.vhdr	145768a7a869289346bacd5569e7e82a87fd57417df51a768a58abbec41cc802	True	unresolved	unresolved
sub-4	02	01	sub-4/ses-02/run-01/tsv-row-19	19	rest	1	130.912	5.0	32728	33978	sub-4/ses-02/eeg/sub-4_ses-02_task-imagery_run-01_eeg.edf	1250	True		sub-04	V	s	s	0	sub-04/ses-02/eeg/sub-04_ses-02_task-MotorImageryRest_run-01_eeg.vhdr	145768a7a869289346bacd5569e7e82a87fd57417df51a768a58abbec41cc802	True	unresolved	unresolved
sub-4	02	01	sub-4/ses-02/run-01/tsv-row-20	20	right_hand	2	137.776	5.0	34444	35694	sub-4/ses-02/eeg/sub-4_ses-02_task-imagery_run-01_eeg.edf	1250	True		sub-04	V	s	s	0	sub-04/ses-02/eeg/sub-04_ses-02_task-MotorImageryRest_run-01_eeg.vhdr	145768a7a869289346bacd5569e7e82a87fd57417df51a768a58abbec41cc802	True	unresolved	unresolved
sub-4	02	01	sub-4/ses-02/run-01/tsv-row-21	21	rest	1	144.688	5.0	36172	37422	sub-4/ses-02/eeg/sub-4_ses-02_task-imagery_run-01_eeg.edf	1250	True		sub-04	V	s	s	0	sub-04/ses-02/eeg/sub-04_ses-02_task-MotorImageryRest_run-01_eeg.vhdr	145768a7a869289346bacd5569e7e82a87fd57417df51a768a58abbec41cc802	True	unresolved	unresolved
sub-4	02	01	sub-4/ses-02/run-01/tsv-row-22	22	right_hand	2	151.564	5.0	37891	39141	sub-4/ses-02/eeg/sub-4_ses-02_task-imagery_run-01_eeg.edf	1250	True		sub-04	V	s	s	0	sub-04/ses-02/eeg/sub-04_ses-02_task-MotorImageryRest_run-01_eeg.vhdr	145768a7a869289346bacd5569e7e82a87fd57417df51a768a58abbec41cc802	True	unresolved	unresolved
sub-4	02	01	sub-4/ses-02/run-01/tsv-row-23	23	right_hand	2	158.452	5.0	39613	40863	sub-4/ses-02/eeg/sub-4_ses-02_task-imagery_run-01_eeg.edf	1250	True		sub-04	V	s	s	0	sub-04/ses-02/eeg/sub-04_ses-02_task-MotorImageryRest_run-01_eeg.vhdr	145768a7a869289346bacd5569e7e82a87fd57417df51a768a58abbec41cc802	True	unresolved	unresolved
sub-4	02	01	sub-4/ses-02/run-01/tsv-row-24	24	rest	1	165.348	5.0	41337	42587	sub-4/ses-02/eeg/sub-4_ses-02_task-imagery_run-01_eeg.edf	1250	True		sub-04	V	s	s	0	sub-04/ses-02/eeg/sub-04_ses-02_task-MotorImageryRest_run-01_eeg.vhdr	145768a7a869289346bacd5569e7e82a87fd57417df51a768a58abbec41cc802	True	unresolved	unresolved
sub-4	02	01	sub-4/ses-02/run-01/tsv-row-25	25	rest	1	172.232	5.0	43058	44308	sub-4/ses-02/eeg/sub-4_ses-02_task-imagery_run-01_eeg.edf	1250	True		sub-04	V	s	s	0	sub-04/ses-02/eeg/sub-04_ses-02_task-MotorImageryRest_run-01_eeg.vhdr	145768a7a869289346bacd5569e7e82a87fd57417df51a768a58abbec41cc802	True	unresolved	unresolved
sub-4	02	01	sub-4/ses-02/run-01/tsv-row-26	26	right_hand	2	179.112	5.0	44778	46028	sub-4/ses-02/eeg/sub-4_ses-02_task-imagery_run-01_eeg.edf	1250	True		sub-04	V	s	s	0	sub-04/ses-02/eeg/sub-04_ses-02_task-MotorImageryRest_run-01_eeg.vhdr	145768a7a869289346bacd5569e7e82a87fd57417df51a768a58abbec41cc802	True	unresolved	unresolved
sub-4	02	01	sub-4/ses-02/run-01/tsv-row-27	27	right_hand	2	186.016	5.0	46504	47754	sub-4/ses-02/eeg/sub-4_ses-02_task-imagery_run-01_eeg.edf	1250	True		sub-04	V	s	s	0	sub-04/ses-02/eeg/sub-04_ses-02_task-MotorImageryRest_run-01_eeg.vhdr	145768a7a869289346bacd5569e7e82a87fd57417df51a768a58abbec41cc802	True	unresolved	unresolved
sub-4	02	01	sub-4/ses-02/run-01/tsv-row-28	28	rest	1	192.892	5.0	48223	49473	sub-4/ses-02/eeg/sub-4_ses-02_task-imagery_run-01_eeg.edf	1250	True		sub-04	V	s	s	0	sub-04/ses-02/eeg/sub-04_ses-02_task-MotorImageryRest_run-01_eeg.vhdr	145768a7a869289346bacd5569e7e82a87fd57417df51a768a58abbec41cc802	True	unresolved	unresolved
sub-4	02	01	sub-4/ses-02/run-01/tsv-row-29	29	right_hand	2	199.772	5.0	49943	51193	sub-4/ses-02/eeg/sub-4_ses-02_task-imagery_run-01_eeg.edf	1250	True		sub-04	V	s	s	0	sub-04/ses-02/eeg/sub-04_ses-02_task-MotorImageryRest_run-01_eeg.vhdr	145768a7a869289346bacd5569e7e82a87fd57417df51a768a58abbec41cc802	True	unresolved	unresolved
sub-4	02	01	sub-4/ses-02/run-01/tsv-row-30	30	rest	1	206.684	5.0	51671	52921	sub-4/ses-02/eeg/sub-4_ses-02_task-imagery_run-01_eeg.edf	1250	True		sub-04	V	s	s	0	sub-04/ses-02/eeg/sub-04_ses-02_task-MotorImageryRest_run-01_eeg.vhdr	145768a7a869289346bacd5569e7e82a87fd57417df51a768a58abbec41cc802	True	unresolved	unresolved
sub-4	02	01	sub-4/ses-02/run-01/tsv-row-31	31	right_hand	2	213.564	5.0	53391	54641	sub-4/ses-02/eeg/sub-4_ses-02_task-imagery_run-01_eeg.edf	1250	True		sub-04	V	s	s	0	sub-04/ses-02/eeg/sub-04_ses-02_task-MotorImageryRest_run-01_eeg.vhdr	145768a7a869289346bacd5569e7e82a87fd57417df51a768a58abbec41cc802	True	unresolved	unresolved
sub-4	02	01	sub-4/ses-02/run-01/tsv-row-32	32	rest	1	220.44	5.0	55110	56360	sub-4/ses-02/eeg/sub-4_ses-02_task-imagery_run-01_eeg.edf	1250	True		sub-04	V	s	s	0	sub-04/ses-02/eeg/sub-04_ses-02_task-MotorImageryRest_run-01_eeg.vhdr	145768a7a869289346bacd5569e7e82a87fd57417df51a768a58abbec41cc802	True	unresolved	unresolved
sub-4	02	02	sub-4/ses-02/run-02/tsv-row-1	1	rest	1	11.236	5.0	2809	4059	sub-4/ses-02/eeg/sub-4_ses-02_task-imagery_run-02_eeg.edf	1250	True		sub-04	V	s	s	0	sub-04/ses-02/eeg/sub-04_ses-02_task-MotorImageryRest_run-02_eeg.vhdr	daf90613d845caaebec003a438dfdf4b58698e04068f8027569b2849d2a2a3e7	True	unresolved	unresolved
sub-4	02	02	sub-4/ses-02/run-02/tsv-row-2	2	right_hand	2	18.12	5.0	4530	5780	sub-4/ses-02/eeg/sub-4_ses-02_task-imagery_run-02_eeg.edf	1250	True		sub-04	V	s	s	0	sub-04/ses-02/eeg/sub-04_ses-02_task-MotorImageryRest_run-02_eeg.vhdr	daf90613d845caaebec003a438dfdf4b58698e04068f8027569b2849d2a2a3e7	True	unresolved	unresolved
sub-4	02	02	sub-4/ses-02/run-02/tsv-row-3	3	rest	1	25.0	5.0	6250	7500	sub-4/ses-02/eeg/sub-4_ses-02_task-imagery_run-02_eeg.edf	1250	True		sub-04	V	s	s	0	sub-04/ses-02/eeg/sub-04_ses-02_task-MotorImageryRest_run-02_eeg.vhdr	daf90613d845caaebec003a438dfdf4b58698e04068f8027569b2849d2a2a3e7	True	unresolved	unresolved
sub-4	02	02	sub-4/ses-02/run-02/tsv-row-4	4	right_hand	2	31.892	5.0	7973	9223	sub-4/ses-02/eeg/sub-4_ses-02_task-imagery_run-02_eeg.edf	1250	True		sub-04	V	s	s	0	sub-04/ses-02/eeg/sub-04_ses-02_task-MotorImageryRest_run-02_eeg.vhdr	daf90613d845caaebec003a438dfdf4b58698e04068f8027569b2849d2a2a3e7	True	unresolved	unresolved
sub-4	02	02	sub-4/ses-02/run-02/tsv-row-5	5	right_hand	2	38.78	5.0	9695	10945	sub-4/ses-02/eeg/sub-4_ses-02_task-imagery_run-02_eeg.edf	1250	True		sub-04	V	s	s	0	sub-04/ses-02/eeg/sub-04_ses-02_task-MotorImageryRest_run-02_eeg.vhdr	daf90613d845caaebec003a438dfdf4b58698e04068f8027569b2849d2a2a3e7	True	unresolved	unresolved
sub-4	02	02	sub-4/ses-02/run-02/tsv-row-6	6	rest	1	45.676	5.0	11419	12669	sub-4/ses-02/eeg/sub-4_ses-02_task-imagery_run-02_eeg.edf	1250	True		sub-04	V	s	s	0	sub-04/ses-02/eeg/sub-04_ses-02_task-MotorImageryRest_run-02_eeg.vhdr	daf90613d845caaebec003a438dfdf4b58698e04068f8027569b2849d2a2a3e7	True	unresolved	unresolved
sub-4	02	02	sub-4/ses-02/run-02/tsv-row-7	7	right_hand	2	52.552	5.0	13138	14388	sub-4/ses-02/eeg/sub-4_ses-02_task-imagery_run-02_eeg.edf	1250	True		sub-04	V	s	s	0	sub-04/ses-02/eeg/sub-04_ses-02_task-MotorImageryRest_run-02_eeg.vhdr	daf90613d845caaebec003a438dfdf4b58698e04068f8027569b2849d2a2a3e7	True	unresolved	unresolved
sub-4	02	02	sub-4/ses-02/run-02/tsv-row-8	8	rest	1	59.448	5.0	14862	16112	sub-4/ses-02/eeg/sub-4_ses-02_task-imagery_run-02_eeg.edf	1250	True		sub-04	V	s	s	0	sub-04/ses-02/eeg/sub-04_ses-02_task-MotorImageryRest_run-02_eeg.vhdr	daf90613d845caaebec003a438dfdf4b58698e04068f8027569b2849d2a2a3e7	True	unresolved	unresolved
sub-4	02	02	sub-4/ses-02/run-02/tsv-row-9	9	right_hand	2	66.328	5.0	16582	17832	sub-4/ses-02/eeg/sub-4_ses-02_task-imagery_run-02_eeg.edf	1250	True		sub-04	V	s	s	0	sub-04/ses-02/eeg/sub-04_ses-02_task-MotorImageryRest_run-02_eeg.vhdr	daf90613d845caaebec003a438dfdf4b58698e04068f8027569b2849d2a2a3e7	True	unresolved	unresolved
sub-4	02	02	sub-4/ses-02/run-02/tsv-row-10	10	rest	1	73.24	5.0	18310	19560	sub-4/ses-02/eeg/sub-4_ses-02_task-imagery_run-02_eeg.edf	1250	True		sub-04	V	s	s	0	sub-04/ses-02/eeg/sub-04_ses-02_task-MotorImageryRest_run-02_eeg.vhdr	daf90613d845caaebec003a438dfdf4b58698e04068f8027569b2849d2a2a3e7	True	unresolved	unresolved
sub-4	02	02	sub-4/ses-02/run-02/tsv-row-11	11	right_hand	2	80.1	5.0	20025	21275	sub-4/ses-02/eeg/sub-4_ses-02_task-imagery_run-02_eeg.edf	1250	True		sub-04	V	s	s	0	sub-04/ses-02/eeg/sub-04_ses-02_task-MotorImageryRest_run-02_eeg.vhdr	daf90613d845caaebec003a438dfdf4b58698e04068f8027569b2849d2a2a3e7	True	unresolved	unresolved
sub-4	02	02	sub-4/ses-02/run-02/tsv-row-12	12	rest	1	86.996	5.0	21749	22999	sub-4/ses-02/eeg/sub-4_ses-02_task-imagery_run-02_eeg.edf	1250	True		sub-04	V	s	s	0	sub-04/ses-02/eeg/sub-04_ses-02_task-MotorImageryRest_run-02_eeg.vhdr	daf90613d845caaebec003a438dfdf4b58698e04068f8027569b2849d2a2a3e7	True	unresolved	unresolved
sub-4	02	02	sub-4/ses-02/run-02/tsv-row-13	13	rest	1	93.9	5.0	23475	24725	sub-4/ses-02/eeg/sub-4_ses-02_task-imagery_run-02_eeg.edf	1250	True		sub-04	V	s	s	0	sub-04/ses-02/eeg/sub-04_ses-02_task-MotorImageryRest_run-02_eeg.vhdr	daf90613d845caaebec003a438dfdf4b58698e04068f8027569b2849d2a2a3e7	True	unresolved	unresolved
sub-4	02	02	sub-4/ses-02/run-02/tsv-row-14	14	right_hand	2	100.78	5.0	25195	26445	sub-4/ses-02/eeg/sub-4_ses-02_task-imagery_run-02_eeg.edf	1250	True		sub-04	V	s	s	0	sub-04/ses-02/eeg/sub-04_ses-02_task-MotorImageryRest_run-02_eeg.vhdr	daf90613d845caaebec003a438dfdf4b58698e04068f8027569b2849d2a2a3e7	True	unresolved	unresolved
sub-4	02	02	sub-4/ses-02/run-02/tsv-row-15	15	rest	1	107.656	5.0	26914	28164	sub-4/ses-02/eeg/sub-4_ses-02_task-imagery_run-02_eeg.edf	1250	True		sub-04	V	s	s	0	sub-04/ses-02/eeg/sub-04_ses-02_task-MotorImageryRest_run-02_eeg.vhdr	daf90613d845caaebec003a438dfdf4b58698e04068f8027569b2849d2a2a3e7	True	unresolved	unresolved
sub-4	02	02	sub-4/ses-02/run-02/tsv-row-16	16	right_hand	2	114.552	5.0	28638	29888	sub-4/ses-02/eeg/sub-4_ses-02_task-imagery_run-02_eeg.edf	1250	True		sub-04	V	s	s	0	sub-04/ses-02/eeg/sub-04_ses-02_task-MotorImageryRest_run-02_eeg.vhdr	daf90613d845caaebec003a438dfdf4b58698e04068f8027569b2849d2a2a3e7	True	unresolved	unresolved
sub-4	02	02	sub-4/ses-02/run-02/tsv-row-17	17	rest	1	121.448	5.0	30362	31612	sub-4/ses-02/eeg/sub-4_ses-02_task-imagery_run-02_eeg.edf	1250	True		sub-04	V	s	s	0	sub-04/ses-02/eeg/sub-04_ses-02_task-MotorImageryRest_run-02_eeg.vhdr	daf90613d845caaebec003a438dfdf4b58698e04068f8027569b2849d2a2a3e7	True	unresolved	unresolved
sub-4	02	02	sub-4/ses-02/run-02/tsv-row-18	18	right_hand	2	128.324	5.0	32081	33331	sub-4/ses-02/eeg/sub-4_ses-02_task-imagery_run-02_eeg.edf	1250	True		sub-04	V	s	s	0	sub-04/ses-02/eeg/sub-04_ses-02_task-MotorImageryRest_run-02_eeg.vhdr	daf90613d845caaebec003a438dfdf4b58698e04068f8027569b2849d2a2a3e7	True	unresolved	unresolved
sub-4	02	02	sub-4/ses-02/run-02/tsv-row-19	19	right_hand	2	135.212	5.0	33803	35053	sub-4/ses-02/eeg/sub-4_ses-02_task-imagery_run-02_eeg.edf	1250	True		sub-04	V	s	s	0	sub-04/ses-02/eeg/sub-04_ses-02_task-MotorImageryRest_run-02_eeg.vhdr	daf90613d845caaebec003a438dfdf4b58698e04068f8027569b2849d2a2a3e7	True	unresolved	unresolved
sub-4	02	02	sub-4/ses-02/run-02/tsv-row-20	20	rest	1	142.108	5.0	35527	36777	sub-4/ses-02/eeg/sub-4_ses-02_task-imagery_run-02_eeg.edf	1250	True		sub-04	V	s	s	0	sub-04/ses-02/eeg/sub-04_ses-02_task-MotorImageryRest_run-02_eeg.vhdr	daf90613d845caaebec003a438dfdf4b58698e04068f8027569b2849d2a2a3e7	True	unresolved	unresolved
sub-4	02	02	sub-4/ses-02/run-02/tsv-row-21	21	rest	1	148.996	5.0	37249	38499	sub-4/ses-02/eeg/sub-4_ses-02_task-imagery_run-02_eeg.edf	1250	True		sub-04	V	s	s	0	sub-04/ses-02/eeg/sub-04_ses-02_task-MotorImageryRest_run-02_eeg.vhdr	daf90613d845caaebec003a438dfdf4b58698e04068f8027569b2849d2a2a3e7	True	unresolved	unresolved
sub-4	02	02	sub-4/ses-02/run-02/tsv-row-22	22	right_hand	2	155.872	5.0	38968	40218	sub-4/ses-02/eeg/sub-4_ses-02_task-imagery_run-02_eeg.edf	1250	True		sub-04	V	s	s	0	sub-04/ses-02/eeg/sub-04_ses-02_task-MotorImageryRest_run-02_eeg.vhdr	daf90613d845caaebec003a438dfdf4b58698e04068f8027569b2849d2a2a3e7	True	unresolved	unresolved
sub-4	02	02	sub-4/ses-02/run-02/tsv-row-23	23	right_hand	2	162.76	5.0	40690	41940	sub-4/ses-02/eeg/sub-4_ses-02_task-imagery_run-02_eeg.edf	1250	True		sub-04	V	s	s	0	sub-04/ses-02/eeg/sub-04_ses-02_task-MotorImageryRest_run-02_eeg.vhdr	daf90613d845caaebec003a438dfdf4b58698e04068f8027569b2849d2a2a3e7	True	unresolved	unresolved
sub-4	02	02	sub-4/ses-02/run-02/tsv-row-24	24	rest	1	169.656	5.0	42414	43664	sub-4/ses-02/eeg/sub-4_ses-02_task-imagery_run-02_eeg.edf	1250	True		sub-04	V	s	s	0	sub-04/ses-02/eeg/sub-04_ses-02_task-MotorImageryRest_run-02_eeg.vhdr	daf90613d845caaebec003a438dfdf4b58698e04068f8027569b2849d2a2a3e7	True	unresolved	unresolved
sub-4	02	02	sub-4/ses-02/run-02/tsv-row-25	25	rest	1	176.54	5.0	44135	45385	sub-4/ses-02/eeg/sub-4_ses-02_task-imagery_run-02_eeg.edf	1250	True		sub-04	V	s	s	0	sub-04/ses-02/eeg/sub-04_ses-02_task-MotorImageryRest_run-02_eeg.vhdr	daf90613d845caaebec003a438dfdf4b58698e04068f8027569b2849d2a2a3e7	True	unresolved	unresolved
sub-4	02	02	sub-4/ses-02/run-02/tsv-row-26	26	right_hand	2	183.436	5.0	45859	47109	sub-4/ses-02/eeg/sub-4_ses-02_task-imagery_run-02_eeg.edf	1250	True		sub-04	V	s	s	0	sub-04/ses-02/eeg/sub-04_ses-02_task-MotorImageryRest_run-02_eeg.vhdr	daf90613d845caaebec003a438dfdf4b58698e04068f8027569b2849d2a2a3e7	True	unresolved	unresolved
sub-4	02	02	sub-4/ses-02/run-02/tsv-row-27	27	rest	1	190.316	5.0	47579	48829	sub-4/ses-02/eeg/sub-4_ses-02_task-imagery_run-02_eeg.edf	1250	True		sub-04	V	s	s	0	sub-04/ses-02/eeg/sub-04_ses-02_task-MotorImageryRest_run-02_eeg.vhdr	daf90613d845caaebec003a438dfdf4b58698e04068f8027569b2849d2a2a3e7	True	unresolved	unresolved
sub-4	02	02	sub-4/ses-02/run-02/tsv-row-28	28	right_hand	2	197.192	5.0	49298	50548	sub-4/ses-02/eeg/sub-4_ses-02_task-imagery_run-02_eeg.edf	1250	True		sub-04	V	s	s	0	sub-04/ses-02/eeg/sub-04_ses-02_task-MotorImageryRest_run-02_eeg.vhdr	daf90613d845caaebec003a438dfdf4b58698e04068f8027569b2849d2a2a3e7	True	unresolved	unresolved
sub-4	02	02	sub-4/ses-02/run-02/tsv-row-29	29	right_hand	2	204.096	5.0	51024	52274	sub-4/ses-02/eeg/sub-4_ses-02_task-imagery_run-02_eeg.edf	1250	True		sub-04	V	s	s	0	sub-04/ses-02/eeg/sub-04_ses-02_task-MotorImageryRest_run-02_eeg.vhdr	daf90613d845caaebec003a438dfdf4b58698e04068f8027569b2849d2a2a3e7	True	unresolved	unresolved
sub-4	02	02	sub-4/ses-02/run-02/tsv-row-30	30	rest	1	210.992	5.0	52748	53998	sub-4/ses-02/eeg/sub-4_ses-02_task-imagery_run-02_eeg.edf	1250	True		sub-04	V	s	s	0	sub-04/ses-02/eeg/sub-04_ses-02_task-MotorImageryRest_run-02_eeg.vhdr	daf90613d845caaebec003a438dfdf4b58698e04068f8027569b2849d2a2a3e7	True	unresolved	unresolved
sub-4	02	02	sub-4/ses-02/run-02/tsv-row-31	31	rest	1	217.86	5.0	54465	55715	sub-4/ses-02/eeg/sub-4_ses-02_task-imagery_run-02_eeg.edf	1250	True		sub-04	V	s	s	0	sub-04/ses-02/eeg/sub-04_ses-02_task-MotorImageryRest_run-02_eeg.vhdr	daf90613d845caaebec003a438dfdf4b58698e04068f8027569b2849d2a2a3e7	True	unresolved	unresolved
sub-4	02	02	sub-4/ses-02/run-02/tsv-row-32	32	right_hand	2	224.756	5.0	56189	57439	sub-4/ses-02/eeg/sub-4_ses-02_task-imagery_run-02_eeg.edf	1250	True		sub-04	V	s	s	0	sub-04/ses-02/eeg/sub-04_ses-02_task-MotorImageryRest_run-02_eeg.vhdr	daf90613d845caaebec003a438dfdf4b58698e04068f8027569b2849d2a2a3e7	True	unresolved	unresolved
sub-4	02	03	sub-4/ses-02/run-03/tsv-row-1	1	rest	1	9.376	5.0	2344	3594	sub-4/ses-02/eeg/sub-4_ses-02_task-imagery_run-03_eeg.edf	1250	True		sub-04	V	s	s	0	sub-04/ses-02/eeg/sub-04_ses-02_task-MotorImageryRest_run-03_eeg.vhdr	1d062f6b3ed833c6233419ce53607435023226ab855c126f8508e51de536387c	True	unresolved	unresolved
sub-4	02	03	sub-4/ses-02/run-03/tsv-row-2	2	right_hand	2	16.26	5.0	4065	5315	sub-4/ses-02/eeg/sub-4_ses-02_task-imagery_run-03_eeg.edf	1250	True		sub-04	V	s	s	0	sub-04/ses-02/eeg/sub-04_ses-02_task-MotorImageryRest_run-03_eeg.vhdr	1d062f6b3ed833c6233419ce53607435023226ab855c126f8508e51de536387c	True	unresolved	unresolved
sub-4	02	03	sub-4/ses-02/run-03/tsv-row-3	3	rest	1	23.172	5.0	5793	7043	sub-4/ses-02/eeg/sub-4_ses-02_task-imagery_run-03_eeg.edf	1250	True		sub-04	V	s	s	0	sub-04/ses-02/eeg/sub-04_ses-02_task-MotorImageryRest_run-03_eeg.vhdr	1d062f6b3ed833c6233419ce53607435023226ab855c126f8508e51de536387c	True	unresolved	unresolved
sub-4	02	03	sub-4/ses-02/run-03/tsv-row-4	4	right_hand	2	30.052	5.0	7513	8763	sub-4/ses-02/eeg/sub-4_ses-02_task-imagery_run-03_eeg.edf	1250	True		sub-04	V	s	s	0	sub-04/ses-02/eeg/sub-04_ses-02_task-MotorImageryRest_run-03_eeg.vhdr	1d062f6b3ed833c6233419ce53607435023226ab855c126f8508e51de536387c	True	unresolved	unresolved
sub-4	02	03	sub-4/ses-02/run-03/tsv-row-5	5	rest	1	36.932	5.0	9233	10483	sub-4/ses-02/eeg/sub-4_ses-02_task-imagery_run-03_eeg.edf	1250	True		sub-04	V	s	s	0	sub-04/ses-02/eeg/sub-04_ses-02_task-MotorImageryRest_run-03_eeg.vhdr	1d062f6b3ed833c6233419ce53607435023226ab855c126f8508e51de536387c	True	unresolved	unresolved
sub-4	02	03	sub-4/ses-02/run-03/tsv-row-6	6	right_hand	2	43.824	5.0	10956	12206	sub-4/ses-02/eeg/sub-4_ses-02_task-imagery_run-03_eeg.edf	1250	True		sub-04	V	s	s	0	sub-04/ses-02/eeg/sub-04_ses-02_task-MotorImageryRest_run-03_eeg.vhdr	1d062f6b3ed833c6233419ce53607435023226ab855c126f8508e51de536387c	True	unresolved	unresolved
sub-4	02	03	sub-4/ses-02/run-03/tsv-row-7	7	rest	1	50.72	5.0	12680	13930	sub-4/ses-02/eeg/sub-4_ses-02_task-imagery_run-03_eeg.edf	1250	True		sub-04	V	s	s	0	sub-04/ses-02/eeg/sub-04_ses-02_task-MotorImageryRest_run-03_eeg.vhdr	1d062f6b3ed833c6233419ce53607435023226ab855c126f8508e51de536387c	True	unresolved	unresolved
sub-4	02	03	sub-4/ses-02/run-03/tsv-row-8	8	right_hand	2	57.6	5.0	14400	15650	sub-4/ses-02/eeg/sub-4_ses-02_task-imagery_run-03_eeg.edf	1250	True		sub-04	V	s	s	0	sub-04/ses-02/eeg/sub-04_ses-02_task-MotorImageryRest_run-03_eeg.vhdr	1d062f6b3ed833c6233419ce53607435023226ab855c126f8508e51de536387c	True	unresolved	unresolved
sub-4	02	03	sub-4/ses-02/run-03/tsv-row-9	9	right_hand	2	64.484	5.0	16121	17371	sub-4/ses-02/eeg/sub-4_ses-02_task-imagery_run-03_eeg.edf	1250	True		sub-04	V	s	s	0	sub-04/ses-02/eeg/sub-04_ses-02_task-MotorImageryRest_run-03_eeg.vhdr	1d062f6b3ed833c6233419ce53607435023226ab855c126f8508e51de536387c	True	unresolved	unresolved
sub-4	02	03	sub-4/ses-02/run-03/tsv-row-10	10	rest	1	71.38	5.0	17845	19095	sub-4/ses-02/eeg/sub-4_ses-02_task-imagery_run-03_eeg.edf	1250	True		sub-04	V	s	s	0	sub-04/ses-02/eeg/sub-04_ses-02_task-MotorImageryRest_run-03_eeg.vhdr	1d062f6b3ed833c6233419ce53607435023226ab855c126f8508e51de536387c	True	unresolved	unresolved
sub-4	02	03	sub-4/ses-02/run-03/tsv-row-11	11	rest	1	78.268	5.0	19567	20817	sub-4/ses-02/eeg/sub-4_ses-02_task-imagery_run-03_eeg.edf	1250	True		sub-04	V	s	s	0	sub-04/ses-02/eeg/sub-04_ses-02_task-MotorImageryRest_run-03_eeg.vhdr	1d062f6b3ed833c6233419ce53607435023226ab855c126f8508e51de536387c	True	unresolved	unresolved
sub-4	02	03	sub-4/ses-02/run-03/tsv-row-12	12	right_hand	2	85.144	5.0	21286	22536	sub-4/ses-02/eeg/sub-4_ses-02_task-imagery_run-03_eeg.edf	1250	True		sub-04	V	s	s	0	sub-04/ses-02/eeg/sub-04_ses-02_task-MotorImageryRest_run-03_eeg.vhdr	1d062f6b3ed833c6233419ce53607435023226ab855c126f8508e51de536387c	True	unresolved	unresolved
sub-4	02	03	sub-4/ses-02/run-03/tsv-row-13	13	rest	1	92.04	5.0	23010	24260	sub-4/ses-02/eeg/sub-4_ses-02_task-imagery_run-03_eeg.edf	1250	True		sub-04	V	s	s	0	sub-04/ses-02/eeg/sub-04_ses-02_task-MotorImageryRest_run-03_eeg.vhdr	1d062f6b3ed833c6233419ce53607435023226ab855c126f8508e51de536387c	True	unresolved	unresolved
sub-4	02	03	sub-4/ses-02/run-03/tsv-row-14	14	right_hand	2	98.92	5.0	24730	25980	sub-4/ses-02/eeg/sub-4_ses-02_task-imagery_run-03_eeg.edf	1250	True		sub-04	V	s	s	0	sub-04/ses-02/eeg/sub-04_ses-02_task-MotorImageryRest_run-03_eeg.vhdr	1d062f6b3ed833c6233419ce53607435023226ab855c126f8508e51de536387c	True	unresolved	unresolved
sub-4	02	03	sub-4/ses-02/run-03/tsv-row-15	15	right_hand	2	105.824	5.0	26456	27706	sub-4/ses-02/eeg/sub-4_ses-02_task-imagery_run-03_eeg.edf	1250	True		sub-04	V	s	s	0	sub-04/ses-02/eeg/sub-04_ses-02_task-MotorImageryRest_run-03_eeg.vhdr	1d062f6b3ed833c6233419ce53607435023226ab855c126f8508e51de536387c	True	unresolved	unresolved
sub-4	02	03	sub-4/ses-02/run-03/tsv-row-16	16	rest	1	112.72	5.0	28180	29430	sub-4/ses-02/eeg/sub-4_ses-02_task-imagery_run-03_eeg.edf	1250	True		sub-04	V	s	s	0	sub-04/ses-02/eeg/sub-04_ses-02_task-MotorImageryRest_run-03_eeg.vhdr	1d062f6b3ed833c6233419ce53607435023226ab855c126f8508e51de536387c	True	unresolved	unresolved
sub-4	02	03	sub-4/ses-02/run-03/tsv-row-17	17	rest	1	119.604	5.0	29901	31151	sub-4/ses-02/eeg/sub-4_ses-02_task-imagery_run-03_eeg.edf	1250	True		sub-04	V	s	s	0	sub-04/ses-02/eeg/sub-04_ses-02_task-MotorImageryRest_run-03_eeg.vhdr	1d062f6b3ed833c6233419ce53607435023226ab855c126f8508e51de536387c	True	unresolved	unresolved
sub-4	02	03	sub-4/ses-02/run-03/tsv-row-18	18	right_hand	2	126.468	5.0	31617	32867	sub-4/ses-02/eeg/sub-4_ses-02_task-imagery_run-03_eeg.edf	1250	True		sub-04	V	s	s	0	sub-04/ses-02/eeg/sub-04_ses-02_task-MotorImageryRest_run-03_eeg.vhdr	1d062f6b3ed833c6233419ce53607435023226ab855c126f8508e51de536387c	True	unresolved	unresolved
sub-4	02	03	sub-4/ses-02/run-03/tsv-row-19	19	rest	1	133.38	5.0	33345	34595	sub-4/ses-02/eeg/sub-4_ses-02_task-imagery_run-03_eeg.edf	1250	True		sub-04	V	s	s	0	sub-04/ses-02/eeg/sub-04_ses-02_task-MotorImageryRest_run-03_eeg.vhdr	1d062f6b3ed833c6233419ce53607435023226ab855c126f8508e51de536387c	True	unresolved	unresolved
sub-4	02	03	sub-4/ses-02/run-03/tsv-row-20	20	right_hand	2	140.256	5.0	35064	36314	sub-4/ses-02/eeg/sub-4_ses-02_task-imagery_run-03_eeg.edf	1250	True		sub-04	V	s	s	0	sub-04/ses-02/eeg/sub-04_ses-02_task-MotorImageryRest_run-03_eeg.vhdr	1d062f6b3ed833c6233419ce53607435023226ab855c126f8508e51de536387c	True	unresolved	unresolved
sub-4	02	03	sub-4/ses-02/run-03/tsv-row-21	21	right_hand	2	147.128	5.0	36782	38032	sub-4/ses-02/eeg/sub-4_ses-02_task-imagery_run-03_eeg.edf	1250	True		sub-04	V	s	s	0	sub-04/ses-02/eeg/sub-04_ses-02_task-MotorImageryRest_run-03_eeg.vhdr	1d062f6b3ed833c6233419ce53607435023226ab855c126f8508e51de536387c	True	unresolved	unresolved
sub-4	02	03	sub-4/ses-02/run-03/tsv-row-22	22	rest	1	154.04	5.0	38510	39760	sub-4/ses-02/eeg/sub-4_ses-02_task-imagery_run-03_eeg.edf	1250	True		sub-04	V	s	s	0	sub-04/ses-02/eeg/sub-04_ses-02_task-MotorImageryRest_run-03_eeg.vhdr	1d062f6b3ed833c6233419ce53607435023226ab855c126f8508e51de536387c	True	unresolved	unresolved
sub-4	02	03	sub-4/ses-02/run-03/tsv-row-23	23	right_hand	2	160.916	5.0	40229	41479	sub-4/ses-02/eeg/sub-4_ses-02_task-imagery_run-03_eeg.edf	1250	True		sub-04	V	s	s	0	sub-04/ses-02/eeg/sub-04_ses-02_task-MotorImageryRest_run-03_eeg.vhdr	1d062f6b3ed833c6233419ce53607435023226ab855c126f8508e51de536387c	True	unresolved	unresolved
sub-4	02	03	sub-4/ses-02/run-03/tsv-row-24	24	rest	1	167.812	5.0	41953	43203	sub-4/ses-02/eeg/sub-4_ses-02_task-imagery_run-03_eeg.edf	1250	True		sub-04	V	s	s	0	sub-04/ses-02/eeg/sub-04_ses-02_task-MotorImageryRest_run-03_eeg.vhdr	1d062f6b3ed833c6233419ce53607435023226ab855c126f8508e51de536387c	True	unresolved	unresolved
sub-4	02	03	sub-4/ses-02/run-03/tsv-row-25	25	right_hand	2	174.692	5.0	43673	44923	sub-4/ses-02/eeg/sub-4_ses-02_task-imagery_run-03_eeg.edf	1250	True		sub-04	V	s	s	0	sub-04/ses-02/eeg/sub-04_ses-02_task-MotorImageryRest_run-03_eeg.vhdr	1d062f6b3ed833c6233419ce53607435023226ab855c126f8508e51de536387c	True	unresolved	unresolved
sub-4	02	03	sub-4/ses-02/run-03/tsv-row-26	26	rest	1	181.588	5.0	45397	46647	sub-4/ses-02/eeg/sub-4_ses-02_task-imagery_run-03_eeg.edf	1250	True		sub-04	V	s	s	0	sub-04/ses-02/eeg/sub-04_ses-02_task-MotorImageryRest_run-03_eeg.vhdr	1d062f6b3ed833c6233419ce53607435023226ab855c126f8508e51de536387c	True	unresolved	unresolved
sub-4	02	03	sub-4/ses-02/run-03/tsv-row-27	27	right_hand	2	188.464	5.0	47116	48366	sub-4/ses-02/eeg/sub-4_ses-02_task-imagery_run-03_eeg.edf	1250	True		sub-04	V	s	s	0	sub-04/ses-02/eeg/sub-04_ses-02_task-MotorImageryRest_run-03_eeg.vhdr	1d062f6b3ed833c6233419ce53607435023226ab855c126f8508e51de536387c	True	unresolved	unresolved
sub-4	02	03	sub-4/ses-02/run-03/tsv-row-28	28	rest	1	195.376	5.0	48844	50094	sub-4/ses-02/eeg/sub-4_ses-02_task-imagery_run-03_eeg.edf	1250	True		sub-04	V	s	s	0	sub-04/ses-02/eeg/sub-04_ses-02_task-MotorImageryRest_run-03_eeg.vhdr	1d062f6b3ed833c6233419ce53607435023226ab855c126f8508e51de536387c	True	unresolved	unresolved
sub-4	02	03	sub-4/ses-02/run-03/tsv-row-29	29	right_hand	2	202.24	5.0	50560	51810	sub-4/ses-02/eeg/sub-4_ses-02_task-imagery_run-03_eeg.edf	1250	True		sub-04	V	s	s	0	sub-04/ses-02/eeg/sub-04_ses-02_task-MotorImageryRest_run-03_eeg.vhdr	1d062f6b3ed833c6233419ce53607435023226ab855c126f8508e51de536387c	True	unresolved	unresolved
sub-4	02	03	sub-4/ses-02/run-03/tsv-row-30	30	rest	1	209.132	5.0	52283	53533	sub-4/ses-02/eeg/sub-4_ses-02_task-imagery_run-03_eeg.edf	1250	True		sub-04	V	s	s	0	sub-04/ses-02/eeg/sub-04_ses-02_task-MotorImageryRest_run-03_eeg.vhdr	1d062f6b3ed833c6233419ce53607435023226ab855c126f8508e51de536387c	True	unresolved	unresolved
sub-4	02	03	sub-4/ses-02/run-03/tsv-row-31	31	rest	1	216.02	5.0	54005	55255	sub-4/ses-02/eeg/sub-4_ses-02_task-imagery_run-03_eeg.edf	1250	True		sub-04	V	s	s	0	sub-04/ses-02/eeg/sub-04_ses-02_task-MotorImageryRest_run-03_eeg.vhdr	1d062f6b3ed833c6233419ce53607435023226ab855c126f8508e51de536387c	True	unresolved	unresolved
sub-4	02	03	sub-4/ses-02/run-03/tsv-row-32	32	right_hand	2	222.916	5.0	55729	56979	sub-4/ses-02/eeg/sub-4_ses-02_task-imagery_run-03_eeg.edf	1250	True		sub-04	V	s	s	0	sub-04/ses-02/eeg/sub-04_ses-02_task-MotorImageryRest_run-03_eeg.vhdr	1d062f6b3ed833c6233419ce53607435023226ab855c126f8508e51de536387c	True	unresolved	unresolved
sub-4	02	04	sub-4/ses-02/run-04/tsv-row-1	1	right_hand	2	15.34	5.0	3835	5085	sub-4/ses-02/eeg/sub-4_ses-02_task-imagery_run-04_eeg.edf	1250	True		sub-04	V	s	s	0	sub-04/ses-02/eeg/sub-04_ses-02_task-MotorImageryRest_run-04_eeg.vhdr	1b245acaa9894d0643c6cf97b489ad85c950689086b569d7f1e517a990411031	True	unresolved	unresolved
sub-4	02	04	sub-4/ses-02/run-04/tsv-row-2	2	rest	1	22.236	5.0	5559	6809	sub-4/ses-02/eeg/sub-4_ses-02_task-imagery_run-04_eeg.edf	1250	True		sub-04	V	s	s	0	sub-04/ses-02/eeg/sub-04_ses-02_task-MotorImageryRest_run-04_eeg.vhdr	1b245acaa9894d0643c6cf97b489ad85c950689086b569d7f1e517a990411031	True	unresolved	unresolved
sub-4	02	04	sub-4/ses-02/run-04/tsv-row-3	3	rest	1	29.14	5.0	7285	8535	sub-4/ses-02/eeg/sub-4_ses-02_task-imagery_run-04_eeg.edf	1250	True		sub-04	V	s	s	0	sub-04/ses-02/eeg/sub-04_ses-02_task-MotorImageryRest_run-04_eeg.vhdr	1b245acaa9894d0643c6cf97b489ad85c950689086b569d7f1e517a990411031	True	unresolved	unresolved
sub-4	02	04	sub-4/ses-02/run-04/tsv-row-4	4	right_hand	2	36.004	5.0	9001	10251	sub-4/ses-02/eeg/sub-4_ses-02_task-imagery_run-04_eeg.edf	1250	True		sub-04	V	s	s	0	sub-04/ses-02/eeg/sub-04_ses-02_task-MotorImageryRest_run-04_eeg.vhdr	1b245acaa9894d0643c6cf97b489ad85c950689086b569d7f1e517a990411031	True	unresolved	unresolved
sub-4	02	04	sub-4/ses-02/run-04/tsv-row-5	5	rest	1	42.916	5.0	10729	11979	sub-4/ses-02/eeg/sub-4_ses-02_task-imagery_run-04_eeg.edf	1250	True		sub-04	V	s	s	0	sub-04/ses-02/eeg/sub-04_ses-02_task-MotorImageryRest_run-04_eeg.vhdr	1b245acaa9894d0643c6cf97b489ad85c950689086b569d7f1e517a990411031	True	unresolved	unresolved
sub-4	02	04	sub-4/ses-02/run-04/tsv-row-6	6	right_hand	2	49.776	5.0	12444	13694	sub-4/ses-02/eeg/sub-4_ses-02_task-imagery_run-04_eeg.edf	1250	True		sub-04	V	s	s	0	sub-04/ses-02/eeg/sub-04_ses-02_task-MotorImageryRest_run-04_eeg.vhdr	1b245acaa9894d0643c6cf97b489ad85c950689086b569d7f1e517a990411031	True	unresolved	unresolved
sub-4	02	04	sub-4/ses-02/run-04/tsv-row-7	7	rest	1	56.672	5.0	14168	15418	sub-4/ses-02/eeg/sub-4_ses-02_task-imagery_run-04_eeg.edf	1250	True		sub-04	V	s	s	0	sub-04/ses-02/eeg/sub-04_ses-02_task-MotorImageryRest_run-04_eeg.vhdr	1b245acaa9894d0643c6cf97b489ad85c950689086b569d7f1e517a990411031	True	unresolved	unresolved
sub-4	02	04	sub-4/ses-02/run-04/tsv-row-8	8	right_hand	2	63.568	5.0	15892	17142	sub-4/ses-02/eeg/sub-4_ses-02_task-imagery_run-04_eeg.edf	1250	True		sub-04	V	s	s	0	sub-04/ses-02/eeg/sub-04_ses-02_task-MotorImageryRest_run-04_eeg.vhdr	1b245acaa9894d0643c6cf97b489ad85c950689086b569d7f1e517a990411031	True	unresolved	unresolved
sub-4	02	04	sub-4/ses-02/run-04/tsv-row-9	9	right_hand	2	70.456	5.0	17614	18864	sub-4/ses-02/eeg/sub-4_ses-02_task-imagery_run-04_eeg.edf	1250	True		sub-04	V	s	s	0	sub-04/ses-02/eeg/sub-04_ses-02_task-MotorImageryRest_run-04_eeg.vhdr	1b245acaa9894d0643c6cf97b489ad85c950689086b569d7f1e517a990411031	True	unresolved	unresolved
sub-4	02	04	sub-4/ses-02/run-04/tsv-row-10	10	rest	1	77.332	5.0	19333	20583	sub-4/ses-02/eeg/sub-4_ses-02_task-imagery_run-04_eeg.edf	1250	True		sub-04	V	s	s	0	sub-04/ses-02/eeg/sub-04_ses-02_task-MotorImageryRest_run-04_eeg.vhdr	1b245acaa9894d0643c6cf97b489ad85c950689086b569d7f1e517a990411031	True	unresolved	unresolved
sub-4	02	04	sub-4/ses-02/run-04/tsv-row-11	11	rest	1	84.236	5.0	21059	22309	sub-4/ses-02/eeg/sub-4_ses-02_task-imagery_run-04_eeg.edf	1250	True		sub-04	V	s	s	0	sub-04/ses-02/eeg/sub-04_ses-02_task-MotorImageryRest_run-04_eeg.vhdr	1b245acaa9894d0643c6cf97b489ad85c950689086b569d7f1e517a990411031	True	unresolved	unresolved
sub-4	02	04	sub-4/ses-02/run-04/tsv-row-12	12	right_hand	2	91.116	5.0	22779	24029	sub-4/ses-02/eeg/sub-4_ses-02_task-imagery_run-04_eeg.edf	1250	True		sub-04	V	s	s	0	sub-04/ses-02/eeg/sub-04_ses-02_task-MotorImageryRest_run-04_eeg.vhdr	1b245acaa9894d0643c6cf97b489ad85c950689086b569d7f1e517a990411031	True	unresolved	unresolved
sub-4	02	04	sub-4/ses-02/run-04/tsv-row-13	13	rest	1	98.008	5.0	24502	25752	sub-4/ses-02/eeg/sub-4_ses-02_task-imagery_run-04_eeg.edf	1250	True		sub-04	V	s	s	0	sub-04/ses-02/eeg/sub-04_ses-02_task-MotorImageryRest_run-04_eeg.vhdr	1b245acaa9894d0643c6cf97b489ad85c950689086b569d7f1e517a990411031	True	unresolved	unresolved
sub-4	02	04	sub-4/ses-02/run-04/tsv-row-14	14	right_hand	2	104.888	5.0	26222	27472	sub-4/ses-02/eeg/sub-4_ses-02_task-imagery_run-04_eeg.edf	1250	True		sub-04	V	s	s	0	sub-04/ses-02/eeg/sub-04_ses-02_task-MotorImageryRest_run-04_eeg.vhdr	1b245acaa9894d0643c6cf97b489ad85c950689086b569d7f1e517a990411031	True	unresolved	unresolved
sub-4	02	04	sub-4/ses-02/run-04/tsv-row-15	15	right_hand	2	111.776	5.0	27944	29194	sub-4/ses-02/eeg/sub-4_ses-02_task-imagery_run-04_eeg.edf	1250	True		sub-04	V	s	s	0	sub-04/ses-02/eeg/sub-04_ses-02_task-MotorImageryRest_run-04_eeg.vhdr	1b245acaa9894d0643c6cf97b489ad85c950689086b569d7f1e517a990411031	True	unresolved	unresolved
sub-4	02	04	sub-4/ses-02/run-04/tsv-row-16	16	rest	1	118.668	5.0	29667	30917	sub-4/ses-02/eeg/sub-4_ses-02_task-imagery_run-04_eeg.edf	1250	True		sub-04	V	s	s	0	sub-04/ses-02/eeg/sub-04_ses-02_task-MotorImageryRest_run-04_eeg.vhdr	1b245acaa9894d0643c6cf97b489ad85c950689086b569d7f1e517a990411031	True	unresolved	unresolved
sub-4	02	04	sub-4/ses-02/run-04/tsv-row-17	17	right_hand	2	125.564	5.0	31391	32641	sub-4/ses-02/eeg/sub-4_ses-02_task-imagery_run-04_eeg.edf	1250	True		sub-04	V	s	s	0	sub-04/ses-02/eeg/sub-04_ses-02_task-MotorImageryRest_run-04_eeg.vhdr	1b245acaa9894d0643c6cf97b489ad85c950689086b569d7f1e517a990411031	True	unresolved	unresolved
sub-4	02	04	sub-4/ses-02/run-04/tsv-row-18	18	rest	1	132.444	5.0	33111	34361	sub-4/ses-02/eeg/sub-4_ses-02_task-imagery_run-04_eeg.edf	1250	True		sub-04	V	s	s	0	sub-04/ses-02/eeg/sub-04_ses-02_task-MotorImageryRest_run-04_eeg.vhdr	1b245acaa9894d0643c6cf97b489ad85c950689086b569d7f1e517a990411031	True	unresolved	unresolved
sub-4	02	04	sub-4/ses-02/run-04/tsv-row-19	19	rest	1	139.348	5.0	34837	36087	sub-4/ses-02/eeg/sub-4_ses-02_task-imagery_run-04_eeg.edf	1250	True		sub-04	V	s	s	0	sub-04/ses-02/eeg/sub-04_ses-02_task-MotorImageryRest_run-04_eeg.vhdr	1b245acaa9894d0643c6cf97b489ad85c950689086b569d7f1e517a990411031	True	unresolved	unresolved
sub-4	02	04	sub-4/ses-02/run-04/tsv-row-20	20	right_hand	2	146.224	5.0	36556	37806	sub-4/ses-02/eeg/sub-4_ses-02_task-imagery_run-04_eeg.edf	1250	True		sub-04	V	s	s	0	sub-04/ses-02/eeg/sub-04_ses-02_task-MotorImageryRest_run-04_eeg.vhdr	1b245acaa9894d0643c6cf97b489ad85c950689086b569d7f1e517a990411031	True	unresolved	unresolved
sub-4	02	04	sub-4/ses-02/run-04/tsv-row-21	21	rest	1	153.12	5.0	38280	39530	sub-4/ses-02/eeg/sub-4_ses-02_task-imagery_run-04_eeg.edf	1250	True		sub-04	V	s	s	0	sub-04/ses-02/eeg/sub-04_ses-02_task-MotorImageryRest_run-04_eeg.vhdr	1b245acaa9894d0643c6cf97b489ad85c950689086b569d7f1e517a990411031	True	unresolved	unresolved
sub-4	02	04	sub-4/ses-02/run-04/tsv-row-22	22	right_hand	2	159.984	5.0	39996	41246	sub-4/ses-02/eeg/sub-4_ses-02_task-imagery_run-04_eeg.edf	1250	True		sub-04	V	s	s	0	sub-04/ses-02/eeg/sub-04_ses-02_task-MotorImageryRest_run-04_eeg.vhdr	1b245acaa9894d0643c6cf97b489ad85c950689086b569d7f1e517a990411031	True	unresolved	unresolved
sub-4	02	04	sub-4/ses-02/run-04/tsv-row-23	23	right_hand	2	166.868	5.0	41717	42967	sub-4/ses-02/eeg/sub-4_ses-02_task-imagery_run-04_eeg.edf	1250	True		sub-04	V	s	s	0	sub-04/ses-02/eeg/sub-04_ses-02_task-MotorImageryRest_run-04_eeg.vhdr	1b245acaa9894d0643c6cf97b489ad85c950689086b569d7f1e517a990411031	True	unresolved	unresolved
sub-4	02	04	sub-4/ses-02/run-04/tsv-row-24	24	rest	1	173.78	5.0	43445	44695	sub-4/ses-02/eeg/sub-4_ses-02_task-imagery_run-04_eeg.edf	1250	True		sub-04	V	s	s	0	sub-04/ses-02/eeg/sub-04_ses-02_task-MotorImageryRest_run-04_eeg.vhdr	1b245acaa9894d0643c6cf97b489ad85c950689086b569d7f1e517a990411031	True	unresolved	unresolved
sub-4	02	04	sub-4/ses-02/run-04/tsv-row-25	25	rest	1	180.668	5.0	45167	46417	sub-4/ses-02/eeg/sub-4_ses-02_task-imagery_run-04_eeg.edf	1250	True		sub-04	V	s	s	0	sub-04/ses-02/eeg/sub-04_ses-02_task-MotorImageryRest_run-04_eeg.vhdr	1b245acaa9894d0643c6cf97b489ad85c950689086b569d7f1e517a990411031	True	unresolved	unresolved
sub-4	02	04	sub-4/ses-02/run-04/tsv-row-26	26	right_hand	2	187.528	5.0	46882	48132	sub-4/ses-02/eeg/sub-4_ses-02_task-imagery_run-04_eeg.edf	1250	True		sub-04	V	s	s	0	sub-04/ses-02/eeg/sub-04_ses-02_task-MotorImageryRest_run-04_eeg.vhdr	1b245acaa9894d0643c6cf97b489ad85c950689086b569d7f1e517a990411031	True	unresolved	unresolved
sub-4	02	04	sub-4/ses-02/run-04/tsv-row-27	27	right_hand	2	194.432	5.0	48608	49858	sub-4/ses-02/eeg/sub-4_ses-02_task-imagery_run-04_eeg.edf	1250	True		sub-04	V	s	s	0	sub-04/ses-02/eeg/sub-04_ses-02_task-MotorImageryRest_run-04_eeg.vhdr	1b245acaa9894d0643c6cf97b489ad85c950689086b569d7f1e517a990411031	True	unresolved	unresolved
sub-4	02	04	sub-4/ses-02/run-04/tsv-row-28	28	rest	1	201.328	5.0	50332	51582	sub-4/ses-02/eeg/sub-4_ses-02_task-imagery_run-04_eeg.edf	1250	True		sub-04	V	s	s	0	sub-04/ses-02/eeg/sub-04_ses-02_task-MotorImageryRest_run-04_eeg.vhdr	1b245acaa9894d0643c6cf97b489ad85c950689086b569d7f1e517a990411031	True	unresolved	unresolved
sub-4	02	04	sub-4/ses-02/run-04/tsv-row-29	29	right_hand	2	208.208	5.0	52052	53302	sub-4/ses-02/eeg/sub-4_ses-02_task-imagery_run-04_eeg.edf	1250	True		sub-04	V	s	s	0	sub-04/ses-02/eeg/sub-04_ses-02_task-MotorImageryRest_run-04_eeg.vhdr	1b245acaa9894d0643c6cf97b489ad85c950689086b569d7f1e517a990411031	True	unresolved	unresolved
sub-4	02	04	sub-4/ses-02/run-04/tsv-row-30	30	rest	1	215.1	5.0	53775	55025	sub-4/ses-02/eeg/sub-4_ses-02_task-imagery_run-04_eeg.edf	1250	True		sub-04	V	s	s	0	sub-04/ses-02/eeg/sub-04_ses-02_task-MotorImageryRest_run-04_eeg.vhdr	1b245acaa9894d0643c6cf97b489ad85c950689086b569d7f1e517a990411031	True	unresolved	unresolved
sub-4	02	04	sub-4/ses-02/run-04/tsv-row-31	31	rest	1	221.988	5.0	55497	56747	sub-4/ses-02/eeg/sub-4_ses-02_task-imagery_run-04_eeg.edf	1250	True		sub-04	V	s	s	0	sub-04/ses-02/eeg/sub-04_ses-02_task-MotorImageryRest_run-04_eeg.vhdr	1b245acaa9894d0643c6cf97b489ad85c950689086b569d7f1e517a990411031	True	unresolved	unresolved
sub-4	02	04	sub-4/ses-02/run-04/tsv-row-32	32	right_hand	2	228.868	5.0	57217	58467	sub-4/ses-02/eeg/sub-4_ses-02_task-imagery_run-04_eeg.edf	1250	True		sub-04	V	s	s	0	sub-04/ses-02/eeg/sub-04_ses-02_task-MotorImageryRest_run-04_eeg.vhdr	1b245acaa9894d0643c6cf97b489ad85c950689086b569d7f1e517a990411031	True	unresolved	unresolved
sub-4	02	05	sub-4/ses-02/run-05/tsv-row-1	1	right_hand	2	11.584	5.0	2896	4146	sub-4/ses-02/eeg/sub-4_ses-02_task-imagery_run-05_eeg.edf	1250	True		sub-04	V	s	s	0	sub-04/ses-02/eeg/sub-04_ses-02_task-MotorImageryRest_run-05_eeg.vhdr	518d0f1e382ed4a55694bd6e495ab5dd3b70d9b655d551200158958baee47a5e	True	unresolved	unresolved
sub-4	02	05	sub-4/ses-02/run-05/tsv-row-2	2	rest	1	18.496	5.0	4624	5874	sub-4/ses-02/eeg/sub-4_ses-02_task-imagery_run-05_eeg.edf	1250	True		sub-04	V	s	s	0	sub-04/ses-02/eeg/sub-04_ses-02_task-MotorImageryRest_run-05_eeg.vhdr	518d0f1e382ed4a55694bd6e495ab5dd3b70d9b655d551200158958baee47a5e	True	unresolved	unresolved
sub-4	02	05	sub-4/ses-02/run-05/tsv-row-3	3	rest	1	25.384	5.0	6346	7596	sub-4/ses-02/eeg/sub-4_ses-02_task-imagery_run-05_eeg.edf	1250	True		sub-04	V	s	s	0	sub-04/ses-02/eeg/sub-04_ses-02_task-MotorImageryRest_run-05_eeg.vhdr	518d0f1e382ed4a55694bd6e495ab5dd3b70d9b655d551200158958baee47a5e	True	unresolved	unresolved
sub-4	02	05	sub-4/ses-02/run-05/tsv-row-4	4	right_hand	2	32.244	5.0	8061	9311	sub-4/ses-02/eeg/sub-4_ses-02_task-imagery_run-05_eeg.edf	1250	True		sub-04	V	s	s	0	sub-04/ses-02/eeg/sub-04_ses-02_task-MotorImageryRest_run-05_eeg.vhdr	518d0f1e382ed4a55694bd6e495ab5dd3b70d9b655d551200158958baee47a5e	True	unresolved	unresolved
sub-4	02	05	sub-4/ses-02/run-05/tsv-row-5	5	rest	1	39.156	5.0	9789	11039	sub-4/ses-02/eeg/sub-4_ses-02_task-imagery_run-05_eeg.edf	1250	True		sub-04	V	s	s	0	sub-04/ses-02/eeg/sub-04_ses-02_task-MotorImageryRest_run-05_eeg.vhdr	518d0f1e382ed4a55694bd6e495ab5dd3b70d9b655d551200158958baee47a5e	True	unresolved	unresolved
sub-4	02	05	sub-4/ses-02/run-05/tsv-row-6	6	right_hand	2	46.036	5.0	11509	12759	sub-4/ses-02/eeg/sub-4_ses-02_task-imagery_run-05_eeg.edf	1250	True		sub-04	V	s	s	0	sub-04/ses-02/eeg/sub-04_ses-02_task-MotorImageryRest_run-05_eeg.vhdr	518d0f1e382ed4a55694bd6e495ab5dd3b70d9b655d551200158958baee47a5e	True	unresolved	unresolved
sub-4	02	05	sub-4/ses-02/run-05/tsv-row-7	7	rest	1	52.916	5.0	13229	14479	sub-4/ses-02/eeg/sub-4_ses-02_task-imagery_run-05_eeg.edf	1250	True		sub-04	V	s	s	0	sub-04/ses-02/eeg/sub-04_ses-02_task-MotorImageryRest_run-05_eeg.vhdr	518d0f1e382ed4a55694bd6e495ab5dd3b70d9b655d551200158958baee47a5e	True	unresolved	unresolved
sub-4	02	05	sub-4/ses-02/run-05/tsv-row-8	8	right_hand	2	59.808	5.0	14952	16202	sub-4/ses-02/eeg/sub-4_ses-02_task-imagery_run-05_eeg.edf	1250	True		sub-04	V	s	s	0	sub-04/ses-02/eeg/sub-04_ses-02_task-MotorImageryRest_run-05_eeg.vhdr	518d0f1e382ed4a55694bd6e495ab5dd3b70d9b655d551200158958baee47a5e	True	unresolved	unresolved
sub-4	02	05	sub-4/ses-02/run-05/tsv-row-9	9	right_hand	2	66.696	5.0	16674	17924	sub-4/ses-02/eeg/sub-4_ses-02_task-imagery_run-05_eeg.edf	1250	True		sub-04	V	s	s	0	sub-04/ses-02/eeg/sub-04_ses-02_task-MotorImageryRest_run-05_eeg.vhdr	518d0f1e382ed4a55694bd6e495ab5dd3b70d9b655d551200158958baee47a5e	True	unresolved	unresolved
sub-4	02	05	sub-4/ses-02/run-05/tsv-row-10	10	rest	1	73.592	5.0	18398	19648	sub-4/ses-02/eeg/sub-4_ses-02_task-imagery_run-05_eeg.edf	1250	True		sub-04	V	s	s	0	sub-04/ses-02/eeg/sub-04_ses-02_task-MotorImageryRest_run-05_eeg.vhdr	518d0f1e382ed4a55694bd6e495ab5dd3b70d9b655d551200158958baee47a5e	True	unresolved	unresolved
sub-4	02	05	sub-4/ses-02/run-05/tsv-row-11	11	right_hand	2	80.472	5.0	20118	21368	sub-4/ses-02/eeg/sub-4_ses-02_task-imagery_run-05_eeg.edf	1250	True		sub-04	V	s	s	0	sub-04/ses-02/eeg/sub-04_ses-02_task-MotorImageryRest_run-05_eeg.vhdr	518d0f1e382ed4a55694bd6e495ab5dd3b70d9b655d551200158958baee47a5e	True	unresolved	unresolved
sub-4	02	05	sub-4/ses-02/run-05/tsv-row-12	12	rest	1	87.364	5.0	21841	23091	sub-4/ses-02/eeg/sub-4_ses-02_task-imagery_run-05_eeg.edf	1250	True		sub-04	V	s	s	0	sub-04/ses-02/eeg/sub-04_ses-02_task-MotorImageryRest_run-05_eeg.vhdr	518d0f1e382ed4a55694bd6e495ab5dd3b70d9b655d551200158958baee47a5e	True	unresolved	unresolved
sub-4	02	05	sub-4/ses-02/run-05/tsv-row-13	13	rest	1	94.268	5.0	23567	24817	sub-4/ses-02/eeg/sub-4_ses-02_task-imagery_run-05_eeg.edf	1250	True		sub-04	V	s	s	0	sub-04/ses-02/eeg/sub-04_ses-02_task-MotorImageryRest_run-05_eeg.vhdr	518d0f1e382ed4a55694bd6e495ab5dd3b70d9b655d551200158958baee47a5e	True	unresolved	unresolved
sub-4	02	05	sub-4/ses-02/run-05/tsv-row-14	14	right_hand	2	101.148	5.0	25287	26537	sub-4/ses-02/eeg/sub-4_ses-02_task-imagery_run-05_eeg.edf	1250	True		sub-04	V	s	s	0	sub-04/ses-02/eeg/sub-04_ses-02_task-MotorImageryRest_run-05_eeg.vhdr	518d0f1e382ed4a55694bd6e495ab5dd3b70d9b655d551200158958baee47a5e	True	unresolved	unresolved
sub-4	02	05	sub-4/ses-02/run-05/tsv-row-15	15	right_hand	2	108.032	5.0	27008	28258	sub-4/ses-02/eeg/sub-4_ses-02_task-imagery_run-05_eeg.edf	1250	True		sub-04	V	s	s	0	sub-04/ses-02/eeg/sub-04_ses-02_task-MotorImageryRest_run-05_eeg.vhdr	518d0f1e382ed4a55694bd6e495ab5dd3b70d9b655d551200158958baee47a5e	True	unresolved	unresolved
sub-4	02	05	sub-4/ses-02/run-05/tsv-row-16	16	rest	1	114.912	5.0	28728	29978	sub-4/ses-02/eeg/sub-4_ses-02_task-imagery_run-05_eeg.edf	1250	True		sub-04	V	s	s	0	sub-04/ses-02/eeg/sub-04_ses-02_task-MotorImageryRest_run-05_eeg.vhdr	518d0f1e382ed4a55694bd6e495ab5dd3b70d9b655d551200158958baee47a5e	True	unresolved	unresolved
sub-4	02	05	sub-4/ses-02/run-05/tsv-row-17	17	rest	1	121.816	5.0	30454	31704	sub-4/ses-02/eeg/sub-4_ses-02_task-imagery_run-05_eeg.edf	1250	True		sub-04	V	s	s	0	sub-04/ses-02/eeg/sub-04_ses-02_task-MotorImageryRest_run-05_eeg.vhdr	518d0f1e382ed4a55694bd6e495ab5dd3b70d9b655d551200158958baee47a5e	True	unresolved	unresolved
sub-4	02	05	sub-4/ses-02/run-05/tsv-row-18	18	right_hand	2	128.696	5.0	32174	33424	sub-4/ses-02/eeg/sub-4_ses-02_task-imagery_run-05_eeg.edf	1250	True		sub-04	V	s	s	0	sub-04/ses-02/eeg/sub-04_ses-02_task-MotorImageryRest_run-05_eeg.vhdr	518d0f1e382ed4a55694bd6e495ab5dd3b70d9b655d551200158958baee47a5e	True	unresolved	unresolved
sub-4	02	05	sub-4/ses-02/run-05/tsv-row-19	19	right_hand	2	135.58	5.0	33895	35145	sub-4/ses-02/eeg/sub-4_ses-02_task-imagery_run-05_eeg.edf	1250	True		sub-04	V	s	s	0	sub-04/ses-02/eeg/sub-04_ses-02_task-MotorImageryRest_run-05_eeg.vhdr	518d0f1e382ed4a55694bd6e495ab5dd3b70d9b655d551200158958baee47a5e	True	unresolved	unresolved
sub-4	02	05	sub-4/ses-02/run-05/tsv-row-20	20	rest	1	142.46	5.0	35615	36865	sub-4/ses-02/eeg/sub-4_ses-02_task-imagery_run-05_eeg.edf	1250	True		sub-04	V	s	s	0	sub-04/ses-02/eeg/sub-04_ses-02_task-MotorImageryRest_run-05_eeg.vhdr	518d0f1e382ed4a55694bd6e495ab5dd3b70d9b655d551200158958baee47a5e	True	unresolved	unresolved
sub-4	02	05	sub-4/ses-02/run-05/tsv-row-21	21	right_hand	2	149.356	5.0	37339	38589	sub-4/ses-02/eeg/sub-4_ses-02_task-imagery_run-05_eeg.edf	1250	True		sub-04	V	s	s	0	sub-04/ses-02/eeg/sub-04_ses-02_task-MotorImageryRest_run-05_eeg.vhdr	518d0f1e382ed4a55694bd6e495ab5dd3b70d9b655d551200158958baee47a5e	True	unresolved	unresolved
sub-4	02	05	sub-4/ses-02/run-05/tsv-row-22	22	rest	1	156.248	5.0	39062	40312	sub-4/ses-02/eeg/sub-4_ses-02_task-imagery_run-05_eeg.edf	1250	True		sub-04	V	s	s	0	sub-04/ses-02/eeg/sub-04_ses-02_task-MotorImageryRest_run-05_eeg.vhdr	518d0f1e382ed4a55694bd6e495ab5dd3b70d9b655d551200158958baee47a5e	True	unresolved	unresolved
sub-4	02	05	sub-4/ses-02/run-05/tsv-row-23	23	rest	1	163.136	5.0	40784	42034	sub-4/ses-02/eeg/sub-4_ses-02_task-imagery_run-05_eeg.edf	1250	True		sub-04	V	s	s	0	sub-04/ses-02/eeg/sub-04_ses-02_task-MotorImageryRest_run-05_eeg.vhdr	518d0f1e382ed4a55694bd6e495ab5dd3b70d9b655d551200158958baee47a5e	True	unresolved	unresolved
sub-4	02	05	sub-4/ses-02/run-05/tsv-row-24	24	right_hand	2	170.016	5.0	42504	43754	sub-4/ses-02/eeg/sub-4_ses-02_task-imagery_run-05_eeg.edf	1250	True		sub-04	V	s	s	0	sub-04/ses-02/eeg/sub-04_ses-02_task-MotorImageryRest_run-05_eeg.vhdr	518d0f1e382ed4a55694bd6e495ab5dd3b70d9b655d551200158958baee47a5e	True	unresolved	unresolved
sub-4	02	05	sub-4/ses-02/run-05/tsv-row-25	25	rest	1	176.908	5.0	44227	45477	sub-4/ses-02/eeg/sub-4_ses-02_task-imagery_run-05_eeg.edf	1250	True		sub-04	V	s	s	0	sub-04/ses-02/eeg/sub-04_ses-02_task-MotorImageryRest_run-05_eeg.vhdr	518d0f1e382ed4a55694bd6e495ab5dd3b70d9b655d551200158958baee47a5e	True	unresolved	unresolved
sub-4	02	05	sub-4/ses-02/run-05/tsv-row-26	26	right_hand	2	183.788	5.0	45947	47197	sub-4/ses-02/eeg/sub-4_ses-02_task-imagery_run-05_eeg.edf	1250	True		sub-04	V	s	s	0	sub-04/ses-02/eeg/sub-04_ses-02_task-MotorImageryRest_run-05_eeg.vhdr	518d0f1e382ed4a55694bd6e495ab5dd3b70d9b655d551200158958baee47a5e	True	unresolved	unresolved
sub-4	02	05	sub-4/ses-02/run-05/tsv-row-27	27	right_hand	2	190.676	5.0	47669	48919	sub-4/ses-02/eeg/sub-4_ses-02_task-imagery_run-05_eeg.edf	1250	True		sub-04	V	s	s	0	sub-04/ses-02/eeg/sub-04_ses-02_task-MotorImageryRest_run-05_eeg.vhdr	518d0f1e382ed4a55694bd6e495ab5dd3b70d9b655d551200158958baee47a5e	True	unresolved	unresolved
sub-4	02	05	sub-4/ses-02/run-05/tsv-row-28	28	rest	1	197.572	5.0	49393	50643	sub-4/ses-02/eeg/sub-4_ses-02_task-imagery_run-05_eeg.edf	1250	True		sub-04	V	s	s	0	sub-04/ses-02/eeg/sub-04_ses-02_task-MotorImageryRest_run-05_eeg.vhdr	518d0f1e382ed4a55694bd6e495ab5dd3b70d9b655d551200158958baee47a5e	True	unresolved	unresolved
sub-4	02	05	sub-4/ses-02/run-05/tsv-row-29	29	right_hand	2	204.448	5.0	51112	52362	sub-4/ses-02/eeg/sub-4_ses-02_task-imagery_run-05_eeg.edf	1250	True		sub-04	V	s	s	0	sub-04/ses-02/eeg/sub-04_ses-02_task-MotorImageryRest_run-05_eeg.vhdr	518d0f1e382ed4a55694bd6e495ab5dd3b70d9b655d551200158958baee47a5e	True	unresolved	unresolved
sub-4	02	05	sub-4/ses-02/run-05/tsv-row-30	30	rest	1	211.36	5.0	52840	54090	sub-4/ses-02/eeg/sub-4_ses-02_task-imagery_run-05_eeg.edf	1250	True		sub-04	V	s	s	0	sub-04/ses-02/eeg/sub-04_ses-02_task-MotorImageryRest_run-05_eeg.vhdr	518d0f1e382ed4a55694bd6e495ab5dd3b70d9b655d551200158958baee47a5e	True	unresolved	unresolved
sub-4	02	05	sub-4/ses-02/run-05/tsv-row-31	31	rest	1	218.248	5.0	54562	55812	sub-4/ses-02/eeg/sub-4_ses-02_task-imagery_run-05_eeg.edf	1250	True		sub-04	V	s	s	0	sub-04/ses-02/eeg/sub-04_ses-02_task-MotorImageryRest_run-05_eeg.vhdr	518d0f1e382ed4a55694bd6e495ab5dd3b70d9b655d551200158958baee47a5e	True	unresolved	unresolved
sub-4	02	05	sub-4/ses-02/run-05/tsv-row-32	32	right_hand	2	225.108	5.0	56277	57527	sub-4/ses-02/eeg/sub-4_ses-02_task-imagery_run-05_eeg.edf	1250	True		sub-04	V	s	s	0	sub-04/ses-02/eeg/sub-04_ses-02_task-MotorImageryRest_run-05_eeg.vhdr	518d0f1e382ed4a55694bd6e495ab5dd3b70d9b655d551200158958baee47a5e	True	unresolved	unresolved
sub-4	02	06	sub-4/ses-02/run-06/tsv-row-1	1	rest	1	10.796	5.0	2699	3949	sub-4/ses-02/eeg/sub-4_ses-02_task-imagery_run-06_eeg.edf	1250	True		sub-04	V	s	s	0	sub-04/ses-02/eeg/sub-04_ses-02_task-MotorImageryRest_run-06_eeg.vhdr	1957918799fac37520a7274d3b0ad6500f35d35392a28ab187e362faf4475b6b	True	unresolved	unresolved
sub-4	02	06	sub-4/ses-02/run-06/tsv-row-2	2	right_hand	2	17.696	5.0	4424	5674	sub-4/ses-02/eeg/sub-4_ses-02_task-imagery_run-06_eeg.edf	1250	True		sub-04	V	s	s	0	sub-04/ses-02/eeg/sub-04_ses-02_task-MotorImageryRest_run-06_eeg.vhdr	1957918799fac37520a7274d3b0ad6500f35d35392a28ab187e362faf4475b6b	True	unresolved	unresolved
sub-4	02	06	sub-4/ses-02/run-06/tsv-row-3	3	rest	1	24.592	5.0	6148	7398	sub-4/ses-02/eeg/sub-4_ses-02_task-imagery_run-06_eeg.edf	1250	True		sub-04	V	s	s	0	sub-04/ses-02/eeg/sub-04_ses-02_task-MotorImageryRest_run-06_eeg.vhdr	1957918799fac37520a7274d3b0ad6500f35d35392a28ab187e362faf4475b6b	True	unresolved	unresolved
sub-4	02	06	sub-4/ses-02/run-06/tsv-row-4	4	right_hand	2	31.472	5.0	7868	9118	sub-4/ses-02/eeg/sub-4_ses-02_task-imagery_run-06_eeg.edf	1250	True		sub-04	V	s	s	0	sub-04/ses-02/eeg/sub-04_ses-02_task-MotorImageryRest_run-06_eeg.vhdr	1957918799fac37520a7274d3b0ad6500f35d35392a28ab187e362faf4475b6b	True	unresolved	unresolved
sub-4	02	06	sub-4/ses-02/run-06/tsv-row-5	5	right_hand	2	38.376	5.0	9594	10844	sub-4/ses-02/eeg/sub-4_ses-02_task-imagery_run-06_eeg.edf	1250	True		sub-04	V	s	s	0	sub-04/ses-02/eeg/sub-04_ses-02_task-MotorImageryRest_run-06_eeg.vhdr	1957918799fac37520a7274d3b0ad6500f35d35392a28ab187e362faf4475b6b	True	unresolved	unresolved
sub-4	02	06	sub-4/ses-02/run-06/tsv-row-6	6	rest	1	45.252	5.0	11313	12563	sub-4/ses-02/eeg/sub-4_ses-02_task-imagery_run-06_eeg.edf	1250	True		sub-04	V	s	s	0	sub-04/ses-02/eeg/sub-04_ses-02_task-MotorImageryRest_run-06_eeg.vhdr	1957918799fac37520a7274d3b0ad6500f35d35392a28ab187e362faf4475b6b	True	unresolved	unresolved
sub-4	02	06	sub-4/ses-02/run-06/tsv-row-7	7	rest	1	52.156	5.0	13039	14289	sub-4/ses-02/eeg/sub-4_ses-02_task-imagery_run-06_eeg.edf	1250	True		sub-04	V	s	s	0	sub-04/ses-02/eeg/sub-04_ses-02_task-MotorImageryRest_run-06_eeg.vhdr	1957918799fac37520a7274d3b0ad6500f35d35392a28ab187e362faf4475b6b	True	unresolved	unresolved
sub-4	02	06	sub-4/ses-02/run-06/tsv-row-8	8	right_hand	2	59.036	5.0	14759	16009	sub-4/ses-02/eeg/sub-4_ses-02_task-imagery_run-06_eeg.edf	1250	True		sub-04	V	s	s	0	sub-04/ses-02/eeg/sub-04_ses-02_task-MotorImageryRest_run-06_eeg.vhdr	1957918799fac37520a7274d3b0ad6500f35d35392a28ab187e362faf4475b6b	True	unresolved	unresolved
sub-4	02	06	sub-4/ses-02/run-06/tsv-row-9	9	rest	1	65.912	5.0	16478	17728	sub-4/ses-02/eeg/sub-4_ses-02_task-imagery_run-06_eeg.edf	1250	True		sub-04	V	s	s	0	sub-04/ses-02/eeg/sub-04_ses-02_task-MotorImageryRest_run-06_eeg.vhdr	1957918799fac37520a7274d3b0ad6500f35d35392a28ab187e362faf4475b6b	True	unresolved	unresolved
sub-4	02	06	sub-4/ses-02/run-06/tsv-row-10	10	right_hand	2	72.792	5.0	18198	19448	sub-4/ses-02/eeg/sub-4_ses-02_task-imagery_run-06_eeg.edf	1250	True		sub-04	V	s	s	0	sub-04/ses-02/eeg/sub-04_ses-02_task-MotorImageryRest_run-06_eeg.vhdr	1957918799fac37520a7274d3b0ad6500f35d35392a28ab187e362faf4475b6b	True	unresolved	unresolved
sub-4	02	06	sub-4/ses-02/run-06/tsv-row-11	11	right_hand	2	79.696	5.0	19924	21174	sub-4/ses-02/eeg/sub-4_ses-02_task-imagery_run-06_eeg.edf	1250	True		sub-04	V	s	s	0	sub-04/ses-02/eeg/sub-04_ses-02_task-MotorImageryRest_run-06_eeg.vhdr	1957918799fac37520a7274d3b0ad6500f35d35392a28ab187e362faf4475b6b	True	unresolved	unresolved
sub-4	02	06	sub-4/ses-02/run-06/tsv-row-12	12	rest	1	86.588	5.0	21647	22897	sub-4/ses-02/eeg/sub-4_ses-02_task-imagery_run-06_eeg.edf	1250	True		sub-04	V	s	s	0	sub-04/ses-02/eeg/sub-04_ses-02_task-MotorImageryRest_run-06_eeg.vhdr	1957918799fac37520a7274d3b0ad6500f35d35392a28ab187e362faf4475b6b	True	unresolved	unresolved
sub-4	02	06	sub-4/ses-02/run-06/tsv-row-13	13	right_hand	2	93.452	5.0	23363	24613	sub-4/ses-02/eeg/sub-4_ses-02_task-imagery_run-06_eeg.edf	1250	True		sub-04	V	s	s	0	sub-04/ses-02/eeg/sub-04_ses-02_task-MotorImageryRest_run-06_eeg.vhdr	1957918799fac37520a7274d3b0ad6500f35d35392a28ab187e362faf4475b6b	True	unresolved	unresolved
sub-4	02	06	sub-4/ses-02/run-06/tsv-row-14	14	rest	1	100.364	5.0	25091	26341	sub-4/ses-02/eeg/sub-4_ses-02_task-imagery_run-06_eeg.edf	1250	True		sub-04	V	s	s	0	sub-04/ses-02/eeg/sub-04_ses-02_task-MotorImageryRest_run-06_eeg.vhdr	1957918799fac37520a7274d3b0ad6500f35d35392a28ab187e362faf4475b6b	True	unresolved	unresolved
sub-4	02	06	sub-4/ses-02/run-06/tsv-row-15	15	rest	1	107.252	5.0	26813	28063	sub-4/ses-02/eeg/sub-4_ses-02_task-imagery_run-06_eeg.edf	1250	True		sub-04	V	s	s	0	sub-04/ses-02/eeg/sub-04_ses-02_task-MotorImageryRest_run-06_eeg.vhdr	1957918799fac37520a7274d3b0ad6500f35d35392a28ab187e362faf4475b6b	True	unresolved	unresolved
sub-4	02	06	sub-4/ses-02/run-06/tsv-row-16	16	right_hand	2	114.128	5.0	28532	29782	sub-4/ses-02/eeg/sub-4_ses-02_task-imagery_run-06_eeg.edf	1250	True		sub-04	V	s	s	0	sub-04/ses-02/eeg/sub-04_ses-02_task-MotorImageryRest_run-06_eeg.vhdr	1957918799fac37520a7274d3b0ad6500f35d35392a28ab187e362faf4475b6b	True	unresolved	unresolved
sub-4	02	06	sub-4/ses-02/run-06/tsv-row-17	17	rest	1	121.024	5.0	30256	31506	sub-4/ses-02/eeg/sub-4_ses-02_task-imagery_run-06_eeg.edf	1250	True		sub-04	V	s	s	0	sub-04/ses-02/eeg/sub-04_ses-02_task-MotorImageryRest_run-06_eeg.vhdr	1957918799fac37520a7274d3b0ad6500f35d35392a28ab187e362faf4475b6b	True	unresolved	unresolved
sub-4	02	06	sub-4/ses-02/run-06/tsv-row-18	18	right_hand	2	127.904	5.0	31976	33226	sub-4/ses-02/eeg/sub-4_ses-02_task-imagery_run-06_eeg.edf	1250	True		sub-04	V	s	s	0	sub-04/ses-02/eeg/sub-04_ses-02_task-MotorImageryRest_run-06_eeg.vhdr	1957918799fac37520a7274d3b0ad6500f35d35392a28ab187e362faf4475b6b	True	unresolved	unresolved
sub-4	02	06	sub-4/ses-02/run-06/tsv-row-19	19	rest	1	134.796	5.0	33699	34949	sub-4/ses-02/eeg/sub-4_ses-02_task-imagery_run-06_eeg.edf	1250	True		sub-04	V	s	s	0	sub-04/ses-02/eeg/sub-04_ses-02_task-MotorImageryRest_run-06_eeg.vhdr	1957918799fac37520a7274d3b0ad6500f35d35392a28ab187e362faf4475b6b	True	unresolved	unresolved
sub-4	02	06	sub-4/ses-02/run-06/tsv-row-20	20	right_hand	2	141.692	5.0	35423	36673	sub-4/ses-02/eeg/sub-4_ses-02_task-imagery_run-06_eeg.edf	1250	True		sub-04	V	s	s	0	sub-04/ses-02/eeg/sub-04_ses-02_task-MotorImageryRest_run-06_eeg.vhdr	1957918799fac37520a7274d3b0ad6500f35d35392a28ab187e362faf4475b6b	True	unresolved	unresolved
sub-4	02	06	sub-4/ses-02/run-06/tsv-row-21	21	rest	1	148.572	5.0	37143	38393	sub-4/ses-02/eeg/sub-4_ses-02_task-imagery_run-06_eeg.edf	1250	True		sub-04	V	s	s	0	sub-04/ses-02/eeg/sub-04_ses-02_task-MotorImageryRest_run-06_eeg.vhdr	1957918799fac37520a7274d3b0ad6500f35d35392a28ab187e362faf4475b6b	True	unresolved	unresolved
sub-4	02	06	sub-4/ses-02/run-06/tsv-row-22	22	right_hand	2	155.452	5.0	38863	40113	sub-4/ses-02/eeg/sub-4_ses-02_task-imagery_run-06_eeg.edf	1250	True		sub-04	V	s	s	0	sub-04/ses-02/eeg/sub-04_ses-02_task-MotorImageryRest_run-06_eeg.vhdr	1957918799fac37520a7274d3b0ad6500f35d35392a28ab187e362faf4475b6b	True	unresolved	unresolved
sub-4	02	06	sub-4/ses-02/run-06/tsv-row-23	23	rest	1	162.36	5.0	40590	41840	sub-4/ses-02/eeg/sub-4_ses-02_task-imagery_run-06_eeg.edf	1250	True		sub-04	V	s	s	0	sub-04/ses-02/eeg/sub-04_ses-02_task-MotorImageryRest_run-06_eeg.vhdr	1957918799fac37520a7274d3b0ad6500f35d35392a28ab187e362faf4475b6b	True	unresolved	unresolved
sub-4	02	06	sub-4/ses-02/run-06/tsv-row-24	24	right_hand	2	169.24	5.0	42310	43560	sub-4/ses-02/eeg/sub-4_ses-02_task-imagery_run-06_eeg.edf	1250	True		sub-04	V	s	s	0	sub-04/ses-02/eeg/sub-04_ses-02_task-MotorImageryRest_run-06_eeg.vhdr	1957918799fac37520a7274d3b0ad6500f35d35392a28ab187e362faf4475b6b	True	unresolved	unresolved
sub-4	02	06	sub-4/ses-02/run-06/tsv-row-25	25	rest	1	176.116	5.0	44029	45279	sub-4/ses-02/eeg/sub-4_ses-02_task-imagery_run-06_eeg.edf	1250	True		sub-04	V	s	s	0	sub-04/ses-02/eeg/sub-04_ses-02_task-MotorImageryRest_run-06_eeg.vhdr	1957918799fac37520a7274d3b0ad6500f35d35392a28ab187e362faf4475b6b	True	unresolved	unresolved
sub-4	02	06	sub-4/ses-02/run-06/tsv-row-26	26	right_hand	2	182.996	5.0	45749	46999	sub-4/ses-02/eeg/sub-4_ses-02_task-imagery_run-06_eeg.edf	1250	True		sub-04	V	s	s	0	sub-04/ses-02/eeg/sub-04_ses-02_task-MotorImageryRest_run-06_eeg.vhdr	1957918799fac37520a7274d3b0ad6500f35d35392a28ab187e362faf4475b6b	True	unresolved	unresolved
sub-4	02	06	sub-4/ses-02/run-06/tsv-row-27	27	right_hand	2	189.9	5.0	47475	48725	sub-4/ses-02/eeg/sub-4_ses-02_task-imagery_run-06_eeg.edf	1250	True		sub-04	V	s	s	0	sub-04/ses-02/eeg/sub-04_ses-02_task-MotorImageryRest_run-06_eeg.vhdr	1957918799fac37520a7274d3b0ad6500f35d35392a28ab187e362faf4475b6b	True	unresolved	unresolved
sub-4	02	06	sub-4/ses-02/run-06/tsv-row-28	28	rest	1	196.796	5.0	49199	50449	sub-4/ses-02/eeg/sub-4_ses-02_task-imagery_run-06_eeg.edf	1250	True		sub-04	V	s	s	0	sub-04/ses-02/eeg/sub-04_ses-02_task-MotorImageryRest_run-06_eeg.vhdr	1957918799fac37520a7274d3b0ad6500f35d35392a28ab187e362faf4475b6b	True	unresolved	unresolved
sub-4	02	06	sub-4/ses-02/run-06/tsv-row-29	29	rest	1	203.664	5.0	50916	52166	sub-4/ses-02/eeg/sub-4_ses-02_task-imagery_run-06_eeg.edf	1250	True		sub-04	V	s	s	0	sub-04/ses-02/eeg/sub-04_ses-02_task-MotorImageryRest_run-06_eeg.vhdr	1957918799fac37520a7274d3b0ad6500f35d35392a28ab187e362faf4475b6b	True	unresolved	unresolved
sub-4	02	06	sub-4/ses-02/run-06/tsv-row-30	30	right_hand	2	210.56	5.0	52640	53890	sub-4/ses-02/eeg/sub-4_ses-02_task-imagery_run-06_eeg.edf	1250	True		sub-04	V	s	s	0	sub-04/ses-02/eeg/sub-04_ses-02_task-MotorImageryRest_run-06_eeg.vhdr	1957918799fac37520a7274d3b0ad6500f35d35392a28ab187e362faf4475b6b	True	unresolved	unresolved
sub-4	02	06	sub-4/ses-02/run-06/tsv-row-31	31	right_hand	2	217.448	5.0	54362	55612	sub-4/ses-02/eeg/sub-4_ses-02_task-imagery_run-06_eeg.edf	1250	True		sub-04	V	s	s	0	sub-04/ses-02/eeg/sub-04_ses-02_task-MotorImageryRest_run-06_eeg.vhdr	1957918799fac37520a7274d3b0ad6500f35d35392a28ab187e362faf4475b6b	True	unresolved	unresolved
sub-4	02	06	sub-4/ses-02/run-06/tsv-row-32	32	rest	1	224.344	5.0	56086	57336	sub-4/ses-02/eeg/sub-4_ses-02_task-imagery_run-06_eeg.edf	1250	True		sub-04	V	s	s	0	sub-04/ses-02/eeg/sub-04_ses-02_task-MotorImageryRest_run-06_eeg.vhdr	1957918799fac37520a7274d3b0ad6500f35d35392a28ab187e362faf4475b6b	True	unresolved	unresolved
sub-4	03	01	sub-4/ses-03/run-01/tsv-row-1	1	right_hand	2	7.636	5.0	1909	3159	sub-4/ses-03/eeg/sub-4_ses-03_task-imagery_run-01_eeg.edf	1250	True		sub-04	V	s	s	0	sub-04/ses-03/eeg/sub-04_ses-03_task-MotorImageryRest_run-01_eeg.vhdr	ddaa6b2cbb01c9d49d7db9fba00cf904364cc5746f1e08ea8ce17a458a9f9398	True	unresolved	unresolved
sub-4	03	01	sub-4/ses-03/run-01/tsv-row-2	2	rest	1	14.54	5.0	3635	4885	sub-4/ses-03/eeg/sub-4_ses-03_task-imagery_run-01_eeg.edf	1250	True		sub-04	V	s	s	0	sub-04/ses-03/eeg/sub-04_ses-03_task-MotorImageryRest_run-01_eeg.vhdr	ddaa6b2cbb01c9d49d7db9fba00cf904364cc5746f1e08ea8ce17a458a9f9398	True	unresolved	unresolved
sub-4	03	01	sub-4/ses-03/run-01/tsv-row-3	3	right_hand	2	21.428	5.0	5357	6607	sub-4/ses-03/eeg/sub-4_ses-03_task-imagery_run-01_eeg.edf	1250	True		sub-04	V	s	s	0	sub-04/ses-03/eeg/sub-04_ses-03_task-MotorImageryRest_run-01_eeg.vhdr	ddaa6b2cbb01c9d49d7db9fba00cf904364cc5746f1e08ea8ce17a458a9f9398	True	unresolved	unresolved
sub-4	03	01	sub-4/ses-03/run-01/tsv-row-4	4	rest	1	28.312	5.0	7078	8328	sub-4/ses-03/eeg/sub-4_ses-03_task-imagery_run-01_eeg.edf	1250	True		sub-04	V	s	s	0	sub-04/ses-03/eeg/sub-04_ses-03_task-MotorImageryRest_run-01_eeg.vhdr	ddaa6b2cbb01c9d49d7db9fba00cf904364cc5746f1e08ea8ce17a458a9f9398	True	unresolved	unresolved
sub-4	03	01	sub-4/ses-03/run-01/tsv-row-5	5	right_hand	2	35.184	5.0	8796	10046	sub-4/ses-03/eeg/sub-4_ses-03_task-imagery_run-01_eeg.edf	1250	True		sub-04	V	s	s	0	sub-04/ses-03/eeg/sub-04_ses-03_task-MotorImageryRest_run-01_eeg.vhdr	ddaa6b2cbb01c9d49d7db9fba00cf904364cc5746f1e08ea8ce17a458a9f9398	True	unresolved	unresolved
sub-4	03	01	sub-4/ses-03/run-01/tsv-row-6	6	rest	1	42.088	5.0	10522	11772	sub-4/ses-03/eeg/sub-4_ses-03_task-imagery_run-01_eeg.edf	1250	True		sub-04	V	s	s	0	sub-04/ses-03/eeg/sub-04_ses-03_task-MotorImageryRest_run-01_eeg.vhdr	ddaa6b2cbb01c9d49d7db9fba00cf904364cc5746f1e08ea8ce17a458a9f9398	True	unresolved	unresolved
sub-4	03	01	sub-4/ses-03/run-01/tsv-row-7	7	right_hand	2	48.972	5.0	12243	13493	sub-4/ses-03/eeg/sub-4_ses-03_task-imagery_run-01_eeg.edf	1250	True		sub-04	V	s	s	0	sub-04/ses-03/eeg/sub-04_ses-03_task-MotorImageryRest_run-01_eeg.vhdr	ddaa6b2cbb01c9d49d7db9fba00cf904364cc5746f1e08ea8ce17a458a9f9398	True	unresolved	unresolved
sub-4	03	01	sub-4/ses-03/run-01/tsv-row-8	8	rest	1	55.876	5.0	13969	15219	sub-4/ses-03/eeg/sub-4_ses-03_task-imagery_run-01_eeg.edf	1250	True		sub-04	V	s	s	0	sub-04/ses-03/eeg/sub-04_ses-03_task-MotorImageryRest_run-01_eeg.vhdr	ddaa6b2cbb01c9d49d7db9fba00cf904364cc5746f1e08ea8ce17a458a9f9398	True	unresolved	unresolved
sub-4	03	01	sub-4/ses-03/run-01/tsv-row-9	9	right_hand	2	62.748	5.0	15687	16937	sub-4/ses-03/eeg/sub-4_ses-03_task-imagery_run-01_eeg.edf	1250	True		sub-04	V	s	s	0	sub-04/ses-03/eeg/sub-04_ses-03_task-MotorImageryRest_run-01_eeg.vhdr	ddaa6b2cbb01c9d49d7db9fba00cf904364cc5746f1e08ea8ce17a458a9f9398	True	unresolved	unresolved
sub-4	03	01	sub-4/ses-03/run-01/tsv-row-10	10	rest	1	69.652	5.0	17413	18663	sub-4/ses-03/eeg/sub-4_ses-03_task-imagery_run-01_eeg.edf	1250	True		sub-04	V	s	s	0	sub-04/ses-03/eeg/sub-04_ses-03_task-MotorImageryRest_run-01_eeg.vhdr	ddaa6b2cbb01c9d49d7db9fba00cf904364cc5746f1e08ea8ce17a458a9f9398	True	unresolved	unresolved
sub-4	03	01	sub-4/ses-03/run-01/tsv-row-11	11	rest	1	76.556	5.0	19139	20389	sub-4/ses-03/eeg/sub-4_ses-03_task-imagery_run-01_eeg.edf	1250	True		sub-04	V	s	s	0	sub-04/ses-03/eeg/sub-04_ses-03_task-MotorImageryRest_run-01_eeg.vhdr	ddaa6b2cbb01c9d49d7db9fba00cf904364cc5746f1e08ea8ce17a458a9f9398	True	unresolved	unresolved
sub-4	03	01	sub-4/ses-03/run-01/tsv-row-12	12	right_hand	2	83.424	5.0	20856	22106	sub-4/ses-03/eeg/sub-4_ses-03_task-imagery_run-01_eeg.edf	1250	True		sub-04	V	s	s	0	sub-04/ses-03/eeg/sub-04_ses-03_task-MotorImageryRest_run-01_eeg.vhdr	ddaa6b2cbb01c9d49d7db9fba00cf904364cc5746f1e08ea8ce17a458a9f9398	True	unresolved	unresolved
sub-4	03	01	sub-4/ses-03/run-01/tsv-row-13	13	rest	1	90.312	5.0	22578	23828	sub-4/ses-03/eeg/sub-4_ses-03_task-imagery_run-01_eeg.edf	1250	True		sub-04	V	s	s	0	sub-04/ses-03/eeg/sub-04_ses-03_task-MotorImageryRest_run-01_eeg.vhdr	ddaa6b2cbb01c9d49d7db9fba00cf904364cc5746f1e08ea8ce17a458a9f9398	True	unresolved	unresolved
sub-4	03	01	sub-4/ses-03/run-01/tsv-row-14	14	right_hand	2	97.18	5.0	24295	25545	sub-4/ses-03/eeg/sub-4_ses-03_task-imagery_run-01_eeg.edf	1250	True		sub-04	V	s	s	0	sub-04/ses-03/eeg/sub-04_ses-03_task-MotorImageryRest_run-01_eeg.vhdr	ddaa6b2cbb01c9d49d7db9fba00cf904364cc5746f1e08ea8ce17a458a9f9398	True	unresolved	unresolved
sub-4	03	01	sub-4/ses-03/run-01/tsv-row-15	15	right_hand	2	104.084	5.0	26021	27271	sub-4/ses-03/eeg/sub-4_ses-03_task-imagery_run-01_eeg.edf	1250	True		sub-04	V	s	s	0	sub-04/ses-03/eeg/sub-04_ses-03_task-MotorImageryRest_run-01_eeg.vhdr	ddaa6b2cbb01c9d49d7db9fba00cf904364cc5746f1e08ea8ce17a458a9f9398	True	unresolved	unresolved
sub-4	03	01	sub-4/ses-03/run-01/tsv-row-16	16	rest	1	110.972	5.0	27743	28993	sub-4/ses-03/eeg/sub-4_ses-03_task-imagery_run-01_eeg.edf	1250	True		sub-04	V	s	s	0	sub-04/ses-03/eeg/sub-04_ses-03_task-MotorImageryRest_run-01_eeg.vhdr	ddaa6b2cbb01c9d49d7db9fba00cf904364cc5746f1e08ea8ce17a458a9f9398	True	unresolved	unresolved
sub-4	03	01	sub-4/ses-03/run-01/tsv-row-17	17	rest	1	117.876	5.0	29469	30719	sub-4/ses-03/eeg/sub-4_ses-03_task-imagery_run-01_eeg.edf	1250	True		sub-04	V	s	s	0	sub-04/ses-03/eeg/sub-04_ses-03_task-MotorImageryRest_run-01_eeg.vhdr	ddaa6b2cbb01c9d49d7db9fba00cf904364cc5746f1e08ea8ce17a458a9f9398	True	unresolved	unresolved
sub-4	03	01	sub-4/ses-03/run-01/tsv-row-18	18	right_hand	2	124.744	5.0	31186	32436	sub-4/ses-03/eeg/sub-4_ses-03_task-imagery_run-01_eeg.edf	1250	True		sub-04	V	s	s	0	sub-04/ses-03/eeg/sub-04_ses-03_task-MotorImageryRest_run-01_eeg.vhdr	ddaa6b2cbb01c9d49d7db9fba00cf904364cc5746f1e08ea8ce17a458a9f9398	True	unresolved	unresolved
sub-4	03	01	sub-4/ses-03/run-01/tsv-row-19	19	rest	1	131.632	5.0	32908	34158	sub-4/ses-03/eeg/sub-4_ses-03_task-imagery_run-01_eeg.edf	1250	True		sub-04	V	s	s	0	sub-04/ses-03/eeg/sub-04_ses-03_task-MotorImageryRest_run-01_eeg.vhdr	ddaa6b2cbb01c9d49d7db9fba00cf904364cc5746f1e08ea8ce17a458a9f9398	True	unresolved	unresolved
sub-4	03	01	sub-4/ses-03/run-01/tsv-row-20	20	right_hand	2	138.504	5.0	34626	35876	sub-4/ses-03/eeg/sub-4_ses-03_task-imagery_run-01_eeg.edf	1250	True		sub-04	V	s	s	0	sub-04/ses-03/eeg/sub-04_ses-03_task-MotorImageryRest_run-01_eeg.vhdr	ddaa6b2cbb01c9d49d7db9fba00cf904364cc5746f1e08ea8ce17a458a9f9398	True	unresolved	unresolved
sub-4	03	01	sub-4/ses-03/run-01/tsv-row-21	21	rest	1	145.404	5.0	36351	37601	sub-4/ses-03/eeg/sub-4_ses-03_task-imagery_run-01_eeg.edf	1250	True		sub-04	V	s	s	0	sub-04/ses-03/eeg/sub-04_ses-03_task-MotorImageryRest_run-01_eeg.vhdr	ddaa6b2cbb01c9d49d7db9fba00cf904364cc5746f1e08ea8ce17a458a9f9398	True	unresolved	unresolved
sub-4	03	01	sub-4/ses-03/run-01/tsv-row-22	22	right_hand	2	152.276	5.0	38069	39319	sub-4/ses-03/eeg/sub-4_ses-03_task-imagery_run-01_eeg.edf	1250	True		sub-04	V	s	s	0	sub-04/ses-03/eeg/sub-04_ses-03_task-MotorImageryRest_run-01_eeg.vhdr	ddaa6b2cbb01c9d49d7db9fba00cf904364cc5746f1e08ea8ce17a458a9f9398	True	unresolved	unresolved
sub-4	03	01	sub-4/ses-03/run-01/tsv-row-23	23	right_hand	2	159.18	5.0	39795	41045	sub-4/ses-03/eeg/sub-4_ses-03_task-imagery_run-01_eeg.edf	1250	True		sub-04	V	s	s	0	sub-04/ses-03/eeg/sub-04_ses-03_task-MotorImageryRest_run-01_eeg.vhdr	ddaa6b2cbb01c9d49d7db9fba00cf904364cc5746f1e08ea8ce17a458a9f9398	True	unresolved	unresolved
sub-4	03	01	sub-4/ses-03/run-01/tsv-row-24	24	rest	1	166.084	5.0	41521	42771	sub-4/ses-03/eeg/sub-4_ses-03_task-imagery_run-01_eeg.edf	1250	True		sub-04	V	s	s	0	sub-04/ses-03/eeg/sub-04_ses-03_task-MotorImageryRest_run-01_eeg.vhdr	ddaa6b2cbb01c9d49d7db9fba00cf904364cc5746f1e08ea8ce17a458a9f9398	True	unresolved	unresolved
sub-4	03	01	sub-4/ses-03/run-01/tsv-row-25	25	rest	1	172.976	5.0	43244	44494	sub-4/ses-03/eeg/sub-4_ses-03_task-imagery_run-01_eeg.edf	1250	True		sub-04	V	s	s	0	sub-04/ses-03/eeg/sub-04_ses-03_task-MotorImageryRest_run-01_eeg.vhdr	ddaa6b2cbb01c9d49d7db9fba00cf904364cc5746f1e08ea8ce17a458a9f9398	True	unresolved	unresolved
sub-4	03	01	sub-4/ses-03/run-01/tsv-row-26	26	right_hand	2	179.84	5.0	44960	46210	sub-4/ses-03/eeg/sub-4_ses-03_task-imagery_run-01_eeg.edf	1250	True		sub-04	V	s	s	0	sub-04/ses-03/eeg/sub-04_ses-03_task-MotorImageryRest_run-01_eeg.vhdr	ddaa6b2cbb01c9d49d7db9fba00cf904364cc5746f1e08ea8ce17a458a9f9398	True	unresolved	unresolved
sub-4	03	01	sub-4/ses-03/run-01/tsv-row-27	27	rest	1	186.744	5.0	46686	47936	sub-4/ses-03/eeg/sub-4_ses-03_task-imagery_run-01_eeg.edf	1250	True		sub-04	V	s	s	0	sub-04/ses-03/eeg/sub-04_ses-03_task-MotorImageryRest_run-01_eeg.vhdr	ddaa6b2cbb01c9d49d7db9fba00cf904364cc5746f1e08ea8ce17a458a9f9398	True	unresolved	unresolved
sub-4	03	01	sub-4/ses-03/run-01/tsv-row-28	28	right_hand	2	193.612	5.0	48403	49653	sub-4/ses-03/eeg/sub-4_ses-03_task-imagery_run-01_eeg.edf	1250	True		sub-04	V	s	s	0	sub-04/ses-03/eeg/sub-04_ses-03_task-MotorImageryRest_run-01_eeg.vhdr	ddaa6b2cbb01c9d49d7db9fba00cf904364cc5746f1e08ea8ce17a458a9f9398	True	unresolved	unresolved
sub-4	03	01	sub-4/ses-03/run-01/tsv-row-29	29	rest	1	200.516	5.0	50129	51379	sub-4/ses-03/eeg/sub-4_ses-03_task-imagery_run-01_eeg.edf	1250	True		sub-04	V	s	s	0	sub-04/ses-03/eeg/sub-04_ses-03_task-MotorImageryRest_run-01_eeg.vhdr	ddaa6b2cbb01c9d49d7db9fba00cf904364cc5746f1e08ea8ce17a458a9f9398	True	unresolved	unresolved
sub-4	03	01	sub-4/ses-03/run-01/tsv-row-30	30	right_hand	2	207.388	5.0	51847	53097	sub-4/ses-03/eeg/sub-4_ses-03_task-imagery_run-01_eeg.edf	1250	True		sub-04	V	s	s	0	sub-04/ses-03/eeg/sub-04_ses-03_task-MotorImageryRest_run-01_eeg.vhdr	ddaa6b2cbb01c9d49d7db9fba00cf904364cc5746f1e08ea8ce17a458a9f9398	True	unresolved	unresolved
sub-4	03	01	sub-4/ses-03/run-01/tsv-row-31	31	rest	1	214.292	5.0	53573	54823	sub-4/ses-03/eeg/sub-4_ses-03_task-imagery_run-01_eeg.edf	1250	True		sub-04	V	s	s	0	sub-04/ses-03/eeg/sub-04_ses-03_task-MotorImageryRest_run-01_eeg.vhdr	ddaa6b2cbb01c9d49d7db9fba00cf904364cc5746f1e08ea8ce17a458a9f9398	True	unresolved	unresolved
sub-4	03	01	sub-4/ses-03/run-01/tsv-row-32	32	right_hand	2	221.16	5.0	55290	56540	sub-4/ses-03/eeg/sub-4_ses-03_task-imagery_run-01_eeg.edf	1250	True		sub-04	V	s	s	0	sub-04/ses-03/eeg/sub-04_ses-03_task-MotorImageryRest_run-01_eeg.vhdr	ddaa6b2cbb01c9d49d7db9fba00cf904364cc5746f1e08ea8ce17a458a9f9398	True	unresolved	unresolved
sub-4	03	02	sub-4/ses-03/run-02/tsv-row-1	1	rest	1	37.384	5.0	9346	10596	sub-4/ses-03/eeg/sub-4_ses-03_task-imagery_run-02_eeg.edf	1250	True		sub-04	V	s	s	0	sub-04/ses-03/eeg/sub-04_ses-03_task-MotorImageryRest_run-02_eeg.vhdr	bbabf3f0cf9228e10c177b2a02f236475d82e651986c99f6169889e5df94a985	True	unresolved	unresolved
sub-4	03	02	sub-4/ses-03/run-02/tsv-row-2	2	right_hand	2	44.256	5.0	11064	12314	sub-4/ses-03/eeg/sub-4_ses-03_task-imagery_run-02_eeg.edf	1250	True		sub-04	V	s	s	0	sub-04/ses-03/eeg/sub-04_ses-03_task-MotorImageryRest_run-02_eeg.vhdr	bbabf3f0cf9228e10c177b2a02f236475d82e651986c99f6169889e5df94a985	True	unresolved	unresolved
sub-4	03	02	sub-4/ses-03/run-02/tsv-row-3	3	rest	1	51.164	5.0	12791	14041	sub-4/ses-03/eeg/sub-4_ses-03_task-imagery_run-02_eeg.edf	1250	True		sub-04	V	s	s	0	sub-04/ses-03/eeg/sub-04_ses-03_task-MotorImageryRest_run-02_eeg.vhdr	bbabf3f0cf9228e10c177b2a02f236475d82e651986c99f6169889e5df94a985	True	unresolved	unresolved
sub-4	03	02	sub-4/ses-03/run-02/tsv-row-4	4	right_hand	2	58.044	5.0	14511	15761	sub-4/ses-03/eeg/sub-4_ses-03_task-imagery_run-02_eeg.edf	1250	True		sub-04	V	s	s	0	sub-04/ses-03/eeg/sub-04_ses-03_task-MotorImageryRest_run-02_eeg.vhdr	bbabf3f0cf9228e10c177b2a02f236475d82e651986c99f6169889e5df94a985	True	unresolved	unresolved
sub-4	03	02	sub-4/ses-03/run-02/tsv-row-5	5	rest	1	64.948	5.0	16237	17487	sub-4/ses-03/eeg/sub-4_ses-03_task-imagery_run-02_eeg.edf	1250	True		sub-04	V	s	s	0	sub-04/ses-03/eeg/sub-04_ses-03_task-MotorImageryRest_run-02_eeg.vhdr	bbabf3f0cf9228e10c177b2a02f236475d82e651986c99f6169889e5df94a985	True	unresolved	unresolved
sub-4	03	02	sub-4/ses-03/run-02/tsv-row-6	6	right_hand	2	71.82	5.0	17955	19205	sub-4/ses-03/eeg/sub-4_ses-03_task-imagery_run-02_eeg.edf	1250	True		sub-04	V	s	s	0	sub-04/ses-03/eeg/sub-04_ses-03_task-MotorImageryRest_run-02_eeg.vhdr	bbabf3f0cf9228e10c177b2a02f236475d82e651986c99f6169889e5df94a985	True	unresolved	unresolved
sub-4	03	02	sub-4/ses-03/run-02/tsv-row-7	7	right_hand	2	78.72	5.0	19680	20930	sub-4/ses-03/eeg/sub-4_ses-03_task-imagery_run-02_eeg.edf	1250	True		sub-04	V	s	s	0	sub-04/ses-03/eeg/sub-04_ses-03_task-MotorImageryRest_run-02_eeg.vhdr	bbabf3f0cf9228e10c177b2a02f236475d82e651986c99f6169889e5df94a985	True	unresolved	unresolved
sub-4	03	02	sub-4/ses-03/run-02/tsv-row-8	8	rest	1	85.616	5.0	21404	22654	sub-4/ses-03/eeg/sub-4_ses-03_task-imagery_run-02_eeg.edf	1250	True		sub-04	V	s	s	0	sub-04/ses-03/eeg/sub-04_ses-03_task-MotorImageryRest_run-02_eeg.vhdr	bbabf3f0cf9228e10c177b2a02f236475d82e651986c99f6169889e5df94a985	True	unresolved	unresolved
sub-4	03	02	sub-4/ses-03/run-02/tsv-row-9	9	right_hand	2	92.48	5.0	23120	24370	sub-4/ses-03/eeg/sub-4_ses-03_task-imagery_run-02_eeg.edf	1250	True		sub-04	V	s	s	0	sub-04/ses-03/eeg/sub-04_ses-03_task-MotorImageryRest_run-02_eeg.vhdr	bbabf3f0cf9228e10c177b2a02f236475d82e651986c99f6169889e5df94a985	True	unresolved	unresolved
sub-4	03	02	sub-4/ses-03/run-02/tsv-row-10	10	rest	1	99.384	5.0	24846	26096	sub-4/ses-03/eeg/sub-4_ses-03_task-imagery_run-02_eeg.edf	1250	True		sub-04	V	s	s	0	sub-04/ses-03/eeg/sub-04_ses-03_task-MotorImageryRest_run-02_eeg.vhdr	bbabf3f0cf9228e10c177b2a02f236475d82e651986c99f6169889e5df94a985	True	unresolved	unresolved
sub-4	03	02	sub-4/ses-03/run-02/tsv-row-11	11	right_hand	2	106.252	5.0	26563	27813	sub-4/ses-03/eeg/sub-4_ses-03_task-imagery_run-02_eeg.edf	1250	True		sub-04	V	s	s	0	sub-04/ses-03/eeg/sub-04_ses-03_task-MotorImageryRest_run-02_eeg.vhdr	bbabf3f0cf9228e10c177b2a02f236475d82e651986c99f6169889e5df94a985	True	unresolved	unresolved
sub-4	03	02	sub-4/ses-03/run-02/tsv-row-12	12	rest	1	113.156	5.0	28289	29539	sub-4/ses-03/eeg/sub-4_ses-03_task-imagery_run-02_eeg.edf	1250	True		sub-04	V	s	s	0	sub-04/ses-03/eeg/sub-04_ses-03_task-MotorImageryRest_run-02_eeg.vhdr	bbabf3f0cf9228e10c177b2a02f236475d82e651986c99f6169889e5df94a985	True	unresolved	unresolved
sub-4	03	02	sub-4/ses-03/run-02/tsv-row-13	13	right_hand	2	120.028	5.0	30007	31257	sub-4/ses-03/eeg/sub-4_ses-03_task-imagery_run-02_eeg.edf	1250	True		sub-04	V	s	s	0	sub-04/ses-03/eeg/sub-04_ses-03_task-MotorImageryRest_run-02_eeg.vhdr	bbabf3f0cf9228e10c177b2a02f236475d82e651986c99f6169889e5df94a985	True	unresolved	unresolved
sub-4	03	02	sub-4/ses-03/run-02/tsv-row-14	14	rest	1	126.936	5.0	31734	32984	sub-4/ses-03/eeg/sub-4_ses-03_task-imagery_run-02_eeg.edf	1250	True		sub-04	V	s	s	0	sub-04/ses-03/eeg/sub-04_ses-03_task-MotorImageryRest_run-02_eeg.vhdr	bbabf3f0cf9228e10c177b2a02f236475d82e651986c99f6169889e5df94a985	True	unresolved	unresolved
sub-4	03	02	sub-4/ses-03/run-02/tsv-row-15	15	rest	1	133.84	5.0	33460	34710	sub-4/ses-03/eeg/sub-4_ses-03_task-imagery_run-02_eeg.edf	1250	True		sub-04	V	s	s	0	sub-04/ses-03/eeg/sub-04_ses-03_task-MotorImageryRest_run-02_eeg.vhdr	bbabf3f0cf9228e10c177b2a02f236475d82e651986c99f6169889e5df94a985	True	unresolved	unresolved
sub-4	03	02	sub-4/ses-03/run-02/tsv-row-16	16	right_hand	2	140.688	5.0	35172	36422	sub-4/ses-03/eeg/sub-4_ses-03_task-imagery_run-02_eeg.edf	1250	True		sub-04	V	s	s	0	sub-04/ses-03/eeg/sub-04_ses-03_task-MotorImageryRest_run-02_eeg.vhdr	bbabf3f0cf9228e10c177b2a02f236475d82e651986c99f6169889e5df94a985	True	unresolved	unresolved
sub-4	03	02	sub-4/ses-03/run-02/tsv-row-17	17	right_hand	2	147.588	5.0	36897	38147	sub-4/ses-03/eeg/sub-4_ses-03_task-imagery_run-02_eeg.edf	1250	True		sub-04	V	s	s	0	sub-04/ses-03/eeg/sub-04_ses-03_task-MotorImageryRest_run-02_eeg.vhdr	bbabf3f0cf9228e10c177b2a02f236475d82e651986c99f6169889e5df94a985	True	unresolved	unresolved
sub-4	03	02	sub-4/ses-03/run-02/tsv-row-18	18	rest	1	154.492	5.0	38623	39873	sub-4/ses-03/eeg/sub-4_ses-03_task-imagery_run-02_eeg.edf	1250	True		sub-04	V	s	s	0	sub-04/ses-03/eeg/sub-04_ses-03_task-MotorImageryRest_run-02_eeg.vhdr	bbabf3f0cf9228e10c177b2a02f236475d82e651986c99f6169889e5df94a985	True	unresolved	unresolved
sub-4	03	02	sub-4/ses-03/run-02/tsv-row-19	19	rest	1	161.38	5.0	40345	41595	sub-4/ses-03/eeg/sub-4_ses-03_task-imagery_run-02_eeg.edf	1250	True		sub-04	V	s	s	0	sub-04/ses-03/eeg/sub-04_ses-03_task-MotorImageryRest_run-02_eeg.vhdr	bbabf3f0cf9228e10c177b2a02f236475d82e651986c99f6169889e5df94a985	True	unresolved	unresolved
sub-4	03	02	sub-4/ses-03/run-02/tsv-row-20	20	right_hand	2	168.252	5.0	42063	43313	sub-4/ses-03/eeg/sub-4_ses-03_task-imagery_run-02_eeg.edf	1250	True		sub-04	V	s	s	0	sub-04/ses-03/eeg/sub-04_ses-03_task-MotorImageryRest_run-02_eeg.vhdr	bbabf3f0cf9228e10c177b2a02f236475d82e651986c99f6169889e5df94a985	True	unresolved	unresolved
sub-4	03	02	sub-4/ses-03/run-02/tsv-row-21	21	rest	1	175.16	5.0	43790	45040	sub-4/ses-03/eeg/sub-4_ses-03_task-imagery_run-02_eeg.edf	1250	True		sub-04	V	s	s	0	sub-04/ses-03/eeg/sub-04_ses-03_task-MotorImageryRest_run-02_eeg.vhdr	bbabf3f0cf9228e10c177b2a02f236475d82e651986c99f6169889e5df94a985	True	unresolved	unresolved
sub-4	03	02	sub-4/ses-03/run-02/tsv-row-22	22	right_hand	2	182.024	5.0	45506	46756	sub-4/ses-03/eeg/sub-4_ses-03_task-imagery_run-02_eeg.edf	1250	True		sub-04	V	s	s	0	sub-04/ses-03/eeg/sub-04_ses-03_task-MotorImageryRest_run-02_eeg.vhdr	bbabf3f0cf9228e10c177b2a02f236475d82e651986c99f6169889e5df94a985	True	unresolved	unresolved
sub-4	03	02	sub-4/ses-03/run-02/tsv-row-23	23	right_hand	2	188.912	5.0	47228	48478	sub-4/ses-03/eeg/sub-4_ses-03_task-imagery_run-02_eeg.edf	1250	True		sub-04	V	s	s	0	sub-04/ses-03/eeg/sub-04_ses-03_task-MotorImageryRest_run-02_eeg.vhdr	bbabf3f0cf9228e10c177b2a02f236475d82e651986c99f6169889e5df94a985	True	unresolved	unresolved
sub-4	03	02	sub-4/ses-03/run-02/tsv-row-24	24	rest	1	195.82	5.0	48955	50205	sub-4/ses-03/eeg/sub-4_ses-03_task-imagery_run-02_eeg.edf	1250	True		sub-04	V	s	s	0	sub-04/ses-03/eeg/sub-04_ses-03_task-MotorImageryRest_run-02_eeg.vhdr	bbabf3f0cf9228e10c177b2a02f236475d82e651986c99f6169889e5df94a985	True	unresolved	unresolved
sub-4	03	02	sub-4/ses-03/run-02/tsv-row-25	25	right_hand	2	202.684	5.0	50671	51921	sub-4/ses-03/eeg/sub-4_ses-03_task-imagery_run-02_eeg.edf	1250	True		sub-04	V	s	s	0	sub-04/ses-03/eeg/sub-04_ses-03_task-MotorImageryRest_run-02_eeg.vhdr	bbabf3f0cf9228e10c177b2a02f236475d82e651986c99f6169889e5df94a985	True	unresolved	unresolved
sub-4	03	02	sub-4/ses-03/run-02/tsv-row-26	26	rest	1	209.596	5.0	52399	53649	sub-4/ses-03/eeg/sub-4_ses-03_task-imagery_run-02_eeg.edf	1250	True		sub-04	V	s	s	0	sub-04/ses-03/eeg/sub-04_ses-03_task-MotorImageryRest_run-02_eeg.vhdr	bbabf3f0cf9228e10c177b2a02f236475d82e651986c99f6169889e5df94a985	True	unresolved	unresolved
sub-4	03	02	sub-4/ses-03/run-02/tsv-row-27	27	rest	1	216.48	5.0	54120	55370	sub-4/ses-03/eeg/sub-4_ses-03_task-imagery_run-02_eeg.edf	1250	True		sub-04	V	s	s	0	sub-04/ses-03/eeg/sub-04_ses-03_task-MotorImageryRest_run-02_eeg.vhdr	bbabf3f0cf9228e10c177b2a02f236475d82e651986c99f6169889e5df94a985	True	unresolved	unresolved
sub-4	03	02	sub-4/ses-03/run-02/tsv-row-28	28	right_hand	2	223.344	5.0	55836	57086	sub-4/ses-03/eeg/sub-4_ses-03_task-imagery_run-02_eeg.edf	1250	True		sub-04	V	s	s	0	sub-04/ses-03/eeg/sub-04_ses-03_task-MotorImageryRest_run-02_eeg.vhdr	bbabf3f0cf9228e10c177b2a02f236475d82e651986c99f6169889e5df94a985	True	unresolved	unresolved
sub-4	03	02	sub-4/ses-03/run-02/tsv-row-29	29	right_hand	2	230.232	5.0	57558	58808	sub-4/ses-03/eeg/sub-4_ses-03_task-imagery_run-02_eeg.edf	1250	True		sub-04	V	s	s	0	sub-04/ses-03/eeg/sub-04_ses-03_task-MotorImageryRest_run-02_eeg.vhdr	bbabf3f0cf9228e10c177b2a02f236475d82e651986c99f6169889e5df94a985	True	unresolved	unresolved
sub-4	03	02	sub-4/ses-03/run-02/tsv-row-30	30	rest	1	237.136	5.0	59284	60534	sub-4/ses-03/eeg/sub-4_ses-03_task-imagery_run-02_eeg.edf	1250	True		sub-04	V	s	s	0	sub-04/ses-03/eeg/sub-04_ses-03_task-MotorImageryRest_run-02_eeg.vhdr	bbabf3f0cf9228e10c177b2a02f236475d82e651986c99f6169889e5df94a985	True	unresolved	unresolved
sub-4	03	02	sub-4/ses-03/run-02/tsv-row-31	31	right_hand	2	244.004	5.0	61001	62251	sub-4/ses-03/eeg/sub-4_ses-03_task-imagery_run-02_eeg.edf	1250	True		sub-04	V	s	s	0	sub-04/ses-03/eeg/sub-04_ses-03_task-MotorImageryRest_run-02_eeg.vhdr	bbabf3f0cf9228e10c177b2a02f236475d82e651986c99f6169889e5df94a985	True	unresolved	unresolved
sub-4	03	02	sub-4/ses-03/run-02/tsv-row-32	32	rest	1	250.916	5.0	62729	63979	sub-4/ses-03/eeg/sub-4_ses-03_task-imagery_run-02_eeg.edf	1250	True		sub-04	V	s	s	0	sub-04/ses-03/eeg/sub-04_ses-03_task-MotorImageryRest_run-02_eeg.vhdr	bbabf3f0cf9228e10c177b2a02f236475d82e651986c99f6169889e5df94a985	True	unresolved	unresolved
sub-4	03	03	sub-4/ses-03/run-03/tsv-row-1	1	rest	1	17.848	5.0	4462	5712	sub-4/ses-03/eeg/sub-4_ses-03_task-imagery_run-03_eeg.edf	1250	True		sub-04	V	s	s	0	sub-04/ses-03/eeg/sub-04_ses-03_task-MotorImageryRest_run-03_eeg.vhdr	efc8532800b000bd9b5250ece4c3c0656767d0391941b585ba6af145973e31bb	True	unresolved	unresolved
sub-4	03	03	sub-4/ses-03/run-03/tsv-row-2	2	right_hand	2	24.712	5.0	6178	7428	sub-4/ses-03/eeg/sub-4_ses-03_task-imagery_run-03_eeg.edf	1250	True		sub-04	V	s	s	0	sub-04/ses-03/eeg/sub-04_ses-03_task-MotorImageryRest_run-03_eeg.vhdr	efc8532800b000bd9b5250ece4c3c0656767d0391941b585ba6af145973e31bb	True	unresolved	unresolved
sub-4	03	03	sub-4/ses-03/run-03/tsv-row-3	3	right_hand	2	31.616	5.0	7904	9154	sub-4/ses-03/eeg/sub-4_ses-03_task-imagery_run-03_eeg.edf	1250	True		sub-04	V	s	s	0	sub-04/ses-03/eeg/sub-04_ses-03_task-MotorImageryRest_run-03_eeg.vhdr	efc8532800b000bd9b5250ece4c3c0656767d0391941b585ba6af145973e31bb	True	unresolved	unresolved
sub-4	03	03	sub-4/ses-03/run-03/tsv-row-4	4	rest	1	38.532	5.0	9633	10883	sub-4/ses-03/eeg/sub-4_ses-03_task-imagery_run-03_eeg.edf	1250	True		sub-04	V	s	s	0	sub-04/ses-03/eeg/sub-04_ses-03_task-MotorImageryRest_run-03_eeg.vhdr	efc8532800b000bd9b5250ece4c3c0656767d0391941b585ba6af145973e31bb	True	unresolved	unresolved
sub-4	03	03	sub-4/ses-03/run-03/tsv-row-5	5	rest	1	45.42	5.0	11355	12605	sub-4/ses-03/eeg/sub-4_ses-03_task-imagery_run-03_eeg.edf	1250	True		sub-04	V	s	s	0	sub-04/ses-03/eeg/sub-04_ses-03_task-MotorImageryRest_run-03_eeg.vhdr	efc8532800b000bd9b5250ece4c3c0656767d0391941b585ba6af145973e31bb	True	unresolved	unresolved
sub-4	03	03	sub-4/ses-03/run-03/tsv-row-6	6	right_hand	2	52.276	5.0	13069	14319	sub-4/ses-03/eeg/sub-4_ses-03_task-imagery_run-03_eeg.edf	1250	True		sub-04	V	s	s	0	sub-04/ses-03/eeg/sub-04_ses-03_task-MotorImageryRest_run-03_eeg.vhdr	efc8532800b000bd9b5250ece4c3c0656767d0391941b585ba6af145973e31bb	True	unresolved	unresolved
sub-4	03	03	sub-4/ses-03/run-03/tsv-row-7	7	rest	1	59.196	5.0	14799	16049	sub-4/ses-03/eeg/sub-4_ses-03_task-imagery_run-03_eeg.edf	1250	True		sub-04	V	s	s	0	sub-04/ses-03/eeg/sub-04_ses-03_task-MotorImageryRest_run-03_eeg.vhdr	efc8532800b000bd9b5250ece4c3c0656767d0391941b585ba6af145973e31bb	True	unresolved	unresolved
sub-4	03	03	sub-4/ses-03/run-03/tsv-row-8	8	right_hand	2	66.064	5.0	16516	17766	sub-4/ses-03/eeg/sub-4_ses-03_task-imagery_run-03_eeg.edf	1250	True		sub-04	V	s	s	0	sub-04/ses-03/eeg/sub-04_ses-03_task-MotorImageryRest_run-03_eeg.vhdr	efc8532800b000bd9b5250ece4c3c0656767d0391941b585ba6af145973e31bb	True	unresolved	unresolved
sub-4	03	03	sub-4/ses-03/run-03/tsv-row-9	9	rest	1	72.968	5.0	18242	19492	sub-4/ses-03/eeg/sub-4_ses-03_task-imagery_run-03_eeg.edf	1250	True		sub-04	V	s	s	0	sub-04/ses-03/eeg/sub-04_ses-03_task-MotorImageryRest_run-03_eeg.vhdr	efc8532800b000bd9b5250ece4c3c0656767d0391941b585ba6af145973e31bb	True	unresolved	unresolved
sub-4	03	03	sub-4/ses-03/run-03/tsv-row-10	10	right_hand	2	79.824	5.0	19956	21206	sub-4/ses-03/eeg/sub-4_ses-03_task-imagery_run-03_eeg.edf	1250	True		sub-04	V	s	s	0	sub-04/ses-03/eeg/sub-04_ses-03_task-MotorImageryRest_run-03_eeg.vhdr	efc8532800b000bd9b5250ece4c3c0656767d0391941b585ba6af145973e31bb	True	unresolved	unresolved
sub-4	03	03	sub-4/ses-03/run-03/tsv-row-11	11	right_hand	2	86.724	5.0	21681	22931	sub-4/ses-03/eeg/sub-4_ses-03_task-imagery_run-03_eeg.edf	1250	True		sub-04	V	s	s	0	sub-04/ses-03/eeg/sub-04_ses-03_task-MotorImageryRest_run-03_eeg.vhdr	efc8532800b000bd9b5250ece4c3c0656767d0391941b585ba6af145973e31bb	True	unresolved	unresolved
sub-4	03	03	sub-4/ses-03/run-03/tsv-row-12	12	rest	1	93.628	5.0	23407	24657	sub-4/ses-03/eeg/sub-4_ses-03_task-imagery_run-03_eeg.edf	1250	True		sub-04	V	s	s	0	sub-04/ses-03/eeg/sub-04_ses-03_task-MotorImageryRest_run-03_eeg.vhdr	efc8532800b000bd9b5250ece4c3c0656767d0391941b585ba6af145973e31bb	True	unresolved	unresolved
sub-4	03	03	sub-4/ses-03/run-03/tsv-row-13	13	right_hand	2	100.484	5.0	25121	26371	sub-4/ses-03/eeg/sub-4_ses-03_task-imagery_run-03_eeg.edf	1250	True		sub-04	V	s	s	0	sub-04/ses-03/eeg/sub-04_ses-03_task-MotorImageryRest_run-03_eeg.vhdr	efc8532800b000bd9b5250ece4c3c0656767d0391941b585ba6af145973e31bb	True	unresolved	unresolved
sub-4	03	03	sub-4/ses-03/run-03/tsv-row-14	14	rest	1	107.408	5.0	26852	28102	sub-4/ses-03/eeg/sub-4_ses-03_task-imagery_run-03_eeg.edf	1250	True		sub-04	V	s	s	0	sub-04/ses-03/eeg/sub-04_ses-03_task-MotorImageryRest_run-03_eeg.vhdr	efc8532800b000bd9b5250ece4c3c0656767d0391941b585ba6af145973e31bb	True	unresolved	unresolved
sub-4	03	03	sub-4/ses-03/run-03/tsv-row-15	15	right_hand	2	114.256	5.0	28564	29814	sub-4/ses-03/eeg/sub-4_ses-03_task-imagery_run-03_eeg.edf	1250	True		sub-04	V	s	s	0	sub-04/ses-03/eeg/sub-04_ses-03_task-MotorImageryRest_run-03_eeg.vhdr	efc8532800b000bd9b5250ece4c3c0656767d0391941b585ba6af145973e31bb	True	unresolved	unresolved
sub-4	03	03	sub-4/ses-03/run-03/tsv-row-16	16	rest	1	121.168	5.0	30292	31542	sub-4/ses-03/eeg/sub-4_ses-03_task-imagery_run-03_eeg.edf	1250	True		sub-04	V	s	s	0	sub-04/ses-03/eeg/sub-04_ses-03_task-MotorImageryRest_run-03_eeg.vhdr	efc8532800b000bd9b5250ece4c3c0656767d0391941b585ba6af145973e31bb	True	unresolved	unresolved
sub-4	03	03	sub-4/ses-03/run-03/tsv-row-17	17	right_hand	2	128.028	5.0	32007	33257	sub-4/ses-03/eeg/sub-4_ses-03_task-imagery_run-03_eeg.edf	1250	True		sub-04	V	s	s	0	sub-04/ses-03/eeg/sub-04_ses-03_task-MotorImageryRest_run-03_eeg.vhdr	efc8532800b000bd9b5250ece4c3c0656767d0391941b585ba6af145973e31bb	True	unresolved	unresolved
sub-4	03	03	sub-4/ses-03/run-03/tsv-row-18	18	rest	1	134.992	5.0	33748	34998	sub-4/ses-03/eeg/sub-4_ses-03_task-imagery_run-03_eeg.edf	1250	True		sub-04	V	s	s	0	sub-04/ses-03/eeg/sub-04_ses-03_task-MotorImageryRest_run-03_eeg.vhdr	efc8532800b000bd9b5250ece4c3c0656767d0391941b585ba6af145973e31bb	True	unresolved	unresolved
sub-4	03	03	sub-4/ses-03/run-03/tsv-row-19	19	right_hand	2	141.82	5.0	35455	36705	sub-4/ses-03/eeg/sub-4_ses-03_task-imagery_run-03_eeg.edf	1250	True		sub-04	V	s	s	0	sub-04/ses-03/eeg/sub-04_ses-03_task-MotorImageryRest_run-03_eeg.vhdr	efc8532800b000bd9b5250ece4c3c0656767d0391941b585ba6af145973e31bb	True	unresolved	unresolved
sub-4	03	03	sub-4/ses-03/run-03/tsv-row-20	20	rest	1	148.732	5.0	37183	38433	sub-4/ses-03/eeg/sub-4_ses-03_task-imagery_run-03_eeg.edf	1250	True		sub-04	V	s	s	0	sub-04/ses-03/eeg/sub-04_ses-03_task-MotorImageryRest_run-03_eeg.vhdr	efc8532800b000bd9b5250ece4c3c0656767d0391941b585ba6af145973e31bb	True	unresolved	unresolved
sub-4	03	03	sub-4/ses-03/run-03/tsv-row-21	21	rest	1	155.628	5.0	38907	40157	sub-4/ses-03/eeg/sub-4_ses-03_task-imagery_run-03_eeg.edf	1250	True		sub-04	V	s	s	0	sub-04/ses-03/eeg/sub-04_ses-03_task-MotorImageryRest_run-03_eeg.vhdr	efc8532800b000bd9b5250ece4c3c0656767d0391941b585ba6af145973e31bb	True	unresolved	unresolved
sub-4	03	03	sub-4/ses-03/run-03/tsv-row-22	22	right_hand	2	162.48	5.0	40620	41870	sub-4/ses-03/eeg/sub-4_ses-03_task-imagery_run-03_eeg.edf	1250	True		sub-04	V	s	s	0	sub-04/ses-03/eeg/sub-04_ses-03_task-MotorImageryRest_run-03_eeg.vhdr	efc8532800b000bd9b5250ece4c3c0656767d0391941b585ba6af145973e31bb	True	unresolved	unresolved
sub-4	03	03	sub-4/ses-03/run-03/tsv-row-23	23	right_hand	2	169.368	5.0	42342	43592	sub-4/ses-03/eeg/sub-4_ses-03_task-imagery_run-03_eeg.edf	1250	True		sub-04	V	s	s	0	sub-04/ses-03/eeg/sub-04_ses-03_task-MotorImageryRest_run-03_eeg.vhdr	efc8532800b000bd9b5250ece4c3c0656767d0391941b585ba6af145973e31bb	True	unresolved	unresolved
sub-4	03	03	sub-4/ses-03/run-03/tsv-row-24	24	rest	1	176.296	5.0	44074	45324	sub-4/ses-03/eeg/sub-4_ses-03_task-imagery_run-03_eeg.edf	1250	True		sub-04	V	s	s	0	sub-04/ses-03/eeg/sub-04_ses-03_task-MotorImageryRest_run-03_eeg.vhdr	efc8532800b000bd9b5250ece4c3c0656767d0391941b585ba6af145973e31bb	True	unresolved	unresolved
sub-4	03	03	sub-4/ses-03/run-03/tsv-row-25	25	right_hand	2	183.14	5.0	45785	47035	sub-4/ses-03/eeg/sub-4_ses-03_task-imagery_run-03_eeg.edf	1250	True		sub-04	V	s	s	0	sub-04/ses-03/eeg/sub-04_ses-03_task-MotorImageryRest_run-03_eeg.vhdr	efc8532800b000bd9b5250ece4c3c0656767d0391941b585ba6af145973e31bb	True	unresolved	unresolved
sub-4	03	03	sub-4/ses-03/run-03/tsv-row-26	26	rest	1	190.06	5.0	47515	48765	sub-4/ses-03/eeg/sub-4_ses-03_task-imagery_run-03_eeg.edf	1250	True		sub-04	V	s	s	0	sub-04/ses-03/eeg/sub-04_ses-03_task-MotorImageryRest_run-03_eeg.vhdr	efc8532800b000bd9b5250ece4c3c0656767d0391941b585ba6af145973e31bb	True	unresolved	unresolved
sub-4	03	03	sub-4/ses-03/run-03/tsv-row-27	27	rest	1	196.948	5.0	49237	50487	sub-4/ses-03/eeg/sub-4_ses-03_task-imagery_run-03_eeg.edf	1250	True		sub-04	V	s	s	0	sub-04/ses-03/eeg/sub-04_ses-03_task-MotorImageryRest_run-03_eeg.vhdr	efc8532800b000bd9b5250ece4c3c0656767d0391941b585ba6af145973e31bb	True	unresolved	unresolved
sub-4	03	03	sub-4/ses-03/run-03/tsv-row-28	28	right_hand	2	203.8	5.0	50950	52200	sub-4/ses-03/eeg/sub-4_ses-03_task-imagery_run-03_eeg.edf	1250	True		sub-04	V	s	s	0	sub-04/ses-03/eeg/sub-04_ses-03_task-MotorImageryRest_run-03_eeg.vhdr	efc8532800b000bd9b5250ece4c3c0656767d0391941b585ba6af145973e31bb	True	unresolved	unresolved
sub-4	03	03	sub-4/ses-03/run-03/tsv-row-29	29	rest	1	210.704	5.0	52676	53926	sub-4/ses-03/eeg/sub-4_ses-03_task-imagery_run-03_eeg.edf	1250	True		sub-04	V	s	s	0	sub-04/ses-03/eeg/sub-04_ses-03_task-MotorImageryRest_run-03_eeg.vhdr	efc8532800b000bd9b5250ece4c3c0656767d0391941b585ba6af145973e31bb	True	unresolved	unresolved
sub-4	03	03	sub-4/ses-03/run-03/tsv-row-30	30	right_hand	2	217.576	5.0	54394	55644	sub-4/ses-03/eeg/sub-4_ses-03_task-imagery_run-03_eeg.edf	1250	True		sub-04	V	s	s	0	sub-04/ses-03/eeg/sub-04_ses-03_task-MotorImageryRest_run-03_eeg.vhdr	efc8532800b000bd9b5250ece4c3c0656767d0391941b585ba6af145973e31bb	True	unresolved	unresolved
sub-4	03	03	sub-4/ses-03/run-03/tsv-row-31	31	rest	1	224.484	5.0	56121	57371	sub-4/ses-03/eeg/sub-4_ses-03_task-imagery_run-03_eeg.edf	1250	True		sub-04	V	s	s	0	sub-04/ses-03/eeg/sub-04_ses-03_task-MotorImageryRest_run-03_eeg.vhdr	efc8532800b000bd9b5250ece4c3c0656767d0391941b585ba6af145973e31bb	True	unresolved	unresolved
sub-4	03	03	sub-4/ses-03/run-03/tsv-row-32	32	right_hand	2	231.348	5.0	57837	59087	sub-4/ses-03/eeg/sub-4_ses-03_task-imagery_run-03_eeg.edf	1250	True		sub-04	V	s	s	0	sub-04/ses-03/eeg/sub-04_ses-03_task-MotorImageryRest_run-03_eeg.vhdr	efc8532800b000bd9b5250ece4c3c0656767d0391941b585ba6af145973e31bb	True	unresolved	unresolved
sub-4	03	04	sub-4/ses-03/run-04/tsv-row-1	1	rest	1	5.448	5.0	1362	2612	sub-4/ses-03/eeg/sub-4_ses-03_task-imagery_run-04_eeg.edf	1250	True		sub-04	V	s	s	0	sub-04/ses-03/eeg/sub-04_ses-03_task-MotorImageryRest_run-04_eeg.vhdr	f6da6dd5a3c36b3adc9dcdfcbf833214adfe3503c32d4ce716705d2fb9b43a87	True	unresolved	unresolved
sub-4	03	04	sub-4/ses-03/run-04/tsv-row-2	2	right_hand	2	12.312	5.0	3078	4328	sub-4/ses-03/eeg/sub-4_ses-03_task-imagery_run-04_eeg.edf	1250	True		sub-04	V	s	s	0	sub-04/ses-03/eeg/sub-04_ses-03_task-MotorImageryRest_run-04_eeg.vhdr	f6da6dd5a3c36b3adc9dcdfcbf833214adfe3503c32d4ce716705d2fb9b43a87	True	unresolved	unresolved
sub-4	03	04	sub-4/ses-03/run-04/tsv-row-3	3	right_hand	2	19.216	5.0	4804	6054	sub-4/ses-03/eeg/sub-4_ses-03_task-imagery_run-04_eeg.edf	1250	True		sub-04	V	s	s	0	sub-04/ses-03/eeg/sub-04_ses-03_task-MotorImageryRest_run-04_eeg.vhdr	f6da6dd5a3c36b3adc9dcdfcbf833214adfe3503c32d4ce716705d2fb9b43a87	True	unresolved	unresolved
sub-4	03	04	sub-4/ses-03/run-04/tsv-row-4	4	rest	1	26.152	5.0	6538	7788	sub-4/ses-03/eeg/sub-4_ses-03_task-imagery_run-04_eeg.edf	1250	True		sub-04	V	s	s	0	sub-04/ses-03/eeg/sub-04_ses-03_task-MotorImageryRest_run-04_eeg.vhdr	f6da6dd5a3c36b3adc9dcdfcbf833214adfe3503c32d4ce716705d2fb9b43a87	True	unresolved	unresolved
sub-4	03	04	sub-4/ses-03/run-04/tsv-row-5	5	rest	1	33.056	5.0	8264	9514	sub-4/ses-03/eeg/sub-4_ses-03_task-imagery_run-04_eeg.edf	1250	True		sub-04	V	s	s	0	sub-04/ses-03/eeg/sub-04_ses-03_task-MotorImageryRest_run-04_eeg.vhdr	f6da6dd5a3c36b3adc9dcdfcbf833214adfe3503c32d4ce716705d2fb9b43a87	True	unresolved	unresolved
sub-4	03	04	sub-4/ses-03/run-04/tsv-row-6	6	right_hand	2	39.86	5.0	9965	11215	sub-4/ses-03/eeg/sub-4_ses-03_task-imagery_run-04_eeg.edf	1250	True		sub-04	V	s	s	0	sub-04/ses-03/eeg/sub-04_ses-03_task-MotorImageryRest_run-04_eeg.vhdr	f6da6dd5a3c36b3adc9dcdfcbf833214adfe3503c32d4ce716705d2fb9b43a87	True	unresolved	unresolved
sub-4	03	04	sub-4/ses-03/run-04/tsv-row-7	7	rest	1	46.812	5.0	11703	12953	sub-4/ses-03/eeg/sub-4_ses-03_task-imagery_run-04_eeg.edf	1250	True		sub-04	V	s	s	0	sub-04/ses-03/eeg/sub-04_ses-03_task-MotorImageryRest_run-04_eeg.vhdr	f6da6dd5a3c36b3adc9dcdfcbf833214adfe3503c32d4ce716705d2fb9b43a87	True	unresolved	unresolved
sub-4	03	04	sub-4/ses-03/run-04/tsv-row-8	8	right_hand	2	53.632	5.0	13408	14658	sub-4/ses-03/eeg/sub-4_ses-03_task-imagery_run-04_eeg.edf	1250	True		sub-04	V	s	s	0	sub-04/ses-03/eeg/sub-04_ses-03_task-MotorImageryRest_run-04_eeg.vhdr	f6da6dd5a3c36b3adc9dcdfcbf833214adfe3503c32d4ce716705d2fb9b43a87	True	unresolved	unresolved
sub-4	03	04	sub-4/ses-03/run-04/tsv-row-9	9	right_hand	2	60.536	5.0	15134	16384	sub-4/ses-03/eeg/sub-4_ses-03_task-imagery_run-04_eeg.edf	1250	True		sub-04	V	s	s	0	sub-04/ses-03/eeg/sub-04_ses-03_task-MotorImageryRest_run-04_eeg.vhdr	f6da6dd5a3c36b3adc9dcdfcbf833214adfe3503c32d4ce716705d2fb9b43a87	True	unresolved	unresolved
sub-4	03	04	sub-4/ses-03/run-04/tsv-row-10	10	rest	1	67.456	5.0	16864	18114	sub-4/ses-03/eeg/sub-4_ses-03_task-imagery_run-04_eeg.edf	1250	True		sub-04	V	s	s	0	sub-04/ses-03/eeg/sub-04_ses-03_task-MotorImageryRest_run-04_eeg.vhdr	f6da6dd5a3c36b3adc9dcdfcbf833214adfe3503c32d4ce716705d2fb9b43a87	True	unresolved	unresolved
sub-4	03	04	sub-4/ses-03/run-04/tsv-row-11	11	right_hand	2	74.308	5.0	18577	19827	sub-4/ses-03/eeg/sub-4_ses-03_task-imagery_run-04_eeg.edf	1250	True		sub-04	V	s	s	0	sub-04/ses-03/eeg/sub-04_ses-03_task-MotorImageryRest_run-04_eeg.vhdr	f6da6dd5a3c36b3adc9dcdfcbf833214adfe3503c32d4ce716705d2fb9b43a87	True	unresolved	unresolved
sub-4	03	04	sub-4/ses-03/run-04/tsv-row-12	12	rest	1	81.312	5.0	20328	21578	sub-4/ses-03/eeg/sub-4_ses-03_task-imagery_run-04_eeg.edf	1250	True		sub-04	V	s	s	0	sub-04/ses-03/eeg/sub-04_ses-03_task-MotorImageryRest_run-04_eeg.vhdr	f6da6dd5a3c36b3adc9dcdfcbf833214adfe3503c32d4ce716705d2fb9b43a87	True	unresolved	unresolved
sub-4	03	04	sub-4/ses-03/run-04/tsv-row-13	13	right_hand	2	88.084	5.0	22021	23271	sub-4/ses-03/eeg/sub-4_ses-03_task-imagery_run-04_eeg.edf	1250	True		sub-04	V	s	s	0	sub-04/ses-03/eeg/sub-04_ses-03_task-MotorImageryRest_run-04_eeg.vhdr	f6da6dd5a3c36b3adc9dcdfcbf833214adfe3503c32d4ce716705d2fb9b43a87	True	unresolved	unresolved
sub-4	03	04	sub-4/ses-03/run-04/tsv-row-14	14	rest	1	95.02	5.0	23755	25005	sub-4/ses-03/eeg/sub-4_ses-03_task-imagery_run-04_eeg.edf	1250	True		sub-04	V	s	s	0	sub-04/ses-03/eeg/sub-04_ses-03_task-MotorImageryRest_run-04_eeg.vhdr	f6da6dd5a3c36b3adc9dcdfcbf833214adfe3503c32d4ce716705d2fb9b43a87	True	unresolved	unresolved
sub-4	03	04	sub-4/ses-03/run-04/tsv-row-15	15	right_hand	2	101.856	5.0	25464	26714	sub-4/ses-03/eeg/sub-4_ses-03_task-imagery_run-04_eeg.edf	1250	True		sub-04	V	s	s	0	sub-04/ses-03/eeg/sub-04_ses-03_task-MotorImageryRest_run-04_eeg.vhdr	f6da6dd5a3c36b3adc9dcdfcbf833214adfe3503c32d4ce716705d2fb9b43a87	True	unresolved	unresolved
sub-4	03	04	sub-4/ses-03/run-04/tsv-row-16	16	rest	1	108.776	5.0	27194	28444	sub-4/ses-03/eeg/sub-4_ses-03_task-imagery_run-04_eeg.edf	1250	True		sub-04	V	s	s	0	sub-04/ses-03/eeg/sub-04_ses-03_task-MotorImageryRest_run-04_eeg.vhdr	f6da6dd5a3c36b3adc9dcdfcbf833214adfe3503c32d4ce716705d2fb9b43a87	True	unresolved	unresolved
sub-4	03	04	sub-4/ses-03/run-04/tsv-row-17	17	rest	1	115.688	5.0	28922	30172	sub-4/ses-03/eeg/sub-4_ses-03_task-imagery_run-04_eeg.edf	1250	True		sub-04	V	s	s	0	sub-04/ses-03/eeg/sub-04_ses-03_task-MotorImageryRest_run-04_eeg.vhdr	f6da6dd5a3c36b3adc9dcdfcbf833214adfe3503c32d4ce716705d2fb9b43a87	True	unresolved	unresolved
sub-4	03	04	sub-4/ses-03/run-04/tsv-row-18	18	right_hand	2	122.532	5.0	30633	31883	sub-4/ses-03/eeg/sub-4_ses-03_task-imagery_run-04_eeg.edf	1250	True		sub-04	V	s	s	0	sub-04/ses-03/eeg/sub-04_ses-03_task-MotorImageryRest_run-04_eeg.vhdr	f6da6dd5a3c36b3adc9dcdfcbf833214adfe3503c32d4ce716705d2fb9b43a87	True	unresolved	unresolved
sub-4	03	04	sub-4/ses-03/run-04/tsv-row-19	19	right_hand	2	129.42	5.0	32355	33605	sub-4/ses-03/eeg/sub-4_ses-03_task-imagery_run-04_eeg.edf	1250	True		sub-04	V	s	s	0	sub-04/ses-03/eeg/sub-04_ses-03_task-MotorImageryRest_run-04_eeg.vhdr	f6da6dd5a3c36b3adc9dcdfcbf833214adfe3503c32d4ce716705d2fb9b43a87	True	unresolved	unresolved
sub-4	03	04	sub-4/ses-03/run-04/tsv-row-20	20	rest	1	136.364	5.0	34091	35341	sub-4/ses-03/eeg/sub-4_ses-03_task-imagery_run-04_eeg.edf	1250	True		sub-04	V	s	s	0	sub-04/ses-03/eeg/sub-04_ses-03_task-MotorImageryRest_run-04_eeg.vhdr	f6da6dd5a3c36b3adc9dcdfcbf833214adfe3503c32d4ce716705d2fb9b43a87	True	unresolved	unresolved
sub-4	03	04	sub-4/ses-03/run-04/tsv-row-21	21	right_hand	2	143.176	5.0	35794	37044	sub-4/ses-03/eeg/sub-4_ses-03_task-imagery_run-04_eeg.edf	1250	True		sub-04	V	s	s	0	sub-04/ses-03/eeg/sub-04_ses-03_task-MotorImageryRest_run-04_eeg.vhdr	f6da6dd5a3c36b3adc9dcdfcbf833214adfe3503c32d4ce716705d2fb9b43a87	True	unresolved	unresolved
sub-4	03	04	sub-4/ses-03/run-04/tsv-row-22	22	rest	1	150.148	5.0	37537	38787	sub-4/ses-03/eeg/sub-4_ses-03_task-imagery_run-04_eeg.edf	1250	True		sub-04	V	s	s	0	sub-04/ses-03/eeg/sub-04_ses-03_task-MotorImageryRest_run-04_eeg.vhdr	f6da6dd5a3c36b3adc9dcdfcbf833214adfe3503c32d4ce716705d2fb9b43a87	True	unresolved	unresolved
sub-4	03	04	sub-4/ses-03/run-04/tsv-row-23	23	rest	1	157.024	5.0	39256	40506	sub-4/ses-03/eeg/sub-4_ses-03_task-imagery_run-04_eeg.edf	1250	True		sub-04	V	s	s	0	sub-04/ses-03/eeg/sub-04_ses-03_task-MotorImageryRest_run-04_eeg.vhdr	f6da6dd5a3c36b3adc9dcdfcbf833214adfe3503c32d4ce716705d2fb9b43a87	True	unresolved	unresolved
sub-4	03	04	sub-4/ses-03/run-04/tsv-row-24	24	right_hand	2	163.856	5.0	40964	42214	sub-4/ses-03/eeg/sub-4_ses-03_task-imagery_run-04_eeg.edf	1250	True		sub-04	V	s	s	0	sub-04/ses-03/eeg/sub-04_ses-03_task-MotorImageryRest_run-04_eeg.vhdr	f6da6dd5a3c36b3adc9dcdfcbf833214adfe3503c32d4ce716705d2fb9b43a87	True	unresolved	unresolved
sub-4	03	04	sub-4/ses-03/run-04/tsv-row-25	25	rest	1	170.808	5.0	42702	43952	sub-4/ses-03/eeg/sub-4_ses-03_task-imagery_run-04_eeg.edf	1250	True		sub-04	V	s	s	0	sub-04/ses-03/eeg/sub-04_ses-03_task-MotorImageryRest_run-04_eeg.vhdr	f6da6dd5a3c36b3adc9dcdfcbf833214adfe3503c32d4ce716705d2fb9b43a87	True	unresolved	unresolved
sub-4	03	04	sub-4/ses-03/run-04/tsv-row-26	26	right_hand	2	177.628	5.0	44407	45657	sub-4/ses-03/eeg/sub-4_ses-03_task-imagery_run-04_eeg.edf	1250	True		sub-04	V	s	s	0	sub-04/ses-03/eeg/sub-04_ses-03_task-MotorImageryRest_run-04_eeg.vhdr	f6da6dd5a3c36b3adc9dcdfcbf833214adfe3503c32d4ce716705d2fb9b43a87	True	unresolved	unresolved
sub-4	03	04	sub-4/ses-03/run-04/tsv-row-27	27	rest	1	184.548	5.0	46137	47387	sub-4/ses-03/eeg/sub-4_ses-03_task-imagery_run-04_eeg.edf	1250	True		sub-04	V	s	s	0	sub-04/ses-03/eeg/sub-04_ses-03_task-MotorImageryRest_run-04_eeg.vhdr	f6da6dd5a3c36b3adc9dcdfcbf833214adfe3503c32d4ce716705d2fb9b43a87	True	unresolved	unresolved
sub-4	03	04	sub-4/ses-03/run-04/tsv-row-28	28	right_hand	2	191.4	5.0	47850	49100	sub-4/ses-03/eeg/sub-4_ses-03_task-imagery_run-04_eeg.edf	1250	True		sub-04	V	s	s	0	sub-04/ses-03/eeg/sub-04_ses-03_task-MotorImageryRest_run-04_eeg.vhdr	f6da6dd5a3c36b3adc9dcdfcbf833214adfe3503c32d4ce716705d2fb9b43a87	True	unresolved	unresolved
sub-4	03	04	sub-4/ses-03/run-04/tsv-row-29	29	rest	1	198.356	5.0	49589	50839	sub-4/ses-03/eeg/sub-4_ses-03_task-imagery_run-04_eeg.edf	1250	True		sub-04	V	s	s	0	sub-04/ses-03/eeg/sub-04_ses-03_task-MotorImageryRest_run-04_eeg.vhdr	f6da6dd5a3c36b3adc9dcdfcbf833214adfe3503c32d4ce716705d2fb9b43a87	True	unresolved	unresolved
sub-4	03	04	sub-4/ses-03/run-04/tsv-row-30	30	right_hand	2	205.176	5.0	51294	52544	sub-4/ses-03/eeg/sub-4_ses-03_task-imagery_run-04_eeg.edf	1250	True		sub-04	V	s	s	0	sub-04/ses-03/eeg/sub-04_ses-03_task-MotorImageryRest_run-04_eeg.vhdr	f6da6dd5a3c36b3adc9dcdfcbf833214adfe3503c32d4ce716705d2fb9b43a87	True	unresolved	unresolved
sub-4	03	04	sub-4/ses-03/run-04/tsv-row-31	31	right_hand	2	212.064	5.0	53016	54266	sub-4/ses-03/eeg/sub-4_ses-03_task-imagery_run-04_eeg.edf	1250	True		sub-04	V	s	s	0	sub-04/ses-03/eeg/sub-04_ses-03_task-MotorImageryRest_run-04_eeg.vhdr	f6da6dd5a3c36b3adc9dcdfcbf833214adfe3503c32d4ce716705d2fb9b43a87	True	unresolved	unresolved
sub-4	03	04	sub-4/ses-03/run-04/tsv-row-32	32	rest	1	219.016	5.0	54754	56004	sub-4/ses-03/eeg/sub-4_ses-03_task-imagery_run-04_eeg.edf	1250	True		sub-04	V	s	s	0	sub-04/ses-03/eeg/sub-04_ses-03_task-MotorImageryRest_run-04_eeg.vhdr	f6da6dd5a3c36b3adc9dcdfcbf833214adfe3503c32d4ce716705d2fb9b43a87	True	unresolved	unresolved
sub-4	03	05	sub-4/ses-03/run-05/tsv-row-1	1	rest	1	27.52	5.0	6880	8130	sub-4/ses-03/eeg/sub-4_ses-03_task-imagery_run-05_eeg.edf	1250	True		sub-04	V	s	s	0	sub-04/ses-03/eeg/sub-04_ses-03_task-MotorImageryRest_run-05_eeg.vhdr	cd7b92273822b014dc8b7330352d8789220159518f2e9c2c088a4297bf6e67e6	True	unresolved	unresolved
sub-4	03	05	sub-4/ses-03/run-05/tsv-row-2	2	right_hand	2	34.384	5.0	8596	9846	sub-4/ses-03/eeg/sub-4_ses-03_task-imagery_run-05_eeg.edf	1250	True		sub-04	V	s	s	0	sub-04/ses-03/eeg/sub-04_ses-03_task-MotorImageryRest_run-05_eeg.vhdr	cd7b92273822b014dc8b7330352d8789220159518f2e9c2c088a4297bf6e67e6	True	unresolved	unresolved
sub-4	03	05	sub-4/ses-03/run-05/tsv-row-3	3	right_hand	2	41.288	5.0	10322	11572	sub-4/ses-03/eeg/sub-4_ses-03_task-imagery_run-05_eeg.edf	1250	True		sub-04	V	s	s	0	sub-04/ses-03/eeg/sub-04_ses-03_task-MotorImageryRest_run-05_eeg.vhdr	cd7b92273822b014dc8b7330352d8789220159518f2e9c2c088a4297bf6e67e6	True	unresolved	unresolved
sub-4	03	05	sub-4/ses-03/run-05/tsv-row-4	4	rest	1	48.232	5.0	12058	13308	sub-4/ses-03/eeg/sub-4_ses-03_task-imagery_run-05_eeg.edf	1250	True		sub-04	V	s	s	0	sub-04/ses-03/eeg/sub-04_ses-03_task-MotorImageryRest_run-05_eeg.vhdr	cd7b92273822b014dc8b7330352d8789220159518f2e9c2c088a4297bf6e67e6	True	unresolved	unresolved
sub-4	03	05	sub-4/ses-03/run-05/tsv-row-5	5	rest	1	55.108	5.0	13777	15027	sub-4/ses-03/eeg/sub-4_ses-03_task-imagery_run-05_eeg.edf	1250	True		sub-04	V	s	s	0	sub-04/ses-03/eeg/sub-04_ses-03_task-MotorImageryRest_run-05_eeg.vhdr	cd7b92273822b014dc8b7330352d8789220159518f2e9c2c088a4297bf6e67e6	True	unresolved	unresolved
sub-4	03	05	sub-4/ses-03/run-05/tsv-row-6	6	right_hand	2	61.932	5.0	15483	16733	sub-4/ses-03/eeg/sub-4_ses-03_task-imagery_run-05_eeg.edf	1250	True		sub-04	V	s	s	0	sub-04/ses-03/eeg/sub-04_ses-03_task-MotorImageryRest_run-05_eeg.vhdr	cd7b92273822b014dc8b7330352d8789220159518f2e9c2c088a4297bf6e67e6	True	unresolved	unresolved
sub-4	03	05	sub-4/ses-03/run-05/tsv-row-7	7	rest	1	68.884	5.0	17221	18471	sub-4/ses-03/eeg/sub-4_ses-03_task-imagery_run-05_eeg.edf	1250	True		sub-04	V	s	s	0	sub-04/ses-03/eeg/sub-04_ses-03_task-MotorImageryRest_run-05_eeg.vhdr	cd7b92273822b014dc8b7330352d8789220159518f2e9c2c088a4297bf6e67e6	True	unresolved	unresolved
sub-4	03	05	sub-4/ses-03/run-05/tsv-row-8	8	right_hand	2	75.704	5.0	18926	20176	sub-4/ses-03/eeg/sub-4_ses-03_task-imagery_run-05_eeg.edf	1250	True		sub-04	V	s	s	0	sub-04/ses-03/eeg/sub-04_ses-03_task-MotorImageryRest_run-05_eeg.vhdr	cd7b92273822b014dc8b7330352d8789220159518f2e9c2c088a4297bf6e67e6	True	unresolved	unresolved
sub-4	03	05	sub-4/ses-03/run-05/tsv-row-9	9	right_hand	2	82.608	5.0	20652	21902	sub-4/ses-03/eeg/sub-4_ses-03_task-imagery_run-05_eeg.edf	1250	True		sub-04	V	s	s	0	sub-04/ses-03/eeg/sub-04_ses-03_task-MotorImageryRest_run-05_eeg.vhdr	cd7b92273822b014dc8b7330352d8789220159518f2e9c2c088a4297bf6e67e6	True	unresolved	unresolved
sub-4	03	05	sub-4/ses-03/run-05/tsv-row-10	10	rest	1	89.512	5.0	22378	23628	sub-4/ses-03/eeg/sub-4_ses-03_task-imagery_run-05_eeg.edf	1250	True		sub-04	V	s	s	0	sub-04/ses-03/eeg/sub-04_ses-03_task-MotorImageryRest_run-05_eeg.vhdr	cd7b92273822b014dc8b7330352d8789220159518f2e9c2c088a4297bf6e67e6	True	unresolved	unresolved
sub-4	03	05	sub-4/ses-03/run-05/tsv-row-11	11	rest	1	96.42	5.0	24105	25355	sub-4/ses-03/eeg/sub-4_ses-03_task-imagery_run-05_eeg.edf	1250	True		sub-04	V	s	s	0	sub-04/ses-03/eeg/sub-04_ses-03_task-MotorImageryRest_run-05_eeg.vhdr	cd7b92273822b014dc8b7330352d8789220159518f2e9c2c088a4297bf6e67e6	True	unresolved	unresolved
sub-4	03	05	sub-4/ses-03/run-05/tsv-row-12	12	right_hand	2	103.268	5.0	25817	27067	sub-4/ses-03/eeg/sub-4_ses-03_task-imagery_run-05_eeg.edf	1250	True		sub-04	V	s	s	0	sub-04/ses-03/eeg/sub-04_ses-03_task-MotorImageryRest_run-05_eeg.vhdr	cd7b92273822b014dc8b7330352d8789220159518f2e9c2c088a4297bf6e67e6	True	unresolved	unresolved
sub-4	03	05	sub-4/ses-03/run-05/tsv-row-13	13	right_hand	2	110.156	5.0	27539	28789	sub-4/ses-03/eeg/sub-4_ses-03_task-imagery_run-05_eeg.edf	1250	True		sub-04	V	s	s	0	sub-04/ses-03/eeg/sub-04_ses-03_task-MotorImageryRest_run-05_eeg.vhdr	cd7b92273822b014dc8b7330352d8789220159518f2e9c2c088a4297bf6e67e6	True	unresolved	unresolved
sub-4	03	05	sub-4/ses-03/run-05/tsv-row-14	14	rest	1	117.072	5.0	29268	30518	sub-4/ses-03/eeg/sub-4_ses-03_task-imagery_run-05_eeg.edf	1250	True		sub-04	V	s	s	0	sub-04/ses-03/eeg/sub-04_ses-03_task-MotorImageryRest_run-05_eeg.vhdr	cd7b92273822b014dc8b7330352d8789220159518f2e9c2c088a4297bf6e67e6	True	unresolved	unresolved
sub-4	03	05	sub-4/ses-03/run-05/tsv-row-15	15	right_hand	2	123.912	5.0	30978	32228	sub-4/ses-03/eeg/sub-4_ses-03_task-imagery_run-05_eeg.edf	1250	True		sub-04	V	s	s	0	sub-04/ses-03/eeg/sub-04_ses-03_task-MotorImageryRest_run-05_eeg.vhdr	cd7b92273822b014dc8b7330352d8789220159518f2e9c2c088a4297bf6e67e6	True	unresolved	unresolved
sub-4	03	05	sub-4/ses-03/run-05/tsv-row-16	16	rest	1	130.848	5.0	32712	33962	sub-4/ses-03/eeg/sub-4_ses-03_task-imagery_run-05_eeg.edf	1250	True		sub-04	V	s	s	0	sub-04/ses-03/eeg/sub-04_ses-03_task-MotorImageryRest_run-05_eeg.vhdr	cd7b92273822b014dc8b7330352d8789220159518f2e9c2c088a4297bf6e67e6	True	unresolved	unresolved
sub-4	03	05	sub-4/ses-03/run-05/tsv-row-17	17	right_hand	2	137.72	5.0	34430	35680	sub-4/ses-03/eeg/sub-4_ses-03_task-imagery_run-05_eeg.edf	1250	True		sub-04	V	s	s	0	sub-04/ses-03/eeg/sub-04_ses-03_task-MotorImageryRest_run-05_eeg.vhdr	cd7b92273822b014dc8b7330352d8789220159518f2e9c2c088a4297bf6e67e6	True	unresolved	unresolved
sub-4	03	05	sub-4/ses-03/run-05/tsv-row-18	18	rest	1	144.628	5.0	36157	37407	sub-4/ses-03/eeg/sub-4_ses-03_task-imagery_run-05_eeg.edf	1250	True		sub-04	V	s	s	0	sub-04/ses-03/eeg/sub-04_ses-03_task-MotorImageryRest_run-05_eeg.vhdr	cd7b92273822b014dc8b7330352d8789220159518f2e9c2c088a4297bf6e67e6	True	unresolved	unresolved
sub-4	03	05	sub-4/ses-03/run-05/tsv-row-19	19	right_hand	2	151.476	5.0	37869	39119	sub-4/ses-03/eeg/sub-4_ses-03_task-imagery_run-05_eeg.edf	1250	True		sub-04	V	s	s	0	sub-04/ses-03/eeg/sub-04_ses-03_task-MotorImageryRest_run-05_eeg.vhdr	cd7b92273822b014dc8b7330352d8789220159518f2e9c2c088a4297bf6e67e6	True	unresolved	unresolved
sub-4	03	05	sub-4/ses-03/run-05/tsv-row-20	20	rest	1	158.396	5.0	39599	40849	sub-4/ses-03/eeg/sub-4_ses-03_task-imagery_run-05_eeg.edf	1250	True		sub-04	V	s	s	0	sub-04/ses-03/eeg/sub-04_ses-03_task-MotorImageryRest_run-05_eeg.vhdr	cd7b92273822b014dc8b7330352d8789220159518f2e9c2c088a4297bf6e67e6	True	unresolved	unresolved
sub-4	03	05	sub-4/ses-03/run-05/tsv-row-21	21	rest	1	165.288	5.0	41322	42572	sub-4/ses-03/eeg/sub-4_ses-03_task-imagery_run-05_eeg.edf	1250	True		sub-04	V	s	s	0	sub-04/ses-03/eeg/sub-04_ses-03_task-MotorImageryRest_run-05_eeg.vhdr	cd7b92273822b014dc8b7330352d8789220159518f2e9c2c088a4297bf6e67e6	True	unresolved	unresolved
sub-4	03	05	sub-4/ses-03/run-05/tsv-row-22	22	right_hand	2	172.136	5.0	43034	44284	sub-4/ses-03/eeg/sub-4_ses-03_task-imagery_run-05_eeg.edf	1250	True		sub-04	V	s	s	0	sub-04/ses-03/eeg/sub-04_ses-03_task-MotorImageryRest_run-05_eeg.vhdr	cd7b92273822b014dc8b7330352d8789220159518f2e9c2c088a4297bf6e67e6	True	unresolved	unresolved
sub-4	03	05	sub-4/ses-03/run-05/tsv-row-23	23	right_hand	2	179.024	5.0	44756	46006	sub-4/ses-03/eeg/sub-4_ses-03_task-imagery_run-05_eeg.edf	1250	True		sub-04	V	s	s	0	sub-04/ses-03/eeg/sub-04_ses-03_task-MotorImageryRest_run-05_eeg.vhdr	cd7b92273822b014dc8b7330352d8789220159518f2e9c2c088a4297bf6e67e6	True	unresolved	unresolved
sub-4	03	05	sub-4/ses-03/run-05/tsv-row-24	24	rest	1	185.944	5.0	46486	47736	sub-4/ses-03/eeg/sub-4_ses-03_task-imagery_run-05_eeg.edf	1250	True		sub-04	V	s	s	0	sub-04/ses-03/eeg/sub-04_ses-03_task-MotorImageryRest_run-05_eeg.vhdr	cd7b92273822b014dc8b7330352d8789220159518f2e9c2c088a4297bf6e67e6	True	unresolved	unresolved
sub-4	03	05	sub-4/ses-03/run-05/tsv-row-25	25	right_hand	2	192.796	5.0	48199	49449	sub-4/ses-03/eeg/sub-4_ses-03_task-imagery_run-05_eeg.edf	1250	True		sub-04	V	s	s	0	sub-04/ses-03/eeg/sub-04_ses-03_task-MotorImageryRest_run-05_eeg.vhdr	cd7b92273822b014dc8b7330352d8789220159518f2e9c2c088a4297bf6e67e6	True	unresolved	unresolved
sub-4	03	05	sub-4/ses-03/run-05/tsv-row-26	26	rest	1	199.716	5.0	49929	51179	sub-4/ses-03/eeg/sub-4_ses-03_task-imagery_run-05_eeg.edf	1250	True		sub-04	V	s	s	0	sub-04/ses-03/eeg/sub-04_ses-03_task-MotorImageryRest_run-05_eeg.vhdr	cd7b92273822b014dc8b7330352d8789220159518f2e9c2c088a4297bf6e67e6	True	unresolved	unresolved
sub-4	03	05	sub-4/ses-03/run-05/tsv-row-27	27	rest	1	206.62	5.0	51655	52905	sub-4/ses-03/eeg/sub-4_ses-03_task-imagery_run-05_eeg.edf	1250	True		sub-04	V	s	s	0	sub-04/ses-03/eeg/sub-04_ses-03_task-MotorImageryRest_run-05_eeg.vhdr	cd7b92273822b014dc8b7330352d8789220159518f2e9c2c088a4297bf6e67e6	True	unresolved	unresolved
sub-4	03	05	sub-4/ses-03/run-05/tsv-row-28	28	right_hand	2	213.456	5.0	53364	54614	sub-4/ses-03/eeg/sub-4_ses-03_task-imagery_run-05_eeg.edf	1250	True		sub-04	V	s	s	0	sub-04/ses-03/eeg/sub-04_ses-03_task-MotorImageryRest_run-05_eeg.vhdr	cd7b92273822b014dc8b7330352d8789220159518f2e9c2c088a4297bf6e67e6	True	unresolved	unresolved
sub-4	03	05	sub-4/ses-03/run-05/tsv-row-29	29	rest	1	220.384	5.0	55096	56346	sub-4/ses-03/eeg/sub-4_ses-03_task-imagery_run-05_eeg.edf	1250	True		sub-04	V	s	s	0	sub-04/ses-03/eeg/sub-04_ses-03_task-MotorImageryRest_run-05_eeg.vhdr	cd7b92273822b014dc8b7330352d8789220159518f2e9c2c088a4297bf6e67e6	True	unresolved	unresolved
sub-4	03	05	sub-4/ses-03/run-05/tsv-row-30	30	right_hand	2	227.248	5.0	56812	58062	sub-4/ses-03/eeg/sub-4_ses-03_task-imagery_run-05_eeg.edf	1250	True		sub-04	V	s	s	0	sub-04/ses-03/eeg/sub-04_ses-03_task-MotorImageryRest_run-05_eeg.vhdr	cd7b92273822b014dc8b7330352d8789220159518f2e9c2c088a4297bf6e67e6	True	unresolved	unresolved
sub-4	03	05	sub-4/ses-03/run-05/tsv-row-31	31	right_hand	2	234.132	5.0	58533	59783	sub-4/ses-03/eeg/sub-4_ses-03_task-imagery_run-05_eeg.edf	1250	True		sub-04	V	s	s	0	sub-04/ses-03/eeg/sub-04_ses-03_task-MotorImageryRest_run-05_eeg.vhdr	cd7b92273822b014dc8b7330352d8789220159518f2e9c2c088a4297bf6e67e6	True	unresolved	unresolved
sub-4	03	05	sub-4/ses-03/run-05/tsv-row-32	32	rest	1	241.06	5.0	60265	61515	sub-4/ses-03/eeg/sub-4_ses-03_task-imagery_run-05_eeg.edf	1250	True		sub-04	V	s	s	0	sub-04/ses-03/eeg/sub-04_ses-03_task-MotorImageryRest_run-05_eeg.vhdr	cd7b92273822b014dc8b7330352d8789220159518f2e9c2c088a4297bf6e67e6	True	unresolved	unresolved
sub-4	03	06	sub-4/ses-03/run-06/tsv-row-1	1	right_hand	2	5.196	5.0	1299	2549	sub-4/ses-03/eeg/sub-4_ses-03_task-imagery_run-06_eeg.edf	1250	True		sub-04	V	s	s	0	sub-04/ses-03/eeg/sub-04_ses-03_task-MotorImageryRest_run-06_eeg.vhdr	95df9fa83c313d6bfe0cb888e4cc79aadb2fe61498420145915bc83b4f782d33	True	unresolved	unresolved
sub-4	03	06	sub-4/ses-03/run-06/tsv-row-2	2	rest	1	12.116	5.0	3029	4279	sub-4/ses-03/eeg/sub-4_ses-03_task-imagery_run-06_eeg.edf	1250	True		sub-04	V	s	s	0	sub-04/ses-03/eeg/sub-04_ses-03_task-MotorImageryRest_run-06_eeg.vhdr	95df9fa83c313d6bfe0cb888e4cc79aadb2fe61498420145915bc83b4f782d33	True	unresolved	unresolved
sub-4	03	06	sub-4/ses-03/run-06/tsv-row-3	3	right_hand	2	18.988	5.0	4747	5997	sub-4/ses-03/eeg/sub-4_ses-03_task-imagery_run-06_eeg.edf	1250	True		sub-04	V	s	s	0	sub-04/ses-03/eeg/sub-04_ses-03_task-MotorImageryRest_run-06_eeg.vhdr	95df9fa83c313d6bfe0cb888e4cc79aadb2fe61498420145915bc83b4f782d33	True	unresolved	unresolved
sub-4	03	06	sub-4/ses-03/run-06/tsv-row-4	4	rest	1	25.88	5.0	6470	7720	sub-4/ses-03/eeg/sub-4_ses-03_task-imagery_run-06_eeg.edf	1250	True		sub-04	V	s	s	0	sub-04/ses-03/eeg/sub-04_ses-03_task-MotorImageryRest_run-06_eeg.vhdr	95df9fa83c313d6bfe0cb888e4cc79aadb2fe61498420145915bc83b4f782d33	True	unresolved	unresolved
sub-4	03	06	sub-4/ses-03/run-06/tsv-row-5	5	right_hand	2	32.744	5.0	8186	9436	sub-4/ses-03/eeg/sub-4_ses-03_task-imagery_run-06_eeg.edf	1250	True		sub-04	V	s	s	0	sub-04/ses-03/eeg/sub-04_ses-03_task-MotorImageryRest_run-06_eeg.vhdr	95df9fa83c313d6bfe0cb888e4cc79aadb2fe61498420145915bc83b4f782d33	True	unresolved	unresolved
sub-4	03	06	sub-4/ses-03/run-06/tsv-row-6	6	rest	1	39.664	5.0	9916	11166	sub-4/ses-03/eeg/sub-4_ses-03_task-imagery_run-06_eeg.edf	1250	True		sub-04	V	s	s	0	sub-04/ses-03/eeg/sub-04_ses-03_task-MotorImageryRest_run-06_eeg.vhdr	95df9fa83c313d6bfe0cb888e4cc79aadb2fe61498420145915bc83b4f782d33	True	unresolved	unresolved
sub-4	03	06	sub-4/ses-03/run-06/tsv-row-7	7	right_hand	2	46.532	5.0	11633	12883	sub-4/ses-03/eeg/sub-4_ses-03_task-imagery_run-06_eeg.edf	1250	True		sub-04	V	s	s	0	sub-04/ses-03/eeg/sub-04_ses-03_task-MotorImageryRest_run-06_eeg.vhdr	95df9fa83c313d6bfe0cb888e4cc79aadb2fe61498420145915bc83b4f782d33	True	unresolved	unresolved
sub-4	03	06	sub-4/ses-03/run-06/tsv-row-8	8	rest	1	53.452	5.0	13363	14613	sub-4/ses-03/eeg/sub-4_ses-03_task-imagery_run-06_eeg.edf	1250	True		sub-04	V	s	s	0	sub-04/ses-03/eeg/sub-04_ses-03_task-MotorImageryRest_run-06_eeg.vhdr	95df9fa83c313d6bfe0cb888e4cc79aadb2fe61498420145915bc83b4f782d33	True	unresolved	unresolved
sub-4	03	06	sub-4/ses-03/run-06/tsv-row-9	9	rest	1	60.356	5.0	15089	16339	sub-4/ses-03/eeg/sub-4_ses-03_task-imagery_run-06_eeg.edf	1250	True		sub-04	V	s	s	0	sub-04/ses-03/eeg/sub-04_ses-03_task-MotorImageryRest_run-06_eeg.vhdr	95df9fa83c313d6bfe0cb888e4cc79aadb2fe61498420145915bc83b4f782d33	True	unresolved	unresolved
sub-4	03	06	sub-4/ses-03/run-06/tsv-row-10	10	right_hand	2	67.196	5.0	16799	18049	sub-4/ses-03/eeg/sub-4_ses-03_task-imagery_run-06_eeg.edf	1250	True		sub-04	V	s	s	0	sub-04/ses-03/eeg/sub-04_ses-03_task-MotorImageryRest_run-06_eeg.vhdr	95df9fa83c313d6bfe0cb888e4cc79aadb2fe61498420145915bc83b4f782d33	True	unresolved	unresolved
sub-4	03	06	sub-4/ses-03/run-06/tsv-row-11	11	rest	1	74.116	5.0	18529	19779	sub-4/ses-03/eeg/sub-4_ses-03_task-imagery_run-06_eeg.edf	1250	True		sub-04	V	s	s	0	sub-04/ses-03/eeg/sub-04_ses-03_task-MotorImageryRest_run-06_eeg.vhdr	95df9fa83c313d6bfe0cb888e4cc79aadb2fe61498420145915bc83b4f782d33	True	unresolved	unresolved
sub-4	03	06	sub-4/ses-03/run-06/tsv-row-12	12	right_hand	2	80.968	5.0	20242	21492	sub-4/ses-03/eeg/sub-4_ses-03_task-imagery_run-06_eeg.edf	1250	True		sub-04	V	s	s	0	sub-04/ses-03/eeg/sub-04_ses-03_task-MotorImageryRest_run-06_eeg.vhdr	95df9fa83c313d6bfe0cb888e4cc79aadb2fe61498420145915bc83b4f782d33	True	unresolved	unresolved
sub-4	03	06	sub-4/ses-03/run-06/tsv-row-13	13	rest	1	87.888	5.0	21972	23222	sub-4/ses-03/eeg/sub-4_ses-03_task-imagery_run-06_eeg.edf	1250	True		sub-04	V	s	s	0	sub-04/ses-03/eeg/sub-04_ses-03_task-MotorImageryRest_run-06_eeg.vhdr	95df9fa83c313d6bfe0cb888e4cc79aadb2fe61498420145915bc83b4f782d33	True	unresolved	unresolved
sub-4	03	06	sub-4/ses-03/run-06/tsv-row-14	14	right_hand	2	94.74	5.0	23685	24935	sub-4/ses-03/eeg/sub-4_ses-03_task-imagery_run-06_eeg.edf	1250	True		sub-04	V	s	s	0	sub-04/ses-03/eeg/sub-04_ses-03_task-MotorImageryRest_run-06_eeg.vhdr	95df9fa83c313d6bfe0cb888e4cc79aadb2fe61498420145915bc83b4f782d33	True	unresolved	unresolved
sub-4	03	06	sub-4/ses-03/run-06/tsv-row-15	15	rest	1	101.652	5.0	25413	26663	sub-4/ses-03/eeg/sub-4_ses-03_task-imagery_run-06_eeg.edf	1250	True		sub-04	V	s	s	0	sub-04/ses-03/eeg/sub-04_ses-03_task-MotorImageryRest_run-06_eeg.vhdr	95df9fa83c313d6bfe0cb888e4cc79aadb2fe61498420145915bc83b4f782d33	True	unresolved	unresolved
sub-4	03	06	sub-4/ses-03/run-06/tsv-row-16	16	right_hand	2	108.516	5.0	27129	28379	sub-4/ses-03/eeg/sub-4_ses-03_task-imagery_run-06_eeg.edf	1250	True		sub-04	V	s	s	0	sub-04/ses-03/eeg/sub-04_ses-03_task-MotorImageryRest_run-06_eeg.vhdr	95df9fa83c313d6bfe0cb888e4cc79aadb2fe61498420145915bc83b4f782d33	True	unresolved	unresolved
sub-4	03	06	sub-4/ses-03/run-06/tsv-row-17	17	right_hand	2	115.42	5.0	28855	30105	sub-4/ses-03/eeg/sub-4_ses-03_task-imagery_run-06_eeg.edf	1250	True		sub-04	V	s	s	0	sub-04/ses-03/eeg/sub-04_ses-03_task-MotorImageryRest_run-06_eeg.vhdr	95df9fa83c313d6bfe0cb888e4cc79aadb2fe61498420145915bc83b4f782d33	True	unresolved	unresolved
sub-4	03	06	sub-4/ses-03/run-06/tsv-row-18	18	rest	1	122.312	5.0	30578	31828	sub-4/ses-03/eeg/sub-4_ses-03_task-imagery_run-06_eeg.edf	1250	True		sub-04	V	s	s	0	sub-04/ses-03/eeg/sub-04_ses-03_task-MotorImageryRest_run-06_eeg.vhdr	95df9fa83c313d6bfe0cb888e4cc79aadb2fe61498420145915bc83b4f782d33	True	unresolved	unresolved
sub-4	03	06	sub-4/ses-03/run-06/tsv-row-19	19	rest	1	129.216	5.0	32304	33554	sub-4/ses-03/eeg/sub-4_ses-03_task-imagery_run-06_eeg.edf	1250	True		sub-04	V	s	s	0	sub-04/ses-03/eeg/sub-04_ses-03_task-MotorImageryRest_run-06_eeg.vhdr	95df9fa83c313d6bfe0cb888e4cc79aadb2fe61498420145915bc83b4f782d33	True	unresolved	unresolved
sub-4	03	06	sub-4/ses-03/run-06/tsv-row-20	20	right_hand	2	136.08	5.0	34020	35270	sub-4/ses-03/eeg/sub-4_ses-03_task-imagery_run-06_eeg.edf	1250	True		sub-04	V	s	s	0	sub-04/ses-03/eeg/sub-04_ses-03_task-MotorImageryRest_run-06_eeg.vhdr	95df9fa83c313d6bfe0cb888e4cc79aadb2fe61498420145915bc83b4f782d33	True	unresolved	unresolved
sub-4	03	06	sub-4/ses-03/run-06/tsv-row-21	21	right_hand	2	142.964	5.0	35741	36991	sub-4/ses-03/eeg/sub-4_ses-03_task-imagery_run-06_eeg.edf	1250	True		sub-04	V	s	s	0	sub-04/ses-03/eeg/sub-04_ses-03_task-MotorImageryRest_run-06_eeg.vhdr	95df9fa83c313d6bfe0cb888e4cc79aadb2fe61498420145915bc83b4f782d33	True	unresolved	unresolved
sub-4	03	06	sub-4/ses-03/run-06/tsv-row-22	22	rest	1	149.876	5.0	37469	38719	sub-4/ses-03/eeg/sub-4_ses-03_task-imagery_run-06_eeg.edf	1250	True		sub-04	V	s	s	0	sub-04/ses-03/eeg/sub-04_ses-03_task-MotorImageryRest_run-06_eeg.vhdr	95df9fa83c313d6bfe0cb888e4cc79aadb2fe61498420145915bc83b4f782d33	True	unresolved	unresolved
sub-4	03	06	sub-4/ses-03/run-06/tsv-row-23	23	rest	1	156.756	5.0	39189	40439	sub-4/ses-03/eeg/sub-4_ses-03_task-imagery_run-06_eeg.edf	1250	True		sub-04	V	s	s	0	sub-04/ses-03/eeg/sub-04_ses-03_task-MotorImageryRest_run-06_eeg.vhdr	95df9fa83c313d6bfe0cb888e4cc79aadb2fe61498420145915bc83b4f782d33	True	unresolved	unresolved
sub-4	03	06	sub-4/ses-03/run-06/tsv-row-24	24	right_hand	2	163.628	5.0	40907	42157	sub-4/ses-03/eeg/sub-4_ses-03_task-imagery_run-06_eeg.edf	1250	True		sub-04	V	s	s	0	sub-04/ses-03/eeg/sub-04_ses-03_task-MotorImageryRest_run-06_eeg.vhdr	95df9fa83c313d6bfe0cb888e4cc79aadb2fe61498420145915bc83b4f782d33	True	unresolved	unresolved
sub-4	03	06	sub-4/ses-03/run-06/tsv-row-25	25	right_hand	2	170.512	5.0	42628	43878	sub-4/ses-03/eeg/sub-4_ses-03_task-imagery_run-06_eeg.edf	1250	True		sub-04	V	s	s	0	sub-04/ses-03/eeg/sub-04_ses-03_task-MotorImageryRest_run-06_eeg.vhdr	95df9fa83c313d6bfe0cb888e4cc79aadb2fe61498420145915bc83b4f782d33	True	unresolved	unresolved
sub-4	03	06	sub-4/ses-03/run-06/tsv-row-26	26	rest	1	177.416	5.0	44354	45604	sub-4/ses-03/eeg/sub-4_ses-03_task-imagery_run-06_eeg.edf	1250	True		sub-04	V	s	s	0	sub-04/ses-03/eeg/sub-04_ses-03_task-MotorImageryRest_run-06_eeg.vhdr	95df9fa83c313d6bfe0cb888e4cc79aadb2fe61498420145915bc83b4f782d33	True	unresolved	unresolved
sub-4	03	06	sub-4/ses-03/run-06/tsv-row-27	27	rest	1	184.312	5.0	46078	47328	sub-4/ses-03/eeg/sub-4_ses-03_task-imagery_run-06_eeg.edf	1250	True		sub-04	V	s	s	0	sub-04/ses-03/eeg/sub-04_ses-03_task-MotorImageryRest_run-06_eeg.vhdr	95df9fa83c313d6bfe0cb888e4cc79aadb2fe61498420145915bc83b4f782d33	True	unresolved	unresolved
sub-4	03	06	sub-4/ses-03/run-06/tsv-row-28	28	right_hand	2	191.172	5.0	47793	49043	sub-4/ses-03/eeg/sub-4_ses-03_task-imagery_run-06_eeg.edf	1250	True		sub-04	V	s	s	0	sub-04/ses-03/eeg/sub-04_ses-03_task-MotorImageryRest_run-06_eeg.vhdr	95df9fa83c313d6bfe0cb888e4cc79aadb2fe61498420145915bc83b4f782d33	True	unresolved	unresolved
sub-4	03	06	sub-4/ses-03/run-06/tsv-row-29	29	right_hand	2	198.06	5.0	49515	50765	sub-4/ses-03/eeg/sub-4_ses-03_task-imagery_run-06_eeg.edf	1250	True		sub-04	V	s	s	0	sub-04/ses-03/eeg/sub-04_ses-03_task-MotorImageryRest_run-06_eeg.vhdr	95df9fa83c313d6bfe0cb888e4cc79aadb2fe61498420145915bc83b4f782d33	True	unresolved	unresolved
sub-4	03	06	sub-4/ses-03/run-06/tsv-row-30	30	rest	1	204.98	5.0	51245	52495	sub-4/ses-03/eeg/sub-4_ses-03_task-imagery_run-06_eeg.edf	1250	True		sub-04	V	s	s	0	sub-04/ses-03/eeg/sub-04_ses-03_task-MotorImageryRest_run-06_eeg.vhdr	95df9fa83c313d6bfe0cb888e4cc79aadb2fe61498420145915bc83b4f782d33	True	unresolved	unresolved
sub-4	03	06	sub-4/ses-03/run-06/tsv-row-31	31	right_hand	2	211.832	5.0	52958	54208	sub-4/ses-03/eeg/sub-4_ses-03_task-imagery_run-06_eeg.edf	1250	True		sub-04	V	s	s	0	sub-04/ses-03/eeg/sub-04_ses-03_task-MotorImageryRest_run-06_eeg.vhdr	95df9fa83c313d6bfe0cb888e4cc79aadb2fe61498420145915bc83b4f782d33	True	unresolved	unresolved
sub-4	03	06	sub-4/ses-03/run-06/tsv-row-32	32	rest	1	218.752	5.0	54688	55938	sub-4/ses-03/eeg/sub-4_ses-03_task-imagery_run-06_eeg.edf	1250	True		sub-04	V	s	s	0	sub-04/ses-03/eeg/sub-04_ses-03_task-MotorImageryRest_run-06_eeg.vhdr	95df9fa83c313d6bfe0cb888e4cc79aadb2fe61498420145915bc83b4f782d33	True	unresolved	unresolved
sub-4	04	01	sub-4/ses-04/run-01/tsv-row-1	1	rest	1	8.156	5.0	2039	3289	sub-4/ses-04/eeg/sub-4_ses-04_task-imagery_run-01_eeg.edf	1250	True		sub-04	V	s	s	0	sub-04/ses-04/eeg/sub-04_ses-04_task-MotorImageryRest_run-01_eeg.vhdr	db25441f9e7300c4a3ed6fcebcd775132505dfbfa70670afb2939396224be9af	True	unresolved	unresolved
sub-4	04	01	sub-4/ses-04/run-01/tsv-row-2	2	right_hand	2	15.032	5.0	3758	5008	sub-4/ses-04/eeg/sub-4_ses-04_task-imagery_run-01_eeg.edf	1250	True		sub-04	V	s	s	0	sub-04/ses-04/eeg/sub-04_ses-04_task-MotorImageryRest_run-01_eeg.vhdr	db25441f9e7300c4a3ed6fcebcd775132505dfbfa70670afb2939396224be9af	True	unresolved	unresolved
sub-4	04	01	sub-4/ses-04/run-01/tsv-row-3	3	rest	1	21.936	5.0	5484	6734	sub-4/ses-04/eeg/sub-4_ses-04_task-imagery_run-01_eeg.edf	1250	True		sub-04	V	s	s	0	sub-04/ses-04/eeg/sub-04_ses-04_task-MotorImageryRest_run-01_eeg.vhdr	db25441f9e7300c4a3ed6fcebcd775132505dfbfa70670afb2939396224be9af	True	unresolved	unresolved
sub-4	04	01	sub-4/ses-04/run-01/tsv-row-4	4	right_hand	2	28.804	5.0	7201	8451	sub-4/ses-04/eeg/sub-4_ses-04_task-imagery_run-01_eeg.edf	1250	True		sub-04	V	s	s	0	sub-04/ses-04/eeg/sub-04_ses-04_task-MotorImageryRest_run-01_eeg.vhdr	db25441f9e7300c4a3ed6fcebcd775132505dfbfa70670afb2939396224be9af	True	unresolved	unresolved
sub-4	04	01	sub-4/ses-04/run-01/tsv-row-5	5	right_hand	2	35.708	5.0	8927	10177	sub-4/ses-04/eeg/sub-4_ses-04_task-imagery_run-01_eeg.edf	1250	True		sub-04	V	s	s	0	sub-04/ses-04/eeg/sub-04_ses-04_task-MotorImageryRest_run-01_eeg.vhdr	db25441f9e7300c4a3ed6fcebcd775132505dfbfa70670afb2939396224be9af	True	unresolved	unresolved
sub-4	04	01	sub-4/ses-04/run-01/tsv-row-6	6	rest	1	42.596	5.0	10649	11899	sub-4/ses-04/eeg/sub-4_ses-04_task-imagery_run-01_eeg.edf	1250	True		sub-04	V	s	s	0	sub-04/ses-04/eeg/sub-04_ses-04_task-MotorImageryRest_run-01_eeg.vhdr	db25441f9e7300c4a3ed6fcebcd775132505dfbfa70670afb2939396224be9af	True	unresolved	unresolved
sub-4	04	01	sub-4/ses-04/run-01/tsv-row-7	7	right_hand	2	49.464	5.0	12366	13616	sub-4/ses-04/eeg/sub-4_ses-04_task-imagery_run-01_eeg.edf	1250	True		sub-04	V	s	s	0	sub-04/ses-04/eeg/sub-04_ses-04_task-MotorImageryRest_run-01_eeg.vhdr	db25441f9e7300c4a3ed6fcebcd775132505dfbfa70670afb2939396224be9af	True	unresolved	unresolved
sub-4	04	01	sub-4/ses-04/run-01/tsv-row-8	8	rest	1	56.372	5.0	14093	15343	sub-4/ses-04/eeg/sub-4_ses-04_task-imagery_run-01_eeg.edf	1250	True		sub-04	V	s	s	0	sub-04/ses-04/eeg/sub-04_ses-04_task-MotorImageryRest_run-01_eeg.vhdr	db25441f9e7300c4a3ed6fcebcd775132505dfbfa70670afb2939396224be9af	True	unresolved	unresolved
sub-4	04	01	sub-4/ses-04/run-01/tsv-row-9	9	rest	1	63.272	5.0	15818	17068	sub-4/ses-04/eeg/sub-4_ses-04_task-imagery_run-01_eeg.edf	1250	True		sub-04	V	s	s	0	sub-04/ses-04/eeg/sub-04_ses-04_task-MotorImageryRest_run-01_eeg.vhdr	db25441f9e7300c4a3ed6fcebcd775132505dfbfa70670afb2939396224be9af	True	unresolved	unresolved
sub-4	04	01	sub-4/ses-04/run-01/tsv-row-10	10	right_hand	2	70.144	5.0	17536	18786	sub-4/ses-04/eeg/sub-4_ses-04_task-imagery_run-01_eeg.edf	1250	True		sub-04	V	s	s	0	sub-04/ses-04/eeg/sub-04_ses-04_task-MotorImageryRest_run-01_eeg.vhdr	db25441f9e7300c4a3ed6fcebcd775132505dfbfa70670afb2939396224be9af	True	unresolved	unresolved
sub-4	04	01	sub-4/ses-04/run-01/tsv-row-11	11	right_hand	2	77.028	5.0	19257	20507	sub-4/ses-04/eeg/sub-4_ses-04_task-imagery_run-01_eeg.edf	1250	True		sub-04	V	s	s	0	sub-04/ses-04/eeg/sub-04_ses-04_task-MotorImageryRest_run-01_eeg.vhdr	db25441f9e7300c4a3ed6fcebcd775132505dfbfa70670afb2939396224be9af	True	unresolved	unresolved
sub-4	04	01	sub-4/ses-04/run-01/tsv-row-12	12	rest	1	83.932	5.0	20983	22233	sub-4/ses-04/eeg/sub-4_ses-04_task-imagery_run-01_eeg.edf	1250	True		sub-04	V	s	s	0	sub-04/ses-04/eeg/sub-04_ses-04_task-MotorImageryRest_run-01_eeg.vhdr	db25441f9e7300c4a3ed6fcebcd775132505dfbfa70670afb2939396224be9af	True	unresolved	unresolved
sub-4	04	01	sub-4/ses-04/run-01/tsv-row-13	13	rest	1	90.82	5.0	22705	23955	sub-4/ses-04/eeg/sub-4_ses-04_task-imagery_run-01_eeg.edf	1250	True		sub-04	V	s	s	0	sub-04/ses-04/eeg/sub-04_ses-04_task-MotorImageryRest_run-01_eeg.vhdr	db25441f9e7300c4a3ed6fcebcd775132505dfbfa70670afb2939396224be9af	True	unresolved	unresolved
sub-4	04	01	sub-4/ses-04/run-01/tsv-row-14	14	right_hand	2	97.688	5.0	24422	25672	sub-4/ses-04/eeg/sub-4_ses-04_task-imagery_run-01_eeg.edf	1250	True		sub-04	V	s	s	0	sub-04/ses-04/eeg/sub-04_ses-04_task-MotorImageryRest_run-01_eeg.vhdr	db25441f9e7300c4a3ed6fcebcd775132505dfbfa70670afb2939396224be9af	True	unresolved	unresolved
sub-4	04	01	sub-4/ses-04/run-01/tsv-row-15	15	rest	1	104.596	5.0	26149	27399	sub-4/ses-04/eeg/sub-4_ses-04_task-imagery_run-01_eeg.edf	1250	True		sub-04	V	s	s	0	sub-04/ses-04/eeg/sub-04_ses-04_task-MotorImageryRest_run-01_eeg.vhdr	db25441f9e7300c4a3ed6fcebcd775132505dfbfa70670afb2939396224be9af	True	unresolved	unresolved
sub-4	04	01	sub-4/ses-04/run-01/tsv-row-16	16	right_hand	2	111.464	5.0	27866	29116	sub-4/ses-04/eeg/sub-4_ses-04_task-imagery_run-01_eeg.edf	1250	True		sub-04	V	s	s	0	sub-04/ses-04/eeg/sub-04_ses-04_task-MotorImageryRest_run-01_eeg.vhdr	db25441f9e7300c4a3ed6fcebcd775132505dfbfa70670afb2939396224be9af	True	unresolved	unresolved
sub-4	04	01	sub-4/ses-04/run-01/tsv-row-17	17	right_hand	2	118.368	5.0	29592	30842	sub-4/ses-04/eeg/sub-4_ses-04_task-imagery_run-01_eeg.edf	1250	True		sub-04	V	s	s	0	sub-04/ses-04/eeg/sub-04_ses-04_task-MotorImageryRest_run-01_eeg.vhdr	db25441f9e7300c4a3ed6fcebcd775132505dfbfa70670afb2939396224be9af	True	unresolved	unresolved
sub-4	04	01	sub-4/ses-04/run-01/tsv-row-18	18	rest	1	125.272	5.0	31318	32568	sub-4/ses-04/eeg/sub-4_ses-04_task-imagery_run-01_eeg.edf	1250	True		sub-04	V	s	s	0	sub-04/ses-04/eeg/sub-04_ses-04_task-MotorImageryRest_run-01_eeg.vhdr	db25441f9e7300c4a3ed6fcebcd775132505dfbfa70670afb2939396224be9af	True	unresolved	unresolved
sub-4	04	01	sub-4/ses-04/run-01/tsv-row-19	19	right_hand	2	132.124	5.0	33031	34281	sub-4/ses-04/eeg/sub-4_ses-04_task-imagery_run-01_eeg.edf	1250	True		sub-04	V	s	s	0	sub-04/ses-04/eeg/sub-04_ses-04_task-MotorImageryRest_run-01_eeg.vhdr	db25441f9e7300c4a3ed6fcebcd775132505dfbfa70670afb2939396224be9af	True	unresolved	unresolved
sub-4	04	01	sub-4/ses-04/run-01/tsv-row-20	20	rest	1	139.028	5.0	34757	36007	sub-4/ses-04/eeg/sub-4_ses-04_task-imagery_run-01_eeg.edf	1250	True		sub-04	V	s	s	0	sub-04/ses-04/eeg/sub-04_ses-04_task-MotorImageryRest_run-01_eeg.vhdr	db25441f9e7300c4a3ed6fcebcd775132505dfbfa70670afb2939396224be9af	True	unresolved	unresolved
sub-4	04	01	sub-4/ses-04/run-01/tsv-row-21	21	right_hand	2	145.916	5.0	36479	37729	sub-4/ses-04/eeg/sub-4_ses-04_task-imagery_run-01_eeg.edf	1250	True		sub-04	V	s	s	0	sub-04/ses-04/eeg/sub-04_ses-04_task-MotorImageryRest_run-01_eeg.vhdr	db25441f9e7300c4a3ed6fcebcd775132505dfbfa70670afb2939396224be9af	True	unresolved	unresolved
sub-4	04	01	sub-4/ses-04/run-01/tsv-row-22	22	rest	1	152.82	5.0	38205	39455	sub-4/ses-04/eeg/sub-4_ses-04_task-imagery_run-01_eeg.edf	1250	True		sub-04	V	s	s	0	sub-04/ses-04/eeg/sub-04_ses-04_task-MotorImageryRest_run-01_eeg.vhdr	db25441f9e7300c4a3ed6fcebcd775132505dfbfa70670afb2939396224be9af	True	unresolved	unresolved
sub-4	04	01	sub-4/ses-04/run-01/tsv-row-23	23	rest	1	159.688	5.0	39922	41172	sub-4/ses-04/eeg/sub-4_ses-04_task-imagery_run-01_eeg.edf	1250	True		sub-04	V	s	s	0	sub-04/ses-04/eeg/sub-04_ses-04_task-MotorImageryRest_run-01_eeg.vhdr	db25441f9e7300c4a3ed6fcebcd775132505dfbfa70670afb2939396224be9af	True	unresolved	unresolved
sub-4	04	01	sub-4/ses-04/run-01/tsv-row-24	24	right_hand	2	166.576	5.0	41644	42894	sub-4/ses-04/eeg/sub-4_ses-04_task-imagery_run-01_eeg.edf	1250	True		sub-04	V	s	s	0	sub-04/ses-04/eeg/sub-04_ses-04_task-MotorImageryRest_run-01_eeg.vhdr	db25441f9e7300c4a3ed6fcebcd775132505dfbfa70670afb2939396224be9af	True	unresolved	unresolved
sub-4	04	01	sub-4/ses-04/run-01/tsv-row-25	25	right_hand	2	173.46	5.0	43365	44615	sub-4/ses-04/eeg/sub-4_ses-04_task-imagery_run-01_eeg.edf	1250	True		sub-04	V	s	s	0	sub-04/ses-04/eeg/sub-04_ses-04_task-MotorImageryRest_run-01_eeg.vhdr	db25441f9e7300c4a3ed6fcebcd775132505dfbfa70670afb2939396224be9af	True	unresolved	unresolved
sub-4	04	01	sub-4/ses-04/run-01/tsv-row-26	26	rest	1	180.364	5.0	45091	46341	sub-4/ses-04/eeg/sub-4_ses-04_task-imagery_run-01_eeg.edf	1250	True		sub-04	V	s	s	0	sub-04/ses-04/eeg/sub-04_ses-04_task-MotorImageryRest_run-01_eeg.vhdr	db25441f9e7300c4a3ed6fcebcd775132505dfbfa70670afb2939396224be9af	True	unresolved	unresolved
sub-4	04	01	sub-4/ses-04/run-01/tsv-row-27	27	right_hand	2	187.236	5.0	46809	48059	sub-4/ses-04/eeg/sub-4_ses-04_task-imagery_run-01_eeg.edf	1250	True		sub-04	V	s	s	0	sub-04/ses-04/eeg/sub-04_ses-04_task-MotorImageryRest_run-01_eeg.vhdr	db25441f9e7300c4a3ed6fcebcd775132505dfbfa70670afb2939396224be9af	True	unresolved	unresolved
sub-4	04	01	sub-4/ses-04/run-01/tsv-row-28	28	rest	1	194.14	5.0	48535	49785	sub-4/ses-04/eeg/sub-4_ses-04_task-imagery_run-01_eeg.edf	1250	True		sub-04	V	s	s	0	sub-04/ses-04/eeg/sub-04_ses-04_task-MotorImageryRest_run-01_eeg.vhdr	db25441f9e7300c4a3ed6fcebcd775132505dfbfa70670afb2939396224be9af	True	unresolved	unresolved
sub-4	04	01	sub-4/ses-04/run-01/tsv-row-29	29	right_hand	2	201.008	5.0	50252	51502	sub-4/ses-04/eeg/sub-4_ses-04_task-imagery_run-01_eeg.edf	1250	True		sub-04	V	s	s	0	sub-04/ses-04/eeg/sub-04_ses-04_task-MotorImageryRest_run-01_eeg.vhdr	db25441f9e7300c4a3ed6fcebcd775132505dfbfa70670afb2939396224be9af	True	unresolved	unresolved
sub-4	04	01	sub-4/ses-04/run-01/tsv-row-30	30	rest	1	207.924	5.0	51981	53231	sub-4/ses-04/eeg/sub-4_ses-04_task-imagery_run-01_eeg.edf	1250	True		sub-04	V	s	s	0	sub-04/ses-04/eeg/sub-04_ses-04_task-MotorImageryRest_run-01_eeg.vhdr	db25441f9e7300c4a3ed6fcebcd775132505dfbfa70670afb2939396224be9af	True	unresolved	unresolved
sub-4	04	01	sub-4/ses-04/run-01/tsv-row-31	31	right_hand	2	214.784	5.0	53696	54946	sub-4/ses-04/eeg/sub-4_ses-04_task-imagery_run-01_eeg.edf	1250	True		sub-04	V	s	s	0	sub-04/ses-04/eeg/sub-04_ses-04_task-MotorImageryRest_run-01_eeg.vhdr	db25441f9e7300c4a3ed6fcebcd775132505dfbfa70670afb2939396224be9af	True	unresolved	unresolved
sub-4	04	01	sub-4/ses-04/run-01/tsv-row-32	32	rest	1	221.688	5.0	55422	56672	sub-4/ses-04/eeg/sub-4_ses-04_task-imagery_run-01_eeg.edf	1250	True		sub-04	V	s	s	0	sub-04/ses-04/eeg/sub-04_ses-04_task-MotorImageryRest_run-01_eeg.vhdr	db25441f9e7300c4a3ed6fcebcd775132505dfbfa70670afb2939396224be9af	True	unresolved	unresolved
sub-4	04	02	sub-4/ses-04/run-02/tsv-row-1	1	rest	1	7.624	5.0	1906	3156	sub-4/ses-04/eeg/sub-4_ses-04_task-imagery_run-02_eeg.edf	1250	True		sub-04	V	s	s	0	sub-04/ses-04/eeg/sub-04_ses-04_task-MotorImageryRest_run-02_eeg.vhdr	75ea9db068d88fa327f73982505a7ba3b35c8bc3fd6ced47e0e36f5ad566bdd3	True	unresolved	unresolved
sub-4	04	02	sub-4/ses-04/run-02/tsv-row-2	2	right_hand	2	14.5	5.0	3625	4875	sub-4/ses-04/eeg/sub-4_ses-04_task-imagery_run-02_eeg.edf	1250	True		sub-04	V	s	s	0	sub-04/ses-04/eeg/sub-04_ses-04_task-MotorImageryRest_run-02_eeg.vhdr	75ea9db068d88fa327f73982505a7ba3b35c8bc3fd6ced47e0e36f5ad566bdd3	True	unresolved	unresolved
sub-4	04	02	sub-4/ses-04/run-02/tsv-row-3	3	right_hand	2	21.388	5.0	5347	6597	sub-4/ses-04/eeg/sub-4_ses-04_task-imagery_run-02_eeg.edf	1250	True		sub-04	V	s	s	0	sub-04/ses-04/eeg/sub-04_ses-04_task-MotorImageryRest_run-02_eeg.vhdr	75ea9db068d88fa327f73982505a7ba3b35c8bc3fd6ced47e0e36f5ad566bdd3	True	unresolved	unresolved
sub-4	04	02	sub-4/ses-04/run-02/tsv-row-4	4	rest	1	28.292	5.0	7073	8323	sub-4/ses-04/eeg/sub-4_ses-04_task-imagery_run-02_eeg.edf	1250	True		sub-04	V	s	s	0	sub-04/ses-04/eeg/sub-04_ses-04_task-MotorImageryRest_run-02_eeg.vhdr	75ea9db068d88fa327f73982505a7ba3b35c8bc3fd6ced47e0e36f5ad566bdd3	True	unresolved	unresolved
sub-4	04	02	sub-4/ses-04/run-02/tsv-row-5	5	rest	1	35.196	5.0	8799	10049	sub-4/ses-04/eeg/sub-4_ses-04_task-imagery_run-02_eeg.edf	1250	True		sub-04	V	s	s	0	sub-04/ses-04/eeg/sub-04_ses-04_task-MotorImageryRest_run-02_eeg.vhdr	75ea9db068d88fa327f73982505a7ba3b35c8bc3fd6ced47e0e36f5ad566bdd3	True	unresolved	unresolved
sub-4	04	02	sub-4/ses-04/run-02/tsv-row-6	6	right_hand	2	42.048	5.0	10512	11762	sub-4/ses-04/eeg/sub-4_ses-04_task-imagery_run-02_eeg.edf	1250	True		sub-04	V	s	s	0	sub-04/ses-04/eeg/sub-04_ses-04_task-MotorImageryRest_run-02_eeg.vhdr	75ea9db068d88fa327f73982505a7ba3b35c8bc3fd6ced47e0e36f5ad566bdd3	True	unresolved	unresolved
sub-4	04	02	sub-4/ses-04/run-02/tsv-row-7	7	rest	1	48.964	5.0	12241	13491	sub-4/ses-04/eeg/sub-4_ses-04_task-imagery_run-02_eeg.edf	1250	True		sub-04	V	s	s	0	sub-04/ses-04/eeg/sub-04_ses-04_task-MotorImageryRest_run-02_eeg.vhdr	75ea9db068d88fa327f73982505a7ba3b35c8bc3fd6ced47e0e36f5ad566bdd3	True	unresolved	unresolved
sub-4	04	02	sub-4/ses-04/run-02/tsv-row-8	8	right_hand	2	55.824	5.0	13956	15206	sub-4/ses-04/eeg/sub-4_ses-04_task-imagery_run-02_eeg.edf	1250	True		sub-04	V	s	s	0	sub-04/ses-04/eeg/sub-04_ses-04_task-MotorImageryRest_run-02_eeg.vhdr	75ea9db068d88fa327f73982505a7ba3b35c8bc3fd6ced47e0e36f5ad566bdd3	True	unresolved	unresolved
sub-4	04	02	sub-4/ses-04/run-02/tsv-row-9	9	right_hand	2	62.728	5.0	15682	16932	sub-4/ses-04/eeg/sub-4_ses-04_task-imagery_run-02_eeg.edf	1250	True		sub-04	V	s	s	0	sub-04/ses-04/eeg/sub-04_ses-04_task-MotorImageryRest_run-02_eeg.vhdr	75ea9db068d88fa327f73982505a7ba3b35c8bc3fd6ced47e0e36f5ad566bdd3	True	unresolved	unresolved
sub-4	04	02	sub-4/ses-04/run-02/tsv-row-10	10	rest	1	69.624	5.0	17406	18656	sub-4/ses-04/eeg/sub-4_ses-04_task-imagery_run-02_eeg.edf	1250	True		sub-04	V	s	s	0	sub-04/ses-04/eeg/sub-04_ses-04_task-MotorImageryRest_run-02_eeg.vhdr	75ea9db068d88fa327f73982505a7ba3b35c8bc3fd6ced47e0e36f5ad566bdd3	True	unresolved	unresolved
sub-4	04	02	sub-4/ses-04/run-02/tsv-row-11	11	rest	1	76.516	5.0	19129	20379	sub-4/ses-04/eeg/sub-4_ses-04_task-imagery_run-02_eeg.edf	1250	True		sub-04	V	s	s	0	sub-04/ses-04/eeg/sub-04_ses-04_task-MotorImageryRest_run-02_eeg.vhdr	75ea9db068d88fa327f73982505a7ba3b35c8bc3fd6ced47e0e36f5ad566bdd3	True	unresolved	unresolved
sub-4	04	02	sub-4/ses-04/run-02/tsv-row-12	12	right_hand	2	83.372	5.0	20843	22093	sub-4/ses-04/eeg/sub-4_ses-04_task-imagery_run-02_eeg.edf	1250	True		sub-04	V	s	s	0	sub-04/ses-04/eeg/sub-04_ses-04_task-MotorImageryRest_run-02_eeg.vhdr	75ea9db068d88fa327f73982505a7ba3b35c8bc3fd6ced47e0e36f5ad566bdd3	True	unresolved	unresolved
sub-4	04	02	sub-4/ses-04/run-02/tsv-row-13	13	rest	1	90.268	5.0	22567	23817	sub-4/ses-04/eeg/sub-4_ses-04_task-imagery_run-02_eeg.edf	1250	True		sub-04	V	s	s	0	sub-04/ses-04/eeg/sub-04_ses-04_task-MotorImageryRest_run-02_eeg.vhdr	75ea9db068d88fa327f73982505a7ba3b35c8bc3fd6ced47e0e36f5ad566bdd3	True	unresolved	unresolved
sub-4	04	02	sub-4/ses-04/run-02/tsv-row-14	14	right_hand	2	97.16	5.0	24290	25540	sub-4/ses-04/eeg/sub-4_ses-04_task-imagery_run-02_eeg.edf	1250	True		sub-04	V	s	s	0	sub-04/ses-04/eeg/sub-04_ses-04_task-MotorImageryRest_run-02_eeg.vhdr	75ea9db068d88fa327f73982505a7ba3b35c8bc3fd6ced47e0e36f5ad566bdd3	True	unresolved	unresolved
sub-4	04	02	sub-4/ses-04/run-02/tsv-row-15	15	right_hand	2	104.048	5.0	26012	27262	sub-4/ses-04/eeg/sub-4_ses-04_task-imagery_run-02_eeg.edf	1250	True		sub-04	V	s	s	0	sub-04/ses-04/eeg/sub-04_ses-04_task-MotorImageryRest_run-02_eeg.vhdr	75ea9db068d88fa327f73982505a7ba3b35c8bc3fd6ced47e0e36f5ad566bdd3	True	unresolved	unresolved
sub-4	04	02	sub-4/ses-04/run-02/tsv-row-16	16	rest	1	110.936	5.0	27734	28984	sub-4/ses-04/eeg/sub-4_ses-04_task-imagery_run-02_eeg.edf	1250	True		sub-04	V	s	s	0	sub-04/ses-04/eeg/sub-04_ses-04_task-MotorImageryRest_run-02_eeg.vhdr	75ea9db068d88fa327f73982505a7ba3b35c8bc3fd6ced47e0e36f5ad566bdd3	True	unresolved	unresolved
sub-4	04	02	sub-4/ses-04/run-02/tsv-row-17	17	right_hand	2	117.82	5.0	29455	30705	sub-4/ses-04/eeg/sub-4_ses-04_task-imagery_run-02_eeg.edf	1250	True		sub-04	V	s	s	0	sub-04/ses-04/eeg/sub-04_ses-04_task-MotorImageryRest_run-02_eeg.vhdr	75ea9db068d88fa327f73982505a7ba3b35c8bc3fd6ced47e0e36f5ad566bdd3	True	unresolved	unresolved
sub-4	04	02	sub-4/ses-04/run-02/tsv-row-18	18	rest	1	124.724	5.0	31181	32431	sub-4/ses-04/eeg/sub-4_ses-04_task-imagery_run-02_eeg.edf	1250	True		sub-04	V	s	s	0	sub-04/ses-04/eeg/sub-04_ses-04_task-MotorImageryRest_run-02_eeg.vhdr	75ea9db068d88fa327f73982505a7ba3b35c8bc3fd6ced47e0e36f5ad566bdd3	True	unresolved	unresolved
sub-4	04	02	sub-4/ses-04/run-02/tsv-row-19	19	rest	1	131.628	5.0	32907	34157	sub-4/ses-04/eeg/sub-4_ses-04_task-imagery_run-02_eeg.edf	1250	True		sub-04	V	s	s	0	sub-04/ses-04/eeg/sub-04_ses-04_task-MotorImageryRest_run-02_eeg.vhdr	75ea9db068d88fa327f73982505a7ba3b35c8bc3fd6ced47e0e36f5ad566bdd3	True	unresolved	unresolved
sub-4	04	02	sub-4/ses-04/run-02/tsv-row-20	20	right_hand	2	138.48	5.0	34620	35870	sub-4/ses-04/eeg/sub-4_ses-04_task-imagery_run-02_eeg.edf	1250	True		sub-04	V	s	s	0	sub-04/ses-04/eeg/sub-04_ses-04_task-MotorImageryRest_run-02_eeg.vhdr	75ea9db068d88fa327f73982505a7ba3b35c8bc3fd6ced47e0e36f5ad566bdd3	True	unresolved	unresolved
sub-4	04	02	sub-4/ses-04/run-02/tsv-row-21	21	right_hand	2	145.368	5.0	36342	37592	sub-4/ses-04/eeg/sub-4_ses-04_task-imagery_run-02_eeg.edf	1250	True		sub-04	V	s	s	0	sub-04/ses-04/eeg/sub-04_ses-04_task-MotorImageryRest_run-02_eeg.vhdr	75ea9db068d88fa327f73982505a7ba3b35c8bc3fd6ced47e0e36f5ad566bdd3	True	unresolved	unresolved
sub-4	04	02	sub-4/ses-04/run-02/tsv-row-22	22	rest	1	152.272	5.0	38068	39318	sub-4/ses-04/eeg/sub-4_ses-04_task-imagery_run-02_eeg.edf	1250	True		sub-04	V	s	s	0	sub-04/ses-04/eeg/sub-04_ses-04_task-MotorImageryRest_run-02_eeg.vhdr	75ea9db068d88fa327f73982505a7ba3b35c8bc3fd6ced47e0e36f5ad566bdd3	True	unresolved	unresolved
sub-4	04	02	sub-4/ses-04/run-02/tsv-row-23	23	rest	1	159.176	5.0	39794	41044	sub-4/ses-04/eeg/sub-4_ses-04_task-imagery_run-02_eeg.edf	1250	True		sub-04	V	s	s	0	sub-04/ses-04/eeg/sub-04_ses-04_task-MotorImageryRest_run-02_eeg.vhdr	75ea9db068d88fa327f73982505a7ba3b35c8bc3fd6ced47e0e36f5ad566bdd3	True	unresolved	unresolved
sub-4	04	02	sub-4/ses-04/run-02/tsv-row-24	24	right_hand	2	166.044	5.0	41511	42761	sub-4/ses-04/eeg/sub-4_ses-04_task-imagery_run-02_eeg.edf	1250	True		sub-04	V	s	s	0	sub-04/ses-04/eeg/sub-04_ses-04_task-MotorImageryRest_run-02_eeg.vhdr	75ea9db068d88fa327f73982505a7ba3b35c8bc3fd6ced47e0e36f5ad566bdd3	True	unresolved	unresolved
sub-4	04	02	sub-4/ses-04/run-02/tsv-row-25	25	rest	1	172.932	5.0	43233	44483	sub-4/ses-04/eeg/sub-4_ses-04_task-imagery_run-02_eeg.edf	1250	True		sub-04	V	s	s	0	sub-04/ses-04/eeg/sub-04_ses-04_task-MotorImageryRest_run-02_eeg.vhdr	75ea9db068d88fa327f73982505a7ba3b35c8bc3fd6ced47e0e36f5ad566bdd3	True	unresolved	unresolved
sub-4	04	02	sub-4/ses-04/run-02/tsv-row-26	26	right_hand	2	179.82	5.0	44955	46205	sub-4/ses-04/eeg/sub-4_ses-04_task-imagery_run-02_eeg.edf	1250	True		sub-04	V	s	s	0	sub-04/ses-04/eeg/sub-04_ses-04_task-MotorImageryRest_run-02_eeg.vhdr	75ea9db068d88fa327f73982505a7ba3b35c8bc3fd6ced47e0e36f5ad566bdd3	True	unresolved	unresolved
sub-4	04	02	sub-4/ses-04/run-02/tsv-row-27	27	right_hand	2	186.704	5.0	46676	47926	sub-4/ses-04/eeg/sub-4_ses-04_task-imagery_run-02_eeg.edf	1250	True		sub-04	V	s	s	0	sub-04/ses-04/eeg/sub-04_ses-04_task-MotorImageryRest_run-02_eeg.vhdr	75ea9db068d88fa327f73982505a7ba3b35c8bc3fd6ced47e0e36f5ad566bdd3	True	unresolved	unresolved
sub-4	04	02	sub-4/ses-04/run-02/tsv-row-28	28	rest	1	193.612	5.0	48403	49653	sub-4/ses-04/eeg/sub-4_ses-04_task-imagery_run-02_eeg.edf	1250	True		sub-04	V	s	s	0	sub-04/ses-04/eeg/sub-04_ses-04_task-MotorImageryRest_run-02_eeg.vhdr	75ea9db068d88fa327f73982505a7ba3b35c8bc3fd6ced47e0e36f5ad566bdd3	True	unresolved	unresolved
sub-4	04	02	sub-4/ses-04/run-02/tsv-row-29	29	rest	1	200.496	5.0	50124	51374	sub-4/ses-04/eeg/sub-4_ses-04_task-imagery_run-02_eeg.edf	1250	True		sub-04	V	s	s	0	sub-04/ses-04/eeg/sub-04_ses-04_task-MotorImageryRest_run-02_eeg.vhdr	75ea9db068d88fa327f73982505a7ba3b35c8bc3fd6ced47e0e36f5ad566bdd3	True	unresolved	unresolved
sub-4	04	02	sub-4/ses-04/run-02/tsv-row-30	30	right_hand	2	207.364	5.0	51841	53091	sub-4/ses-04/eeg/sub-4_ses-04_task-imagery_run-02_eeg.edf	1250	True		sub-04	V	s	s	0	sub-04/ses-04/eeg/sub-04_ses-04_task-MotorImageryRest_run-02_eeg.vhdr	75ea9db068d88fa327f73982505a7ba3b35c8bc3fd6ced47e0e36f5ad566bdd3	True	unresolved	unresolved
sub-4	04	02	sub-4/ses-04/run-02/tsv-row-31	31	rest	1	214.272	5.0	53568	54818	sub-4/ses-04/eeg/sub-4_ses-04_task-imagery_run-02_eeg.edf	1250	True		sub-04	V	s	s	0	sub-04/ses-04/eeg/sub-04_ses-04_task-MotorImageryRest_run-02_eeg.vhdr	75ea9db068d88fa327f73982505a7ba3b35c8bc3fd6ced47e0e36f5ad566bdd3	True	unresolved	unresolved
sub-4	04	02	sub-4/ses-04/run-02/tsv-row-32	32	right_hand	2	221.156	5.0	55289	56539	sub-4/ses-04/eeg/sub-4_ses-04_task-imagery_run-02_eeg.edf	1250	True		sub-04	V	s	s	0	sub-04/ses-04/eeg/sub-04_ses-04_task-MotorImageryRest_run-02_eeg.vhdr	75ea9db068d88fa327f73982505a7ba3b35c8bc3fd6ced47e0e36f5ad566bdd3	True	unresolved	unresolved
sub-4	04	03	sub-4/ses-04/run-03/tsv-row-1	1	right_hand	2	7.68	5.0	1920	3170	sub-4/ses-04/eeg/sub-4_ses-04_task-imagery_run-03_eeg.edf	1250	True		sub-04	V	s	s	0	sub-04/ses-04/eeg/sub-04_ses-04_task-MotorImageryRest_run-03_eeg.vhdr	455fc2608f3f603cca9a67071d1fcd36954ae6c6de4a2fc2812dc0f8c46db226	True	unresolved	unresolved
sub-4	04	03	sub-4/ses-04/run-03/tsv-row-2	2	rest	1	14.608	5.0	3652	4902	sub-4/ses-04/eeg/sub-4_ses-04_task-imagery_run-03_eeg.edf	1250	True		sub-04	V	s	s	0	sub-04/ses-04/eeg/sub-04_ses-04_task-MotorImageryRest_run-03_eeg.vhdr	455fc2608f3f603cca9a67071d1fcd36954ae6c6de4a2fc2812dc0f8c46db226	True	unresolved	unresolved
sub-4	04	03	sub-4/ses-04/run-03/tsv-row-3	3	right_hand	2	21.476	5.0	5369	6619	sub-4/ses-04/eeg/sub-4_ses-04_task-imagery_run-03_eeg.edf	1250	True		sub-04	V	s	s	0	sub-04/ses-04/eeg/sub-04_ses-04_task-MotorImageryRest_run-03_eeg.vhdr	455fc2608f3f603cca9a67071d1fcd36954ae6c6de4a2fc2812dc0f8c46db226	True	unresolved	unresolved
sub-4	04	03	sub-4/ses-04/run-03/tsv-row-4	4	rest	1	28.38	5.0	7095	8345	sub-4/ses-04/eeg/sub-4_ses-04_task-imagery_run-03_eeg.edf	1250	True		sub-04	V	s	s	0	sub-04/ses-04/eeg/sub-04_ses-04_task-MotorImageryRest_run-03_eeg.vhdr	455fc2608f3f603cca9a67071d1fcd36954ae6c6de4a2fc2812dc0f8c46db226	True	unresolved	unresolved
sub-4	04	03	sub-4/ses-04/run-03/tsv-row-5	5	right_hand	2	35.248	5.0	8812	10062	sub-4/ses-04/eeg/sub-4_ses-04_task-imagery_run-03_eeg.edf	1250	True		sub-04	V	s	s	0	sub-04/ses-04/eeg/sub-04_ses-04_task-MotorImageryRest_run-03_eeg.vhdr	455fc2608f3f603cca9a67071d1fcd36954ae6c6de4a2fc2812dc0f8c46db226	True	unresolved	unresolved
sub-4	04	03	sub-4/ses-04/run-03/tsv-row-6	6	rest	1	42.152	5.0	10538	11788	sub-4/ses-04/eeg/sub-4_ses-04_task-imagery_run-03_eeg.edf	1250	True		sub-04	V	s	s	0	sub-04/ses-04/eeg/sub-04_ses-04_task-MotorImageryRest_run-03_eeg.vhdr	455fc2608f3f603cca9a67071d1fcd36954ae6c6de4a2fc2812dc0f8c46db226	True	unresolved	unresolved
sub-4	04	03	sub-4/ses-04/run-03/tsv-row-7	7	right_hand	2	49.024	5.0	12256	13506	sub-4/ses-04/eeg/sub-4_ses-04_task-imagery_run-03_eeg.edf	1250	True		sub-04	V	s	s	0	sub-04/ses-04/eeg/sub-04_ses-04_task-MotorImageryRest_run-03_eeg.vhdr	455fc2608f3f603cca9a67071d1fcd36954ae6c6de4a2fc2812dc0f8c46db226	True	unresolved	unresolved
sub-4	04	03	sub-4/ses-04/run-03/tsv-row-8	8	rest	1	55.928	5.0	13982	15232	sub-4/ses-04/eeg/sub-4_ses-04_task-imagery_run-03_eeg.edf	1250	True		sub-04	V	s	s	0	sub-04/ses-04/eeg/sub-04_ses-04_task-MotorImageryRest_run-03_eeg.vhdr	455fc2608f3f603cca9a67071d1fcd36954ae6c6de4a2fc2812dc0f8c46db226	True	unresolved	unresolved
sub-4	04	03	sub-4/ses-04/run-03/tsv-row-9	9	rest	1	62.828	5.0	15707	16957	sub-4/ses-04/eeg/sub-4_ses-04_task-imagery_run-03_eeg.edf	1250	True		sub-04	V	s	s	0	sub-04/ses-04/eeg/sub-04_ses-04_task-MotorImageryRest_run-03_eeg.vhdr	455fc2608f3f603cca9a67071d1fcd36954ae6c6de4a2fc2812dc0f8c46db226	True	unresolved	unresolved
sub-4	04	03	sub-4/ses-04/run-03/tsv-row-10	10	right_hand	2	69.684	5.0	17421	18671	sub-4/ses-04/eeg/sub-4_ses-04_task-imagery_run-03_eeg.edf	1250	True		sub-04	V	s	s	0	sub-04/ses-04/eeg/sub-04_ses-04_task-MotorImageryRest_run-03_eeg.vhdr	455fc2608f3f603cca9a67071d1fcd36954ae6c6de4a2fc2812dc0f8c46db226	True	unresolved	unresolved
sub-4	04	03	sub-4/ses-04/run-03/tsv-row-11	11	rest	1	76.604	5.0	19151	20401	sub-4/ses-04/eeg/sub-4_ses-04_task-imagery_run-03_eeg.edf	1250	True		sub-04	V	s	s	0	sub-04/ses-04/eeg/sub-04_ses-04_task-MotorImageryRest_run-03_eeg.vhdr	455fc2608f3f603cca9a67071d1fcd36954ae6c6de4a2fc2812dc0f8c46db226	True	unresolved	unresolved
sub-4	04	03	sub-4/ses-04/run-03/tsv-row-12	12	right_hand	2	83.456	5.0	20864	22114	sub-4/ses-04/eeg/sub-4_ses-04_task-imagery_run-03_eeg.edf	1250	True		sub-04	V	s	s	0	sub-04/ses-04/eeg/sub-04_ses-04_task-MotorImageryRest_run-03_eeg.vhdr	455fc2608f3f603cca9a67071d1fcd36954ae6c6de4a2fc2812dc0f8c46db226	True	unresolved	unresolved
sub-4	04	03	sub-4/ses-04/run-03/tsv-row-13	13	right_hand	2	90.36	5.0	22590	23840	sub-4/ses-04/eeg/sub-4_ses-04_task-imagery_run-03_eeg.edf	1250	True		sub-04	V	s	s	0	sub-04/ses-04/eeg/sub-04_ses-04_task-MotorImageryRest_run-03_eeg.vhdr	455fc2608f3f603cca9a67071d1fcd36954ae6c6de4a2fc2812dc0f8c46db226	True	unresolved	unresolved
sub-4	04	03	sub-4/ses-04/run-03/tsv-row-14	14	rest	1	97.264	5.0	24316	25566	sub-4/ses-04/eeg/sub-4_ses-04_task-imagery_run-03_eeg.edf	1250	True		sub-04	V	s	s	0	sub-04/ses-04/eeg/sub-04_ses-04_task-MotorImageryRest_run-03_eeg.vhdr	455fc2608f3f603cca9a67071d1fcd36954ae6c6de4a2fc2812dc0f8c46db226	True	unresolved	unresolved
sub-4	04	03	sub-4/ses-04/run-03/tsv-row-15	15	right_hand	2	104.136	5.0	26034	27284	sub-4/ses-04/eeg/sub-4_ses-04_task-imagery_run-03_eeg.edf	1250	True		sub-04	V	s	s	0	sub-04/ses-04/eeg/sub-04_ses-04_task-MotorImageryRest_run-03_eeg.vhdr	455fc2608f3f603cca9a67071d1fcd36954ae6c6de4a2fc2812dc0f8c46db226	True	unresolved	unresolved
sub-4	04	03	sub-4/ses-04/run-03/tsv-row-16	16	rest	1	111.036	5.0	27759	29009	sub-4/ses-04/eeg/sub-4_ses-04_task-imagery_run-03_eeg.edf	1250	True		sub-04	V	s	s	0	sub-04/ses-04/eeg/sub-04_ses-04_task-MotorImageryRest_run-03_eeg.vhdr	455fc2608f3f603cca9a67071d1fcd36954ae6c6de4a2fc2812dc0f8c46db226	True	unresolved	unresolved
sub-4	04	03	sub-4/ses-04/run-03/tsv-row-17	17	right_hand	2	117.908	5.0	29477	30727	sub-4/ses-04/eeg/sub-4_ses-04_task-imagery_run-03_eeg.edf	1250	True		sub-04	V	s	s	0	sub-04/ses-04/eeg/sub-04_ses-04_task-MotorImageryRest_run-03_eeg.vhdr	455fc2608f3f603cca9a67071d1fcd36954ae6c6de4a2fc2812dc0f8c46db226	True	unresolved	unresolved
sub-4	04	03	sub-4/ses-04/run-03/tsv-row-18	18	rest	1	124.812	5.0	31203	32453	sub-4/ses-04/eeg/sub-4_ses-04_task-imagery_run-03_eeg.edf	1250	True		sub-04	V	s	s	0	sub-04/ses-04/eeg/sub-04_ses-04_task-MotorImageryRest_run-03_eeg.vhdr	455fc2608f3f603cca9a67071d1fcd36954ae6c6de4a2fc2812dc0f8c46db226	True	unresolved	unresolved
sub-4	04	03	sub-4/ses-04/run-03/tsv-row-19	19	right_hand	2	131.68	5.0	32920	34170	sub-4/ses-04/eeg/sub-4_ses-04_task-imagery_run-03_eeg.edf	1250	True		sub-04	V	s	s	0	sub-04/ses-04/eeg/sub-04_ses-04_task-MotorImageryRest_run-03_eeg.vhdr	455fc2608f3f603cca9a67071d1fcd36954ae6c6de4a2fc2812dc0f8c46db226	True	unresolved	unresolved
sub-4	04	03	sub-4/ses-04/run-03/tsv-row-20	20	rest	1	138.584	5.0	34646	35896	sub-4/ses-04/eeg/sub-4_ses-04_task-imagery_run-03_eeg.edf	1250	True		sub-04	V	s	s	0	sub-04/ses-04/eeg/sub-04_ses-04_task-MotorImageryRest_run-03_eeg.vhdr	455fc2608f3f603cca9a67071d1fcd36954ae6c6de4a2fc2812dc0f8c46db226	True	unresolved	unresolved
sub-4	04	03	sub-4/ses-04/run-03/tsv-row-21	21	right_hand	2	145.456	5.0	36364	37614	sub-4/ses-04/eeg/sub-4_ses-04_task-imagery_run-03_eeg.edf	1250	True		sub-04	V	s	s	0	sub-04/ses-04/eeg/sub-04_ses-04_task-MotorImageryRest_run-03_eeg.vhdr	455fc2608f3f603cca9a67071d1fcd36954ae6c6de4a2fc2812dc0f8c46db226	True	unresolved	unresolved
sub-4	04	03	sub-4/ses-04/run-03/tsv-row-22	22	rest	1	152.356	5.0	38089	39339	sub-4/ses-04/eeg/sub-4_ses-04_task-imagery_run-03_eeg.edf	1250	True		sub-04	V	s	s	0	sub-04/ses-04/eeg/sub-04_ses-04_task-MotorImageryRest_run-03_eeg.vhdr	455fc2608f3f603cca9a67071d1fcd36954ae6c6de4a2fc2812dc0f8c46db226	True	unresolved	unresolved
sub-4	04	03	sub-4/ses-04/run-03/tsv-row-23	23	right_hand	2	159.228	5.0	39807	41057	sub-4/ses-04/eeg/sub-4_ses-04_task-imagery_run-03_eeg.edf	1250	True		sub-04	V	s	s	0	sub-04/ses-04/eeg/sub-04_ses-04_task-MotorImageryRest_run-03_eeg.vhdr	455fc2608f3f603cca9a67071d1fcd36954ae6c6de4a2fc2812dc0f8c46db226	True	unresolved	unresolved
sub-4	04	03	sub-4/ses-04/run-03/tsv-row-24	24	rest	1	166.144	5.0	41536	42786	sub-4/ses-04/eeg/sub-4_ses-04_task-imagery_run-03_eeg.edf	1250	True		sub-04	V	s	s	0	sub-04/ses-04/eeg/sub-04_ses-04_task-MotorImageryRest_run-03_eeg.vhdr	455fc2608f3f603cca9a67071d1fcd36954ae6c6de4a2fc2812dc0f8c46db226	True	unresolved	unresolved
sub-4	04	03	sub-4/ses-04/run-03/tsv-row-25	25	right_hand	2	173.004	5.0	43251	44501	sub-4/ses-04/eeg/sub-4_ses-04_task-imagery_run-03_eeg.edf	1250	True		sub-04	V	s	s	0	sub-04/ses-04/eeg/sub-04_ses-04_task-MotorImageryRest_run-03_eeg.vhdr	455fc2608f3f603cca9a67071d1fcd36954ae6c6de4a2fc2812dc0f8c46db226	True	unresolved	unresolved
sub-4	04	03	sub-4/ses-04/run-03/tsv-row-26	26	rest	1	179.904	5.0	44976	46226	sub-4/ses-04/eeg/sub-4_ses-04_task-imagery_run-03_eeg.edf	1250	True		sub-04	V	s	s	0	sub-04/ses-04/eeg/sub-04_ses-04_task-MotorImageryRest_run-03_eeg.vhdr	455fc2608f3f603cca9a67071d1fcd36954ae6c6de4a2fc2812dc0f8c46db226	True	unresolved	unresolved
sub-4	04	03	sub-4/ses-04/run-03/tsv-row-27	27	rest	1	186.812	5.0	46703	47953	sub-4/ses-04/eeg/sub-4_ses-04_task-imagery_run-03_eeg.edf	1250	True		sub-04	V	s	s	0	sub-04/ses-04/eeg/sub-04_ses-04_task-MotorImageryRest_run-03_eeg.vhdr	455fc2608f3f603cca9a67071d1fcd36954ae6c6de4a2fc2812dc0f8c46db226	True	unresolved	unresolved
sub-4	04	03	sub-4/ses-04/run-03/tsv-row-28	28	right_hand	2	193.68	5.0	48420	49670	sub-4/ses-04/eeg/sub-4_ses-04_task-imagery_run-03_eeg.edf	1250	True		sub-04	V	s	s	0	sub-04/ses-04/eeg/sub-04_ses-04_task-MotorImageryRest_run-03_eeg.vhdr	455fc2608f3f603cca9a67071d1fcd36954ae6c6de4a2fc2812dc0f8c46db226	True	unresolved	unresolved
sub-4	04	03	sub-4/ses-04/run-03/tsv-row-29	29	right_hand	2	200.548	5.0	50137	51387	sub-4/ses-04/eeg/sub-4_ses-04_task-imagery_run-03_eeg.edf	1250	True		sub-04	V	s	s	0	sub-04/ses-04/eeg/sub-04_ses-04_task-MotorImageryRest_run-03_eeg.vhdr	455fc2608f3f603cca9a67071d1fcd36954ae6c6de4a2fc2812dc0f8c46db226	True	unresolved	unresolved
sub-4	04	03	sub-4/ses-04/run-03/tsv-row-30	30	rest	1	207.468	5.0	51867	53117	sub-4/ses-04/eeg/sub-4_ses-04_task-imagery_run-03_eeg.edf	1250	True		sub-04	V	s	s	0	sub-04/ses-04/eeg/sub-04_ses-04_task-MotorImageryRest_run-03_eeg.vhdr	455fc2608f3f603cca9a67071d1fcd36954ae6c6de4a2fc2812dc0f8c46db226	True	unresolved	unresolved
sub-4	04	03	sub-4/ses-04/run-03/tsv-row-31	31	rest	1	214.356	5.0	53589	54839	sub-4/ses-04/eeg/sub-4_ses-04_task-imagery_run-03_eeg.edf	1250	True		sub-04	V	s	s	0	sub-04/ses-04/eeg/sub-04_ses-04_task-MotorImageryRest_run-03_eeg.vhdr	455fc2608f3f603cca9a67071d1fcd36954ae6c6de4a2fc2812dc0f8c46db226	True	unresolved	unresolved
sub-4	04	03	sub-4/ses-04/run-03/tsv-row-32	32	right_hand	2	221.228	5.0	55307	56557	sub-4/ses-04/eeg/sub-4_ses-04_task-imagery_run-03_eeg.edf	1250	True		sub-04	V	s	s	0	sub-04/ses-04/eeg/sub-04_ses-04_task-MotorImageryRest_run-03_eeg.vhdr	455fc2608f3f603cca9a67071d1fcd36954ae6c6de4a2fc2812dc0f8c46db226	True	unresolved	unresolved
sub-4	04	04	sub-4/ses-04/run-04/tsv-row-1	1	right_hand	2	24.144	5.0	6036	7286	sub-4/ses-04/eeg/sub-4_ses-04_task-imagery_run-04_eeg.edf	1250	True		sub-04	V	s	s	0	sub-04/ses-04/eeg/sub-04_ses-04_task-MotorImageryRest_run-04_eeg.vhdr	aa53f46b22d2c4cf64d88017a764250c4bf8faa98272b4ee2767e866bcc0669d	True	unresolved	unresolved
sub-4	04	04	sub-4/ses-04/run-04/tsv-row-2	2	rest	1	31.14	5.0	7785	9035	sub-4/ses-04/eeg/sub-4_ses-04_task-imagery_run-04_eeg.edf	1250	True		sub-04	V	s	s	0	sub-04/ses-04/eeg/sub-04_ses-04_task-MotorImageryRest_run-04_eeg.vhdr	aa53f46b22d2c4cf64d88017a764250c4bf8faa98272b4ee2767e866bcc0669d	True	unresolved	unresolved
sub-4	04	04	sub-4/ses-04/run-04/tsv-row-3	3	rest	1	38.044	5.0	9511	10761	sub-4/ses-04/eeg/sub-4_ses-04_task-imagery_run-04_eeg.edf	1250	True		sub-04	V	s	s	0	sub-04/ses-04/eeg/sub-04_ses-04_task-MotorImageryRest_run-04_eeg.vhdr	aa53f46b22d2c4cf64d88017a764250c4bf8faa98272b4ee2767e866bcc0669d	True	unresolved	unresolved
sub-4	04	04	sub-4/ses-04/run-04/tsv-row-4	4	right_hand	2	44.904	5.0	11226	12476	sub-4/ses-04/eeg/sub-4_ses-04_task-imagery_run-04_eeg.edf	1250	True		sub-04	V	s	s	0	sub-04/ses-04/eeg/sub-04_ses-04_task-MotorImageryRest_run-04_eeg.vhdr	aa53f46b22d2c4cf64d88017a764250c4bf8faa98272b4ee2767e866bcc0669d	True	unresolved	unresolved
sub-4	04	04	sub-4/ses-04/run-04/tsv-row-5	5	rest	1	51.8	5.0	12950	14200	sub-4/ses-04/eeg/sub-4_ses-04_task-imagery_run-04_eeg.edf	1250	True		sub-04	V	s	s	0	sub-04/ses-04/eeg/sub-04_ses-04_task-MotorImageryRest_run-04_eeg.vhdr	aa53f46b22d2c4cf64d88017a764250c4bf8faa98272b4ee2767e866bcc0669d	True	unresolved	unresolved
sub-4	04	04	sub-4/ses-04/run-04/tsv-row-6	6	right_hand	2	58.692	5.0	14673	15923	sub-4/ses-04/eeg/sub-4_ses-04_task-imagery_run-04_eeg.edf	1250	True		sub-04	V	s	s	0	sub-04/ses-04/eeg/sub-04_ses-04_task-MotorImageryRest_run-04_eeg.vhdr	aa53f46b22d2c4cf64d88017a764250c4bf8faa98272b4ee2767e866bcc0669d	True	unresolved	unresolved
sub-4	04	04	sub-4/ses-04/run-04/tsv-row-7	7	right_hand	2	65.58	5.0	16395	17645	sub-4/ses-04/eeg/sub-4_ses-04_task-imagery_run-04_eeg.edf	1250	True		sub-04	V	s	s	0	sub-04/ses-04/eeg/sub-04_ses-04_task-MotorImageryRest_run-04_eeg.vhdr	aa53f46b22d2c4cf64d88017a764250c4bf8faa98272b4ee2767e866bcc0669d	True	unresolved	unresolved
sub-4	04	04	sub-4/ses-04/run-04/tsv-row-8	8	rest	1	72.46	5.0	18115	19365	sub-4/ses-04/eeg/sub-4_ses-04_task-imagery_run-04_eeg.edf	1250	True		sub-04	V	s	s	0	sub-04/ses-04/eeg/sub-04_ses-04_task-MotorImageryRest_run-04_eeg.vhdr	aa53f46b22d2c4cf64d88017a764250c4bf8faa98272b4ee2767e866bcc0669d	True	unresolved	unresolved
sub-4	04	04	sub-4/ses-04/run-04/tsv-row-9	9	rest	1	79.364	5.0	19841	21091	sub-4/ses-04/eeg/sub-4_ses-04_task-imagery_run-04_eeg.edf	1250	True		sub-04	V	s	s	0	sub-04/ses-04/eeg/sub-04_ses-04_task-MotorImageryRest_run-04_eeg.vhdr	aa53f46b22d2c4cf64d88017a764250c4bf8faa98272b4ee2767e866bcc0669d	True	unresolved	unresolved
sub-4	04	04	sub-4/ses-04/run-04/tsv-row-10	10	right_hand	2	86.24	5.0	21560	22810	sub-4/ses-04/eeg/sub-4_ses-04_task-imagery_run-04_eeg.edf	1250	True		sub-04	V	s	s	0	sub-04/ses-04/eeg/sub-04_ses-04_task-MotorImageryRest_run-04_eeg.vhdr	aa53f46b22d2c4cf64d88017a764250c4bf8faa98272b4ee2767e866bcc0669d	True	unresolved	unresolved
sub-4	04	04	sub-4/ses-04/run-04/tsv-row-11	11	right_hand	2	93.128	5.0	23282	24532	sub-4/ses-04/eeg/sub-4_ses-04_task-imagery_run-04_eeg.edf	1250	True		sub-04	V	s	s	0	sub-04/ses-04/eeg/sub-04_ses-04_task-MotorImageryRest_run-04_eeg.vhdr	aa53f46b22d2c4cf64d88017a764250c4bf8faa98272b4ee2767e866bcc0669d	True	unresolved	unresolved
sub-4	04	04	sub-4/ses-04/run-04/tsv-row-12	12	rest	1	100.024	5.0	25006	26256	sub-4/ses-04/eeg/sub-4_ses-04_task-imagery_run-04_eeg.edf	1250	True		sub-04	V	s	s	0	sub-04/ses-04/eeg/sub-04_ses-04_task-MotorImageryRest_run-04_eeg.vhdr	aa53f46b22d2c4cf64d88017a764250c4bf8faa98272b4ee2767e866bcc0669d	True	unresolved	unresolved
sub-4	04	04	sub-4/ses-04/run-04/tsv-row-13	13	rest	1	106.912	5.0	26728	27978	sub-4/ses-04/eeg/sub-4_ses-04_task-imagery_run-04_eeg.edf	1250	True		sub-04	V	s	s	0	sub-04/ses-04/eeg/sub-04_ses-04_task-MotorImageryRest_run-04_eeg.vhdr	aa53f46b22d2c4cf64d88017a764250c4bf8faa98272b4ee2767e866bcc0669d	True	unresolved	unresolved
sub-4	04	04	sub-4/ses-04/run-04/tsv-row-14	14	right_hand	2	113.788	5.0	28447	29697	sub-4/ses-04/eeg/sub-4_ses-04_task-imagery_run-04_eeg.edf	1250	True		sub-04	V	s	s	0	sub-04/ses-04/eeg/sub-04_ses-04_task-MotorImageryRest_run-04_eeg.vhdr	aa53f46b22d2c4cf64d88017a764250c4bf8faa98272b4ee2767e866bcc0669d	True	unresolved	unresolved
sub-4	04	04	sub-4/ses-04/run-04/tsv-row-15	15	rest	1	120.684	5.0	30171	31421	sub-4/ses-04/eeg/sub-4_ses-04_task-imagery_run-04_eeg.edf	1250	True		sub-04	V	s	s	0	sub-04/ses-04/eeg/sub-04_ses-04_task-MotorImageryRest_run-04_eeg.vhdr	aa53f46b22d2c4cf64d88017a764250c4bf8faa98272b4ee2767e866bcc0669d	True	unresolved	unresolved
sub-4	04	04	sub-4/ses-04/run-04/tsv-row-16	16	right_hand	2	127.56	5.0	31890	33140	sub-4/ses-04/eeg/sub-4_ses-04_task-imagery_run-04_eeg.edf	1250	True		sub-04	V	s	s	0	sub-04/ses-04/eeg/sub-04_ses-04_task-MotorImageryRest_run-04_eeg.vhdr	aa53f46b22d2c4cf64d88017a764250c4bf8faa98272b4ee2767e866bcc0669d	True	unresolved	unresolved
sub-4	04	04	sub-4/ses-04/run-04/tsv-row-17	17	rest	1	134.46	5.0	33615	34865	sub-4/ses-04/eeg/sub-4_ses-04_task-imagery_run-04_eeg.edf	1250	True		sub-04	V	s	s	0	sub-04/ses-04/eeg/sub-04_ses-04_task-MotorImageryRest_run-04_eeg.vhdr	aa53f46b22d2c4cf64d88017a764250c4bf8faa98272b4ee2767e866bcc0669d	True	unresolved	unresolved
sub-4	04	04	sub-4/ses-04/run-04/tsv-row-18	18	right_hand	2	141.336	5.0	35334	36584	sub-4/ses-04/eeg/sub-4_ses-04_task-imagery_run-04_eeg.edf	1250	True		sub-04	V	s	s	0	sub-04/ses-04/eeg/sub-04_ses-04_task-MotorImageryRest_run-04_eeg.vhdr	aa53f46b22d2c4cf64d88017a764250c4bf8faa98272b4ee2767e866bcc0669d	True	unresolved	unresolved
sub-4	04	04	sub-4/ses-04/run-04/tsv-row-19	19	right_hand	2	148.236	5.0	37059	38309	sub-4/ses-04/eeg/sub-4_ses-04_task-imagery_run-04_eeg.edf	1250	True		sub-04	V	s	s	0	sub-04/ses-04/eeg/sub-04_ses-04_task-MotorImageryRest_run-04_eeg.vhdr	aa53f46b22d2c4cf64d88017a764250c4bf8faa98272b4ee2767e866bcc0669d	True	unresolved	unresolved
sub-4	04	04	sub-4/ses-04/run-04/tsv-row-20	20	rest	1	155.12	5.0	38780	40030	sub-4/ses-04/eeg/sub-4_ses-04_task-imagery_run-04_eeg.edf	1250	True		sub-04	V	s	s	0	sub-04/ses-04/eeg/sub-04_ses-04_task-MotorImageryRest_run-04_eeg.vhdr	aa53f46b22d2c4cf64d88017a764250c4bf8faa98272b4ee2767e866bcc0669d	True	unresolved	unresolved
sub-4	04	04	sub-4/ses-04/run-04/tsv-row-21	21	right_hand	2	161.996	5.0	40499	41749	sub-4/ses-04/eeg/sub-4_ses-04_task-imagery_run-04_eeg.edf	1250	True		sub-04	V	s	s	0	sub-04/ses-04/eeg/sub-04_ses-04_task-MotorImageryRest_run-04_eeg.vhdr	aa53f46b22d2c4cf64d88017a764250c4bf8faa98272b4ee2767e866bcc0669d	True	unresolved	unresolved
sub-4	04	04	sub-4/ses-04/run-04/tsv-row-22	22	rest	1	168.908	5.0	42227	43477	sub-4/ses-04/eeg/sub-4_ses-04_task-imagery_run-04_eeg.edf	1250	True		sub-04	V	s	s	0	sub-04/ses-04/eeg/sub-04_ses-04_task-MotorImageryRest_run-04_eeg.vhdr	aa53f46b22d2c4cf64d88017a764250c4bf8faa98272b4ee2767e866bcc0669d	True	unresolved	unresolved
sub-4	04	04	sub-4/ses-04/run-04/tsv-row-23	23	rest	1	175.796	5.0	43949	45199	sub-4/ses-04/eeg/sub-4_ses-04_task-imagery_run-04_eeg.edf	1250	True		sub-04	V	s	s	0	sub-04/ses-04/eeg/sub-04_ses-04_task-MotorImageryRest_run-04_eeg.vhdr	aa53f46b22d2c4cf64d88017a764250c4bf8faa98272b4ee2767e866bcc0669d	True	unresolved	unresolved
sub-4	04	04	sub-4/ses-04/run-04/tsv-row-24	24	right_hand	2	182.656	5.0	45664	46914	sub-4/ses-04/eeg/sub-4_ses-04_task-imagery_run-04_eeg.edf	1250	True		sub-04	V	s	s	0	sub-04/ses-04/eeg/sub-04_ses-04_task-MotorImageryRest_run-04_eeg.vhdr	aa53f46b22d2c4cf64d88017a764250c4bf8faa98272b4ee2767e866bcc0669d	True	unresolved	unresolved
sub-4	04	04	sub-4/ses-04/run-04/tsv-row-25	25	right_hand	2	189.56	5.0	47390	48640	sub-4/ses-04/eeg/sub-4_ses-04_task-imagery_run-04_eeg.edf	1250	True		sub-04	V	s	s	0	sub-04/ses-04/eeg/sub-04_ses-04_task-MotorImageryRest_run-04_eeg.vhdr	aa53f46b22d2c4cf64d88017a764250c4bf8faa98272b4ee2767e866bcc0669d	True	unresolved	unresolved
sub-4	04	04	sub-4/ses-04/run-04/tsv-row-26	26	rest	1	196.456	5.0	49114	50364	sub-4/ses-04/eeg/sub-4_ses-04_task-imagery_run-04_eeg.edf	1250	True		sub-04	V	s	s	0	sub-04/ses-04/eeg/sub-04_ses-04_task-MotorImageryRest_run-04_eeg.vhdr	aa53f46b22d2c4cf64d88017a764250c4bf8faa98272b4ee2767e866bcc0669d	True	unresolved	unresolved
sub-4	04	04	sub-4/ses-04/run-04/tsv-row-27	27	rest	1	203.344	5.0	50836	52086	sub-4/ses-04/eeg/sub-4_ses-04_task-imagery_run-04_eeg.edf	1250	True		sub-04	V	s	s	0	sub-04/ses-04/eeg/sub-04_ses-04_task-MotorImageryRest_run-04_eeg.vhdr	aa53f46b22d2c4cf64d88017a764250c4bf8faa98272b4ee2767e866bcc0669d	True	unresolved	unresolved
sub-4	04	04	sub-4/ses-04/run-04/tsv-row-28	28	right_hand	2	210.22	5.0	52555	53805	sub-4/ses-04/eeg/sub-4_ses-04_task-imagery_run-04_eeg.edf	1250	True		sub-04	V	s	s	0	sub-04/ses-04/eeg/sub-04_ses-04_task-MotorImageryRest_run-04_eeg.vhdr	aa53f46b22d2c4cf64d88017a764250c4bf8faa98272b4ee2767e866bcc0669d	True	unresolved	unresolved
sub-4	04	04	sub-4/ses-04/run-04/tsv-row-29	29	right_hand	2	217.104	5.0	54276	55526	sub-4/ses-04/eeg/sub-4_ses-04_task-imagery_run-04_eeg.edf	1250	True		sub-04	V	s	s	0	sub-04/ses-04/eeg/sub-04_ses-04_task-MotorImageryRest_run-04_eeg.vhdr	aa53f46b22d2c4cf64d88017a764250c4bf8faa98272b4ee2767e866bcc0669d	True	unresolved	unresolved
sub-4	04	04	sub-4/ses-04/run-04/tsv-row-30	30	rest	1	224.004	5.0	56001	57251	sub-4/ses-04/eeg/sub-4_ses-04_task-imagery_run-04_eeg.edf	1250	True		sub-04	V	s	s	0	sub-04/ses-04/eeg/sub-04_ses-04_task-MotorImageryRest_run-04_eeg.vhdr	aa53f46b22d2c4cf64d88017a764250c4bf8faa98272b4ee2767e866bcc0669d	True	unresolved	unresolved
sub-4	04	04	sub-4/ses-04/run-04/tsv-row-31	31	right_hand	2	230.896	5.0	57724	58974	sub-4/ses-04/eeg/sub-4_ses-04_task-imagery_run-04_eeg.edf	1250	True		sub-04	V	s	s	0	sub-04/ses-04/eeg/sub-04_ses-04_task-MotorImageryRest_run-04_eeg.vhdr	aa53f46b22d2c4cf64d88017a764250c4bf8faa98272b4ee2767e866bcc0669d	True	unresolved	unresolved
sub-4	04	04	sub-4/ses-04/run-04/tsv-row-32	32	rest	1	237.776	5.0	59444	60694	sub-4/ses-04/eeg/sub-4_ses-04_task-imagery_run-04_eeg.edf	1250	True		sub-04	V	s	s	0	sub-04/ses-04/eeg/sub-04_ses-04_task-MotorImageryRest_run-04_eeg.vhdr	aa53f46b22d2c4cf64d88017a764250c4bf8faa98272b4ee2767e866bcc0669d	True	unresolved	unresolved
sub-4	04	05	sub-4/ses-04/run-05/tsv-row-1	1	right_hand	2	10.96	5.0	2740	3990	sub-4/ses-04/eeg/sub-4_ses-04_task-imagery_run-05_eeg.edf	1250	True		sub-04	V	s	s	0	sub-04/ses-04/eeg/sub-04_ses-04_task-MotorImageryRest_run-05_eeg.vhdr	f0603136c647222d27c216034781b2cd11e168e2cd005be12b6c89c270141876	True	unresolved	unresolved
sub-4	04	05	sub-4/ses-04/run-05/tsv-row-2	2	rest	1	17.86	5.0	4465	5715	sub-4/ses-04/eeg/sub-4_ses-04_task-imagery_run-05_eeg.edf	1250	True		sub-04	V	s	s	0	sub-04/ses-04/eeg/sub-04_ses-04_task-MotorImageryRest_run-05_eeg.vhdr	f0603136c647222d27c216034781b2cd11e168e2cd005be12b6c89c270141876	True	unresolved	unresolved
sub-4	04	05	sub-4/ses-04/run-05/tsv-row-3	3	rest	1	24.764	5.0	6191	7441	sub-4/ses-04/eeg/sub-4_ses-04_task-imagery_run-05_eeg.edf	1250	True		sub-04	V	s	s	0	sub-04/ses-04/eeg/sub-04_ses-04_task-MotorImageryRest_run-05_eeg.vhdr	f0603136c647222d27c216034781b2cd11e168e2cd005be12b6c89c270141876	True	unresolved	unresolved
sub-4	04	05	sub-4/ses-04/run-05/tsv-row-4	4	right_hand	2	31.64	5.0	7910	9160	sub-4/ses-04/eeg/sub-4_ses-04_task-imagery_run-05_eeg.edf	1250	True		sub-04	V	s	s	0	sub-04/ses-04/eeg/sub-04_ses-04_task-MotorImageryRest_run-05_eeg.vhdr	f0603136c647222d27c216034781b2cd11e168e2cd005be12b6c89c270141876	True	unresolved	unresolved
sub-4	04	05	sub-4/ses-04/run-05/tsv-row-5	5	right_hand	2	38.528	5.0	9632	10882	sub-4/ses-04/eeg/sub-4_ses-04_task-imagery_run-05_eeg.edf	1250	True		sub-04	V	s	s	0	sub-04/ses-04/eeg/sub-04_ses-04_task-MotorImageryRest_run-05_eeg.vhdr	f0603136c647222d27c216034781b2cd11e168e2cd005be12b6c89c270141876	True	unresolved	unresolved
sub-4	04	05	sub-4/ses-04/run-05/tsv-row-6	6	rest	1	45.424	5.0	11356	12606	sub-4/ses-04/eeg/sub-4_ses-04_task-imagery_run-05_eeg.edf	1250	True		sub-04	V	s	s	0	sub-04/ses-04/eeg/sub-04_ses-04_task-MotorImageryRest_run-05_eeg.vhdr	f0603136c647222d27c216034781b2cd11e168e2cd005be12b6c89c270141876	True	unresolved	unresolved
sub-4	04	05	sub-4/ses-04/run-05/tsv-row-7	7	right_hand	2	52.3	5.0	13075	14325	sub-4/ses-04/eeg/sub-4_ses-04_task-imagery_run-05_eeg.edf	1250	True		sub-04	V	s	s	0	sub-04/ses-04/eeg/sub-04_ses-04_task-MotorImageryRest_run-05_eeg.vhdr	f0603136c647222d27c216034781b2cd11e168e2cd005be12b6c89c270141876	True	unresolved	unresolved
sub-4	04	05	sub-4/ses-04/run-05/tsv-row-8	8	rest	1	59.2	5.0	14800	16050	sub-4/ses-04/eeg/sub-4_ses-04_task-imagery_run-05_eeg.edf	1250	True		sub-04	V	s	s	0	sub-04/ses-04/eeg/sub-04_ses-04_task-MotorImageryRest_run-05_eeg.vhdr	f0603136c647222d27c216034781b2cd11e168e2cd005be12b6c89c270141876	True	unresolved	unresolved
sub-4	04	05	sub-4/ses-04/run-05/tsv-row-9	9	rest	1	66.104	5.0	16526	17776	sub-4/ses-04/eeg/sub-4_ses-04_task-imagery_run-05_eeg.edf	1250	True		sub-04	V	s	s	0	sub-04/ses-04/eeg/sub-04_ses-04_task-MotorImageryRest_run-05_eeg.vhdr	f0603136c647222d27c216034781b2cd11e168e2cd005be12b6c89c270141876	True	unresolved	unresolved
sub-4	04	05	sub-4/ses-04/run-05/tsv-row-10	10	right_hand	2	72.964	5.0	18241	19491	sub-4/ses-04/eeg/sub-4_ses-04_task-imagery_run-05_eeg.edf	1250	True		sub-04	V	s	s	0	sub-04/ses-04/eeg/sub-04_ses-04_task-MotorImageryRest_run-05_eeg.vhdr	f0603136c647222d27c216034781b2cd11e168e2cd005be12b6c89c270141876	True	unresolved	unresolved
sub-4	04	05	sub-4/ses-04/run-05/tsv-row-11	11	rest	1	79.86	5.0	19965	21215	sub-4/ses-04/eeg/sub-4_ses-04_task-imagery_run-05_eeg.edf	1250	True		sub-04	V	s	s	0	sub-04/ses-04/eeg/sub-04_ses-04_task-MotorImageryRest_run-05_eeg.vhdr	f0603136c647222d27c216034781b2cd11e168e2cd005be12b6c89c270141876	True	unresolved	unresolved
sub-4	04	05	sub-4/ses-04/run-05/tsv-row-12	12	right_hand	2	86.752	5.0	21688	22938	sub-4/ses-04/eeg/sub-4_ses-04_task-imagery_run-05_eeg.edf	1250	True		sub-04	V	s	s	0	sub-04/ses-04/eeg/sub-04_ses-04_task-MotorImageryRest_run-05_eeg.vhdr	f0603136c647222d27c216034781b2cd11e168e2cd005be12b6c89c270141876	True	unresolved	unresolved
sub-4	04	05	sub-4/ses-04/run-05/tsv-row-13	13	right_hand	2	93.64	5.0	23410	24660	sub-4/ses-04/eeg/sub-4_ses-04_task-imagery_run-05_eeg.edf	1250	True		sub-04	V	s	s	0	sub-04/ses-04/eeg/sub-04_ses-04_task-MotorImageryRest_run-05_eeg.vhdr	f0603136c647222d27c216034781b2cd11e168e2cd005be12b6c89c270141876	True	unresolved	unresolved
sub-4	04	05	sub-4/ses-04/run-05/tsv-row-14	14	rest	1	100.52	5.0	25130	26380	sub-4/ses-04/eeg/sub-4_ses-04_task-imagery_run-05_eeg.edf	1250	True		sub-04	V	s	s	0	sub-04/ses-04/eeg/sub-04_ses-04_task-MotorImageryRest_run-05_eeg.vhdr	f0603136c647222d27c216034781b2cd11e168e2cd005be12b6c89c270141876	True	unresolved	unresolved
sub-4	04	05	sub-4/ses-04/run-05/tsv-row-15	15	right_hand	2	107.412	5.0	26853	28103	sub-4/ses-04/eeg/sub-4_ses-04_task-imagery_run-05_eeg.edf	1250	True		sub-04	V	s	s	0	sub-04/ses-04/eeg/sub-04_ses-04_task-MotorImageryRest_run-05_eeg.vhdr	f0603136c647222d27c216034781b2cd11e168e2cd005be12b6c89c270141876	True	unresolved	unresolved
sub-4	04	05	sub-4/ses-04/run-05/tsv-row-16	16	rest	1	114.312	5.0	28578	29828	sub-4/ses-04/eeg/sub-4_ses-04_task-imagery_run-05_eeg.edf	1250	True		sub-04	V	s	s	0	sub-04/ses-04/eeg/sub-04_ses-04_task-MotorImageryRest_run-05_eeg.vhdr	f0603136c647222d27c216034781b2cd11e168e2cd005be12b6c89c270141876	True	unresolved	unresolved
sub-4	04	05	sub-4/ses-04/run-05/tsv-row-17	17	rest	1	121.196	5.0	30299	31549	sub-4/ses-04/eeg/sub-4_ses-04_task-imagery_run-05_eeg.edf	1250	True		sub-04	V	s	s	0	sub-04/ses-04/eeg/sub-04_ses-04_task-MotorImageryRest_run-05_eeg.vhdr	f0603136c647222d27c216034781b2cd11e168e2cd005be12b6c89c270141876	True	unresolved	unresolved
sub-4	04	05	sub-4/ses-04/run-05/tsv-row-18	18	right_hand	2	128.072	5.0	32018	33268	sub-4/ses-04/eeg/sub-4_ses-04_task-imagery_run-05_eeg.edf	1250	True		sub-04	V	s	s	0	sub-04/ses-04/eeg/sub-04_ses-04_task-MotorImageryRest_run-05_eeg.vhdr	f0603136c647222d27c216034781b2cd11e168e2cd005be12b6c89c270141876	True	unresolved	unresolved
sub-4	04	05	sub-4/ses-04/run-05/tsv-row-19	19	rest	1	134.972	5.0	33743	34993	sub-4/ses-04/eeg/sub-4_ses-04_task-imagery_run-05_eeg.edf	1250	True		sub-04	V	s	s	0	sub-04/ses-04/eeg/sub-04_ses-04_task-MotorImageryRest_run-05_eeg.vhdr	f0603136c647222d27c216034781b2cd11e168e2cd005be12b6c89c270141876	True	unresolved	unresolved
sub-4	04	05	sub-4/ses-04/run-05/tsv-row-20	20	right_hand	2	141.848	5.0	35462	36712	sub-4/ses-04/eeg/sub-4_ses-04_task-imagery_run-05_eeg.edf	1250	True		sub-04	V	s	s	0	sub-04/ses-04/eeg/sub-04_ses-04_task-MotorImageryRest_run-05_eeg.vhdr	f0603136c647222d27c216034781b2cd11e168e2cd005be12b6c89c270141876	True	unresolved	unresolved
sub-4	04	05	sub-4/ses-04/run-05/tsv-row-21	21	rest	1	148.728	5.0	37182	38432	sub-4/ses-04/eeg/sub-4_ses-04_task-imagery_run-05_eeg.edf	1250	True		sub-04	V	s	s	0	sub-04/ses-04/eeg/sub-04_ses-04_task-MotorImageryRest_run-05_eeg.vhdr	f0603136c647222d27c216034781b2cd11e168e2cd005be12b6c89c270141876	True	unresolved	unresolved
sub-4	04	05	sub-4/ses-04/run-05/tsv-row-22	22	right_hand	2	155.62	5.0	38905	40155	sub-4/ses-04/eeg/sub-4_ses-04_task-imagery_run-05_eeg.edf	1250	True		sub-04	V	s	s	0	sub-04/ses-04/eeg/sub-04_ses-04_task-MotorImageryRest_run-05_eeg.vhdr	f0603136c647222d27c216034781b2cd11e168e2cd005be12b6c89c270141876	True	unresolved	unresolved
sub-4	04	05	sub-4/ses-04/run-05/tsv-row-23	23	right_hand	2	162.508	5.0	40627	41877	sub-4/ses-04/eeg/sub-4_ses-04_task-imagery_run-05_eeg.edf	1250	True		sub-04	V	s	s	0	sub-04/ses-04/eeg/sub-04_ses-04_task-MotorImageryRest_run-05_eeg.vhdr	f0603136c647222d27c216034781b2cd11e168e2cd005be12b6c89c270141876	True	unresolved	unresolved
sub-4	04	05	sub-4/ses-04/run-05/tsv-row-24	24	rest	1	169.404	5.0	42351	43601	sub-4/ses-04/eeg/sub-4_ses-04_task-imagery_run-05_eeg.edf	1250	True		sub-04	V	s	s	0	sub-04/ses-04/eeg/sub-04_ses-04_task-MotorImageryRest_run-05_eeg.vhdr	f0603136c647222d27c216034781b2cd11e168e2cd005be12b6c89c270141876	True	unresolved	unresolved
sub-4	04	05	sub-4/ses-04/run-05/tsv-row-25	25	rest	1	176.292	5.0	44073	45323	sub-4/ses-04/eeg/sub-4_ses-04_task-imagery_run-05_eeg.edf	1250	True		sub-04	V	s	s	0	sub-04/ses-04/eeg/sub-04_ses-04_task-MotorImageryRest_run-05_eeg.vhdr	f0603136c647222d27c216034781b2cd11e168e2cd005be12b6c89c270141876	True	unresolved	unresolved
sub-4	04	05	sub-4/ses-04/run-05/tsv-row-26	26	right_hand	2	183.168	5.0	45792	47042	sub-4/ses-04/eeg/sub-4_ses-04_task-imagery_run-05_eeg.edf	1250	True		sub-04	V	s	s	0	sub-04/ses-04/eeg/sub-04_ses-04_task-MotorImageryRest_run-05_eeg.vhdr	f0603136c647222d27c216034781b2cd11e168e2cd005be12b6c89c270141876	True	unresolved	unresolved
sub-4	04	05	sub-4/ses-04/run-05/tsv-row-27	27	rest	1	190.064	5.0	47516	48766	sub-4/ses-04/eeg/sub-4_ses-04_task-imagery_run-05_eeg.edf	1250	True		sub-04	V	s	s	0	sub-04/ses-04/eeg/sub-04_ses-04_task-MotorImageryRest_run-05_eeg.vhdr	f0603136c647222d27c216034781b2cd11e168e2cd005be12b6c89c270141876	True	unresolved	unresolved
sub-4	04	05	sub-4/ses-04/run-05/tsv-row-28	28	right_hand	2	196.956	5.0	49239	50489	sub-4/ses-04/eeg/sub-4_ses-04_task-imagery_run-05_eeg.edf	1250	True		sub-04	V	s	s	0	sub-04/ses-04/eeg/sub-04_ses-04_task-MotorImageryRest_run-05_eeg.vhdr	f0603136c647222d27c216034781b2cd11e168e2cd005be12b6c89c270141876	True	unresolved	unresolved
sub-4	04	05	sub-4/ses-04/run-05/tsv-row-29	29	rest	1	203.84	5.0	50960	52210	sub-4/ses-04/eeg/sub-4_ses-04_task-imagery_run-05_eeg.edf	1250	True		sub-04	V	s	s	0	sub-04/ses-04/eeg/sub-04_ses-04_task-MotorImageryRest_run-05_eeg.vhdr	f0603136c647222d27c216034781b2cd11e168e2cd005be12b6c89c270141876	True	unresolved	unresolved
sub-4	04	05	sub-4/ses-04/run-05/tsv-row-30	30	right_hand	2	210.716	5.0	52679	53929	sub-4/ses-04/eeg/sub-4_ses-04_task-imagery_run-05_eeg.edf	1250	True		sub-04	V	s	s	0	sub-04/ses-04/eeg/sub-04_ses-04_task-MotorImageryRest_run-05_eeg.vhdr	f0603136c647222d27c216034781b2cd11e168e2cd005be12b6c89c270141876	True	unresolved	unresolved
sub-4	04	05	sub-4/ses-04/run-05/tsv-row-31	31	rest	1	217.628	5.0	54407	55657	sub-4/ses-04/eeg/sub-4_ses-04_task-imagery_run-05_eeg.edf	1250	True		sub-04	V	s	s	0	sub-04/ses-04/eeg/sub-04_ses-04_task-MotorImageryRest_run-05_eeg.vhdr	f0603136c647222d27c216034781b2cd11e168e2cd005be12b6c89c270141876	True	unresolved	unresolved
sub-4	04	05	sub-4/ses-04/run-05/tsv-row-32	32	right_hand	2	224.504	5.0	56126	57376	sub-4/ses-04/eeg/sub-4_ses-04_task-imagery_run-05_eeg.edf	1250	True		sub-04	V	s	s	0	sub-04/ses-04/eeg/sub-04_ses-04_task-MotorImageryRest_run-05_eeg.vhdr	f0603136c647222d27c216034781b2cd11e168e2cd005be12b6c89c270141876	True	unresolved	unresolved
sub-4	04	06	sub-4/ses-04/run-06/tsv-row-1	1	rest	1	6.656	5.0	1664	2914	sub-4/ses-04/eeg/sub-4_ses-04_task-imagery_run-06_eeg.edf	1250	True		sub-04	V	s	s	0	sub-04/ses-04/eeg/sub-04_ses-04_task-MotorImageryRest_run-06_eeg.vhdr	cae895bb62e39fc27f0f700aae7603f6709aa9834c51bfe1cfcf808d33441ff6	True	unresolved	unresolved
sub-4	04	06	sub-4/ses-04/run-06/tsv-row-2	2	right_hand	2	13.54	5.0	3385	4635	sub-4/ses-04/eeg/sub-4_ses-04_task-imagery_run-06_eeg.edf	1250	True		sub-04	V	s	s	0	sub-04/ses-04/eeg/sub-04_ses-04_task-MotorImageryRest_run-06_eeg.vhdr	cae895bb62e39fc27f0f700aae7603f6709aa9834c51bfe1cfcf808d33441ff6	True	unresolved	unresolved
sub-4	04	06	sub-4/ses-04/run-06/tsv-row-3	3	right_hand	2	20.444	5.0	5111	6361	sub-4/ses-04/eeg/sub-4_ses-04_task-imagery_run-06_eeg.edf	1250	True		sub-04	V	s	s	0	sub-04/ses-04/eeg/sub-04_ses-04_task-MotorImageryRest_run-06_eeg.vhdr	cae895bb62e39fc27f0f700aae7603f6709aa9834c51bfe1cfcf808d33441ff6	True	unresolved	unresolved
sub-4	04	06	sub-4/ses-04/run-06/tsv-row-4	4	rest	1	27.344	5.0	6836	8086	sub-4/ses-04/eeg/sub-4_ses-04_task-imagery_run-06_eeg.edf	1250	True		sub-04	V	s	s	0	sub-04/ses-04/eeg/sub-04_ses-04_task-MotorImageryRest_run-06_eeg.vhdr	cae895bb62e39fc27f0f700aae7603f6709aa9834c51bfe1cfcf808d33441ff6	True	unresolved	unresolved
sub-4	04	06	sub-4/ses-04/run-06/tsv-row-5	5	right_hand	2	34.2	5.0	8550	9800	sub-4/ses-04/eeg/sub-4_ses-04_task-imagery_run-06_eeg.edf	1250	True		sub-04	V	s	s	0	sub-04/ses-04/eeg/sub-04_ses-04_task-MotorImageryRest_run-06_eeg.vhdr	cae895bb62e39fc27f0f700aae7603f6709aa9834c51bfe1cfcf808d33441ff6	True	unresolved	unresolved
sub-4	04	06	sub-4/ses-04/run-06/tsv-row-6	6	rest	1	41.116	5.0	10279	11529	sub-4/ses-04/eeg/sub-4_ses-04_task-imagery_run-06_eeg.edf	1250	True		sub-04	V	s	s	0	sub-04/ses-04/eeg/sub-04_ses-04_task-MotorImageryRest_run-06_eeg.vhdr	cae895bb62e39fc27f0f700aae7603f6709aa9834c51bfe1cfcf808d33441ff6	True	unresolved	unresolved
sub-4	04	06	sub-4/ses-04/run-06/tsv-row-7	7	right_hand	2	47.992	5.0	11998	13248	sub-4/ses-04/eeg/sub-4_ses-04_task-imagery_run-06_eeg.edf	1250	True		sub-04	V	s	s	0	sub-04/ses-04/eeg/sub-04_ses-04_task-MotorImageryRest_run-06_eeg.vhdr	cae895bb62e39fc27f0f700aae7603f6709aa9834c51bfe1cfcf808d33441ff6	True	unresolved	unresolved
sub-4	04	06	sub-4/ses-04/run-06/tsv-row-8	8	rest	1	54.888	5.0	13722	14972	sub-4/ses-04/eeg/sub-4_ses-04_task-imagery_run-06_eeg.edf	1250	True		sub-04	V	s	s	0	sub-04/ses-04/eeg/sub-04_ses-04_task-MotorImageryRest_run-06_eeg.vhdr	cae895bb62e39fc27f0f700aae7603f6709aa9834c51bfe1cfcf808d33441ff6	True	unresolved	unresolved
sub-4	04	06	sub-4/ses-04/run-06/tsv-row-9	9	rest	1	61.776	5.0	15444	16694	sub-4/ses-04/eeg/sub-4_ses-04_task-imagery_run-06_eeg.edf	1250	True		sub-04	V	s	s	0	sub-04/ses-04/eeg/sub-04_ses-04_task-MotorImageryRest_run-06_eeg.vhdr	cae895bb62e39fc27f0f700aae7603f6709aa9834c51bfe1cfcf808d33441ff6	True	unresolved	unresolved
sub-4	04	06	sub-4/ses-04/run-06/tsv-row-10	10	right_hand	2	68.652	5.0	17163	18413	sub-4/ses-04/eeg/sub-4_ses-04_task-imagery_run-06_eeg.edf	1250	True		sub-04	V	s	s	0	sub-04/ses-04/eeg/sub-04_ses-04_task-MotorImageryRest_run-06_eeg.vhdr	cae895bb62e39fc27f0f700aae7603f6709aa9834c51bfe1cfcf808d33441ff6	True	unresolved	unresolved
sub-4	04	06	sub-4/ses-04/run-06/tsv-row-11	11	rest	1	75.548	5.0	18887	20137	sub-4/ses-04/eeg/sub-4_ses-04_task-imagery_run-06_eeg.edf	1250	True		sub-04	V	s	s	0	sub-04/ses-04/eeg/sub-04_ses-04_task-MotorImageryRest_run-06_eeg.vhdr	cae895bb62e39fc27f0f700aae7603f6709aa9834c51bfe1cfcf808d33441ff6	True	unresolved	unresolved
sub-4	04	06	sub-4/ses-04/run-06/tsv-row-12	12	right_hand	2	82.444	5.0	20611	21861	sub-4/ses-04/eeg/sub-4_ses-04_task-imagery_run-06_eeg.edf	1250	True		sub-04	V	s	s	0	sub-04/ses-04/eeg/sub-04_ses-04_task-MotorImageryRest_run-06_eeg.vhdr	cae895bb62e39fc27f0f700aae7603f6709aa9834c51bfe1cfcf808d33441ff6	True	unresolved	unresolved
sub-4	04	06	sub-4/ses-04/run-06/tsv-row-13	13	rest	1	89.324	5.0	22331	23581	sub-4/ses-04/eeg/sub-4_ses-04_task-imagery_run-06_eeg.edf	1250	True		sub-04	V	s	s	0	sub-04/ses-04/eeg/sub-04_ses-04_task-MotorImageryRest_run-06_eeg.vhdr	cae895bb62e39fc27f0f700aae7603f6709aa9834c51bfe1cfcf808d33441ff6	True	unresolved	unresolved
sub-4	04	06	sub-4/ses-04/run-06/tsv-row-14	14	right_hand	2	96.2	5.0	24050	25300	sub-4/ses-04/eeg/sub-4_ses-04_task-imagery_run-06_eeg.edf	1250	True		sub-04	V	s	s	0	sub-04/ses-04/eeg/sub-04_ses-04_task-MotorImageryRest_run-06_eeg.vhdr	cae895bb62e39fc27f0f700aae7603f6709aa9834c51bfe1cfcf808d33441ff6	True	unresolved	unresolved
sub-4	04	06	sub-4/ses-04/run-06/tsv-row-15	15	rest	1	103.116	5.0	25779	27029	sub-4/ses-04/eeg/sub-4_ses-04_task-imagery_run-06_eeg.edf	1250	True		sub-04	V	s	s	0	sub-04/ses-04/eeg/sub-04_ses-04_task-MotorImageryRest_run-06_eeg.vhdr	cae895bb62e39fc27f0f700aae7603f6709aa9834c51bfe1cfcf808d33441ff6	True	unresolved	unresolved
sub-4	04	06	sub-4/ses-04/run-06/tsv-row-16	16	right_hand	2	109.988	5.0	27497	28747	sub-4/ses-04/eeg/sub-4_ses-04_task-imagery_run-06_eeg.edf	1250	True		sub-04	V	s	s	0	sub-04/ses-04/eeg/sub-04_ses-04_task-MotorImageryRest_run-06_eeg.vhdr	cae895bb62e39fc27f0f700aae7603f6709aa9834c51bfe1cfcf808d33441ff6	True	unresolved	unresolved
sub-4	04	06	sub-4/ses-04/run-06/tsv-row-17	17	right_hand	2	116.876	5.0	29219	30469	sub-4/ses-04/eeg/sub-4_ses-04_task-imagery_run-06_eeg.edf	1250	True		sub-04	V	s	s	0	sub-04/ses-04/eeg/sub-04_ses-04_task-MotorImageryRest_run-06_eeg.vhdr	cae895bb62e39fc27f0f700aae7603f6709aa9834c51bfe1cfcf808d33441ff6	True	unresolved	unresolved
sub-4	04	06	sub-4/ses-04/run-06/tsv-row-18	18	rest	1	123.776	5.0	30944	32194	sub-4/ses-04/eeg/sub-4_ses-04_task-imagery_run-06_eeg.edf	1250	True		sub-04	V	s	s	0	sub-04/ses-04/eeg/sub-04_ses-04_task-MotorImageryRest_run-06_eeg.vhdr	cae895bb62e39fc27f0f700aae7603f6709aa9834c51bfe1cfcf808d33441ff6	True	unresolved	unresolved
sub-4	04	06	sub-4/ses-04/run-06/tsv-row-19	19	rest	1	130.66	5.0	32665	33915	sub-4/ses-04/eeg/sub-4_ses-04_task-imagery_run-06_eeg.edf	1250	True		sub-04	V	s	s	0	sub-04/ses-04/eeg/sub-04_ses-04_task-MotorImageryRest_run-06_eeg.vhdr	cae895bb62e39fc27f0f700aae7603f6709aa9834c51bfe1cfcf808d33441ff6	True	unresolved	unresolved
sub-4	04	06	sub-4/ses-04/run-06/tsv-row-20	20	right_hand	2	137.536	5.0	34384	35634	sub-4/ses-04/eeg/sub-4_ses-04_task-imagery_run-06_eeg.edf	1250	True		sub-04	V	s	s	0	sub-04/ses-04/eeg/sub-04_ses-04_task-MotorImageryRest_run-06_eeg.vhdr	cae895bb62e39fc27f0f700aae7603f6709aa9834c51bfe1cfcf808d33441ff6	True	unresolved	unresolved
sub-4	04	06	sub-4/ses-04/run-06/tsv-row-21	21	rest	1	144.42	5.0	36105	37355	sub-4/ses-04/eeg/sub-4_ses-04_task-imagery_run-06_eeg.edf	1250	True		sub-04	V	s	s	0	sub-04/ses-04/eeg/sub-04_ses-04_task-MotorImageryRest_run-06_eeg.vhdr	cae895bb62e39fc27f0f700aae7603f6709aa9834c51bfe1cfcf808d33441ff6	True	unresolved	unresolved
sub-4	04	06	sub-4/ses-04/run-06/tsv-row-22	22	right_hand	2	151.312	5.0	37828	39078	sub-4/ses-04/eeg/sub-4_ses-04_task-imagery_run-06_eeg.edf	1250	True		sub-04	V	s	s	0	sub-04/ses-04/eeg/sub-04_ses-04_task-MotorImageryRest_run-06_eeg.vhdr	cae895bb62e39fc27f0f700aae7603f6709aa9834c51bfe1cfcf808d33441ff6	True	unresolved	unresolved
sub-4	04	06	sub-4/ses-04/run-06/tsv-row-23	23	rest	1	158.208	5.0	39552	40802	sub-4/ses-04/eeg/sub-4_ses-04_task-imagery_run-06_eeg.edf	1250	True		sub-04	V	s	s	0	sub-04/ses-04/eeg/sub-04_ses-04_task-MotorImageryRest_run-06_eeg.vhdr	cae895bb62e39fc27f0f700aae7603f6709aa9834c51bfe1cfcf808d33441ff6	True	unresolved	unresolved
sub-4	04	06	sub-4/ses-04/run-06/tsv-row-24	24	right_hand	2	165.084	5.0	41271	42521	sub-4/ses-04/eeg/sub-4_ses-04_task-imagery_run-06_eeg.edf	1250	True		sub-04	V	s	s	0	sub-04/ses-04/eeg/sub-04_ses-04_task-MotorImageryRest_run-06_eeg.vhdr	cae895bb62e39fc27f0f700aae7603f6709aa9834c51bfe1cfcf808d33441ff6	True	unresolved	unresolved
sub-4	04	06	sub-4/ses-04/run-06/tsv-row-25	25	right_hand	2	171.972	5.0	42993	44243	sub-4/ses-04/eeg/sub-4_ses-04_task-imagery_run-06_eeg.edf	1250	True		sub-04	V	s	s	0	sub-04/ses-04/eeg/sub-04_ses-04_task-MotorImageryRest_run-06_eeg.vhdr	cae895bb62e39fc27f0f700aae7603f6709aa9834c51bfe1cfcf808d33441ff6	True	unresolved	unresolved
sub-4	04	06	sub-4/ses-04/run-06/tsv-row-26	26	rest	1	178.868	5.0	44717	45967	sub-4/ses-04/eeg/sub-4_ses-04_task-imagery_run-06_eeg.edf	1250	True		sub-04	V	s	s	0	sub-04/ses-04/eeg/sub-04_ses-04_task-MotorImageryRest_run-06_eeg.vhdr	cae895bb62e39fc27f0f700aae7603f6709aa9834c51bfe1cfcf808d33441ff6	True	unresolved	unresolved
sub-4	04	06	sub-4/ses-04/run-06/tsv-row-27	27	rest	1	185.756	5.0	46439	47689	sub-4/ses-04/eeg/sub-4_ses-04_task-imagery_run-06_eeg.edf	1250	True		sub-04	V	s	s	0	sub-04/ses-04/eeg/sub-04_ses-04_task-MotorImageryRest_run-06_eeg.vhdr	cae895bb62e39fc27f0f700aae7603f6709aa9834c51bfe1cfcf808d33441ff6	True	unresolved	unresolved
sub-4	04	06	sub-4/ses-04/run-06/tsv-row-28	28	right_hand	2	192.648	5.0	48162	49412	sub-4/ses-04/eeg/sub-4_ses-04_task-imagery_run-06_eeg.edf	1250	True		sub-04	V	s	s	0	sub-04/ses-04/eeg/sub-04_ses-04_task-MotorImageryRest_run-06_eeg.vhdr	cae895bb62e39fc27f0f700aae7603f6709aa9834c51bfe1cfcf808d33441ff6	True	unresolved	unresolved
sub-4	04	06	sub-4/ses-04/run-06/tsv-row-29	29	rest	1	199.528	5.0	49882	51132	sub-4/ses-04/eeg/sub-4_ses-04_task-imagery_run-06_eeg.edf	1250	True		sub-04	V	s	s	0	sub-04/ses-04/eeg/sub-04_ses-04_task-MotorImageryRest_run-06_eeg.vhdr	cae895bb62e39fc27f0f700aae7603f6709aa9834c51bfe1cfcf808d33441ff6	True	unresolved	unresolved
sub-4	04	06	sub-4/ses-04/run-06/tsv-row-30	30	right_hand	2	206.404	5.0	51601	52851	sub-4/ses-04/eeg/sub-4_ses-04_task-imagery_run-06_eeg.edf	1250	True		sub-04	V	s	s	0	sub-04/ses-04/eeg/sub-04_ses-04_task-MotorImageryRest_run-06_eeg.vhdr	cae895bb62e39fc27f0f700aae7603f6709aa9834c51bfe1cfcf808d33441ff6	True	unresolved	unresolved
sub-4	04	06	sub-4/ses-04/run-06/tsv-row-31	31	rest	1	213.32	5.0	53330	54580	sub-4/ses-04/eeg/sub-4_ses-04_task-imagery_run-06_eeg.edf	1250	True		sub-04	V	s	s	0	sub-04/ses-04/eeg/sub-04_ses-04_task-MotorImageryRest_run-06_eeg.vhdr	cae895bb62e39fc27f0f700aae7603f6709aa9834c51bfe1cfcf808d33441ff6	True	unresolved	unresolved
sub-4	04	06	sub-4/ses-04/run-06/tsv-row-32	32	right_hand	2	220.196	5.0	55049	56299	sub-4/ses-04/eeg/sub-4_ses-04_task-imagery_run-06_eeg.edf	1250	True		sub-04	V	s	s	0	sub-04/ses-04/eeg/sub-04_ses-04_task-MotorImageryRest_run-06_eeg.vhdr	cae895bb62e39fc27f0f700aae7603f6709aa9834c51bfe1cfcf808d33441ff6	True	unresolved	unresolved
