subject	session	run	trial_id	tsv_row	label	stored_event_value	onset_s	duration_s	start_sample	stop_sample_exclusive	source_file	analysis_role	peak_to_peak_max_uv	qc_flag	mu_ROI_V2	beta_ROI_V2	mu_source_reference_ROI_V2	beta_source_reference_ROI_V2
sub-7	01	01	sub-7/ses-01/run-01/tsv-row-1	1	rest	1	7.48	5.0	1870	3120	sub-7/ses-01/eeg/sub-7_ses-01_task-imagery_run-01_eeg.edf	source_train	4124.400111697745	False	2.096393358858543e-12	1.871879508886072e-12	5.0641914961333056e-12	5.680034421046829e-12
sub-7	01	01	sub-7/ses-01/run-01/tsv-row-2	2	right_hand	2	14.368	5.0	3592	4842	sub-7/ses-01/eeg/sub-7_ses-01_task-imagery_run-01_eeg.edf	source_train	5137.785205221717	False	2.609712257105286e-12	1.842801390238405e-12	4.951423284913481e-12	6.554457387486131e-12
sub-7	01	01	sub-7/ses-01/run-01/tsv-row-3	3	rest	1	21.236	5.0	5309	6559	sub-7/ses-01/eeg/sub-7_ses-01_task-imagery_run-01_eeg.edf	source_train	5830.030334101382	False	1.0529499309325242e-11	2.1403590636793352e-12	3.384891519794175e-11	6.654025855198519e-12
sub-7	01	01	sub-7/ses-01/run-01/tsv-row-4	4	right_hand	2	28.124	5.0	7031	8281	sub-7/ses-01/eeg/sub-7_ses-01_task-imagery_run-01_eeg.edf	source_train	7554.586768471328	False	3.4550253063052208e-12	2.0477865193133414e-12	6.885979909633399e-12	6.351930908605968e-12
sub-7	01	01	sub-7/ses-01/run-01/tsv-row-5	5	right_hand	2	35.028	5.0	8757	10007	sub-7/ses-01/eeg/sub-7_ses-01_task-imagery_run-01_eeg.edf	source_train	7178.030855189672	False	4.168249844530446e-12	1.8378192297605774e-12	6.953339807570455e-12	5.694746528201865e-12
sub-7	01	01	sub-7/ses-01/run-01/tsv-row-6	6	rest	1	41.916	5.0	10479	11729	sub-7/ses-01/eeg/sub-7_ses-01_task-imagery_run-01_eeg.edf	source_train	5949.341174336985	False	5.679928526569497e-12	2.2819560025518367e-12	1.4343781109876117e-11	8.663619601492862e-12
sub-7	01	01	sub-7/ses-01/run-01/tsv-row-7	7	right_hand	2	48.784	5.0	12196	13446	sub-7/ses-01/eeg/sub-7_ses-01_task-imagery_run-01_eeg.edf	source_train	8313.754982863858	False	6.506337646997008e-12	1.7583221794795477e-12	2.3781837271707e-11	9.609592331504872e-12
sub-7	01	01	sub-7/ses-01/run-01/tsv-row-8	8	rest	1	55.672	5.0	13918	15168	sub-7/ses-01/eeg/sub-7_ses-01_task-imagery_run-01_eeg.edf	source_train	7088.699134708701	False	1.0085164703082023e-11	2.2826543709303076e-12	4.5112500374109656e-11	9.948069285509942e-12
sub-7	01	01	sub-7/ses-01/run-01/tsv-row-9	9	rest	1	62.576	5.0	15644	16894	sub-7/ses-01/eeg/sub-7_ses-01_task-imagery_run-01_eeg.edf	source_train	8337.223485702081	False	9.031053544682564e-12	2.6926875040307486e-12	3.236180235730261e-11	7.178017565752685e-12
sub-7	01	01	sub-7/ses-01/run-01/tsv-row-10	10	right_hand	2	69.46	5.0	17365	18615	sub-7/ses-01/eeg/sub-7_ses-01_task-imagery_run-01_eeg.edf	source_train	9229.178003250223	False	5.6096499076264594e-12	1.9517233356825994e-12	1.861509811231457e-11	5.9084636871280435e-12
sub-7	01	01	sub-7/ses-01/run-01/tsv-row-11	11	right_hand	2	76.348	5.0	19087	20337	sub-7/ses-01/eeg/sub-7_ses-01_task-imagery_run-01_eeg.edf	source_train	6365.717837595752	False	5.316933091352212e-12	1.90341272966654e-12	1.4714187138966366e-11	7.13643705465946e-12
sub-7	01	01	sub-7/ses-01/run-01/tsv-row-12	12	rest	1	83.236	5.0	20809	22059	sub-7/ses-01/eeg/sub-7_ses-01_task-imagery_run-01_eeg.edf	source_train	2727.0400298013246	False	7.894598949286043e-12	2.1058749974479037e-12	2.5984623012709524e-11	7.1920849350384674e-12
sub-7	01	01	sub-7/ses-01/run-01/tsv-row-13	13	rest	1	90.12	5.0	22530	23780	sub-7/ses-01/eeg/sub-7_ses-01_task-imagery_run-01_eeg.edf	source_train	8592.500232703633	False	7.985040551569895e-12	2.5232335754884582e-12	2.7813435117753665e-11	9.447562467558652e-12
sub-7	01	01	sub-7/ses-01/run-01/tsv-row-14	14	right_hand	2	97.008	5.0	24252	25502	sub-7/ses-01/eeg/sub-7_ses-01_task-imagery_run-01_eeg.edf	source_train	6235.051270180365	False	5.07631299359185e-12	1.794421992266395e-12	1.666561340447424e-11	5.750769168858541e-12
sub-7	01	01	sub-7/ses-01/run-01/tsv-row-15	15	right_hand	2	103.912	5.0	25978	27228	sub-7/ses-01/eeg/sub-7_ses-01_task-imagery_run-01_eeg.edf	source_train	6979.6841537827695	False	4.933618760073237e-12	2.273604083624267e-12	2.0784103031098917e-11	9.146686592908381e-12
sub-7	01	01	sub-7/ses-01/run-01/tsv-row-16	16	rest	1	110.784	5.0	27696	28946	sub-7/ses-01/eeg/sub-7_ses-01_task-imagery_run-01_eeg.edf	source_train	7931.294091448715	False	7.552644541111136e-12	2.2334963745926035e-12	2.6449982770673277e-11	8.017521901591813e-12
sub-7	01	01	sub-7/ses-01/run-01/tsv-row-17	17	rest	1	117.684	5.0	29421	30671	sub-7/ses-01/eeg/sub-7_ses-01_task-imagery_run-01_eeg.edf	source_train	7356.240067064426	False	9.37477770384817e-12	1.8884621541895743e-12	3.0407628999787146e-11	8.553339896323023e-12
sub-7	01	01	sub-7/ses-01/run-01/tsv-row-18	18	right_hand	2	124.572	5.0	31143	32393	sub-7/ses-01/eeg/sub-7_ses-01_task-imagery_run-01_eeg.edf	source_train	9502.472504043704	False	6.841251761261055e-12	1.4801301559948317e-12	2.1675482709646027e-11	5.944782414801182e-12
sub-7	01	01	sub-7/ses-01/run-01/tsv-row-19	19	right_hand	2	131.46	5.0	32865	34115	sub-7/ses-01/eeg/sub-7_ses-01_task-imagery_run-01_eeg.edf	source_train	8121.918898373364	False	4.759382415711279e-12	1.789728902946321e-12	1.8650994000571433e-11	5.947373856349147e-12
sub-7	01	01	sub-7/ses-01/run-01/tsv-row-20	20	rest	1	138.328	5.0	34582	35832	sub-7/ses-01/eeg/sub-7_ses-01_task-imagery_run-01_eeg.edf	source_train	5405.477547273172	False	9.581522948126351e-12	2.288404955213767e-12	2.4362551882462734e-11	7.854770126863204e-12
sub-7	01	01	sub-7/ses-01/run-01/tsv-row-21	21	rest	1	145.232	5.0	36308	37558	sub-7/ses-01/eeg/sub-7_ses-01_task-imagery_run-01_eeg.edf	source_train	6123.613734122745	False	1.464922748421969e-11	3.972725513705829e-12	5.280552253078948e-11	1.2947948879101094e-11
sub-7	01	01	sub-7/ses-01/run-01/tsv-row-22	22	right_hand	2	152.12	5.0	38030	39280	sub-7/ses-01/eeg/sub-7_ses-01_task-imagery_run-01_eeg.edf	source_train	6608.427579851681	False	5.068469784034289e-12	1.7983026427934476e-12	1.628832361251627e-11	7.370692524573378e-12
sub-7	01	01	sub-7/ses-01/run-01/tsv-row-23	23	rest	1	158.988	5.0	39747	40997	sub-7/ses-01/eeg/sub-7_ses-01_task-imagery_run-01_eeg.edf	source_train	5748.117688711203	False	4.610448209839233e-12	2.1637627482790314e-12	1.458385608521958e-11	7.567566897454344e-12
sub-7	01	01	sub-7/ses-01/run-01/tsv-row-24	24	right_hand	2	165.892	5.0	41473	42723	sub-7/ses-01/eeg/sub-7_ses-01_task-imagery_run-01_eeg.edf	source_train	5274.508160466323	False	2.8773788445959177e-12	1.533342160907489e-12	9.476911011045199e-12	5.770430240056317e-12
sub-7	01	01	sub-7/ses-01/run-01/tsv-row-25	25	rest	1	172.78	5.0	43195	44445	sub-7/ses-01/eeg/sub-7_ses-01_task-imagery_run-01_eeg.edf	source_train	9784.70017688528	False	8.661954539438419e-12	2.708923618352469e-12	3.9674717565852136e-11	7.869064371693854e-12
sub-7	01	01	sub-7/ses-01/run-01/tsv-row-26	26	right_hand	2	179.668	5.0	44917	46167	sub-7/ses-01/eeg/sub-7_ses-01_task-imagery_run-01_eeg.edf	source_train	6532.419912594988	False	3.6194476139209013e-12	1.5040450706396552e-12	6.549337858451804e-12	5.108011500427931e-12
sub-7	01	01	sub-7/ses-01/run-01/tsv-row-27	27	right_hand	2	186.552	5.0	46638	47888	sub-7/ses-01/eeg/sub-7_ses-01_task-imagery_run-01_eeg.edf	source_train	5752.054340800196	False	4.600143108286778e-12	2.002653236708361e-12	8.782289094401983e-12	5.512774850858432e-12
sub-7	01	01	sub-7/ses-01/run-01/tsv-row-28	28	rest	1	193.44	5.0	48360	49610	sub-7/ses-01/eeg/sub-7_ses-01_task-imagery_run-01_eeg.edf	source_train	6088.183865321818	False	7.034465845727757e-12	2.2449757255951265e-12	1.8618936116008487e-11	5.788334394083246e-12
sub-7	01	01	sub-7/ses-01/run-01/tsv-row-29	29	rest	1	200.328	5.0	50082	51332	sub-7/ses-01/eeg/sub-7_ses-01_task-imagery_run-01_eeg.edf	source_train	4666.1440030213325	False	6.5974209838926925e-12	2.040937511322825e-12	1.9233777697203713e-11	5.702835117541466e-12
sub-7	01	01	sub-7/ses-01/run-01/tsv-row-30	30	right_hand	2	207.232	5.0	51808	53058	sub-7/ses-01/eeg/sub-7_ses-01_task-imagery_run-01_eeg.edf	source_train	5243.3177631458475	False	5.0690804818187155e-12	1.6912697346639773e-12	1.087350871504116e-11	5.655917795587127e-12
sub-7	01	02	sub-7/ses-01/run-02/tsv-row-1	1	rest	1	7.16	5.0	1790	3040	sub-7/ses-01/eeg/sub-7_ses-01_task-imagery_run-02_eeg.edf	source_train	5547.634926953948	False	4.370161109045133e-12	2.001865639760238e-12	1.4299654203775854e-11	5.894621250325575e-12
sub-7	01	02	sub-7/ses-01/run-02/tsv-row-2	2	right_hand	2	14.044	5.0	3511	4761	sub-7/ses-01/eeg/sub-7_ses-01_task-imagery_run-02_eeg.edf	source_train	6822.9202354808185	False	2.03881490508195e-12	1.6066858893141492e-12	4.79516389603753e-12	5.8775157145492415e-12
sub-7	01	02	sub-7/ses-01/run-02/tsv-row-3	3	rest	1	20.952	5.0	5238	6488	sub-7/ses-01/eeg/sub-7_ses-01_task-imagery_run-02_eeg.edf	source_train	7022.623586062196	False	4.0396521265377515e-12	2.4208968605620004e-12	1.1002329810986897e-11	5.096733187965555e-12
sub-7	01	02	sub-7/ses-01/run-02/tsv-row-4	4	right_hand	2	27.832	5.0	6958	8208	sub-7/ses-01/eeg/sub-7_ses-01_task-imagery_run-02_eeg.edf	source_train	8848.720713705863	False	5.352696959183082e-12	2.0605490722504028e-12	1.3831827089523685e-11	5.975151741909446e-12
sub-7	01	02	sub-7/ses-01/run-02/tsv-row-5	5	rest	1	34.708	5.0	8677	9927	sub-7/ses-01/eeg/sub-7_ses-01_task-imagery_run-02_eeg.edf	source_train	7921.515771355327	False	5.360250855858761e-12	2.1170034797990894e-12	1.7940246086244427e-11	7.46947281228868e-12
sub-7	01	02	sub-7/ses-01/run-02/tsv-row-6	6	right_hand	2	41.608	5.0	10402	11652	sub-7/ses-01/eeg/sub-7_ses-01_task-imagery_run-02_eeg.edf	source_train	6901.348086581012	False	4.075128866916019e-12	2.0650357333792336e-12	1.2128735529464745e-11	6.720309699844911e-12
sub-7	01	02	sub-7/ses-01/run-02/tsv-row-7	7	rest	1	48.5	5.0	12125	13375	sub-7/ses-01/eeg/sub-7_ses-01_task-imagery_run-02_eeg.edf	source_train	7752.850469954527	False	8.084952640205416e-12	2.6456062276364467e-12	2.490558423778018e-11	6.40213155559837e-12
sub-7	01	02	sub-7/ses-01/run-02/tsv-row-8	8	right_hand	2	55.38	5.0	13845	15095	sub-7/ses-01/eeg/sub-7_ses-01_task-imagery_run-02_eeg.edf	source_train	5141.263590365307	False	3.688710467729802e-12	1.4723629193721926e-12	1.0274753245319383e-11	5.418213802498381e-12
sub-7	01	02	sub-7/ses-01/run-02/tsv-row-9	9	rest	1	62.272	5.0	15568	16818	sub-7/ses-01/eeg/sub-7_ses-01_task-imagery_run-02_eeg.edf	source_train	6940.410607013155	False	7.733356012769147e-12	2.3922164604910005e-12	1.9679027371917678e-11	6.910054391024429e-12
sub-7	01	02	sub-7/ses-01/run-02/tsv-row-10	10	right_hand	2	69.156	5.0	17289	18539	sub-7/ses-01/eeg/sub-7_ses-01_task-imagery_run-02_eeg.edf	source_train	8443.257807824944	False	2.7461768069450937e-12	1.7483869973516012e-12	4.3240088076223344e-12	5.959809925241531e-12
sub-7	01	02	sub-7/ses-01/run-02/tsv-row-11	11	right_hand	2	76.056	5.0	19014	20264	sub-7/ses-01/eeg/sub-7_ses-01_task-imagery_run-02_eeg.edf	source_train	9163.189143696402	False	3.71229292407235e-12	1.574734110989163e-12	1.03709175223169e-11	5.200027654061179e-12
sub-7	01	02	sub-7/ses-01/run-02/tsv-row-12	12	rest	1	82.932	5.0	20733	21983	sub-7/ses-01/eeg/sub-7_ses-01_task-imagery_run-02_eeg.edf	source_train	8904.892012466811	False	7.363243314060682e-12	2.163254231309034e-12	2.374443120915271e-11	6.450802521712327e-12
sub-7	01	02	sub-7/ses-01/run-02/tsv-row-13	13	rest	1	89.836	5.0	22459	23709	sub-7/ses-01/eeg/sub-7_ses-01_task-imagery_run-02_eeg.edf	source_train	7634.603072832422	False	8.238092880179552e-12	2.5938794748720963e-12	2.545890430770462e-11	7.563146804012776e-12
sub-7	01	02	sub-7/ses-01/run-02/tsv-row-14	14	right_hand	2	96.7	5.0	24175	25425	sub-7/ses-01/eeg/sub-7_ses-01_task-imagery_run-02_eeg.edf	source_train	5777.922111362041	False	2.694022681410069e-12	1.8273777747278767e-12	5.045708891976427e-12	4.798392880390771e-12
sub-7	01	02	sub-7/ses-01/run-02/tsv-row-15	15	right_hand	2	103.604	5.0	25901	27151	sub-7/ses-01/eeg/sub-7_ses-01_task-imagery_run-02_eeg.edf	source_train	7633.0890216528815	False	4.815010400735916e-12	2.369466662146645e-12	1.1068062872890899e-11	8.177187880179192e-12
sub-7	01	02	sub-7/ses-01/run-02/tsv-row-16	16	rest	1	110.496	5.0	27624	28874	sub-7/ses-01/eeg/sub-7_ses-01_task-imagery_run-02_eeg.edf	source_train	6959.184841639454	False	6.815360279859709e-12	2.2079020095185336e-12	2.8354902629035943e-11	6.911859819472645e-12
sub-7	01	02	sub-7/ses-01/run-02/tsv-row-17	17	right_hand	2	117.36	5.0	29340	30590	sub-7/ses-01/eeg/sub-7_ses-01_task-imagery_run-02_eeg.edf	source_train	9050.240925702688	False	2.6274290777977265e-12	1.6184786714949862e-12	5.39635336562121e-12	3.9716520013487114e-12
sub-7	01	02	sub-7/ses-01/run-02/tsv-row-18	18	rest	1	124.252	5.0	31063	32313	sub-7/ses-01/eeg/sub-7_ses-01_task-imagery_run-02_eeg.edf	source_train	7846.1160226142165	False	4.843552422160624e-12	2.3779461071449726e-12	1.8395332845678206e-11	6.7013404055736375e-12
sub-7	01	02	sub-7/ses-01/run-02/tsv-row-19	19	rest	1	131.156	5.0	32789	34039	sub-7/ses-01/eeg/sub-7_ses-01_task-imagery_run-02_eeg.edf	source_train	6531.162573183386	False	8.553083696790352e-12	2.5002572984745365e-12	2.071166851958613e-11	7.762119263729385e-12
sub-7	01	02	sub-7/ses-01/run-02/tsv-row-20	20	right_hand	2	138.04	5.0	34510	35760	sub-7/ses-01/eeg/sub-7_ses-01_task-imagery_run-02_eeg.edf	source_train	6346.90254463332	False	4.104822089979611e-12	1.6855310546916955e-12	1.2771203960820335e-11	5.595537066552e-12
sub-7	01	02	sub-7/ses-01/run-02/tsv-row-21	21	rest	1	144.932	5.0	36233	37483	sub-7/ses-01/eeg/sub-7_ses-01_task-imagery_run-02_eeg.edf	source_train	6961.153108172857	False	9.771853075599145e-12	2.7753199382057e-12	2.8232890365608377e-11	8.290897464932315e-12
sub-7	01	02	sub-7/ses-01/run-02/tsv-row-22	22	right_hand	2	151.812	5.0	37953	39203	sub-7/ses-01/eeg/sub-7_ses-01_task-imagery_run-02_eeg.edf	source_train	8436.898792870876	False	3.2189047643794802e-12	1.6765867255549669e-12	7.852361644580043e-12	3.859941110914031e-12
sub-7	01	02	sub-7/ses-01/run-02/tsv-row-23	23	right_hand	2	165.668	5.0	41417	42667	sub-7/ses-01/eeg/sub-7_ses-01_task-imagery_run-02_eeg.edf	source_train	6274.228088015381	False	3.1902506017004055e-12	1.707024661908575e-12	1.0526830301734044e-11	4.809858254116531e-12
sub-7	01	02	sub-7/ses-01/run-02/tsv-row-24	24	rest	1	172.56	5.0	43140	44390	sub-7/ses-01/eeg/sub-7_ses-01_task-imagery_run-02_eeg.edf	source_train	9555.782614551226	False	3.69687541360345e-12	2.118821691506866e-12	1.225595885129053e-11	5.2691561038384144e-12
sub-7	01	02	sub-7/ses-01/run-02/tsv-row-25	25	right_hand	2	179.444	5.0	44861	46111	sub-7/ses-01/eeg/sub-7_ses-01_task-imagery_run-02_eeg.edf	source_train	8728.807860286264	False	4.859637657768414e-12	2.040068659347295e-12	1.7942924421089005e-11	7.56133204985975e-12
sub-7	01	02	sub-7/ses-01/run-02/tsv-row-26	26	right_hand	2	186.348	5.0	46587	47837	sub-7/ses-01/eeg/sub-7_ses-01_task-imagery_run-02_eeg.edf	source_train	6388.993167424542	False	7.444539663075855e-12	2.0646854294703085e-12	2.3843592835671713e-11	5.9687659841913296e-12
sub-7	01	02	sub-7/ses-01/run-02/tsv-row-27	27	rest	1	193.22	5.0	48305	49555	sub-7/ses-01/eeg/sub-7_ses-01_task-imagery_run-02_eeg.edf	source_train	4212.090381481369	False	8.782951290425622e-12	2.394763207183483e-12	2.62977666585557e-11	7.069940536169033e-12
sub-7	01	02	sub-7/ses-01/run-02/tsv-row-28	28	right_hand	2	200.104	5.0	50026	51276	sub-7/ses-01/eeg/sub-7_ses-01_task-imagery_run-02_eeg.edf	source_train	8510.935895550401	False	5.4204113417952624e-12	1.9208015034491736e-12	1.4798794354510154e-11	5.8545348984068236e-12
sub-7	01	02	sub-7/ses-01/run-02/tsv-row-29	29	rest	1	207.012	5.0	51753	53003	sub-7/ses-01/eeg/sub-7_ses-01_task-imagery_run-02_eeg.edf	source_train	5274.651499282815	False	9.377972475051927e-12	2.4427883034669585e-12	1.960358011083489e-11	6.0960338996147916e-12
sub-7	01	03	sub-7/ses-01/run-03/tsv-row-1	1	right_hand	2	7.892	5.0	1973	3223	sub-7/ses-01/eeg/sub-7_ses-01_task-imagery_run-03_eeg.edf	source_train	4702.463511337626	False	3.700258662966155e-12	1.938675656239149e-12	6.127249154773868e-12	5.875427889644913e-12
sub-7	01	03	sub-7/ses-01/run-03/tsv-row-2	2	rest	1	14.78	5.0	3695	4945	sub-7/ses-01/eeg/sub-7_ses-01_task-imagery_run-03_eeg.edf	source_train	5134.324911206397	False	3.787486307421577e-12	1.8709396473772097e-12	7.651046725660287e-12	4.535211110019001e-12
sub-7	01	03	sub-7/ses-01/run-03/tsv-row-3	3	rest	1	21.668	5.0	5417	6667	sub-7/ses-01/eeg/sub-7_ses-01_task-imagery_run-03_eeg.edf	source_train	4105.077753486739	False	3.648112463263511e-12	2.012929652892866e-12	8.31578155281272e-12	4.583525662146232e-12
sub-7	01	03	sub-7/ses-01/run-03/tsv-row-4	4	right_hand	2	28.536	5.0	7134	8384	sub-7/ses-01/eeg/sub-7_ses-01_task-imagery_run-03_eeg.edf	source_train	6352.181426389355	False	4.7723018475243535e-12	1.8550621607704e-12	5.039807202828742e-12	6.211079140356642e-12
sub-7	01	03	sub-7/ses-01/run-03/tsv-row-5	5	right_hand	2	35.44	5.0	8860	10110	sub-7/ses-01/eeg/sub-7_ses-01_task-imagery_run-03_eeg.edf	source_train	6810.074846949675	False	5.095641087440847e-12	2.354880644836643e-12	1.1073273178561026e-11	5.391815840718501e-12
sub-7	01	03	sub-7/ses-01/run-03/tsv-row-6	6	rest	1	42.328	5.0	10582	11832	sub-7/ses-01/eeg/sub-7_ses-01_task-imagery_run-03_eeg.edf	source_train	5179.38977721488	False	7.607309795272226e-12	3.174260618788758e-12	1.7763998253575076e-11	8.921730850908256e-12
sub-7	01	03	sub-7/ses-01/run-03/tsv-row-7	7	right_hand	2	49.196	5.0	12299	13549	sub-7/ses-01/eeg/sub-7_ses-01_task-imagery_run-03_eeg.edf	source_train	5583.1316830347605	False	3.8757393279916076e-12	1.847254285960762e-12	7.049442248904934e-12	3.880921190890982e-12
sub-7	01	03	sub-7/ses-01/run-03/tsv-row-8	8	rest	1	56.1	5.0	14025	15275	sub-7/ses-01/eeg/sub-7_ses-01_task-imagery_run-03_eeg.edf	source_train	6242.282093752861	False	1.2765705452220674e-11	3.929787718379973e-12	2.8445780325438476e-11	1.3677042949691472e-11
sub-7	01	03	sub-7/ses-01/run-03/tsv-row-9	9	right_hand	2	62.988	5.0	15747	16997	sub-7/ses-01/eeg/sub-7_ses-01_task-imagery_run-03_eeg.edf	source_train	3598.8040680562763	False	3.3950870603956696e-12	2.3270702892469593e-12	5.364226927460312e-12	6.506991613280129e-12
sub-7	01	03	sub-7/ses-01/run-03/tsv-row-10	10	rest	1	69.876	5.0	17469	18719	sub-7/ses-01/eeg/sub-7_ses-01_task-imagery_run-03_eeg.edf	source_train	4003.0371440778827	False	1.2471891058142463e-11	3.0966821789901134e-12	3.2983512572439554e-11	7.92402134740765e-12
sub-7	01	03	sub-7/ses-01/run-03/tsv-row-11	11	right_hand	2	76.76	5.0	19190	20440	sub-7/ses-01/eeg/sub-7_ses-01_task-imagery_run-03_eeg.edf	source_train	3877.78874263741	False	7.311142300117177e-12	1.861275524523702e-12	1.6175926795108177e-11	6.363248410065326e-12
sub-7	01	03	sub-7/ses-01/run-03/tsv-row-12	12	rest	1	83.648	5.0	20912	22162	sub-7/ses-01/eeg/sub-7_ses-01_task-imagery_run-03_eeg.edf	source_train	4629.89311403241	False	6.585943900893622e-12	2.2733227314987003e-12	1.694604694473401e-11	6.373541863612162e-12
sub-7	01	03	sub-7/ses-01/run-03/tsv-row-13	13	right_hand	2	90.536	5.0	22634	23884	sub-7/ses-01/eeg/sub-7_ses-01_task-imagery_run-03_eeg.edf	source_train	4249.359000244148	False	7.77818165695574e-12	2.3345280571672484e-12	1.254456754864142e-11	7.5784657069387e-12
sub-7	01	03	sub-7/ses-01/run-03/tsv-row-14	14	rest	1	97.44	5.0	24360	25610	sub-7/ses-01/eeg/sub-7_ses-01_task-imagery_run-03_eeg.edf	source_train	2959.5460505081332	False	5.84389945483899e-12	2.2131093739272878e-12	1.4171339886044412e-11	5.636648498543704e-12
sub-7	01	03	sub-7/ses-01/run-03/tsv-row-15	15	rest	1	104.328	5.0	26082	27332	sub-7/ses-01/eeg/sub-7_ses-01_task-imagery_run-03_eeg.edf	source_train	4314.070674321727	False	8.06029567131605e-12	2.8234396735147214e-12	2.042316687727849e-11	8.113747760458432e-12
sub-7	01	03	sub-7/ses-01/run-03/tsv-row-16	16	right_hand	2	111.196	5.0	27799	29049	sub-7/ses-01/eeg/sub-7_ses-01_task-imagery_run-03_eeg.edf	source_train	4097.955785561693	False	3.1080475118415493e-12	2.195343758343467e-12	4.963621562690111e-12	5.924903898189434e-12
sub-7	01	03	sub-7/ses-01/run-03/tsv-row-17	17	right_hand	2	118.1	5.0	29525	30775	sub-7/ses-01/eeg/sub-7_ses-01_task-imagery_run-03_eeg.edf	source_train	4493.961760704367	False	2.977973341644801e-12	1.8582216830438232e-12	6.8993147455253765e-12	5.958910702463599e-12
sub-7	01	03	sub-7/ses-01/run-03/tsv-row-18	18	rest	1	124.988	5.0	31247	32497	sub-7/ses-01/eeg/sub-7_ses-01_task-imagery_run-03_eeg.edf	source_train	4418.198757087924	False	6.295981662289341e-12	2.6927635509372897e-12	1.730038822819822e-11	5.999446741129877e-12
sub-7	01	03	sub-7/ses-01/run-03/tsv-row-19	19	rest	1	131.872	5.0	32968	34218	sub-7/ses-01/eeg/sub-7_ses-01_task-imagery_run-03_eeg.edf	source_train	3179.713093432417	False	5.2740515991293975e-12	2.4068006603940702e-12	2.012443424316488e-11	5.6425290976202204e-12
sub-7	01	03	sub-7/ses-01/run-03/tsv-row-20	20	right_hand	2	138.76	5.0	34690	35940	sub-7/ses-01/eeg/sub-7_ses-01_task-imagery_run-03_eeg.edf	source_train	3918.924247032075	False	4.5395337180315044e-12	1.8614989704339116e-12	8.007977467182876e-12	5.4270534745624315e-12
sub-7	01	03	sub-7/ses-01/run-03/tsv-row-21	21	rest	1	145.648	5.0	36412	37662	sub-7/ses-01/eeg/sub-7_ses-01_task-imagery_run-03_eeg.edf	source_train	3919.5382097842344	False	4.588016035783655e-12	2.4224852576857404e-12	9.98625488984515e-12	6.344801184212634e-12
sub-7	01	03	sub-7/ses-01/run-03/tsv-row-22	22	right_hand	2	152.532	5.0	38133	39383	sub-7/ses-01/eeg/sub-7_ses-01_task-imagery_run-03_eeg.edf	source_train	5054.632545976135	False	3.85742049604035e-12	2.1625122820359805e-12	7.000026848241891e-12	5.824653949654951e-12
sub-7	01	03	sub-7/ses-01/run-03/tsv-row-23	23	rest	1	159.42	5.0	39855	41105	sub-7/ses-01/eeg/sub-7_ses-01_task-imagery_run-03_eeg.edf	source_train	6984.440268562884	False	4.4186215709678e-12	2.2911637685620786e-12	1.1665368113411949e-11	4.7924638315899066e-12
sub-7	01	03	sub-7/ses-01/run-03/tsv-row-24	24	right_hand	2	166.308	5.0	41577	42827	sub-7/ses-01/eeg/sub-7_ses-01_task-imagery_run-03_eeg.edf	source_train	3820.935791787469	False	2.3419820264821183e-12	1.8600708724409615e-12	6.6111883860612414e-12	5.180591594124999e-12
sub-7	01	03	sub-7/ses-01/run-03/tsv-row-25	25	right_hand	2	173.192	5.0	43298	44548	sub-7/ses-01/eeg/sub-7_ses-01_task-imagery_run-03_eeg.edf	source_train	3747.3830540787985	False	3.6135463632587965e-12	2.327570270938124e-12	8.839768519515928e-12	5.95653564849818e-12
sub-7	01	03	sub-7/ses-01/run-03/tsv-row-26	26	rest	1	180.08	5.0	45020	46270	sub-7/ses-01/eeg/sub-7_ses-01_task-imagery_run-03_eeg.edf	source_train	4886.52954443495	False	9.95419074221108e-12	2.9856451358204836e-12	2.478787305325619e-11	8.627679693616297e-12
sub-7	01	03	sub-7/ses-01/run-03/tsv-row-27	27	rest	1	186.968	5.0	46742	47992	sub-7/ses-01/eeg/sub-7_ses-01_task-imagery_run-03_eeg.edf	source_train	2891.0278073671684	False	1.0131415011996023e-11	2.0934854044301705e-12	4.0044665972077475e-11	6.184283204098159e-12
sub-7	01	03	sub-7/ses-01/run-03/tsv-row-28	28	right_hand	2	193.856	5.0	48464	49714	sub-7/ses-01/eeg/sub-7_ses-01_task-imagery_run-03_eeg.edf	source_train	3847.458982680746	False	7.107351696205472e-12	1.6802908685861633e-12	1.7136616884630807e-11	5.277764195860981e-12
sub-7	01	03	sub-7/ses-01/run-03/tsv-row-29	29	rest	1	200.74	5.0	50185	51435	sub-7/ses-01/eeg/sub-7_ses-01_task-imagery_run-03_eeg.edf	source_train	6525.687300149541	False	1.3349900947637993e-11	2.5982071291885127e-12	3.3936159098238794e-11	7.070725006979933e-12
sub-7	01	03	sub-7/ses-01/run-03/tsv-row-30	30	right_hand	2	207.644	5.0	51911	53161	sub-7/ses-01/eeg/sub-7_ses-01_task-imagery_run-03_eeg.edf	source_train	3956.989937665944	False	4.1319993645290545e-12	1.9761935633478714e-12	1.1037298657876122e-11	4.733281650371305e-12
sub-7	01	04	sub-7/ses-01/run-04/tsv-row-1	1	right_hand	2	4.764	5.0	1191	2441	sub-7/ses-01/eeg/sub-7_ses-01_task-imagery_run-04_eeg.edf	source_train	3976.413049958801	False	2.6482531194592724e-12	1.8057393696133958e-12	4.745876054221348e-12	5.025066352876996e-12
sub-7	01	04	sub-7/ses-01/run-04/tsv-row-2	2	rest	1	11.632	5.0	2908	4158	sub-7/ses-01/eeg/sub-7_ses-01_task-imagery_run-04_eeg.edf	source_train	2789.3280568865016	False	4.6637888184066374e-12	2.0648692585625717e-12	1.3178278257165427e-11	5.0912921686794045e-12
sub-7	01	04	sub-7/ses-01/run-04/tsv-row-3	3	rest	1	18.536	5.0	4634	5884	sub-7/ses-01/eeg/sub-7_ses-01_task-imagery_run-04_eeg.edf	source_train	3982.6516309701833	False	2.911931364883491e-12	2.0524519389728263e-12	7.190902400007245e-12	4.782628740066494e-12
sub-7	01	04	sub-7/ses-01/run-04/tsv-row-4	4	right_hand	2	25.424	5.0	6356	7606	sub-7/ses-01/eeg/sub-7_ses-01_task-imagery_run-04_eeg.edf	source_train	2979.7022555619983	False	2.0929355638960842e-12	1.5987337006659696e-12	6.4873961364027245e-12	4.294714126613918e-12
sub-7	01	04	sub-7/ses-01/run-04/tsv-row-5	5	right_hand	2	32.308	5.0	8077	9327	sub-7/ses-01/eeg/sub-7_ses-01_task-imagery_run-04_eeg.edf	source_train	2070.624028809473	False	2.525240047172211e-12	1.6877819503016164e-12	5.4950707425492296e-12	3.821658399716295e-12
sub-7	01	04	sub-7/ses-01/run-04/tsv-row-6	6	rest	1	39.18	5.0	9795	11045	sub-7/ses-01/eeg/sub-7_ses-01_task-imagery_run-04_eeg.edf	source_train	3952.336026367993	False	3.023221544790032e-12	2.1702493025853667e-12	9.75319964171244e-12	5.6755167529642754e-12
sub-7	01	04	sub-7/ses-01/run-04/tsv-row-7	7	rest	1	46.084	5.0	11521	12771	sub-7/ses-01/eeg/sub-7_ses-01_task-imagery_run-04_eeg.edf	source_train	2759.7922749107333	False	5.1756313913488276e-12	2.283810000308435e-12	1.676436075761218e-11	5.318076571884336e-12
sub-7	01	04	sub-7/ses-01/run-04/tsv-row-8	8	right_hand	2	52.972	5.0	13243	14493	sub-7/ses-01/eeg/sub-7_ses-01_task-imagery_run-04_eeg.edf	source_train	2123.457011749626	False	1.335519979689161e-12	1.6802516063318185e-12	3.493075823366082e-12	4.497994759487738e-12
sub-7	01	04	sub-7/ses-01/run-04/tsv-row-9	9	rest	1	59.856	5.0	14964	16214	sub-7/ses-01/eeg/sub-7_ses-01_task-imagery_run-04_eeg.edf	source_train	2422.908900296029	False	3.309521985387058e-12	2.508855553575515e-12	1.0428958530217024e-11	5.408988395049593e-12
sub-7	01	04	sub-7/ses-01/run-04/tsv-row-10	10	right_hand	2	66.744	5.0	16686	17936	sub-7/ses-01/eeg/sub-7_ses-01_task-imagery_run-04_eeg.edf	source_train	2863.8011177098915	False	4.0976965546484875e-12	1.5759507523547477e-12	1.2912080267454234e-11	3.7235296300015554e-12
sub-7	01	04	sub-7/ses-01/run-04/tsv-row-11	11	rest	1	73.632	5.0	18408	19658	sub-7/ses-01/eeg/sub-7_ses-01_task-imagery_run-04_eeg.edf	source_train	2043.8176260261848	False	7.287669629938011e-12	1.7724910678961865e-12	2.253775154711606e-11	6.278952329478225e-12
sub-7	01	04	sub-7/ses-01/run-04/tsv-row-12	12	right_hand	2	80.516	5.0	20129	21379	sub-7/ses-01/eeg/sub-7_ses-01_task-imagery_run-04_eeg.edf	source_train	2133.10731675161	False	4.506133088599363e-12	2.774454437790291e-12	1.3263960058701432e-11	7.027519299555837e-12
sub-7	01	04	sub-7/ses-01/run-04/tsv-row-13	13	right_hand	2	87.404	5.0	21851	23101	sub-7/ses-01/eeg/sub-7_ses-01_task-imagery_run-04_eeg.edf	source_train	2622.25105917539	False	1.9025987795082443e-12	1.601869469479279e-12	3.399425323027873e-12	3.877989975825911e-12
sub-7	01	04	sub-7/ses-01/run-04/tsv-row-14	14	rest	1	94.292	5.0	23573	24823	sub-7/ses-01/eeg/sub-7_ses-01_task-imagery_run-04_eeg.edf	source_train	2764.9585998107855	False	9.390278260937454e-12	2.6534416324491675e-12	2.93101782224206e-11	6.666361912973753e-12
sub-7	01	04	sub-7/ses-01/run-04/tsv-row-15	15	rest	1	101.196	5.0	25299	26549	sub-7/ses-01/eeg/sub-7_ses-01_task-imagery_run-04_eeg.edf	source_train	2017.2061788995024	False	5.10454433980472e-12	2.065386668079388e-12	1.866170057234988e-11	5.3374368008463064e-12
sub-7	01	04	sub-7/ses-01/run-04/tsv-row-16	16	right_hand	2	108.064	5.0	27016	28266	sub-7/ses-01/eeg/sub-7_ses-01_task-imagery_run-04_eeg.edf	source_train	3648.0102464064457	False	3.757707648823013e-12	1.9818181332977757e-12	1.3275774927339656e-11	5.988708973161435e-12
sub-7	01	04	sub-7/ses-01/run-04/tsv-row-17	17	rest	1	114.952	5.0	28738	29988	sub-7/ses-01/eeg/sub-7_ses-01_task-imagery_run-04_eeg.edf	source_train	2195.7855603503526	False	6.716512865581632e-12	2.6088996448132647e-12	1.5620664183928406e-11	7.03203306147856e-12
sub-7	01	04	sub-7/ses-01/run-04/tsv-row-18	18	right_hand	2	121.84	5.0	30460	31710	sub-7/ses-01/eeg/sub-7_ses-01_task-imagery_run-04_eeg.edf	source_train	2731.1337933896907	False	4.290180629023427e-12	2.4925665118482594e-12	1.318094623110948e-11	8.095648442340489e-12
sub-7	01	04	sub-7/ses-01/run-04/tsv-row-19	19	rest	1	128.724	5.0	32181	33431	sub-7/ses-01/eeg/sub-7_ses-01_task-imagery_run-04_eeg.edf	source_train	2445.6212342905974	False	7.697226858760462e-12	1.9172711821936693e-12	2.749011207756842e-11	5.036594415909703e-12
sub-7	01	04	sub-7/ses-01/run-04/tsv-row-20	20	right_hand	2	135.628	5.0	33907	35157	sub-7/ses-01/eeg/sub-7_ses-01_task-imagery_run-04_eeg.edf	source_train	2086.0255256813257	False	3.1278990248012225e-12	1.8096124310850813e-12	8.02351146698705e-12	4.620284980779557e-12
sub-7	01	04	sub-7/ses-01/run-04/tsv-row-21	21	rest	1	142.516	5.0	35629	36879	sub-7/ses-01/eeg/sub-7_ses-01_task-imagery_run-04_eeg.edf	source_train	2196.37042732017	False	3.655468547966189e-12	1.951828589821343e-12	9.711009518436367e-12	5.17198350958371e-12
sub-7	01	04	sub-7/ses-01/run-04/tsv-row-22	22	right_hand	2	149.384	5.0	37346	38596	sub-7/ses-01/eeg/sub-7_ses-01_task-imagery_run-04_eeg.edf	source_train	4326.650887050996	False	6.113412154620847e-12	1.7539782307129146e-12	2.1599109791376947e-11	5.039127645999271e-12
sub-7	01	04	sub-7/ses-01/run-04/tsv-row-23	23	rest	1	156.288	5.0	39072	40322	sub-7/ses-01/eeg/sub-7_ses-01_task-imagery_run-04_eeg.edf	source_train	3809.0436187627797	False	4.486725132015825e-12	1.6956874132098275e-12	1.6486420768567374e-11	4.381435719260013e-12
sub-7	01	04	sub-7/ses-01/run-04/tsv-row-24	24	right_hand	2	163.176	5.0	40794	42044	sub-7/ses-01/eeg/sub-7_ses-01_task-imagery_run-04_eeg.edf	source_train	3174.462956511124	False	4.9321493016350826e-12	2.2804468472138996e-12	7.418244486660302e-12	7.861900165249116e-12
sub-7	01	04	sub-7/ses-01/run-04/tsv-row-25	25	rest	1	170.064	5.0	42516	43766	sub-7/ses-01/eeg/sub-7_ses-01_task-imagery_run-04_eeg.edf	source_train	4262.412998199407	False	1.0735859190263773e-11	2.083435962618246e-12	4.859269116430311e-11	6.518077578193493e-12
sub-7	01	04	sub-7/ses-01/run-04/tsv-row-26	26	right_hand	2	176.948	5.0	44237	45487	sub-7/ses-01/eeg/sub-7_ses-01_task-imagery_run-04_eeg.edf	source_train	2822.4705185094763	False	3.343752516351388e-12	1.808927428968998e-12	1.3715323309463105e-11	4.748366232298001e-12
sub-7	01	04	sub-7/ses-01/run-04/tsv-row-27	27	right_hand	2	183.836	5.0	45959	47209	sub-7/ses-01/eeg/sub-7_ses-01_task-imagery_run-04_eeg.edf	source_train	3182.0662271187475	False	6.889372993305807e-12	3.1418154126007967e-12	1.553799394327794e-11	8.28240606948581e-12
sub-7	01	04	sub-7/ses-01/run-04/tsv-row-28	28	rest	1	190.724	5.0	47681	48931	sub-7/ses-01/eeg/sub-7_ses-01_task-imagery_run-04_eeg.edf	source_train	3138.981027008881	False	4.519468452287442e-12	1.9621803369938348e-12	1.2350028978074392e-11	6.087382256126928e-12
sub-7	01	04	sub-7/ses-01/run-04/tsv-row-29	29	rest	1	197.628	5.0	49407	50657	sub-7/ses-01/eeg/sub-7_ses-01_task-imagery_run-04_eeg.edf	source_train	3204.7785611133154	False	5.457363446582971e-12	2.3480327142417835e-12	2.4994096848245124e-11	7.06377159865264e-12
sub-7	01	04	sub-7/ses-01/run-04/tsv-row-30	30	right_hand	2	204.496	5.0	51124	52374	sub-7/ses-01/eeg/sub-7_ses-01_task-imagery_run-04_eeg.edf	source_train	2962.5461577806936	False	2.600857446184345e-12	1.6045907298579146e-12	8.473940955579528e-12	3.952784176015706e-12
sub-7	01	05	sub-7/ses-01/run-05/tsv-row-1	1	right_hand	2	4.596	5.0	1149	2399	sub-7/ses-01/eeg/sub-7_ses-01_task-imagery_run-05_eeg.edf	source_reference_query	2047.5663960692164	False	2.258675419905722e-12	1.645001328871602e-12	6.087687571510823e-12	5.1687284330661365e-12
sub-7	01	05	sub-7/ses-01/run-05/tsv-row-2	2	rest	1	11.464	5.0	2866	4116	sub-7/ses-01/eeg/sub-7_ses-01_task-imagery_run-05_eeg.edf	source_reference_query	2722.0988677632986	False	4.146702996166763e-12	1.5992171611935138e-12	1.2228811687808847e-11	5.3661813959112326e-12
sub-7	01	05	sub-7/ses-01/run-05/tsv-row-3	3	right_hand	2	18.352	5.0	4588	5838	sub-7/ses-01/eeg/sub-7_ses-01_task-imagery_run-05_eeg.edf	source_reference_query	2872.0669515060886	False	1.901328597851539e-12	1.4736437447286249e-12	5.41960660679765e-12	3.8677746430504995e-12
sub-7	01	05	sub-7/ses-01/run-05/tsv-row-4	4	rest	1	25.256	5.0	6314	7564	sub-7/ses-01/eeg/sub-7_ses-01_task-imagery_run-05_eeg.edf	source_reference_query	1572.3975432599875	False	2.712429546990587e-12	1.957434155844869e-12	7.330198517256382e-12	4.104612711451263e-12
sub-7	01	05	sub-7/ses-01/run-05/tsv-row-5	5	rest	1	32.144	5.0	8036	9286	sub-7/ses-01/eeg/sub-7_ses-01_task-imagery_run-05_eeg.edf	source_reference_query	2386.128252510148	False	3.152291373451607e-12	2.1312505372529256e-12	9.866532971627163e-12	4.932902283522042e-12
sub-7	01	05	sub-7/ses-01/run-05/tsv-row-6	6	right_hand	2	39.012	5.0	9753	11003	sub-7/ses-01/eeg/sub-7_ses-01_task-imagery_run-05_eeg.edf	source_reference_query	2433.337427900022	False	3.2760781997734927e-12	1.854375424078578e-12	7.745028148846169e-12	6.545451823358437e-12
sub-7	01	05	sub-7/ses-01/run-05/tsv-row-7	7	right_hand	2	45.916	5.0	11479	12729	sub-7/ses-01/eeg/sub-7_ses-01_task-imagery_run-05_eeg.edf	source_reference_query	2466.1328241828674	False	3.092123364422148e-12	1.6893760785991002e-12	8.077260328312959e-12	4.564602365718606e-12
sub-7	01	05	sub-7/ses-01/run-05/tsv-row-8	8	rest	1	52.804	5.0	13201	14451	sub-7/ses-01/eeg/sub-7_ses-01_task-imagery_run-05_eeg.edf	source_reference_query	2583.7103930784024	False	3.4121364533747107e-12	2.0371432016325986e-12	1.2216363415279286e-11	5.73732140080748e-12
sub-7	01	05	sub-7/ses-01/run-05/tsv-row-9	9	right_hand	2	59.688	5.0	14922	16172	sub-7/ses-01/eeg/sub-7_ses-01_task-imagery_run-05_eeg.edf	source_reference_query	3505.7063982055124	False	3.533472238457599e-12	1.5476990306953619e-12	1.0535386928398318e-11	4.007281448983291e-12
sub-7	01	05	sub-7/ses-01/run-05/tsv-row-10	10	rest	1	66.576	5.0	16644	17894	sub-7/ses-01/eeg/sub-7_ses-01_task-imagery_run-05_eeg.edf	source_reference_query	3338.652317880795	False	3.154568775815065e-12	1.513358666151396e-12	9.472703305101176e-12	3.9025620457780555e-12
sub-7	01	05	sub-7/ses-01/run-05/tsv-row-11	11	right_hand	2	73.464	5.0	18366	19616	sub-7/ses-01/eeg/sub-7_ses-01_task-imagery_run-05_eeg.edf	source_reference_query	2723.394488357189	False	3.800066478956143e-12	1.585061775849851e-12	1.532193463915257e-11	4.401822281038924e-12
sub-7	01	05	sub-7/ses-01/run-05/tsv-row-12	12	rest	1	80.348	5.0	20087	21337	sub-7/ses-01/eeg/sub-7_ses-01_task-imagery_run-05_eeg.edf	source_reference_query	3015.0710745567185	False	4.477319275983269e-12	2.2378304667448145e-12	1.3184837600752569e-11	5.608673771905295e-12
sub-7	01	05	sub-7/ses-01/run-05/tsv-row-13	13	right_hand	2	87.236	5.0	21809	23059	sub-7/ses-01/eeg/sub-7_ses-01_task-imagery_run-05_eeg.edf	source_reference_query	2347.5025635547963	False	2.9944525258618288e-12	1.9342219777819814e-12	9.121501072007638e-12	5.655503749136512e-12
sub-7	01	05	sub-7/ses-01/run-05/tsv-row-14	14	rest	1	94.124	5.0	23531	24781	sub-7/ses-01/eeg/sub-7_ses-01_task-imagery_run-05_eeg.edf	source_reference_query	1713.944093142491	False	5.727178109616468e-12	2.3419741505885874e-12	1.8950003511604166e-11	6.483237245659173e-12
sub-7	01	05	sub-7/ses-01/run-05/tsv-row-15	15	rest	1	101.028	5.0	25257	26507	sub-7/ses-01/eeg/sub-7_ses-01_task-imagery_run-05_eeg.edf	source_reference_query	2304.8280602435375	False	7.377839082183809e-12	2.6426569778537015e-12	3.340658118866141e-11	6.809450241685661e-12
sub-7	01	05	sub-7/ses-01/run-05/tsv-row-16	16	right_hand	2	107.896	5.0	26974	28224	sub-7/ses-01/eeg/sub-7_ses-01_task-imagery_run-05_eeg.edf	source_reference_query	1727.062251655629	False	3.436751738254932e-12	1.4553307202881282e-12	1.4103089675416745e-11	4.54005726949442e-12
sub-7	01	05	sub-7/ses-01/run-05/tsv-row-17	17	right_hand	2	114.8	5.0	28700	29950	sub-7/ses-01/eeg/sub-7_ses-01_task-imagery_run-05_eeg.edf	source_reference_query	2086.7589190343947	False	2.3124179946388926e-12	1.6523663224418485e-12	5.782111244802349e-12	3.870096229506528e-12
sub-7	01	05	sub-7/ses-01/run-05/tsv-row-18	18	rest	1	121.672	5.0	30418	31668	sub-7/ses-01/eeg/sub-7_ses-01_task-imagery_run-05_eeg.edf	source_reference_query	3473.396859645375	False	2.812041091816898e-12	2.0443239049667565e-12	8.849257254035018e-12	5.471075031694283e-12
sub-7	01	05	sub-7/ses-01/run-05/tsv-row-19	19	right_hand	2	128.556	5.0	32139	33389	sub-7/ses-01/eeg/sub-7_ses-01_task-imagery_run-05_eeg.edf	source_reference_query	1672.9700918607136	False	2.2812543180030002e-12	1.4929497500801544e-12	6.542833387266535e-12	4.606720134188003e-12
sub-7	01	05	sub-7/ses-01/run-05/tsv-row-20	20	rest	1	135.46	5.0	33865	35115	sub-7/ses-01/eeg/sub-7_ses-01_task-imagery_run-05_eeg.edf	source_reference_query	3176.0519333475754	False	6.9558861892392175e-12	2.035710137314154e-12	2.9033468268354106e-11	7.697764995022556e-12
sub-7	01	05	sub-7/ses-01/run-05/tsv-row-21	21	rest	1	142.348	5.0	35587	36837	sub-7/ses-01/eeg/sub-7_ses-01_task-imagery_run-05_eeg.edf	source_reference_query	2549.7003524887846	False	4.445817425980754e-12	1.94469354865214e-12	1.7819255312698947e-11	7.91379333210903e-12
sub-7	01	05	sub-7/ses-01/run-05/tsv-row-22	22	right_hand	2	149.216	5.0	37304	38554	sub-7/ses-01/eeg/sub-7_ses-01_task-imagery_run-05_eeg.edf	source_reference_query	3020.25355693228	False	4.204325036162825e-12	1.6213337485319324e-12	1.1861499106913197e-11	3.8870151752138025e-12
sub-7	01	05	sub-7/ses-01/run-05/tsv-row-23	23	rest	1	156.12	5.0	39030	40280	sub-7/ses-01/eeg/sub-7_ses-01_task-imagery_run-05_eeg.edf	source_reference_query	3333.7127643665885	False	5.815829722271463e-12	1.981844640395197e-12	1.429085013418007e-11	5.607821988409483e-12
sub-7	01	05	sub-7/ses-01/run-05/tsv-row-24	24	right_hand	2	163.008	5.0	40752	42002	sub-7/ses-01/eeg/sub-7_ses-01_task-imagery_run-05_eeg.edf	source_reference_query	2382.8082247383036	False	3.3255812338918737e-12	1.8265819110209077e-12	9.62453228880945e-12	4.753463241321421e-12
sub-7	01	05	sub-7/ses-01/run-05/tsv-row-25	25	right_hand	2	169.896	5.0	42474	43724	sub-7/ses-01/eeg/sub-7_ses-01_task-imagery_run-05_eeg.edf	source_reference_query	2453.905404828028	False	2.1800611067269685e-12	1.6130861391579936e-12	3.995167066312617e-12	3.599526907784758e-12
sub-7	01	05	sub-7/ses-01/run-05/tsv-row-26	26	rest	1	176.78	5.0	44195	45445	sub-7/ses-01/eeg/sub-7_ses-01_task-imagery_run-05_eeg.edf	source_reference_query	1770.2226126895962	False	6.359332968621635e-12	2.3112665046391153e-12	2.2174545268981877e-11	7.62627786710387e-12
sub-7	01	05	sub-7/ses-01/run-05/tsv-row-27	27	right_hand	2	183.668	5.0	45917	47167	sub-7/ses-01/eeg/sub-7_ses-01_task-imagery_run-05_eeg.edf	source_reference_query	2228.1435163426618	False	3.2770940002748675e-12	1.4339230465739665e-12	1.1073257924735625e-11	3.984185995752055e-12
sub-7	01	05	sub-7/ses-01/run-05/tsv-row-28	28	rest	1	190.556	5.0	47639	48889	sub-7/ses-01/eeg/sub-7_ses-01_task-imagery_run-05_eeg.edf	source_reference_query	3831.635953856014	False	6.2055076762739795e-12	2.0951049685205156e-12	2.350575395085166e-11	5.4738578954348935e-12
sub-7	01	05	sub-7/ses-01/run-05/tsv-row-29	29	right_hand	2	197.46	5.0	49365	50615	sub-7/ses-01/eeg/sub-7_ses-01_task-imagery_run-05_eeg.edf	source_reference_query	2475.607049775689	False	5.390251824670905e-12	2.4507432545444943e-12	1.5455272892322887e-11	7.704762485559626e-12
sub-7	01	05	sub-7/ses-01/run-05/tsv-row-30	30	rest	1	204.328	5.0	51082	52332	sub-7/ses-01/eeg/sub-7_ses-01_task-imagery_run-05_eeg.edf	source_reference_query	4251.74093142491	False	7.46579025593742e-12	2.582149550161496e-12	2.859151438757308e-11	5.9917146642408694e-12
sub-7	01	06	sub-7/ses-01/run-06/tsv-row-1	1	right_hand	2	5.12	5.0	1280	2530	sub-7/ses-01/eeg/sub-7_ses-01_task-imagery_run-06_eeg.edf	source_reference_query	2371.50404852443	False	1.5475712241435358e-12	2.0820874094789003e-12	3.3592261212391428e-12	5.382564010642765e-12
sub-7	01	06	sub-7/ses-01/run-06/tsv-row-2	2	rest	1	12.016	5.0	3004	4254	sub-7/ses-01/eeg/sub-7_ses-01_task-imagery_run-06_eeg.edf	source_reference_query	3406.6319276711324	False	3.0753510395373596e-12	1.9802520048431277e-12	7.988848196261207e-12	5.8812728350761694e-12
sub-7	01	06	sub-7/ses-01/run-06/tsv-row-3	3	rest	1	18.9	5.0	4725	5975	sub-7/ses-01/eeg/sub-7_ses-01_task-imagery_run-06_eeg.edf	source_reference_query	3130.0122923673207	False	3.149102067446967e-12	2.4375380227143305e-12	9.410720111449327e-12	5.2509021711097375e-12
sub-7	01	06	sub-7/ses-01/run-06/tsv-row-4	4	right_hand	2	25.784	5.0	6446	7696	sub-7/ses-01/eeg/sub-7_ses-01_task-imagery_run-06_eeg.edf	source_reference_query	2737.945837092196	False	1.9583898666015937e-12	1.4346718517859456e-12	5.105132185073189e-12	4.524095862173904e-12
sub-7	01	06	sub-7/ses-01/run-06/tsv-row-5	5	rest	1	32.672	5.0	8168	9418	sub-7/ses-01/eeg/sub-7_ses-01_task-imagery_run-06_eeg.edf	source_reference_query	2989.4840848414565	False	3.762987646350844e-12	2.0397193320028187e-12	9.28645386066025e-12	6.84185856086349e-12
sub-7	01	06	sub-7/ses-01/run-06/tsv-row-6	6	right_hand	2	39.572	5.0	9893	11143	sub-7/ses-01/eeg/sub-7_ses-01_task-imagery_run-06_eeg.edf	source_reference_query	2210.5123262428665	False	2.0629323285003752e-12	1.5791618630088364e-12	5.135376685346845e-12	3.9140280799020635e-12
sub-7	01	06	sub-7/ses-01/run-06/tsv-row-7	7	rest	1	46.448	5.0	11612	12862	sub-7/ses-01/eeg/sub-7_ses-01_task-imagery_run-06_eeg.edf	source_reference_query	4521.621842280343	False	8.381513905006114e-12	2.5252674887106127e-12	1.672401650824235e-11	5.902867565530741e-12
sub-7	01	06	sub-7/ses-01/run-06/tsv-row-8	8	right_hand	2	53.328	5.0	13332	14582	sub-7/ses-01/eeg/sub-7_ses-01_task-imagery_run-06_eeg.edf	source_reference_query	2564.549240821558	False	2.2423270107145493e-12	1.5819285359682688e-12	7.2058093862392645e-12	4.98996775341463e-12
sub-7	01	06	sub-7/ses-01/run-06/tsv-row-9	9	rest	1	60.24	5.0	15060	16310	sub-7/ses-01/eeg/sub-7_ses-01_task-imagery_run-06_eeg.edf	source_reference_query	3487.8521610156563	False	5.1154903248367015e-12	2.0158457358311765e-12	1.8979310888236682e-11	5.473724344577099e-12
sub-7	01	06	sub-7/ses-01/run-06/tsv-row-10	10	right_hand	2	67.12	5.0	16780	18030	sub-7/ses-01/eeg/sub-7_ses-01_task-imagery_run-06_eeg.edf	source_reference_query	2688.416887661366	False	3.5341108129229513e-12	1.8018885552846898e-12	9.231257878373863e-12	4.171031166280137e-12
sub-7	01	06	sub-7/ses-01/run-06/tsv-row-11	11	right_hand	2	74.008	5.0	18502	19752	sub-7/ses-01/eeg/sub-7_ses-01_task-imagery_run-06_eeg.edf	source_reference_query	1702.1841322672203	False	2.2479202904036456e-12	1.6917293010177624e-12	7.162149290128738e-12	5.946663089319392e-12
sub-7	01	06	sub-7/ses-01/run-06/tsv-row-12	12	rest	1	80.9	5.0	20225	21475	sub-7/ses-01/eeg/sub-7_ses-01_task-imagery_run-06_eeg.edf	source_reference_query	2981.425444074832	False	3.793304745593451e-12	1.7307724039189082e-12	8.222654347149509e-12	4.531981633467426e-12
sub-7	01	06	sub-7/ses-01/run-06/tsv-row-13	13	rest	1	87.784	5.0	21946	23196	sub-7/ses-01/eeg/sub-7_ses-01_task-imagery_run-06_eeg.edf	source_reference_query	3378.019225623341	False	5.593371400317956e-12	2.010323742616507e-12	1.3808870536011584e-11	5.943934473217495e-12
sub-7	01	06	sub-7/ses-01/run-06/tsv-row-14	14	right_hand	2	94.668	5.0	23667	24917	sub-7/ses-01/eeg/sub-7_ses-01_task-imagery_run-06_eeg.edf	source_reference_query	2673.838897061067	False	2.921275607274555e-12	1.627143984545036e-12	9.15463489358084e-12	4.4576258680605075e-12
sub-7	01	06	sub-7/ses-01/run-06/tsv-row-15	15	right_hand	2	101.536	5.0	25384	26634	sub-7/ses-01/eeg/sub-7_ses-01_task-imagery_run-06_eeg.edf	source_reference_query	2644.6829158604696	False	2.238945361855381e-12	1.7817060051781442e-12	7.729972255221502e-12	4.800640480035046e-12
sub-7	01	06	sub-7/ses-01/run-06/tsv-row-16	16	right_hand	2	115.328	5.0	28832	30082	sub-7/ses-01/eeg/sub-7_ses-01_task-imagery_run-06_eeg.edf	source_reference_query	1826.5950582598348	False	4.088743953135154e-12	1.5067509208138434e-12	1.2601369696864576e-11	5.229863357754171e-12
sub-7	01	06	sub-7/ses-01/run-06/tsv-row-17	17	rest	1	122.22	5.0	30555	31805	sub-7/ses-01/eeg/sub-7_ses-01_task-imagery_run-06_eeg.edf	source_reference_query	4764.105437482834	False	6.240095231029715e-12	1.887779412135332e-12	1.862930581139208e-11	5.040819321935499e-12
sub-7	01	06	sub-7/ses-01/run-06/tsv-row-18	18	right_hand	2	129.1	5.0	32275	33525	sub-7/ses-01/eeg/sub-7_ses-01_task-imagery_run-06_eeg.edf	source_reference_query	3822.3310260933254	False	3.248422102135202e-12	1.6490647747585065e-12	9.418337178447347e-12	4.0483682712094245e-12
sub-7	01	06	sub-7/ses-01/run-06/tsv-row-19	19	rest	1	135.992	5.0	33998	35248	sub-7/ses-01/eeg/sub-7_ses-01_task-imagery_run-06_eeg.edf	source_reference_query	4562.367778740807	False	2.5945602464751705e-12	1.8956038766856704e-12	1.0261880830671402e-11	5.371563466335554e-12
sub-7	01	06	sub-7/ses-01/run-06/tsv-row-20	20	rest	1	142.88	5.0	35720	36970	sub-7/ses-01/eeg/sub-7_ses-01_task-imagery_run-06_eeg.edf	source_reference_query	4310.014612262337	False	7.962444816480844e-12	2.1651027677592407e-12	2.1143274312643544e-11	6.506817321913505e-12
sub-7	01	06	sub-7/ses-01/run-06/tsv-row-21	21	right_hand	2	149.78	5.0	37445	38695	sub-7/ses-01/eeg/sub-7_ses-01_task-imagery_run-06_eeg.edf	source_reference_query	2161.707749015778	False	2.8421084903990877e-12	1.305709531699131e-12	7.847063826135247e-12	3.875969227524756e-12
sub-7	01	06	sub-7/ses-01/run-06/tsv-row-22	22	right_hand	2	156.648	5.0	39162	40412	sub-7/ses-01/eeg/sub-7_ses-01_task-imagery_run-06_eeg.edf	source_reference_query	3663.150234321116	False	6.062436818717556e-12	2.495793171723954e-12	1.8788194514329778e-11	8.381533665285636e-12
sub-7	01	06	sub-7/ses-01/run-06/tsv-row-23	23	rest	1	163.54	5.0	40885	42135	sub-7/ses-01/eeg/sub-7_ses-01_task-imagery_run-06_eeg.edf	source_reference_query	3623.400309640797	False	1.2128691201471089e-11	2.1295983171509506e-12	3.8059422658161575e-11	6.019417810296789e-12
sub-7	01	06	sub-7/ses-01/run-06/tsv-row-24	24	right_hand	2	170.44	5.0	42610	43860	sub-7/ses-01/eeg/sub-7_ses-01_task-imagery_run-06_eeg.edf	source_reference_query	2029.2381822565385	False	3.79903608692093e-12	1.6611460966018072e-12	1.0580217763450338e-11	4.908270714116021e-12
sub-7	01	06	sub-7/ses-01/run-06/tsv-row-25	25	rest	1	177.332	5.0	44333	45583	sub-7/ses-01/eeg/sub-7_ses-01_task-imagery_run-06_eeg.edf	source_reference_query	2373.8582581865903	False	5.7442049856705234e-12	2.194598396440562e-12	1.8726785675037226e-11	6.244848813358563e-12
sub-7	01	06	sub-7/ses-01/run-06/tsv-row-26	26	right_hand	2	184.196	5.0	46049	47299	sub-7/ses-01/eeg/sub-7_ses-01_task-imagery_run-06_eeg.edf	source_reference_query	2252.2542744834745	False	2.447895800340821e-12	1.633922598225207e-12	5.949862642334878e-12	3.451923077550582e-12
sub-7	01	06	sub-7/ses-01/run-06/tsv-row-27	27	rest	1	191.104	5.0	47776	49026	sub-7/ses-01/eeg/sub-7_ses-01_task-imagery_run-06_eeg.edf	source_reference_query	4934.785637989441	False	7.017642658339285e-12	2.087514859572381e-12	1.997312305152035e-11	5.607420092886012e-12
sub-7	01	06	sub-7/ses-01/run-06/tsv-row-28	28	right_hand	2	197.988	5.0	49497	50747	sub-7/ses-01/eeg/sub-7_ses-01_task-imagery_run-06_eeg.edf	source_reference_query	4259.761290627765	False	3.9309658043779606e-12	1.7593805337637656e-12	1.4014167251965979e-11	4.895907795958306e-12
sub-7	01	06	sub-7/ses-01/run-06/tsv-row-29	29	rest	1	204.876	5.0	51219	52469	sub-7/ses-01/eeg/sub-7_ses-01_task-imagery_run-06_eeg.edf	source_reference_query	4727.2530016174815	False	4.366347707364202e-12	2.0474737141682053e-12	1.4159878539654747e-11	6.069179246293201e-12
sub-7	02	01	sub-7/ses-02/run-01/tsv-row-1	1	rest	1	7.48	5.0	1870	3120	sub-7/ses-02/eeg/sub-7_ses-02_task-imagery_run-01_eeg.edf	validation_no_selection	4124.400111697745	False	2.096393358858543e-12	1.871879508886072e-12	5.0641914961333056e-12	5.680034421046829e-12
sub-7	02	01	sub-7/ses-02/run-01/tsv-row-2	2	right_hand	2	14.368	5.0	3592	4842	sub-7/ses-02/eeg/sub-7_ses-02_task-imagery_run-01_eeg.edf	validation_no_selection	5137.785205221717	False	2.609712257105286e-12	1.842801390238405e-12	4.951423284913481e-12	6.554457387486131e-12
sub-7	02	01	sub-7/ses-02/run-01/tsv-row-3	3	rest	1	21.236	5.0	5309	6559	sub-7/ses-02/eeg/sub-7_ses-02_task-imagery_run-01_eeg.edf	validation_no_selection	5830.030334101382	False	1.0529499309325242e-11	2.1403590636793352e-12	3.384891519794175e-11	6.654025855198519e-12
sub-7	02	01	sub-7/ses-02/run-01/tsv-row-4	4	right_hand	2	28.124	5.0	7031	8281	sub-7/ses-02/eeg/sub-7_ses-02_task-imagery_run-01_eeg.edf	validation_no_selection	7554.586768471328	False	3.4550253063052208e-12	2.0477865193133414e-12	6.885979909633399e-12	6.351930908605968e-12
sub-7	02	01	sub-7/ses-02/run-01/tsv-row-5	5	right_hand	2	35.028	5.0	8757	10007	sub-7/ses-02/eeg/sub-7_ses-02_task-imagery_run-01_eeg.edf	validation_no_selection	7178.030855189672	False	4.168249844530446e-12	1.8378192297605774e-12	6.953339807570455e-12	5.694746528201865e-12
sub-7	02	01	sub-7/ses-02/run-01/tsv-row-6	6	rest	1	41.916	5.0	10479	11729	sub-7/ses-02/eeg/sub-7_ses-02_task-imagery_run-01_eeg.edf	validation_no_selection	5949.341174336985	False	5.679928526569497e-12	2.2819560025518367e-12	1.4343781109876117e-11	8.663619601492862e-12
sub-7	02	01	sub-7/ses-02/run-01/tsv-row-7	7	right_hand	2	48.784	5.0	12196	13446	sub-7/ses-02/eeg/sub-7_ses-02_task-imagery_run-01_eeg.edf	validation_no_selection	8313.754982863858	False	6.506337646997008e-12	1.7583221794795477e-12	2.3781837271707e-11	9.609592331504872e-12
sub-7	02	01	sub-7/ses-02/run-01/tsv-row-8	8	rest	1	55.672	5.0	13918	15168	sub-7/ses-02/eeg/sub-7_ses-02_task-imagery_run-01_eeg.edf	validation_no_selection	7088.699134708701	False	1.0085164703082023e-11	2.2826543709303076e-12	4.5112500374109656e-11	9.948069285509942e-12
sub-7	02	01	sub-7/ses-02/run-01/tsv-row-9	9	rest	1	62.576	5.0	15644	16894	sub-7/ses-02/eeg/sub-7_ses-02_task-imagery_run-01_eeg.edf	validation_no_selection	8337.223485702081	False	9.031053544682564e-12	2.6926875040307486e-12	3.236180235730261e-11	7.178017565752685e-12
sub-7	02	01	sub-7/ses-02/run-01/tsv-row-10	10	right_hand	2	69.46	5.0	17365	18615	sub-7/ses-02/eeg/sub-7_ses-02_task-imagery_run-01_eeg.edf	validation_no_selection	9229.178003250223	False	5.6096499076264594e-12	1.9517233356825994e-12	1.861509811231457e-11	5.9084636871280435e-12
sub-7	02	01	sub-7/ses-02/run-01/tsv-row-11	11	right_hand	2	76.348	5.0	19087	20337	sub-7/ses-02/eeg/sub-7_ses-02_task-imagery_run-01_eeg.edf	validation_no_selection	6365.717837595752	False	5.316933091352212e-12	1.90341272966654e-12	1.4714187138966366e-11	7.13643705465946e-12
sub-7	02	01	sub-7/ses-02/run-01/tsv-row-12	12	rest	1	83.236	5.0	20809	22059	sub-7/ses-02/eeg/sub-7_ses-02_task-imagery_run-01_eeg.edf	validation_no_selection	2727.0400298013246	False	7.894598949286043e-12	2.1058749974479037e-12	2.5984623012709524e-11	7.1920849350384674e-12
sub-7	02	01	sub-7/ses-02/run-01/tsv-row-13	13	rest	1	90.12	5.0	22530	23780	sub-7/ses-02/eeg/sub-7_ses-02_task-imagery_run-01_eeg.edf	validation_no_selection	8592.500232703633	False	7.985040551569895e-12	2.5232335754884582e-12	2.7813435117753665e-11	9.447562467558652e-12
sub-7	02	01	sub-7/ses-02/run-01/tsv-row-14	14	right_hand	2	97.008	5.0	24252	25502	sub-7/ses-02/eeg/sub-7_ses-02_task-imagery_run-01_eeg.edf	validation_no_selection	6235.051270180365	False	5.07631299359185e-12	1.794421992266395e-12	1.666561340447424e-11	5.750769168858541e-12
sub-7	02	01	sub-7/ses-02/run-01/tsv-row-15	15	right_hand	2	103.912	5.0	25978	27228	sub-7/ses-02/eeg/sub-7_ses-02_task-imagery_run-01_eeg.edf	validation_no_selection	6979.6841537827695	False	4.933618760073237e-12	2.273604083624267e-12	2.0784103031098917e-11	9.146686592908381e-12
sub-7	02	01	sub-7/ses-02/run-01/tsv-row-16	16	rest	1	110.784	5.0	27696	28946	sub-7/ses-02/eeg/sub-7_ses-02_task-imagery_run-01_eeg.edf	validation_no_selection	7931.294091448715	False	7.552644541111136e-12	2.2334963745926035e-12	2.6449982770673277e-11	8.017521901591813e-12
sub-7	02	01	sub-7/ses-02/run-01/tsv-row-17	17	rest	1	117.684	5.0	29421	30671	sub-7/ses-02/eeg/sub-7_ses-02_task-imagery_run-01_eeg.edf	validation_no_selection	7356.240067064426	False	9.37477770384817e-12	1.8884621541895743e-12	3.0407628999787146e-11	8.553339896323023e-12
sub-7	02	01	sub-7/ses-02/run-01/tsv-row-18	18	right_hand	2	124.572	5.0	31143	32393	sub-7/ses-02/eeg/sub-7_ses-02_task-imagery_run-01_eeg.edf	validation_no_selection	9502.472504043704	False	6.841251761261055e-12	1.4801301559948317e-12	2.1675482709646027e-11	5.944782414801182e-12
sub-7	02	01	sub-7/ses-02/run-01/tsv-row-19	19	right_hand	2	131.46	5.0	32865	34115	sub-7/ses-02/eeg/sub-7_ses-02_task-imagery_run-01_eeg.edf	validation_no_selection	8121.918898373364	False	4.759382415711279e-12	1.789728902946321e-12	1.8650994000571433e-11	5.947373856349147e-12
sub-7	02	01	sub-7/ses-02/run-01/tsv-row-20	20	rest	1	138.328	5.0	34582	35832	sub-7/ses-02/eeg/sub-7_ses-02_task-imagery_run-01_eeg.edf	validation_no_selection	5405.477547273172	False	9.581522948126351e-12	2.288404955213767e-12	2.4362551882462734e-11	7.854770126863204e-12
sub-7	02	01	sub-7/ses-02/run-01/tsv-row-21	21	rest	1	145.232	5.0	36308	37558	sub-7/ses-02/eeg/sub-7_ses-02_task-imagery_run-01_eeg.edf	validation_no_selection	6123.613734122745	False	1.464922748421969e-11	3.972725513705829e-12	5.280552253078948e-11	1.2947948879101094e-11
sub-7	02	01	sub-7/ses-02/run-01/tsv-row-22	22	right_hand	2	152.12	5.0	38030	39280	sub-7/ses-02/eeg/sub-7_ses-02_task-imagery_run-01_eeg.edf	validation_no_selection	6608.427579851681	False	5.068469784034289e-12	1.7983026427934476e-12	1.628832361251627e-11	7.370692524573378e-12
sub-7	02	01	sub-7/ses-02/run-01/tsv-row-23	23	rest	1	158.988	5.0	39747	40997	sub-7/ses-02/eeg/sub-7_ses-02_task-imagery_run-01_eeg.edf	validation_no_selection	5748.117688711203	False	4.610448209839233e-12	2.1637627482790314e-12	1.458385608521958e-11	7.567566897454344e-12
sub-7	02	01	sub-7/ses-02/run-01/tsv-row-24	24	right_hand	2	165.892	5.0	41473	42723	sub-7/ses-02/eeg/sub-7_ses-02_task-imagery_run-01_eeg.edf	validation_no_selection	5274.508160466323	False	2.8773788445959177e-12	1.533342160907489e-12	9.476911011045199e-12	5.770430240056317e-12
sub-7	02	01	sub-7/ses-02/run-01/tsv-row-25	25	rest	1	172.78	5.0	43195	44445	sub-7/ses-02/eeg/sub-7_ses-02_task-imagery_run-01_eeg.edf	validation_no_selection	9784.70017688528	False	8.661954539438419e-12	2.708923618352469e-12	3.9674717565852136e-11	7.869064371693854e-12
sub-7	02	01	sub-7/ses-02/run-01/tsv-row-26	26	right_hand	2	179.668	5.0	44917	46167	sub-7/ses-02/eeg/sub-7_ses-02_task-imagery_run-01_eeg.edf	validation_no_selection	6532.419912594988	False	3.6194476139209013e-12	1.5040450706396552e-12	6.549337858451804e-12	5.108011500427931e-12
sub-7	02	01	sub-7/ses-02/run-01/tsv-row-27	27	right_hand	2	186.552	5.0	46638	47888	sub-7/ses-02/eeg/sub-7_ses-02_task-imagery_run-01_eeg.edf	validation_no_selection	5752.054340800196	False	4.600143108286778e-12	2.002653236708361e-12	8.782289094401983e-12	5.512774850858432e-12
sub-7	02	01	sub-7/ses-02/run-01/tsv-row-28	28	rest	1	193.44	5.0	48360	49610	sub-7/ses-02/eeg/sub-7_ses-02_task-imagery_run-01_eeg.edf	validation_no_selection	6088.183865321818	False	7.034465845727757e-12	2.2449757255951265e-12	1.8618936116008487e-11	5.788334394083246e-12
sub-7	02	01	sub-7/ses-02/run-01/tsv-row-29	29	rest	1	200.328	5.0	50082	51332	sub-7/ses-02/eeg/sub-7_ses-02_task-imagery_run-01_eeg.edf	validation_no_selection	4666.1440030213325	False	6.5974209838926925e-12	2.040937511322825e-12	1.9233777697203713e-11	5.702835117541466e-12
sub-7	02	01	sub-7/ses-02/run-01/tsv-row-30	30	right_hand	2	207.232	5.0	51808	53058	sub-7/ses-02/eeg/sub-7_ses-02_task-imagery_run-01_eeg.edf	validation_no_selection	5243.3177631458475	False	5.0690804818187155e-12	1.6912697346639773e-12	1.087350871504116e-11	5.655917795587127e-12
sub-7	02	02	sub-7/ses-02/run-02/tsv-row-1	1	rest	1	7.16	5.0	1790	3040	sub-7/ses-02/eeg/sub-7_ses-02_task-imagery_run-02_eeg.edf	validation_no_selection	5547.634926953948	False	4.370161109045133e-12	2.001865639760238e-12	1.4299654203775854e-11	5.894621250325575e-12
sub-7	02	02	sub-7/ses-02/run-02/tsv-row-2	2	right_hand	2	14.044	5.0	3511	4761	sub-7/ses-02/eeg/sub-7_ses-02_task-imagery_run-02_eeg.edf	validation_no_selection	6822.9202354808185	False	2.03881490508195e-12	1.6066858893141492e-12	4.79516389603753e-12	5.8775157145492415e-12
sub-7	02	02	sub-7/ses-02/run-02/tsv-row-3	3	rest	1	20.952	5.0	5238	6488	sub-7/ses-02/eeg/sub-7_ses-02_task-imagery_run-02_eeg.edf	validation_no_selection	7022.623586062196	False	4.0396521265377515e-12	2.4208968605620004e-12	1.1002329810986897e-11	5.096733187965555e-12
sub-7	02	02	sub-7/ses-02/run-02/tsv-row-4	4	right_hand	2	27.832	5.0	6958	8208	sub-7/ses-02/eeg/sub-7_ses-02_task-imagery_run-02_eeg.edf	validation_no_selection	8848.720713705863	False	5.352696959183082e-12	2.0605490722504028e-12	1.3831827089523685e-11	5.975151741909446e-12
sub-7	02	02	sub-7/ses-02/run-02/tsv-row-5	5	rest	1	34.708	5.0	8677	9927	sub-7/ses-02/eeg/sub-7_ses-02_task-imagery_run-02_eeg.edf	validation_no_selection	7921.515771355327	False	5.360250855858761e-12	2.1170034797990894e-12	1.7940246086244427e-11	7.46947281228868e-12
sub-7	02	02	sub-7/ses-02/run-02/tsv-row-6	6	right_hand	2	41.608	5.0	10402	11652	sub-7/ses-02/eeg/sub-7_ses-02_task-imagery_run-02_eeg.edf	validation_no_selection	6901.348086581012	False	4.075128866916019e-12	2.0650357333792336e-12	1.2128735529464745e-11	6.720309699844911e-12
sub-7	02	02	sub-7/ses-02/run-02/tsv-row-7	7	rest	1	48.5	5.0	12125	13375	sub-7/ses-02/eeg/sub-7_ses-02_task-imagery_run-02_eeg.edf	validation_no_selection	7752.850469954527	False	8.084952640205416e-12	2.6456062276364467e-12	2.490558423778018e-11	6.40213155559837e-12
sub-7	02	02	sub-7/ses-02/run-02/tsv-row-8	8	right_hand	2	55.38	5.0	13845	15095	sub-7/ses-02/eeg/sub-7_ses-02_task-imagery_run-02_eeg.edf	validation_no_selection	5141.263590365307	False	3.688710467729802e-12	1.4723629193721926e-12	1.0274753245319383e-11	5.418213802498381e-12
sub-7	02	02	sub-7/ses-02/run-02/tsv-row-9	9	rest	1	62.272	5.0	15568	16818	sub-7/ses-02/eeg/sub-7_ses-02_task-imagery_run-02_eeg.edf	validation_no_selection	6940.410607013155	False	7.733356012769147e-12	2.3922164604910005e-12	1.9679027371917678e-11	6.910054391024429e-12
sub-7	02	02	sub-7/ses-02/run-02/tsv-row-10	10	right_hand	2	69.156	5.0	17289	18539	sub-7/ses-02/eeg/sub-7_ses-02_task-imagery_run-02_eeg.edf	validation_no_selection	8443.257807824944	False	2.7461768069450937e-12	1.7483869973516012e-12	4.3240088076223344e-12	5.959809925241531e-12
sub-7	02	02	sub-7/ses-02/run-02/tsv-row-11	11	right_hand	2	76.056	5.0	19014	20264	sub-7/ses-02/eeg/sub-7_ses-02_task-imagery_run-02_eeg.edf	validation_no_selection	9163.189143696402	False	3.71229292407235e-12	1.574734110989163e-12	1.03709175223169e-11	5.200027654061179e-12
sub-7	02	02	sub-7/ses-02/run-02/tsv-row-12	12	rest	1	82.932	5.0	20733	21983	sub-7/ses-02/eeg/sub-7_ses-02_task-imagery_run-02_eeg.edf	validation_no_selection	8904.892012466811	False	7.363243314060682e-12	2.163254231309034e-12	2.374443120915271e-11	6.450802521712327e-12
sub-7	02	02	sub-7/ses-02/run-02/tsv-row-13	13	rest	1	89.836	5.0	22459	23709	sub-7/ses-02/eeg/sub-7_ses-02_task-imagery_run-02_eeg.edf	validation_no_selection	7634.603072832422	False	8.238092880179552e-12	2.5938794748720963e-12	2.545890430770462e-11	7.563146804012776e-12
sub-7	02	02	sub-7/ses-02/run-02/tsv-row-14	14	right_hand	2	96.7	5.0	24175	25425	sub-7/ses-02/eeg/sub-7_ses-02_task-imagery_run-02_eeg.edf	validation_no_selection	5777.922111362041	False	2.694022681410069e-12	1.8273777747278767e-12	5.045708891976427e-12	4.798392880390771e-12
sub-7	02	02	sub-7/ses-02/run-02/tsv-row-15	15	right_hand	2	103.604	5.0	25901	27151	sub-7/ses-02/eeg/sub-7_ses-02_task-imagery_run-02_eeg.edf	validation_no_selection	7633.0890216528815	False	4.815010400735916e-12	2.369466662146645e-12	1.1068062872890899e-11	8.177187880179192e-12
sub-7	02	02	sub-7/ses-02/run-02/tsv-row-16	16	rest	1	110.496	5.0	27624	28874	sub-7/ses-02/eeg/sub-7_ses-02_task-imagery_run-02_eeg.edf	validation_no_selection	6959.184841639454	False	6.815360279859709e-12	2.2079020095185336e-12	2.8354902629035943e-11	6.911859819472645e-12
sub-7	02	02	sub-7/ses-02/run-02/tsv-row-17	17	right_hand	2	117.36	5.0	29340	30590	sub-7/ses-02/eeg/sub-7_ses-02_task-imagery_run-02_eeg.edf	validation_no_selection	9050.240925702688	False	2.6274290777977265e-12	1.6184786714949862e-12	5.39635336562121e-12	3.9716520013487114e-12
sub-7	02	02	sub-7/ses-02/run-02/tsv-row-18	18	rest	1	124.252	5.0	31063	32313	sub-7/ses-02/eeg/sub-7_ses-02_task-imagery_run-02_eeg.edf	validation_no_selection	7846.1160226142165	False	4.843552422160624e-12	2.3779461071449726e-12	1.8395332845678206e-11	6.7013404055736375e-12
sub-7	02	02	sub-7/ses-02/run-02/tsv-row-19	19	rest	1	131.156	5.0	32789	34039	sub-7/ses-02/eeg/sub-7_ses-02_task-imagery_run-02_eeg.edf	validation_no_selection	6531.162573183386	False	8.553083696790352e-12	2.5002572984745365e-12	2.071166851958613e-11	7.762119263729385e-12
sub-7	02	02	sub-7/ses-02/run-02/tsv-row-20	20	right_hand	2	138.04	5.0	34510	35760	sub-7/ses-02/eeg/sub-7_ses-02_task-imagery_run-02_eeg.edf	validation_no_selection	6346.90254463332	False	4.104822089979611e-12	1.6855310546916955e-12	1.2771203960820335e-11	5.595537066552e-12
sub-7	02	02	sub-7/ses-02/run-02/tsv-row-21	21	rest	1	144.932	5.0	36233	37483	sub-7/ses-02/eeg/sub-7_ses-02_task-imagery_run-02_eeg.edf	validation_no_selection	6961.153108172857	False	9.771853075599145e-12	2.7753199382057e-12	2.8232890365608377e-11	8.290897464932315e-12
sub-7	02	02	sub-7/ses-02/run-02/tsv-row-22	22	right_hand	2	151.812	5.0	37953	39203	sub-7/ses-02/eeg/sub-7_ses-02_task-imagery_run-02_eeg.edf	validation_no_selection	8436.898792870876	False	3.2189047643794802e-12	1.6765867255549669e-12	7.852361644580043e-12	3.859941110914031e-12
sub-7	02	02	sub-7/ses-02/run-02/tsv-row-23	23	right_hand	2	165.668	5.0	41417	42667	sub-7/ses-02/eeg/sub-7_ses-02_task-imagery_run-02_eeg.edf	validation_no_selection	6274.228088015381	False	3.1902506017004055e-12	1.707024661908575e-12	1.0526830301734044e-11	4.809858254116531e-12
sub-7	02	02	sub-7/ses-02/run-02/tsv-row-24	24	rest	1	172.56	5.0	43140	44390	sub-7/ses-02/eeg/sub-7_ses-02_task-imagery_run-02_eeg.edf	validation_no_selection	9555.782614551226	False	3.69687541360345e-12	2.118821691506866e-12	1.225595885129053e-11	5.2691561038384144e-12
sub-7	02	02	sub-7/ses-02/run-02/tsv-row-25	25	right_hand	2	179.444	5.0	44861	46111	sub-7/ses-02/eeg/sub-7_ses-02_task-imagery_run-02_eeg.edf	validation_no_selection	8728.807860286264	False	4.859637657768414e-12	2.040068659347295e-12	1.7942924421089005e-11	7.56133204985975e-12
sub-7	02	02	sub-7/ses-02/run-02/tsv-row-26	26	right_hand	2	186.348	5.0	46587	47837	sub-7/ses-02/eeg/sub-7_ses-02_task-imagery_run-02_eeg.edf	validation_no_selection	6388.993167424542	False	7.444539663075855e-12	2.0646854294703085e-12	2.3843592835671713e-11	5.9687659841913296e-12
sub-7	02	02	sub-7/ses-02/run-02/tsv-row-27	27	rest	1	193.22	5.0	48305	49555	sub-7/ses-02/eeg/sub-7_ses-02_task-imagery_run-02_eeg.edf	validation_no_selection	4212.090381481369	False	8.782951290425622e-12	2.394763207183483e-12	2.62977666585557e-11	7.069940536169033e-12
sub-7	02	02	sub-7/ses-02/run-02/tsv-row-28	28	right_hand	2	200.104	5.0	50026	51276	sub-7/ses-02/eeg/sub-7_ses-02_task-imagery_run-02_eeg.edf	validation_no_selection	8510.935895550401	False	5.4204113417952624e-12	1.9208015034491736e-12	1.4798794354510154e-11	5.8545348984068236e-12
sub-7	02	02	sub-7/ses-02/run-02/tsv-row-29	29	rest	1	207.012	5.0	51753	53003	sub-7/ses-02/eeg/sub-7_ses-02_task-imagery_run-02_eeg.edf	validation_no_selection	5274.651499282815	False	9.377972475051927e-12	2.4427883034669585e-12	1.960358011083489e-11	6.0960338996147916e-12
sub-7	02	03	sub-7/ses-02/run-03/tsv-row-1	1	right_hand	2	7.892	5.0	1973	3223	sub-7/ses-02/eeg/sub-7_ses-02_task-imagery_run-03_eeg.edf	validation_no_selection	4702.463511337626	False	3.700258662966155e-12	1.938675656239149e-12	6.127249154773868e-12	5.875427889644913e-12
sub-7	02	03	sub-7/ses-02/run-03/tsv-row-2	2	rest	1	14.78	5.0	3695	4945	sub-7/ses-02/eeg/sub-7_ses-02_task-imagery_run-03_eeg.edf	validation_no_selection	5134.324911206397	False	3.787486307421577e-12	1.8709396473772097e-12	7.651046725660287e-12	4.535211110019001e-12
sub-7	02	03	sub-7/ses-02/run-03/tsv-row-3	3	rest	1	21.668	5.0	5417	6667	sub-7/ses-02/eeg/sub-7_ses-02_task-imagery_run-03_eeg.edf	validation_no_selection	4105.077753486739	False	3.648112463263511e-12	2.012929652892866e-12	8.31578155281272e-12	4.583525662146232e-12
sub-7	02	03	sub-7/ses-02/run-03/tsv-row-4	4	right_hand	2	28.536	5.0	7134	8384	sub-7/ses-02/eeg/sub-7_ses-02_task-imagery_run-03_eeg.edf	validation_no_selection	6352.181426389355	False	4.7723018475243535e-12	1.8550621607704e-12	5.039807202828742e-12	6.211079140356642e-12
sub-7	02	03	sub-7/ses-02/run-03/tsv-row-5	5	right_hand	2	35.44	5.0	8860	10110	sub-7/ses-02/eeg/sub-7_ses-02_task-imagery_run-03_eeg.edf	validation_no_selection	6810.074846949675	False	5.095641087440847e-12	2.354880644836643e-12	1.1073273178561026e-11	5.391815840718501e-12
sub-7	02	03	sub-7/ses-02/run-03/tsv-row-6	6	rest	1	42.328	5.0	10582	11832	sub-7/ses-02/eeg/sub-7_ses-02_task-imagery_run-03_eeg.edf	validation_no_selection	5179.38977721488	False	7.607309795272226e-12	3.174260618788758e-12	1.7763998253575076e-11	8.921730850908256e-12
sub-7	02	03	sub-7/ses-02/run-03/tsv-row-7	7	right_hand	2	49.196	5.0	12299	13549	sub-7/ses-02/eeg/sub-7_ses-02_task-imagery_run-03_eeg.edf	validation_no_selection	5583.1316830347605	False	3.8757393279916076e-12	1.847254285960762e-12	7.049442248904934e-12	3.880921190890982e-12
sub-7	02	03	sub-7/ses-02/run-03/tsv-row-8	8	rest	1	56.1	5.0	14025	15275	sub-7/ses-02/eeg/sub-7_ses-02_task-imagery_run-03_eeg.edf	validation_no_selection	6242.282093752861	False	1.2765705452220674e-11	3.929787718379973e-12	2.8445780325438476e-11	1.3677042949691472e-11
sub-7	02	03	sub-7/ses-02/run-03/tsv-row-9	9	right_hand	2	62.988	5.0	15747	16997	sub-7/ses-02/eeg/sub-7_ses-02_task-imagery_run-03_eeg.edf	validation_no_selection	3598.8040680562763	False	3.3950870603956696e-12	2.3270702892469593e-12	5.364226927460312e-12	6.506991613280129e-12
sub-7	02	03	sub-7/ses-02/run-03/tsv-row-10	10	rest	1	69.876	5.0	17469	18719	sub-7/ses-02/eeg/sub-7_ses-02_task-imagery_run-03_eeg.edf	validation_no_selection	4003.0371440778827	False	1.2471891058142463e-11	3.0966821789901134e-12	3.2983512572439554e-11	7.92402134740765e-12
sub-7	02	03	sub-7/ses-02/run-03/tsv-row-11	11	right_hand	2	76.76	5.0	19190	20440	sub-7/ses-02/eeg/sub-7_ses-02_task-imagery_run-03_eeg.edf	validation_no_selection	3877.78874263741	False	7.311142300117177e-12	1.861275524523702e-12	1.6175926795108177e-11	6.363248410065326e-12
sub-7	02	03	sub-7/ses-02/run-03/tsv-row-12	12	rest	1	83.648	5.0	20912	22162	sub-7/ses-02/eeg/sub-7_ses-02_task-imagery_run-03_eeg.edf	validation_no_selection	4629.89311403241	False	6.585943900893622e-12	2.2733227314987003e-12	1.694604694473401e-11	6.373541863612162e-12
sub-7	02	03	sub-7/ses-02/run-03/tsv-row-13	13	right_hand	2	90.536	5.0	22634	23884	sub-7/ses-02/eeg/sub-7_ses-02_task-imagery_run-03_eeg.edf	validation_no_selection	4249.359000244148	False	7.77818165695574e-12	2.3345280571672484e-12	1.254456754864142e-11	7.5784657069387e-12
sub-7	02	03	sub-7/ses-02/run-03/tsv-row-14	14	rest	1	97.44	5.0	24360	25610	sub-7/ses-02/eeg/sub-7_ses-02_task-imagery_run-03_eeg.edf	validation_no_selection	2959.5460505081332	False	5.84389945483899e-12	2.2131093739272878e-12	1.4171339886044412e-11	5.636648498543704e-12
sub-7	02	03	sub-7/ses-02/run-03/tsv-row-15	15	rest	1	104.328	5.0	26082	27332	sub-7/ses-02/eeg/sub-7_ses-02_task-imagery_run-03_eeg.edf	validation_no_selection	4314.070674321727	False	8.06029567131605e-12	2.8234396735147214e-12	2.042316687727849e-11	8.113747760458432e-12
sub-7	02	03	sub-7/ses-02/run-03/tsv-row-16	16	right_hand	2	111.196	5.0	27799	29049	sub-7/ses-02/eeg/sub-7_ses-02_task-imagery_run-03_eeg.edf	validation_no_selection	4097.955785561693	False	3.1080475118415493e-12	2.195343758343467e-12	4.963621562690111e-12	5.924903898189434e-12
sub-7	02	03	sub-7/ses-02/run-03/tsv-row-17	17	right_hand	2	118.1	5.0	29525	30775	sub-7/ses-02/eeg/sub-7_ses-02_task-imagery_run-03_eeg.edf	validation_no_selection	4493.961760704367	False	2.977973341644801e-12	1.8582216830438232e-12	6.8993147455253765e-12	5.958910702463599e-12
sub-7	02	03	sub-7/ses-02/run-03/tsv-row-18	18	rest	1	124.988	5.0	31247	32497	sub-7/ses-02/eeg/sub-7_ses-02_task-imagery_run-03_eeg.edf	validation_no_selection	4418.198757087924	False	6.295981662289341e-12	2.6927635509372897e-12	1.730038822819822e-11	5.999446741129877e-12
sub-7	02	03	sub-7/ses-02/run-03/tsv-row-19	19	rest	1	131.872	5.0	32968	34218	sub-7/ses-02/eeg/sub-7_ses-02_task-imagery_run-03_eeg.edf	validation_no_selection	3179.713093432417	False	5.2740515991293975e-12	2.4068006603940702e-12	2.012443424316488e-11	5.6425290976202204e-12
sub-7	02	03	sub-7/ses-02/run-03/tsv-row-20	20	right_hand	2	138.76	5.0	34690	35940	sub-7/ses-02/eeg/sub-7_ses-02_task-imagery_run-03_eeg.edf	validation_no_selection	3918.924247032075	False	4.5395337180315044e-12	1.8614989704339116e-12	8.007977467182876e-12	5.4270534745624315e-12
sub-7	02	03	sub-7/ses-02/run-03/tsv-row-21	21	rest	1	145.648	5.0	36412	37662	sub-7/ses-02/eeg/sub-7_ses-02_task-imagery_run-03_eeg.edf	validation_no_selection	3919.5382097842344	False	4.588016035783655e-12	2.4224852576857404e-12	9.98625488984515e-12	6.344801184212634e-12
sub-7	02	03	sub-7/ses-02/run-03/tsv-row-22	22	right_hand	2	152.532	5.0	38133	39383	sub-7/ses-02/eeg/sub-7_ses-02_task-imagery_run-03_eeg.edf	validation_no_selection	5054.632545976135	False	3.85742049604035e-12	2.1625122820359805e-12	7.000026848241891e-12	5.824653949654951e-12
sub-7	02	03	sub-7/ses-02/run-03/tsv-row-23	23	rest	1	159.42	5.0	39855	41105	sub-7/ses-02/eeg/sub-7_ses-02_task-imagery_run-03_eeg.edf	validation_no_selection	6984.440268562884	False	4.4186215709678e-12	2.2911637685620786e-12	1.1665368113411949e-11	4.7924638315899066e-12
sub-7	02	03	sub-7/ses-02/run-03/tsv-row-24	24	right_hand	2	166.308	5.0	41577	42827	sub-7/ses-02/eeg/sub-7_ses-02_task-imagery_run-03_eeg.edf	validation_no_selection	3820.935791787469	False	2.3419820264821183e-12	1.8600708724409615e-12	6.6111883860612414e-12	5.180591594124999e-12
sub-7	02	03	sub-7/ses-02/run-03/tsv-row-25	25	right_hand	2	173.192	5.0	43298	44548	sub-7/ses-02/eeg/sub-7_ses-02_task-imagery_run-03_eeg.edf	validation_no_selection	3747.3830540787985	False	3.6135463632587965e-12	2.327570270938124e-12	8.839768519515928e-12	5.95653564849818e-12
sub-7	02	03	sub-7/ses-02/run-03/tsv-row-26	26	rest	1	180.08	5.0	45020	46270	sub-7/ses-02/eeg/sub-7_ses-02_task-imagery_run-03_eeg.edf	validation_no_selection	4886.52954443495	False	9.95419074221108e-12	2.9856451358204836e-12	2.478787305325619e-11	8.627679693616297e-12
sub-7	02	03	sub-7/ses-02/run-03/tsv-row-27	27	rest	1	186.968	5.0	46742	47992	sub-7/ses-02/eeg/sub-7_ses-02_task-imagery_run-03_eeg.edf	validation_no_selection	2891.0278073671684	False	1.0131415011996023e-11	2.0934854044301705e-12	4.0044665972077475e-11	6.184283204098159e-12
sub-7	02	03	sub-7/ses-02/run-03/tsv-row-28	28	right_hand	2	193.856	5.0	48464	49714	sub-7/ses-02/eeg/sub-7_ses-02_task-imagery_run-03_eeg.edf	validation_no_selection	3847.458982680746	False	7.107351696205472e-12	1.6802908685861633e-12	1.7136616884630807e-11	5.277764195860981e-12
sub-7	02	03	sub-7/ses-02/run-03/tsv-row-29	29	rest	1	200.74	5.0	50185	51435	sub-7/ses-02/eeg/sub-7_ses-02_task-imagery_run-03_eeg.edf	validation_no_selection	6525.687300149541	False	1.3349900947637993e-11	2.5982071291885127e-12	3.3936159098238794e-11	7.070725006979933e-12
sub-7	02	03	sub-7/ses-02/run-03/tsv-row-30	30	right_hand	2	207.644	5.0	51911	53161	sub-7/ses-02/eeg/sub-7_ses-02_task-imagery_run-03_eeg.edf	validation_no_selection	3956.989937665944	False	4.1319993645290545e-12	1.9761935633478714e-12	1.1037298657876122e-11	4.733281650371305e-12
sub-7	02	04	sub-7/ses-02/run-04/tsv-row-1	1	right_hand	2	4.764	5.0	1191	2441	sub-7/ses-02/eeg/sub-7_ses-02_task-imagery_run-04_eeg.edf	validation_no_selection	3976.413049958801	False	2.6482531194592724e-12	1.8057393696133958e-12	4.745876054221348e-12	5.025066352876996e-12
sub-7	02	04	sub-7/ses-02/run-04/tsv-row-2	2	rest	1	11.632	5.0	2908	4158	sub-7/ses-02/eeg/sub-7_ses-02_task-imagery_run-04_eeg.edf	validation_no_selection	2789.3280568865016	False	4.6637888184066374e-12	2.0648692585625717e-12	1.3178278257165427e-11	5.0912921686794045e-12
sub-7	02	04	sub-7/ses-02/run-04/tsv-row-3	3	rest	1	18.536	5.0	4634	5884	sub-7/ses-02/eeg/sub-7_ses-02_task-imagery_run-04_eeg.edf	validation_no_selection	3982.6516309701833	False	2.911931364883491e-12	2.0524519389728263e-12	7.190902400007245e-12	4.782628740066494e-12
sub-7	02	04	sub-7/ses-02/run-04/tsv-row-4	4	right_hand	2	25.424	5.0	6356	7606	sub-7/ses-02/eeg/sub-7_ses-02_task-imagery_run-04_eeg.edf	validation_no_selection	2979.7022555619983	False	2.0929355638960842e-12	1.5987337006659696e-12	6.4873961364027245e-12	4.294714126613918e-12
sub-7	02	04	sub-7/ses-02/run-04/tsv-row-5	5	right_hand	2	32.308	5.0	8077	9327	sub-7/ses-02/eeg/sub-7_ses-02_task-imagery_run-04_eeg.edf	validation_no_selection	2070.624028809473	False	2.525240047172211e-12	1.6877819503016164e-12	5.4950707425492296e-12	3.821658399716295e-12
sub-7	02	04	sub-7/ses-02/run-04/tsv-row-6	6	rest	1	39.18	5.0	9795	11045	sub-7/ses-02/eeg/sub-7_ses-02_task-imagery_run-04_eeg.edf	validation_no_selection	3952.336026367993	False	3.023221544790032e-12	2.1702493025853667e-12	9.75319964171244e-12	5.6755167529642754e-12
sub-7	02	04	sub-7/ses-02/run-04/tsv-row-7	7	rest	1	46.084	5.0	11521	12771	sub-7/ses-02/eeg/sub-7_ses-02_task-imagery_run-04_eeg.edf	validation_no_selection	2759.7922749107333	False	5.1756313913488276e-12	2.283810000308435e-12	1.676436075761218e-11	5.318076571884336e-12
sub-7	02	04	sub-7/ses-02/run-04/tsv-row-8	8	right_hand	2	52.972	5.0	13243	14493	sub-7/ses-02/eeg/sub-7_ses-02_task-imagery_run-04_eeg.edf	validation_no_selection	2123.457011749626	False	1.335519979689161e-12	1.6802516063318185e-12	3.493075823366082e-12	4.497994759487738e-12
sub-7	02	04	sub-7/ses-02/run-04/tsv-row-9	9	rest	1	59.856	5.0	14964	16214	sub-7/ses-02/eeg/sub-7_ses-02_task-imagery_run-04_eeg.edf	validation_no_selection	2422.908900296029	False	3.309521985387058e-12	2.508855553575515e-12	1.0428958530217024e-11	5.408988395049593e-12
sub-7	02	04	sub-7/ses-02/run-04/tsv-row-10	10	right_hand	2	66.744	5.0	16686	17936	sub-7/ses-02/eeg/sub-7_ses-02_task-imagery_run-04_eeg.edf	validation_no_selection	2863.8011177098915	False	4.0976965546484875e-12	1.5759507523547477e-12	1.2912080267454234e-11	3.7235296300015554e-12
sub-7	02	04	sub-7/ses-02/run-04/tsv-row-11	11	rest	1	73.632	5.0	18408	19658	sub-7/ses-02/eeg/sub-7_ses-02_task-imagery_run-04_eeg.edf	validation_no_selection	2043.8176260261848	False	7.287669629938011e-12	1.7724910678961865e-12	2.253775154711606e-11	6.278952329478225e-12
sub-7	02	04	sub-7/ses-02/run-04/tsv-row-12	12	right_hand	2	80.516	5.0	20129	21379	sub-7/ses-02/eeg/sub-7_ses-02_task-imagery_run-04_eeg.edf	validation_no_selection	2133.10731675161	False	4.506133088599363e-12	2.774454437790291e-12	1.3263960058701432e-11	7.027519299555837e-12
sub-7	02	04	sub-7/ses-02/run-04/tsv-row-13	13	right_hand	2	87.404	5.0	21851	23101	sub-7/ses-02/eeg/sub-7_ses-02_task-imagery_run-04_eeg.edf	validation_no_selection	2622.25105917539	False	1.9025987795082443e-12	1.601869469479279e-12	3.399425323027873e-12	3.877989975825911e-12
sub-7	02	04	sub-7/ses-02/run-04/tsv-row-14	14	rest	1	94.292	5.0	23573	24823	sub-7/ses-02/eeg/sub-7_ses-02_task-imagery_run-04_eeg.edf	validation_no_selection	2764.9585998107855	False	9.390278260937454e-12	2.6534416324491675e-12	2.93101782224206e-11	6.666361912973753e-12
sub-7	02	04	sub-7/ses-02/run-04/tsv-row-15	15	rest	1	101.196	5.0	25299	26549	sub-7/ses-02/eeg/sub-7_ses-02_task-imagery_run-04_eeg.edf	validation_no_selection	2017.2061788995024	False	5.10454433980472e-12	2.065386668079388e-12	1.866170057234988e-11	5.3374368008463064e-12
sub-7	02	04	sub-7/ses-02/run-04/tsv-row-16	16	right_hand	2	108.064	5.0	27016	28266	sub-7/ses-02/eeg/sub-7_ses-02_task-imagery_run-04_eeg.edf	validation_no_selection	3648.0102464064457	False	3.757707648823013e-12	1.9818181332977757e-12	1.3275774927339656e-11	5.988708973161435e-12
sub-7	02	04	sub-7/ses-02/run-04/tsv-row-17	17	rest	1	114.952	5.0	28738	29988	sub-7/ses-02/eeg/sub-7_ses-02_task-imagery_run-04_eeg.edf	validation_no_selection	2195.7855603503526	False	6.716512865581632e-12	2.6088996448132647e-12	1.5620664183928406e-11	7.03203306147856e-12
sub-7	02	04	sub-7/ses-02/run-04/tsv-row-18	18	right_hand	2	121.84	5.0	30460	31710	sub-7/ses-02/eeg/sub-7_ses-02_task-imagery_run-04_eeg.edf	validation_no_selection	2731.1337933896907	False	4.290180629023427e-12	2.4925665118482594e-12	1.318094623110948e-11	8.095648442340489e-12
sub-7	02	04	sub-7/ses-02/run-04/tsv-row-19	19	rest	1	128.724	5.0	32181	33431	sub-7/ses-02/eeg/sub-7_ses-02_task-imagery_run-04_eeg.edf	validation_no_selection	2445.6212342905974	False	7.697226858760462e-12	1.9172711821936693e-12	2.749011207756842e-11	5.036594415909703e-12
sub-7	02	04	sub-7/ses-02/run-04/tsv-row-20	20	right_hand	2	135.628	5.0	33907	35157	sub-7/ses-02/eeg/sub-7_ses-02_task-imagery_run-04_eeg.edf	validation_no_selection	2086.0255256813257	False	3.1278990248012225e-12	1.8096124310850813e-12	8.02351146698705e-12	4.620284980779557e-12
sub-7	02	04	sub-7/ses-02/run-04/tsv-row-21	21	rest	1	142.516	5.0	35629	36879	sub-7/ses-02/eeg/sub-7_ses-02_task-imagery_run-04_eeg.edf	validation_no_selection	2196.37042732017	False	3.655468547966189e-12	1.951828589821343e-12	9.711009518436367e-12	5.17198350958371e-12
sub-7	02	04	sub-7/ses-02/run-04/tsv-row-22	22	right_hand	2	149.384	5.0	37346	38596	sub-7/ses-02/eeg/sub-7_ses-02_task-imagery_run-04_eeg.edf	validation_no_selection	4326.650887050996	False	6.113412154620847e-12	1.7539782307129146e-12	2.1599109791376947e-11	5.039127645999271e-12
sub-7	02	04	sub-7/ses-02/run-04/tsv-row-23	23	rest	1	156.288	5.0	39072	40322	sub-7/ses-02/eeg/sub-7_ses-02_task-imagery_run-04_eeg.edf	validation_no_selection	3809.0436187627797	False	4.486725132015825e-12	1.6956874132098275e-12	1.6486420768567374e-11	4.381435719260013e-12
sub-7	02	04	sub-7/ses-02/run-04/tsv-row-24	24	right_hand	2	163.176	5.0	40794	42044	sub-7/ses-02/eeg/sub-7_ses-02_task-imagery_run-04_eeg.edf	validation_no_selection	3174.462956511124	False	4.9321493016350826e-12	2.2804468472138996e-12	7.418244486660302e-12	7.861900165249116e-12
sub-7	02	04	sub-7/ses-02/run-04/tsv-row-25	25	rest	1	170.064	5.0	42516	43766	sub-7/ses-02/eeg/sub-7_ses-02_task-imagery_run-04_eeg.edf	validation_no_selection	4262.412998199407	False	1.0735859190263773e-11	2.083435962618246e-12	4.859269116430311e-11	6.518077578193493e-12
sub-7	02	04	sub-7/ses-02/run-04/tsv-row-26	26	right_hand	2	176.948	5.0	44237	45487	sub-7/ses-02/eeg/sub-7_ses-02_task-imagery_run-04_eeg.edf	validation_no_selection	2822.4705185094763	False	3.343752516351388e-12	1.808927428968998e-12	1.3715323309463105e-11	4.748366232298001e-12
sub-7	02	04	sub-7/ses-02/run-04/tsv-row-27	27	right_hand	2	183.836	5.0	45959	47209	sub-7/ses-02/eeg/sub-7_ses-02_task-imagery_run-04_eeg.edf	validation_no_selection	3182.0662271187475	False	6.889372993305807e-12	3.1418154126007967e-12	1.553799394327794e-11	8.28240606948581e-12
sub-7	02	04	sub-7/ses-02/run-04/tsv-row-28	28	rest	1	190.724	5.0	47681	48931	sub-7/ses-02/eeg/sub-7_ses-02_task-imagery_run-04_eeg.edf	validation_no_selection	3138.981027008881	False	4.519468452287442e-12	1.9621803369938348e-12	1.2350028978074392e-11	6.087382256126928e-12
sub-7	02	04	sub-7/ses-02/run-04/tsv-row-29	29	rest	1	197.628	5.0	49407	50657	sub-7/ses-02/eeg/sub-7_ses-02_task-imagery_run-04_eeg.edf	validation_no_selection	3204.7785611133154	False	5.457363446582971e-12	2.3480327142417835e-12	2.4994096848245124e-11	7.06377159865264e-12
sub-7	02	04	sub-7/ses-02/run-04/tsv-row-30	30	right_hand	2	204.496	5.0	51124	52374	sub-7/ses-02/eeg/sub-7_ses-02_task-imagery_run-04_eeg.edf	validation_no_selection	2962.5461577806936	False	2.600857446184345e-12	1.6045907298579146e-12	8.473940955579528e-12	3.952784176015706e-12
sub-7	02	05	sub-7/ses-02/run-05/tsv-row-1	1	right_hand	2	4.596	5.0	1149	2399	sub-7/ses-02/eeg/sub-7_ses-02_task-imagery_run-05_eeg.edf	validation_no_selection	2047.5663960692164	False	2.258675419905722e-12	1.645001328871602e-12	6.087687571510823e-12	5.1687284330661365e-12
sub-7	02	05	sub-7/ses-02/run-05/tsv-row-2	2	rest	1	11.464	5.0	2866	4116	sub-7/ses-02/eeg/sub-7_ses-02_task-imagery_run-05_eeg.edf	validation_no_selection	2722.0988677632986	False	4.146702996166763e-12	1.5992171611935138e-12	1.2228811687808847e-11	5.3661813959112326e-12
sub-7	02	05	sub-7/ses-02/run-05/tsv-row-3	3	right_hand	2	18.352	5.0	4588	5838	sub-7/ses-02/eeg/sub-7_ses-02_task-imagery_run-05_eeg.edf	validation_no_selection	2872.0669515060886	False	1.901328597851539e-12	1.4736437447286249e-12	5.41960660679765e-12	3.8677746430504995e-12
sub-7	02	05	sub-7/ses-02/run-05/tsv-row-4	4	rest	1	25.256	5.0	6314	7564	sub-7/ses-02/eeg/sub-7_ses-02_task-imagery_run-05_eeg.edf	validation_no_selection	1572.3975432599875	False	2.712429546990587e-12	1.957434155844869e-12	7.330198517256382e-12	4.104612711451263e-12
sub-7	02	05	sub-7/ses-02/run-05/tsv-row-5	5	rest	1	32.144	5.0	8036	9286	sub-7/ses-02/eeg/sub-7_ses-02_task-imagery_run-05_eeg.edf	validation_no_selection	2386.128252510148	False	3.152291373451607e-12	2.1312505372529256e-12	9.866532971627163e-12	4.932902283522042e-12
sub-7	02	05	sub-7/ses-02/run-05/tsv-row-6	6	right_hand	2	39.012	5.0	9753	11003	sub-7/ses-02/eeg/sub-7_ses-02_task-imagery_run-05_eeg.edf	validation_no_selection	2433.337427900022	False	3.2760781997734927e-12	1.854375424078578e-12	7.745028148846169e-12	6.545451823358437e-12
sub-7	02	05	sub-7/ses-02/run-05/tsv-row-7	7	right_hand	2	45.916	5.0	11479	12729	sub-7/ses-02/eeg/sub-7_ses-02_task-imagery_run-05_eeg.edf	validation_no_selection	2466.1328241828674	False	3.092123364422148e-12	1.6893760785991002e-12	8.077260328312959e-12	4.564602365718606e-12
sub-7	02	05	sub-7/ses-02/run-05/tsv-row-8	8	rest	1	52.804	5.0	13201	14451	sub-7/ses-02/eeg/sub-7_ses-02_task-imagery_run-05_eeg.edf	validation_no_selection	2583.7103930784024	False	3.4121364533747107e-12	2.0371432016325986e-12	1.2216363415279286e-11	5.73732140080748e-12
sub-7	02	05	sub-7/ses-02/run-05/tsv-row-9	9	right_hand	2	59.688	5.0	14922	16172	sub-7/ses-02/eeg/sub-7_ses-02_task-imagery_run-05_eeg.edf	validation_no_selection	3505.7063982055124	False	3.533472238457599e-12	1.5476990306953619e-12	1.0535386928398318e-11	4.007281448983291e-12
sub-7	02	05	sub-7/ses-02/run-05/tsv-row-10	10	rest	1	66.576	5.0	16644	17894	sub-7/ses-02/eeg/sub-7_ses-02_task-imagery_run-05_eeg.edf	validation_no_selection	3338.652317880795	False	3.154568775815065e-12	1.513358666151396e-12	9.472703305101176e-12	3.9025620457780555e-12
sub-7	02	05	sub-7/ses-02/run-05/tsv-row-11	11	right_hand	2	73.464	5.0	18366	19616	sub-7/ses-02/eeg/sub-7_ses-02_task-imagery_run-05_eeg.edf	validation_no_selection	2723.394488357189	False	3.800066478956143e-12	1.585061775849851e-12	1.532193463915257e-11	4.401822281038924e-12
sub-7	02	05	sub-7/ses-02/run-05/tsv-row-12	12	rest	1	80.348	5.0	20087	21337	sub-7/ses-02/eeg/sub-7_ses-02_task-imagery_run-05_eeg.edf	validation_no_selection	3015.0710745567185	False	4.477319275983269e-12	2.2378304667448145e-12	1.3184837600752569e-11	5.608673771905295e-12
sub-7	02	05	sub-7/ses-02/run-05/tsv-row-13	13	right_hand	2	87.236	5.0	21809	23059	sub-7/ses-02/eeg/sub-7_ses-02_task-imagery_run-05_eeg.edf	validation_no_selection	2347.5025635547963	False	2.9944525258618288e-12	1.9342219777819814e-12	9.121501072007638e-12	5.655503749136512e-12
sub-7	02	05	sub-7/ses-02/run-05/tsv-row-14	14	rest	1	94.124	5.0	23531	24781	sub-7/ses-02/eeg/sub-7_ses-02_task-imagery_run-05_eeg.edf	validation_no_selection	1713.944093142491	False	5.727178109616468e-12	2.3419741505885874e-12	1.8950003511604166e-11	6.483237245659173e-12
sub-7	02	05	sub-7/ses-02/run-05/tsv-row-15	15	rest	1	101.028	5.0	25257	26507	sub-7/ses-02/eeg/sub-7_ses-02_task-imagery_run-05_eeg.edf	validation_no_selection	2304.8280602435375	False	7.377839082183809e-12	2.6426569778537015e-12	3.340658118866141e-11	6.809450241685661e-12
sub-7	02	05	sub-7/ses-02/run-05/tsv-row-16	16	right_hand	2	107.896	5.0	26974	28224	sub-7/ses-02/eeg/sub-7_ses-02_task-imagery_run-05_eeg.edf	validation_no_selection	1727.062251655629	False	3.436751738254932e-12	1.4553307202881282e-12	1.4103089675416745e-11	4.54005726949442e-12
sub-7	02	05	sub-7/ses-02/run-05/tsv-row-17	17	right_hand	2	114.8	5.0	28700	29950	sub-7/ses-02/eeg/sub-7_ses-02_task-imagery_run-05_eeg.edf	validation_no_selection	2086.7589190343947	False	2.3124179946388926e-12	1.6523663224418485e-12	5.782111244802349e-12	3.870096229506528e-12
sub-7	02	05	sub-7/ses-02/run-05/tsv-row-18	18	rest	1	121.672	5.0	30418	31668	sub-7/ses-02/eeg/sub-7_ses-02_task-imagery_run-05_eeg.edf	validation_no_selection	3473.396859645375	False	2.812041091816898e-12	2.0443239049667565e-12	8.849257254035018e-12	5.471075031694283e-12
sub-7	02	05	sub-7/ses-02/run-05/tsv-row-19	19	right_hand	2	128.556	5.0	32139	33389	sub-7/ses-02/eeg/sub-7_ses-02_task-imagery_run-05_eeg.edf	validation_no_selection	1672.9700918607136	False	2.2812543180030002e-12	1.4929497500801544e-12	6.542833387266535e-12	4.606720134188003e-12
sub-7	02	05	sub-7/ses-02/run-05/tsv-row-20	20	rest	1	135.46	5.0	33865	35115	sub-7/ses-02/eeg/sub-7_ses-02_task-imagery_run-05_eeg.edf	validation_no_selection	3176.0519333475754	False	6.9558861892392175e-12	2.035710137314154e-12	2.9033468268354106e-11	7.697764995022556e-12
sub-7	02	05	sub-7/ses-02/run-05/tsv-row-21	21	rest	1	142.348	5.0	35587	36837	sub-7/ses-02/eeg/sub-7_ses-02_task-imagery_run-05_eeg.edf	validation_no_selection	2549.7003524887846	False	4.445817425980754e-12	1.94469354865214e-12	1.7819255312698947e-11	7.91379333210903e-12
sub-7	02	05	sub-7/ses-02/run-05/tsv-row-22	22	right_hand	2	149.216	5.0	37304	38554	sub-7/ses-02/eeg/sub-7_ses-02_task-imagery_run-05_eeg.edf	validation_no_selection	3020.25355693228	False	4.204325036162825e-12	1.6213337485319324e-12	1.1861499106913197e-11	3.8870151752138025e-12
sub-7	02	05	sub-7/ses-02/run-05/tsv-row-23	23	rest	1	156.12	5.0	39030	40280	sub-7/ses-02/eeg/sub-7_ses-02_task-imagery_run-05_eeg.edf	validation_no_selection	3333.7127643665885	False	5.815829722271463e-12	1.981844640395197e-12	1.429085013418007e-11	5.607821988409483e-12
sub-7	02	05	sub-7/ses-02/run-05/tsv-row-24	24	right_hand	2	163.008	5.0	40752	42002	sub-7/ses-02/eeg/sub-7_ses-02_task-imagery_run-05_eeg.edf	validation_no_selection	2382.8082247383036	False	3.3255812338918737e-12	1.8265819110209077e-12	9.62453228880945e-12	4.753463241321421e-12
sub-7	02	05	sub-7/ses-02/run-05/tsv-row-25	25	right_hand	2	169.896	5.0	42474	43724	sub-7/ses-02/eeg/sub-7_ses-02_task-imagery_run-05_eeg.edf	validation_no_selection	2453.905404828028	False	2.1800611067269685e-12	1.6130861391579936e-12	3.995167066312617e-12	3.599526907784758e-12
sub-7	02	05	sub-7/ses-02/run-05/tsv-row-26	26	rest	1	176.78	5.0	44195	45445	sub-7/ses-02/eeg/sub-7_ses-02_task-imagery_run-05_eeg.edf	validation_no_selection	1770.2226126895962	False	6.359332968621635e-12	2.3112665046391153e-12	2.2174545268981877e-11	7.62627786710387e-12
sub-7	02	05	sub-7/ses-02/run-05/tsv-row-27	27	right_hand	2	183.668	5.0	45917	47167	sub-7/ses-02/eeg/sub-7_ses-02_task-imagery_run-05_eeg.edf	validation_no_selection	2228.1435163426618	False	3.2770940002748675e-12	1.4339230465739665e-12	1.1073257924735625e-11	3.984185995752055e-12
sub-7	02	05	sub-7/ses-02/run-05/tsv-row-28	28	rest	1	190.556	5.0	47639	48889	sub-7/ses-02/eeg/sub-7_ses-02_task-imagery_run-05_eeg.edf	validation_no_selection	3831.635953856014	False	6.2055076762739795e-12	2.0951049685205156e-12	2.350575395085166e-11	5.4738578954348935e-12
sub-7	02	05	sub-7/ses-02/run-05/tsv-row-29	29	right_hand	2	197.46	5.0	49365	50615	sub-7/ses-02/eeg/sub-7_ses-02_task-imagery_run-05_eeg.edf	validation_no_selection	2475.607049775689	False	5.390251824670905e-12	2.4507432545444943e-12	1.5455272892322887e-11	7.704762485559626e-12
sub-7	02	05	sub-7/ses-02/run-05/tsv-row-30	30	rest	1	204.328	5.0	51082	52332	sub-7/ses-02/eeg/sub-7_ses-02_task-imagery_run-05_eeg.edf	validation_no_selection	4251.74093142491	False	7.46579025593742e-12	2.582149550161496e-12	2.859151438757308e-11	5.9917146642408694e-12
sub-7	02	06	sub-7/ses-02/run-06/tsv-row-1	1	right_hand	2	5.12	5.0	1280	2530	sub-7/ses-02/eeg/sub-7_ses-02_task-imagery_run-06_eeg.edf	validation_no_selection	2371.50404852443	False	1.5475712241435358e-12	2.0820874094789003e-12	3.3592261212391428e-12	5.382564010642765e-12
sub-7	02	06	sub-7/ses-02/run-06/tsv-row-2	2	rest	1	12.016	5.0	3004	4254	sub-7/ses-02/eeg/sub-7_ses-02_task-imagery_run-06_eeg.edf	validation_no_selection	3406.6319276711324	False	3.0753510395373596e-12	1.9802520048431277e-12	7.988848196261207e-12	5.8812728350761694e-12
sub-7	02	06	sub-7/ses-02/run-06/tsv-row-3	3	rest	1	18.9	5.0	4725	5975	sub-7/ses-02/eeg/sub-7_ses-02_task-imagery_run-06_eeg.edf	validation_no_selection	3130.0122923673207	False	3.149102067446967e-12	2.4375380227143305e-12	9.410720111449327e-12	5.2509021711097375e-12
sub-7	02	06	sub-7/ses-02/run-06/tsv-row-4	4	right_hand	2	25.784	5.0	6446	7696	sub-7/ses-02/eeg/sub-7_ses-02_task-imagery_run-06_eeg.edf	validation_no_selection	2737.945837092196	False	1.9583898666015937e-12	1.4346718517859456e-12	5.105132185073189e-12	4.524095862173904e-12
sub-7	02	06	sub-7/ses-02/run-06/tsv-row-5	5	rest	1	32.672	5.0	8168	9418	sub-7/ses-02/eeg/sub-7_ses-02_task-imagery_run-06_eeg.edf	validation_no_selection	2989.4840848414565	False	3.762987646350844e-12	2.0397193320028187e-12	9.28645386066025e-12	6.84185856086349e-12
sub-7	02	06	sub-7/ses-02/run-06/tsv-row-6	6	right_hand	2	39.572	5.0	9893	11143	sub-7/ses-02/eeg/sub-7_ses-02_task-imagery_run-06_eeg.edf	validation_no_selection	2210.5123262428665	False	2.0629323285003752e-12	1.5791618630088364e-12	5.135376685346845e-12	3.9140280799020635e-12
sub-7	02	06	sub-7/ses-02/run-06/tsv-row-7	7	rest	1	46.448	5.0	11612	12862	sub-7/ses-02/eeg/sub-7_ses-02_task-imagery_run-06_eeg.edf	validation_no_selection	4521.621842280343	False	8.381513905006114e-12	2.5252674887106127e-12	1.672401650824235e-11	5.902867565530741e-12
sub-7	02	06	sub-7/ses-02/run-06/tsv-row-8	8	right_hand	2	53.328	5.0	13332	14582	sub-7/ses-02/eeg/sub-7_ses-02_task-imagery_run-06_eeg.edf	validation_no_selection	2564.549240821558	False	2.2423270107145493e-12	1.5819285359682688e-12	7.2058093862392645e-12	4.98996775341463e-12
sub-7	02	06	sub-7/ses-02/run-06/tsv-row-9	9	rest	1	60.24	5.0	15060	16310	sub-7/ses-02/eeg/sub-7_ses-02_task-imagery_run-06_eeg.edf	validation_no_selection	3487.8521610156563	False	5.1154903248367015e-12	2.0158457358311765e-12	1.8979310888236682e-11	5.473724344577099e-12
sub-7	02	06	sub-7/ses-02/run-06/tsv-row-10	10	right_hand	2	67.12	5.0	16780	18030	sub-7/ses-02/eeg/sub-7_ses-02_task-imagery_run-06_eeg.edf	validation_no_selection	2688.416887661366	False	3.5341108129229513e-12	1.8018885552846898e-12	9.231257878373863e-12	4.171031166280137e-12
sub-7	02	06	sub-7/ses-02/run-06/tsv-row-11	11	right_hand	2	74.008	5.0	18502	19752	sub-7/ses-02/eeg/sub-7_ses-02_task-imagery_run-06_eeg.edf	validation_no_selection	1702.1841322672203	False	2.2479202904036456e-12	1.6917293010177624e-12	7.162149290128738e-12	5.946663089319392e-12
sub-7	02	06	sub-7/ses-02/run-06/tsv-row-12	12	rest	1	80.9	5.0	20225	21475	sub-7/ses-02/eeg/sub-7_ses-02_task-imagery_run-06_eeg.edf	validation_no_selection	2981.425444074832	False	3.793304745593451e-12	1.7307724039189082e-12	8.222654347149509e-12	4.531981633467426e-12
sub-7	02	06	sub-7/ses-02/run-06/tsv-row-13	13	rest	1	87.784	5.0	21946	23196	sub-7/ses-02/eeg/sub-7_ses-02_task-imagery_run-06_eeg.edf	validation_no_selection	3378.019225623341	False	5.593371400317956e-12	2.010323742616507e-12	1.3808870536011584e-11	5.943934473217495e-12
sub-7	02	06	sub-7/ses-02/run-06/tsv-row-14	14	right_hand	2	94.668	5.0	23667	24917	sub-7/ses-02/eeg/sub-7_ses-02_task-imagery_run-06_eeg.edf	validation_no_selection	2673.838897061067	False	2.921275607274555e-12	1.627143984545036e-12	9.15463489358084e-12	4.4576258680605075e-12
sub-7	02	06	sub-7/ses-02/run-06/tsv-row-15	15	right_hand	2	101.536	5.0	25384	26634	sub-7/ses-02/eeg/sub-7_ses-02_task-imagery_run-06_eeg.edf	validation_no_selection	2644.6829158604696	False	2.238945361855381e-12	1.7817060051781442e-12	7.729972255221502e-12	4.800640480035046e-12
sub-7	02	06	sub-7/ses-02/run-06/tsv-row-16	16	right_hand	2	115.328	5.0	28832	30082	sub-7/ses-02/eeg/sub-7_ses-02_task-imagery_run-06_eeg.edf	validation_no_selection	1826.5950582598348	False	4.088743953135154e-12	1.5067509208138434e-12	1.2601369696864576e-11	5.229863357754171e-12
sub-7	02	06	sub-7/ses-02/run-06/tsv-row-17	17	rest	1	122.22	5.0	30555	31805	sub-7/ses-02/eeg/sub-7_ses-02_task-imagery_run-06_eeg.edf	validation_no_selection	4764.105437482834	False	6.240095231029715e-12	1.887779412135332e-12	1.862930581139208e-11	5.040819321935499e-12
sub-7	02	06	sub-7/ses-02/run-06/tsv-row-18	18	right_hand	2	129.1	5.0	32275	33525	sub-7/ses-02/eeg/sub-7_ses-02_task-imagery_run-06_eeg.edf	validation_no_selection	3822.3310260933254	False	3.248422102135202e-12	1.6490647747585065e-12	9.418337178447347e-12	4.0483682712094245e-12
sub-7	02	06	sub-7/ses-02/run-06/tsv-row-19	19	rest	1	135.992	5.0	33998	35248	sub-7/ses-02/eeg/sub-7_ses-02_task-imagery_run-06_eeg.edf	validation_no_selection	4562.367778740807	False	2.5945602464751705e-12	1.8956038766856704e-12	1.0261880830671402e-11	5.371563466335554e-12
sub-7	02	06	sub-7/ses-02/run-06/tsv-row-20	20	rest	1	142.88	5.0	35720	36970	sub-7/ses-02/eeg/sub-7_ses-02_task-imagery_run-06_eeg.edf	validation_no_selection	4310.014612262337	False	7.962444816480844e-12	2.1651027677592407e-12	2.1143274312643544e-11	6.506817321913505e-12
sub-7	02	06	sub-7/ses-02/run-06/tsv-row-21	21	right_hand	2	149.78	5.0	37445	38695	sub-7/ses-02/eeg/sub-7_ses-02_task-imagery_run-06_eeg.edf	validation_no_selection	2161.707749015778	False	2.8421084903990877e-12	1.305709531699131e-12	7.847063826135247e-12	3.875969227524756e-12
sub-7	02	06	sub-7/ses-02/run-06/tsv-row-22	22	right_hand	2	156.648	5.0	39162	40412	sub-7/ses-02/eeg/sub-7_ses-02_task-imagery_run-06_eeg.edf	validation_no_selection	3663.150234321116	False	6.062436818717556e-12	2.495793171723954e-12	1.8788194514329778e-11	8.381533665285636e-12
sub-7	02	06	sub-7/ses-02/run-06/tsv-row-23	23	rest	1	163.54	5.0	40885	42135	sub-7/ses-02/eeg/sub-7_ses-02_task-imagery_run-06_eeg.edf	validation_no_selection	3623.400309640797	False	1.2128691201471089e-11	2.1295983171509506e-12	3.8059422658161575e-11	6.019417810296789e-12
sub-7	02	06	sub-7/ses-02/run-06/tsv-row-24	24	right_hand	2	170.44	5.0	42610	43860	sub-7/ses-02/eeg/sub-7_ses-02_task-imagery_run-06_eeg.edf	validation_no_selection	2029.2381822565385	False	3.79903608692093e-12	1.6611460966018072e-12	1.0580217763450338e-11	4.908270714116021e-12
sub-7	02	06	sub-7/ses-02/run-06/tsv-row-25	25	rest	1	177.332	5.0	44333	45583	sub-7/ses-02/eeg/sub-7_ses-02_task-imagery_run-06_eeg.edf	validation_no_selection	2373.8582581865903	False	5.7442049856705234e-12	2.194598396440562e-12	1.8726785675037226e-11	6.244848813358563e-12
sub-7	02	06	sub-7/ses-02/run-06/tsv-row-26	26	right_hand	2	184.196	5.0	46049	47299	sub-7/ses-02/eeg/sub-7_ses-02_task-imagery_run-06_eeg.edf	validation_no_selection	2252.2542744834745	False	2.447895800340821e-12	1.633922598225207e-12	5.949862642334878e-12	3.451923077550582e-12
sub-7	02	06	sub-7/ses-02/run-06/tsv-row-27	27	rest	1	191.104	5.0	47776	49026	sub-7/ses-02/eeg/sub-7_ses-02_task-imagery_run-06_eeg.edf	validation_no_selection	4934.785637989441	False	7.017642658339285e-12	2.087514859572381e-12	1.997312305152035e-11	5.607420092886012e-12
sub-7	02	06	sub-7/ses-02/run-06/tsv-row-28	28	right_hand	2	197.988	5.0	49497	50747	sub-7/ses-02/eeg/sub-7_ses-02_task-imagery_run-06_eeg.edf	validation_no_selection	4259.761290627765	False	3.9309658043779606e-12	1.7593805337637656e-12	1.4014167251965979e-11	4.895907795958306e-12
sub-7	02	06	sub-7/ses-02/run-06/tsv-row-29	29	rest	1	204.876	5.0	51219	52469	sub-7/ses-02/eeg/sub-7_ses-02_task-imagery_run-06_eeg.edf	validation_no_selection	4727.2530016174815	False	4.366347707364202e-12	2.0474737141682053e-12	1.4159878539654747e-11	6.069179246293201e-12
sub-7	03	01	sub-7/ses-03/run-01/tsv-row-1	1	rest	1	7.48	5.0	1870	3120	sub-7/ses-03/eeg/sub-7_ses-03_task-imagery_run-01_eeg.edf	test_exploratory	4124.400111697745	False	2.096393358858543e-12	1.871879508886072e-12	5.0641914961333056e-12	5.680034421046829e-12
sub-7	03	01	sub-7/ses-03/run-01/tsv-row-2	2	right_hand	2	14.368	5.0	3592	4842	sub-7/ses-03/eeg/sub-7_ses-03_task-imagery_run-01_eeg.edf	test_exploratory	5137.785205221717	False	2.609712257105286e-12	1.842801390238405e-12	4.951423284913481e-12	6.554457387486131e-12
sub-7	03	01	sub-7/ses-03/run-01/tsv-row-3	3	rest	1	21.236	5.0	5309	6559	sub-7/ses-03/eeg/sub-7_ses-03_task-imagery_run-01_eeg.edf	test_exploratory	5830.030334101382	False	1.0529499309325242e-11	2.1403590636793352e-12	3.384891519794175e-11	6.654025855198519e-12
sub-7	03	01	sub-7/ses-03/run-01/tsv-row-4	4	right_hand	2	28.124	5.0	7031	8281	sub-7/ses-03/eeg/sub-7_ses-03_task-imagery_run-01_eeg.edf	test_exploratory	7554.586768471328	False	3.4550253063052208e-12	2.0477865193133414e-12	6.885979909633399e-12	6.351930908605968e-12
sub-7	03	01	sub-7/ses-03/run-01/tsv-row-5	5	right_hand	2	35.028	5.0	8757	10007	sub-7/ses-03/eeg/sub-7_ses-03_task-imagery_run-01_eeg.edf	test_exploratory	7178.030855189672	False	4.168249844530446e-12	1.8378192297605774e-12	6.953339807570455e-12	5.694746528201865e-12
sub-7	03	01	sub-7/ses-03/run-01/tsv-row-6	6	rest	1	41.916	5.0	10479	11729	sub-7/ses-03/eeg/sub-7_ses-03_task-imagery_run-01_eeg.edf	test_exploratory	5949.341174336985	False	5.679928526569497e-12	2.2819560025518367e-12	1.4343781109876117e-11	8.663619601492862e-12
sub-7	03	01	sub-7/ses-03/run-01/tsv-row-7	7	right_hand	2	48.784	5.0	12196	13446	sub-7/ses-03/eeg/sub-7_ses-03_task-imagery_run-01_eeg.edf	test_exploratory	8313.754982863858	False	6.506337646997008e-12	1.7583221794795477e-12	2.3781837271707e-11	9.609592331504872e-12
sub-7	03	01	sub-7/ses-03/run-01/tsv-row-8	8	rest	1	55.672	5.0	13918	15168	sub-7/ses-03/eeg/sub-7_ses-03_task-imagery_run-01_eeg.edf	test_exploratory	7088.699134708701	False	1.0085164703082023e-11	2.2826543709303076e-12	4.5112500374109656e-11	9.948069285509942e-12
sub-7	03	01	sub-7/ses-03/run-01/tsv-row-9	9	rest	1	62.576	5.0	15644	16894	sub-7/ses-03/eeg/sub-7_ses-03_task-imagery_run-01_eeg.edf	test_exploratory	8337.223485702081	False	9.031053544682564e-12	2.6926875040307486e-12	3.236180235730261e-11	7.178017565752685e-12
sub-7	03	01	sub-7/ses-03/run-01/tsv-row-10	10	right_hand	2	69.46	5.0	17365	18615	sub-7/ses-03/eeg/sub-7_ses-03_task-imagery_run-01_eeg.edf	test_exploratory	9229.178003250223	False	5.6096499076264594e-12	1.9517233356825994e-12	1.861509811231457e-11	5.9084636871280435e-12
sub-7	03	01	sub-7/ses-03/run-01/tsv-row-11	11	right_hand	2	76.348	5.0	19087	20337	sub-7/ses-03/eeg/sub-7_ses-03_task-imagery_run-01_eeg.edf	test_exploratory	6365.717837595752	False	5.316933091352212e-12	1.90341272966654e-12	1.4714187138966366e-11	7.13643705465946e-12
sub-7	03	01	sub-7/ses-03/run-01/tsv-row-12	12	rest	1	83.236	5.0	20809	22059	sub-7/ses-03/eeg/sub-7_ses-03_task-imagery_run-01_eeg.edf	test_exploratory	2727.0400298013246	False	7.894598949286043e-12	2.1058749974479037e-12	2.5984623012709524e-11	7.1920849350384674e-12
sub-7	03	01	sub-7/ses-03/run-01/tsv-row-13	13	rest	1	90.12	5.0	22530	23780	sub-7/ses-03/eeg/sub-7_ses-03_task-imagery_run-01_eeg.edf	test_exploratory	8592.500232703633	False	7.985040551569895e-12	2.5232335754884582e-12	2.7813435117753665e-11	9.447562467558652e-12
sub-7	03	01	sub-7/ses-03/run-01/tsv-row-14	14	right_hand	2	97.008	5.0	24252	25502	sub-7/ses-03/eeg/sub-7_ses-03_task-imagery_run-01_eeg.edf	test_exploratory	6235.051270180365	False	5.07631299359185e-12	1.794421992266395e-12	1.666561340447424e-11	5.750769168858541e-12
sub-7	03	01	sub-7/ses-03/run-01/tsv-row-15	15	right_hand	2	103.912	5.0	25978	27228	sub-7/ses-03/eeg/sub-7_ses-03_task-imagery_run-01_eeg.edf	test_exploratory	6979.6841537827695	False	4.933618760073237e-12	2.273604083624267e-12	2.0784103031098917e-11	9.146686592908381e-12
sub-7	03	01	sub-7/ses-03/run-01/tsv-row-16	16	rest	1	110.784	5.0	27696	28946	sub-7/ses-03/eeg/sub-7_ses-03_task-imagery_run-01_eeg.edf	test_exploratory	7931.294091448715	False	7.552644541111136e-12	2.2334963745926035e-12	2.6449982770673277e-11	8.017521901591813e-12
sub-7	03	01	sub-7/ses-03/run-01/tsv-row-17	17	rest	1	117.684	5.0	29421	30671	sub-7/ses-03/eeg/sub-7_ses-03_task-imagery_run-01_eeg.edf	test_exploratory	7356.240067064426	False	9.37477770384817e-12	1.8884621541895743e-12	3.0407628999787146e-11	8.553339896323023e-12
sub-7	03	01	sub-7/ses-03/run-01/tsv-row-18	18	right_hand	2	124.572	5.0	31143	32393	sub-7/ses-03/eeg/sub-7_ses-03_task-imagery_run-01_eeg.edf	test_exploratory	9502.472504043704	False	6.841251761261055e-12	1.4801301559948317e-12	2.1675482709646027e-11	5.944782414801182e-12
sub-7	03	01	sub-7/ses-03/run-01/tsv-row-19	19	right_hand	2	131.46	5.0	32865	34115	sub-7/ses-03/eeg/sub-7_ses-03_task-imagery_run-01_eeg.edf	test_exploratory	8121.918898373364	False	4.759382415711279e-12	1.789728902946321e-12	1.8650994000571433e-11	5.947373856349147e-12
sub-7	03	01	sub-7/ses-03/run-01/tsv-row-20	20	rest	1	138.328	5.0	34582	35832	sub-7/ses-03/eeg/sub-7_ses-03_task-imagery_run-01_eeg.edf	test_exploratory	5405.477547273172	False	9.581522948126351e-12	2.288404955213767e-12	2.4362551882462734e-11	7.854770126863204e-12
sub-7	03	01	sub-7/ses-03/run-01/tsv-row-21	21	rest	1	145.232	5.0	36308	37558	sub-7/ses-03/eeg/sub-7_ses-03_task-imagery_run-01_eeg.edf	test_exploratory	6123.613734122745	False	1.464922748421969e-11	3.972725513705829e-12	5.280552253078948e-11	1.2947948879101094e-11
sub-7	03	01	sub-7/ses-03/run-01/tsv-row-22	22	right_hand	2	152.12	5.0	38030	39280	sub-7/ses-03/eeg/sub-7_ses-03_task-imagery_run-01_eeg.edf	test_exploratory	6608.427579851681	False	5.068469784034289e-12	1.7983026427934476e-12	1.628832361251627e-11	7.370692524573378e-12
sub-7	03	01	sub-7/ses-03/run-01/tsv-row-23	23	rest	1	158.988	5.0	39747	40997	sub-7/ses-03/eeg/sub-7_ses-03_task-imagery_run-01_eeg.edf	test_exploratory	5748.117688711203	False	4.610448209839233e-12	2.1637627482790314e-12	1.458385608521958e-11	7.567566897454344e-12
sub-7	03	01	sub-7/ses-03/run-01/tsv-row-24	24	right_hand	2	165.892	5.0	41473	42723	sub-7/ses-03/eeg/sub-7_ses-03_task-imagery_run-01_eeg.edf	test_exploratory	5274.508160466323	False	2.8773788445959177e-12	1.533342160907489e-12	9.476911011045199e-12	5.770430240056317e-12
sub-7	03	01	sub-7/ses-03/run-01/tsv-row-25	25	rest	1	172.78	5.0	43195	44445	sub-7/ses-03/eeg/sub-7_ses-03_task-imagery_run-01_eeg.edf	test_exploratory	9784.70017688528	False	8.661954539438419e-12	2.708923618352469e-12	3.9674717565852136e-11	7.869064371693854e-12
sub-7	03	01	sub-7/ses-03/run-01/tsv-row-26	26	right_hand	2	179.668	5.0	44917	46167	sub-7/ses-03/eeg/sub-7_ses-03_task-imagery_run-01_eeg.edf	test_exploratory	6532.419912594988	False	3.6194476139209013e-12	1.5040450706396552e-12	6.549337858451804e-12	5.108011500427931e-12
sub-7	03	01	sub-7/ses-03/run-01/tsv-row-27	27	right_hand	2	186.552	5.0	46638	47888	sub-7/ses-03/eeg/sub-7_ses-03_task-imagery_run-01_eeg.edf	test_exploratory	5752.054340800196	False	4.600143108286778e-12	2.002653236708361e-12	8.782289094401983e-12	5.512774850858432e-12
sub-7	03	01	sub-7/ses-03/run-01/tsv-row-28	28	rest	1	193.44	5.0	48360	49610	sub-7/ses-03/eeg/sub-7_ses-03_task-imagery_run-01_eeg.edf	test_exploratory	6088.183865321818	False	7.034465845727757e-12	2.2449757255951265e-12	1.8618936116008487e-11	5.788334394083246e-12
sub-7	03	01	sub-7/ses-03/run-01/tsv-row-29	29	rest	1	200.328	5.0	50082	51332	sub-7/ses-03/eeg/sub-7_ses-03_task-imagery_run-01_eeg.edf	test_exploratory	4666.1440030213325	False	6.5974209838926925e-12	2.040937511322825e-12	1.9233777697203713e-11	5.702835117541466e-12
sub-7	03	01	sub-7/ses-03/run-01/tsv-row-30	30	right_hand	2	207.232	5.0	51808	53058	sub-7/ses-03/eeg/sub-7_ses-03_task-imagery_run-01_eeg.edf	test_exploratory	5243.3177631458475	False	5.0690804818187155e-12	1.6912697346639773e-12	1.087350871504116e-11	5.655917795587127e-12
sub-7	03	02	sub-7/ses-03/run-02/tsv-row-1	1	rest	1	7.16	5.0	1790	3040	sub-7/ses-03/eeg/sub-7_ses-03_task-imagery_run-02_eeg.edf	test_exploratory	5547.634926953948	False	4.370161109045133e-12	2.001865639760238e-12	1.4299654203775854e-11	5.894621250325575e-12
sub-7	03	02	sub-7/ses-03/run-02/tsv-row-2	2	right_hand	2	14.044	5.0	3511	4761	sub-7/ses-03/eeg/sub-7_ses-03_task-imagery_run-02_eeg.edf	test_exploratory	6822.9202354808185	False	2.03881490508195e-12	1.6066858893141492e-12	4.79516389603753e-12	5.8775157145492415e-12
sub-7	03	02	sub-7/ses-03/run-02/tsv-row-3	3	rest	1	20.952	5.0	5238	6488	sub-7/ses-03/eeg/sub-7_ses-03_task-imagery_run-02_eeg.edf	test_exploratory	7022.623586062196	False	4.0396521265377515e-12	2.4208968605620004e-12	1.1002329810986897e-11	5.096733187965555e-12
sub-7	03	02	sub-7/ses-03/run-02/tsv-row-4	4	right_hand	2	27.832	5.0	6958	8208	sub-7/ses-03/eeg/sub-7_ses-03_task-imagery_run-02_eeg.edf	test_exploratory	8848.720713705863	False	5.352696959183082e-12	2.0605490722504028e-12	1.3831827089523685e-11	5.975151741909446e-12
sub-7	03	02	sub-7/ses-03/run-02/tsv-row-5	5	rest	1	34.708	5.0	8677	9927	sub-7/ses-03/eeg/sub-7_ses-03_task-imagery_run-02_eeg.edf	test_exploratory	7921.515771355327	False	5.360250855858761e-12	2.1170034797990894e-12	1.7940246086244427e-11	7.46947281228868e-12
sub-7	03	02	sub-7/ses-03/run-02/tsv-row-6	6	right_hand	2	41.608	5.0	10402	11652	sub-7/ses-03/eeg/sub-7_ses-03_task-imagery_run-02_eeg.edf	test_exploratory	6901.348086581012	False	4.075128866916019e-12	2.0650357333792336e-12	1.2128735529464745e-11	6.720309699844911e-12
sub-7	03	02	sub-7/ses-03/run-02/tsv-row-7	7	rest	1	48.5	5.0	12125	13375	sub-7/ses-03/eeg/sub-7_ses-03_task-imagery_run-02_eeg.edf	test_exploratory	7752.850469954527	False	8.084952640205416e-12	2.6456062276364467e-12	2.490558423778018e-11	6.40213155559837e-12
sub-7	03	02	sub-7/ses-03/run-02/tsv-row-8	8	right_hand	2	55.38	5.0	13845	15095	sub-7/ses-03/eeg/sub-7_ses-03_task-imagery_run-02_eeg.edf	test_exploratory	5141.263590365307	False	3.688710467729802e-12	1.4723629193721926e-12	1.0274753245319383e-11	5.418213802498381e-12
sub-7	03	02	sub-7/ses-03/run-02/tsv-row-9	9	rest	1	62.272	5.0	15568	16818	sub-7/ses-03/eeg/sub-7_ses-03_task-imagery_run-02_eeg.edf	test_exploratory	6940.410607013155	False	7.733356012769147e-12	2.3922164604910005e-12	1.9679027371917678e-11	6.910054391024429e-12
sub-7	03	02	sub-7/ses-03/run-02/tsv-row-10	10	right_hand	2	69.156	5.0	17289	18539	sub-7/ses-03/eeg/sub-7_ses-03_task-imagery_run-02_eeg.edf	test_exploratory	8443.257807824944	False	2.7461768069450937e-12	1.7483869973516012e-12	4.3240088076223344e-12	5.959809925241531e-12
sub-7	03	02	sub-7/ses-03/run-02/tsv-row-11	11	right_hand	2	76.056	5.0	19014	20264	sub-7/ses-03/eeg/sub-7_ses-03_task-imagery_run-02_eeg.edf	test_exploratory	9163.189143696402	False	3.71229292407235e-12	1.574734110989163e-12	1.03709175223169e-11	5.200027654061179e-12
sub-7	03	02	sub-7/ses-03/run-02/tsv-row-12	12	rest	1	82.932	5.0	20733	21983	sub-7/ses-03/eeg/sub-7_ses-03_task-imagery_run-02_eeg.edf	test_exploratory	8904.892012466811	False	7.363243314060682e-12	2.163254231309034e-12	2.374443120915271e-11	6.450802521712327e-12
sub-7	03	02	sub-7/ses-03/run-02/tsv-row-13	13	rest	1	89.836	5.0	22459	23709	sub-7/ses-03/eeg/sub-7_ses-03_task-imagery_run-02_eeg.edf	test_exploratory	7634.603072832422	False	8.238092880179552e-12	2.5938794748720963e-12	2.545890430770462e-11	7.563146804012776e-12
sub-7	03	02	sub-7/ses-03/run-02/tsv-row-14	14	right_hand	2	96.7	5.0	24175	25425	sub-7/ses-03/eeg/sub-7_ses-03_task-imagery_run-02_eeg.edf	test_exploratory	5777.922111362041	False	2.694022681410069e-12	1.8273777747278767e-12	5.045708891976427e-12	4.798392880390771e-12
sub-7	03	02	sub-7/ses-03/run-02/tsv-row-15	15	right_hand	2	103.604	5.0	25901	27151	sub-7/ses-03/eeg/sub-7_ses-03_task-imagery_run-02_eeg.edf	test_exploratory	7633.0890216528815	False	4.815010400735916e-12	2.369466662146645e-12	1.1068062872890899e-11	8.177187880179192e-12
sub-7	03	02	sub-7/ses-03/run-02/tsv-row-16	16	rest	1	110.496	5.0	27624	28874	sub-7/ses-03/eeg/sub-7_ses-03_task-imagery_run-02_eeg.edf	test_exploratory	6959.184841639454	False	6.815360279859709e-12	2.2079020095185336e-12	2.8354902629035943e-11	6.911859819472645e-12
sub-7	03	02	sub-7/ses-03/run-02/tsv-row-17	17	right_hand	2	117.36	5.0	29340	30590	sub-7/ses-03/eeg/sub-7_ses-03_task-imagery_run-02_eeg.edf	test_exploratory	9050.240925702688	False	2.6274290777977265e-12	1.6184786714949862e-12	5.39635336562121e-12	3.9716520013487114e-12
sub-7	03	02	sub-7/ses-03/run-02/tsv-row-18	18	rest	1	124.252	5.0	31063	32313	sub-7/ses-03/eeg/sub-7_ses-03_task-imagery_run-02_eeg.edf	test_exploratory	7846.1160226142165	False	4.843552422160624e-12	2.3779461071449726e-12	1.8395332845678206e-11	6.7013404055736375e-12
sub-7	03	02	sub-7/ses-03/run-02/tsv-row-19	19	rest	1	131.156	5.0	32789	34039	sub-7/ses-03/eeg/sub-7_ses-03_task-imagery_run-02_eeg.edf	test_exploratory	6531.162573183386	False	8.553083696790352e-12	2.5002572984745365e-12	2.071166851958613e-11	7.762119263729385e-12
sub-7	03	02	sub-7/ses-03/run-02/tsv-row-20	20	right_hand	2	138.04	5.0	34510	35760	sub-7/ses-03/eeg/sub-7_ses-03_task-imagery_run-02_eeg.edf	test_exploratory	6346.90254463332	False	4.104822089979611e-12	1.6855310546916955e-12	1.2771203960820335e-11	5.595537066552e-12
sub-7	03	02	sub-7/ses-03/run-02/tsv-row-21	21	rest	1	144.932	5.0	36233	37483	sub-7/ses-03/eeg/sub-7_ses-03_task-imagery_run-02_eeg.edf	test_exploratory	6961.153108172857	False	9.771853075599145e-12	2.7753199382057e-12	2.8232890365608377e-11	8.290897464932315e-12
sub-7	03	02	sub-7/ses-03/run-02/tsv-row-22	22	right_hand	2	151.812	5.0	37953	39203	sub-7/ses-03/eeg/sub-7_ses-03_task-imagery_run-02_eeg.edf	test_exploratory	8436.898792870876	False	3.2189047643794802e-12	1.6765867255549669e-12	7.852361644580043e-12	3.859941110914031e-12
sub-7	03	02	sub-7/ses-03/run-02/tsv-row-23	23	right_hand	2	165.668	5.0	41417	42667	sub-7/ses-03/eeg/sub-7_ses-03_task-imagery_run-02_eeg.edf	test_exploratory	6274.228088015381	False	3.1902506017004055e-12	1.707024661908575e-12	1.0526830301734044e-11	4.809858254116531e-12
sub-7	03	02	sub-7/ses-03/run-02/tsv-row-24	24	rest	1	172.56	5.0	43140	44390	sub-7/ses-03/eeg/sub-7_ses-03_task-imagery_run-02_eeg.edf	test_exploratory	9555.782614551226	False	3.69687541360345e-12	2.118821691506866e-12	1.225595885129053e-11	5.2691561038384144e-12
sub-7	03	02	sub-7/ses-03/run-02/tsv-row-25	25	right_hand	2	179.444	5.0	44861	46111	sub-7/ses-03/eeg/sub-7_ses-03_task-imagery_run-02_eeg.edf	test_exploratory	8728.807860286264	False	4.859637657768414e-12	2.040068659347295e-12	1.7942924421089005e-11	7.56133204985975e-12
sub-7	03	02	sub-7/ses-03/run-02/tsv-row-26	26	right_hand	2	186.348	5.0	46587	47837	sub-7/ses-03/eeg/sub-7_ses-03_task-imagery_run-02_eeg.edf	test_exploratory	6388.993167424542	False	7.444539663075855e-12	2.0646854294703085e-12	2.3843592835671713e-11	5.9687659841913296e-12
sub-7	03	02	sub-7/ses-03/run-02/tsv-row-27	27	rest	1	193.22	5.0	48305	49555	sub-7/ses-03/eeg/sub-7_ses-03_task-imagery_run-02_eeg.edf	test_exploratory	4212.090381481369	False	8.782951290425622e-12	2.394763207183483e-12	2.62977666585557e-11	7.069940536169033e-12
sub-7	03	02	sub-7/ses-03/run-02/tsv-row-28	28	right_hand	2	200.104	5.0	50026	51276	sub-7/ses-03/eeg/sub-7_ses-03_task-imagery_run-02_eeg.edf	test_exploratory	8510.935895550401	False	5.4204113417952624e-12	1.9208015034491736e-12	1.4798794354510154e-11	5.8545348984068236e-12
sub-7	03	02	sub-7/ses-03/run-02/tsv-row-29	29	rest	1	207.012	5.0	51753	53003	sub-7/ses-03/eeg/sub-7_ses-03_task-imagery_run-02_eeg.edf	test_exploratory	5274.651499282815	False	9.377972475051927e-12	2.4427883034669585e-12	1.960358011083489e-11	6.0960338996147916e-12
sub-7	03	03	sub-7/ses-03/run-03/tsv-row-1	1	right_hand	2	7.892	5.0	1973	3223	sub-7/ses-03/eeg/sub-7_ses-03_task-imagery_run-03_eeg.edf	test_exploratory	4702.463511337626	False	3.700258662966155e-12	1.938675656239149e-12	6.127249154773868e-12	5.875427889644913e-12
sub-7	03	03	sub-7/ses-03/run-03/tsv-row-2	2	rest	1	14.78	5.0	3695	4945	sub-7/ses-03/eeg/sub-7_ses-03_task-imagery_run-03_eeg.edf	test_exploratory	5134.324911206397	False	3.787486307421577e-12	1.8709396473772097e-12	7.651046725660287e-12	4.535211110019001e-12
sub-7	03	03	sub-7/ses-03/run-03/tsv-row-3	3	rest	1	21.668	5.0	5417	6667	sub-7/ses-03/eeg/sub-7_ses-03_task-imagery_run-03_eeg.edf	test_exploratory	4105.077753486739	False	3.648112463263511e-12	2.012929652892866e-12	8.31578155281272e-12	4.583525662146232e-12
sub-7	03	03	sub-7/ses-03/run-03/tsv-row-4	4	right_hand	2	28.536	5.0	7134	8384	sub-7/ses-03/eeg/sub-7_ses-03_task-imagery_run-03_eeg.edf	test_exploratory	6352.181426389355	False	4.7723018475243535e-12	1.8550621607704e-12	5.039807202828742e-12	6.211079140356642e-12
sub-7	03	03	sub-7/ses-03/run-03/tsv-row-5	5	right_hand	2	35.44	5.0	8860	10110	sub-7/ses-03/eeg/sub-7_ses-03_task-imagery_run-03_eeg.edf	test_exploratory	6810.074846949675	False	5.095641087440847e-12	2.354880644836643e-12	1.1073273178561026e-11	5.391815840718501e-12
sub-7	03	03	sub-7/ses-03/run-03/tsv-row-6	6	rest	1	42.328	5.0	10582	11832	sub-7/ses-03/eeg/sub-7_ses-03_task-imagery_run-03_eeg.edf	test_exploratory	5179.38977721488	False	7.607309795272226e-12	3.174260618788758e-12	1.7763998253575076e-11	8.921730850908256e-12
sub-7	03	03	sub-7/ses-03/run-03/tsv-row-7	7	right_hand	2	49.196	5.0	12299	13549	sub-7/ses-03/eeg/sub-7_ses-03_task-imagery_run-03_eeg.edf	test_exploratory	5583.1316830347605	False	3.8757393279916076e-12	1.847254285960762e-12	7.049442248904934e-12	3.880921190890982e-12
sub-7	03	03	sub-7/ses-03/run-03/tsv-row-8	8	rest	1	56.1	5.0	14025	15275	sub-7/ses-03/eeg/sub-7_ses-03_task-imagery_run-03_eeg.edf	test_exploratory	6242.282093752861	False	1.2765705452220674e-11	3.929787718379973e-12	2.8445780325438476e-11	1.3677042949691472e-11
sub-7	03	03	sub-7/ses-03/run-03/tsv-row-9	9	right_hand	2	62.988	5.0	15747	16997	sub-7/ses-03/eeg/sub-7_ses-03_task-imagery_run-03_eeg.edf	test_exploratory	3598.8040680562763	False	3.3950870603956696e-12	2.3270702892469593e-12	5.364226927460312e-12	6.506991613280129e-12
sub-7	03	03	sub-7/ses-03/run-03/tsv-row-10	10	rest	1	69.876	5.0	17469	18719	sub-7/ses-03/eeg/sub-7_ses-03_task-imagery_run-03_eeg.edf	test_exploratory	4003.0371440778827	False	1.2471891058142463e-11	3.0966821789901134e-12	3.2983512572439554e-11	7.92402134740765e-12
sub-7	03	03	sub-7/ses-03/run-03/tsv-row-11	11	right_hand	2	76.76	5.0	19190	20440	sub-7/ses-03/eeg/sub-7_ses-03_task-imagery_run-03_eeg.edf	test_exploratory	3877.78874263741	False	7.311142300117177e-12	1.861275524523702e-12	1.6175926795108177e-11	6.363248410065326e-12
sub-7	03	03	sub-7/ses-03/run-03/tsv-row-12	12	rest	1	83.648	5.0	20912	22162	sub-7/ses-03/eeg/sub-7_ses-03_task-imagery_run-03_eeg.edf	test_exploratory	4629.89311403241	False	6.585943900893622e-12	2.2733227314987003e-12	1.694604694473401e-11	6.373541863612162e-12
sub-7	03	03	sub-7/ses-03/run-03/tsv-row-13	13	right_hand	2	90.536	5.0	22634	23884	sub-7/ses-03/eeg/sub-7_ses-03_task-imagery_run-03_eeg.edf	test_exploratory	4249.359000244148	False	7.77818165695574e-12	2.3345280571672484e-12	1.254456754864142e-11	7.5784657069387e-12
sub-7	03	03	sub-7/ses-03/run-03/tsv-row-14	14	rest	1	97.44	5.0	24360	25610	sub-7/ses-03/eeg/sub-7_ses-03_task-imagery_run-03_eeg.edf	test_exploratory	2959.5460505081332	False	5.84389945483899e-12	2.2131093739272878e-12	1.4171339886044412e-11	5.636648498543704e-12
sub-7	03	03	sub-7/ses-03/run-03/tsv-row-15	15	rest	1	104.328	5.0	26082	27332	sub-7/ses-03/eeg/sub-7_ses-03_task-imagery_run-03_eeg.edf	test_exploratory	4314.070674321727	False	8.06029567131605e-12	2.8234396735147214e-12	2.042316687727849e-11	8.113747760458432e-12
sub-7	03	03	sub-7/ses-03/run-03/tsv-row-16	16	right_hand	2	111.196	5.0	27799	29049	sub-7/ses-03/eeg/sub-7_ses-03_task-imagery_run-03_eeg.edf	test_exploratory	4097.955785561693	False	3.1080475118415493e-12	2.195343758343467e-12	4.963621562690111e-12	5.924903898189434e-12
sub-7	03	03	sub-7/ses-03/run-03/tsv-row-17	17	right_hand	2	118.1	5.0	29525	30775	sub-7/ses-03/eeg/sub-7_ses-03_task-imagery_run-03_eeg.edf	test_exploratory	4493.961760704367	False	2.977973341644801e-12	1.8582216830438232e-12	6.8993147455253765e-12	5.958910702463599e-12
sub-7	03	03	sub-7/ses-03/run-03/tsv-row-18	18	rest	1	124.988	5.0	31247	32497	sub-7/ses-03/eeg/sub-7_ses-03_task-imagery_run-03_eeg.edf	test_exploratory	4418.198757087924	False	6.295981662289341e-12	2.6927635509372897e-12	1.730038822819822e-11	5.999446741129877e-12
sub-7	03	03	sub-7/ses-03/run-03/tsv-row-19	19	rest	1	131.872	5.0	32968	34218	sub-7/ses-03/eeg/sub-7_ses-03_task-imagery_run-03_eeg.edf	test_exploratory	3179.713093432417	False	5.2740515991293975e-12	2.4068006603940702e-12	2.012443424316488e-11	5.6425290976202204e-12
sub-7	03	03	sub-7/ses-03/run-03/tsv-row-20	20	right_hand	2	138.76	5.0	34690	35940	sub-7/ses-03/eeg/sub-7_ses-03_task-imagery_run-03_eeg.edf	test_exploratory	3918.924247032075	False	4.5395337180315044e-12	1.8614989704339116e-12	8.007977467182876e-12	5.4270534745624315e-12
sub-7	03	03	sub-7/ses-03/run-03/tsv-row-21	21	rest	1	145.648	5.0	36412	37662	sub-7/ses-03/eeg/sub-7_ses-03_task-imagery_run-03_eeg.edf	test_exploratory	3919.5382097842344	False	4.588016035783655e-12	2.4224852576857404e-12	9.98625488984515e-12	6.344801184212634e-12
sub-7	03	03	sub-7/ses-03/run-03/tsv-row-22	22	right_hand	2	152.532	5.0	38133	39383	sub-7/ses-03/eeg/sub-7_ses-03_task-imagery_run-03_eeg.edf	test_exploratory	5054.632545976135	False	3.85742049604035e-12	2.1625122820359805e-12	7.000026848241891e-12	5.824653949654951e-12
sub-7	03	03	sub-7/ses-03/run-03/tsv-row-23	23	rest	1	159.42	5.0	39855	41105	sub-7/ses-03/eeg/sub-7_ses-03_task-imagery_run-03_eeg.edf	test_exploratory	6984.440268562884	False	4.4186215709678e-12	2.2911637685620786e-12	1.1665368113411949e-11	4.7924638315899066e-12
sub-7	03	03	sub-7/ses-03/run-03/tsv-row-24	24	right_hand	2	166.308	5.0	41577	42827	sub-7/ses-03/eeg/sub-7_ses-03_task-imagery_run-03_eeg.edf	test_exploratory	3820.935791787469	False	2.3419820264821183e-12	1.8600708724409615e-12	6.6111883860612414e-12	5.180591594124999e-12
sub-7	03	03	sub-7/ses-03/run-03/tsv-row-25	25	right_hand	2	173.192	5.0	43298	44548	sub-7/ses-03/eeg/sub-7_ses-03_task-imagery_run-03_eeg.edf	test_exploratory	3747.3830540787985	False	3.6135463632587965e-12	2.327570270938124e-12	8.839768519515928e-12	5.95653564849818e-12
sub-7	03	03	sub-7/ses-03/run-03/tsv-row-26	26	rest	1	180.08	5.0	45020	46270	sub-7/ses-03/eeg/sub-7_ses-03_task-imagery_run-03_eeg.edf	test_exploratory	4886.52954443495	False	9.95419074221108e-12	2.9856451358204836e-12	2.478787305325619e-11	8.627679693616297e-12
sub-7	03	03	sub-7/ses-03/run-03/tsv-row-27	27	rest	1	186.968	5.0	46742	47992	sub-7/ses-03/eeg/sub-7_ses-03_task-imagery_run-03_eeg.edf	test_exploratory	2891.0278073671684	False	1.0131415011996023e-11	2.0934854044301705e-12	4.0044665972077475e-11	6.184283204098159e-12
sub-7	03	03	sub-7/ses-03/run-03/tsv-row-28	28	right_hand	2	193.856	5.0	48464	49714	sub-7/ses-03/eeg/sub-7_ses-03_task-imagery_run-03_eeg.edf	test_exploratory	3847.458982680746	False	7.107351696205472e-12	1.6802908685861633e-12	1.7136616884630807e-11	5.277764195860981e-12
sub-7	03	03	sub-7/ses-03/run-03/tsv-row-29	29	rest	1	200.74	5.0	50185	51435	sub-7/ses-03/eeg/sub-7_ses-03_task-imagery_run-03_eeg.edf	test_exploratory	6525.687300149541	False	1.3349900947637993e-11	2.5982071291885127e-12	3.3936159098238794e-11	7.070725006979933e-12
sub-7	03	03	sub-7/ses-03/run-03/tsv-row-30	30	right_hand	2	207.644	5.0	51911	53161	sub-7/ses-03/eeg/sub-7_ses-03_task-imagery_run-03_eeg.edf	test_exploratory	3956.989937665944	False	4.1319993645290545e-12	1.9761935633478714e-12	1.1037298657876122e-11	4.733281650371305e-12
sub-7	03	04	sub-7/ses-03/run-04/tsv-row-1	1	right_hand	2	4.764	5.0	1191	2441	sub-7/ses-03/eeg/sub-7_ses-03_task-imagery_run-04_eeg.edf	test_exploratory	3976.413049958801	False	2.6482531194592724e-12	1.8057393696133958e-12	4.745876054221348e-12	5.025066352876996e-12
sub-7	03	04	sub-7/ses-03/run-04/tsv-row-2	2	rest	1	11.632	5.0	2908	4158	sub-7/ses-03/eeg/sub-7_ses-03_task-imagery_run-04_eeg.edf	test_exploratory	2789.3280568865016	False	4.6637888184066374e-12	2.0648692585625717e-12	1.3178278257165427e-11	5.0912921686794045e-12
sub-7	03	04	sub-7/ses-03/run-04/tsv-row-3	3	rest	1	18.536	5.0	4634	5884	sub-7/ses-03/eeg/sub-7_ses-03_task-imagery_run-04_eeg.edf	test_exploratory	3982.6516309701833	False	2.911931364883491e-12	2.0524519389728263e-12	7.190902400007245e-12	4.782628740066494e-12
sub-7	03	04	sub-7/ses-03/run-04/tsv-row-4	4	right_hand	2	25.424	5.0	6356	7606	sub-7/ses-03/eeg/sub-7_ses-03_task-imagery_run-04_eeg.edf	test_exploratory	2979.7022555619983	False	2.0929355638960842e-12	1.5987337006659696e-12	6.4873961364027245e-12	4.294714126613918e-12
sub-7	03	04	sub-7/ses-03/run-04/tsv-row-5	5	right_hand	2	32.308	5.0	8077	9327	sub-7/ses-03/eeg/sub-7_ses-03_task-imagery_run-04_eeg.edf	test_exploratory	2070.624028809473	False	2.525240047172211e-12	1.6877819503016164e-12	5.4950707425492296e-12	3.821658399716295e-12
sub-7	03	04	sub-7/ses-03/run-04/tsv-row-6	6	rest	1	39.18	5.0	9795	11045	sub-7/ses-03/eeg/sub-7_ses-03_task-imagery_run-04_eeg.edf	test_exploratory	3952.336026367993	False	3.023221544790032e-12	2.1702493025853667e-12	9.75319964171244e-12	5.6755167529642754e-12
sub-7	03	04	sub-7/ses-03/run-04/tsv-row-7	7	rest	1	46.084	5.0	11521	12771	sub-7/ses-03/eeg/sub-7_ses-03_task-imagery_run-04_eeg.edf	test_exploratory	2759.7922749107333	False	5.1756313913488276e-12	2.283810000308435e-12	1.676436075761218e-11	5.318076571884336e-12
sub-7	03	04	sub-7/ses-03/run-04/tsv-row-8	8	right_hand	2	52.972	5.0	13243	14493	sub-7/ses-03/eeg/sub-7_ses-03_task-imagery_run-04_eeg.edf	test_exploratory	2123.457011749626	False	1.335519979689161e-12	1.6802516063318185e-12	3.493075823366082e-12	4.497994759487738e-12
sub-7	03	04	sub-7/ses-03/run-04/tsv-row-9	9	rest	1	59.856	5.0	14964	16214	sub-7/ses-03/eeg/sub-7_ses-03_task-imagery_run-04_eeg.edf	test_exploratory	2422.908900296029	False	3.309521985387058e-12	2.508855553575515e-12	1.0428958530217024e-11	5.408988395049593e-12
sub-7	03	04	sub-7/ses-03/run-04/tsv-row-10	10	right_hand	2	66.744	5.0	16686	17936	sub-7/ses-03/eeg/sub-7_ses-03_task-imagery_run-04_eeg.edf	test_exploratory	2863.8011177098915	False	4.0976965546484875e-12	1.5759507523547477e-12	1.2912080267454234e-11	3.7235296300015554e-12
sub-7	03	04	sub-7/ses-03/run-04/tsv-row-11	11	rest	1	73.632	5.0	18408	19658	sub-7/ses-03/eeg/sub-7_ses-03_task-imagery_run-04_eeg.edf	test_exploratory	2043.8176260261848	False	7.287669629938011e-12	1.7724910678961865e-12	2.253775154711606e-11	6.278952329478225e-12
sub-7	03	04	sub-7/ses-03/run-04/tsv-row-12	12	right_hand	2	80.516	5.0	20129	21379	sub-7/ses-03/eeg/sub-7_ses-03_task-imagery_run-04_eeg.edf	test_exploratory	2133.10731675161	False	4.506133088599363e-12	2.774454437790291e-12	1.3263960058701432e-11	7.027519299555837e-12
sub-7	03	04	sub-7/ses-03/run-04/tsv-row-13	13	right_hand	2	87.404	5.0	21851	23101	sub-7/ses-03/eeg/sub-7_ses-03_task-imagery_run-04_eeg.edf	test_exploratory	2622.25105917539	False	1.9025987795082443e-12	1.601869469479279e-12	3.399425323027873e-12	3.877989975825911e-12
sub-7	03	04	sub-7/ses-03/run-04/tsv-row-14	14	rest	1	94.292	5.0	23573	24823	sub-7/ses-03/eeg/sub-7_ses-03_task-imagery_run-04_eeg.edf	test_exploratory	2764.9585998107855	False	9.390278260937454e-12	2.6534416324491675e-12	2.93101782224206e-11	6.666361912973753e-12
sub-7	03	04	sub-7/ses-03/run-04/tsv-row-15	15	rest	1	101.196	5.0	25299	26549	sub-7/ses-03/eeg/sub-7_ses-03_task-imagery_run-04_eeg.edf	test_exploratory	2017.2061788995024	False	5.10454433980472e-12	2.065386668079388e-12	1.866170057234988e-11	5.3374368008463064e-12
sub-7	03	04	sub-7/ses-03/run-04/tsv-row-16	16	right_hand	2	108.064	5.0	27016	28266	sub-7/ses-03/eeg/sub-7_ses-03_task-imagery_run-04_eeg.edf	test_exploratory	3648.0102464064457	False	3.757707648823013e-12	1.9818181332977757e-12	1.3275774927339656e-11	5.988708973161435e-12
sub-7	03	04	sub-7/ses-03/run-04/tsv-row-17	17	rest	1	114.952	5.0	28738	29988	sub-7/ses-03/eeg/sub-7_ses-03_task-imagery_run-04_eeg.edf	test_exploratory	2195.7855603503526	False	6.716512865581632e-12	2.6088996448132647e-12	1.5620664183928406e-11	7.03203306147856e-12
sub-7	03	04	sub-7/ses-03/run-04/tsv-row-18	18	right_hand	2	121.84	5.0	30460	31710	sub-7/ses-03/eeg/sub-7_ses-03_task-imagery_run-04_eeg.edf	test_exploratory	2731.1337933896907	False	4.290180629023427e-12	2.4925665118482594e-12	1.318094623110948e-11	8.095648442340489e-12
sub-7	03	04	sub-7/ses-03/run-04/tsv-row-19	19	rest	1	128.724	5.0	32181	33431	sub-7/ses-03/eeg/sub-7_ses-03_task-imagery_run-04_eeg.edf	test_exploratory	2445.6212342905974	False	7.697226858760462e-12	1.9172711821936693e-12	2.749011207756842e-11	5.036594415909703e-12
sub-7	03	04	sub-7/ses-03/run-04/tsv-row-20	20	right_hand	2	135.628	5.0	33907	35157	sub-7/ses-03/eeg/sub-7_ses-03_task-imagery_run-04_eeg.edf	test_exploratory	2086.0255256813257	False	3.1278990248012225e-12	1.8096124310850813e-12	8.02351146698705e-12	4.620284980779557e-12
sub-7	03	04	sub-7/ses-03/run-04/tsv-row-21	21	rest	1	142.516	5.0	35629	36879	sub-7/ses-03/eeg/sub-7_ses-03_task-imagery_run-04_eeg.edf	test_exploratory	2196.37042732017	False	3.655468547966189e-12	1.951828589821343e-12	9.711009518436367e-12	5.17198350958371e-12
sub-7	03	04	sub-7/ses-03/run-04/tsv-row-22	22	right_hand	2	149.384	5.0	37346	38596	sub-7/ses-03/eeg/sub-7_ses-03_task-imagery_run-04_eeg.edf	test_exploratory	4326.650887050996	False	6.113412154620847e-12	1.7539782307129146e-12	2.1599109791376947e-11	5.039127645999271e-12
sub-7	03	04	sub-7/ses-03/run-04/tsv-row-23	23	rest	1	156.288	5.0	39072	40322	sub-7/ses-03/eeg/sub-7_ses-03_task-imagery_run-04_eeg.edf	test_exploratory	3809.0436187627797	False	4.486725132015825e-12	1.6956874132098275e-12	1.6486420768567374e-11	4.381435719260013e-12
sub-7	03	04	sub-7/ses-03/run-04/tsv-row-24	24	right_hand	2	163.176	5.0	40794	42044	sub-7/ses-03/eeg/sub-7_ses-03_task-imagery_run-04_eeg.edf	test_exploratory	3174.462956511124	False	4.9321493016350826e-12	2.2804468472138996e-12	7.418244486660302e-12	7.861900165249116e-12
sub-7	03	04	sub-7/ses-03/run-04/tsv-row-25	25	rest	1	170.064	5.0	42516	43766	sub-7/ses-03/eeg/sub-7_ses-03_task-imagery_run-04_eeg.edf	test_exploratory	4262.412998199407	False	1.0735859190263773e-11	2.083435962618246e-12	4.859269116430311e-11	6.518077578193493e-12
sub-7	03	04	sub-7/ses-03/run-04/tsv-row-26	26	right_hand	2	176.948	5.0	44237	45487	sub-7/ses-03/eeg/sub-7_ses-03_task-imagery_run-04_eeg.edf	test_exploratory	2822.4705185094763	False	3.343752516351388e-12	1.808927428968998e-12	1.3715323309463105e-11	4.748366232298001e-12
sub-7	03	04	sub-7/ses-03/run-04/tsv-row-27	27	right_hand	2	183.836	5.0	45959	47209	sub-7/ses-03/eeg/sub-7_ses-03_task-imagery_run-04_eeg.edf	test_exploratory	3182.0662271187475	False	6.889372993305807e-12	3.1418154126007967e-12	1.553799394327794e-11	8.28240606948581e-12
sub-7	03	04	sub-7/ses-03/run-04/tsv-row-28	28	rest	1	190.724	5.0	47681	48931	sub-7/ses-03/eeg/sub-7_ses-03_task-imagery_run-04_eeg.edf	test_exploratory	3138.981027008881	False	4.519468452287442e-12	1.9621803369938348e-12	1.2350028978074392e-11	6.087382256126928e-12
sub-7	03	04	sub-7/ses-03/run-04/tsv-row-29	29	rest	1	197.628	5.0	49407	50657	sub-7/ses-03/eeg/sub-7_ses-03_task-imagery_run-04_eeg.edf	test_exploratory	3204.7785611133154	False	5.457363446582971e-12	2.3480327142417835e-12	2.4994096848245124e-11	7.06377159865264e-12
sub-7	03	04	sub-7/ses-03/run-04/tsv-row-30	30	right_hand	2	204.496	5.0	51124	52374	sub-7/ses-03/eeg/sub-7_ses-03_task-imagery_run-04_eeg.edf	test_exploratory	2962.5461577806936	False	2.600857446184345e-12	1.6045907298579146e-12	8.473940955579528e-12	3.952784176015706e-12
sub-7	03	05	sub-7/ses-03/run-05/tsv-row-1	1	right_hand	2	4.596	5.0	1149	2399	sub-7/ses-03/eeg/sub-7_ses-03_task-imagery_run-05_eeg.edf	test_exploratory	2047.5663960692164	False	2.258675419905722e-12	1.645001328871602e-12	6.087687571510823e-12	5.1687284330661365e-12
sub-7	03	05	sub-7/ses-03/run-05/tsv-row-2	2	rest	1	11.464	5.0	2866	4116	sub-7/ses-03/eeg/sub-7_ses-03_task-imagery_run-05_eeg.edf	test_exploratory	2722.0988677632986	False	4.146702996166763e-12	1.5992171611935138e-12	1.2228811687808847e-11	5.3661813959112326e-12
sub-7	03	05	sub-7/ses-03/run-05/tsv-row-3	3	right_hand	2	18.352	5.0	4588	5838	sub-7/ses-03/eeg/sub-7_ses-03_task-imagery_run-05_eeg.edf	test_exploratory	2872.0669515060886	False	1.901328597851539e-12	1.4736437447286249e-12	5.41960660679765e-12	3.8677746430504995e-12
sub-7	03	05	sub-7/ses-03/run-05/tsv-row-4	4	rest	1	25.256	5.0	6314	7564	sub-7/ses-03/eeg/sub-7_ses-03_task-imagery_run-05_eeg.edf	test_exploratory	1572.3975432599875	False	2.712429546990587e-12	1.957434155844869e-12	7.330198517256382e-12	4.104612711451263e-12
sub-7	03	05	sub-7/ses-03/run-05/tsv-row-5	5	rest	1	32.144	5.0	8036	9286	sub-7/ses-03/eeg/sub-7_ses-03_task-imagery_run-05_eeg.edf	test_exploratory	2386.128252510148	False	3.152291373451607e-12	2.1312505372529256e-12	9.866532971627163e-12	4.932902283522042e-12
sub-7	03	05	sub-7/ses-03/run-05/tsv-row-6	6	right_hand	2	39.012	5.0	9753	11003	sub-7/ses-03/eeg/sub-7_ses-03_task-imagery_run-05_eeg.edf	test_exploratory	2433.337427900022	False	3.2760781997734927e-12	1.854375424078578e-12	7.745028148846169e-12	6.545451823358437e-12
sub-7	03	05	sub-7/ses-03/run-05/tsv-row-7	7	right_hand	2	45.916	5.0	11479	12729	sub-7/ses-03/eeg/sub-7_ses-03_task-imagery_run-05_eeg.edf	test_exploratory	2466.1328241828674	False	3.092123364422148e-12	1.6893760785991002e-12	8.077260328312959e-12	4.564602365718606e-12
sub-7	03	05	sub-7/ses-03/run-05/tsv-row-8	8	rest	1	52.804	5.0	13201	14451	sub-7/ses-03/eeg/sub-7_ses-03_task-imagery_run-05_eeg.edf	test_exploratory	2583.7103930784024	False	3.4121364533747107e-12	2.0371432016325986e-12	1.2216363415279286e-11	5.73732140080748e-12
sub-7	03	05	sub-7/ses-03/run-05/tsv-row-9	9	right_hand	2	59.688	5.0	14922	16172	sub-7/ses-03/eeg/sub-7_ses-03_task-imagery_run-05_eeg.edf	test_exploratory	3505.7063982055124	False	3.533472238457599e-12	1.5476990306953619e-12	1.0535386928398318e-11	4.007281448983291e-12
sub-7	03	05	sub-7/ses-03/run-05/tsv-row-10	10	rest	1	66.576	5.0	16644	17894	sub-7/ses-03/eeg/sub-7_ses-03_task-imagery_run-05_eeg.edf	test_exploratory	3338.652317880795	False	3.154568775815065e-12	1.513358666151396e-12	9.472703305101176e-12	3.9025620457780555e-12
sub-7	03	05	sub-7/ses-03/run-05/tsv-row-11	11	right_hand	2	73.464	5.0	18366	19616	sub-7/ses-03/eeg/sub-7_ses-03_task-imagery_run-05_eeg.edf	test_exploratory	2723.394488357189	False	3.800066478956143e-12	1.585061775849851e-12	1.532193463915257e-11	4.401822281038924e-12
sub-7	03	05	sub-7/ses-03/run-05/tsv-row-12	12	rest	1	80.348	5.0	20087	21337	sub-7/ses-03/eeg/sub-7_ses-03_task-imagery_run-05_eeg.edf	test_exploratory	3015.0710745567185	False	4.477319275983269e-12	2.2378304667448145e-12	1.3184837600752569e-11	5.608673771905295e-12
sub-7	03	05	sub-7/ses-03/run-05/tsv-row-13	13	right_hand	2	87.236	5.0	21809	23059	sub-7/ses-03/eeg/sub-7_ses-03_task-imagery_run-05_eeg.edf	test_exploratory	2347.5025635547963	False	2.9944525258618288e-12	1.9342219777819814e-12	9.121501072007638e-12	5.655503749136512e-12
sub-7	03	05	sub-7/ses-03/run-05/tsv-row-14	14	rest	1	94.124	5.0	23531	24781	sub-7/ses-03/eeg/sub-7_ses-03_task-imagery_run-05_eeg.edf	test_exploratory	1713.944093142491	False	5.727178109616468e-12	2.3419741505885874e-12	1.8950003511604166e-11	6.483237245659173e-12
sub-7	03	05	sub-7/ses-03/run-05/tsv-row-15	15	rest	1	101.028	5.0	25257	26507	sub-7/ses-03/eeg/sub-7_ses-03_task-imagery_run-05_eeg.edf	test_exploratory	2304.8280602435375	False	7.377839082183809e-12	2.6426569778537015e-12	3.340658118866141e-11	6.809450241685661e-12
sub-7	03	05	sub-7/ses-03/run-05/tsv-row-16	16	right_hand	2	107.896	5.0	26974	28224	sub-7/ses-03/eeg/sub-7_ses-03_task-imagery_run-05_eeg.edf	test_exploratory	1727.062251655629	False	3.436751738254932e-12	1.4553307202881282e-12	1.4103089675416745e-11	4.54005726949442e-12
sub-7	03	05	sub-7/ses-03/run-05/tsv-row-17	17	right_hand	2	114.8	5.0	28700	29950	sub-7/ses-03/eeg/sub-7_ses-03_task-imagery_run-05_eeg.edf	test_exploratory	2086.7589190343947	False	2.3124179946388926e-12	1.6523663224418485e-12	5.782111244802349e-12	3.870096229506528e-12
sub-7	03	05	sub-7/ses-03/run-05/tsv-row-18	18	rest	1	121.672	5.0	30418	31668	sub-7/ses-03/eeg/sub-7_ses-03_task-imagery_run-05_eeg.edf	test_exploratory	3473.396859645375	False	2.812041091816898e-12	2.0443239049667565e-12	8.849257254035018e-12	5.471075031694283e-12
sub-7	03	05	sub-7/ses-03/run-05/tsv-row-19	19	right_hand	2	128.556	5.0	32139	33389	sub-7/ses-03/eeg/sub-7_ses-03_task-imagery_run-05_eeg.edf	test_exploratory	1672.9700918607136	False	2.2812543180030002e-12	1.4929497500801544e-12	6.542833387266535e-12	4.606720134188003e-12
sub-7	03	05	sub-7/ses-03/run-05/tsv-row-20	20	rest	1	135.46	5.0	33865	35115	sub-7/ses-03/eeg/sub-7_ses-03_task-imagery_run-05_eeg.edf	test_exploratory	3176.0519333475754	False	6.9558861892392175e-12	2.035710137314154e-12	2.9033468268354106e-11	7.697764995022556e-12
sub-7	03	05	sub-7/ses-03/run-05/tsv-row-21	21	rest	1	142.348	5.0	35587	36837	sub-7/ses-03/eeg/sub-7_ses-03_task-imagery_run-05_eeg.edf	test_exploratory	2549.7003524887846	False	4.445817425980754e-12	1.94469354865214e-12	1.7819255312698947e-11	7.91379333210903e-12
sub-7	03	05	sub-7/ses-03/run-05/tsv-row-22	22	right_hand	2	149.216	5.0	37304	38554	sub-7/ses-03/eeg/sub-7_ses-03_task-imagery_run-05_eeg.edf	test_exploratory	3020.25355693228	False	4.204325036162825e-12	1.6213337485319324e-12	1.1861499106913197e-11	3.8870151752138025e-12
sub-7	03	05	sub-7/ses-03/run-05/tsv-row-23	23	rest	1	156.12	5.0	39030	40280	sub-7/ses-03/eeg/sub-7_ses-03_task-imagery_run-05_eeg.edf	test_exploratory	3333.7127643665885	False	5.815829722271463e-12	1.981844640395197e-12	1.429085013418007e-11	5.607821988409483e-12
sub-7	03	05	sub-7/ses-03/run-05/tsv-row-24	24	right_hand	2	163.008	5.0	40752	42002	sub-7/ses-03/eeg/sub-7_ses-03_task-imagery_run-05_eeg.edf	test_exploratory	2382.8082247383036	False	3.3255812338918737e-12	1.8265819110209077e-12	9.62453228880945e-12	4.753463241321421e-12
sub-7	03	05	sub-7/ses-03/run-05/tsv-row-25	25	right_hand	2	169.896	5.0	42474	43724	sub-7/ses-03/eeg/sub-7_ses-03_task-imagery_run-05_eeg.edf	test_exploratory	2453.905404828028	False	2.1800611067269685e-12	1.6130861391579936e-12	3.995167066312617e-12	3.599526907784758e-12
sub-7	03	05	sub-7/ses-03/run-05/tsv-row-26	26	rest	1	176.78	5.0	44195	45445	sub-7/ses-03/eeg/sub-7_ses-03_task-imagery_run-05_eeg.edf	test_exploratory	1770.2226126895962	False	6.359332968621635e-12	2.3112665046391153e-12	2.2174545268981877e-11	7.62627786710387e-12
sub-7	03	05	sub-7/ses-03/run-05/tsv-row-27	27	right_hand	2	183.668	5.0	45917	47167	sub-7/ses-03/eeg/sub-7_ses-03_task-imagery_run-05_eeg.edf	test_exploratory	2228.1435163426618	False	3.2770940002748675e-12	1.4339230465739665e-12	1.1073257924735625e-11	3.984185995752055e-12
sub-7	03	05	sub-7/ses-03/run-05/tsv-row-28	28	rest	1	190.556	5.0	47639	48889	sub-7/ses-03/eeg/sub-7_ses-03_task-imagery_run-05_eeg.edf	test_exploratory	3831.635953856014	False	6.2055076762739795e-12	2.0951049685205156e-12	2.350575395085166e-11	5.4738578954348935e-12
sub-7	03	05	sub-7/ses-03/run-05/tsv-row-29	29	right_hand	2	197.46	5.0	49365	50615	sub-7/ses-03/eeg/sub-7_ses-03_task-imagery_run-05_eeg.edf	test_exploratory	2475.607049775689	False	5.390251824670905e-12	2.4507432545444943e-12	1.5455272892322887e-11	7.704762485559626e-12
sub-7	03	05	sub-7/ses-03/run-05/tsv-row-30	30	rest	1	204.328	5.0	51082	52332	sub-7/ses-03/eeg/sub-7_ses-03_task-imagery_run-05_eeg.edf	test_exploratory	4251.74093142491	False	7.46579025593742e-12	2.582149550161496e-12	2.859151438757308e-11	5.9917146642408694e-12
sub-7	03	06	sub-7/ses-03/run-06/tsv-row-1	1	right_hand	2	5.12	5.0	1280	2530	sub-7/ses-03/eeg/sub-7_ses-03_task-imagery_run-06_eeg.edf	test_exploratory	2371.50404852443	False	1.5475712241435358e-12	2.0820874094789003e-12	3.3592261212391428e-12	5.382564010642765e-12
sub-7	03	06	sub-7/ses-03/run-06/tsv-row-2	2	rest	1	12.016	5.0	3004	4254	sub-7/ses-03/eeg/sub-7_ses-03_task-imagery_run-06_eeg.edf	test_exploratory	3406.6319276711324	False	3.0753510395373596e-12	1.9802520048431277e-12	7.988848196261207e-12	5.8812728350761694e-12
sub-7	03	06	sub-7/ses-03/run-06/tsv-row-3	3	rest	1	18.9	5.0	4725	5975	sub-7/ses-03/eeg/sub-7_ses-03_task-imagery_run-06_eeg.edf	test_exploratory	3130.0122923673207	False	3.149102067446967e-12	2.4375380227143305e-12	9.410720111449327e-12	5.2509021711097375e-12
sub-7	03	06	sub-7/ses-03/run-06/tsv-row-4	4	right_hand	2	25.784	5.0	6446	7696	sub-7/ses-03/eeg/sub-7_ses-03_task-imagery_run-06_eeg.edf	test_exploratory	2737.945837092196	False	1.9583898666015937e-12	1.4346718517859456e-12	5.105132185073189e-12	4.524095862173904e-12
sub-7	03	06	sub-7/ses-03/run-06/tsv-row-5	5	rest	1	32.672	5.0	8168	9418	sub-7/ses-03/eeg/sub-7_ses-03_task-imagery_run-06_eeg.edf	test_exploratory	2989.4840848414565	False	3.762987646350844e-12	2.0397193320028187e-12	9.28645386066025e-12	6.84185856086349e-12
sub-7	03	06	sub-7/ses-03/run-06/tsv-row-6	6	right_hand	2	39.572	5.0	9893	11143	sub-7/ses-03/eeg/sub-7_ses-03_task-imagery_run-06_eeg.edf	test_exploratory	2210.5123262428665	False	2.0629323285003752e-12	1.5791618630088364e-12	5.135376685346845e-12	3.9140280799020635e-12
sub-7	03	06	sub-7/ses-03/run-06/tsv-row-7	7	rest	1	46.448	5.0	11612	12862	sub-7/ses-03/eeg/sub-7_ses-03_task-imagery_run-06_eeg.edf	test_exploratory	4521.621842280343	False	8.381513905006114e-12	2.5252674887106127e-12	1.672401650824235e-11	5.902867565530741e-12
sub-7	03	06	sub-7/ses-03/run-06/tsv-row-8	8	right_hand	2	53.328	5.0	13332	14582	sub-7/ses-03/eeg/sub-7_ses-03_task-imagery_run-06_eeg.edf	test_exploratory	2564.549240821558	False	2.2423270107145493e-12	1.5819285359682688e-12	7.2058093862392645e-12	4.98996775341463e-12
sub-7	03	06	sub-7/ses-03/run-06/tsv-row-9	9	rest	1	60.24	5.0	15060	16310	sub-7/ses-03/eeg/sub-7_ses-03_task-imagery_run-06_eeg.edf	test_exploratory	3487.8521610156563	False	5.1154903248367015e-12	2.0158457358311765e-12	1.8979310888236682e-11	5.473724344577099e-12
sub-7	03	06	sub-7/ses-03/run-06/tsv-row-10	10	right_hand	2	67.12	5.0	16780	18030	sub-7/ses-03/eeg/sub-7_ses-03_task-imagery_run-06_eeg.edf	test_exploratory	2688.416887661366	False	3.5341108129229513e-12	1.8018885552846898e-12	9.231257878373863e-12	4.171031166280137e-12
sub-7	03	06	sub-7/ses-03/run-06/tsv-row-11	11	right_hand	2	74.008	5.0	18502	19752	sub-7/ses-03/eeg/sub-7_ses-03_task-imagery_run-06_eeg.edf	test_exploratory	1702.1841322672203	False	2.2479202904036456e-12	1.6917293010177624e-12	7.162149290128738e-12	5.946663089319392e-12
sub-7	03	06	sub-7/ses-03/run-06/tsv-row-12	12	rest	1	80.9	5.0	20225	21475	sub-7/ses-03/eeg/sub-7_ses-03_task-imagery_run-06_eeg.edf	test_exploratory	2981.425444074832	False	3.793304745593451e-12	1.7307724039189082e-12	8.222654347149509e-12	4.531981633467426e-12
sub-7	03	06	sub-7/ses-03/run-06/tsv-row-13	13	rest	1	87.784	5.0	21946	23196	sub-7/ses-03/eeg/sub-7_ses-03_task-imagery_run-06_eeg.edf	test_exploratory	3378.019225623341	False	5.593371400317956e-12	2.010323742616507e-12	1.3808870536011584e-11	5.943934473217495e-12
sub-7	03	06	sub-7/ses-03/run-06/tsv-row-14	14	right_hand	2	94.668	5.0	23667	24917	sub-7/ses-03/eeg/sub-7_ses-03_task-imagery_run-06_eeg.edf	test_exploratory	2673.838897061067	False	2.921275607274555e-12	1.627143984545036e-12	9.15463489358084e-12	4.4576258680605075e-12
sub-7	03	06	sub-7/ses-03/run-06/tsv-row-15	15	right_hand	2	101.536	5.0	25384	26634	sub-7/ses-03/eeg/sub-7_ses-03_task-imagery_run-06_eeg.edf	test_exploratory	2644.6829158604696	False	2.238945361855381e-12	1.7817060051781442e-12	7.729972255221502e-12	4.800640480035046e-12
sub-7	03	06	sub-7/ses-03/run-06/tsv-row-16	16	right_hand	2	115.328	5.0	28832	30082	sub-7/ses-03/eeg/sub-7_ses-03_task-imagery_run-06_eeg.edf	test_exploratory	1826.5950582598348	False	4.088743953135154e-12	1.5067509208138434e-12	1.2601369696864576e-11	5.229863357754171e-12
sub-7	03	06	sub-7/ses-03/run-06/tsv-row-17	17	rest	1	122.22	5.0	30555	31805	sub-7/ses-03/eeg/sub-7_ses-03_task-imagery_run-06_eeg.edf	test_exploratory	4764.105437482834	False	6.240095231029715e-12	1.887779412135332e-12	1.862930581139208e-11	5.040819321935499e-12
sub-7	03	06	sub-7/ses-03/run-06/tsv-row-18	18	right_hand	2	129.1	5.0	32275	33525	sub-7/ses-03/eeg/sub-7_ses-03_task-imagery_run-06_eeg.edf	test_exploratory	3822.3310260933254	False	3.248422102135202e-12	1.6490647747585065e-12	9.418337178447347e-12	4.0483682712094245e-12
sub-7	03	06	sub-7/ses-03/run-06/tsv-row-19	19	rest	1	135.992	5.0	33998	35248	sub-7/ses-03/eeg/sub-7_ses-03_task-imagery_run-06_eeg.edf	test_exploratory	4562.367778740807	False	2.5945602464751705e-12	1.8956038766856704e-12	1.0261880830671402e-11	5.371563466335554e-12
sub-7	03	06	sub-7/ses-03/run-06/tsv-row-20	20	rest	1	142.88	5.0	35720	36970	sub-7/ses-03/eeg/sub-7_ses-03_task-imagery_run-06_eeg.edf	test_exploratory	4310.014612262337	False	7.962444816480844e-12	2.1651027677592407e-12	2.1143274312643544e-11	6.506817321913505e-12
sub-7	03	06	sub-7/ses-03/run-06/tsv-row-21	21	right_hand	2	149.78	5.0	37445	38695	sub-7/ses-03/eeg/sub-7_ses-03_task-imagery_run-06_eeg.edf	test_exploratory	2161.707749015778	False	2.8421084903990877e-12	1.305709531699131e-12	7.847063826135247e-12	3.875969227524756e-12
sub-7	03	06	sub-7/ses-03/run-06/tsv-row-22	22	right_hand	2	156.648	5.0	39162	40412	sub-7/ses-03/eeg/sub-7_ses-03_task-imagery_run-06_eeg.edf	test_exploratory	3663.150234321116	False	6.062436818717556e-12	2.495793171723954e-12	1.8788194514329778e-11	8.381533665285636e-12
sub-7	03	06	sub-7/ses-03/run-06/tsv-row-23	23	rest	1	163.54	5.0	40885	42135	sub-7/ses-03/eeg/sub-7_ses-03_task-imagery_run-06_eeg.edf	test_exploratory	3623.400309640797	False	1.2128691201471089e-11	2.1295983171509506e-12	3.8059422658161575e-11	6.019417810296789e-12
sub-7	03	06	sub-7/ses-03/run-06/tsv-row-24	24	right_hand	2	170.44	5.0	42610	43860	sub-7/ses-03/eeg/sub-7_ses-03_task-imagery_run-06_eeg.edf	test_exploratory	2029.2381822565385	False	3.79903608692093e-12	1.6611460966018072e-12	1.0580217763450338e-11	4.908270714116021e-12
sub-7	03	06	sub-7/ses-03/run-06/tsv-row-25	25	rest	1	177.332	5.0	44333	45583	sub-7/ses-03/eeg/sub-7_ses-03_task-imagery_run-06_eeg.edf	test_exploratory	2373.8582581865903	False	5.7442049856705234e-12	2.194598396440562e-12	1.8726785675037226e-11	6.244848813358563e-12
sub-7	03	06	sub-7/ses-03/run-06/tsv-row-26	26	right_hand	2	184.196	5.0	46049	47299	sub-7/ses-03/eeg/sub-7_ses-03_task-imagery_run-06_eeg.edf	test_exploratory	2252.2542744834745	False	2.447895800340821e-12	1.633922598225207e-12	5.949862642334878e-12	3.451923077550582e-12
sub-7	03	06	sub-7/ses-03/run-06/tsv-row-27	27	rest	1	191.104	5.0	47776	49026	sub-7/ses-03/eeg/sub-7_ses-03_task-imagery_run-06_eeg.edf	test_exploratory	4934.785637989441	False	7.017642658339285e-12	2.087514859572381e-12	1.997312305152035e-11	5.607420092886012e-12
sub-7	03	06	sub-7/ses-03/run-06/tsv-row-28	28	right_hand	2	197.988	5.0	49497	50747	sub-7/ses-03/eeg/sub-7_ses-03_task-imagery_run-06_eeg.edf	test_exploratory	4259.761290627765	False	3.9309658043779606e-12	1.7593805337637656e-12	1.4014167251965979e-11	4.895907795958306e-12
sub-7	03	06	sub-7/ses-03/run-06/tsv-row-29	29	rest	1	204.876	5.0	51219	52469	sub-7/ses-03/eeg/sub-7_ses-03_task-imagery_run-06_eeg.edf	test_exploratory	4727.2530016174815	False	4.366347707364202e-12	2.0474737141682053e-12	1.4159878539654747e-11	6.069179246293201e-12
sub-7	04	01	sub-7/ses-04/run-01/tsv-row-1	1	rest	1	6.352	5.0	1588	2838	sub-7/ses-04/eeg/sub-7_ses-04_task-imagery_run-01_eeg.edf	test_exploratory	272.8999915692618	False	4.304003720869111e-12	2.8175904187157624e-12	1.3595644568444664e-11	6.688227413743895e-12
sub-7	04	01	sub-7/ses-04/run-01/tsv-row-2	2	right_hand	2	13.24	5.0	3310	4560	sub-7/ses-04/eeg/sub-7_ses-04_task-imagery_run-01_eeg.edf	test_exploratory	125.26830767387924	False	6.0617749639121495e-12	2.4946647874389136e-12	1.487278991236006e-11	6.487495635486295e-12
sub-7	04	01	sub-7/ses-04/run-01/tsv-row-3	3	rest	1	20.112	5.0	5028	6278	sub-7/ses-04/eeg/sub-7_ses-04_task-imagery_run-01_eeg.edf	test_exploratory	91.38164390850551	False	5.5382754187091936e-12	2.063447662400616e-12	1.094248287943058e-11	4.422206560695924e-12
sub-7	04	01	sub-7/ses-04/run-01/tsv-row-4	4	right_hand	2	27.016	5.0	6754	8004	sub-7/ses-04/eeg/sub-7_ses-04_task-imagery_run-01_eeg.edf	test_exploratory	96.49804430677206	False	2.007212807084337e-11	2.416686259708145e-12	9.553699294154329e-11	6.828278557262282e-12
sub-7	04	01	sub-7/ses-04/run-01/tsv-row-5	5	right_hand	2	33.9	5.0	8475	9725	sub-7/ses-04/eeg/sub-7_ses-04_task-imagery_run-01_eeg.edf	test_exploratory	151.47277974333932	False	1.7130797876660587e-11	2.6616085504564587e-12	8.432010620748573e-11	7.542137760582788e-12
sub-7	04	01	sub-7/ses-04/run-01/tsv-row-6	6	rest	1	40.788	5.0	10197	11447	sub-7/ses-04/eeg/sub-7_ses-04_task-imagery_run-01_eeg.edf	test_exploratory	269.87873436078985	False	1.1304693362317182e-11	3.4936169282681462e-12	4.1910622567505345e-11	8.295312464519703e-12
sub-7	04	01	sub-7/ses-04/run-01/tsv-row-7	7	right_hand	2	47.676	5.0	11919	13169	sub-7/ses-04/eeg/sub-7_ses-04_task-imagery_run-01_eeg.edf	test_exploratory	152.8088130817591	False	1.2577497326317719e-11	2.7612408107507886e-12	9.139879220397809e-11	1.0495989780023678e-11
sub-7	04	01	sub-7/ses-04/run-01/tsv-row-8	8	rest	1	54.564	5.0	13641	14891	sub-7/ses-04/eeg/sub-7_ses-04_task-imagery_run-01_eeg.edf	test_exploratory	245.6783122989593	False	1.3814186172315056e-11	3.459166603419517e-12	5.941593726455154e-11	8.827306612200731e-12
sub-7	04	01	sub-7/ses-04/run-01/tsv-row-9	9	right_hand	2	61.448	5.0	15362	16612	sub-7/ses-04/eeg/sub-7_ses-04_task-imagery_run-01_eeg.edf	test_exploratory	106.70048070925017	False	1.049543695478391e-11	3.1733624888125655e-12	5.129920297822985e-11	8.667767627483324e-12
sub-7	04	01	sub-7/ses-04/run-01/tsv-row-10	10	rest	1	68.352	5.0	17088	18338	sub-7/ses-04/eeg/sub-7_ses-04_task-imagery_run-01_eeg.edf	test_exploratory	118.75514514908289	False	1.3797192241639916e-11	2.605999004125639e-12	6.622639290420934e-11	6.542511933818994e-12
sub-7	04	01	sub-7/ses-04/run-01/tsv-row-11	11	right_hand	2	75.22	5.0	18805	20055	sub-7/ses-04/eeg/sub-7_ses-04_task-imagery_run-01_eeg.edf	test_exploratory	137.14078574938202	False	2.6604196585569343e-11	2.5217504169092896e-12	1.418958580415818e-10	6.702358331384643e-12
sub-7	04	01	sub-7/ses-04/run-01/tsv-row-12	12	rest	1	82.112	5.0	20528	21778	sub-7/ses-04/eeg/sub-7_ses-04_task-imagery_run-01_eeg.edf	test_exploratory	146.00718881344034	False	7.574173487211964e-12	2.6748436038459003e-12	3.5932820484553955e-11	7.489120838346038e-12
sub-7	04	01	sub-7/ses-04/run-01/tsv-row-13	13	rest	1	89.016	5.0	22254	23504	sub-7/ses-04/eeg/sub-7_ses-04_task-imagery_run-01_eeg.edf	test_exploratory	101.82699546342359	False	1.9602992698773547e-11	2.9396386931572924e-12	8.148951692595978e-11	7.950803599066539e-12
sub-7	04	01	sub-7/ses-04/run-01/tsv-row-14	14	right_hand	2	95.9	5.0	23975	25225	sub-7/ses-04/eeg/sub-7_ses-04_task-imagery_run-01_eeg.edf	test_exploratory	136.15394294259468	False	1.994769065020349e-11	3.6099423065470437e-12	7.637478448331408e-11	1.2964135060981242e-11
sub-7	04	01	sub-7/ses-04/run-01/tsv-row-15	15	rest	1	102.772	5.0	25693	26943	sub-7/ses-04/eeg/sub-7_ses-04_task-imagery_run-01_eeg.edf	test_exploratory	127.4393618488113	False	3.044806991630397e-11	4.5499484150360836e-12	1.442903408895621e-10	1.256576170317945e-11
sub-7	04	01	sub-7/ses-04/run-01/tsv-row-16	16	right_hand	2	109.672	5.0	27418	28668	sub-7/ses-04/eeg/sub-7_ses-04_task-imagery_run-01_eeg.edf	test_exploratory	127.65191260719625	False	1.8071158728182604e-11	2.509472427746788e-12	1.040022631208111e-10	8.459684932524415e-12
sub-7	04	01	sub-7/ses-04/run-01/tsv-row-17	17	rest	1	116.56	5.0	29140	30390	sub-7/ses-04/eeg/sub-7_ses-04_task-imagery_run-01_eeg.edf	test_exploratory	123.67417698599199	False	1.1470490312234066e-11	4.074000540091819e-12	6.620981140445407e-11	9.852022616181523e-12
sub-7	04	01	sub-7/ses-04/run-01/tsv-row-18	18	right_hand	2	123.448	5.0	30862	32112	sub-7/ses-04/eeg/sub-7_ses-04_task-imagery_run-01_eeg.edf	test_exploratory	120.31891144291511	False	1.1823436511430446e-11	3.064098734516675e-12	6.2143019585999e-11	9.681893488589646e-12
sub-7	04	01	sub-7/ses-04/run-01/tsv-row-19	19	rest	1	130.336	5.0	32584	33834	sub-7/ses-04/eeg/sub-7_ses-04_task-imagery_run-01_eeg.edf	test_exploratory	128.6843020050661	False	3.0363676729976804e-11	3.8886728898392085e-12	1.01758874865904e-10	9.51432890837462e-12
sub-7	04	01	sub-7/ses-04/run-01/tsv-row-20	20	right_hand	2	137.22	5.0	34305	35555	sub-7/ses-04/eeg/sub-7_ses-04_task-imagery_run-01_eeg.edf	test_exploratory	131.00717815027315	False	2.3960294354649137e-11	3.303948792505282e-12	1.1254205853354612e-10	1.1362706387305891e-11
sub-7	04	01	sub-7/ses-04/run-01/tsv-row-21	21	right_hand	2	144.108	5.0	36027	37277	sub-7/ses-04/eeg/sub-7_ses-04_task-imagery_run-01_eeg.edf	test_exploratory	128.927217157506	False	1.4085446246665549e-11	2.517736611916056e-12	5.325108636902283e-11	6.372078476623036e-12
sub-7	04	01	sub-7/ses-04/run-01/tsv-row-22	22	rest	1	151.012	5.0	37753	39003	sub-7/ses-04/eeg/sub-7_ses-04_task-imagery_run-01_eeg.edf	test_exploratory	118.40595461745048	False	1.9855012103638618e-11	3.236517908543948e-12	6.127253369590164e-11	8.268966408670377e-12
sub-7	04	01	sub-7/ses-04/run-01/tsv-row-23	23	rest	1	157.884	5.0	39471	40721	sub-7/ses-04/eeg/sub-7_ses-04_task-imagery_run-01_eeg.edf	test_exploratory	129.079039127781	False	1.9923333871646933e-11	3.602484906661264e-12	7.158558108101325e-11	8.694430679899259e-12
sub-7	04	01	sub-7/ses-04/run-01/tsv-row-24	24	right_hand	2	164.768	5.0	41192	42442	sub-7/ses-04/eeg/sub-7_ses-04_task-imagery_run-01_eeg.edf	test_exploratory	115.5061549851985	False	1.3320904341735743e-11	3.549567167089008e-12	6.581888821312305e-11	8.8071753559673e-12
sub-7	04	01	sub-7/ses-04/run-01/tsv-row-25	25	rest	1	171.672	5.0	42918	44168	sub-7/ses-04/eeg/sub-7_ses-04_task-imagery_run-01_eeg.edf	test_exploratory	117.23692544633323	False	1.4444574409983782e-11	2.8920874011367887e-12	4.744824368169001e-11	6.784240214465651e-12
sub-7	04	01	sub-7/ses-04/run-01/tsv-row-26	26	right_hand	2	178.556	5.0	44639	45889	sub-7/ses-04/eeg/sub-7_ses-04_task-imagery_run-01_eeg.edf	test_exploratory	132.08511413922542	False	1.8289067796278214e-11	3.186892401721667e-12	8.501873785116498e-11	8.321853458975485e-12
sub-7	04	01	sub-7/ses-04/run-01/tsv-row-27	27	rest	1	185.428	5.0	46357	47607	sub-7/ses-04/eeg/sub-7_ses-04_task-imagery_run-01_eeg.edf	test_exploratory	115.15696445356608	False	6.3936496135218125e-12	2.9558508271313462e-12	2.1208035936329815e-11	7.429211058100286e-12
sub-7	04	01	sub-7/ses-04/run-01/tsv-row-28	28	right_hand	2	192.316	5.0	48079	49329	sub-7/ses-04/eeg/sub-7_ses-04_task-imagery_run-01_eeg.edf	test_exploratory	112.39380459456162	False	1.9570996718509937e-11	3.0173299274325613e-12	1.1175830668521588e-10	9.697974150478456e-12
sub-7	04	01	sub-7/ses-04/run-01/tsv-row-29	29	rest	1	199.22	5.0	49805	51055	sub-7/ses-04/eeg/sub-7_ses-04_task-imagery_run-01_eeg.edf	test_exploratory	105.40999396191293	False	1.4528489027577394e-11	3.373168623374722e-12	5.787862639036037e-11	9.197822817042088e-12
sub-7	04	01	sub-7/ses-04/run-01/tsv-row-30	30	right_hand	2	206.104	5.0	51526	52776	sub-7/ses-04/eeg/sub-7_ses-04_task-imagery_run-01_eeg.edf	test_exploratory	127.6063660161138	False	2.4877343105194956e-11	2.974303530317672e-12	9.796274896814009e-11	9.94983982641446e-12
sub-7	04	01	sub-7/ses-04/run-01/tsv-row-31	31	right_hand	2	212.992	5.0	53248	54498	sub-7/ses-04/eeg/sub-7_ses-04_task-imagery_run-01_eeg.edf	test_exploratory	110.83003830072937	False	1.0999614537132128e-11	2.486856800906958e-12	3.6801715612555406e-11	5.624092063688206e-12
sub-7	04	01	sub-7/ses-04/run-01/tsv-row-32	32	rest	1	219.88	5.0	54970	56220	sub-7/ses-04/eeg/sub-7_ses-04_task-imagery_run-01_eeg.edf	test_exploratory	249.5801369350261	False	1.3092886760975539e-11	3.7699715199227606e-12	6.282676742402279e-11	9.541091249260979e-12
sub-7	04	02	sub-7/ses-04/run-02/tsv-row-1	1	right_hand	2	10.048	5.0	2512	3762	sub-7/ses-04/eeg/sub-7_ses-04_task-imagery_run-02_eeg.edf	test_exploratory	96.79317609027373	False	7.749812325960019e-12	2.9273979075805225e-12	1.9066006224553878e-11	7.721703068293162e-12
sub-7	04	02	sub-7/ses-04/run-02/tsv-row-2	2	rest	1	16.94	5.0	4235	5485	sub-7/ses-04/eeg/sub-7_ses-04_task-imagery_run-02_eeg.edf	test_exploratory	91.67161630603955	False	7.346902636867543e-12	2.1563169996277523e-12	2.7228126016543053e-11	5.6812520043726865e-12
sub-7	04	02	sub-7/ses-04/run-02/tsv-row-3	3	rest	1	23.824	5.0	5956	7206	sub-7/ses-04/eeg/sub-7_ses-04_task-imagery_run-02_eeg.edf	test_exploratory	268.415640232551	False	9.809541660734565e-12	3.246951923450677e-12	7.775758617698315e-11	8.896489744442517e-12
sub-7	04	02	sub-7/ses-04/run-02/tsv-row-4	4	right_hand	2	30.712	5.0	7678	8928	sub-7/ses-04/eeg/sub-7_ses-04_task-imagery_run-02_eeg.edf	test_exploratory	105.44387791070284	False	1.4874395315857162e-11	3.4984622205823503e-12	8.641153829227558e-11	9.636494372807344e-12
sub-7	04	02	sub-7/ses-04/run-02/tsv-row-5	5	rest	1	37.6	5.0	9400	10650	sub-7/ses-04/eeg/sub-7_ses-04_task-imagery_run-02_eeg.edf	test_exploratory	191.16186029389323	False	2.0642998009521406e-11	3.982941749045642e-12	8.204516791320444e-11	1.1924965377650166e-11
sub-7	04	02	sub-7/ses-04/run-02/tsv-row-6	6	right_hand	2	44.484	5.0	11121	12371	sub-7/ses-04/eeg/sub-7_ses-04_task-imagery_run-02_eeg.edf	test_exploratory	129.44491297799615	False	1.4569810270867553e-11	3.1384006398022585e-12	2.997843616456348e-11	7.619496642810717e-12
sub-7	04	02	sub-7/ses-04/run-02/tsv-row-7	7	rest	1	51.372	5.0	12843	14093	sub-7/ses-04/eeg/sub-7_ses-04_task-imagery_run-02_eeg.edf	test_exploratory	85.96186618243965	False	6.517116890957405e-12	3.0221101933757644e-12	3.146362115872709e-11	8.237336633958723e-12
sub-7	04	02	sub-7/ses-04/run-02/tsv-row-8	8	right_hand	2	58.256	5.0	14564	15814	sub-7/ses-04/eeg/sub-7_ses-04_task-imagery_run-02_eeg.edf	test_exploratory	133.63397588274785	False	2.0790730355252823e-11	3.23082473969472e-12	1.1622731602094835e-10	8.38252054135151e-12
sub-7	04	02	sub-7/ses-04/run-02/tsv-row-9	9	rest	1	65.148	5.0	16287	17537	sub-7/ses-04/eeg/sub-7_ses-04_task-imagery_run-02_eeg.edf	test_exploratory	129.18668307290878	False	1.3652808893929357e-11	4.1891861517806945e-12	5.633740795163057e-11	1.2603207499773e-11
sub-7	04	02	sub-7/ses-04/run-02/tsv-row-10	10	right_hand	2	72.048	5.0	18012	19262	sub-7/ses-04/eeg/sub-7_ses-04_task-imagery_run-02_eeg.edf	test_exploratory	132.28544193395794	False	1.3692575460992421e-11	2.978923480733152e-12	8.302433157537396e-11	7.402734983043436e-12
sub-7	04	02	sub-7/ses-04/run-02/tsv-row-11	11	right_hand	2	78.936	5.0	19734	20984	sub-7/ses-04/eeg/sub-7_ses-04_task-imagery_run-02_eeg.edf	test_exploratory	129.71748898892176	False	9.74057036016272e-12	3.0531822292245905e-12	4.8170926298105067e-11	8.377632719109948e-12
sub-7	04	02	sub-7/ses-04/run-02/tsv-row-12	12	rest	1	85.808	5.0	21452	22702	sub-7/ses-04/eeg/sub-7_ses-04_task-imagery_run-02_eeg.edf	test_exploratory	121.71236193121125	False	2.2540722320236764e-11	3.4019267097412524e-12	1.0171359101677318e-10	1.0168455634624246e-11
sub-7	04	02	sub-7/ses-04/run-02/tsv-row-13	13	right_hand	2	92.708	5.0	23177	24427	sub-7/ses-04/eeg/sub-7_ses-04_task-imagery_run-02_eeg.edf	test_exploratory	124.48116035798212	False	1.7236996128859027e-11	3.1732435854226356e-12	6.74096344605956e-11	8.044954781432641e-12
sub-7	04	02	sub-7/ses-04/run-02/tsv-row-14	14	rest	1	99.596	5.0	24899	26149	sub-7/ses-04/eeg/sub-7_ses-04_task-imagery_run-02_eeg.edf	test_exploratory	246.72432820520643	False	4.7080742990390445e-12	3.230174302069803e-12	2.4763850858321613e-11	8.52564341395362e-12
sub-7	04	02	sub-7/ses-04/run-02/tsv-row-15	15	right_hand	2	106.464	5.0	26616	27866	sub-7/ses-04/eeg/sub-7_ses-04_task-imagery_run-02_eeg.edf	test_exploratory	149.25688514053772	False	2.654602321746626e-11	3.618246128415247e-12	1.2784462424393014e-10	1.0914848674561075e-11
sub-7	04	02	sub-7/ses-04/run-02/tsv-row-16	16	rest	1	113.372	5.0	28343	29593	sub-7/ses-04/eeg/sub-7_ses-04_task-imagery_run-02_eeg.edf	test_exploratory	110.39328442487867	False	1.1064733932277099e-11	2.6951742136263645e-12	4.1830485350111505e-11	8.146468632680482e-12
sub-7	04	02	sub-7/ses-04/run-02/tsv-row-17	17	right_hand	2	120.256	5.0	30064	31314	sub-7/ses-04/eeg/sub-7_ses-04_task-imagery_run-02_eeg.edf	test_exploratory	98.75859259010589	False	2.1430112978057307e-11	3.741671370468991e-12	7.669298502068737e-11	1.0811573598261581e-11
sub-7	04	02	sub-7/ses-04/run-02/tsv-row-18	18	rest	1	127.144	5.0	31786	33036	sub-7/ses-04/eeg/sub-7_ses-04_task-imagery_run-02_eeg.edf	test_exploratory	130.00441110568556	False	2.3342877079957172e-11	4.1360776726904945e-12	8.519255821000336e-11	9.915939529605747e-12
sub-7	04	02	sub-7/ses-04/run-02/tsv-row-19	19	rest	1	134.032	5.0	33508	34758	sub-7/ses-04/eeg/sub-7_ses-04_task-imagery_run-02_eeg.edf	test_exploratory	133.92089799951165	False	3.2419597621778964e-11	3.2754247080344033e-12	1.3981679908001714e-10	1.2845756596412554e-11
sub-7	04	02	sub-7/ses-04/run-02/tsv-row-20	20	right_hand	2	140.916	5.0	35229	36479	sub-7/ses-04/eeg/sub-7_ses-04_task-imagery_run-02_eeg.edf	test_exploratory	102.71811780144657	False	1.7287643158364784e-11	3.1341820728932314e-12	9.197688487231579e-11	1.0484555623945352e-11
sub-7	04	02	sub-7/ses-04/run-02/tsv-row-21	21	rest	1	147.804	5.0	36951	38201	sub-7/ses-04/eeg/sub-7_ses-04_task-imagery_run-02_eeg.edf	test_exploratory	94.12480040437023	False	1.627724653054156e-11	2.913781122487056e-12	5.650509237999315e-11	6.85769422289393e-12
sub-7	04	02	sub-7/ses-04/run-02/tsv-row-22	22	right_hand	2	154.708	5.0	38677	39927	sub-7/ses-04/eeg/sub-7_ses-04_task-imagery_run-02_eeg.edf	test_exploratory	96.67840724356822	False	1.2360237209740478e-11	3.716885668455084e-12	3.15780139003306e-11	8.710110675506643e-12
sub-7	04	02	sub-7/ses-04/run-02/tsv-row-23	23	right_hand	2	161.576	5.0	40394	41644	sub-7/ses-04/eeg/sub-7_ses-04_task-imagery_run-02_eeg.edf	test_exploratory	112.77473799401837	False	1.3589632973397505e-11	3.2023372490793293e-12	5.081792798559457e-11	8.257126566813066e-12
sub-7	04	02	sub-7/ses-04/run-02/tsv-row-24	24	rest	1	168.464	5.0	42116	43366	sub-7/ses-04/eeg/sub-7_ses-04_task-imagery_run-02_eeg.edf	test_exploratory	123.50562516098512	False	1.202797418036698e-11	4.57994340508099e-12	5.150104209655519e-11	1.0645965923801887e-11
sub-7	04	02	sub-7/ses-04/run-02/tsv-row-25	25	rest	1	175.352	5.0	43838	45088	sub-7/ses-04/eeg/sub-7_ses-04_task-imagery_run-02_eeg.edf	test_exploratory	115.42876757408366	False	1.3568578557756671e-11	2.694614924457588e-12	4.250054526554465e-11	7.196522394777198e-12
sub-7	04	02	sub-7/ses-04/run-02/tsv-row-26	26	right_hand	2	182.252	5.0	45563	46813	sub-7/ses-04/eeg/sub-7_ses-04_task-imagery_run-02_eeg.edf	test_exploratory	117.46591460310674	False	9.757579236746748e-12	3.742548587970085e-12	5.361019361730804e-11	1.0305267454587504e-11
sub-7	04	02	sub-7/ses-04/run-02/tsv-row-27	27	right_hand	2	189.124	5.0	47281	48531	sub-7/ses-04/eeg/sub-7_ses-04_task-imagery_run-02_eeg.edf	test_exploratory	106.50548974272897	False	9.488313182162142e-12	2.5091466921761685e-12	2.6742025240806706e-11	7.663767250723201e-12
sub-7	04	02	sub-7/ses-04/run-02/tsv-row-28	28	rest	1	196.012	5.0	49003	50253	sub-7/ses-04/eeg/sub-7_ses-04_task-imagery_run-02_eeg.edf	test_exploratory	119.66086879634997	False	9.059480089331177e-12	2.8225818764783217e-12	4.2332648477434156e-11	8.400589934581442e-12
sub-7	04	02	sub-7/ses-04/run-02/tsv-row-29	29	right_hand	2	202.916	5.0	50729	51979	sub-7/ses-04/eeg/sub-7_ses-04_task-imagery_run-02_eeg.edf	test_exploratory	115.25661430402536	False	9.80949854084326e-12	3.1327541524901997e-12	4.298600354344788e-11	7.892567514348749e-12
sub-7	04	02	sub-7/ses-04/run-02/tsv-row-30	30	rest	1	209.804	5.0	52451	53701	sub-7/ses-04/eeg/sub-7_ses-04_task-imagery_run-02_eeg.edf	test_exploratory	117.10726195715199	False	6.225670359124113e-12	2.2818856056645736e-12	1.6542852345019987e-11	6.23706944236836e-12
sub-7	04	02	sub-7/ses-04/run-02/tsv-row-31	31	rest	1	216.688	5.0	54172	55422	sub-7/ses-04/eeg/sub-7_ses-04_task-imagery_run-02_eeg.edf	test_exploratory	129.0145298028504	False	1.0700242863895953e-11	2.4038413676262103e-12	2.6051947754522062e-11	6.2179021807277e-12
sub-7	04	02	sub-7/ses-04/run-02/tsv-row-32	32	right_hand	2	223.576	5.0	55894	57144	sub-7/ses-04/eeg/sub-7_ses-04_task-imagery_run-02_eeg.edf	test_exploratory	123.59170179601428	False	2.7873046116598656e-11	3.127975709750242e-12	1.352446425896604e-10	1.0033509376377188e-11
sub-7	04	03	sub-7/ses-04/run-03/tsv-row-1	1	rest	1	10.304	5.0	2576	3826	sub-7/ses-04/eeg/sub-7_ses-04_task-imagery_run-03_eeg.edf	test_exploratory	252.489325388348	False	6.522610846879222e-12	2.644956036126224e-12	2.2899050608401258e-11	6.1773368022416625e-12
sub-7	04	03	sub-7/ses-04/run-03/tsv-row-2	2	right_hand	2	17.176	5.0	4294	5544	sub-7/ses-04/eeg/sub-7_ses-04_task-imagery_run-03_eeg.edf	test_exploratory	146.08943774224065	False	1.7954725763608788e-11	4.37138899205114e-12	6.376326258501547e-11	1.3948826413756894e-11
sub-7	04	03	sub-7/ses-04/run-03/tsv-row-3	3	right_hand	2	24.08	5.0	6020	7270	sub-7/ses-04/eeg/sub-7_ses-04_task-imagery_run-03_eeg.edf	test_exploratory	113.22152906888024	False	1.2089839418743001e-11	2.6742961791471446e-12	2.7941076799452982e-11	7.1140055272742626e-12
sub-7	04	03	sub-7/ses-04/run-03/tsv-row-4	4	rest	1	30.968	5.0	7742	8992	sub-7/ses-04/eeg/sub-7_ses-04_task-imagery_run-03_eeg.edf	test_exploratory	106.48848039185765	False	1.508354221356178e-11	2.7876660422483234e-12	8.510248649695216e-11	6.533340630936879e-12
sub-7	04	03	sub-7/ses-04/run-03/tsv-row-5	5	rest	1	37.856	5.0	9464	10714	sub-7/ses-04/eeg/sub-7_ses-04_task-imagery_run-03_eeg.edf	test_exploratory	270.8280237586596	False	1.0619345234557502e-11	3.1720916199774504e-12	5.1869098780334796e-11	8.575623179752586e-12
sub-7	04	03	sub-7/ses-04/run-03/tsv-row-6	6	right_hand	2	44.74	5.0	11185	12435	sub-7/ses-04/eeg/sub-7_ses-04_task-imagery_run-03_eeg.edf	test_exploratory	229.45521149327064	False	2.042579101879678e-11	3.348220619549448e-12	1.1741906014415537e-10	8.693399932652153e-12
sub-7	04	03	sub-7/ses-04/run-03/tsv-row-7	7	right_hand	2	51.628	5.0	12907	14157	sub-7/ses-04/eeg/sub-7_ses-04_task-imagery_run-03_eeg.edf	test_exploratory	111.36108140812405	False	1.456755239537473e-11	3.1107542960914895e-12	7.58703731342569e-11	7.746992360140738e-12
sub-7	04	03	sub-7/ses-04/run-03/tsv-row-8	8	rest	1	58.516	5.0	14629	15879	sub-7/ses-04/eeg/sub-7_ses-04_task-imagery_run-03_eeg.edf	test_exploratory	251.5148051850947	False	1.1772788407426312e-11	3.510424610867255e-12	4.658898726011566e-11	8.355062648031162e-12
sub-7	04	03	sub-7/ses-04/run-03/tsv-row-9	9	right_hand	2	65.4	5.0	16350	17600	sub-7/ses-04/eeg/sub-7_ses-04_task-imagery_run-03_eeg.edf	test_exploratory	168.59199516281623	False	2.516604483468223e-11	3.150648100436966e-12	7.527248712580995e-11	1.0864943470901089e-11
sub-7	04	03	sub-7/ses-04/run-03/tsv-row-10	10	rest	1	72.288	5.0	18072	19322	sub-7/ses-04/eeg/sub-7_ses-04_task-imagery_run-03_eeg.edf	test_exploratory	273.66299162266904	False	1.3217869863177086e-11	3.4820822715021615e-12	6.615768100705394e-11	1.1933410152853912e-11
sub-7	04	03	sub-7/ses-04/run-03/tsv-row-11	11	right_hand	2	79.172	5.0	19793	21043	sub-7/ses-04/eeg/sub-7_ses-04_task-imagery_run-03_eeg.edf	test_exploratory	289.07812938322087	False	1.284322239722862e-11	3.2660661278573086e-12	7.485432820864931e-11	9.39993912678097e-12
sub-7	04	03	sub-7/ses-04/run-03/tsv-row-12	12	rest	1	86.064	5.0	21516	22766	sub-7/ses-04/eeg/sub-7_ses-04_task-imagery_run-03_eeg.edf	test_exploratory	102.94477056184574	False	1.280308683322925e-11	2.2185155041466414e-12	3.7606771688346163e-11	5.753814948854671e-12
sub-7	04	03	sub-7/ses-04/run-03/tsv-row-13	13	rest	1	92.964	5.0	23241	24491	sub-7/ses-04/eeg/sub-7_ses-04_task-imagery_run-03_eeg.edf	test_exploratory	197.29604478591264	False	1.84997215558739e-11	3.288814937396199e-12	1.00847008643929e-10	8.391619424194809e-12
sub-7	04	03	sub-7/ses-04/run-03/tsv-row-14	14	right_hand	2	99.836	5.0	24959	26209	sub-7/ses-04/eeg/sub-7_ses-04_task-imagery_run-03_eeg.edf	test_exploratory	139.09061082796717	False	1.1129822259825955e-11	2.6384527392082397e-12	3.2431744237520024e-11	6.997309303158045e-12
sub-7	04	03	sub-7/ses-04/run-03/tsv-row-15	15	rest	1	106.724	5.0	26681	27931	sub-7/ses-04/eeg/sub-7_ses-04_task-imagery_run-03_eeg.edf	test_exploratory	262.23452742088074	False	1.67875602732235e-11	3.0861409746214293e-12	7.313172100296612e-11	8.990911759617363e-12
sub-7	04	03	sub-7/ses-04/run-03/tsv-row-16	16	right_hand	2	113.624	5.0	28406	29656	sub-7/ses-04/eeg/sub-7_ses-04_task-imagery_run-03_eeg.edf	test_exploratory	177.18549150059505	False	1.361218395377037e-11	2.867188339298808e-12	3.837337336619195e-11	6.915218507559473e-12
sub-7	04	03	sub-7/ses-04/run-03/tsv-row-17	17	right_hand	2	120.512	5.0	30128	31378	sub-7/ses-04/eeg/sub-7_ses-04_task-imagery_run-03_eeg.edf	test_exploratory	223.16512654499948	False	1.6066580551610648e-11	2.034455120908289e-12	8.93695279007144e-11	5.93831055124234e-12
sub-7	04	03	sub-7/ses-04/run-03/tsv-row-18	18	rest	1	127.4	5.0	31850	33100	sub-7/ses-04/eeg/sub-7_ses-04_task-imagery_run-03_eeg.edf	test_exploratory	139.53357455671863	False	8.967015519764631e-12	2.2739760759118076e-12	3.0728675746765704e-11	6.001887081014463e-12
sub-7	04	03	sub-7/ses-04/run-03/tsv-row-19	19	right_hand	2	134.284	5.0	33571	34821	sub-7/ses-04/eeg/sub-7_ses-04_task-imagery_run-03_eeg.edf	test_exploratory	99.48965347758413	False	1.3479734007835924e-11	2.222634230673328e-12	7.562043501898304e-11	6.179274656948234e-12
sub-7	04	03	sub-7/ses-04/run-03/tsv-row-20	20	rest	1	141.172	5.0	35293	36543	sub-7/ses-04/eeg/sub-7_ses-04_task-imagery_run-03_eeg.edf	test_exploratory	255.41288599810784	False	2.630106385127473e-11	4.011309696479009e-12	8.155728050567174e-11	1.2599241550081822e-11
sub-7	04	03	sub-7/ses-04/run-03/tsv-row-21	21	rest	1	148.06	5.0	37015	38265	sub-7/ses-04/eeg/sub-7_ses-04_task-imagery_run-03_eeg.edf	test_exploratory	229.54380423902094	False	2.195765436160949e-11	4.7235718609361505e-12	9.728755741578868e-11	1.570185215911689e-11
sub-7	04	03	sub-7/ses-04/run-03/tsv-row-22	22	right_hand	2	154.944	5.0	38736	39986	sub-7/ses-04/eeg/sub-7_ses-04_task-imagery_run-03_eeg.edf	test_exploratory	133.5092678456984	False	1.423053421694217e-11	2.846255718005792e-12	6.770841165888485e-11	8.741709660224964e-12
sub-7	04	03	sub-7/ses-04/run-03/tsv-row-23	23	rest	1	161.836	5.0	40459	41709	sub-7/ses-04/eeg/sub-7_ses-04_task-imagery_run-03_eeg.edf	test_exploratory	114.01886378063296	False	1.6547913425247628e-11	2.7574185990164727e-12	7.324819583499703e-11	7.038824947876289e-12
sub-7	04	03	sub-7/ses-04/run-03/tsv-row-24	24	right_hand	2	168.72	5.0	42180	43430	sub-7/ses-04/eeg/sub-7_ses-04_task-imagery_run-03_eeg.edf	test_exploratory	113.57590005188143	False	1.712212909156024e-11	3.923167910791342e-12	4.866273362683498e-11	1.0954321724854338e-11
sub-7	04	03	sub-7/ses-04/run-03/tsv-row-25	25	rest	1	175.608	5.0	43902	45152	sub-7/ses-04/eeg/sub-7_ses-04_task-imagery_run-03_eeg.edf	test_exploratory	201.19412559892572	False	1.388301721756095e-11	3.600360053299592e-12	4.591841611510442e-11	9.183925112119892e-12
sub-7	04	03	sub-7/ses-04/run-03/tsv-row-26	26	right_hand	2	182.508	5.0	45627	46877	sub-7/ses-04/eeg/sub-7_ses-04_task-imagery_run-03_eeg.edf	test_exploratory	246.46501867732778	False	2.1428204462780105e-11	2.6592177463227185e-12	4.466236139117326e-11	6.877011178620443e-12
sub-7	04	03	sub-7/ses-04/run-03/tsv-row-27	27	right_hand	2	189.38	5.0	47345	48595	sub-7/ses-04/eeg/sub-7_ses-04_task-imagery_run-03_eeg.edf	test_exploratory	101.527286629841	False	1.666554904237156e-11	3.3942066057061225e-12	6.157329982173374e-11	8.965200649641098e-12
sub-7	04	03	sub-7/ses-04/run-03/tsv-row-28	28	rest	1	196.268	5.0	49067	50317	sub-7/ses-04/eeg/sub-7_ses-04_task-imagery_run-03_eeg.edf	test_exploratory	109.23485551011692	False	1.4351380689599535e-11	3.0121566736693847e-12	6.850380078843836e-11	9.015078633981144e-12
sub-7	04	03	sub-7/ses-04/run-03/tsv-row-29	29	rest	1	203.172	5.0	50793	52043	sub-7/ses-04/eeg/sub-7_ses-04_task-imagery_run-03_eeg.edf	test_exploratory	97.18624208807643	False	9.724859504603023e-12	2.342795545817065e-12	4.439111146944503e-11	6.026291920045315e-12
sub-7	04	03	sub-7/ses-04/run-03/tsv-row-30	30	right_hand	2	210.056	5.0	52514	53764	sub-7/ses-04/eeg/sub-7_ses-04_task-imagery_run-03_eeg.edf	test_exploratory	163.71939414654986	False	1.817358496718926e-11	2.9552816993555315e-12	7.343006487100686e-11	8.874465356633163e-12
sub-7	04	03	sub-7/ses-04/run-03/tsv-row-31	31	rest	1	216.928	5.0	54232	55482	sub-7/ses-04/eeg/sub-7_ses-04_task-imagery_run-03_eeg.edf	test_exploratory	217.22941257972954	False	1.5168317919724286e-11	3.179598940884941e-12	7.611133685579862e-11	7.721623465086014e-12
sub-7	04	03	sub-7/ses-04/run-03/tsv-row-32	32	right_hand	2	223.832	5.0	55958	57208	sub-7/ses-04/eeg/sub-7_ses-04_task-imagery_run-03_eeg.edf	test_exploratory	217.052227088229	False	2.5215687859919816e-11	3.966751685846723e-12	8.379861818385696e-11	9.35491609614765e-12
sub-7	04	04	sub-7/ses-04/run-04/tsv-row-1	1	rest	1	7.04	5.0	1760	3010	sub-7/ses-04/eeg/sub-7_ses-04_task-imagery_run-04_eeg.edf	test_exploratory	98.17697146519363	False	1.1005409038222333e-11	3.0886419361125236e-12	3.105354665535742e-11	7.666854343578593e-12
sub-7	04	04	sub-7/ses-04/run-04/tsv-row-2	2	right_hand	2	13.944	5.0	3486	4736	sub-7/ses-04/eeg/sub-7_ses-04_task-imagery_run-04_eeg.edf	test_exploratory	103.60924193243204	False	1.1303458519800462e-11	2.8044683638825616e-12	3.963412650241328e-11	9.364690106166979e-12
sub-7	04	04	sub-7/ses-04/run-04/tsv-row-3	3	right_hand	2	20.832	5.0	5208	6458	sub-7/ses-04/eeg/sub-7_ses-04_task-imagery_run-04_eeg.edf	test_exploratory	137.44776005127108	False	1.1825190224372221e-11	2.7480152167283347e-12	4.6139184651730133e-11	5.947467098277804e-12
sub-7	04	04	sub-7/ses-04/run-04/tsv-row-4	4	rest	1	27.704	5.0	6926	8176	sub-7/ses-04/eeg/sub-7_ses-04_task-imagery_run-04_eeg.edf	test_exploratory	96.62085232093266	False	7.2515570542892156e-12	2.4505172483523996e-12	2.0556958562265895e-11	6.260390761725503e-12
sub-7	04	04	sub-7/ses-04/run-04/tsv-row-5	5	right_hand	2	34.604	5.0	8651	9901	sub-7/ses-04/eeg/sub-7_ses-04_task-imagery_run-04_eeg.edf	test_exploratory	99.54918561967833	False	1.8341346345198732e-11	4.114414609147366e-12	6.574610308655883e-11	1.2133883227425825e-11
sub-7	04	04	sub-7/ses-04/run-04/tsv-row-6	6	rest	1	41.492	5.0	10373	11623	sub-7/ses-04/eeg/sub-7_ses-04_task-imagery_run-04_eeg.edf	test_exploratory	210.5570667561876	False	2.6747390826504616e-11	3.4941007959476033e-12	1.268099112257747e-10	1.0589385372794464e-11
sub-7	04	04	sub-7/ses-04/run-04/tsv-row-7	7	rest	1	48.38	5.0	12095	13345	sub-7/ses-04/eeg/sub-7_ses-04_task-imagery_run-04_eeg.edf	test_exploratory	216.89471563463238	False	8.80195298206083e-12	2.4565241686692585e-12	4.961932947552199e-11	6.094523872928484e-12
sub-7	04	04	sub-7/ses-04/run-04/tsv-row-8	8	right_hand	2	55.264	5.0	13816	15066	sub-7/ses-04/eeg/sub-7_ses-04_task-imagery_run-04_eeg.edf	test_exploratory	146.34593224890895	False	1.5798248399058313e-11	3.4176876879200943e-12	7.582380086860826e-11	8.511115747999487e-12
sub-7	04	04	sub-7/ses-04/run-04/tsv-row-9	9	rest	1	62.152	5.0	15538	16788	sub-7/ses-04/eeg/sub-7_ses-04_task-imagery_run-04_eeg.edf	test_exploratory	119.62312258064517	False	1.278740790443701e-11	3.06706431626079e-12	6.389342417178284e-11	8.118837350516318e-12
sub-7	04	04	sub-7/ses-04/run-04/tsv-row-10	10	right_hand	2	69.04	5.0	17260	18510	sub-7/ses-04/eeg/sub-7_ses-04_task-imagery_run-04_eeg.edf	test_exploratory	103.62338847010712	False	1.970854428473965e-11	2.644875446918696e-12	7.80572372690566e-11	8.826771160425898e-12
sub-7	04	04	sub-7/ses-04/run-04/tsv-row-11	11	right_hand	2	75.94	5.0	18985	20235	sub-7/ses-04/eeg/sub-7_ses-04_task-imagery_run-04_eeg.edf	test_exploratory	116.11478123722034	False	1.7733084739262105e-11	3.330953668219825e-12	7.698131478578017e-11	1.0376569821793963e-11
sub-7	04	04	sub-7/ses-04/run-04/tsv-row-12	12	rest	1	82.816	5.0	20704	21954	sub-7/ses-04/eeg/sub-7_ses-04_task-imagery_run-04_eeg.edf	test_exploratory	141.49366982634965	False	2.280398068037537e-11	4.0655316991059794e-12	6.397513494509052e-11	1.0495185757281468e-11
sub-7	04	04	sub-7/ses-04/run-04/tsv-row-13	13	right_hand	2	89.7	5.0	22425	23675	sub-7/ses-04/eeg/sub-7_ses-04_task-imagery_run-04_eeg.edf	test_exploratory	101.3882355174413	False	1.23508888859092e-11	3.5412195355580314e-12	5.3362604993315827e-11	1.1006450736739344e-11
sub-7	04	04	sub-7/ses-04/run-04/tsv-row-14	14	rest	1	96.604	5.0	24151	25401	sub-7/ses-04/eeg/sub-7_ses-04_task-imagery_run-04_eeg.edf	test_exploratory	124.99880689718313	False	1.5583357823443742e-11	2.6599145710559882e-12	6.474817136263154e-11	7.68324620372128e-12
sub-7	04	04	sub-7/ses-04/run-04/tsv-row-15	15	right_hand	2	103.488	5.0	25872	27122	sub-7/ses-04/eeg/sub-7_ses-04_task-imagery_run-04_eeg.edf	test_exploratory	81.44161739555038	False	9.614222063925759e-12	2.707156200403998e-12	2.4615795964610552e-11	8.974648761792131e-12
sub-7	04	04	sub-7/ses-04/run-04/tsv-row-16	16	rest	1	110.36	5.0	27590	28840	sub-7/ses-04/eeg/sub-7_ses-04_task-imagery_run-04_eeg.edf	test_exploratory	94.58375089571824	False	1.5487635270376424e-11	3.102072900484735e-12	5.959390758892552e-11	9.629721315194481e-12
sub-7	04	04	sub-7/ses-04/run-04/tsv-row-17	17	rest	1	117.264	5.0	29316	30566	sub-7/ses-04/eeg/sub-7_ses-04_task-imagery_run-04_eeg.edf	test_exploratory	97.27159305398722	False	7.775057840491058e-12	2.3833119598803883e-12	3.0532326074472527e-11	7.2001478436959925e-12
sub-7	04	04	sub-7/ses-04/run-04/tsv-row-18	18	right_hand	2	124.148	5.0	31037	32287	sub-7/ses-04/eeg/sub-7_ses-04_task-imagery_run-04_eeg.edf	test_exploratory	128.2949501754814	False	1.1028800517531521e-11	2.211259375968466e-12	5.4197097175629626e-11	6.455347479999576e-12
sub-7	04	04	sub-7/ses-04/run-04/tsv-row-19	19	right_hand	2	131.036	5.0	32759	34009	sub-7/ses-04/eeg/sub-7_ses-04_task-imagery_run-04_eeg.edf	test_exploratory	113.21474101382486	False	2.0219869671102673e-11	2.843136046595602e-12	6.96906988762688e-11	8.602004480421002e-12
sub-7	04	04	sub-7/ses-04/run-04/tsv-row-20	20	rest	1	137.908	5.0	34477	35727	sub-7/ses-04/eeg/sub-7_ses-04_task-imagery_run-04_eeg.edf	test_exploratory	262.70120462660606	False	1.963567857383779e-11	3.357067104077921e-12	9.724847998059542e-11	9.173342824870821e-12
sub-7	04	04	sub-7/ses-04/run-04/tsv-row-21	21	rest	1	144.812	5.0	36203	37453	sub-7/ses-04/eeg/sub-7_ses-04_task-imagery_run-04_eeg.edf	test_exploratory	97.93648032471698	False	1.0886359361991769e-11	3.594157922013859e-12	4.153788829552795e-11	1.0731439654861194e-11
sub-7	04	04	sub-7/ses-04/run-04/tsv-row-22	22	right_hand	2	151.696	5.0	37924	39174	sub-7/ses-04/eeg/sub-7_ses-04_task-imagery_run-04_eeg.edf	test_exploratory	101.64287319559311	False	1.2667367495845837e-11	3.1900006087083465e-12	7.949449353830465e-11	8.613927218393896e-12
sub-7	04	04	sub-7/ses-04/run-04/tsv-row-23	23	right_hand	2	158.584	5.0	39646	40896	sub-7/ses-04/eeg/sub-7_ses-04_task-imagery_run-04_eeg.edf	test_exploratory	123.93781657155063	False	1.2026583129159124e-11	2.618032876819241e-12	8.679289763302001e-11	7.103898277009464e-12
sub-7	04	04	sub-7/ses-04/run-04/tsv-row-24	24	rest	1	165.488	5.0	41372	42622	sub-7/ses-04/eeg/sub-7_ses-04_task-imagery_run-04_eeg.edf	test_exploratory	133.34526412549212	False	1.5055401466406534e-11	2.70237132087673e-12	9.755725300687255e-11	7.220195066782059e-12
sub-7	04	04	sub-7/ses-04/run-04/tsv-row-25	25	right_hand	2	172.356	5.0	43089	44339	sub-7/ses-04/eeg/sub-7_ses-04_task-imagery_run-04_eeg.edf	test_exploratory	104.882430323191	False	1.625607121557429e-11	3.1832500153292826e-12	1.1131719827500759e-10	7.915957728459835e-12
sub-7	04	04	sub-7/ses-04/run-04/tsv-row-26	26	rest	1	179.244	5.0	44811	46061	sub-7/ses-04/eeg/sub-7_ses-04_task-imagery_run-04_eeg.edf	test_exploratory	118.95823530991547	False	6.8756433571694146e-12	2.679991470136624e-12	3.309380187778467e-11	6.779952546662694e-12
sub-7	04	04	sub-7/ses-04/run-04/tsv-row-27	27	right_hand	2	186.148	5.0	46537	47787	sub-7/ses-04/eeg/sub-7_ses-04_task-imagery_run-04_eeg.edf	test_exploratory	117.86895190893276	False	2.2753866817612713e-11	3.3250032879082596e-12	7.708201808117306e-11	8.958257201256597e-12
sub-7	04	04	sub-7/ses-04/run-04/tsv-row-28	28	rest	1	193.036	5.0	48259	49509	sub-7/ses-04/eeg/sub-7_ses-04_task-imagery_run-04_eeg.edf	test_exploratory	106.89123867305518	False	1.5580419488773265e-11	2.9056545239122357e-12	6.300122408105102e-11	9.066832407122522e-12
sub-7	04	04	sub-7/ses-04/run-04/tsv-row-29	29	right_hand	2	199.904	5.0	49976	51226	sub-7/ses-04/eeg/sub-7_ses-04_task-imagery_run-04_eeg.edf	test_exploratory	130.784740806299	False	1.1202259197363095e-11	2.4495905141442325e-12	3.270979207098975e-11	7.51939905183162e-12
sub-7	04	04	sub-7/ses-04/run-04/tsv-row-30	30	rest	1	206.812	5.0	51703	52953	sub-7/ses-04/eeg/sub-7_ses-04_task-imagery_run-04_eeg.edf	test_exploratory	119.73629488204595	False	1.7980439492831524e-11	3.284675955165984e-12	1.1448083987147773e-10	9.13310371436979e-12
sub-7	04	04	sub-7/ses-04/run-04/tsv-row-31	31	right_hand	2	213.696	5.0	53424	54674	sub-7/ses-04/eeg/sub-7_ses-04_task-imagery_run-04_eeg.edf	test_exploratory	221.7328315195166	False	1.2258188456023248e-11	2.9520049196687014e-12	4.044390374928912e-11	7.964302517740098e-12
sub-7	04	04	sub-7/ses-04/run-04/tsv-row-32	32	rest	1	220.584	5.0	55146	56396	sub-7/ses-04/eeg/sub-7_ses-04_task-imagery_run-04_eeg.edf	test_exploratory	118.05285689870905	False	3.190699405327052e-11	3.312528782544887e-12	1.270090536351888e-10	1.0545584539827984e-11
sub-7	04	05	sub-7/ses-04/run-05/tsv-row-1	1	right_hand	2	6.56	5.0	1640	2890	sub-7/ses-04/eeg/sub-7_ses-04_task-imagery_run-05_eeg.edf	test_exploratory	377.9593439085055	False	4.992724152150224e-12	1.7821956128499601e-12	1.3106766528704983e-11	4.676061970447502e-12
sub-7	04	05	sub-7/ses-04/run-05/tsv-row-2	2	rest	1	13.468	5.0	3367	4617	sub-7/ses-04/eeg/sub-7_ses-04_task-imagery_run-05_eeg.edf	test_exploratory	119.19289585863827	False	5.718145313290584e-12	2.8028519808496014e-12	2.0907283387090393e-11	6.257918261640437e-12
sub-7	04	05	sub-7/ses-04/run-05/tsv-row-3	3	rest	1	20.356	5.0	5089	6339	sub-7/ses-04/eeg/sub-7_ses-04_task-imagery_run-05_eeg.edf	test_exploratory	103.02992318948941	False	9.478027644265754e-12	2.0164065065722176e-12	4.849615376759066e-11	7.070678037792993e-12
sub-7	04	05	sub-7/ses-04/run-05/tsv-row-4	4	right_hand	2	27.24	5.0	6810	8060	sub-7/ses-04/eeg/sub-7_ses-04_task-imagery_run-05_eeg.edf	test_exploratory	107.69537463911861	False	1.1248903902916345e-11	3.0848906765175826e-12	7.81179502115063e-11	9.076539220617782e-12
sub-7	04	05	sub-7/ses-04/run-05/tsv-row-5	5	rest	1	34.128	5.0	8532	9782	sub-7/ses-04/eeg/sub-7_ses-04_task-imagery_run-05_eeg.edf	test_exploratory	208.5297912640767	False	1.1665402372819411e-11	3.129809360905224e-12	5.702693170973333e-11	7.107443756042884e-12
sub-7	04	05	sub-7/ses-04/run-05/tsv-row-6	6	right_hand	2	41.012	5.0	10253	11503	sub-7/ses-04/eeg/sub-7_ses-04_task-imagery_run-05_eeg.edf	test_exploratory	155.34653356273077	False	1.7818076060501115e-11	3.077087068631183e-12	7.682586139716032e-11	8.418207563908319e-12
sub-7	04	05	sub-7/ses-04/run-05/tsv-row-7	7	right_hand	2	47.916	5.0	11979	13229	sub-7/ses-04/eeg/sub-7_ses-04_task-imagery_run-05_eeg.edf	test_exploratory	117.791816011536	False	2.1759055123095666e-11	3.068626240706732e-12	8.806990507531158e-11	8.552475992127966e-12
sub-7	04	05	sub-7/ses-04/run-05/tsv-row-8	8	rest	1	54.804	5.0	13701	14951	sub-7/ses-04/eeg/sub-7_ses-04_task-imagery_run-05_eeg.edf	test_exploratory	147.73448119754633	False	1.3718741261363206e-11	3.758523579705959e-12	6.932182703490851e-11	1.2763512448437018e-11
sub-7	04	05	sub-7/ses-04/run-05/tsv-row-9	9	right_hand	2	61.672	5.0	15418	16668	sub-7/ses-04/eeg/sub-7_ses-04_task-imagery_run-05_eeg.edf	test_exploratory	134.82143600878933	False	1.500772373603376e-11	3.993891222827505e-12	8.039757550623887e-11	1.0826850304984754e-11
sub-7	04	05	sub-7/ses-04/run-05/tsv-row-10	10	rest	1	68.564	5.0	17141	18391	sub-7/ses-04/eeg/sub-7_ses-04_task-imagery_run-05_eeg.edf	test_exploratory	290.326854915006	False	2.5991691051662256e-11	4.2882658070457074e-12	1.1490761356150582e-10	1.1449199607912727e-11
sub-7	04	05	sub-7/ses-04/run-05/tsv-row-11	11	rest	1	75.464	5.0	18866	20116	sub-7/ses-04/eeg/sub-7_ses-04_task-imagery_run-05_eeg.edf	test_exploratory	120.21842853022859	False	1.9540600520850104e-11	3.1698436594114646e-12	8.962876225382504e-11	8.52857369151572e-12
sub-7	04	05	sub-7/ses-04/run-05/tsv-row-12	12	right_hand	2	82.352	5.0	20588	21838	sub-7/ses-04/eeg/sub-7_ses-04_task-imagery_run-05_eeg.edf	test_exploratory	134.53255356608784	False	3.270204630702402e-11	4.3006860630464195e-12	1.316240522211347e-10	1.113592054082451e-11
sub-7	04	05	sub-7/ses-04/run-05/tsv-row-13	13	right_hand	2	89.236	5.0	22309	23559	sub-7/ses-04/eeg/sub-7_ses-04_task-imagery_run-05_eeg.edf	test_exploratory	101.9177257850886	False	1.0504882419401985e-11	3.0178582655161982e-12	6.627804958113e-11	8.280705601320372e-12
sub-7	04	05	sub-7/ses-04/run-05/tsv-row-14	14	rest	1	96.108	5.0	24027	25277	sub-7/ses-04/eeg/sub-7_ses-04_task-imagery_run-05_eeg.edf	test_exploratory	124.91276822412794	False	1.0336169348897128e-11	3.612196386194044e-12	7.596894251708402e-11	1.1285563149699036e-11
sub-7	04	05	sub-7/ses-04/run-05/tsv-row-15	15	right_hand	2	103.012	5.0	25753	27003	sub-7/ses-04/eeg/sub-7_ses-04_task-imagery_run-05_eeg.edf	test_exploratory	100.24220761741995	False	2.2173062779846504e-11	2.886924934549393e-12	1.0043211382693365e-10	8.88444050910043e-12
sub-7	04	05	sub-7/ses-04/run-05/tsv-row-16	16	rest	1	109.9	5.0	27475	28725	sub-7/ses-04/eeg/sub-7_ses-04_task-imagery_run-05_eeg.edf	test_exploratory	96.08230044251837	False	1.2273557457113537e-11	2.468102066895893e-12	7.218597892524115e-11	6.66735434027343e-12
sub-7	04	05	sub-7/ses-04/run-05/tsv-row-17	17	right_hand	2	116.768	5.0	29192	30442	sub-7/ses-04/eeg/sub-7_ses-04_task-imagery_run-05_eeg.edf	test_exploratory	152.4143767693106	False	1.8321931779101128e-11	3.686936997451931e-12	1.1953754390836089e-10	1.0544411724738381e-11
sub-7	04	05	sub-7/ses-04/run-05/tsv-row-18	18	rest	1	123.672	5.0	30918	32168	sub-7/ses-04/eeg/sub-7_ses-04_task-imagery_run-05_eeg.edf	test_exploratory	154.27766852473525	False	2.4729516481943507e-11	3.44426619097525e-12	8.821227396164316e-11	1.0988331105947986e-11
sub-7	04	05	sub-7/ses-04/run-05/tsv-row-19	19	rest	1	130.56	5.0	32640	33890	sub-7/ses-04/eeg/sub-7_ses-04_task-imagery_run-05_eeg.edf	test_exploratory	89.71244258095037	False	1.2393555009232945e-11	3.0230153452998535e-12	5.0384406345470305e-11	8.029546614396864e-12
sub-7	04	05	sub-7/ses-04/run-05/tsv-row-20	20	right_hand	2	137.444	5.0	34361	35611	sub-7/ses-04/eeg/sub-7_ses-04_task-imagery_run-05_eeg.edf	test_exploratory	248.13557415845213	False	1.6488260498150903e-11	3.318932850021221e-12	8.214729317640782e-11	1.1881999568235496e-11
sub-7	04	05	sub-7/ses-04/run-05/tsv-row-21	21	rest	1	144.332	5.0	36083	37333	sub-7/ses-04/eeg/sub-7_ses-04_task-imagery_run-05_eeg.edf	test_exploratory	236.7969382824183	False	1.467726084125361e-11	2.2571824203104325e-12	8.943840041698963e-11	6.503657087150538e-12
sub-7	04	05	sub-7/ses-04/run-05/tsv-row-22	22	right_hand	2	151.22	5.0	37805	39055	sub-7/ses-04/eeg/sub-7_ses-04_task-imagery_run-05_eeg.edf	test_exploratory	116.05852135532702	False	2.0343046518877595e-11	3.3596549241085244e-12	8.520856122512479e-11	1.0465970974833202e-11
sub-7	04	05	sub-7/ses-04/run-05/tsv-row-23	23	right_hand	2	158.104	5.0	39526	40776	sub-7/ses-04/eeg/sub-7_ses-04_task-imagery_run-05_eeg.edf	test_exploratory	114.85965921811578	False	9.807439192896295e-12	2.202174552785918e-12	3.5540467293785214e-11	5.917719992678239e-12
sub-7	04	05	sub-7/ses-04/run-05/tsv-row-24	24	rest	1	165.012	5.0	41253	42503	sub-7/ses-04/eeg/sub-7_ses-04_task-imagery_run-05_eeg.edf	test_exploratory	106.25096242561114	False	9.447394436934287e-12	2.3294117017108806e-12	2.692587401442772e-11	7.052887819865721e-12
sub-7	04	05	sub-7/ses-04/run-05/tsv-row-25	25	rest	1	171.88	5.0	42970	44220	sub-7/ses-04/eeg/sub-7_ses-04_task-imagery_run-05_eeg.edf	test_exploratory	94.95565891598257	False	1.2648482955456542e-11	2.476131558420448e-12	3.3449900752716875e-11	6.979355972008549e-12
sub-7	04	05	sub-7/ses-04/run-05/tsv-row-26	26	right_hand	2	178.764	5.0	44691	45941	sub-7/ses-04/eeg/sub-7_ses-04_task-imagery_run-05_eeg.edf	test_exploratory	116.04407723319193	False	1.756351043400516e-11	3.79052064861772e-12	9.205496989050192e-11	1.181355250712578e-11
sub-7	04	05	sub-7/ses-04/run-05/tsv-row-27	27	right_hand	2	185.668	5.0	46417	47667	sub-7/ses-04/eeg/sub-7_ses-04_task-imagery_run-05_eeg.edf	test_exploratory	99.15889845728935	False	1.1406669338379826e-11	3.3796548582853383e-12	5.906296457227954e-11	8.476504023583665e-12
sub-7	04	05	sub-7/ses-04/run-05/tsv-row-28	28	rest	1	192.556	5.0	48139	49389	sub-7/ses-04/eeg/sub-7_ses-04_task-imagery_run-05_eeg.edf	test_exploratory	217.16737630085146	False	1.0501464802632244e-11	3.2260457827094335e-12	5.0269232781989384e-11	7.346552837882778e-12
sub-7	04	05	sub-7/ses-04/run-05/tsv-row-29	29	right_hand	2	199.424	5.0	49856	51106	sub-7/ses-04/eeg/sub-7_ses-04_task-imagery_run-05_eeg.edf	test_exploratory	112.88081448561053	False	2.1010950959594903e-11	3.657736850399045e-12	9.990570492341783e-11	1.0019962480823009e-11
sub-7	04	05	sub-7/ses-04/run-05/tsv-row-30	30	rest	1	206.332	5.0	51583	52833	sub-7/ses-04/eeg/sub-7_ses-04_task-imagery_run-05_eeg.edf	test_exploratory	109.03867799768061	False	1.583692441457942e-11	3.329006872998324e-12	6.021671214758351e-11	1.0305191950335778e-11
sub-7	04	05	sub-7/ses-04/run-05/tsv-row-31	31	right_hand	2	213.216	5.0	53304	54554	sub-7/ses-04/eeg/sub-7_ses-04_task-imagery_run-05_eeg.edf	test_exploratory	104.3154500595111	False	9.2940353798471e-12	3.091235815800699e-12	4.364685233397138e-11	8.614676165315302e-12
sub-7	04	05	sub-7/ses-04/run-05/tsv-row-32	32	rest	1	220.104	5.0	55026	56276	sub-7/ses-04/eeg/sub-7_ses-04_task-imagery_run-05_eeg.edf	test_exploratory	131.55706440626238	False	2.072558511300295e-11	4.672258595450399e-12	1.3207256594649712e-10	1.2226807673290648e-11
sub-7	04	06	sub-7/ses-04/run-06/tsv-row-1	1	rest	1	7.184	5.0	1796	3046	sub-7/ses-04/eeg/sub-7_ses-04_task-imagery_run-06_eeg.edf	test_exploratory	249.98620183721425	False	5.1449116497401396e-12	2.866964525886142e-12	1.0207134780355039e-11	7.40864693639075e-12
sub-7	04	06	sub-7/ses-04/run-06/tsv-row-2	2	right_hand	2	14.072	5.0	3518	4768	sub-7/ses-04/eeg/sub-7_ses-04_task-imagery_run-06_eeg.edf	test_exploratory	124.83689504379404	False	2.41783288332959e-11	2.6215121252635756e-12	1.6010704776171944e-10	1.0799138352850669e-11
sub-7	04	06	sub-7/ses-04/run-06/tsv-row-3	3	rest	1	20.976	5.0	5244	6494	sub-7/ses-04/eeg/sub-7_ses-04_task-imagery_run-06_eeg.edf	test_exploratory	240.0032263832514	False	1.0204024951436287e-11	3.2780305257162643e-12	4.071784994090759e-11	7.925581571536498e-12
sub-7	04	06	sub-7/ses-04/run-06/tsv-row-4	4	right_hand	2	27.844	5.0	6961	8211	sub-7/ses-04/eeg/sub-7_ses-04_task-imagery_run-06_eeg.edf	test_exploratory	197.35902255928218	False	1.8643272073025206e-11	2.8542067554917397e-12	9.569629975198601e-11	9.597355818655304e-12
sub-7	04	06	sub-7/ses-04/run-06/tsv-row-5	5	rest	1	34.736	5.0	8684	9934	sub-7/ses-04/eeg/sub-7_ses-04_task-imagery_run-06_eeg.edf	test_exploratory	254.87118555864132	False	1.0747890221771707e-11	3.8495585438807016e-12	5.283592748060782e-11	9.434353254720359e-12
sub-7	04	06	sub-7/ses-04/run-06/tsv-row-6	6	right_hand	2	41.636	5.0	10409	11659	sub-7/ses-04/eeg/sub-7_ses-04_task-imagery_run-06_eeg.edf	test_exploratory	212.01397372356334	False	1.2514002817208292e-11	3.3876957485340637e-12	7.459222870678643e-11	1.0024961609793345e-11
sub-7	04	06	sub-7/ses-04/run-06/tsv-row-7	7	rest	1	48.524	5.0	12131	13381	sub-7/ses-04/eeg/sub-7_ses-04_task-imagery_run-06_eeg.edf	test_exploratory	207.44140175176244	False	1.758428059151874e-11	3.224116599684517e-12	8.834389048394856e-11	8.095991244772625e-12
sub-7	04	06	sub-7/ses-04/run-06/tsv-row-8	8	right_hand	2	55.392	5.0	13848	15098	sub-7/ses-04/eeg/sub-7_ses-04_task-imagery_run-06_eeg.edf	test_exploratory	237.43292971587263	False	3.447303759752568e-11	4.052171638671447e-12	1.575561122739387e-10	1.285093446590013e-11
sub-7	04	06	sub-7/ses-04/run-06/tsv-row-9	9	right_hand	2	62.296	5.0	15574	16824	sub-7/ses-04/eeg/sub-7_ses-04_task-imagery_run-06_eeg.edf	test_exploratory	136.7511431318094	False	4.800740286220696e-11	5.4513321928189975e-12	2.2194882990643678e-10	1.638097333997069e-11
sub-7	04	06	sub-7/ses-04/run-06/tsv-row-10	10	rest	1	69.184	5.0	17296	18546	sub-7/ses-04/eeg/sub-7_ses-04_task-imagery_run-06_eeg.edf	test_exploratory	277.3932325998718	False	1.790283470957821e-11	3.6425496407440435e-12	9.499428691497502e-11	1.276097945506281e-11
sub-7	04	06	sub-7/ses-04/run-06/tsv-row-11	11	right_hand	2	76.068	5.0	19017	20267	sub-7/ses-04/eeg/sub-7_ses-04_task-imagery_run-06_eeg.edf	test_exploratory	249.98620183721425	False	1.9992445368467898e-11	4.63958930654126e-12	7.652810921958494e-11	1.3198203329920808e-11
sub-7	04	06	sub-7/ses-04/run-06/tsv-row-12	12	rest	1	82.96	5.0	20740	21990	sub-7/ses-04/eeg/sub-7_ses-04_task-imagery_run-06_eeg.edf	test_exploratory	271.0171928006836	False	7.1219001101961185e-12	3.0602252959997944e-12	1.4695857715965954e-11	8.187376207783526e-12
sub-7	04	06	sub-7/ses-04/run-06/tsv-row-13	13	right_hand	2	89.844	5.0	22461	23711	sub-7/ses-04/eeg/sub-7_ses-04_task-imagery_run-06_eeg.edf	test_exploratory	235.4590554795984	False	1.0260784058375319e-11	2.6044724399499683e-12	5.4931419143221686e-11	7.639519804786797e-12
sub-7	04	06	sub-7/ses-04/run-06/tsv-row-14	14	rest	1	96.732	5.0	24183	25433	sub-7/ses-04/eeg/sub-7_ses-04_task-imagery_run-06_eeg.edf	test_exploratory	253.94815084383677	False	2.4179620302009023e-11	3.6367366304607255e-12	1.1747103234461152e-10	1.2609311840144231e-11
sub-7	04	06	sub-7/ses-04/run-06/tsv-row-15	15	right_hand	2	103.632	5.0	25908	27158	sub-7/ses-04/eeg/sub-7_ses-04_task-imagery_run-06_eeg.edf	test_exploratory	220.19348135013885	False	2.5254201916143883e-11	2.868530022170499e-12	1.1763684789636684e-10	8.648620054458829e-12
sub-7	04	06	sub-7/ses-04/run-06/tsv-row-16	16	rest	1	110.508	5.0	27627	28877	sub-7/ses-04/eeg/sub-7_ses-04_task-imagery_run-06_eeg.edf	test_exploratory	261.2046237556077	False	7.234690549139535e-12	2.286255922688553e-12	3.7096099614732795e-11	6.618492815592653e-12
sub-7	04	06	sub-7/ses-04/run-06/tsv-row-17	17	rest	1	117.408	5.0	29352	30602	sub-7/ses-04/eeg/sub-7_ses-04_task-imagery_run-06_eeg.edf	test_exploratory	277.52103740653706	False	3.1990633276615195e-11	6.396445890756546e-12	1.1784252223728537e-10	1.7680814044370875e-11
sub-7	04	06	sub-7/ses-04/run-06/tsv-row-18	18	right_hand	2	124.296	5.0	31074	32324	sub-7/ses-04/eeg/sub-7_ses-04_task-imagery_run-06_eeg.edf	test_exploratory	184.2519296090579	False	1.6024409601423513e-11	3.7822878426532e-12	7.813957012893326e-11	1.0808382673099496e-11
sub-7	04	06	sub-7/ses-04/run-06/tsv-row-19	19	right_hand	2	131.18	5.0	32795	34045	sub-7/ses-04/eeg/sub-7_ses-04_task-imagery_run-06_eeg.edf	test_exploratory	229.79304238410595	False	1.9140842844469265e-11	3.673812782088021e-12	1.0160870561915894e-10	1.0086225322401148e-11
sub-7	04	06	sub-7/ses-04/run-06/tsv-row-20	20	rest	1	138.052	5.0	34513	35763	sub-7/ses-04/eeg/sub-7_ses-04_task-imagery_run-06_eeg.edf	test_exploratory	150.82387239906	False	1.7878490749396184e-11	3.436941645884413e-12	1.1586093869712109e-10	9.68217183641443e-12
sub-7	04	06	sub-7/ses-04/run-06/tsv-row-21	21	right_hand	2	144.94	5.0	36235	37485	sub-7/ses-04/eeg/sub-7_ses-04_task-imagery_run-06_eeg.edf	test_exploratory	212.2837838709677	False	2.994207678772418e-11	5.044274366308085e-12	9.57188057530194e-11	1.2331229793679295e-11
sub-7	04	06	sub-7/ses-04/run-06/tsv-row-22	22	rest	1	151.844	5.0	37961	39211	sub-7/ses-04/eeg/sub-7_ses-04_task-imagery_run-06_eeg.edf	test_exploratory	257.9385009186071	False	3.7311759996247954e-11	5.036239613389547e-12	1.5037620494167806e-10	1.1900498514017193e-11
sub-7	04	06	sub-7/ses-04/run-06/tsv-row-23	23	right_hand	2	158.728	5.0	39682	40932	sub-7/ses-04/eeg/sub-7_ses-04_task-imagery_run-06_eeg.edf	test_exploratory	226.7541280922879	False	2.3255068756365485e-11	2.946958292621934e-12	7.454343643543236e-11	7.146595498289787e-12
sub-7	04	06	sub-7/ses-04/run-06/tsv-row-24	24	rest	1	165.616	5.0	41404	42654	sub-7/ses-04/eeg/sub-7_ses-04_task-imagery_run-06_eeg.edf	test_exploratory	239.87542157658615	False	3.892145893942797e-11	5.128506489559271e-12	1.5178763904728398e-10	1.5935998841139905e-11
sub-7	04	06	sub-7/ses-04/run-06/tsv-row-25	25	rest	1	172.504	5.0	43126	44376	sub-7/ses-04/eeg/sub-7_ses-04_task-imagery_run-06_eeg.edf	test_exploratory	228.3729889767143	False	3.936750485830959e-11	3.711887296775605e-12	1.4990214932378112e-10	9.840478881584124e-12
sub-7	04	06	sub-7/ses-04/run-06/tsv-row-26	26	right_hand	2	179.388	5.0	44847	46097	sub-7/ses-04/eeg/sub-7_ses-04_task-imagery_run-06_eeg.edf	test_exploratory	233.6981892544328	False	1.2641345284228437e-11	2.7434138964604535e-12	6.500137442200157e-11	6.6683732324699854e-12
sub-7	04	06	sub-7/ses-04/run-06/tsv-row-27	27	right_hand	2	186.276	5.0	46569	47819	sub-7/ses-04/eeg/sub-7_ses-04_task-imagery_run-06_eeg.edf	test_exploratory	159.1311848323008	False	9.972842622608245e-12	2.213783229705161e-12	6.602328895289218e-11	5.333382300656727e-12
sub-7	04	06	sub-7/ses-04/run-06/tsv-row-28	28	rest	1	193.164	5.0	48291	49541	sub-7/ses-04/eeg/sub-7_ses-04_task-imagery_run-06_eeg.edf	test_exploratory	120.3069246742149	False	2.328282838550985e-11	3.162462948467259e-12	1.2607524211278626e-10	9.331166812192506e-12
sub-7	04	06	sub-7/ses-04/run-06/tsv-row-29	29	right_hand	2	200.048	5.0	50012	51262	sub-7/ses-04/eeg/sub-7_ses-04_task-imagery_run-06_eeg.edf	test_exploratory	265.6067893185217	False	5.98600151670688e-12	2.735586095547587e-12	1.8147179544665915e-11	5.9295106811176915e-12
sub-7	04	06	sub-7/ses-04/run-06/tsv-row-30	30	rest	1	206.94	5.0	51735	52985	sub-7/ses-04/eeg/sub-7_ses-04_task-imagery_run-06_eeg.edf	test_exploratory	235.03303945738088	False	1.6330347997247082e-11	3.545432073764241e-12	8.906835605513728e-11	1.21792270792778e-11
sub-7	04	06	sub-7/ses-04/run-06/tsv-row-31	31	rest	1	213.84	5.0	53460	54710	sub-7/ses-04/eeg/sub-7_ses-04_task-imagery_run-06_eeg.edf	test_exploratory	270.434970903653	False	2.4420380183280955e-11	4.523104016115416e-12	1.2008104055748692e-10	1.21258809827377e-11
sub-7	04	06	sub-7/ses-04/run-06/tsv-row-32	32	right_hand	2	220.728	5.0	55182	56432	sub-7/ses-04/eeg/sub-7_ses-04_task-imagery_run-06_eeg.edf	test_exploratory	215.97592273018583	False	1.992910805878822e-11	3.875411431681541e-12	1.0038637652736204e-10	9.604623415940539e-12
