subject	session	run	trial_id	tsv_row	label	stored_event_value	onset_s	duration_s	start_sample	stop_sample_exclusive	source_file	source_length_samples	fixed_window_eligible	exclusion_reason	original_subject	signal_unit	onset_unit	duration_unit	sample_origin	original_header_file	declared_original_header_sha256	original_header_hash_verified	behavior_trial_outcome	behavior_score_denominator
sub-9	01	01	sub-9/ses-01/run-01/tsv-row-1	1	rest	1	5.98	5.0	1495	2745	sub-9/ses-01/eeg/sub-9_ses-01_task-imagery_run-01_eeg.edf	1250	True		sub-09	V	s	s	0	sub-09/ses-01/eeg/sub-09_ses-01_task-MotorImageryRest_run-01_eeg.vhdr	5f5814940b6752817fa5962d7dba2c2d55f190906ec9d552b4c2639423b0cc5b	True	unresolved	unresolved
sub-9	01	01	sub-9/ses-01/run-01/tsv-row-2	2	right_hand	2	12.884	5.0	3221	4471	sub-9/ses-01/eeg/sub-9_ses-01_task-imagery_run-01_eeg.edf	1250	True		sub-09	V	s	s	0	sub-09/ses-01/eeg/sub-09_ses-01_task-MotorImageryRest_run-01_eeg.vhdr	5f5814940b6752817fa5962d7dba2c2d55f190906ec9d552b4c2639423b0cc5b	True	unresolved	unresolved
sub-9	01	01	sub-9/ses-01/run-01/tsv-row-3	3	right_hand	2	19.772	5.0	4943	6193	sub-9/ses-01/eeg/sub-9_ses-01_task-imagery_run-01_eeg.edf	1250	True		sub-09	V	s	s	0	sub-09/ses-01/eeg/sub-09_ses-01_task-MotorImageryRest_run-01_eeg.vhdr	5f5814940b6752817fa5962d7dba2c2d55f190906ec9d552b4c2639423b0cc5b	True	unresolved	unresolved
sub-9	01	01	sub-9/ses-01/run-01/tsv-row-4	4	rest	1	26.644	5.0	6661	7911	sub-9/ses-01/eeg/sub-9_ses-01_task-imagery_run-01_eeg.edf	1250	True		sub-09	V	s	s	0	sub-09/ses-01/eeg/sub-09_ses-01_task-MotorImageryRest_run-01_eeg.vhdr	5f5814940b6752817fa5962d7dba2c2d55f190906ec9d552b4c2639423b0cc5b	True	unresolved	unresolved
sub-9	01	01	sub-9/ses-01/run-01/tsv-row-5	5	rest	1	33.548	5.0	8387	9637	sub-9/ses-01/eeg/sub-9_ses-01_task-imagery_run-01_eeg.edf	1250	True		sub-09	V	s	s	0	sub-09/ses-01/eeg/sub-09_ses-01_task-MotorImageryRest_run-01_eeg.vhdr	5f5814940b6752817fa5962d7dba2c2d55f190906ec9d552b4c2639423b0cc5b	True	unresolved	unresolved
sub-9	01	01	sub-9/ses-01/run-01/tsv-row-6	6	right_hand	2	40.432	5.0	10108	11358	sub-9/ses-01/eeg/sub-9_ses-01_task-imagery_run-01_eeg.edf	1250	True		sub-09	V	s	s	0	sub-09/ses-01/eeg/sub-09_ses-01_task-MotorImageryRest_run-01_eeg.vhdr	5f5814940b6752817fa5962d7dba2c2d55f190906ec9d552b4c2639423b0cc5b	True	unresolved	unresolved
sub-9	01	01	sub-9/ses-01/run-01/tsv-row-7	7	right_hand	2	47.32	5.0	11830	13080	sub-9/ses-01/eeg/sub-9_ses-01_task-imagery_run-01_eeg.edf	1250	True		sub-09	V	s	s	0	sub-09/ses-01/eeg/sub-09_ses-01_task-MotorImageryRest_run-01_eeg.vhdr	5f5814940b6752817fa5962d7dba2c2d55f190906ec9d552b4c2639423b0cc5b	True	unresolved	unresolved
sub-9	01	01	sub-9/ses-01/run-01/tsv-row-8	8	rest	1	54.208	5.0	13552	14802	sub-9/ses-01/eeg/sub-9_ses-01_task-imagery_run-01_eeg.edf	1250	True		sub-09	V	s	s	0	sub-09/ses-01/eeg/sub-09_ses-01_task-MotorImageryRest_run-01_eeg.vhdr	5f5814940b6752817fa5962d7dba2c2d55f190906ec9d552b4c2639423b0cc5b	True	unresolved	unresolved
sub-9	01	01	sub-9/ses-01/run-01/tsv-row-9	9	right_hand	2	61.092	5.0	15273	16523	sub-9/ses-01/eeg/sub-9_ses-01_task-imagery_run-01_eeg.edf	1250	True		sub-09	V	s	s	0	sub-09/ses-01/eeg/sub-09_ses-01_task-MotorImageryRest_run-01_eeg.vhdr	5f5814940b6752817fa5962d7dba2c2d55f190906ec9d552b4c2639423b0cc5b	True	unresolved	unresolved
sub-9	01	01	sub-9/ses-01/run-01/tsv-row-10	10	rest	1	67.984	5.0	16996	18246	sub-9/ses-01/eeg/sub-9_ses-01_task-imagery_run-01_eeg.edf	1250	True		sub-09	V	s	s	0	sub-09/ses-01/eeg/sub-09_ses-01_task-MotorImageryRest_run-01_eeg.vhdr	5f5814940b6752817fa5962d7dba2c2d55f190906ec9d552b4c2639423b0cc5b	True	unresolved	unresolved
sub-9	01	01	sub-9/ses-01/run-01/tsv-row-11	11	right_hand	2	74.884	5.0	18721	19971	sub-9/ses-01/eeg/sub-9_ses-01_task-imagery_run-01_eeg.edf	1250	True		sub-09	V	s	s	0	sub-09/ses-01/eeg/sub-09_ses-01_task-MotorImageryRest_run-01_eeg.vhdr	5f5814940b6752817fa5962d7dba2c2d55f190906ec9d552b4c2639423b0cc5b	True	unresolved	unresolved
sub-9	01	01	sub-9/ses-01/run-01/tsv-row-12	12	rest	1	81.756	5.0	20439	21689	sub-9/ses-01/eeg/sub-9_ses-01_task-imagery_run-01_eeg.edf	1250	True		sub-09	V	s	s	0	sub-09/ses-01/eeg/sub-09_ses-01_task-MotorImageryRest_run-01_eeg.vhdr	5f5814940b6752817fa5962d7dba2c2d55f190906ec9d552b4c2639423b0cc5b	True	unresolved	unresolved
sub-9	01	01	sub-9/ses-01/run-01/tsv-row-13	13	rest	1	88.66	5.0	22165	23415	sub-9/ses-01/eeg/sub-9_ses-01_task-imagery_run-01_eeg.edf	1250	True		sub-09	V	s	s	0	sub-09/ses-01/eeg/sub-09_ses-01_task-MotorImageryRest_run-01_eeg.vhdr	5f5814940b6752817fa5962d7dba2c2d55f190906ec9d552b4c2639423b0cc5b	True	unresolved	unresolved
sub-9	01	01	sub-9/ses-01/run-01/tsv-row-14	14	right_hand	2	95.528	5.0	23882	25132	sub-9/ses-01/eeg/sub-9_ses-01_task-imagery_run-01_eeg.edf	1250	True		sub-09	V	s	s	0	sub-09/ses-01/eeg/sub-09_ses-01_task-MotorImageryRest_run-01_eeg.vhdr	5f5814940b6752817fa5962d7dba2c2d55f190906ec9d552b4c2639423b0cc5b	True	unresolved	unresolved
sub-9	01	01	sub-9/ses-01/run-01/tsv-row-15	15	rest	1	102.432	5.0	25608	26858	sub-9/ses-01/eeg/sub-9_ses-01_task-imagery_run-01_eeg.edf	1250	True		sub-09	V	s	s	0	sub-09/ses-01/eeg/sub-09_ses-01_task-MotorImageryRest_run-01_eeg.vhdr	5f5814940b6752817fa5962d7dba2c2d55f190906ec9d552b4c2639423b0cc5b	True	unresolved	unresolved
sub-9	01	01	sub-9/ses-01/run-01/tsv-row-16	16	right_hand	2	109.3	5.0	27325	28575	sub-9/ses-01/eeg/sub-9_ses-01_task-imagery_run-01_eeg.edf	1250	True		sub-09	V	s	s	0	sub-09/ses-01/eeg/sub-09_ses-01_task-MotorImageryRest_run-01_eeg.vhdr	5f5814940b6752817fa5962d7dba2c2d55f190906ec9d552b4c2639423b0cc5b	True	unresolved	unresolved
sub-9	01	01	sub-9/ses-01/run-01/tsv-row-17	17	right_hand	2	116.204	5.0	29051	30301	sub-9/ses-01/eeg/sub-9_ses-01_task-imagery_run-01_eeg.edf	1250	True		sub-09	V	s	s	0	sub-09/ses-01/eeg/sub-09_ses-01_task-MotorImageryRest_run-01_eeg.vhdr	5f5814940b6752817fa5962d7dba2c2d55f190906ec9d552b4c2639423b0cc5b	True	unresolved	unresolved
sub-9	01	01	sub-9/ses-01/run-01/tsv-row-18	18	rest	1	123.092	5.0	30773	32023	sub-9/ses-01/eeg/sub-9_ses-01_task-imagery_run-01_eeg.edf	1250	True		sub-09	V	s	s	0	sub-09/ses-01/eeg/sub-09_ses-01_task-MotorImageryRest_run-01_eeg.vhdr	5f5814940b6752817fa5962d7dba2c2d55f190906ec9d552b4c2639423b0cc5b	True	unresolved	unresolved
sub-9	01	01	sub-9/ses-01/run-01/tsv-row-19	19	right_hand	2	129.98	5.0	32495	33745	sub-9/ses-01/eeg/sub-9_ses-01_task-imagery_run-01_eeg.edf	1250	True		sub-09	V	s	s	0	sub-09/ses-01/eeg/sub-09_ses-01_task-MotorImageryRest_run-01_eeg.vhdr	5f5814940b6752817fa5962d7dba2c2d55f190906ec9d552b4c2639423b0cc5b	True	unresolved	unresolved
sub-9	01	01	sub-9/ses-01/run-01/tsv-row-20	20	rest	1	136.852	5.0	34213	35463	sub-9/ses-01/eeg/sub-9_ses-01_task-imagery_run-01_eeg.edf	1250	True		sub-09	V	s	s	0	sub-09/ses-01/eeg/sub-09_ses-01_task-MotorImageryRest_run-01_eeg.vhdr	5f5814940b6752817fa5962d7dba2c2d55f190906ec9d552b4c2639423b0cc5b	True	unresolved	unresolved
sub-9	01	01	sub-9/ses-01/run-01/tsv-row-21	21	rest	1	143.752	5.0	35938	37188	sub-9/ses-01/eeg/sub-9_ses-01_task-imagery_run-01_eeg.edf	1250	True		sub-09	V	s	s	0	sub-09/ses-01/eeg/sub-09_ses-01_task-MotorImageryRest_run-01_eeg.vhdr	5f5814940b6752817fa5962d7dba2c2d55f190906ec9d552b4c2639423b0cc5b	True	unresolved	unresolved
sub-9	01	01	sub-9/ses-01/run-01/tsv-row-22	22	right_hand	2	150.64	5.0	37660	38910	sub-9/ses-01/eeg/sub-9_ses-01_task-imagery_run-01_eeg.edf	1250	True		sub-09	V	s	s	0	sub-09/ses-01/eeg/sub-09_ses-01_task-MotorImageryRest_run-01_eeg.vhdr	5f5814940b6752817fa5962d7dba2c2d55f190906ec9d552b4c2639423b0cc5b	True	unresolved	unresolved
sub-9	01	01	sub-9/ses-01/run-01/tsv-row-23	23	rest	1	157.528	5.0	39382	40632	sub-9/ses-01/eeg/sub-9_ses-01_task-imagery_run-01_eeg.edf	1250	True		sub-09	V	s	s	0	sub-09/ses-01/eeg/sub-09_ses-01_task-MotorImageryRest_run-01_eeg.vhdr	5f5814940b6752817fa5962d7dba2c2d55f190906ec9d552b4c2639423b0cc5b	True	unresolved	unresolved
sub-9	01	01	sub-9/ses-01/run-01/tsv-row-24	24	right_hand	2	164.412	5.0	41103	42353	sub-9/ses-01/eeg/sub-9_ses-01_task-imagery_run-01_eeg.edf	1250	True		sub-09	V	s	s	0	sub-09/ses-01/eeg/sub-09_ses-01_task-MotorImageryRest_run-01_eeg.vhdr	5f5814940b6752817fa5962d7dba2c2d55f190906ec9d552b4c2639423b0cc5b	True	unresolved	unresolved
sub-9	01	01	sub-9/ses-01/run-01/tsv-row-25	25	rest	1	171.3	5.0	42825	44075	sub-9/ses-01/eeg/sub-9_ses-01_task-imagery_run-01_eeg.edf	1250	True		sub-09	V	s	s	0	sub-09/ses-01/eeg/sub-09_ses-01_task-MotorImageryRest_run-01_eeg.vhdr	5f5814940b6752817fa5962d7dba2c2d55f190906ec9d552b4c2639423b0cc5b	True	unresolved	unresolved
sub-9	01	01	sub-9/ses-01/run-01/tsv-row-26	26	right_hand	2	178.184	5.0	44546	45796	sub-9/ses-01/eeg/sub-9_ses-01_task-imagery_run-01_eeg.edf	1250	True		sub-09	V	s	s	0	sub-09/ses-01/eeg/sub-09_ses-01_task-MotorImageryRest_run-01_eeg.vhdr	5f5814940b6752817fa5962d7dba2c2d55f190906ec9d552b4c2639423b0cc5b	True	unresolved	unresolved
sub-9	01	01	sub-9/ses-01/run-01/tsv-row-27	27	right_hand	2	185.088	5.0	46272	47522	sub-9/ses-01/eeg/sub-9_ses-01_task-imagery_run-01_eeg.edf	1250	True		sub-09	V	s	s	0	sub-09/ses-01/eeg/sub-09_ses-01_task-MotorImageryRest_run-01_eeg.vhdr	5f5814940b6752817fa5962d7dba2c2d55f190906ec9d552b4c2639423b0cc5b	True	unresolved	unresolved
sub-9	01	01	sub-9/ses-01/run-01/tsv-row-28	28	rest	1	191.96	5.0	47990	49240	sub-9/ses-01/eeg/sub-9_ses-01_task-imagery_run-01_eeg.edf	1250	True		sub-09	V	s	s	0	sub-09/ses-01/eeg/sub-09_ses-01_task-MotorImageryRest_run-01_eeg.vhdr	5f5814940b6752817fa5962d7dba2c2d55f190906ec9d552b4c2639423b0cc5b	True	unresolved	unresolved
sub-9	01	01	sub-9/ses-01/run-01/tsv-row-29	29	right_hand	2	198.848	5.0	49712	50962	sub-9/ses-01/eeg/sub-9_ses-01_task-imagery_run-01_eeg.edf	1250	True		sub-09	V	s	s	0	sub-09/ses-01/eeg/sub-09_ses-01_task-MotorImageryRest_run-01_eeg.vhdr	5f5814940b6752817fa5962d7dba2c2d55f190906ec9d552b4c2639423b0cc5b	True	unresolved	unresolved
sub-9	01	01	sub-9/ses-01/run-01/tsv-row-30	30	rest	1	205.752	5.0	51438	52688	sub-9/ses-01/eeg/sub-9_ses-01_task-imagery_run-01_eeg.edf	1250	True		sub-09	V	s	s	0	sub-09/ses-01/eeg/sub-09_ses-01_task-MotorImageryRest_run-01_eeg.vhdr	5f5814940b6752817fa5962d7dba2c2d55f190906ec9d552b4c2639423b0cc5b	True	unresolved	unresolved
sub-9	01	01	sub-9/ses-01/run-01/tsv-row-31	31	rest	1	212.64	5.0	53160	54410	sub-9/ses-01/eeg/sub-9_ses-01_task-imagery_run-01_eeg.edf	1250	True		sub-09	V	s	s	0	sub-09/ses-01/eeg/sub-09_ses-01_task-MotorImageryRest_run-01_eeg.vhdr	5f5814940b6752817fa5962d7dba2c2d55f190906ec9d552b4c2639423b0cc5b	True	unresolved	unresolved
sub-9	01	01	sub-9/ses-01/run-01/tsv-row-32	32	right_hand	2	219.508	5.0	54877	56127	sub-9/ses-01/eeg/sub-9_ses-01_task-imagery_run-01_eeg.edf	1250	True		sub-09	V	s	s	0	sub-09/ses-01/eeg/sub-09_ses-01_task-MotorImageryRest_run-01_eeg.vhdr	5f5814940b6752817fa5962d7dba2c2d55f190906ec9d552b4c2639423b0cc5b	True	unresolved	unresolved
sub-9	01	02	sub-9/ses-01/run-02/tsv-row-1	1	right_hand	2	5.012	5.0	1253	2503	sub-9/ses-01/eeg/sub-9_ses-01_task-imagery_run-02_eeg.edf	1250	True		sub-09	V	s	s	0	sub-09/ses-01/eeg/sub-09_ses-01_task-MotorImageryRest_run-02_eeg.vhdr	42256928f6c6f55253ea1b02fda849fe4de8dab6e0556cff9bb7db106b8f128f	True	unresolved	unresolved
sub-9	01	02	sub-9/ses-01/run-02/tsv-row-2	2	rest	1	11.884	5.0	2971	4221	sub-9/ses-01/eeg/sub-9_ses-01_task-imagery_run-02_eeg.edf	1250	True		sub-09	V	s	s	0	sub-09/ses-01/eeg/sub-09_ses-01_task-MotorImageryRest_run-02_eeg.vhdr	42256928f6c6f55253ea1b02fda849fe4de8dab6e0556cff9bb7db106b8f128f	True	unresolved	unresolved
sub-9	01	02	sub-9/ses-01/run-02/tsv-row-3	3	right_hand	2	18.788	5.0	4697	5947	sub-9/ses-01/eeg/sub-9_ses-01_task-imagery_run-02_eeg.edf	1250	True		sub-09	V	s	s	0	sub-09/ses-01/eeg/sub-09_ses-01_task-MotorImageryRest_run-02_eeg.vhdr	42256928f6c6f55253ea1b02fda849fe4de8dab6e0556cff9bb7db106b8f128f	True	unresolved	unresolved
sub-9	01	02	sub-9/ses-01/run-02/tsv-row-4	4	rest	1	25.676	5.0	6419	7669	sub-9/ses-01/eeg/sub-9_ses-01_task-imagery_run-02_eeg.edf	1250	True		sub-09	V	s	s	0	sub-09/ses-01/eeg/sub-09_ses-01_task-MotorImageryRest_run-02_eeg.vhdr	42256928f6c6f55253ea1b02fda849fe4de8dab6e0556cff9bb7db106b8f128f	True	unresolved	unresolved
sub-9	01	02	sub-9/ses-01/run-02/tsv-row-5	5	rest	1	32.564	5.0	8141	9391	sub-9/ses-01/eeg/sub-9_ses-01_task-imagery_run-02_eeg.edf	1250	True		sub-09	V	s	s	0	sub-09/ses-01/eeg/sub-09_ses-01_task-MotorImageryRest_run-02_eeg.vhdr	42256928f6c6f55253ea1b02fda849fe4de8dab6e0556cff9bb7db106b8f128f	True	unresolved	unresolved
sub-9	01	02	sub-9/ses-01/run-02/tsv-row-6	6	right_hand	2	39.448	5.0	9862	11112	sub-9/ses-01/eeg/sub-9_ses-01_task-imagery_run-02_eeg.edf	1250	True		sub-09	V	s	s	0	sub-09/ses-01/eeg/sub-09_ses-01_task-MotorImageryRest_run-02_eeg.vhdr	42256928f6c6f55253ea1b02fda849fe4de8dab6e0556cff9bb7db106b8f128f	True	unresolved	unresolved
sub-9	01	02	sub-9/ses-01/run-02/tsv-row-7	7	right_hand	2	46.352	5.0	11588	12838	sub-9/ses-01/eeg/sub-9_ses-01_task-imagery_run-02_eeg.edf	1250	True		sub-09	V	s	s	0	sub-09/ses-01/eeg/sub-09_ses-01_task-MotorImageryRest_run-02_eeg.vhdr	42256928f6c6f55253ea1b02fda849fe4de8dab6e0556cff9bb7db106b8f128f	True	unresolved	unresolved
sub-9	01	02	sub-9/ses-01/run-02/tsv-row-8	8	rest	1	53.224	5.0	13306	14556	sub-9/ses-01/eeg/sub-9_ses-01_task-imagery_run-02_eeg.edf	1250	True		sub-09	V	s	s	0	sub-09/ses-01/eeg/sub-09_ses-01_task-MotorImageryRest_run-02_eeg.vhdr	42256928f6c6f55253ea1b02fda849fe4de8dab6e0556cff9bb7db106b8f128f	True	unresolved	unresolved
sub-9	01	02	sub-9/ses-01/run-02/tsv-row-9	9	rest	1	60.128	5.0	15032	16282	sub-9/ses-01/eeg/sub-9_ses-01_task-imagery_run-02_eeg.edf	1250	True		sub-09	V	s	s	0	sub-09/ses-01/eeg/sub-09_ses-01_task-MotorImageryRest_run-02_eeg.vhdr	42256928f6c6f55253ea1b02fda849fe4de8dab6e0556cff9bb7db106b8f128f	True	unresolved	unresolved
sub-9	01	02	sub-9/ses-01/run-02/tsv-row-10	10	right_hand	2	66.996	5.0	16749	17999	sub-9/ses-01/eeg/sub-9_ses-01_task-imagery_run-02_eeg.edf	1250	True		sub-09	V	s	s	0	sub-09/ses-01/eeg/sub-09_ses-01_task-MotorImageryRest_run-02_eeg.vhdr	42256928f6c6f55253ea1b02fda849fe4de8dab6e0556cff9bb7db106b8f128f	True	unresolved	unresolved
sub-9	01	02	sub-9/ses-01/run-02/tsv-row-11	11	right_hand	2	73.9	5.0	18475	19725	sub-9/ses-01/eeg/sub-9_ses-01_task-imagery_run-02_eeg.edf	1250	True		sub-09	V	s	s	0	sub-09/ses-01/eeg/sub-09_ses-01_task-MotorImageryRest_run-02_eeg.vhdr	42256928f6c6f55253ea1b02fda849fe4de8dab6e0556cff9bb7db106b8f128f	True	unresolved	unresolved
sub-9	01	02	sub-9/ses-01/run-02/tsv-row-12	12	rest	1	80.788	5.0	20197	21447	sub-9/ses-01/eeg/sub-9_ses-01_task-imagery_run-02_eeg.edf	1250	True		sub-09	V	s	s	0	sub-09/ses-01/eeg/sub-09_ses-01_task-MotorImageryRest_run-02_eeg.vhdr	42256928f6c6f55253ea1b02fda849fe4de8dab6e0556cff9bb7db106b8f128f	True	unresolved	unresolved
sub-9	01	02	sub-9/ses-01/run-02/tsv-row-13	13	rest	1	87.672	5.0	21918	23168	sub-9/ses-01/eeg/sub-9_ses-01_task-imagery_run-02_eeg.edf	1250	True		sub-09	V	s	s	0	sub-09/ses-01/eeg/sub-09_ses-01_task-MotorImageryRest_run-02_eeg.vhdr	42256928f6c6f55253ea1b02fda849fe4de8dab6e0556cff9bb7db106b8f128f	True	unresolved	unresolved
sub-9	01	02	sub-9/ses-01/run-02/tsv-row-14	14	right_hand	2	94.544	5.0	23636	24886	sub-9/ses-01/eeg/sub-9_ses-01_task-imagery_run-02_eeg.edf	1250	True		sub-09	V	s	s	0	sub-09/ses-01/eeg/sub-09_ses-01_task-MotorImageryRest_run-02_eeg.vhdr	42256928f6c6f55253ea1b02fda849fe4de8dab6e0556cff9bb7db106b8f128f	True	unresolved	unresolved
sub-9	01	02	sub-9/ses-01/run-02/tsv-row-15	15	right_hand	2	101.444	5.0	25361	26611	sub-9/ses-01/eeg/sub-9_ses-01_task-imagery_run-02_eeg.edf	1250	True		sub-09	V	s	s	0	sub-09/ses-01/eeg/sub-09_ses-01_task-MotorImageryRest_run-02_eeg.vhdr	42256928f6c6f55253ea1b02fda849fe4de8dab6e0556cff9bb7db106b8f128f	True	unresolved	unresolved
sub-9	01	02	sub-9/ses-01/run-02/tsv-row-16	16	rest	1	108.336	5.0	27084	28334	sub-9/ses-01/eeg/sub-9_ses-01_task-imagery_run-02_eeg.edf	1250	True		sub-09	V	s	s	0	sub-09/ses-01/eeg/sub-09_ses-01_task-MotorImageryRest_run-02_eeg.vhdr	42256928f6c6f55253ea1b02fda849fe4de8dab6e0556cff9bb7db106b8f128f	True	unresolved	unresolved
sub-9	01	02	sub-9/ses-01/run-02/tsv-row-17	17	right_hand	2	115.22	5.0	28805	30055	sub-9/ses-01/eeg/sub-9_ses-01_task-imagery_run-02_eeg.edf	1250	True		sub-09	V	s	s	0	sub-09/ses-01/eeg/sub-09_ses-01_task-MotorImageryRest_run-02_eeg.vhdr	42256928f6c6f55253ea1b02fda849fe4de8dab6e0556cff9bb7db106b8f128f	True	unresolved	unresolved
sub-9	01	02	sub-9/ses-01/run-02/tsv-row-18	18	rest	1	122.108	5.0	30527	31777	sub-9/ses-01/eeg/sub-9_ses-01_task-imagery_run-02_eeg.edf	1250	True		sub-09	V	s	s	0	sub-09/ses-01/eeg/sub-09_ses-01_task-MotorImageryRest_run-02_eeg.vhdr	42256928f6c6f55253ea1b02fda849fe4de8dab6e0556cff9bb7db106b8f128f	True	unresolved	unresolved
sub-9	01	02	sub-9/ses-01/run-02/tsv-row-19	19	rest	1	128.996	5.0	32249	33499	sub-9/ses-01/eeg/sub-9_ses-01_task-imagery_run-02_eeg.edf	1250	True		sub-09	V	s	s	0	sub-09/ses-01/eeg/sub-09_ses-01_task-MotorImageryRest_run-02_eeg.vhdr	42256928f6c6f55253ea1b02fda849fe4de8dab6e0556cff9bb7db106b8f128f	True	unresolved	unresolved
sub-9	01	02	sub-9/ses-01/run-02/tsv-row-20	20	right_hand	2	135.88	5.0	33970	35220	sub-9/ses-01/eeg/sub-9_ses-01_task-imagery_run-02_eeg.edf	1250	True		sub-09	V	s	s	0	sub-09/ses-01/eeg/sub-09_ses-01_task-MotorImageryRest_run-02_eeg.vhdr	42256928f6c6f55253ea1b02fda849fe4de8dab6e0556cff9bb7db106b8f128f	True	unresolved	unresolved
sub-9	01	02	sub-9/ses-01/run-02/tsv-row-21	21	right_hand	2	142.768	5.0	35692	36942	sub-9/ses-01/eeg/sub-9_ses-01_task-imagery_run-02_eeg.edf	1250	True		sub-09	V	s	s	0	sub-09/ses-01/eeg/sub-09_ses-01_task-MotorImageryRest_run-02_eeg.vhdr	42256928f6c6f55253ea1b02fda849fe4de8dab6e0556cff9bb7db106b8f128f	True	unresolved	unresolved
sub-9	01	02	sub-9/ses-01/run-02/tsv-row-22	22	rest	1	149.656	5.0	37414	38664	sub-9/ses-01/eeg/sub-9_ses-01_task-imagery_run-02_eeg.edf	1250	True		sub-09	V	s	s	0	sub-09/ses-01/eeg/sub-09_ses-01_task-MotorImageryRest_run-02_eeg.vhdr	42256928f6c6f55253ea1b02fda849fe4de8dab6e0556cff9bb7db106b8f128f	True	unresolved	unresolved
sub-9	01	02	sub-9/ses-01/run-02/tsv-row-23	23	right_hand	2	156.54	5.0	39135	40385	sub-9/ses-01/eeg/sub-9_ses-01_task-imagery_run-02_eeg.edf	1250	True		sub-09	V	s	s	0	sub-09/ses-01/eeg/sub-09_ses-01_task-MotorImageryRest_run-02_eeg.vhdr	42256928f6c6f55253ea1b02fda849fe4de8dab6e0556cff9bb7db106b8f128f	True	unresolved	unresolved
sub-9	01	02	sub-9/ses-01/run-02/tsv-row-24	24	rest	1	163.428	5.0	40857	42107	sub-9/ses-01/eeg/sub-9_ses-01_task-imagery_run-02_eeg.edf	1250	True		sub-09	V	s	s	0	sub-09/ses-01/eeg/sub-09_ses-01_task-MotorImageryRest_run-02_eeg.vhdr	42256928f6c6f55253ea1b02fda849fe4de8dab6e0556cff9bb7db106b8f128f	True	unresolved	unresolved
sub-9	01	02	sub-9/ses-01/run-02/tsv-row-25	25	rest	1	170.332	5.0	42583	43833	sub-9/ses-01/eeg/sub-9_ses-01_task-imagery_run-02_eeg.edf	1250	True		sub-09	V	s	s	0	sub-09/ses-01/eeg/sub-09_ses-01_task-MotorImageryRest_run-02_eeg.vhdr	42256928f6c6f55253ea1b02fda849fe4de8dab6e0556cff9bb7db106b8f128f	True	unresolved	unresolved
sub-9	01	02	sub-9/ses-01/run-02/tsv-row-26	26	right_hand	2	177.2	5.0	44300	45550	sub-9/ses-01/eeg/sub-9_ses-01_task-imagery_run-02_eeg.edf	1250	True		sub-09	V	s	s	0	sub-09/ses-01/eeg/sub-09_ses-01_task-MotorImageryRest_run-02_eeg.vhdr	42256928f6c6f55253ea1b02fda849fe4de8dab6e0556cff9bb7db106b8f128f	True	unresolved	unresolved
sub-9	01	02	sub-9/ses-01/run-02/tsv-row-27	27	right_hand	2	184.088	5.0	46022	47272	sub-9/ses-01/eeg/sub-9_ses-01_task-imagery_run-02_eeg.edf	1250	True		sub-09	V	s	s	0	sub-09/ses-01/eeg/sub-09_ses-01_task-MotorImageryRest_run-02_eeg.vhdr	42256928f6c6f55253ea1b02fda849fe4de8dab6e0556cff9bb7db106b8f128f	True	unresolved	unresolved
sub-9	01	02	sub-9/ses-01/run-02/tsv-row-28	28	rest	1	190.992	5.0	47748	48998	sub-9/ses-01/eeg/sub-9_ses-01_task-imagery_run-02_eeg.edf	1250	True		sub-09	V	s	s	0	sub-09/ses-01/eeg/sub-09_ses-01_task-MotorImageryRest_run-02_eeg.vhdr	42256928f6c6f55253ea1b02fda849fe4de8dab6e0556cff9bb7db106b8f128f	True	unresolved	unresolved
sub-9	01	02	sub-9/ses-01/run-02/tsv-row-29	29	rest	1	197.88	5.0	49470	50720	sub-9/ses-01/eeg/sub-9_ses-01_task-imagery_run-02_eeg.edf	1250	True		sub-09	V	s	s	0	sub-09/ses-01/eeg/sub-09_ses-01_task-MotorImageryRest_run-02_eeg.vhdr	42256928f6c6f55253ea1b02fda849fe4de8dab6e0556cff9bb7db106b8f128f	True	unresolved	unresolved
sub-9	01	02	sub-9/ses-01/run-02/tsv-row-30	30	right_hand	2	204.748	5.0	51187	52437	sub-9/ses-01/eeg/sub-9_ses-01_task-imagery_run-02_eeg.edf	1250	True		sub-09	V	s	s	0	sub-09/ses-01/eeg/sub-09_ses-01_task-MotorImageryRest_run-02_eeg.vhdr	42256928f6c6f55253ea1b02fda849fe4de8dab6e0556cff9bb7db106b8f128f	True	unresolved	unresolved
sub-9	01	02	sub-9/ses-01/run-02/tsv-row-31	31	rest	1	211.652	5.0	52913	54163	sub-9/ses-01/eeg/sub-9_ses-01_task-imagery_run-02_eeg.edf	1250	True		sub-09	V	s	s	0	sub-09/ses-01/eeg/sub-09_ses-01_task-MotorImageryRest_run-02_eeg.vhdr	42256928f6c6f55253ea1b02fda849fe4de8dab6e0556cff9bb7db106b8f128f	True	unresolved	unresolved
sub-9	01	02	sub-9/ses-01/run-02/tsv-row-32	32	right_hand	2	218.536	5.0	54634	55884	sub-9/ses-01/eeg/sub-9_ses-01_task-imagery_run-02_eeg.edf	1250	True		sub-09	V	s	s	0	sub-09/ses-01/eeg/sub-09_ses-01_task-MotorImageryRest_run-02_eeg.vhdr	42256928f6c6f55253ea1b02fda849fe4de8dab6e0556cff9bb7db106b8f128f	True	unresolved	unresolved
sub-9	01	03	sub-9/ses-01/run-03/tsv-row-1	1	rest	1	6.012	5.0	1503	2753	sub-9/ses-01/eeg/sub-9_ses-01_task-imagery_run-03_eeg.edf	1250	True		sub-09	V	s	s	0	sub-09/ses-01/eeg/sub-09_ses-01_task-MotorImageryRest_run-03_eeg.vhdr	e5d396286f943e51a0c33e70fe371c7f233a52fc7cba9c3da77c9304581f131b	True	unresolved	unresolved
sub-9	01	03	sub-9/ses-01/run-03/tsv-row-2	2	right_hand	2	12.9	5.0	3225	4475	sub-9/ses-01/eeg/sub-9_ses-01_task-imagery_run-03_eeg.edf	1250	True		sub-09	V	s	s	0	sub-09/ses-01/eeg/sub-09_ses-01_task-MotorImageryRest_run-03_eeg.vhdr	e5d396286f943e51a0c33e70fe371c7f233a52fc7cba9c3da77c9304581f131b	True	unresolved	unresolved
sub-9	01	03	sub-9/ses-01/run-03/tsv-row-3	3	rest	1	19.788	5.0	4947	6197	sub-9/ses-01/eeg/sub-9_ses-01_task-imagery_run-03_eeg.edf	1250	True		sub-09	V	s	s	0	sub-09/ses-01/eeg/sub-09_ses-01_task-MotorImageryRest_run-03_eeg.vhdr	e5d396286f943e51a0c33e70fe371c7f233a52fc7cba9c3da77c9304581f131b	True	unresolved	unresolved
sub-9	01	03	sub-9/ses-01/run-03/tsv-row-4	4	right_hand	2	26.688	5.0	6672	7922	sub-9/ses-01/eeg/sub-9_ses-01_task-imagery_run-03_eeg.edf	1250	True		sub-09	V	s	s	0	sub-09/ses-01/eeg/sub-09_ses-01_task-MotorImageryRest_run-03_eeg.vhdr	e5d396286f943e51a0c33e70fe371c7f233a52fc7cba9c3da77c9304581f131b	True	unresolved	unresolved
sub-9	01	03	sub-9/ses-01/run-03/tsv-row-5	5	right_hand	2	33.576	5.0	8394	9644	sub-9/ses-01/eeg/sub-9_ses-01_task-imagery_run-03_eeg.edf	1250	True		sub-09	V	s	s	0	sub-09/ses-01/eeg/sub-09_ses-01_task-MotorImageryRest_run-03_eeg.vhdr	e5d396286f943e51a0c33e70fe371c7f233a52fc7cba9c3da77c9304581f131b	True	unresolved	unresolved
sub-9	01	03	sub-9/ses-01/run-03/tsv-row-6	6	rest	1	40.448	5.0	10112	11362	sub-9/ses-01/eeg/sub-9_ses-01_task-imagery_run-03_eeg.edf	1250	True		sub-09	V	s	s	0	sub-09/ses-01/eeg/sub-09_ses-01_task-MotorImageryRest_run-03_eeg.vhdr	e5d396286f943e51a0c33e70fe371c7f233a52fc7cba9c3da77c9304581f131b	True	unresolved	unresolved
sub-9	01	03	sub-9/ses-01/run-03/tsv-row-7	7	rest	1	47.352	5.0	11838	13088	sub-9/ses-01/eeg/sub-9_ses-01_task-imagery_run-03_eeg.edf	1250	True		sub-09	V	s	s	0	sub-09/ses-01/eeg/sub-09_ses-01_task-MotorImageryRest_run-03_eeg.vhdr	e5d396286f943e51a0c33e70fe371c7f233a52fc7cba9c3da77c9304581f131b	True	unresolved	unresolved
sub-9	01	03	sub-9/ses-01/run-03/tsv-row-8	8	right_hand	2	54.236	5.0	13559	14809	sub-9/ses-01/eeg/sub-9_ses-01_task-imagery_run-03_eeg.edf	1250	True		sub-09	V	s	s	0	sub-09/ses-01/eeg/sub-09_ses-01_task-MotorImageryRest_run-03_eeg.vhdr	e5d396286f943e51a0c33e70fe371c7f233a52fc7cba9c3da77c9304581f131b	True	unresolved	unresolved
sub-9	01	03	sub-9/ses-01/run-03/tsv-row-9	9	right_hand	2	61.124	5.0	15281	16531	sub-9/ses-01/eeg/sub-9_ses-01_task-imagery_run-03_eeg.edf	1250	True		sub-09	V	s	s	0	sub-09/ses-01/eeg/sub-09_ses-01_task-MotorImageryRest_run-03_eeg.vhdr	e5d396286f943e51a0c33e70fe371c7f233a52fc7cba9c3da77c9304581f131b	True	unresolved	unresolved
sub-9	01	03	sub-9/ses-01/run-03/tsv-row-10	10	rest	1	68.012	5.0	17003	18253	sub-9/ses-01/eeg/sub-9_ses-01_task-imagery_run-03_eeg.edf	1250	True		sub-09	V	s	s	0	sub-09/ses-01/eeg/sub-09_ses-01_task-MotorImageryRest_run-03_eeg.vhdr	e5d396286f943e51a0c33e70fe371c7f233a52fc7cba9c3da77c9304581f131b	True	unresolved	unresolved
sub-9	01	03	sub-9/ses-01/run-03/tsv-row-11	11	right_hand	2	74.896	5.0	18724	19974	sub-9/ses-01/eeg/sub-9_ses-01_task-imagery_run-03_eeg.edf	1250	True		sub-09	V	s	s	0	sub-09/ses-01/eeg/sub-09_ses-01_task-MotorImageryRest_run-03_eeg.vhdr	e5d396286f943e51a0c33e70fe371c7f233a52fc7cba9c3da77c9304581f131b	True	unresolved	unresolved
sub-9	01	03	sub-9/ses-01/run-03/tsv-row-12	12	rest	1	81.784	5.0	20446	21696	sub-9/ses-01/eeg/sub-9_ses-01_task-imagery_run-03_eeg.edf	1250	True		sub-09	V	s	s	0	sub-09/ses-01/eeg/sub-09_ses-01_task-MotorImageryRest_run-03_eeg.vhdr	e5d396286f943e51a0c33e70fe371c7f233a52fc7cba9c3da77c9304581f131b	True	unresolved	unresolved
sub-9	01	03	sub-9/ses-01/run-03/tsv-row-13	13	rest	1	88.688	5.0	22172	23422	sub-9/ses-01/eeg/sub-9_ses-01_task-imagery_run-03_eeg.edf	1250	True		sub-09	V	s	s	0	sub-09/ses-01/eeg/sub-09_ses-01_task-MotorImageryRest_run-03_eeg.vhdr	e5d396286f943e51a0c33e70fe371c7f233a52fc7cba9c3da77c9304581f131b	True	unresolved	unresolved
sub-9	01	03	sub-9/ses-01/run-03/tsv-row-14	14	right_hand	2	95.556	5.0	23889	25139	sub-9/ses-01/eeg/sub-9_ses-01_task-imagery_run-03_eeg.edf	1250	True		sub-09	V	s	s	0	sub-09/ses-01/eeg/sub-09_ses-01_task-MotorImageryRest_run-03_eeg.vhdr	e5d396286f943e51a0c33e70fe371c7f233a52fc7cba9c3da77c9304581f131b	True	unresolved	unresolved
sub-9	01	03	sub-9/ses-01/run-03/tsv-row-15	15	rest	1	102.444	5.0	25611	26861	sub-9/ses-01/eeg/sub-9_ses-01_task-imagery_run-03_eeg.edf	1250	True		sub-09	V	s	s	0	sub-09/ses-01/eeg/sub-09_ses-01_task-MotorImageryRest_run-03_eeg.vhdr	e5d396286f943e51a0c33e70fe371c7f233a52fc7cba9c3da77c9304581f131b	True	unresolved	unresolved
sub-9	01	03	sub-9/ses-01/run-03/tsv-row-16	16	right_hand	2	109.348	5.0	27337	28587	sub-9/ses-01/eeg/sub-9_ses-01_task-imagery_run-03_eeg.edf	1250	True		sub-09	V	s	s	0	sub-09/ses-01/eeg/sub-09_ses-01_task-MotorImageryRest_run-03_eeg.vhdr	e5d396286f943e51a0c33e70fe371c7f233a52fc7cba9c3da77c9304581f131b	True	unresolved	unresolved
sub-9	01	03	sub-9/ses-01/run-03/tsv-row-17	17	right_hand	2	116.232	5.0	29058	30308	sub-9/ses-01/eeg/sub-9_ses-01_task-imagery_run-03_eeg.edf	1250	True		sub-09	V	s	s	0	sub-09/ses-01/eeg/sub-09_ses-01_task-MotorImageryRest_run-03_eeg.vhdr	e5d396286f943e51a0c33e70fe371c7f233a52fc7cba9c3da77c9304581f131b	True	unresolved	unresolved
sub-9	01	03	sub-9/ses-01/run-03/tsv-row-18	18	rest	1	123.104	5.0	30776	32026	sub-9/ses-01/eeg/sub-9_ses-01_task-imagery_run-03_eeg.edf	1250	True		sub-09	V	s	s	0	sub-09/ses-01/eeg/sub-09_ses-01_task-MotorImageryRest_run-03_eeg.vhdr	e5d396286f943e51a0c33e70fe371c7f233a52fc7cba9c3da77c9304581f131b	True	unresolved	unresolved
sub-9	01	03	sub-9/ses-01/run-03/tsv-row-19	19	right_hand	2	130.008	5.0	32502	33752	sub-9/ses-01/eeg/sub-9_ses-01_task-imagery_run-03_eeg.edf	1250	True		sub-09	V	s	s	0	sub-09/ses-01/eeg/sub-09_ses-01_task-MotorImageryRest_run-03_eeg.vhdr	e5d396286f943e51a0c33e70fe371c7f233a52fc7cba9c3da77c9304581f131b	True	unresolved	unresolved
sub-9	01	03	sub-9/ses-01/run-03/tsv-row-20	20	rest	1	136.896	5.0	34224	35474	sub-9/ses-01/eeg/sub-9_ses-01_task-imagery_run-03_eeg.edf	1250	True		sub-09	V	s	s	0	sub-09/ses-01/eeg/sub-09_ses-01_task-MotorImageryRest_run-03_eeg.vhdr	e5d396286f943e51a0c33e70fe371c7f233a52fc7cba9c3da77c9304581f131b	True	unresolved	unresolved
sub-9	01	03	sub-9/ses-01/run-03/tsv-row-21	21	rest	1	143.764	5.0	35941	37191	sub-9/ses-01/eeg/sub-9_ses-01_task-imagery_run-03_eeg.edf	1250	True		sub-09	V	s	s	0	sub-09/ses-01/eeg/sub-09_ses-01_task-MotorImageryRest_run-03_eeg.vhdr	e5d396286f943e51a0c33e70fe371c7f233a52fc7cba9c3da77c9304581f131b	True	unresolved	unresolved
sub-9	01	03	sub-9/ses-01/run-03/tsv-row-22	22	right_hand	2	150.668	5.0	37667	38917	sub-9/ses-01/eeg/sub-9_ses-01_task-imagery_run-03_eeg.edf	1250	True		sub-09	V	s	s	0	sub-09/ses-01/eeg/sub-09_ses-01_task-MotorImageryRest_run-03_eeg.vhdr	e5d396286f943e51a0c33e70fe371c7f233a52fc7cba9c3da77c9304581f131b	True	unresolved	unresolved
sub-9	01	03	sub-9/ses-01/run-03/tsv-row-23	23	right_hand	2	157.556	5.0	39389	40639	sub-9/ses-01/eeg/sub-9_ses-01_task-imagery_run-03_eeg.edf	1250	True		sub-09	V	s	s	0	sub-09/ses-01/eeg/sub-09_ses-01_task-MotorImageryRest_run-03_eeg.vhdr	e5d396286f943e51a0c33e70fe371c7f233a52fc7cba9c3da77c9304581f131b	True	unresolved	unresolved
sub-9	01	03	sub-9/ses-01/run-03/tsv-row-24	24	rest	1	164.444	5.0	41111	42361	sub-9/ses-01/eeg/sub-9_ses-01_task-imagery_run-03_eeg.edf	1250	True		sub-09	V	s	s	0	sub-09/ses-01/eeg/sub-09_ses-01_task-MotorImageryRest_run-03_eeg.vhdr	e5d396286f943e51a0c33e70fe371c7f233a52fc7cba9c3da77c9304581f131b	True	unresolved	unresolved
sub-9	01	03	sub-9/ses-01/run-03/tsv-row-25	25	rest	1	171.332	5.0	42833	44083	sub-9/ses-01/eeg/sub-9_ses-01_task-imagery_run-03_eeg.edf	1250	True		sub-09	V	s	s	0	sub-09/ses-01/eeg/sub-09_ses-01_task-MotorImageryRest_run-03_eeg.vhdr	e5d396286f943e51a0c33e70fe371c7f233a52fc7cba9c3da77c9304581f131b	True	unresolved	unresolved
sub-9	01	03	sub-9/ses-01/run-03/tsv-row-26	26	right_hand	2	178.216	5.0	44554	45804	sub-9/ses-01/eeg/sub-9_ses-01_task-imagery_run-03_eeg.edf	1250	True		sub-09	V	s	s	0	sub-09/ses-01/eeg/sub-09_ses-01_task-MotorImageryRest_run-03_eeg.vhdr	e5d396286f943e51a0c33e70fe371c7f233a52fc7cba9c3da77c9304581f131b	True	unresolved	unresolved
sub-9	01	03	sub-9/ses-01/run-03/tsv-row-27	27	right_hand	2	185.1	5.0	46275	47525	sub-9/ses-01/eeg/sub-9_ses-01_task-imagery_run-03_eeg.edf	1250	True		sub-09	V	s	s	0	sub-09/ses-01/eeg/sub-09_ses-01_task-MotorImageryRest_run-03_eeg.vhdr	e5d396286f943e51a0c33e70fe371c7f233a52fc7cba9c3da77c9304581f131b	True	unresolved	unresolved
sub-9	01	03	sub-9/ses-01/run-03/tsv-row-28	28	rest	1	191.992	5.0	47998	49248	sub-9/ses-01/eeg/sub-9_ses-01_task-imagery_run-03_eeg.edf	1250	True		sub-09	V	s	s	0	sub-09/ses-01/eeg/sub-09_ses-01_task-MotorImageryRest_run-03_eeg.vhdr	e5d396286f943e51a0c33e70fe371c7f233a52fc7cba9c3da77c9304581f131b	True	unresolved	unresolved
sub-9	01	03	sub-9/ses-01/run-03/tsv-row-29	29	rest	1	198.876	5.0	49719	50969	sub-9/ses-01/eeg/sub-9_ses-01_task-imagery_run-03_eeg.edf	1250	True		sub-09	V	s	s	0	sub-09/ses-01/eeg/sub-09_ses-01_task-MotorImageryRest_run-03_eeg.vhdr	e5d396286f943e51a0c33e70fe371c7f233a52fc7cba9c3da77c9304581f131b	True	unresolved	unresolved
sub-9	01	03	sub-9/ses-01/run-03/tsv-row-30	30	right_hand	2	205.76	5.0	51440	52690	sub-9/ses-01/eeg/sub-9_ses-01_task-imagery_run-03_eeg.edf	1250	True		sub-09	V	s	s	0	sub-09/ses-01/eeg/sub-09_ses-01_task-MotorImageryRest_run-03_eeg.vhdr	e5d396286f943e51a0c33e70fe371c7f233a52fc7cba9c3da77c9304581f131b	True	unresolved	unresolved
sub-9	01	03	sub-9/ses-01/run-03/tsv-row-31	31	right_hand	2	212.648	5.0	53162	54412	sub-9/ses-01/eeg/sub-9_ses-01_task-imagery_run-03_eeg.edf	1250	True		sub-09	V	s	s	0	sub-09/ses-01/eeg/sub-09_ses-01_task-MotorImageryRest_run-03_eeg.vhdr	e5d396286f943e51a0c33e70fe371c7f233a52fc7cba9c3da77c9304581f131b	True	unresolved	unresolved
sub-9	01	03	sub-9/ses-01/run-03/tsv-row-32	32	rest	1	219.556	5.0	54889	56139	sub-9/ses-01/eeg/sub-9_ses-01_task-imagery_run-03_eeg.edf	1250	True		sub-09	V	s	s	0	sub-09/ses-01/eeg/sub-09_ses-01_task-MotorImageryRest_run-03_eeg.vhdr	e5d396286f943e51a0c33e70fe371c7f233a52fc7cba9c3da77c9304581f131b	True	unresolved	unresolved
sub-9	01	04	sub-9/ses-01/run-04/tsv-row-1	1	rest	1	5.544	5.0	1386	2636	sub-9/ses-01/eeg/sub-9_ses-01_task-imagery_run-04_eeg.edf	1250	True		sub-09	V	s	s	0	sub-09/ses-01/eeg/sub-09_ses-01_task-MotorImageryRest_run-04_eeg.vhdr	290620c0b350faa2ca337228fcd422f2b4237ce9e0d4184dd9a70b7f7652ef9a	True	unresolved	unresolved
sub-9	01	04	sub-9/ses-01/run-04/tsv-row-2	2	right_hand	2	12.432	5.0	3108	4358	sub-9/ses-01/eeg/sub-9_ses-01_task-imagery_run-04_eeg.edf	1250	True		sub-09	V	s	s	0	sub-09/ses-01/eeg/sub-09_ses-01_task-MotorImageryRest_run-04_eeg.vhdr	290620c0b350faa2ca337228fcd422f2b4237ce9e0d4184dd9a70b7f7652ef9a	True	unresolved	unresolved
sub-9	01	04	sub-9/ses-01/run-04/tsv-row-3	3	rest	1	19.32	5.0	4830	6080	sub-9/ses-01/eeg/sub-9_ses-01_task-imagery_run-04_eeg.edf	1250	True		sub-09	V	s	s	0	sub-09/ses-01/eeg/sub-09_ses-01_task-MotorImageryRest_run-04_eeg.vhdr	290620c0b350faa2ca337228fcd422f2b4237ce9e0d4184dd9a70b7f7652ef9a	True	unresolved	unresolved
sub-9	01	04	sub-9/ses-01/run-04/tsv-row-4	4	right_hand	2	26.204	5.0	6551	7801	sub-9/ses-01/eeg/sub-9_ses-01_task-imagery_run-04_eeg.edf	1250	True		sub-09	V	s	s	0	sub-09/ses-01/eeg/sub-09_ses-01_task-MotorImageryRest_run-04_eeg.vhdr	290620c0b350faa2ca337228fcd422f2b4237ce9e0d4184dd9a70b7f7652ef9a	True	unresolved	unresolved
sub-9	01	04	sub-9/ses-01/run-04/tsv-row-5	5	rest	1	33.096	5.0	8274	9524	sub-9/ses-01/eeg/sub-9_ses-01_task-imagery_run-04_eeg.edf	1250	True		sub-09	V	s	s	0	sub-09/ses-01/eeg/sub-09_ses-01_task-MotorImageryRest_run-04_eeg.vhdr	290620c0b350faa2ca337228fcd422f2b4237ce9e0d4184dd9a70b7f7652ef9a	True	unresolved	unresolved
sub-9	01	04	sub-9/ses-01/run-04/tsv-row-6	6	right_hand	2	39.98	5.0	9995	11245	sub-9/ses-01/eeg/sub-9_ses-01_task-imagery_run-04_eeg.edf	1250	True		sub-09	V	s	s	0	sub-09/ses-01/eeg/sub-09_ses-01_task-MotorImageryRest_run-04_eeg.vhdr	290620c0b350faa2ca337228fcd422f2b4237ce9e0d4184dd9a70b7f7652ef9a	True	unresolved	unresolved
sub-9	01	04	sub-9/ses-01/run-04/tsv-row-7	7	rest	1	46.868	5.0	11717	12967	sub-9/ses-01/eeg/sub-9_ses-01_task-imagery_run-04_eeg.edf	1250	True		sub-09	V	s	s	0	sub-09/ses-01/eeg/sub-09_ses-01_task-MotorImageryRest_run-04_eeg.vhdr	290620c0b350faa2ca337228fcd422f2b4237ce9e0d4184dd9a70b7f7652ef9a	True	unresolved	unresolved
sub-9	01	04	sub-9/ses-01/run-04/tsv-row-8	8	right_hand	2	53.752	5.0	13438	14688	sub-9/ses-01/eeg/sub-9_ses-01_task-imagery_run-04_eeg.edf	1250	True		sub-09	V	s	s	0	sub-09/ses-01/eeg/sub-09_ses-01_task-MotorImageryRest_run-04_eeg.vhdr	290620c0b350faa2ca337228fcd422f2b4237ce9e0d4184dd9a70b7f7652ef9a	True	unresolved	unresolved
sub-9	01	04	sub-9/ses-01/run-04/tsv-row-9	9	right_hand	2	60.656	5.0	15164	16414	sub-9/ses-01/eeg/sub-9_ses-01_task-imagery_run-04_eeg.edf	1250	True		sub-09	V	s	s	0	sub-09/ses-01/eeg/sub-09_ses-01_task-MotorImageryRest_run-04_eeg.vhdr	290620c0b350faa2ca337228fcd422f2b4237ce9e0d4184dd9a70b7f7652ef9a	True	unresolved	unresolved
sub-9	01	04	sub-9/ses-01/run-04/tsv-row-10	10	rest	1	67.544	5.0	16886	18136	sub-9/ses-01/eeg/sub-9_ses-01_task-imagery_run-04_eeg.edf	1250	True		sub-09	V	s	s	0	sub-09/ses-01/eeg/sub-09_ses-01_task-MotorImageryRest_run-04_eeg.vhdr	290620c0b350faa2ca337228fcd422f2b4237ce9e0d4184dd9a70b7f7652ef9a	True	unresolved	unresolved
sub-9	01	04	sub-9/ses-01/run-04/tsv-row-11	11	rest	1	74.432	5.0	18608	19858	sub-9/ses-01/eeg/sub-9_ses-01_task-imagery_run-04_eeg.edf	1250	True		sub-09	V	s	s	0	sub-09/ses-01/eeg/sub-09_ses-01_task-MotorImageryRest_run-04_eeg.vhdr	290620c0b350faa2ca337228fcd422f2b4237ce9e0d4184dd9a70b7f7652ef9a	True	unresolved	unresolved
sub-9	01	04	sub-9/ses-01/run-04/tsv-row-12	12	right_hand	2	81.3	5.0	20325	21575	sub-9/ses-01/eeg/sub-9_ses-01_task-imagery_run-04_eeg.edf	1250	True		sub-09	V	s	s	0	sub-09/ses-01/eeg/sub-09_ses-01_task-MotorImageryRest_run-04_eeg.vhdr	290620c0b350faa2ca337228fcd422f2b4237ce9e0d4184dd9a70b7f7652ef9a	True	unresolved	unresolved
sub-9	01	04	sub-9/ses-01/run-04/tsv-row-13	13	right_hand	2	88.204	5.0	22051	23301	sub-9/ses-01/eeg/sub-9_ses-01_task-imagery_run-04_eeg.edf	1250	True		sub-09	V	s	s	0	sub-09/ses-01/eeg/sub-09_ses-01_task-MotorImageryRest_run-04_eeg.vhdr	290620c0b350faa2ca337228fcd422f2b4237ce9e0d4184dd9a70b7f7652ef9a	True	unresolved	unresolved
sub-9	01	04	sub-9/ses-01/run-04/tsv-row-14	14	rest	1	95.092	5.0	23773	25023	sub-9/ses-01/eeg/sub-9_ses-01_task-imagery_run-04_eeg.edf	1250	True		sub-09	V	s	s	0	sub-09/ses-01/eeg/sub-09_ses-01_task-MotorImageryRest_run-04_eeg.vhdr	290620c0b350faa2ca337228fcd422f2b4237ce9e0d4184dd9a70b7f7652ef9a	True	unresolved	unresolved
sub-9	01	04	sub-9/ses-01/run-04/tsv-row-15	15	right_hand	2	101.96	5.0	25490	26740	sub-9/ses-01/eeg/sub-9_ses-01_task-imagery_run-04_eeg.edf	1250	True		sub-09	V	s	s	0	sub-09/ses-01/eeg/sub-09_ses-01_task-MotorImageryRest_run-04_eeg.vhdr	290620c0b350faa2ca337228fcd422f2b4237ce9e0d4184dd9a70b7f7652ef9a	True	unresolved	unresolved
sub-9	01	04	sub-9/ses-01/run-04/tsv-row-16	16	rest	1	108.864	5.0	27216	28466	sub-9/ses-01/eeg/sub-9_ses-01_task-imagery_run-04_eeg.edf	1250	True		sub-09	V	s	s	0	sub-09/ses-01/eeg/sub-09_ses-01_task-MotorImageryRest_run-04_eeg.vhdr	290620c0b350faa2ca337228fcd422f2b4237ce9e0d4184dd9a70b7f7652ef9a	True	unresolved	unresolved
sub-9	01	04	sub-9/ses-01/run-04/tsv-row-17	17	right_hand	2	115.752	5.0	28938	30188	sub-9/ses-01/eeg/sub-9_ses-01_task-imagery_run-04_eeg.edf	1250	True		sub-09	V	s	s	0	sub-09/ses-01/eeg/sub-09_ses-01_task-MotorImageryRest_run-04_eeg.vhdr	290620c0b350faa2ca337228fcd422f2b4237ce9e0d4184dd9a70b7f7652ef9a	True	unresolved	unresolved
sub-9	01	04	sub-9/ses-01/run-04/tsv-row-18	18	rest	1	122.64	5.0	30660	31910	sub-9/ses-01/eeg/sub-9_ses-01_task-imagery_run-04_eeg.edf	1250	True		sub-09	V	s	s	0	sub-09/ses-01/eeg/sub-09_ses-01_task-MotorImageryRest_run-04_eeg.vhdr	290620c0b350faa2ca337228fcd422f2b4237ce9e0d4184dd9a70b7f7652ef9a	True	unresolved	unresolved
sub-9	01	04	sub-9/ses-01/run-04/tsv-row-19	19	right_hand	2	129.524	5.0	32381	33631	sub-9/ses-01/eeg/sub-9_ses-01_task-imagery_run-04_eeg.edf	1250	True		sub-09	V	s	s	0	sub-09/ses-01/eeg/sub-09_ses-01_task-MotorImageryRest_run-04_eeg.vhdr	290620c0b350faa2ca337228fcd422f2b4237ce9e0d4184dd9a70b7f7652ef9a	True	unresolved	unresolved
sub-9	01	04	sub-9/ses-01/run-04/tsv-row-20	20	rest	1	136.412	5.0	34103	35353	sub-9/ses-01/eeg/sub-9_ses-01_task-imagery_run-04_eeg.edf	1250	True		sub-09	V	s	s	0	sub-09/ses-01/eeg/sub-09_ses-01_task-MotorImageryRest_run-04_eeg.vhdr	290620c0b350faa2ca337228fcd422f2b4237ce9e0d4184dd9a70b7f7652ef9a	True	unresolved	unresolved
sub-9	01	04	sub-9/ses-01/run-04/tsv-row-21	21	rest	1	143.3	5.0	35825	37075	sub-9/ses-01/eeg/sub-9_ses-01_task-imagery_run-04_eeg.edf	1250	True		sub-09	V	s	s	0	sub-09/ses-01/eeg/sub-09_ses-01_task-MotorImageryRest_run-04_eeg.vhdr	290620c0b350faa2ca337228fcd422f2b4237ce9e0d4184dd9a70b7f7652ef9a	True	unresolved	unresolved
sub-9	01	04	sub-9/ses-01/run-04/tsv-row-22	22	right_hand	2	150.2	5.0	37550	38800	sub-9/ses-01/eeg/sub-9_ses-01_task-imagery_run-04_eeg.edf	1250	True		sub-09	V	s	s	0	sub-09/ses-01/eeg/sub-09_ses-01_task-MotorImageryRest_run-04_eeg.vhdr	290620c0b350faa2ca337228fcd422f2b4237ce9e0d4184dd9a70b7f7652ef9a	True	unresolved	unresolved
sub-9	01	04	sub-9/ses-01/run-04/tsv-row-23	23	right_hand	2	157.072	5.0	39268	40518	sub-9/ses-01/eeg/sub-9_ses-01_task-imagery_run-04_eeg.edf	1250	True		sub-09	V	s	s	0	sub-09/ses-01/eeg/sub-09_ses-01_task-MotorImageryRest_run-04_eeg.vhdr	290620c0b350faa2ca337228fcd422f2b4237ce9e0d4184dd9a70b7f7652ef9a	True	unresolved	unresolved
sub-9	01	04	sub-9/ses-01/run-04/tsv-row-24	24	rest	1	163.96	5.0	40990	42240	sub-9/ses-01/eeg/sub-9_ses-01_task-imagery_run-04_eeg.edf	1250	True		sub-09	V	s	s	0	sub-09/ses-01/eeg/sub-09_ses-01_task-MotorImageryRest_run-04_eeg.vhdr	290620c0b350faa2ca337228fcd422f2b4237ce9e0d4184dd9a70b7f7652ef9a	True	unresolved	unresolved
sub-9	01	04	sub-9/ses-01/run-04/tsv-row-25	25	right_hand	2	170.86	5.0	42715	43965	sub-9/ses-01/eeg/sub-9_ses-01_task-imagery_run-04_eeg.edf	1250	True		sub-09	V	s	s	0	sub-09/ses-01/eeg/sub-09_ses-01_task-MotorImageryRest_run-04_eeg.vhdr	290620c0b350faa2ca337228fcd422f2b4237ce9e0d4184dd9a70b7f7652ef9a	True	unresolved	unresolved
sub-9	01	04	sub-9/ses-01/run-04/tsv-row-26	26	rest	1	177.752	5.0	44438	45688	sub-9/ses-01/eeg/sub-9_ses-01_task-imagery_run-04_eeg.edf	1250	True		sub-09	V	s	s	0	sub-09/ses-01/eeg/sub-09_ses-01_task-MotorImageryRest_run-04_eeg.vhdr	290620c0b350faa2ca337228fcd422f2b4237ce9e0d4184dd9a70b7f7652ef9a	True	unresolved	unresolved
sub-9	01	04	sub-9/ses-01/run-04/tsv-row-27	27	right_hand	2	184.62	5.0	46155	47405	sub-9/ses-01/eeg/sub-9_ses-01_task-imagery_run-04_eeg.edf	1250	True		sub-09	V	s	s	0	sub-09/ses-01/eeg/sub-09_ses-01_task-MotorImageryRest_run-04_eeg.vhdr	290620c0b350faa2ca337228fcd422f2b4237ce9e0d4184dd9a70b7f7652ef9a	True	unresolved	unresolved
sub-9	01	04	sub-9/ses-01/run-04/tsv-row-28	28	rest	1	191.508	5.0	47877	49127	sub-9/ses-01/eeg/sub-9_ses-01_task-imagery_run-04_eeg.edf	1250	True		sub-09	V	s	s	0	sub-09/ses-01/eeg/sub-09_ses-01_task-MotorImageryRest_run-04_eeg.vhdr	290620c0b350faa2ca337228fcd422f2b4237ce9e0d4184dd9a70b7f7652ef9a	True	unresolved	unresolved
sub-9	01	04	sub-9/ses-01/run-04/tsv-row-29	29	rest	1	198.412	5.0	49603	50853	sub-9/ses-01/eeg/sub-9_ses-01_task-imagery_run-04_eeg.edf	1250	True		sub-09	V	s	s	0	sub-09/ses-01/eeg/sub-09_ses-01_task-MotorImageryRest_run-04_eeg.vhdr	290620c0b350faa2ca337228fcd422f2b4237ce9e0d4184dd9a70b7f7652ef9a	True	unresolved	unresolved
sub-9	01	04	sub-9/ses-01/run-04/tsv-row-30	30	right_hand	2	205.296	5.0	51324	52574	sub-9/ses-01/eeg/sub-9_ses-01_task-imagery_run-04_eeg.edf	1250	True		sub-09	V	s	s	0	sub-09/ses-01/eeg/sub-09_ses-01_task-MotorImageryRest_run-04_eeg.vhdr	290620c0b350faa2ca337228fcd422f2b4237ce9e0d4184dd9a70b7f7652ef9a	True	unresolved	unresolved
sub-9	01	04	sub-9/ses-01/run-04/tsv-row-31	31	rest	1	212.168	5.0	53042	54292	sub-9/ses-01/eeg/sub-9_ses-01_task-imagery_run-04_eeg.edf	1250	True		sub-09	V	s	s	0	sub-09/ses-01/eeg/sub-09_ses-01_task-MotorImageryRest_run-04_eeg.vhdr	290620c0b350faa2ca337228fcd422f2b4237ce9e0d4184dd9a70b7f7652ef9a	True	unresolved	unresolved
sub-9	01	04	sub-9/ses-01/run-04/tsv-row-32	32	right_hand	2	219.068	5.0	54767	56017	sub-9/ses-01/eeg/sub-9_ses-01_task-imagery_run-04_eeg.edf	1250	True		sub-09	V	s	s	0	sub-09/ses-01/eeg/sub-09_ses-01_task-MotorImageryRest_run-04_eeg.vhdr	290620c0b350faa2ca337228fcd422f2b4237ce9e0d4184dd9a70b7f7652ef9a	True	unresolved	unresolved
sub-9	01	05	sub-9/ses-01/run-05/tsv-row-1	1	right_hand	2	5.544	5.0	1386	2636	sub-9/ses-01/eeg/sub-9_ses-01_task-imagery_run-05_eeg.edf	1250	True		sub-09	V	s	s	0	sub-09/ses-01/eeg/sub-09_ses-01_task-MotorImageryRest_run-05_eeg.vhdr	9d1b8633d16169972cdc20854e555e2e9febf215c9fd3d137aaaefe934692d8d	True	unresolved	unresolved
sub-9	01	05	sub-9/ses-01/run-05/tsv-row-2	2	rest	1	12.432	5.0	3108	4358	sub-9/ses-01/eeg/sub-9_ses-01_task-imagery_run-05_eeg.edf	1250	True		sub-09	V	s	s	0	sub-09/ses-01/eeg/sub-09_ses-01_task-MotorImageryRest_run-05_eeg.vhdr	9d1b8633d16169972cdc20854e555e2e9febf215c9fd3d137aaaefe934692d8d	True	unresolved	unresolved
sub-9	01	05	sub-9/ses-01/run-05/tsv-row-3	3	right_hand	2	19.32	5.0	4830	6080	sub-9/ses-01/eeg/sub-9_ses-01_task-imagery_run-05_eeg.edf	1250	True		sub-09	V	s	s	0	sub-09/ses-01/eeg/sub-09_ses-01_task-MotorImageryRest_run-05_eeg.vhdr	9d1b8633d16169972cdc20854e555e2e9febf215c9fd3d137aaaefe934692d8d	True	unresolved	unresolved
sub-9	01	05	sub-9/ses-01/run-05/tsv-row-4	4	rest	1	26.204	5.0	6551	7801	sub-9/ses-01/eeg/sub-9_ses-01_task-imagery_run-05_eeg.edf	1250	True		sub-09	V	s	s	0	sub-09/ses-01/eeg/sub-09_ses-01_task-MotorImageryRest_run-05_eeg.vhdr	9d1b8633d16169972cdc20854e555e2e9febf215c9fd3d137aaaefe934692d8d	True	unresolved	unresolved
sub-9	01	05	sub-9/ses-01/run-05/tsv-row-5	5	rest	1	33.096	5.0	8274	9524	sub-9/ses-01/eeg/sub-9_ses-01_task-imagery_run-05_eeg.edf	1250	True		sub-09	V	s	s	0	sub-09/ses-01/eeg/sub-09_ses-01_task-MotorImageryRest_run-05_eeg.vhdr	9d1b8633d16169972cdc20854e555e2e9febf215c9fd3d137aaaefe934692d8d	True	unresolved	unresolved
sub-9	01	05	sub-9/ses-01/run-05/tsv-row-6	6	right_hand	2	39.98	5.0	9995	11245	sub-9/ses-01/eeg/sub-9_ses-01_task-imagery_run-05_eeg.edf	1250	True		sub-09	V	s	s	0	sub-09/ses-01/eeg/sub-09_ses-01_task-MotorImageryRest_run-05_eeg.vhdr	9d1b8633d16169972cdc20854e555e2e9febf215c9fd3d137aaaefe934692d8d	True	unresolved	unresolved
sub-9	01	05	sub-9/ses-01/run-05/tsv-row-7	7	rest	1	46.868	5.0	11717	12967	sub-9/ses-01/eeg/sub-9_ses-01_task-imagery_run-05_eeg.edf	1250	True		sub-09	V	s	s	0	sub-09/ses-01/eeg/sub-09_ses-01_task-MotorImageryRest_run-05_eeg.vhdr	9d1b8633d16169972cdc20854e555e2e9febf215c9fd3d137aaaefe934692d8d	True	unresolved	unresolved
sub-9	01	05	sub-9/ses-01/run-05/tsv-row-8	8	right_hand	2	53.752	5.0	13438	14688	sub-9/ses-01/eeg/sub-9_ses-01_task-imagery_run-05_eeg.edf	1250	True		sub-09	V	s	s	0	sub-09/ses-01/eeg/sub-09_ses-01_task-MotorImageryRest_run-05_eeg.vhdr	9d1b8633d16169972cdc20854e555e2e9febf215c9fd3d137aaaefe934692d8d	True	unresolved	unresolved
sub-9	01	05	sub-9/ses-01/run-05/tsv-row-9	9	rest	1	60.656	5.0	15164	16414	sub-9/ses-01/eeg/sub-9_ses-01_task-imagery_run-05_eeg.edf	1250	True		sub-09	V	s	s	0	sub-09/ses-01/eeg/sub-09_ses-01_task-MotorImageryRest_run-05_eeg.vhdr	9d1b8633d16169972cdc20854e555e2e9febf215c9fd3d137aaaefe934692d8d	True	unresolved	unresolved
sub-9	01	05	sub-9/ses-01/run-05/tsv-row-10	10	right_hand	2	67.544	5.0	16886	18136	sub-9/ses-01/eeg/sub-9_ses-01_task-imagery_run-05_eeg.edf	1250	True		sub-09	V	s	s	0	sub-09/ses-01/eeg/sub-09_ses-01_task-MotorImageryRest_run-05_eeg.vhdr	9d1b8633d16169972cdc20854e555e2e9febf215c9fd3d137aaaefe934692d8d	True	unresolved	unresolved
sub-9	01	05	sub-9/ses-01/run-05/tsv-row-11	11	rest	1	74.432	5.0	18608	19858	sub-9/ses-01/eeg/sub-9_ses-01_task-imagery_run-05_eeg.edf	1250	True		sub-09	V	s	s	0	sub-09/ses-01/eeg/sub-09_ses-01_task-MotorImageryRest_run-05_eeg.vhdr	9d1b8633d16169972cdc20854e555e2e9febf215c9fd3d137aaaefe934692d8d	True	unresolved	unresolved
sub-9	01	05	sub-9/ses-01/run-05/tsv-row-12	12	right_hand	2	81.3	5.0	20325	21575	sub-9/ses-01/eeg/sub-9_ses-01_task-imagery_run-05_eeg.edf	1250	True		sub-09	V	s	s	0	sub-09/ses-01/eeg/sub-09_ses-01_task-MotorImageryRest_run-05_eeg.vhdr	9d1b8633d16169972cdc20854e555e2e9febf215c9fd3d137aaaefe934692d8d	True	unresolved	unresolved
sub-9	01	05	sub-9/ses-01/run-05/tsv-row-13	13	rest	1	88.204	5.0	22051	23301	sub-9/ses-01/eeg/sub-9_ses-01_task-imagery_run-05_eeg.edf	1250	True		sub-09	V	s	s	0	sub-09/ses-01/eeg/sub-09_ses-01_task-MotorImageryRest_run-05_eeg.vhdr	9d1b8633d16169972cdc20854e555e2e9febf215c9fd3d137aaaefe934692d8d	True	unresolved	unresolved
sub-9	01	05	sub-9/ses-01/run-05/tsv-row-14	14	right_hand	2	95.092	5.0	23773	25023	sub-9/ses-01/eeg/sub-9_ses-01_task-imagery_run-05_eeg.edf	1250	True		sub-09	V	s	s	0	sub-09/ses-01/eeg/sub-09_ses-01_task-MotorImageryRest_run-05_eeg.vhdr	9d1b8633d16169972cdc20854e555e2e9febf215c9fd3d137aaaefe934692d8d	True	unresolved	unresolved
sub-9	01	05	sub-9/ses-01/run-05/tsv-row-15	15	right_hand	2	101.96	5.0	25490	26740	sub-9/ses-01/eeg/sub-9_ses-01_task-imagery_run-05_eeg.edf	1250	True		sub-09	V	s	s	0	sub-09/ses-01/eeg/sub-09_ses-01_task-MotorImageryRest_run-05_eeg.vhdr	9d1b8633d16169972cdc20854e555e2e9febf215c9fd3d137aaaefe934692d8d	True	unresolved	unresolved
sub-9	01	05	sub-9/ses-01/run-05/tsv-row-16	16	rest	1	108.864	5.0	27216	28466	sub-9/ses-01/eeg/sub-9_ses-01_task-imagery_run-05_eeg.edf	1250	True		sub-09	V	s	s	0	sub-09/ses-01/eeg/sub-09_ses-01_task-MotorImageryRest_run-05_eeg.vhdr	9d1b8633d16169972cdc20854e555e2e9febf215c9fd3d137aaaefe934692d8d	True	unresolved	unresolved
sub-9	01	05	sub-9/ses-01/run-05/tsv-row-17	17	rest	1	115.752	5.0	28938	30188	sub-9/ses-01/eeg/sub-9_ses-01_task-imagery_run-05_eeg.edf	1250	True		sub-09	V	s	s	0	sub-09/ses-01/eeg/sub-09_ses-01_task-MotorImageryRest_run-05_eeg.vhdr	9d1b8633d16169972cdc20854e555e2e9febf215c9fd3d137aaaefe934692d8d	True	unresolved	unresolved
sub-9	01	05	sub-9/ses-01/run-05/tsv-row-18	18	right_hand	2	122.64	5.0	30660	31910	sub-9/ses-01/eeg/sub-9_ses-01_task-imagery_run-05_eeg.edf	1250	True		sub-09	V	s	s	0	sub-09/ses-01/eeg/sub-09_ses-01_task-MotorImageryRest_run-05_eeg.vhdr	9d1b8633d16169972cdc20854e555e2e9febf215c9fd3d137aaaefe934692d8d	True	unresolved	unresolved
sub-9	01	05	sub-9/ses-01/run-05/tsv-row-19	19	right_hand	2	129.524	5.0	32381	33631	sub-9/ses-01/eeg/sub-9_ses-01_task-imagery_run-05_eeg.edf	1250	True		sub-09	V	s	s	0	sub-09/ses-01/eeg/sub-09_ses-01_task-MotorImageryRest_run-05_eeg.vhdr	9d1b8633d16169972cdc20854e555e2e9febf215c9fd3d137aaaefe934692d8d	True	unresolved	unresolved
sub-9	01	05	sub-9/ses-01/run-05/tsv-row-20	20	rest	1	136.412	5.0	34103	35353	sub-9/ses-01/eeg/sub-9_ses-01_task-imagery_run-05_eeg.edf	1250	True		sub-09	V	s	s	0	sub-09/ses-01/eeg/sub-09_ses-01_task-MotorImageryRest_run-05_eeg.vhdr	9d1b8633d16169972cdc20854e555e2e9febf215c9fd3d137aaaefe934692d8d	True	unresolved	unresolved
sub-9	01	05	sub-9/ses-01/run-05/tsv-row-21	21	rest	1	143.3	5.0	35825	37075	sub-9/ses-01/eeg/sub-9_ses-01_task-imagery_run-05_eeg.edf	1250	True		sub-09	V	s	s	0	sub-09/ses-01/eeg/sub-09_ses-01_task-MotorImageryRest_run-05_eeg.vhdr	9d1b8633d16169972cdc20854e555e2e9febf215c9fd3d137aaaefe934692d8d	True	unresolved	unresolved
sub-9	01	05	sub-9/ses-01/run-05/tsv-row-22	22	right_hand	2	150.2	5.0	37550	38800	sub-9/ses-01/eeg/sub-9_ses-01_task-imagery_run-05_eeg.edf	1250	True		sub-09	V	s	s	0	sub-09/ses-01/eeg/sub-09_ses-01_task-MotorImageryRest_run-05_eeg.vhdr	9d1b8633d16169972cdc20854e555e2e9febf215c9fd3d137aaaefe934692d8d	True	unresolved	unresolved
sub-9	01	05	sub-9/ses-01/run-05/tsv-row-23	23	right_hand	2	157.072	5.0	39268	40518	sub-9/ses-01/eeg/sub-9_ses-01_task-imagery_run-05_eeg.edf	1250	True		sub-09	V	s	s	0	sub-09/ses-01/eeg/sub-09_ses-01_task-MotorImageryRest_run-05_eeg.vhdr	9d1b8633d16169972cdc20854e555e2e9febf215c9fd3d137aaaefe934692d8d	True	unresolved	unresolved
sub-9	01	05	sub-9/ses-01/run-05/tsv-row-24	24	rest	1	163.96	5.0	40990	42240	sub-9/ses-01/eeg/sub-9_ses-01_task-imagery_run-05_eeg.edf	1250	True		sub-09	V	s	s	0	sub-09/ses-01/eeg/sub-09_ses-01_task-MotorImageryRest_run-05_eeg.vhdr	9d1b8633d16169972cdc20854e555e2e9febf215c9fd3d137aaaefe934692d8d	True	unresolved	unresolved
sub-9	01	05	sub-9/ses-01/run-05/tsv-row-25	25	right_hand	2	170.86	5.0	42715	43965	sub-9/ses-01/eeg/sub-9_ses-01_task-imagery_run-05_eeg.edf	1250	True		sub-09	V	s	s	0	sub-09/ses-01/eeg/sub-09_ses-01_task-MotorImageryRest_run-05_eeg.vhdr	9d1b8633d16169972cdc20854e555e2e9febf215c9fd3d137aaaefe934692d8d	True	unresolved	unresolved
sub-9	01	05	sub-9/ses-01/run-05/tsv-row-26	26	rest	1	177.752	5.0	44438	45688	sub-9/ses-01/eeg/sub-9_ses-01_task-imagery_run-05_eeg.edf	1250	True		sub-09	V	s	s	0	sub-09/ses-01/eeg/sub-09_ses-01_task-MotorImageryRest_run-05_eeg.vhdr	9d1b8633d16169972cdc20854e555e2e9febf215c9fd3d137aaaefe934692d8d	True	unresolved	unresolved
sub-9	01	05	sub-9/ses-01/run-05/tsv-row-27	27	rest	1	184.62	5.0	46155	47405	sub-9/ses-01/eeg/sub-9_ses-01_task-imagery_run-05_eeg.edf	1250	True		sub-09	V	s	s	0	sub-09/ses-01/eeg/sub-09_ses-01_task-MotorImageryRest_run-05_eeg.vhdr	9d1b8633d16169972cdc20854e555e2e9febf215c9fd3d137aaaefe934692d8d	True	unresolved	unresolved
sub-9	01	05	sub-9/ses-01/run-05/tsv-row-28	28	right_hand	2	191.508	5.0	47877	49127	sub-9/ses-01/eeg/sub-9_ses-01_task-imagery_run-05_eeg.edf	1250	True		sub-09	V	s	s	0	sub-09/ses-01/eeg/sub-09_ses-01_task-MotorImageryRest_run-05_eeg.vhdr	9d1b8633d16169972cdc20854e555e2e9febf215c9fd3d137aaaefe934692d8d	True	unresolved	unresolved
sub-9	01	05	sub-9/ses-01/run-05/tsv-row-29	29	right_hand	2	198.412	5.0	49603	50853	sub-9/ses-01/eeg/sub-9_ses-01_task-imagery_run-05_eeg.edf	1250	True		sub-09	V	s	s	0	sub-09/ses-01/eeg/sub-09_ses-01_task-MotorImageryRest_run-05_eeg.vhdr	9d1b8633d16169972cdc20854e555e2e9febf215c9fd3d137aaaefe934692d8d	True	unresolved	unresolved
sub-9	01	05	sub-9/ses-01/run-05/tsv-row-30	30	rest	1	205.296	5.0	51324	52574	sub-9/ses-01/eeg/sub-9_ses-01_task-imagery_run-05_eeg.edf	1250	True		sub-09	V	s	s	0	sub-09/ses-01/eeg/sub-09_ses-01_task-MotorImageryRest_run-05_eeg.vhdr	9d1b8633d16169972cdc20854e555e2e9febf215c9fd3d137aaaefe934692d8d	True	unresolved	unresolved
sub-9	01	05	sub-9/ses-01/run-05/tsv-row-31	31	right_hand	2	212.168	5.0	53042	54292	sub-9/ses-01/eeg/sub-9_ses-01_task-imagery_run-05_eeg.edf	1250	True		sub-09	V	s	s	0	sub-09/ses-01/eeg/sub-09_ses-01_task-MotorImageryRest_run-05_eeg.vhdr	9d1b8633d16169972cdc20854e555e2e9febf215c9fd3d137aaaefe934692d8d	True	unresolved	unresolved
sub-9	01	05	sub-9/ses-01/run-05/tsv-row-32	32	rest	1	219.068	5.0	54767	56017	sub-9/ses-01/eeg/sub-9_ses-01_task-imagery_run-05_eeg.edf	1250	True		sub-09	V	s	s	0	sub-09/ses-01/eeg/sub-09_ses-01_task-MotorImageryRest_run-05_eeg.vhdr	9d1b8633d16169972cdc20854e555e2e9febf215c9fd3d137aaaefe934692d8d	True	unresolved	unresolved
sub-9	01	06	sub-9/ses-01/run-06/tsv-row-1	1	right_hand	2	6.492	5.0	1623	2873	sub-9/ses-01/eeg/sub-9_ses-01_task-imagery_run-06_eeg.edf	1250	True		sub-09	V	s	s	0	sub-09/ses-01/eeg/sub-09_ses-01_task-MotorImageryRest_run-06_eeg.vhdr	07088fed8ce9ee8df99f27dbd0808244f3b4e35bf459aa65f3061026f8aca5cc	True	unresolved	unresolved
sub-9	01	06	sub-9/ses-01/run-06/tsv-row-2	2	rest	1	13.368	5.0	3342	4592	sub-9/ses-01/eeg/sub-9_ses-01_task-imagery_run-06_eeg.edf	1250	True		sub-09	V	s	s	0	sub-09/ses-01/eeg/sub-09_ses-01_task-MotorImageryRest_run-06_eeg.vhdr	07088fed8ce9ee8df99f27dbd0808244f3b4e35bf459aa65f3061026f8aca5cc	True	unresolved	unresolved
sub-9	01	06	sub-9/ses-01/run-06/tsv-row-3	3	rest	1	20.272	5.0	5068	6318	sub-9/ses-01/eeg/sub-9_ses-01_task-imagery_run-06_eeg.edf	1250	True		sub-09	V	s	s	0	sub-09/ses-01/eeg/sub-09_ses-01_task-MotorImageryRest_run-06_eeg.vhdr	07088fed8ce9ee8df99f27dbd0808244f3b4e35bf459aa65f3061026f8aca5cc	True	unresolved	unresolved
sub-9	01	06	sub-9/ses-01/run-06/tsv-row-4	4	right_hand	2	27.156	5.0	6789	8039	sub-9/ses-01/eeg/sub-9_ses-01_task-imagery_run-06_eeg.edf	1250	True		sub-09	V	s	s	0	sub-09/ses-01/eeg/sub-09_ses-01_task-MotorImageryRest_run-06_eeg.vhdr	07088fed8ce9ee8df99f27dbd0808244f3b4e35bf459aa65f3061026f8aca5cc	True	unresolved	unresolved
sub-9	01	06	sub-9/ses-01/run-06/tsv-row-5	5	right_hand	2	34.044	5.0	8511	9761	sub-9/ses-01/eeg/sub-9_ses-01_task-imagery_run-06_eeg.edf	1250	True		sub-09	V	s	s	0	sub-09/ses-01/eeg/sub-09_ses-01_task-MotorImageryRest_run-06_eeg.vhdr	07088fed8ce9ee8df99f27dbd0808244f3b4e35bf459aa65f3061026f8aca5cc	True	unresolved	unresolved
sub-9	01	06	sub-9/ses-01/run-06/tsv-row-6	6	rest	1	40.932	5.0	10233	11483	sub-9/ses-01/eeg/sub-9_ses-01_task-imagery_run-06_eeg.edf	1250	True		sub-09	V	s	s	0	sub-09/ses-01/eeg/sub-09_ses-01_task-MotorImageryRest_run-06_eeg.vhdr	07088fed8ce9ee8df99f27dbd0808244f3b4e35bf459aa65f3061026f8aca5cc	True	unresolved	unresolved
sub-9	01	06	sub-9/ses-01/run-06/tsv-row-7	7	rest	1	47.836	5.0	11959	13209	sub-9/ses-01/eeg/sub-9_ses-01_task-imagery_run-06_eeg.edf	1250	True		sub-09	V	s	s	0	sub-09/ses-01/eeg/sub-09_ses-01_task-MotorImageryRest_run-06_eeg.vhdr	07088fed8ce9ee8df99f27dbd0808244f3b4e35bf459aa65f3061026f8aca5cc	True	unresolved	unresolved
sub-9	01	06	sub-9/ses-01/run-06/tsv-row-8	8	right_hand	2	54.704	5.0	13676	14926	sub-9/ses-01/eeg/sub-9_ses-01_task-imagery_run-06_eeg.edf	1250	True		sub-09	V	s	s	0	sub-09/ses-01/eeg/sub-09_ses-01_task-MotorImageryRest_run-06_eeg.vhdr	07088fed8ce9ee8df99f27dbd0808244f3b4e35bf459aa65f3061026f8aca5cc	True	unresolved	unresolved
sub-9	01	06	sub-9/ses-01/run-06/tsv-row-9	9	rest	1	61.608	5.0	15402	16652	sub-9/ses-01/eeg/sub-9_ses-01_task-imagery_run-06_eeg.edf	1250	True		sub-09	V	s	s	0	sub-09/ses-01/eeg/sub-09_ses-01_task-MotorImageryRest_run-06_eeg.vhdr	07088fed8ce9ee8df99f27dbd0808244f3b4e35bf459aa65f3061026f8aca5cc	True	unresolved	unresolved
sub-9	01	06	sub-9/ses-01/run-06/tsv-row-10	10	right_hand	2	68.476	5.0	17119	18369	sub-9/ses-01/eeg/sub-9_ses-01_task-imagery_run-06_eeg.edf	1250	True		sub-09	V	s	s	0	sub-09/ses-01/eeg/sub-09_ses-01_task-MotorImageryRest_run-06_eeg.vhdr	07088fed8ce9ee8df99f27dbd0808244f3b4e35bf459aa65f3061026f8aca5cc	True	unresolved	unresolved
sub-9	01	06	sub-9/ses-01/run-06/tsv-row-11	11	right_hand	2	75.38	5.0	18845	20095	sub-9/ses-01/eeg/sub-9_ses-01_task-imagery_run-06_eeg.edf	1250	True		sub-09	V	s	s	0	sub-09/ses-01/eeg/sub-09_ses-01_task-MotorImageryRest_run-06_eeg.vhdr	07088fed8ce9ee8df99f27dbd0808244f3b4e35bf459aa65f3061026f8aca5cc	True	unresolved	unresolved
sub-9	01	06	sub-9/ses-01/run-06/tsv-row-12	12	rest	1	82.268	5.0	20567	21817	sub-9/ses-01/eeg/sub-9_ses-01_task-imagery_run-06_eeg.edf	1250	True		sub-09	V	s	s	0	sub-09/ses-01/eeg/sub-09_ses-01_task-MotorImageryRest_run-06_eeg.vhdr	07088fed8ce9ee8df99f27dbd0808244f3b4e35bf459aa65f3061026f8aca5cc	True	unresolved	unresolved
sub-9	01	06	sub-9/ses-01/run-06/tsv-row-13	13	right_hand	2	89.156	5.0	22289	23539	sub-9/ses-01/eeg/sub-9_ses-01_task-imagery_run-06_eeg.edf	1250	True		sub-09	V	s	s	0	sub-09/ses-01/eeg/sub-09_ses-01_task-MotorImageryRest_run-06_eeg.vhdr	07088fed8ce9ee8df99f27dbd0808244f3b4e35bf459aa65f3061026f8aca5cc	True	unresolved	unresolved
sub-9	01	06	sub-9/ses-01/run-06/tsv-row-14	14	rest	1	96.044	5.0	24011	25261	sub-9/ses-01/eeg/sub-9_ses-01_task-imagery_run-06_eeg.edf	1250	True		sub-09	V	s	s	0	sub-09/ses-01/eeg/sub-09_ses-01_task-MotorImageryRest_run-06_eeg.vhdr	07088fed8ce9ee8df99f27dbd0808244f3b4e35bf459aa65f3061026f8aca5cc	True	unresolved	unresolved
sub-9	01	06	sub-9/ses-01/run-06/tsv-row-15	15	right_hand	2	102.912	5.0	25728	26978	sub-9/ses-01/eeg/sub-9_ses-01_task-imagery_run-06_eeg.edf	1250	True		sub-09	V	s	s	0	sub-09/ses-01/eeg/sub-09_ses-01_task-MotorImageryRest_run-06_eeg.vhdr	07088fed8ce9ee8df99f27dbd0808244f3b4e35bf459aa65f3061026f8aca5cc	True	unresolved	unresolved
sub-9	01	06	sub-9/ses-01/run-06/tsv-row-16	16	rest	1	109.816	5.0	27454	28704	sub-9/ses-01/eeg/sub-9_ses-01_task-imagery_run-06_eeg.edf	1250	True		sub-09	V	s	s	0	sub-09/ses-01/eeg/sub-09_ses-01_task-MotorImageryRest_run-06_eeg.vhdr	07088fed8ce9ee8df99f27dbd0808244f3b4e35bf459aa65f3061026f8aca5cc	True	unresolved	unresolved
sub-9	01	06	sub-9/ses-01/run-06/tsv-row-17	17	right_hand	2	116.7	5.0	29175	30425	sub-9/ses-01/eeg/sub-9_ses-01_task-imagery_run-06_eeg.edf	1250	True		sub-09	V	s	s	0	sub-09/ses-01/eeg/sub-09_ses-01_task-MotorImageryRest_run-06_eeg.vhdr	07088fed8ce9ee8df99f27dbd0808244f3b4e35bf459aa65f3061026f8aca5cc	True	unresolved	unresolved
sub-9	01	06	sub-9/ses-01/run-06/tsv-row-18	18	rest	1	123.592	5.0	30898	32148	sub-9/ses-01/eeg/sub-9_ses-01_task-imagery_run-06_eeg.edf	1250	True		sub-09	V	s	s	0	sub-09/ses-01/eeg/sub-09_ses-01_task-MotorImageryRest_run-06_eeg.vhdr	07088fed8ce9ee8df99f27dbd0808244f3b4e35bf459aa65f3061026f8aca5cc	True	unresolved	unresolved
sub-9	01	06	sub-9/ses-01/run-06/tsv-row-19	19	right_hand	2	130.476	5.0	32619	33869	sub-9/ses-01/eeg/sub-9_ses-01_task-imagery_run-06_eeg.edf	1250	True		sub-09	V	s	s	0	sub-09/ses-01/eeg/sub-09_ses-01_task-MotorImageryRest_run-06_eeg.vhdr	07088fed8ce9ee8df99f27dbd0808244f3b4e35bf459aa65f3061026f8aca5cc	True	unresolved	unresolved
sub-9	01	06	sub-9/ses-01/run-06/tsv-row-20	20	rest	1	137.516	5.0	34379	35629	sub-9/ses-01/eeg/sub-9_ses-01_task-imagery_run-06_eeg.edf	1250	True		sub-09	V	s	s	0	sub-09/ses-01/eeg/sub-09_ses-01_task-MotorImageryRest_run-06_eeg.vhdr	07088fed8ce9ee8df99f27dbd0808244f3b4e35bf459aa65f3061026f8aca5cc	True	unresolved	unresolved
sub-9	01	06	sub-9/ses-01/run-06/tsv-row-21	21	right_hand	2	144.248	5.0	36062	37312	sub-9/ses-01/eeg/sub-9_ses-01_task-imagery_run-06_eeg.edf	1250	True		sub-09	V	s	s	0	sub-09/ses-01/eeg/sub-09_ses-01_task-MotorImageryRest_run-06_eeg.vhdr	07088fed8ce9ee8df99f27dbd0808244f3b4e35bf459aa65f3061026f8aca5cc	True	unresolved	unresolved
sub-9	01	06	sub-9/ses-01/run-06/tsv-row-22	22	rest	1	151.156	5.0	37789	39039	sub-9/ses-01/eeg/sub-9_ses-01_task-imagery_run-06_eeg.edf	1250	True		sub-09	V	s	s	0	sub-09/ses-01/eeg/sub-09_ses-01_task-MotorImageryRest_run-06_eeg.vhdr	07088fed8ce9ee8df99f27dbd0808244f3b4e35bf459aa65f3061026f8aca5cc	True	unresolved	unresolved
sub-9	01	06	sub-9/ses-01/run-06/tsv-row-23	23	rest	1	158.024	5.0	39506	40756	sub-9/ses-01/eeg/sub-9_ses-01_task-imagery_run-06_eeg.edf	1250	True		sub-09	V	s	s	0	sub-09/ses-01/eeg/sub-09_ses-01_task-MotorImageryRest_run-06_eeg.vhdr	07088fed8ce9ee8df99f27dbd0808244f3b4e35bf459aa65f3061026f8aca5cc	True	unresolved	unresolved
sub-9	01	06	sub-9/ses-01/run-06/tsv-row-24	24	right_hand	2	164.908	5.0	41227	42477	sub-9/ses-01/eeg/sub-9_ses-01_task-imagery_run-06_eeg.edf	1250	True		sub-09	V	s	s	0	sub-09/ses-01/eeg/sub-09_ses-01_task-MotorImageryRest_run-06_eeg.vhdr	07088fed8ce9ee8df99f27dbd0808244f3b4e35bf459aa65f3061026f8aca5cc	True	unresolved	unresolved
sub-9	01	06	sub-9/ses-01/run-06/tsv-row-25	25	rest	1	171.816	5.0	42954	44204	sub-9/ses-01/eeg/sub-9_ses-01_task-imagery_run-06_eeg.edf	1250	True		sub-09	V	s	s	0	sub-09/ses-01/eeg/sub-09_ses-01_task-MotorImageryRest_run-06_eeg.vhdr	07088fed8ce9ee8df99f27dbd0808244f3b4e35bf459aa65f3061026f8aca5cc	True	unresolved	unresolved
sub-9	01	06	sub-9/ses-01/run-06/tsv-row-26	26	right_hand	2	178.7	5.0	44675	45925	sub-9/ses-01/eeg/sub-9_ses-01_task-imagery_run-06_eeg.edf	1250	True		sub-09	V	s	s	0	sub-09/ses-01/eeg/sub-09_ses-01_task-MotorImageryRest_run-06_eeg.vhdr	07088fed8ce9ee8df99f27dbd0808244f3b4e35bf459aa65f3061026f8aca5cc	True	unresolved	unresolved
sub-9	01	06	sub-9/ses-01/run-06/tsv-row-27	27	right_hand	2	185.568	5.0	46392	47642	sub-9/ses-01/eeg/sub-9_ses-01_task-imagery_run-06_eeg.edf	1250	True		sub-09	V	s	s	0	sub-09/ses-01/eeg/sub-09_ses-01_task-MotorImageryRest_run-06_eeg.vhdr	07088fed8ce9ee8df99f27dbd0808244f3b4e35bf459aa65f3061026f8aca5cc	True	unresolved	unresolved
sub-9	01	06	sub-9/ses-01/run-06/tsv-row-28	28	rest	1	192.476	5.0	48119	49369	sub-9/ses-01/eeg/sub-9_ses-01_task-imagery_run-06_eeg.edf	1250	True		sub-09	V	s	s	0	sub-09/ses-01/eeg/sub-09_ses-01_task-MotorImageryRest_run-06_eeg.vhdr	07088fed8ce9ee8df99f27dbd0808244f3b4e35bf459aa65f3061026f8aca5cc	True	unresolved	unresolved
sub-9	01	06	sub-9/ses-01/run-06/tsv-row-29	29	rest	1	199.36	5.0	49840	51090	sub-9/ses-01/eeg/sub-9_ses-01_task-imagery_run-06_eeg.edf	1250	True		sub-09	V	s	s	0	sub-09/ses-01/eeg/sub-09_ses-01_task-MotorImageryRest_run-06_eeg.vhdr	07088fed8ce9ee8df99f27dbd0808244f3b4e35bf459aa65f3061026f8aca5cc	True	unresolved	unresolved
sub-9	01	06	sub-9/ses-01/run-06/tsv-row-30	30	right_hand	2	206.248	5.0	51562	52812	sub-9/ses-01/eeg/sub-9_ses-01_task-imagery_run-06_eeg.edf	1250	True		sub-09	V	s	s	0	sub-09/ses-01/eeg/sub-09_ses-01_task-MotorImageryRest_run-06_eeg.vhdr	07088fed8ce9ee8df99f27dbd0808244f3b4e35bf459aa65f3061026f8aca5cc	True	unresolved	unresolved
sub-9	01	06	sub-9/ses-01/run-06/tsv-row-31	31	right_hand	2	213.132	5.0	53283	54533	sub-9/ses-01/eeg/sub-9_ses-01_task-imagery_run-06_eeg.edf	1250	True		sub-09	V	s	s	0	sub-09/ses-01/eeg/sub-09_ses-01_task-MotorImageryRest_run-06_eeg.vhdr	07088fed8ce9ee8df99f27dbd0808244f3b4e35bf459aa65f3061026f8aca5cc	True	unresolved	unresolved
sub-9	01	06	sub-9/ses-01/run-06/tsv-row-32	32	rest	1	220.024	5.0	55006	56256	sub-9/ses-01/eeg/sub-9_ses-01_task-imagery_run-06_eeg.edf	1250	True		sub-09	V	s	s	0	sub-09/ses-01/eeg/sub-09_ses-01_task-MotorImageryRest_run-06_eeg.vhdr	07088fed8ce9ee8df99f27dbd0808244f3b4e35bf459aa65f3061026f8aca5cc	True	unresolved	unresolved
sub-9	02	01	sub-9/ses-02/run-01/tsv-row-1	1	rest	1	6.476	5.0	1619	2869	sub-9/ses-02/eeg/sub-9_ses-02_task-imagery_run-01_eeg.edf	1250	True		sub-09	V	s	s	0	sub-09/ses-02/eeg/sub-09_ses-02_task-MotorImageryRest_run-01_eeg.vhdr	2cecd4632e192f19f6f116f3c189cb5a15dd171a0e439d08532332f35748febd	True	unresolved	unresolved
sub-9	02	01	sub-9/ses-02/run-01/tsv-row-2	2	right_hand	2	13.348	5.0	3337	4587	sub-9/ses-02/eeg/sub-9_ses-02_task-imagery_run-01_eeg.edf	1250	True		sub-09	V	s	s	0	sub-09/ses-02/eeg/sub-09_ses-02_task-MotorImageryRest_run-01_eeg.vhdr	2cecd4632e192f19f6f116f3c189cb5a15dd171a0e439d08532332f35748febd	True	unresolved	unresolved
sub-9	02	01	sub-9/ses-02/run-01/tsv-row-3	3	rest	1	20.236	5.0	5059	6309	sub-9/ses-02/eeg/sub-9_ses-02_task-imagery_run-01_eeg.edf	1250	True		sub-09	V	s	s	0	sub-09/ses-02/eeg/sub-09_ses-02_task-MotorImageryRest_run-01_eeg.vhdr	2cecd4632e192f19f6f116f3c189cb5a15dd171a0e439d08532332f35748febd	True	unresolved	unresolved
sub-9	02	01	sub-9/ses-02/run-01/tsv-row-4	4	right_hand	2	27.136	5.0	6784	8034	sub-9/ses-02/eeg/sub-9_ses-02_task-imagery_run-01_eeg.edf	1250	True		sub-09	V	s	s	0	sub-09/ses-02/eeg/sub-09_ses-02_task-MotorImageryRest_run-01_eeg.vhdr	2cecd4632e192f19f6f116f3c189cb5a15dd171a0e439d08532332f35748febd	True	unresolved	unresolved
sub-9	02	01	sub-9/ses-02/run-01/tsv-row-5	5	rest	1	34.024	5.0	8506	9756	sub-9/ses-02/eeg/sub-9_ses-02_task-imagery_run-01_eeg.edf	1250	True		sub-09	V	s	s	0	sub-09/ses-02/eeg/sub-09_ses-02_task-MotorImageryRest_run-01_eeg.vhdr	2cecd4632e192f19f6f116f3c189cb5a15dd171a0e439d08532332f35748febd	True	unresolved	unresolved
sub-9	02	01	sub-9/ses-02/run-01/tsv-row-6	6	right_hand	2	40.896	5.0	10224	11474	sub-9/ses-02/eeg/sub-9_ses-02_task-imagery_run-01_eeg.edf	1250	True		sub-09	V	s	s	0	sub-09/ses-02/eeg/sub-09_ses-02_task-MotorImageryRest_run-01_eeg.vhdr	2cecd4632e192f19f6f116f3c189cb5a15dd171a0e439d08532332f35748febd	True	unresolved	unresolved
sub-9	02	01	sub-9/ses-02/run-01/tsv-row-7	7	rest	1	47.8	5.0	11950	13200	sub-9/ses-02/eeg/sub-9_ses-02_task-imagery_run-01_eeg.edf	1250	True		sub-09	V	s	s	0	sub-09/ses-02/eeg/sub-09_ses-02_task-MotorImageryRest_run-01_eeg.vhdr	2cecd4632e192f19f6f116f3c189cb5a15dd171a0e439d08532332f35748febd	True	unresolved	unresolved
sub-9	02	01	sub-9/ses-02/run-01/tsv-row-8	8	right_hand	2	54.684	5.0	13671	14921	sub-9/ses-02/eeg/sub-9_ses-02_task-imagery_run-01_eeg.edf	1250	True		sub-09	V	s	s	0	sub-09/ses-02/eeg/sub-09_ses-02_task-MotorImageryRest_run-01_eeg.vhdr	2cecd4632e192f19f6f116f3c189cb5a15dd171a0e439d08532332f35748febd	True	unresolved	unresolved
sub-9	02	01	sub-9/ses-02/run-01/tsv-row-9	9	rest	1	61.572	5.0	15393	16643	sub-9/ses-02/eeg/sub-9_ses-02_task-imagery_run-01_eeg.edf	1250	True		sub-09	V	s	s	0	sub-09/ses-02/eeg/sub-09_ses-02_task-MotorImageryRest_run-01_eeg.vhdr	2cecd4632e192f19f6f116f3c189cb5a15dd171a0e439d08532332f35748febd	True	unresolved	unresolved
sub-9	02	01	sub-9/ses-02/run-01/tsv-row-10	10	right_hand	2	68.46	5.0	17115	18365	sub-9/ses-02/eeg/sub-9_ses-02_task-imagery_run-01_eeg.edf	1250	True		sub-09	V	s	s	0	sub-09/ses-02/eeg/sub-09_ses-02_task-MotorImageryRest_run-01_eeg.vhdr	2cecd4632e192f19f6f116f3c189cb5a15dd171a0e439d08532332f35748febd	True	unresolved	unresolved
sub-9	02	01	sub-9/ses-02/run-01/tsv-row-11	11	right_hand	2	75.344	5.0	18836	20086	sub-9/ses-02/eeg/sub-9_ses-02_task-imagery_run-01_eeg.edf	1250	True		sub-09	V	s	s	0	sub-09/ses-02/eeg/sub-09_ses-02_task-MotorImageryRest_run-01_eeg.vhdr	2cecd4632e192f19f6f116f3c189cb5a15dd171a0e439d08532332f35748febd	True	unresolved	unresolved
sub-9	02	01	sub-9/ses-02/run-01/tsv-row-12	12	rest	1	82.232	5.0	20558	21808	sub-9/ses-02/eeg/sub-9_ses-02_task-imagery_run-01_eeg.edf	1250	True		sub-09	V	s	s	0	sub-09/ses-02/eeg/sub-09_ses-02_task-MotorImageryRest_run-01_eeg.vhdr	2cecd4632e192f19f6f116f3c189cb5a15dd171a0e439d08532332f35748febd	True	unresolved	unresolved
sub-9	02	01	sub-9/ses-02/run-01/tsv-row-13	13	rest	1	89.136	5.0	22284	23534	sub-9/ses-02/eeg/sub-9_ses-02_task-imagery_run-01_eeg.edf	1250	True		sub-09	V	s	s	0	sub-09/ses-02/eeg/sub-09_ses-02_task-MotorImageryRest_run-01_eeg.vhdr	2cecd4632e192f19f6f116f3c189cb5a15dd171a0e439d08532332f35748febd	True	unresolved	unresolved
sub-9	02	01	sub-9/ses-02/run-01/tsv-row-14	14	right_hand	2	96.008	5.0	24002	25252	sub-9/ses-02/eeg/sub-9_ses-02_task-imagery_run-01_eeg.edf	1250	True		sub-09	V	s	s	0	sub-09/ses-02/eeg/sub-09_ses-02_task-MotorImageryRest_run-01_eeg.vhdr	2cecd4632e192f19f6f116f3c189cb5a15dd171a0e439d08532332f35748febd	True	unresolved	unresolved
sub-9	02	01	sub-9/ses-02/run-01/tsv-row-15	15	rest	1	102.896	5.0	25724	26974	sub-9/ses-02/eeg/sub-9_ses-02_task-imagery_run-01_eeg.edf	1250	True		sub-09	V	s	s	0	sub-09/ses-02/eeg/sub-09_ses-02_task-MotorImageryRest_run-01_eeg.vhdr	2cecd4632e192f19f6f116f3c189cb5a15dd171a0e439d08532332f35748febd	True	unresolved	unresolved
sub-9	02	01	sub-9/ses-02/run-01/tsv-row-16	16	right_hand	2	109.78	5.0	27445	28695	sub-9/ses-02/eeg/sub-9_ses-02_task-imagery_run-01_eeg.edf	1250	True		sub-09	V	s	s	0	sub-09/ses-02/eeg/sub-09_ses-02_task-MotorImageryRest_run-01_eeg.vhdr	2cecd4632e192f19f6f116f3c189cb5a15dd171a0e439d08532332f35748febd	True	unresolved	unresolved
sub-9	02	01	sub-9/ses-02/run-01/tsv-row-17	17	right_hand	2	116.684	5.0	29171	30421	sub-9/ses-02/eeg/sub-9_ses-02_task-imagery_run-01_eeg.edf	1250	True		sub-09	V	s	s	0	sub-09/ses-02/eeg/sub-09_ses-02_task-MotorImageryRest_run-01_eeg.vhdr	2cecd4632e192f19f6f116f3c189cb5a15dd171a0e439d08532332f35748febd	True	unresolved	unresolved
sub-9	02	01	sub-9/ses-02/run-01/tsv-row-18	18	rest	1	123.552	5.0	30888	32138	sub-9/ses-02/eeg/sub-9_ses-02_task-imagery_run-01_eeg.edf	1250	True		sub-09	V	s	s	0	sub-09/ses-02/eeg/sub-09_ses-02_task-MotorImageryRest_run-01_eeg.vhdr	2cecd4632e192f19f6f116f3c189cb5a15dd171a0e439d08532332f35748febd	True	unresolved	unresolved
sub-9	02	01	sub-9/ses-02/run-01/tsv-row-19	19	right_hand	2	130.44	5.0	32610	33860	sub-9/ses-02/eeg/sub-9_ses-02_task-imagery_run-01_eeg.edf	1250	True		sub-09	V	s	s	0	sub-09/ses-02/eeg/sub-09_ses-02_task-MotorImageryRest_run-01_eeg.vhdr	2cecd4632e192f19f6f116f3c189cb5a15dd171a0e439d08532332f35748febd	True	unresolved	unresolved
sub-9	02	01	sub-9/ses-02/run-01/tsv-row-20	20	rest	1	137.344	5.0	34336	35586	sub-9/ses-02/eeg/sub-9_ses-02_task-imagery_run-01_eeg.edf	1250	True		sub-09	V	s	s	0	sub-09/ses-02/eeg/sub-09_ses-02_task-MotorImageryRest_run-01_eeg.vhdr	2cecd4632e192f19f6f116f3c189cb5a15dd171a0e439d08532332f35748febd	True	unresolved	unresolved
sub-9	02	01	sub-9/ses-02/run-01/tsv-row-21	21	rest	1	144.232	5.0	36058	37308	sub-9/ses-02/eeg/sub-9_ses-02_task-imagery_run-01_eeg.edf	1250	True		sub-09	V	s	s	0	sub-09/ses-02/eeg/sub-09_ses-02_task-MotorImageryRest_run-01_eeg.vhdr	2cecd4632e192f19f6f116f3c189cb5a15dd171a0e439d08532332f35748febd	True	unresolved	unresolved
sub-9	02	01	sub-9/ses-02/run-01/tsv-row-22	22	right_hand	2	151.1	5.0	37775	39025	sub-9/ses-02/eeg/sub-9_ses-02_task-imagery_run-01_eeg.edf	1250	True		sub-09	V	s	s	0	sub-09/ses-02/eeg/sub-09_ses-02_task-MotorImageryRest_run-01_eeg.vhdr	2cecd4632e192f19f6f116f3c189cb5a15dd171a0e439d08532332f35748febd	True	unresolved	unresolved
sub-9	02	01	sub-9/ses-02/run-01/tsv-row-23	23	rest	1	158.004	5.0	39501	40751	sub-9/ses-02/eeg/sub-9_ses-02_task-imagery_run-01_eeg.edf	1250	True		sub-09	V	s	s	0	sub-09/ses-02/eeg/sub-09_ses-02_task-MotorImageryRest_run-01_eeg.vhdr	2cecd4632e192f19f6f116f3c189cb5a15dd171a0e439d08532332f35748febd	True	unresolved	unresolved
sub-9	02	01	sub-9/ses-02/run-01/tsv-row-24	24	right_hand	2	164.888	5.0	41222	42472	sub-9/ses-02/eeg/sub-9_ses-02_task-imagery_run-01_eeg.edf	1250	True		sub-09	V	s	s	0	sub-09/ses-02/eeg/sub-09_ses-02_task-MotorImageryRest_run-01_eeg.vhdr	2cecd4632e192f19f6f116f3c189cb5a15dd171a0e439d08532332f35748febd	True	unresolved	unresolved
sub-9	02	01	sub-9/ses-02/run-01/tsv-row-25	25	rest	1	171.776	5.0	42944	44194	sub-9/ses-02/eeg/sub-9_ses-02_task-imagery_run-01_eeg.edf	1250	True		sub-09	V	s	s	0	sub-09/ses-02/eeg/sub-09_ses-02_task-MotorImageryRest_run-01_eeg.vhdr	2cecd4632e192f19f6f116f3c189cb5a15dd171a0e439d08532332f35748febd	True	unresolved	unresolved
sub-9	02	01	sub-9/ses-02/run-01/tsv-row-26	26	right_hand	2	178.664	5.0	44666	45916	sub-9/ses-02/eeg/sub-9_ses-02_task-imagery_run-01_eeg.edf	1250	True		sub-09	V	s	s	0	sub-09/ses-02/eeg/sub-09_ses-02_task-MotorImageryRest_run-01_eeg.vhdr	2cecd4632e192f19f6f116f3c189cb5a15dd171a0e439d08532332f35748febd	True	unresolved	unresolved
sub-9	02	01	sub-9/ses-02/run-01/tsv-row-27	27	rest	1	185.552	5.0	46388	47638	sub-9/ses-02/eeg/sub-9_ses-02_task-imagery_run-01_eeg.edf	1250	True		sub-09	V	s	s	0	sub-09/ses-02/eeg/sub-09_ses-02_task-MotorImageryRest_run-01_eeg.vhdr	2cecd4632e192f19f6f116f3c189cb5a15dd171a0e439d08532332f35748febd	True	unresolved	unresolved
sub-9	02	01	sub-9/ses-02/run-01/tsv-row-28	28	right_hand	2	192.44	5.0	48110	49360	sub-9/ses-02/eeg/sub-9_ses-02_task-imagery_run-01_eeg.edf	1250	True		sub-09	V	s	s	0	sub-09/ses-02/eeg/sub-09_ses-02_task-MotorImageryRest_run-01_eeg.vhdr	2cecd4632e192f19f6f116f3c189cb5a15dd171a0e439d08532332f35748febd	True	unresolved	unresolved
sub-9	02	01	sub-9/ses-02/run-01/tsv-row-29	29	right_hand	2	199.34	5.0	49835	51085	sub-9/ses-02/eeg/sub-9_ses-02_task-imagery_run-01_eeg.edf	1250	True		sub-09	V	s	s	0	sub-09/ses-02/eeg/sub-09_ses-02_task-MotorImageryRest_run-01_eeg.vhdr	2cecd4632e192f19f6f116f3c189cb5a15dd171a0e439d08532332f35748febd	True	unresolved	unresolved
sub-9	02	01	sub-9/ses-02/run-01/tsv-row-30	30	rest	1	206.212	5.0	51553	52803	sub-9/ses-02/eeg/sub-9_ses-02_task-imagery_run-01_eeg.edf	1250	True		sub-09	V	s	s	0	sub-09/ses-02/eeg/sub-09_ses-02_task-MotorImageryRest_run-01_eeg.vhdr	2cecd4632e192f19f6f116f3c189cb5a15dd171a0e439d08532332f35748febd	True	unresolved	unresolved
sub-9	02	01	sub-9/ses-02/run-01/tsv-row-31	31	rest	1	213.148	5.0	53287	54537	sub-9/ses-02/eeg/sub-9_ses-02_task-imagery_run-01_eeg.edf	1250	True		sub-09	V	s	s	0	sub-09/ses-02/eeg/sub-09_ses-02_task-MotorImageryRest_run-01_eeg.vhdr	2cecd4632e192f19f6f116f3c189cb5a15dd171a0e439d08532332f35748febd	True	unresolved	unresolved
sub-9	02	01	sub-9/ses-02/run-01/tsv-row-32	32	right_hand	2	220.0	5.0	55000	56250	sub-9/ses-02/eeg/sub-9_ses-02_task-imagery_run-01_eeg.edf	1250	True		sub-09	V	s	s	0	sub-09/ses-02/eeg/sub-09_ses-02_task-MotorImageryRest_run-01_eeg.vhdr	2cecd4632e192f19f6f116f3c189cb5a15dd171a0e439d08532332f35748febd	True	unresolved	unresolved
sub-9	02	02	sub-9/ses-02/run-02/tsv-row-1	1	rest	1	7.024	5.0	1756	3006	sub-9/ses-02/eeg/sub-9_ses-02_task-imagery_run-02_eeg.edf	1250	True		sub-09	V	s	s	0	sub-09/ses-02/eeg/sub-09_ses-02_task-MotorImageryRest_run-02_eeg.vhdr	4cb3ca798b8c8dadc0faacef506490e77b129072ff990532780180a3e72e1590	True	unresolved	unresolved
sub-9	02	02	sub-9/ses-02/run-02/tsv-row-2	2	right_hand	2	13.912	5.0	3478	4728	sub-9/ses-02/eeg/sub-9_ses-02_task-imagery_run-02_eeg.edf	1250	True		sub-09	V	s	s	0	sub-09/ses-02/eeg/sub-09_ses-02_task-MotorImageryRest_run-02_eeg.vhdr	4cb3ca798b8c8dadc0faacef506490e77b129072ff990532780180a3e72e1590	True	unresolved	unresolved
sub-9	02	02	sub-9/ses-02/run-02/tsv-row-3	3	right_hand	2	20.816	5.0	5204	6454	sub-9/ses-02/eeg/sub-9_ses-02_task-imagery_run-02_eeg.edf	1250	True		sub-09	V	s	s	0	sub-09/ses-02/eeg/sub-09_ses-02_task-MotorImageryRest_run-02_eeg.vhdr	4cb3ca798b8c8dadc0faacef506490e77b129072ff990532780180a3e72e1590	True	unresolved	unresolved
sub-9	02	02	sub-9/ses-02/run-02/tsv-row-4	4	rest	1	27.688	5.0	6922	8172	sub-9/ses-02/eeg/sub-9_ses-02_task-imagery_run-02_eeg.edf	1250	True		sub-09	V	s	s	0	sub-09/ses-02/eeg/sub-09_ses-02_task-MotorImageryRest_run-02_eeg.vhdr	4cb3ca798b8c8dadc0faacef506490e77b129072ff990532780180a3e72e1590	True	unresolved	unresolved
sub-9	02	02	sub-9/ses-02/run-02/tsv-row-5	5	right_hand	2	34.588	5.0	8647	9897	sub-9/ses-02/eeg/sub-9_ses-02_task-imagery_run-02_eeg.edf	1250	True		sub-09	V	s	s	0	sub-09/ses-02/eeg/sub-09_ses-02_task-MotorImageryRest_run-02_eeg.vhdr	4cb3ca798b8c8dadc0faacef506490e77b129072ff990532780180a3e72e1590	True	unresolved	unresolved
sub-9	02	02	sub-9/ses-02/run-02/tsv-row-6	6	rest	1	41.46	5.0	10365	11615	sub-9/ses-02/eeg/sub-9_ses-02_task-imagery_run-02_eeg.edf	1250	True		sub-09	V	s	s	0	sub-09/ses-02/eeg/sub-09_ses-02_task-MotorImageryRest_run-02_eeg.vhdr	4cb3ca798b8c8dadc0faacef506490e77b129072ff990532780180a3e72e1590	True	unresolved	unresolved
sub-9	02	02	sub-9/ses-02/run-02/tsv-row-7	7	rest	1	48.364	5.0	12091	13341	sub-9/ses-02/eeg/sub-9_ses-02_task-imagery_run-02_eeg.edf	1250	True		sub-09	V	s	s	0	sub-09/ses-02/eeg/sub-09_ses-02_task-MotorImageryRest_run-02_eeg.vhdr	4cb3ca798b8c8dadc0faacef506490e77b129072ff990532780180a3e72e1590	True	unresolved	unresolved
sub-9	02	02	sub-9/ses-02/run-02/tsv-row-8	8	right_hand	2	55.232	5.0	13808	15058	sub-9/ses-02/eeg/sub-9_ses-02_task-imagery_run-02_eeg.edf	1250	True		sub-09	V	s	s	0	sub-09/ses-02/eeg/sub-09_ses-02_task-MotorImageryRest_run-02_eeg.vhdr	4cb3ca798b8c8dadc0faacef506490e77b129072ff990532780180a3e72e1590	True	unresolved	unresolved
sub-9	02	02	sub-9/ses-02/run-02/tsv-row-9	9	right_hand	2	62.136	5.0	15534	16784	sub-9/ses-02/eeg/sub-9_ses-02_task-imagery_run-02_eeg.edf	1250	True		sub-09	V	s	s	0	sub-09/ses-02/eeg/sub-09_ses-02_task-MotorImageryRest_run-02_eeg.vhdr	4cb3ca798b8c8dadc0faacef506490e77b129072ff990532780180a3e72e1590	True	unresolved	unresolved
sub-9	02	02	sub-9/ses-02/run-02/tsv-row-10	10	rest	1	69.024	5.0	17256	18506	sub-9/ses-02/eeg/sub-9_ses-02_task-imagery_run-02_eeg.edf	1250	True		sub-09	V	s	s	0	sub-09/ses-02/eeg/sub-09_ses-02_task-MotorImageryRest_run-02_eeg.vhdr	4cb3ca798b8c8dadc0faacef506490e77b129072ff990532780180a3e72e1590	True	unresolved	unresolved
sub-9	02	02	sub-9/ses-02/run-02/tsv-row-11	11	rest	1	75.912	5.0	18978	20228	sub-9/ses-02/eeg/sub-9_ses-02_task-imagery_run-02_eeg.edf	1250	True		sub-09	V	s	s	0	sub-09/ses-02/eeg/sub-09_ses-02_task-MotorImageryRest_run-02_eeg.vhdr	4cb3ca798b8c8dadc0faacef506490e77b129072ff990532780180a3e72e1590	True	unresolved	unresolved
sub-9	02	02	sub-9/ses-02/run-02/tsv-row-12	12	right_hand	2	82.796	5.0	20699	21949	sub-9/ses-02/eeg/sub-9_ses-02_task-imagery_run-02_eeg.edf	1250	True		sub-09	V	s	s	0	sub-09/ses-02/eeg/sub-09_ses-02_task-MotorImageryRest_run-02_eeg.vhdr	4cb3ca798b8c8dadc0faacef506490e77b129072ff990532780180a3e72e1590	True	unresolved	unresolved
sub-9	02	02	sub-9/ses-02/run-02/tsv-row-13	13	rest	1	89.684	5.0	22421	23671	sub-9/ses-02/eeg/sub-9_ses-02_task-imagery_run-02_eeg.edf	1250	True		sub-09	V	s	s	0	sub-09/ses-02/eeg/sub-09_ses-02_task-MotorImageryRest_run-02_eeg.vhdr	4cb3ca798b8c8dadc0faacef506490e77b129072ff990532780180a3e72e1590	True	unresolved	unresolved
sub-9	02	02	sub-9/ses-02/run-02/tsv-row-14	14	right_hand	2	96.572	5.0	24143	25393	sub-9/ses-02/eeg/sub-9_ses-02_task-imagery_run-02_eeg.edf	1250	True		sub-09	V	s	s	0	sub-09/ses-02/eeg/sub-09_ses-02_task-MotorImageryRest_run-02_eeg.vhdr	4cb3ca798b8c8dadc0faacef506490e77b129072ff990532780180a3e72e1590	True	unresolved	unresolved
sub-9	02	02	sub-9/ses-02/run-02/tsv-row-15	15	rest	1	103.46	5.0	25865	27115	sub-9/ses-02/eeg/sub-9_ses-02_task-imagery_run-02_eeg.edf	1250	True		sub-09	V	s	s	0	sub-09/ses-02/eeg/sub-09_ses-02_task-MotorImageryRest_run-02_eeg.vhdr	4cb3ca798b8c8dadc0faacef506490e77b129072ff990532780180a3e72e1590	True	unresolved	unresolved
sub-9	02	02	sub-9/ses-02/run-02/tsv-row-16	16	right_hand	2	110.344	5.0	27586	28836	sub-9/ses-02/eeg/sub-9_ses-02_task-imagery_run-02_eeg.edf	1250	True		sub-09	V	s	s	0	sub-09/ses-02/eeg/sub-09_ses-02_task-MotorImageryRest_run-02_eeg.vhdr	4cb3ca798b8c8dadc0faacef506490e77b129072ff990532780180a3e72e1590	True	unresolved	unresolved
sub-9	02	02	sub-9/ses-02/run-02/tsv-row-17	17	right_hand	2	117.248	5.0	29312	30562	sub-9/ses-02/eeg/sub-9_ses-02_task-imagery_run-02_eeg.edf	1250	True		sub-09	V	s	s	0	sub-09/ses-02/eeg/sub-09_ses-02_task-MotorImageryRest_run-02_eeg.vhdr	4cb3ca798b8c8dadc0faacef506490e77b129072ff990532780180a3e72e1590	True	unresolved	unresolved
sub-9	02	02	sub-9/ses-02/run-02/tsv-row-18	18	rest	1	124.12	5.0	31030	32280	sub-9/ses-02/eeg/sub-9_ses-02_task-imagery_run-02_eeg.edf	1250	True		sub-09	V	s	s	0	sub-09/ses-02/eeg/sub-09_ses-02_task-MotorImageryRest_run-02_eeg.vhdr	4cb3ca798b8c8dadc0faacef506490e77b129072ff990532780180a3e72e1590	True	unresolved	unresolved
sub-9	02	02	sub-9/ses-02/run-02/tsv-row-19	19	right_hand	2	131.004	5.0	32751	34001	sub-9/ses-02/eeg/sub-9_ses-02_task-imagery_run-02_eeg.edf	1250	True		sub-09	V	s	s	0	sub-09/ses-02/eeg/sub-09_ses-02_task-MotorImageryRest_run-02_eeg.vhdr	4cb3ca798b8c8dadc0faacef506490e77b129072ff990532780180a3e72e1590	True	unresolved	unresolved
sub-9	02	02	sub-9/ses-02/run-02/tsv-row-20	20	rest	1	137.892	5.0	34473	35723	sub-9/ses-02/eeg/sub-9_ses-02_task-imagery_run-02_eeg.edf	1250	True		sub-09	V	s	s	0	sub-09/ses-02/eeg/sub-09_ses-02_task-MotorImageryRest_run-02_eeg.vhdr	4cb3ca798b8c8dadc0faacef506490e77b129072ff990532780180a3e72e1590	True	unresolved	unresolved
sub-9	02	02	sub-9/ses-02/run-02/tsv-row-21	21	right_hand	2	144.796	5.0	36199	37449	sub-9/ses-02/eeg/sub-9_ses-02_task-imagery_run-02_eeg.edf	1250	True		sub-09	V	s	s	0	sub-09/ses-02/eeg/sub-09_ses-02_task-MotorImageryRest_run-02_eeg.vhdr	4cb3ca798b8c8dadc0faacef506490e77b129072ff990532780180a3e72e1590	True	unresolved	unresolved
sub-9	02	02	sub-9/ses-02/run-02/tsv-row-22	22	rest	1	151.684	5.0	37921	39171	sub-9/ses-02/eeg/sub-9_ses-02_task-imagery_run-02_eeg.edf	1250	True		sub-09	V	s	s	0	sub-09/ses-02/eeg/sub-09_ses-02_task-MotorImageryRest_run-02_eeg.vhdr	4cb3ca798b8c8dadc0faacef506490e77b129072ff990532780180a3e72e1590	True	unresolved	unresolved
sub-9	02	02	sub-9/ses-02/run-02/tsv-row-23	23	right_hand	2	158.552	5.0	39638	40888	sub-9/ses-02/eeg/sub-9_ses-02_task-imagery_run-02_eeg.edf	1250	True		sub-09	V	s	s	0	sub-09/ses-02/eeg/sub-09_ses-02_task-MotorImageryRest_run-02_eeg.vhdr	4cb3ca798b8c8dadc0faacef506490e77b129072ff990532780180a3e72e1590	True	unresolved	unresolved
sub-9	02	02	sub-9/ses-02/run-02/tsv-row-24	24	rest	1	165.456	5.0	41364	42614	sub-9/ses-02/eeg/sub-9_ses-02_task-imagery_run-02_eeg.edf	1250	True		sub-09	V	s	s	0	sub-09/ses-02/eeg/sub-09_ses-02_task-MotorImageryRest_run-02_eeg.vhdr	4cb3ca798b8c8dadc0faacef506490e77b129072ff990532780180a3e72e1590	True	unresolved	unresolved
sub-9	02	02	sub-9/ses-02/run-02/tsv-row-25	25	right_hand	2	172.344	5.0	43086	44336	sub-9/ses-02/eeg/sub-9_ses-02_task-imagery_run-02_eeg.edf	1250	True		sub-09	V	s	s	0	sub-09/ses-02/eeg/sub-09_ses-02_task-MotorImageryRest_run-02_eeg.vhdr	4cb3ca798b8c8dadc0faacef506490e77b129072ff990532780180a3e72e1590	True	unresolved	unresolved
sub-9	02	02	sub-9/ses-02/run-02/tsv-row-26	26	rest	1	179.232	5.0	44808	46058	sub-9/ses-02/eeg/sub-9_ses-02_task-imagery_run-02_eeg.edf	1250	True		sub-09	V	s	s	0	sub-09/ses-02/eeg/sub-09_ses-02_task-MotorImageryRest_run-02_eeg.vhdr	4cb3ca798b8c8dadc0faacef506490e77b129072ff990532780180a3e72e1590	True	unresolved	unresolved
sub-9	02	02	sub-9/ses-02/run-02/tsv-row-27	27	rest	1	186.116	5.0	46529	47779	sub-9/ses-02/eeg/sub-9_ses-02_task-imagery_run-02_eeg.edf	1250	True		sub-09	V	s	s	0	sub-09/ses-02/eeg/sub-09_ses-02_task-MotorImageryRest_run-02_eeg.vhdr	4cb3ca798b8c8dadc0faacef506490e77b129072ff990532780180a3e72e1590	True	unresolved	unresolved
sub-9	02	02	sub-9/ses-02/run-02/tsv-row-28	28	right_hand	2	193.0	5.0	48250	49500	sub-9/ses-02/eeg/sub-9_ses-02_task-imagery_run-02_eeg.edf	1250	True		sub-09	V	s	s	0	sub-09/ses-02/eeg/sub-09_ses-02_task-MotorImageryRest_run-02_eeg.vhdr	4cb3ca798b8c8dadc0faacef506490e77b129072ff990532780180a3e72e1590	True	unresolved	unresolved
sub-9	02	02	sub-9/ses-02/run-02/tsv-row-29	29	right_hand	2	199.888	5.0	49972	51222	sub-9/ses-02/eeg/sub-9_ses-02_task-imagery_run-02_eeg.edf	1250	True		sub-09	V	s	s	0	sub-09/ses-02/eeg/sub-09_ses-02_task-MotorImageryRest_run-02_eeg.vhdr	4cb3ca798b8c8dadc0faacef506490e77b129072ff990532780180a3e72e1590	True	unresolved	unresolved
sub-9	02	02	sub-9/ses-02/run-02/tsv-row-30	30	rest	1	206.776	5.0	51694	52944	sub-9/ses-02/eeg/sub-9_ses-02_task-imagery_run-02_eeg.edf	1250	True		sub-09	V	s	s	0	sub-09/ses-02/eeg/sub-09_ses-02_task-MotorImageryRest_run-02_eeg.vhdr	4cb3ca798b8c8dadc0faacef506490e77b129072ff990532780180a3e72e1590	True	unresolved	unresolved
sub-9	02	02	sub-9/ses-02/run-02/tsv-row-31	31	right_hand	2	213.664	5.0	53416	54666	sub-9/ses-02/eeg/sub-9_ses-02_task-imagery_run-02_eeg.edf	1250	True		sub-09	V	s	s	0	sub-09/ses-02/eeg/sub-09_ses-02_task-MotorImageryRest_run-02_eeg.vhdr	4cb3ca798b8c8dadc0faacef506490e77b129072ff990532780180a3e72e1590	True	unresolved	unresolved
sub-9	02	02	sub-9/ses-02/run-02/tsv-row-32	32	rest	1	220.552	5.0	55138	56388	sub-9/ses-02/eeg/sub-9_ses-02_task-imagery_run-02_eeg.edf	1250	True		sub-09	V	s	s	0	sub-09/ses-02/eeg/sub-09_ses-02_task-MotorImageryRest_run-02_eeg.vhdr	4cb3ca798b8c8dadc0faacef506490e77b129072ff990532780180a3e72e1590	True	unresolved	unresolved
sub-9	02	03	sub-9/ses-02/run-03/tsv-row-1	1	right_hand	2	5.768	5.0	1442	2692	sub-9/ses-02/eeg/sub-9_ses-02_task-imagery_run-03_eeg.edf	1250	True		sub-09	V	s	s	0	sub-09/ses-02/eeg/sub-09_ses-02_task-MotorImageryRest_run-03_eeg.vhdr	b13aca9e072c171991167270473b1e4b4f234dbfb4e342ed1424ff2e095b796e	True	unresolved	unresolved
sub-9	02	03	sub-9/ses-02/run-03/tsv-row-2	2	rest	1	12.644	5.0	3161	4411	sub-9/ses-02/eeg/sub-9_ses-02_task-imagery_run-03_eeg.edf	1250	True		sub-09	V	s	s	0	sub-09/ses-02/eeg/sub-09_ses-02_task-MotorImageryRest_run-03_eeg.vhdr	b13aca9e072c171991167270473b1e4b4f234dbfb4e342ed1424ff2e095b796e	True	unresolved	unresolved
sub-9	02	03	sub-9/ses-02/run-03/tsv-row-3	3	right_hand	2	19.548	5.0	4887	6137	sub-9/ses-02/eeg/sub-9_ses-02_task-imagery_run-03_eeg.edf	1250	True		sub-09	V	s	s	0	sub-09/ses-02/eeg/sub-09_ses-02_task-MotorImageryRest_run-03_eeg.vhdr	b13aca9e072c171991167270473b1e4b4f234dbfb4e342ed1424ff2e095b796e	True	unresolved	unresolved
sub-9	02	03	sub-9/ses-02/run-03/tsv-row-4	4	rest	1	26.436	5.0	6609	7859	sub-9/ses-02/eeg/sub-9_ses-02_task-imagery_run-03_eeg.edf	1250	True		sub-09	V	s	s	0	sub-09/ses-02/eeg/sub-09_ses-02_task-MotorImageryRest_run-03_eeg.vhdr	b13aca9e072c171991167270473b1e4b4f234dbfb4e342ed1424ff2e095b796e	True	unresolved	unresolved
sub-9	02	03	sub-9/ses-02/run-03/tsv-row-5	5	right_hand	2	33.304	5.0	8326	9576	sub-9/ses-02/eeg/sub-9_ses-02_task-imagery_run-03_eeg.edf	1250	True		sub-09	V	s	s	0	sub-09/ses-02/eeg/sub-09_ses-02_task-MotorImageryRest_run-03_eeg.vhdr	b13aca9e072c171991167270473b1e4b4f234dbfb4e342ed1424ff2e095b796e	True	unresolved	unresolved
sub-9	02	03	sub-9/ses-02/run-03/tsv-row-6	6	rest	1	40.208	5.0	10052	11302	sub-9/ses-02/eeg/sub-9_ses-02_task-imagery_run-03_eeg.edf	1250	True		sub-09	V	s	s	0	sub-09/ses-02/eeg/sub-09_ses-02_task-MotorImageryRest_run-03_eeg.vhdr	b13aca9e072c171991167270473b1e4b4f234dbfb4e342ed1424ff2e095b796e	True	unresolved	unresolved
sub-9	02	03	sub-9/ses-02/run-03/tsv-row-7	7	rest	1	47.096	5.0	11774	13024	sub-9/ses-02/eeg/sub-9_ses-02_task-imagery_run-03_eeg.edf	1250	True		sub-09	V	s	s	0	sub-09/ses-02/eeg/sub-09_ses-02_task-MotorImageryRest_run-03_eeg.vhdr	b13aca9e072c171991167270473b1e4b4f234dbfb4e342ed1424ff2e095b796e	True	unresolved	unresolved
sub-9	02	03	sub-9/ses-02/run-03/tsv-row-8	8	right_hand	2	53.98	5.0	13495	14745	sub-9/ses-02/eeg/sub-9_ses-02_task-imagery_run-03_eeg.edf	1250	True		sub-09	V	s	s	0	sub-09/ses-02/eeg/sub-09_ses-02_task-MotorImageryRest_run-03_eeg.vhdr	b13aca9e072c171991167270473b1e4b4f234dbfb4e342ed1424ff2e095b796e	True	unresolved	unresolved
sub-9	02	03	sub-9/ses-02/run-03/tsv-row-9	9	rest	1	60.868	5.0	15217	16467	sub-9/ses-02/eeg/sub-9_ses-02_task-imagery_run-03_eeg.edf	1250	True		sub-09	V	s	s	0	sub-09/ses-02/eeg/sub-09_ses-02_task-MotorImageryRest_run-03_eeg.vhdr	b13aca9e072c171991167270473b1e4b4f234dbfb4e342ed1424ff2e095b796e	True	unresolved	unresolved
sub-9	02	03	sub-9/ses-02/run-03/tsv-row-10	10	right_hand	2	67.756	5.0	16939	18189	sub-9/ses-02/eeg/sub-9_ses-02_task-imagery_run-03_eeg.edf	1250	True		sub-09	V	s	s	0	sub-09/ses-02/eeg/sub-09_ses-02_task-MotorImageryRest_run-03_eeg.vhdr	b13aca9e072c171991167270473b1e4b4f234dbfb4e342ed1424ff2e095b796e	True	unresolved	unresolved
sub-9	02	03	sub-9/ses-02/run-03/tsv-row-11	11	right_hand	2	74.656	5.0	18664	19914	sub-9/ses-02/eeg/sub-9_ses-02_task-imagery_run-03_eeg.edf	1250	True		sub-09	V	s	s	0	sub-09/ses-02/eeg/sub-09_ses-02_task-MotorImageryRest_run-03_eeg.vhdr	b13aca9e072c171991167270473b1e4b4f234dbfb4e342ed1424ff2e095b796e	True	unresolved	unresolved
sub-9	02	03	sub-9/ses-02/run-03/tsv-row-12	12	rest	1	81.544	5.0	20386	21636	sub-9/ses-02/eeg/sub-9_ses-02_task-imagery_run-03_eeg.edf	1250	True		sub-09	V	s	s	0	sub-09/ses-02/eeg/sub-09_ses-02_task-MotorImageryRest_run-03_eeg.vhdr	b13aca9e072c171991167270473b1e4b4f234dbfb4e342ed1424ff2e095b796e	True	unresolved	unresolved
sub-9	02	03	sub-9/ses-02/run-03/tsv-row-13	13	rest	1	88.432	5.0	22108	23358	sub-9/ses-02/eeg/sub-9_ses-02_task-imagery_run-03_eeg.edf	1250	True		sub-09	V	s	s	0	sub-09/ses-02/eeg/sub-09_ses-02_task-MotorImageryRest_run-03_eeg.vhdr	b13aca9e072c171991167270473b1e4b4f234dbfb4e342ed1424ff2e095b796e	True	unresolved	unresolved
sub-9	02	03	sub-9/ses-02/run-03/tsv-row-14	14	right_hand	2	95.304	5.0	23826	25076	sub-9/ses-02/eeg/sub-9_ses-02_task-imagery_run-03_eeg.edf	1250	True		sub-09	V	s	s	0	sub-09/ses-02/eeg/sub-09_ses-02_task-MotorImageryRest_run-03_eeg.vhdr	b13aca9e072c171991167270473b1e4b4f234dbfb4e342ed1424ff2e095b796e	True	unresolved	unresolved
sub-9	02	03	sub-9/ses-02/run-03/tsv-row-15	15	rest	1	102.208	5.0	25552	26802	sub-9/ses-02/eeg/sub-9_ses-02_task-imagery_run-03_eeg.edf	1250	True		sub-09	V	s	s	0	sub-09/ses-02/eeg/sub-09_ses-02_task-MotorImageryRest_run-03_eeg.vhdr	b13aca9e072c171991167270473b1e4b4f234dbfb4e342ed1424ff2e095b796e	True	unresolved	unresolved
sub-9	02	03	sub-9/ses-02/run-03/tsv-row-16	16	right_hand	2	109.092	5.0	27273	28523	sub-9/ses-02/eeg/sub-9_ses-02_task-imagery_run-03_eeg.edf	1250	True		sub-09	V	s	s	0	sub-09/ses-02/eeg/sub-09_ses-02_task-MotorImageryRest_run-03_eeg.vhdr	b13aca9e072c171991167270473b1e4b4f234dbfb4e342ed1424ff2e095b796e	True	unresolved	unresolved
sub-9	02	03	sub-9/ses-02/run-03/tsv-row-17	17	right_hand	2	115.98	5.0	28995	30245	sub-9/ses-02/eeg/sub-9_ses-02_task-imagery_run-03_eeg.edf	1250	True		sub-09	V	s	s	0	sub-09/ses-02/eeg/sub-09_ses-02_task-MotorImageryRest_run-03_eeg.vhdr	b13aca9e072c171991167270473b1e4b4f234dbfb4e342ed1424ff2e095b796e	True	unresolved	unresolved
sub-9	02	03	sub-9/ses-02/run-03/tsv-row-18	18	rest	1	122.848	5.0	30712	31962	sub-9/ses-02/eeg/sub-9_ses-02_task-imagery_run-03_eeg.edf	1250	True		sub-09	V	s	s	0	sub-09/ses-02/eeg/sub-09_ses-02_task-MotorImageryRest_run-03_eeg.vhdr	b13aca9e072c171991167270473b1e4b4f234dbfb4e342ed1424ff2e095b796e	True	unresolved	unresolved
sub-9	02	03	sub-9/ses-02/run-03/tsv-row-19	19	rest	1	129.752	5.0	32438	33688	sub-9/ses-02/eeg/sub-9_ses-02_task-imagery_run-03_eeg.edf	1250	True		sub-09	V	s	s	0	sub-09/ses-02/eeg/sub-09_ses-02_task-MotorImageryRest_run-03_eeg.vhdr	b13aca9e072c171991167270473b1e4b4f234dbfb4e342ed1424ff2e095b796e	True	unresolved	unresolved
sub-9	02	03	sub-9/ses-02/run-03/tsv-row-20	20	right_hand	2	136.64	5.0	34160	35410	sub-9/ses-02/eeg/sub-9_ses-02_task-imagery_run-03_eeg.edf	1250	True		sub-09	V	s	s	0	sub-09/ses-02/eeg/sub-09_ses-02_task-MotorImageryRest_run-03_eeg.vhdr	b13aca9e072c171991167270473b1e4b4f234dbfb4e342ed1424ff2e095b796e	True	unresolved	unresolved
sub-9	02	03	sub-9/ses-02/run-03/tsv-row-21	21	right_hand	2	143.528	5.0	35882	37132	sub-9/ses-02/eeg/sub-9_ses-02_task-imagery_run-03_eeg.edf	1250	True		sub-09	V	s	s	0	sub-09/ses-02/eeg/sub-09_ses-02_task-MotorImageryRest_run-03_eeg.vhdr	b13aca9e072c171991167270473b1e4b4f234dbfb4e342ed1424ff2e095b796e	True	unresolved	unresolved
sub-9	02	03	sub-9/ses-02/run-03/tsv-row-22	22	rest	1	150.416	5.0	37604	38854	sub-9/ses-02/eeg/sub-9_ses-02_task-imagery_run-03_eeg.edf	1250	True		sub-09	V	s	s	0	sub-09/ses-02/eeg/sub-09_ses-02_task-MotorImageryRest_run-03_eeg.vhdr	b13aca9e072c171991167270473b1e4b4f234dbfb4e342ed1424ff2e095b796e	True	unresolved	unresolved
sub-9	02	03	sub-9/ses-02/run-03/tsv-row-23	23	rest	1	157.3	5.0	39325	40575	sub-9/ses-02/eeg/sub-9_ses-02_task-imagery_run-03_eeg.edf	1250	True		sub-09	V	s	s	0	sub-09/ses-02/eeg/sub-09_ses-02_task-MotorImageryRest_run-03_eeg.vhdr	b13aca9e072c171991167270473b1e4b4f234dbfb4e342ed1424ff2e095b796e	True	unresolved	unresolved
sub-9	02	03	sub-9/ses-02/run-03/tsv-row-24	24	right_hand	2	164.188	5.0	41047	42297	sub-9/ses-02/eeg/sub-9_ses-02_task-imagery_run-03_eeg.edf	1250	True		sub-09	V	s	s	0	sub-09/ses-02/eeg/sub-09_ses-02_task-MotorImageryRest_run-03_eeg.vhdr	b13aca9e072c171991167270473b1e4b4f234dbfb4e342ed1424ff2e095b796e	True	unresolved	unresolved
sub-9	02	03	sub-9/ses-02/run-03/tsv-row-25	25	right_hand	2	171.088	5.0	42772	44022	sub-9/ses-02/eeg/sub-9_ses-02_task-imagery_run-03_eeg.edf	1250	True		sub-09	V	s	s	0	sub-09/ses-02/eeg/sub-09_ses-02_task-MotorImageryRest_run-03_eeg.vhdr	b13aca9e072c171991167270473b1e4b4f234dbfb4e342ed1424ff2e095b796e	True	unresolved	unresolved
sub-9	02	03	sub-9/ses-02/run-03/tsv-row-26	26	rest	1	177.96	5.0	44490	45740	sub-9/ses-02/eeg/sub-9_ses-02_task-imagery_run-03_eeg.edf	1250	True		sub-09	V	s	s	0	sub-09/ses-02/eeg/sub-09_ses-02_task-MotorImageryRest_run-03_eeg.vhdr	b13aca9e072c171991167270473b1e4b4f234dbfb4e342ed1424ff2e095b796e	True	unresolved	unresolved
sub-9	02	03	sub-9/ses-02/run-03/tsv-row-27	27	rest	1	184.848	5.0	46212	47462	sub-9/ses-02/eeg/sub-9_ses-02_task-imagery_run-03_eeg.edf	1250	True		sub-09	V	s	s	0	sub-09/ses-02/eeg/sub-09_ses-02_task-MotorImageryRest_run-03_eeg.vhdr	b13aca9e072c171991167270473b1e4b4f234dbfb4e342ed1424ff2e095b796e	True	unresolved	unresolved
sub-9	02	03	sub-9/ses-02/run-03/tsv-row-28	28	right_hand	2	191.752	5.0	47938	49188	sub-9/ses-02/eeg/sub-9_ses-02_task-imagery_run-03_eeg.edf	1250	True		sub-09	V	s	s	0	sub-09/ses-02/eeg/sub-09_ses-02_task-MotorImageryRest_run-03_eeg.vhdr	b13aca9e072c171991167270473b1e4b4f234dbfb4e342ed1424ff2e095b796e	True	unresolved	unresolved
sub-9	02	03	sub-9/ses-02/run-03/tsv-row-29	29	rest	1	198.64	5.0	49660	50910	sub-9/ses-02/eeg/sub-9_ses-02_task-imagery_run-03_eeg.edf	1250	True		sub-09	V	s	s	0	sub-09/ses-02/eeg/sub-09_ses-02_task-MotorImageryRest_run-03_eeg.vhdr	b13aca9e072c171991167270473b1e4b4f234dbfb4e342ed1424ff2e095b796e	True	unresolved	unresolved
sub-9	02	03	sub-9/ses-02/run-03/tsv-row-30	30	right_hand	2	205.508	5.0	51377	52627	sub-9/ses-02/eeg/sub-9_ses-02_task-imagery_run-03_eeg.edf	1250	True		sub-09	V	s	s	0	sub-09/ses-02/eeg/sub-09_ses-02_task-MotorImageryRest_run-03_eeg.vhdr	b13aca9e072c171991167270473b1e4b4f234dbfb4e342ed1424ff2e095b796e	True	unresolved	unresolved
sub-9	02	03	sub-9/ses-02/run-03/tsv-row-31	31	right_hand	2	212.412	5.0	53103	54353	sub-9/ses-02/eeg/sub-9_ses-02_task-imagery_run-03_eeg.edf	1250	True		sub-09	V	s	s	0	sub-09/ses-02/eeg/sub-09_ses-02_task-MotorImageryRest_run-03_eeg.vhdr	b13aca9e072c171991167270473b1e4b4f234dbfb4e342ed1424ff2e095b796e	True	unresolved	unresolved
sub-9	02	03	sub-9/ses-02/run-03/tsv-row-32	32	rest	1	219.3	5.0	54825	56075	sub-9/ses-02/eeg/sub-9_ses-02_task-imagery_run-03_eeg.edf	1250	True		sub-09	V	s	s	0	sub-09/ses-02/eeg/sub-09_ses-02_task-MotorImageryRest_run-03_eeg.vhdr	b13aca9e072c171991167270473b1e4b4f234dbfb4e342ed1424ff2e095b796e	True	unresolved	unresolved
sub-9	02	04	sub-9/ses-02/run-04/tsv-row-1	1	rest	1	6.58	5.0	1645	2895	sub-9/ses-02/eeg/sub-9_ses-02_task-imagery_run-04_eeg.edf	1250	True		sub-09	V	s	s	0	sub-09/ses-02/eeg/sub-09_ses-02_task-MotorImageryRest_run-04_eeg.vhdr	190ce6fd1fcf4690271246d61686fe42d1120bf6075faadd6571656d55ea03f6	True	unresolved	unresolved
sub-9	02	04	sub-9/ses-02/run-04/tsv-row-2	2	right_hand	2	13.472	5.0	3368	4618	sub-9/ses-02/eeg/sub-9_ses-02_task-imagery_run-04_eeg.edf	1250	True		sub-09	V	s	s	0	sub-09/ses-02/eeg/sub-09_ses-02_task-MotorImageryRest_run-04_eeg.vhdr	190ce6fd1fcf4690271246d61686fe42d1120bf6075faadd6571656d55ea03f6	True	unresolved	unresolved
sub-9	02	04	sub-9/ses-02/run-04/tsv-row-3	3	right_hand	2	20.356	5.0	5089	6339	sub-9/ses-02/eeg/sub-9_ses-02_task-imagery_run-04_eeg.edf	1250	True		sub-09	V	s	s	0	sub-09/ses-02/eeg/sub-09_ses-02_task-MotorImageryRest_run-04_eeg.vhdr	190ce6fd1fcf4690271246d61686fe42d1120bf6075faadd6571656d55ea03f6	True	unresolved	unresolved
sub-9	02	04	sub-9/ses-02/run-04/tsv-row-4	4	rest	1	27.244	5.0	6811	8061	sub-9/ses-02/eeg/sub-9_ses-02_task-imagery_run-04_eeg.edf	1250	True		sub-09	V	s	s	0	sub-09/ses-02/eeg/sub-09_ses-02_task-MotorImageryRest_run-04_eeg.vhdr	190ce6fd1fcf4690271246d61686fe42d1120bf6075faadd6571656d55ea03f6	True	unresolved	unresolved
sub-9	02	04	sub-9/ses-02/run-04/tsv-row-5	5	right_hand	2	34.132	5.0	8533	9783	sub-9/ses-02/eeg/sub-9_ses-02_task-imagery_run-04_eeg.edf	1250	True		sub-09	V	s	s	0	sub-09/ses-02/eeg/sub-09_ses-02_task-MotorImageryRest_run-04_eeg.vhdr	190ce6fd1fcf4690271246d61686fe42d1120bf6075faadd6571656d55ea03f6	True	unresolved	unresolved
sub-9	02	04	sub-9/ses-02/run-04/tsv-row-6	6	rest	1	41.02	5.0	10255	11505	sub-9/ses-02/eeg/sub-9_ses-02_task-imagery_run-04_eeg.edf	1250	True		sub-09	V	s	s	0	sub-09/ses-02/eeg/sub-09_ses-02_task-MotorImageryRest_run-04_eeg.vhdr	190ce6fd1fcf4690271246d61686fe42d1120bf6075faadd6571656d55ea03f6	True	unresolved	unresolved
sub-9	02	04	sub-9/ses-02/run-04/tsv-row-7	7	right_hand	2	47.904	5.0	11976	13226	sub-9/ses-02/eeg/sub-9_ses-02_task-imagery_run-04_eeg.edf	1250	True		sub-09	V	s	s	0	sub-09/ses-02/eeg/sub-09_ses-02_task-MotorImageryRest_run-04_eeg.vhdr	190ce6fd1fcf4690271246d61686fe42d1120bf6075faadd6571656d55ea03f6	True	unresolved	unresolved
sub-9	02	04	sub-9/ses-02/run-04/tsv-row-8	8	rest	1	54.792	5.0	13698	14948	sub-9/ses-02/eeg/sub-9_ses-02_task-imagery_run-04_eeg.edf	1250	True		sub-09	V	s	s	0	sub-09/ses-02/eeg/sub-09_ses-02_task-MotorImageryRest_run-04_eeg.vhdr	190ce6fd1fcf4690271246d61686fe42d1120bf6075faadd6571656d55ea03f6	True	unresolved	unresolved
sub-9	02	04	sub-9/ses-02/run-04/tsv-row-9	9	right_hand	2	61.68	5.0	15420	16670	sub-9/ses-02/eeg/sub-9_ses-02_task-imagery_run-04_eeg.edf	1250	True		sub-09	V	s	s	0	sub-09/ses-02/eeg/sub-09_ses-02_task-MotorImageryRest_run-04_eeg.vhdr	190ce6fd1fcf4690271246d61686fe42d1120bf6075faadd6571656d55ea03f6	True	unresolved	unresolved
sub-9	02	04	sub-9/ses-02/run-04/tsv-row-10	10	rest	1	68.584	5.0	17146	18396	sub-9/ses-02/eeg/sub-9_ses-02_task-imagery_run-04_eeg.edf	1250	True		sub-09	V	s	s	0	sub-09/ses-02/eeg/sub-09_ses-02_task-MotorImageryRest_run-04_eeg.vhdr	190ce6fd1fcf4690271246d61686fe42d1120bf6075faadd6571656d55ea03f6	True	unresolved	unresolved
sub-9	02	04	sub-9/ses-02/run-04/tsv-row-11	11	rest	1	75.468	5.0	18867	20117	sub-9/ses-02/eeg/sub-9_ses-02_task-imagery_run-04_eeg.edf	1250	True		sub-09	V	s	s	0	sub-09/ses-02/eeg/sub-09_ses-02_task-MotorImageryRest_run-04_eeg.vhdr	190ce6fd1fcf4690271246d61686fe42d1120bf6075faadd6571656d55ea03f6	True	unresolved	unresolved
sub-9	02	04	sub-9/ses-02/run-04/tsv-row-12	12	right_hand	2	82.34	5.0	20585	21835	sub-9/ses-02/eeg/sub-9_ses-02_task-imagery_run-04_eeg.edf	1250	True		sub-09	V	s	s	0	sub-09/ses-02/eeg/sub-09_ses-02_task-MotorImageryRest_run-04_eeg.vhdr	190ce6fd1fcf4690271246d61686fe42d1120bf6075faadd6571656d55ea03f6	True	unresolved	unresolved
sub-9	02	04	sub-9/ses-02/run-04/tsv-row-13	13	rest	1	89.244	5.0	22311	23561	sub-9/ses-02/eeg/sub-9_ses-02_task-imagery_run-04_eeg.edf	1250	True		sub-09	V	s	s	0	sub-09/ses-02/eeg/sub-09_ses-02_task-MotorImageryRest_run-04_eeg.vhdr	190ce6fd1fcf4690271246d61686fe42d1120bf6075faadd6571656d55ea03f6	True	unresolved	unresolved
sub-9	02	04	sub-9/ses-02/run-04/tsv-row-14	14	right_hand	2	96.128	5.0	24032	25282	sub-9/ses-02/eeg/sub-9_ses-02_task-imagery_run-04_eeg.edf	1250	True		sub-09	V	s	s	0	sub-09/ses-02/eeg/sub-09_ses-02_task-MotorImageryRest_run-04_eeg.vhdr	190ce6fd1fcf4690271246d61686fe42d1120bf6075faadd6571656d55ea03f6	True	unresolved	unresolved
sub-9	02	04	sub-9/ses-02/run-04/tsv-row-15	15	right_hand	2	103.016	5.0	25754	27004	sub-9/ses-02/eeg/sub-9_ses-02_task-imagery_run-04_eeg.edf	1250	True		sub-09	V	s	s	0	sub-09/ses-02/eeg/sub-09_ses-02_task-MotorImageryRest_run-04_eeg.vhdr	190ce6fd1fcf4690271246d61686fe42d1120bf6075faadd6571656d55ea03f6	True	unresolved	unresolved
sub-9	02	04	sub-9/ses-02/run-04/tsv-row-16	16	rest	1	109.904	5.0	27476	28726	sub-9/ses-02/eeg/sub-9_ses-02_task-imagery_run-04_eeg.edf	1250	True		sub-09	V	s	s	0	sub-09/ses-02/eeg/sub-09_ses-02_task-MotorImageryRest_run-04_eeg.vhdr	190ce6fd1fcf4690271246d61686fe42d1120bf6075faadd6571656d55ea03f6	True	unresolved	unresolved
sub-9	02	04	sub-9/ses-02/run-04/tsv-row-17	17	right_hand	2	116.788	5.0	29197	30447	sub-9/ses-02/eeg/sub-9_ses-02_task-imagery_run-04_eeg.edf	1250	True		sub-09	V	s	s	0	sub-09/ses-02/eeg/sub-09_ses-02_task-MotorImageryRest_run-04_eeg.vhdr	190ce6fd1fcf4690271246d61686fe42d1120bf6075faadd6571656d55ea03f6	True	unresolved	unresolved
sub-9	02	04	sub-9/ses-02/run-04/tsv-row-18	18	rest	1	123.676	5.0	30919	32169	sub-9/ses-02/eeg/sub-9_ses-02_task-imagery_run-04_eeg.edf	1250	True		sub-09	V	s	s	0	sub-09/ses-02/eeg/sub-09_ses-02_task-MotorImageryRest_run-04_eeg.vhdr	190ce6fd1fcf4690271246d61686fe42d1120bf6075faadd6571656d55ea03f6	True	unresolved	unresolved
sub-9	02	04	sub-9/ses-02/run-04/tsv-row-19	19	right_hand	2	130.564	5.0	32641	33891	sub-9/ses-02/eeg/sub-9_ses-02_task-imagery_run-04_eeg.edf	1250	True		sub-09	V	s	s	0	sub-09/ses-02/eeg/sub-09_ses-02_task-MotorImageryRest_run-04_eeg.vhdr	190ce6fd1fcf4690271246d61686fe42d1120bf6075faadd6571656d55ea03f6	True	unresolved	unresolved
sub-9	02	04	sub-9/ses-02/run-04/tsv-row-20	20	rest	1	137.452	5.0	34363	35613	sub-9/ses-02/eeg/sub-9_ses-02_task-imagery_run-04_eeg.edf	1250	True		sub-09	V	s	s	0	sub-09/ses-02/eeg/sub-09_ses-02_task-MotorImageryRest_run-04_eeg.vhdr	190ce6fd1fcf4690271246d61686fe42d1120bf6075faadd6571656d55ea03f6	True	unresolved	unresolved
sub-9	02	04	sub-9/ses-02/run-04/tsv-row-21	21	rest	1	144.336	5.0	36084	37334	sub-9/ses-02/eeg/sub-9_ses-02_task-imagery_run-04_eeg.edf	1250	True		sub-09	V	s	s	0	sub-09/ses-02/eeg/sub-09_ses-02_task-MotorImageryRest_run-04_eeg.vhdr	190ce6fd1fcf4690271246d61686fe42d1120bf6075faadd6571656d55ea03f6	True	unresolved	unresolved
sub-9	02	04	sub-9/ses-02/run-04/tsv-row-22	22	right_hand	2	151.24	5.0	37810	39060	sub-9/ses-02/eeg/sub-9_ses-02_task-imagery_run-04_eeg.edf	1250	True		sub-09	V	s	s	0	sub-09/ses-02/eeg/sub-09_ses-02_task-MotorImageryRest_run-04_eeg.vhdr	190ce6fd1fcf4690271246d61686fe42d1120bf6075faadd6571656d55ea03f6	True	unresolved	unresolved
sub-9	02	04	sub-9/ses-02/run-04/tsv-row-23	23	right_hand	2	158.112	5.0	39528	40778	sub-9/ses-02/eeg/sub-9_ses-02_task-imagery_run-04_eeg.edf	1250	True		sub-09	V	s	s	0	sub-09/ses-02/eeg/sub-09_ses-02_task-MotorImageryRest_run-04_eeg.vhdr	190ce6fd1fcf4690271246d61686fe42d1120bf6075faadd6571656d55ea03f6	True	unresolved	unresolved
sub-9	02	04	sub-9/ses-02/run-04/tsv-row-24	24	rest	1	165.0	5.0	41250	42500	sub-9/ses-02/eeg/sub-9_ses-02_task-imagery_run-04_eeg.edf	1250	True		sub-09	V	s	s	0	sub-09/ses-02/eeg/sub-09_ses-02_task-MotorImageryRest_run-04_eeg.vhdr	190ce6fd1fcf4690271246d61686fe42d1120bf6075faadd6571656d55ea03f6	True	unresolved	unresolved
sub-9	02	04	sub-9/ses-02/run-04/tsv-row-25	25	right_hand	2	171.9	5.0	42975	44225	sub-9/ses-02/eeg/sub-9_ses-02_task-imagery_run-04_eeg.edf	1250	True		sub-09	V	s	s	0	sub-09/ses-02/eeg/sub-09_ses-02_task-MotorImageryRest_run-04_eeg.vhdr	190ce6fd1fcf4690271246d61686fe42d1120bf6075faadd6571656d55ea03f6	True	unresolved	unresolved
sub-9	02	04	sub-9/ses-02/run-04/tsv-row-26	26	rest	1	178.788	5.0	44697	45947	sub-9/ses-02/eeg/sub-9_ses-02_task-imagery_run-04_eeg.edf	1250	True		sub-09	V	s	s	0	sub-09/ses-02/eeg/sub-09_ses-02_task-MotorImageryRest_run-04_eeg.vhdr	190ce6fd1fcf4690271246d61686fe42d1120bf6075faadd6571656d55ea03f6	True	unresolved	unresolved
sub-9	02	04	sub-9/ses-02/run-04/tsv-row-27	27	right_hand	2	185.656	5.0	46414	47664	sub-9/ses-02/eeg/sub-9_ses-02_task-imagery_run-04_eeg.edf	1250	True		sub-09	V	s	s	0	sub-09/ses-02/eeg/sub-09_ses-02_task-MotorImageryRest_run-04_eeg.vhdr	190ce6fd1fcf4690271246d61686fe42d1120bf6075faadd6571656d55ea03f6	True	unresolved	unresolved
sub-9	02	04	sub-9/ses-02/run-04/tsv-row-28	28	rest	1	192.544	5.0	48136	49386	sub-9/ses-02/eeg/sub-9_ses-02_task-imagery_run-04_eeg.edf	1250	True		sub-09	V	s	s	0	sub-09/ses-02/eeg/sub-09_ses-02_task-MotorImageryRest_run-04_eeg.vhdr	190ce6fd1fcf4690271246d61686fe42d1120bf6075faadd6571656d55ea03f6	True	unresolved	unresolved
sub-9	02	04	sub-9/ses-02/run-04/tsv-row-29	29	right_hand	2	199.448	5.0	49862	51112	sub-9/ses-02/eeg/sub-9_ses-02_task-imagery_run-04_eeg.edf	1250	True		sub-09	V	s	s	0	sub-09/ses-02/eeg/sub-09_ses-02_task-MotorImageryRest_run-04_eeg.vhdr	190ce6fd1fcf4690271246d61686fe42d1120bf6075faadd6571656d55ea03f6	True	unresolved	unresolved
sub-9	02	04	sub-9/ses-02/run-04/tsv-row-30	30	rest	1	206.336	5.0	51584	52834	sub-9/ses-02/eeg/sub-9_ses-02_task-imagery_run-04_eeg.edf	1250	True		sub-09	V	s	s	0	sub-09/ses-02/eeg/sub-09_ses-02_task-MotorImageryRest_run-04_eeg.vhdr	190ce6fd1fcf4690271246d61686fe42d1120bf6075faadd6571656d55ea03f6	True	unresolved	unresolved
sub-9	02	04	sub-9/ses-02/run-04/tsv-row-31	31	rest	1	213.204	5.0	53301	54551	sub-9/ses-02/eeg/sub-9_ses-02_task-imagery_run-04_eeg.edf	1250	True		sub-09	V	s	s	0	sub-09/ses-02/eeg/sub-09_ses-02_task-MotorImageryRest_run-04_eeg.vhdr	190ce6fd1fcf4690271246d61686fe42d1120bf6075faadd6571656d55ea03f6	True	unresolved	unresolved
sub-9	02	04	sub-9/ses-02/run-04/tsv-row-32	32	right_hand	2	220.108	5.0	55027	56277	sub-9/ses-02/eeg/sub-9_ses-02_task-imagery_run-04_eeg.edf	1250	True		sub-09	V	s	s	0	sub-09/ses-02/eeg/sub-09_ses-02_task-MotorImageryRest_run-04_eeg.vhdr	190ce6fd1fcf4690271246d61686fe42d1120bf6075faadd6571656d55ea03f6	True	unresolved	unresolved
sub-9	02	05	sub-9/ses-02/run-05/tsv-row-1	1	right_hand	2	6.412	5.0	1603	2853	sub-9/ses-02/eeg/sub-9_ses-02_task-imagery_run-05_eeg.edf	1250	True		sub-09	V	s	s	0	sub-09/ses-02/eeg/sub-09_ses-02_task-MotorImageryRest_run-05_eeg.vhdr	98b5f9e98c7ce0ad6bf608d5f9dd9eee92cb66eca58294bf3d1513beacb9432c	True	unresolved	unresolved
sub-9	02	05	sub-9/ses-02/run-05/tsv-row-2	2	rest	1	13.304	5.0	3326	4576	sub-9/ses-02/eeg/sub-9_ses-02_task-imagery_run-05_eeg.edf	1250	True		sub-09	V	s	s	0	sub-09/ses-02/eeg/sub-09_ses-02_task-MotorImageryRest_run-05_eeg.vhdr	98b5f9e98c7ce0ad6bf608d5f9dd9eee92cb66eca58294bf3d1513beacb9432c	True	unresolved	unresolved
sub-9	02	05	sub-9/ses-02/run-05/tsv-row-3	3	right_hand	2	20.188	5.0	5047	6297	sub-9/ses-02/eeg/sub-9_ses-02_task-imagery_run-05_eeg.edf	1250	True		sub-09	V	s	s	0	sub-09/ses-02/eeg/sub-09_ses-02_task-MotorImageryRest_run-05_eeg.vhdr	98b5f9e98c7ce0ad6bf608d5f9dd9eee92cb66eca58294bf3d1513beacb9432c	True	unresolved	unresolved
sub-9	02	05	sub-9/ses-02/run-05/tsv-row-4	4	rest	1	27.076	5.0	6769	8019	sub-9/ses-02/eeg/sub-9_ses-02_task-imagery_run-05_eeg.edf	1250	True		sub-09	V	s	s	0	sub-09/ses-02/eeg/sub-09_ses-02_task-MotorImageryRest_run-05_eeg.vhdr	98b5f9e98c7ce0ad6bf608d5f9dd9eee92cb66eca58294bf3d1513beacb9432c	True	unresolved	unresolved
sub-9	02	05	sub-9/ses-02/run-05/tsv-row-5	5	rest	1	33.964	5.0	8491	9741	sub-9/ses-02/eeg/sub-9_ses-02_task-imagery_run-05_eeg.edf	1250	True		sub-09	V	s	s	0	sub-09/ses-02/eeg/sub-09_ses-02_task-MotorImageryRest_run-05_eeg.vhdr	98b5f9e98c7ce0ad6bf608d5f9dd9eee92cb66eca58294bf3d1513beacb9432c	True	unresolved	unresolved
sub-9	02	05	sub-9/ses-02/run-05/tsv-row-6	6	right_hand	2	40.848	5.0	10212	11462	sub-9/ses-02/eeg/sub-9_ses-02_task-imagery_run-05_eeg.edf	1250	True		sub-09	V	s	s	0	sub-09/ses-02/eeg/sub-09_ses-02_task-MotorImageryRest_run-05_eeg.vhdr	98b5f9e98c7ce0ad6bf608d5f9dd9eee92cb66eca58294bf3d1513beacb9432c	True	unresolved	unresolved
sub-9	02	05	sub-9/ses-02/run-05/tsv-row-7	7	rest	1	47.736	5.0	11934	13184	sub-9/ses-02/eeg/sub-9_ses-02_task-imagery_run-05_eeg.edf	1250	True		sub-09	V	s	s	0	sub-09/ses-02/eeg/sub-09_ses-02_task-MotorImageryRest_run-05_eeg.vhdr	98b5f9e98c7ce0ad6bf608d5f9dd9eee92cb66eca58294bf3d1513beacb9432c	True	unresolved	unresolved
sub-9	02	05	sub-9/ses-02/run-05/tsv-row-8	8	right_hand	2	54.624	5.0	13656	14906	sub-9/ses-02/eeg/sub-9_ses-02_task-imagery_run-05_eeg.edf	1250	True		sub-09	V	s	s	0	sub-09/ses-02/eeg/sub-09_ses-02_task-MotorImageryRest_run-05_eeg.vhdr	98b5f9e98c7ce0ad6bf608d5f9dd9eee92cb66eca58294bf3d1513beacb9432c	True	unresolved	unresolved
sub-9	02	05	sub-9/ses-02/run-05/tsv-row-9	9	right_hand	2	61.528	5.0	15382	16632	sub-9/ses-02/eeg/sub-9_ses-02_task-imagery_run-05_eeg.edf	1250	True		sub-09	V	s	s	0	sub-09/ses-02/eeg/sub-09_ses-02_task-MotorImageryRest_run-05_eeg.vhdr	98b5f9e98c7ce0ad6bf608d5f9dd9eee92cb66eca58294bf3d1513beacb9432c	True	unresolved	unresolved
sub-9	02	05	sub-9/ses-02/run-05/tsv-row-10	10	rest	1	68.396	5.0	17099	18349	sub-9/ses-02/eeg/sub-9_ses-02_task-imagery_run-05_eeg.edf	1250	True		sub-09	V	s	s	0	sub-09/ses-02/eeg/sub-09_ses-02_task-MotorImageryRest_run-05_eeg.vhdr	98b5f9e98c7ce0ad6bf608d5f9dd9eee92cb66eca58294bf3d1513beacb9432c	True	unresolved	unresolved
sub-9	02	05	sub-9/ses-02/run-05/tsv-row-11	11	right_hand	2	75.284	5.0	18821	20071	sub-9/ses-02/eeg/sub-9_ses-02_task-imagery_run-05_eeg.edf	1250	True		sub-09	V	s	s	0	sub-09/ses-02/eeg/sub-09_ses-02_task-MotorImageryRest_run-05_eeg.vhdr	98b5f9e98c7ce0ad6bf608d5f9dd9eee92cb66eca58294bf3d1513beacb9432c	True	unresolved	unresolved
sub-9	02	05	sub-9/ses-02/run-05/tsv-row-12	12	rest	1	82.172	5.0	20543	21793	sub-9/ses-02/eeg/sub-9_ses-02_task-imagery_run-05_eeg.edf	1250	True		sub-09	V	s	s	0	sub-09/ses-02/eeg/sub-09_ses-02_task-MotorImageryRest_run-05_eeg.vhdr	98b5f9e98c7ce0ad6bf608d5f9dd9eee92cb66eca58294bf3d1513beacb9432c	True	unresolved	unresolved
sub-9	02	05	sub-9/ses-02/run-05/tsv-row-13	13	rest	1	89.072	5.0	22268	23518	sub-9/ses-02/eeg/sub-9_ses-02_task-imagery_run-05_eeg.edf	1250	True		sub-09	V	s	s	0	sub-09/ses-02/eeg/sub-09_ses-02_task-MotorImageryRest_run-05_eeg.vhdr	98b5f9e98c7ce0ad6bf608d5f9dd9eee92cb66eca58294bf3d1513beacb9432c	True	unresolved	unresolved
sub-9	02	05	sub-9/ses-02/run-05/tsv-row-14	14	right_hand	2	95.96	5.0	23990	25240	sub-9/ses-02/eeg/sub-9_ses-02_task-imagery_run-05_eeg.edf	1250	True		sub-09	V	s	s	0	sub-09/ses-02/eeg/sub-09_ses-02_task-MotorImageryRest_run-05_eeg.vhdr	98b5f9e98c7ce0ad6bf608d5f9dd9eee92cb66eca58294bf3d1513beacb9432c	True	unresolved	unresolved
sub-9	02	05	sub-9/ses-02/run-05/tsv-row-15	15	rest	1	102.832	5.0	25708	26958	sub-9/ses-02/eeg/sub-9_ses-02_task-imagery_run-05_eeg.edf	1250	True		sub-09	V	s	s	0	sub-09/ses-02/eeg/sub-09_ses-02_task-MotorImageryRest_run-05_eeg.vhdr	98b5f9e98c7ce0ad6bf608d5f9dd9eee92cb66eca58294bf3d1513beacb9432c	True	unresolved	unresolved
sub-9	02	05	sub-9/ses-02/run-05/tsv-row-16	16	right_hand	2	109.732	5.0	27433	28683	sub-9/ses-02/eeg/sub-9_ses-02_task-imagery_run-05_eeg.edf	1250	True		sub-09	V	s	s	0	sub-09/ses-02/eeg/sub-09_ses-02_task-MotorImageryRest_run-05_eeg.vhdr	98b5f9e98c7ce0ad6bf608d5f9dd9eee92cb66eca58294bf3d1513beacb9432c	True	unresolved	unresolved
sub-9	02	05	sub-9/ses-02/run-05/tsv-row-17	17	rest	1	116.62	5.0	29155	30405	sub-9/ses-02/eeg/sub-9_ses-02_task-imagery_run-05_eeg.edf	1250	True		sub-09	V	s	s	0	sub-09/ses-02/eeg/sub-09_ses-02_task-MotorImageryRest_run-05_eeg.vhdr	98b5f9e98c7ce0ad6bf608d5f9dd9eee92cb66eca58294bf3d1513beacb9432c	True	unresolved	unresolved
sub-9	02	05	sub-9/ses-02/run-05/tsv-row-18	18	right_hand	2	123.508	5.0	30877	32127	sub-9/ses-02/eeg/sub-9_ses-02_task-imagery_run-05_eeg.edf	1250	True		sub-09	V	s	s	0	sub-09/ses-02/eeg/sub-09_ses-02_task-MotorImageryRest_run-05_eeg.vhdr	98b5f9e98c7ce0ad6bf608d5f9dd9eee92cb66eca58294bf3d1513beacb9432c	True	unresolved	unresolved
sub-9	02	05	sub-9/ses-02/run-05/tsv-row-19	19	rest	1	130.396	5.0	32599	33849	sub-9/ses-02/eeg/sub-9_ses-02_task-imagery_run-05_eeg.edf	1250	True		sub-09	V	s	s	0	sub-09/ses-02/eeg/sub-09_ses-02_task-MotorImageryRest_run-05_eeg.vhdr	98b5f9e98c7ce0ad6bf608d5f9dd9eee92cb66eca58294bf3d1513beacb9432c	True	unresolved	unresolved
sub-9	02	05	sub-9/ses-02/run-05/tsv-row-20	20	right_hand	2	137.28	5.0	34320	35570	sub-9/ses-02/eeg/sub-9_ses-02_task-imagery_run-05_eeg.edf	1250	True		sub-09	V	s	s	0	sub-09/ses-02/eeg/sub-09_ses-02_task-MotorImageryRest_run-05_eeg.vhdr	98b5f9e98c7ce0ad6bf608d5f9dd9eee92cb66eca58294bf3d1513beacb9432c	True	unresolved	unresolved
sub-9	02	05	sub-9/ses-02/run-05/tsv-row-21	21	rest	1	144.168	5.0	36042	37292	sub-9/ses-02/eeg/sub-9_ses-02_task-imagery_run-05_eeg.edf	1250	True		sub-09	V	s	s	0	sub-09/ses-02/eeg/sub-09_ses-02_task-MotorImageryRest_run-05_eeg.vhdr	98b5f9e98c7ce0ad6bf608d5f9dd9eee92cb66eca58294bf3d1513beacb9432c	True	unresolved	unresolved
sub-9	02	05	sub-9/ses-02/run-05/tsv-row-22	22	right_hand	2	151.072	5.0	37768	39018	sub-9/ses-02/eeg/sub-9_ses-02_task-imagery_run-05_eeg.edf	1250	True		sub-09	V	s	s	0	sub-09/ses-02/eeg/sub-09_ses-02_task-MotorImageryRest_run-05_eeg.vhdr	98b5f9e98c7ce0ad6bf608d5f9dd9eee92cb66eca58294bf3d1513beacb9432c	True	unresolved	unresolved
sub-9	02	05	sub-9/ses-02/run-05/tsv-row-23	23	rest	1	157.944	5.0	39486	40736	sub-9/ses-02/eeg/sub-9_ses-02_task-imagery_run-05_eeg.edf	1250	True		sub-09	V	s	s	0	sub-09/ses-02/eeg/sub-09_ses-02_task-MotorImageryRest_run-05_eeg.vhdr	98b5f9e98c7ce0ad6bf608d5f9dd9eee92cb66eca58294bf3d1513beacb9432c	True	unresolved	unresolved
sub-9	02	05	sub-9/ses-02/run-05/tsv-row-24	24	right_hand	2	164.828	5.0	41207	42457	sub-9/ses-02/eeg/sub-9_ses-02_task-imagery_run-05_eeg.edf	1250	True		sub-09	V	s	s	0	sub-09/ses-02/eeg/sub-09_ses-02_task-MotorImageryRest_run-05_eeg.vhdr	98b5f9e98c7ce0ad6bf608d5f9dd9eee92cb66eca58294bf3d1513beacb9432c	True	unresolved	unresolved
sub-9	02	05	sub-9/ses-02/run-05/tsv-row-25	25	right_hand	2	171.732	5.0	42933	44183	sub-9/ses-02/eeg/sub-9_ses-02_task-imagery_run-05_eeg.edf	1250	True		sub-09	V	s	s	0	sub-09/ses-02/eeg/sub-09_ses-02_task-MotorImageryRest_run-05_eeg.vhdr	98b5f9e98c7ce0ad6bf608d5f9dd9eee92cb66eca58294bf3d1513beacb9432c	True	unresolved	unresolved
sub-9	02	05	sub-9/ses-02/run-05/tsv-row-26	26	rest	1	178.62	5.0	44655	45905	sub-9/ses-02/eeg/sub-9_ses-02_task-imagery_run-05_eeg.edf	1250	True		sub-09	V	s	s	0	sub-09/ses-02/eeg/sub-09_ses-02_task-MotorImageryRest_run-05_eeg.vhdr	98b5f9e98c7ce0ad6bf608d5f9dd9eee92cb66eca58294bf3d1513beacb9432c	True	unresolved	unresolved
sub-9	02	05	sub-9/ses-02/run-05/tsv-row-27	27	rest	1	185.488	5.0	46372	47622	sub-9/ses-02/eeg/sub-9_ses-02_task-imagery_run-05_eeg.edf	1250	True		sub-09	V	s	s	0	sub-09/ses-02/eeg/sub-09_ses-02_task-MotorImageryRest_run-05_eeg.vhdr	98b5f9e98c7ce0ad6bf608d5f9dd9eee92cb66eca58294bf3d1513beacb9432c	True	unresolved	unresolved
sub-9	02	05	sub-9/ses-02/run-05/tsv-row-28	28	right_hand	2	192.392	5.0	48098	49348	sub-9/ses-02/eeg/sub-9_ses-02_task-imagery_run-05_eeg.edf	1250	True		sub-09	V	s	s	0	sub-09/ses-02/eeg/sub-09_ses-02_task-MotorImageryRest_run-05_eeg.vhdr	98b5f9e98c7ce0ad6bf608d5f9dd9eee92cb66eca58294bf3d1513beacb9432c	True	unresolved	unresolved
sub-9	02	05	sub-9/ses-02/run-05/tsv-row-29	29	rest	1	199.28	5.0	49820	51070	sub-9/ses-02/eeg/sub-9_ses-02_task-imagery_run-05_eeg.edf	1250	True		sub-09	V	s	s	0	sub-09/ses-02/eeg/sub-09_ses-02_task-MotorImageryRest_run-05_eeg.vhdr	98b5f9e98c7ce0ad6bf608d5f9dd9eee92cb66eca58294bf3d1513beacb9432c	True	unresolved	unresolved
sub-9	02	05	sub-9/ses-02/run-05/tsv-row-30	30	right_hand	2	206.164	5.0	51541	52791	sub-9/ses-02/eeg/sub-9_ses-02_task-imagery_run-05_eeg.edf	1250	True		sub-09	V	s	s	0	sub-09/ses-02/eeg/sub-09_ses-02_task-MotorImageryRest_run-05_eeg.vhdr	98b5f9e98c7ce0ad6bf608d5f9dd9eee92cb66eca58294bf3d1513beacb9432c	True	unresolved	unresolved
sub-9	02	05	sub-9/ses-02/run-05/tsv-row-31	31	rest	1	213.052	5.0	53263	54513	sub-9/ses-02/eeg/sub-9_ses-02_task-imagery_run-05_eeg.edf	1250	True		sub-09	V	s	s	0	sub-09/ses-02/eeg/sub-09_ses-02_task-MotorImageryRest_run-05_eeg.vhdr	98b5f9e98c7ce0ad6bf608d5f9dd9eee92cb66eca58294bf3d1513beacb9432c	True	unresolved	unresolved
sub-9	02	05	sub-9/ses-02/run-05/tsv-row-32	32	right_hand	2	219.94	5.0	54985	56235	sub-9/ses-02/eeg/sub-9_ses-02_task-imagery_run-05_eeg.edf	1250	True		sub-09	V	s	s	0	sub-09/ses-02/eeg/sub-09_ses-02_task-MotorImageryRest_run-05_eeg.vhdr	98b5f9e98c7ce0ad6bf608d5f9dd9eee92cb66eca58294bf3d1513beacb9432c	True	unresolved	unresolved
sub-9	02	06	sub-9/ses-02/run-06/tsv-row-1	1	rest	1	17.224	5.0	4306	5556	sub-9/ses-02/eeg/sub-9_ses-02_task-imagery_run-06_eeg.edf	1250	True		sub-09	V	s	s	0	sub-09/ses-02/eeg/sub-09_ses-02_task-MotorImageryRest_run-06_eeg.vhdr	6b0ec5083cab32f54b6d1c93756b210e7d7c7fc1f5762d98378a54f0d8c4cc51	True	unresolved	unresolved
sub-9	02	06	sub-9/ses-02/run-06/tsv-row-2	2	right_hand	2	24.128	5.0	6032	7282	sub-9/ses-02/eeg/sub-9_ses-02_task-imagery_run-06_eeg.edf	1250	True		sub-09	V	s	s	0	sub-09/ses-02/eeg/sub-09_ses-02_task-MotorImageryRest_run-06_eeg.vhdr	6b0ec5083cab32f54b6d1c93756b210e7d7c7fc1f5762d98378a54f0d8c4cc51	True	unresolved	unresolved
sub-9	02	06	sub-9/ses-02/run-06/tsv-row-3	3	rest	1	31.016	5.0	7754	9004	sub-9/ses-02/eeg/sub-9_ses-02_task-imagery_run-06_eeg.edf	1250	True		sub-09	V	s	s	0	sub-09/ses-02/eeg/sub-09_ses-02_task-MotorImageryRest_run-06_eeg.vhdr	6b0ec5083cab32f54b6d1c93756b210e7d7c7fc1f5762d98378a54f0d8c4cc51	True	unresolved	unresolved
sub-9	02	06	sub-9/ses-02/run-06/tsv-row-4	4	right_hand	2	37.92	5.0	9480	10730	sub-9/ses-02/eeg/sub-9_ses-02_task-imagery_run-06_eeg.edf	1250	True		sub-09	V	s	s	0	sub-09/ses-02/eeg/sub-09_ses-02_task-MotorImageryRest_run-06_eeg.vhdr	6b0ec5083cab32f54b6d1c93756b210e7d7c7fc1f5762d98378a54f0d8c4cc51	True	unresolved	unresolved
sub-9	02	06	sub-9/ses-02/run-06/tsv-row-5	5	right_hand	2	44.808	5.0	11202	12452	sub-9/ses-02/eeg/sub-9_ses-02_task-imagery_run-06_eeg.edf	1250	True		sub-09	V	s	s	0	sub-09/ses-02/eeg/sub-09_ses-02_task-MotorImageryRest_run-06_eeg.vhdr	6b0ec5083cab32f54b6d1c93756b210e7d7c7fc1f5762d98378a54f0d8c4cc51	True	unresolved	unresolved
sub-9	02	06	sub-9/ses-02/run-06/tsv-row-6	6	rest	1	51.676	5.0	12919	14169	sub-9/ses-02/eeg/sub-9_ses-02_task-imagery_run-06_eeg.edf	1250	True		sub-09	V	s	s	0	sub-09/ses-02/eeg/sub-09_ses-02_task-MotorImageryRest_run-06_eeg.vhdr	6b0ec5083cab32f54b6d1c93756b210e7d7c7fc1f5762d98378a54f0d8c4cc51	True	unresolved	unresolved
sub-9	02	06	sub-9/ses-02/run-06/tsv-row-7	7	rest	1	58.58	5.0	14645	15895	sub-9/ses-02/eeg/sub-9_ses-02_task-imagery_run-06_eeg.edf	1250	True		sub-09	V	s	s	0	sub-09/ses-02/eeg/sub-09_ses-02_task-MotorImageryRest_run-06_eeg.vhdr	6b0ec5083cab32f54b6d1c93756b210e7d7c7fc1f5762d98378a54f0d8c4cc51	True	unresolved	unresolved
sub-9	02	06	sub-9/ses-02/run-06/tsv-row-8	8	right_hand	2	65.464	5.0	16366	17616	sub-9/ses-02/eeg/sub-9_ses-02_task-imagery_run-06_eeg.edf	1250	True		sub-09	V	s	s	0	sub-09/ses-02/eeg/sub-09_ses-02_task-MotorImageryRest_run-06_eeg.vhdr	6b0ec5083cab32f54b6d1c93756b210e7d7c7fc1f5762d98378a54f0d8c4cc51	True	unresolved	unresolved
sub-9	02	06	sub-9/ses-02/run-06/tsv-row-9	9	right_hand	2	72.352	5.0	18088	19338	sub-9/ses-02/eeg/sub-9_ses-02_task-imagery_run-06_eeg.edf	1250	True		sub-09	V	s	s	0	sub-09/ses-02/eeg/sub-09_ses-02_task-MotorImageryRest_run-06_eeg.vhdr	6b0ec5083cab32f54b6d1c93756b210e7d7c7fc1f5762d98378a54f0d8c4cc51	True	unresolved	unresolved
sub-9	02	06	sub-9/ses-02/run-06/tsv-row-10	10	rest	1	79.24	5.0	19810	21060	sub-9/ses-02/eeg/sub-9_ses-02_task-imagery_run-06_eeg.edf	1250	True		sub-09	V	s	s	0	sub-09/ses-02/eeg/sub-09_ses-02_task-MotorImageryRest_run-06_eeg.vhdr	6b0ec5083cab32f54b6d1c93756b210e7d7c7fc1f5762d98378a54f0d8c4cc51	True	unresolved	unresolved
sub-9	02	06	sub-9/ses-02/run-06/tsv-row-11	11	rest	1	86.128	5.0	21532	22782	sub-9/ses-02/eeg/sub-9_ses-02_task-imagery_run-06_eeg.edf	1250	True		sub-09	V	s	s	0	sub-09/ses-02/eeg/sub-09_ses-02_task-MotorImageryRest_run-06_eeg.vhdr	6b0ec5083cab32f54b6d1c93756b210e7d7c7fc1f5762d98378a54f0d8c4cc51	True	unresolved	unresolved
sub-9	02	06	sub-9/ses-02/run-06/tsv-row-12	12	right_hand	2	93.016	5.0	23254	24504	sub-9/ses-02/eeg/sub-9_ses-02_task-imagery_run-06_eeg.edf	1250	True		sub-09	V	s	s	0	sub-09/ses-02/eeg/sub-09_ses-02_task-MotorImageryRest_run-06_eeg.vhdr	6b0ec5083cab32f54b6d1c93756b210e7d7c7fc1f5762d98378a54f0d8c4cc51	True	unresolved	unresolved
sub-9	02	06	sub-9/ses-02/run-06/tsv-row-13	13	rest	1	99.9	5.0	24975	26225	sub-9/ses-02/eeg/sub-9_ses-02_task-imagery_run-06_eeg.edf	1250	True		sub-09	V	s	s	0	sub-09/ses-02/eeg/sub-09_ses-02_task-MotorImageryRest_run-06_eeg.vhdr	6b0ec5083cab32f54b6d1c93756b210e7d7c7fc1f5762d98378a54f0d8c4cc51	True	unresolved	unresolved
sub-9	02	06	sub-9/ses-02/run-06/tsv-row-14	14	right_hand	2	106.788	5.0	26697	27947	sub-9/ses-02/eeg/sub-9_ses-02_task-imagery_run-06_eeg.edf	1250	True		sub-09	V	s	s	0	sub-09/ses-02/eeg/sub-09_ses-02_task-MotorImageryRest_run-06_eeg.vhdr	6b0ec5083cab32f54b6d1c93756b210e7d7c7fc1f5762d98378a54f0d8c4cc51	True	unresolved	unresolved
sub-9	02	06	sub-9/ses-02/run-06/tsv-row-15	15	rest	1	113.676	5.0	28419	29669	sub-9/ses-02/eeg/sub-9_ses-02_task-imagery_run-06_eeg.edf	1250	True		sub-09	V	s	s	0	sub-09/ses-02/eeg/sub-09_ses-02_task-MotorImageryRest_run-06_eeg.vhdr	6b0ec5083cab32f54b6d1c93756b210e7d7c7fc1f5762d98378a54f0d8c4cc51	True	unresolved	unresolved
sub-9	02	06	sub-9/ses-02/run-06/tsv-row-16	16	right_hand	2	120.576	5.0	30144	31394	sub-9/ses-02/eeg/sub-9_ses-02_task-imagery_run-06_eeg.edf	1250	True		sub-09	V	s	s	0	sub-09/ses-02/eeg/sub-09_ses-02_task-MotorImageryRest_run-06_eeg.vhdr	6b0ec5083cab32f54b6d1c93756b210e7d7c7fc1f5762d98378a54f0d8c4cc51	True	unresolved	unresolved
sub-9	02	06	sub-9/ses-02/run-06/tsv-row-17	17	rest	1	127.448	5.0	31862	33112	sub-9/ses-02/eeg/sub-9_ses-02_task-imagery_run-06_eeg.edf	1250	True		sub-09	V	s	s	0	sub-09/ses-02/eeg/sub-09_ses-02_task-MotorImageryRest_run-06_eeg.vhdr	6b0ec5083cab32f54b6d1c93756b210e7d7c7fc1f5762d98378a54f0d8c4cc51	True	unresolved	unresolved
sub-9	02	06	sub-9/ses-02/run-06/tsv-row-18	18	right_hand	2	134.336	5.0	33584	34834	sub-9/ses-02/eeg/sub-9_ses-02_task-imagery_run-06_eeg.edf	1250	True		sub-09	V	s	s	0	sub-09/ses-02/eeg/sub-09_ses-02_task-MotorImageryRest_run-06_eeg.vhdr	6b0ec5083cab32f54b6d1c93756b210e7d7c7fc1f5762d98378a54f0d8c4cc51	True	unresolved	unresolved
sub-9	02	06	sub-9/ses-02/run-06/tsv-row-19	19	right_hand	2	141.24	5.0	35310	36560	sub-9/ses-02/eeg/sub-9_ses-02_task-imagery_run-06_eeg.edf	1250	True		sub-09	V	s	s	0	sub-09/ses-02/eeg/sub-09_ses-02_task-MotorImageryRest_run-06_eeg.vhdr	6b0ec5083cab32f54b6d1c93756b210e7d7c7fc1f5762d98378a54f0d8c4cc51	True	unresolved	unresolved
sub-9	02	06	sub-9/ses-02/run-06/tsv-row-20	20	rest	1	148.128	5.0	37032	38282	sub-9/ses-02/eeg/sub-9_ses-02_task-imagery_run-06_eeg.edf	1250	True		sub-09	V	s	s	0	sub-09/ses-02/eeg/sub-09_ses-02_task-MotorImageryRest_run-06_eeg.vhdr	6b0ec5083cab32f54b6d1c93756b210e7d7c7fc1f5762d98378a54f0d8c4cc51	True	unresolved	unresolved
sub-9	02	06	sub-9/ses-02/run-06/tsv-row-21	21	right_hand	2	154.996	5.0	38749	39999	sub-9/ses-02/eeg/sub-9_ses-02_task-imagery_run-06_eeg.edf	1250	True		sub-09	V	s	s	0	sub-09/ses-02/eeg/sub-09_ses-02_task-MotorImageryRest_run-06_eeg.vhdr	6b0ec5083cab32f54b6d1c93756b210e7d7c7fc1f5762d98378a54f0d8c4cc51	True	unresolved	unresolved
sub-9	02	06	sub-9/ses-02/run-06/tsv-row-22	22	rest	1	161.884	5.0	40471	41721	sub-9/ses-02/eeg/sub-9_ses-02_task-imagery_run-06_eeg.edf	1250	True		sub-09	V	s	s	0	sub-09/ses-02/eeg/sub-09_ses-02_task-MotorImageryRest_run-06_eeg.vhdr	6b0ec5083cab32f54b6d1c93756b210e7d7c7fc1f5762d98378a54f0d8c4cc51	True	unresolved	unresolved
sub-9	02	06	sub-9/ses-02/run-06/tsv-row-23	23	right_hand	2	168.784	5.0	42196	43446	sub-9/ses-02/eeg/sub-9_ses-02_task-imagery_run-06_eeg.edf	1250	True		sub-09	V	s	s	0	sub-09/ses-02/eeg/sub-09_ses-02_task-MotorImageryRest_run-06_eeg.vhdr	6b0ec5083cab32f54b6d1c93756b210e7d7c7fc1f5762d98378a54f0d8c4cc51	True	unresolved	unresolved
sub-9	02	06	sub-9/ses-02/run-06/tsv-row-24	24	rest	1	175.672	5.0	43918	45168	sub-9/ses-02/eeg/sub-9_ses-02_task-imagery_run-06_eeg.edf	1250	True		sub-09	V	s	s	0	sub-09/ses-02/eeg/sub-09_ses-02_task-MotorImageryRest_run-06_eeg.vhdr	6b0ec5083cab32f54b6d1c93756b210e7d7c7fc1f5762d98378a54f0d8c4cc51	True	unresolved	unresolved
sub-9	02	06	sub-9/ses-02/run-06/tsv-row-25	25	rest	1	182.544	5.0	45636	46886	sub-9/ses-02/eeg/sub-9_ses-02_task-imagery_run-06_eeg.edf	1250	True		sub-09	V	s	s	0	sub-09/ses-02/eeg/sub-09_ses-02_task-MotorImageryRest_run-06_eeg.vhdr	6b0ec5083cab32f54b6d1c93756b210e7d7c7fc1f5762d98378a54f0d8c4cc51	True	unresolved	unresolved
sub-9	02	06	sub-9/ses-02/run-06/tsv-row-26	26	right_hand	2	189.444	5.0	47361	48611	sub-9/ses-02/eeg/sub-9_ses-02_task-imagery_run-06_eeg.edf	1250	True		sub-09	V	s	s	0	sub-09/ses-02/eeg/sub-09_ses-02_task-MotorImageryRest_run-06_eeg.vhdr	6b0ec5083cab32f54b6d1c93756b210e7d7c7fc1f5762d98378a54f0d8c4cc51	True	unresolved	unresolved
sub-9	02	06	sub-9/ses-02/run-06/tsv-row-27	27	rest	1	196.332	5.0	49083	50333	sub-9/ses-02/eeg/sub-9_ses-02_task-imagery_run-06_eeg.edf	1250	True		sub-09	V	s	s	0	sub-09/ses-02/eeg/sub-09_ses-02_task-MotorImageryRest_run-06_eeg.vhdr	6b0ec5083cab32f54b6d1c93756b210e7d7c7fc1f5762d98378a54f0d8c4cc51	True	unresolved	unresolved
sub-9	02	06	sub-9/ses-02/run-06/tsv-row-28	28	right_hand	2	203.22	5.0	50805	52055	sub-9/ses-02/eeg/sub-9_ses-02_task-imagery_run-06_eeg.edf	1250	True		sub-09	V	s	s	0	sub-09/ses-02/eeg/sub-09_ses-02_task-MotorImageryRest_run-06_eeg.vhdr	6b0ec5083cab32f54b6d1c93756b210e7d7c7fc1f5762d98378a54f0d8c4cc51	True	unresolved	unresolved
sub-9	02	06	sub-9/ses-02/run-06/tsv-row-29	29	right_hand	2	210.104	5.0	52526	53776	sub-9/ses-02/eeg/sub-9_ses-02_task-imagery_run-06_eeg.edf	1250	True		sub-09	V	s	s	0	sub-09/ses-02/eeg/sub-09_ses-02_task-MotorImageryRest_run-06_eeg.vhdr	6b0ec5083cab32f54b6d1c93756b210e7d7c7fc1f5762d98378a54f0d8c4cc51	True	unresolved	unresolved
sub-9	02	06	sub-9/ses-02/run-06/tsv-row-30	30	rest	1	216.992	5.0	54248	55498	sub-9/ses-02/eeg/sub-9_ses-02_task-imagery_run-06_eeg.edf	1250	True		sub-09	V	s	s	0	sub-09/ses-02/eeg/sub-09_ses-02_task-MotorImageryRest_run-06_eeg.vhdr	6b0ec5083cab32f54b6d1c93756b210e7d7c7fc1f5762d98378a54f0d8c4cc51	True	unresolved	unresolved
sub-9	02	06	sub-9/ses-02/run-06/tsv-row-31	31	right_hand	2	223.88	5.0	55970	57220	sub-9/ses-02/eeg/sub-9_ses-02_task-imagery_run-06_eeg.edf	1250	True		sub-09	V	s	s	0	sub-09/ses-02/eeg/sub-09_ses-02_task-MotorImageryRest_run-06_eeg.vhdr	6b0ec5083cab32f54b6d1c93756b210e7d7c7fc1f5762d98378a54f0d8c4cc51	True	unresolved	unresolved
sub-9	02	06	sub-9/ses-02/run-06/tsv-row-32	32	rest	1	230.784	5.0	57696	58946	sub-9/ses-02/eeg/sub-9_ses-02_task-imagery_run-06_eeg.edf	1250	True		sub-09	V	s	s	0	sub-09/ses-02/eeg/sub-09_ses-02_task-MotorImageryRest_run-06_eeg.vhdr	6b0ec5083cab32f54b6d1c93756b210e7d7c7fc1f5762d98378a54f0d8c4cc51	True	unresolved	unresolved
sub-9	03	01	sub-9/ses-03/run-01/tsv-row-1	1	rest	1	9.0	5.0	2250	3500	sub-9/ses-03/eeg/sub-9_ses-03_task-imagery_run-01_eeg.edf	1250	True		sub-09	V	s	s	0	sub-09/ses-03/eeg/sub-09_ses-03_task-MotorImageryRest_run-01_eeg.vhdr	50777e259db300c7f6fe7440a8761edd102a2e857aaefefac7775abfec527e60	True	unresolved	unresolved
sub-9	03	01	sub-9/ses-03/run-01/tsv-row-2	2	right_hand	2	15.868	5.0	3967	5217	sub-9/ses-03/eeg/sub-9_ses-03_task-imagery_run-01_eeg.edf	1250	True		sub-09	V	s	s	0	sub-09/ses-03/eeg/sub-09_ses-03_task-MotorImageryRest_run-01_eeg.vhdr	50777e259db300c7f6fe7440a8761edd102a2e857aaefefac7775abfec527e60	True	unresolved	unresolved
sub-9	03	01	sub-9/ses-03/run-01/tsv-row-3	3	right_hand	2	22.772	5.0	5693	6943	sub-9/ses-03/eeg/sub-9_ses-03_task-imagery_run-01_eeg.edf	1250	True		sub-09	V	s	s	0	sub-09/ses-03/eeg/sub-09_ses-03_task-MotorImageryRest_run-01_eeg.vhdr	50777e259db300c7f6fe7440a8761edd102a2e857aaefefac7775abfec527e60	True	unresolved	unresolved
sub-9	03	01	sub-9/ses-03/run-01/tsv-row-4	4	rest	1	29.644	5.0	7411	8661	sub-9/ses-03/eeg/sub-9_ses-03_task-imagery_run-01_eeg.edf	1250	True		sub-09	V	s	s	0	sub-09/ses-03/eeg/sub-09_ses-03_task-MotorImageryRest_run-01_eeg.vhdr	50777e259db300c7f6fe7440a8761edd102a2e857aaefefac7775abfec527e60	True	unresolved	unresolved
sub-9	03	01	sub-9/ses-03/run-01/tsv-row-5	5	rest	1	36.548	5.0	9137	10387	sub-9/ses-03/eeg/sub-9_ses-03_task-imagery_run-01_eeg.edf	1250	True		sub-09	V	s	s	0	sub-09/ses-03/eeg/sub-09_ses-03_task-MotorImageryRest_run-01_eeg.vhdr	50777e259db300c7f6fe7440a8761edd102a2e857aaefefac7775abfec527e60	True	unresolved	unresolved
sub-9	03	01	sub-9/ses-03/run-01/tsv-row-6	6	right_hand	2	43.432	5.0	10858	12108	sub-9/ses-03/eeg/sub-9_ses-03_task-imagery_run-01_eeg.edf	1250	True		sub-09	V	s	s	0	sub-09/ses-03/eeg/sub-09_ses-03_task-MotorImageryRest_run-01_eeg.vhdr	50777e259db300c7f6fe7440a8761edd102a2e857aaefefac7775abfec527e60	True	unresolved	unresolved
sub-9	03	01	sub-9/ses-03/run-01/tsv-row-7	7	rest	1	50.304	5.0	12576	13826	sub-9/ses-03/eeg/sub-9_ses-03_task-imagery_run-01_eeg.edf	1250	True		sub-09	V	s	s	0	sub-09/ses-03/eeg/sub-09_ses-03_task-MotorImageryRest_run-01_eeg.vhdr	50777e259db300c7f6fe7440a8761edd102a2e857aaefefac7775abfec527e60	True	unresolved	unresolved
sub-9	03	01	sub-9/ses-03/run-01/tsv-row-8	8	right_hand	2	57.204	5.0	14301	15551	sub-9/ses-03/eeg/sub-9_ses-03_task-imagery_run-01_eeg.edf	1250	True		sub-09	V	s	s	0	sub-09/ses-03/eeg/sub-09_ses-03_task-MotorImageryRest_run-01_eeg.vhdr	50777e259db300c7f6fe7440a8761edd102a2e857aaefefac7775abfec527e60	True	unresolved	unresolved
sub-9	03	01	sub-9/ses-03/run-01/tsv-row-9	9	right_hand	2	64.092	5.0	16023	17273	sub-9/ses-03/eeg/sub-9_ses-03_task-imagery_run-01_eeg.edf	1250	True		sub-09	V	s	s	0	sub-09/ses-03/eeg/sub-09_ses-03_task-MotorImageryRest_run-01_eeg.vhdr	50777e259db300c7f6fe7440a8761edd102a2e857aaefefac7775abfec527e60	True	unresolved	unresolved
sub-9	03	01	sub-9/ses-03/run-01/tsv-row-10	10	rest	1	70.98	5.0	17745	18995	sub-9/ses-03/eeg/sub-9_ses-03_task-imagery_run-01_eeg.edf	1250	True		sub-09	V	s	s	0	sub-09/ses-03/eeg/sub-09_ses-03_task-MotorImageryRest_run-01_eeg.vhdr	50777e259db300c7f6fe7440a8761edd102a2e857aaefefac7775abfec527e60	True	unresolved	unresolved
sub-9	03	01	sub-9/ses-03/run-01/tsv-row-11	11	right_hand	2	77.868	5.0	19467	20717	sub-9/ses-03/eeg/sub-9_ses-03_task-imagery_run-01_eeg.edf	1250	True		sub-09	V	s	s	0	sub-09/ses-03/eeg/sub-09_ses-03_task-MotorImageryRest_run-01_eeg.vhdr	50777e259db300c7f6fe7440a8761edd102a2e857aaefefac7775abfec527e60	True	unresolved	unresolved
sub-9	03	01	sub-9/ses-03/run-01/tsv-row-12	12	rest	1	84.756	5.0	21189	22439	sub-9/ses-03/eeg/sub-9_ses-03_task-imagery_run-01_eeg.edf	1250	True		sub-09	V	s	s	0	sub-09/ses-03/eeg/sub-09_ses-03_task-MotorImageryRest_run-01_eeg.vhdr	50777e259db300c7f6fe7440a8761edd102a2e857aaefefac7775abfec527e60	True	unresolved	unresolved
sub-9	03	01	sub-9/ses-03/run-01/tsv-row-13	13	rest	1	91.66	5.0	22915	24165	sub-9/ses-03/eeg/sub-9_ses-03_task-imagery_run-01_eeg.edf	1250	True		sub-09	V	s	s	0	sub-09/ses-03/eeg/sub-09_ses-03_task-MotorImageryRest_run-01_eeg.vhdr	50777e259db300c7f6fe7440a8761edd102a2e857aaefefac7775abfec527e60	True	unresolved	unresolved
sub-9	03	01	sub-9/ses-03/run-01/tsv-row-14	14	right_hand	2	98.528	5.0	24632	25882	sub-9/ses-03/eeg/sub-9_ses-03_task-imagery_run-01_eeg.edf	1250	True		sub-09	V	s	s	0	sub-09/ses-03/eeg/sub-09_ses-03_task-MotorImageryRest_run-01_eeg.vhdr	50777e259db300c7f6fe7440a8761edd102a2e857aaefefac7775abfec527e60	True	unresolved	unresolved
sub-9	03	01	sub-9/ses-03/run-01/tsv-row-15	15	right_hand	2	105.432	5.0	26358	27608	sub-9/ses-03/eeg/sub-9_ses-03_task-imagery_run-01_eeg.edf	1250	True		sub-09	V	s	s	0	sub-09/ses-03/eeg/sub-09_ses-03_task-MotorImageryRest_run-01_eeg.vhdr	50777e259db300c7f6fe7440a8761edd102a2e857aaefefac7775abfec527e60	True	unresolved	unresolved
sub-9	03	01	sub-9/ses-03/run-01/tsv-row-16	16	rest	1	112.304	5.0	28076	29326	sub-9/ses-03/eeg/sub-9_ses-03_task-imagery_run-01_eeg.edf	1250	True		sub-09	V	s	s	0	sub-09/ses-03/eeg/sub-09_ses-03_task-MotorImageryRest_run-01_eeg.vhdr	50777e259db300c7f6fe7440a8761edd102a2e857aaefefac7775abfec527e60	True	unresolved	unresolved
sub-9	03	01	sub-9/ses-03/run-01/tsv-row-17	17	right_hand	2	119.204	5.0	29801	31051	sub-9/ses-03/eeg/sub-9_ses-03_task-imagery_run-01_eeg.edf	1250	True		sub-09	V	s	s	0	sub-09/ses-03/eeg/sub-09_ses-03_task-MotorImageryRest_run-01_eeg.vhdr	50777e259db300c7f6fe7440a8761edd102a2e857aaefefac7775abfec527e60	True	unresolved	unresolved
sub-9	03	01	sub-9/ses-03/run-01/tsv-row-18	18	rest	1	126.092	5.0	31523	32773	sub-9/ses-03/eeg/sub-9_ses-03_task-imagery_run-01_eeg.edf	1250	True		sub-09	V	s	s	0	sub-09/ses-03/eeg/sub-09_ses-03_task-MotorImageryRest_run-01_eeg.vhdr	50777e259db300c7f6fe7440a8761edd102a2e857aaefefac7775abfec527e60	True	unresolved	unresolved
sub-9	03	01	sub-9/ses-03/run-01/tsv-row-19	19	rest	1	132.98	5.0	33245	34495	sub-9/ses-03/eeg/sub-9_ses-03_task-imagery_run-01_eeg.edf	1250	True		sub-09	V	s	s	0	sub-09/ses-03/eeg/sub-09_ses-03_task-MotorImageryRest_run-01_eeg.vhdr	50777e259db300c7f6fe7440a8761edd102a2e857aaefefac7775abfec527e60	True	unresolved	unresolved
sub-9	03	01	sub-9/ses-03/run-01/tsv-row-20	20	right_hand	2	139.864	5.0	34966	36216	sub-9/ses-03/eeg/sub-9_ses-03_task-imagery_run-01_eeg.edf	1250	True		sub-09	V	s	s	0	sub-09/ses-03/eeg/sub-09_ses-03_task-MotorImageryRest_run-01_eeg.vhdr	50777e259db300c7f6fe7440a8761edd102a2e857aaefefac7775abfec527e60	True	unresolved	unresolved
sub-9	03	01	sub-9/ses-03/run-01/tsv-row-21	21	rest	1	146.752	5.0	36688	37938	sub-9/ses-03/eeg/sub-9_ses-03_task-imagery_run-01_eeg.edf	1250	True		sub-09	V	s	s	0	sub-09/ses-03/eeg/sub-09_ses-03_task-MotorImageryRest_run-01_eeg.vhdr	50777e259db300c7f6fe7440a8761edd102a2e857aaefefac7775abfec527e60	True	unresolved	unresolved
sub-9	03	01	sub-9/ses-03/run-01/tsv-row-22	22	right_hand	2	153.636	5.0	38409	39659	sub-9/ses-03/eeg/sub-9_ses-03_task-imagery_run-01_eeg.edf	1250	True		sub-09	V	s	s	0	sub-09/ses-03/eeg/sub-09_ses-03_task-MotorImageryRest_run-01_eeg.vhdr	50777e259db300c7f6fe7440a8761edd102a2e857aaefefac7775abfec527e60	True	unresolved	unresolved
sub-9	03	01	sub-9/ses-03/run-01/tsv-row-23	23	rest	1	160.528	5.0	40132	41382	sub-9/ses-03/eeg/sub-9_ses-03_task-imagery_run-01_eeg.edf	1250	True		sub-09	V	s	s	0	sub-09/ses-03/eeg/sub-09_ses-03_task-MotorImageryRest_run-01_eeg.vhdr	50777e259db300c7f6fe7440a8761edd102a2e857aaefefac7775abfec527e60	True	unresolved	unresolved
sub-9	03	01	sub-9/ses-03/run-01/tsv-row-24	24	right_hand	2	167.412	5.0	41853	43103	sub-9/ses-03/eeg/sub-9_ses-03_task-imagery_run-01_eeg.edf	1250	True		sub-09	V	s	s	0	sub-09/ses-03/eeg/sub-09_ses-03_task-MotorImageryRest_run-01_eeg.vhdr	50777e259db300c7f6fe7440a8761edd102a2e857aaefefac7775abfec527e60	True	unresolved	unresolved
sub-9	03	01	sub-9/ses-03/run-01/tsv-row-25	25	rest	1	174.3	5.0	43575	44825	sub-9/ses-03/eeg/sub-9_ses-03_task-imagery_run-01_eeg.edf	1250	True		sub-09	V	s	s	0	sub-09/ses-03/eeg/sub-09_ses-03_task-MotorImageryRest_run-01_eeg.vhdr	50777e259db300c7f6fe7440a8761edd102a2e857aaefefac7775abfec527e60	True	unresolved	unresolved
sub-9	03	01	sub-9/ses-03/run-01/tsv-row-26	26	right_hand	2	181.184	5.0	45296	46546	sub-9/ses-03/eeg/sub-9_ses-03_task-imagery_run-01_eeg.edf	1250	True		sub-09	V	s	s	0	sub-09/ses-03/eeg/sub-09_ses-03_task-MotorImageryRest_run-01_eeg.vhdr	50777e259db300c7f6fe7440a8761edd102a2e857aaefefac7775abfec527e60	True	unresolved	unresolved
sub-9	03	01	sub-9/ses-03/run-01/tsv-row-27	27	rest	1	188.072	5.0	47018	48268	sub-9/ses-03/eeg/sub-9_ses-03_task-imagery_run-01_eeg.edf	1250	True		sub-09	V	s	s	0	sub-09/ses-03/eeg/sub-09_ses-03_task-MotorImageryRest_run-01_eeg.vhdr	50777e259db300c7f6fe7440a8761edd102a2e857aaefefac7775abfec527e60	True	unresolved	unresolved
sub-9	03	01	sub-9/ses-03/run-01/tsv-row-28	28	right_hand	2	194.96	5.0	48740	49990	sub-9/ses-03/eeg/sub-9_ses-03_task-imagery_run-01_eeg.edf	1250	True		sub-09	V	s	s	0	sub-09/ses-03/eeg/sub-09_ses-03_task-MotorImageryRest_run-01_eeg.vhdr	50777e259db300c7f6fe7440a8761edd102a2e857aaefefac7775abfec527e60	True	unresolved	unresolved
sub-9	03	01	sub-9/ses-03/run-01/tsv-row-29	29	right_hand	2	201.844	5.0	50461	51711	sub-9/ses-03/eeg/sub-9_ses-03_task-imagery_run-01_eeg.edf	1250	True		sub-09	V	s	s	0	sub-09/ses-03/eeg/sub-09_ses-03_task-MotorImageryRest_run-01_eeg.vhdr	50777e259db300c7f6fe7440a8761edd102a2e857aaefefac7775abfec527e60	True	unresolved	unresolved
sub-9	03	01	sub-9/ses-03/run-01/tsv-row-30	30	rest	1	208.752	5.0	52188	53438	sub-9/ses-03/eeg/sub-9_ses-03_task-imagery_run-01_eeg.edf	1250	True		sub-09	V	s	s	0	sub-09/ses-03/eeg/sub-09_ses-03_task-MotorImageryRest_run-01_eeg.vhdr	50777e259db300c7f6fe7440a8761edd102a2e857aaefefac7775abfec527e60	True	unresolved	unresolved
sub-9	03	01	sub-9/ses-03/run-01/tsv-row-31	31	right_hand	2	215.62	5.0	53905	55155	sub-9/ses-03/eeg/sub-9_ses-03_task-imagery_run-01_eeg.edf	1250	True		sub-09	V	s	s	0	sub-09/ses-03/eeg/sub-09_ses-03_task-MotorImageryRest_run-01_eeg.vhdr	50777e259db300c7f6fe7440a8761edd102a2e857aaefefac7775abfec527e60	True	unresolved	unresolved
sub-9	03	01	sub-9/ses-03/run-01/tsv-row-32	32	rest	1	222.508	5.0	55627	56877	sub-9/ses-03/eeg/sub-9_ses-03_task-imagery_run-01_eeg.edf	1250	True		sub-09	V	s	s	0	sub-09/ses-03/eeg/sub-09_ses-03_task-MotorImageryRest_run-01_eeg.vhdr	50777e259db300c7f6fe7440a8761edd102a2e857aaefefac7775abfec527e60	True	unresolved	unresolved
sub-9	03	02	sub-9/ses-03/run-02/tsv-row-1	1	right_hand	2	8.064	5.0	2016	3266	sub-9/ses-03/eeg/sub-9_ses-03_task-imagery_run-02_eeg.edf	1250	True		sub-09	V	s	s	0	sub-09/ses-03/eeg/sub-09_ses-03_task-MotorImageryRest_run-02_eeg.vhdr	3c0673b63195619af718e013aab6b7ddd673c6d6031c0ef025c67781b8975563	True	unresolved	unresolved
sub-9	03	02	sub-9/ses-03/run-02/tsv-row-2	2	rest	1	14.956	5.0	3739	4989	sub-9/ses-03/eeg/sub-9_ses-03_task-imagery_run-02_eeg.edf	1250	True		sub-09	V	s	s	0	sub-09/ses-03/eeg/sub-09_ses-03_task-MotorImageryRest_run-02_eeg.vhdr	3c0673b63195619af718e013aab6b7ddd673c6d6031c0ef025c67781b8975563	True	unresolved	unresolved
sub-9	03	02	sub-9/ses-03/run-02/tsv-row-3	3	rest	1	21.84	5.0	5460	6710	sub-9/ses-03/eeg/sub-9_ses-03_task-imagery_run-02_eeg.edf	1250	True		sub-09	V	s	s	0	sub-09/ses-03/eeg/sub-09_ses-03_task-MotorImageryRest_run-02_eeg.vhdr	3c0673b63195619af718e013aab6b7ddd673c6d6031c0ef025c67781b8975563	True	unresolved	unresolved
sub-9	03	02	sub-9/ses-03/run-02/tsv-row-4	4	right_hand	2	28.724	5.0	7181	8431	sub-9/ses-03/eeg/sub-9_ses-03_task-imagery_run-02_eeg.edf	1250	True		sub-09	V	s	s	0	sub-09/ses-03/eeg/sub-09_ses-03_task-MotorImageryRest_run-02_eeg.vhdr	3c0673b63195619af718e013aab6b7ddd673c6d6031c0ef025c67781b8975563	True	unresolved	unresolved
sub-9	03	02	sub-9/ses-03/run-02/tsv-row-5	5	right_hand	2	35.628	5.0	8907	10157	sub-9/ses-03/eeg/sub-9_ses-03_task-imagery_run-02_eeg.edf	1250	True		sub-09	V	s	s	0	sub-09/ses-03/eeg/sub-09_ses-03_task-MotorImageryRest_run-02_eeg.vhdr	3c0673b63195619af718e013aab6b7ddd673c6d6031c0ef025c67781b8975563	True	unresolved	unresolved
sub-9	03	02	sub-9/ses-03/run-02/tsv-row-6	6	rest	1	42.5	5.0	10625	11875	sub-9/ses-03/eeg/sub-9_ses-03_task-imagery_run-02_eeg.edf	1250	True		sub-09	V	s	s	0	sub-09/ses-03/eeg/sub-09_ses-03_task-MotorImageryRest_run-02_eeg.vhdr	3c0673b63195619af718e013aab6b7ddd673c6d6031c0ef025c67781b8975563	True	unresolved	unresolved
sub-9	03	02	sub-9/ses-03/run-02/tsv-row-7	7	right_hand	2	49.388	5.0	12347	13597	sub-9/ses-03/eeg/sub-9_ses-03_task-imagery_run-02_eeg.edf	1250	True		sub-09	V	s	s	0	sub-09/ses-03/eeg/sub-09_ses-03_task-MotorImageryRest_run-02_eeg.vhdr	3c0673b63195619af718e013aab6b7ddd673c6d6031c0ef025c67781b8975563	True	unresolved	unresolved
sub-9	03	02	sub-9/ses-03/run-02/tsv-row-8	8	rest	1	56.292	5.0	14073	15323	sub-9/ses-03/eeg/sub-9_ses-03_task-imagery_run-02_eeg.edf	1250	True		sub-09	V	s	s	0	sub-09/ses-03/eeg/sub-09_ses-03_task-MotorImageryRest_run-02_eeg.vhdr	3c0673b63195619af718e013aab6b7ddd673c6d6031c0ef025c67781b8975563	True	unresolved	unresolved
sub-9	03	02	sub-9/ses-03/run-02/tsv-row-9	9	right_hand	2	63.16	5.0	15790	17040	sub-9/ses-03/eeg/sub-9_ses-03_task-imagery_run-02_eeg.edf	1250	True		sub-09	V	s	s	0	sub-09/ses-03/eeg/sub-09_ses-03_task-MotorImageryRest_run-02_eeg.vhdr	3c0673b63195619af718e013aab6b7ddd673c6d6031c0ef025c67781b8975563	True	unresolved	unresolved
sub-9	03	02	sub-9/ses-03/run-02/tsv-row-10	10	rest	1	70.048	5.0	17512	18762	sub-9/ses-03/eeg/sub-9_ses-03_task-imagery_run-02_eeg.edf	1250	True		sub-09	V	s	s	0	sub-09/ses-03/eeg/sub-09_ses-03_task-MotorImageryRest_run-02_eeg.vhdr	3c0673b63195619af718e013aab6b7ddd673c6d6031c0ef025c67781b8975563	True	unresolved	unresolved
sub-9	03	02	sub-9/ses-03/run-02/tsv-row-11	11	rest	1	76.952	5.0	19238	20488	sub-9/ses-03/eeg/sub-9_ses-03_task-imagery_run-02_eeg.edf	1250	True		sub-09	V	s	s	0	sub-09/ses-03/eeg/sub-09_ses-03_task-MotorImageryRest_run-02_eeg.vhdr	3c0673b63195619af718e013aab6b7ddd673c6d6031c0ef025c67781b8975563	True	unresolved	unresolved
sub-9	03	02	sub-9/ses-03/run-02/tsv-row-12	12	right_hand	2	83.836	5.0	20959	22209	sub-9/ses-03/eeg/sub-9_ses-03_task-imagery_run-02_eeg.edf	1250	True		sub-09	V	s	s	0	sub-09/ses-03/eeg/sub-09_ses-03_task-MotorImageryRest_run-02_eeg.vhdr	3c0673b63195619af718e013aab6b7ddd673c6d6031c0ef025c67781b8975563	True	unresolved	unresolved
sub-9	03	02	sub-9/ses-03/run-02/tsv-row-13	13	right_hand	2	90.724	5.0	22681	23931	sub-9/ses-03/eeg/sub-9_ses-03_task-imagery_run-02_eeg.edf	1250	True		sub-09	V	s	s	0	sub-09/ses-03/eeg/sub-09_ses-03_task-MotorImageryRest_run-02_eeg.vhdr	3c0673b63195619af718e013aab6b7ddd673c6d6031c0ef025c67781b8975563	True	unresolved	unresolved
sub-9	03	02	sub-9/ses-03/run-02/tsv-row-14	14	rest	1	97.596	5.0	24399	25649	sub-9/ses-03/eeg/sub-9_ses-03_task-imagery_run-02_eeg.edf	1250	True		sub-09	V	s	s	0	sub-09/ses-03/eeg/sub-09_ses-03_task-MotorImageryRest_run-02_eeg.vhdr	3c0673b63195619af718e013aab6b7ddd673c6d6031c0ef025c67781b8975563	True	unresolved	unresolved
sub-9	03	02	sub-9/ses-03/run-02/tsv-row-15	15	rest	1	104.5	5.0	26125	27375	sub-9/ses-03/eeg/sub-9_ses-03_task-imagery_run-02_eeg.edf	1250	True		sub-09	V	s	s	0	sub-09/ses-03/eeg/sub-09_ses-03_task-MotorImageryRest_run-02_eeg.vhdr	3c0673b63195619af718e013aab6b7ddd673c6d6031c0ef025c67781b8975563	True	unresolved	unresolved
sub-9	03	02	sub-9/ses-03/run-02/tsv-row-16	16	right_hand	2	111.384	5.0	27846	29096	sub-9/ses-03/eeg/sub-9_ses-03_task-imagery_run-02_eeg.edf	1250	True		sub-09	V	s	s	0	sub-09/ses-03/eeg/sub-09_ses-03_task-MotorImageryRest_run-02_eeg.vhdr	3c0673b63195619af718e013aab6b7ddd673c6d6031c0ef025c67781b8975563	True	unresolved	unresolved
sub-9	03	02	sub-9/ses-03/run-02/tsv-row-17	17	right_hand	2	118.272	5.0	29568	30818	sub-9/ses-03/eeg/sub-9_ses-03_task-imagery_run-02_eeg.edf	1250	True		sub-09	V	s	s	0	sub-09/ses-03/eeg/sub-09_ses-03_task-MotorImageryRest_run-02_eeg.vhdr	3c0673b63195619af718e013aab6b7ddd673c6d6031c0ef025c67781b8975563	True	unresolved	unresolved
sub-9	03	02	sub-9/ses-03/run-02/tsv-row-18	18	rest	1	125.16	5.0	31290	32540	sub-9/ses-03/eeg/sub-9_ses-03_task-imagery_run-02_eeg.edf	1250	True		sub-09	V	s	s	0	sub-09/ses-03/eeg/sub-09_ses-03_task-MotorImageryRest_run-02_eeg.vhdr	3c0673b63195619af718e013aab6b7ddd673c6d6031c0ef025c67781b8975563	True	unresolved	unresolved
sub-9	03	02	sub-9/ses-03/run-02/tsv-row-19	19	right_hand	2	132.044	5.0	33011	34261	sub-9/ses-03/eeg/sub-9_ses-03_task-imagery_run-02_eeg.edf	1250	True		sub-09	V	s	s	0	sub-09/ses-03/eeg/sub-09_ses-03_task-MotorImageryRest_run-02_eeg.vhdr	3c0673b63195619af718e013aab6b7ddd673c6d6031c0ef025c67781b8975563	True	unresolved	unresolved
sub-9	03	02	sub-9/ses-03/run-02/tsv-row-20	20	rest	1	138.932	5.0	34733	35983	sub-9/ses-03/eeg/sub-9_ses-03_task-imagery_run-02_eeg.edf	1250	True		sub-09	V	s	s	0	sub-09/ses-03/eeg/sub-09_ses-03_task-MotorImageryRest_run-02_eeg.vhdr	3c0673b63195619af718e013aab6b7ddd673c6d6031c0ef025c67781b8975563	True	unresolved	unresolved
sub-9	03	02	sub-9/ses-03/run-02/tsv-row-21	21	rest	1	145.836	5.0	36459	37709	sub-9/ses-03/eeg/sub-9_ses-03_task-imagery_run-02_eeg.edf	1250	True		sub-09	V	s	s	0	sub-09/ses-03/eeg/sub-09_ses-03_task-MotorImageryRest_run-02_eeg.vhdr	3c0673b63195619af718e013aab6b7ddd673c6d6031c0ef025c67781b8975563	True	unresolved	unresolved
sub-9	03	02	sub-9/ses-03/run-02/tsv-row-22	22	right_hand	2	152.704	5.0	38176	39426	sub-9/ses-03/eeg/sub-9_ses-03_task-imagery_run-02_eeg.edf	1250	True		sub-09	V	s	s	0	sub-09/ses-03/eeg/sub-09_ses-03_task-MotorImageryRest_run-02_eeg.vhdr	3c0673b63195619af718e013aab6b7ddd673c6d6031c0ef025c67781b8975563	True	unresolved	unresolved
sub-9	03	02	sub-9/ses-03/run-02/tsv-row-23	23	rest	1	159.592	5.0	39898	41148	sub-9/ses-03/eeg/sub-9_ses-03_task-imagery_run-02_eeg.edf	1250	True		sub-09	V	s	s	0	sub-09/ses-03/eeg/sub-09_ses-03_task-MotorImageryRest_run-02_eeg.vhdr	3c0673b63195619af718e013aab6b7ddd673c6d6031c0ef025c67781b8975563	True	unresolved	unresolved
sub-9	03	02	sub-9/ses-03/run-02/tsv-row-24	24	right_hand	2	166.496	5.0	41624	42874	sub-9/ses-03/eeg/sub-9_ses-03_task-imagery_run-02_eeg.edf	1250	True		sub-09	V	s	s	0	sub-09/ses-03/eeg/sub-09_ses-03_task-MotorImageryRest_run-02_eeg.vhdr	3c0673b63195619af718e013aab6b7ddd673c6d6031c0ef025c67781b8975563	True	unresolved	unresolved
sub-9	03	02	sub-9/ses-03/run-02/tsv-row-25	25	right_hand	2	173.38	5.0	43345	44595	sub-9/ses-03/eeg/sub-9_ses-03_task-imagery_run-02_eeg.edf	1250	True		sub-09	V	s	s	0	sub-09/ses-03/eeg/sub-09_ses-03_task-MotorImageryRest_run-02_eeg.vhdr	3c0673b63195619af718e013aab6b7ddd673c6d6031c0ef025c67781b8975563	True	unresolved	unresolved
sub-9	03	02	sub-9/ses-03/run-02/tsv-row-26	26	rest	1	180.256	5.0	45064	46314	sub-9/ses-03/eeg/sub-9_ses-03_task-imagery_run-02_eeg.edf	1250	True		sub-09	V	s	s	0	sub-09/ses-03/eeg/sub-09_ses-03_task-MotorImageryRest_run-02_eeg.vhdr	3c0673b63195619af718e013aab6b7ddd673c6d6031c0ef025c67781b8975563	True	unresolved	unresolved
sub-9	03	02	sub-9/ses-03/run-02/tsv-row-27	27	right_hand	2	187.156	5.0	46789	48039	sub-9/ses-03/eeg/sub-9_ses-03_task-imagery_run-02_eeg.edf	1250	True		sub-09	V	s	s	0	sub-09/ses-03/eeg/sub-09_ses-03_task-MotorImageryRest_run-02_eeg.vhdr	3c0673b63195619af718e013aab6b7ddd673c6d6031c0ef025c67781b8975563	True	unresolved	unresolved
sub-9	03	02	sub-9/ses-03/run-02/tsv-row-28	28	rest	1	194.044	5.0	48511	49761	sub-9/ses-03/eeg/sub-9_ses-03_task-imagery_run-02_eeg.edf	1250	True		sub-09	V	s	s	0	sub-09/ses-03/eeg/sub-09_ses-03_task-MotorImageryRest_run-02_eeg.vhdr	3c0673b63195619af718e013aab6b7ddd673c6d6031c0ef025c67781b8975563	True	unresolved	unresolved
sub-9	03	02	sub-9/ses-03/run-02/tsv-row-29	29	right_hand	2	200.928	5.0	50232	51482	sub-9/ses-03/eeg/sub-9_ses-03_task-imagery_run-02_eeg.edf	1250	True		sub-09	V	s	s	0	sub-09/ses-03/eeg/sub-09_ses-03_task-MotorImageryRest_run-02_eeg.vhdr	3c0673b63195619af718e013aab6b7ddd673c6d6031c0ef025c67781b8975563	True	unresolved	unresolved
sub-9	03	02	sub-9/ses-03/run-02/tsv-row-30	30	rest	1	207.82	5.0	51955	53205	sub-9/ses-03/eeg/sub-9_ses-03_task-imagery_run-02_eeg.edf	1250	True		sub-09	V	s	s	0	sub-09/ses-03/eeg/sub-09_ses-03_task-MotorImageryRest_run-02_eeg.vhdr	3c0673b63195619af718e013aab6b7ddd673c6d6031c0ef025c67781b8975563	True	unresolved	unresolved
sub-9	03	02	sub-9/ses-03/run-02/tsv-row-31	31	rest	1	214.704	5.0	53676	54926	sub-9/ses-03/eeg/sub-9_ses-03_task-imagery_run-02_eeg.edf	1250	True		sub-09	V	s	s	0	sub-09/ses-03/eeg/sub-09_ses-03_task-MotorImageryRest_run-02_eeg.vhdr	3c0673b63195619af718e013aab6b7ddd673c6d6031c0ef025c67781b8975563	True	unresolved	unresolved
sub-9	03	02	sub-9/ses-03/run-02/tsv-row-32	32	right_hand	2	221.588	5.0	55397	56647	sub-9/ses-03/eeg/sub-9_ses-03_task-imagery_run-02_eeg.edf	1250	True		sub-09	V	s	s	0	sub-09/ses-03/eeg/sub-09_ses-03_task-MotorImageryRest_run-02_eeg.vhdr	3c0673b63195619af718e013aab6b7ddd673c6d6031c0ef025c67781b8975563	True	unresolved	unresolved
sub-9	03	03	sub-9/ses-03/run-03/tsv-row-1	1	rest	1	7.708	5.0	1927	3177	sub-9/ses-03/eeg/sub-9_ses-03_task-imagery_run-03_eeg.edf	1250	True		sub-09	V	s	s	0	sub-09/ses-03/eeg/sub-09_ses-03_task-MotorImageryRest_run-03_eeg.vhdr	0d66ec7c43adb18faf4cbd1d19fb71b096c35a0e09a9779535efabee6f666397	True	unresolved	unresolved
sub-9	03	03	sub-9/ses-03/run-03/tsv-row-2	2	right_hand	2	14.592	5.0	3648	4898	sub-9/ses-03/eeg/sub-9_ses-03_task-imagery_run-03_eeg.edf	1250	True		sub-09	V	s	s	0	sub-09/ses-03/eeg/sub-09_ses-03_task-MotorImageryRest_run-03_eeg.vhdr	0d66ec7c43adb18faf4cbd1d19fb71b096c35a0e09a9779535efabee6f666397	True	unresolved	unresolved
sub-9	03	03	sub-9/ses-03/run-03/tsv-row-3	3	rest	1	21.468	5.0	5367	6617	sub-9/ses-03/eeg/sub-9_ses-03_task-imagery_run-03_eeg.edf	1250	True		sub-09	V	s	s	0	sub-09/ses-03/eeg/sub-09_ses-03_task-MotorImageryRest_run-03_eeg.vhdr	0d66ec7c43adb18faf4cbd1d19fb71b096c35a0e09a9779535efabee6f666397	True	unresolved	unresolved
sub-9	03	03	sub-9/ses-03/run-03/tsv-row-4	4	right_hand	2	28.368	5.0	7092	8342	sub-9/ses-03/eeg/sub-9_ses-03_task-imagery_run-03_eeg.edf	1250	True		sub-09	V	s	s	0	sub-09/ses-03/eeg/sub-09_ses-03_task-MotorImageryRest_run-03_eeg.vhdr	0d66ec7c43adb18faf4cbd1d19fb71b096c35a0e09a9779535efabee6f666397	True	unresolved	unresolved
sub-9	03	03	sub-9/ses-03/run-03/tsv-row-5	5	right_hand	2	35.252	5.0	8813	10063	sub-9/ses-03/eeg/sub-9_ses-03_task-imagery_run-03_eeg.edf	1250	True		sub-09	V	s	s	0	sub-09/ses-03/eeg/sub-09_ses-03_task-MotorImageryRest_run-03_eeg.vhdr	0d66ec7c43adb18faf4cbd1d19fb71b096c35a0e09a9779535efabee6f666397	True	unresolved	unresolved
sub-9	03	03	sub-9/ses-03/run-03/tsv-row-6	6	rest	1	42.144	5.0	10536	11786	sub-9/ses-03/eeg/sub-9_ses-03_task-imagery_run-03_eeg.edf	1250	True		sub-09	V	s	s	0	sub-09/ses-03/eeg/sub-09_ses-03_task-MotorImageryRest_run-03_eeg.vhdr	0d66ec7c43adb18faf4cbd1d19fb71b096c35a0e09a9779535efabee6f666397	True	unresolved	unresolved
sub-9	03	03	sub-9/ses-03/run-03/tsv-row-7	7	rest	1	49.028	5.0	12257	13507	sub-9/ses-03/eeg/sub-9_ses-03_task-imagery_run-03_eeg.edf	1250	True		sub-09	V	s	s	0	sub-09/ses-03/eeg/sub-09_ses-03_task-MotorImageryRest_run-03_eeg.vhdr	0d66ec7c43adb18faf4cbd1d19fb71b096c35a0e09a9779535efabee6f666397	True	unresolved	unresolved
sub-9	03	03	sub-9/ses-03/run-03/tsv-row-8	8	right_hand	2	55.916	5.0	13979	15229	sub-9/ses-03/eeg/sub-9_ses-03_task-imagery_run-03_eeg.edf	1250	True		sub-09	V	s	s	0	sub-09/ses-03/eeg/sub-09_ses-03_task-MotorImageryRest_run-03_eeg.vhdr	0d66ec7c43adb18faf4cbd1d19fb71b096c35a0e09a9779535efabee6f666397	True	unresolved	unresolved
sub-9	03	03	sub-9/ses-03/run-03/tsv-row-9	9	right_hand	2	62.8	5.0	15700	16950	sub-9/ses-03/eeg/sub-9_ses-03_task-imagery_run-03_eeg.edf	1250	True		sub-09	V	s	s	0	sub-09/ses-03/eeg/sub-09_ses-03_task-MotorImageryRest_run-03_eeg.vhdr	0d66ec7c43adb18faf4cbd1d19fb71b096c35a0e09a9779535efabee6f666397	True	unresolved	unresolved
sub-9	03	03	sub-9/ses-03/run-03/tsv-row-10	10	rest	1	69.692	5.0	17423	18673	sub-9/ses-03/eeg/sub-9_ses-03_task-imagery_run-03_eeg.edf	1250	True		sub-09	V	s	s	0	sub-09/ses-03/eeg/sub-09_ses-03_task-MotorImageryRest_run-03_eeg.vhdr	0d66ec7c43adb18faf4cbd1d19fb71b096c35a0e09a9779535efabee6f666397	True	unresolved	unresolved
sub-9	03	03	sub-9/ses-03/run-03/tsv-row-11	11	rest	1	76.592	5.0	19148	20398	sub-9/ses-03/eeg/sub-9_ses-03_task-imagery_run-03_eeg.edf	1250	True		sub-09	V	s	s	0	sub-09/ses-03/eeg/sub-09_ses-03_task-MotorImageryRest_run-03_eeg.vhdr	0d66ec7c43adb18faf4cbd1d19fb71b096c35a0e09a9779535efabee6f666397	True	unresolved	unresolved
sub-9	03	03	sub-9/ses-03/run-03/tsv-row-12	12	right_hand	2	83.46	5.0	20865	22115	sub-9/ses-03/eeg/sub-9_ses-03_task-imagery_run-03_eeg.edf	1250	True		sub-09	V	s	s	0	sub-09/ses-03/eeg/sub-09_ses-03_task-MotorImageryRest_run-03_eeg.vhdr	0d66ec7c43adb18faf4cbd1d19fb71b096c35a0e09a9779535efabee6f666397	True	unresolved	unresolved
sub-9	03	03	sub-9/ses-03/run-03/tsv-row-13	13	right_hand	2	90.364	5.0	22591	23841	sub-9/ses-03/eeg/sub-9_ses-03_task-imagery_run-03_eeg.edf	1250	True		sub-09	V	s	s	0	sub-09/ses-03/eeg/sub-09_ses-03_task-MotorImageryRest_run-03_eeg.vhdr	0d66ec7c43adb18faf4cbd1d19fb71b096c35a0e09a9779535efabee6f666397	True	unresolved	unresolved
sub-9	03	03	sub-9/ses-03/run-03/tsv-row-14	14	rest	1	97.256	5.0	24314	25564	sub-9/ses-03/eeg/sub-9_ses-03_task-imagery_run-03_eeg.edf	1250	True		sub-09	V	s	s	0	sub-09/ses-03/eeg/sub-09_ses-03_task-MotorImageryRest_run-03_eeg.vhdr	0d66ec7c43adb18faf4cbd1d19fb71b096c35a0e09a9779535efabee6f666397	True	unresolved	unresolved
sub-9	03	03	sub-9/ses-03/run-03/tsv-row-15	15	right_hand	2	104.12	5.0	26030	27280	sub-9/ses-03/eeg/sub-9_ses-03_task-imagery_run-03_eeg.edf	1250	True		sub-09	V	s	s	0	sub-09/ses-03/eeg/sub-09_ses-03_task-MotorImageryRest_run-03_eeg.vhdr	0d66ec7c43adb18faf4cbd1d19fb71b096c35a0e09a9779535efabee6f666397	True	unresolved	unresolved
sub-9	03	03	sub-9/ses-03/run-03/tsv-row-16	16	rest	1	111.012	5.0	27753	29003	sub-9/ses-03/eeg/sub-9_ses-03_task-imagery_run-03_eeg.edf	1250	True		sub-09	V	s	s	0	sub-09/ses-03/eeg/sub-09_ses-03_task-MotorImageryRest_run-03_eeg.vhdr	0d66ec7c43adb18faf4cbd1d19fb71b096c35a0e09a9779535efabee6f666397	True	unresolved	unresolved
sub-9	03	03	sub-9/ses-03/run-03/tsv-row-17	17	right_hand	2	117.912	5.0	29478	30728	sub-9/ses-03/eeg/sub-9_ses-03_task-imagery_run-03_eeg.edf	1250	True		sub-09	V	s	s	0	sub-09/ses-03/eeg/sub-09_ses-03_task-MotorImageryRest_run-03_eeg.vhdr	0d66ec7c43adb18faf4cbd1d19fb71b096c35a0e09a9779535efabee6f666397	True	unresolved	unresolved
sub-9	03	03	sub-9/ses-03/run-03/tsv-row-18	18	rest	1	124.8	5.0	31200	32450	sub-9/ses-03/eeg/sub-9_ses-03_task-imagery_run-03_eeg.edf	1250	True		sub-09	V	s	s	0	sub-09/ses-03/eeg/sub-09_ses-03_task-MotorImageryRest_run-03_eeg.vhdr	0d66ec7c43adb18faf4cbd1d19fb71b096c35a0e09a9779535efabee6f666397	True	unresolved	unresolved
sub-9	03	03	sub-9/ses-03/run-03/tsv-row-19	19	right_hand	2	131.668	5.0	32917	34167	sub-9/ses-03/eeg/sub-9_ses-03_task-imagery_run-03_eeg.edf	1250	True		sub-09	V	s	s	0	sub-09/ses-03/eeg/sub-09_ses-03_task-MotorImageryRest_run-03_eeg.vhdr	0d66ec7c43adb18faf4cbd1d19fb71b096c35a0e09a9779535efabee6f666397	True	unresolved	unresolved
sub-9	03	03	sub-9/ses-03/run-03/tsv-row-20	20	rest	1	138.576	5.0	34644	35894	sub-9/ses-03/eeg/sub-9_ses-03_task-imagery_run-03_eeg.edf	1250	True		sub-09	V	s	s	0	sub-09/ses-03/eeg/sub-09_ses-03_task-MotorImageryRest_run-03_eeg.vhdr	0d66ec7c43adb18faf4cbd1d19fb71b096c35a0e09a9779535efabee6f666397	True	unresolved	unresolved
sub-9	03	03	sub-9/ses-03/run-03/tsv-row-21	21	rest	1	145.46	5.0	36365	37615	sub-9/ses-03/eeg/sub-9_ses-03_task-imagery_run-03_eeg.edf	1250	True		sub-09	V	s	s	0	sub-09/ses-03/eeg/sub-09_ses-03_task-MotorImageryRest_run-03_eeg.vhdr	0d66ec7c43adb18faf4cbd1d19fb71b096c35a0e09a9779535efabee6f666397	True	unresolved	unresolved
sub-9	03	03	sub-9/ses-03/run-03/tsv-row-22	22	right_hand	2	152.348	5.0	38087	39337	sub-9/ses-03/eeg/sub-9_ses-03_task-imagery_run-03_eeg.edf	1250	True		sub-09	V	s	s	0	sub-09/ses-03/eeg/sub-09_ses-03_task-MotorImageryRest_run-03_eeg.vhdr	0d66ec7c43adb18faf4cbd1d19fb71b096c35a0e09a9779535efabee6f666397	True	unresolved	unresolved
sub-9	03	03	sub-9/ses-03/run-03/tsv-row-23	23	right_hand	2	159.232	5.0	39808	41058	sub-9/ses-03/eeg/sub-9_ses-03_task-imagery_run-03_eeg.edf	1250	True		sub-09	V	s	s	0	sub-09/ses-03/eeg/sub-09_ses-03_task-MotorImageryRest_run-03_eeg.vhdr	0d66ec7c43adb18faf4cbd1d19fb71b096c35a0e09a9779535efabee6f666397	True	unresolved	unresolved
sub-9	03	03	sub-9/ses-03/run-03/tsv-row-24	24	rest	1	166.124	5.0	41531	42781	sub-9/ses-03/eeg/sub-9_ses-03_task-imagery_run-03_eeg.edf	1250	True		sub-09	V	s	s	0	sub-09/ses-03/eeg/sub-09_ses-03_task-MotorImageryRest_run-03_eeg.vhdr	0d66ec7c43adb18faf4cbd1d19fb71b096c35a0e09a9779535efabee6f666397	True	unresolved	unresolved
sub-9	03	03	sub-9/ses-03/run-03/tsv-row-25	25	right_hand	2	173.008	5.0	43252	44502	sub-9/ses-03/eeg/sub-9_ses-03_task-imagery_run-03_eeg.edf	1250	True		sub-09	V	s	s	0	sub-09/ses-03/eeg/sub-09_ses-03_task-MotorImageryRest_run-03_eeg.vhdr	0d66ec7c43adb18faf4cbd1d19fb71b096c35a0e09a9779535efabee6f666397	True	unresolved	unresolved
sub-9	03	03	sub-9/ses-03/run-03/tsv-row-26	26	rest	1	179.912	5.0	44978	46228	sub-9/ses-03/eeg/sub-9_ses-03_task-imagery_run-03_eeg.edf	1250	True		sub-09	V	s	s	0	sub-09/ses-03/eeg/sub-09_ses-03_task-MotorImageryRest_run-03_eeg.vhdr	0d66ec7c43adb18faf4cbd1d19fb71b096c35a0e09a9779535efabee6f666397	True	unresolved	unresolved
sub-9	03	03	sub-9/ses-03/run-03/tsv-row-27	27	rest	1	186.784	5.0	46696	47946	sub-9/ses-03/eeg/sub-9_ses-03_task-imagery_run-03_eeg.edf	1250	True		sub-09	V	s	s	0	sub-09/ses-03/eeg/sub-09_ses-03_task-MotorImageryRest_run-03_eeg.vhdr	0d66ec7c43adb18faf4cbd1d19fb71b096c35a0e09a9779535efabee6f666397	True	unresolved	unresolved
sub-9	03	03	sub-9/ses-03/run-03/tsv-row-28	28	right_hand	2	193.668	5.0	48417	49667	sub-9/ses-03/eeg/sub-9_ses-03_task-imagery_run-03_eeg.edf	1250	True		sub-09	V	s	s	0	sub-09/ses-03/eeg/sub-09_ses-03_task-MotorImageryRest_run-03_eeg.vhdr	0d66ec7c43adb18faf4cbd1d19fb71b096c35a0e09a9779535efabee6f666397	True	unresolved	unresolved
sub-9	03	03	sub-9/ses-03/run-03/tsv-row-29	29	rest	1	200.572	5.0	50143	51393	sub-9/ses-03/eeg/sub-9_ses-03_task-imagery_run-03_eeg.edf	1250	True		sub-09	V	s	s	0	sub-09/ses-03/eeg/sub-09_ses-03_task-MotorImageryRest_run-03_eeg.vhdr	0d66ec7c43adb18faf4cbd1d19fb71b096c35a0e09a9779535efabee6f666397	True	unresolved	unresolved
sub-9	03	03	sub-9/ses-03/run-03/tsv-row-30	30	right_hand	2	207.456	5.0	51864	53114	sub-9/ses-03/eeg/sub-9_ses-03_task-imagery_run-03_eeg.edf	1250	True		sub-09	V	s	s	0	sub-09/ses-03/eeg/sub-09_ses-03_task-MotorImageryRest_run-03_eeg.vhdr	0d66ec7c43adb18faf4cbd1d19fb71b096c35a0e09a9779535efabee6f666397	True	unresolved	unresolved
sub-9	03	03	sub-9/ses-03/run-03/tsv-row-31	31	right_hand	2	214.328	5.0	53582	54832	sub-9/ses-03/eeg/sub-9_ses-03_task-imagery_run-03_eeg.edf	1250	True		sub-09	V	s	s	0	sub-09/ses-03/eeg/sub-09_ses-03_task-MotorImageryRest_run-03_eeg.vhdr	0d66ec7c43adb18faf4cbd1d19fb71b096c35a0e09a9779535efabee6f666397	True	unresolved	unresolved
sub-9	03	03	sub-9/ses-03/run-03/tsv-row-32	32	rest	1	221.232	5.0	55308	56558	sub-9/ses-03/eeg/sub-9_ses-03_task-imagery_run-03_eeg.edf	1250	True		sub-09	V	s	s	0	sub-09/ses-03/eeg/sub-09_ses-03_task-MotorImageryRest_run-03_eeg.vhdr	0d66ec7c43adb18faf4cbd1d19fb71b096c35a0e09a9779535efabee6f666397	True	unresolved	unresolved
sub-9	03	04	sub-9/ses-03/run-04/tsv-row-1	1	right_hand	2	6.984	5.0	1746	2996	sub-9/ses-03/eeg/sub-9_ses-03_task-imagery_run-04_eeg.edf	1250	True		sub-09	V	s	s	0	sub-09/ses-03/eeg/sub-09_ses-03_task-MotorImageryRest_run-04_eeg.vhdr	5a34ce44a7e6acb55bf5d77bd782f774a639d76415ce24106435d514a401ae62	True	unresolved	unresolved
sub-9	03	04	sub-9/ses-03/run-04/tsv-row-2	2	rest	1	13.892	5.0	3473	4723	sub-9/ses-03/eeg/sub-9_ses-03_task-imagery_run-04_eeg.edf	1250	True		sub-09	V	s	s	0	sub-09/ses-03/eeg/sub-09_ses-03_task-MotorImageryRest_run-04_eeg.vhdr	5a34ce44a7e6acb55bf5d77bd782f774a639d76415ce24106435d514a401ae62	True	unresolved	unresolved
sub-9	03	04	sub-9/ses-03/run-04/tsv-row-3	3	right_hand	2	20.776	5.0	5194	6444	sub-9/ses-03/eeg/sub-9_ses-03_task-imagery_run-04_eeg.edf	1250	True		sub-09	V	s	s	0	sub-09/ses-03/eeg/sub-09_ses-03_task-MotorImageryRest_run-04_eeg.vhdr	5a34ce44a7e6acb55bf5d77bd782f774a639d76415ce24106435d514a401ae62	True	unresolved	unresolved
sub-9	03	04	sub-9/ses-03/run-04/tsv-row-4	4	rest	1	27.664	5.0	6916	8166	sub-9/ses-03/eeg/sub-9_ses-03_task-imagery_run-04_eeg.edf	1250	True		sub-09	V	s	s	0	sub-09/ses-03/eeg/sub-09_ses-03_task-MotorImageryRest_run-04_eeg.vhdr	5a34ce44a7e6acb55bf5d77bd782f774a639d76415ce24106435d514a401ae62	True	unresolved	unresolved
sub-9	03	04	sub-9/ses-03/run-04/tsv-row-5	5	right_hand	2	34.548	5.0	8637	9887	sub-9/ses-03/eeg/sub-9_ses-03_task-imagery_run-04_eeg.edf	1250	True		sub-09	V	s	s	0	sub-09/ses-03/eeg/sub-09_ses-03_task-MotorImageryRest_run-04_eeg.vhdr	5a34ce44a7e6acb55bf5d77bd782f774a639d76415ce24106435d514a401ae62	True	unresolved	unresolved
sub-9	03	04	sub-9/ses-03/run-04/tsv-row-6	6	rest	1	41.44	5.0	10360	11610	sub-9/ses-03/eeg/sub-9_ses-03_task-imagery_run-04_eeg.edf	1250	True		sub-09	V	s	s	0	sub-09/ses-03/eeg/sub-09_ses-03_task-MotorImageryRest_run-04_eeg.vhdr	5a34ce44a7e6acb55bf5d77bd782f774a639d76415ce24106435d514a401ae62	True	unresolved	unresolved
sub-9	03	04	sub-9/ses-03/run-04/tsv-row-7	7	rest	1	48.324	5.0	12081	13331	sub-9/ses-03/eeg/sub-9_ses-03_task-imagery_run-04_eeg.edf	1250	True		sub-09	V	s	s	0	sub-09/ses-03/eeg/sub-09_ses-03_task-MotorImageryRest_run-04_eeg.vhdr	5a34ce44a7e6acb55bf5d77bd782f774a639d76415ce24106435d514a401ae62	True	unresolved	unresolved
sub-9	03	04	sub-9/ses-03/run-04/tsv-row-8	8	right_hand	2	55.212	5.0	13803	15053	sub-9/ses-03/eeg/sub-9_ses-03_task-imagery_run-04_eeg.edf	1250	True		sub-09	V	s	s	0	sub-09/ses-03/eeg/sub-09_ses-03_task-MotorImageryRest_run-04_eeg.vhdr	5a34ce44a7e6acb55bf5d77bd782f774a639d76415ce24106435d514a401ae62	True	unresolved	unresolved
sub-9	03	04	sub-9/ses-03/run-04/tsv-row-9	9	right_hand	2	62.112	5.0	15528	16778	sub-9/ses-03/eeg/sub-9_ses-03_task-imagery_run-04_eeg.edf	1250	True		sub-09	V	s	s	0	sub-09/ses-03/eeg/sub-09_ses-03_task-MotorImageryRest_run-04_eeg.vhdr	5a34ce44a7e6acb55bf5d77bd782f774a639d76415ce24106435d514a401ae62	True	unresolved	unresolved
sub-9	03	04	sub-9/ses-03/run-04/tsv-row-10	10	rest	1	68.988	5.0	17247	18497	sub-9/ses-03/eeg/sub-9_ses-03_task-imagery_run-04_eeg.edf	1250	True		sub-09	V	s	s	0	sub-09/ses-03/eeg/sub-09_ses-03_task-MotorImageryRest_run-04_eeg.vhdr	5a34ce44a7e6acb55bf5d77bd782f774a639d76415ce24106435d514a401ae62	True	unresolved	unresolved
sub-9	03	04	sub-9/ses-03/run-04/tsv-row-11	11	rest	1	75.888	5.0	18972	20222	sub-9/ses-03/eeg/sub-9_ses-03_task-imagery_run-04_eeg.edf	1250	True		sub-09	V	s	s	0	sub-09/ses-03/eeg/sub-09_ses-03_task-MotorImageryRest_run-04_eeg.vhdr	5a34ce44a7e6acb55bf5d77bd782f774a639d76415ce24106435d514a401ae62	True	unresolved	unresolved
sub-9	03	04	sub-9/ses-03/run-04/tsv-row-12	12	rest	1	89.648	5.0	22412	23662	sub-9/ses-03/eeg/sub-9_ses-03_task-imagery_run-04_eeg.edf	1250	True		sub-09	V	s	s	0	sub-09/ses-03/eeg/sub-09_ses-03_task-MotorImageryRest_run-04_eeg.vhdr	5a34ce44a7e6acb55bf5d77bd782f774a639d76415ce24106435d514a401ae62	True	unresolved	unresolved
sub-9	03	04	sub-9/ses-03/run-04/tsv-row-13	13	right_hand	2	96.548	5.0	24137	25387	sub-9/ses-03/eeg/sub-9_ses-03_task-imagery_run-04_eeg.edf	1250	True		sub-09	V	s	s	0	sub-09/ses-03/eeg/sub-09_ses-03_task-MotorImageryRest_run-04_eeg.vhdr	5a34ce44a7e6acb55bf5d77bd782f774a639d76415ce24106435d514a401ae62	True	unresolved	unresolved
sub-9	03	04	sub-9/ses-03/run-04/tsv-row-14	14	right_hand	2	103.436	5.0	25859	27109	sub-9/ses-03/eeg/sub-9_ses-03_task-imagery_run-04_eeg.edf	1250	True		sub-09	V	s	s	0	sub-09/ses-03/eeg/sub-09_ses-03_task-MotorImageryRest_run-04_eeg.vhdr	5a34ce44a7e6acb55bf5d77bd782f774a639d76415ce24106435d514a401ae62	True	unresolved	unresolved
sub-9	03	04	sub-9/ses-03/run-04/tsv-row-15	15	rest	1	110.324	5.0	27581	28831	sub-9/ses-03/eeg/sub-9_ses-03_task-imagery_run-04_eeg.edf	1250	True		sub-09	V	s	s	0	sub-09/ses-03/eeg/sub-09_ses-03_task-MotorImageryRest_run-04_eeg.vhdr	5a34ce44a7e6acb55bf5d77bd782f774a639d76415ce24106435d514a401ae62	True	unresolved	unresolved
sub-9	03	04	sub-9/ses-03/run-04/tsv-row-16	16	right_hand	2	117.208	5.0	29302	30552	sub-9/ses-03/eeg/sub-9_ses-03_task-imagery_run-04_eeg.edf	1250	True		sub-09	V	s	s	0	sub-09/ses-03/eeg/sub-09_ses-03_task-MotorImageryRest_run-04_eeg.vhdr	5a34ce44a7e6acb55bf5d77bd782f774a639d76415ce24106435d514a401ae62	True	unresolved	unresolved
sub-9	03	04	sub-9/ses-03/run-04/tsv-row-17	17	rest	1	124.096	5.0	31024	32274	sub-9/ses-03/eeg/sub-9_ses-03_task-imagery_run-04_eeg.edf	1250	True		sub-09	V	s	s	0	sub-09/ses-03/eeg/sub-09_ses-03_task-MotorImageryRest_run-04_eeg.vhdr	5a34ce44a7e6acb55bf5d77bd782f774a639d76415ce24106435d514a401ae62	True	unresolved	unresolved
sub-9	03	04	sub-9/ses-03/run-04/tsv-row-18	18	rest	1	130.984	5.0	32746	33996	sub-9/ses-03/eeg/sub-9_ses-03_task-imagery_run-04_eeg.edf	1250	True		sub-09	V	s	s	0	sub-09/ses-03/eeg/sub-09_ses-03_task-MotorImageryRest_run-04_eeg.vhdr	5a34ce44a7e6acb55bf5d77bd782f774a639d76415ce24106435d514a401ae62	True	unresolved	unresolved
sub-9	03	04	sub-9/ses-03/run-04/tsv-row-19	19	right_hand	2	137.884	5.0	34471	35721	sub-9/ses-03/eeg/sub-9_ses-03_task-imagery_run-04_eeg.edf	1250	True		sub-09	V	s	s	0	sub-09/ses-03/eeg/sub-09_ses-03_task-MotorImageryRest_run-04_eeg.vhdr	5a34ce44a7e6acb55bf5d77bd782f774a639d76415ce24106435d514a401ae62	True	unresolved	unresolved
sub-9	03	04	sub-9/ses-03/run-04/tsv-row-20	20	right_hand	2	144.756	5.0	36189	37439	sub-9/ses-03/eeg/sub-9_ses-03_task-imagery_run-04_eeg.edf	1250	True		sub-09	V	s	s	0	sub-09/ses-03/eeg/sub-09_ses-03_task-MotorImageryRest_run-04_eeg.vhdr	5a34ce44a7e6acb55bf5d77bd782f774a639d76415ce24106435d514a401ae62	True	unresolved	unresolved
sub-9	03	04	sub-9/ses-03/run-04/tsv-row-21	21	rest	1	151.644	5.0	37911	39161	sub-9/ses-03/eeg/sub-9_ses-03_task-imagery_run-04_eeg.edf	1250	True		sub-09	V	s	s	0	sub-09/ses-03/eeg/sub-09_ses-03_task-MotorImageryRest_run-04_eeg.vhdr	5a34ce44a7e6acb55bf5d77bd782f774a639d76415ce24106435d514a401ae62	True	unresolved	unresolved
sub-9	03	04	sub-9/ses-03/run-04/tsv-row-22	22	rest	1	158.532	5.0	39633	40883	sub-9/ses-03/eeg/sub-9_ses-03_task-imagery_run-04_eeg.edf	1250	True		sub-09	V	s	s	0	sub-09/ses-03/eeg/sub-09_ses-03_task-MotorImageryRest_run-04_eeg.vhdr	5a34ce44a7e6acb55bf5d77bd782f774a639d76415ce24106435d514a401ae62	True	unresolved	unresolved
sub-9	03	04	sub-9/ses-03/run-04/tsv-row-23	23	right_hand	2	165.432	5.0	41358	42608	sub-9/ses-03/eeg/sub-9_ses-03_task-imagery_run-04_eeg.edf	1250	True		sub-09	V	s	s	0	sub-09/ses-03/eeg/sub-09_ses-03_task-MotorImageryRest_run-04_eeg.vhdr	5a34ce44a7e6acb55bf5d77bd782f774a639d76415ce24106435d514a401ae62	True	unresolved	unresolved
sub-9	03	04	sub-9/ses-03/run-04/tsv-row-24	24	rest	1	172.304	5.0	43076	44326	sub-9/ses-03/eeg/sub-9_ses-03_task-imagery_run-04_eeg.edf	1250	True		sub-09	V	s	s	0	sub-09/ses-03/eeg/sub-09_ses-03_task-MotorImageryRest_run-04_eeg.vhdr	5a34ce44a7e6acb55bf5d77bd782f774a639d76415ce24106435d514a401ae62	True	unresolved	unresolved
sub-9	03	04	sub-9/ses-03/run-04/tsv-row-25	25	right_hand	2	179.188	5.0	44797	46047	sub-9/ses-03/eeg/sub-9_ses-03_task-imagery_run-04_eeg.edf	1250	True		sub-09	V	s	s	0	sub-09/ses-03/eeg/sub-09_ses-03_task-MotorImageryRest_run-04_eeg.vhdr	5a34ce44a7e6acb55bf5d77bd782f774a639d76415ce24106435d514a401ae62	True	unresolved	unresolved
sub-9	03	04	sub-9/ses-03/run-04/tsv-row-26	26	rest	1	186.096	5.0	46524	47774	sub-9/ses-03/eeg/sub-9_ses-03_task-imagery_run-04_eeg.edf	1250	True		sub-09	V	s	s	0	sub-09/ses-03/eeg/sub-09_ses-03_task-MotorImageryRest_run-04_eeg.vhdr	5a34ce44a7e6acb55bf5d77bd782f774a639d76415ce24106435d514a401ae62	True	unresolved	unresolved
sub-9	03	04	sub-9/ses-03/run-04/tsv-row-27	27	right_hand	2	192.98	5.0	48245	49495	sub-9/ses-03/eeg/sub-9_ses-03_task-imagery_run-04_eeg.edf	1250	True		sub-09	V	s	s	0	sub-09/ses-03/eeg/sub-09_ses-03_task-MotorImageryRest_run-04_eeg.vhdr	5a34ce44a7e6acb55bf5d77bd782f774a639d76415ce24106435d514a401ae62	True	unresolved	unresolved
sub-9	03	04	sub-9/ses-03/run-04/tsv-row-28	28	right_hand	2	199.848	5.0	49962	51212	sub-9/ses-03/eeg/sub-9_ses-03_task-imagery_run-04_eeg.edf	1250	True		sub-09	V	s	s	0	sub-09/ses-03/eeg/sub-09_ses-03_task-MotorImageryRest_run-04_eeg.vhdr	5a34ce44a7e6acb55bf5d77bd782f774a639d76415ce24106435d514a401ae62	True	unresolved	unresolved
sub-9	03	04	sub-9/ses-03/run-04/tsv-row-29	29	rest	1	206.756	5.0	51689	52939	sub-9/ses-03/eeg/sub-9_ses-03_task-imagery_run-04_eeg.edf	1250	True		sub-09	V	s	s	0	sub-09/ses-03/eeg/sub-09_ses-03_task-MotorImageryRest_run-04_eeg.vhdr	5a34ce44a7e6acb55bf5d77bd782f774a639d76415ce24106435d514a401ae62	True	unresolved	unresolved
sub-9	03	04	sub-9/ses-03/run-04/tsv-row-30	30	right_hand	2	213.64	5.0	53410	54660	sub-9/ses-03/eeg/sub-9_ses-03_task-imagery_run-04_eeg.edf	1250	True		sub-09	V	s	s	0	sub-09/ses-03/eeg/sub-09_ses-03_task-MotorImageryRest_run-04_eeg.vhdr	5a34ce44a7e6acb55bf5d77bd782f774a639d76415ce24106435d514a401ae62	True	unresolved	unresolved
sub-9	03	04	sub-9/ses-03/run-04/tsv-row-31	31	rest	1	220.528	5.0	55132	56382	sub-9/ses-03/eeg/sub-9_ses-03_task-imagery_run-04_eeg.edf	1250	True		sub-09	V	s	s	0	sub-09/ses-03/eeg/sub-09_ses-03_task-MotorImageryRest_run-04_eeg.vhdr	5a34ce44a7e6acb55bf5d77bd782f774a639d76415ce24106435d514a401ae62	True	unresolved	unresolved
sub-9	03	05	sub-9/ses-03/run-05/tsv-row-1	1	right_hand	2	6.528	5.0	1632	2882	sub-9/ses-03/eeg/sub-9_ses-03_task-imagery_run-05_eeg.edf	1250	True		sub-09	V	s	s	0	sub-09/ses-03/eeg/sub-09_ses-03_task-MotorImageryRest_run-05_eeg.vhdr	a288ec9935401b98d80a11281deffcfa57523f7bab74569d21d39d15214aafc9	True	unresolved	unresolved
sub-9	03	05	sub-9/ses-03/run-05/tsv-row-2	2	rest	1	13.416	5.0	3354	4604	sub-9/ses-03/eeg/sub-9_ses-03_task-imagery_run-05_eeg.edf	1250	True		sub-09	V	s	s	0	sub-09/ses-03/eeg/sub-09_ses-03_task-MotorImageryRest_run-05_eeg.vhdr	a288ec9935401b98d80a11281deffcfa57523f7bab74569d21d39d15214aafc9	True	unresolved	unresolved
sub-9	03	05	sub-9/ses-03/run-05/tsv-row-3	3	right_hand	2	20.284	5.0	5071	6321	sub-9/ses-03/eeg/sub-9_ses-03_task-imagery_run-05_eeg.edf	1250	True		sub-09	V	s	s	0	sub-09/ses-03/eeg/sub-09_ses-03_task-MotorImageryRest_run-05_eeg.vhdr	a288ec9935401b98d80a11281deffcfa57523f7bab74569d21d39d15214aafc9	True	unresolved	unresolved
sub-9	03	05	sub-9/ses-03/run-05/tsv-row-4	4	rest	1	27.192	5.0	6798	8048	sub-9/ses-03/eeg/sub-9_ses-03_task-imagery_run-05_eeg.edf	1250	True		sub-09	V	s	s	0	sub-09/ses-03/eeg/sub-09_ses-03_task-MotorImageryRest_run-05_eeg.vhdr	a288ec9935401b98d80a11281deffcfa57523f7bab74569d21d39d15214aafc9	True	unresolved	unresolved
sub-9	03	05	sub-9/ses-03/run-05/tsv-row-5	5	rest	1	34.076	5.0	8519	9769	sub-9/ses-03/eeg/sub-9_ses-03_task-imagery_run-05_eeg.edf	1250	True		sub-09	V	s	s	0	sub-09/ses-03/eeg/sub-09_ses-03_task-MotorImageryRest_run-05_eeg.vhdr	a288ec9935401b98d80a11281deffcfa57523f7bab74569d21d39d15214aafc9	True	unresolved	unresolved
sub-9	03	05	sub-9/ses-03/run-05/tsv-row-6	6	right_hand	2	40.964	5.0	10241	11491	sub-9/ses-03/eeg/sub-9_ses-03_task-imagery_run-05_eeg.edf	1250	True		sub-09	V	s	s	0	sub-09/ses-03/eeg/sub-09_ses-03_task-MotorImageryRest_run-05_eeg.vhdr	a288ec9935401b98d80a11281deffcfa57523f7bab74569d21d39d15214aafc9	True	unresolved	unresolved
sub-9	03	05	sub-9/ses-03/run-05/tsv-row-7	7	rest	1	47.852	5.0	11963	13213	sub-9/ses-03/eeg/sub-9_ses-03_task-imagery_run-05_eeg.edf	1250	True		sub-09	V	s	s	0	sub-09/ses-03/eeg/sub-09_ses-03_task-MotorImageryRest_run-05_eeg.vhdr	a288ec9935401b98d80a11281deffcfa57523f7bab74569d21d39d15214aafc9	True	unresolved	unresolved
sub-9	03	05	sub-9/ses-03/run-05/tsv-row-8	8	right_hand	2	54.736	5.0	13684	14934	sub-9/ses-03/eeg/sub-9_ses-03_task-imagery_run-05_eeg.edf	1250	True		sub-09	V	s	s	0	sub-09/ses-03/eeg/sub-09_ses-03_task-MotorImageryRest_run-05_eeg.vhdr	a288ec9935401b98d80a11281deffcfa57523f7bab74569d21d39d15214aafc9	True	unresolved	unresolved
sub-9	03	05	sub-9/ses-03/run-05/tsv-row-9	9	rest	1	61.624	5.0	15406	16656	sub-9/ses-03/eeg/sub-9_ses-03_task-imagery_run-05_eeg.edf	1250	True		sub-09	V	s	s	0	sub-09/ses-03/eeg/sub-09_ses-03_task-MotorImageryRest_run-05_eeg.vhdr	a288ec9935401b98d80a11281deffcfa57523f7bab74569d21d39d15214aafc9	True	unresolved	unresolved
sub-9	03	05	sub-9/ses-03/run-05/tsv-row-10	10	right_hand	2	68.508	5.0	17127	18377	sub-9/ses-03/eeg/sub-9_ses-03_task-imagery_run-05_eeg.edf	1250	True		sub-09	V	s	s	0	sub-09/ses-03/eeg/sub-09_ses-03_task-MotorImageryRest_run-05_eeg.vhdr	a288ec9935401b98d80a11281deffcfa57523f7bab74569d21d39d15214aafc9	True	unresolved	unresolved
sub-9	03	05	sub-9/ses-03/run-05/tsv-row-11	11	right_hand	2	75.412	5.0	18853	20103	sub-9/ses-03/eeg/sub-9_ses-03_task-imagery_run-05_eeg.edf	1250	True		sub-09	V	s	s	0	sub-09/ses-03/eeg/sub-09_ses-03_task-MotorImageryRest_run-05_eeg.vhdr	a288ec9935401b98d80a11281deffcfa57523f7bab74569d21d39d15214aafc9	True	unresolved	unresolved
sub-9	03	05	sub-9/ses-03/run-05/tsv-row-12	12	rest	1	82.284	5.0	20571	21821	sub-9/ses-03/eeg/sub-9_ses-03_task-imagery_run-05_eeg.edf	1250	True		sub-09	V	s	s	0	sub-09/ses-03/eeg/sub-09_ses-03_task-MotorImageryRest_run-05_eeg.vhdr	a288ec9935401b98d80a11281deffcfa57523f7bab74569d21d39d15214aafc9	True	unresolved	unresolved
sub-9	03	05	sub-9/ses-03/run-05/tsv-row-13	13	right_hand	2	89.188	5.0	22297	23547	sub-9/ses-03/eeg/sub-9_ses-03_task-imagery_run-05_eeg.edf	1250	True		sub-09	V	s	s	0	sub-09/ses-03/eeg/sub-09_ses-03_task-MotorImageryRest_run-05_eeg.vhdr	a288ec9935401b98d80a11281deffcfa57523f7bab74569d21d39d15214aafc9	True	unresolved	unresolved
sub-9	03	05	sub-9/ses-03/run-05/tsv-row-14	14	rest	1	96.076	5.0	24019	25269	sub-9/ses-03/eeg/sub-9_ses-03_task-imagery_run-05_eeg.edf	1250	True		sub-09	V	s	s	0	sub-09/ses-03/eeg/sub-09_ses-03_task-MotorImageryRest_run-05_eeg.vhdr	a288ec9935401b98d80a11281deffcfa57523f7bab74569d21d39d15214aafc9	True	unresolved	unresolved
sub-9	03	05	sub-9/ses-03/run-05/tsv-row-15	15	right_hand	2	102.944	5.0	25736	26986	sub-9/ses-03/eeg/sub-9_ses-03_task-imagery_run-05_eeg.edf	1250	True		sub-09	V	s	s	0	sub-09/ses-03/eeg/sub-09_ses-03_task-MotorImageryRest_run-05_eeg.vhdr	a288ec9935401b98d80a11281deffcfa57523f7bab74569d21d39d15214aafc9	True	unresolved	unresolved
sub-9	03	05	sub-9/ses-03/run-05/tsv-row-16	16	rest	1	109.848	5.0	27462	28712	sub-9/ses-03/eeg/sub-9_ses-03_task-imagery_run-05_eeg.edf	1250	True		sub-09	V	s	s	0	sub-09/ses-03/eeg/sub-09_ses-03_task-MotorImageryRest_run-05_eeg.vhdr	a288ec9935401b98d80a11281deffcfa57523f7bab74569d21d39d15214aafc9	True	unresolved	unresolved
sub-9	03	05	sub-9/ses-03/run-05/tsv-row-17	17	rest	1	116.736	5.0	29184	30434	sub-9/ses-03/eeg/sub-9_ses-03_task-imagery_run-05_eeg.edf	1250	True		sub-09	V	s	s	0	sub-09/ses-03/eeg/sub-09_ses-03_task-MotorImageryRest_run-05_eeg.vhdr	a288ec9935401b98d80a11281deffcfa57523f7bab74569d21d39d15214aafc9	True	unresolved	unresolved
sub-9	03	05	sub-9/ses-03/run-05/tsv-row-18	18	right_hand	2	123.62	5.0	30905	32155	sub-9/ses-03/eeg/sub-9_ses-03_task-imagery_run-05_eeg.edf	1250	True		sub-09	V	s	s	0	sub-09/ses-03/eeg/sub-09_ses-03_task-MotorImageryRest_run-05_eeg.vhdr	a288ec9935401b98d80a11281deffcfa57523f7bab74569d21d39d15214aafc9	True	unresolved	unresolved
sub-9	03	05	sub-9/ses-03/run-05/tsv-row-19	19	rest	1	130.512	5.0	32628	33878	sub-9/ses-03/eeg/sub-9_ses-03_task-imagery_run-05_eeg.edf	1250	True		sub-09	V	s	s	0	sub-09/ses-03/eeg/sub-09_ses-03_task-MotorImageryRest_run-05_eeg.vhdr	a288ec9935401b98d80a11281deffcfa57523f7bab74569d21d39d15214aafc9	True	unresolved	unresolved
sub-9	03	05	sub-9/ses-03/run-05/tsv-row-20	20	right_hand	2	137.396	5.0	34349	35599	sub-9/ses-03/eeg/sub-9_ses-03_task-imagery_run-05_eeg.edf	1250	True		sub-09	V	s	s	0	sub-09/ses-03/eeg/sub-09_ses-03_task-MotorImageryRest_run-05_eeg.vhdr	a288ec9935401b98d80a11281deffcfa57523f7bab74569d21d39d15214aafc9	True	unresolved	unresolved
sub-9	03	05	sub-9/ses-03/run-05/tsv-row-21	21	rest	1	144.284	5.0	36071	37321	sub-9/ses-03/eeg/sub-9_ses-03_task-imagery_run-05_eeg.edf	1250	True		sub-09	V	s	s	0	sub-09/ses-03/eeg/sub-09_ses-03_task-MotorImageryRest_run-05_eeg.vhdr	a288ec9935401b98d80a11281deffcfa57523f7bab74569d21d39d15214aafc9	True	unresolved	unresolved
sub-9	03	05	sub-9/ses-03/run-05/tsv-row-22	22	right_hand	2	151.184	5.0	37796	39046	sub-9/ses-03/eeg/sub-9_ses-03_task-imagery_run-05_eeg.edf	1250	True		sub-09	V	s	s	0	sub-09/ses-03/eeg/sub-09_ses-03_task-MotorImageryRest_run-05_eeg.vhdr	a288ec9935401b98d80a11281deffcfa57523f7bab74569d21d39d15214aafc9	True	unresolved	unresolved
sub-9	03	05	sub-9/ses-03/run-05/tsv-row-23	23	right_hand	2	158.056	5.0	39514	40764	sub-9/ses-03/eeg/sub-9_ses-03_task-imagery_run-05_eeg.edf	1250	True		sub-09	V	s	s	0	sub-09/ses-03/eeg/sub-09_ses-03_task-MotorImageryRest_run-05_eeg.vhdr	a288ec9935401b98d80a11281deffcfa57523f7bab74569d21d39d15214aafc9	True	unresolved	unresolved
sub-9	03	05	sub-9/ses-03/run-05/tsv-row-24	24	rest	1	164.944	5.0	41236	42486	sub-9/ses-03/eeg/sub-9_ses-03_task-imagery_run-05_eeg.edf	1250	True		sub-09	V	s	s	0	sub-09/ses-03/eeg/sub-09_ses-03_task-MotorImageryRest_run-05_eeg.vhdr	a288ec9935401b98d80a11281deffcfa57523f7bab74569d21d39d15214aafc9	True	unresolved	unresolved
sub-9	03	05	sub-9/ses-03/run-05/tsv-row-25	25	right_hand	2	171.828	5.0	42957	44207	sub-9/ses-03/eeg/sub-9_ses-03_task-imagery_run-05_eeg.edf	1250	True		sub-09	V	s	s	0	sub-09/ses-03/eeg/sub-09_ses-03_task-MotorImageryRest_run-05_eeg.vhdr	a288ec9935401b98d80a11281deffcfa57523f7bab74569d21d39d15214aafc9	True	unresolved	unresolved
sub-9	03	05	sub-9/ses-03/run-05/tsv-row-26	26	rest	1	178.736	5.0	44684	45934	sub-9/ses-03/eeg/sub-9_ses-03_task-imagery_run-05_eeg.edf	1250	True		sub-09	V	s	s	0	sub-09/ses-03/eeg/sub-09_ses-03_task-MotorImageryRest_run-05_eeg.vhdr	a288ec9935401b98d80a11281deffcfa57523f7bab74569d21d39d15214aafc9	True	unresolved	unresolved
sub-9	03	05	sub-9/ses-03/run-05/tsv-row-27	27	right_hand	2	185.604	5.0	46401	47651	sub-9/ses-03/eeg/sub-9_ses-03_task-imagery_run-05_eeg.edf	1250	True		sub-09	V	s	s	0	sub-09/ses-03/eeg/sub-09_ses-03_task-MotorImageryRest_run-05_eeg.vhdr	a288ec9935401b98d80a11281deffcfa57523f7bab74569d21d39d15214aafc9	True	unresolved	unresolved
sub-9	03	05	sub-9/ses-03/run-05/tsv-row-28	28	rest	1	192.492	5.0	48123	49373	sub-9/ses-03/eeg/sub-9_ses-03_task-imagery_run-05_eeg.edf	1250	True		sub-09	V	s	s	0	sub-09/ses-03/eeg/sub-09_ses-03_task-MotorImageryRest_run-05_eeg.vhdr	a288ec9935401b98d80a11281deffcfa57523f7bab74569d21d39d15214aafc9	True	unresolved	unresolved
sub-9	03	05	sub-9/ses-03/run-05/tsv-row-29	29	right_hand	2	199.392	5.0	49848	51098	sub-9/ses-03/eeg/sub-9_ses-03_task-imagery_run-05_eeg.edf	1250	True		sub-09	V	s	s	0	sub-09/ses-03/eeg/sub-09_ses-03_task-MotorImageryRest_run-05_eeg.vhdr	a288ec9935401b98d80a11281deffcfa57523f7bab74569d21d39d15214aafc9	True	unresolved	unresolved
sub-9	03	05	sub-9/ses-03/run-05/tsv-row-30	30	rest	1	206.28	5.0	51570	52820	sub-9/ses-03/eeg/sub-9_ses-03_task-imagery_run-05_eeg.edf	1250	True		sub-09	V	s	s	0	sub-09/ses-03/eeg/sub-09_ses-03_task-MotorImageryRest_run-05_eeg.vhdr	a288ec9935401b98d80a11281deffcfa57523f7bab74569d21d39d15214aafc9	True	unresolved	unresolved
sub-9	03	05	sub-9/ses-03/run-05/tsv-row-31	31	rest	1	213.152	5.0	53288	54538	sub-9/ses-03/eeg/sub-9_ses-03_task-imagery_run-05_eeg.edf	1250	True		sub-09	V	s	s	0	sub-09/ses-03/eeg/sub-09_ses-03_task-MotorImageryRest_run-05_eeg.vhdr	a288ec9935401b98d80a11281deffcfa57523f7bab74569d21d39d15214aafc9	True	unresolved	unresolved
sub-9	03	05	sub-9/ses-03/run-05/tsv-row-32	32	right_hand	2	220.052	5.0	55013	56263	sub-9/ses-03/eeg/sub-9_ses-03_task-imagery_run-05_eeg.edf	1250	True		sub-09	V	s	s	0	sub-09/ses-03/eeg/sub-09_ses-03_task-MotorImageryRest_run-05_eeg.vhdr	a288ec9935401b98d80a11281deffcfa57523f7bab74569d21d39d15214aafc9	True	unresolved	unresolved
sub-9	03	06	sub-9/ses-03/run-06/tsv-row-1	1	right_hand	2	10.168	5.0	2542	3792	sub-9/ses-03/eeg/sub-9_ses-03_task-imagery_run-06_eeg.edf	1250	True		sub-09	V	s	s	0	sub-09/ses-03/eeg/sub-09_ses-03_task-MotorImageryRest_run-06_eeg.vhdr	421e98acd380741604e87d01ab56abebe485480cee53b7430941c7e0eb7ecfc8	True	unresolved	unresolved
sub-9	03	06	sub-9/ses-03/run-06/tsv-row-2	2	rest	1	17.06	5.0	4265	5515	sub-9/ses-03/eeg/sub-9_ses-03_task-imagery_run-06_eeg.edf	1250	True		sub-09	V	s	s	0	sub-09/ses-03/eeg/sub-09_ses-03_task-MotorImageryRest_run-06_eeg.vhdr	421e98acd380741604e87d01ab56abebe485480cee53b7430941c7e0eb7ecfc8	True	unresolved	unresolved
sub-9	03	06	sub-9/ses-03/run-06/tsv-row-3	3	rest	1	23.948	5.0	5987	7237	sub-9/ses-03/eeg/sub-9_ses-03_task-imagery_run-06_eeg.edf	1250	True		sub-09	V	s	s	0	sub-09/ses-03/eeg/sub-09_ses-03_task-MotorImageryRest_run-06_eeg.vhdr	421e98acd380741604e87d01ab56abebe485480cee53b7430941c7e0eb7ecfc8	True	unresolved	unresolved
sub-9	03	06	sub-9/ses-03/run-06/tsv-row-4	4	right_hand	2	30.816	5.0	7704	8954	sub-9/ses-03/eeg/sub-9_ses-03_task-imagery_run-06_eeg.edf	1250	True		sub-09	V	s	s	0	sub-09/ses-03/eeg/sub-09_ses-03_task-MotorImageryRest_run-06_eeg.vhdr	421e98acd380741604e87d01ab56abebe485480cee53b7430941c7e0eb7ecfc8	True	unresolved	unresolved
sub-9	03	06	sub-9/ses-03/run-06/tsv-row-5	5	rest	1	37.72	5.0	9430	10680	sub-9/ses-03/eeg/sub-9_ses-03_task-imagery_run-06_eeg.edf	1250	True		sub-09	V	s	s	0	sub-09/ses-03/eeg/sub-09_ses-03_task-MotorImageryRest_run-06_eeg.vhdr	421e98acd380741604e87d01ab56abebe485480cee53b7430941c7e0eb7ecfc8	True	unresolved	unresolved
sub-9	03	06	sub-9/ses-03/run-06/tsv-row-6	6	right_hand	2	44.604	5.0	11151	12401	sub-9/ses-03/eeg/sub-9_ses-03_task-imagery_run-06_eeg.edf	1250	True		sub-09	V	s	s	0	sub-09/ses-03/eeg/sub-09_ses-03_task-MotorImageryRest_run-06_eeg.vhdr	421e98acd380741604e87d01ab56abebe485480cee53b7430941c7e0eb7ecfc8	True	unresolved	unresolved
sub-9	03	06	sub-9/ses-03/run-06/tsv-row-7	7	rest	1	51.48	5.0	12870	14120	sub-9/ses-03/eeg/sub-9_ses-03_task-imagery_run-06_eeg.edf	1250	True		sub-09	V	s	s	0	sub-09/ses-03/eeg/sub-09_ses-03_task-MotorImageryRest_run-06_eeg.vhdr	421e98acd380741604e87d01ab56abebe485480cee53b7430941c7e0eb7ecfc8	True	unresolved	unresolved
sub-9	03	06	sub-9/ses-03/run-06/tsv-row-8	8	right_hand	2	58.38	5.0	14595	15845	sub-9/ses-03/eeg/sub-9_ses-03_task-imagery_run-06_eeg.edf	1250	True		sub-09	V	s	s	0	sub-09/ses-03/eeg/sub-09_ses-03_task-MotorImageryRest_run-06_eeg.vhdr	421e98acd380741604e87d01ab56abebe485480cee53b7430941c7e0eb7ecfc8	True	unresolved	unresolved
sub-9	03	06	sub-9/ses-03/run-06/tsv-row-9	9	rest	1	65.268	5.0	16317	17567	sub-9/ses-03/eeg/sub-9_ses-03_task-imagery_run-06_eeg.edf	1250	True		sub-09	V	s	s	0	sub-09/ses-03/eeg/sub-09_ses-03_task-MotorImageryRest_run-06_eeg.vhdr	421e98acd380741604e87d01ab56abebe485480cee53b7430941c7e0eb7ecfc8	True	unresolved	unresolved
sub-9	03	06	sub-9/ses-03/run-06/tsv-row-10	10	right_hand	2	72.152	5.0	18038	19288	sub-9/ses-03/eeg/sub-9_ses-03_task-imagery_run-06_eeg.edf	1250	True		sub-09	V	s	s	0	sub-09/ses-03/eeg/sub-09_ses-03_task-MotorImageryRest_run-06_eeg.vhdr	421e98acd380741604e87d01ab56abebe485480cee53b7430941c7e0eb7ecfc8	True	unresolved	unresolved
sub-9	03	06	sub-9/ses-03/run-06/tsv-row-11	11	rest	1	79.044	5.0	19761	21011	sub-9/ses-03/eeg/sub-9_ses-03_task-imagery_run-06_eeg.edf	1250	True		sub-09	V	s	s	0	sub-09/ses-03/eeg/sub-09_ses-03_task-MotorImageryRest_run-06_eeg.vhdr	421e98acd380741604e87d01ab56abebe485480cee53b7430941c7e0eb7ecfc8	True	unresolved	unresolved
sub-9	03	06	sub-9/ses-03/run-06/tsv-row-12	12	right_hand	2	85.928	5.0	21482	22732	sub-9/ses-03/eeg/sub-9_ses-03_task-imagery_run-06_eeg.edf	1250	True		sub-09	V	s	s	0	sub-09/ses-03/eeg/sub-09_ses-03_task-MotorImageryRest_run-06_eeg.vhdr	421e98acd380741604e87d01ab56abebe485480cee53b7430941c7e0eb7ecfc8	True	unresolved	unresolved
sub-9	03	06	sub-9/ses-03/run-06/tsv-row-13	13	rest	1	92.816	5.0	23204	24454	sub-9/ses-03/eeg/sub-9_ses-03_task-imagery_run-06_eeg.edf	1250	True		sub-09	V	s	s	0	sub-09/ses-03/eeg/sub-09_ses-03_task-MotorImageryRest_run-06_eeg.vhdr	421e98acd380741604e87d01ab56abebe485480cee53b7430941c7e0eb7ecfc8	True	unresolved	unresolved
sub-9	03	06	sub-9/ses-03/run-06/tsv-row-14	14	right_hand	2	99.716	5.0	24929	26179	sub-9/ses-03/eeg/sub-9_ses-03_task-imagery_run-06_eeg.edf	1250	True		sub-09	V	s	s	0	sub-09/ses-03/eeg/sub-09_ses-03_task-MotorImageryRest_run-06_eeg.vhdr	421e98acd380741604e87d01ab56abebe485480cee53b7430941c7e0eb7ecfc8	True	unresolved	unresolved
sub-9	03	06	sub-9/ses-03/run-06/tsv-row-15	15	rest	1	106.588	5.0	26647	27897	sub-9/ses-03/eeg/sub-9_ses-03_task-imagery_run-06_eeg.edf	1250	True		sub-09	V	s	s	0	sub-09/ses-03/eeg/sub-09_ses-03_task-MotorImageryRest_run-06_eeg.vhdr	421e98acd380741604e87d01ab56abebe485480cee53b7430941c7e0eb7ecfc8	True	unresolved	unresolved
sub-9	03	06	sub-9/ses-03/run-06/tsv-row-16	16	right_hand	2	113.472	5.0	28368	29618	sub-9/ses-03/eeg/sub-9_ses-03_task-imagery_run-06_eeg.edf	1250	True		sub-09	V	s	s	0	sub-09/ses-03/eeg/sub-09_ses-03_task-MotorImageryRest_run-06_eeg.vhdr	421e98acd380741604e87d01ab56abebe485480cee53b7430941c7e0eb7ecfc8	True	unresolved	unresolved
sub-9	03	06	sub-9/ses-03/run-06/tsv-row-17	17	rest	1	120.38	5.0	30095	31345	sub-9/ses-03/eeg/sub-9_ses-03_task-imagery_run-06_eeg.edf	1250	True		sub-09	V	s	s	0	sub-09/ses-03/eeg/sub-09_ses-03_task-MotorImageryRest_run-06_eeg.vhdr	421e98acd380741604e87d01ab56abebe485480cee53b7430941c7e0eb7ecfc8	True	unresolved	unresolved
sub-9	03	06	sub-9/ses-03/run-06/tsv-row-18	18	right_hand	2	127.264	5.0	31816	33066	sub-9/ses-03/eeg/sub-9_ses-03_task-imagery_run-06_eeg.edf	1250	True		sub-09	V	s	s	0	sub-09/ses-03/eeg/sub-09_ses-03_task-MotorImageryRest_run-06_eeg.vhdr	421e98acd380741604e87d01ab56abebe485480cee53b7430941c7e0eb7ecfc8	True	unresolved	unresolved
sub-9	03	06	sub-9/ses-03/run-06/tsv-row-19	19	right_hand	2	134.152	5.0	33538	34788	sub-9/ses-03/eeg/sub-9_ses-03_task-imagery_run-06_eeg.edf	1250	True		sub-09	V	s	s	0	sub-09/ses-03/eeg/sub-09_ses-03_task-MotorImageryRest_run-06_eeg.vhdr	421e98acd380741604e87d01ab56abebe485480cee53b7430941c7e0eb7ecfc8	True	unresolved	unresolved
sub-9	03	06	sub-9/ses-03/run-06/tsv-row-20	20	rest	1	141.04	5.0	35260	36510	sub-9/ses-03/eeg/sub-9_ses-03_task-imagery_run-06_eeg.edf	1250	True		sub-09	V	s	s	0	sub-09/ses-03/eeg/sub-09_ses-03_task-MotorImageryRest_run-06_eeg.vhdr	421e98acd380741604e87d01ab56abebe485480cee53b7430941c7e0eb7ecfc8	True	unresolved	unresolved
sub-9	03	06	sub-9/ses-03/run-06/tsv-row-21	21	rest	1	147.928	5.0	36982	38232	sub-9/ses-03/eeg/sub-9_ses-03_task-imagery_run-06_eeg.edf	1250	True		sub-09	V	s	s	0	sub-09/ses-03/eeg/sub-09_ses-03_task-MotorImageryRest_run-06_eeg.vhdr	421e98acd380741604e87d01ab56abebe485480cee53b7430941c7e0eb7ecfc8	True	unresolved	unresolved
sub-9	03	06	sub-9/ses-03/run-06/tsv-row-22	22	right_hand	2	154.812	5.0	38703	39953	sub-9/ses-03/eeg/sub-9_ses-03_task-imagery_run-06_eeg.edf	1250	True		sub-09	V	s	s	0	sub-09/ses-03/eeg/sub-09_ses-03_task-MotorImageryRest_run-06_eeg.vhdr	421e98acd380741604e87d01ab56abebe485480cee53b7430941c7e0eb7ecfc8	True	unresolved	unresolved
sub-9	03	06	sub-9/ses-03/run-06/tsv-row-23	23	rest	1	161.7	5.0	40425	41675	sub-9/ses-03/eeg/sub-9_ses-03_task-imagery_run-06_eeg.edf	1250	True		sub-09	V	s	s	0	sub-09/ses-03/eeg/sub-09_ses-03_task-MotorImageryRest_run-06_eeg.vhdr	421e98acd380741604e87d01ab56abebe485480cee53b7430941c7e0eb7ecfc8	True	unresolved	unresolved
sub-9	03	06	sub-9/ses-03/run-06/tsv-row-24	24	right_hand	2	168.584	5.0	42146	43396	sub-9/ses-03/eeg/sub-9_ses-03_task-imagery_run-06_eeg.edf	1250	True		sub-09	V	s	s	0	sub-09/ses-03/eeg/sub-09_ses-03_task-MotorImageryRest_run-06_eeg.vhdr	421e98acd380741604e87d01ab56abebe485480cee53b7430941c7e0eb7ecfc8	True	unresolved	unresolved
sub-9	03	06	sub-9/ses-03/run-06/tsv-row-25	25	right_hand	2	175.472	5.0	43868	45118	sub-9/ses-03/eeg/sub-9_ses-03_task-imagery_run-06_eeg.edf	1250	True		sub-09	V	s	s	0	sub-09/ses-03/eeg/sub-09_ses-03_task-MotorImageryRest_run-06_eeg.vhdr	421e98acd380741604e87d01ab56abebe485480cee53b7430941c7e0eb7ecfc8	True	unresolved	unresolved
sub-9	03	06	sub-9/ses-03/run-06/tsv-row-26	26	rest	1	182.376	5.0	45594	46844	sub-9/ses-03/eeg/sub-9_ses-03_task-imagery_run-06_eeg.edf	1250	True		sub-09	V	s	s	0	sub-09/ses-03/eeg/sub-09_ses-03_task-MotorImageryRest_run-06_eeg.vhdr	421e98acd380741604e87d01ab56abebe485480cee53b7430941c7e0eb7ecfc8	True	unresolved	unresolved
sub-9	03	06	sub-9/ses-03/run-06/tsv-row-27	27	rest	1	189.248	5.0	47312	48562	sub-9/ses-03/eeg/sub-9_ses-03_task-imagery_run-06_eeg.edf	1250	True		sub-09	V	s	s	0	sub-09/ses-03/eeg/sub-09_ses-03_task-MotorImageryRest_run-06_eeg.vhdr	421e98acd380741604e87d01ab56abebe485480cee53b7430941c7e0eb7ecfc8	True	unresolved	unresolved
sub-9	03	06	sub-9/ses-03/run-06/tsv-row-28	28	right_hand	2	196.132	5.0	49033	50283	sub-9/ses-03/eeg/sub-9_ses-03_task-imagery_run-06_eeg.edf	1250	True		sub-09	V	s	s	0	sub-09/ses-03/eeg/sub-09_ses-03_task-MotorImageryRest_run-06_eeg.vhdr	421e98acd380741604e87d01ab56abebe485480cee53b7430941c7e0eb7ecfc8	True	unresolved	unresolved
sub-9	03	06	sub-9/ses-03/run-06/tsv-row-29	29	right_hand	2	203.02	5.0	50755	52005	sub-9/ses-03/eeg/sub-9_ses-03_task-imagery_run-06_eeg.edf	1250	True		sub-09	V	s	s	0	sub-09/ses-03/eeg/sub-09_ses-03_task-MotorImageryRest_run-06_eeg.vhdr	421e98acd380741604e87d01ab56abebe485480cee53b7430941c7e0eb7ecfc8	True	unresolved	unresolved
sub-9	03	06	sub-9/ses-03/run-06/tsv-row-30	30	rest	1	209.924	5.0	52481	53731	sub-9/ses-03/eeg/sub-9_ses-03_task-imagery_run-06_eeg.edf	1250	True		sub-09	V	s	s	0	sub-09/ses-03/eeg/sub-09_ses-03_task-MotorImageryRest_run-06_eeg.vhdr	421e98acd380741604e87d01ab56abebe485480cee53b7430941c7e0eb7ecfc8	True	unresolved	unresolved
sub-9	03	06	sub-9/ses-03/run-06/tsv-row-31	31	rest	1	216.796	5.0	54199	55449	sub-9/ses-03/eeg/sub-9_ses-03_task-imagery_run-06_eeg.edf	1250	True		sub-09	V	s	s	0	sub-09/ses-03/eeg/sub-09_ses-03_task-MotorImageryRest_run-06_eeg.vhdr	421e98acd380741604e87d01ab56abebe485480cee53b7430941c7e0eb7ecfc8	True	unresolved	unresolved
sub-9	03	06	sub-9/ses-03/run-06/tsv-row-32	32	right_hand	2	223.68	5.0	55920	57170	sub-9/ses-03/eeg/sub-9_ses-03_task-imagery_run-06_eeg.edf	1250	True		sub-09	V	s	s	0	sub-09/ses-03/eeg/sub-09_ses-03_task-MotorImageryRest_run-06_eeg.vhdr	421e98acd380741604e87d01ab56abebe485480cee53b7430941c7e0eb7ecfc8	True	unresolved	unresolved
sub-9	04	01	sub-9/ses-04/run-01/tsv-row-1	1	right_hand	2	11.008	5.0	2752	4002	sub-9/ses-04/eeg/sub-9_ses-04_task-imagery_run-01_eeg.edf	1250	True		sub-09	V	s	s	0	sub-09/ses-04/eeg/sub-09_ses-04_task-MotorImageryRest_run-01_eeg.vhdr	ee2d48eef9f2e17345d55615ade1e96c726437788a12180987c5ec5eeec925aa	True	unresolved	unresolved
sub-9	04	01	sub-9/ses-04/run-01/tsv-row-2	2	rest	1	17.888	5.0	4472	5722	sub-9/ses-04/eeg/sub-9_ses-04_task-imagery_run-01_eeg.edf	1250	True		sub-09	V	s	s	0	sub-09/ses-04/eeg/sub-09_ses-04_task-MotorImageryRest_run-01_eeg.vhdr	ee2d48eef9f2e17345d55615ade1e96c726437788a12180987c5ec5eeec925aa	True	unresolved	unresolved
sub-9	04	01	sub-9/ses-04/run-01/tsv-row-3	3	right_hand	2	24.772	5.0	6193	7443	sub-9/ses-04/eeg/sub-9_ses-04_task-imagery_run-01_eeg.edf	1250	True		sub-09	V	s	s	0	sub-09/ses-04/eeg/sub-09_ses-04_task-MotorImageryRest_run-01_eeg.vhdr	ee2d48eef9f2e17345d55615ade1e96c726437788a12180987c5ec5eeec925aa	True	unresolved	unresolved
sub-9	04	01	sub-9/ses-04/run-01/tsv-row-4	4	rest	1	31.676	5.0	7919	9169	sub-9/ses-04/eeg/sub-9_ses-04_task-imagery_run-01_eeg.edf	1250	True		sub-09	V	s	s	0	sub-09/ses-04/eeg/sub-09_ses-04_task-MotorImageryRest_run-01_eeg.vhdr	ee2d48eef9f2e17345d55615ade1e96c726437788a12180987c5ec5eeec925aa	True	unresolved	unresolved
sub-9	04	01	sub-9/ses-04/run-01/tsv-row-5	5	right_hand	2	38.56	5.0	9640	10890	sub-9/ses-04/eeg/sub-9_ses-04_task-imagery_run-01_eeg.edf	1250	True		sub-09	V	s	s	0	sub-09/ses-04/eeg/sub-09_ses-04_task-MotorImageryRest_run-01_eeg.vhdr	ee2d48eef9f2e17345d55615ade1e96c726437788a12180987c5ec5eeec925aa	True	unresolved	unresolved
sub-9	04	01	sub-9/ses-04/run-01/tsv-row-6	6	rest	1	45.432	5.0	11358	12608	sub-9/ses-04/eeg/sub-9_ses-04_task-imagery_run-01_eeg.edf	1250	True		sub-09	V	s	s	0	sub-09/ses-04/eeg/sub-09_ses-04_task-MotorImageryRest_run-01_eeg.vhdr	ee2d48eef9f2e17345d55615ade1e96c726437788a12180987c5ec5eeec925aa	True	unresolved	unresolved
sub-9	04	01	sub-9/ses-04/run-01/tsv-row-7	7	right_hand	2	52.336	5.0	13084	14334	sub-9/ses-04/eeg/sub-9_ses-04_task-imagery_run-01_eeg.edf	1250	True		sub-09	V	s	s	0	sub-09/ses-04/eeg/sub-09_ses-04_task-MotorImageryRest_run-01_eeg.vhdr	ee2d48eef9f2e17345d55615ade1e96c726437788a12180987c5ec5eeec925aa	True	unresolved	unresolved
sub-9	04	01	sub-9/ses-04/run-01/tsv-row-8	8	rest	1	59.224	5.0	14806	16056	sub-9/ses-04/eeg/sub-9_ses-04_task-imagery_run-01_eeg.edf	1250	True		sub-09	V	s	s	0	sub-09/ses-04/eeg/sub-09_ses-04_task-MotorImageryRest_run-01_eeg.vhdr	ee2d48eef9f2e17345d55615ade1e96c726437788a12180987c5ec5eeec925aa	True	unresolved	unresolved
sub-9	04	01	sub-9/ses-04/run-01/tsv-row-9	9	rest	1	66.112	5.0	16528	17778	sub-9/ses-04/eeg/sub-9_ses-04_task-imagery_run-01_eeg.edf	1250	True		sub-09	V	s	s	0	sub-09/ses-04/eeg/sub-09_ses-04_task-MotorImageryRest_run-01_eeg.vhdr	ee2d48eef9f2e17345d55615ade1e96c726437788a12180987c5ec5eeec925aa	True	unresolved	unresolved
sub-9	04	01	sub-9/ses-04/run-01/tsv-row-10	10	right_hand	2	72.996	5.0	18249	19499	sub-9/ses-04/eeg/sub-9_ses-04_task-imagery_run-01_eeg.edf	1250	True		sub-09	V	s	s	0	sub-09/ses-04/eeg/sub-09_ses-04_task-MotorImageryRest_run-01_eeg.vhdr	ee2d48eef9f2e17345d55615ade1e96c726437788a12180987c5ec5eeec925aa	True	unresolved	unresolved
sub-9	04	01	sub-9/ses-04/run-01/tsv-row-11	11	right_hand	2	79.88	5.0	19970	21220	sub-9/ses-04/eeg/sub-9_ses-04_task-imagery_run-01_eeg.edf	1250	True		sub-09	V	s	s	0	sub-09/ses-04/eeg/sub-09_ses-04_task-MotorImageryRest_run-01_eeg.vhdr	ee2d48eef9f2e17345d55615ade1e96c726437788a12180987c5ec5eeec925aa	True	unresolved	unresolved
sub-9	04	01	sub-9/ses-04/run-01/tsv-row-12	12	rest	1	86.772	5.0	21693	22943	sub-9/ses-04/eeg/sub-9_ses-04_task-imagery_run-01_eeg.edf	1250	True		sub-09	V	s	s	0	sub-09/ses-04/eeg/sub-09_ses-04_task-MotorImageryRest_run-01_eeg.vhdr	ee2d48eef9f2e17345d55615ade1e96c726437788a12180987c5ec5eeec925aa	True	unresolved	unresolved
sub-9	04	01	sub-9/ses-04/run-01/tsv-row-13	13	right_hand	2	93.672	5.0	23418	24668	sub-9/ses-04/eeg/sub-9_ses-04_task-imagery_run-01_eeg.edf	1250	True		sub-09	V	s	s	0	sub-09/ses-04/eeg/sub-09_ses-04_task-MotorImageryRest_run-01_eeg.vhdr	ee2d48eef9f2e17345d55615ade1e96c726437788a12180987c5ec5eeec925aa	True	unresolved	unresolved
sub-9	04	01	sub-9/ses-04/run-01/tsv-row-14	14	rest	1	100.544	5.0	25136	26386	sub-9/ses-04/eeg/sub-9_ses-04_task-imagery_run-01_eeg.edf	1250	True		sub-09	V	s	s	0	sub-09/ses-04/eeg/sub-09_ses-04_task-MotorImageryRest_run-01_eeg.vhdr	ee2d48eef9f2e17345d55615ade1e96c726437788a12180987c5ec5eeec925aa	True	unresolved	unresolved
sub-9	04	01	sub-9/ses-04/run-01/tsv-row-15	15	right_hand	2	107.428	5.0	26857	28107	sub-9/ses-04/eeg/sub-9_ses-04_task-imagery_run-01_eeg.edf	1250	True		sub-09	V	s	s	0	sub-09/ses-04/eeg/sub-09_ses-04_task-MotorImageryRest_run-01_eeg.vhdr	ee2d48eef9f2e17345d55615ade1e96c726437788a12180987c5ec5eeec925aa	True	unresolved	unresolved
sub-9	04	01	sub-9/ses-04/run-01/tsv-row-16	16	rest	1	114.32	5.0	28580	29830	sub-9/ses-04/eeg/sub-9_ses-04_task-imagery_run-01_eeg.edf	1250	True		sub-09	V	s	s	0	sub-09/ses-04/eeg/sub-09_ses-04_task-MotorImageryRest_run-01_eeg.vhdr	ee2d48eef9f2e17345d55615ade1e96c726437788a12180987c5ec5eeec925aa	True	unresolved	unresolved
sub-9	04	01	sub-9/ses-04/run-01/tsv-row-17	17	right_hand	2	121.22	5.0	30305	31555	sub-9/ses-04/eeg/sub-9_ses-04_task-imagery_run-01_eeg.edf	1250	True		sub-09	V	s	s	0	sub-09/ses-04/eeg/sub-09_ses-04_task-MotorImageryRest_run-01_eeg.vhdr	ee2d48eef9f2e17345d55615ade1e96c726437788a12180987c5ec5eeec925aa	True	unresolved	unresolved
sub-9	04	01	sub-9/ses-04/run-01/tsv-row-18	18	rest	1	128.092	5.0	32023	33273	sub-9/ses-04/eeg/sub-9_ses-04_task-imagery_run-01_eeg.edf	1250	True		sub-09	V	s	s	0	sub-09/ses-04/eeg/sub-09_ses-04_task-MotorImageryRest_run-01_eeg.vhdr	ee2d48eef9f2e17345d55615ade1e96c726437788a12180987c5ec5eeec925aa	True	unresolved	unresolved
sub-9	04	01	sub-9/ses-04/run-01/tsv-row-19	19	right_hand	2	134.976	5.0	33744	34994	sub-9/ses-04/eeg/sub-9_ses-04_task-imagery_run-01_eeg.edf	1250	True		sub-09	V	s	s	0	sub-09/ses-04/eeg/sub-09_ses-04_task-MotorImageryRest_run-01_eeg.vhdr	ee2d48eef9f2e17345d55615ade1e96c726437788a12180987c5ec5eeec925aa	True	unresolved	unresolved
sub-9	04	01	sub-9/ses-04/run-01/tsv-row-20	20	rest	1	141.884	5.0	35471	36721	sub-9/ses-04/eeg/sub-9_ses-04_task-imagery_run-01_eeg.edf	1250	True		sub-09	V	s	s	0	sub-09/ses-04/eeg/sub-09_ses-04_task-MotorImageryRest_run-01_eeg.vhdr	ee2d48eef9f2e17345d55615ade1e96c726437788a12180987c5ec5eeec925aa	True	unresolved	unresolved
sub-9	04	01	sub-9/ses-04/run-01/tsv-row-21	21	rest	1	148.768	5.0	37192	38442	sub-9/ses-04/eeg/sub-9_ses-04_task-imagery_run-01_eeg.edf	1250	True		sub-09	V	s	s	0	sub-09/ses-04/eeg/sub-09_ses-04_task-MotorImageryRest_run-01_eeg.vhdr	ee2d48eef9f2e17345d55615ade1e96c726437788a12180987c5ec5eeec925aa	True	unresolved	unresolved
sub-9	04	01	sub-9/ses-04/run-01/tsv-row-22	22	right_hand	2	155.636	5.0	38909	40159	sub-9/ses-04/eeg/sub-9_ses-04_task-imagery_run-01_eeg.edf	1250	True		sub-09	V	s	s	0	sub-09/ses-04/eeg/sub-09_ses-04_task-MotorImageryRest_run-01_eeg.vhdr	ee2d48eef9f2e17345d55615ade1e96c726437788a12180987c5ec5eeec925aa	True	unresolved	unresolved
sub-9	04	01	sub-9/ses-04/run-01/tsv-row-23	23	rest	1	162.544	5.0	40636	41886	sub-9/ses-04/eeg/sub-9_ses-04_task-imagery_run-01_eeg.edf	1250	True		sub-09	V	s	s	0	sub-09/ses-04/eeg/sub-09_ses-04_task-MotorImageryRest_run-01_eeg.vhdr	ee2d48eef9f2e17345d55615ade1e96c726437788a12180987c5ec5eeec925aa	True	unresolved	unresolved
sub-9	04	01	sub-9/ses-04/run-01/tsv-row-24	24	right_hand	2	169.428	5.0	42357	43607	sub-9/ses-04/eeg/sub-9_ses-04_task-imagery_run-01_eeg.edf	1250	True		sub-09	V	s	s	0	sub-09/ses-04/eeg/sub-09_ses-04_task-MotorImageryRest_run-01_eeg.vhdr	ee2d48eef9f2e17345d55615ade1e96c726437788a12180987c5ec5eeec925aa	True	unresolved	unresolved
sub-9	04	01	sub-9/ses-04/run-01/tsv-row-25	25	right_hand	2	176.312	5.0	44078	45328	sub-9/ses-04/eeg/sub-9_ses-04_task-imagery_run-01_eeg.edf	1250	True		sub-09	V	s	s	0	sub-09/ses-04/eeg/sub-09_ses-04_task-MotorImageryRest_run-01_eeg.vhdr	ee2d48eef9f2e17345d55615ade1e96c726437788a12180987c5ec5eeec925aa	True	unresolved	unresolved
sub-9	04	01	sub-9/ses-04/run-01/tsv-row-26	26	rest	1	183.204	5.0	45801	47051	sub-9/ses-04/eeg/sub-9_ses-04_task-imagery_run-01_eeg.edf	1250	True		sub-09	V	s	s	0	sub-09/ses-04/eeg/sub-09_ses-04_task-MotorImageryRest_run-01_eeg.vhdr	ee2d48eef9f2e17345d55615ade1e96c726437788a12180987c5ec5eeec925aa	True	unresolved	unresolved
sub-9	04	01	sub-9/ses-04/run-01/tsv-row-27	27	rest	1	190.088	5.0	47522	48772	sub-9/ses-04/eeg/sub-9_ses-04_task-imagery_run-01_eeg.edf	1250	True		sub-09	V	s	s	0	sub-09/ses-04/eeg/sub-09_ses-04_task-MotorImageryRest_run-01_eeg.vhdr	ee2d48eef9f2e17345d55615ade1e96c726437788a12180987c5ec5eeec925aa	True	unresolved	unresolved
sub-9	04	01	sub-9/ses-04/run-01/tsv-row-28	28	right_hand	2	196.976	5.0	49244	50494	sub-9/ses-04/eeg/sub-9_ses-04_task-imagery_run-01_eeg.edf	1250	True		sub-09	V	s	s	0	sub-09/ses-04/eeg/sub-09_ses-04_task-MotorImageryRest_run-01_eeg.vhdr	ee2d48eef9f2e17345d55615ade1e96c726437788a12180987c5ec5eeec925aa	True	unresolved	unresolved
sub-9	04	01	sub-9/ses-04/run-01/tsv-row-29	29	right_hand	2	203.876	5.0	50969	52219	sub-9/ses-04/eeg/sub-9_ses-04_task-imagery_run-01_eeg.edf	1250	True		sub-09	V	s	s	0	sub-09/ses-04/eeg/sub-09_ses-04_task-MotorImageryRest_run-01_eeg.vhdr	ee2d48eef9f2e17345d55615ade1e96c726437788a12180987c5ec5eeec925aa	True	unresolved	unresolved
sub-9	04	01	sub-9/ses-04/run-01/tsv-row-30	30	rest	1	210.752	5.0	52688	53938	sub-9/ses-04/eeg/sub-9_ses-04_task-imagery_run-01_eeg.edf	1250	True		sub-09	V	s	s	0	sub-09/ses-04/eeg/sub-09_ses-04_task-MotorImageryRest_run-01_eeg.vhdr	ee2d48eef9f2e17345d55615ade1e96c726437788a12180987c5ec5eeec925aa	True	unresolved	unresolved
sub-9	04	01	sub-9/ses-04/run-01/tsv-row-31	31	rest	1	217.636	5.0	54409	55659	sub-9/ses-04/eeg/sub-9_ses-04_task-imagery_run-01_eeg.edf	1250	True		sub-09	V	s	s	0	sub-09/ses-04/eeg/sub-09_ses-04_task-MotorImageryRest_run-01_eeg.vhdr	ee2d48eef9f2e17345d55615ade1e96c726437788a12180987c5ec5eeec925aa	True	unresolved	unresolved
sub-9	04	01	sub-9/ses-04/run-01/tsv-row-32	32	right_hand	2	224.536	5.0	56134	57384	sub-9/ses-04/eeg/sub-9_ses-04_task-imagery_run-01_eeg.edf	1250	True		sub-09	V	s	s	0	sub-09/ses-04/eeg/sub-09_ses-04_task-MotorImageryRest_run-01_eeg.vhdr	ee2d48eef9f2e17345d55615ade1e96c726437788a12180987c5ec5eeec925aa	True	unresolved	unresolved
sub-9	04	02	sub-9/ses-04/run-02/tsv-row-1	1	right_hand	2	8.536	5.0	2134	3384	sub-9/ses-04/eeg/sub-9_ses-04_task-imagery_run-02_eeg.edf	1250	True		sub-09	V	s	s	0	sub-09/ses-04/eeg/sub-09_ses-04_task-MotorImageryRest_run-02_eeg.vhdr	f5cdf930c985bbfc7455615186953b65d001e4fe4d603eee1443ce4f136c3244	True	unresolved	unresolved
sub-9	04	02	sub-9/ses-04/run-02/tsv-row-2	2	rest	1	15.428	5.0	3857	5107	sub-9/ses-04/eeg/sub-9_ses-04_task-imagery_run-02_eeg.edf	1250	True		sub-09	V	s	s	0	sub-09/ses-04/eeg/sub-09_ses-04_task-MotorImageryRest_run-02_eeg.vhdr	f5cdf930c985bbfc7455615186953b65d001e4fe4d603eee1443ce4f136c3244	True	unresolved	unresolved
sub-9	04	02	sub-9/ses-04/run-02/tsv-row-3	3	rest	1	22.316	5.0	5579	6829	sub-9/ses-04/eeg/sub-9_ses-04_task-imagery_run-02_eeg.edf	1250	True		sub-09	V	s	s	0	sub-09/ses-04/eeg/sub-09_ses-04_task-MotorImageryRest_run-02_eeg.vhdr	f5cdf930c985bbfc7455615186953b65d001e4fe4d603eee1443ce4f136c3244	True	unresolved	unresolved
sub-9	04	02	sub-9/ses-04/run-02/tsv-row-4	4	right_hand	2	29.2	5.0	7300	8550	sub-9/ses-04/eeg/sub-9_ses-04_task-imagery_run-02_eeg.edf	1250	True		sub-09	V	s	s	0	sub-09/ses-04/eeg/sub-09_ses-04_task-MotorImageryRest_run-02_eeg.vhdr	f5cdf930c985bbfc7455615186953b65d001e4fe4d603eee1443ce4f136c3244	True	unresolved	unresolved
sub-9	04	02	sub-9/ses-04/run-02/tsv-row-5	5	rest	1	36.088	5.0	9022	10272	sub-9/ses-04/eeg/sub-9_ses-04_task-imagery_run-02_eeg.edf	1250	True		sub-09	V	s	s	0	sub-09/ses-04/eeg/sub-09_ses-04_task-MotorImageryRest_run-02_eeg.vhdr	f5cdf930c985bbfc7455615186953b65d001e4fe4d603eee1443ce4f136c3244	True	unresolved	unresolved
sub-9	04	02	sub-9/ses-04/run-02/tsv-row-6	6	right_hand	2	42.988	5.0	10747	11997	sub-9/ses-04/eeg/sub-9_ses-04_task-imagery_run-02_eeg.edf	1250	True		sub-09	V	s	s	0	sub-09/ses-04/eeg/sub-09_ses-04_task-MotorImageryRest_run-02_eeg.vhdr	f5cdf930c985bbfc7455615186953b65d001e4fe4d603eee1443ce4f136c3244	True	unresolved	unresolved
sub-9	04	02	sub-9/ses-04/run-02/tsv-row-7	7	rest	1	49.86	5.0	12465	13715	sub-9/ses-04/eeg/sub-9_ses-04_task-imagery_run-02_eeg.edf	1250	True		sub-09	V	s	s	0	sub-09/ses-04/eeg/sub-09_ses-04_task-MotorImageryRest_run-02_eeg.vhdr	f5cdf930c985bbfc7455615186953b65d001e4fe4d603eee1443ce4f136c3244	True	unresolved	unresolved
sub-9	04	02	sub-9/ses-04/run-02/tsv-row-8	8	right_hand	2	56.748	5.0	14187	15437	sub-9/ses-04/eeg/sub-9_ses-04_task-imagery_run-02_eeg.edf	1250	True		sub-09	V	s	s	0	sub-09/ses-04/eeg/sub-09_ses-04_task-MotorImageryRest_run-02_eeg.vhdr	f5cdf930c985bbfc7455615186953b65d001e4fe4d603eee1443ce4f136c3244	True	unresolved	unresolved
sub-9	04	02	sub-9/ses-04/run-02/tsv-row-9	9	right_hand	2	63.648	5.0	15912	17162	sub-9/ses-04/eeg/sub-9_ses-04_task-imagery_run-02_eeg.edf	1250	True		sub-09	V	s	s	0	sub-09/ses-04/eeg/sub-09_ses-04_task-MotorImageryRest_run-02_eeg.vhdr	f5cdf930c985bbfc7455615186953b65d001e4fe4d603eee1443ce4f136c3244	True	unresolved	unresolved
sub-9	04	02	sub-9/ses-04/run-02/tsv-row-10	10	rest	1	70.54	5.0	17635	18885	sub-9/ses-04/eeg/sub-9_ses-04_task-imagery_run-02_eeg.edf	1250	True		sub-09	V	s	s	0	sub-09/ses-04/eeg/sub-09_ses-04_task-MotorImageryRest_run-02_eeg.vhdr	f5cdf930c985bbfc7455615186953b65d001e4fe4d603eee1443ce4f136c3244	True	unresolved	unresolved
sub-9	04	02	sub-9/ses-04/run-02/tsv-row-11	11	right_hand	2	77.408	5.0	19352	20602	sub-9/ses-04/eeg/sub-9_ses-04_task-imagery_run-02_eeg.edf	1250	True		sub-09	V	s	s	0	sub-09/ses-04/eeg/sub-09_ses-04_task-MotorImageryRest_run-02_eeg.vhdr	f5cdf930c985bbfc7455615186953b65d001e4fe4d603eee1443ce4f136c3244	True	unresolved	unresolved
sub-9	04	02	sub-9/ses-04/run-02/tsv-row-12	12	rest	1	84.312	5.0	21078	22328	sub-9/ses-04/eeg/sub-9_ses-04_task-imagery_run-02_eeg.edf	1250	True		sub-09	V	s	s	0	sub-09/ses-04/eeg/sub-09_ses-04_task-MotorImageryRest_run-02_eeg.vhdr	f5cdf930c985bbfc7455615186953b65d001e4fe4d603eee1443ce4f136c3244	True	unresolved	unresolved
sub-9	04	02	sub-9/ses-04/run-02/tsv-row-13	13	right_hand	2	91.196	5.0	22799	24049	sub-9/ses-04/eeg/sub-9_ses-04_task-imagery_run-02_eeg.edf	1250	True		sub-09	V	s	s	0	sub-09/ses-04/eeg/sub-09_ses-04_task-MotorImageryRest_run-02_eeg.vhdr	f5cdf930c985bbfc7455615186953b65d001e4fe4d603eee1443ce4f136c3244	True	unresolved	unresolved
sub-9	04	02	sub-9/ses-04/run-02/tsv-row-14	14	rest	1	98.088	5.0	24522	25772	sub-9/ses-04/eeg/sub-9_ses-04_task-imagery_run-02_eeg.edf	1250	True		sub-09	V	s	s	0	sub-09/ses-04/eeg/sub-09_ses-04_task-MotorImageryRest_run-02_eeg.vhdr	f5cdf930c985bbfc7455615186953b65d001e4fe4d603eee1443ce4f136c3244	True	unresolved	unresolved
sub-9	04	02	sub-9/ses-04/run-02/tsv-row-15	15	rest	1	104.972	5.0	26243	27493	sub-9/ses-04/eeg/sub-9_ses-04_task-imagery_run-02_eeg.edf	1250	True		sub-09	V	s	s	0	sub-09/ses-04/eeg/sub-09_ses-04_task-MotorImageryRest_run-02_eeg.vhdr	f5cdf930c985bbfc7455615186953b65d001e4fe4d603eee1443ce4f136c3244	True	unresolved	unresolved
sub-9	04	02	sub-9/ses-04/run-02/tsv-row-16	16	right_hand	2	111.856	5.0	27964	29214	sub-9/ses-04/eeg/sub-9_ses-04_task-imagery_run-02_eeg.edf	1250	True		sub-09	V	s	s	0	sub-09/ses-04/eeg/sub-09_ses-04_task-MotorImageryRest_run-02_eeg.vhdr	f5cdf930c985bbfc7455615186953b65d001e4fe4d603eee1443ce4f136c3244	True	unresolved	unresolved
sub-9	04	02	sub-9/ses-04/run-02/tsv-row-17	17	rest	1	118.748	5.0	29687	30937	sub-9/ses-04/eeg/sub-9_ses-04_task-imagery_run-02_eeg.edf	1250	True		sub-09	V	s	s	0	sub-09/ses-04/eeg/sub-09_ses-04_task-MotorImageryRest_run-02_eeg.vhdr	f5cdf930c985bbfc7455615186953b65d001e4fe4d603eee1443ce4f136c3244	True	unresolved	unresolved
sub-9	04	02	sub-9/ses-04/run-02/tsv-row-18	18	right_hand	2	125.648	5.0	31412	32662	sub-9/ses-04/eeg/sub-9_ses-04_task-imagery_run-02_eeg.edf	1250	True		sub-09	V	s	s	0	sub-09/ses-04/eeg/sub-09_ses-04_task-MotorImageryRest_run-02_eeg.vhdr	f5cdf930c985bbfc7455615186953b65d001e4fe4d603eee1443ce4f136c3244	True	unresolved	unresolved
sub-9	04	02	sub-9/ses-04/run-02/tsv-row-19	19	rest	1	132.52	5.0	33130	34380	sub-9/ses-04/eeg/sub-9_ses-04_task-imagery_run-02_eeg.edf	1250	True		sub-09	V	s	s	0	sub-09/ses-04/eeg/sub-09_ses-04_task-MotorImageryRest_run-02_eeg.vhdr	f5cdf930c985bbfc7455615186953b65d001e4fe4d603eee1443ce4f136c3244	True	unresolved	unresolved
sub-9	04	02	sub-9/ses-04/run-02/tsv-row-20	20	right_hand	2	139.404	5.0	34851	36101	sub-9/ses-04/eeg/sub-9_ses-04_task-imagery_run-02_eeg.edf	1250	True		sub-09	V	s	s	0	sub-09/ses-04/eeg/sub-09_ses-04_task-MotorImageryRest_run-02_eeg.vhdr	f5cdf930c985bbfc7455615186953b65d001e4fe4d603eee1443ce4f136c3244	True	unresolved	unresolved
sub-9	04	02	sub-9/ses-04/run-02/tsv-row-21	21	rest	1	146.292	5.0	36573	37823	sub-9/ses-04/eeg/sub-9_ses-04_task-imagery_run-02_eeg.edf	1250	True		sub-09	V	s	s	0	sub-09/ses-04/eeg/sub-09_ses-04_task-MotorImageryRest_run-02_eeg.vhdr	f5cdf930c985bbfc7455615186953b65d001e4fe4d603eee1443ce4f136c3244	True	unresolved	unresolved
sub-9	04	02	sub-9/ses-04/run-02/tsv-row-22	22	right_hand	2	153.196	5.0	38299	39549	sub-9/ses-04/eeg/sub-9_ses-04_task-imagery_run-02_eeg.edf	1250	True		sub-09	V	s	s	0	sub-09/ses-04/eeg/sub-09_ses-04_task-MotorImageryRest_run-02_eeg.vhdr	f5cdf930c985bbfc7455615186953b65d001e4fe4d603eee1443ce4f136c3244	True	unresolved	unresolved
sub-9	04	02	sub-9/ses-04/run-02/tsv-row-23	23	right_hand	2	160.064	5.0	40016	41266	sub-9/ses-04/eeg/sub-9_ses-04_task-imagery_run-02_eeg.edf	1250	True		sub-09	V	s	s	0	sub-09/ses-04/eeg/sub-09_ses-04_task-MotorImageryRest_run-02_eeg.vhdr	f5cdf930c985bbfc7455615186953b65d001e4fe4d603eee1443ce4f136c3244	True	unresolved	unresolved
sub-9	04	02	sub-9/ses-04/run-02/tsv-row-24	24	rest	1	166.956	5.0	41739	42989	sub-9/ses-04/eeg/sub-9_ses-04_task-imagery_run-02_eeg.edf	1250	True		sub-09	V	s	s	0	sub-09/ses-04/eeg/sub-09_ses-04_task-MotorImageryRest_run-02_eeg.vhdr	f5cdf930c985bbfc7455615186953b65d001e4fe4d603eee1443ce4f136c3244	True	unresolved	unresolved
sub-9	04	02	sub-9/ses-04/run-02/tsv-row-25	25	right_hand	2	173.856	5.0	43464	44714	sub-9/ses-04/eeg/sub-9_ses-04_task-imagery_run-02_eeg.edf	1250	True		sub-09	V	s	s	0	sub-09/ses-04/eeg/sub-09_ses-04_task-MotorImageryRest_run-02_eeg.vhdr	f5cdf930c985bbfc7455615186953b65d001e4fe4d603eee1443ce4f136c3244	True	unresolved	unresolved
sub-9	04	02	sub-9/ses-04/run-02/tsv-row-26	26	rest	1	180.744	5.0	45186	46436	sub-9/ses-04/eeg/sub-9_ses-04_task-imagery_run-02_eeg.edf	1250	True		sub-09	V	s	s	0	sub-09/ses-04/eeg/sub-09_ses-04_task-MotorImageryRest_run-02_eeg.vhdr	f5cdf930c985bbfc7455615186953b65d001e4fe4d603eee1443ce4f136c3244	True	unresolved	unresolved
sub-9	04	02	sub-9/ses-04/run-02/tsv-row-27	27	right_hand	2	187.612	5.0	46903	48153	sub-9/ses-04/eeg/sub-9_ses-04_task-imagery_run-02_eeg.edf	1250	True		sub-09	V	s	s	0	sub-09/ses-04/eeg/sub-09_ses-04_task-MotorImageryRest_run-02_eeg.vhdr	f5cdf930c985bbfc7455615186953b65d001e4fe4d603eee1443ce4f136c3244	True	unresolved	unresolved
sub-9	04	02	sub-9/ses-04/run-02/tsv-row-28	28	rest	1	194.52	5.0	48630	49880	sub-9/ses-04/eeg/sub-9_ses-04_task-imagery_run-02_eeg.edf	1250	True		sub-09	V	s	s	0	sub-09/ses-04/eeg/sub-09_ses-04_task-MotorImageryRest_run-02_eeg.vhdr	f5cdf930c985bbfc7455615186953b65d001e4fe4d603eee1443ce4f136c3244	True	unresolved	unresolved
sub-9	04	02	sub-9/ses-04/run-02/tsv-row-29	29	right_hand	2	201.404	5.0	50351	51601	sub-9/ses-04/eeg/sub-9_ses-04_task-imagery_run-02_eeg.edf	1250	True		sub-09	V	s	s	0	sub-09/ses-04/eeg/sub-09_ses-04_task-MotorImageryRest_run-02_eeg.vhdr	f5cdf930c985bbfc7455615186953b65d001e4fe4d603eee1443ce4f136c3244	True	unresolved	unresolved
sub-9	04	02	sub-9/ses-04/run-02/tsv-row-30	30	rest	1	208.292	5.0	52073	53323	sub-9/ses-04/eeg/sub-9_ses-04_task-imagery_run-02_eeg.edf	1250	True		sub-09	V	s	s	0	sub-09/ses-04/eeg/sub-09_ses-04_task-MotorImageryRest_run-02_eeg.vhdr	f5cdf930c985bbfc7455615186953b65d001e4fe4d603eee1443ce4f136c3244	True	unresolved	unresolved
sub-9	04	02	sub-9/ses-04/run-02/tsv-row-31	31	right_hand	2	215.176	5.0	53794	55044	sub-9/ses-04/eeg/sub-9_ses-04_task-imagery_run-02_eeg.edf	1250	True		sub-09	V	s	s	0	sub-09/ses-04/eeg/sub-09_ses-04_task-MotorImageryRest_run-02_eeg.vhdr	f5cdf930c985bbfc7455615186953b65d001e4fe4d603eee1443ce4f136c3244	True	unresolved	unresolved
sub-9	04	02	sub-9/ses-04/run-02/tsv-row-32	32	rest	1	222.064	5.0	55516	56766	sub-9/ses-04/eeg/sub-9_ses-04_task-imagery_run-02_eeg.edf	1250	True		sub-09	V	s	s	0	sub-09/ses-04/eeg/sub-09_ses-04_task-MotorImageryRest_run-02_eeg.vhdr	f5cdf930c985bbfc7455615186953b65d001e4fe4d603eee1443ce4f136c3244	True	unresolved	unresolved
sub-9	04	03	sub-9/ses-04/run-03/tsv-row-1	1	right_hand	2	2.64	5.0	660	1910	sub-9/ses-04/eeg/sub-9_ses-04_task-imagery_run-03_eeg.edf	1250	True		sub-09	V	s	s	0	sub-09/ses-04/eeg/sub-09_ses-04_task-MotorImageryRest_run-03_eeg.vhdr	ee12f01c7f4e830387b3b8d766c0af985e34aaf648c1ff779a119e13a484cdca	True	unresolved	unresolved
sub-9	04	03	sub-9/ses-04/run-03/tsv-row-2	2	rest	1	9.548	5.0	2387	3637	sub-9/ses-04/eeg/sub-9_ses-04_task-imagery_run-03_eeg.edf	1250	True		sub-09	V	s	s	0	sub-09/ses-04/eeg/sub-09_ses-04_task-MotorImageryRest_run-03_eeg.vhdr	ee12f01c7f4e830387b3b8d766c0af985e34aaf648c1ff779a119e13a484cdca	True	unresolved	unresolved
sub-9	04	03	sub-9/ses-04/run-03/tsv-row-3	3	right_hand	2	16.436	5.0	4109	5359	sub-9/ses-04/eeg/sub-9_ses-04_task-imagery_run-03_eeg.edf	1250	True		sub-09	V	s	s	0	sub-09/ses-04/eeg/sub-09_ses-04_task-MotorImageryRest_run-03_eeg.vhdr	ee12f01c7f4e830387b3b8d766c0af985e34aaf648c1ff779a119e13a484cdca	True	unresolved	unresolved
sub-9	04	03	sub-9/ses-04/run-03/tsv-row-4	4	rest	1	23.324	5.0	5831	7081	sub-9/ses-04/eeg/sub-9_ses-04_task-imagery_run-03_eeg.edf	1250	True		sub-09	V	s	s	0	sub-09/ses-04/eeg/sub-09_ses-04_task-MotorImageryRest_run-03_eeg.vhdr	ee12f01c7f4e830387b3b8d766c0af985e34aaf648c1ff779a119e13a484cdca	True	unresolved	unresolved
sub-9	04	03	sub-9/ses-04/run-03/tsv-row-5	5	right_hand	2	30.208	5.0	7552	8802	sub-9/ses-04/eeg/sub-9_ses-04_task-imagery_run-03_eeg.edf	1250	True		sub-09	V	s	s	0	sub-09/ses-04/eeg/sub-09_ses-04_task-MotorImageryRest_run-03_eeg.vhdr	ee12f01c7f4e830387b3b8d766c0af985e34aaf648c1ff779a119e13a484cdca	True	unresolved	unresolved
sub-9	04	03	sub-9/ses-04/run-03/tsv-row-6	6	rest	1	37.096	5.0	9274	10524	sub-9/ses-04/eeg/sub-9_ses-04_task-imagery_run-03_eeg.edf	1250	True		sub-09	V	s	s	0	sub-09/ses-04/eeg/sub-09_ses-04_task-MotorImageryRest_run-03_eeg.vhdr	ee12f01c7f4e830387b3b8d766c0af985e34aaf648c1ff779a119e13a484cdca	True	unresolved	unresolved
sub-9	04	03	sub-9/ses-04/run-03/tsv-row-7	7	right_hand	2	43.98	5.0	10995	12245	sub-9/ses-04/eeg/sub-9_ses-04_task-imagery_run-03_eeg.edf	1250	True		sub-09	V	s	s	0	sub-09/ses-04/eeg/sub-09_ses-04_task-MotorImageryRest_run-03_eeg.vhdr	ee12f01c7f4e830387b3b8d766c0af985e34aaf648c1ff779a119e13a484cdca	True	unresolved	unresolved
sub-9	04	03	sub-9/ses-04/run-03/tsv-row-8	8	rest	1	50.888	5.0	12722	13972	sub-9/ses-04/eeg/sub-9_ses-04_task-imagery_run-03_eeg.edf	1250	True		sub-09	V	s	s	0	sub-09/ses-04/eeg/sub-09_ses-04_task-MotorImageryRest_run-03_eeg.vhdr	ee12f01c7f4e830387b3b8d766c0af985e34aaf648c1ff779a119e13a484cdca	True	unresolved	unresolved
sub-9	04	03	sub-9/ses-04/run-03/tsv-row-9	9	right_hand	2	57.756	5.0	14439	15689	sub-9/ses-04/eeg/sub-9_ses-04_task-imagery_run-03_eeg.edf	1250	True		sub-09	V	s	s	0	sub-09/ses-04/eeg/sub-09_ses-04_task-MotorImageryRest_run-03_eeg.vhdr	ee12f01c7f4e830387b3b8d766c0af985e34aaf648c1ff779a119e13a484cdca	True	unresolved	unresolved
sub-9	04	03	sub-9/ses-04/run-03/tsv-row-10	10	rest	1	64.644	5.0	16161	17411	sub-9/ses-04/eeg/sub-9_ses-04_task-imagery_run-03_eeg.edf	1250	True		sub-09	V	s	s	0	sub-09/ses-04/eeg/sub-09_ses-04_task-MotorImageryRest_run-03_eeg.vhdr	ee12f01c7f4e830387b3b8d766c0af985e34aaf648c1ff779a119e13a484cdca	True	unresolved	unresolved
sub-9	04	03	sub-9/ses-04/run-03/tsv-row-11	11	right_hand	2	71.544	5.0	17886	19136	sub-9/ses-04/eeg/sub-9_ses-04_task-imagery_run-03_eeg.edf	1250	True		sub-09	V	s	s	0	sub-09/ses-04/eeg/sub-09_ses-04_task-MotorImageryRest_run-03_eeg.vhdr	ee12f01c7f4e830387b3b8d766c0af985e34aaf648c1ff779a119e13a484cdca	True	unresolved	unresolved
sub-9	04	03	sub-9/ses-04/run-03/tsv-row-12	12	rest	1	78.436	5.0	19609	20859	sub-9/ses-04/eeg/sub-9_ses-04_task-imagery_run-03_eeg.edf	1250	True		sub-09	V	s	s	0	sub-09/ses-04/eeg/sub-09_ses-04_task-MotorImageryRest_run-03_eeg.vhdr	ee12f01c7f4e830387b3b8d766c0af985e34aaf648c1ff779a119e13a484cdca	True	unresolved	unresolved
sub-9	04	03	sub-9/ses-04/run-03/tsv-row-13	13	right_hand	2	85.304	5.0	21326	22576	sub-9/ses-04/eeg/sub-9_ses-04_task-imagery_run-03_eeg.edf	1250	True		sub-09	V	s	s	0	sub-09/ses-04/eeg/sub-09_ses-04_task-MotorImageryRest_run-03_eeg.vhdr	ee12f01c7f4e830387b3b8d766c0af985e34aaf648c1ff779a119e13a484cdca	True	unresolved	unresolved
sub-9	04	03	sub-9/ses-04/run-03/tsv-row-14	14	rest	1	92.208	5.0	23052	24302	sub-9/ses-04/eeg/sub-9_ses-04_task-imagery_run-03_eeg.edf	1250	True		sub-09	V	s	s	0	sub-09/ses-04/eeg/sub-09_ses-04_task-MotorImageryRest_run-03_eeg.vhdr	ee12f01c7f4e830387b3b8d766c0af985e34aaf648c1ff779a119e13a484cdca	True	unresolved	unresolved
sub-9	04	03	sub-9/ses-04/run-03/tsv-row-15	15	right_hand	2	99.092	5.0	24773	26023	sub-9/ses-04/eeg/sub-9_ses-04_task-imagery_run-03_eeg.edf	1250	True		sub-09	V	s	s	0	sub-09/ses-04/eeg/sub-09_ses-04_task-MotorImageryRest_run-03_eeg.vhdr	ee12f01c7f4e830387b3b8d766c0af985e34aaf648c1ff779a119e13a484cdca	True	unresolved	unresolved
sub-9	04	03	sub-9/ses-04/run-03/tsv-row-16	16	rest	1	105.98	5.0	26495	27745	sub-9/ses-04/eeg/sub-9_ses-04_task-imagery_run-03_eeg.edf	1250	True		sub-09	V	s	s	0	sub-09/ses-04/eeg/sub-09_ses-04_task-MotorImageryRest_run-03_eeg.vhdr	ee12f01c7f4e830387b3b8d766c0af985e34aaf648c1ff779a119e13a484cdca	True	unresolved	unresolved
sub-9	04	03	sub-9/ses-04/run-03/tsv-row-17	17	right_hand	2	112.868	5.0	28217	29467	sub-9/ses-04/eeg/sub-9_ses-04_task-imagery_run-03_eeg.edf	1250	True		sub-09	V	s	s	0	sub-09/ses-04/eeg/sub-09_ses-04_task-MotorImageryRest_run-03_eeg.vhdr	ee12f01c7f4e830387b3b8d766c0af985e34aaf648c1ff779a119e13a484cdca	True	unresolved	unresolved
sub-9	04	03	sub-9/ses-04/run-03/tsv-row-18	18	rest	1	119.756	5.0	29939	31189	sub-9/ses-04/eeg/sub-9_ses-04_task-imagery_run-03_eeg.edf	1250	True		sub-09	V	s	s	0	sub-09/ses-04/eeg/sub-09_ses-04_task-MotorImageryRest_run-03_eeg.vhdr	ee12f01c7f4e830387b3b8d766c0af985e34aaf648c1ff779a119e13a484cdca	True	unresolved	unresolved
sub-9	04	03	sub-9/ses-04/run-03/tsv-row-19	19	rest	1	126.644	5.0	31661	32911	sub-9/ses-04/eeg/sub-9_ses-04_task-imagery_run-03_eeg.edf	1250	True		sub-09	V	s	s	0	sub-09/ses-04/eeg/sub-09_ses-04_task-MotorImageryRest_run-03_eeg.vhdr	ee12f01c7f4e830387b3b8d766c0af985e34aaf648c1ff779a119e13a484cdca	True	unresolved	unresolved
sub-9	04	03	sub-9/ses-04/run-03/tsv-row-20	20	right_hand	2	133.544	5.0	33386	34636	sub-9/ses-04/eeg/sub-9_ses-04_task-imagery_run-03_eeg.edf	1250	True		sub-09	V	s	s	0	sub-09/ses-04/eeg/sub-09_ses-04_task-MotorImageryRest_run-03_eeg.vhdr	ee12f01c7f4e830387b3b8d766c0af985e34aaf648c1ff779a119e13a484cdca	True	unresolved	unresolved
sub-9	04	03	sub-9/ses-04/run-03/tsv-row-21	21	rest	1	140.416	5.0	35104	36354	sub-9/ses-04/eeg/sub-9_ses-04_task-imagery_run-03_eeg.edf	1250	True		sub-09	V	s	s	0	sub-09/ses-04/eeg/sub-09_ses-04_task-MotorImageryRest_run-03_eeg.vhdr	ee12f01c7f4e830387b3b8d766c0af985e34aaf648c1ff779a119e13a484cdca	True	unresolved	unresolved
sub-9	04	03	sub-9/ses-04/run-03/tsv-row-22	22	right_hand	2	147.3	5.0	36825	38075	sub-9/ses-04/eeg/sub-9_ses-04_task-imagery_run-03_eeg.edf	1250	True		sub-09	V	s	s	0	sub-09/ses-04/eeg/sub-09_ses-04_task-MotorImageryRest_run-03_eeg.vhdr	ee12f01c7f4e830387b3b8d766c0af985e34aaf648c1ff779a119e13a484cdca	True	unresolved	unresolved
sub-9	04	03	sub-9/ses-04/run-03/tsv-row-23	23	right_hand	2	154.204	5.0	38551	39801	sub-9/ses-04/eeg/sub-9_ses-04_task-imagery_run-03_eeg.edf	1250	True		sub-09	V	s	s	0	sub-09/ses-04/eeg/sub-09_ses-04_task-MotorImageryRest_run-03_eeg.vhdr	ee12f01c7f4e830387b3b8d766c0af985e34aaf648c1ff779a119e13a484cdca	True	unresolved	unresolved
sub-9	04	03	sub-9/ses-04/run-03/tsv-row-24	24	rest	1	161.092	5.0	40273	41523	sub-9/ses-04/eeg/sub-9_ses-04_task-imagery_run-03_eeg.edf	1250	True		sub-09	V	s	s	0	sub-09/ses-04/eeg/sub-09_ses-04_task-MotorImageryRest_run-03_eeg.vhdr	ee12f01c7f4e830387b3b8d766c0af985e34aaf648c1ff779a119e13a484cdca	True	unresolved	unresolved
sub-9	04	03	sub-9/ses-04/run-03/tsv-row-25	25	rest	1	167.964	5.0	41991	43241	sub-9/ses-04/eeg/sub-9_ses-04_task-imagery_run-03_eeg.edf	1250	True		sub-09	V	s	s	0	sub-09/ses-04/eeg/sub-09_ses-04_task-MotorImageryRest_run-03_eeg.vhdr	ee12f01c7f4e830387b3b8d766c0af985e34aaf648c1ff779a119e13a484cdca	True	unresolved	unresolved
sub-9	04	03	sub-9/ses-04/run-03/tsv-row-26	26	right_hand	2	174.848	5.0	43712	44962	sub-9/ses-04/eeg/sub-9_ses-04_task-imagery_run-03_eeg.edf	1250	True		sub-09	V	s	s	0	sub-09/ses-04/eeg/sub-09_ses-04_task-MotorImageryRest_run-03_eeg.vhdr	ee12f01c7f4e830387b3b8d766c0af985e34aaf648c1ff779a119e13a484cdca	True	unresolved	unresolved
sub-9	04	03	sub-9/ses-04/run-03/tsv-row-27	27	rest	1	181.752	5.0	45438	46688	sub-9/ses-04/eeg/sub-9_ses-04_task-imagery_run-03_eeg.edf	1250	True		sub-09	V	s	s	0	sub-09/ses-04/eeg/sub-09_ses-04_task-MotorImageryRest_run-03_eeg.vhdr	ee12f01c7f4e830387b3b8d766c0af985e34aaf648c1ff779a119e13a484cdca	True	unresolved	unresolved
sub-9	04	03	sub-9/ses-04/run-03/tsv-row-28	28	right_hand	2	188.636	5.0	47159	48409	sub-9/ses-04/eeg/sub-9_ses-04_task-imagery_run-03_eeg.edf	1250	True		sub-09	V	s	s	0	sub-09/ses-04/eeg/sub-09_ses-04_task-MotorImageryRest_run-03_eeg.vhdr	ee12f01c7f4e830387b3b8d766c0af985e34aaf648c1ff779a119e13a484cdca	True	unresolved	unresolved
sub-9	04	03	sub-9/ses-04/run-03/tsv-row-29	29	right_hand	2	195.508	5.0	48877	50127	sub-9/ses-04/eeg/sub-9_ses-04_task-imagery_run-03_eeg.edf	1250	True		sub-09	V	s	s	0	sub-09/ses-04/eeg/sub-09_ses-04_task-MotorImageryRest_run-03_eeg.vhdr	ee12f01c7f4e830387b3b8d766c0af985e34aaf648c1ff779a119e13a484cdca	True	unresolved	unresolved
sub-9	04	03	sub-9/ses-04/run-03/tsv-row-30	30	rest	1	202.412	5.0	50603	51853	sub-9/ses-04/eeg/sub-9_ses-04_task-imagery_run-03_eeg.edf	1250	True		sub-09	V	s	s	0	sub-09/ses-04/eeg/sub-09_ses-04_task-MotorImageryRest_run-03_eeg.vhdr	ee12f01c7f4e830387b3b8d766c0af985e34aaf648c1ff779a119e13a484cdca	True	unresolved	unresolved
sub-9	04	03	sub-9/ses-04/run-03/tsv-row-31	31	right_hand	2	209.3	5.0	52325	53575	sub-9/ses-04/eeg/sub-9_ses-04_task-imagery_run-03_eeg.edf	1250	True		sub-09	V	s	s	0	sub-09/ses-04/eeg/sub-09_ses-04_task-MotorImageryRest_run-03_eeg.vhdr	ee12f01c7f4e830387b3b8d766c0af985e34aaf648c1ff779a119e13a484cdca	True	unresolved	unresolved
sub-9	04	03	sub-9/ses-04/run-03/tsv-row-32	32	rest	1	216.188	5.0	54047	55297	sub-9/ses-04/eeg/sub-9_ses-04_task-imagery_run-03_eeg.edf	1250	True		sub-09	V	s	s	0	sub-09/ses-04/eeg/sub-09_ses-04_task-MotorImageryRest_run-03_eeg.vhdr	ee12f01c7f4e830387b3b8d766c0af985e34aaf648c1ff779a119e13a484cdca	True	unresolved	unresolved
sub-9	04	04	sub-9/ses-04/run-04/tsv-row-1	1	rest	1	9.608	5.0	2402	3652	sub-9/ses-04/eeg/sub-9_ses-04_task-imagery_run-04_eeg.edf	1250	True		sub-09	V	s	s	0	sub-09/ses-04/eeg/sub-09_ses-04_task-MotorImageryRest_run-04_eeg.vhdr	4d298e09c266de9a2046cb7c39917082c3035d62ca4e5fd1283cc47a993543f2	True	unresolved	unresolved
sub-9	04	04	sub-9/ses-04/run-04/tsv-row-2	2	right_hand	2	16.492	5.0	4123	5373	sub-9/ses-04/eeg/sub-9_ses-04_task-imagery_run-04_eeg.edf	1250	True		sub-09	V	s	s	0	sub-09/ses-04/eeg/sub-09_ses-04_task-MotorImageryRest_run-04_eeg.vhdr	4d298e09c266de9a2046cb7c39917082c3035d62ca4e5fd1283cc47a993543f2	True	unresolved	unresolved
sub-9	04	04	sub-9/ses-04/run-04/tsv-row-3	3	rest	1	23.368	5.0	5842	7092	sub-9/ses-04/eeg/sub-9_ses-04_task-imagery_run-04_eeg.edf	1250	True		sub-09	V	s	s	0	sub-09/ses-04/eeg/sub-09_ses-04_task-MotorImageryRest_run-04_eeg.vhdr	4d298e09c266de9a2046cb7c39917082c3035d62ca4e5fd1283cc47a993543f2	True	unresolved	unresolved
sub-9	04	04	sub-9/ses-04/run-04/tsv-row-4	4	right_hand	2	30.268	5.0	7567	8817	sub-9/ses-04/eeg/sub-9_ses-04_task-imagery_run-04_eeg.edf	1250	True		sub-09	V	s	s	0	sub-09/ses-04/eeg/sub-09_ses-04_task-MotorImageryRest_run-04_eeg.vhdr	4d298e09c266de9a2046cb7c39917082c3035d62ca4e5fd1283cc47a993543f2	True	unresolved	unresolved
sub-9	04	04	sub-9/ses-04/run-04/tsv-row-5	5	right_hand	2	37.156	5.0	9289	10539	sub-9/ses-04/eeg/sub-9_ses-04_task-imagery_run-04_eeg.edf	1250	True		sub-09	V	s	s	0	sub-09/ses-04/eeg/sub-09_ses-04_task-MotorImageryRest_run-04_eeg.vhdr	4d298e09c266de9a2046cb7c39917082c3035d62ca4e5fd1283cc47a993543f2	True	unresolved	unresolved
sub-9	04	04	sub-9/ses-04/run-04/tsv-row-6	6	rest	1	44.044	5.0	11011	12261	sub-9/ses-04/eeg/sub-9_ses-04_task-imagery_run-04_eeg.edf	1250	True		sub-09	V	s	s	0	sub-09/ses-04/eeg/sub-09_ses-04_task-MotorImageryRest_run-04_eeg.vhdr	4d298e09c266de9a2046cb7c39917082c3035d62ca4e5fd1283cc47a993543f2	True	unresolved	unresolved
sub-9	04	04	sub-9/ses-04/run-04/tsv-row-7	7	right_hand	2	50.928	5.0	12732	13982	sub-9/ses-04/eeg/sub-9_ses-04_task-imagery_run-04_eeg.edf	1250	True		sub-09	V	s	s	0	sub-09/ses-04/eeg/sub-09_ses-04_task-MotorImageryRest_run-04_eeg.vhdr	4d298e09c266de9a2046cb7c39917082c3035d62ca4e5fd1283cc47a993543f2	True	unresolved	unresolved
sub-9	04	04	sub-9/ses-04/run-04/tsv-row-8	8	rest	1	57.816	5.0	14454	15704	sub-9/ses-04/eeg/sub-9_ses-04_task-imagery_run-04_eeg.edf	1250	True		sub-09	V	s	s	0	sub-09/ses-04/eeg/sub-09_ses-04_task-MotorImageryRest_run-04_eeg.vhdr	4d298e09c266de9a2046cb7c39917082c3035d62ca4e5fd1283cc47a993543f2	True	unresolved	unresolved
sub-9	04	04	sub-9/ses-04/run-04/tsv-row-9	9	right_hand	2	64.7	5.0	16175	17425	sub-9/ses-04/eeg/sub-9_ses-04_task-imagery_run-04_eeg.edf	1250	True		sub-09	V	s	s	0	sub-09/ses-04/eeg/sub-09_ses-04_task-MotorImageryRest_run-04_eeg.vhdr	4d298e09c266de9a2046cb7c39917082c3035d62ca4e5fd1283cc47a993543f2	True	unresolved	unresolved
sub-9	04	04	sub-9/ses-04/run-04/tsv-row-10	10	rest	1	71.608	5.0	17902	19152	sub-9/ses-04/eeg/sub-9_ses-04_task-imagery_run-04_eeg.edf	1250	True		sub-09	V	s	s	0	sub-09/ses-04/eeg/sub-09_ses-04_task-MotorImageryRest_run-04_eeg.vhdr	4d298e09c266de9a2046cb7c39917082c3035d62ca4e5fd1283cc47a993543f2	True	unresolved	unresolved
sub-9	04	04	sub-9/ses-04/run-04/tsv-row-11	11	rest	1	78.496	5.0	19624	20874	sub-9/ses-04/eeg/sub-9_ses-04_task-imagery_run-04_eeg.edf	1250	True		sub-09	V	s	s	0	sub-09/ses-04/eeg/sub-09_ses-04_task-MotorImageryRest_run-04_eeg.vhdr	4d298e09c266de9a2046cb7c39917082c3035d62ca4e5fd1283cc47a993543f2	True	unresolved	unresolved
sub-9	04	04	sub-9/ses-04/run-04/tsv-row-12	12	right_hand	2	85.36	5.0	21340	22590	sub-9/ses-04/eeg/sub-9_ses-04_task-imagery_run-04_eeg.edf	1250	True		sub-09	V	s	s	0	sub-09/ses-04/eeg/sub-09_ses-04_task-MotorImageryRest_run-04_eeg.vhdr	4d298e09c266de9a2046cb7c39917082c3035d62ca4e5fd1283cc47a993543f2	True	unresolved	unresolved
sub-9	04	04	sub-9/ses-04/run-04/tsv-row-13	13	rest	1	92.268	5.0	23067	24317	sub-9/ses-04/eeg/sub-9_ses-04_task-imagery_run-04_eeg.edf	1250	True		sub-09	V	s	s	0	sub-09/ses-04/eeg/sub-09_ses-04_task-MotorImageryRest_run-04_eeg.vhdr	4d298e09c266de9a2046cb7c39917082c3035d62ca4e5fd1283cc47a993543f2	True	unresolved	unresolved
sub-9	04	04	sub-9/ses-04/run-04/tsv-row-14	14	right_hand	2	99.152	5.0	24788	26038	sub-9/ses-04/eeg/sub-9_ses-04_task-imagery_run-04_eeg.edf	1250	True		sub-09	V	s	s	0	sub-09/ses-04/eeg/sub-09_ses-04_task-MotorImageryRest_run-04_eeg.vhdr	4d298e09c266de9a2046cb7c39917082c3035d62ca4e5fd1283cc47a993543f2	True	unresolved	unresolved
sub-9	04	04	sub-9/ses-04/run-04/tsv-row-15	15	right_hand	2	106.04	5.0	26510	27760	sub-9/ses-04/eeg/sub-9_ses-04_task-imagery_run-04_eeg.edf	1250	True		sub-09	V	s	s	0	sub-09/ses-04/eeg/sub-09_ses-04_task-MotorImageryRest_run-04_eeg.vhdr	4d298e09c266de9a2046cb7c39917082c3035d62ca4e5fd1283cc47a993543f2	True	unresolved	unresolved
sub-9	04	04	sub-9/ses-04/run-04/tsv-row-16	16	rest	1	112.928	5.0	28232	29482	sub-9/ses-04/eeg/sub-9_ses-04_task-imagery_run-04_eeg.edf	1250	True		sub-09	V	s	s	0	sub-09/ses-04/eeg/sub-09_ses-04_task-MotorImageryRest_run-04_eeg.vhdr	4d298e09c266de9a2046cb7c39917082c3035d62ca4e5fd1283cc47a993543f2	True	unresolved	unresolved
sub-9	04	04	sub-9/ses-04/run-04/tsv-row-17	17	rest	1	119.816	5.0	29954	31204	sub-9/ses-04/eeg/sub-9_ses-04_task-imagery_run-04_eeg.edf	1250	True		sub-09	V	s	s	0	sub-09/ses-04/eeg/sub-09_ses-04_task-MotorImageryRest_run-04_eeg.vhdr	4d298e09c266de9a2046cb7c39917082c3035d62ca4e5fd1283cc47a993543f2	True	unresolved	unresolved
sub-9	04	04	sub-9/ses-04/run-04/tsv-row-18	18	right_hand	2	126.7	5.0	31675	32925	sub-9/ses-04/eeg/sub-9_ses-04_task-imagery_run-04_eeg.edf	1250	True		sub-09	V	s	s	0	sub-09/ses-04/eeg/sub-09_ses-04_task-MotorImageryRest_run-04_eeg.vhdr	4d298e09c266de9a2046cb7c39917082c3035d62ca4e5fd1283cc47a993543f2	True	unresolved	unresolved
sub-9	04	04	sub-9/ses-04/run-04/tsv-row-19	19	right_hand	2	133.588	5.0	33397	34647	sub-9/ses-04/eeg/sub-9_ses-04_task-imagery_run-04_eeg.edf	1250	True		sub-09	V	s	s	0	sub-09/ses-04/eeg/sub-09_ses-04_task-MotorImageryRest_run-04_eeg.vhdr	4d298e09c266de9a2046cb7c39917082c3035d62ca4e5fd1283cc47a993543f2	True	unresolved	unresolved
sub-9	04	04	sub-9/ses-04/run-04/tsv-row-20	20	rest	1	140.476	5.0	35119	36369	sub-9/ses-04/eeg/sub-9_ses-04_task-imagery_run-04_eeg.edf	1250	True		sub-09	V	s	s	0	sub-09/ses-04/eeg/sub-09_ses-04_task-MotorImageryRest_run-04_eeg.vhdr	4d298e09c266de9a2046cb7c39917082c3035d62ca4e5fd1283cc47a993543f2	True	unresolved	unresolved
sub-9	04	04	sub-9/ses-04/run-04/tsv-row-21	21	right_hand	2	147.36	5.0	36840	38090	sub-9/ses-04/eeg/sub-9_ses-04_task-imagery_run-04_eeg.edf	1250	True		sub-09	V	s	s	0	sub-09/ses-04/eeg/sub-09_ses-04_task-MotorImageryRest_run-04_eeg.vhdr	4d298e09c266de9a2046cb7c39917082c3035d62ca4e5fd1283cc47a993543f2	True	unresolved	unresolved
sub-9	04	04	sub-9/ses-04/run-04/tsv-row-22	22	rest	1	154.264	5.0	38566	39816	sub-9/ses-04/eeg/sub-9_ses-04_task-imagery_run-04_eeg.edf	1250	True		sub-09	V	s	s	0	sub-09/ses-04/eeg/sub-09_ses-04_task-MotorImageryRest_run-04_eeg.vhdr	4d298e09c266de9a2046cb7c39917082c3035d62ca4e5fd1283cc47a993543f2	True	unresolved	unresolved
sub-9	04	04	sub-9/ses-04/run-04/tsv-row-23	23	rest	1	161.136	5.0	40284	41534	sub-9/ses-04/eeg/sub-9_ses-04_task-imagery_run-04_eeg.edf	1250	True		sub-09	V	s	s	0	sub-09/ses-04/eeg/sub-09_ses-04_task-MotorImageryRest_run-04_eeg.vhdr	4d298e09c266de9a2046cb7c39917082c3035d62ca4e5fd1283cc47a993543f2	True	unresolved	unresolved
sub-9	04	04	sub-9/ses-04/run-04/tsv-row-24	24	right_hand	2	168.02	5.0	42005	43255	sub-9/ses-04/eeg/sub-9_ses-04_task-imagery_run-04_eeg.edf	1250	True		sub-09	V	s	s	0	sub-09/ses-04/eeg/sub-09_ses-04_task-MotorImageryRest_run-04_eeg.vhdr	4d298e09c266de9a2046cb7c39917082c3035d62ca4e5fd1283cc47a993543f2	True	unresolved	unresolved
sub-9	04	04	sub-9/ses-04/run-04/tsv-row-25	25	right_hand	2	174.924	5.0	43731	44981	sub-9/ses-04/eeg/sub-9_ses-04_task-imagery_run-04_eeg.edf	1250	True		sub-09	V	s	s	0	sub-09/ses-04/eeg/sub-09_ses-04_task-MotorImageryRest_run-04_eeg.vhdr	4d298e09c266de9a2046cb7c39917082c3035d62ca4e5fd1283cc47a993543f2	True	unresolved	unresolved
sub-9	04	04	sub-9/ses-04/run-04/tsv-row-26	26	rest	1	181.812	5.0	45453	46703	sub-9/ses-04/eeg/sub-9_ses-04_task-imagery_run-04_eeg.edf	1250	True		sub-09	V	s	s	0	sub-09/ses-04/eeg/sub-09_ses-04_task-MotorImageryRest_run-04_eeg.vhdr	4d298e09c266de9a2046cb7c39917082c3035d62ca4e5fd1283cc47a993543f2	True	unresolved	unresolved
sub-9	04	04	sub-9/ses-04/run-04/tsv-row-27	27	rest	1	188.684	5.0	47171	48421	sub-9/ses-04/eeg/sub-9_ses-04_task-imagery_run-04_eeg.edf	1250	True		sub-09	V	s	s	0	sub-09/ses-04/eeg/sub-09_ses-04_task-MotorImageryRest_run-04_eeg.vhdr	4d298e09c266de9a2046cb7c39917082c3035d62ca4e5fd1283cc47a993543f2	True	unresolved	unresolved
sub-9	04	04	sub-9/ses-04/run-04/tsv-row-28	28	right_hand	2	195.568	5.0	48892	50142	sub-9/ses-04/eeg/sub-9_ses-04_task-imagery_run-04_eeg.edf	1250	True		sub-09	V	s	s	0	sub-09/ses-04/eeg/sub-09_ses-04_task-MotorImageryRest_run-04_eeg.vhdr	4d298e09c266de9a2046cb7c39917082c3035d62ca4e5fd1283cc47a993543f2	True	unresolved	unresolved
sub-9	04	04	sub-9/ses-04/run-04/tsv-row-29	29	right_hand	2	202.472	5.0	50618	51868	sub-9/ses-04/eeg/sub-9_ses-04_task-imagery_run-04_eeg.edf	1250	True		sub-09	V	s	s	0	sub-09/ses-04/eeg/sub-09_ses-04_task-MotorImageryRest_run-04_eeg.vhdr	4d298e09c266de9a2046cb7c39917082c3035d62ca4e5fd1283cc47a993543f2	True	unresolved	unresolved
sub-9	04	04	sub-9/ses-04/run-04/tsv-row-30	30	rest	1	209.36	5.0	52340	53590	sub-9/ses-04/eeg/sub-9_ses-04_task-imagery_run-04_eeg.edf	1250	True		sub-09	V	s	s	0	sub-09/ses-04/eeg/sub-09_ses-04_task-MotorImageryRest_run-04_eeg.vhdr	4d298e09c266de9a2046cb7c39917082c3035d62ca4e5fd1283cc47a993543f2	True	unresolved	unresolved
sub-9	04	04	sub-9/ses-04/run-04/tsv-row-31	31	rest	1	216.232	5.0	54058	55308	sub-9/ses-04/eeg/sub-9_ses-04_task-imagery_run-04_eeg.edf	1250	True		sub-09	V	s	s	0	sub-09/ses-04/eeg/sub-09_ses-04_task-MotorImageryRest_run-04_eeg.vhdr	4d298e09c266de9a2046cb7c39917082c3035d62ca4e5fd1283cc47a993543f2	True	unresolved	unresolved
sub-9	04	04	sub-9/ses-04/run-04/tsv-row-32	32	right_hand	2	223.132	5.0	55783	57033	sub-9/ses-04/eeg/sub-9_ses-04_task-imagery_run-04_eeg.edf	1250	True		sub-09	V	s	s	0	sub-09/ses-04/eeg/sub-09_ses-04_task-MotorImageryRest_run-04_eeg.vhdr	4d298e09c266de9a2046cb7c39917082c3035d62ca4e5fd1283cc47a993543f2	True	unresolved	unresolved
sub-9	04	05	sub-9/ses-04/run-05/tsv-row-1	1	right_hand	2	7.828	5.0	1957	3207	sub-9/ses-04/eeg/sub-9_ses-04_task-imagery_run-05_eeg.edf	1250	True		sub-09	V	s	s	0	sub-09/ses-04/eeg/sub-09_ses-04_task-MotorImageryRest_run-05_eeg.vhdr	d999e67579fe22b5dcce59fba44056694282b5ba193b1caf4dfa87b0183d5951	True	unresolved	unresolved
sub-9	04	05	sub-9/ses-04/run-05/tsv-row-2	2	rest	1	14.736	5.0	3684	4934	sub-9/ses-04/eeg/sub-9_ses-04_task-imagery_run-05_eeg.edf	1250	True		sub-09	V	s	s	0	sub-09/ses-04/eeg/sub-09_ses-04_task-MotorImageryRest_run-05_eeg.vhdr	d999e67579fe22b5dcce59fba44056694282b5ba193b1caf4dfa87b0183d5951	True	unresolved	unresolved
sub-9	04	05	sub-9/ses-04/run-05/tsv-row-3	3	rest	1	21.624	5.0	5406	6656	sub-9/ses-04/eeg/sub-9_ses-04_task-imagery_run-05_eeg.edf	1250	True		sub-09	V	s	s	0	sub-09/ses-04/eeg/sub-09_ses-04_task-MotorImageryRest_run-05_eeg.vhdr	d999e67579fe22b5dcce59fba44056694282b5ba193b1caf4dfa87b0183d5951	True	unresolved	unresolved
sub-9	04	05	sub-9/ses-04/run-05/tsv-row-4	4	right_hand	2	28.492	5.0	7123	8373	sub-9/ses-04/eeg/sub-9_ses-04_task-imagery_run-05_eeg.edf	1250	True		sub-09	V	s	s	0	sub-09/ses-04/eeg/sub-09_ses-04_task-MotorImageryRest_run-05_eeg.vhdr	d999e67579fe22b5dcce59fba44056694282b5ba193b1caf4dfa87b0183d5951	True	unresolved	unresolved
sub-9	04	05	sub-9/ses-04/run-05/tsv-row-5	5	rest	1	35.396	5.0	8849	10099	sub-9/ses-04/eeg/sub-9_ses-04_task-imagery_run-05_eeg.edf	1250	True		sub-09	V	s	s	0	sub-09/ses-04/eeg/sub-09_ses-04_task-MotorImageryRest_run-05_eeg.vhdr	d999e67579fe22b5dcce59fba44056694282b5ba193b1caf4dfa87b0183d5951	True	unresolved	unresolved
sub-9	04	05	sub-9/ses-04/run-05/tsv-row-6	6	right_hand	2	42.28	5.0	10570	11820	sub-9/ses-04/eeg/sub-9_ses-04_task-imagery_run-05_eeg.edf	1250	True		sub-09	V	s	s	0	sub-09/ses-04/eeg/sub-09_ses-04_task-MotorImageryRest_run-05_eeg.vhdr	d999e67579fe22b5dcce59fba44056694282b5ba193b1caf4dfa87b0183d5951	True	unresolved	unresolved
sub-9	04	05	sub-9/ses-04/run-05/tsv-row-7	7	right_hand	2	49.168	5.0	12292	13542	sub-9/ses-04/eeg/sub-9_ses-04_task-imagery_run-05_eeg.edf	1250	True		sub-09	V	s	s	0	sub-09/ses-04/eeg/sub-09_ses-04_task-MotorImageryRest_run-05_eeg.vhdr	d999e67579fe22b5dcce59fba44056694282b5ba193b1caf4dfa87b0183d5951	True	unresolved	unresolved
sub-9	04	05	sub-9/ses-04/run-05/tsv-row-8	8	rest	1	56.056	5.0	14014	15264	sub-9/ses-04/eeg/sub-9_ses-04_task-imagery_run-05_eeg.edf	1250	True		sub-09	V	s	s	0	sub-09/ses-04/eeg/sub-09_ses-04_task-MotorImageryRest_run-05_eeg.vhdr	d999e67579fe22b5dcce59fba44056694282b5ba193b1caf4dfa87b0183d5951	True	unresolved	unresolved
sub-9	04	05	sub-9/ses-04/run-05/tsv-row-9	9	rest	1	62.944	5.0	15736	16986	sub-9/ses-04/eeg/sub-9_ses-04_task-imagery_run-05_eeg.edf	1250	True		sub-09	V	s	s	0	sub-09/ses-04/eeg/sub-09_ses-04_task-MotorImageryRest_run-05_eeg.vhdr	d999e67579fe22b5dcce59fba44056694282b5ba193b1caf4dfa87b0183d5951	True	unresolved	unresolved
sub-9	04	05	sub-9/ses-04/run-05/tsv-row-10	10	right_hand	2	69.828	5.0	17457	18707	sub-9/ses-04/eeg/sub-9_ses-04_task-imagery_run-05_eeg.edf	1250	True		sub-09	V	s	s	0	sub-09/ses-04/eeg/sub-09_ses-04_task-MotorImageryRest_run-05_eeg.vhdr	d999e67579fe22b5dcce59fba44056694282b5ba193b1caf4dfa87b0183d5951	True	unresolved	unresolved
sub-9	04	05	sub-9/ses-04/run-05/tsv-row-11	11	rest	1	76.716	5.0	19179	20429	sub-9/ses-04/eeg/sub-9_ses-04_task-imagery_run-05_eeg.edf	1250	True		sub-09	V	s	s	0	sub-09/ses-04/eeg/sub-09_ses-04_task-MotorImageryRest_run-05_eeg.vhdr	d999e67579fe22b5dcce59fba44056694282b5ba193b1caf4dfa87b0183d5951	True	unresolved	unresolved
sub-9	04	05	sub-9/ses-04/run-05/tsv-row-12	12	right_hand	2	83.604	5.0	20901	22151	sub-9/ses-04/eeg/sub-9_ses-04_task-imagery_run-05_eeg.edf	1250	True		sub-09	V	s	s	0	sub-09/ses-04/eeg/sub-09_ses-04_task-MotorImageryRest_run-05_eeg.vhdr	d999e67579fe22b5dcce59fba44056694282b5ba193b1caf4dfa87b0183d5951	True	unresolved	unresolved
sub-9	04	05	sub-9/ses-04/run-05/tsv-row-13	13	rest	1	90.492	5.0	22623	23873	sub-9/ses-04/eeg/sub-9_ses-04_task-imagery_run-05_eeg.edf	1250	True		sub-09	V	s	s	0	sub-09/ses-04/eeg/sub-09_ses-04_task-MotorImageryRest_run-05_eeg.vhdr	d999e67579fe22b5dcce59fba44056694282b5ba193b1caf4dfa87b0183d5951	True	unresolved	unresolved
sub-9	04	05	sub-9/ses-04/run-05/tsv-row-14	14	right_hand	2	97.392	5.0	24348	25598	sub-9/ses-04/eeg/sub-9_ses-04_task-imagery_run-05_eeg.edf	1250	True		sub-09	V	s	s	0	sub-09/ses-04/eeg/sub-09_ses-04_task-MotorImageryRest_run-05_eeg.vhdr	d999e67579fe22b5dcce59fba44056694282b5ba193b1caf4dfa87b0183d5951	True	unresolved	unresolved
sub-9	04	05	sub-9/ses-04/run-05/tsv-row-15	15	rest	1	104.264	5.0	26066	27316	sub-9/ses-04/eeg/sub-9_ses-04_task-imagery_run-05_eeg.edf	1250	True		sub-09	V	s	s	0	sub-09/ses-04/eeg/sub-09_ses-04_task-MotorImageryRest_run-05_eeg.vhdr	d999e67579fe22b5dcce59fba44056694282b5ba193b1caf4dfa87b0183d5951	True	unresolved	unresolved
sub-9	04	05	sub-9/ses-04/run-05/tsv-row-16	16	right_hand	2	111.148	5.0	27787	29037	sub-9/ses-04/eeg/sub-9_ses-04_task-imagery_run-05_eeg.edf	1250	True		sub-09	V	s	s	0	sub-09/ses-04/eeg/sub-09_ses-04_task-MotorImageryRest_run-05_eeg.vhdr	d999e67579fe22b5dcce59fba44056694282b5ba193b1caf4dfa87b0183d5951	True	unresolved	unresolved
sub-9	04	05	sub-9/ses-04/run-05/tsv-row-17	17	rest	1	118.04	5.0	29510	30760	sub-9/ses-04/eeg/sub-9_ses-04_task-imagery_run-05_eeg.edf	1250	True		sub-09	V	s	s	0	sub-09/ses-04/eeg/sub-09_ses-04_task-MotorImageryRest_run-05_eeg.vhdr	d999e67579fe22b5dcce59fba44056694282b5ba193b1caf4dfa87b0183d5951	True	unresolved	unresolved
sub-9	04	05	sub-9/ses-04/run-05/tsv-row-18	18	right_hand	2	124.94	5.0	31235	32485	sub-9/ses-04/eeg/sub-9_ses-04_task-imagery_run-05_eeg.edf	1250	True		sub-09	V	s	s	0	sub-09/ses-04/eeg/sub-09_ses-04_task-MotorImageryRest_run-05_eeg.vhdr	d999e67579fe22b5dcce59fba44056694282b5ba193b1caf4dfa87b0183d5951	True	unresolved	unresolved
sub-9	04	05	sub-9/ses-04/run-05/tsv-row-19	19	rest	1	131.812	5.0	32953	34203	sub-9/ses-04/eeg/sub-9_ses-04_task-imagery_run-05_eeg.edf	1250	True		sub-09	V	s	s	0	sub-09/ses-04/eeg/sub-09_ses-04_task-MotorImageryRest_run-05_eeg.vhdr	d999e67579fe22b5dcce59fba44056694282b5ba193b1caf4dfa87b0183d5951	True	unresolved	unresolved
sub-9	04	05	sub-9/ses-04/run-05/tsv-row-20	20	right_hand	2	138.696	5.0	34674	35924	sub-9/ses-04/eeg/sub-9_ses-04_task-imagery_run-05_eeg.edf	1250	True		sub-09	V	s	s	0	sub-09/ses-04/eeg/sub-09_ses-04_task-MotorImageryRest_run-05_eeg.vhdr	d999e67579fe22b5dcce59fba44056694282b5ba193b1caf4dfa87b0183d5951	True	unresolved	unresolved
sub-9	04	05	sub-9/ses-04/run-05/tsv-row-21	21	rest	1	145.604	5.0	36401	37651	sub-9/ses-04/eeg/sub-9_ses-04_task-imagery_run-05_eeg.edf	1250	True		sub-09	V	s	s	0	sub-09/ses-04/eeg/sub-09_ses-04_task-MotorImageryRest_run-05_eeg.vhdr	d999e67579fe22b5dcce59fba44056694282b5ba193b1caf4dfa87b0183d5951	True	unresolved	unresolved
sub-9	04	05	sub-9/ses-04/run-05/tsv-row-22	22	right_hand	2	152.488	5.0	38122	39372	sub-9/ses-04/eeg/sub-9_ses-04_task-imagery_run-05_eeg.edf	1250	True		sub-09	V	s	s	0	sub-09/ses-04/eeg/sub-09_ses-04_task-MotorImageryRest_run-05_eeg.vhdr	d999e67579fe22b5dcce59fba44056694282b5ba193b1caf4dfa87b0183d5951	True	unresolved	unresolved
sub-9	04	05	sub-9/ses-04/run-05/tsv-row-23	23	rest	1	159.376	5.0	39844	41094	sub-9/ses-04/eeg/sub-9_ses-04_task-imagery_run-05_eeg.edf	1250	True		sub-09	V	s	s	0	sub-09/ses-04/eeg/sub-09_ses-04_task-MotorImageryRest_run-05_eeg.vhdr	d999e67579fe22b5dcce59fba44056694282b5ba193b1caf4dfa87b0183d5951	True	unresolved	unresolved
sub-9	04	05	sub-9/ses-04/run-05/tsv-row-24	24	right_hand	2	166.26	5.0	41565	42815	sub-9/ses-04/eeg/sub-9_ses-04_task-imagery_run-05_eeg.edf	1250	True		sub-09	V	s	s	0	sub-09/ses-04/eeg/sub-09_ses-04_task-MotorImageryRest_run-05_eeg.vhdr	d999e67579fe22b5dcce59fba44056694282b5ba193b1caf4dfa87b0183d5951	True	unresolved	unresolved
sub-9	04	05	sub-9/ses-04/run-05/tsv-row-25	25	right_hand	2	173.148	5.0	43287	44537	sub-9/ses-04/eeg/sub-9_ses-04_task-imagery_run-05_eeg.edf	1250	True		sub-09	V	s	s	0	sub-09/ses-04/eeg/sub-09_ses-04_task-MotorImageryRest_run-05_eeg.vhdr	d999e67579fe22b5dcce59fba44056694282b5ba193b1caf4dfa87b0183d5951	True	unresolved	unresolved
sub-9	04	05	sub-9/ses-04/run-05/tsv-row-26	26	rest	1	180.036	5.0	45009	46259	sub-9/ses-04/eeg/sub-9_ses-04_task-imagery_run-05_eeg.edf	1250	True		sub-09	V	s	s	0	sub-09/ses-04/eeg/sub-09_ses-04_task-MotorImageryRest_run-05_eeg.vhdr	d999e67579fe22b5dcce59fba44056694282b5ba193b1caf4dfa87b0183d5951	True	unresolved	unresolved
sub-9	04	05	sub-9/ses-04/run-05/tsv-row-27	27	right_hand	2	186.936	5.0	46734	47984	sub-9/ses-04/eeg/sub-9_ses-04_task-imagery_run-05_eeg.edf	1250	True		sub-09	V	s	s	0	sub-09/ses-04/eeg/sub-09_ses-04_task-MotorImageryRest_run-05_eeg.vhdr	d999e67579fe22b5dcce59fba44056694282b5ba193b1caf4dfa87b0183d5951	True	unresolved	unresolved
sub-9	04	05	sub-9/ses-04/run-05/tsv-row-28	28	rest	1	193.812	5.0	48453	49703	sub-9/ses-04/eeg/sub-9_ses-04_task-imagery_run-05_eeg.edf	1250	True		sub-09	V	s	s	0	sub-09/ses-04/eeg/sub-09_ses-04_task-MotorImageryRest_run-05_eeg.vhdr	d999e67579fe22b5dcce59fba44056694282b5ba193b1caf4dfa87b0183d5951	True	unresolved	unresolved
sub-9	04	05	sub-9/ses-04/run-05/tsv-row-29	29	rest	1	200.696	5.0	50174	51424	sub-9/ses-04/eeg/sub-9_ses-04_task-imagery_run-05_eeg.edf	1250	True		sub-09	V	s	s	0	sub-09/ses-04/eeg/sub-09_ses-04_task-MotorImageryRest_run-05_eeg.vhdr	d999e67579fe22b5dcce59fba44056694282b5ba193b1caf4dfa87b0183d5951	True	unresolved	unresolved
sub-9	04	05	sub-9/ses-04/run-05/tsv-row-30	30	right_hand	2	207.6	5.0	51900	53150	sub-9/ses-04/eeg/sub-9_ses-04_task-imagery_run-05_eeg.edf	1250	True		sub-09	V	s	s	0	sub-09/ses-04/eeg/sub-09_ses-04_task-MotorImageryRest_run-05_eeg.vhdr	d999e67579fe22b5dcce59fba44056694282b5ba193b1caf4dfa87b0183d5951	True	unresolved	unresolved
sub-9	04	05	sub-9/ses-04/run-05/tsv-row-31	31	right_hand	2	214.484	5.0	53621	54871	sub-9/ses-04/eeg/sub-9_ses-04_task-imagery_run-05_eeg.edf	1250	True		sub-09	V	s	s	0	sub-09/ses-04/eeg/sub-09_ses-04_task-MotorImageryRest_run-05_eeg.vhdr	d999e67579fe22b5dcce59fba44056694282b5ba193b1caf4dfa87b0183d5951	True	unresolved	unresolved
sub-9	04	05	sub-9/ses-04/run-05/tsv-row-32	32	rest	1	221.356	5.0	55339	56589	sub-9/ses-04/eeg/sub-9_ses-04_task-imagery_run-05_eeg.edf	1250	True		sub-09	V	s	s	0	sub-09/ses-04/eeg/sub-09_ses-04_task-MotorImageryRest_run-05_eeg.vhdr	d999e67579fe22b5dcce59fba44056694282b5ba193b1caf4dfa87b0183d5951	True	unresolved	unresolved
sub-9	04	06	sub-9/ses-04/run-06/tsv-row-1	1	rest	1	7.704	5.0	1926	3176	sub-9/ses-04/eeg/sub-9_ses-04_task-imagery_run-06_eeg.edf	1250	True		sub-09	V	s	s	0	sub-09/ses-04/eeg/sub-09_ses-04_task-MotorImageryRest_run-06_eeg.vhdr	679ea4f13b6530a774997cb1e84c172b0d5b086b430ec804aa63d9e121254bb1	True	unresolved	unresolved
sub-9	04	06	sub-9/ses-04/run-06/tsv-row-2	2	right_hand	2	14.576	5.0	3644	4894	sub-9/ses-04/eeg/sub-9_ses-04_task-imagery_run-06_eeg.edf	1250	True		sub-09	V	s	s	0	sub-09/ses-04/eeg/sub-09_ses-04_task-MotorImageryRest_run-06_eeg.vhdr	679ea4f13b6530a774997cb1e84c172b0d5b086b430ec804aa63d9e121254bb1	True	unresolved	unresolved
sub-9	04	06	sub-9/ses-04/run-06/tsv-row-3	3	rest	1	21.464	5.0	5366	6616	sub-9/ses-04/eeg/sub-9_ses-04_task-imagery_run-06_eeg.edf	1250	True		sub-09	V	s	s	0	sub-09/ses-04/eeg/sub-09_ses-04_task-MotorImageryRest_run-06_eeg.vhdr	679ea4f13b6530a774997cb1e84c172b0d5b086b430ec804aa63d9e121254bb1	True	unresolved	unresolved
sub-9	04	06	sub-9/ses-04/run-06/tsv-row-4	4	right_hand	2	28.364	5.0	7091	8341	sub-9/ses-04/eeg/sub-9_ses-04_task-imagery_run-06_eeg.edf	1250	True		sub-09	V	s	s	0	sub-09/ses-04/eeg/sub-09_ses-04_task-MotorImageryRest_run-06_eeg.vhdr	679ea4f13b6530a774997cb1e84c172b0d5b086b430ec804aa63d9e121254bb1	True	unresolved	unresolved
sub-9	04	06	sub-9/ses-04/run-06/tsv-row-5	5	right_hand	2	35.252	5.0	8813	10063	sub-9/ses-04/eeg/sub-9_ses-04_task-imagery_run-06_eeg.edf	1250	True		sub-09	V	s	s	0	sub-09/ses-04/eeg/sub-09_ses-04_task-MotorImageryRest_run-06_eeg.vhdr	679ea4f13b6530a774997cb1e84c172b0d5b086b430ec804aa63d9e121254bb1	True	unresolved	unresolved
sub-9	04	06	sub-9/ses-04/run-06/tsv-row-6	6	rest	1	42.124	5.0	10531	11781	sub-9/ses-04/eeg/sub-9_ses-04_task-imagery_run-06_eeg.edf	1250	True		sub-09	V	s	s	0	sub-09/ses-04/eeg/sub-09_ses-04_task-MotorImageryRest_run-06_eeg.vhdr	679ea4f13b6530a774997cb1e84c172b0d5b086b430ec804aa63d9e121254bb1	True	unresolved	unresolved
sub-9	04	06	sub-9/ses-04/run-06/tsv-row-7	7	rest	1	49.028	5.0	12257	13507	sub-9/ses-04/eeg/sub-9_ses-04_task-imagery_run-06_eeg.edf	1250	True		sub-09	V	s	s	0	sub-09/ses-04/eeg/sub-09_ses-04_task-MotorImageryRest_run-06_eeg.vhdr	679ea4f13b6530a774997cb1e84c172b0d5b086b430ec804aa63d9e121254bb1	True	unresolved	unresolved
sub-9	04	06	sub-9/ses-04/run-06/tsv-row-8	8	right_hand	2	55.912	5.0	13978	15228	sub-9/ses-04/eeg/sub-9_ses-04_task-imagery_run-06_eeg.edf	1250	True		sub-09	V	s	s	0	sub-09/ses-04/eeg/sub-09_ses-04_task-MotorImageryRest_run-06_eeg.vhdr	679ea4f13b6530a774997cb1e84c172b0d5b086b430ec804aa63d9e121254bb1	True	unresolved	unresolved
sub-9	04	06	sub-9/ses-04/run-06/tsv-row-9	9	rest	1	62.8	5.0	15700	16950	sub-9/ses-04/eeg/sub-9_ses-04_task-imagery_run-06_eeg.edf	1250	True		sub-09	V	s	s	0	sub-09/ses-04/eeg/sub-09_ses-04_task-MotorImageryRest_run-06_eeg.vhdr	679ea4f13b6530a774997cb1e84c172b0d5b086b430ec804aa63d9e121254bb1	True	unresolved	unresolved
sub-9	04	06	sub-9/ses-04/run-06/tsv-row-10	10	right_hand	2	69.688	5.0	17422	18672	sub-9/ses-04/eeg/sub-9_ses-04_task-imagery_run-06_eeg.edf	1250	True		sub-09	V	s	s	0	sub-09/ses-04/eeg/sub-09_ses-04_task-MotorImageryRest_run-06_eeg.vhdr	679ea4f13b6530a774997cb1e84c172b0d5b086b430ec804aa63d9e121254bb1	True	unresolved	unresolved
sub-9	04	06	sub-9/ses-04/run-06/tsv-row-11	11	right_hand	2	76.588	5.0	19147	20397	sub-9/ses-04/eeg/sub-9_ses-04_task-imagery_run-06_eeg.edf	1250	True		sub-09	V	s	s	0	sub-09/ses-04/eeg/sub-09_ses-04_task-MotorImageryRest_run-06_eeg.vhdr	679ea4f13b6530a774997cb1e84c172b0d5b086b430ec804aa63d9e121254bb1	True	unresolved	unresolved
sub-9	04	06	sub-9/ses-04/run-06/tsv-row-12	12	rest	1	83.464	5.0	20866	22116	sub-9/ses-04/eeg/sub-9_ses-04_task-imagery_run-06_eeg.edf	1250	True		sub-09	V	s	s	0	sub-09/ses-04/eeg/sub-09_ses-04_task-MotorImageryRest_run-06_eeg.vhdr	679ea4f13b6530a774997cb1e84c172b0d5b086b430ec804aa63d9e121254bb1	True	unresolved	unresolved
sub-9	04	06	sub-9/ses-04/run-06/tsv-row-13	13	rest	1	90.364	5.0	22591	23841	sub-9/ses-04/eeg/sub-9_ses-04_task-imagery_run-06_eeg.edf	1250	True		sub-09	V	s	s	0	sub-09/ses-04/eeg/sub-09_ses-04_task-MotorImageryRest_run-06_eeg.vhdr	679ea4f13b6530a774997cb1e84c172b0d5b086b430ec804aa63d9e121254bb1	True	unresolved	unresolved
sub-9	04	06	sub-9/ses-04/run-06/tsv-row-14	14	right_hand	2	97.232	5.0	24308	25558	sub-9/ses-04/eeg/sub-9_ses-04_task-imagery_run-06_eeg.edf	1250	True		sub-09	V	s	s	0	sub-09/ses-04/eeg/sub-09_ses-04_task-MotorImageryRest_run-06_eeg.vhdr	679ea4f13b6530a774997cb1e84c172b0d5b086b430ec804aa63d9e121254bb1	True	unresolved	unresolved
sub-9	04	06	sub-9/ses-04/run-06/tsv-row-15	15	rest	1	104.124	5.0	26031	27281	sub-9/ses-04/eeg/sub-9_ses-04_task-imagery_run-06_eeg.edf	1250	True		sub-09	V	s	s	0	sub-09/ses-04/eeg/sub-09_ses-04_task-MotorImageryRest_run-06_eeg.vhdr	679ea4f13b6530a774997cb1e84c172b0d5b086b430ec804aa63d9e121254bb1	True	unresolved	unresolved
sub-9	04	06	sub-9/ses-04/run-06/tsv-row-16	16	right_hand	2	111.024	5.0	27756	29006	sub-9/ses-04/eeg/sub-9_ses-04_task-imagery_run-06_eeg.edf	1250	True		sub-09	V	s	s	0	sub-09/ses-04/eeg/sub-09_ses-04_task-MotorImageryRest_run-06_eeg.vhdr	679ea4f13b6530a774997cb1e84c172b0d5b086b430ec804aa63d9e121254bb1	True	unresolved	unresolved
sub-9	04	06	sub-9/ses-04/run-06/tsv-row-17	17	rest	1	117.912	5.0	29478	30728	sub-9/ses-04/eeg/sub-9_ses-04_task-imagery_run-06_eeg.edf	1250	True		sub-09	V	s	s	0	sub-09/ses-04/eeg/sub-09_ses-04_task-MotorImageryRest_run-06_eeg.vhdr	679ea4f13b6530a774997cb1e84c172b0d5b086b430ec804aa63d9e121254bb1	True	unresolved	unresolved
sub-9	04	06	sub-9/ses-04/run-06/tsv-row-18	18	right_hand	2	124.78	5.0	31195	32445	sub-9/ses-04/eeg/sub-9_ses-04_task-imagery_run-06_eeg.edf	1250	True		sub-09	V	s	s	0	sub-09/ses-04/eeg/sub-09_ses-04_task-MotorImageryRest_run-06_eeg.vhdr	679ea4f13b6530a774997cb1e84c172b0d5b086b430ec804aa63d9e121254bb1	True	unresolved	unresolved
sub-9	04	06	sub-9/ses-04/run-06/tsv-row-19	19	rest	1	131.688	5.0	32922	34172	sub-9/ses-04/eeg/sub-9_ses-04_task-imagery_run-06_eeg.edf	1250	True		sub-09	V	s	s	0	sub-09/ses-04/eeg/sub-09_ses-04_task-MotorImageryRest_run-06_eeg.vhdr	679ea4f13b6530a774997cb1e84c172b0d5b086b430ec804aa63d9e121254bb1	True	unresolved	unresolved
sub-9	04	06	sub-9/ses-04/run-06/tsv-row-20	20	right_hand	2	138.572	5.0	34643	35893	sub-9/ses-04/eeg/sub-9_ses-04_task-imagery_run-06_eeg.edf	1250	True		sub-09	V	s	s	0	sub-09/ses-04/eeg/sub-09_ses-04_task-MotorImageryRest_run-06_eeg.vhdr	679ea4f13b6530a774997cb1e84c172b0d5b086b430ec804aa63d9e121254bb1	True	unresolved	unresolved
sub-9	04	06	sub-9/ses-04/run-06/tsv-row-21	21	rest	1	145.46	5.0	36365	37615	sub-9/ses-04/eeg/sub-9_ses-04_task-imagery_run-06_eeg.edf	1250	True		sub-09	V	s	s	0	sub-09/ses-04/eeg/sub-09_ses-04_task-MotorImageryRest_run-06_eeg.vhdr	679ea4f13b6530a774997cb1e84c172b0d5b086b430ec804aa63d9e121254bb1	True	unresolved	unresolved
sub-9	04	06	sub-9/ses-04/run-06/tsv-row-22	22	right_hand	2	152.344	5.0	38086	39336	sub-9/ses-04/eeg/sub-9_ses-04_task-imagery_run-06_eeg.edf	1250	True		sub-09	V	s	s	0	sub-09/ses-04/eeg/sub-09_ses-04_task-MotorImageryRest_run-06_eeg.vhdr	679ea4f13b6530a774997cb1e84c172b0d5b086b430ec804aa63d9e121254bb1	True	unresolved	unresolved
sub-9	04	06	sub-9/ses-04/run-06/tsv-row-23	23	rest	1	159.232	5.0	39808	41058	sub-9/ses-04/eeg/sub-9_ses-04_task-imagery_run-06_eeg.edf	1250	True		sub-09	V	s	s	0	sub-09/ses-04/eeg/sub-09_ses-04_task-MotorImageryRest_run-06_eeg.vhdr	679ea4f13b6530a774997cb1e84c172b0d5b086b430ec804aa63d9e121254bb1	True	unresolved	unresolved
sub-9	04	06	sub-9/ses-04/run-06/tsv-row-24	24	right_hand	2	166.12	5.0	41530	42780	sub-9/ses-04/eeg/sub-9_ses-04_task-imagery_run-06_eeg.edf	1250	True		sub-09	V	s	s	0	sub-09/ses-04/eeg/sub-09_ses-04_task-MotorImageryRest_run-06_eeg.vhdr	679ea4f13b6530a774997cb1e84c172b0d5b086b430ec804aa63d9e121254bb1	True	unresolved	unresolved
sub-9	04	06	sub-9/ses-04/run-06/tsv-row-25	25	rest	1	173.008	5.0	43252	44502	sub-9/ses-04/eeg/sub-9_ses-04_task-imagery_run-06_eeg.edf	1250	True		sub-09	V	s	s	0	sub-09/ses-04/eeg/sub-09_ses-04_task-MotorImageryRest_run-06_eeg.vhdr	679ea4f13b6530a774997cb1e84c172b0d5b086b430ec804aa63d9e121254bb1	True	unresolved	unresolved
sub-9	04	06	sub-9/ses-04/run-06/tsv-row-26	26	right_hand	2	179.892	5.0	44973	46223	sub-9/ses-04/eeg/sub-9_ses-04_task-imagery_run-06_eeg.edf	1250	True		sub-09	V	s	s	0	sub-09/ses-04/eeg/sub-09_ses-04_task-MotorImageryRest_run-06_eeg.vhdr	679ea4f13b6530a774997cb1e84c172b0d5b086b430ec804aa63d9e121254bb1	True	unresolved	unresolved
sub-9	04	06	sub-9/ses-04/run-06/tsv-row-27	27	rest	1	186.78	5.0	46695	47945	sub-9/ses-04/eeg/sub-9_ses-04_task-imagery_run-06_eeg.edf	1250	True		sub-09	V	s	s	0	sub-09/ses-04/eeg/sub-09_ses-04_task-MotorImageryRest_run-06_eeg.vhdr	679ea4f13b6530a774997cb1e84c172b0d5b086b430ec804aa63d9e121254bb1	True	unresolved	unresolved
sub-9	04	06	sub-9/ses-04/run-06/tsv-row-28	28	right_hand	2	193.664	5.0	48416	49666	sub-9/ses-04/eeg/sub-9_ses-04_task-imagery_run-06_eeg.edf	1250	True		sub-09	V	s	s	0	sub-09/ses-04/eeg/sub-09_ses-04_task-MotorImageryRest_run-06_eeg.vhdr	679ea4f13b6530a774997cb1e84c172b0d5b086b430ec804aa63d9e121254bb1	True	unresolved	unresolved
sub-9	04	06	sub-9/ses-04/run-06/tsv-row-29	29	right_hand	2	200.568	5.0	50142	51392	sub-9/ses-04/eeg/sub-9_ses-04_task-imagery_run-06_eeg.edf	1250	True		sub-09	V	s	s	0	sub-09/ses-04/eeg/sub-09_ses-04_task-MotorImageryRest_run-06_eeg.vhdr	679ea4f13b6530a774997cb1e84c172b0d5b086b430ec804aa63d9e121254bb1	True	unresolved	unresolved
sub-9	04	06	sub-9/ses-04/run-06/tsv-row-30	30	rest	1	207.44	5.0	51860	53110	sub-9/ses-04/eeg/sub-9_ses-04_task-imagery_run-06_eeg.edf	1250	True		sub-09	V	s	s	0	sub-09/ses-04/eeg/sub-09_ses-04_task-MotorImageryRest_run-06_eeg.vhdr	679ea4f13b6530a774997cb1e84c172b0d5b086b430ec804aa63d9e121254bb1	True	unresolved	unresolved
sub-9	04	06	sub-9/ses-04/run-06/tsv-row-31	31	rest	1	214.328	5.0	53582	54832	sub-9/ses-04/eeg/sub-9_ses-04_task-imagery_run-06_eeg.edf	1250	True		sub-09	V	s	s	0	sub-09/ses-04/eeg/sub-09_ses-04_task-MotorImageryRest_run-06_eeg.vhdr	679ea4f13b6530a774997cb1e84c172b0d5b086b430ec804aa63d9e121254bb1	True	unresolved	unresolved
sub-9	04	06	sub-9/ses-04/run-06/tsv-row-32	32	right_hand	2	221.228	5.0	55307	56557	sub-9/ses-04/eeg/sub-9_ses-04_task-imagery_run-06_eeg.edf	1250	True		sub-09	V	s	s	0	sub-09/ses-04/eeg/sub-09_ses-04_task-MotorImageryRest_run-06_eeg.vhdr	679ea4f13b6530a774997cb1e84c172b0d5b086b430ec804aa63d9e121254bb1	True	unresolved	unresolved
