subject	session	run	trial_id	tsv_row	label	stored_event_value	onset_s	duration_s	start_sample	stop_sample_exclusive	source_file	analysis_role	trial_behavior_outcome	acquisition_date
sub-10	01	01	sub-10/ses-01/run-01/tsv-row-1	1	right_hand	2	5.204	5.0	1301	2551	sub-10/ses-01/eeg/sub-10_ses-01_task-imagery_run-01_eeg.edf	source_train	unresolved	anonymized_actual_date_unresolved
sub-10	01	01	sub-10/ses-01/run-01/tsv-row-2	2	rest	1	12.1	5.0	3025	4275	sub-10/ses-01/eeg/sub-10_ses-01_task-imagery_run-01_eeg.edf	source_train	unresolved	anonymized_actual_date_unresolved
sub-10	01	01	sub-10/ses-01/run-01/tsv-row-3	3	right_hand	2	18.98	5.0	4745	5995	sub-10/ses-01/eeg/sub-10_ses-01_task-imagery_run-01_eeg.edf	source_train	unresolved	anonymized_actual_date_unresolved
sub-10	01	01	sub-10/ses-01/run-01/tsv-row-4	4	rest	1	25.88	5.0	6470	7720	sub-10/ses-01/eeg/sub-10_ses-01_task-imagery_run-01_eeg.edf	source_train	unresolved	anonymized_actual_date_unresolved
sub-10	01	01	sub-10/ses-01/run-01/tsv-row-5	5	right_hand	2	32.748	5.0	8187	9437	sub-10/ses-01/eeg/sub-10_ses-01_task-imagery_run-01_eeg.edf	source_train	unresolved	anonymized_actual_date_unresolved
sub-10	01	01	sub-10/ses-01/run-01/tsv-row-6	6	rest	1	39.652	5.0	9913	11163	sub-10/ses-01/eeg/sub-10_ses-01_task-imagery_run-01_eeg.edf	source_train	unresolved	anonymized_actual_date_unresolved
sub-10	01	01	sub-10/ses-01/run-01/tsv-row-7	7	right_hand	2	46.528	5.0	11632	12882	sub-10/ses-01/eeg/sub-10_ses-01_task-imagery_run-01_eeg.edf	source_train	unresolved	anonymized_actual_date_unresolved
sub-10	01	01	sub-10/ses-01/run-01/tsv-row-8	8	rest	1	53.428	5.0	13357	14607	sub-10/ses-01/eeg/sub-10_ses-01_task-imagery_run-01_eeg.edf	source_train	unresolved	anonymized_actual_date_unresolved
sub-10	01	01	sub-10/ses-01/run-01/tsv-row-9	9	rest	1	60.316	5.0	15079	16329	sub-10/ses-01/eeg/sub-10_ses-01_task-imagery_run-01_eeg.edf	source_train	unresolved	anonymized_actual_date_unresolved
sub-10	01	01	sub-10/ses-01/run-01/tsv-row-10	10	right_hand	2	67.196	5.0	16799	18049	sub-10/ses-01/eeg/sub-10_ses-01_task-imagery_run-01_eeg.edf	source_train	unresolved	anonymized_actual_date_unresolved
sub-10	01	01	sub-10/ses-01/run-01/tsv-row-11	11	rest	1	74.096	5.0	18524	19774	sub-10/ses-01/eeg/sub-10_ses-01_task-imagery_run-01_eeg.edf	source_train	unresolved	anonymized_actual_date_unresolved
sub-10	01	01	sub-10/ses-01/run-01/tsv-row-12	12	right_hand	2	80.956	5.0	20239	21489	sub-10/ses-01/eeg/sub-10_ses-01_task-imagery_run-01_eeg.edf	source_train	unresolved	anonymized_actual_date_unresolved
sub-10	01	01	sub-10/ses-01/run-01/tsv-row-13	13	rest	1	87.88	5.0	21970	23220	sub-10/ses-01/eeg/sub-10_ses-01_task-imagery_run-01_eeg.edf	source_train	unresolved	anonymized_actual_date_unresolved
sub-10	01	01	sub-10/ses-01/run-01/tsv-row-14	14	right_hand	2	94.744	5.0	23686	24936	sub-10/ses-01/eeg/sub-10_ses-01_task-imagery_run-01_eeg.edf	source_train	unresolved	anonymized_actual_date_unresolved
sub-10	01	01	sub-10/ses-01/run-01/tsv-row-15	15	right_hand	2	101.624	5.0	25406	26656	sub-10/ses-01/eeg/sub-10_ses-01_task-imagery_run-01_eeg.edf	source_train	unresolved	anonymized_actual_date_unresolved
sub-10	01	01	sub-10/ses-01/run-01/tsv-row-16	16	rest	1	108.54	5.0	27135	28385	sub-10/ses-01/eeg/sub-10_ses-01_task-imagery_run-01_eeg.edf	source_train	unresolved	anonymized_actual_date_unresolved
sub-10	01	01	sub-10/ses-01/run-01/tsv-row-17	17	rest	1	115.428	5.0	28857	30107	sub-10/ses-01/eeg/sub-10_ses-01_task-imagery_run-01_eeg.edf	source_train	unresolved	anonymized_actual_date_unresolved
sub-10	01	01	sub-10/ses-01/run-01/tsv-row-18	18	right_hand	2	122.288	5.0	30572	31822	sub-10/ses-01/eeg/sub-10_ses-01_task-imagery_run-01_eeg.edf	source_train	unresolved	anonymized_actual_date_unresolved
sub-10	01	01	sub-10/ses-01/run-01/tsv-row-19	19	rest	1	129.208	5.0	32302	33552	sub-10/ses-01/eeg/sub-10_ses-01_task-imagery_run-01_eeg.edf	source_train	unresolved	anonymized_actual_date_unresolved
sub-10	01	01	sub-10/ses-01/run-01/tsv-row-20	20	right_hand	2	136.068	5.0	34017	35267	sub-10/ses-01/eeg/sub-10_ses-01_task-imagery_run-01_eeg.edf	source_train	unresolved	anonymized_actual_date_unresolved
sub-10	01	01	sub-10/ses-01/run-01/tsv-row-21	21	rest	1	142.976	5.0	35744	36994	sub-10/ses-01/eeg/sub-10_ses-01_task-imagery_run-01_eeg.edf	source_train	unresolved	anonymized_actual_date_unresolved
sub-10	01	01	sub-10/ses-01/run-01/tsv-row-22	22	right_hand	2	149.856	5.0	37464	38714	sub-10/ses-01/eeg/sub-10_ses-01_task-imagery_run-01_eeg.edf	source_train	unresolved	anonymized_actual_date_unresolved
sub-10	01	01	sub-10/ses-01/run-01/tsv-row-23	23	right_hand	2	156.736	5.0	39184	40434	sub-10/ses-01/eeg/sub-10_ses-01_task-imagery_run-01_eeg.edf	source_train	unresolved	anonymized_actual_date_unresolved
sub-10	01	01	sub-10/ses-01/run-01/tsv-row-24	24	rest	1	163.636	5.0	40909	42159	sub-10/ses-01/eeg/sub-10_ses-01_task-imagery_run-01_eeg.edf	source_train	unresolved	anonymized_actual_date_unresolved
sub-10	01	01	sub-10/ses-01/run-01/tsv-row-25	25	right_hand	2	170.52	5.0	42630	43880	sub-10/ses-01/eeg/sub-10_ses-01_task-imagery_run-01_eeg.edf	source_train	unresolved	anonymized_actual_date_unresolved
sub-10	01	01	sub-10/ses-01/run-01/tsv-row-26	26	rest	1	177.42	5.0	44355	45605	sub-10/ses-01/eeg/sub-10_ses-01_task-imagery_run-01_eeg.edf	source_train	unresolved	anonymized_actual_date_unresolved
sub-10	01	01	sub-10/ses-01/run-01/tsv-row-27	27	right_hand	2	184.284	5.0	46071	47321	sub-10/ses-01/eeg/sub-10_ses-01_task-imagery_run-01_eeg.edf	source_train	unresolved	anonymized_actual_date_unresolved
sub-10	01	01	sub-10/ses-01/run-01/tsv-row-28	28	rest	1	191.2	5.0	47800	49050	sub-10/ses-01/eeg/sub-10_ses-01_task-imagery_run-01_eeg.edf	source_train	unresolved	anonymized_actual_date_unresolved
sub-10	01	01	sub-10/ses-01/run-01/tsv-row-29	29	right_hand	2	198.068	5.0	49517	50767	sub-10/ses-01/eeg/sub-10_ses-01_task-imagery_run-01_eeg.edf	source_train	unresolved	anonymized_actual_date_unresolved
sub-10	01	01	sub-10/ses-01/run-01/tsv-row-30	30	rest	1	204.968	5.0	51242	52492	sub-10/ses-01/eeg/sub-10_ses-01_task-imagery_run-01_eeg.edf	source_train	unresolved	anonymized_actual_date_unresolved
sub-10	01	01	sub-10/ses-01/run-01/tsv-row-31	31	rest	1	211.848	5.0	52962	54212	sub-10/ses-01/eeg/sub-10_ses-01_task-imagery_run-01_eeg.edf	source_train	unresolved	anonymized_actual_date_unresolved
sub-10	01	01	sub-10/ses-01/run-01/tsv-row-32	32	right_hand	2	218.728	5.0	54682	55932	sub-10/ses-01/eeg/sub-10_ses-01_task-imagery_run-01_eeg.edf	source_train	unresolved	anonymized_actual_date_unresolved
sub-10	01	02	sub-10/ses-01/run-02/tsv-row-1	1	right_hand	2	5.096	5.0	1274	2524	sub-10/ses-01/eeg/sub-10_ses-01_task-imagery_run-02_eeg.edf	source_train	unresolved	anonymized_actual_date_unresolved
sub-10	01	02	sub-10/ses-01/run-02/tsv-row-2	2	rest	1	11.996	5.0	2999	4249	sub-10/ses-01/eeg/sub-10_ses-01_task-imagery_run-02_eeg.edf	source_train	unresolved	anonymized_actual_date_unresolved
sub-10	01	02	sub-10/ses-01/run-02/tsv-row-3	3	right_hand	2	18.856	5.0	4714	5964	sub-10/ses-01/eeg/sub-10_ses-01_task-imagery_run-02_eeg.edf	source_train	unresolved	anonymized_actual_date_unresolved
sub-10	01	02	sub-10/ses-01/run-02/tsv-row-4	4	rest	1	25.772	5.0	6443	7693	sub-10/ses-01/eeg/sub-10_ses-01_task-imagery_run-02_eeg.edf	source_train	unresolved	anonymized_actual_date_unresolved
sub-10	01	02	sub-10/ses-01/run-02/tsv-row-5	5	rest	1	32.652	5.0	8163	9413	sub-10/ses-01/eeg/sub-10_ses-01_task-imagery_run-02_eeg.edf	source_train	unresolved	anonymized_actual_date_unresolved
sub-10	01	02	sub-10/ses-01/run-02/tsv-row-6	6	right_hand	2	39.524	5.0	9881	11131	sub-10/ses-01/eeg/sub-10_ses-01_task-imagery_run-02_eeg.edf	source_train	unresolved	anonymized_actual_date_unresolved
sub-10	01	02	sub-10/ses-01/run-02/tsv-row-7	7	rest	1	46.44	5.0	11610	12860	sub-10/ses-01/eeg/sub-10_ses-01_task-imagery_run-02_eeg.edf	source_train	unresolved	anonymized_actual_date_unresolved
sub-10	01	02	sub-10/ses-01/run-02/tsv-row-8	8	right_hand	2	53.3	5.0	13325	14575	sub-10/ses-01/eeg/sub-10_ses-01_task-imagery_run-02_eeg.edf	source_train	unresolved	anonymized_actual_date_unresolved
sub-10	01	02	sub-10/ses-01/run-02/tsv-row-9	9	rest	1	60.208	5.0	15052	16302	sub-10/ses-01/eeg/sub-10_ses-01_task-imagery_run-02_eeg.edf	source_train	unresolved	anonymized_actual_date_unresolved
sub-10	01	02	sub-10/ses-01/run-02/tsv-row-10	10	right_hand	2	67.088	5.0	16772	18022	sub-10/ses-01/eeg/sub-10_ses-01_task-imagery_run-02_eeg.edf	source_train	unresolved	anonymized_actual_date_unresolved
sub-10	01	02	sub-10/ses-01/run-02/tsv-row-11	11	right_hand	2	73.968	5.0	18492	19742	sub-10/ses-01/eeg/sub-10_ses-01_task-imagery_run-02_eeg.edf	source_train	unresolved	anonymized_actual_date_unresolved
sub-10	01	02	sub-10/ses-01/run-02/tsv-row-12	12	rest	1	80.868	5.0	20217	21467	sub-10/ses-01/eeg/sub-10_ses-01_task-imagery_run-02_eeg.edf	source_train	unresolved	anonymized_actual_date_unresolved
sub-10	01	02	sub-10/ses-01/run-02/tsv-row-13	13	right_hand	2	87.748	5.0	21937	23187	sub-10/ses-01/eeg/sub-10_ses-01_task-imagery_run-02_eeg.edf	source_train	unresolved	anonymized_actual_date_unresolved
sub-10	01	02	sub-10/ses-01/run-02/tsv-row-14	14	rest	1	94.652	5.0	23663	24913	sub-10/ses-01/eeg/sub-10_ses-01_task-imagery_run-02_eeg.edf	source_train	unresolved	anonymized_actual_date_unresolved
sub-10	01	02	sub-10/ses-01/run-02/tsv-row-15	15	rest	1	101.536	5.0	25384	26634	sub-10/ses-01/eeg/sub-10_ses-01_task-imagery_run-02_eeg.edf	source_train	unresolved	anonymized_actual_date_unresolved
sub-10	01	02	sub-10/ses-01/run-02/tsv-row-16	16	right_hand	2	108.396	5.0	27099	28349	sub-10/ses-01/eeg/sub-10_ses-01_task-imagery_run-02_eeg.edf	source_train	unresolved	anonymized_actual_date_unresolved
sub-10	01	02	sub-10/ses-01/run-02/tsv-row-17	17	rest	1	115.312	5.0	28828	30078	sub-10/ses-01/eeg/sub-10_ses-01_task-imagery_run-02_eeg.edf	source_train	unresolved	anonymized_actual_date_unresolved
sub-10	01	02	sub-10/ses-01/run-02/tsv-row-18	18	right_hand	2	122.184	5.0	30546	31796	sub-10/ses-01/eeg/sub-10_ses-01_task-imagery_run-02_eeg.edf	source_train	unresolved	anonymized_actual_date_unresolved
sub-10	01	02	sub-10/ses-01/run-02/tsv-row-19	19	right_hand	2	129.064	5.0	32266	33516	sub-10/ses-01/eeg/sub-10_ses-01_task-imagery_run-02_eeg.edf	source_train	unresolved	anonymized_actual_date_unresolved
sub-10	01	02	sub-10/ses-01/run-02/tsv-row-20	20	rest	1	135.98	5.0	33995	35245	sub-10/ses-01/eeg/sub-10_ses-01_task-imagery_run-02_eeg.edf	source_train	unresolved	anonymized_actual_date_unresolved
sub-10	01	02	sub-10/ses-01/run-02/tsv-row-21	21	rest	1	142.86	5.0	35715	36965	sub-10/ses-01/eeg/sub-10_ses-01_task-imagery_run-02_eeg.edf	source_train	unresolved	anonymized_actual_date_unresolved
sub-10	01	02	sub-10/ses-01/run-02/tsv-row-22	22	right_hand	2	149.732	5.0	37433	38683	sub-10/ses-01/eeg/sub-10_ses-01_task-imagery_run-02_eeg.edf	source_train	unresolved	anonymized_actual_date_unresolved
sub-10	01	02	sub-10/ses-01/run-02/tsv-row-23	23	right_hand	2	156.628	5.0	39157	40407	sub-10/ses-01/eeg/sub-10_ses-01_task-imagery_run-02_eeg.edf	source_train	unresolved	anonymized_actual_date_unresolved
sub-10	01	02	sub-10/ses-01/run-02/tsv-row-24	24	rest	1	163.528	5.0	40882	42132	sub-10/ses-01/eeg/sub-10_ses-01_task-imagery_run-02_eeg.edf	source_train	unresolved	anonymized_actual_date_unresolved
sub-10	01	02	sub-10/ses-01/run-02/tsv-row-25	25	right_hand	2	170.388	5.0	42597	43847	sub-10/ses-01/eeg/sub-10_ses-01_task-imagery_run-02_eeg.edf	source_train	unresolved	anonymized_actual_date_unresolved
sub-10	01	02	sub-10/ses-01/run-02/tsv-row-26	26	rest	1	177.312	5.0	44328	45578	sub-10/ses-01/eeg/sub-10_ses-01_task-imagery_run-02_eeg.edf	source_train	unresolved	anonymized_actual_date_unresolved
sub-10	01	02	sub-10/ses-01/run-02/tsv-row-27	27	rest	1	184.192	5.0	46048	47298	sub-10/ses-01/eeg/sub-10_ses-01_task-imagery_run-02_eeg.edf	source_train	unresolved	anonymized_actual_date_unresolved
sub-10	01	02	sub-10/ses-01/run-02/tsv-row-28	28	right_hand	2	191.056	5.0	47764	49014	sub-10/ses-01/eeg/sub-10_ses-01_task-imagery_run-02_eeg.edf	source_train	unresolved	anonymized_actual_date_unresolved
sub-10	01	02	sub-10/ses-01/run-02/tsv-row-29	29	rest	1	197.972	5.0	49493	50743	sub-10/ses-01/eeg/sub-10_ses-01_task-imagery_run-02_eeg.edf	source_train	unresolved	anonymized_actual_date_unresolved
sub-10	01	02	sub-10/ses-01/run-02/tsv-row-30	30	right_hand	2	204.844	5.0	51211	52461	sub-10/ses-01/eeg/sub-10_ses-01_task-imagery_run-02_eeg.edf	source_train	unresolved	anonymized_actual_date_unresolved
sub-10	01	02	sub-10/ses-01/run-02/tsv-row-31	31	right_hand	2	211.724	5.0	52931	54181	sub-10/ses-01/eeg/sub-10_ses-01_task-imagery_run-02_eeg.edf	source_train	unresolved	anonymized_actual_date_unresolved
sub-10	01	02	sub-10/ses-01/run-02/tsv-row-32	32	rest	1	218.64	5.0	54660	55910	sub-10/ses-01/eeg/sub-10_ses-01_task-imagery_run-02_eeg.edf	source_train	unresolved	anonymized_actual_date_unresolved
sub-10	01	03	sub-10/ses-01/run-03/tsv-row-1	1	rest	1	5.256	5.0	1314	2564	sub-10/ses-01/eeg/sub-10_ses-01_task-imagery_run-03_eeg.edf	source_train	unresolved	anonymized_actual_date_unresolved
sub-10	01	03	sub-10/ses-01/run-03/tsv-row-2	2	right_hand	2	12.116	5.0	3029	4279	sub-10/ses-01/eeg/sub-10_ses-01_task-imagery_run-03_eeg.edf	source_train	unresolved	anonymized_actual_date_unresolved
sub-10	01	03	sub-10/ses-01/run-03/tsv-row-3	3	rest	1	19.016	5.0	4754	6004	sub-10/ses-01/eeg/sub-10_ses-01_task-imagery_run-03_eeg.edf	source_train	unresolved	anonymized_actual_date_unresolved
sub-10	01	03	sub-10/ses-01/run-03/tsv-row-4	4	right_hand	2	25.896	5.0	6474	7724	sub-10/ses-01/eeg/sub-10_ses-01_task-imagery_run-03_eeg.edf	source_train	unresolved	anonymized_actual_date_unresolved
sub-10	01	03	sub-10/ses-01/run-03/tsv-row-5	5	right_hand	2	32.776	5.0	8194	9444	sub-10/ses-01/eeg/sub-10_ses-01_task-imagery_run-03_eeg.edf	source_train	unresolved	anonymized_actual_date_unresolved
sub-10	01	03	sub-10/ses-01/run-03/tsv-row-6	6	rest	1	39.684	5.0	9921	11171	sub-10/ses-01/eeg/sub-10_ses-01_task-imagery_run-03_eeg.edf	source_train	unresolved	anonymized_actual_date_unresolved
sub-10	01	03	sub-10/ses-01/run-03/tsv-row-7	7	rest	1	46.58	5.0	11645	12895	sub-10/ses-01/eeg/sub-10_ses-01_task-imagery_run-03_eeg.edf	source_train	unresolved	anonymized_actual_date_unresolved
sub-10	01	03	sub-10/ses-01/run-03/tsv-row-8	8	right_hand	2	53.444	5.0	13361	14611	sub-10/ses-01/eeg/sub-10_ses-01_task-imagery_run-03_eeg.edf	source_train	unresolved	anonymized_actual_date_unresolved
sub-10	01	03	sub-10/ses-01/run-03/tsv-row-9	9	rest	1	60.352	5.0	15088	16338	sub-10/ses-01/eeg/sub-10_ses-01_task-imagery_run-03_eeg.edf	source_train	unresolved	anonymized_actual_date_unresolved
sub-10	01	03	sub-10/ses-01/run-03/tsv-row-10	10	right_hand	2	67.228	5.0	16807	18057	sub-10/ses-01/eeg/sub-10_ses-01_task-imagery_run-03_eeg.edf	source_train	unresolved	anonymized_actual_date_unresolved
sub-10	01	03	sub-10/ses-01/run-03/tsv-row-11	11	right_hand	2	74.108	5.0	18527	19777	sub-10/ses-01/eeg/sub-10_ses-01_task-imagery_run-03_eeg.edf	source_train	unresolved	anonymized_actual_date_unresolved
sub-10	01	03	sub-10/ses-01/run-03/tsv-row-12	12	rest	1	81.008	5.0	20252	21502	sub-10/ses-01/eeg/sub-10_ses-01_task-imagery_run-03_eeg.edf	source_train	unresolved	anonymized_actual_date_unresolved
sub-10	01	03	sub-10/ses-01/run-03/tsv-row-13	13	rest	1	87.888	5.0	21972	23222	sub-10/ses-01/eeg/sub-10_ses-01_task-imagery_run-03_eeg.edf	source_train	unresolved	anonymized_actual_date_unresolved
sub-10	01	03	sub-10/ses-01/run-03/tsv-row-14	14	right_hand	2	94.776	5.0	23694	24944	sub-10/ses-01/eeg/sub-10_ses-01_task-imagery_run-03_eeg.edf	source_train	unresolved	anonymized_actual_date_unresolved
sub-10	01	03	sub-10/ses-01/run-03/tsv-row-15	15	rest	1	101.676	5.0	25419	26669	sub-10/ses-01/eeg/sub-10_ses-01_task-imagery_run-03_eeg.edf	source_train	unresolved	anonymized_actual_date_unresolved
sub-10	01	03	sub-10/ses-01/run-03/tsv-row-16	16	right_hand	2	108.536	5.0	27134	28384	sub-10/ses-01/eeg/sub-10_ses-01_task-imagery_run-03_eeg.edf	source_train	unresolved	anonymized_actual_date_unresolved
sub-10	01	03	sub-10/ses-01/run-03/tsv-row-17	17	rest	1	115.452	5.0	28863	30113	sub-10/ses-01/eeg/sub-10_ses-01_task-imagery_run-03_eeg.edf	source_train	unresolved	anonymized_actual_date_unresolved
sub-10	01	03	sub-10/ses-01/run-03/tsv-row-18	18	right_hand	2	122.324	5.0	30581	31831	sub-10/ses-01/eeg/sub-10_ses-01_task-imagery_run-03_eeg.edf	source_train	unresolved	anonymized_actual_date_unresolved
sub-10	01	03	sub-10/ses-01/run-03/tsv-row-19	19	rest	1	129.224	5.0	32306	33556	sub-10/ses-01/eeg/sub-10_ses-01_task-imagery_run-03_eeg.edf	source_train	unresolved	anonymized_actual_date_unresolved
sub-10	01	03	sub-10/ses-01/run-03/tsv-row-20	20	right_hand	2	136.1	5.0	34025	35275	sub-10/ses-01/eeg/sub-10_ses-01_task-imagery_run-03_eeg.edf	source_train	unresolved	anonymized_actual_date_unresolved
sub-10	01	03	sub-10/ses-01/run-03/tsv-row-21	21	rest	1	143.0	5.0	35750	37000	sub-10/ses-01/eeg/sub-10_ses-01_task-imagery_run-03_eeg.edf	source_train	unresolved	anonymized_actual_date_unresolved
sub-10	01	03	sub-10/ses-01/run-03/tsv-row-22	22	right_hand	2	149.872	5.0	37468	38718	sub-10/ses-01/eeg/sub-10_ses-01_task-imagery_run-03_eeg.edf	source_train	unresolved	anonymized_actual_date_unresolved
sub-10	01	03	sub-10/ses-01/run-03/tsv-row-23	23	rest	1	156.788	5.0	39197	40447	sub-10/ses-01/eeg/sub-10_ses-01_task-imagery_run-03_eeg.edf	source_train	unresolved	anonymized_actual_date_unresolved
sub-10	01	03	sub-10/ses-01/run-03/tsv-row-24	24	right_hand	2	163.648	5.0	40912	42162	sub-10/ses-01/eeg/sub-10_ses-01_task-imagery_run-03_eeg.edf	source_train	unresolved	anonymized_actual_date_unresolved
sub-10	01	03	sub-10/ses-01/run-03/tsv-row-25	25	right_hand	2	170.528	5.0	42632	43882	sub-10/ses-01/eeg/sub-10_ses-01_task-imagery_run-03_eeg.edf	source_train	unresolved	anonymized_actual_date_unresolved
sub-10	01	03	sub-10/ses-01/run-03/tsv-row-26	26	rest	1	177.452	5.0	44363	45613	sub-10/ses-01/eeg/sub-10_ses-01_task-imagery_run-03_eeg.edf	source_train	unresolved	anonymized_actual_date_unresolved
sub-10	01	03	sub-10/ses-01/run-03/tsv-row-27	27	rest	1	184.336	5.0	46084	47334	sub-10/ses-01/eeg/sub-10_ses-01_task-imagery_run-03_eeg.edf	source_train	unresolved	anonymized_actual_date_unresolved
sub-10	01	03	sub-10/ses-01/run-03/tsv-row-28	28	right_hand	2	191.196	5.0	47799	49049	sub-10/ses-01/eeg/sub-10_ses-01_task-imagery_run-03_eeg.edf	source_train	unresolved	anonymized_actual_date_unresolved
sub-10	01	03	sub-10/ses-01/run-03/tsv-row-29	29	right_hand	2	198.092	5.0	49523	50773	sub-10/ses-01/eeg/sub-10_ses-01_task-imagery_run-03_eeg.edf	source_train	unresolved	anonymized_actual_date_unresolved
sub-10	01	03	sub-10/ses-01/run-03/tsv-row-30	30	rest	1	205.0	5.0	51250	52500	sub-10/ses-01/eeg/sub-10_ses-01_task-imagery_run-03_eeg.edf	source_train	unresolved	anonymized_actual_date_unresolved
sub-10	01	03	sub-10/ses-01/run-03/tsv-row-31	31	right_hand	2	211.864	5.0	52966	54216	sub-10/ses-01/eeg/sub-10_ses-01_task-imagery_run-03_eeg.edf	source_train	unresolved	anonymized_actual_date_unresolved
sub-10	01	03	sub-10/ses-01/run-03/tsv-row-32	32	rest	1	218.78	5.0	54695	55945	sub-10/ses-01/eeg/sub-10_ses-01_task-imagery_run-03_eeg.edf	source_train	unresolved	anonymized_actual_date_unresolved
sub-10	01	04	sub-10/ses-01/run-04/tsv-row-1	1	right_hand	2	6.66	5.0	1665	2915	sub-10/ses-01/eeg/sub-10_ses-01_task-imagery_run-04_eeg.edf	source_train	unresolved	anonymized_actual_date_unresolved
sub-10	01	04	sub-10/ses-01/run-04/tsv-row-2	2	rest	1	13.56	5.0	3390	4640	sub-10/ses-01/eeg/sub-10_ses-01_task-imagery_run-04_eeg.edf	source_train	unresolved	anonymized_actual_date_unresolved
sub-10	01	04	sub-10/ses-01/run-04/tsv-row-3	3	rest	1	20.456	5.0	5114	6364	sub-10/ses-01/eeg/sub-10_ses-01_task-imagery_run-04_eeg.edf	source_train	unresolved	anonymized_actual_date_unresolved
sub-10	01	04	sub-10/ses-01/run-04/tsv-row-4	4	right_hand	2	27.316	5.0	6829	8079	sub-10/ses-01/eeg/sub-10_ses-01_task-imagery_run-04_eeg.edf	source_train	unresolved	anonymized_actual_date_unresolved
sub-10	01	04	sub-10/ses-01/run-04/tsv-row-5	5	rest	1	34.224	5.0	8556	9806	sub-10/ses-01/eeg/sub-10_ses-01_task-imagery_run-04_eeg.edf	source_train	unresolved	anonymized_actual_date_unresolved
sub-10	01	04	sub-10/ses-01/run-04/tsv-row-6	6	right_hand	2	41.088	5.0	10272	11522	sub-10/ses-01/eeg/sub-10_ses-01_task-imagery_run-04_eeg.edf	source_train	unresolved	anonymized_actual_date_unresolved
sub-10	01	04	sub-10/ses-01/run-04/tsv-row-7	7	rest	1	48.004	5.0	12001	13251	sub-10/ses-01/eeg/sub-10_ses-01_task-imagery_run-04_eeg.edf	source_train	unresolved	anonymized_actual_date_unresolved
sub-10	01	04	sub-10/ses-01/run-04/tsv-row-8	8	right_hand	2	54.864	5.0	13716	14966	sub-10/ses-01/eeg/sub-10_ses-01_task-imagery_run-04_eeg.edf	source_train	unresolved	anonymized_actual_date_unresolved
sub-10	01	04	sub-10/ses-01/run-04/tsv-row-9	9	rest	1	61.772	5.0	15443	16693	sub-10/ses-01/eeg/sub-10_ses-01_task-imagery_run-04_eeg.edf	source_train	unresolved	anonymized_actual_date_unresolved
sub-10	01	04	sub-10/ses-01/run-04/tsv-row-10	10	right_hand	2	68.652	5.0	17163	18413	sub-10/ses-01/eeg/sub-10_ses-01_task-imagery_run-04_eeg.edf	source_train	unresolved	anonymized_actual_date_unresolved
sub-10	01	04	sub-10/ses-01/run-04/tsv-row-11	11	right_hand	2	75.532	5.0	18883	20133	sub-10/ses-01/eeg/sub-10_ses-01_task-imagery_run-04_eeg.edf	source_train	unresolved	anonymized_actual_date_unresolved
sub-10	01	04	sub-10/ses-01/run-04/tsv-row-12	12	rest	1	82.432	5.0	20608	21858	sub-10/ses-01/eeg/sub-10_ses-01_task-imagery_run-04_eeg.edf	source_train	unresolved	anonymized_actual_date_unresolved
sub-10	01	04	sub-10/ses-01/run-04/tsv-row-13	13	right_hand	2	89.32	5.0	22330	23580	sub-10/ses-01/eeg/sub-10_ses-01_task-imagery_run-04_eeg.edf	source_train	unresolved	anonymized_actual_date_unresolved
sub-10	01	04	sub-10/ses-01/run-04/tsv-row-14	14	rest	1	96.216	5.0	24054	25304	sub-10/ses-01/eeg/sub-10_ses-01_task-imagery_run-04_eeg.edf	source_train	unresolved	anonymized_actual_date_unresolved
sub-10	01	04	sub-10/ses-01/run-04/tsv-row-15	15	rest	1	103.1	5.0	25775	27025	sub-10/ses-01/eeg/sub-10_ses-01_task-imagery_run-04_eeg.edf	source_train	unresolved	anonymized_actual_date_unresolved
sub-10	01	04	sub-10/ses-01/run-04/tsv-row-16	16	right_hand	2	109.976	5.0	27494	28744	sub-10/ses-01/eeg/sub-10_ses-01_task-imagery_run-04_eeg.edf	source_train	unresolved	anonymized_actual_date_unresolved
sub-10	01	04	sub-10/ses-01/run-04/tsv-row-17	17	rest	1	116.884	5.0	29221	30471	sub-10/ses-01/eeg/sub-10_ses-01_task-imagery_run-04_eeg.edf	source_train	unresolved	anonymized_actual_date_unresolved
sub-10	01	04	sub-10/ses-01/run-04/tsv-row-18	18	right_hand	2	123.748	5.0	30937	32187	sub-10/ses-01/eeg/sub-10_ses-01_task-imagery_run-04_eeg.edf	source_train	unresolved	anonymized_actual_date_unresolved
sub-10	01	04	sub-10/ses-01/run-04/tsv-row-19	19	rest	1	130.66	5.0	32665	33915	sub-10/ses-01/eeg/sub-10_ses-01_task-imagery_run-04_eeg.edf	source_train	unresolved	anonymized_actual_date_unresolved
sub-10	01	04	sub-10/ses-01/run-04/tsv-row-20	20	right_hand	2	137.524	5.0	34381	35631	sub-10/ses-01/eeg/sub-10_ses-01_task-imagery_run-04_eeg.edf	source_train	unresolved	anonymized_actual_date_unresolved
sub-10	01	04	sub-10/ses-01/run-04/tsv-row-21	21	right_hand	2	144.412	5.0	36103	37353	sub-10/ses-01/eeg/sub-10_ses-01_task-imagery_run-04_eeg.edf	source_train	unresolved	anonymized_actual_date_unresolved
sub-10	01	04	sub-10/ses-01/run-04/tsv-row-22	22	rest	1	151.328	5.0	37832	39082	sub-10/ses-01/eeg/sub-10_ses-01_task-imagery_run-04_eeg.edf	source_train	unresolved	anonymized_actual_date_unresolved
sub-10	01	04	sub-10/ses-01/run-04/tsv-row-23	23	right_hand	2	158.192	5.0	39548	40798	sub-10/ses-01/eeg/sub-10_ses-01_task-imagery_run-04_eeg.edf	source_train	unresolved	anonymized_actual_date_unresolved
sub-10	01	04	sub-10/ses-01/run-04/tsv-row-24	24	rest	1	165.088	5.0	41272	42522	sub-10/ses-01/eeg/sub-10_ses-01_task-imagery_run-04_eeg.edf	source_train	unresolved	anonymized_actual_date_unresolved
sub-10	01	04	sub-10/ses-01/run-04/tsv-row-25	25	right_hand	2	171.968	5.0	42992	44242	sub-10/ses-01/eeg/sub-10_ses-01_task-imagery_run-04_eeg.edf	source_train	unresolved	anonymized_actual_date_unresolved
sub-10	01	04	sub-10/ses-01/run-04/tsv-row-26	26	rest	1	178.876	5.0	44719	45969	sub-10/ses-01/eeg/sub-10_ses-01_task-imagery_run-04_eeg.edf	source_train	unresolved	anonymized_actual_date_unresolved
sub-10	01	04	sub-10/ses-01/run-04/tsv-row-27	27	rest	1	185.756	5.0	46439	47689	sub-10/ses-01/eeg/sub-10_ses-01_task-imagery_run-04_eeg.edf	source_train	unresolved	anonymized_actual_date_unresolved
sub-10	01	04	sub-10/ses-01/run-04/tsv-row-28	28	right_hand	2	192.636	5.0	48159	49409	sub-10/ses-01/eeg/sub-10_ses-01_task-imagery_run-04_eeg.edf	source_train	unresolved	anonymized_actual_date_unresolved
sub-10	01	04	sub-10/ses-01/run-04/tsv-row-29	29	right_hand	2	199.516	5.0	49879	51129	sub-10/ses-01/eeg/sub-10_ses-01_task-imagery_run-04_eeg.edf	source_train	unresolved	anonymized_actual_date_unresolved
sub-10	01	04	sub-10/ses-01/run-04/tsv-row-30	30	rest	1	206.424	5.0	51606	52856	sub-10/ses-01/eeg/sub-10_ses-01_task-imagery_run-04_eeg.edf	source_train	unresolved	anonymized_actual_date_unresolved
sub-10	01	04	sub-10/ses-01/run-04/tsv-row-31	31	right_hand	2	213.304	5.0	53326	54576	sub-10/ses-01/eeg/sub-10_ses-01_task-imagery_run-04_eeg.edf	source_train	unresolved	anonymized_actual_date_unresolved
sub-10	01	04	sub-10/ses-01/run-04/tsv-row-32	32	rest	1	220.2	5.0	55050	56300	sub-10/ses-01/eeg/sub-10_ses-01_task-imagery_run-04_eeg.edf	source_train	unresolved	anonymized_actual_date_unresolved
sub-10	01	05	sub-10/ses-01/run-05/tsv-row-1	1	rest	1	6.884	5.0	1721	2971	sub-10/ses-01/eeg/sub-10_ses-01_task-imagery_run-05_eeg.edf	source_reference_query	unresolved	anonymized_actual_date_unresolved
sub-10	01	05	sub-10/ses-01/run-05/tsv-row-2	2	right_hand	2	13.784	5.0	3446	4696	sub-10/ses-01/eeg/sub-10_ses-01_task-imagery_run-05_eeg.edf	source_reference_query	unresolved	anonymized_actual_date_unresolved
sub-10	01	05	sub-10/ses-01/run-05/tsv-row-3	3	right_hand	2	20.664	5.0	5166	6416	sub-10/ses-01/eeg/sub-10_ses-01_task-imagery_run-05_eeg.edf	source_reference_query	unresolved	anonymized_actual_date_unresolved
sub-10	01	05	sub-10/ses-01/run-05/tsv-row-4	4	rest	1	27.552	5.0	6888	8138	sub-10/ses-01/eeg/sub-10_ses-01_task-imagery_run-05_eeg.edf	source_reference_query	unresolved	anonymized_actual_date_unresolved
sub-10	01	05	sub-10/ses-01/run-05/tsv-row-5	5	right_hand	2	34.452	5.0	8613	9863	sub-10/ses-01/eeg/sub-10_ses-01_task-imagery_run-05_eeg.edf	source_reference_query	unresolved	anonymized_actual_date_unresolved
sub-10	01	05	sub-10/ses-01/run-05/tsv-row-6	6	rest	1	41.312	5.0	10328	11578	sub-10/ses-01/eeg/sub-10_ses-01_task-imagery_run-05_eeg.edf	source_reference_query	unresolved	anonymized_actual_date_unresolved
sub-10	01	05	sub-10/ses-01/run-05/tsv-row-7	7	rest	1	48.212	5.0	12053	13303	sub-10/ses-01/eeg/sub-10_ses-01_task-imagery_run-05_eeg.edf	source_reference_query	unresolved	anonymized_actual_date_unresolved
sub-10	01	05	sub-10/ses-01/run-05/tsv-row-8	8	right_hand	2	55.12	5.0	13780	15030	sub-10/ses-01/eeg/sub-10_ses-01_task-imagery_run-05_eeg.edf	source_reference_query	unresolved	anonymized_actual_date_unresolved
sub-10	01	05	sub-10/ses-01/run-05/tsv-row-9	9	rest	1	61.98	5.0	15495	16745	sub-10/ses-01/eeg/sub-10_ses-01_task-imagery_run-05_eeg.edf	source_reference_query	unresolved	anonymized_actual_date_unresolved
sub-10	01	05	sub-10/ses-01/run-05/tsv-row-10	10	right_hand	2	68.896	5.0	17224	18474	sub-10/ses-01/eeg/sub-10_ses-01_task-imagery_run-05_eeg.edf	source_reference_query	unresolved	anonymized_actual_date_unresolved
sub-10	01	05	sub-10/ses-01/run-05/tsv-row-11	11	rest	1	75.76	5.0	18940	20190	sub-10/ses-01/eeg/sub-10_ses-01_task-imagery_run-05_eeg.edf	source_reference_query	unresolved	anonymized_actual_date_unresolved
sub-10	01	05	sub-10/ses-01/run-05/tsv-row-12	12	right_hand	2	82.664	5.0	20666	21916	sub-10/ses-01/eeg/sub-10_ses-01_task-imagery_run-05_eeg.edf	source_reference_query	unresolved	anonymized_actual_date_unresolved
sub-10	01	05	sub-10/ses-01/run-05/tsv-row-13	13	rest	1	89.544	5.0	22386	23636	sub-10/ses-01/eeg/sub-10_ses-01_task-imagery_run-05_eeg.edf	source_reference_query	unresolved	anonymized_actual_date_unresolved
sub-10	01	05	sub-10/ses-01/run-05/tsv-row-14	14	right_hand	2	96.444	5.0	24111	25361	sub-10/ses-01/eeg/sub-10_ses-01_task-imagery_run-05_eeg.edf	source_reference_query	unresolved	anonymized_actual_date_unresolved
sub-10	01	05	sub-10/ses-01/run-05/tsv-row-15	15	right_hand	2	103.324	5.0	25831	27081	sub-10/ses-01/eeg/sub-10_ses-01_task-imagery_run-05_eeg.edf	source_reference_query	unresolved	anonymized_actual_date_unresolved
sub-10	01	05	sub-10/ses-01/run-05/tsv-row-16	16	rest	1	110.196	5.0	27549	28799	sub-10/ses-01/eeg/sub-10_ses-01_task-imagery_run-05_eeg.edf	source_reference_query	unresolved	anonymized_actual_date_unresolved
sub-10	01	05	sub-10/ses-01/run-05/tsv-row-17	17	right_hand	2	117.112	5.0	29278	30528	sub-10/ses-01/eeg/sub-10_ses-01_task-imagery_run-05_eeg.edf	source_reference_query	unresolved	anonymized_actual_date_unresolved
sub-10	01	05	sub-10/ses-01/run-05/tsv-row-18	18	rest	1	123.972	5.0	30993	32243	sub-10/ses-01/eeg/sub-10_ses-01_task-imagery_run-05_eeg.edf	source_reference_query	unresolved	anonymized_actual_date_unresolved
sub-10	01	05	sub-10/ses-01/run-05/tsv-row-19	19	rest	1	130.852	5.0	32713	33963	sub-10/ses-01/eeg/sub-10_ses-01_task-imagery_run-05_eeg.edf	source_reference_query	unresolved	anonymized_actual_date_unresolved
sub-10	01	05	sub-10/ses-01/run-05/tsv-row-20	20	right_hand	2	137.768	5.0	34442	35692	sub-10/ses-01/eeg/sub-10_ses-01_task-imagery_run-05_eeg.edf	source_reference_query	unresolved	anonymized_actual_date_unresolved
sub-10	01	05	sub-10/ses-01/run-05/tsv-row-21	21	right_hand	2	144.66	5.0	36165	37415	sub-10/ses-01/eeg/sub-10_ses-01_task-imagery_run-05_eeg.edf	source_reference_query	unresolved	anonymized_actual_date_unresolved
sub-10	01	05	sub-10/ses-01/run-05/tsv-row-22	22	rest	1	151.52	5.0	37880	39130	sub-10/ses-01/eeg/sub-10_ses-01_task-imagery_run-05_eeg.edf	source_reference_query	unresolved	anonymized_actual_date_unresolved
sub-10	01	05	sub-10/ses-01/run-05/tsv-row-23	23	right_hand	2	158.436	5.0	39609	40859	sub-10/ses-01/eeg/sub-10_ses-01_task-imagery_run-05_eeg.edf	source_reference_query	unresolved	anonymized_actual_date_unresolved
sub-10	01	05	sub-10/ses-01/run-05/tsv-row-24	24	rest	1	165.3	5.0	41325	42575	sub-10/ses-01/eeg/sub-10_ses-01_task-imagery_run-05_eeg.edf	source_reference_query	unresolved	anonymized_actual_date_unresolved
sub-10	01	05	sub-10/ses-01/run-05/tsv-row-25	25	rest	1	172.188	5.0	43047	44297	sub-10/ses-01/eeg/sub-10_ses-01_task-imagery_run-05_eeg.edf	source_reference_query	unresolved	anonymized_actual_date_unresolved
sub-10	01	05	sub-10/ses-01/run-05/tsv-row-26	26	right_hand	2	179.104	5.0	44776	46026	sub-10/ses-01/eeg/sub-10_ses-01_task-imagery_run-05_eeg.edf	source_reference_query	unresolved	anonymized_actual_date_unresolved
sub-10	01	05	sub-10/ses-01/run-05/tsv-row-27	27	rest	1	185.964	5.0	46491	47741	sub-10/ses-01/eeg/sub-10_ses-01_task-imagery_run-05_eeg.edf	source_reference_query	unresolved	anonymized_actual_date_unresolved
sub-10	01	05	sub-10/ses-01/run-05/tsv-row-28	28	right_hand	2	192.864	5.0	48216	49466	sub-10/ses-01/eeg/sub-10_ses-01_task-imagery_run-05_eeg.edf	source_reference_query	unresolved	anonymized_actual_date_unresolved
sub-10	01	05	sub-10/ses-01/run-05/tsv-row-29	29	rest	1	199.752	5.0	49938	51188	sub-10/ses-01/eeg/sub-10_ses-01_task-imagery_run-05_eeg.edf	source_reference_query	unresolved	anonymized_actual_date_unresolved
sub-10	01	05	sub-10/ses-01/run-05/tsv-row-30	30	right_hand	2	206.648	5.0	51662	52912	sub-10/ses-01/eeg/sub-10_ses-01_task-imagery_run-05_eeg.edf	source_reference_query	unresolved	anonymized_actual_date_unresolved
sub-10	01	05	sub-10/ses-01/run-05/tsv-row-31	31	rest	1	213.512	5.0	53378	54628	sub-10/ses-01/eeg/sub-10_ses-01_task-imagery_run-05_eeg.edf	source_reference_query	unresolved	anonymized_actual_date_unresolved
sub-10	01	05	sub-10/ses-01/run-05/tsv-row-32	32	right_hand	2	220.428	5.0	55107	56357	sub-10/ses-01/eeg/sub-10_ses-01_task-imagery_run-05_eeg.edf	source_reference_query	unresolved	anonymized_actual_date_unresolved
sub-10	01	06	sub-10/ses-01/run-06/tsv-row-1	1	right_hand	2	8.644	5.0	2161	3411	sub-10/ses-01/eeg/sub-10_ses-01_task-imagery_run-06_eeg.edf	source_reference_query	unresolved	anonymized_actual_date_unresolved
sub-10	01	06	sub-10/ses-01/run-06/tsv-row-2	2	rest	1	15.56	5.0	3890	5140	sub-10/ses-01/eeg/sub-10_ses-01_task-imagery_run-06_eeg.edf	source_reference_query	unresolved	anonymized_actual_date_unresolved
sub-10	01	06	sub-10/ses-01/run-06/tsv-row-3	3	rest	1	22.436	5.0	5609	6859	sub-10/ses-01/eeg/sub-10_ses-01_task-imagery_run-06_eeg.edf	source_reference_query	unresolved	anonymized_actual_date_unresolved
sub-10	01	06	sub-10/ses-01/run-06/tsv-row-4	4	right_hand	2	29.3	5.0	7325	8575	sub-10/ses-01/eeg/sub-10_ses-01_task-imagery_run-06_eeg.edf	source_reference_query	unresolved	anonymized_actual_date_unresolved
sub-10	01	06	sub-10/ses-01/run-06/tsv-row-5	5	right_hand	2	36.196	5.0	9049	10299	sub-10/ses-01/eeg/sub-10_ses-01_task-imagery_run-06_eeg.edf	source_reference_query	unresolved	anonymized_actual_date_unresolved
sub-10	01	06	sub-10/ses-01/run-06/tsv-row-6	6	rest	1	43.104	5.0	10776	12026	sub-10/ses-01/eeg/sub-10_ses-01_task-imagery_run-06_eeg.edf	source_reference_query	unresolved	anonymized_actual_date_unresolved
sub-10	01	06	sub-10/ses-01/run-06/tsv-row-7	7	rest	1	49.988	5.0	12497	13747	sub-10/ses-01/eeg/sub-10_ses-01_task-imagery_run-06_eeg.edf	source_reference_query	unresolved	anonymized_actual_date_unresolved
sub-10	01	06	sub-10/ses-01/run-06/tsv-row-8	8	right_hand	2	56.848	5.0	14212	15462	sub-10/ses-01/eeg/sub-10_ses-01_task-imagery_run-06_eeg.edf	source_reference_query	unresolved	anonymized_actual_date_unresolved
sub-10	01	06	sub-10/ses-01/run-06/tsv-row-9	9	rest	1	63.764	5.0	15941	17191	sub-10/ses-01/eeg/sub-10_ses-01_task-imagery_run-06_eeg.edf	source_reference_query	unresolved	anonymized_actual_date_unresolved
sub-10	01	06	sub-10/ses-01/run-06/tsv-row-10	10	right_hand	2	70.636	5.0	17659	18909	sub-10/ses-01/eeg/sub-10_ses-01_task-imagery_run-06_eeg.edf	source_reference_query	unresolved	anonymized_actual_date_unresolved
sub-10	01	06	sub-10/ses-01/run-06/tsv-row-11	11	rest	1	77.532	5.0	19383	20633	sub-10/ses-01/eeg/sub-10_ses-01_task-imagery_run-06_eeg.edf	source_reference_query	unresolved	anonymized_actual_date_unresolved
sub-10	01	06	sub-10/ses-01/run-06/tsv-row-12	12	right_hand	2	84.412	5.0	21103	22353	sub-10/ses-01/eeg/sub-10_ses-01_task-imagery_run-06_eeg.edf	source_reference_query	unresolved	anonymized_actual_date_unresolved
sub-10	01	06	sub-10/ses-01/run-06/tsv-row-13	13	rest	1	91.312	5.0	22828	24078	sub-10/ses-01/eeg/sub-10_ses-01_task-imagery_run-06_eeg.edf	source_reference_query	unresolved	anonymized_actual_date_unresolved
sub-10	01	06	sub-10/ses-01/run-06/tsv-row-14	14	right_hand	2	98.184	5.0	24546	25796	sub-10/ses-01/eeg/sub-10_ses-01_task-imagery_run-06_eeg.edf	source_reference_query	unresolved	anonymized_actual_date_unresolved
sub-10	01	06	sub-10/ses-01/run-06/tsv-row-15	15	rest	1	105.1	5.0	26275	27525	sub-10/ses-01/eeg/sub-10_ses-01_task-imagery_run-06_eeg.edf	source_reference_query	unresolved	anonymized_actual_date_unresolved
sub-10	01	06	sub-10/ses-01/run-06/tsv-row-16	16	right_hand	2	111.96	5.0	27990	29240	sub-10/ses-01/eeg/sub-10_ses-01_task-imagery_run-06_eeg.edf	source_reference_query	unresolved	anonymized_actual_date_unresolved
sub-10	01	06	sub-10/ses-01/run-06/tsv-row-17	17	right_hand	2	118.84	5.0	29710	30960	sub-10/ses-01/eeg/sub-10_ses-01_task-imagery_run-06_eeg.edf	source_reference_query	unresolved	anonymized_actual_date_unresolved
sub-10	01	06	sub-10/ses-01/run-06/tsv-row-18	18	rest	1	125.764	5.0	31441	32691	sub-10/ses-01/eeg/sub-10_ses-01_task-imagery_run-06_eeg.edf	source_reference_query	unresolved	anonymized_actual_date_unresolved
sub-10	01	06	sub-10/ses-01/run-06/tsv-row-19	19	right_hand	2	132.628	5.0	33157	34407	sub-10/ses-01/eeg/sub-10_ses-01_task-imagery_run-06_eeg.edf	source_reference_query	unresolved	anonymized_actual_date_unresolved
sub-10	01	06	sub-10/ses-01/run-06/tsv-row-20	20	rest	1	139.528	5.0	34882	36132	sub-10/ses-01/eeg/sub-10_ses-01_task-imagery_run-06_eeg.edf	source_reference_query	unresolved	anonymized_actual_date_unresolved
sub-10	01	06	sub-10/ses-01/run-06/tsv-row-21	21	right_hand	2	146.404	5.0	36601	37851	sub-10/ses-01/eeg/sub-10_ses-01_task-imagery_run-06_eeg.edf	source_reference_query	unresolved	anonymized_actual_date_unresolved
sub-10	01	06	sub-10/ses-01/run-06/tsv-row-22	22	rest	1	153.312	5.0	38328	39578	sub-10/ses-01/eeg/sub-10_ses-01_task-imagery_run-06_eeg.edf	source_reference_query	unresolved	anonymized_actual_date_unresolved
sub-10	01	06	sub-10/ses-01/run-06/tsv-row-23	23	rest	1	160.192	5.0	40048	41298	sub-10/ses-01/eeg/sub-10_ses-01_task-imagery_run-06_eeg.edf	source_reference_query	unresolved	anonymized_actual_date_unresolved
sub-10	01	06	sub-10/ses-01/run-06/tsv-row-24	24	right_hand	2	167.072	5.0	41768	43018	sub-10/ses-01/eeg/sub-10_ses-01_task-imagery_run-06_eeg.edf	source_reference_query	unresolved	anonymized_actual_date_unresolved
sub-10	01	06	sub-10/ses-01/run-06/tsv-row-25	25	right_hand	2	173.952	5.0	43488	44738	sub-10/ses-01/eeg/sub-10_ses-01_task-imagery_run-06_eeg.edf	source_reference_query	unresolved	anonymized_actual_date_unresolved
sub-10	01	06	sub-10/ses-01/run-06/tsv-row-26	26	rest	1	180.86	5.0	45215	46465	sub-10/ses-01/eeg/sub-10_ses-01_task-imagery_run-06_eeg.edf	source_reference_query	unresolved	anonymized_actual_date_unresolved
sub-10	01	06	sub-10/ses-01/run-06/tsv-row-27	27	right_hand	2	187.74	5.0	46935	48185	sub-10/ses-01/eeg/sub-10_ses-01_task-imagery_run-06_eeg.edf	source_reference_query	unresolved	anonymized_actual_date_unresolved
sub-10	01	06	sub-10/ses-01/run-06/tsv-row-28	28	rest	1	194.64	5.0	48660	49910	sub-10/ses-01/eeg/sub-10_ses-01_task-imagery_run-06_eeg.edf	source_reference_query	unresolved	anonymized_actual_date_unresolved
sub-10	01	06	sub-10/ses-01/run-06/tsv-row-29	29	right_hand	2	201.5	5.0	50375	51625	sub-10/ses-01/eeg/sub-10_ses-01_task-imagery_run-06_eeg.edf	source_reference_query	unresolved	anonymized_actual_date_unresolved
sub-10	01	06	sub-10/ses-01/run-06/tsv-row-30	30	rest	1	208.424	5.0	52106	53356	sub-10/ses-01/eeg/sub-10_ses-01_task-imagery_run-06_eeg.edf	source_reference_query	unresolved	anonymized_actual_date_unresolved
sub-10	01	06	sub-10/ses-01/run-06/tsv-row-31	31	right_hand	2	215.288	5.0	53822	55072	sub-10/ses-01/eeg/sub-10_ses-01_task-imagery_run-06_eeg.edf	source_reference_query	unresolved	anonymized_actual_date_unresolved
sub-10	01	06	sub-10/ses-01/run-06/tsv-row-32	32	rest	1	222.184	5.0	55546	56796	sub-10/ses-01/eeg/sub-10_ses-01_task-imagery_run-06_eeg.edf	source_reference_query	unresolved	anonymized_actual_date_unresolved
sub-10	02	01	sub-10/ses-02/run-01/tsv-row-1	1	rest	1	4.884	5.0	1221	2471	sub-10/ses-02/eeg/sub-10_ses-02_task-imagery_run-01_eeg.edf	validation_no_selection	unresolved	anonymized_actual_date_unresolved
sub-10	02	01	sub-10/ses-02/run-01/tsv-row-2	2	right_hand	2	11.752	5.0	2938	4188	sub-10/ses-02/eeg/sub-10_ses-02_task-imagery_run-01_eeg.edf	validation_no_selection	unresolved	anonymized_actual_date_unresolved
sub-10	02	01	sub-10/ses-02/run-01/tsv-row-3	3	rest	1	18.644	5.0	4661	5911	sub-10/ses-02/eeg/sub-10_ses-02_task-imagery_run-01_eeg.edf	validation_no_selection	unresolved	anonymized_actual_date_unresolved
sub-10	02	01	sub-10/ses-02/run-01/tsv-row-4	4	right_hand	2	25.532	5.0	6383	7633	sub-10/ses-02/eeg/sub-10_ses-02_task-imagery_run-01_eeg.edf	validation_no_selection	unresolved	anonymized_actual_date_unresolved
sub-10	02	01	sub-10/ses-02/run-01/tsv-row-5	5	right_hand	2	32.412	5.0	8103	9353	sub-10/ses-02/eeg/sub-10_ses-02_task-imagery_run-01_eeg.edf	validation_no_selection	unresolved	anonymized_actual_date_unresolved
sub-10	02	01	sub-10/ses-02/run-01/tsv-row-6	6	rest	1	39.312	5.0	9828	11078	sub-10/ses-02/eeg/sub-10_ses-02_task-imagery_run-01_eeg.edf	validation_no_selection	unresolved	anonymized_actual_date_unresolved
sub-10	02	01	sub-10/ses-02/run-01/tsv-row-7	7	rest	1	46.208	5.0	11552	12802	sub-10/ses-02/eeg/sub-10_ses-02_task-imagery_run-01_eeg.edf	validation_no_selection	unresolved	anonymized_actual_date_unresolved
sub-10	02	01	sub-10/ses-02/run-01/tsv-row-8	8	right_hand	2	53.08	5.0	13270	14520	sub-10/ses-02/eeg/sub-10_ses-02_task-imagery_run-01_eeg.edf	validation_no_selection	unresolved	anonymized_actual_date_unresolved
sub-10	02	01	sub-10/ses-02/run-01/tsv-row-9	9	right_hand	2	59.96	5.0	14990	16240	sub-10/ses-02/eeg/sub-10_ses-02_task-imagery_run-01_eeg.edf	validation_no_selection	unresolved	anonymized_actual_date_unresolved
sub-10	02	01	sub-10/ses-02/run-01/tsv-row-10	10	rest	1	66.876	5.0	16719	17969	sub-10/ses-02/eeg/sub-10_ses-02_task-imagery_run-01_eeg.edf	validation_no_selection	unresolved	anonymized_actual_date_unresolved
sub-10	02	01	sub-10/ses-02/run-01/tsv-row-11	11	right_hand	2	73.744	5.0	18436	19686	sub-10/ses-02/eeg/sub-10_ses-02_task-imagery_run-01_eeg.edf	validation_no_selection	unresolved	anonymized_actual_date_unresolved
sub-10	02	01	sub-10/ses-02/run-01/tsv-row-12	12	rest	1	80.636	5.0	20159	21409	sub-10/ses-02/eeg/sub-10_ses-02_task-imagery_run-01_eeg.edf	validation_no_selection	unresolved	anonymized_actual_date_unresolved
sub-10	02	01	sub-10/ses-02/run-01/tsv-row-13	13	right_hand	2	87.516	5.0	21879	23129	sub-10/ses-02/eeg/sub-10_ses-02_task-imagery_run-01_eeg.edf	validation_no_selection	unresolved	anonymized_actual_date_unresolved
sub-10	02	01	sub-10/ses-02/run-01/tsv-row-14	14	rest	1	94.424	5.0	23606	24856	sub-10/ses-02/eeg/sub-10_ses-02_task-imagery_run-01_eeg.edf	validation_no_selection	unresolved	anonymized_actual_date_unresolved
sub-10	02	01	sub-10/ses-02/run-01/tsv-row-15	15	rest	1	101.304	5.0	25326	26576	sub-10/ses-02/eeg/sub-10_ses-02_task-imagery_run-01_eeg.edf	validation_no_selection	unresolved	anonymized_actual_date_unresolved
sub-10	02	01	sub-10/ses-02/run-01/tsv-row-16	16	right_hand	2	108.172	5.0	27043	28293	sub-10/ses-02/eeg/sub-10_ses-02_task-imagery_run-01_eeg.edf	validation_no_selection	unresolved	anonymized_actual_date_unresolved
sub-10	02	01	sub-10/ses-02/run-01/tsv-row-17	17	rest	1	115.084	5.0	28771	30021	sub-10/ses-02/eeg/sub-10_ses-02_task-imagery_run-01_eeg.edf	validation_no_selection	unresolved	anonymized_actual_date_unresolved
sub-10	02	01	sub-10/ses-02/run-01/tsv-row-18	18	right_hand	2	121.96	5.0	30490	31740	sub-10/ses-02/eeg/sub-10_ses-02_task-imagery_run-01_eeg.edf	validation_no_selection	unresolved	anonymized_actual_date_unresolved
sub-10	02	01	sub-10/ses-02/run-01/tsv-row-19	19	right_hand	2	128.84	5.0	32210	33460	sub-10/ses-02/eeg/sub-10_ses-02_task-imagery_run-01_eeg.edf	validation_no_selection	unresolved	anonymized_actual_date_unresolved
sub-10	02	01	sub-10/ses-02/run-01/tsv-row-20	20	rest	1	135.748	5.0	33937	35187	sub-10/ses-02/eeg/sub-10_ses-02_task-imagery_run-01_eeg.edf	validation_no_selection	unresolved	anonymized_actual_date_unresolved
sub-10	02	01	sub-10/ses-02/run-01/tsv-row-21	21	rest	1	142.628	5.0	35657	36907	sub-10/ses-02/eeg/sub-10_ses-02_task-imagery_run-01_eeg.edf	validation_no_selection	unresolved	anonymized_actual_date_unresolved
sub-10	02	01	sub-10/ses-02/run-01/tsv-row-22	22	right_hand	2	149.508	5.0	37377	38627	sub-10/ses-02/eeg/sub-10_ses-02_task-imagery_run-01_eeg.edf	validation_no_selection	unresolved	anonymized_actual_date_unresolved
sub-10	02	01	sub-10/ses-02/run-01/tsv-row-23	23	right_hand	2	156.404	5.0	39101	40351	sub-10/ses-02/eeg/sub-10_ses-02_task-imagery_run-01_eeg.edf	validation_no_selection	unresolved	anonymized_actual_date_unresolved
sub-10	02	01	sub-10/ses-02/run-01/tsv-row-24	24	rest	1	163.296	5.0	40824	42074	sub-10/ses-02/eeg/sub-10_ses-02_task-imagery_run-01_eeg.edf	validation_no_selection	unresolved	anonymized_actual_date_unresolved
sub-10	02	01	sub-10/ses-02/run-01/tsv-row-25	25	right_hand	2	170.164	5.0	42541	43791	sub-10/ses-02/eeg/sub-10_ses-02_task-imagery_run-01_eeg.edf	validation_no_selection	unresolved	anonymized_actual_date_unresolved
sub-10	02	01	sub-10/ses-02/run-01/tsv-row-26	26	rest	1	177.084	5.0	44271	45521	sub-10/ses-02/eeg/sub-10_ses-02_task-imagery_run-01_eeg.edf	validation_no_selection	unresolved	anonymized_actual_date_unresolved
sub-10	02	01	sub-10/ses-02/run-01/tsv-row-27	27	rest	1	183.964	5.0	45991	47241	sub-10/ses-02/eeg/sub-10_ses-02_task-imagery_run-01_eeg.edf	validation_no_selection	unresolved	anonymized_actual_date_unresolved
sub-10	02	01	sub-10/ses-02/run-01/tsv-row-28	28	right_hand	2	190.832	5.0	47708	48958	sub-10/ses-02/eeg/sub-10_ses-02_task-imagery_run-01_eeg.edf	validation_no_selection	unresolved	anonymized_actual_date_unresolved
sub-10	02	01	sub-10/ses-02/run-01/tsv-row-29	29	rest	1	197.74	5.0	49435	50685	sub-10/ses-02/eeg/sub-10_ses-02_task-imagery_run-01_eeg.edf	validation_no_selection	unresolved	anonymized_actual_date_unresolved
sub-10	02	01	sub-10/ses-02/run-01/tsv-row-30	30	right_hand	2	204.62	5.0	51155	52405	sub-10/ses-02/eeg/sub-10_ses-02_task-imagery_run-01_eeg.edf	validation_no_selection	unresolved	anonymized_actual_date_unresolved
sub-10	02	01	sub-10/ses-02/run-01/tsv-row-31	31	right_hand	2	211.5	5.0	52875	54125	sub-10/ses-02/eeg/sub-10_ses-02_task-imagery_run-01_eeg.edf	validation_no_selection	unresolved	anonymized_actual_date_unresolved
sub-10	02	01	sub-10/ses-02/run-01/tsv-row-32	32	rest	1	218.408	5.0	54602	55852	sub-10/ses-02/eeg/sub-10_ses-02_task-imagery_run-01_eeg.edf	validation_no_selection	unresolved	anonymized_actual_date_unresolved
sub-10	02	02	sub-10/ses-02/run-02/tsv-row-1	1	right_hand	2	5.488	5.0	1372	2622	sub-10/ses-02/eeg/sub-10_ses-02_task-imagery_run-02_eeg.edf	validation_no_selection	unresolved	anonymized_actual_date_unresolved
sub-10	02	02	sub-10/ses-02/run-02/tsv-row-2	2	rest	1	12.38	5.0	3095	4345	sub-10/ses-02/eeg/sub-10_ses-02_task-imagery_run-02_eeg.edf	validation_no_selection	unresolved	anonymized_actual_date_unresolved
sub-10	02	02	sub-10/ses-02/run-02/tsv-row-3	3	right_hand	2	19.248	5.0	4812	6062	sub-10/ses-02/eeg/sub-10_ses-02_task-imagery_run-02_eeg.edf	validation_no_selection	unresolved	anonymized_actual_date_unresolved
sub-10	02	02	sub-10/ses-02/run-02/tsv-row-4	4	rest	1	26.16	5.0	6540	7790	sub-10/ses-02/eeg/sub-10_ses-02_task-imagery_run-02_eeg.edf	validation_no_selection	unresolved	anonymized_actual_date_unresolved
sub-10	02	02	sub-10/ses-02/run-02/tsv-row-5	5	right_hand	2	33.036	5.0	8259	9509	sub-10/ses-02/eeg/sub-10_ses-02_task-imagery_run-02_eeg.edf	validation_no_selection	unresolved	anonymized_actual_date_unresolved
sub-10	02	02	sub-10/ses-02/run-02/tsv-row-6	6	rest	1	39.928	5.0	9982	11232	sub-10/ses-02/eeg/sub-10_ses-02_task-imagery_run-02_eeg.edf	validation_no_selection	unresolved	anonymized_actual_date_unresolved
sub-10	02	02	sub-10/ses-02/run-02/tsv-row-7	7	right_hand	2	46.796	5.0	11699	12949	sub-10/ses-02/eeg/sub-10_ses-02_task-imagery_run-02_eeg.edf	validation_no_selection	unresolved	anonymized_actual_date_unresolved
sub-10	02	02	sub-10/ses-02/run-02/tsv-row-8	8	rest	1	53.704	5.0	13426	14676	sub-10/ses-02/eeg/sub-10_ses-02_task-imagery_run-02_eeg.edf	validation_no_selection	unresolved	anonymized_actual_date_unresolved
sub-10	02	02	sub-10/ses-02/run-02/tsv-row-9	9	rest	1	60.596	5.0	15149	16399	sub-10/ses-02/eeg/sub-10_ses-02_task-imagery_run-02_eeg.edf	validation_no_selection	unresolved	anonymized_actual_date_unresolved
sub-10	02	02	sub-10/ses-02/run-02/tsv-row-10	10	right_hand	2	67.464	5.0	16866	18116	sub-10/ses-02/eeg/sub-10_ses-02_task-imagery_run-02_eeg.edf	validation_no_selection	unresolved	anonymized_actual_date_unresolved
sub-10	02	02	sub-10/ses-02/run-02/tsv-row-11	11	right_hand	2	74.36	5.0	18590	19840	sub-10/ses-02/eeg/sub-10_ses-02_task-imagery_run-02_eeg.edf	validation_no_selection	unresolved	anonymized_actual_date_unresolved
sub-10	02	02	sub-10/ses-02/run-02/tsv-row-12	12	rest	1	81.252	5.0	20313	21563	sub-10/ses-02/eeg/sub-10_ses-02_task-imagery_run-02_eeg.edf	validation_no_selection	unresolved	anonymized_actual_date_unresolved
sub-10	02	02	sub-10/ses-02/run-02/tsv-row-13	13	rest	1	88.144	5.0	22036	23286	sub-10/ses-02/eeg/sub-10_ses-02_task-imagery_run-02_eeg.edf	validation_no_selection	unresolved	anonymized_actual_date_unresolved
sub-10	02	02	sub-10/ses-02/run-02/tsv-row-14	14	right_hand	2	95.028	5.0	23757	25007	sub-10/ses-02/eeg/sub-10_ses-02_task-imagery_run-02_eeg.edf	validation_no_selection	unresolved	anonymized_actual_date_unresolved
sub-10	02	02	sub-10/ses-02/run-02/tsv-row-15	15	rest	1	101.92	5.0	25480	26730	sub-10/ses-02/eeg/sub-10_ses-02_task-imagery_run-02_eeg.edf	validation_no_selection	unresolved	anonymized_actual_date_unresolved
sub-10	02	02	sub-10/ses-02/run-02/tsv-row-16	16	right_hand	2	108.788	5.0	27197	28447	sub-10/ses-02/eeg/sub-10_ses-02_task-imagery_run-02_eeg.edf	validation_no_selection	unresolved	anonymized_actual_date_unresolved
sub-10	02	02	sub-10/ses-02/run-02/tsv-row-17	17	rest	1	115.708	5.0	28927	30177	sub-10/ses-02/eeg/sub-10_ses-02_task-imagery_run-02_eeg.edf	validation_no_selection	unresolved	anonymized_actual_date_unresolved
sub-10	02	02	sub-10/ses-02/run-02/tsv-row-18	18	right_hand	2	122.576	5.0	30644	31894	sub-10/ses-02/eeg/sub-10_ses-02_task-imagery_run-02_eeg.edf	validation_no_selection	unresolved	anonymized_actual_date_unresolved
sub-10	02	02	sub-10/ses-02/run-02/tsv-row-19	19	rest	1	129.468	5.0	32367	33617	sub-10/ses-02/eeg/sub-10_ses-02_task-imagery_run-02_eeg.edf	validation_no_selection	unresolved	anonymized_actual_date_unresolved
sub-10	02	02	sub-10/ses-02/run-02/tsv-row-20	20	right_hand	2	136.352	5.0	34088	35338	sub-10/ses-02/eeg/sub-10_ses-02_task-imagery_run-02_eeg.edf	validation_no_selection	unresolved	anonymized_actual_date_unresolved
sub-10	02	02	sub-10/ses-02/run-02/tsv-row-21	21	right_hand	2	143.244	5.0	35811	37061	sub-10/ses-02/eeg/sub-10_ses-02_task-imagery_run-02_eeg.edf	validation_no_selection	unresolved	anonymized_actual_date_unresolved
sub-10	02	02	sub-10/ses-02/run-02/tsv-row-22	22	rest	1	150.136	5.0	37534	38784	sub-10/ses-02/eeg/sub-10_ses-02_task-imagery_run-02_eeg.edf	validation_no_selection	unresolved	anonymized_actual_date_unresolved
sub-10	02	02	sub-10/ses-02/run-02/tsv-row-23	23	rest	1	157.032	5.0	39258	40508	sub-10/ses-02/eeg/sub-10_ses-02_task-imagery_run-02_eeg.edf	validation_no_selection	unresolved	anonymized_actual_date_unresolved
sub-10	02	02	sub-10/ses-02/run-02/tsv-row-24	24	right_hand	2	163.9	5.0	40975	42225	sub-10/ses-02/eeg/sub-10_ses-02_task-imagery_run-02_eeg.edf	validation_no_selection	unresolved	anonymized_actual_date_unresolved
sub-10	02	02	sub-10/ses-02/run-02/tsv-row-25	25	right_hand	2	170.792	5.0	42698	43948	sub-10/ses-02/eeg/sub-10_ses-02_task-imagery_run-02_eeg.edf	validation_no_selection	unresolved	anonymized_actual_date_unresolved
sub-10	02	02	sub-10/ses-02/run-02/tsv-row-26	26	rest	1	177.7	5.0	44425	45675	sub-10/ses-02/eeg/sub-10_ses-02_task-imagery_run-02_eeg.edf	validation_no_selection	unresolved	anonymized_actual_date_unresolved
sub-10	02	02	sub-10/ses-02/run-02/tsv-row-27	27	rest	1	184.58	5.0	46145	47395	sub-10/ses-02/eeg/sub-10_ses-02_task-imagery_run-02_eeg.edf	validation_no_selection	unresolved	anonymized_actual_date_unresolved
sub-10	02	02	sub-10/ses-02/run-02/tsv-row-28	28	right_hand	2	191.448	5.0	47862	49112	sub-10/ses-02/eeg/sub-10_ses-02_task-imagery_run-02_eeg.edf	validation_no_selection	unresolved	anonymized_actual_date_unresolved
sub-10	02	02	sub-10/ses-02/run-02/tsv-row-29	29	right_hand	2	198.356	5.0	49589	50839	sub-10/ses-02/eeg/sub-10_ses-02_task-imagery_run-02_eeg.edf	validation_no_selection	unresolved	anonymized_actual_date_unresolved
sub-10	02	02	sub-10/ses-02/run-02/tsv-row-30	30	rest	1	205.248	5.0	51312	52562	sub-10/ses-02/eeg/sub-10_ses-02_task-imagery_run-02_eeg.edf	validation_no_selection	unresolved	anonymized_actual_date_unresolved
sub-10	02	02	sub-10/ses-02/run-02/tsv-row-31	31	right_hand	2	212.116	5.0	53029	54279	sub-10/ses-02/eeg/sub-10_ses-02_task-imagery_run-02_eeg.edf	validation_no_selection	unresolved	anonymized_actual_date_unresolved
sub-10	02	02	sub-10/ses-02/run-02/tsv-row-32	32	rest	1	219.008	5.0	54752	56002	sub-10/ses-02/eeg/sub-10_ses-02_task-imagery_run-02_eeg.edf	validation_no_selection	unresolved	anonymized_actual_date_unresolved
sub-10	02	03	sub-10/ses-02/run-03/tsv-row-1	1	rest	1	5.408	5.0	1352	2602	sub-10/ses-02/eeg/sub-10_ses-02_task-imagery_run-03_eeg.edf	validation_no_selection	unresolved	anonymized_actual_date_unresolved
sub-10	02	03	sub-10/ses-02/run-03/tsv-row-2	2	right_hand	2	12.28	5.0	3070	4320	sub-10/ses-02/eeg/sub-10_ses-02_task-imagery_run-03_eeg.edf	validation_no_selection	unresolved	anonymized_actual_date_unresolved
sub-10	02	03	sub-10/ses-02/run-03/tsv-row-3	3	right_hand	2	19.176	5.0	4794	6044	sub-10/ses-02/eeg/sub-10_ses-02_task-imagery_run-03_eeg.edf	validation_no_selection	unresolved	anonymized_actual_date_unresolved
sub-10	02	03	sub-10/ses-02/run-03/tsv-row-4	4	rest	1	26.068	5.0	6517	7767	sub-10/ses-02/eeg/sub-10_ses-02_task-imagery_run-03_eeg.edf	validation_no_selection	unresolved	anonymized_actual_date_unresolved
sub-10	02	03	sub-10/ses-02/run-03/tsv-row-5	5	right_hand	2	32.944	5.0	8236	9486	sub-10/ses-02/eeg/sub-10_ses-02_task-imagery_run-03_eeg.edf	validation_no_selection	unresolved	anonymized_actual_date_unresolved
sub-10	02	03	sub-10/ses-02/run-03/tsv-row-6	6	rest	1	39.856	5.0	9964	11214	sub-10/ses-02/eeg/sub-10_ses-02_task-imagery_run-03_eeg.edf	validation_no_selection	unresolved	anonymized_actual_date_unresolved
sub-10	02	03	sub-10/ses-02/run-03/tsv-row-7	7	rest	1	46.736	5.0	11684	12934	sub-10/ses-02/eeg/sub-10_ses-02_task-imagery_run-03_eeg.edf	validation_no_selection	unresolved	anonymized_actual_date_unresolved
sub-10	02	03	sub-10/ses-02/run-03/tsv-row-8	8	right_hand	2	53.604	5.0	13401	14651	sub-10/ses-02/eeg/sub-10_ses-02_task-imagery_run-03_eeg.edf	validation_no_selection	unresolved	anonymized_actual_date_unresolved
sub-10	02	03	sub-10/ses-02/run-03/tsv-row-9	9	right_hand	2	60.5	5.0	15125	16375	sub-10/ses-02/eeg/sub-10_ses-02_task-imagery_run-03_eeg.edf	validation_no_selection	unresolved	anonymized_actual_date_unresolved
sub-10	02	03	sub-10/ses-02/run-03/tsv-row-10	10	rest	1	67.4	5.0	16850	18100	sub-10/ses-02/eeg/sub-10_ses-02_task-imagery_run-03_eeg.edf	validation_no_selection	unresolved	anonymized_actual_date_unresolved
sub-10	02	03	sub-10/ses-02/run-03/tsv-row-11	11	rest	1	74.284	5.0	18571	19821	sub-10/ses-02/eeg/sub-10_ses-02_task-imagery_run-03_eeg.edf	validation_no_selection	unresolved	anonymized_actual_date_unresolved
sub-10	02	03	sub-10/ses-02/run-03/tsv-row-12	12	right_hand	2	81.168	5.0	20292	21542	sub-10/ses-02/eeg/sub-10_ses-02_task-imagery_run-03_eeg.edf	validation_no_selection	unresolved	anonymized_actual_date_unresolved
sub-10	02	03	sub-10/ses-02/run-03/tsv-row-13	13	rest	1	88.06	5.0	22015	23265	sub-10/ses-02/eeg/sub-10_ses-02_task-imagery_run-03_eeg.edf	validation_no_selection	unresolved	anonymized_actual_date_unresolved
sub-10	02	03	sub-10/ses-02/run-03/tsv-row-14	14	right_hand	2	94.936	5.0	23734	24984	sub-10/ses-02/eeg/sub-10_ses-02_task-imagery_run-03_eeg.edf	validation_no_selection	unresolved	anonymized_actual_date_unresolved
sub-10	02	03	sub-10/ses-02/run-03/tsv-row-15	15	right_hand	2	101.836	5.0	25459	26709	sub-10/ses-02/eeg/sub-10_ses-02_task-imagery_run-03_eeg.edf	validation_no_selection	unresolved	anonymized_actual_date_unresolved
sub-10	02	03	sub-10/ses-02/run-03/tsv-row-16	16	rest	1	108.728	5.0	27182	28432	sub-10/ses-02/eeg/sub-10_ses-02_task-imagery_run-03_eeg.edf	validation_no_selection	unresolved	anonymized_actual_date_unresolved
sub-10	02	03	sub-10/ses-02/run-03/tsv-row-17	17	rest	1	115.608	5.0	28902	30152	sub-10/ses-02/eeg/sub-10_ses-02_task-imagery_run-03_eeg.edf	validation_no_selection	unresolved	anonymized_actual_date_unresolved
sub-10	02	03	sub-10/ses-02/run-03/tsv-row-18	18	right_hand	2	122.484	5.0	30621	31871	sub-10/ses-02/eeg/sub-10_ses-02_task-imagery_run-03_eeg.edf	validation_no_selection	unresolved	anonymized_actual_date_unresolved
sub-10	02	03	sub-10/ses-02/run-03/tsv-row-19	19	right_hand	2	129.384	5.0	32346	33596	sub-10/ses-02/eeg/sub-10_ses-02_task-imagery_run-03_eeg.edf	validation_no_selection	unresolved	anonymized_actual_date_unresolved
sub-10	02	03	sub-10/ses-02/run-03/tsv-row-20	20	rest	1	136.276	5.0	34069	35319	sub-10/ses-02/eeg/sub-10_ses-02_task-imagery_run-03_eeg.edf	validation_no_selection	unresolved	anonymized_actual_date_unresolved
sub-10	02	03	sub-10/ses-02/run-03/tsv-row-21	21	rest	1	143.156	5.0	35789	37039	sub-10/ses-02/eeg/sub-10_ses-02_task-imagery_run-03_eeg.edf	validation_no_selection	unresolved	anonymized_actual_date_unresolved
sub-10	02	03	sub-10/ses-02/run-03/tsv-row-22	22	right_hand	2	150.048	5.0	37512	38762	sub-10/ses-02/eeg/sub-10_ses-02_task-imagery_run-03_eeg.edf	validation_no_selection	unresolved	anonymized_actual_date_unresolved
sub-10	02	03	sub-10/ses-02/run-03/tsv-row-23	23	right_hand	2	156.932	5.0	39233	40483	sub-10/ses-02/eeg/sub-10_ses-02_task-imagery_run-03_eeg.edf	validation_no_selection	unresolved	anonymized_actual_date_unresolved
sub-10	02	03	sub-10/ses-02/run-03/tsv-row-24	24	rest	1	163.824	5.0	40956	42206	sub-10/ses-02/eeg/sub-10_ses-02_task-imagery_run-03_eeg.edf	validation_no_selection	unresolved	anonymized_actual_date_unresolved
sub-10	02	03	sub-10/ses-02/run-03/tsv-row-25	25	rest	1	170.72	5.0	42680	43930	sub-10/ses-02/eeg/sub-10_ses-02_task-imagery_run-03_eeg.edf	validation_no_selection	unresolved	anonymized_actual_date_unresolved
sub-10	02	03	sub-10/ses-02/run-03/tsv-row-26	26	right_hand	2	177.596	5.0	44399	45649	sub-10/ses-02/eeg/sub-10_ses-02_task-imagery_run-03_eeg.edf	validation_no_selection	unresolved	anonymized_actual_date_unresolved
sub-10	02	03	sub-10/ses-02/run-03/tsv-row-27	27	right_hand	2	184.476	5.0	46119	47369	sub-10/ses-02/eeg/sub-10_ses-02_task-imagery_run-03_eeg.edf	validation_no_selection	unresolved	anonymized_actual_date_unresolved
sub-10	02	03	sub-10/ses-02/run-03/tsv-row-28	28	rest	1	191.388	5.0	47847	49097	sub-10/ses-02/eeg/sub-10_ses-02_task-imagery_run-03_eeg.edf	validation_no_selection	unresolved	anonymized_actual_date_unresolved
sub-10	02	03	sub-10/ses-02/run-03/tsv-row-29	29	rest	1	198.268	5.0	49567	50817	sub-10/ses-02/eeg/sub-10_ses-02_task-imagery_run-03_eeg.edf	validation_no_selection	unresolved	anonymized_actual_date_unresolved
sub-10	02	03	sub-10/ses-02/run-03/tsv-row-30	30	right_hand	2	205.144	5.0	51286	52536	sub-10/ses-02/eeg/sub-10_ses-02_task-imagery_run-03_eeg.edf	validation_no_selection	unresolved	anonymized_actual_date_unresolved
sub-10	02	03	sub-10/ses-02/run-03/tsv-row-31	31	right_hand	2	212.044	5.0	53011	54261	sub-10/ses-02/eeg/sub-10_ses-02_task-imagery_run-03_eeg.edf	validation_no_selection	unresolved	anonymized_actual_date_unresolved
sub-10	02	03	sub-10/ses-02/run-03/tsv-row-32	32	rest	1	218.936	5.0	54734	55984	sub-10/ses-02/eeg/sub-10_ses-02_task-imagery_run-03_eeg.edf	validation_no_selection	unresolved	anonymized_actual_date_unresolved
sub-10	02	04	sub-10/ses-02/run-04/tsv-row-1	1	right_hand	2	5.004	5.0	1251	2501	sub-10/ses-02/eeg/sub-10_ses-02_task-imagery_run-04_eeg.edf	validation_no_selection	unresolved	anonymized_actual_date_unresolved
sub-10	02	04	sub-10/ses-02/run-04/tsv-row-2	2	rest	1	11.904	5.0	2976	4226	sub-10/ses-02/eeg/sub-10_ses-02_task-imagery_run-04_eeg.edf	validation_no_selection	unresolved	anonymized_actual_date_unresolved
sub-10	02	04	sub-10/ses-02/run-04/tsv-row-3	3	rest	1	18.784	5.0	4696	5946	sub-10/ses-02/eeg/sub-10_ses-02_task-imagery_run-04_eeg.edf	validation_no_selection	unresolved	anonymized_actual_date_unresolved
sub-10	02	04	sub-10/ses-02/run-04/tsv-row-4	4	right_hand	2	25.672	5.0	6418	7668	sub-10/ses-02/eeg/sub-10_ses-02_task-imagery_run-04_eeg.edf	validation_no_selection	unresolved	anonymized_actual_date_unresolved
sub-10	02	04	sub-10/ses-02/run-04/tsv-row-5	5	right_hand	2	32.552	5.0	8138	9388	sub-10/ses-02/eeg/sub-10_ses-02_task-imagery_run-04_eeg.edf	validation_no_selection	unresolved	anonymized_actual_date_unresolved
sub-10	02	04	sub-10/ses-02/run-04/tsv-row-6	6	rest	1	39.452	5.0	9863	11113	sub-10/ses-02/eeg/sub-10_ses-02_task-imagery_run-04_eeg.edf	validation_no_selection	unresolved	anonymized_actual_date_unresolved
sub-10	02	04	sub-10/ses-02/run-04/tsv-row-7	7	rest	1	46.348	5.0	11587	12837	sub-10/ses-02/eeg/sub-10_ses-02_task-imagery_run-04_eeg.edf	validation_no_selection	unresolved	anonymized_actual_date_unresolved
sub-10	02	04	sub-10/ses-02/run-04/tsv-row-8	8	right_hand	2	53.22	5.0	13305	14555	sub-10/ses-02/eeg/sub-10_ses-02_task-imagery_run-04_eeg.edf	validation_no_selection	unresolved	anonymized_actual_date_unresolved
sub-10	02	04	sub-10/ses-02/run-04/tsv-row-9	9	right_hand	2	60.1	5.0	15025	16275	sub-10/ses-02/eeg/sub-10_ses-02_task-imagery_run-04_eeg.edf	validation_no_selection	unresolved	anonymized_actual_date_unresolved
sub-10	02	04	sub-10/ses-02/run-04/tsv-row-10	10	rest	1	67.016	5.0	16754	18004	sub-10/ses-02/eeg/sub-10_ses-02_task-imagery_run-04_eeg.edf	validation_no_selection	unresolved	anonymized_actual_date_unresolved
sub-10	02	04	sub-10/ses-02/run-04/tsv-row-11	11	right_hand	2	73.884	5.0	18471	19721	sub-10/ses-02/eeg/sub-10_ses-02_task-imagery_run-04_eeg.edf	validation_no_selection	unresolved	anonymized_actual_date_unresolved
sub-10	02	04	sub-10/ses-02/run-04/tsv-row-12	12	rest	1	80.828	5.0	20207	21457	sub-10/ses-02/eeg/sub-10_ses-02_task-imagery_run-04_eeg.edf	validation_no_selection	unresolved	anonymized_actual_date_unresolved
sub-10	02	04	sub-10/ses-02/run-04/tsv-row-13	13	rest	1	87.676	5.0	21919	23169	sub-10/ses-02/eeg/sub-10_ses-02_task-imagery_run-04_eeg.edf	validation_no_selection	unresolved	anonymized_actual_date_unresolved
sub-10	02	04	sub-10/ses-02/run-04/tsv-row-14	14	right_hand	2	94.552	5.0	23638	24888	sub-10/ses-02/eeg/sub-10_ses-02_task-imagery_run-04_eeg.edf	validation_no_selection	unresolved	anonymized_actual_date_unresolved
sub-10	02	04	sub-10/ses-02/run-04/tsv-row-15	15	rest	1	101.444	5.0	25361	26611	sub-10/ses-02/eeg/sub-10_ses-02_task-imagery_run-04_eeg.edf	validation_no_selection	unresolved	anonymized_actual_date_unresolved
sub-10	02	04	sub-10/ses-02/run-04/tsv-row-16	16	right_hand	2	108.332	5.0	27083	28333	sub-10/ses-02/eeg/sub-10_ses-02_task-imagery_run-04_eeg.edf	validation_no_selection	unresolved	anonymized_actual_date_unresolved
sub-10	02	04	sub-10/ses-02/run-04/tsv-row-17	17	rest	1	115.224	5.0	28806	30056	sub-10/ses-02/eeg/sub-10_ses-02_task-imagery_run-04_eeg.edf	validation_no_selection	unresolved	anonymized_actual_date_unresolved
sub-10	02	04	sub-10/ses-02/run-04/tsv-row-18	18	right_hand	2	122.1	5.0	30525	31775	sub-10/ses-02/eeg/sub-10_ses-02_task-imagery_run-04_eeg.edf	validation_no_selection	unresolved	anonymized_actual_date_unresolved
sub-10	02	04	sub-10/ses-02/run-04/tsv-row-19	19	right_hand	2	128.98	5.0	32245	33495	sub-10/ses-02/eeg/sub-10_ses-02_task-imagery_run-04_eeg.edf	validation_no_selection	unresolved	anonymized_actual_date_unresolved
sub-10	02	04	sub-10/ses-02/run-04/tsv-row-20	20	rest	1	135.888	5.0	33972	35222	sub-10/ses-02/eeg/sub-10_ses-02_task-imagery_run-04_eeg.edf	validation_no_selection	unresolved	anonymized_actual_date_unresolved
sub-10	02	04	sub-10/ses-02/run-04/tsv-row-21	21	rest	1	142.768	5.0	35692	36942	sub-10/ses-02/eeg/sub-10_ses-02_task-imagery_run-04_eeg.edf	validation_no_selection	unresolved	anonymized_actual_date_unresolved
sub-10	02	04	sub-10/ses-02/run-04/tsv-row-22	22	right_hand	2	149.648	5.0	37412	38662	sub-10/ses-02/eeg/sub-10_ses-02_task-imagery_run-04_eeg.edf	validation_no_selection	unresolved	anonymized_actual_date_unresolved
sub-10	02	04	sub-10/ses-02/run-04/tsv-row-23	23	rest	1	156.556	5.0	39139	40389	sub-10/ses-02/eeg/sub-10_ses-02_task-imagery_run-04_eeg.edf	validation_no_selection	unresolved	anonymized_actual_date_unresolved
sub-10	02	04	sub-10/ses-02/run-04/tsv-row-24	24	right_hand	2	163.424	5.0	40856	42106	sub-10/ses-02/eeg/sub-10_ses-02_task-imagery_run-04_eeg.edf	validation_no_selection	unresolved	anonymized_actual_date_unresolved
sub-10	02	04	sub-10/ses-02/run-04/tsv-row-25	25	rest	1	170.316	5.0	42579	43829	sub-10/ses-02/eeg/sub-10_ses-02_task-imagery_run-04_eeg.edf	validation_no_selection	unresolved	anonymized_actual_date_unresolved
sub-10	02	04	sub-10/ses-02/run-04/tsv-row-26	26	right_hand	2	177.204	5.0	44301	45551	sub-10/ses-02/eeg/sub-10_ses-02_task-imagery_run-04_eeg.edf	validation_no_selection	unresolved	anonymized_actual_date_unresolved
sub-10	02	04	sub-10/ses-02/run-04/tsv-row-27	27	right_hand	2	184.092	5.0	46023	47273	sub-10/ses-02/eeg/sub-10_ses-02_task-imagery_run-04_eeg.edf	validation_no_selection	unresolved	anonymized_actual_date_unresolved
sub-10	02	04	sub-10/ses-02/run-04/tsv-row-28	28	rest	1	190.984	5.0	47746	48996	sub-10/ses-02/eeg/sub-10_ses-02_task-imagery_run-04_eeg.edf	validation_no_selection	unresolved	anonymized_actual_date_unresolved
sub-10	02	04	sub-10/ses-02/run-04/tsv-row-29	29	rest	1	197.88	5.0	49470	50720	sub-10/ses-02/eeg/sub-10_ses-02_task-imagery_run-04_eeg.edf	validation_no_selection	unresolved	anonymized_actual_date_unresolved
sub-10	02	04	sub-10/ses-02/run-04/tsv-row-30	30	right_hand	2	204.752	5.0	51188	52438	sub-10/ses-02/eeg/sub-10_ses-02_task-imagery_run-04_eeg.edf	validation_no_selection	unresolved	anonymized_actual_date_unresolved
sub-10	02	04	sub-10/ses-02/run-04/tsv-row-31	31	rest	1	211.652	5.0	52913	54163	sub-10/ses-02/eeg/sub-10_ses-02_task-imagery_run-04_eeg.edf	validation_no_selection	unresolved	anonymized_actual_date_unresolved
sub-10	02	04	sub-10/ses-02/run-04/tsv-row-32	32	right_hand	2	218.536	5.0	54634	55884	sub-10/ses-02/eeg/sub-10_ses-02_task-imagery_run-04_eeg.edf	validation_no_selection	unresolved	anonymized_actual_date_unresolved
sub-10	02	05	sub-10/ses-02/run-05/tsv-row-1	1	right_hand	2	4.084	5.0	1021	2271	sub-10/ses-02/eeg/sub-10_ses-02_task-imagery_run-05_eeg.edf	validation_no_selection	unresolved	anonymized_actual_date_unresolved
sub-10	02	05	sub-10/ses-02/run-05/tsv-row-2	2	rest	1	10.984	5.0	2746	3996	sub-10/ses-02/eeg/sub-10_ses-02_task-imagery_run-05_eeg.edf	validation_no_selection	unresolved	anonymized_actual_date_unresolved
sub-10	02	05	sub-10/ses-02/run-05/tsv-row-3	3	rest	1	17.864	5.0	4466	5716	sub-10/ses-02/eeg/sub-10_ses-02_task-imagery_run-05_eeg.edf	validation_no_selection	unresolved	anonymized_actual_date_unresolved
sub-10	02	05	sub-10/ses-02/run-05/tsv-row-4	4	right_hand	2	24.748	5.0	6187	7437	sub-10/ses-02/eeg/sub-10_ses-02_task-imagery_run-05_eeg.edf	validation_no_selection	unresolved	anonymized_actual_date_unresolved
sub-10	02	05	sub-10/ses-02/run-05/tsv-row-5	5	right_hand	2	31.632	5.0	7908	9158	sub-10/ses-02/eeg/sub-10_ses-02_task-imagery_run-05_eeg.edf	validation_no_selection	unresolved	anonymized_actual_date_unresolved
sub-10	02	05	sub-10/ses-02/run-05/tsv-row-6	6	rest	1	38.528	5.0	9632	10882	sub-10/ses-02/eeg/sub-10_ses-02_task-imagery_run-05_eeg.edf	validation_no_selection	unresolved	anonymized_actual_date_unresolved
sub-10	02	05	sub-10/ses-02/run-05/tsv-row-7	7	right_hand	2	45.416	5.0	11354	12604	sub-10/ses-02/eeg/sub-10_ses-02_task-imagery_run-05_eeg.edf	validation_no_selection	unresolved	anonymized_actual_date_unresolved
sub-10	02	05	sub-10/ses-02/run-05/tsv-row-8	8	rest	1	52.308	5.0	13077	14327	sub-10/ses-02/eeg/sub-10_ses-02_task-imagery_run-05_eeg.edf	validation_no_selection	unresolved	anonymized_actual_date_unresolved
sub-10	02	05	sub-10/ses-02/run-05/tsv-row-9	9	rest	1	59.188	5.0	14797	16047	sub-10/ses-02/eeg/sub-10_ses-02_task-imagery_run-05_eeg.edf	validation_no_selection	unresolved	anonymized_actual_date_unresolved
sub-10	02	05	sub-10/ses-02/run-05/tsv-row-10	10	right_hand	2	66.068	5.0	16517	17767	sub-10/ses-02/eeg/sub-10_ses-02_task-imagery_run-05_eeg.edf	validation_no_selection	unresolved	anonymized_actual_date_unresolved
sub-10	02	05	sub-10/ses-02/run-05/tsv-row-11	11	right_hand	2	72.964	5.0	18241	19491	sub-10/ses-02/eeg/sub-10_ses-02_task-imagery_run-05_eeg.edf	validation_no_selection	unresolved	anonymized_actual_date_unresolved
sub-10	02	05	sub-10/ses-02/run-05/tsv-row-12	12	rest	1	79.856	5.0	19964	21214	sub-10/ses-02/eeg/sub-10_ses-02_task-imagery_run-05_eeg.edf	validation_no_selection	unresolved	anonymized_actual_date_unresolved
sub-10	02	05	sub-10/ses-02/run-05/tsv-row-13	13	rest	1	86.736	5.0	21684	22934	sub-10/ses-02/eeg/sub-10_ses-02_task-imagery_run-05_eeg.edf	validation_no_selection	unresolved	anonymized_actual_date_unresolved
sub-10	02	05	sub-10/ses-02/run-05/tsv-row-14	14	right_hand	2	93.624	5.0	23406	24656	sub-10/ses-02/eeg/sub-10_ses-02_task-imagery_run-05_eeg.edf	validation_no_selection	unresolved	anonymized_actual_date_unresolved
sub-10	02	05	sub-10/ses-02/run-05/tsv-row-15	15	right_hand	2	100.512	5.0	25128	26378	sub-10/ses-02/eeg/sub-10_ses-02_task-imagery_run-05_eeg.edf	validation_no_selection	unresolved	anonymized_actual_date_unresolved
sub-10	02	05	sub-10/ses-02/run-05/tsv-row-16	16	rest	1	107.404	5.0	26851	28101	sub-10/ses-02/eeg/sub-10_ses-02_task-imagery_run-05_eeg.edf	validation_no_selection	unresolved	anonymized_actual_date_unresolved
sub-10	02	05	sub-10/ses-02/run-05/tsv-row-17	17	rest	1	114.3	5.0	28575	29825	sub-10/ses-02/eeg/sub-10_ses-02_task-imagery_run-05_eeg.edf	validation_no_selection	unresolved	anonymized_actual_date_unresolved
sub-10	02	05	sub-10/ses-02/run-05/tsv-row-18	18	right_hand	2	121.172	5.0	30293	31543	sub-10/ses-02/eeg/sub-10_ses-02_task-imagery_run-05_eeg.edf	validation_no_selection	unresolved	anonymized_actual_date_unresolved
sub-10	02	05	sub-10/ses-02/run-05/tsv-row-19	19	right_hand	2	128.06	5.0	32015	33265	sub-10/ses-02/eeg/sub-10_ses-02_task-imagery_run-05_eeg.edf	validation_no_selection	unresolved	anonymized_actual_date_unresolved
sub-10	02	05	sub-10/ses-02/run-05/tsv-row-20	20	rest	1	134.968	5.0	33742	34992	sub-10/ses-02/eeg/sub-10_ses-02_task-imagery_run-05_eeg.edf	validation_no_selection	unresolved	anonymized_actual_date_unresolved
sub-10	02	05	sub-10/ses-02/run-05/tsv-row-21	21	right_hand	2	141.836	5.0	35459	36709	sub-10/ses-02/eeg/sub-10_ses-02_task-imagery_run-05_eeg.edf	validation_no_selection	unresolved	anonymized_actual_date_unresolved
sub-10	02	05	sub-10/ses-02/run-05/tsv-row-22	22	rest	1	148.728	5.0	37182	38432	sub-10/ses-02/eeg/sub-10_ses-02_task-imagery_run-05_eeg.edf	validation_no_selection	unresolved	anonymized_actual_date_unresolved
sub-10	02	05	sub-10/ses-02/run-05/tsv-row-23	23	right_hand	2	155.624	5.0	38906	40156	sub-10/ses-02/eeg/sub-10_ses-02_task-imagery_run-05_eeg.edf	validation_no_selection	unresolved	anonymized_actual_date_unresolved
sub-10	02	05	sub-10/ses-02/run-05/tsv-row-24	24	rest	1	162.516	5.0	40629	41879	sub-10/ses-02/eeg/sub-10_ses-02_task-imagery_run-05_eeg.edf	validation_no_selection	unresolved	anonymized_actual_date_unresolved
sub-10	02	05	sub-10/ses-02/run-05/tsv-row-25	25	right_hand	2	169.384	5.0	42346	43596	sub-10/ses-02/eeg/sub-10_ses-02_task-imagery_run-05_eeg.edf	validation_no_selection	unresolved	anonymized_actual_date_unresolved
sub-10	02	05	sub-10/ses-02/run-05/tsv-row-26	26	rest	1	176.292	5.0	44073	45323	sub-10/ses-02/eeg/sub-10_ses-02_task-imagery_run-05_eeg.edf	validation_no_selection	unresolved	anonymized_actual_date_unresolved
sub-10	02	05	sub-10/ses-02/run-05/tsv-row-27	27	rest	1	183.18	5.0	45795	47045	sub-10/ses-02/eeg/sub-10_ses-02_task-imagery_run-05_eeg.edf	validation_no_selection	unresolved	anonymized_actual_date_unresolved
sub-10	02	05	sub-10/ses-02/run-05/tsv-row-28	28	right_hand	2	190.052	5.0	47513	48763	sub-10/ses-02/eeg/sub-10_ses-02_task-imagery_run-05_eeg.edf	validation_no_selection	unresolved	anonymized_actual_date_unresolved
sub-10	02	05	sub-10/ses-02/run-05/tsv-row-29	29	rest	1	196.96	5.0	49240	50490	sub-10/ses-02/eeg/sub-10_ses-02_task-imagery_run-05_eeg.edf	validation_no_selection	unresolved	anonymized_actual_date_unresolved
sub-10	02	05	sub-10/ses-02/run-05/tsv-row-30	30	right_hand	2	203.828	5.0	50957	52207	sub-10/ses-02/eeg/sub-10_ses-02_task-imagery_run-05_eeg.edf	validation_no_selection	unresolved	anonymized_actual_date_unresolved
sub-10	02	05	sub-10/ses-02/run-05/tsv-row-31	31	rest	1	210.728	5.0	52682	53932	sub-10/ses-02/eeg/sub-10_ses-02_task-imagery_run-05_eeg.edf	validation_no_selection	unresolved	anonymized_actual_date_unresolved
sub-10	02	05	sub-10/ses-02/run-05/tsv-row-32	32	right_hand	2	217.616	5.0	54404	55654	sub-10/ses-02/eeg/sub-10_ses-02_task-imagery_run-05_eeg.edf	validation_no_selection	unresolved	anonymized_actual_date_unresolved
sub-10	02	06	sub-10/ses-02/run-06/tsv-row-1	1	rest	1	5.696	5.0	1424	2674	sub-10/ses-02/eeg/sub-10_ses-02_task-imagery_run-06_eeg.edf	validation_no_selection	unresolved	anonymized_actual_date_unresolved
sub-10	02	06	sub-10/ses-02/run-06/tsv-row-2	2	right_hand	2	12.564	5.0	3141	4391	sub-10/ses-02/eeg/sub-10_ses-02_task-imagery_run-06_eeg.edf	validation_no_selection	unresolved	anonymized_actual_date_unresolved
sub-10	02	06	sub-10/ses-02/run-06/tsv-row-3	3	right_hand	2	19.448	5.0	4862	6112	sub-10/ses-02/eeg/sub-10_ses-02_task-imagery_run-06_eeg.edf	validation_no_selection	unresolved	anonymized_actual_date_unresolved
sub-10	02	06	sub-10/ses-02/run-06/tsv-row-4	4	rest	1	26.356	5.0	6589	7839	sub-10/ses-02/eeg/sub-10_ses-02_task-imagery_run-06_eeg.edf	validation_no_selection	unresolved	anonymized_actual_date_unresolved
sub-10	02	06	sub-10/ses-02/run-06/tsv-row-5	5	rest	1	33.236	5.0	8309	9559	sub-10/ses-02/eeg/sub-10_ses-02_task-imagery_run-06_eeg.edf	validation_no_selection	unresolved	anonymized_actual_date_unresolved
sub-10	02	06	sub-10/ses-02/run-06/tsv-row-6	6	right_hand	2	40.112	5.0	10028	11278	sub-10/ses-02/eeg/sub-10_ses-02_task-imagery_run-06_eeg.edf	validation_no_selection	unresolved	anonymized_actual_date_unresolved
sub-10	02	06	sub-10/ses-02/run-06/tsv-row-7	7	right_hand	2	47.012	5.0	11753	13003	sub-10/ses-02/eeg/sub-10_ses-02_task-imagery_run-06_eeg.edf	validation_no_selection	unresolved	anonymized_actual_date_unresolved
sub-10	02	06	sub-10/ses-02/run-06/tsv-row-8	8	rest	1	53.904	5.0	13476	14726	sub-10/ses-02/eeg/sub-10_ses-02_task-imagery_run-06_eeg.edf	validation_no_selection	unresolved	anonymized_actual_date_unresolved
sub-10	02	06	sub-10/ses-02/run-06/tsv-row-9	9	rest	1	60.784	5.0	15196	16446	sub-10/ses-02/eeg/sub-10_ses-02_task-imagery_run-06_eeg.edf	validation_no_selection	unresolved	anonymized_actual_date_unresolved
sub-10	02	06	sub-10/ses-02/run-06/tsv-row-10	10	right_hand	2	67.676	5.0	16919	18169	sub-10/ses-02/eeg/sub-10_ses-02_task-imagery_run-06_eeg.edf	validation_no_selection	unresolved	anonymized_actual_date_unresolved
sub-10	02	06	sub-10/ses-02/run-06/tsv-row-11	11	right_hand	2	74.56	5.0	18640	19890	sub-10/ses-02/eeg/sub-10_ses-02_task-imagery_run-06_eeg.edf	validation_no_selection	unresolved	anonymized_actual_date_unresolved
sub-10	02	06	sub-10/ses-02/run-06/tsv-row-12	12	rest	1	81.452	5.0	20363	21613	sub-10/ses-02/eeg/sub-10_ses-02_task-imagery_run-06_eeg.edf	validation_no_selection	unresolved	anonymized_actual_date_unresolved
sub-10	02	06	sub-10/ses-02/run-06/tsv-row-13	13	right_hand	2	88.32	5.0	22080	23330	sub-10/ses-02/eeg/sub-10_ses-02_task-imagery_run-06_eeg.edf	validation_no_selection	unresolved	anonymized_actual_date_unresolved
sub-10	02	06	sub-10/ses-02/run-06/tsv-row-14	14	rest	1	95.236	5.0	23809	25059	sub-10/ses-02/eeg/sub-10_ses-02_task-imagery_run-06_eeg.edf	validation_no_selection	unresolved	anonymized_actual_date_unresolved
sub-10	02	06	sub-10/ses-02/run-06/tsv-row-15	15	right_hand	2	102.104	5.0	25526	26776	sub-10/ses-02/eeg/sub-10_ses-02_task-imagery_run-06_eeg.edf	validation_no_selection	unresolved	anonymized_actual_date_unresolved
sub-10	02	06	sub-10/ses-02/run-06/tsv-row-16	16	rest	1	108.996	5.0	27249	28499	sub-10/ses-02/eeg/sub-10_ses-02_task-imagery_run-06_eeg.edf	validation_no_selection	unresolved	anonymized_actual_date_unresolved
sub-10	02	06	sub-10/ses-02/run-06/tsv-row-17	17	rest	1	115.896	5.0	28974	30224	sub-10/ses-02/eeg/sub-10_ses-02_task-imagery_run-06_eeg.edf	validation_no_selection	unresolved	anonymized_actual_date_unresolved
sub-10	02	06	sub-10/ses-02/run-06/tsv-row-18	18	right_hand	2	122.772	5.0	30693	31943	sub-10/ses-02/eeg/sub-10_ses-02_task-imagery_run-06_eeg.edf	validation_no_selection	unresolved	anonymized_actual_date_unresolved
sub-10	02	06	sub-10/ses-02/run-06/tsv-row-19	19	right_hand	2	129.652	5.0	32413	33663	sub-10/ses-02/eeg/sub-10_ses-02_task-imagery_run-06_eeg.edf	validation_no_selection	unresolved	anonymized_actual_date_unresolved
sub-10	02	06	sub-10/ses-02/run-06/tsv-row-20	20	rest	1	136.564	5.0	34141	35391	sub-10/ses-02/eeg/sub-10_ses-02_task-imagery_run-06_eeg.edf	validation_no_selection	unresolved	anonymized_actual_date_unresolved
sub-10	02	06	sub-10/ses-02/run-06/tsv-row-21	21	right_hand	2	143.432	5.0	35858	37108	sub-10/ses-02/eeg/sub-10_ses-02_task-imagery_run-06_eeg.edf	validation_no_selection	unresolved	anonymized_actual_date_unresolved
sub-10	02	06	sub-10/ses-02/run-06/tsv-row-22	22	rest	1	150.332	5.0	37583	38833	sub-10/ses-02/eeg/sub-10_ses-02_task-imagery_run-06_eeg.edf	validation_no_selection	unresolved	anonymized_actual_date_unresolved
sub-10	02	06	sub-10/ses-02/run-06/tsv-row-23	23	rest	1	157.228	5.0	39307	40557	sub-10/ses-02/eeg/sub-10_ses-02_task-imagery_run-06_eeg.edf	validation_no_selection	unresolved	anonymized_actual_date_unresolved
sub-10	02	06	sub-10/ses-02/run-06/tsv-row-24	24	right_hand	2	164.1	5.0	41025	42275	sub-10/ses-02/eeg/sub-10_ses-02_task-imagery_run-06_eeg.edf	validation_no_selection	unresolved	anonymized_actual_date_unresolved
sub-10	02	06	sub-10/ses-02/run-06/tsv-row-25	25	right_hand	2	170.98	5.0	42745	43995	sub-10/ses-02/eeg/sub-10_ses-02_task-imagery_run-06_eeg.edf	validation_no_selection	unresolved	anonymized_actual_date_unresolved
sub-10	02	06	sub-10/ses-02/run-06/tsv-row-26	26	rest	1	177.888	5.0	44472	45722	sub-10/ses-02/eeg/sub-10_ses-02_task-imagery_run-06_eeg.edf	validation_no_selection	unresolved	anonymized_actual_date_unresolved
sub-10	02	06	sub-10/ses-02/run-06/tsv-row-27	27	rest	1	184.776	5.0	46194	47444	sub-10/ses-02/eeg/sub-10_ses-02_task-imagery_run-06_eeg.edf	validation_no_selection	unresolved	anonymized_actual_date_unresolved
sub-10	02	06	sub-10/ses-02/run-06/tsv-row-28	28	right_hand	2	191.644	5.0	47911	49161	sub-10/ses-02/eeg/sub-10_ses-02_task-imagery_run-06_eeg.edf	validation_no_selection	unresolved	anonymized_actual_date_unresolved
sub-10	02	06	sub-10/ses-02/run-06/tsv-row-29	29	right_hand	2	198.544	5.0	49636	50886	sub-10/ses-02/eeg/sub-10_ses-02_task-imagery_run-06_eeg.edf	validation_no_selection	unresolved	anonymized_actual_date_unresolved
sub-10	02	06	sub-10/ses-02/run-06/tsv-row-30	30	rest	1	205.444	5.0	51361	52611	sub-10/ses-02/eeg/sub-10_ses-02_task-imagery_run-06_eeg.edf	validation_no_selection	unresolved	anonymized_actual_date_unresolved
sub-10	02	06	sub-10/ses-02/run-06/tsv-row-31	31	rest	1	212.324	5.0	53081	54331	sub-10/ses-02/eeg/sub-10_ses-02_task-imagery_run-06_eeg.edf	validation_no_selection	unresolved	anonymized_actual_date_unresolved
sub-10	02	06	sub-10/ses-02/run-06/tsv-row-32	32	right_hand	2	219.212	5.0	54803	56053	sub-10/ses-02/eeg/sub-10_ses-02_task-imagery_run-06_eeg.edf	validation_no_selection	unresolved	anonymized_actual_date_unresolved
sub-10	03	01	sub-10/ses-03/run-01/tsv-row-1	1	right_hand	2	5.624	5.0	1406	2656	sub-10/ses-03/eeg/sub-10_ses-03_task-imagery_run-01_eeg.edf	test_exploratory	unresolved	anonymized_actual_date_unresolved
sub-10	03	01	sub-10/ses-03/run-01/tsv-row-2	2	rest	1	12.52	5.0	3130	4380	sub-10/ses-03/eeg/sub-10_ses-03_task-imagery_run-01_eeg.edf	test_exploratory	unresolved	anonymized_actual_date_unresolved
sub-10	03	01	sub-10/ses-03/run-01/tsv-row-3	3	right_hand	2	19.384	5.0	4846	6096	sub-10/ses-03/eeg/sub-10_ses-03_task-imagery_run-01_eeg.edf	test_exploratory	unresolved	anonymized_actual_date_unresolved
sub-10	03	01	sub-10/ses-03/run-01/tsv-row-4	4	rest	1	26.296	5.0	6574	7824	sub-10/ses-03/eeg/sub-10_ses-03_task-imagery_run-01_eeg.edf	test_exploratory	unresolved	anonymized_actual_date_unresolved
sub-10	03	01	sub-10/ses-03/run-01/tsv-row-5	5	rest	1	33.184	5.0	8296	9546	sub-10/ses-03/eeg/sub-10_ses-03_task-imagery_run-01_eeg.edf	test_exploratory	unresolved	anonymized_actual_date_unresolved
sub-10	03	01	sub-10/ses-03/run-01/tsv-row-6	6	right_hand	2	40.052	5.0	10013	11263	sub-10/ses-03/eeg/sub-10_ses-03_task-imagery_run-01_eeg.edf	test_exploratory	unresolved	anonymized_actual_date_unresolved
sub-10	03	01	sub-10/ses-03/run-01/tsv-row-7	7	rest	1	46.964	5.0	11741	12991	sub-10/ses-03/eeg/sub-10_ses-03_task-imagery_run-01_eeg.edf	test_exploratory	unresolved	anonymized_actual_date_unresolved
sub-10	03	01	sub-10/ses-03/run-01/tsv-row-8	8	right_hand	2	53.828	5.0	13457	14707	sub-10/ses-03/eeg/sub-10_ses-03_task-imagery_run-01_eeg.edf	test_exploratory	unresolved	anonymized_actual_date_unresolved
sub-10	03	01	sub-10/ses-03/run-01/tsv-row-9	9	right_hand	2	60.72	5.0	15180	16430	sub-10/ses-03/eeg/sub-10_ses-03_task-imagery_run-01_eeg.edf	test_exploratory	unresolved	anonymized_actual_date_unresolved
sub-10	03	01	sub-10/ses-03/run-01/tsv-row-10	10	rest	1	67.632	5.0	16908	18158	sub-10/ses-03/eeg/sub-10_ses-03_task-imagery_run-01_eeg.edf	test_exploratory	unresolved	anonymized_actual_date_unresolved
sub-10	03	01	sub-10/ses-03/run-01/tsv-row-11	11	rest	1	74.512	5.0	18628	19878	sub-10/ses-03/eeg/sub-10_ses-03_task-imagery_run-01_eeg.edf	test_exploratory	unresolved	anonymized_actual_date_unresolved
sub-10	03	01	sub-10/ses-03/run-01/tsv-row-12	12	right_hand	2	81.376	5.0	20344	21594	sub-10/ses-03/eeg/sub-10_ses-03_task-imagery_run-01_eeg.edf	test_exploratory	unresolved	anonymized_actual_date_unresolved
sub-10	03	01	sub-10/ses-03/run-01/tsv-row-13	13	rest	1	88.296	5.0	22074	23324	sub-10/ses-03/eeg/sub-10_ses-03_task-imagery_run-01_eeg.edf	test_exploratory	unresolved	anonymized_actual_date_unresolved
sub-10	03	01	sub-10/ses-03/run-01/tsv-row-14	14	right_hand	2	95.164	5.0	23791	25041	sub-10/ses-03/eeg/sub-10_ses-03_task-imagery_run-01_eeg.edf	test_exploratory	unresolved	anonymized_actual_date_unresolved
sub-10	03	01	sub-10/ses-03/run-01/tsv-row-15	15	right_hand	2	102.044	5.0	25511	26761	sub-10/ses-03/eeg/sub-10_ses-03_task-imagery_run-01_eeg.edf	test_exploratory	unresolved	anonymized_actual_date_unresolved
sub-10	03	01	sub-10/ses-03/run-01/tsv-row-16	16	rest	1	108.956	5.0	27239	28489	sub-10/ses-03/eeg/sub-10_ses-03_task-imagery_run-01_eeg.edf	test_exploratory	unresolved	anonymized_actual_date_unresolved
sub-10	03	01	sub-10/ses-03/run-01/tsv-row-17	17	right_hand	2	115.832	5.0	28958	30208	sub-10/ses-03/eeg/sub-10_ses-03_task-imagery_run-01_eeg.edf	test_exploratory	unresolved	anonymized_actual_date_unresolved
sub-10	03	01	sub-10/ses-03/run-01/tsv-row-18	18	rest	1	122.724	5.0	30681	31931	sub-10/ses-03/eeg/sub-10_ses-03_task-imagery_run-01_eeg.edf	test_exploratory	unresolved	anonymized_actual_date_unresolved
sub-10	03	01	sub-10/ses-03/run-01/tsv-row-19	19	right_hand	2	129.608	5.0	32402	33652	sub-10/ses-03/eeg/sub-10_ses-03_task-imagery_run-01_eeg.edf	test_exploratory	unresolved	anonymized_actual_date_unresolved
sub-10	03	01	sub-10/ses-03/run-01/tsv-row-20	20	rest	1	136.504	5.0	34126	35376	sub-10/ses-03/eeg/sub-10_ses-03_task-imagery_run-01_eeg.edf	test_exploratory	unresolved	anonymized_actual_date_unresolved
sub-10	03	01	sub-10/ses-03/run-01/tsv-row-21	21	rest	1	143.392	5.0	35848	37098	sub-10/ses-03/eeg/sub-10_ses-03_task-imagery_run-01_eeg.edf	test_exploratory	unresolved	anonymized_actual_date_unresolved
sub-10	03	01	sub-10/ses-03/run-01/tsv-row-22	22	right_hand	2	150.276	5.0	37569	38819	sub-10/ses-03/eeg/sub-10_ses-03_task-imagery_run-01_eeg.edf	test_exploratory	unresolved	anonymized_actual_date_unresolved
sub-10	03	01	sub-10/ses-03/run-01/tsv-row-23	23	rest	1	157.172	5.0	39293	40543	sub-10/ses-03/eeg/sub-10_ses-03_task-imagery_run-01_eeg.edf	test_exploratory	unresolved	anonymized_actual_date_unresolved
sub-10	03	01	sub-10/ses-03/run-01/tsv-row-24	24	right_hand	2	164.036	5.0	41009	42259	sub-10/ses-03/eeg/sub-10_ses-03_task-imagery_run-01_eeg.edf	test_exploratory	unresolved	anonymized_actual_date_unresolved
sub-10	03	01	sub-10/ses-03/run-01/tsv-row-25	25	rest	1	170.94	5.0	42735	43985	sub-10/ses-03/eeg/sub-10_ses-03_task-imagery_run-01_eeg.edf	test_exploratory	unresolved	anonymized_actual_date_unresolved
sub-10	03	01	sub-10/ses-03/run-01/tsv-row-26	26	right_hand	2	177.824	5.0	44456	45706	sub-10/ses-03/eeg/sub-10_ses-03_task-imagery_run-01_eeg.edf	test_exploratory	unresolved	anonymized_actual_date_unresolved
sub-10	03	01	sub-10/ses-03/run-01/tsv-row-27	27	rest	1	184.72	5.0	46180	47430	sub-10/ses-03/eeg/sub-10_ses-03_task-imagery_run-01_eeg.edf	test_exploratory	unresolved	anonymized_actual_date_unresolved
sub-10	03	01	sub-10/ses-03/run-01/tsv-row-28	28	right_hand	2	191.584	5.0	47896	49146	sub-10/ses-03/eeg/sub-10_ses-03_task-imagery_run-01_eeg.edf	test_exploratory	unresolved	anonymized_actual_date_unresolved
sub-10	03	01	sub-10/ses-03/run-01/tsv-row-29	29	right_hand	2	198.488	5.0	49622	50872	sub-10/ses-03/eeg/sub-10_ses-03_task-imagery_run-01_eeg.edf	test_exploratory	unresolved	anonymized_actual_date_unresolved
sub-10	03	01	sub-10/ses-03/run-01/tsv-row-30	30	rest	1	205.384	5.0	51346	52596	sub-10/ses-03/eeg/sub-10_ses-03_task-imagery_run-01_eeg.edf	test_exploratory	unresolved	anonymized_actual_date_unresolved
sub-10	03	01	sub-10/ses-03/run-01/tsv-row-31	31	right_hand	2	212.252	5.0	53063	54313	sub-10/ses-03/eeg/sub-10_ses-03_task-imagery_run-01_eeg.edf	test_exploratory	unresolved	anonymized_actual_date_unresolved
sub-10	03	01	sub-10/ses-03/run-01/tsv-row-32	32	rest	1	219.164	5.0	54791	56041	sub-10/ses-03/eeg/sub-10_ses-03_task-imagery_run-01_eeg.edf	test_exploratory	unresolved	anonymized_actual_date_unresolved
sub-10	03	02	sub-10/ses-03/run-02/tsv-row-1	1	right_hand	2	5.48	5.0	1370	2620	sub-10/ses-03/eeg/sub-10_ses-03_task-imagery_run-02_eeg.edf	test_exploratory	unresolved	anonymized_actual_date_unresolved
sub-10	03	02	sub-10/ses-03/run-02/tsv-row-2	2	rest	1	12.384	5.0	3096	4346	sub-10/ses-03/eeg/sub-10_ses-03_task-imagery_run-02_eeg.edf	test_exploratory	unresolved	anonymized_actual_date_unresolved
sub-10	03	02	sub-10/ses-03/run-02/tsv-row-3	3	rest	1	19.264	5.0	4816	6066	sub-10/ses-03/eeg/sub-10_ses-03_task-imagery_run-02_eeg.edf	test_exploratory	unresolved	anonymized_actual_date_unresolved
sub-10	03	02	sub-10/ses-03/run-02/tsv-row-4	4	right_hand	2	26.148	5.0	6537	7787	sub-10/ses-03/eeg/sub-10_ses-03_task-imagery_run-02_eeg.edf	test_exploratory	unresolved	anonymized_actual_date_unresolved
sub-10	03	02	sub-10/ses-03/run-02/tsv-row-5	5	rest	1	33.044	5.0	8261	9511	sub-10/ses-03/eeg/sub-10_ses-03_task-imagery_run-02_eeg.edf	test_exploratory	unresolved	anonymized_actual_date_unresolved
sub-10	03	02	sub-10/ses-03/run-02/tsv-row-6	6	right_hand	2	39.916	5.0	9979	11229	sub-10/ses-03/eeg/sub-10_ses-03_task-imagery_run-02_eeg.edf	test_exploratory	unresolved	anonymized_actual_date_unresolved
sub-10	03	02	sub-10/ses-03/run-02/tsv-row-7	7	rest	1	46.832	5.0	11708	12958	sub-10/ses-03/eeg/sub-10_ses-03_task-imagery_run-02_eeg.edf	test_exploratory	unresolved	anonymized_actual_date_unresolved
sub-10	03	02	sub-10/ses-03/run-02/tsv-row-8	8	right_hand	2	53.696	5.0	13424	14674	sub-10/ses-03/eeg/sub-10_ses-03_task-imagery_run-02_eeg.edf	test_exploratory	unresolved	anonymized_actual_date_unresolved
sub-10	03	02	sub-10/ses-03/run-02/tsv-row-9	9	rest	1	60.592	5.0	15148	16398	sub-10/ses-03/eeg/sub-10_ses-03_task-imagery_run-02_eeg.edf	test_exploratory	unresolved	anonymized_actual_date_unresolved
sub-10	03	02	sub-10/ses-03/run-02/tsv-row-10	10	right_hand	2	67.472	5.0	16868	18118	sub-10/ses-03/eeg/sub-10_ses-03_task-imagery_run-02_eeg.edf	test_exploratory	unresolved	anonymized_actual_date_unresolved
sub-10	03	02	sub-10/ses-03/run-02/tsv-row-11	11	right_hand	2	74.364	5.0	18591	19841	sub-10/ses-03/eeg/sub-10_ses-03_task-imagery_run-02_eeg.edf	test_exploratory	unresolved	anonymized_actual_date_unresolved
sub-10	03	02	sub-10/ses-03/run-02/tsv-row-12	12	rest	1	81.26	5.0	20315	21565	sub-10/ses-03/eeg/sub-10_ses-03_task-imagery_run-02_eeg.edf	test_exploratory	unresolved	anonymized_actual_date_unresolved
sub-10	03	02	sub-10/ses-03/run-02/tsv-row-13	13	right_hand	2	88.14	5.0	22035	23285	sub-10/ses-03/eeg/sub-10_ses-03_task-imagery_run-02_eeg.edf	test_exploratory	unresolved	anonymized_actual_date_unresolved
sub-10	03	02	sub-10/ses-03/run-02/tsv-row-14	14	rest	1	95.036	5.0	23759	25009	sub-10/ses-03/eeg/sub-10_ses-03_task-imagery_run-02_eeg.edf	test_exploratory	unresolved	anonymized_actual_date_unresolved
sub-10	03	02	sub-10/ses-03/run-02/tsv-row-15	15	right_hand	2	101.908	5.0	25477	26727	sub-10/ses-03/eeg/sub-10_ses-03_task-imagery_run-02_eeg.edf	test_exploratory	unresolved	anonymized_actual_date_unresolved
sub-10	03	02	sub-10/ses-03/run-02/tsv-row-16	16	rest	1	108.82	5.0	27205	28455	sub-10/ses-03/eeg/sub-10_ses-03_task-imagery_run-02_eeg.edf	test_exploratory	unresolved	anonymized_actual_date_unresolved
sub-10	03	02	sub-10/ses-03/run-02/tsv-row-17	17	right_hand	2	115.688	5.0	28922	30172	sub-10/ses-03/eeg/sub-10_ses-03_task-imagery_run-02_eeg.edf	test_exploratory	unresolved	anonymized_actual_date_unresolved
sub-10	03	02	sub-10/ses-03/run-02/tsv-row-18	18	rest	1	122.584	5.0	30646	31896	sub-10/ses-03/eeg/sub-10_ses-03_task-imagery_run-02_eeg.edf	test_exploratory	unresolved	anonymized_actual_date_unresolved
sub-10	03	02	sub-10/ses-03/run-02/tsv-row-19	19	right_hand	2	129.456	5.0	32364	33614	sub-10/ses-03/eeg/sub-10_ses-03_task-imagery_run-02_eeg.edf	test_exploratory	unresolved	anonymized_actual_date_unresolved
sub-10	03	02	sub-10/ses-03/run-02/tsv-row-20	20	rest	1	136.372	5.0	34093	35343	sub-10/ses-03/eeg/sub-10_ses-03_task-imagery_run-02_eeg.edf	test_exploratory	unresolved	anonymized_actual_date_unresolved
sub-10	03	02	sub-10/ses-03/run-02/tsv-row-21	21	right_hand	2	143.236	5.0	35809	37059	sub-10/ses-03/eeg/sub-10_ses-03_task-imagery_run-02_eeg.edf	test_exploratory	unresolved	anonymized_actual_date_unresolved
sub-10	03	02	sub-10/ses-03/run-02/tsv-row-22	22	rest	1	150.132	5.0	37533	38783	sub-10/ses-03/eeg/sub-10_ses-03_task-imagery_run-02_eeg.edf	test_exploratory	unresolved	anonymized_actual_date_unresolved
sub-10	03	02	sub-10/ses-03/run-02/tsv-row-23	23	right_hand	2	157.02	5.0	39255	40505	sub-10/ses-03/eeg/sub-10_ses-03_task-imagery_run-02_eeg.edf	test_exploratory	unresolved	anonymized_actual_date_unresolved
sub-10	03	02	sub-10/ses-03/run-02/tsv-row-24	24	rest	1	163.916	5.0	40979	42229	sub-10/ses-03/eeg/sub-10_ses-03_task-imagery_run-02_eeg.edf	test_exploratory	unresolved	anonymized_actual_date_unresolved
sub-10	03	02	sub-10/ses-03/run-02/tsv-row-25	25	rest	1	170.8	5.0	42700	43950	sub-10/ses-03/eeg/sub-10_ses-03_task-imagery_run-02_eeg.edf	test_exploratory	unresolved	anonymized_actual_date_unresolved
sub-10	03	02	sub-10/ses-03/run-02/tsv-row-26	26	right_hand	2	177.68	5.0	44420	45670	sub-10/ses-03/eeg/sub-10_ses-03_task-imagery_run-02_eeg.edf	test_exploratory	unresolved	anonymized_actual_date_unresolved
sub-10	03	02	sub-10/ses-03/run-02/tsv-row-27	27	right_hand	2	184.568	5.0	46142	47392	sub-10/ses-03/eeg/sub-10_ses-03_task-imagery_run-02_eeg.edf	test_exploratory	unresolved	anonymized_actual_date_unresolved
sub-10	03	02	sub-10/ses-03/run-02/tsv-row-28	28	rest	1	191.464	5.0	47866	49116	sub-10/ses-03/eeg/sub-10_ses-03_task-imagery_run-02_eeg.edf	test_exploratory	unresolved	anonymized_actual_date_unresolved
sub-10	03	02	sub-10/ses-03/run-02/tsv-row-29	29	right_hand	2	198.348	5.0	49587	50837	sub-10/ses-03/eeg/sub-10_ses-03_task-imagery_run-02_eeg.edf	test_exploratory	unresolved	anonymized_actual_date_unresolved
sub-10	03	02	sub-10/ses-03/run-02/tsv-row-30	30	rest	1	205.244	5.0	51311	52561	sub-10/ses-03/eeg/sub-10_ses-03_task-imagery_run-02_eeg.edf	test_exploratory	unresolved	anonymized_actual_date_unresolved
sub-10	03	02	sub-10/ses-03/run-02/tsv-row-31	31	right_hand	2	212.116	5.0	53029	54279	sub-10/ses-03/eeg/sub-10_ses-03_task-imagery_run-02_eeg.edf	test_exploratory	unresolved	anonymized_actual_date_unresolved
sub-10	03	02	sub-10/ses-03/run-02/tsv-row-32	32	rest	1	219.028	5.0	54757	56007	sub-10/ses-03/eeg/sub-10_ses-03_task-imagery_run-02_eeg.edf	test_exploratory	unresolved	anonymized_actual_date_unresolved
sub-10	03	03	sub-10/ses-03/run-03/tsv-row-1	1	right_hand	2	7.044	5.0	1761	3011	sub-10/ses-03/eeg/sub-10_ses-03_task-imagery_run-03_eeg.edf	test_exploratory	unresolved	anonymized_actual_date_unresolved
sub-10	03	03	sub-10/ses-03/run-03/tsv-row-2	2	rest	1	13.956	5.0	3489	4739	sub-10/ses-03/eeg/sub-10_ses-03_task-imagery_run-03_eeg.edf	test_exploratory	unresolved	anonymized_actual_date_unresolved
sub-10	03	03	sub-10/ses-03/run-03/tsv-row-3	3	right_hand	2	20.82	5.0	5205	6455	sub-10/ses-03/eeg/sub-10_ses-03_task-imagery_run-03_eeg.edf	test_exploratory	unresolved	anonymized_actual_date_unresolved
sub-10	03	03	sub-10/ses-03/run-03/tsv-row-4	4	rest	1	27.728	5.0	6932	8182	sub-10/ses-03/eeg/sub-10_ses-03_task-imagery_run-03_eeg.edf	test_exploratory	unresolved	anonymized_actual_date_unresolved
sub-10	03	03	sub-10/ses-03/run-03/tsv-row-5	5	right_hand	2	34.608	5.0	8652	9902	sub-10/ses-03/eeg/sub-10_ses-03_task-imagery_run-03_eeg.edf	test_exploratory	unresolved	anonymized_actual_date_unresolved
sub-10	03	03	sub-10/ses-03/run-03/tsv-row-6	6	rest	1	41.504	5.0	10376	11626	sub-10/ses-03/eeg/sub-10_ses-03_task-imagery_run-03_eeg.edf	test_exploratory	unresolved	anonymized_actual_date_unresolved
sub-10	03	03	sub-10/ses-03/run-03/tsv-row-7	7	right_hand	2	48.368	5.0	12092	13342	sub-10/ses-03/eeg/sub-10_ses-03_task-imagery_run-03_eeg.edf	test_exploratory	unresolved	anonymized_actual_date_unresolved
sub-10	03	03	sub-10/ses-03/run-03/tsv-row-8	8	rest	1	55.272	5.0	13818	15068	sub-10/ses-03/eeg/sub-10_ses-03_task-imagery_run-03_eeg.edf	test_exploratory	unresolved	anonymized_actual_date_unresolved
sub-10	03	03	sub-10/ses-03/run-03/tsv-row-9	9	right_hand	2	62.156	5.0	15539	16789	sub-10/ses-03/eeg/sub-10_ses-03_task-imagery_run-03_eeg.edf	test_exploratory	unresolved	anonymized_actual_date_unresolved
sub-10	03	03	sub-10/ses-03/run-03/tsv-row-10	10	rest	1	69.052	5.0	17263	18513	sub-10/ses-03/eeg/sub-10_ses-03_task-imagery_run-03_eeg.edf	test_exploratory	unresolved	anonymized_actual_date_unresolved
sub-10	03	03	sub-10/ses-03/run-03/tsv-row-11	11	right_hand	2	75.916	5.0	18979	20229	sub-10/ses-03/eeg/sub-10_ses-03_task-imagery_run-03_eeg.edf	test_exploratory	unresolved	anonymized_actual_date_unresolved
sub-10	03	03	sub-10/ses-03/run-03/tsv-row-12	12	rest	1	82.828	5.0	20707	21957	sub-10/ses-03/eeg/sub-10_ses-03_task-imagery_run-03_eeg.edf	test_exploratory	unresolved	anonymized_actual_date_unresolved
sub-10	03	03	sub-10/ses-03/run-03/tsv-row-13	13	right_hand	2	89.704	5.0	22426	23676	sub-10/ses-03/eeg/sub-10_ses-03_task-imagery_run-03_eeg.edf	test_exploratory	unresolved	anonymized_actual_date_unresolved
sub-10	03	03	sub-10/ses-03/run-03/tsv-row-14	14	rest	1	96.6	5.0	24150	25400	sub-10/ses-03/eeg/sub-10_ses-03_task-imagery_run-03_eeg.edf	test_exploratory	unresolved	anonymized_actual_date_unresolved
sub-10	03	03	sub-10/ses-03/run-03/tsv-row-15	15	rest	1	103.496	5.0	25874	27124	sub-10/ses-03/eeg/sub-10_ses-03_task-imagery_run-03_eeg.edf	test_exploratory	unresolved	anonymized_actual_date_unresolved
sub-10	03	03	sub-10/ses-03/run-03/tsv-row-16	16	right_hand	2	110.364	5.0	27591	28841	sub-10/ses-03/eeg/sub-10_ses-03_task-imagery_run-03_eeg.edf	test_exploratory	unresolved	anonymized_actual_date_unresolved
sub-10	03	03	sub-10/ses-03/run-03/tsv-row-17	17	rest	1	117.268	5.0	29317	30567	sub-10/ses-03/eeg/sub-10_ses-03_task-imagery_run-03_eeg.edf	test_exploratory	unresolved	anonymized_actual_date_unresolved
sub-10	03	03	sub-10/ses-03/run-03/tsv-row-18	18	right_hand	2	124.148	5.0	31037	32287	sub-10/ses-03/eeg/sub-10_ses-03_task-imagery_run-03_eeg.edf	test_exploratory	unresolved	anonymized_actual_date_unresolved
sub-10	03	03	sub-10/ses-03/run-03/tsv-row-19	19	rest	1	131.044	5.0	32761	34011	sub-10/ses-03/eeg/sub-10_ses-03_task-imagery_run-03_eeg.edf	test_exploratory	unresolved	anonymized_actual_date_unresolved
sub-10	03	03	sub-10/ses-03/run-03/tsv-row-20	20	right_hand	2	137.908	5.0	34477	35727	sub-10/ses-03/eeg/sub-10_ses-03_task-imagery_run-03_eeg.edf	test_exploratory	unresolved	anonymized_actual_date_unresolved
sub-10	03	03	sub-10/ses-03/run-03/tsv-row-21	21	rest	1	144.828	5.0	36207	37457	sub-10/ses-03/eeg/sub-10_ses-03_task-imagery_run-03_eeg.edf	test_exploratory	unresolved	anonymized_actual_date_unresolved
sub-10	03	03	sub-10/ses-03/run-03/tsv-row-22	22	right_hand	2	151.696	5.0	37924	39174	sub-10/ses-03/eeg/sub-10_ses-03_task-imagery_run-03_eeg.edf	test_exploratory	unresolved	anonymized_actual_date_unresolved
sub-10	03	03	sub-10/ses-03/run-03/tsv-row-23	23	rest	1	158.592	5.0	39648	40898	sub-10/ses-03/eeg/sub-10_ses-03_task-imagery_run-03_eeg.edf	test_exploratory	unresolved	anonymized_actual_date_unresolved
sub-10	03	03	sub-10/ses-03/run-03/tsv-row-24	24	right_hand	2	165.472	5.0	41368	42618	sub-10/ses-03/eeg/sub-10_ses-03_task-imagery_run-03_eeg.edf	test_exploratory	unresolved	anonymized_actual_date_unresolved
sub-10	03	03	sub-10/ses-03/run-03/tsv-row-25	25	rest	1	172.38	5.0	43095	44345	sub-10/ses-03/eeg/sub-10_ses-03_task-imagery_run-03_eeg.edf	test_exploratory	unresolved	anonymized_actual_date_unresolved
sub-10	03	03	sub-10/ses-03/run-03/tsv-row-26	26	right_hand	2	179.244	5.0	44811	46061	sub-10/ses-03/eeg/sub-10_ses-03_task-imagery_run-03_eeg.edf	test_exploratory	unresolved	anonymized_actual_date_unresolved
sub-10	03	03	sub-10/ses-03/run-03/tsv-row-27	27	rest	1	186.156	5.0	46539	47789	sub-10/ses-03/eeg/sub-10_ses-03_task-imagery_run-03_eeg.edf	test_exploratory	unresolved	anonymized_actual_date_unresolved
sub-10	03	03	sub-10/ses-03/run-03/tsv-row-28	28	right_hand	2	193.02	5.0	48255	49505	sub-10/ses-03/eeg/sub-10_ses-03_task-imagery_run-03_eeg.edf	test_exploratory	unresolved	anonymized_actual_date_unresolved
sub-10	03	03	sub-10/ses-03/run-03/tsv-row-29	29	right_hand	2	199.912	5.0	49978	51228	sub-10/ses-03/eeg/sub-10_ses-03_task-imagery_run-03_eeg.edf	test_exploratory	unresolved	anonymized_actual_date_unresolved
sub-10	03	03	sub-10/ses-03/run-03/tsv-row-30	30	rest	1	206.808	5.0	51702	52952	sub-10/ses-03/eeg/sub-10_ses-03_task-imagery_run-03_eeg.edf	test_exploratory	unresolved	anonymized_actual_date_unresolved
sub-10	03	03	sub-10/ses-03/run-03/tsv-row-31	31	right_hand	2	213.688	5.0	53422	54672	sub-10/ses-03/eeg/sub-10_ses-03_task-imagery_run-03_eeg.edf	test_exploratory	unresolved	anonymized_actual_date_unresolved
sub-10	03	03	sub-10/ses-03/run-03/tsv-row-32	32	rest	1	220.584	5.0	55146	56396	sub-10/ses-03/eeg/sub-10_ses-03_task-imagery_run-03_eeg.edf	test_exploratory	unresolved	anonymized_actual_date_unresolved
sub-10	03	04	sub-10/ses-03/run-04/tsv-row-1	1	rest	1	5.776	5.0	1444	2694	sub-10/ses-03/eeg/sub-10_ses-03_task-imagery_run-04_eeg.edf	test_exploratory	unresolved	anonymized_actual_date_unresolved
sub-10	03	04	sub-10/ses-03/run-04/tsv-row-2	2	right_hand	2	12.644	5.0	3161	4411	sub-10/ses-03/eeg/sub-10_ses-03_task-imagery_run-04_eeg.edf	test_exploratory	unresolved	anonymized_actual_date_unresolved
sub-10	03	04	sub-10/ses-03/run-04/tsv-row-3	3	rest	1	19.556	5.0	4889	6139	sub-10/ses-03/eeg/sub-10_ses-03_task-imagery_run-04_eeg.edf	test_exploratory	unresolved	anonymized_actual_date_unresolved
sub-10	03	04	sub-10/ses-03/run-04/tsv-row-4	4	right_hand	2	26.42	5.0	6605	7855	sub-10/ses-03/eeg/sub-10_ses-03_task-imagery_run-04_eeg.edf	test_exploratory	unresolved	anonymized_actual_date_unresolved
sub-10	03	04	sub-10/ses-03/run-04/tsv-row-5	5	right_hand	2	33.312	5.0	8328	9578	sub-10/ses-03/eeg/sub-10_ses-03_task-imagery_run-04_eeg.edf	test_exploratory	unresolved	anonymized_actual_date_unresolved
sub-10	03	04	sub-10/ses-03/run-04/tsv-row-6	6	rest	1	40.22	5.0	10055	11305	sub-10/ses-03/eeg/sub-10_ses-03_task-imagery_run-04_eeg.edf	test_exploratory	unresolved	anonymized_actual_date_unresolved
sub-10	03	04	sub-10/ses-03/run-04/tsv-row-7	7	right_hand	2	47.088	5.0	11772	13022	sub-10/ses-03/eeg/sub-10_ses-03_task-imagery_run-04_eeg.edf	test_exploratory	unresolved	anonymized_actual_date_unresolved
sub-10	03	04	sub-10/ses-03/run-04/tsv-row-8	8	rest	1	53.984	5.0	13496	14746	sub-10/ses-03/eeg/sub-10_ses-03_task-imagery_run-04_eeg.edf	test_exploratory	unresolved	anonymized_actual_date_unresolved
sub-10	03	04	sub-10/ses-03/run-04/tsv-row-9	9	rest	1	60.872	5.0	15218	16468	sub-10/ses-03/eeg/sub-10_ses-03_task-imagery_run-04_eeg.edf	test_exploratory	unresolved	anonymized_actual_date_unresolved
sub-10	03	04	sub-10/ses-03/run-04/tsv-row-10	10	right_hand	2	67.756	5.0	16939	18189	sub-10/ses-03/eeg/sub-10_ses-03_task-imagery_run-04_eeg.edf	test_exploratory	unresolved	anonymized_actual_date_unresolved
sub-10	03	04	sub-10/ses-03/run-04/tsv-row-11	11	right_hand	2	74.636	5.0	18659	19909	sub-10/ses-03/eeg/sub-10_ses-03_task-imagery_run-04_eeg.edf	test_exploratory	unresolved	anonymized_actual_date_unresolved
sub-10	03	04	sub-10/ses-03/run-04/tsv-row-12	12	rest	1	81.532	5.0	20383	21633	sub-10/ses-03/eeg/sub-10_ses-03_task-imagery_run-04_eeg.edf	test_exploratory	unresolved	anonymized_actual_date_unresolved
sub-10	03	04	sub-10/ses-03/run-04/tsv-row-13	13	rest	1	88.436	5.0	22109	23359	sub-10/ses-03/eeg/sub-10_ses-03_task-imagery_run-04_eeg.edf	test_exploratory	unresolved	anonymized_actual_date_unresolved
sub-10	03	04	sub-10/ses-03/run-04/tsv-row-14	14	right_hand	2	95.304	5.0	23826	25076	sub-10/ses-03/eeg/sub-10_ses-03_task-imagery_run-04_eeg.edf	test_exploratory	unresolved	anonymized_actual_date_unresolved
sub-10	03	04	sub-10/ses-03/run-04/tsv-row-15	15	rest	1	102.2	5.0	25550	26800	sub-10/ses-03/eeg/sub-10_ses-03_task-imagery_run-04_eeg.edf	test_exploratory	unresolved	anonymized_actual_date_unresolved
sub-10	03	04	sub-10/ses-03/run-04/tsv-row-16	16	right_hand	2	109.08	5.0	27270	28520	sub-10/ses-03/eeg/sub-10_ses-03_task-imagery_run-04_eeg.edf	test_exploratory	unresolved	anonymized_actual_date_unresolved
sub-10	03	04	sub-10/ses-03/run-04/tsv-row-17	17	right_hand	2	115.968	5.0	28992	30242	sub-10/ses-03/eeg/sub-10_ses-03_task-imagery_run-04_eeg.edf	test_exploratory	unresolved	anonymized_actual_date_unresolved
sub-10	03	04	sub-10/ses-03/run-04/tsv-row-18	18	rest	1	122.864	5.0	30716	31966	sub-10/ses-03/eeg/sub-10_ses-03_task-imagery_run-04_eeg.edf	test_exploratory	unresolved	anonymized_actual_date_unresolved
sub-10	03	04	sub-10/ses-03/run-04/tsv-row-19	19	rest	1	129.764	5.0	32441	33691	sub-10/ses-03/eeg/sub-10_ses-03_task-imagery_run-04_eeg.edf	test_exploratory	unresolved	anonymized_actual_date_unresolved
sub-10	03	04	sub-10/ses-03/run-04/tsv-row-20	20	right_hand	2	136.628	5.0	34157	35407	sub-10/ses-03/eeg/sub-10_ses-03_task-imagery_run-04_eeg.edf	test_exploratory	unresolved	anonymized_actual_date_unresolved
sub-10	03	04	sub-10/ses-03/run-04/tsv-row-21	21	rest	1	143.532	5.0	35883	37133	sub-10/ses-03/eeg/sub-10_ses-03_task-imagery_run-04_eeg.edf	test_exploratory	unresolved	anonymized_actual_date_unresolved
sub-10	03	04	sub-10/ses-03/run-04/tsv-row-22	22	right_hand	2	150.416	5.0	37604	38854	sub-10/ses-03/eeg/sub-10_ses-03_task-imagery_run-04_eeg.edf	test_exploratory	unresolved	anonymized_actual_date_unresolved
sub-10	03	04	sub-10/ses-03/run-04/tsv-row-23	23	rest	1	157.312	5.0	39328	40578	sub-10/ses-03/eeg/sub-10_ses-03_task-imagery_run-04_eeg.edf	test_exploratory	unresolved	anonymized_actual_date_unresolved
sub-10	03	04	sub-10/ses-03/run-04/tsv-row-24	24	right_hand	2	164.176	5.0	41044	42294	sub-10/ses-03/eeg/sub-10_ses-03_task-imagery_run-04_eeg.edf	test_exploratory	unresolved	anonymized_actual_date_unresolved
sub-10	03	04	sub-10/ses-03/run-04/tsv-row-25	25	right_hand	2	171.072	5.0	42768	44018	sub-10/ses-03/eeg/sub-10_ses-03_task-imagery_run-04_eeg.edf	test_exploratory	unresolved	anonymized_actual_date_unresolved
sub-10	03	04	sub-10/ses-03/run-04/tsv-row-26	26	rest	1	177.976	5.0	44494	45744	sub-10/ses-03/eeg/sub-10_ses-03_task-imagery_run-04_eeg.edf	test_exploratory	unresolved	anonymized_actual_date_unresolved
sub-10	03	04	sub-10/ses-03/run-04/tsv-row-27	27	right_hand	2	184.844	5.0	46211	47461	sub-10/ses-03/eeg/sub-10_ses-03_task-imagery_run-04_eeg.edf	test_exploratory	unresolved	anonymized_actual_date_unresolved
sub-10	03	04	sub-10/ses-03/run-04/tsv-row-28	28	rest	1	191.756	5.0	47939	49189	sub-10/ses-03/eeg/sub-10_ses-03_task-imagery_run-04_eeg.edf	test_exploratory	unresolved	anonymized_actual_date_unresolved
sub-10	03	04	sub-10/ses-03/run-04/tsv-row-29	29	right_hand	2	198.62	5.0	49655	50905	sub-10/ses-03/eeg/sub-10_ses-03_task-imagery_run-04_eeg.edf	test_exploratory	unresolved	anonymized_actual_date_unresolved
sub-10	03	04	sub-10/ses-03/run-04/tsv-row-30	30	rest	1	205.524	5.0	51381	52631	sub-10/ses-03/eeg/sub-10_ses-03_task-imagery_run-04_eeg.edf	test_exploratory	unresolved	anonymized_actual_date_unresolved
sub-10	03	04	sub-10/ses-03/run-04/tsv-row-31	31	right_hand	2	212.392	5.0	53098	54348	sub-10/ses-03/eeg/sub-10_ses-03_task-imagery_run-04_eeg.edf	test_exploratory	unresolved	anonymized_actual_date_unresolved
sub-10	03	04	sub-10/ses-03/run-04/tsv-row-32	32	rest	1	219.304	5.0	54826	56076	sub-10/ses-03/eeg/sub-10_ses-03_task-imagery_run-04_eeg.edf	test_exploratory	unresolved	anonymized_actual_date_unresolved
sub-10	03	05	sub-10/ses-03/run-05/tsv-row-1	1	right_hand	2	5.028	5.0	1257	2507	sub-10/ses-03/eeg/sub-10_ses-03_task-imagery_run-05_eeg.edf	test_exploratory	unresolved	anonymized_actual_date_unresolved
sub-10	03	05	sub-10/ses-03/run-05/tsv-row-2	2	rest	1	11.94	5.0	2985	4235	sub-10/ses-03/eeg/sub-10_ses-03_task-imagery_run-05_eeg.edf	test_exploratory	unresolved	anonymized_actual_date_unresolved
sub-10	03	05	sub-10/ses-03/run-05/tsv-row-3	3	right_hand	2	18.804	5.0	4701	5951	sub-10/ses-03/eeg/sub-10_ses-03_task-imagery_run-05_eeg.edf	test_exploratory	unresolved	anonymized_actual_date_unresolved
sub-10	03	05	sub-10/ses-03/run-05/tsv-row-4	4	rest	1	25.7	5.0	6425	7675	sub-10/ses-03/eeg/sub-10_ses-03_task-imagery_run-05_eeg.edf	test_exploratory	unresolved	anonymized_actual_date_unresolved
sub-10	03	05	sub-10/ses-03/run-05/tsv-row-5	5	rest	1	32.6	5.0	8150	9400	sub-10/ses-03/eeg/sub-10_ses-03_task-imagery_run-05_eeg.edf	test_exploratory	unresolved	anonymized_actual_date_unresolved
sub-10	03	05	sub-10/ses-03/run-05/tsv-row-6	6	right_hand	2	39.472	5.0	9868	11118	sub-10/ses-03/eeg/sub-10_ses-03_task-imagery_run-05_eeg.edf	test_exploratory	unresolved	anonymized_actual_date_unresolved
sub-10	03	05	sub-10/ses-03/run-05/tsv-row-7	7	rest	1	46.368	5.0	11592	12842	sub-10/ses-03/eeg/sub-10_ses-03_task-imagery_run-05_eeg.edf	test_exploratory	unresolved	anonymized_actual_date_unresolved
sub-10	03	05	sub-10/ses-03/run-05/tsv-row-8	8	right_hand	2	53.252	5.0	13313	14563	sub-10/ses-03/eeg/sub-10_ses-03_task-imagery_run-05_eeg.edf	test_exploratory	unresolved	anonymized_actual_date_unresolved
sub-10	03	05	sub-10/ses-03/run-05/tsv-row-9	9	right_hand	2	60.132	5.0	15033	16283	sub-10/ses-03/eeg/sub-10_ses-03_task-imagery_run-05_eeg.edf	test_exploratory	unresolved	anonymized_actual_date_unresolved
sub-10	03	05	sub-10/ses-03/run-05/tsv-row-10	10	rest	1	67.036	5.0	16759	18009	sub-10/ses-03/eeg/sub-10_ses-03_task-imagery_run-05_eeg.edf	test_exploratory	unresolved	anonymized_actual_date_unresolved
sub-10	03	05	sub-10/ses-03/run-05/tsv-row-11	11	rest	1	73.932	5.0	18483	19733	sub-10/ses-03/eeg/sub-10_ses-03_task-imagery_run-05_eeg.edf	test_exploratory	unresolved	anonymized_actual_date_unresolved
sub-10	03	05	sub-10/ses-03/run-05/tsv-row-12	12	right_hand	2	80.796	5.0	20199	21449	sub-10/ses-03/eeg/sub-10_ses-03_task-imagery_run-05_eeg.edf	test_exploratory	unresolved	anonymized_actual_date_unresolved
sub-10	03	05	sub-10/ses-03/run-05/tsv-row-13	13	rest	1	87.696	5.0	21924	23174	sub-10/ses-03/eeg/sub-10_ses-03_task-imagery_run-05_eeg.edf	test_exploratory	unresolved	anonymized_actual_date_unresolved
sub-10	03	05	sub-10/ses-03/run-05/tsv-row-14	14	right_hand	2	94.584	5.0	23646	24896	sub-10/ses-03/eeg/sub-10_ses-03_task-imagery_run-05_eeg.edf	test_exploratory	unresolved	anonymized_actual_date_unresolved
sub-10	03	05	sub-10/ses-03/run-05/tsv-row-15	15	rest	1	101.48	5.0	25370	26620	sub-10/ses-03/eeg/sub-10_ses-03_task-imagery_run-05_eeg.edf	test_exploratory	unresolved	anonymized_actual_date_unresolved
sub-10	03	05	sub-10/ses-03/run-05/tsv-row-16	16	right_hand	2	108.344	5.0	27086	28336	sub-10/ses-03/eeg/sub-10_ses-03_task-imagery_run-05_eeg.edf	test_exploratory	unresolved	anonymized_actual_date_unresolved
sub-10	03	05	sub-10/ses-03/run-05/tsv-row-17	17	rest	1	115.256	5.0	28814	30064	sub-10/ses-03/eeg/sub-10_ses-03_task-imagery_run-05_eeg.edf	test_exploratory	unresolved	anonymized_actual_date_unresolved
sub-10	03	05	sub-10/ses-03/run-05/tsv-row-18	18	right_hand	2	122.132	5.0	30533	31783	sub-10/ses-03/eeg/sub-10_ses-03_task-imagery_run-05_eeg.edf	test_exploratory	unresolved	anonymized_actual_date_unresolved
sub-10	03	05	sub-10/ses-03/run-05/tsv-row-19	19	rest	1	129.028	5.0	32257	33507	sub-10/ses-03/eeg/sub-10_ses-03_task-imagery_run-05_eeg.edf	test_exploratory	unresolved	anonymized_actual_date_unresolved
sub-10	03	05	sub-10/ses-03/run-05/tsv-row-20	20	right_hand	2	135.892	5.0	33973	35223	sub-10/ses-03/eeg/sub-10_ses-03_task-imagery_run-05_eeg.edf	test_exploratory	unresolved	anonymized_actual_date_unresolved
sub-10	03	05	sub-10/ses-03/run-05/tsv-row-21	21	rest	1	142.804	5.0	35701	36951	sub-10/ses-03/eeg/sub-10_ses-03_task-imagery_run-05_eeg.edf	test_exploratory	unresolved	anonymized_actual_date_unresolved
sub-10	03	05	sub-10/ses-03/run-05/tsv-row-22	22	right_hand	2	149.68	5.0	37420	38670	sub-10/ses-03/eeg/sub-10_ses-03_task-imagery_run-05_eeg.edf	test_exploratory	unresolved	anonymized_actual_date_unresolved
sub-10	03	05	sub-10/ses-03/run-05/tsv-row-23	23	right_hand	2	156.56	5.0	39140	40390	sub-10/ses-03/eeg/sub-10_ses-03_task-imagery_run-05_eeg.edf	test_exploratory	unresolved	anonymized_actual_date_unresolved
sub-10	03	05	sub-10/ses-03/run-05/tsv-row-24	24	rest	1	163.472	5.0	40868	42118	sub-10/ses-03/eeg/sub-10_ses-03_task-imagery_run-05_eeg.edf	test_exploratory	unresolved	anonymized_actual_date_unresolved
sub-10	03	05	sub-10/ses-03/run-05/tsv-row-25	25	right_hand	2	170.336	5.0	42584	43834	sub-10/ses-03/eeg/sub-10_ses-03_task-imagery_run-05_eeg.edf	test_exploratory	unresolved	anonymized_actual_date_unresolved
sub-10	03	05	sub-10/ses-03/run-05/tsv-row-26	26	rest	1	177.24	5.0	44310	45560	sub-10/ses-03/eeg/sub-10_ses-03_task-imagery_run-05_eeg.edf	test_exploratory	unresolved	anonymized_actual_date_unresolved
sub-10	03	05	sub-10/ses-03/run-05/tsv-row-27	27	right_hand	2	184.124	5.0	46031	47281	sub-10/ses-03/eeg/sub-10_ses-03_task-imagery_run-05_eeg.edf	test_exploratory	unresolved	anonymized_actual_date_unresolved
sub-10	03	05	sub-10/ses-03/run-05/tsv-row-28	28	rest	1	191.02	5.0	47755	49005	sub-10/ses-03/eeg/sub-10_ses-03_task-imagery_run-05_eeg.edf	test_exploratory	unresolved	anonymized_actual_date_unresolved
sub-10	03	05	sub-10/ses-03/run-05/tsv-row-29	29	rest	1	197.9	5.0	49475	50725	sub-10/ses-03/eeg/sub-10_ses-03_task-imagery_run-05_eeg.edf	test_exploratory	unresolved	anonymized_actual_date_unresolved
sub-10	03	05	sub-10/ses-03/run-05/tsv-row-30	30	right_hand	2	204.792	5.0	51198	52448	sub-10/ses-03/eeg/sub-10_ses-03_task-imagery_run-05_eeg.edf	test_exploratory	unresolved	anonymized_actual_date_unresolved
sub-10	03	05	sub-10/ses-03/run-05/tsv-row-31	31	right_hand	2	211.672	5.0	52918	54168	sub-10/ses-03/eeg/sub-10_ses-03_task-imagery_run-05_eeg.edf	test_exploratory	unresolved	anonymized_actual_date_unresolved
sub-10	03	05	sub-10/ses-03/run-05/tsv-row-32	32	rest	1	218.568	5.0	54642	55892	sub-10/ses-03/eeg/sub-10_ses-03_task-imagery_run-05_eeg.edf	test_exploratory	unresolved	anonymized_actual_date_unresolved
sub-10	03	06	sub-10/ses-03/run-06/tsv-row-1	1	right_hand	2	5.004	5.0	1251	2501	sub-10/ses-03/eeg/sub-10_ses-03_task-imagery_run-06_eeg.edf	test_exploratory	unresolved	anonymized_actual_date_unresolved
sub-10	03	06	sub-10/ses-03/run-06/tsv-row-2	2	rest	1	11.916	5.0	2979	4229	sub-10/ses-03/eeg/sub-10_ses-03_task-imagery_run-06_eeg.edf	test_exploratory	unresolved	anonymized_actual_date_unresolved
sub-10	03	06	sub-10/ses-03/run-06/tsv-row-3	3	right_hand	2	18.78	5.0	4695	5945	sub-10/ses-03/eeg/sub-10_ses-03_task-imagery_run-06_eeg.edf	test_exploratory	unresolved	anonymized_actual_date_unresolved
sub-10	03	06	sub-10/ses-03/run-06/tsv-row-4	4	rest	1	25.676	5.0	6419	7669	sub-10/ses-03/eeg/sub-10_ses-03_task-imagery_run-06_eeg.edf	test_exploratory	unresolved	anonymized_actual_date_unresolved
sub-10	03	06	sub-10/ses-03/run-06/tsv-row-5	5	right_hand	2	32.552	5.0	8138	9388	sub-10/ses-03/eeg/sub-10_ses-03_task-imagery_run-06_eeg.edf	test_exploratory	unresolved	anonymized_actual_date_unresolved
sub-10	03	06	sub-10/ses-03/run-06/tsv-row-6	6	rest	1	39.464	5.0	9866	11116	sub-10/ses-03/eeg/sub-10_ses-03_task-imagery_run-06_eeg.edf	test_exploratory	unresolved	anonymized_actual_date_unresolved
sub-10	03	06	sub-10/ses-03/run-06/tsv-row-7	7	rest	1	46.344	5.0	11586	12836	sub-10/ses-03/eeg/sub-10_ses-03_task-imagery_run-06_eeg.edf	test_exploratory	unresolved	anonymized_actual_date_unresolved
sub-10	03	06	sub-10/ses-03/run-06/tsv-row-8	8	right_hand	2	53.208	5.0	13302	14552	sub-10/ses-03/eeg/sub-10_ses-03_task-imagery_run-06_eeg.edf	test_exploratory	unresolved	anonymized_actual_date_unresolved
sub-10	03	06	sub-10/ses-03/run-06/tsv-row-9	9	right_hand	2	60.108	5.0	15027	16277	sub-10/ses-03/eeg/sub-10_ses-03_task-imagery_run-06_eeg.edf	test_exploratory	unresolved	anonymized_actual_date_unresolved
sub-10	03	06	sub-10/ses-03/run-06/tsv-row-10	10	rest	1	67.012	5.0	16753	18003	sub-10/ses-03/eeg/sub-10_ses-03_task-imagery_run-06_eeg.edf	test_exploratory	unresolved	anonymized_actual_date_unresolved
sub-10	03	06	sub-10/ses-03/run-06/tsv-row-11	11	right_hand	2	73.876	5.0	18469	19719	sub-10/ses-03/eeg/sub-10_ses-03_task-imagery_run-06_eeg.edf	test_exploratory	unresolved	anonymized_actual_date_unresolved
sub-10	03	06	sub-10/ses-03/run-06/tsv-row-12	12	rest	1	80.788	5.0	20197	21447	sub-10/ses-03/eeg/sub-10_ses-03_task-imagery_run-06_eeg.edf	test_exploratory	unresolved	anonymized_actual_date_unresolved
sub-10	03	06	sub-10/ses-03/run-06/tsv-row-13	13	right_hand	2	87.656	5.0	21914	23164	sub-10/ses-03/eeg/sub-10_ses-03_task-imagery_run-06_eeg.edf	test_exploratory	unresolved	anonymized_actual_date_unresolved
sub-10	03	06	sub-10/ses-03/run-06/tsv-row-14	14	rest	1	94.556	5.0	23639	24889	sub-10/ses-03/eeg/sub-10_ses-03_task-imagery_run-06_eeg.edf	test_exploratory	unresolved	anonymized_actual_date_unresolved
sub-10	03	06	sub-10/ses-03/run-06/tsv-row-15	15	rest	1	101.456	5.0	25364	26614	sub-10/ses-03/eeg/sub-10_ses-03_task-imagery_run-06_eeg.edf	test_exploratory	unresolved	anonymized_actual_date_unresolved
sub-10	03	06	sub-10/ses-03/run-06/tsv-row-16	16	right_hand	2	108.32	5.0	27080	28330	sub-10/ses-03/eeg/sub-10_ses-03_task-imagery_run-06_eeg.edf	test_exploratory	unresolved	anonymized_actual_date_unresolved
sub-10	03	06	sub-10/ses-03/run-06/tsv-row-17	17	rest	1	115.216	5.0	28804	30054	sub-10/ses-03/eeg/sub-10_ses-03_task-imagery_run-06_eeg.edf	test_exploratory	unresolved	anonymized_actual_date_unresolved
sub-10	03	06	sub-10/ses-03/run-06/tsv-row-18	18	right_hand	2	122.108	5.0	30527	31777	sub-10/ses-03/eeg/sub-10_ses-03_task-imagery_run-06_eeg.edf	test_exploratory	unresolved	anonymized_actual_date_unresolved
sub-10	03	06	sub-10/ses-03/run-06/tsv-row-19	19	rest	1	129.004	5.0	32251	33501	sub-10/ses-03/eeg/sub-10_ses-03_task-imagery_run-06_eeg.edf	test_exploratory	unresolved	anonymized_actual_date_unresolved
sub-10	03	06	sub-10/ses-03/run-06/tsv-row-20	20	right_hand	2	135.868	5.0	33967	35217	sub-10/ses-03/eeg/sub-10_ses-03_task-imagery_run-06_eeg.edf	test_exploratory	unresolved	anonymized_actual_date_unresolved
sub-10	03	06	sub-10/ses-03/run-06/tsv-row-21	21	right_hand	2	142.764	5.0	35691	36941	sub-10/ses-03/eeg/sub-10_ses-03_task-imagery_run-06_eeg.edf	test_exploratory	unresolved	anonymized_actual_date_unresolved
sub-10	03	06	sub-10/ses-03/run-06/tsv-row-22	22	rest	1	149.668	5.0	37417	38667	sub-10/ses-03/eeg/sub-10_ses-03_task-imagery_run-06_eeg.edf	test_exploratory	unresolved	anonymized_actual_date_unresolved
sub-10	03	06	sub-10/ses-03/run-06/tsv-row-23	23	rest	1	156.552	5.0	39138	40388	sub-10/ses-03/eeg/sub-10_ses-03_task-imagery_run-06_eeg.edf	test_exploratory	unresolved	anonymized_actual_date_unresolved
sub-10	03	06	sub-10/ses-03/run-06/tsv-row-24	24	right_hand	2	163.432	5.0	40858	42108	sub-10/ses-03/eeg/sub-10_ses-03_task-imagery_run-06_eeg.edf	test_exploratory	unresolved	anonymized_actual_date_unresolved
sub-10	03	06	sub-10/ses-03/run-06/tsv-row-25	25	right_hand	2	170.312	5.0	42578	43828	sub-10/ses-03/eeg/sub-10_ses-03_task-imagery_run-06_eeg.edf	test_exploratory	unresolved	anonymized_actual_date_unresolved
sub-10	03	06	sub-10/ses-03/run-06/tsv-row-26	26	rest	1	177.22	5.0	44305	45555	sub-10/ses-03/eeg/sub-10_ses-03_task-imagery_run-06_eeg.edf	test_exploratory	unresolved	anonymized_actual_date_unresolved
sub-10	03	06	sub-10/ses-03/run-06/tsv-row-27	27	rest	1	184.116	5.0	46029	47279	sub-10/ses-03/eeg/sub-10_ses-03_task-imagery_run-06_eeg.edf	test_exploratory	unresolved	anonymized_actual_date_unresolved
sub-10	03	06	sub-10/ses-03/run-06/tsv-row-28	28	right_hand	2	190.98	5.0	47745	48995	sub-10/ses-03/eeg/sub-10_ses-03_task-imagery_run-06_eeg.edf	test_exploratory	unresolved	anonymized_actual_date_unresolved
sub-10	03	06	sub-10/ses-03/run-06/tsv-row-29	29	right_hand	2	197.86	5.0	49465	50715	sub-10/ses-03/eeg/sub-10_ses-03_task-imagery_run-06_eeg.edf	test_exploratory	unresolved	anonymized_actual_date_unresolved
sub-10	03	06	sub-10/ses-03/run-06/tsv-row-30	30	rest	1	204.764	5.0	51191	52441	sub-10/ses-03/eeg/sub-10_ses-03_task-imagery_run-06_eeg.edf	test_exploratory	unresolved	anonymized_actual_date_unresolved
sub-10	03	06	sub-10/ses-03/run-06/tsv-row-31	31	right_hand	2	211.648	5.0	52912	54162	sub-10/ses-03/eeg/sub-10_ses-03_task-imagery_run-06_eeg.edf	test_exploratory	unresolved	anonymized_actual_date_unresolved
sub-10	03	06	sub-10/ses-03/run-06/tsv-row-32	32	rest	1	218.544	5.0	54636	55886	sub-10/ses-03/eeg/sub-10_ses-03_task-imagery_run-06_eeg.edf	test_exploratory	unresolved	anonymized_actual_date_unresolved
sub-10	04	01	sub-10/ses-04/run-01/tsv-row-1	1	rest	1	6.284	5.0	1571	2821	sub-10/ses-04/eeg/sub-10_ses-04_task-imagery_run-01_eeg.edf	test_exploratory	unresolved	anonymized_actual_date_unresolved
sub-10	04	01	sub-10/ses-04/run-01/tsv-row-2	2	right_hand	2	13.148	5.0	3287	4537	sub-10/ses-04/eeg/sub-10_ses-04_task-imagery_run-01_eeg.edf	test_exploratory	unresolved	anonymized_actual_date_unresolved
sub-10	04	01	sub-10/ses-04/run-01/tsv-row-3	3	rest	1	20.048	5.0	5012	6262	sub-10/ses-04/eeg/sub-10_ses-04_task-imagery_run-01_eeg.edf	test_exploratory	unresolved	anonymized_actual_date_unresolved
sub-10	04	01	sub-10/ses-04/run-01/tsv-row-4	4	right_hand	2	26.936	5.0	6734	7984	sub-10/ses-04/eeg/sub-10_ses-04_task-imagery_run-01_eeg.edf	test_exploratory	unresolved	anonymized_actual_date_unresolved
sub-10	04	01	sub-10/ses-04/run-01/tsv-row-5	5	rest	1	33.832	5.0	8458	9708	sub-10/ses-04/eeg/sub-10_ses-04_task-imagery_run-01_eeg.edf	test_exploratory	unresolved	anonymized_actual_date_unresolved
sub-10	04	01	sub-10/ses-04/run-01/tsv-row-6	6	right_hand	2	40.696	5.0	10174	11424	sub-10/ses-04/eeg/sub-10_ses-04_task-imagery_run-01_eeg.edf	test_exploratory	unresolved	anonymized_actual_date_unresolved
sub-10	04	01	sub-10/ses-04/run-01/tsv-row-7	7	right_hand	2	47.596	5.0	11899	13149	sub-10/ses-04/eeg/sub-10_ses-04_task-imagery_run-01_eeg.edf	test_exploratory	unresolved	anonymized_actual_date_unresolved
sub-10	04	01	sub-10/ses-04/run-01/tsv-row-8	8	rest	1	54.5	5.0	13625	14875	sub-10/ses-04/eeg/sub-10_ses-04_task-imagery_run-01_eeg.edf	test_exploratory	unresolved	anonymized_actual_date_unresolved
sub-10	04	01	sub-10/ses-04/run-01/tsv-row-9	9	right_hand	2	61.364	5.0	15341	16591	sub-10/ses-04/eeg/sub-10_ses-04_task-imagery_run-01_eeg.edf	test_exploratory	unresolved	anonymized_actual_date_unresolved
sub-10	04	01	sub-10/ses-04/run-01/tsv-row-10	10	rest	1	68.276	5.0	17069	18319	sub-10/ses-04/eeg/sub-10_ses-04_task-imagery_run-01_eeg.edf	test_exploratory	unresolved	anonymized_actual_date_unresolved
sub-10	04	01	sub-10/ses-04/run-01/tsv-row-11	11	right_hand	2	75.144	5.0	18786	20036	sub-10/ses-04/eeg/sub-10_ses-04_task-imagery_run-01_eeg.edf	test_exploratory	unresolved	anonymized_actual_date_unresolved
sub-10	04	01	sub-10/ses-04/run-01/tsv-row-12	12	rest	1	82.048	5.0	20512	21762	sub-10/ses-04/eeg/sub-10_ses-04_task-imagery_run-01_eeg.edf	test_exploratory	unresolved	anonymized_actual_date_unresolved
sub-10	04	01	sub-10/ses-04/run-01/tsv-row-13	13	right_hand	2	88.912	5.0	22228	23478	sub-10/ses-04/eeg/sub-10_ses-04_task-imagery_run-01_eeg.edf	test_exploratory	unresolved	anonymized_actual_date_unresolved
sub-10	04	01	sub-10/ses-04/run-01/tsv-row-14	14	rest	1	95.824	5.0	23956	25206	sub-10/ses-04/eeg/sub-10_ses-04_task-imagery_run-01_eeg.edf	test_exploratory	unresolved	anonymized_actual_date_unresolved
sub-10	04	01	sub-10/ses-04/run-01/tsv-row-15	15	rest	1	102.704	5.0	25676	26926	sub-10/ses-04/eeg/sub-10_ses-04_task-imagery_run-01_eeg.edf	test_exploratory	unresolved	anonymized_actual_date_unresolved
sub-10	04	01	sub-10/ses-04/run-01/tsv-row-16	16	right_hand	2	109.58	5.0	27395	28645	sub-10/ses-04/eeg/sub-10_ses-04_task-imagery_run-01_eeg.edf	test_exploratory	unresolved	anonymized_actual_date_unresolved
sub-10	04	01	sub-10/ses-04/run-01/tsv-row-17	17	right_hand	2	116.476	5.0	29119	30369	sub-10/ses-04/eeg/sub-10_ses-04_task-imagery_run-01_eeg.edf	test_exploratory	unresolved	anonymized_actual_date_unresolved
sub-10	04	01	sub-10/ses-04/run-01/tsv-row-18	18	rest	1	123.372	5.0	30843	32093	sub-10/ses-04/eeg/sub-10_ses-04_task-imagery_run-01_eeg.edf	test_exploratory	unresolved	anonymized_actual_date_unresolved
sub-10	04	01	sub-10/ses-04/run-01/tsv-row-19	19	right_hand	2	130.236	5.0	32559	33809	sub-10/ses-04/eeg/sub-10_ses-04_task-imagery_run-01_eeg.edf	test_exploratory	unresolved	anonymized_actual_date_unresolved
sub-10	04	01	sub-10/ses-04/run-01/tsv-row-20	20	rest	1	137.152	5.0	34288	35538	sub-10/ses-04/eeg/sub-10_ses-04_task-imagery_run-01_eeg.edf	test_exploratory	unresolved	anonymized_actual_date_unresolved
sub-10	04	01	sub-10/ses-04/run-01/tsv-row-21	21	right_hand	2	144.024	5.0	36006	37256	sub-10/ses-04/eeg/sub-10_ses-04_task-imagery_run-01_eeg.edf	test_exploratory	unresolved	anonymized_actual_date_unresolved
sub-10	04	01	sub-10/ses-04/run-01/tsv-row-22	22	rest	1	150.92	5.0	37730	38980	sub-10/ses-04/eeg/sub-10_ses-04_task-imagery_run-01_eeg.edf	test_exploratory	unresolved	anonymized_actual_date_unresolved
sub-10	04	01	sub-10/ses-04/run-01/tsv-row-23	23	rest	1	157.816	5.0	39454	40704	sub-10/ses-04/eeg/sub-10_ses-04_task-imagery_run-01_eeg.edf	test_exploratory	unresolved	anonymized_actual_date_unresolved
sub-10	04	01	sub-10/ses-04/run-01/tsv-row-24	24	right_hand	2	164.684	5.0	41171	42421	sub-10/ses-04/eeg/sub-10_ses-04_task-imagery_run-01_eeg.edf	test_exploratory	unresolved	anonymized_actual_date_unresolved
sub-10	04	01	sub-10/ses-04/run-01/tsv-row-25	25	right_hand	2	171.572	5.0	42893	44143	sub-10/ses-04/eeg/sub-10_ses-04_task-imagery_run-01_eeg.edf	test_exploratory	unresolved	anonymized_actual_date_unresolved
sub-10	04	01	sub-10/ses-04/run-01/tsv-row-26	26	rest	1	178.484	5.0	44621	45871	sub-10/ses-04/eeg/sub-10_ses-04_task-imagery_run-01_eeg.edf	test_exploratory	unresolved	anonymized_actual_date_unresolved
sub-10	04	01	sub-10/ses-04/run-01/tsv-row-27	27	rest	1	185.364	5.0	46341	47591	sub-10/ses-04/eeg/sub-10_ses-04_task-imagery_run-01_eeg.edf	test_exploratory	unresolved	anonymized_actual_date_unresolved
sub-10	04	01	sub-10/ses-04/run-01/tsv-row-28	28	right_hand	2	192.228	5.0	48057	49307	sub-10/ses-04/eeg/sub-10_ses-04_task-imagery_run-01_eeg.edf	test_exploratory	unresolved	anonymized_actual_date_unresolved
sub-10	04	01	sub-10/ses-04/run-01/tsv-row-29	29	rest	1	199.152	5.0	49788	51038	sub-10/ses-04/eeg/sub-10_ses-04_task-imagery_run-01_eeg.edf	test_exploratory	unresolved	anonymized_actual_date_unresolved
sub-10	04	01	sub-10/ses-04/run-01/tsv-row-30	30	right_hand	2	206.016	5.0	51504	52754	sub-10/ses-04/eeg/sub-10_ses-04_task-imagery_run-01_eeg.edf	test_exploratory	unresolved	anonymized_actual_date_unresolved
sub-10	04	01	sub-10/ses-04/run-01/tsv-row-31	31	right_hand	2	212.896	5.0	53224	54474	sub-10/ses-04/eeg/sub-10_ses-04_task-imagery_run-01_eeg.edf	test_exploratory	unresolved	anonymized_actual_date_unresolved
sub-10	04	01	sub-10/ses-04/run-01/tsv-row-32	32	rest	1	219.812	5.0	54953	56203	sub-10/ses-04/eeg/sub-10_ses-04_task-imagery_run-01_eeg.edf	test_exploratory	unresolved	anonymized_actual_date_unresolved
sub-10	04	02	sub-10/ses-04/run-02/tsv-row-1	1	right_hand	2	6.036	5.0	1509	2759	sub-10/ses-04/eeg/sub-10_ses-04_task-imagery_run-02_eeg.edf	test_exploratory	unresolved	anonymized_actual_date_unresolved
sub-10	04	02	sub-10/ses-04/run-02/tsv-row-2	2	rest	1	12.936	5.0	3234	4484	sub-10/ses-04/eeg/sub-10_ses-04_task-imagery_run-02_eeg.edf	test_exploratory	unresolved	anonymized_actual_date_unresolved
sub-10	04	02	sub-10/ses-04/run-02/tsv-row-3	3	right_hand	2	19.816	5.0	4954	6204	sub-10/ses-04/eeg/sub-10_ses-04_task-imagery_run-02_eeg.edf	test_exploratory	unresolved	anonymized_actual_date_unresolved
sub-10	04	02	sub-10/ses-04/run-02/tsv-row-4	4	rest	1	26.72	5.0	6680	7930	sub-10/ses-04/eeg/sub-10_ses-04_task-imagery_run-02_eeg.edf	test_exploratory	unresolved	anonymized_actual_date_unresolved
sub-10	04	02	sub-10/ses-04/run-02/tsv-row-5	5	right_hand	2	33.584	5.0	8396	9646	sub-10/ses-04/eeg/sub-10_ses-04_task-imagery_run-02_eeg.edf	test_exploratory	unresolved	anonymized_actual_date_unresolved
sub-10	04	02	sub-10/ses-04/run-02/tsv-row-6	6	rest	1	40.5	5.0	10125	11375	sub-10/ses-04/eeg/sub-10_ses-04_task-imagery_run-02_eeg.edf	test_exploratory	unresolved	anonymized_actual_date_unresolved
sub-10	04	02	sub-10/ses-04/run-02/tsv-row-7	7	right_hand	2	47.364	5.0	11841	13091	sub-10/ses-04/eeg/sub-10_ses-04_task-imagery_run-02_eeg.edf	test_exploratory	unresolved	anonymized_actual_date_unresolved
sub-10	04	02	sub-10/ses-04/run-02/tsv-row-8	8	rest	1	54.268	5.0	13567	14817	sub-10/ses-04/eeg/sub-10_ses-04_task-imagery_run-02_eeg.edf	test_exploratory	unresolved	anonymized_actual_date_unresolved
sub-10	04	02	sub-10/ses-04/run-02/tsv-row-9	9	right_hand	2	61.148	5.0	15287	16537	sub-10/ses-04/eeg/sub-10_ses-04_task-imagery_run-02_eeg.edf	test_exploratory	unresolved	anonymized_actual_date_unresolved
sub-10	04	02	sub-10/ses-04/run-02/tsv-row-10	10	rest	1	68.044	5.0	17011	18261	sub-10/ses-04/eeg/sub-10_ses-04_task-imagery_run-02_eeg.edf	test_exploratory	unresolved	anonymized_actual_date_unresolved
sub-10	04	02	sub-10/ses-04/run-02/tsv-row-11	11	rest	1	74.928	5.0	18732	19982	sub-10/ses-04/eeg/sub-10_ses-04_task-imagery_run-02_eeg.edf	test_exploratory	unresolved	anonymized_actual_date_unresolved
sub-10	04	02	sub-10/ses-04/run-02/tsv-row-12	12	right_hand	2	81.808	5.0	20452	21702	sub-10/ses-04/eeg/sub-10_ses-04_task-imagery_run-02_eeg.edf	test_exploratory	unresolved	anonymized_actual_date_unresolved
sub-10	04	02	sub-10/ses-04/run-02/tsv-row-13	13	right_hand	2	88.696	5.0	22174	23424	sub-10/ses-04/eeg/sub-10_ses-04_task-imagery_run-02_eeg.edf	test_exploratory	unresolved	anonymized_actual_date_unresolved
sub-10	04	02	sub-10/ses-04/run-02/tsv-row-14	14	rest	1	95.596	5.0	23899	25149	sub-10/ses-04/eeg/sub-10_ses-04_task-imagery_run-02_eeg.edf	test_exploratory	unresolved	anonymized_actual_date_unresolved
sub-10	04	02	sub-10/ses-04/run-02/tsv-row-15	15	rest	1	102.492	5.0	25623	26873	sub-10/ses-04/eeg/sub-10_ses-04_task-imagery_run-02_eeg.edf	test_exploratory	unresolved	anonymized_actual_date_unresolved
sub-10	04	02	sub-10/ses-04/run-02/tsv-row-16	16	right_hand	2	109.356	5.0	27339	28589	sub-10/ses-04/eeg/sub-10_ses-04_task-imagery_run-02_eeg.edf	test_exploratory	unresolved	anonymized_actual_date_unresolved
sub-10	04	02	sub-10/ses-04/run-02/tsv-row-17	17	rest	1	116.26	5.0	29065	30315	sub-10/ses-04/eeg/sub-10_ses-04_task-imagery_run-02_eeg.edf	test_exploratory	unresolved	anonymized_actual_date_unresolved
sub-10	04	02	sub-10/ses-04/run-02/tsv-row-18	18	right_hand	2	123.14	5.0	30785	32035	sub-10/ses-04/eeg/sub-10_ses-04_task-imagery_run-02_eeg.edf	test_exploratory	unresolved	anonymized_actual_date_unresolved
sub-10	04	02	sub-10/ses-04/run-02/tsv-row-19	19	rest	1	130.04	5.0	32510	33760	sub-10/ses-04/eeg/sub-10_ses-04_task-imagery_run-02_eeg.edf	test_exploratory	unresolved	anonymized_actual_date_unresolved
sub-10	04	02	sub-10/ses-04/run-02/tsv-row-20	20	right_hand	2	136.904	5.0	34226	35476	sub-10/ses-04/eeg/sub-10_ses-04_task-imagery_run-02_eeg.edf	test_exploratory	unresolved	anonymized_actual_date_unresolved
sub-10	04	02	sub-10/ses-04/run-02/tsv-row-21	21	right_hand	2	143.808	5.0	35952	37202	sub-10/ses-04/eeg/sub-10_ses-04_task-imagery_run-02_eeg.edf	test_exploratory	unresolved	anonymized_actual_date_unresolved
sub-10	04	02	sub-10/ses-04/run-02/tsv-row-22	22	rest	1	150.708	5.0	37677	38927	sub-10/ses-04/eeg/sub-10_ses-04_task-imagery_run-02_eeg.edf	test_exploratory	unresolved	anonymized_actual_date_unresolved
sub-10	04	02	sub-10/ses-04/run-02/tsv-row-23	23	right_hand	2	157.572	5.0	39393	40643	sub-10/ses-04/eeg/sub-10_ses-04_task-imagery_run-02_eeg.edf	test_exploratory	unresolved	anonymized_actual_date_unresolved
sub-10	04	02	sub-10/ses-04/run-02/tsv-row-24	24	rest	1	164.468	5.0	41117	42367	sub-10/ses-04/eeg/sub-10_ses-04_task-imagery_run-02_eeg.edf	test_exploratory	unresolved	anonymized_actual_date_unresolved
sub-10	04	02	sub-10/ses-04/run-02/tsv-row-25	25	rest	1	171.372	5.0	42843	44093	sub-10/ses-04/eeg/sub-10_ses-04_task-imagery_run-02_eeg.edf	test_exploratory	unresolved	anonymized_actual_date_unresolved
sub-10	04	02	sub-10/ses-04/run-02/tsv-row-26	26	right_hand	2	178.236	5.0	44559	45809	sub-10/ses-04/eeg/sub-10_ses-04_task-imagery_run-02_eeg.edf	test_exploratory	unresolved	anonymized_actual_date_unresolved
sub-10	04	02	sub-10/ses-04/run-02/tsv-row-27	27	rest	1	185.136	5.0	46284	47534	sub-10/ses-04/eeg/sub-10_ses-04_task-imagery_run-02_eeg.edf	test_exploratory	unresolved	anonymized_actual_date_unresolved
sub-10	04	02	sub-10/ses-04/run-02/tsv-row-28	28	right_hand	2	192.016	5.0	48004	49254	sub-10/ses-04/eeg/sub-10_ses-04_task-imagery_run-02_eeg.edf	test_exploratory	unresolved	anonymized_actual_date_unresolved
sub-10	04	02	sub-10/ses-04/run-02/tsv-row-29	29	rest	1	198.92	5.0	49730	50980	sub-10/ses-04/eeg/sub-10_ses-04_task-imagery_run-02_eeg.edf	test_exploratory	unresolved	anonymized_actual_date_unresolved
sub-10	04	02	sub-10/ses-04/run-02/tsv-row-30	30	right_hand	2	205.784	5.0	51446	52696	sub-10/ses-04/eeg/sub-10_ses-04_task-imagery_run-02_eeg.edf	test_exploratory	unresolved	anonymized_actual_date_unresolved
sub-10	04	02	sub-10/ses-04/run-02/tsv-row-31	31	rest	1	212.696	5.0	53174	54424	sub-10/ses-04/eeg/sub-10_ses-04_task-imagery_run-02_eeg.edf	test_exploratory	unresolved	anonymized_actual_date_unresolved
sub-10	04	02	sub-10/ses-04/run-02/tsv-row-32	32	right_hand	2	219.564	5.0	54891	56141	sub-10/ses-04/eeg/sub-10_ses-04_task-imagery_run-02_eeg.edf	test_exploratory	unresolved	anonymized_actual_date_unresolved
sub-10	04	03	sub-10/ses-04/run-03/tsv-row-1	1	right_hand	2	9.112	5.0	2278	3528	sub-10/ses-04/eeg/sub-10_ses-04_task-imagery_run-03_eeg.edf	test_exploratory	unresolved	anonymized_actual_date_unresolved
sub-10	04	03	sub-10/ses-04/run-03/tsv-row-2	2	rest	1	16.028	5.0	4007	5257	sub-10/ses-04/eeg/sub-10_ses-04_task-imagery_run-03_eeg.edf	test_exploratory	unresolved	anonymized_actual_date_unresolved
sub-10	04	03	sub-10/ses-04/run-03/tsv-row-3	3	rest	1	22.908	5.0	5727	6977	sub-10/ses-04/eeg/sub-10_ses-04_task-imagery_run-03_eeg.edf	test_exploratory	unresolved	anonymized_actual_date_unresolved
sub-10	04	03	sub-10/ses-04/run-03/tsv-row-4	4	right_hand	2	29.772	5.0	7443	8693	sub-10/ses-04/eeg/sub-10_ses-04_task-imagery_run-03_eeg.edf	test_exploratory	unresolved	anonymized_actual_date_unresolved
sub-10	04	03	sub-10/ses-04/run-03/tsv-row-5	5	right_hand	2	36.668	5.0	9167	10417	sub-10/ses-04/eeg/sub-10_ses-04_task-imagery_run-03_eeg.edf	test_exploratory	unresolved	anonymized_actual_date_unresolved
sub-10	04	03	sub-10/ses-04/run-03/tsv-row-6	6	rest	1	43.576	5.0	10894	12144	sub-10/ses-04/eeg/sub-10_ses-04_task-imagery_run-03_eeg.edf	test_exploratory	unresolved	anonymized_actual_date_unresolved
sub-10	04	03	sub-10/ses-04/run-03/tsv-row-7	7	right_hand	2	50.44	5.0	12610	13860	sub-10/ses-04/eeg/sub-10_ses-04_task-imagery_run-03_eeg.edf	test_exploratory	unresolved	anonymized_actual_date_unresolved
sub-10	04	03	sub-10/ses-04/run-03/tsv-row-8	8	rest	1	57.352	5.0	14338	15588	sub-10/ses-04/eeg/sub-10_ses-04_task-imagery_run-03_eeg.edf	test_exploratory	unresolved	anonymized_actual_date_unresolved
sub-10	04	03	sub-10/ses-04/run-03/tsv-row-9	9	right_hand	2	64.216	5.0	16054	17304	sub-10/ses-04/eeg/sub-10_ses-04_task-imagery_run-03_eeg.edf	test_exploratory	unresolved	anonymized_actual_date_unresolved
sub-10	04	03	sub-10/ses-04/run-03/tsv-row-10	10	rest	1	71.12	5.0	17780	19030	sub-10/ses-04/eeg/sub-10_ses-04_task-imagery_run-03_eeg.edf	test_exploratory	unresolved	anonymized_actual_date_unresolved
sub-10	04	03	sub-10/ses-04/run-03/tsv-row-11	11	rest	1	78.02	5.0	19505	20755	sub-10/ses-04/eeg/sub-10_ses-04_task-imagery_run-03_eeg.edf	test_exploratory	unresolved	anonymized_actual_date_unresolved
sub-10	04	03	sub-10/ses-04/run-03/tsv-row-12	12	right_hand	2	84.884	5.0	21221	22471	sub-10/ses-04/eeg/sub-10_ses-04_task-imagery_run-03_eeg.edf	test_exploratory	unresolved	anonymized_actual_date_unresolved
sub-10	04	03	sub-10/ses-04/run-03/tsv-row-13	13	right_hand	2	91.764	5.0	22941	24191	sub-10/ses-04/eeg/sub-10_ses-04_task-imagery_run-03_eeg.edf	test_exploratory	unresolved	anonymized_actual_date_unresolved
sub-10	04	03	sub-10/ses-04/run-03/tsv-row-14	14	rest	1	98.688	5.0	24672	25922	sub-10/ses-04/eeg/sub-10_ses-04_task-imagery_run-03_eeg.edf	test_exploratory	unresolved	anonymized_actual_date_unresolved
sub-10	04	03	sub-10/ses-04/run-03/tsv-row-15	15	rest	1	105.568	5.0	26392	27642	sub-10/ses-04/eeg/sub-10_ses-04_task-imagery_run-03_eeg.edf	test_exploratory	unresolved	anonymized_actual_date_unresolved
sub-10	04	03	sub-10/ses-04/run-03/tsv-row-16	16	right_hand	2	112.432	5.0	28108	29358	sub-10/ses-04/eeg/sub-10_ses-04_task-imagery_run-03_eeg.edf	test_exploratory	unresolved	anonymized_actual_date_unresolved
sub-10	04	03	sub-10/ses-04/run-03/tsv-row-17	17	right_hand	2	119.328	5.0	29832	31082	sub-10/ses-04/eeg/sub-10_ses-04_task-imagery_run-03_eeg.edf	test_exploratory	unresolved	anonymized_actual_date_unresolved
sub-10	04	03	sub-10/ses-04/run-03/tsv-row-18	18	rest	1	126.232	5.0	31558	32808	sub-10/ses-04/eeg/sub-10_ses-04_task-imagery_run-03_eeg.edf	test_exploratory	unresolved	anonymized_actual_date_unresolved
sub-10	04	03	sub-10/ses-04/run-03/tsv-row-19	19	right_hand	2	133.1	5.0	33275	34525	sub-10/ses-04/eeg/sub-10_ses-04_task-imagery_run-03_eeg.edf	test_exploratory	unresolved	anonymized_actual_date_unresolved
sub-10	04	03	sub-10/ses-04/run-03/tsv-row-20	20	rest	1	140.012	5.0	35003	36253	sub-10/ses-04/eeg/sub-10_ses-04_task-imagery_run-03_eeg.edf	test_exploratory	unresolved	anonymized_actual_date_unresolved
sub-10	04	03	sub-10/ses-04/run-03/tsv-row-21	21	right_hand	2	146.876	5.0	36719	37969	sub-10/ses-04/eeg/sub-10_ses-04_task-imagery_run-03_eeg.edf	test_exploratory	unresolved	anonymized_actual_date_unresolved
sub-10	04	03	sub-10/ses-04/run-03/tsv-row-22	22	rest	1	153.784	5.0	38446	39696	sub-10/ses-04/eeg/sub-10_ses-04_task-imagery_run-03_eeg.edf	test_exploratory	unresolved	anonymized_actual_date_unresolved
sub-10	04	03	sub-10/ses-04/run-03/tsv-row-23	23	rest	1	160.68	5.0	40170	41420	sub-10/ses-04/eeg/sub-10_ses-04_task-imagery_run-03_eeg.edf	test_exploratory	unresolved	anonymized_actual_date_unresolved
sub-10	04	03	sub-10/ses-04/run-03/tsv-row-24	24	right_hand	2	167.544	5.0	41886	43136	sub-10/ses-04/eeg/sub-10_ses-04_task-imagery_run-03_eeg.edf	test_exploratory	unresolved	anonymized_actual_date_unresolved
sub-10	04	03	sub-10/ses-04/run-03/tsv-row-25	25	rest	1	174.44	5.0	43610	44860	sub-10/ses-04/eeg/sub-10_ses-04_task-imagery_run-03_eeg.edf	test_exploratory	unresolved	anonymized_actual_date_unresolved
sub-10	04	03	sub-10/ses-04/run-03/tsv-row-26	26	right_hand	2	181.312	5.0	45328	46578	sub-10/ses-04/eeg/sub-10_ses-04_task-imagery_run-03_eeg.edf	test_exploratory	unresolved	anonymized_actual_date_unresolved
sub-10	04	03	sub-10/ses-04/run-03/tsv-row-27	27	right_hand	2	188.212	5.0	47053	48303	sub-10/ses-04/eeg/sub-10_ses-04_task-imagery_run-03_eeg.edf	test_exploratory	unresolved	anonymized_actual_date_unresolved
sub-10	04	03	sub-10/ses-04/run-03/tsv-row-28	28	rest	1	195.108	5.0	48777	50027	sub-10/ses-04/eeg/sub-10_ses-04_task-imagery_run-03_eeg.edf	test_exploratory	unresolved	anonymized_actual_date_unresolved
sub-10	04	03	sub-10/ses-04/run-03/tsv-row-29	29	rest	1	201.988	5.0	50497	51747	sub-10/ses-04/eeg/sub-10_ses-04_task-imagery_run-03_eeg.edf	test_exploratory	unresolved	anonymized_actual_date_unresolved
sub-10	04	03	sub-10/ses-04/run-03/tsv-row-30	30	right_hand	2	208.876	5.0	52219	53469	sub-10/ses-04/eeg/sub-10_ses-04_task-imagery_run-03_eeg.edf	test_exploratory	unresolved	anonymized_actual_date_unresolved
sub-10	04	03	sub-10/ses-04/run-03/tsv-row-31	31	right_hand	2	215.76	5.0	53940	55190	sub-10/ses-04/eeg/sub-10_ses-04_task-imagery_run-03_eeg.edf	test_exploratory	unresolved	anonymized_actual_date_unresolved
sub-10	04	03	sub-10/ses-04/run-03/tsv-row-32	32	rest	1	222.656	5.0	55664	56914	sub-10/ses-04/eeg/sub-10_ses-04_task-imagery_run-03_eeg.edf	test_exploratory	unresolved	anonymized_actual_date_unresolved
sub-10	04	04	sub-10/ses-04/run-04/tsv-row-1	1	right_hand	2	16.432	5.0	4108	5358	sub-10/ses-04/eeg/sub-10_ses-04_task-imagery_run-04_eeg.edf	test_exploratory	unresolved	anonymized_actual_date_unresolved
sub-10	04	04	sub-10/ses-04/run-04/tsv-row-2	2	rest	1	23.328	5.0	5832	7082	sub-10/ses-04/eeg/sub-10_ses-04_task-imagery_run-04_eeg.edf	test_exploratory	unresolved	anonymized_actual_date_unresolved
sub-10	04	04	sub-10/ses-04/run-04/tsv-row-3	3	right_hand	2	30.2	5.0	7550	8800	sub-10/ses-04/eeg/sub-10_ses-04_task-imagery_run-04_eeg.edf	test_exploratory	unresolved	anonymized_actual_date_unresolved
sub-10	04	04	sub-10/ses-04/run-04/tsv-row-4	4	rest	1	37.116	5.0	9279	10529	sub-10/ses-04/eeg/sub-10_ses-04_task-imagery_run-04_eeg.edf	test_exploratory	unresolved	anonymized_actual_date_unresolved
sub-10	04	04	sub-10/ses-04/run-04/tsv-row-5	5	rest	1	43.996	5.0	10999	12249	sub-10/ses-04/eeg/sub-10_ses-04_task-imagery_run-04_eeg.edf	test_exploratory	unresolved	anonymized_actual_date_unresolved
sub-10	04	04	sub-10/ses-04/run-04/tsv-row-6	6	right_hand	2	50.86	5.0	12715	13965	sub-10/ses-04/eeg/sub-10_ses-04_task-imagery_run-04_eeg.edf	test_exploratory	unresolved	anonymized_actual_date_unresolved
sub-10	04	04	sub-10/ses-04/run-04/tsv-row-7	7	rest	1	57.78	5.0	14445	15695	sub-10/ses-04/eeg/sub-10_ses-04_task-imagery_run-04_eeg.edf	test_exploratory	unresolved	anonymized_actual_date_unresolved
sub-10	04	04	sub-10/ses-04/run-04/tsv-row-8	8	right_hand	2	64.644	5.0	16161	17411	sub-10/ses-04/eeg/sub-10_ses-04_task-imagery_run-04_eeg.edf	test_exploratory	unresolved	anonymized_actual_date_unresolved
sub-10	04	04	sub-10/ses-04/run-04/tsv-row-9	9	rest	1	71.544	5.0	17886	19136	sub-10/ses-04/eeg/sub-10_ses-04_task-imagery_run-04_eeg.edf	test_exploratory	unresolved	anonymized_actual_date_unresolved
sub-10	04	04	sub-10/ses-04/run-04/tsv-row-10	10	right_hand	2	78.416	5.0	19604	20854	sub-10/ses-04/eeg/sub-10_ses-04_task-imagery_run-04_eeg.edf	test_exploratory	unresolved	anonymized_actual_date_unresolved
sub-10	04	04	sub-10/ses-04/run-04/tsv-row-11	11	right_hand	2	85.312	5.0	21328	22578	sub-10/ses-04/eeg/sub-10_ses-04_task-imagery_run-04_eeg.edf	test_exploratory	unresolved	anonymized_actual_date_unresolved
sub-10	04	04	sub-10/ses-04/run-04/tsv-row-12	12	rest	1	92.208	5.0	23052	24302	sub-10/ses-04/eeg/sub-10_ses-04_task-imagery_run-04_eeg.edf	test_exploratory	unresolved	anonymized_actual_date_unresolved
sub-10	04	04	sub-10/ses-04/run-04/tsv-row-13	13	rest	1	99.088	5.0	24772	26022	sub-10/ses-04/eeg/sub-10_ses-04_task-imagery_run-04_eeg.edf	test_exploratory	unresolved	anonymized_actual_date_unresolved
sub-10	04	04	sub-10/ses-04/run-04/tsv-row-14	14	right_hand	2	105.972	5.0	26493	27743	sub-10/ses-04/eeg/sub-10_ses-04_task-imagery_run-04_eeg.edf	test_exploratory	unresolved	anonymized_actual_date_unresolved
sub-10	04	04	sub-10/ses-04/run-04/tsv-row-15	15	right_hand	2	112.86	5.0	28215	29465	sub-10/ses-04/eeg/sub-10_ses-04_task-imagery_run-04_eeg.edf	test_exploratory	unresolved	anonymized_actual_date_unresolved
sub-10	04	04	sub-10/ses-04/run-04/tsv-row-16	16	rest	1	119.756	5.0	29939	31189	sub-10/ses-04/eeg/sub-10_ses-04_task-imagery_run-04_eeg.edf	test_exploratory	unresolved	anonymized_actual_date_unresolved
sub-10	04	04	sub-10/ses-04/run-04/tsv-row-17	17	right_hand	2	126.64	5.0	31660	32910	sub-10/ses-04/eeg/sub-10_ses-04_task-imagery_run-04_eeg.edf	test_exploratory	unresolved	anonymized_actual_date_unresolved
sub-10	04	04	sub-10/ses-04/run-04/tsv-row-18	18	rest	1	133.536	5.0	33384	34634	sub-10/ses-04/eeg/sub-10_ses-04_task-imagery_run-04_eeg.edf	test_exploratory	unresolved	anonymized_actual_date_unresolved
sub-10	04	04	sub-10/ses-04/run-04/tsv-row-19	19	right_hand	2	140.408	5.0	35102	36352	sub-10/ses-04/eeg/sub-10_ses-04_task-imagery_run-04_eeg.edf	test_exploratory	unresolved	anonymized_actual_date_unresolved
sub-10	04	04	sub-10/ses-04/run-04/tsv-row-20	20	rest	1	147.32	5.0	36830	38080	sub-10/ses-04/eeg/sub-10_ses-04_task-imagery_run-04_eeg.edf	test_exploratory	unresolved	anonymized_actual_date_unresolved
sub-10	04	04	sub-10/ses-04/run-04/tsv-row-21	21	rest	1	154.2	5.0	38550	39800	sub-10/ses-04/eeg/sub-10_ses-04_task-imagery_run-04_eeg.edf	test_exploratory	unresolved	anonymized_actual_date_unresolved
sub-10	04	04	sub-10/ses-04/run-04/tsv-row-22	22	right_hand	2	161.068	5.0	40267	41517	sub-10/ses-04/eeg/sub-10_ses-04_task-imagery_run-04_eeg.edf	test_exploratory	unresolved	anonymized_actual_date_unresolved
sub-10	04	04	sub-10/ses-04/run-04/tsv-row-23	23	rest	1	167.988	5.0	41997	43247	sub-10/ses-04/eeg/sub-10_ses-04_task-imagery_run-04_eeg.edf	test_exploratory	unresolved	anonymized_actual_date_unresolved
sub-10	04	04	sub-10/ses-04/run-04/tsv-row-24	24	right_hand	2	174.852	5.0	43713	44963	sub-10/ses-04/eeg/sub-10_ses-04_task-imagery_run-04_eeg.edf	test_exploratory	unresolved	anonymized_actual_date_unresolved
sub-10	04	04	sub-10/ses-04/run-04/tsv-row-25	25	right_hand	2	181.732	5.0	45433	46683	sub-10/ses-04/eeg/sub-10_ses-04_task-imagery_run-04_eeg.edf	test_exploratory	unresolved	anonymized_actual_date_unresolved
sub-10	04	04	sub-10/ses-04/run-04/tsv-row-26	26	rest	1	188.648	5.0	47162	48412	sub-10/ses-04/eeg/sub-10_ses-04_task-imagery_run-04_eeg.edf	test_exploratory	unresolved	anonymized_actual_date_unresolved
sub-10	04	04	sub-10/ses-04/run-04/tsv-row-27	27	rest	1	195.536	5.0	48884	50134	sub-10/ses-04/eeg/sub-10_ses-04_task-imagery_run-04_eeg.edf	test_exploratory	unresolved	anonymized_actual_date_unresolved
sub-10	04	04	sub-10/ses-04/run-04/tsv-row-28	28	right_hand	2	202.4	5.0	50600	51850	sub-10/ses-04/eeg/sub-10_ses-04_task-imagery_run-04_eeg.edf	test_exploratory	unresolved	anonymized_actual_date_unresolved
sub-10	04	04	sub-10/ses-04/run-04/tsv-row-29	29	rest	1	209.312	5.0	52328	53578	sub-10/ses-04/eeg/sub-10_ses-04_task-imagery_run-04_eeg.edf	test_exploratory	unresolved	anonymized_actual_date_unresolved
sub-10	04	04	sub-10/ses-04/run-04/tsv-row-30	30	right_hand	2	216.176	5.0	54044	55294	sub-10/ses-04/eeg/sub-10_ses-04_task-imagery_run-04_eeg.edf	test_exploratory	unresolved	anonymized_actual_date_unresolved
sub-10	04	04	sub-10/ses-04/run-04/tsv-row-31	31	right_hand	2	223.068	5.0	55767	57017	sub-10/ses-04/eeg/sub-10_ses-04_task-imagery_run-04_eeg.edf	test_exploratory	unresolved	anonymized_actual_date_unresolved
sub-10	04	04	sub-10/ses-04/run-04/tsv-row-32	32	rest	1	229.98	5.0	57495	58745	sub-10/ses-04/eeg/sub-10_ses-04_task-imagery_run-04_eeg.edf	test_exploratory	unresolved	anonymized_actual_date_unresolved
sub-10	04	05	sub-10/ses-04/run-05/tsv-row-1	1	right_hand	2	9.04	5.0	2260	3510	sub-10/ses-04/eeg/sub-10_ses-04_task-imagery_run-05_eeg.edf	test_exploratory	unresolved	anonymized_actual_date_unresolved
sub-10	04	05	sub-10/ses-04/run-05/tsv-row-2	2	rest	1	15.936	5.0	3984	5234	sub-10/ses-04/eeg/sub-10_ses-04_task-imagery_run-05_eeg.edf	test_exploratory	unresolved	anonymized_actual_date_unresolved
sub-10	04	05	sub-10/ses-04/run-05/tsv-row-3	3	right_hand	2	22.816	5.0	5704	6954	sub-10/ses-04/eeg/sub-10_ses-04_task-imagery_run-05_eeg.edf	test_exploratory	unresolved	anonymized_actual_date_unresolved
sub-10	04	05	sub-10/ses-04/run-05/tsv-row-4	4	rest	1	29.712	5.0	7428	8678	sub-10/ses-04/eeg/sub-10_ses-04_task-imagery_run-05_eeg.edf	test_exploratory	unresolved	anonymized_actual_date_unresolved
sub-10	04	05	sub-10/ses-04/run-05/tsv-row-5	5	right_hand	2	36.584	5.0	9146	10396	sub-10/ses-04/eeg/sub-10_ses-04_task-imagery_run-05_eeg.edf	test_exploratory	unresolved	anonymized_actual_date_unresolved
sub-10	04	05	sub-10/ses-04/run-05/tsv-row-6	6	rest	1	43.5	5.0	10875	12125	sub-10/ses-04/eeg/sub-10_ses-04_task-imagery_run-05_eeg.edf	test_exploratory	unresolved	anonymized_actual_date_unresolved
sub-10	04	05	sub-10/ses-04/run-05/tsv-row-7	7	right_hand	2	50.364	5.0	12591	13841	sub-10/ses-04/eeg/sub-10_ses-04_task-imagery_run-05_eeg.edf	test_exploratory	unresolved	anonymized_actual_date_unresolved
sub-10	04	05	sub-10/ses-04/run-05/tsv-row-8	8	rest	1	57.26	5.0	14315	15565	sub-10/ses-04/eeg/sub-10_ses-04_task-imagery_run-05_eeg.edf	test_exploratory	unresolved	anonymized_actual_date_unresolved
sub-10	04	05	sub-10/ses-04/run-05/tsv-row-9	9	rest	1	64.156	5.0	16039	17289	sub-10/ses-04/eeg/sub-10_ses-04_task-imagery_run-05_eeg.edf	test_exploratory	unresolved	anonymized_actual_date_unresolved
sub-10	04	05	sub-10/ses-04/run-05/tsv-row-10	10	right_hand	2	71.032	5.0	17758	19008	sub-10/ses-04/eeg/sub-10_ses-04_task-imagery_run-05_eeg.edf	test_exploratory	unresolved	anonymized_actual_date_unresolved
sub-10	04	05	sub-10/ses-04/run-05/tsv-row-11	11	rest	1	77.928	5.0	19482	20732	sub-10/ses-04/eeg/sub-10_ses-04_task-imagery_run-05_eeg.edf	test_exploratory	unresolved	anonymized_actual_date_unresolved
sub-10	04	05	sub-10/ses-04/run-05/tsv-row-12	12	right_hand	2	84.808	5.0	21202	22452	sub-10/ses-04/eeg/sub-10_ses-04_task-imagery_run-05_eeg.edf	test_exploratory	unresolved	anonymized_actual_date_unresolved
sub-10	04	05	sub-10/ses-04/run-05/tsv-row-13	13	right_hand	2	91.688	5.0	22922	24172	sub-10/ses-04/eeg/sub-10_ses-04_task-imagery_run-05_eeg.edf	test_exploratory	unresolved	anonymized_actual_date_unresolved
sub-10	04	05	sub-10/ses-04/run-05/tsv-row-14	14	rest	1	98.596	5.0	24649	25899	sub-10/ses-04/eeg/sub-10_ses-04_task-imagery_run-05_eeg.edf	test_exploratory	unresolved	anonymized_actual_date_unresolved
sub-10	04	05	sub-10/ses-04/run-05/tsv-row-15	15	right_hand	2	105.46	5.0	26365	27615	sub-10/ses-04/eeg/sub-10_ses-04_task-imagery_run-05_eeg.edf	test_exploratory	unresolved	anonymized_actual_date_unresolved
sub-10	04	05	sub-10/ses-04/run-05/tsv-row-16	16	rest	1	112.372	5.0	28093	29343	sub-10/ses-04/eeg/sub-10_ses-04_task-imagery_run-05_eeg.edf	test_exploratory	unresolved	anonymized_actual_date_unresolved
sub-10	04	05	sub-10/ses-04/run-05/tsv-row-17	17	right_hand	2	119.236	5.0	29809	31059	sub-10/ses-04/eeg/sub-10_ses-04_task-imagery_run-05_eeg.edf	test_exploratory	unresolved	anonymized_actual_date_unresolved
sub-10	04	05	sub-10/ses-04/run-05/tsv-row-18	18	rest	1	126.14	5.0	31535	32785	sub-10/ses-04/eeg/sub-10_ses-04_task-imagery_run-05_eeg.edf	test_exploratory	unresolved	anonymized_actual_date_unresolved
sub-10	04	05	sub-10/ses-04/run-05/tsv-row-19	19	rest	1	133.04	5.0	33260	34510	sub-10/ses-04/eeg/sub-10_ses-04_task-imagery_run-05_eeg.edf	test_exploratory	unresolved	anonymized_actual_date_unresolved
sub-10	04	05	sub-10/ses-04/run-05/tsv-row-20	20	right_hand	2	139.904	5.0	34976	36226	sub-10/ses-04/eeg/sub-10_ses-04_task-imagery_run-05_eeg.edf	test_exploratory	unresolved	anonymized_actual_date_unresolved
sub-10	04	05	sub-10/ses-04/run-05/tsv-row-21	21	rest	1	146.8	5.0	36700	37950	sub-10/ses-04/eeg/sub-10_ses-04_task-imagery_run-05_eeg.edf	test_exploratory	unresolved	anonymized_actual_date_unresolved
sub-10	04	05	sub-10/ses-04/run-05/tsv-row-22	22	right_hand	2	153.692	5.0	38423	39673	sub-10/ses-04/eeg/sub-10_ses-04_task-imagery_run-05_eeg.edf	test_exploratory	unresolved	anonymized_actual_date_unresolved
sub-10	04	05	sub-10/ses-04/run-05/tsv-row-23	23	right_hand	2	160.572	5.0	40143	41393	sub-10/ses-04/eeg/sub-10_ses-04_task-imagery_run-05_eeg.edf	test_exploratory	unresolved	anonymized_actual_date_unresolved
sub-10	04	05	sub-10/ses-04/run-05/tsv-row-24	24	rest	1	167.468	5.0	41867	43117	sub-10/ses-04/eeg/sub-10_ses-04_task-imagery_run-05_eeg.edf	test_exploratory	unresolved	anonymized_actual_date_unresolved
sub-10	04	05	sub-10/ses-04/run-05/tsv-row-25	25	rest	1	174.364	5.0	43591	44841	sub-10/ses-04/eeg/sub-10_ses-04_task-imagery_run-05_eeg.edf	test_exploratory	unresolved	anonymized_actual_date_unresolved
sub-10	04	05	sub-10/ses-04/run-05/tsv-row-26	26	right_hand	2	181.236	5.0	45309	46559	sub-10/ses-04/eeg/sub-10_ses-04_task-imagery_run-05_eeg.edf	test_exploratory	unresolved	anonymized_actual_date_unresolved
sub-10	04	05	sub-10/ses-04/run-05/tsv-row-27	27	rest	1	188.136	5.0	47034	48284	sub-10/ses-04/eeg/sub-10_ses-04_task-imagery_run-05_eeg.edf	test_exploratory	unresolved	anonymized_actual_date_unresolved
sub-10	04	05	sub-10/ses-04/run-05/tsv-row-28	28	right_hand	2	195.016	5.0	48754	50004	sub-10/ses-04/eeg/sub-10_ses-04_task-imagery_run-05_eeg.edf	test_exploratory	unresolved	anonymized_actual_date_unresolved
sub-10	04	05	sub-10/ses-04/run-05/tsv-row-29	29	right_hand	2	201.896	5.0	50474	51724	sub-10/ses-04/eeg/sub-10_ses-04_task-imagery_run-05_eeg.edf	test_exploratory	unresolved	anonymized_actual_date_unresolved
sub-10	04	05	sub-10/ses-04/run-05/tsv-row-30	30	rest	1	208.8	5.0	52200	53450	sub-10/ses-04/eeg/sub-10_ses-04_task-imagery_run-05_eeg.edf	test_exploratory	unresolved	anonymized_actual_date_unresolved
sub-10	04	05	sub-10/ses-04/run-05/tsv-row-31	31	rest	1	215.696	5.0	53924	55174	sub-10/ses-04/eeg/sub-10_ses-04_task-imagery_run-05_eeg.edf	test_exploratory	unresolved	anonymized_actual_date_unresolved
sub-10	04	05	sub-10/ses-04/run-05/tsv-row-32	32	right_hand	2	222.564	5.0	55641	56891	sub-10/ses-04/eeg/sub-10_ses-04_task-imagery_run-05_eeg.edf	test_exploratory	unresolved	anonymized_actual_date_unresolved
sub-10	04	06	sub-10/ses-04/run-06/tsv-row-1	1	rest	1	6.252	5.0	1563	2813	sub-10/ses-04/eeg/sub-10_ses-04_task-imagery_run-06_eeg.edf	test_exploratory	unresolved	anonymized_actual_date_unresolved
sub-10	04	06	sub-10/ses-04/run-06/tsv-row-2	2	right_hand	2	13.124	5.0	3281	4531	sub-10/ses-04/eeg/sub-10_ses-04_task-imagery_run-06_eeg.edf	test_exploratory	unresolved	anonymized_actual_date_unresolved
sub-10	04	06	sub-10/ses-04/run-06/tsv-row-3	3	rest	1	20.02	5.0	5005	6255	sub-10/ses-04/eeg/sub-10_ses-04_task-imagery_run-06_eeg.edf	test_exploratory	unresolved	anonymized_actual_date_unresolved
sub-10	04	06	sub-10/ses-04/run-06/tsv-row-4	4	right_hand	2	26.9	5.0	6725	7975	sub-10/ses-04/eeg/sub-10_ses-04_task-imagery_run-06_eeg.edf	test_exploratory	unresolved	anonymized_actual_date_unresolved
sub-10	04	06	sub-10/ses-04/run-06/tsv-row-5	5	right_hand	2	33.784	5.0	8446	9696	sub-10/ses-04/eeg/sub-10_ses-04_task-imagery_run-06_eeg.edf	test_exploratory	unresolved	anonymized_actual_date_unresolved
sub-10	04	06	sub-10/ses-04/run-06/tsv-row-6	6	rest	1	40.688	5.0	10172	11422	sub-10/ses-04/eeg/sub-10_ses-04_task-imagery_run-06_eeg.edf	test_exploratory	unresolved	anonymized_actual_date_unresolved
sub-10	04	06	sub-10/ses-04/run-06/tsv-row-7	7	rest	1	47.584	5.0	11896	13146	sub-10/ses-04/eeg/sub-10_ses-04_task-imagery_run-06_eeg.edf	test_exploratory	unresolved	anonymized_actual_date_unresolved
sub-10	04	06	sub-10/ses-04/run-06/tsv-row-8	8	right_hand	2	54.448	5.0	13612	14862	sub-10/ses-04/eeg/sub-10_ses-04_task-imagery_run-06_eeg.edf	test_exploratory	unresolved	anonymized_actual_date_unresolved
sub-10	04	06	sub-10/ses-04/run-06/tsv-row-9	9	right_hand	2	61.328	5.0	15332	16582	sub-10/ses-04/eeg/sub-10_ses-04_task-imagery_run-06_eeg.edf	test_exploratory	unresolved	anonymized_actual_date_unresolved
sub-10	04	06	sub-10/ses-04/run-06/tsv-row-10	10	rest	1	68.252	5.0	17063	18313	sub-10/ses-04/eeg/sub-10_ses-04_task-imagery_run-06_eeg.edf	test_exploratory	unresolved	anonymized_actual_date_unresolved
sub-10	04	06	sub-10/ses-04/run-06/tsv-row-11	11	rest	1	75.132	5.0	18783	20033	sub-10/ses-04/eeg/sub-10_ses-04_task-imagery_run-06_eeg.edf	test_exploratory	unresolved	anonymized_actual_date_unresolved
sub-10	04	06	sub-10/ses-04/run-06/tsv-row-12	12	right_hand	2	81.996	5.0	20499	21749	sub-10/ses-04/eeg/sub-10_ses-04_task-imagery_run-06_eeg.edf	test_exploratory	unresolved	anonymized_actual_date_unresolved
sub-10	04	06	sub-10/ses-04/run-06/tsv-row-13	13	rest	1	88.912	5.0	22228	23478	sub-10/ses-04/eeg/sub-10_ses-04_task-imagery_run-06_eeg.edf	test_exploratory	unresolved	anonymized_actual_date_unresolved
sub-10	04	06	sub-10/ses-04/run-06/tsv-row-14	14	right_hand	2	95.784	5.0	23946	25196	sub-10/ses-04/eeg/sub-10_ses-04_task-imagery_run-06_eeg.edf	test_exploratory	unresolved	anonymized_actual_date_unresolved
sub-10	04	06	sub-10/ses-04/run-06/tsv-row-15	15	rest	1	102.68	5.0	25670	26920	sub-10/ses-04/eeg/sub-10_ses-04_task-imagery_run-06_eeg.edf	test_exploratory	unresolved	anonymized_actual_date_unresolved
sub-10	04	06	sub-10/ses-04/run-06/tsv-row-16	16	right_hand	2	109.56	5.0	27390	28640	sub-10/ses-04/eeg/sub-10_ses-04_task-imagery_run-06_eeg.edf	test_exploratory	unresolved	anonymized_actual_date_unresolved
sub-10	04	06	sub-10/ses-04/run-06/tsv-row-17	17	right_hand	2	116.44	5.0	29110	30360	sub-10/ses-04/eeg/sub-10_ses-04_task-imagery_run-06_eeg.edf	test_exploratory	unresolved	anonymized_actual_date_unresolved
sub-10	04	06	sub-10/ses-04/run-06/tsv-row-18	18	rest	1	123.348	5.0	30837	32087	sub-10/ses-04/eeg/sub-10_ses-04_task-imagery_run-06_eeg.edf	test_exploratory	unresolved	anonymized_actual_date_unresolved
sub-10	04	06	sub-10/ses-04/run-06/tsv-row-19	19	right_hand	2	130.228	5.0	32557	33807	sub-10/ses-04/eeg/sub-10_ses-04_task-imagery_run-06_eeg.edf	test_exploratory	unresolved	anonymized_actual_date_unresolved
sub-10	04	06	sub-10/ses-04/run-06/tsv-row-20	20	rest	1	137.124	5.0	34281	35531	sub-10/ses-04/eeg/sub-10_ses-04_task-imagery_run-06_eeg.edf	test_exploratory	unresolved	anonymized_actual_date_unresolved
sub-10	04	06	sub-10/ses-04/run-06/tsv-row-21	21	right_hand	2	143.988	5.0	35997	37247	sub-10/ses-04/eeg/sub-10_ses-04_task-imagery_run-06_eeg.edf	test_exploratory	unresolved	anonymized_actual_date_unresolved
sub-10	04	06	sub-10/ses-04/run-06/tsv-row-22	22	rest	1	150.896	5.0	37724	38974	sub-10/ses-04/eeg/sub-10_ses-04_task-imagery_run-06_eeg.edf	test_exploratory	unresolved	anonymized_actual_date_unresolved
sub-10	04	06	sub-10/ses-04/run-06/tsv-row-23	23	right_hand	2	157.776	5.0	39444	40694	sub-10/ses-04/eeg/sub-10_ses-04_task-imagery_run-06_eeg.edf	test_exploratory	unresolved	anonymized_actual_date_unresolved
sub-10	04	06	sub-10/ses-04/run-06/tsv-row-24	24	rest	1	164.672	5.0	41168	42418	sub-10/ses-04/eeg/sub-10_ses-04_task-imagery_run-06_eeg.edf	test_exploratory	unresolved	anonymized_actual_date_unresolved
sub-10	04	06	sub-10/ses-04/run-06/tsv-row-25	25	rest	1	171.552	5.0	42888	44138	sub-10/ses-04/eeg/sub-10_ses-04_task-imagery_run-06_eeg.edf	test_exploratory	unresolved	anonymized_actual_date_unresolved
sub-10	04	06	sub-10/ses-04/run-06/tsv-row-26	26	right_hand	2	178.432	5.0	44608	45858	sub-10/ses-04/eeg/sub-10_ses-04_task-imagery_run-06_eeg.edf	test_exploratory	unresolved	anonymized_actual_date_unresolved
sub-10	04	06	sub-10/ses-04/run-06/tsv-row-27	27	right_hand	2	185.324	5.0	46331	47581	sub-10/ses-04/eeg/sub-10_ses-04_task-imagery_run-06_eeg.edf	test_exploratory	unresolved	anonymized_actual_date_unresolved
sub-10	04	06	sub-10/ses-04/run-06/tsv-row-28	28	rest	1	192.22	5.0	48055	49305	sub-10/ses-04/eeg/sub-10_ses-04_task-imagery_run-06_eeg.edf	test_exploratory	unresolved	anonymized_actual_date_unresolved
sub-10	04	06	sub-10/ses-04/run-06/tsv-row-29	29	rest	1	199.116	5.0	49779	51029	sub-10/ses-04/eeg/sub-10_ses-04_task-imagery_run-06_eeg.edf	test_exploratory	unresolved	anonymized_actual_date_unresolved
sub-10	04	06	sub-10/ses-04/run-06/tsv-row-30	30	right_hand	2	205.98	5.0	51495	52745	sub-10/ses-04/eeg/sub-10_ses-04_task-imagery_run-06_eeg.edf	test_exploratory	unresolved	anonymized_actual_date_unresolved
sub-10	04	06	sub-10/ses-04/run-06/tsv-row-31	31	rest	1	212.888	5.0	53222	54472	sub-10/ses-04/eeg/sub-10_ses-04_task-imagery_run-06_eeg.edf	test_exploratory	unresolved	anonymized_actual_date_unresolved
sub-10	04	06	sub-10/ses-04/run-06/tsv-row-32	32	right_hand	2	219.768	5.0	54942	56192	sub-10/ses-04/eeg/sub-10_ses-04_task-imagery_run-06_eeg.edf	test_exploratory	unresolved	anonymized_actual_date_unresolved
