subject	session	run	trial_id	tsv_row	label	stored_event_value	onset_s	duration_s	start_sample	stop_sample_exclusive	source_file	analysis_role	peak_to_peak_max_uv	qc_flag	mu_ROI_V2	beta_ROI_V2	mu_source_reference_ROI_V2	beta_source_reference_ROI_V2
sub-10	01	01	sub-10/ses-01/run-01/tsv-row-1	1	right_hand	2	5.204	5.0	1301	2551	sub-10/ses-01/eeg/sub-10_ses-01_task-imagery_run-01_eeg.edf	source_train	333.20413563951536	False	1.5963380611150898e-12	1.5910837916840446e-12	4.862150654375468e-12	4.619214119446535e-12
sub-10	01	01	sub-10/ses-01/run-01/tsv-row-2	2	rest	1	12.1	5.0	3025	4275	sub-10/ses-01/eeg/sub-10_ses-01_task-imagery_run-01_eeg.edf	source_train	1408.0897671437724	False	1.7754307617783884e-12	1.5999201685958564e-12	4.397055592113251e-12	4.325000462726086e-12
sub-10	01	01	sub-10/ses-01/run-01/tsv-row-3	3	right_hand	2	18.98	5.0	4745	5995	sub-10/ses-01/eeg/sub-10_ses-01_task-imagery_run-01_eeg.edf	source_train	295.8077570421461	False	1.3363281388311967e-12	1.7883246739857597e-12	4.269855022747142e-12	5.147962349467075e-12
sub-10	01	01	sub-10/ses-01/run-01/tsv-row-4	4	rest	1	25.88	5.0	6470	7720	sub-10/ses-01/eeg/sub-10_ses-01_task-imagery_run-01_eeg.edf	source_train	206.76113391521955	False	1.9012330055414825e-12	1.7831716202671035e-12	5.6787448129382325e-12	5.458618967613932e-12
sub-10	01	01	sub-10/ses-01/run-01/tsv-row-5	5	right_hand	2	32.748	5.0	8187	9437	sub-10/ses-01/eeg/sub-10_ses-01_task-imagery_run-01_eeg.edf	source_train	97.69503616443369	False	1.8055378733451099e-12	1.92304929924748e-12	6.060088543527087e-12	6.4982944104822366e-12
sub-10	01	01	sub-10/ses-01/run-01/tsv-row-6	6	rest	1	39.652	5.0	9913	11163	sub-10/ses-01/eeg/sub-10_ses-01_task-imagery_run-01_eeg.edf	source_train	95.29269920957057	False	1.4761389213162868e-12	1.5138196200355298e-12	3.766460481949728e-12	4.761803650647975e-12
sub-10	01	01	sub-10/ses-01/run-01/tsv-row-7	7	right_hand	2	46.528	5.0	11632	12882	sub-10/ses-01/eeg/sub-10_ses-01_task-imagery_run-01_eeg.edf	source_train	81.19898907437357	False	1.099083802618934e-12	1.624589487380256e-12	4.437640280775821e-12	4.848392481277936e-12
sub-10	01	01	sub-10/ses-01/run-01/tsv-row-8	8	rest	1	53.428	5.0	13357	14607	sub-10/ses-01/eeg/sub-10_ses-01_task-imagery_run-01_eeg.edf	source_train	87.68529885250402	False	1.6336405419927202e-12	1.7503961900576048e-12	3.8952545689169136e-12	4.843423028721608e-12
sub-10	01	01	sub-10/ses-01/run-01/tsv-row-9	9	rest	1	60.316	5.0	15079	16329	sub-10/ses-01/eeg/sub-10_ses-01_task-imagery_run-01_eeg.edf	source_train	228.30208861049232	False	1.6342099594986268e-12	1.5372806725294305e-12	4.246247175613716e-12	3.911096323322078e-12
sub-10	01	01	sub-10/ses-01/run-01/tsv-row-10	10	right_hand	2	67.196	5.0	16799	18049	sub-10/ses-01/eeg/sub-10_ses-01_task-imagery_run-01_eeg.edf	source_train	331.682655568102	False	2.2434578439804025e-12	2.1103414735112455e-12	5.641858073598718e-12	6.006191178242703e-12
sub-10	01	01	sub-10/ses-01/run-01/tsv-row-11	11	rest	1	74.096	5.0	18524	19774	sub-10/ses-01/eeg/sub-10_ses-01_task-imagery_run-01_eeg.edf	source_train	225.41928426465645	False	2.44690260571008e-12	2.021777431025994e-12	6.006336032994029e-12	5.328018920720679e-12
sub-10	01	01	sub-10/ses-01/run-01/tsv-row-12	12	right_hand	2	80.956	5.0	20239	21489	sub-10/ses-01/eeg/sub-10_ses-01_task-imagery_run-01_eeg.edf	source_train	265.61838930936614	False	1.4612753187567186e-12	1.988388846204973e-12	4.295211721013756e-12	5.4243077241586566e-12
sub-10	01	01	sub-10/ses-01/run-01/tsv-row-13	13	rest	1	87.88	5.0	21970	23220	sub-10/ses-01/eeg/sub-10_ses-01_task-imagery_run-01_eeg.edf	source_train	81.11891117587811	False	2.1842670286327364e-12	1.940322726357735e-12	6.20137539243042e-12	4.710173891779552e-12
sub-10	01	01	sub-10/ses-01/run-01/tsv-row-14	14	right_hand	2	94.744	5.0	23686	24936	sub-10/ses-01/eeg/sub-10_ses-01_task-imagery_run-01_eeg.edf	source_train	73.75174451429793	False	2.1485027432731128e-12	2.1037325751251145e-12	7.053769419949921e-12	5.468730158071386e-12
sub-10	01	01	sub-10/ses-01/run-01/tsv-row-15	15	right_hand	2	101.624	5.0	25406	26656	sub-10/ses-01/eeg/sub-10_ses-01_task-imagery_run-01_eeg.edf	source_train	79.91774269844659	False	1.1752301046432106e-12	2.1161963101997906e-12	3.0448354390013477e-12	4.865972052433259e-12
sub-10	01	01	sub-10/ses-01/run-01/tsv-row-16	16	rest	1	108.54	5.0	27135	28385	sub-10/ses-01/eeg/sub-10_ses-01_task-imagery_run-01_eeg.edf	source_train	1869.2583845789968	False	1.414535535809227e-12	1.6535137715071053e-12	4.33835808694896e-12	4.545907134747885e-12
sub-10	01	01	sub-10/ses-01/run-01/tsv-row-17	17	rest	1	115.428	5.0	28857	30107	sub-10/ses-01/eeg/sub-10_ses-01_task-imagery_run-01_eeg.edf	source_train	322.15338564714494	False	1.9544655847140667e-12	1.895451206853013e-12	3.912691284792546e-12	5.0594396903855104e-12
sub-10	01	01	sub-10/ses-01/run-01/tsv-row-18	18	right_hand	2	122.288	5.0	30572	31822	sub-10/ses-01/eeg/sub-10_ses-01_task-imagery_run-01_eeg.edf	source_train	134.93125896481217	False	9.995710370976148e-12	2.214189826682567e-12	3.0944894778113434e-11	5.83301922102178e-12
sub-10	01	01	sub-10/ses-01/run-01/tsv-row-19	19	rest	1	129.208	5.0	32302	33552	sub-10/ses-01/eeg/sub-10_ses-01_task-imagery_run-01_eeg.edf	source_train	590.4944235053559	False	1.8417727891941266e-12	1.561551866421324e-12	4.9670576253007685e-12	5.314133566955039e-12
sub-10	01	01	sub-10/ses-01/run-01/tsv-row-20	20	right_hand	2	136.068	5.0	34017	35267	sub-10/ses-01/eeg/sub-10_ses-01_task-imagery_run-01_eeg.edf	source_train	120.35708143864255	False	5.2933168761256e-12	1.8104295806135238e-12	1.3979416915670152e-11	4.999373722600796e-12
sub-10	01	01	sub-10/ses-01/run-01/tsv-row-21	21	rest	1	142.976	5.0	35744	36994	sub-10/ses-01/eeg/sub-10_ses-01_task-imagery_run-01_eeg.edf	source_train	2082.826139866329	False	2.0506190164476725e-12	2.2096984278730976e-12	4.934002855457966e-12	5.763974885919905e-12
sub-10	01	01	sub-10/ses-01/run-01/tsv-row-22	22	right_hand	2	149.856	5.0	37464	38714	sub-10/ses-01/eeg/sub-10_ses-01_task-imagery_run-01_eeg.edf	source_train	207.2416013061922	False	2.7934146931581313e-12	2.198604325853759e-12	8.455633793831159e-12	5.71499395468407e-12
sub-10	01	01	sub-10/ses-01/run-01/tsv-row-23	23	right_hand	2	156.736	5.0	39184	40434	sub-10/ses-01/eeg/sub-10_ses-01_task-imagery_run-01_eeg.edf	source_train	88.16576624347668	False	1.4187852347770155e-12	2.1598483528062674e-12	5.222818645241272e-12	5.630996559671899e-12
sub-10	01	01	sub-10/ses-01/run-01/tsv-row-24	24	rest	1	163.636	5.0	40909	42159	sub-10/ses-01/eeg/sub-10_ses-01_task-imagery_run-01_eeg.edf	source_train	235.58917737357706	False	2.905273259322938e-12	2.8569132409297756e-12	6.2261270001401305e-12	7.663663067444852e-12
sub-10	01	01	sub-10/ses-01/run-01/tsv-row-25	25	right_hand	2	170.52	5.0	42630	43880	sub-10/ses-01/eeg/sub-10_ses-01_task-imagery_run-01_eeg.edf	source_train	91.0485705893124	False	1.1287699167351033e-12	2.5776592796712e-12	3.6245421108724893e-12	6.6791074246274334e-12
sub-10	01	01	sub-10/ses-01/run-01/tsv-row-26	26	rest	1	177.42	5.0	44355	45605	sub-10/ses-01/eeg/sub-10_ses-01_task-imagery_run-01_eeg.edf	source_train	85.92358508560443	False	2.205532087551541e-12	2.66592158095174e-12	5.527176879056967e-12	7.684455154226385e-12
sub-10	01	01	sub-10/ses-01/run-01/tsv-row-27	27	right_hand	2	184.284	5.0	46071	47321	sub-10/ses-01/eeg/sub-10_ses-01_task-imagery_run-01_eeg.edf	source_train	81.99976805932802	False	3.14151307153573e-12	2.846569416767133e-12	8.323028954998674e-12	8.41974645432974e-12
sub-10	01	01	sub-10/ses-01/run-01/tsv-row-28	28	rest	1	191.2	5.0	47800	49050	sub-10/ses-01/eeg/sub-10_ses-01_task-imagery_run-01_eeg.edf	source_train	80.87867748039184	False	2.838571322566559e-12	2.3407196055457205e-12	6.588037320657535e-12	5.6217819140319165e-12
sub-10	01	01	sub-10/ses-01/run-01/tsv-row-29	29	right_hand	2	198.068	5.0	49517	50767	sub-10/ses-01/eeg/sub-10_ses-01_task-imagery_run-01_eeg.edf	source_train	1897.2055711539042	False	1.430912791438378e-12	2.111526324134271e-12	3.2470249037565386e-12	4.9663739703792696e-12
sub-10	01	01	sub-10/ses-01/run-01/tsv-row-30	30	rest	1	204.968	5.0	51242	52492	sub-10/ses-01/eeg/sub-10_ses-01_task-imagery_run-01_eeg.edf	source_train	92.65012855922117	False	1.4308302620627505e-12	2.5331660284102903e-12	4.149053506834087e-12	7.134819969172853e-12
sub-10	01	01	sub-10/ses-01/run-01/tsv-row-31	31	rest	1	211.848	5.0	52962	54212	sub-10/ses-01/eeg/sub-10_ses-01_task-imagery_run-01_eeg.edf	source_train	81.11891117587818	False	2.0877714106945116e-12	2.4209538350142983e-12	4.8753454373407205e-12	5.982678165288497e-12
sub-10	01	01	sub-10/ses-01/run-01/tsv-row-32	32	right_hand	2	218.728	5.0	54682	55932	sub-10/ses-01/eeg/sub-10_ses-01_task-imagery_run-01_eeg.edf	source_train	82.07984595782342	False	5.013991400012206e-12	2.51275756793015e-12	1.2451432003352956e-11	7.594872574811885e-12
sub-10	01	02	sub-10/ses-01/run-02/tsv-row-1	1	right_hand	2	5.096	5.0	1274	2524	sub-10/ses-01/eeg/sub-10_ses-01_task-imagery_run-02_eeg.edf	source_train	332.00047030549035	False	1.4354571625055346e-12	1.6956906908917366e-12	5.513655275492667e-12	5.379063347393384e-12
sub-10	01	02	sub-10/ses-01/run-02/tsv-row-2	2	rest	1	11.996	5.0	2999	4249	sub-10/ses-01/eeg/sub-10_ses-01_task-imagery_run-02_eeg.edf	source_train	102.52857602160712	False	1.0954431629853252e-12	1.673746476257561e-12	3.0673910866349284e-12	4.281651735834337e-12
sub-10	01	02	sub-10/ses-01/run-02/tsv-row-3	3	right_hand	2	18.856	5.0	4714	5964	sub-10/ses-01/eeg/sub-10_ses-01_task-imagery_run-02_eeg.edf	source_train	80.71540467543572	False	1.1373992195359415e-12	1.679765120787751e-12	3.3445195519187974e-12	5.280714601174456e-12
sub-10	01	02	sub-10/ses-01/run-02/tsv-row-4	4	rest	1	25.772	5.0	6443	7693	sub-10/ses-01/eeg/sub-10_ses-01_task-imagery_run-02_eeg.edf	source_train	175.3058541215247	False	2.039645718828376e-12	1.9060879313942366e-12	5.902219728885147e-12	5.163995684544528e-12
sub-10	01	02	sub-10/ses-01/run-02/tsv-row-5	5	rest	1	32.652	5.0	8163	9413	sub-10/ses-01/eeg/sub-10_ses-01_task-imagery_run-02_eeg.edf	source_train	126.14283491012301	False	1.8895743072558163e-12	1.9555155975558675e-12	4.456301415700061e-12	4.996416125397849e-12
sub-10	01	02	sub-10/ses-01/run-02/tsv-row-6	6	right_hand	2	39.524	5.0	9881	11131	sub-10/ses-01/eeg/sub-10_ses-01_task-imagery_run-02_eeg.edf	source_train	86.45220203253268	False	3.432427534597057e-12	1.725734733262821e-12	8.29005122460745e-12	4.725340387450591e-12
sub-10	01	02	sub-10/ses-01/run-02/tsv-row-7	7	rest	1	46.44	5.0	11610	12860	sub-10/ses-01/eeg/sub-10_ses-01_task-imagery_run-02_eeg.edf	source_train	263.49243675038923	False	1.9578372329656282e-12	1.490796093736414e-12	4.687158065528158e-12	4.197811955266301e-12
sub-10	01	02	sub-10/ses-01/run-02/tsv-row-8	8	right_hand	2	53.3	5.0	13325	14575	sub-10/ses-01/eeg/sub-10_ses-01_task-imagery_run-02_eeg.edf	source_train	74.91190037232582	False	2.0733358476823907e-12	2.398177361724612e-12	5.0842532583263465e-12	7.071060887283624e-12
sub-10	01	02	sub-10/ses-01/run-02/tsv-row-9	9	rest	1	60.208	5.0	15052	16302	sub-10/ses-01/eeg/sub-10_ses-01_task-imagery_run-02_eeg.edf	source_train	81.51588802758874	False	1.8084968719659155e-12	1.6314443131018737e-12	6.4866507940511954e-12	4.229978813572828e-12
sub-10	01	02	sub-10/ses-01/run-02/tsv-row-10	10	right_hand	2	67.088	5.0	16772	18022	sub-10/ses-01/eeg/sub-10_ses-01_task-imagery_run-02_eeg.edf	source_train	84.85123532822648	False	3.4643729344092293e-12	2.7488460621868456e-12	9.464860057224825e-12	7.97460273438672e-12
sub-10	01	02	sub-10/ses-01/run-02/tsv-row-11	11	right_hand	2	73.968	5.0	18492	19742	sub-10/ses-01/eeg/sub-10_ses-01_task-imagery_run-02_eeg.edf	source_train	110.80023732718894	False	2.0573820106498755e-12	2.3115691229329196e-12	4.939721986849342e-12	5.5282615009641935e-12
sub-10	01	02	sub-10/ses-01/run-02/tsv-row-12	12	rest	1	80.868	5.0	20217	21467	sub-10/ses-01/eeg/sub-10_ses-01_task-imagery_run-02_eeg.edf	source_train	77.91371294289976	False	1.3801033428131019e-12	1.5418781373912054e-12	4.0306325702791135e-12	5.3796796756471155e-12
sub-10	01	02	sub-10/ses-01/run-02/tsv-row-13	13	right_hand	2	87.748	5.0	21937	23187	sub-10/ses-01/eeg/sub-10_ses-01_task-imagery_run-02_eeg.edf	source_train	95.99129531235695	False	4.087739484597541e-12	1.7400203297282057e-12	1.2974151535323033e-11	4.624118932973716e-12
sub-10	01	02	sub-10/ses-01/run-02/tsv-row-14	14	rest	1	94.652	5.0	23663	24913	sub-10/ses-01/eeg/sub-10_ses-01_task-imagery_run-02_eeg.edf	source_train	1078.3844892422255	False	1.970823469540763e-12	2.856966579281894e-12	6.2982446826586156e-12	6.93488435439796e-12
sub-10	01	02	sub-10/ses-01/run-02/tsv-row-15	15	rest	1	101.536	5.0	25384	26634	sub-10/ses-01/eeg/sub-10_ses-01_task-imagery_run-02_eeg.edf	source_train	81.78271581163983	False	1.7808600394538202e-12	1.6615092238284901e-12	4.939362855862467e-12	3.9906216017694604e-12
sub-10	01	02	sub-10/ses-01/run-02/tsv-row-16	16	right_hand	2	108.396	5.0	27099	28349	sub-10/ses-01/eeg/sub-10_ses-01_task-imagery_run-02_eeg.edf	source_train	89.92096322519608	False	4.574110336433553e-12	1.9177985926579483e-12	1.4025100186389741e-11	4.86481785936735e-12
sub-10	01	02	sub-10/ses-01/run-02/tsv-row-17	17	rest	1	115.312	5.0	28828	30078	sub-10/ses-01/eeg/sub-10_ses-01_task-imagery_run-02_eeg.edf	source_train	82.44978527176738	False	1.9224704298025006e-12	1.4782467218847542e-12	4.946212794832865e-12	4.11038973608496e-12
sub-10	01	02	sub-10/ses-01/run-02/tsv-row-18	18	right_hand	2	122.184	5.0	30546	31796	sub-10/ses-01/eeg/sub-10_ses-01_task-imagery_run-02_eeg.edf	source_train	80.98223245948668	False	2.2472969426219086e-12	1.9697383814127346e-12	6.57818625197802e-12	5.1535997359164375e-12
sub-10	01	02	sub-10/ses-01/run-02/tsv-row-19	19	right_hand	2	129.064	5.0	32266	33516	sub-10/ses-01/eeg/sub-10_ses-01_task-imagery_run-02_eeg.edf	source_train	74.64507258827479	False	4.610593966837813e-12	1.8166305609219097e-12	1.5836268496948374e-11	6.37645078120839e-12
sub-10	01	02	sub-10/ses-01/run-02/tsv-row-20	20	rest	1	135.98	5.0	33995	35245	sub-10/ses-01/eeg/sub-10_ses-01_task-imagery_run-02_eeg.edf	source_train	65.77304876857818	False	2.1758735426564122e-12	1.984406394438643e-12	7.081881266142855e-12	5.5815724243878805e-12
sub-10	01	02	sub-10/ses-01/run-02/tsv-row-21	21	rest	1	142.86	5.0	35715	36965	sub-10/ses-01/eeg/sub-10_ses-01_task-imagery_run-02_eeg.edf	source_train	79.3145588091678	False	2.473893175489767e-12	1.920016314131845e-12	6.8887485155609334e-12	5.345549124731795e-12
sub-10	01	02	sub-10/ses-01/run-02/tsv-row-22	22	right_hand	2	149.732	5.0	37433	38683	sub-10/ses-01/eeg/sub-10_ses-01_task-imagery_run-02_eeg.edf	source_train	336.20300790429394	False	1.6338779186290827e-12	1.9949861267480935e-12	4.83508847556387e-12	6.454628237824395e-12
sub-10	01	02	sub-10/ses-01/run-02/tsv-row-23	23	right_hand	2	156.628	5.0	39157	40407	sub-10/ses-01/eeg/sub-10_ses-01_task-imagery_run-02_eeg.edf	source_train	295.1782361064486	False	1.561615279954669e-12	2.162880700711308e-12	5.124770741322086e-12	6.056706519264465e-12
sub-10	01	02	sub-10/ses-01/run-02/tsv-row-24	24	rest	1	163.528	5.0	40882	42132	sub-10/ses-01/eeg/sub-10_ses-01_task-imagery_run-02_eeg.edf	source_train	360.617750144963	False	1.748799677498659e-12	1.6959307804814824e-12	4.62887886961715e-12	4.127697733347201e-12
sub-10	01	02	sub-10/ses-01/run-02/tsv-row-25	25	right_hand	2	170.388	5.0	42597	43847	sub-10/ses-01/eeg/sub-10_ses-01_task-imagery_run-02_eeg.edf	source_train	307.11877944273215	False	4.5532458283426476e-12	2.134865429886636e-12	1.1021984304155175e-11	5.781003119273475e-12
sub-10	01	02	sub-10/ses-01/run-02/tsv-row-26	26	rest	1	177.312	5.0	44328	45578	sub-10/ses-01/eeg/sub-10_ses-01_task-imagery_run-02_eeg.edf	source_train	80.7154046754357	False	1.833028057212249e-12	1.766447394990433e-12	5.196076544622424e-12	4.937393757163e-12
sub-10	01	02	sub-10/ses-01/run-02/tsv-row-27	27	rest	1	184.192	5.0	46048	47298	sub-10/ses-01/eeg/sub-10_ses-01_task-imagery_run-02_eeg.edf	source_train	68.1077918790246	False	2.686643422404473e-12	2.493619725668653e-12	7.297982618510327e-12	6.9245335602743015e-12
sub-10	01	02	sub-10/ses-01/run-02/tsv-row-28	28	right_hand	2	191.056	5.0	47764	49014	sub-10/ses-01/eeg/sub-10_ses-01_task-imagery_run-02_eeg.edf	source_train	255.55431017487115	False	5.380035964484331e-12	1.8186734520865669e-12	1.4219533953905061e-11	5.7387789399985904e-12
sub-10	01	02	sub-10/ses-01/run-02/tsv-row-29	29	rest	1	197.972	5.0	49493	50743	sub-10/ses-01/eeg/sub-10_ses-01_task-imagery_run-02_eeg.edf	source_train	303.6500182500687	False	2.369603587389323e-12	2.258655648388078e-12	6.693800702548672e-12	5.6255560037582065e-12
sub-10	01	02	sub-10/ses-01/run-02/tsv-row-30	30	right_hand	2	204.844	5.0	51211	52461	sub-10/ses-01/eeg/sub-10_ses-01_task-imagery_run-02_eeg.edf	source_train	303.6500182500686	False	3.608629377013581e-12	2.2829152216539116e-12	7.706595731062719e-12	5.2410446149766566e-12
sub-10	01	02	sub-10/ses-01/run-02/tsv-row-31	31	right_hand	2	211.724	5.0	52931	54181	sub-10/ses-01/eeg/sub-10_ses-01_task-imagery_run-02_eeg.edf	source_train	323.72880899990855	False	2.2057165007226614e-12	1.9255060892153154e-12	6.780269707203902e-12	7.742573875543408e-12
sub-10	01	02	sub-10/ses-01/run-02/tsv-row-32	32	rest	1	218.64	5.0	54660	55910	sub-10/ses-01/eeg/sub-10_ses-01_task-imagery_run-02_eeg.edf	source_train	85.38489089632867	False	2.7694264107136128e-12	1.8326636938029528e-12	5.762962334995516e-12	5.2174181522876325e-12
sub-10	01	03	sub-10/ses-01/run-03/tsv-row-1	1	rest	1	5.256	5.0	1314	2564	sub-10/ses-01/eeg/sub-10_ses-01_task-imagery_run-03_eeg.edf	source_train	402.1761580858791	False	1.3562022059096716e-12	1.6918730884754694e-12	3.1082324044533822e-12	4.277652419520514e-12
sub-10	01	03	sub-10/ses-01/run-03/tsv-row-2	2	right_hand	2	12.116	5.0	3029	4279	sub-10/ses-01/eeg/sub-10_ses-01_task-imagery_run-03_eeg.edf	source_train	525.2983567613758	False	8.257017401904238e-13	1.6809636523148242e-12	2.635470820041815e-12	5.149596911060798e-12
sub-10	01	03	sub-10/ses-01/run-03/tsv-row-3	3	rest	1	19.016	5.0	4754	6004	sub-10/ses-01/eeg/sub-10_ses-01_task-imagery_run-03_eeg.edf	source_train	337.6794663533433	False	1.7354205472358837e-12	1.378744601216827e-12	4.801209833823815e-12	3.687977854376335e-12
sub-10	01	03	sub-10/ses-01/run-03/tsv-row-4	4	right_hand	2	25.896	5.0	6474	7724	sub-10/ses-01/eeg/sub-10_ses-01_task-imagery_run-03_eeg.edf	source_train	110.08471480452897	False	9.146072334043783e-13	1.4254556147254498e-12	3.4990747124002664e-12	4.924143032459581e-12
sub-10	01	03	sub-10/ses-01/run-03/tsv-row-5	5	right_hand	2	32.776	5.0	8194	9444	sub-10/ses-01/eeg/sub-10_ses-01_task-imagery_run-03_eeg.edf	source_train	95.92479854731897	False	9.315912994343123e-13	1.6781381166331524e-12	3.3828294335897566e-12	4.5446363504230195e-12
sub-10	01	03	sub-10/ses-01/run-03/tsv-row-6	6	rest	1	39.684	5.0	9921	11171	sub-10/ses-01/eeg/sub-10_ses-01_task-imagery_run-03_eeg.edf	source_train	93.67993377483444	False	2.5086043305741235e-12	1.7953735693554482e-12	8.544190000408904e-12	4.6491675772419154e-12
sub-10	01	03	sub-10/ses-01/run-03/tsv-row-7	7	rest	1	46.58	5.0	11645	12895	sub-10/ses-01/eeg/sub-10_ses-01_task-imagery_run-03_eeg.edf	source_train	70.71324033326215	False	1.7234024070142792e-12	1.5295035754645162e-12	3.780493416549358e-12	4.2618321804930216e-12
sub-10	01	03	sub-10/ses-01/run-03/tsv-row-8	8	right_hand	2	53.444	5.0	13361	14611	sub-10/ses-01/eeg/sub-10_ses-01_task-imagery_run-03_eeg.edf	source_train	183.2155018158513	False	1.5881365325674824e-12	2.42647621766562e-12	4.2585291152935645e-12	5.809374601418946e-12
sub-10	01	03	sub-10/ses-01/run-03/tsv-row-9	9	rest	1	60.352	5.0	15088	16338	sub-10/ses-01/eeg/sub-10_ses-01_task-imagery_run-03_eeg.edf	source_train	98.34234522537916	False	1.5649201251837093e-12	1.616538824146397e-12	4.652699368742644e-12	4.267991694009917e-12
sub-10	01	03	sub-10/ses-01/run-03/tsv-row-10	10	right_hand	2	67.228	5.0	16807	18057	sub-10/ses-01/eeg/sub-10_ses-01_task-imagery_run-03_eeg.edf	source_train	95.06138901944027	False	1.2456775250411318e-12	1.3789027283820385e-12	4.289386253754763e-12	4.683847988409701e-12
sub-10	01	03	sub-10/ses-01/run-03/tsv-row-11	11	right_hand	2	74.108	5.0	18527	19777	sub-10/ses-01/eeg/sub-10_ses-01_task-imagery_run-03_eeg.edf	source_train	285.61587182226015	False	1.98384200183522e-12	1.9411358223867324e-12	4.632210415329401e-12	5.539682619531949e-12
sub-10	01	03	sub-10/ses-01/run-03/tsv-row-12	12	rest	1	81.008	5.0	20252	21502	sub-10/ses-01/eeg/sub-10_ses-01_task-imagery_run-03_eeg.edf	source_train	102.48671095919673	False	1.958071422694213e-12	1.6228587761081305e-12	5.264596878941737e-12	4.314057813107667e-12
sub-10	01	03	sub-10/ses-01/run-03/tsv-row-13	13	rest	1	87.888	5.0	21972	23222	sub-10/ses-01/eeg/sub-10_ses-01_task-imagery_run-03_eeg.edf	source_train	251.42485451826536	False	1.674774236589798e-12	1.974446043265024e-12	4.6116215338256574e-12	5.432266669242358e-12
sub-10	01	03	sub-10/ses-01/run-03/tsv-row-14	14	right_hand	2	94.776	5.0	23694	24944	sub-10/ses-01/eeg/sub-10_ses-01_task-imagery_run-03_eeg.edf	source_train	303.1430852381969	False	1.3324591626425027e-12	2.5207763672459476e-12	3.821456088909709e-12	6.379413210508333e-12
sub-10	01	03	sub-10/ses-01/run-03/tsv-row-15	15	rest	1	101.676	5.0	25419	26669	sub-10/ses-01/eeg/sub-10_ses-01_task-imagery_run-03_eeg.edf	source_train	349.76719974364454	False	1.1352361983531415e-12	1.6657686921710077e-12	3.301580137183938e-12	6.099763578928235e-12
sub-10	01	03	sub-10/ses-01/run-03/tsv-row-16	16	right_hand	2	108.536	5.0	27134	28384	sub-10/ses-01/eeg/sub-10_ses-01_task-imagery_run-03_eeg.edf	source_train	302.19333475753047	False	2.2225537754883344e-12	1.7494893838817245e-12	7.330203619365361e-12	5.19155025504782e-12
sub-10	01	03	sub-10/ses-01/run-03/tsv-row-17	17	rest	1	115.452	5.0	28863	30113	sub-10/ses-01/eeg/sub-10_ses-01_task-imagery_run-03_eeg.edf	source_train	87.89508993804742	False	1.931334911491481e-12	1.7225255002330684e-12	5.4399362279427085e-12	4.672163516464e-12
sub-10	01	03	sub-10/ses-01/run-03/tsv-row-18	18	right_hand	2	122.324	5.0	30581	31831	sub-10/ses-01/eeg/sub-10_ses-01_task-imagery_run-03_eeg.edf	source_train	677.690138431959	False	2.6884342841211184e-12	2.6873560132112615e-12	1.0728931782932712e-11	7.882077543910267e-12
sub-10	01	03	sub-10/ses-01/run-03/tsv-row-19	19	rest	1	129.224	5.0	32306	33556	sub-10/ses-01/eeg/sub-10_ses-01_task-imagery_run-03_eeg.edf	source_train	540.2353415936766	False	2.0838922219828353e-12	2.8887905529448027e-12	5.439547580263697e-12	7.551286558796024e-12
sub-10	01	03	sub-10/ses-01/run-03/tsv-row-20	20	right_hand	2	136.1	5.0	34025	35275	sub-10/ses-01/eeg/sub-10_ses-01_task-imagery_run-03_eeg.edf	source_train	408.30636573381753	False	1.93245798483819e-12	1.7495202379589365e-12	4.742428761876343e-12	4.8378148574403046e-12
sub-10	01	03	sub-10/ses-01/run-03/tsv-row-21	21	rest	1	143.0	5.0	35750	37000	sub-10/ses-01/eeg/sub-10_ses-01_task-imagery_run-03_eeg.edf	source_train	104.47255287331767	False	2.0892823590841168e-12	2.7396485961415017e-12	5.223769518954931e-12	6.554926623308702e-12
sub-10	01	03	sub-10/ses-01/run-03/tsv-row-22	22	right_hand	2	149.872	5.0	37468	38718	sub-10/ses-01/eeg/sub-10_ses-01_task-imagery_run-03_eeg.edf	source_train	80.72879085665453	False	1.9142867183703187e-12	2.464771439656499e-12	5.464085265087818e-12	5.194206483852654e-12
sub-10	01	03	sub-10/ses-01/run-03/tsv-row-23	23	rest	1	156.788	5.0	39197	40447	sub-10/ses-01/eeg/sub-10_ses-01_task-imagery_run-03_eeg.edf	source_train	371.95682461012603	False	1.6864119887242982e-12	1.932563922940678e-12	5.716266043557185e-12	5.219262635668979e-12
sub-10	01	03	sub-10/ses-01/run-03/tsv-row-24	24	right_hand	2	163.648	5.0	40912	42162	sub-10/ses-01/eeg/sub-10_ses-01_task-imagery_run-03_eeg.edf	source_train	73.64883272804957	False	1.7561616584076558e-12	1.9581904146468596e-12	4.724947603686457e-12	6.870008879320384e-12
sub-10	01	03	sub-10/ses-01/run-03/tsv-row-25	25	right_hand	2	170.528	5.0	42632	43882	sub-10/ses-01/eeg/sub-10_ses-01_task-imagery_run-03_eeg.edf	source_train	394.40547233497114	False	1.2319284774108564e-12	2.179699233144154e-12	4.31724125475765e-12	6.091810317003582e-12
sub-10	01	03	sub-10/ses-01/run-03/tsv-row-26	26	rest	1	177.452	5.0	44363	45613	sub-10/ses-01/eeg/sub-10_ses-01_task-imagery_run-03_eeg.edf	source_train	252.46094595171965	False	1.1109957488492223e-12	1.4824488427501587e-12	4.712747255055328e-12	3.481299236103367e-12
sub-10	01	03	sub-10/ses-01/run-03/tsv-row-27	27	rest	1	184.336	5.0	46084	47334	sub-10/ses-01/eeg/sub-10_ses-01_task-imagery_run-03_eeg.edf	source_train	75.54833368938256	False	2.7203751657362874e-12	2.0708872571155243e-12	7.863811790301218e-12	5.2841706686699144e-12
sub-10	01	03	sub-10/ses-01/run-03/tsv-row-28	28	right_hand	2	191.196	5.0	47799	49049	sub-10/ses-01/eeg/sub-10_ses-01_task-imagery_run-03_eeg.edf	source_train	61.99280410168769	False	1.7060723871239198e-12	1.939367017554197e-12	4.729116055093931e-12	5.635967971666388e-12
sub-10	01	03	sub-10/ses-01/run-03/tsv-row-29	29	right_hand	2	198.092	5.0	49523	50773	sub-10/ses-01/eeg/sub-10_ses-01_task-imagery_run-03_eeg.edf	source_train	92.73018329416789	False	2.3698871018357707e-12	2.068655205841528e-12	9.592612732479328e-12	5.760438156267213e-12
sub-10	01	03	sub-10/ses-01/run-03/tsv-row-30	30	rest	1	205.0	5.0	51250	52500	sub-10/ses-01/eeg/sub-10_ses-01_task-imagery_run-03_eeg.edf	source_train	94.11163853877375	False	1.7264522272162865e-12	1.7723913157091296e-12	5.4885868155250786e-12	6.200173416474395e-12
sub-10	01	03	sub-10/ses-01/run-03/tsv-row-31	31	right_hand	2	211.864	5.0	52966	54216	sub-10/ses-01/eeg/sub-10_ses-01_task-imagery_run-03_eeg.edf	source_train	100.15550523392436	False	1.6252626325183104e-12	2.169981726632967e-12	4.950594155287976e-12	5.60163175796308e-12
sub-10	01	03	sub-10/ses-01/run-03/tsv-row-32	32	rest	1	218.78	5.0	54695	55945	sub-10/ses-01/eeg/sub-10_ses-01_task-imagery_run-03_eeg.edf	source_train	306.337700491348	False	1.6392914016487438e-12	1.6597789036142508e-12	4.207296020213546e-12	5.749115104127834e-12
sub-10	01	04	sub-10/ses-01/run-04/tsv-row-1	1	right_hand	2	6.66	5.0	1665	2915	sub-10/ses-01/eeg/sub-10_ses-01_task-imagery_run-04_eeg.edf	source_train	327.44200802636806	False	1.2483159310526536e-12	1.5556815338463335e-12	2.860058347891838e-12	4.73708396270375e-12
sub-10	01	04	sub-10/ses-01/run-04/tsv-row-2	2	rest	1	13.56	5.0	3390	4640	sub-10/ses-01/eeg/sub-10_ses-01_task-imagery_run-04_eeg.edf	source_train	94.23031144138918	False	1.6027872323592883e-12	1.290580354374771e-12	4.245160753555997e-12	3.686856211464776e-12
sub-10	01	04	sub-10/ses-01/run-04/tsv-row-3	3	rest	1	20.456	5.0	5114	6364	sub-10/ses-01/eeg/sub-10_ses-01_task-imagery_run-04_eeg.edf	source_train	104.81873512985636	False	1.326130814916738e-12	1.490757447901977e-12	3.5762057260698532e-12	4.419285457534604e-12
sub-10	01	04	sub-10/ses-01/run-04/tsv-row-4	4	right_hand	2	27.316	5.0	6829	8079	sub-10/ses-01/eeg/sub-10_ses-01_task-imagery_run-04_eeg.edf	source_train	342.42562645344395	False	5.608285385697565e-12	1.7588523866497402e-12	1.4576576488912423e-11	4.508559956501616e-12
sub-10	01	04	sub-10/ses-01/run-04/tsv-row-5	5	rest	1	34.224	5.0	8556	9806	sub-10/ses-01/eeg/sub-10_ses-01_task-imagery_run-04_eeg.edf	source_train	69.99014651936409	False	2.205540002002084e-12	1.8468555723156555e-12	6.814464658320364e-12	6.567716110470915e-12
sub-10	01	04	sub-10/ses-01/run-04/tsv-row-6	6	right_hand	2	41.088	5.0	10272	11522	sub-10/ses-01/eeg/sub-10_ses-01_task-imagery_run-04_eeg.edf	source_train	288.48460011597024	False	1.491802096639111e-12	1.606441589048432e-12	4.216072045785693e-12	4.9178207607821165e-12
sub-10	01	04	sub-10/ses-01/run-04/tsv-row-7	7	rest	1	48.004	5.0	12001	13251	sub-10/ses-01/eeg/sub-10_ses-01_task-imagery_run-04_eeg.edf	source_train	72.98687020477928	False	1.4976916345243813e-12	1.5410090141200873e-12	3.661787850779728e-12	5.3153987952205244e-12
sub-10	01	04	sub-10/ses-01/run-04/tsv-row-8	8	right_hand	2	54.864	5.0	13716	14966	sub-10/ses-01/eeg/sub-10_ses-01_task-imagery_run-04_eeg.edf	source_train	85.04035880611582	False	4.304950929281957e-12	1.9299520571993716e-12	1.2651018095772549e-11	6.600629078716677e-12
sub-10	01	04	sub-10/ses-01/run-04/tsv-row-9	9	rest	1	61.772	5.0	15443	16693	sub-10/ses-01/eeg/sub-10_ses-01_task-imagery_run-04_eeg.edf	source_train	323.64615802484207	False	2.3480338715670747e-12	1.6810299774282755e-12	8.246266410914915e-12	5.12897741733044e-12
sub-10	01	04	sub-10/ses-01/run-04/tsv-row-10	10	right_hand	2	68.652	5.0	17163	18413	sub-10/ses-01/eeg/sub-10_ses-01_task-imagery_run-04_eeg.edf	source_train	79.77944389172012	False	2.1976897554621837e-12	1.4297492675258472e-12	4.980877407649949e-12	4.222136334799177e-12
sub-10	01	04	sub-10/ses-01/run-04/tsv-row-11	11	right_hand	2	75.532	5.0	18883	20133	sub-10/ses-01/eeg/sub-10_ses-01_task-imagery_run-04_eeg.edf	source_train	76.58293862727736	False	1.5700754127173371e-12	1.7990179493194925e-12	5.0088306322055874e-12	5.301195684193667e-12
sub-10	01	04	sub-10/ses-01/run-04/tsv-row-12	12	rest	1	82.432	5.0	20608	21858	sub-10/ses-01/eeg/sub-10_ses-01_task-imagery_run-04_eeg.edf	source_train	89.43555354472504	False	1.9989240427582022e-12	1.6727206280706012e-12	5.488129560039907e-12	4.675449245550228e-12
sub-10	01	04	sub-10/ses-01/run-04/tsv-row-13	13	right_hand	2	89.32	5.0	22330	23580	sub-10/ses-01/eeg/sub-10_ses-01_task-imagery_run-04_eeg.edf	source_train	293.07957643360703	False	3.672737494687858e-12	1.4940247894132278e-12	9.931138098790072e-12	4.469161223925127e-12
sub-10	01	04	sub-10/ses-01/run-04/tsv-row-14	14	rest	1	96.216	5.0	24054	25304	sub-10/ses-01/eeg/sub-10_ses-01_task-imagery_run-04_eeg.edf	source_train	316.8535843379008	False	2.1829908153079896e-12	2.583443757321014e-12	5.597007309204833e-12	6.206812812571964e-12
sub-10	01	04	sub-10/ses-01/run-04/tsv-row-15	15	rest	1	103.1	5.0	25775	27025	sub-10/ses-01/eeg/sub-10_ses-01_task-imagery_run-04_eeg.edf	source_train	186.79577639088097	False	1.2857841523359263e-12	1.561674529603262e-12	3.674541578970774e-12	4.843364293654e-12
sub-10	01	04	sub-10/ses-01/run-04/tsv-row-16	16	right_hand	2	109.976	5.0	27494	28744	sub-10/ses-01/eeg/sub-10_ses-01_task-imagery_run-04_eeg.edf	source_train	414.6799642017882	False	1.905749425503587e-12	1.5132854135108037e-12	5.3070840729484895e-12	4.493288699427194e-12
sub-10	01	04	sub-10/ses-01/run-04/tsv-row-17	17	rest	1	116.884	5.0	29221	30471	sub-10/ses-01/eeg/sub-10_ses-01_task-imagery_run-04_eeg.edf	source_train	351.01623435163424	False	1.9979961039201737e-12	1.6605495047312527e-12	4.766320256541313e-12	5.509052976700199e-12
sub-10	01	04	sub-10/ses-01/run-04/tsv-row-18	18	right_hand	2	123.748	5.0	30937	32187	sub-10/ses-01/eeg/sub-10_ses-01_task-imagery_run-04_eeg.edf	source_train	85.04035880611605	False	2.3960231518901755e-12	2.536966231098579e-12	5.054795160748719e-12	6.9985867342965085e-12
sub-10	01	04	sub-10/ses-01/run-04/tsv-row-19	19	rest	1	130.66	5.0	32665	33915	sub-10/ses-01/eeg/sub-10_ses-01_task-imagery_run-04_eeg.edf	source_train	285.1549071321757	False	1.2135637314364477e-12	1.530169164329766e-12	4.5701898680508265e-12	4.628595229013862e-12
sub-10	01	04	sub-10/ses-01/run-04/tsv-row-20	20	right_hand	2	137.524	5.0	34381	35631	sub-10/ses-01/eeg/sub-10_ses-01_task-imagery_run-04_eeg.edf	source_train	327.77497732474734	False	2.0474396004867043e-12	2.1185828533514447e-12	7.965969369584544e-12	5.937708536706408e-12
sub-10	01	04	sub-10/ses-01/run-04/tsv-row-21	21	right_hand	2	144.412	5.0	36103	37353	sub-10/ses-01/eeg/sub-10_ses-01_task-imagery_run-04_eeg.edf	source_train	326.97585100863665	False	3.469240938384612e-12	2.059099934459492e-12	8.453465276219074e-12	4.964209651784037e-12
sub-10	01	04	sub-10/ses-01/run-04/tsv-row-22	22	rest	1	151.328	5.0	37832	39082	sub-10/ses-01/eeg/sub-10_ses-01_task-imagery_run-04_eeg.edf	source_train	205.50865095980726	False	1.9437620794215948e-12	2.0840429800932743e-12	4.878449861762784e-12	5.747830915567916e-12
sub-10	01	04	sub-10/ses-01/run-04/tsv-row-23	23	right_hand	2	158.192	5.0	39548	40798	sub-10/ses-01/eeg/sub-10_ses-01_task-imagery_run-04_eeg.edf	source_train	322.64725012970354	False	2.34926529587027e-12	2.244638788654741e-12	6.302448532187902e-12	7.001379491639914e-12
sub-10	01	04	sub-10/ses-01/run-04/tsv-row-24	24	rest	1	165.088	5.0	41272	42522	sub-10/ses-01/eeg/sub-10_ses-01_task-imagery_run-04_eeg.edf	source_train	254.58832554094045	False	2.0301311145787968e-12	2.0987080746917118e-12	5.356086705506651e-12	5.0537266377003306e-12
sub-10	01	04	sub-10/ses-01/run-04/tsv-row-25	25	right_hand	2	171.968	5.0	42992	44242	sub-10/ses-01/eeg/sub-10_ses-01_task-imagery_run-04_eeg.edf	source_train	304.4671264381849	False	1.928768500542853e-12	1.6483009610923818e-12	6.8785269418113595e-12	4.998651897751984e-12
sub-10	01	04	sub-10/ses-01/run-04/tsv-row-26	26	rest	1	178.876	5.0	44719	45969	sub-10/ses-01/eeg/sub-10_ses-01_task-imagery_run-04_eeg.edf	source_train	328.17454048280274	False	1.4632830097998294e-12	1.6320710268563285e-12	5.2236362759608264e-12	4.7179069517754635e-12
sub-10	01	04	sub-10/ses-01/run-04/tsv-row-27	27	rest	1	185.756	5.0	46439	47689	sub-10/ses-01/eeg/sub-10_ses-01_task-imagery_run-04_eeg.edf	source_train	276.2979237952819	False	2.1766721372186236e-12	2.014391516296167e-12	6.597909097267099e-12	5.5223172350624904e-12
sub-10	01	04	sub-10/ses-01/run-04/tsv-row-28	28	right_hand	2	192.636	5.0	48159	49409	sub-10/ses-01/eeg/sub-10_ses-01_task-imagery_run-04_eeg.edf	source_train	269.50535010834074	False	1.5653000748905836e-12	1.7814320562087276e-12	6.562366163400418e-12	5.427625130284895e-12
sub-10	01	04	sub-10/ses-01/run-04/tsv-row-29	29	right_hand	2	199.516	5.0	49879	51129	sub-10/ses-01/eeg/sub-10_ses-01_task-imagery_run-04_eeg.edf	source_train	278.29573958555864	False	1.9517174936766972e-12	1.833718207087584e-12	6.176409063265834e-12	5.4669097581741564e-12
sub-10	01	04	sub-10/ses-01/run-04/tsv-row-30	30	rest	1	206.424	5.0	51606	52856	sub-10/ses-01/eeg/sub-10_ses-01_task-imagery_run-04_eeg.edf	source_train	4364.161999999999	False	1.9983288447254527e-12	1.9192147686061635e-12	6.907615855051725e-12	7.156085627979268e-12
sub-10	01	04	sub-10/ses-01/run-04/tsv-row-31	31	right_hand	2	213.304	5.0	53326	54576	sub-10/ses-01/eeg/sub-10_ses-01_task-imagery_run-04_eeg.edf	source_train	315.45511328470724	False	1.6431344114663708e-12	2.1893514902421754e-12	5.72118586440229e-12	7.221513518991667e-12
sub-10	01	04	sub-10/ses-01/run-04/tsv-row-32	32	rest	1	220.2	5.0	55050	56300	sub-10/ses-01/eeg/sub-10_ses-01_task-imagery_run-04_eeg.edf	source_train	286.81975362407286	False	2.071810515419788e-12	2.7720671002497486e-12	6.985374940573737e-12	6.758512324378902e-12
sub-10	01	05	sub-10/ses-01/run-05/tsv-row-1	1	rest	1	6.884	5.0	1721	2971	sub-10/ses-01/eeg/sub-10_ses-01_task-imagery_run-05_eeg.edf	source_reference_query	237.79898577837452	False	1.0182060928041492e-12	1.4894156180199081e-12	4.3937986161970075e-12	4.2836394773934295e-12
sub-10	01	05	sub-10/ses-01/run-05/tsv-row-2	2	right_hand	2	13.784	5.0	3446	4696	sub-10/ses-01/eeg/sub-10_ses-01_task-imagery_run-05_eeg.edf	source_reference_query	398.663005569628	False	1.0906619744965675e-12	1.4083189685015096e-12	2.430033320519317e-12	3.7787934763167935e-12
sub-10	01	05	sub-10/ses-01/run-05/tsv-row-3	3	right_hand	2	20.664	5.0	5166	6416	sub-10/ses-01/eeg/sub-10_ses-01_task-imagery_run-05_eeg.edf	source_reference_query	105.74643221839045	False	1.7211661889800556e-12	1.4726069014292774e-12	3.4463671847839217e-12	4.450246502321241e-12
sub-10	01	05	sub-10/ses-01/run-05/tsv-row-4	4	rest	1	27.552	5.0	6888	8138	sub-10/ses-01/eeg/sub-10_ses-01_task-imagery_run-05_eeg.edf	source_reference_query	94.99432706686603	False	1.2012852335988903e-12	1.5319371974751625e-12	3.5860281199121715e-12	4.373196347455676e-12
sub-10	01	05	sub-10/ses-01/run-05/tsv-row-5	5	right_hand	2	34.452	5.0	8613	9863	sub-10/ses-01/eeg/sub-10_ses-01_task-imagery_run-05_eeg.edf	source_reference_query	77.35252346873379	False	1.7043669090399778e-12	1.4417768183666377e-12	4.449330283587644e-12	4.539438946811085e-12
sub-10	01	05	sub-10/ses-01/run-05/tsv-row-6	6	rest	1	41.312	5.0	10328	11578	sub-10/ses-01/eeg/sub-10_ses-01_task-imagery_run-05_eeg.edf	source_reference_query	79.02275339518418	False	2.2935413183949663e-12	2.3844046603347357e-12	5.1339614380727665e-12	5.893060025368222e-12
sub-10	01	05	sub-10/ses-01/run-05/tsv-row-7	7	rest	1	48.212	5.0	12053	13303	sub-10/ses-01/eeg/sub-10_ses-01_task-imagery_run-05_eeg.edf	source_reference_query	93.53287588122194	False	1.2765223051741793e-12	2.3541012877107212e-12	2.4483650734605123e-12	5.7014112772445465e-12
sub-10	01	05	sub-10/ses-01/run-05/tsv-row-8	8	right_hand	2	55.12	5.0	13780	15030	sub-10/ses-01/eeg/sub-10_ses-01_task-imagery_run-05_eeg.edf	source_reference_query	88.41779673146762	False	2.358352290013771e-12	1.7089783137464401e-12	5.585078603043634e-12	5.123425570274086e-12
sub-10	01	05	sub-10/ses-01/run-05/tsv-row-9	9	rest	1	61.98	5.0	15495	16745	sub-10/ses-01/eeg/sub-10_ses-01_task-imagery_run-05_eeg.edf	source_reference_query	70.56721439252907	False	1.4349164426644503e-12	2.0419755467063215e-12	4.0293204747419874e-12	6.08764893074235e-12
sub-10	01	05	sub-10/ses-01/run-05/tsv-row-10	10	right_hand	2	68.896	5.0	17224	18474	sub-10/ses-01/eeg/sub-10_ses-01_task-imagery_run-05_eeg.edf	source_reference_query	275.58793786431465	False	1.9806169241690364e-12	1.434171181693486e-12	5.798251308318294e-12	4.698793632520548e-12
sub-10	01	05	sub-10/ses-01/run-05/tsv-row-11	11	rest	1	75.76	5.0	18940	20190	sub-10/ses-01/eeg/sub-10_ses-01_task-imagery_run-05_eeg.edf	source_reference_query	316.0910135807366	False	1.5230051230583597e-12	2.2631728399475838e-12	5.580439048749171e-12	6.805494123805621e-12
sub-10	01	05	sub-10/ses-01/run-05/tsv-row-12	12	right_hand	2	82.664	5.0	20666	21916	sub-10/ses-01/eeg/sub-10_ses-01_task-imagery_run-05_eeg.edf	source_reference_query	129.96476615192114	False	2.1141529735368483e-12	1.5041483964237548e-12	5.58064449676837e-12	4.75637986164948e-12
sub-10	01	05	sub-10/ses-01/run-05/tsv-row-13	13	rest	1	89.544	5.0	22386	23636	sub-10/ses-01/eeg/sub-10_ses-01_task-imagery_run-05_eeg.edf	source_reference_query	138.00274767296366	False	1.4200660531905974e-12	1.6694369816995762e-12	4.991173913806494e-12	4.9752168289052764e-12
sub-10	01	05	sub-10/ses-01/run-05/tsv-row-14	14	right_hand	2	96.444	5.0	24111	25361	sub-10/ses-01/eeg/sub-10_ses-01_task-imagery_run-05_eeg.edf	source_reference_query	3297.24265355388	False	1.6725858239007138e-12	2.207540993475063e-12	5.6405789116448854e-12	6.63527423040898e-12
sub-10	01	05	sub-10/ses-01/run-05/tsv-row-15	15	right_hand	2	103.324	5.0	25831	27081	sub-10/ses-01/eeg/sub-10_ses-01_task-imagery_run-05_eeg.edf	source_reference_query	226.94249125644697	False	2.5407357012990398e-12	2.01416769383722e-12	3.768339928562709e-12	4.376223123546084e-12
sub-10	01	05	sub-10/ses-01/run-05/tsv-row-16	16	rest	1	110.196	5.0	27549	28799	sub-10/ses-01/eeg/sub-10_ses-01_task-imagery_run-05_eeg.edf	source_reference_query	132.36572167119357	False	1.7300854552974506e-12	1.7503922742661027e-12	4.9407845275434035e-12	5.618651101386742e-12
sub-10	01	05	sub-10/ses-01/run-05/tsv-row-17	17	right_hand	2	117.112	5.0	29278	30528	sub-10/ses-01/eeg/sub-10_ses-01_task-imagery_run-05_eeg.edf	source_reference_query	73.69889550462355	False	1.6042555070436104e-12	2.1947972076746075e-12	3.559808172872215e-12	7.434481410848184e-12
sub-10	01	05	sub-10/ses-01/run-05/tsv-row-18	18	rest	1	123.972	5.0	30993	32243	sub-10/ses-01/eeg/sub-10_ses-01_task-imagery_run-05_eeg.edf	source_reference_query	95.9338314004944	False	1.4758263729167185e-12	1.7415508575169762e-12	4.460122064535657e-12	5.103207516351604e-12
sub-10	01	05	sub-10/ses-01/run-05/tsv-row-19	19	rest	1	130.852	5.0	32713	33963	sub-10/ses-01/eeg/sub-10_ses-01_task-imagery_run-05_eeg.edf	source_reference_query	138.83786263618882	False	1.6460591595277961e-12	1.5151269145267818e-12	4.935405057797405e-12	5.449773307985731e-12
sub-10	01	05	sub-10/ses-01/run-05/tsv-row-20	20	right_hand	2	137.768	5.0	34442	35692	sub-10/ses-01/eeg/sub-10_ses-01_task-imagery_run-05_eeg.edf	source_reference_query	159.61134734641558	False	1.922877355237226e-12	2.0280692161189085e-12	6.657749160489708e-12	6.265960981179611e-12
sub-10	01	05	sub-10/ses-01/run-05/tsv-row-21	21	right_hand	2	144.66	5.0	36165	37415	sub-10/ses-01/eeg/sub-10_ses-01_task-imagery_run-05_eeg.edf	source_reference_query	288.0102729422895	False	2.0831404009852454e-12	2.361457958359652e-12	6.896463526685845e-12	5.562227249027927e-12
sub-10	01	05	sub-10/ses-01/run-05/tsv-row-22	22	rest	1	151.52	5.0	37880	39130	sub-10/ses-01/eeg/sub-10_ses-01_task-imagery_run-05_eeg.edf	source_reference_query	79.75347898800621	False	1.1302204177025771e-12	1.824041416000618e-12	3.2126247007913134e-12	6.0337906936220375e-12
sub-10	01	05	sub-10/ses-01/run-05/tsv-row-23	23	right_hand	2	158.436	5.0	39609	40859	sub-10/ses-01/eeg/sub-10_ses-01_task-imagery_run-05_eeg.edf	source_reference_query	78.60519591357159	False	1.8673368809713234e-12	2.046255964661547e-12	6.068111827284792e-12	4.819617313594339e-12
sub-10	01	05	sub-10/ses-01/run-05/tsv-row-24	24	rest	1	165.3	5.0	41325	42575	sub-10/ses-01/eeg/sub-10_ses-01_task-imagery_run-05_eeg.edf	source_reference_query	83.19832821131016	False	1.5484551496465833e-12	1.8273792882175657e-12	4.466042874030197e-12	5.133623264059065e-12
sub-10	01	05	sub-10/ses-01/run-05/tsv-row-25	25	rest	1	172.188	5.0	43047	44297	sub-10/ses-01/eeg/sub-10_ses-01_task-imagery_run-05_eeg.edf	source_reference_query	130.38232363353373	False	2.017839081869947e-12	1.7698684208823667e-12	5.4557178801086575e-12	5.527232934498244e-12
sub-10	01	05	sub-10/ses-01/run-05/tsv-row-26	26	right_hand	2	179.104	5.0	44776	46026	sub-10/ses-01/eeg/sub-10_ses-01_task-imagery_run-05_eeg.edf	source_reference_query	1561.143034379101	False	1.4562343851475327e-12	1.8112024254270168e-12	4.159955956375285e-12	4.519406877329986e-12
sub-10	01	05	sub-10/ses-01/run-05/tsv-row-27	27	rest	1	185.964	5.0	46491	47741	sub-10/ses-01/eeg/sub-10_ses-01_task-imagery_run-05_eeg.edf	source_reference_query	324.65094195379504	False	1.894862445677374e-12	2.713817774509127e-12	5.379649770191147e-12	6.668130539793505e-12
sub-10	01	05	sub-10/ses-01/run-05/tsv-row-28	28	right_hand	2	192.864	5.0	48216	49466	sub-10/ses-01/eeg/sub-10_ses-01_task-imagery_run-05_eeg.edf	source_reference_query	360.35210663167214	False	2.7287826658466996e-12	1.6529148065801414e-12	5.753557794174229e-12	4.736989738750302e-12
sub-10	01	05	sub-10/ses-01/run-05/tsv-row-29	29	rest	1	199.752	5.0	49938	51188	sub-10/ses-01/eeg/sub-10_ses-01_task-imagery_run-05_eeg.edf	source_reference_query	138.83786263618885	False	1.880638967566029e-12	1.6655681230115403e-12	4.933271255160828e-12	5.081594491666555e-12
sub-10	01	05	sub-10/ses-01/run-05/tsv-row-30	30	right_hand	2	206.648	5.0	51662	52912	sub-10/ses-01/eeg/sub-10_ses-01_task-imagery_run-05_eeg.edf	source_reference_query	246.35891415143286	False	2.779561039958654e-12	2.323339181023955e-12	5.830137722167358e-12	5.699159770426497e-12
sub-10	01	05	sub-10/ses-01/run-05/tsv-row-31	31	rest	1	213.512	5.0	53378	54628	sub-10/ses-01/eeg/sub-10_ses-01_task-imagery_run-05_eeg.edf	source_reference_query	97.3952825861385	False	1.3188436236016477e-12	1.7856557986789446e-12	5.082381169873215e-12	5.921099708815573e-12
sub-10	01	05	sub-10/ses-01/run-05/tsv-row-32	32	right_hand	2	220.428	5.0	55107	56357	sub-10/ses-01/eeg/sub-10_ses-01_task-imagery_run-05_eeg.edf	source_reference_query	112.53174129459515	False	1.7330536892114776e-12	1.7874877411465728e-12	5.963810978146596e-12	5.1878798360797775e-12
sub-10	01	06	sub-10/ses-01/run-06/tsv-row-1	1	right_hand	2	8.644	5.0	2161	3411	sub-10/ses-01/eeg/sub-10_ses-01_task-imagery_run-06_eeg.edf	source_reference_query	256.9438730582599	False	1.136017169408996e-12	1.327710448782539e-12	3.656174825478274e-12	4.519640884622895e-12
sub-10	01	06	sub-10/ses-01/run-06/tsv-row-2	2	rest	1	15.56	5.0	3890	5140	sub-10/ses-01/eeg/sub-10_ses-01_task-imagery_run-06_eeg.edf	source_reference_query	146.32587755973998	False	1.3927936186803876e-12	1.6953788188365354e-12	3.6121824969899486e-12	6.200145587709155e-12
sub-10	01	06	sub-10/ses-01/run-06/tsv-row-3	3	rest	1	22.436	5.0	5609	6859	sub-10/ses-01/eeg/sub-10_ses-01_task-imagery_run-06_eeg.edf	source_reference_query	77.31247859126563	False	1.3564927030871598e-12	1.537509674287193e-12	4.557729058216741e-12	4.6850132497364855e-12
sub-10	01	06	sub-10/ses-01/run-06/tsv-row-4	4	right_hand	2	29.3	5.0	7325	8575	sub-10/ses-01/eeg/sub-10_ses-01_task-imagery_run-06_eeg.edf	source_reference_query	119.02627353740046	False	1.9620799576889698e-12	1.7424614765963641e-12	5.790526858180734e-12	5.6801848557723265e-12
sub-10	01	06	sub-10/ses-01/run-06/tsv-row-5	5	right_hand	2	36.196	5.0	9049	10299	sub-10/ses-01/eeg/sub-10_ses-01_task-imagery_run-06_eeg.edf	source_reference_query	114.330741645558	False	1.7965351749567073e-12	1.5642337476151868e-12	5.087075694462349e-12	5.267555351987949e-12
sub-10	01	06	sub-10/ses-01/run-06/tsv-row-6	6	rest	1	43.104	5.0	10776	12026	sub-10/ses-01/eeg/sub-10_ses-01_task-imagery_run-06_eeg.edf	source_reference_query	135.62443278298286	False	1.8159816568154667e-12	1.518737255872248e-12	5.036624400314382e-12	5.448117893103462e-12
sub-10	01	06	sub-10/ses-01/run-06/tsv-row-7	7	rest	1	49.988	5.0	12497	13747	sub-10/ses-01/eeg/sub-10_ses-01_task-imagery_run-06_eeg.edf	source_reference_query	165.544798791467	False	1.7229782352845926e-12	1.7618866370828253e-12	4.605625674465015e-12	5.192712690117116e-12
sub-10	01	06	sub-10/ses-01/run-06/tsv-row-8	8	right_hand	2	56.848	5.0	14212	15462	sub-10/ses-01/eeg/sub-10_ses-01_task-imagery_run-06_eeg.edf	source_reference_query	128.30813890499587	False	1.7246666940020472e-12	1.4563090251773528e-12	5.465876972430994e-12	4.9236030129482805e-12
sub-10	01	06	sub-10/ses-01/run-06/tsv-row-9	9	rest	1	63.764	5.0	15941	17191	sub-10/ses-01/eeg/sub-10_ses-01_task-imagery_run-06_eeg.edf	source_reference_query	99.26136022522661	False	2.0567820482823566e-12	1.7756592746355689e-12	4.4871953418620415e-12	4.977418435075115e-12
sub-10	01	06	sub-10/ses-01/run-06/tsv-row-10	10	right_hand	2	70.636	5.0	17659	18909	sub-10/ses-01/eeg/sub-10_ses-01_task-imagery_run-06_eeg.edf	source_reference_query	282.277905590991	False	1.35644048314533e-12	1.6971451534418603e-12	5.556838344036701e-12	5.463470830118593e-12
sub-10	01	06	sub-10/ses-01/run-06/tsv-row-11	11	rest	1	77.532	5.0	19383	20633	sub-10/ses-01/eeg/sub-10_ses-01_task-imagery_run-06_eeg.edf	source_reference_query	100.79013805047764	False	2.701443307222022e-12	1.8929699113382657e-12	4.828741240628214e-12	5.845199304681586e-12
sub-10	01	06	sub-10/ses-01/run-06/tsv-row-12	12	right_hand	2	84.412	5.0	21103	22353	sub-10/ses-01/eeg/sub-10_ses-01_task-imagery_run-06_eeg.edf	source_reference_query	114.11234481337935	False	1.8215444630396236e-12	2.0519906748344916e-12	5.324465084260652e-12	6.0780369840225906e-12
sub-10	01	06	sub-10/ses-01/run-06/tsv-row-13	13	rest	1	91.312	5.0	22828	24078	sub-10/ses-01/eeg/sub-10_ses-01_task-imagery_run-06_eeg.edf	source_reference_query	316.45700982696	False	2.2726885650110744e-12	1.582681559199841e-12	5.618805935904943e-12	4.612867269765827e-12
sub-10	01	06	sub-10/ses-01/run-06/tsv-row-14	14	right_hand	2	98.184	5.0	24546	25796	sub-10/ses-01/eeg/sub-10_ses-01_task-imagery_run-06_eeg.edf	source_reference_query	276.8179847865231	False	1.41584146616267e-12	1.4683869365875738e-12	3.79024665580216e-12	4.681227923379724e-12
sub-10	01	06	sub-10/ses-01/run-06/tsv-row-15	15	rest	1	105.1	5.0	26275	27525	sub-10/ses-01/eeg/sub-10_ses-01_task-imagery_run-06_eeg.edf	source_reference_query	822.5916684011354	False	2.5000213148814e-12	1.806353094125064e-12	7.254521550146561e-12	5.964261975016372e-12
sub-10	01	06	sub-10/ses-01/run-06/tsv-row-16	16	right_hand	2	111.96	5.0	27990	29240	sub-10/ses-01/eeg/sub-10_ses-01_task-imagery_run-06_eeg.edf	source_reference_query	137.04401219214458	False	1.6710263795889924e-12	1.732049793638159e-12	6.81138461751494e-12	6.538246052588253e-12
sub-10	01	06	sub-10/ses-01/run-06/tsv-row-17	17	right_hand	2	118.84	5.0	29710	30960	sub-10/ses-01/eeg/sub-10_ses-01_task-imagery_run-06_eeg.edf	source_reference_query	81.35281998657189	False	1.7621827401440384e-12	1.3156651038797836e-12	4.4450699932757435e-12	3.795458454304928e-12
sub-10	01	06	sub-10/ses-01/run-06/tsv-row-18	18	rest	1	125.764	5.0	31441	32691	sub-10/ses-01/eeg/sub-10_ses-01_task-imagery_run-06_eeg.edf	source_reference_query	221.6727846613972	False	1.689461207697303e-12	2.0910387504244737e-12	4.8841084985854624e-12	6.227770644523782e-12
sub-10	01	06	sub-10/ses-01/run-06/tsv-row-19	19	right_hand	2	132.628	5.0	33157	34407	sub-10/ses-01/eeg/sub-10_ses-01_task-imagery_run-06_eeg.edf	source_reference_query	136.82561535996575	False	2.132556613117766e-12	1.4897060768151603e-12	6.434367101007653e-12	4.370016473471742e-12
sub-10	01	06	sub-10/ses-01/run-06/tsv-row-20	20	rest	1	139.528	5.0	34882	36132	sub-10/ses-01/eeg/sub-10_ses-01_task-imagery_run-06_eeg.edf	source_reference_query	106.79605093539232	False	1.5294147350706743e-12	1.4836130838015736e-12	3.957489490150167e-12	4.711202677176804e-12
sub-10	01	06	sub-10/ses-01/run-06/tsv-row-21	21	right_hand	2	146.404	5.0	36601	37851	sub-10/ses-01/eeg/sub-10_ses-01_task-imagery_run-06_eeg.edf	source_reference_query	105.59486835840941	False	1.4958019825862572e-12	1.8071357697707812e-12	4.193136486327117e-12	5.748099790989312e-12
sub-10	01	06	sub-10/ses-01/run-06/tsv-row-22	22	rest	1	153.312	5.0	38328	39578	sub-10/ses-01/eeg/sub-10_ses-01_task-imagery_run-06_eeg.edf	source_reference_query	103.30170162053287	False	1.7584336462841824e-12	1.4221745466573601e-12	4.864130010776783e-12	3.743147337906812e-12
sub-10	01	06	sub-10/ses-01/run-06/tsv-row-23	23	rest	1	160.192	5.0	40048	41298	sub-10/ses-01/eeg/sub-10_ses-01_task-imagery_run-06_eeg.edf	source_reference_query	254.21391265602588	False	1.2045410427612633e-12	1.5629353336389456e-12	3.2783791215847844e-12	4.607547469397965e-12
sub-10	01	06	sub-10/ses-01/run-06/tsv-row-24	24	right_hand	2	167.072	5.0	41768	43018	sub-10/ses-01/eeg/sub-10_ses-01_task-imagery_run-06_eeg.edf	source_reference_query	426.85660849330117	False	1.7467297288326378e-12	2.1558252879868917e-12	5.117764308113824e-12	5.934383231883764e-12
sub-10	01	06	sub-10/ses-01/run-06/tsv-row-25	25	right_hand	2	173.952	5.0	43488	44738	sub-10/ses-01/eeg/sub-10_ses-01_task-imagery_run-06_eeg.edf	source_reference_query	159.64808432264164	False	1.199852784482659e-12	2.109582715132855e-12	4.305335288602609e-12	6.047343308781791e-12
sub-10	01	06	sub-10/ses-01/run-06/tsv-row-26	26	rest	1	180.86	5.0	45215	46465	sub-10/ses-01/eeg/sub-10_ses-01_task-imagery_run-06_eeg.edf	source_reference_query	316.5662082430495	False	1.1747205771326136e-12	1.837771660845733e-12	4.228497653107253e-12	4.908459471415469e-12
sub-10	01	06	sub-10/ses-01/run-06/tsv-row-27	27	right_hand	2	187.74	5.0	46935	48185	sub-10/ses-01/eeg/sub-10_ses-01_task-imagery_run-06_eeg.edf	source_reference_query	439.8512200079349	False	2.0345107708169384e-12	2.668404934442169e-12	6.299068227519344e-12	7.984786194555941e-12
sub-10	01	06	sub-10/ses-01/run-06/tsv-row-28	28	rest	1	194.64	5.0	48660	49910	sub-10/ses-01/eeg/sub-10_ses-01_task-imagery_run-06_eeg.edf	source_reference_query	91.7266695150609	False	2.394720672230958e-12	1.8618890437012055e-12	5.170134018142417e-12	5.170595734115365e-12
sub-10	01	06	sub-10/ses-01/run-06/tsv-row-29	29	right_hand	2	201.5	5.0	50375	51625	sub-10/ses-01/eeg/sub-10_ses-01_task-imagery_run-06_eeg.edf	source_reference_query	279.7663420209357	False	1.7906119741552668e-12	1.363122832903942e-12	5.5910530390110985e-12	4.1268651909491386e-12
sub-10	01	06	sub-10/ses-01/run-06/tsv-row-30	30	rest	1	208.424	5.0	52106	53356	sub-10/ses-01/eeg/sub-10_ses-01_task-imagery_run-06_eeg.edf	source_reference_query	307.7211365398114	False	2.1389968940553287e-12	1.955501108404887e-12	7.298629005045479e-12	4.884061310338803e-12
sub-10	01	06	sub-10/ses-01/run-06/tsv-row-31	31	right_hand	2	215.288	5.0	53822	55072	sub-10/ses-01/eeg/sub-10_ses-01_task-imagery_run-06_eeg.edf	source_reference_query	141.8487425000763	False	1.1830205627402597e-12	1.2098950467814062e-12	4.238088228598889e-12	3.5546757835342703e-12
sub-10	01	06	sub-10/ses-01/run-06/tsv-row-32	32	rest	1	222.184	5.0	55546	56796	sub-10/ses-01/eeg/sub-10_ses-01_task-imagery_run-06_eeg.edf	source_reference_query	282.82389767143763	False	1.4628761199729965e-12	1.7490938704407075e-12	3.605780602795085e-12	4.391898621026483e-12
sub-10	02	01	sub-10/ses-02/run-01/tsv-row-1	1	rest	1	4.884	5.0	1221	2471	sub-10/ses-02/eeg/sub-10_ses-02_task-imagery_run-01_eeg.edf	validation_no_selection	95.74408275093843	False	2.218196461366221e-12	2.1857840715162165e-12	5.20490686809476e-12	6.9167449598730706e-12
sub-10	02	01	sub-10/ses-02/run-01/tsv-row-2	2	right_hand	2	11.752	5.0	2938	4188	sub-10/ses-02/eeg/sub-10_ses-02_task-imagery_run-01_eeg.edf	validation_no_selection	272.04290179143646	False	1.7164636462314934e-12	1.888259706139522e-12	5.501261826491857e-12	6.622106094382833e-12
sub-10	02	01	sub-10/ses-02/run-01/tsv-row-3	3	rest	1	18.644	5.0	4661	5911	sub-10/ses-02/eeg/sub-10_ses-02_task-imagery_run-01_eeg.edf	validation_no_selection	90.62407832575455	False	2.8027117340765156e-12	2.0356542844927964e-12	5.152814376823187e-12	5.813625568966322e-12
sub-10	02	01	sub-10/ses-02/run-01/tsv-row-4	4	right_hand	2	25.532	5.0	6383	7633	sub-10/ses-02/eeg/sub-10_ses-02_task-imagery_run-01_eeg.edf	validation_no_selection	82.60273805963315	False	1.2733581677755482e-12	1.6371691464604466e-12	2.9374764962111627e-12	5.785933526092717e-12
sub-10	02	01	sub-10/ses-02/run-01/tsv-row-5	5	right_hand	2	32.412	5.0	8103	9353	sub-10/ses-02/eeg/sub-10_ses-02_task-imagery_run-01_eeg.edf	validation_no_selection	287.9149155095065	False	1.8453976047371212e-12	1.8233465444931646e-12	5.034245977456013e-12	6.847881277066167e-12
sub-10	02	01	sub-10/ses-02/run-01/tsv-row-6	6	rest	1	39.312	5.0	9828	11078	sub-10/ses-02/eeg/sub-10_ses-02_task-imagery_run-01_eeg.edf	validation_no_selection	140.97078850672932	False	4.373266492691865e-12	2.472657791743687e-12	6.821091692309174e-12	6.699410229367569e-12
sub-10	02	01	sub-10/ses-02/run-01/tsv-row-7	7	rest	1	46.208	5.0	11552	12802	sub-10/ses-02/eeg/sub-10_ses-02_task-imagery_run-01_eeg.edf	validation_no_selection	541.0138009277626	False	1.5152881168614745e-11	9.867519159447094e-12	1.7370741160333276e-11	1.4708119013555678e-11
sub-10	02	01	sub-10/ses-02/run-01/tsv-row-8	8	right_hand	2	53.08	5.0	13270	14520	sub-10/ses-02/eeg/sub-10_ses-02_task-imagery_run-01_eeg.edf	validation_no_selection	156.84280222479936	False	1.7222575355350823e-12	1.8059143138307553e-12	4.2711396778027195e-12	6.45007930385826e-12
sub-10	02	01	sub-10/ses-02/run-01/tsv-row-9	9	right_hand	2	59.96	5.0	14990	16240	sub-10/ses-02/eeg/sub-10_ses-02_task-imagery_run-01_eeg.edf	validation_no_selection	259.24289072847677	False	2.1830327712738654e-12	2.2038916896995823e-12	4.843132109625557e-12	5.991218206489415e-12
sub-10	02	01	sub-10/ses-02/run-01/tsv-row-10	10	rest	1	66.876	5.0	16719	17969	sub-10/ses-02/eeg/sub-10_ses-02_task-imagery_run-01_eeg.edf	validation_no_selection	273.40823630481884	False	2.8476750617304185e-12	2.182581727986863e-12	8.707523062863894e-12	7.164413228605773e-12
sub-10	02	01	sub-10/ses-02/run-01/tsv-row-11	11	right_hand	2	73.744	5.0	18436	19686	sub-10/ses-02/eeg/sub-10_ses-02_task-imagery_run-01_eeg.edf	validation_no_selection	978.2621788384655	False	2.863572679320907e-12	2.1710972036522725e-12	1.0546707296258025e-11	8.983808389681284e-12
sub-10	02	01	sub-10/ses-02/run-01/tsv-row-12	12	rest	1	80.636	5.0	20159	21409	sub-10/ses-02/eeg/sub-10_ses-02_task-imagery_run-01_eeg.edf	validation_no_selection	284.160245597705	False	3.2665157801548693e-12	2.617770538711418e-12	1.0896972909750774e-11	9.255948174959578e-12
sub-10	02	01	sub-10/ses-02/run-01/tsv-row-13	13	right_hand	2	87.516	5.0	21879	23129	sub-10/ses-02/eeg/sub-10_ses-02_task-imagery_run-01_eeg.edf	validation_no_selection	381.2696628620257	False	2.3199903854470515e-12	1.9484543480423352e-12	7.975624073868137e-12	6.781491172327287e-12
sub-10	02	01	sub-10/ses-02/run-01/tsv-row-14	14	rest	1	94.424	5.0	23606	24856	sub-10/ses-02/eeg/sub-10_ses-02_task-imagery_run-01_eeg.edf	validation_no_selection	804.6940288247321	False	1.280236149755136e-10	8.239419790089607e-11	1.2986588411280406e-10	8.842856028301109e-11
sub-10	02	01	sub-10/ses-02/run-01/tsv-row-15	15	rest	1	101.304	5.0	25326	26576	sub-10/ses-02/eeg/sub-10_ses-02_task-imagery_run-01_eeg.edf	validation_no_selection	263.6802278969694	False	2.2992616317732733e-12	2.052543437910764e-12	5.9441811126509876e-12	5.2628554874871495e-12
sub-10	02	01	sub-10/ses-02/run-01/tsv-row-16	16	right_hand	2	108.172	5.0	27043	28293	sub-10/ses-02/eeg/sub-10_ses-02_task-imagery_run-01_eeg.edf	validation_no_selection	303.6162624134037	False	1.768480951310298e-12	2.533203600986262e-12	5.6822201448037165e-12	7.758145633300815e-12
sub-10	02	01	sub-10/ses-02/run-01/tsv-row-17	17	rest	1	115.084	5.0	28771	30021	sub-10/ses-02/eeg/sub-10_ses-02_task-imagery_run-01_eeg.edf	validation_no_selection	159.74413806573688	False	3.677346880683506e-12	2.609392897578871e-12	7.449135287784758e-12	8.177944499751531e-12
sub-10	02	01	sub-10/ses-02/run-01/tsv-row-18	18	right_hand	2	121.96	5.0	30490	31740	sub-10/ses-02/eeg/sub-10_ses-02_task-imagery_run-01_eeg.edf	validation_no_selection	287.5735818811608	False	1.9314628691597365e-12	2.3217750795776844e-12	7.569066133795348e-12	7.459791444895932e-12
sub-10	02	01	sub-10/ses-02/run-01/tsv-row-19	19	right_hand	2	128.84	5.0	32210	33460	sub-10/ses-02/eeg/sub-10_ses-02_task-imagery_run-01_eeg.edf	validation_no_selection	152.7467986846522	False	1.3668441706436982e-12	2.6516202177193268e-12	4.052519780299028e-12	7.199403149086432e-12
sub-10	02	01	sub-10/ses-02/run-01/tsv-row-20	20	rest	1	135.748	5.0	33937	35187	sub-10/ses-02/eeg/sub-10_ses-02_task-imagery_run-01_eeg.edf	validation_no_selection	224.08552700888086	False	2.0916489194007168e-12	2.4292524598831784e-12	4.786139874626839e-12	6.780076845430737e-12
sub-10	02	01	sub-10/ses-02/run-01/tsv-row-21	21	rest	1	142.628	5.0	35657	36907	sub-10/ses-02/eeg/sub-10_ses-02_task-imagery_run-01_eeg.edf	validation_no_selection	84.48007301553389	False	3.894611019721015e-12	3.30734463366675e-12	1.2782568487360822e-11	1.0217381299172558e-11
sub-10	02	01	sub-10/ses-02/run-01/tsv-row-22	22	right_hand	2	149.508	5.0	37377	38627	sub-10/ses-02/eeg/sub-10_ses-02_task-imagery_run-01_eeg.edf	validation_no_selection	107.17875930051574	False	1.998168317100527e-12	2.0508087109242313e-12	5.4112937072382764e-12	6.902832380343857e-12
sub-10	02	01	sub-10/ses-02/run-01/tsv-row-23	23	right_hand	2	156.404	5.0	39101	40351	sub-10/ses-02/eeg/sub-10_ses-02_task-imagery_run-01_eeg.edf	validation_no_selection	251.05088364818263	False	2.673769758100046e-12	2.203745768389878e-12	9.205998283235498e-12	7.1354124637463956e-12
sub-10	02	01	sub-10/ses-02/run-01/tsv-row-24	24	rest	1	163.296	5.0	40824	42074	sub-10/ses-02/eeg/sub-10_ses-02_task-imagery_run-01_eeg.edf	validation_no_selection	101.54675443281349	False	2.8630668422993367e-12	3.150493341926876e-12	1.0805410512096099e-11	9.390179457336817e-12
sub-10	02	01	sub-10/ses-02/run-01/tsv-row-25	25	right_hand	2	170.164	5.0	42541	43791	sub-10/ses-02/eeg/sub-10_ses-02_task-imagery_run-01_eeg.edf	validation_no_selection	574.1231628772849	False	2.081866780207748e-12	1.6504518226049797e-12	4.295500741298101e-12	5.941069031741576e-12
sub-10	02	01	sub-10/ses-02/run-01/tsv-row-26	26	rest	1	177.084	5.0	44271	45521	sub-10/ses-02/eeg/sub-10_ses-02_task-imagery_run-01_eeg.edf	validation_no_selection	290.81625135044396	False	3.775998170074284e-12	3.317244098802829e-12	1.0185287456405515e-11	9.620865077988215e-12
sub-10	02	01	sub-10/ses-02/run-01/tsv-row-27	27	rest	1	183.964	5.0	45991	47241	sub-10/ses-02/eeg/sub-10_ses-02_task-imagery_run-01_eeg.edf	validation_no_selection	295.5949221472823	False	3.0055991051299794e-12	2.754284007096552e-12	6.598826247163622e-12	8.49335003613538e-12
sub-10	02	01	sub-10/ses-02/run-01/tsv-row-28	28	right_hand	2	190.832	5.0	47708	48958	sub-10/ses-02/eeg/sub-10_ses-02_task-imagery_run-01_eeg.edf	validation_no_selection	323.75494648579365	False	1.8066835171525225e-12	2.1275996280797115e-12	5.3507725069514745e-12	7.926604672958826e-12
sub-10	02	01	sub-10/ses-02/run-01/tsv-row-29	29	rest	1	197.74	5.0	49435	50685	sub-10/ses-02/eeg/sub-10_ses-02_task-imagery_run-01_eeg.edf	validation_no_selection	1310.3797992187258	False	1.576596818590555e-12	2.4307395563741883e-12	5.339938311337777e-12	6.527644089774819e-12
sub-10	02	01	sub-10/ses-02/run-01/tsv-row-30	30	right_hand	2	204.62	5.0	51155	52405	sub-10/ses-02/eeg/sub-10_ses-02_task-imagery_run-01_eeg.edf	validation_no_selection	471.5524075594347	False	3.053177898045127e-12	3.228163850894797e-12	7.0711765844595626e-12	1.046249986852543e-11
sub-10	02	01	sub-10/ses-02/run-01/tsv-row-31	31	right_hand	2	211.5	5.0	52875	54125	sub-10/ses-02/eeg/sub-10_ses-02_task-imagery_run-01_eeg.edf	validation_no_selection	380.245661976989	False	4.142067046981917e-12	4.654366853539486e-12	7.953640655263629e-12	1.1786917588413246e-11
sub-10	02	01	sub-10/ses-02/run-01/tsv-row-32	32	rest	1	218.408	5.0	54602	55852	sub-10/ses-02/eeg/sub-10_ses-02_task-imagery_run-01_eeg.edf	validation_no_selection	2605.911585604419	False	3.151943990356157e-12	2.4198190576529207e-12	7.363072691772072e-12	1.3150492687200475e-11
sub-10	02	02	sub-10/ses-02/run-02/tsv-row-1	1	right_hand	2	5.488	5.0	1372	2622	sub-10/ses-02/eeg/sub-10_ses-02_task-imagery_run-02_eeg.edf	validation_no_selection	389.4714012573626	False	1.1443157267983685e-12	2.210130918548762e-12	4.1552445061620914e-12	1.2342564225938936e-11
sub-10	02	02	sub-10/ses-02/run-02/tsv-row-2	2	rest	1	12.38	5.0	3095	4345	sub-10/ses-02/eeg/sub-10_ses-02_task-imagery_run-02_eeg.edf	validation_no_selection	252.03052989288	False	2.1984268990968086e-12	1.8765942406782567e-12	7.2309860141803485e-12	1.0892479010854841e-11
sub-10	02	02	sub-10/ses-02/run-02/tsv-row-3	3	right_hand	2	19.248	5.0	4812	6062	sub-10/ses-02/eeg/sub-10_ses-02_task-imagery_run-02_eeg.edf	validation_no_selection	566.4432028565325	False	1.6713986523127725e-12	2.1995245760256395e-12	3.567498236455765e-12	8.199642163621434e-12
sub-10	02	02	sub-10/ses-02/run-02/tsv-row-4	4	rest	1	26.16	5.0	6540	7790	sub-10/ses-02/eeg/sub-10_ses-02_task-imagery_run-02_eeg.edf	validation_no_selection	108.2513659169286	False	1.845585348089453e-12	2.683975985406868e-12	4.2181051435347564e-12	8.675402330263275e-12
sub-10	02	02	sub-10/ses-02/run-02/tsv-row-5	5	right_hand	2	33.036	5.0	8259	9509	sub-10/ses-02/eeg/sub-10_ses-02_task-imagery_run-02_eeg.edf	validation_no_selection	344.26936710715046	False	1.6852216141124522e-12	1.917056710710954e-12	4.964788222580921e-12	5.633182272467668e-12
sub-10	02	02	sub-10/ses-02/run-02/tsv-row-6	6	rest	1	39.928	5.0	9982	11232	sub-10/ses-02/eeg/sub-10_ses-02_task-imagery_run-02_eeg.edf	validation_no_selection	222.34063292336802	False	8.118732497954221e-12	8.002207836132984e-12	1.1044355475346716e-11	1.3428509931003198e-11
sub-10	02	02	sub-10/ses-02/run-02/tsv-row-7	7	right_hand	2	46.796	5.0	11699	12949	sub-10/ses-02/eeg/sub-10_ses-02_task-imagery_run-02_eeg.edf	validation_no_selection	119.9271680959502	False	2.1521741744434994e-12	2.895472340023963e-12	6.719112313772782e-12	8.852502758836665e-12
sub-10	02	02	sub-10/ses-02/run-02/tsv-row-8	8	rest	1	53.704	5.0	13426	14676	sub-10/ses-02/eeg/sub-10_ses-02_task-imagery_run-02_eeg.edf	validation_no_selection	302.23647926267284	False	2.6138716171660626e-12	2.698441140294743e-12	7.271985821497278e-12	8.732893855874726e-12
sub-10	02	02	sub-10/ses-02/run-02/tsv-row-9	9	rest	1	60.596	5.0	15149	16399	sub-10/ses-02/eeg/sub-10_ses-02_task-imagery_run-02_eeg.edf	validation_no_selection	650.8425728934599	False	2.1395755738061957e-12	2.200464495803533e-12	7.120212381511447e-12	6.654116940054103e-12
sub-10	02	02	sub-10/ses-02/run-02/tsv-row-10	10	right_hand	2	67.464	5.0	16866	18116	sub-10/ses-02/eeg/sub-10_ses-02_task-imagery_run-02_eeg.edf	validation_no_selection	5545.505643513291	False	2.920378288026651e-12	2.344000327403877e-12	7.898119568104895e-12	7.443936592664696e-12
sub-10	02	02	sub-10/ses-02/run-02/tsv-row-11	11	right_hand	2	74.36	5.0	18590	19840	sub-10/ses-02/eeg/sub-10_ses-02_task-imagery_run-02_eeg.edf	validation_no_selection	1250.9788048951689	False	2.0488787939002625e-12	2.6053709508809958e-12	7.887968884547753e-12	1.2737684672980826e-11
sub-10	02	02	sub-10/ses-02/run-02/tsv-row-12	12	rest	1	81.252	5.0	20313	21563	sub-10/ses-02/eeg/sub-10_ses-02_task-imagery_run-02_eeg.edf	validation_no_selection	218.50429792168953	False	2.439502011123171e-12	2.3791228655688785e-12	5.28109412893384e-12	9.213161115735462e-12
sub-10	02	02	sub-10/ses-02/run-02/tsv-row-13	13	rest	1	88.144	5.0	22036	23286	sub-10/ses-02/eeg/sub-10_ses-02_task-imagery_run-02_eeg.edf	validation_no_selection	625.4894024475844	False	3.181497592493582e-12	2.7681366395478674e-12	7.418714584269496e-12	8.458822492442829e-12
sub-10	02	02	sub-10/ses-02/run-02/tsv-row-14	14	right_hand	2	95.028	5.0	23757	25007	sub-10/ses-02/eeg/sub-10_ses-02_task-imagery_run-02_eeg.edf	validation_no_selection	275.88252577288125	False	1.9184396929826717e-12	2.035326029753438e-12	6.069635546209215e-12	6.044717313528741e-12
sub-10	02	02	sub-10/ses-02/run-02/tsv-row-15	15	rest	1	101.92	5.0	25480	26730	sub-10/ses-02/eeg/sub-10_ses-02_task-imagery_run-02_eeg.edf	validation_no_selection	430.1699117099521	False	2.468188105189886e-12	2.0576759587354044e-12	6.042176787270823e-12	8.073156278878734e-12
sub-10	02	02	sub-10/ses-02/run-02/tsv-row-16	16	right_hand	2	108.788	5.0	27197	28447	sub-10/ses-02/eeg/sub-10_ses-02_task-imagery_run-02_eeg.edf	validation_no_selection	83.7321813409833	False	1.912283187825238e-12	1.7357809800846924e-12	6.216748050288923e-12	5.7014861550170285e-12
sub-10	02	02	sub-10/ses-02/run-02/tsv-row-17	17	rest	1	115.708	5.0	28927	30177	sub-10/ses-02/eeg/sub-10_ses-02_task-imagery_run-02_eeg.edf	validation_no_selection	5447.929296731468	False	1.6051249212101207e-12	1.977186772258359e-12	4.313025286295246e-12	7.170395324830451e-12
sub-10	02	02	sub-10/ses-02/run-02/tsv-row-18	18	right_hand	2	122.576	5.0	30644	31894	sub-10/ses-02/eeg/sub-10_ses-02_task-imagery_run-02_eeg.edf	validation_no_selection	998.6146806543171	False	1.245343988840057e-12	1.908399147942143e-12	3.677603011258471e-12	7.743209925253602e-12
sub-10	02	02	sub-10/ses-02/run-02/tsv-row-19	19	rest	1	129.468	5.0	32367	33617	sub-10/ses-02/eeg/sub-10_ses-02_task-imagery_run-02_eeg.edf	validation_no_selection	546.7611363261818	False	2.840637992189026e-12	2.701539324190199e-12	7.787377013576959e-12	8.38289984266185e-12
sub-10	02	02	sub-10/ses-02/run-02/tsv-row-20	20	right_hand	2	136.352	5.0	34088	35338	sub-10/ses-02/eeg/sub-10_ses-02_task-imagery_run-02_eeg.edf	validation_no_selection	277.5504975127415	False	1.8844760050719094e-12	1.8551965177583153e-12	6.585032135294649e-12	6.896925600677421e-12
sub-10	02	02	sub-10/ses-02/run-02/tsv-row-21	21	right_hand	2	143.244	5.0	35811	37061	sub-10/ses-02/eeg/sub-10_ses-02_task-imagery_run-02_eeg.edf	validation_no_selection	283.7219929502243	False	2.55733686639433e-12	2.208356824601068e-12	5.835631657563141e-12	7.338805184148832e-12
sub-10	02	02	sub-10/ses-02/run-02/tsv-row-22	22	rest	1	150.136	5.0	37534	38784	sub-10/ses-02/eeg/sub-10_ses-02_task-imagery_run-02_eeg.edf	validation_no_selection	275.54893142490926	False	2.436345812826378e-12	2.0643646664857437e-12	5.907632088009944e-12	7.51841495661246e-12
sub-10	02	02	sub-10/ses-02/run-02/tsv-row-23	23	rest	1	157.032	5.0	39258	40508	sub-10/ses-02/eeg/sub-10_ses-02_task-imagery_run-02_eeg.edf	validation_no_selection	322.5857344889676	False	2.19732049778944e-12	2.425249245527509e-12	7.842723403227787e-12	6.261862561410216e-12
sub-10	02	02	sub-10/ses-02/run-02/tsv-row-24	24	right_hand	2	163.9	5.0	40975	42225	sub-10/ses-02/eeg/sub-10_ses-02_task-imagery_run-02_eeg.edf	validation_no_selection	346.60452754295477	False	2.1705914033691094e-12	2.5747128812820014e-12	6.879337993413977e-12	8.949593088362593e-12
sub-10	02	02	sub-10/ses-02/run-02/tsv-row-25	25	right_hand	2	170.792	5.0	42698	43948	sub-10/ses-02/eeg/sub-10_ses-02_task-imagery_run-02_eeg.edf	validation_no_selection	278.21768620868556	False	2.5056628506014456e-12	2.4967438152299815e-12	7.151605124066382e-12	8.23070217514019e-12
sub-10	02	02	sub-10/ses-02/run-02/tsv-row-26	26	rest	1	177.7	5.0	44425	45675	sub-10/ses-02/eeg/sub-10_ses-02_task-imagery_run-02_eeg.edf	validation_no_selection	4138.571480941191	False	2.446512776550288e-12	2.1160946619734935e-12	5.913937765795824e-12	1.1585003539617206e-11
sub-10	02	02	sub-10/ses-02/run-02/tsv-row-27	27	rest	1	184.58	5.0	46145	47395	sub-10/ses-02/eeg/sub-10_ses-02_task-imagery_run-02_eeg.edf	validation_no_selection	1913.6639771416367	False	2.6482663259852867e-12	3.0588698810979607e-12	6.1788966793898875e-12	9.50603474407944e-12
sub-10	02	02	sub-10/ses-02/run-02/tsv-row-28	28	right_hand	2	191.448	5.0	47862	49112	sub-10/ses-02/eeg/sub-10_ses-02_task-imagery_run-02_eeg.edf	validation_no_selection	298.0665499130223	False	1.8821046781589257e-12	2.477722143796108e-12	7.380090373781391e-12	8.29817850927093e-12
sub-10	02	02	sub-10/ses-02/run-02/tsv-row-29	29	right_hand	2	198.356	5.0	49589	50839	sub-10/ses-02/eeg/sub-10_ses-02_task-imagery_run-02_eeg.edf	validation_no_selection	191.6499529099399	False	2.0825657767020575e-12	2.928498178947908e-12	6.681464776797228e-12	7.781942597883464e-12
sub-10	02	02	sub-10/ses-02/run-02/tsv-row-30	30	rest	1	205.248	5.0	51312	52562	sub-10/ses-02/eeg/sub-10_ses-02_task-imagery_run-02_eeg.edf	validation_no_selection	87.23492199468977	False	2.4329800901004826e-12	2.1650008057385447e-12	6.9084229259560005e-12	7.76535581311658e-12
sub-10	02	02	sub-10/ses-02/run-02/tsv-row-31	31	right_hand	2	212.116	5.0	53029	54279	sub-10/ses-02/eeg/sub-10_ses-02_task-imagery_run-02_eeg.edf	validation_no_selection	324.9208949247719	False	2.2349710828339945e-12	2.4168383952794837e-12	8.312034561301203e-12	7.597933862689023e-12
sub-10	02	02	sub-10/ses-02/run-02/tsv-row-32	32	rest	1	219.008	5.0	54752	56002	sub-10/ses-02/eeg/sub-10_ses-02_task-imagery_run-02_eeg.edf	validation_no_selection	1684.4846600848416	False	3.266373039399626e-12	1.9398659504645754e-12	6.785404750157696e-12	8.973769083085554e-12
sub-10	02	03	sub-10/ses-02/run-03/tsv-row-1	1	rest	1	5.408	5.0	1352	2602	sub-10/ses-02/eeg/sub-10_ses-02_task-imagery_run-03_eeg.edf	validation_no_selection	299.6029510788292	False	1.5001883330525858e-12	2.1302773044403186e-12	4.6227662669293934e-12	9.552303921391347e-12
sub-10	02	03	sub-10/ses-02/run-03/tsv-row-2	2	right_hand	2	12.28	5.0	3070	4320	sub-10/ses-02/eeg/sub-10_ses-02_task-imagery_run-03_eeg.edf	validation_no_selection	287.87891215247055	False	1.877503203153391e-12	1.9942604691544854e-12	5.8930945057316125e-12	6.891866135027267e-12
sub-10	02	03	sub-10/ses-02/run-03/tsv-row-3	3	right_hand	2	19.176	5.0	4794	6044	sub-10/ses-02/eeg/sub-10_ses-02_task-imagery_run-03_eeg.edf	validation_no_selection	317.57298454237497	False	1.536603600450324e-12	1.8185000918897896e-12	4.937494232628869e-12	7.302386365040059e-12
sub-10	02	03	sub-10/ses-02/run-03/tsv-row-4	4	rest	1	26.068	5.0	6517	7767	sub-10/ses-02/eeg/sub-10_ses-02_task-imagery_run-03_eeg.edf	validation_no_selection	402.50827091280854	False	3.5824396376568445e-12	2.042625393747928e-12	9.768644746725594e-12	7.291629163617627e-12
sub-10	02	03	sub-10/ses-02/run-03/tsv-row-5	5	right_hand	2	32.944	5.0	8236	9486	sub-10/ses-02/eeg/sub-10_ses-02_task-imagery_run-03_eeg.edf	validation_no_selection	315.9346908932768	False	1.4686220614454318e-12	1.7556107329911656e-12	3.5394609127764674e-12	5.190482362625797e-12
sub-10	02	03	sub-10/ses-02/run-03/tsv-row-6	6	rest	1	39.856	5.0	9964	11214	sub-10/ses-02/eeg/sub-10_ses-02_task-imagery_run-03_eeg.edf	validation_no_selection	275.8476931669058	False	2.3729148194668392e-12	2.1713859478129496e-12	6.30384362014046e-12	7.641027409827629e-12
sub-10	02	03	sub-10/ses-02/run-03/tsv-row-7	7	rest	1	46.736	5.0	11684	12934	sub-10/ses-02/eeg/sub-10_ses-02_task-imagery_run-03_eeg.edf	validation_no_selection	262.74134397412024	False	2.1940077275864465e-12	1.9458503091598827e-12	5.770039318197162e-12	6.059752233082302e-12
sub-10	02	03	sub-10/ses-02/run-03/tsv-row-8	8	right_hand	2	53.604	5.0	13401	14651	sub-10/ses-02/eeg/sub-10_ses-02_task-imagery_run-03_eeg.edf	validation_no_selection	326.122829523606	False	1.8370304540759233e-12	2.1612578129641315e-12	6.922532813270547e-12	7.046718852010587e-12
sub-10	02	03	sub-10/ses-02/run-03/tsv-row-9	9	right_hand	2	60.5	5.0	15125	16375	sub-10/ses-02/eeg/sub-10_ses-02_task-imagery_run-03_eeg.edf	validation_no_selection	499.5259729453414	False	1.8369869103754198e-12	1.7697517606977106e-12	6.8758740730445315e-12	5.408788357910775e-12
sub-10	02	03	sub-10/ses-02/run-03/tsv-row-10	10	rest	1	67.4	5.0	16850	18100	sub-10/ses-02/eeg/sub-10_ses-02_task-imagery_run-03_eeg.edf	validation_no_selection	88.41666037476733	False	2.511551234079983e-12	1.9835480301903152e-12	6.231575684501975e-12	5.960389004969642e-12
sub-10	02	03	sub-10/ses-02/run-03/tsv-row-11	11	rest	1	74.284	5.0	18571	19821	sub-10/ses-02/eeg/sub-10_ses-02_task-imagery_run-03_eeg.edf	validation_no_selection	85.19126975310525	False	1.7878746412507447e-12	2.0313750775495695e-12	6.391807436234488e-12	5.957030614053491e-12
sub-10	02	03	sub-10/ses-02/run-03/tsv-row-12	12	right_hand	2	81.168	5.0	20292	21542	sub-10/ses-02/eeg/sub-10_ses-02_task-imagery_run-03_eeg.edf	validation_no_selection	304.26184864345225	False	9.081609092471487e-13	2.0742302311802212e-12	3.405803165517816e-12	6.218603090265063e-12
sub-10	02	03	sub-10/ses-02/run-03/tsv-row-13	13	rest	1	88.06	5.0	22015	23265	sub-10/ses-02/eeg/sub-10_ses-02_task-imagery_run-03_eeg.edf	validation_no_selection	374.094115436262	False	2.2073952009331653e-12	2.2471290171866072e-12	7.803193180401065e-12	7.21812854909876e-12
sub-10	02	03	sub-10/ses-02/run-03/tsv-row-14	14	right_hand	2	94.936	5.0	23734	24984	sub-10/ses-02/eeg/sub-10_ses-02_task-imagery_run-03_eeg.edf	validation_no_selection	123.99835056611829	False	1.2861710731877864e-12	1.5468631261512243e-12	3.7108919800955865e-12	4.965507820719354e-12
sub-10	02	03	sub-10/ses-02/run-03/tsv-row-15	15	right_hand	2	101.836	5.0	25459	26709	sub-10/ses-02/eeg/sub-10_ses-02_task-imagery_run-03_eeg.edf	validation_no_selection	305.6953555864131	False	2.68280402889837e-12	2.5451993255712257e-12	7.208022915351189e-12	7.596106115600243e-12
sub-10	02	03	sub-10/ses-02/run-03/tsv-row-16	16	rest	1	108.728	5.0	27182	28432	sub-10/ses-02/eeg/sub-10_ses-02_task-imagery_run-03_eeg.edf	validation_no_selection	292.640203070162	False	2.618076961184496e-12	2.2716083770483768e-12	7.049909653340562e-12	7.286882430611117e-12
sub-10	02	03	sub-10/ses-02/run-03/tsv-row-17	17	rest	1	115.608	5.0	28902	30152	sub-10/ses-02/eeg/sub-10_ses-02_task-imagery_run-03_eeg.edf	validation_no_selection	431.48558983123263	False	2.2406275853094857e-12	2.1329904374775716e-12	7.83322835227499e-12	6.86167619482923e-12
sub-10	02	03	sub-10/ses-02/run-03/tsv-row-18	18	right_hand	2	122.484	5.0	30621	31871	sub-10/ses-02/eeg/sub-10_ses-02_task-imagery_run-03_eeg.edf	validation_no_selection	272.0591391033662	False	1.5288551078670095e-12	1.8727907464078944e-12	6.0346634436490975e-12	6.695977320552883e-12
sub-10	02	03	sub-10/ses-02/run-03/tsv-row-19	19	right_hand	2	129.384	5.0	32346	33596	sub-10/ses-02/eeg/sub-10_ses-02_task-imagery_run-03_eeg.edf	validation_no_selection	279.48265720084225	False	1.9761784962835968e-12	2.7774241927491057e-12	5.761312464659768e-12	1.0499429740654944e-11
sub-10	02	03	sub-10/ses-02/run-03/tsv-row-20	20	rest	1	136.276	5.0	34069	35319	sub-10/ses-02/eeg/sub-10_ses-02_task-imagery_run-03_eeg.edf	validation_no_selection	77.97253836176638	False	1.7016215893409402e-12	3.284710303721754e-12	4.304209423588546e-12	8.781333593661123e-12
sub-10	02	03	sub-10/ses-02/run-03/tsv-row-21	21	rest	1	143.156	5.0	35789	37039	sub-10/ses-02/eeg/sub-10_ses-02_task-imagery_run-03_eeg.edf	validation_no_selection	82.17066583758054	False	2.8875534080587365e-12	2.7840748818358915e-12	8.469742613265876e-12	8.620578882525921e-12
sub-10	02	03	sub-10/ses-02/run-03/tsv-row-22	22	right_hand	2	150.048	5.0	37512	38762	sub-10/ses-02/eeg/sub-10_ses-02_task-imagery_run-03_eeg.edf	validation_no_selection	99.27035580004268	False	1.1537385810453543e-12	1.925163716956759e-12	3.8474109437184524e-12	6.596797026111896e-12
sub-10	02	03	sub-10/ses-02/run-03/tsv-row-23	23	right_hand	2	156.932	5.0	39233	40483	sub-10/ses-02/eeg/sub-10_ses-02_task-imagery_run-03_eeg.edf	validation_no_selection	282.4520644398328	False	3.230112761430882e-12	2.1582897829068765e-12	8.506717911808409e-12	6.3308460786418545e-12
sub-10	02	03	sub-10/ses-02/run-03/tsv-row-24	24	rest	1	163.824	5.0	40956	42206	sub-10/ses-02/eeg/sub-10_ses-02_task-imagery_run-03_eeg.edf	validation_no_selection	488.7234741966002	False	2.2127235279199034e-12	2.611640360001059e-12	7.635255456824088e-12	7.547315074346449e-12
sub-10	02	03	sub-10/ses-02/run-03/tsv-row-25	25	rest	1	170.72	5.0	42680	43930	sub-10/ses-02/eeg/sub-10_ses-02_task-imagery_run-03_eeg.edf	validation_no_selection	97.068898709067	False	2.0447712359833287e-12	2.047584143265601e-12	6.431603596385485e-12	5.789848556760807e-12
sub-10	02	03	sub-10/ses-02/run-03/tsv-row-26	26	right_hand	2	177.596	5.0	44399	45649	sub-10/ses-02/eeg/sub-10_ses-02_task-imagery_run-03_eeg.edf	validation_no_selection	519.134300057985	False	1.5603676813691758e-12	2.341017742524991e-12	5.027827610696324e-12	7.267233835601007e-12
sub-10	02	03	sub-10/ses-02/run-03/tsv-row-27	27	right_hand	2	184.476	5.0	46119	47369	sub-10/ses-02/eeg/sub-10_ses-02_task-imagery_run-03_eeg.edf	validation_no_selection	357.506392239143	False	2.2653716879881168e-12	2.830546465350965e-12	8.401956871953388e-12	8.189654919111926e-12
sub-10	02	03	sub-10/ses-02/run-03/tsv-row-28	28	rest	1	191.388	5.0	47847	49097	sub-10/ses-02/eeg/sub-10_ses-02_task-imagery_run-03_eeg.edf	validation_no_selection	277.23000343333234	False	2.8251682760067693e-12	1.9020240433350685e-12	5.7827850961114735e-12	6.558770979015969e-12
sub-10	02	03	sub-10/ses-02/run-03/tsv-row-29	29	rest	1	198.268	5.0	49567	50817	sub-10/ses-02/eeg/sub-10_ses-02_task-imagery_run-03_eeg.edf	validation_no_selection	269.3969119235817	False	2.8367400853111964e-12	1.963404790572789e-12	8.410504570329662e-12	6.61297135576537e-12
sub-10	02	03	sub-10/ses-02/run-03/tsv-row-30	30	right_hand	2	205.144	5.0	51286	52536	sub-10/ses-02/eeg/sub-10_ses-02_task-imagery_run-03_eeg.edf	validation_no_selection	308.5111727958006	False	1.367546799629403e-12	1.7977037961869767e-12	5.163935106770452e-12	6.497952085295945e-12
sub-10	02	03	sub-10/ses-02/run-03/tsv-row-31	31	right_hand	2	212.044	5.0	53011	54261	sub-10/ses-02/eeg/sub-10_ses-02_task-imagery_run-03_eeg.edf	validation_no_selection	605.86147010712	False	2.575685093686099e-12	3.341393881780119e-12	8.080225113434617e-12	8.94401114901395e-12
sub-10	02	03	sub-10/ses-02/run-03/tsv-row-32	32	rest	1	218.936	5.0	54734	55984	sub-10/ses-02/eeg/sub-10_ses-02_task-imagery_run-03_eeg.edf	validation_no_selection	2137.5636386608476	False	9.01402665317533e-10	5.371822036891635e-10	8.921767317708753e-10	5.486811038892015e-10
sub-10	02	04	sub-10/ses-02/run-04/tsv-row-1	1	right_hand	2	5.004	5.0	1251	2501	sub-10/ses-02/eeg/sub-10_ses-02_task-imagery_run-04_eeg.edf	validation_no_selection	318.1856576509903	False	1.3106113696327522e-12	2.3151357603676436e-12	6.981310045585586e-12	9.401330962082613e-12
sub-10	02	04	sub-10/ses-02/run-04/tsv-row-2	2	rest	1	11.904	5.0	2976	4226	sub-10/ses-02/eeg/sub-10_ses-02_task-imagery_run-04_eeg.edf	validation_no_selection	219.83817423017058	False	1.4587411693288709e-12	1.954262043214596e-12	4.376020034290767e-12	7.841843727500161e-12
sub-10	02	04	sub-10/ses-02/run-04/tsv-row-3	3	rest	1	18.784	5.0	4696	5946	sub-10/ses-02/eeg/sub-10_ses-02_task-imagery_run-04_eeg.edf	validation_no_selection	193.4397565538499	False	2.050919349256719e-12	2.3895522912233453e-12	4.181844710264684e-12	6.837782076962482e-12
sub-10	02	04	sub-10/ses-02/run-04/tsv-row-4	4	right_hand	2	25.672	5.0	6418	7668	sub-10/ses-02/eeg/sub-10_ses-02_task-imagery_run-04_eeg.edf	validation_no_selection	273.12552072206796	False	1.181149752747989e-12	1.8959411852590267e-12	4.2862662649717545e-12	5.6946647798325085e-12
sub-10	02	04	sub-10/ses-02/run-04/tsv-row-5	5	right_hand	2	32.552	5.0	8138	9388	sub-10/ses-02/eeg/sub-10_ses-02_task-imagery_run-04_eeg.edf	validation_no_selection	148.58028327280493	False	1.331115604177441e-12	2.1856561670484663e-12	3.6087221039374286e-12	6.512794765995644e-12
sub-10	02	04	sub-10/ses-02/run-04/tsv-row-6	6	rest	1	39.452	5.0	9863	11113	sub-10/ses-02/eeg/sub-10_ses-02_task-imagery_run-04_eeg.edf	validation_no_selection	297.53959788048945	False	1.2003694011779944e-12	1.678946648786969e-12	3.528032481934398e-12	4.5285035626897155e-12
sub-10	02	04	sub-10/ses-02/run-04/tsv-row-7	7	rest	1	46.348	5.0	11587	12837	sub-10/ses-02/eeg/sub-10_ses-02_task-imagery_run-04_eeg.edf	validation_no_selection	321.7530113910337	False	2.8346335469735776e-12	2.8819625725526123e-12	6.949832551647609e-12	8.393023714264276e-12
sub-10	02	04	sub-10/ses-02/run-04/tsv-row-8	8	right_hand	2	53.22	5.0	13305	14555	sub-10/ses-02/eeg/sub-10_ses-02_task-imagery_run-04_eeg.edf	validation_no_selection	98.65962687307346	False	1.4598138737298594e-12	1.7209832377887984e-12	4.115505395466095e-12	4.911551692994239e-12
sub-10	02	04	sub-10/ses-02/run-04/tsv-row-9	9	right_hand	2	60.1	5.0	15025	16275	sub-10/ses-02/eeg/sub-10_ses-02_task-imagery_run-04_eeg.edf	validation_no_selection	275.0875652790918	False	2.3396876368709667e-12	1.5736283374869108e-12	5.966397973154545e-12	5.8722994344323785e-12
sub-10	02	04	sub-10/ses-02/run-04/tsv-row-10	10	rest	1	67.016	5.0	16754	18004	sub-10/ses-02/eeg/sub-10_ses-02_task-imagery_run-04_eeg.edf	validation_no_selection	80.75597029023102	False	1.825444445020712e-12	2.624574661211928e-12	4.4984922150063175e-12	6.79618598922954e-12
sub-10	02	04	sub-10/ses-02/run-04/tsv-row-11	11	right_hand	2	73.884	5.0	18471	19721	sub-10/ses-02/eeg/sub-10_ses-02_task-imagery_run-04_eeg.edf	validation_no_selection	82.96327041688284	False	1.4489587616880471e-12	1.6723671373281793e-12	6.170504545266048e-12	5.34007630907687e-12
sub-10	02	04	sub-10/ses-02/run-04/tsv-row-12	12	rest	1	80.828	5.0	20207	21457	sub-10/ses-02/eeg/sub-10_ses-02_task-imagery_run-04_eeg.edf	validation_no_selection	80.4884187597278	False	1.4071366107182248e-12	2.069756986680331e-12	5.188806057042913e-12	6.831121399442007e-12
sub-10	02	04	sub-10/ses-02/run-04/tsv-row-13	13	rest	1	87.676	5.0	21919	23169	sub-10/ses-02/eeg/sub-10_ses-02_task-imagery_run-04_eeg.edf	validation_no_selection	458.6056192434462	False	1.3983224190884932e-12	1.8647468123411335e-12	3.981295035582346e-12	5.588479597820684e-12
sub-10	02	04	sub-10/ses-02/run-04/tsv-row-14	14	right_hand	2	94.552	5.0	23638	24888	sub-10/ses-02/eeg/sub-10_ses-02_task-imagery_run-04_eeg.edf	validation_no_selection	83.11934214300975	False	1.2939791742514575e-12	1.8005378362844004e-12	4.076536991146558e-12	5.412929773586518e-12
sub-10	02	04	sub-10/ses-02/run-04/tsv-row-15	15	rest	1	101.444	5.0	25361	26611	sub-10/ses-02/eeg/sub-10_ses-02_task-imagery_run-04_eeg.edf	validation_no_selection	76.0961144672994	False	1.980310740297369e-12	2.5568286431892535e-12	5.1310066026515586e-12	5.936541386024833e-12
sub-10	02	04	sub-10/ses-02/run-04/tsv-row-16	16	right_hand	2	108.332	5.0	27083	28333	sub-10/ses-02/eeg/sub-10_ses-02_task-imagery_run-04_eeg.edf	validation_no_selection	77.16632058931242	False	1.304276412180698e-12	1.9092459160707366e-12	3.752982665233612e-12	5.64321855381703e-12
sub-10	02	04	sub-10/ses-02/run-04/tsv-row-17	17	rest	1	115.224	5.0	28806	30056	sub-10/ses-02/eeg/sub-10_ses-02_task-imagery_run-04_eeg.edf	validation_no_selection	78.03586306344798	False	2.2093314145089816e-12	2.1246376824521646e-12	8.56302457758927e-12	5.548330162309714e-12
sub-10	02	04	sub-10/ses-02/run-04/tsv-row-18	18	right_hand	2	122.1	5.0	30525	31775	sub-10/ses-02/eeg/sub-10_ses-02_task-imagery_run-04_eeg.edf	validation_no_selection	195.71394456312754	False	1.5127818821103343e-12	2.730961500670834e-12	4.5944158006486826e-12	6.3869442963878795e-12
sub-10	02	04	sub-10/ses-02/run-04/tsv-row-19	19	right_hand	2	128.98	5.0	32245	33495	sub-10/ses-02/eeg/sub-10_ses-02_task-imagery_run-04_eeg.edf	validation_no_selection	202.98242780846584	False	1.6586335629788776e-12	1.9667576507120824e-12	4.255053661272378e-12	6.008192612210454e-12
sub-10	02	04	sub-10/ses-02/run-04/tsv-row-20	20	rest	1	135.888	5.0	33972	35222	sub-10/ses-02/eeg/sub-10_ses-02_task-imagery_run-04_eeg.edf	validation_no_selection	82.71801484725488	False	1.9428769843237163e-12	1.8427616761651536e-12	5.214389277486669e-12	5.377494668776868e-12
sub-10	02	04	sub-10/ses-02/run-04/tsv-row-21	21	rest	1	142.768	5.0	35692	36942	sub-10/ses-02/eeg/sub-10_ses-02_task-imagery_run-04_eeg.edf	validation_no_selection	86.66439992217781	False	1.91458359273411e-12	2.119206682997294e-12	5.864686816295854e-12	6.363078014660382e-12
sub-10	02	04	sub-10/ses-02/run-04/tsv-row-22	22	right_hand	2	149.648	5.0	37412	38662	sub-10/ses-02/eeg/sub-10_ses-02_task-imagery_run-04_eeg.edf	validation_no_selection	300.3711849116488	False	1.5972442964177573e-12	1.9096572123795335e-12	5.347683318722474e-12	5.678124925548992e-12
sub-10	02	04	sub-10/ses-02/run-04/tsv-row-23	23	rest	1	156.556	5.0	39139	40389	sub-10/ses-02/eeg/sub-10_ses-02_task-imagery_run-04_eeg.edf	validation_no_selection	103.89917767876219	False	2.3220832852045855e-12	2.3033362825927846e-12	7.172419107700721e-12	6.679770880150435e-12
sub-10	02	04	sub-10/ses-02/run-04/tsv-row-24	24	right_hand	2	163.424	5.0	40856	42106	sub-10/ses-02/eeg/sub-10_ses-02_task-imagery_run-04_eeg.edf	validation_no_selection	81.33566527298805	False	1.4944939119305785e-12	1.7536087827601769e-12	5.040302180162156e-12	5.247426372718232e-12
sub-10	02	04	sub-10/ses-02/run-04/tsv-row-25	25	rest	1	170.316	5.0	42579	43829	sub-10/ses-02/eeg/sub-10_ses-02_task-imagery_run-04_eeg.edf	validation_no_selection	90.3432334665975	False	2.2209991570523273e-12	2.0880091448324525e-12	8.57739680245555e-12	5.818155616072343e-12
sub-10	02	04	sub-10/ses-02/run-04/tsv-row-26	26	right_hand	2	177.204	5.0	44301	45551	sub-10/ses-02/eeg/sub-10_ses-02_task-imagery_run-04_eeg.edf	validation_no_selection	631.0871725745415	False	1.7921902328175565e-12	1.7732848612299771e-12	5.730280108683902e-12	6.089954464458728e-12
sub-10	02	04	sub-10/ses-02/run-04/tsv-row-27	27	right_hand	2	184.092	5.0	46023	47273	sub-10/ses-02/eeg/sub-10_ses-02_task-imagery_run-04_eeg.edf	validation_no_selection	347.39336639759506	False	1.4045514670668453e-12	1.984028188200137e-12	3.5905752423719e-12	6.629241759043757e-12
sub-10	02	04	sub-10/ses-02/run-04/tsv-row-28	28	rest	1	190.984	5.0	47746	48996	sub-10/ses-02/eeg/sub-10_ses-02_task-imagery_run-04_eeg.edf	validation_no_selection	273.12552072206796	False	2.0081516633833738e-12	1.878545129602339e-12	4.73199989891375e-12	5.407611538447498e-12
sub-10	02	04	sub-10/ses-02/run-04/tsv-row-29	29	rest	1	197.88	5.0	49470	50720	sub-10/ses-02/eeg/sub-10_ses-02_task-imagery_run-04_eeg.edf	validation_no_selection	82.27209562974944	False	3.0824032078212363e-12	2.2604603833333035e-12	7.800614652135022e-12	6.2621343654009864e-12
sub-10	02	04	sub-10/ses-02/run-04/tsv-row-30	30	right_hand	2	204.752	5.0	51188	52438	sub-10/ses-02/eeg/sub-10_ses-02_task-imagery_run-04_eeg.edf	validation_no_selection	117.85644918668171	False	1.7683689335571756e-12	2.1407741629039876e-12	5.644598543965303e-12	6.45379948429041e-12
sub-10	02	04	sub-10/ses-02/run-04/tsv-row-31	31	rest	1	211.652	5.0	52913	54163	sub-10/ses-02/eeg/sub-10_ses-02_task-imagery_run-04_eeg.edf	validation_no_selection	125.48166780602436	False	2.410554195031728e-12	2.2769816089397678e-12	8.052551928835812e-12	5.939143683858797e-12
sub-10	02	04	sub-10/ses-02/run-04/tsv-row-32	32	right_hand	2	218.536	5.0	54634	55884	sub-10/ses-02/eeg/sub-10_ses-02_task-imagery_run-04_eeg.edf	validation_no_selection	83.20852598651081	False	1.5329062034490249e-12	2.0597871844351428e-12	5.0797342730882065e-12	5.480600220255509e-12
sub-10	02	05	sub-10/ses-02/run-05/tsv-row-1	1	right_hand	2	4.084	5.0	1021	2271	sub-10/ses-02/eeg/sub-10_ses-02_task-imagery_run-05_eeg.edf	validation_no_selection	298.92493957335114	False	1.7340049860845853e-12	2.5628675211053026e-12	5.178852495102718e-12	8.442379340469812e-12
sub-10	02	05	sub-10/ses-02/run-05/tsv-row-2	2	rest	1	10.984	5.0	2746	3996	sub-10/ses-02/eeg/sub-10_ses-02_task-imagery_run-05_eeg.edf	validation_no_selection	74.46166330454416	False	1.3975654546280485e-12	1.9734666785105252e-12	5.958477173681391e-12	6.155033724263278e-12
sub-10	02	05	sub-10/ses-02/run-05/tsv-row-3	3	rest	1	17.864	5.0	4466	5716	sub-10/ses-02/eeg/sub-10_ses-02_task-imagery_run-05_eeg.edf	validation_no_selection	271.2489231238746	False	1.940721716802959e-12	2.1331541786187145e-12	5.401247081542669e-12	5.8692527086059966e-12
sub-10	02	05	sub-10/ses-02/run-05/tsv-row-4	4	right_hand	2	24.748	5.0	6187	7437	sub-10/ses-02/eeg/sub-10_ses-02_task-imagery_run-05_eeg.edf	validation_no_selection	97.94434392834252	False	2.4210097878113473e-12	1.4784424872893015e-12	6.924434621056177e-12	5.547578481677919e-12
sub-10	02	05	sub-10/ses-02/run-05/tsv-row-5	5	right_hand	2	31.632	5.0	7908	9158	sub-10/ses-02/eeg/sub-10_ses-02_task-imagery_run-05_eeg.edf	validation_no_selection	306.17342007202365	False	2.442574910689054e-12	2.0012312381384573e-12	7.074762081317784e-12	6.469780908177676e-12
sub-10	02	05	sub-10/ses-02/run-05/tsv-row-6	6	rest	1	38.528	5.0	9632	10882	sub-10/ses-02/eeg/sub-10_ses-02_task-imagery_run-05_eeg.edf	validation_no_selection	249.86291041291537	False	1.9206700739002583e-12	1.8644347227457457e-12	4.697819807725442e-12	6.02862168099898e-12
sub-10	02	05	sub-10/ses-02/run-05/tsv-row-7	7	right_hand	2	45.416	5.0	11354	12604	sub-10/ses-02/eeg/sub-10_ses-02_task-imagery_run-05_eeg.edf	validation_no_selection	98.96272548600726	False	2.0094482510936033e-12	2.0860950490396556e-12	7.695712278064816e-12	7.829618970574987e-12
sub-10	02	05	sub-10/ses-02/run-05/tsv-row-8	8	rest	1	52.308	5.0	13077	14327	sub-10/ses-02/eeg/sub-10_ses-02_task-imagery_run-05_eeg.edf	validation_no_selection	79.13423751030001	False	2.158287888067819e-12	2.2972080703398e-12	4.485474708168913e-12	6.573640279718912e-12
sub-10	02	05	sub-10/ses-02/run-05/tsv-row-9	9	rest	1	59.188	5.0	14797	16047	sub-10/ses-02/eeg/sub-10_ses-02_task-imagery_run-05_eeg.edf	validation_no_selection	319.83171390423286	False	1.776159362780957e-12	2.363648438399609e-12	4.177453485210388e-12	6.4078355768286505e-12
sub-10	02	05	sub-10/ses-02/run-05/tsv-row-10	10	right_hand	2	66.068	5.0	16517	17767	sub-10/ses-02/eeg/sub-10_ses-02_task-imagery_run-05_eeg.edf	validation_no_selection	83.56719252601704	False	1.604850852468323e-12	1.8894523322258386e-12	3.767747542246727e-12	6.0505540559254875e-12
sub-10	02	05	sub-10/ses-02/run-05/tsv-row-11	11	right_hand	2	72.964	5.0	18241	19491	sub-10/ses-02/eeg/sub-10_ses-02_task-imagery_run-05_eeg.edf	validation_no_selection	107.76873071993161	False	1.4099913097435814e-12	2.0766858475216386e-12	4.398198885919104e-12	5.97676936858606e-12
sub-10	02	05	sub-10/ses-02/run-05/tsv-row-12	12	rest	1	79.856	5.0	19964	21214	sub-10/ses-02/eeg/sub-10_ses-02_task-imagery_run-05_eeg.edf	validation_no_selection	92.19348336741233	False	2.163832058430458e-12	1.8611816278006083e-12	5.8460367250867854e-12	5.252975524116457e-12
sub-10	02	05	sub-10/ses-02/run-05/tsv-row-13	13	rest	1	86.736	5.0	21684	22934	sub-10/ses-02/eeg/sub-10_ses-02_task-imagery_run-05_eeg.edf	validation_no_selection	234.16785346537674	False	1.82717150850612e-12	2.2335676599368512e-12	6.304319491920895e-12	6.374356891388324e-12
sub-10	02	05	sub-10/ses-02/run-05/tsv-row-14	14	right_hand	2	93.624	5.0	23406	24656	sub-10/ses-02/eeg/sub-10_ses-02_task-imagery_run-05_eeg.edf	validation_no_selection	447.06950381481363	False	1.4092375805177816e-12	1.490785662291797e-12	3.830154487080234e-12	4.893018912553115e-12
sub-10	02	05	sub-10/ses-02/run-05/tsv-row-15	15	right_hand	2	100.512	5.0	25128	26378	sub-10/ses-02/eeg/sub-10_ses-02_task-imagery_run-05_eeg.edf	validation_no_selection	610.5496962187566	False	1.4227845988841355e-12	1.6013105652468137e-12	4.538240610751378e-12	5.37197677272254e-12
sub-10	02	05	sub-10/ses-02/run-05/tsv-row-16	16	rest	1	107.404	5.0	26851	28101	sub-10/ses-02/eeg/sub-10_ses-02_task-imagery_run-05_eeg.edf	validation_no_selection	311.504947050386	False	2.4098020267541262e-12	2.2088228193729075e-12	4.872084552262857e-12	5.740919615333485e-12
sub-10	02	05	sub-10/ses-02/run-05/tsv-row-17	17	rest	1	114.3	5.0	28575	29825	sub-10/ses-02/eeg/sub-10_ses-02_task-imagery_run-05_eeg.edf	validation_no_selection	288.26188561662644	False	3.279543232972394e-12	2.3373318417135065e-12	7.541458305882022e-12	6.890023479705207e-12
sub-10	02	05	sub-10/ses-02/run-05/tsv-row-18	18	right_hand	2	121.172	5.0	30293	31543	sub-10/ses-02/eeg/sub-10_ses-02_task-imagery_run-05_eeg.edf	validation_no_selection	75.36023526718955	False	1.8773885922965146e-12	1.953512587980746e-12	4.271206146443111e-12	5.425523098102791e-12
sub-10	02	05	sub-10/ses-02/run-05/tsv-row-19	19	right_hand	2	128.06	5.0	32015	33265	sub-10/ses-02/eeg/sub-10_ses-02_task-imagery_run-05_eeg.edf	validation_no_selection	68.53108835108489	False	1.5950702977671842e-12	2.196465285917036e-12	5.6147890431195e-12	6.799005165058285e-12
sub-10	02	05	sub-10/ses-02/run-05/tsv-row-20	20	rest	1	134.968	5.0	33742	34992	sub-10/ses-02/eeg/sub-10_ses-02_task-imagery_run-05_eeg.edf	validation_no_selection	80.39223825800349	False	1.8470219055965653e-12	2.328645005525728e-12	5.159105955979071e-12	6.407498986946962e-12
sub-10	02	05	sub-10/ses-02/run-05/tsv-row-21	21	right_hand	2	141.836	5.0	35459	36709	sub-10/ses-02/eeg/sub-10_ses-02_task-imagery_run-05_eeg.edf	validation_no_selection	294.0127461775566	False	2.7347171444217143e-12	2.3307633014893023e-12	6.813092045049583e-12	6.385642073511587e-12
sub-10	02	05	sub-10/ses-02/run-05/tsv-row-22	22	rest	1	148.728	5.0	37182	38432	sub-10/ses-02/eeg/sub-10_ses-02_task-imagery_run-05_eeg.edf	validation_no_selection	2351.0835878627886	False	1.8238082420218558e-12	2.0354539769538103e-12	5.1707759911816274e-12	6.646112802004397e-12
sub-10	02	05	sub-10/ses-02/run-05/tsv-row-23	23	right_hand	2	155.624	5.0	38906	40156	sub-10/ses-02/eeg/sub-10_ses-02_task-imagery_run-05_eeg.edf	validation_no_selection	127.77693308816792	False	2.0469240168357942e-12	2.556015090122994e-12	6.06646007270744e-12	7.595094541812967e-12
sub-10	02	05	sub-10/ses-02/run-05/tsv-row-24	24	rest	1	162.516	5.0	40629	41879	sub-10/ses-02/eeg/sub-10_ses-02_task-imagery_run-05_eeg.edf	validation_no_selection	93.69110330515457	False	2.0202272123207003e-12	2.1923774458576303e-12	4.3280554084350796e-12	5.973813936408809e-12
sub-10	02	05	sub-10/ses-02/run-05/tsv-row-25	25	right_hand	2	169.384	5.0	42346	43596	sub-10/ses-02/eeg/sub-10_ses-02_task-imagery_run-05_eeg.edf	validation_no_selection	327.9787663655506	False	2.4454291063567524e-12	2.2576034262156493e-12	8.173093771741426e-12	5.846875694790588e-12
sub-10	02	05	sub-10/ses-02/run-05/tsv-row-26	26	rest	1	176.292	5.0	44073	45323	sub-10/ses-02/eeg/sub-10_ses-02_task-imagery_run-05_eeg.edf	validation_no_selection	153.23647202978603	False	2.5561646746305e-12	2.633130941591012e-12	7.716765825087922e-12	7.858330011445168e-12
sub-10	02	05	sub-10/ses-02/run-05/tsv-row-27	27	rest	1	183.18	5.0	45795	47045	sub-10/ses-02/eeg/sub-10_ses-02_task-imagery_run-05_eeg.edf	validation_no_selection	267.2353016907254	False	2.3715983592089205e-12	2.2221093830754805e-12	6.4348842175936326e-12	6.187602907075453e-12
sub-10	02	05	sub-10/ses-02/run-05/tsv-row-28	28	right_hand	2	190.052	5.0	47513	48763	sub-10/ses-02/eeg/sub-10_ses-02_task-imagery_run-05_eeg.edf	validation_no_selection	266.5763489181188	False	1.6625723572935122e-12	1.7208336197192302e-12	5.1702527615007716e-12	4.929904760148742e-12
sub-10	02	05	sub-10/ses-02/run-05/tsv-row-29	29	rest	1	196.96	5.0	49240	50490	sub-10/ses-02/eeg/sub-10_ses-02_task-imagery_run-05_eeg.edf	validation_no_selection	96.50662878810994	False	1.6667228696941825e-12	1.7302701319091843e-12	4.8280419923713e-12	6.386918663404969e-12
sub-10	02	05	sub-10/ses-02/run-05/tsv-row-30	30	right_hand	2	203.828	5.0	50957	52207	sub-10/ses-02/eeg/sub-10_ses-02_task-imagery_run-05_eeg.edf	validation_no_selection	715.9222350383005	False	1.6883083067578618e-12	2.688676202789243e-12	6.3743605110877775e-12	6.662388397533944e-12
sub-10	02	05	sub-10/ses-02/run-05/tsv-row-31	31	rest	1	210.728	5.0	52682	53932	sub-10/ses-02/eeg/sub-10_ses-02_task-imagery_run-05_eeg.edf	validation_no_selection	105.31263402203435	False	2.4817770942323046e-12	2.2687886594536736e-12	5.139261286102054e-12	6.254936347139221e-12
sub-10	02	05	sub-10/ses-02/run-05/tsv-row-32	32	right_hand	2	217.616	5.0	54404	55654	sub-10/ses-02/eeg/sub-10_ses-02_task-imagery_run-05_eeg.edf	validation_no_selection	261.3047267372661	False	2.3870559556215285e-12	1.9000300245799602e-12	6.260930797216133e-12	5.8276069790179005e-12
sub-10	02	06	sub-10/ses-02/run-06/tsv-row-1	1	rest	1	5.696	5.0	1424	2674	sub-10/ses-02/eeg/sub-10_ses-02_task-imagery_run-06_eeg.edf	validation_no_selection	360.54792573320725	False	1.4080662902384092e-12	1.82903179916454e-12	5.198854095920401e-12	1.0780371007934843e-11
sub-10	02	06	sub-10/ses-02/run-06/tsv-row-2	2	right_hand	2	12.564	5.0	3141	4391	sub-10/ses-02/eeg/sub-10_ses-02_task-imagery_run-06_eeg.edf	validation_no_selection	550.4788817407758	False	1.910784120491062e-12	1.939053843340258e-12	6.3117385014079404e-12	8.308559700355596e-12
sub-10	02	06	sub-10/ses-02/run-06/tsv-row-3	3	right_hand	2	19.448	5.0	4862	6112	sub-10/ses-02/eeg/sub-10_ses-02_task-imagery_run-06_eeg.edf	validation_no_selection	127.38754588457901	False	1.0115993803994254e-12	2.2514564074891274e-12	2.6616822040462413e-12	6.852991548421904e-12
sub-10	02	06	sub-10/ses-02/run-06/tsv-row-4	4	rest	1	26.356	5.0	6589	7839	sub-10/ses-02/eeg/sub-10_ses-02_task-imagery_run-06_eeg.edf	validation_no_selection	165.34951892147586	False	1.5516970523719051e-12	1.6431983404073377e-12	3.908743178303529e-12	6.424636477404715e-12
sub-10	02	06	sub-10/ses-02/run-06/tsv-row-5	5	rest	1	33.236	5.0	8309	9559	sub-10/ses-02/eeg/sub-10_ses-02_task-imagery_run-06_eeg.edf	validation_no_selection	589.1673997161779	False	2.0831925874260114e-12	1.5871367190160934e-12	6.184070006572875e-12	6.075311676602005e-12
sub-10	02	06	sub-10/ses-02/run-06/tsv-row-6	6	right_hand	2	40.112	5.0	10028	11278	sub-10/ses-02/eeg/sub-10_ses-02_task-imagery_run-06_eeg.edf	validation_no_selection	460.62949101229896	False	2.1201455411592227e-12	2.717991540363464e-12	6.2548189963088624e-12	8.249566735729617e-12
sub-10	02	06	sub-10/ses-02/run-06/tsv-row-7	7	right_hand	2	47.012	5.0	11753	13003	sub-10/ses-02/eeg/sub-10_ses-02_task-imagery_run-06_eeg.edf	validation_no_selection	102.26120009460739	False	1.129872131646035e-12	1.7118180671041935e-12	3.177650231902955e-12	6.331353741634361e-12
sub-10	02	06	sub-10/ses-02/run-06/tsv-row-8	8	rest	1	53.904	5.0	13476	14726	sub-10/ses-02/eeg/sub-10_ses-02_task-imagery_run-06_eeg.edf	validation_no_selection	117.03428051087987	False	2.0843083650026914e-12	2.0216097622521348e-12	4.765540999790085e-12	7.158003739802163e-12
sub-10	02	06	sub-10/ses-02/run-06/tsv-row-9	9	rest	1	60.784	5.0	15196	16446	sub-10/ses-02/eeg/sub-10_ses-02_task-imagery_run-06_eeg.edf	validation_no_selection	392.2131759697256	False	1.6674347118679367e-12	2.1010393888011343e-12	4.884053411554285e-12	6.23567521349056e-12
sub-10	02	06	sub-10/ses-02/run-06/tsv-row-10	10	right_hand	2	67.676	5.0	16919	18169	sub-10/ses-02/eeg/sub-10_ses-02_task-imagery_run-06_eeg.edf	validation_no_selection	758.7550974456008	False	1.2416694237352897e-12	1.5349122614702367e-12	4.818617012560491e-12	4.869106012902078e-12
sub-10	02	06	sub-10/ses-02/run-06/tsv-row-11	11	right_hand	2	74.56	5.0	18640	19890	sub-10/ses-02/eeg/sub-10_ses-02_task-imagery_run-06_eeg.edf	validation_no_selection	156.32825260170296	False	2.642099421811099e-12	2.449795411978128e-12	9.18934611354033e-12	7.792650785283531e-12
sub-10	02	06	sub-10/ses-02/run-06/tsv-row-12	12	rest	1	81.452	5.0	20363	21613	sub-10/ses-02/eeg/sub-10_ses-02_task-imagery_run-06_eeg.edf	validation_no_selection	102.5639271523179	False	3.050986269453623e-12	2.4841154593803787e-12	1.002829327061529e-11	6.459288184771675e-12
sub-10	02	06	sub-10/ses-02/run-06/tsv-row-13	13	right_hand	2	88.32	5.0	22080	23330	sub-10/ses-02/eeg/sub-10_ses-02_task-imagery_run-06_eeg.edf	validation_no_selection	179.69878145695367	False	2.0804055439532264e-12	1.9231357612046483e-12	7.356646545463652e-12	6.04414444648229e-12
sub-10	02	06	sub-10/ses-02/run-06/tsv-row-14	14	rest	1	95.236	5.0	23809	25059	sub-10/ses-02/eeg/sub-10_ses-02_task-imagery_run-06_eeg.edf	validation_no_selection	185.0267776726585	False	2.9248676944149182e-12	2.298927558107965e-12	7.223598719247545e-12	8.546427926838928e-12
sub-10	02	06	sub-10/ses-02/run-06/tsv-row-15	15	right_hand	2	102.104	5.0	25526	26776	sub-10/ses-02/eeg/sub-10_ses-02_task-imagery_run-06_eeg.edf	validation_no_selection	1220.3533150425733	False	1.582320921768682e-12	1.8282291887770805e-12	4.290814116826533e-12	6.246208631031646e-12
sub-10	02	06	sub-10/ses-02/run-06/tsv-row-16	16	rest	1	108.996	5.0	27249	28499	sub-10/ses-02/eeg/sub-10_ses-02_task-imagery_run-06_eeg.edf	validation_no_selection	240.304738410596	False	2.1752666829819673e-12	2.0950998809322802e-12	5.917789925567334e-12	8.059675124382807e-12
sub-10	02	06	sub-10/ses-02/run-06/tsv-row-17	17	rest	1	115.896	5.0	28974	30224	sub-10/ses-02/eeg/sub-10_ses-02_task-imagery_run-06_eeg.edf	validation_no_selection	91.36302601702934	False	2.8964895103796966e-12	1.7645259652545686e-12	7.1325817925121055e-12	5.164537805790629e-12
sub-10	02	06	sub-10/ses-02/run-06/tsv-row-18	18	right_hand	2	122.772	5.0	30693	31943	sub-10/ses-02/eeg/sub-10_ses-02_task-imagery_run-06_eeg.edf	validation_no_selection	361.21392526017036	False	1.6380244824804632e-12	2.8096595255470484e-12	4.953366726608564e-12	8.763982669387142e-12
sub-10	02	06	sub-10/ses-02/run-06/tsv-row-19	19	right_hand	2	129.652	5.0	32413	33663	sub-10/ses-02/eeg/sub-10_ses-02_task-imagery_run-06_eeg.edf	validation_no_selection	239.45710264900663	False	1.4606139159883766e-12	1.879843203874643e-12	4.456474335082772e-12	6.195585779281146e-12
sub-10	02	06	sub-10/ses-02/run-06/tsv-row-20	20	rest	1	136.564	5.0	34141	35391	sub-10/ses-02/eeg/sub-10_ses-02_task-imagery_run-06_eeg.edf	validation_no_selection	163.593701986755	False	2.532150193635018e-12	2.5123087757131496e-12	6.75471549559275e-12	6.7121987578981924e-12
sub-10	02	06	sub-10/ses-02/run-06/tsv-row-21	21	right_hand	2	143.432	5.0	35858	37108	sub-10/ses-02/eeg/sub-10_ses-02_task-imagery_run-06_eeg.edf	validation_no_selection	127.32700047303692	False	1.589878782846963e-12	2.060171271902585e-12	6.00551337621851e-12	6.025970260274351e-12
sub-10	02	06	sub-10/ses-02/run-06/tsv-row-22	22	rest	1	150.332	5.0	37583	38833	sub-10/ses-02/eeg/sub-10_ses-02_task-imagery_run-06_eeg.edf	validation_no_selection	210.8191229895932	False	3.297089044036784e-12	2.2443481305426113e-12	6.208312376200341e-12	6.313154762611779e-12
sub-10	02	06	sub-10/ses-02/run-06/tsv-row-23	23	rest	1	157.228	5.0	39307	40557	sub-10/ses-02/eeg/sub-10_ses-02_task-imagery_run-06_eeg.edf	validation_no_selection	349.7708424787133	False	3.755747508563303e-12	2.3388672847621834e-12	8.421531241186292e-12	6.9134242301892306e-12
sub-10	02	06	sub-10/ses-02/run-06/tsv-row-24	24	right_hand	2	164.1	5.0	41025	42275	sub-10/ses-02/eeg/sub-10_ses-02_task-imagery_run-06_eeg.edf	validation_no_selection	438.59096121097446	False	1.5180138991149692e-12	1.9024926466298422e-12	5.286750589811574e-12	5.362173986967266e-12
sub-10	02	06	sub-10/ses-02/run-06/tsv-row-25	25	right_hand	2	170.98	5.0	42745	43995	sub-10/ses-02/eeg/sub-10_ses-02_task-imagery_run-06_eeg.edf	validation_no_selection	324.0390425733207	False	1.7296844368246897e-12	2.215319783934732e-12	5.373758619455476e-12	7.608941675351021e-12
sub-10	02	06	sub-10/ses-02/run-06/tsv-row-26	26	rest	1	177.888	5.0	44472	45722	sub-10/ses-02/eeg/sub-10_ses-02_task-imagery_run-06_eeg.edf	validation_no_selection	132.77608751182598	False	3.063128964168069e-12	2.1399516409047418e-12	6.6676289794069244e-12	6.297907075575114e-12
sub-10	02	06	sub-10/ses-02/run-06/tsv-row-27	27	rest	1	184.776	5.0	46194	47444	sub-10/ses-02/eeg/sub-10_ses-02_task-imagery_run-06_eeg.edf	validation_no_selection	503.4350969725639	False	1.2447091705132168e-12	2.4023453450271177e-12	4.086989250745718e-12	6.633286107093156e-12
sub-10	02	06	sub-10/ses-02/run-06/tsv-row-28	28	right_hand	2	191.644	5.0	47911	49161	sub-10/ses-02/eeg/sub-10_ses-02_task-imagery_run-06_eeg.edf	validation_no_selection	349.04429754020816	False	1.1311842909913542e-12	2.0015258121638e-12	3.5852478040944336e-12	6.6841843997328506e-12
sub-10	02	06	sub-10/ses-02/run-06/tsv-row-29	29	right_hand	2	198.544	5.0	49636	50886	sub-10/ses-02/eeg/sub-10_ses-02_task-imagery_run-06_eeg.edf	validation_no_selection	618.229197256386	False	2.012400793183543e-12	1.6116075675215847e-12	4.899171458030602e-12	4.644982067712393e-12
sub-10	02	06	sub-10/ses-02/run-06/tsv-row-30	30	rest	1	205.444	5.0	51361	52611	sub-10/ses-02/eeg/sub-10_ses-02_task-imagery_run-06_eeg.edf	validation_no_selection	310.355779564806	False	2.31652539861731e-12	2.1549733194100665e-12	7.046594289616689e-12	6.87971531213302e-12
sub-10	02	06	sub-10/ses-02/run-06/tsv-row-31	31	rest	1	212.324	5.0	53081	54331	sub-10/ses-02/eeg/sub-10_ses-02_task-imagery_run-06_eeg.edf	validation_no_selection	678.4718817407758	False	3.2331352386396127e-12	1.845290483386445e-12	1.3395590206605529e-11	6.6599032369726075e-12
sub-10	02	06	sub-10/ses-02/run-06/tsv-row-32	32	right_hand	2	219.212	5.0	54803	56053	sub-10/ses-02/eeg/sub-10_ses-02_task-imagery_run-06_eeg.edf	validation_no_selection	790.2387114474928	False	1.788797492921746e-12	2.6592184257906336e-12	4.43410772087749e-12	6.069152995537848e-12
sub-10	03	01	sub-10/ses-03/run-01/tsv-row-1	1	right_hand	2	5.624	5.0	1406	2656	sub-10/ses-03/eeg/sub-10_ses-03_task-imagery_run-01_eeg.edf	test_exploratory	329.414325388348	False	1.0524359185094853e-12	1.7089023977779183e-12	4.553384426067983e-12	1.019507085175344e-11
sub-10	03	01	sub-10/ses-03/run-01/tsv-row-2	2	rest	1	12.52	5.0	3130	4380	sub-10/ses-03/eeg/sub-10_ses-03_task-imagery_run-01_eeg.edf	test_exploratory	93.52718283639028	False	1.2776960987034651e-12	1.4499302817601705e-12	4.491291264531115e-12	4.7545648212927314e-12
sub-10	03	01	sub-10/ses-03/run-01/tsv-row-3	3	right_hand	2	19.384	5.0	4846	6096	sub-10/ses-03/eeg/sub-10_ses-03_task-imagery_run-01_eeg.edf	test_exploratory	285.65105288857694	False	1.228182526335208e-12	1.534005720546525e-12	4.564117544264788e-12	5.9084724746386965e-12
sub-10	03	01	sub-10/ses-03/run-01/tsv-row-4	4	rest	1	26.296	5.0	6574	7824	sub-10/ses-03/eeg/sub-10_ses-03_task-imagery_run-01_eeg.edf	test_exploratory	73.04224677266762	False	1.329768820888775e-12	1.4713030900683913e-12	3.889451171012269e-12	4.922670509339898e-12
sub-10	03	01	sub-10/ses-03/run-01/tsv-row-5	5	rest	1	33.184	5.0	8296	9546	sub-10/ses-03/eeg/sub-10_ses-03_task-imagery_run-01_eeg.edf	test_exploratory	287.5133198034608	False	2.1533344602114734e-12	1.701815210299345e-12	7.454782785102185e-12	6.309220870347731e-12
sub-10	03	01	sub-10/ses-03/run-01/tsv-row-6	6	right_hand	2	40.052	5.0	10013	11263	sub-10/ses-03/eeg/sub-10_ses-03_task-imagery_run-01_eeg.edf	test_exploratory	114.2190374462111	False	1.4472764888362861e-12	1.387318094766796e-12	5.102830922600387e-12	6.598685838434885e-12
sub-10	03	01	sub-10/ses-03/run-01/tsv-row-7	7	rest	1	46.964	5.0	11741	12991	sub-10/ses-03/eeg/sub-10_ses-03_task-imagery_run-01_eeg.edf	test_exploratory	80.69823297830132	False	2.4408955328861357e-12	1.5813380023804065e-12	5.4292772896985e-12	5.729828069797406e-12
sub-10	03	01	sub-10/ses-03/run-01/tsv-row-8	8	right_hand	2	53.828	5.0	13457	14707	sub-10/ses-03/eeg/sub-10_ses-03_task-imagery_run-01_eeg.edf	test_exploratory	271.1667546617024	False	1.5394208881214245e-12	1.4895291905861603e-12	4.392927387012279e-12	6.452913715065117e-12
sub-10	03	01	sub-10/ses-03/run-01/tsv-row-9	9	right_hand	2	60.72	5.0	15180	16430	sub-10/ses-03/eeg/sub-10_ses-03_task-imagery_run-01_eeg.edf	test_exploratory	109.0460737937559	False	1.6360131754867078e-12	1.5157755385907248e-12	6.080619207835507e-12	6.29998134209577e-12
sub-10	03	01	sub-10/ses-03/run-01/tsv-row-10	10	rest	1	67.632	5.0	16908	18158	sub-10/ses-03/eeg/sub-10_ses-03_task-imagery_run-01_eeg.edf	test_exploratory	75.42181005279699	False	1.9135484013564275e-12	1.5839392816224413e-12	4.581074155229834e-12	4.983192581687427e-12
sub-10	03	01	sub-10/ses-03/run-01/tsv-row-11	11	rest	1	74.512	5.0	18628	19878	sub-10/ses-03/eeg/sub-10_ses-03_task-imagery_run-01_eeg.edf	test_exploratory	97.35517593920713	False	1.9424048715918817e-12	1.7076619691743591e-12	3.6461101215657385e-12	5.9864698375378136e-12
sub-10	03	01	sub-10/ses-03/run-01/tsv-row-12	12	right_hand	2	81.376	5.0	20344	21594	sub-10/ses-03/eeg/sub-10_ses-03_task-imagery_run-01_eeg.edf	test_exploratory	78.83596606341746	False	1.6654476305243427e-12	1.1288876748193948e-12	6.063907882898412e-12	4.919110190280255e-12
sub-10	03	01	sub-10/ses-03/run-01/tsv-row-13	13	rest	1	88.296	5.0	22074	23324	sub-10/ses-03/eeg/sub-10_ses-03_task-imagery_run-01_eeg.edf	test_exploratory	80.1809366130558	False	2.034482353903138e-12	1.7213608914927846e-12	6.5536989416003166e-12	5.373671104246985e-12
sub-10	03	01	sub-10/ses-03/run-01/tsv-row-14	14	right_hand	2	95.164	5.0	23791	25041	sub-10/ses-03/eeg/sub-10_ses-03_task-imagery_run-01_eeg.edf	test_exploratory	86.18157444990388	False	2.227030360834771e-12	1.8222992772855788e-12	6.847577834032882e-12	6.068873031361748e-12
sub-10	03	01	sub-10/ses-03/run-01/tsv-row-15	15	right_hand	2	102.044	5.0	25511	26761	sub-10/ses-03/eeg/sub-10_ses-03_task-imagery_run-01_eeg.edf	test_exploratory	317.4130497146519	False	2.714584951110971e-12	2.190790911083167e-12	7.868166184553097e-12	8.5638475989884e-12
sub-10	03	01	sub-10/ses-03/run-01/tsv-row-16	16	rest	1	108.956	5.0	27239	28489	sub-10/ses-03/eeg/sub-10_ses-03_task-imagery_run-01_eeg.edf	test_exploratory	273.856695760979	False	1.9145814543235654e-12	2.070479477400646e-12	8.517931505247015e-12	5.984610328565966e-12
sub-10	03	01	sub-10/ses-03/run-01/tsv-row-17	17	right_hand	2	115.832	5.0	28958	30208	sub-10/ses-03/eeg/sub-10_ses-03_task-imagery_run-01_eeg.edf	test_exploratory	187.05436567278053	False	2.019322780708558e-12	1.7161885233730756e-12	8.513562530875275e-12	6.477043026741886e-12
sub-10	03	01	sub-10/ses-03/run-01/tsv-row-18	18	rest	1	122.724	5.0	30681	31931	sub-10/ses-03/eeg/sub-10_ses-03_task-imagery_run-01_eeg.edf	test_exploratory	167.81094088564714	False	2.120911529291281e-12	1.5129461685386236e-12	6.420339061382091e-12	7.517410652302207e-12
sub-10	03	01	sub-10/ses-03/run-01/tsv-row-19	19	right_hand	2	129.608	5.0	32402	33652	sub-10/ses-03/eeg/sub-10_ses-03_task-imagery_run-01_eeg.edf	test_exploratory	281.82305978576	False	1.0509888406344964e-12	1.5585998684383465e-12	3.1014587276325787e-12	5.890210713117257e-12
sub-10	03	01	sub-10/ses-03/run-01/tsv-row-20	20	rest	1	136.504	5.0	34126	35376	sub-10/ses-03/eeg/sub-10_ses-03_task-imagery_run-01_eeg.edf	test_exploratory	73.55954313791315	False	1.924169038050542e-12	1.930604883874429e-12	5.1729912877185365e-12	5.7866256145609894e-12
sub-10	03	01	sub-10/ses-03/run-01/tsv-row-21	21	rest	1	143.392	5.0	35848	37098	sub-10/ses-03/eeg/sub-10_ses-03_task-imagery_run-01_eeg.edf	test_exploratory	88.8715155491806	False	2.2219096407282322e-12	1.8937610456574254e-12	5.422901851093465e-12	6.650850775782637e-12
sub-10	03	01	sub-10/ses-03/run-01/tsv-row-22	22	right_hand	2	150.276	5.0	37569	38819	sub-10/ses-03/eeg/sub-10_ses-03_task-imagery_run-01_eeg.edf	test_exploratory	88.56113773003327	False	1.7207440862136884e-12	1.8059437506552561e-12	4.396130567995065e-12	6.241985797552171e-12
sub-10	03	01	sub-10/ses-03/run-01/tsv-row-23	23	rest	1	157.172	5.0	39293	40543	sub-10/ses-03/eeg/sub-10_ses-03_task-imagery_run-01_eeg.edf	test_exploratory	80.18093661305585	False	1.9412903491660007e-12	1.763405000556595e-12	5.620573556726731e-12	6.133849314445484e-12
sub-10	03	01	sub-10/ses-03/run-01/tsv-row-24	24	right_hand	2	164.036	5.0	41009	42259	sub-10/ses-03/eeg/sub-10_ses-03_task-imagery_run-01_eeg.edf	test_exploratory	73.24916531876585	False	1.7301378842566187e-12	1.8281343792370383e-12	5.295634653621933e-12	6.960943296152851e-12
sub-10	03	01	sub-10/ses-03/run-01/tsv-row-25	25	rest	1	170.94	5.0	42735	43985	sub-10/ses-03/eeg/sub-10_ses-03_task-imagery_run-01_eeg.edf	test_exploratory	106.97688833277383	False	1.685019570098675e-12	1.986024719092552e-12	5.218365387594613e-12	5.693312570157141e-12
sub-10	03	01	sub-10/ses-03/run-01/tsv-row-26	26	right_hand	2	177.824	5.0	44456	45706	sub-10/ses-03/eeg/sub-10_ses-03_task-imagery_run-01_eeg.edf	test_exploratory	68.38657948545793	False	1.5437957650475286e-12	1.943067731032965e-12	4.877627115304121e-12	5.357281014014522e-12
sub-10	03	01	sub-10/ses-03/run-01/tsv-row-27	27	rest	1	184.72	5.0	46180	47430	sub-10/ses-03/eeg/sub-10_ses-03_task-imagery_run-01_eeg.edf	test_exploratory	78.21521042512285	False	2.0520763499054435e-12	2.6431891895714987e-12	5.666153961302226e-12	6.532630625160151e-12
sub-10	03	01	sub-10/ses-03/run-01/tsv-row-28	28	right_hand	2	191.584	5.0	47896	49146	sub-10/ses-03/eeg/sub-10_ses-03_task-imagery_run-01_eeg.edf	test_exploratory	99.73473921933652	False	1.4587159199557712e-12	1.6096643680304958e-12	4.52741027582956e-12	5.573984756688363e-12
sub-10	03	01	sub-10/ses-03/run-01/tsv-row-29	29	right_hand	2	198.488	5.0	49622	50872	sub-10/ses-03/eeg/sub-10_ses-03_task-imagery_run-01_eeg.edf	test_exploratory	87.63000427259134	False	2.0250439170791316e-12	1.7535713265696341e-12	6.209983564099726e-12	5.539724314736762e-12
sub-10	03	01	sub-10/ses-03/run-01/tsv-row-30	30	rest	1	205.384	5.0	51346	52596	sub-10/ses-03/eeg/sub-10_ses-03_task-imagery_run-01_eeg.edf	test_exploratory	74.18029877620779	False	2.9553345398975946e-12	2.280669257823432e-12	1.0979344163081606e-11	7.006468436805238e-12
sub-10	03	01	sub-10/ses-03/run-01/tsv-row-31	31	right_hand	2	212.252	5.0	53063	54313	sub-10/ses-03/eeg/sub-10_ses-03_task-imagery_run-01_eeg.edf	test_exploratory	69.93846858119448	False	1.6521602614967342e-12	1.4454347466360594e-12	5.229714825814659e-12	4.939558111328583e-12
sub-10	03	01	sub-10/ses-03/run-01/tsv-row-32	32	rest	1	219.164	5.0	54791	56041	sub-10/ses-03/eeg/sub-10_ses-03_task-imagery_run-01_eeg.edf	test_exploratory	297.3419507431256	False	1.7873269048230131e-12	2.9232425728183804e-12	4.970625120166159e-12	8.238060304663607e-12
sub-10	03	02	sub-10/ses-03/run-02/tsv-row-1	1	right_hand	2	5.48	5.0	1370	2620	sub-10/ses-03/eeg/sub-10_ses-03_task-imagery_run-02_eeg.edf	test_exploratory	341.438801965392	False	1.4339619702035155e-12	1.4701418322087622e-12	5.087177830523876e-12	6.289619909268529e-12
sub-10	03	02	sub-10/ses-03/run-02/tsv-row-2	2	rest	1	12.384	5.0	3096	4346	sub-10/ses-03/eeg/sub-10_ses-03_task-imagery_run-02_eeg.edf	test_exploratory	313.2322728049562	False	1.400408966152241e-12	1.4331045117077227e-12	4.348106095828063e-12	5.9077738984154295e-12
sub-10	03	02	sub-10/ses-03/run-02/tsv-row-3	3	rest	1	19.264	5.0	4816	6066	sub-10/ses-03/eeg/sub-10_ses-03_task-imagery_run-02_eeg.edf	test_exploratory	65.45888399914547	False	1.7269878487443498e-12	1.443864272768332e-12	5.046026918130954e-12	5.397751420858256e-12
sub-10	03	02	sub-10/ses-03/run-02/tsv-row-4	4	right_hand	2	26.148	5.0	6537	7787	sub-10/ses-03/eeg/sub-10_ses-03_task-imagery_run-02_eeg.edf	test_exploratory	334.2843762016664	False	9.414315792936971e-13	1.2250682440290864e-12	4.3019871896641585e-12	4.139952106515989e-12
sub-10	03	02	sub-10/ses-03/run-02/tsv-row-5	5	rest	1	33.044	5.0	8261	9511	sub-10/ses-03/eeg/sub-10_ses-03_task-imagery_run-02_eeg.edf	test_exploratory	79.93220508438368	False	1.9461986121979716e-12	1.7124491068580752e-12	7.406218589079476e-12	6.931873893117874e-12
sub-10	03	02	sub-10/ses-03/run-02/tsv-row-6	6	right_hand	2	39.916	5.0	9979	11229	sub-10/ses-03/eeg/sub-10_ses-03_task-imagery_run-02_eeg.edf	test_exploratory	82.23477889339887	False	1.255268870739572e-12	1.594538717208212e-12	5.050844936113763e-12	6.261035858784901e-12
sub-10	03	02	sub-10/ses-03/run-02/tsv-row-7	7	rest	1	46.832	5.0	11708	12958	sub-10/ses-03/eeg/sub-10_ses-03_task-imagery_run-02_eeg.edf	test_exploratory	484.77402157658616	False	1.500528957704216e-12	1.3901757974098873e-12	3.921527939691863e-12	6.451178286308192e-12
sub-10	03	02	sub-10/ses-03/run-02/tsv-row-8	8	right_hand	2	53.696	5.0	13424	14674	sub-10/ses-03/eeg/sub-10_ses-03_task-imagery_run-02_eeg.edf	test_exploratory	84.94852659688101	False	1.32042672826083e-12	1.6493562206720937e-12	3.705347819055075e-12	6.17979130825359e-12
sub-10	03	02	sub-10/ses-03/run-02/tsv-row-9	9	rest	1	60.592	5.0	15148	16398	sub-10/ses-03/eeg/sub-10_ses-03_task-imagery_run-02_eeg.edf	test_exploratory	78.86315295876949	False	1.7588468499949195e-12	1.3843958896465376e-12	4.907711723965701e-12	4.202610938273474e-12
sub-10	03	02	sub-10/ses-03/run-02/tsv-row-10	10	right_hand	2	67.472	5.0	16868	18118	sub-10/ses-03/eeg/sub-10_ses-03_task-imagery_run-02_eeg.edf	test_exploratory	501.4676816919461	False	1.252034730123491e-12	1.6124657323211753e-12	4.9543394610279264e-12	6.112210441956502e-12
sub-10	03	02	sub-10/ses-03/run-02/tsv-row-11	11	right_hand	2	74.364	5.0	18591	19841	sub-10/ses-03/eeg/sub-10_ses-03_task-imagery_run-02_eeg.edf	test_exploratory	264.71375325785084	False	1.1123907264436379e-12	1.3633733871646932e-12	3.902996259904246e-12	4.7843683139239175e-12
sub-10	03	02	sub-10/ses-03/run-02/tsv-row-12	12	rest	1	81.26	5.0	20315	21565	sub-10/ses-03/eeg/sub-10_ses-03_task-imagery_run-02_eeg.edf	test_exploratory	470.62963960692167	False	2.006561539641714e-12	1.74544580636352e-12	5.663135109379287e-12	5.929739550274763e-12
sub-10	03	02	sub-10/ses-03/run-02/tsv-row-13	13	right_hand	2	88.14	5.0	22035	23285	sub-10/ses-03/eeg/sub-10_ses-03_task-imagery_run-02_eeg.edf	test_exploratory	282.2297611621449	False	1.7220932774632765e-12	2.0552652951857063e-12	6.375399067763839e-12	7.455703808126768e-12
sub-10	03	02	sub-10/ses-03/run-02/tsv-row-14	14	rest	1	95.036	5.0	23759	25009	sub-10/ses-03/eeg/sub-10_ses-03_task-imagery_run-02_eeg.edf	test_exploratory	198.6792258064516	False	2.5094011043432298e-12	1.7928444304326759e-12	4.4687997849305435e-12	5.362378386962529e-12
sub-10	03	02	sub-10/ses-03/run-02/tsv-row-15	15	right_hand	2	101.908	5.0	25477	26727	sub-10/ses-03/eeg/sub-10_ses-03_task-imagery_run-02_eeg.edf	test_exploratory	378.1977481307413	False	1.1380532536669975e-12	1.734312794013519e-12	2.7005976558857898e-12	5.392648742865453e-12
sub-10	03	02	sub-10/ses-03/run-02/tsv-row-16	16	rest	1	108.82	5.0	27205	28455	sub-10/ses-03/eeg/sub-10_ses-03_task-imagery_run-02_eeg.edf	test_exploratory	328.5279416791284	False	1.887807019163205e-12	1.9013732904152202e-12	4.05413313281901e-12	5.272799500638774e-12
sub-10	03	02	sub-10/ses-03/run-02/tsv-row-17	17	right_hand	2	115.688	5.0	28922	30172	sub-10/ses-03/eeg/sub-10_ses-03_task-imagery_run-02_eeg.edf	test_exploratory	702.2027769707328	False	1.5321732242508385e-12	1.918883385774892e-12	4.343027729832415e-12	5.381808344057857e-12
sub-10	03	02	sub-10/ses-03/run-02/tsv-row-18	18	rest	1	122.584	5.0	30646	31896	sub-10/ses-03/eeg/sub-10_ses-03_task-imagery_run-02_eeg.edf	test_exploratory	411.1738944669942	False	1.1090378435025087e-12	1.6854326662000014e-12	3.4702179350087082e-12	5.152909635678626e-12
sub-10	03	02	sub-10/ses-03/run-02/tsv-row-19	19	right_hand	2	129.456	5.0	32364	33614	sub-10/ses-03/eeg/sub-10_ses-03_task-imagery_run-02_eeg.edf	test_exploratory	835.5053535569323	False	1.3913670516229496e-12	1.7280317003202254e-12	4.743664956767647e-12	5.783199200929582e-12
sub-10	03	02	sub-10/ses-03/run-02/tsv-row-20	20	rest	1	136.372	5.0	34093	35343	sub-10/ses-03/eeg/sub-10_ses-03_task-imagery_run-02_eeg.edf	test_exploratory	418.8217289040803	False	2.1951101491355466e-12	1.7396336219204621e-12	7.834274034198423e-12	5.820768150419522e-12
sub-10	03	02	sub-10/ses-03/run-02/tsv-row-21	21	right_hand	2	143.236	5.0	35809	37059	sub-10/ses-03/eeg/sub-10_ses-03_task-imagery_run-02_eeg.edf	test_exploratory	1294.1287154454176	False	1.7175623376739076e-12	1.7510835465930435e-12	5.3869090715156935e-12	5.653520133636441e-12
sub-10	03	02	sub-10/ses-03/run-02/tsv-row-22	22	rest	1	150.132	5.0	37533	38783	sub-10/ses-03/eeg/sub-10_ses-03_task-imagery_run-02_eeg.edf	test_exploratory	1322.8286532792138	False	1.2876664975640756e-12	1.942000895235709e-12	4.9530697208186015e-12	1.0825149144799229e-11
sub-10	03	02	sub-10/ses-03/run-02/tsv-row-23	23	right_hand	2	157.02	5.0	39255	40505	sub-10/ses-03/eeg/sub-10_ses-03_task-imagery_run-02_eeg.edf	test_exploratory	927.6905406964324	False	1.5311205927747948e-12	1.6623430096829717e-12	4.325260261272803e-12	6.498857033629317e-12
sub-10	03	02	sub-10/ses-03/run-02/tsv-row-24	24	rest	1	163.916	5.0	40979	42229	sub-10/ses-03/eeg/sub-10_ses-03_task-imagery_run-02_eeg.edf	test_exploratory	681.3973779107027	False	2.792408582819111e-12	1.6545685092391939e-12	7.17967257228225e-12	5.333116604830071e-12
sub-10	03	02	sub-10/ses-03/run-02/tsv-row-25	25	rest	1	170.8	5.0	42700	43950	sub-10/ses-03/eeg/sub-10_ses-03_task-imagery_run-02_eeg.edf	test_exploratory	1508.185844904935	False	1.6100304173209126e-12	1.7310412987961348e-12	5.30658939508638e-12	7.372060267003573e-12
sub-10	03	02	sub-10/ses-03/run-02/tsv-row-26	26	right_hand	2	177.68	5.0	44420	45670	sub-10/ses-03/eeg/sub-10_ses-03_task-imagery_run-02_eeg.edf	test_exploratory	1202.6014065370646	False	1.9583898986419734e-12	2.1671237082097368e-12	5.8590444243166185e-12	7.584578403783415e-12
sub-10	03	02	sub-10/ses-03/run-02/tsv-row-27	27	right_hand	2	184.568	5.0	46142	47392	sub-10/ses-03/eeg/sub-10_ses-03_task-imagery_run-02_eeg.edf	test_exploratory	696.4463424481949	False	1.520911217279173e-12	2.323222985131964e-12	5.157028488094554e-12	7.058160710823831e-12
sub-10	03	02	sub-10/ses-03/run-02/tsv-row-28	28	rest	1	191.464	5.0	47866	49116	sub-10/ses-03/eeg/sub-10_ses-03_task-imagery_run-02_eeg.edf	test_exploratory	524.4111850032044	False	1.6224791857292336e-12	1.9187570816305886e-12	4.45911339392994e-12	4.757794029178696e-12
sub-10	03	02	sub-10/ses-03/run-02/tsv-row-29	29	right_hand	2	198.348	5.0	49587	50837	sub-10/ses-03/eeg/sub-10_ses-03_task-imagery_run-02_eeg.edf	test_exploratory	164.71626212347792	False	1.5275635456220774e-12	1.9340789692519207e-12	3.2409229832705464e-12	6.415473139305927e-12
sub-10	03	02	sub-10/ses-03/run-02/tsv-row-30	30	rest	1	205.244	5.0	51311	52561	sub-10/ses-03/eeg/sub-10_ses-03_task-imagery_run-02_eeg.edf	test_exploratory	294.3182736594744	False	1.7885216474116162e-12	2.3798547205231666e-12	5.585892527559852e-12	6.1146669750831556e-12
sub-10	03	02	sub-10/ses-03/run-02/tsv-row-31	31	right_hand	2	212.116	5.0	53029	54279	sub-10/ses-03/eeg/sub-10_ses-03_task-imagery_run-02_eeg.edf	test_exploratory	496.45136017944884	False	2.483344452839086e-12	1.87344974489928e-12	7.809266111020163e-12	7.285909235063484e-12
sub-10	03	02	sub-10/ses-03/run-02/tsv-row-32	32	rest	1	219.028	5.0	54757	56007	sub-10/ses-03/eeg/sub-10_ses-03_task-imagery_run-02_eeg.edf	test_exploratory	178.86064409314247	False	2.870367075322442e-12	2.5304809945512673e-12	6.4842809252037635e-12	8.026680220873814e-12
sub-10	03	03	sub-10/ses-03/run-03/tsv-row-1	1	right_hand	2	7.044	5.0	1761	3011	sub-10/ses-03/eeg/sub-10_ses-03_task-imagery_run-03_eeg.edf	test_exploratory	280.3390789819025	False	2.4570111235565776e-12	2.0318368512577905e-12	4.854539385540554e-12	5.236798818155309e-12
sub-10	03	03	sub-10/ses-03/run-03/tsv-row-2	2	rest	1	13.956	5.0	3489	4739	sub-10/ses-03/eeg/sub-10_ses-03_task-imagery_run-03_eeg.edf	test_exploratory	79.90748467970828	False	8.822437190587209e-13	1.3370043928828465e-12	1.995680620273735e-12	4.033578378347431e-12
sub-10	03	03	sub-10/ses-03/run-03/tsv-row-3	3	right_hand	2	20.82	5.0	5205	6455	sub-10/ses-03/eeg/sub-10_ses-03_task-imagery_run-03_eeg.edf	test_exploratory	281.54432007812744	False	1.361599503618765e-12	1.5623265948901412e-12	5.087973058061427e-12	4.886610601545824e-12
sub-10	03	03	sub-10/ses-03/run-03/tsv-row-4	4	rest	1	27.728	5.0	6932	8182	sub-10/ses-03/eeg/sub-10_ses-03_task-imagery_run-03_eeg.edf	test_exploratory	160.53811401715146	False	1.6877329521462566e-12	1.2567965408128471e-12	4.879259307736568e-12	4.204211088998731e-12
sub-10	03	03	sub-10/ses-03/run-03/tsv-row-5	5	right_hand	2	34.608	5.0	8652	9902	sub-10/ses-03/eeg/sub-10_ses-03_task-imagery_run-03_eeg.edf	test_exploratory	117.1494345530564	False	1.4734756359734297e-12	1.6015273575556255e-12	5.2437484140170295e-12	5.5443048437288365e-12
sub-10	03	03	sub-10/ses-03/run-03/tsv-row-6	6	rest	1	41.504	5.0	10376	11626	sub-10/ses-03/eeg/sub-10_ses-03_task-imagery_run-03_eeg.edf	test_exploratory	91.4777992034669	False	1.3975738040483447e-12	1.2165942212840488e-12	4.7790854969636565e-12	3.8192422627602665e-12
sub-10	03	03	sub-10/ses-03/run-03/tsv-row-7	7	right_hand	2	48.368	5.0	12092	13342	sub-10/ses-03/eeg/sub-10_ses-03_task-imagery_run-03_eeg.edf	test_exploratory	104.13283071382796	False	1.5385477366830524e-12	1.7968866665547579e-12	3.9464555909491465e-12	6.081967229142233e-12
sub-10	03	03	sub-10/ses-03/run-03/tsv-row-8	8	rest	1	55.272	5.0	13818	15068	sub-10/ses-03/eeg/sub-10_ses-03_task-imagery_run-03_eeg.edf	test_exploratory	740.8617018494217	False	1.0460434177319295e-12	1.3996246220517444e-12	3.041174930928629e-12	4.960939293281876e-12
sub-10	03	03	sub-10/ses-03/run-03/tsv-row-9	9	right_hand	2	62.156	5.0	15539	16789	sub-10/ses-03/eeg/sub-10_ses-03_task-imagery_run-03_eeg.edf	test_exploratory	276.723355693228	False	1.936852804436383e-12	1.954426276438059e-12	3.96995909987697e-12	6.282831337281722e-12
sub-10	03	03	sub-10/ses-03/run-03/tsv-row-10	10	rest	1	69.052	5.0	17263	18513	sub-10/ses-03/eeg/sub-10_ses-03_task-imagery_run-03_eeg.edf	test_exploratory	135.58962332529677	False	1.7569217577736388e-12	1.304107457794656e-12	5.2911794189638185e-12	4.337332724135951e-12
sub-10	03	03	sub-10/ses-03/run-03/tsv-row-11	11	right_hand	2	75.916	5.0	18979	20229	sub-10/ses-03/eeg/sub-10_ses-03_task-imagery_run-03_eeg.edf	test_exploratory	445.33658505508595	False	1.9571700001045396e-12	1.9469638944829172e-12	5.1817768051913556e-12	6.441333431034401e-12
sub-10	03	03	sub-10/ses-03/run-03/tsv-row-12	12	rest	1	82.828	5.0	20707	21957	sub-10/ses-03/eeg/sub-10_ses-03_task-imagery_run-03_eeg.edf	test_exploratory	124.13983291116058	False	1.8326983356000206e-12	2.403401707216101e-12	6.865558312373397e-12	5.8528968550180125e-12
sub-10	03	03	sub-10/ses-03/run-03/tsv-row-13	13	right_hand	2	89.704	5.0	22426	23676	sub-10/ses-03/eeg/sub-10_ses-03_task-imagery_run-03_eeg.edf	test_exploratory	277.32597624134036	False	9.330242769695934e-13	1.91722852064249e-12	3.1521587460861956e-12	6.163380955485661e-12
sub-10	03	03	sub-10/ses-03/run-03/tsv-row-14	14	rest	1	96.6	5.0	24150	25400	sub-10/ses-03/eeg/sub-10_ses-03_task-imagery_run-03_eeg.edf	test_exploratory	119.07782030701618	False	1.8768962594531183e-12	1.995170287795617e-12	4.449723796800627e-12	6.763266818134617e-12
sub-10	03	03	sub-10/ses-03/run-03/tsv-row-15	15	rest	1	103.496	5.0	25874	27124	sub-10/ses-03/eeg/sub-10_ses-03_task-imagery_run-03_eeg.edf	test_exploratory	134.62543044831693	False	1.2256688705042305e-12	1.6016751080618457e-12	4.356531792605024e-12	5.719215786869025e-12
sub-10	03	03	sub-10/ses-03/run-03/tsv-row-16	16	right_hand	2	110.364	5.0	27591	28841	sub-10/ses-03/eeg/sub-10_ses-03_task-imagery_run-03_eeg.edf	test_exploratory	86.41578659932249	False	1.6101996724158714e-12	2.2440549588670364e-12	5.285085021001301e-12	7.649777148928108e-12
sub-10	03	03	sub-10/ses-03/run-03/tsv-row-17	17	rest	1	117.268	5.0	29317	30567	sub-10/ses-03/eeg/sub-10_ses-03_task-imagery_run-03_eeg.edf	test_exploratory	337.9496033814508	False	1.82198529952441e-12	2.1306479495870846e-12	4.7271250674185785e-12	5.561578526129958e-12
sub-10	03	03	sub-10/ses-03/run-03/tsv-row-18	18	right_hand	2	124.148	5.0	31037	32287	sub-10/ses-03/eeg/sub-10_ses-03_task-imagery_run-03_eeg.edf	test_exploratory	553.8082837153233	False	9.231407577938024e-13	1.6641250064425726e-12	2.7113823999796915e-12	5.923475303220209e-12
sub-10	03	03	sub-10/ses-03/run-03/tsv-row-19	19	rest	1	131.044	5.0	32761	34011	sub-10/ses-03/eeg/sub-10_ses-03_task-imagery_run-03_eeg.edf	test_exploratory	167.0464159367656	False	1.4669644895012805e-12	1.5280112026918046e-12	5.0126623517143136e-12	5.266368753275606e-12
sub-10	03	03	sub-10/ses-03/run-03/tsv-row-20	20	right_hand	2	137.908	5.0	34477	35727	sub-10/ses-03/eeg/sub-10_ses-03_task-imagery_run-03_eeg.edf	test_exploratory	298.17664720603045	False	1.2412639661413359e-12	2.235629965631419e-12	3.0264708354641633e-12	5.905199507850491e-12
sub-10	03	03	sub-10/ses-03/run-03/tsv-row-21	21	rest	1	144.828	5.0	36207	37457	sub-10/ses-03/eeg/sub-10_ses-03_task-imagery_run-03_eeg.edf	test_exploratory	3695.5102492446667	False	2.0966654172685867e-12	2.06809789693154e-12	6.879779649676499e-12	6.324749297359025e-12
sub-10	03	03	sub-10/ses-03/run-03/tsv-row-22	22	right_hand	2	151.696	5.0	37924	39174	sub-10/ses-03/eeg/sub-10_ses-03_task-imagery_run-03_eeg.edf	test_exploratory	660.8336930600909	False	1.5032579689920015e-12	2.2475216396307375e-12	3.651964471351041e-12	6.208387441603321e-12
sub-10	03	03	sub-10/ses-03/run-03/tsv-row-23	23	rest	1	158.592	5.0	39648	40898	sub-10/ses-03/eeg/sub-10_ses-03_task-imagery_run-03_eeg.edf	test_exploratory	197.29796745200963	False	2.233715451207575e-12	2.3556724989535467e-12	5.800285976254006e-12	6.716182064280392e-12
sub-10	03	03	sub-10/ses-03/run-03/tsv-row-24	24	right_hand	2	165.472	5.0	41368	42618	sub-10/ses-03/eeg/sub-10_ses-03_task-imagery_run-03_eeg.edf	test_exploratory	268.64824034852137	False	1.5133407141478291e-12	1.4976954755580252e-12	5.320544763948342e-12	4.998147706150831e-12
sub-10	03	03	sub-10/ses-03/run-03/tsv-row-25	25	rest	1	172.38	5.0	43095	44345	sub-10/ses-03/eeg/sub-10_ses-03_task-imagery_run-03_eeg.edf	test_exploratory	194.28486471144745	False	2.133757003658079e-12	1.7920355402483306e-12	5.120554106565052e-12	5.49855486265285e-12
sub-10	03	03	sub-10/ses-03/run-03/tsv-row-26	26	right_hand	2	179.244	5.0	44811	46061	sub-10/ses-03/eeg/sub-10_ses-03_task-imagery_run-03_eeg.edf	test_exploratory	4255.947358989227	False	1.3795501956092444e-12	1.8677032021056073e-12	6.3271277422410194e-12	5.821203009351421e-12
sub-10	03	03	sub-10/ses-03/run-03/tsv-row-27	27	rest	1	186.156	5.0	46539	47789	sub-10/ses-03/eeg/sub-10_ses-03_task-imagery_run-03_eeg.edf	test_exploratory	301.792370494705	False	1.7901815772882183e-12	1.6166347718415715e-12	4.980072896474512e-12	5.862929225376497e-12
sub-10	03	03	sub-10/ses-03/run-03/tsv-row-28	28	right_hand	2	193.02	5.0	48255	49505	sub-10/ses-03/eeg/sub-10_ses-03_task-imagery_run-03_eeg.edf	test_exploratory	572.9716171452986	False	1.3543869798194585e-12	1.8504294398077054e-12	4.114893673823378e-12	6.516282980426632e-12
sub-10	03	03	sub-10/ses-03/run-03/tsv-row-29	29	right_hand	2	199.912	5.0	49978	51228	sub-10/ses-03/eeg/sub-10_ses-03_task-imagery_run-03_eeg.edf	test_exploratory	3460.3677113711965	False	2.2553942601593036e-12	1.904681653557119e-12	6.4610180809544435e-12	6.456365030256954e-12
sub-10	03	03	sub-10/ses-03/run-03/tsv-row-30	30	rest	1	206.808	5.0	51702	52952	sub-10/ses-03/eeg/sub-10_ses-03_task-imagery_run-03_eeg.edf	test_exploratory	853.792792565691	False	2.399843850551901e-12	2.035647968756057e-12	5.5858118472086486e-12	5.407230064939062e-12
sub-10	03	03	sub-10/ses-03/run-03/tsv-row-31	31	right_hand	2	213.688	5.0	53422	54672	sub-10/ses-03/eeg/sub-10_ses-03_task-imagery_run-03_eeg.edf	test_exploratory	695.6651607409894	False	1.8843911153942775e-12	1.6700030115927829e-12	4.974223064497606e-12	6.257970733536461e-12
sub-10	03	03	sub-10/ses-03/run-03/tsv-row-32	32	rest	1	220.584	5.0	55146	56396	sub-10/ses-03/eeg/sub-10_ses-03_task-imagery_run-03_eeg.edf	test_exploratory	241.89188801232945	False	1.377197242091622e-12	2.438787394990137e-12	3.5023860058985665e-12	7.326901294347515e-12
sub-10	03	04	sub-10/ses-03/run-04/tsv-row-1	1	rest	1	5.776	5.0	1444	2694	sub-10/ses-03/eeg/sub-10_ses-03_task-imagery_run-04_eeg.edf	test_exploratory	116.15679143650625	False	1.6209140904687219e-12	1.7179970727306652e-12	5.0726442475711704e-12	9.972852276263628e-12
sub-10	03	04	sub-10/ses-03/run-04/tsv-row-2	2	right_hand	2	12.644	5.0	3161	4411	sub-10/ses-03/eeg/sub-10_ses-03_task-imagery_run-04_eeg.edf	test_exploratory	296.07624710837126	False	1.0651893762560068e-12	1.6270269761003478e-12	2.8254238076054783e-12	7.106222556698196e-12
sub-10	03	04	sub-10/ses-03/run-04/tsv-row-3	3	rest	1	19.556	5.0	4889	6139	sub-10/ses-03/eeg/sub-10_ses-03_task-imagery_run-04_eeg.edf	test_exploratory	187.66324176763203	False	2.01398084381829e-12	1.886740835487565e-12	6.332326795949562e-12	6.0476697678074005e-12
sub-10	03	04	sub-10/ses-03/run-04/tsv-row-4	4	right_hand	2	26.42	5.0	6605	7855	sub-10/ses-03/eeg/sub-10_ses-03_task-imagery_run-04_eeg.edf	test_exploratory	293.00070085757005	False	1.203463470932706e-12	1.4384612636388755e-12	6.123881460244522e-12	5.606145363062062e-12
sub-10	03	04	sub-10/ses-03/run-04/tsv-row-5	5	right_hand	2	33.312	5.0	8328	9578	sub-10/ses-03/eeg/sub-10_ses-03_task-imagery_run-04_eeg.edf	test_exploratory	231.81929865413372	False	1.0972347009586323e-12	1.465545985008338e-12	4.192462473955262e-12	5.06671774873551e-12
sub-10	03	04	sub-10/ses-03/run-04/tsv-row-6	6	rest	1	40.22	5.0	10055	11305	sub-10/ses-03/eeg/sub-10_ses-03_task-imagery_run-04_eeg.edf	test_exploratory	85.34640845973084	False	2.28239012207287e-12	1.611059827194818e-12	5.967585039405228e-12	4.2896489191891715e-12
sub-10	03	04	sub-10/ses-03/run-04/tsv-row-7	7	right_hand	2	47.088	5.0	11772	13022	sub-10/ses-03/eeg/sub-10_ses-03_task-imagery_run-04_eeg.edf	test_exploratory	192.88068630024108	False	1.6412795373715285e-12	1.3753526832690854e-12	5.82159167878081e-12	4.273015691142351e-12
sub-10	03	04	sub-10/ses-03/run-04/tsv-row-8	8	rest	1	53.984	5.0	13496	14746	sub-10/ses-03/eeg/sub-10_ses-03_task-imagery_run-04_eeg.edf	test_exploratory	107.91872112186043	False	1.9752138284585874e-12	1.6208847993301428e-12	4.930626194856428e-12	5.032762287401385e-12
sub-10	03	04	sub-10/ses-03/run-04/tsv-row-9	9	rest	1	60.872	5.0	15218	16468	sub-10/ses-03/eeg/sub-10_ses-03_task-imagery_run-04_eeg.edf	test_exploratory	343.85705493331704	False	2.4084468529388367e-12	1.7050388743454858e-12	6.144882148590947e-12	5.881189454421559e-12
sub-10	03	04	sub-10/ses-03/run-04/tsv-row-10	10	right_hand	2	67.756	5.0	16939	18189	sub-10/ses-03/eeg/sub-10_ses-03_task-imagery_run-04_eeg.edf	test_exploratory	168.49599816888946	False	1.1225198288082124e-12	1.6348754111018892e-12	3.2043027093282615e-12	5.3607606446536735e-12
sub-10	03	04	sub-10/ses-03/run-04/tsv-row-11	11	right_hand	2	74.636	5.0	18659	19909	sub-10/ses-03/eeg/sub-10_ses-03_task-imagery_run-04_eeg.edf	test_exploratory	456.99322058778654	False	9.87269632831322e-13	2.0431422818175118e-12	3.545798640238761e-12	5.173440210366628e-12
sub-10	03	04	sub-10/ses-03/run-04/tsv-row-12	12	rest	1	81.532	5.0	20383	21633	sub-10/ses-03/eeg/sub-10_ses-03_task-imagery_run-04_eeg.edf	test_exploratory	97.64859346293528	False	2.0507503603898014e-12	1.6892034186836481e-12	4.842700824092545e-12	5.499631574425182e-12
sub-10	03	04	sub-10/ses-03/run-04/tsv-row-13	13	rest	1	88.436	5.0	22109	23359	sub-10/ses-03/eeg/sub-10_ses-03_task-imagery_run-04_eeg.edf	test_exploratory	70.13343861201818	False	2.0140756296791957e-12	2.2568161590369206e-12	7.36178516367813e-12	5.55749164293988e-12
sub-10	03	04	sub-10/ses-03/run-04/tsv-row-14	14	right_hand	2	95.304	5.0	23826	25076	sub-10/ses-03/eeg/sub-10_ses-03_task-imagery_run-04_eeg.edf	test_exploratory	279.7648678853725	False	1.6689427013672048e-12	1.5886092897695306e-12	4.086061321654541e-12	5.0204162581843346e-12
sub-10	03	04	sub-10/ses-03/run-04/tsv-row-15	15	rest	1	102.2	5.0	25550	26800	sub-10/ses-03/eeg/sub-10_ses-03_task-imagery_run-04_eeg.edf	test_exploratory	82.76514642780847	False	1.892456361699288e-12	1.7419300311609618e-12	4.66454129419984e-12	5.88182027771408e-12
sub-10	03	04	sub-10/ses-03/run-04/tsv-row-16	16	right_hand	2	109.08	5.0	27270	28520	sub-10/ses-03/eeg/sub-10_ses-03_task-imagery_run-04_eeg.edf	test_exploratory	119.39709909360026	False	1.9552543523776615e-12	1.7566468074220222e-12	5.511113162908843e-12	5.4635400179472186e-12
sub-10	03	04	sub-10/ses-03/run-04/tsv-row-17	17	right_hand	2	115.968	5.0	28992	30242	sub-10/ses-03/eeg/sub-10_ses-03_task-imagery_run-04_eeg.edf	test_exploratory	930.4076613361003	False	1.666963127788431e-12	1.3910104088602217e-12	5.119800576370915e-12	4.9891735268664166e-12
sub-10	03	04	sub-10/ses-03/run-04/tsv-row-18	18	rest	1	122.864	5.0	30716	31966	sub-10/ses-03/eeg/sub-10_ses-03_task-imagery_run-04_eeg.edf	test_exploratory	128.89834018982512	False	1.9648683230125985e-12	1.3997527567346535e-12	6.006990403944315e-12	4.98164880702079e-12
sub-10	03	04	sub-10/ses-03/run-04/tsv-row-19	19	rest	1	129.764	5.0	32441	33691	sub-10/ses-03/eeg/sub-10_ses-03_task-imagery_run-04_eeg.edf	test_exploratory	287.28897210608227	False	1.521257470006895e-12	2.9194722141860085e-12	5.6755060606976995e-12	7.50190613180887e-12
sub-10	03	04	sub-10/ses-03/run-04/tsv-row-20	20	right_hand	2	136.628	5.0	34157	35407	sub-10/ses-03/eeg/sub-10_ses-03_task-imagery_run-04_eeg.edf	test_exploratory	143.78178722495196	False	1.398993095500569e-12	1.2370229399598758e-12	5.005148871515278e-12	4.360336599061724e-12
sub-10	03	04	sub-10/ses-03/run-04/tsv-row-21	21	rest	1	143.532	5.0	35883	37133	sub-10/ses-03/eeg/sub-10_ses-03_task-imagery_run-04_eeg.edf	test_exploratory	276.3597988219856	False	1.8268888360796176e-12	2.3919753386885174e-12	5.239911110924878e-12	6.772572521654272e-12
sub-10	03	04	sub-10/ses-03/run-04/tsv-row-22	22	right_hand	2	150.416	5.0	37604	38854	sub-10/ses-03/eeg/sub-10_ses-03_task-imagery_run-04_eeg.edf	test_exploratory	85.730851741081	False	1.477231437423346e-12	2.040695128110534e-12	6.0047454760428765e-12	6.28391679124986e-12
sub-10	03	04	sub-10/ses-03/run-04/tsv-row-23	23	rest	1	157.312	5.0	39328	40578	sub-10/ses-03/eeg/sub-10_ses-03_task-imagery_run-04_eeg.edf	test_exploratory	116.32155284279915	False	1.7728108569734608e-12	2.3181923542981496e-12	4.406485469645252e-12	7.212818830917423e-12
sub-10	03	04	sub-10/ses-03/run-04/tsv-row-24	24	right_hand	2	164.176	5.0	41044	42294	sub-10/ses-03/eeg/sub-10_ses-03_task-imagery_run-04_eeg.edf	test_exploratory	413.27652745139926	False	1.7723106624621918e-12	2.103401780610334e-12	5.01395713482373e-12	7.12355615250721e-12
sub-10	03	04	sub-10/ses-03/run-04/tsv-row-25	25	right_hand	2	171.072	5.0	42768	44018	sub-10/ses-03/eeg/sub-10_ses-03_task-imagery_run-04_eeg.edf	test_exploratory	181.73183114108704	False	2.1867062987103196e-12	2.1042770976979615e-12	4.973447145760213e-12	7.321373545860549e-12
sub-10	03	04	sub-10/ses-03/run-04/tsv-row-26	26	rest	1	177.976	5.0	44494	45744	sub-10/ses-03/eeg/sub-10_ses-03_task-imagery_run-04_eeg.edf	test_exploratory	94.73780861842708	False	2.1726030337485477e-12	2.0085242744281836e-12	6.040739436158595e-12	6.3066103375441925e-12
sub-10	03	04	sub-10/ses-03/run-04/tsv-row-27	27	right_hand	2	184.844	5.0	46211	47461	sub-10/ses-03/eeg/sub-10_ses-03_task-imagery_run-04_eeg.edf	test_exploratory	105.00793627735223	False	1.5615286310383992e-12	1.9618523717062507e-12	5.892977745676554e-12	7.732254869943559e-12
sub-10	03	04	sub-10/ses-03/run-04/tsv-row-28	28	rest	1	191.756	5.0	47939	49189	sub-10/ses-03/eeg/sub-10_ses-03_task-imagery_run-04_eeg.edf	test_exploratory	86.60957924130986	False	2.0825186304622027e-12	2.112689900751531e-12	4.800081049856574e-12	6.150696186226147e-12
sub-10	03	04	sub-10/ses-03/run-04/tsv-row-29	29	right_hand	2	198.62	5.0	49655	50905	sub-10/ses-03/eeg/sub-10_ses-03_task-imagery_run-04_eeg.edf	test_exploratory	157.34714300973542	False	1.608186767115851e-12	2.170567739865143e-12	5.395256148627635e-12	6.699797447917e-12
sub-10	03	04	sub-10/ses-03/run-04/tsv-row-30	30	rest	1	205.524	5.0	51381	52631	sub-10/ses-03/eeg/sub-10_ses-03_task-imagery_run-04_eeg.edf	test_exploratory	1797.7117040620137	False	2.3988761466101934e-12	1.893581156834836e-12	5.21059903964721e-12	5.8400887978701195e-12
sub-10	03	04	sub-10/ses-03/run-04/tsv-row-31	31	right_hand	2	212.392	5.0	53098	54348	sub-10/ses-03/eeg/sub-10_ses-03_task-imagery_run-04_eeg.edf	test_exploratory	223.58122833948786	False	3.584398924986751e-12	2.7654175877309647e-12	8.676649100935886e-12	8.006853458340898e-12
sub-10	03	04	sub-10/ses-03/run-04/tsv-row-32	32	rest	1	219.304	5.0	54826	56076	sub-10/ses-03/eeg/sub-10_ses-03_task-imagery_run-04_eeg.edf	test_exploratory	135.54371691030613	False	1.7741398729762724e-12	2.2298286543647167e-12	4.335881103077683e-12	7.203868129435731e-12
sub-10	03	05	sub-10/ses-03/run-05/tsv-row-1	1	right_hand	2	5.028	5.0	1257	2507	sub-10/ses-03/eeg/sub-10_ses-03_task-imagery_run-05_eeg.edf	test_exploratory	118.8656882992035	False	1.0796931406386401e-12	1.5937556267250379e-12	3.3149785947022625e-12	7.090111240792296e-12
sub-10	03	05	sub-10/ses-03/run-05/tsv-row-2	2	rest	1	11.94	5.0	2985	4235	sub-10/ses-03/eeg/sub-10_ses-03_task-imagery_run-05_eeg.edf	test_exploratory	271.5981369518113	False	1.352859354210695e-12	1.7163754625639336e-12	4.010189515776628e-12	5.164085165242068e-12
sub-10	03	05	sub-10/ses-03/run-05/tsv-row-3	3	right_hand	2	18.804	5.0	4701	5951	sub-10/ses-03/eeg/sub-10_ses-03_task-imagery_run-05_eeg.edf	test_exploratory	304.74047462385937	False	1.5998336313369018e-12	1.8448990109462383e-12	4.9978004107488984e-12	5.2660933890300416e-12
sub-10	03	05	sub-10/ses-03/run-05/tsv-row-4	4	rest	1	25.7	5.0	6425	7675	sub-10/ses-03/eeg/sub-10_ses-03_task-imagery_run-05_eeg.edf	test_exploratory	106.06755426190986	False	2.00996830516071e-12	1.984724880185908e-12	6.420180437001749e-12	6.127859592295551e-12
sub-10	03	05	sub-10/ses-03/run-05/tsv-row-5	5	rest	1	32.6	5.0	8150	9400	sub-10/ses-03/eeg/sub-10_ses-03_task-imagery_run-05_eeg.edf	test_exploratory	79.38465216528829	False	1.4165926156107545e-12	1.2993423619149696e-12	3.768779942063376e-12	3.7994136473832625e-12
sub-10	03	05	sub-10/ses-03/run-05/tsv-row-6	6	right_hand	2	39.472	5.0	9868	11118	sub-10/ses-03/eeg/sub-10_ses-03_task-imagery_run-05_eeg.edf	test_exploratory	197.58628633991512	False	1.017143062787849e-12	1.429585383102676e-12	4.079419314042517e-12	5.823719479517995e-12
sub-10	03	05	sub-10/ses-03/run-05/tsv-row-7	7	rest	1	46.368	5.0	11592	12842	sub-10/ses-03/eeg/sub-10_ses-03_task-imagery_run-05_eeg.edf	test_exploratory	82.04086866359444	False	1.2904693361246617e-12	2.2833926492061384e-12	2.821467742048499e-12	6.626237233063922e-12
sub-10	03	05	sub-10/ses-03/run-05/tsv-row-8	8	right_hand	2	53.252	5.0	13313	14563	sub-10/ses-03/eeg/sub-10_ses-03_task-imagery_run-05_eeg.edf	test_exploratory	525.8704981078524	False	1.1472185418707313e-12	1.5620601546374904e-12	3.964468635773155e-12	4.963199690084828e-12
sub-10	03	05	sub-10/ses-03/run-05/tsv-row-9	9	right_hand	2	60.132	5.0	15033	16283	sub-10/ses-03/eeg/sub-10_ses-03_task-imagery_run-05_eeg.edf	test_exploratory	146.39375019074066	False	1.0753282817384427e-12	1.324470228927632e-12	2.6246638103725597e-12	4.170003894884895e-12
sub-10	03	05	sub-10/ses-03/run-05/tsv-row-10	10	rest	1	67.036	5.0	16759	18009	sub-10/ses-03/eeg/sub-10_ses-03_task-imagery_run-05_eeg.edf	test_exploratory	99.36664445936462	False	1.5651022247064758e-12	2.316219075507414e-12	5.108695532008357e-12	5.861401476275941e-12
sub-10	03	05	sub-10/ses-03/run-05/tsv-row-11	11	rest	1	73.932	5.0	18483	19733	sub-10/ses-03/eeg/sub-10_ses-03_task-imagery_run-05_eeg.edf	test_exploratory	80.59202330088196	False	1.4619873773399847e-12	1.4901487453988625e-12	4.388047381922563e-12	4.7469058716043675e-12
sub-10	03	05	sub-10/ses-03/run-05/tsv-row-12	12	right_hand	2	80.796	5.0	20199	21449	sub-10/ses-03/eeg/sub-10_ses-03_task-imagery_run-05_eeg.edf	test_exploratory	96.10674239326153	False	1.718416979924942e-12	1.900464971485047e-12	5.165395576709645e-12	6.153101435391232e-12
sub-10	03	05	sub-10/ses-03/run-05/tsv-row-13	13	rest	1	87.696	5.0	21924	23174	sub-10/ses-03/eeg/sub-10_ses-03_task-imagery_run-05_eeg.edf	test_exploratory	80.41091763054294	False	1.9782429625116253e-12	2.4919045774806643e-12	4.8066249802145e-12	6.348691082649082e-12
sub-10	03	05	sub-10/ses-03/run-05/tsv-row-14	14	right_hand	2	94.584	5.0	23646	24896	sub-10/ses-03/eeg/sub-10_ses-03_task-imagery_run-05_eeg.edf	test_exploratory	99.78922435682237	False	1.9963272226532897e-12	2.0371329080407217e-12	5.263150207406137e-12	5.16178936553701e-12
sub-10	03	05	sub-10/ses-03/run-05/tsv-row-15	15	rest	1	101.48	5.0	25370	26620	sub-10/ses-03/eeg/sub-10_ses-03_task-imagery_run-05_eeg.edf	test_exploratory	176.33655435346537	False	1.8088319925502743e-12	1.819120230736641e-12	5.7849249885235544e-12	5.90967302921505e-12
sub-10	03	05	sub-10/ses-03/run-05/tsv-row-16	16	right_hand	2	108.344	5.0	27086	28336	sub-10/ses-03/eeg/sub-10_ses-03_task-imagery_run-05_eeg.edf	test_exploratory	104.0753918881802	False	1.7131862022193409e-12	2.156325444316472e-12	6.0016571097140105e-12	6.544772517260473e-12
sub-10	03	05	sub-10/ses-03/run-05/tsv-row-17	17	rest	1	115.256	5.0	28814	30064	sub-10/ses-03/eeg/sub-10_ses-03_task-imagery_run-05_eeg.edf	test_exploratory	349.7150494247261	False	1.90521269146042e-12	1.8941557737880952e-12	5.004336085361564e-12	5.336502235837042e-12
sub-10	03	05	sub-10/ses-03/run-05/tsv-row-18	18	right_hand	2	122.132	5.0	30533	31783	sub-10/ses-03/eeg/sub-10_ses-03_task-imagery_run-05_eeg.edf	test_exploratory	958.6526816614278	False	1.55290349584037e-12	1.6987133052315434e-12	5.7535480064023665e-12	6.645773809214543e-12
sub-10	03	05	sub-10/ses-03/run-05/tsv-row-19	19	rest	1	129.028	5.0	32257	33507	sub-10/ses-03/eeg/sub-10_ses-03_task-imagery_run-05_eeg.edf	test_exploratory	116.450946028016	False	1.7367126796552985e-12	2.2296880124173934e-12	5.556240397544673e-12	7.2595599335292166e-12
sub-10	03	05	sub-10/ses-03/run-05/tsv-row-20	20	right_hand	2	135.892	5.0	33973	35223	sub-10/ses-03/eeg/sub-10_ses-03_task-imagery_run-05_eeg.edf	test_exploratory	236.7051111331523	False	1.6343891512877114e-12	2.321048392962222e-12	4.180519271810362e-12	6.7918262405044755e-12
sub-10	03	05	sub-10/ses-03/run-05/tsv-row-21	21	rest	1	142.804	5.0	35701	36951	sub-10/ses-03/eeg/sub-10_ses-03_task-imagery_run-05_eeg.edf	test_exploratory	231.03046679586168	False	2.1379459933773956e-12	2.3302513474810097e-12	6.8649136336614394e-12	6.91129994716619e-12
sub-10	03	05	sub-10/ses-03/run-05/tsv-row-22	22	right_hand	2	149.68	5.0	37420	38670	sub-10/ses-03/eeg/sub-10_ses-03_task-imagery_run-05_eeg.edf	test_exploratory	176.3969229102451	False	1.0655587936836982e-12	1.3546995945339536e-12	5.341156552410251e-12	5.1803574252127475e-12
sub-10	03	05	sub-10/ses-03/run-05/tsv-row-23	23	right_hand	2	156.56	5.0	39140	40390	sub-10/ses-03/eeg/sub-10_ses-03_task-imagery_run-05_eeg.edf	test_exploratory	798.4949005249184	False	1.9027235163957664e-12	1.9039430366963126e-12	5.361709793536996e-12	6.399594341231661e-12
sub-10	03	05	sub-10/ses-03/run-05/tsv-row-24	24	rest	1	163.472	5.0	40868	42118	sub-10/ses-03/eeg/sub-10_ses-03_task-imagery_run-05_eeg.edf	test_exploratory	316.15013185522025	False	1.9168074281655208e-12	1.933823363603559e-12	3.895130192379652e-12	6.7417988499652725e-12
sub-10	03	05	sub-10/ses-03/run-05/tsv-row-25	25	right_hand	2	170.336	5.0	42584	43834	sub-10/ses-03/eeg/sub-10_ses-03_task-imagery_run-05_eeg.edf	test_exploratory	121.28043057039092	False	2.031502217225639e-12	2.0461859955396474e-12	6.152327775156808e-12	7.69656546478304e-12
sub-10	03	05	sub-10/ses-03/run-05/tsv-row-26	26	rest	1	177.24	5.0	44310	45560	sub-10/ses-03/eeg/sub-10_ses-03_task-imagery_run-05_eeg.edf	test_exploratory	90.67357228308964	False	1.3687270395693957e-12	2.034841632039053e-12	4.410664040105234e-12	6.398731989708115e-12
sub-10	03	05	sub-10/ses-03/run-05/tsv-row-27	27	right_hand	2	184.124	5.0	46031	47281	sub-10/ses-03/eeg/sub-10_ses-03_task-imagery_run-05_eeg.edf	test_exploratory	467.7959464857936	False	2.2645732887467952e-12	2.44993225415402e-12	5.526266794619434e-12	7.177317478425801e-12
sub-10	03	05	sub-10/ses-03/run-05/tsv-row-28	28	rest	1	191.02	5.0	47755	49005	sub-10/ses-03/eeg/sub-10_ses-03_task-imagery_run-05_eeg.edf	test_exploratory	118.0808970610675	False	2.1763532834266387e-12	2.753988665444676e-12	5.630254156835234e-12	8.227722909039466e-12
sub-10	03	05	sub-10/ses-03/run-05/tsv-row-29	29	rest	1	197.9	5.0	49475	50725	sub-10/ses-03/eeg/sub-10_ses-03_task-imagery_run-05_eeg.edf	test_exploratory	387.50576596881007	False	2.183836019940651e-12	1.959760913589175e-12	5.6793465783999555e-12	6.336119970901851e-12
sub-10	03	05	sub-10/ses-03/run-05/tsv-row-30	30	right_hand	2	204.792	5.0	51198	52448	sub-10/ses-03/eeg/sub-10_ses-03_task-imagery_run-05_eeg.edf	test_exploratory	525.6893924375133	False	1.5417947442708325e-12	1.8465420225500916e-12	4.656021819502359e-12	5.714499642538838e-12
sub-10	03	05	sub-10/ses-03/run-05/tsv-row-31	31	right_hand	2	211.672	5.0	52918	54168	sub-10/ses-03/eeg/sub-10_ses-03_task-imagery_run-05_eeg.edf	test_exploratory	282.22300294503617	False	2.341749239360457e-12	2.428061787600365e-12	6.1329324672263565e-12	7.598713687368306e-12
sub-10	03	05	sub-10/ses-03/run-05/tsv-row-32	32	rest	1	218.568	5.0	54642	55892	sub-10/ses-03/eeg/sub-10_ses-03_task-imagery_run-05_eeg.edf	test_exploratory	167.160533722953	False	2.501639769134227e-12	2.3004799223689334e-12	8.465740365159102e-12	6.632089420361384e-12
sub-10	03	06	sub-10/ses-03/run-06/tsv-row-1	1	right_hand	2	5.004	5.0	1251	2501	sub-10/ses-03/eeg/sub-10_ses-03_task-imagery_run-06_eeg.edf	test_exploratory	325.7685366374706	False	1.065395006809722e-12	1.3383580667845228e-12	3.852888301381865e-12	9.880386512472148e-12
sub-10	03	06	sub-10/ses-03/run-06/tsv-row-2	2	rest	1	11.916	5.0	2979	4229	sub-10/ses-03/eeg/sub-10_ses-03_task-imagery_run-06_eeg.edf	test_exploratory	271.27161920529795	False	1.718865196061498e-12	1.7062190486558501e-12	4.61943373166721e-12	6.803395168564003e-12
sub-10	03	06	sub-10/ses-03/run-06/tsv-row-3	3	right_hand	2	18.78	5.0	4695	5945	sub-10/ses-03/eeg/sub-10_ses-03_task-imagery_run-06_eeg.edf	test_exploratory	731.50631777398	False	9.593006968263188e-13	1.205862431752412e-12	2.8775248777971496e-12	5.3312643960181324e-12
sub-10	03	06	sub-10/ses-03/run-06/tsv-row-4	4	rest	1	25.676	5.0	6419	7669	sub-10/ses-03/eeg/sub-10_ses-03_task-imagery_run-06_eeg.edf	test_exploratory	121.21015498825032	False	2.2197006952239225e-12	1.445801599848265e-12	6.7861310168472e-12	4.760487815083814e-12
sub-10	03	06	sub-10/ses-03/run-06/tsv-row-5	5	right_hand	2	32.552	5.0	8138	9388	sub-10/ses-03/eeg/sub-10_ses-03_task-imagery_run-06_eeg.edf	test_exploratory	298.5633982055116	False	9.477614395176945e-13	1.6147657829204525e-12	5.234556821365527e-12	5.84493620312092e-12
sub-10	03	06	sub-10/ses-03/run-06/tsv-row-6	6	rest	1	39.464	5.0	9866	11116	sub-10/ses-03/eeg/sub-10_ses-03_task-imagery_run-06_eeg.edf	test_exploratory	119.13078135013888	False	1.2949848138004329e-12	2.241829573554485e-12	4.16329530503114e-12	6.554516448907062e-12
sub-10	03	06	sub-10/ses-03/run-06/tsv-row-7	7	rest	1	46.344	5.0	11586	12836	sub-10/ses-03/eeg/sub-10_ses-03_task-imagery_run-06_eeg.edf	test_exploratory	109.25375656910916	False	1.2808341137474084e-12	1.8327394610905984e-12	4.456759353391674e-12	7.526119360489751e-12
sub-10	03	06	sub-10/ses-03/run-06/tsv-row-8	8	right_hand	2	53.208	5.0	13302	14552	sub-10/ses-03/eeg/sub-10_ses-03_task-imagery_run-06_eeg.edf	test_exploratory	181.16542822046566	False	1.0105371849231252e-12	1.2511716142553196e-12	3.678473077885974e-12	4.498254446613235e-12
sub-10	03	06	sub-10/ses-03/run-06/tsv-row-9	9	right_hand	2	60.108	5.0	15027	16277	sub-10/ses-03/eeg/sub-10_ses-03_task-imagery_run-06_eeg.edf	test_exploratory	78.409714270455	False	1.2432379540926783e-12	1.5553213488099854e-12	4.5471012799079e-12	5.70900612375529e-12
sub-10	03	06	sub-10/ses-03/run-06/tsv-row-10	10	rest	1	67.012	5.0	16753	18003	sub-10/ses-03/eeg/sub-10_ses-03_task-imagery_run-06_eeg.edf	test_exploratory	123.63609089938052	False	1.2904398323738608e-12	1.475133428593614e-12	3.1469491454733142e-12	5.062007046089966e-12
sub-10	03	06	sub-10/ses-03/run-06/tsv-row-11	11	right_hand	2	73.876	5.0	18469	19719	sub-10/ses-03/eeg/sub-10_ses-03_task-imagery_run-06_eeg.edf	test_exploratory	72.08495278786586	False	1.4628994732254844e-12	1.1507441641917968e-12	5.044225795810634e-12	4.268312800340776e-12
sub-10	03	06	sub-10/ses-03/run-06/tsv-row-12	12	rest	1	80.788	5.0	20197	21447	sub-10/ses-03/eeg/sub-10_ses-03_task-imagery_run-06_eeg.edf	test_exploratory	70.17886028626367	False	1.977016484819043e-12	1.9911042309533973e-12	5.65867001716322e-12	5.971961443321395e-12
sub-10	03	06	sub-10/ses-03/run-06/tsv-row-13	13	right_hand	2	87.656	5.0	21914	23164	sub-10/ses-03/eeg/sub-10_ses-03_task-imagery_run-06_eeg.edf	test_exploratory	161.3247380901516	False	1.1554561765918639e-12	1.8738976687127954e-12	5.21772085533802e-12	6.309232413642746e-12
sub-10	03	06	sub-10/ses-03/run-06/tsv-row-14	14	rest	1	94.556	5.0	23639	24889	sub-10/ses-03/eeg/sub-10_ses-03_task-imagery_run-06_eeg.edf	test_exploratory	95.82446848963897	False	1.6733067165137717e-12	1.762799096465333e-12	3.685043064570652e-12	5.446642653721886e-12
sub-10	03	06	sub-10/ses-03/run-06/tsv-row-15	15	rest	1	101.456	5.0	25364	26614	sub-10/ses-03/eeg/sub-10_ses-03_task-imagery_run-06_eeg.edf	test_exploratory	70.17886028626367	False	1.1350394212324597e-12	1.6921093806974363e-12	3.1744653146742245e-12	4.568814378583393e-12
sub-10	03	06	sub-10/ses-03/run-06/tsv-row-16	16	right_hand	2	108.32	5.0	27080	28330	sub-10/ses-03/eeg/sub-10_ses-03_task-imagery_run-06_eeg.edf	test_exploratory	101.19618372142703	False	1.0684370840293109e-12	1.3044834997714646e-12	3.264397851019095e-12	5.33218581019719e-12
sub-10	03	06	sub-10/ses-03/run-06/tsv-row-17	17	rest	1	115.216	5.0	28804	30054	sub-10/ses-03/eeg/sub-10_ses-03_task-imagery_run-06_eeg.edf	test_exploratory	131.5203826105533	False	1.6242647276442305e-12	1.7384566960218709e-12	6.6803224985117544e-12	5.727990662128733e-12
sub-10	03	06	sub-10/ses-03/run-06/tsv-row-18	18	right_hand	2	122.108	5.0	30527	31777	sub-10/ses-03/eeg/sub-10_ses-03_task-imagery_run-06_eeg.edf	test_exploratory	555.1061208075198	False	1.032830583580005e-12	1.9086791438882385e-12	3.703626127532616e-12	6.4175487149196514e-12
sub-10	03	06	sub-10/ses-03/run-06/tsv-row-19	19	rest	1	129.004	5.0	32251	33501	sub-10/ses-03/eeg/sub-10_ses-03_task-imagery_run-06_eeg.edf	test_exploratory	623.3788885921812	False	1.5708577004203224e-12	2.101774932212554e-12	4.548632778251308e-12	5.231601587194111e-12
sub-10	03	06	sub-10/ses-03/run-06/tsv-row-20	20	right_hand	2	135.868	5.0	33967	35217	sub-10/ses-03/eeg/sub-10_ses-03_task-imagery_run-06_eeg.edf	test_exploratory	607.0904617603077	False	2.0948732525457903e-12	1.652958908758787e-12	5.240527302324474e-12	6.2630148968897355e-12
sub-10	03	06	sub-10/ses-03/run-06/tsv-row-21	21	right_hand	2	142.764	5.0	35691	36941	sub-10/ses-03/eeg/sub-10_ses-03_task-imagery_run-06_eeg.edf	test_exploratory	582.5711809442427	False	1.656172442940632e-12	2.081517411667871e-12	7.600252915681645e-12	6.3708803611639525e-12
sub-10	03	06	sub-10/ses-03/run-06/tsv-row-22	22	rest	1	149.668	5.0	37417	38667	sub-10/ses-03/eeg/sub-10_ses-03_task-imagery_run-06_eeg.edf	test_exploratory	724.3151506088443	False	2.855860271141975e-12	1.7074607056496154e-12	6.3155330999921325e-12	5.050147333322698e-12
sub-10	03	06	sub-10/ses-03/run-06/tsv-row-23	23	rest	1	156.552	5.0	39138	40388	sub-10/ses-03/eeg/sub-10_ses-03_task-imagery_run-06_eeg.edf	test_exploratory	1122.34192117069	False	2.5389474708948213e-12	1.888449484201493e-12	6.611113686789477e-12	6.995979815056022e-12
sub-10	03	06	sub-10/ses-03/run-06/tsv-row-24	24	right_hand	2	163.432	5.0	40858	42108	sub-10/ses-03/eeg/sub-10_ses-03_task-imagery_run-06_eeg.edf	test_exploratory	782.8841747489852	False	1.7267956522715432e-12	2.0136538868190856e-12	4.3159323995544925e-12	6.14374150905929e-12
sub-10	03	06	sub-10/ses-03/run-06/tsv-row-25	25	right_hand	2	170.312	5.0	42578	43828	sub-10/ses-03/eeg/sub-10_ses-03_task-imagery_run-06_eeg.edf	test_exploratory	342.49016631061744	False	1.7865630563305951e-12	1.8085616426673049e-12	4.668644815785981e-12	5.274140282213672e-12
sub-10	03	06	sub-10/ses-03/run-06/tsv-row-26	26	rest	1	177.22	5.0	44305	45555	sub-10/ses-03/eeg/sub-10_ses-03_task-imagery_run-06_eeg.edf	test_exploratory	418.30066353343307	False	2.7988897406375593e-12	2.1873558189507386e-12	6.786284562332678e-12	6.024941606102724e-12
sub-10	03	06	sub-10/ses-03/run-06/tsv-row-27	27	rest	1	184.116	5.0	46029	47279	sub-10/ses-03/eeg/sub-10_ses-03_task-imagery_run-06_eeg.edf	test_exploratory	3345.712183721427	False	1.2557495383117727e-12	1.8191478986655044e-12	4.157574136545616e-12	7.118531405241232e-12
sub-10	03	06	sub-10/ses-03/run-06/tsv-row-28	28	right_hand	2	190.98	5.0	47745	48995	sub-10/ses-03/eeg/sub-10_ses-03_task-imagery_run-06_eeg.edf	test_exploratory	1258.1943321939755	False	1.1003500578741438e-12	1.4243283363869765e-12	3.781337405270911e-12	5.303580265635924e-12
sub-10	03	06	sub-10/ses-03/run-06/tsv-row-29	29	right_hand	2	197.86	5.0	49465	50715	sub-10/ses-03/eeg/sub-10_ses-03_task-imagery_run-06_eeg.edf	test_exploratory	779.5051925870539	False	1.8821814491460002e-12	1.9865461130907766e-12	6.7076763616180464e-12	6.167845573747361e-12
sub-10	03	06	sub-10/ses-03/run-06/tsv-row-30	30	rest	1	204.764	5.0	51191	52441	sub-10/ses-03/eeg/sub-10_ses-03_task-imagery_run-06_eeg.edf	test_exploratory	253.94350555436873	False	1.975975244100762e-12	1.6520463279833789e-12	6.90887090526694e-12	5.229720767550238e-12
sub-10	03	06	sub-10/ses-03/run-06/tsv-row-31	31	right_hand	2	211.648	5.0	52912	54162	sub-10/ses-03/eeg/sub-10_ses-03_task-imagery_run-06_eeg.edf	test_exploratory	967.5152256996369	False	1.8321645986635415e-12	1.8548444180116776e-12	6.033825049125337e-12	5.2891969403550445e-12
sub-10	03	06	sub-10/ses-03/run-06/tsv-row-32	32	rest	1	218.544	5.0	54636	55886	sub-10/ses-03/eeg/sub-10_ses-03_task-imagery_run-06_eeg.edf	test_exploratory	144.51646784875027	False	2.2873911057824213e-12	2.3652501641902324e-12	8.011502516782325e-12	7.250348698620847e-12
sub-10	04	01	sub-10/ses-04/run-01/tsv-row-1	1	rest	1	6.284	5.0	1571	2821	sub-10/ses-04/eeg/sub-10_ses-04_task-imagery_run-01_eeg.edf	test_exploratory	85.15194541459394	False	1.846399063255578e-12	1.5427135157418757e-12	4.918500295716379e-12	5.447870870012957e-12
sub-10	04	01	sub-10/ses-04/run-01/tsv-row-2	2	right_hand	2	13.148	5.0	3287	4537	sub-10/ses-04/eeg/sub-10_ses-04_task-imagery_run-01_eeg.edf	test_exploratory	326.3965604159672	False	1.4776859163191793e-12	1.3470715351465348e-12	6.206019307595945e-12	5.1742421554472925e-12
sub-10	04	01	sub-10/ses-04/run-01/tsv-row-3	3	rest	1	20.048	5.0	5012	6262	sub-10/ses-04/eeg/sub-10_ses-04_task-imagery_run-01_eeg.edf	test_exploratory	108.82449392529065	False	2.162866718912712e-12	1.3264044317554078e-12	5.837861804078494e-12	4.793067807418535e-12
sub-10	04	01	sub-10/ses-04/run-01/tsv-row-4	4	right_hand	2	26.936	5.0	6734	7984	sub-10/ses-04/eeg/sub-10_ses-04_task-imagery_run-01_eeg.edf	test_exploratory	326.8965492553483	False	8.797687376364311e-13	1.3324106071569316e-12	3.2119625399003717e-12	4.94503397279283e-12
sub-10	04	01	sub-10/ses-04/run-01/tsv-row-5	5	rest	1	33.832	5.0	8458	9708	sub-10/ses-04/eeg/sub-10_ses-04_task-imagery_run-01_eeg.edf	test_exploratory	88.28649083071383	False	2.0812734032782214e-12	1.4323824937364503e-12	4.449017544481714e-12	5.465686631161666e-12
sub-10	04	01	sub-10/ses-04/run-01/tsv-row-6	6	right_hand	2	40.696	5.0	10174	11424	sub-10/ses-04/eeg/sub-10_ses-04_task-imagery_run-01_eeg.edf	test_exploratory	81.11357401959287	False	1.3983941901315908e-12	1.1551692577923764e-12	3.774542142542784e-12	3.644417259942939e-12
sub-10	04	01	sub-10/ses-04/run-01/tsv-row-7	7	right_hand	2	47.596	5.0	11899	13149	sub-10/ses-04/eeg/sub-10_ses-04_task-imagery_run-01_eeg.edf	test_exploratory	92.74792970519118	False	9.042909129384999e-13	1.6305424343814463e-12	2.6185428600295705e-12	5.791008684096274e-12
sub-10	04	01	sub-10/ses-04/run-01/tsv-row-8	8	rest	1	54.5	5.0	13625	14875	sub-10/ses-04/eeg/sub-10_ses-04_task-imagery_run-01_eeg.edf	test_exploratory	93.30560956450086	False	1.4489639240158903e-12	1.5775832518047872e-12	3.975541354198442e-12	5.977582291646201e-12
sub-10	04	01	sub-10/ses-04/run-01/tsv-row-9	9	right_hand	2	61.364	5.0	15341	16591	sub-10/ses-04/eeg/sub-10_ses-04_task-imagery_run-01_eeg.edf	test_exploratory	88.19033913083284	False	1.6424496305209016e-12	1.432106905360178e-12	5.326902374051171e-12	5.2211167242445216e-12
sub-10	04	01	sub-10/ses-04/run-01/tsv-row-10	10	rest	1	68.276	5.0	17069	18319	sub-10/ses-04/eeg/sub-10_ses-04_task-imagery_run-01_eeg.edf	test_exploratory	72.3829996704001	False	1.6917539804187261e-12	1.4082338262653e-12	5.872009060458455e-12	5.531657863388362e-12
sub-10	04	01	sub-10/ses-04/run-01/tsv-row-11	11	right_hand	2	75.144	5.0	18786	20036	sub-10/ses-04/eeg/sub-10_ses-04_task-imagery_run-01_eeg.edf	test_exploratory	81.49818081911678	False	1.2594921293262297e-12	1.3694409839393625e-12	4.100616449568619e-12	5.13658294231346e-12
sub-10	04	01	sub-10/ses-04/run-01/tsv-row-12	12	rest	1	82.048	5.0	20512	21762	sub-10/ses-04/eeg/sub-10_ses-04_task-imagery_run-01_eeg.edf	test_exploratory	87.11344009216587	False	1.9063354738141267e-12	1.4516674521092816e-12	5.16864696334692e-12	5.702984054360846e-12
sub-10	04	01	sub-10/ses-04/run-01/tsv-row-13	13	right_hand	2	88.912	5.0	22228	23478	sub-10/ses-04/eeg/sub-10_ses-04_task-imagery_run-01_eeg.edf	test_exploratory	309.1277151173436	False	1.3647144787476168e-12	1.651314758974586e-12	3.152831816016774e-12	6.58538615737251e-12
sub-10	04	01	sub-10/ses-04/run-01/tsv-row-14	14	rest	1	95.824	5.0	23956	25206	sub-10/ses-04/eeg/sub-10_ses-04_task-imagery_run-01_eeg.edf	test_exploratory	87.09420975218967	False	1.7930706615632916e-12	1.485651714971213e-12	5.487680994486464e-12	5.228352091094395e-12
sub-10	04	01	sub-10/ses-04/run-01/tsv-row-15	15	rest	1	102.704	5.0	25676	26926	sub-10/ses-04/eeg/sub-10_ses-04_task-imagery_run-01_eeg.edf	test_exploratory	76.59444412518691	False	1.509271619175908e-12	1.5139376750463065e-12	4.5068792872980244e-12	6.0774482678342066e-12
sub-10	04	01	sub-10/ses-04/run-01/tsv-row-16	16	right_hand	2	109.58	5.0	27395	28645	sub-10/ses-04/eeg/sub-10_ses-04_task-imagery_run-01_eeg.edf	test_exploratory	73.6906627887814	False	8.291490537641959e-13	1.2802856873159054e-12	2.6182991590330597e-12	5.305880688083534e-12
sub-10	04	01	sub-10/ses-04/run-01/tsv-row-17	17	right_hand	2	116.476	5.0	29119	30369	sub-10/ses-04/eeg/sub-10_ses-04_task-imagery_run-01_eeg.edf	test_exploratory	86.2288444532609	False	1.5946324078816895e-12	1.6892433664643446e-12	4.244462758821218e-12	6.58801061575131e-12
sub-10	04	01	sub-10/ses-04/run-01/tsv-row-18	18	rest	1	123.372	5.0	30843	32093	sub-10/ses-04/eeg/sub-10_ses-04_task-imagery_run-01_eeg.edf	test_exploratory	110.24753908352915	False	2.0859983784533652e-12	1.8217131083660543e-12	6.466488674960446e-12	6.053774936247283e-12
sub-10	04	01	sub-10/ses-04/run-01/tsv-row-19	19	right_hand	2	130.236	5.0	32559	33809	sub-10/ses-04/eeg/sub-10_ses-04_task-imagery_run-01_eeg.edf	test_exploratory	93.38253092440564	False	1.8812675297886567e-12	1.860959485593978e-12	5.715808292218376e-12	8.522764232865166e-12
sub-10	04	01	sub-10/ses-04/run-01/tsv-row-20	20	rest	1	137.152	5.0	34288	35538	sub-10/ses-04/eeg/sub-10_ses-04_task-imagery_run-01_eeg.edf	test_exploratory	130.01632857905815	False	1.4632197750038608e-12	1.7173212785848367e-12	4.628148480576017e-12	4.966545662088865e-12
sub-10	04	01	sub-10/ses-04/run-01/tsv-row-21	21	right_hand	2	144.024	5.0	36006	37256	sub-10/ses-04/eeg/sub-10_ses-04_task-imagery_run-01_eeg.edf	test_exploratory	73.69066278878141	False	1.771251688458119e-12	1.425238526453613e-12	4.977521249138658e-12	5.5130638179203034e-12
sub-10	04	01	sub-10/ses-04/run-01/tsv-row-22	22	rest	1	150.92	5.0	37730	38980	sub-10/ses-04/eeg/sub-10_ses-04_task-imagery_run-01_eeg.edf	test_exploratory	89.36338986938077	False	2.3764323868042147e-12	2.226851502509574e-12	5.862150136476962e-12	8.837556249977492e-12
sub-10	04	01	sub-10/ses-04/run-01/tsv-row-23	23	rest	1	157.816	5.0	39454	40704	sub-10/ses-04/eeg/sub-10_ses-04_task-imagery_run-01_eeg.edf	test_exploratory	77.5175004440443	False	2.043894560937176e-12	1.6888094235115743e-12	7.103277666305404e-12	5.729746282731085e-12
sub-10	04	01	sub-10/ses-04/run-01/tsv-row-24	24	right_hand	2	164.684	5.0	41171	42421	sub-10/ses-04/eeg/sub-10_ses-04_task-imagery_run-01_eeg.edf	test_exploratory	92.59408698538157	False	1.2353743230115197e-12	1.8810899321226103e-12	4.731723471986951e-12	7.31865309358367e-12
sub-10	04	01	sub-10/ses-04/run-01/tsv-row-25	25	right_hand	2	171.572	5.0	42893	44143	sub-10/ses-04/eeg/sub-10_ses-04_task-imagery_run-01_eeg.edf	test_exploratory	276.6861315775018	False	1.9356809618378506e-12	1.7015349827505333e-12	6.938921562943549e-12	6.317918331103746e-12
sub-10	04	01	sub-10/ses-04/run-01/tsv-row-26	26	rest	1	178.484	5.0	44621	45871	sub-10/ses-04/eeg/sub-10_ses-04_task-imagery_run-01_eeg.edf	test_exploratory	90.94027774742881	False	2.0020638766964403e-12	1.9019551303752197e-12	5.460395232628738e-12	6.21283590869844e-12
sub-10	04	01	sub-10/ses-04/run-01/tsv-row-27	27	rest	1	185.364	5.0	46341	47591	sub-10/ses-04/eeg/sub-10_ses-04_task-imagery_run-01_eeg.edf	test_exploratory	108.99756698507643	False	1.7405091931702403e-12	1.565438112951708e-12	6.6337364900402954e-12	6.712857842499691e-12
sub-10	04	01	sub-10/ses-04/run-01/tsv-row-28	28	right_hand	2	192.228	5.0	48057	49307	sub-10/ses-04/eeg/sub-10_ses-04_task-imagery_run-01_eeg.edf	test_exploratory	130.785542178106	False	1.5498598871470548e-12	1.3579204368734747e-12	5.988822950814185e-12	5.6464747113547755e-12
sub-10	04	01	sub-10/ses-04/run-01/tsv-row-29	29	rest	1	199.152	5.0	49788	51038	sub-10/ses-04/eeg/sub-10_ses-04_task-imagery_run-01_eeg.edf	test_exploratory	315.6083396893215	False	1.9185963131330636e-12	1.836813744806054e-12	6.056440036449241e-12	6.6681872094945965e-12
sub-10	04	01	sub-10/ses-04/run-01/tsv-row-30	30	right_hand	2	206.016	5.0	51504	52754	sub-10/ses-04/eeg/sub-10_ses-04_task-imagery_run-01_eeg.edf	test_exploratory	76.209837325663	False	1.5721590767670287e-12	1.874373867566697e-12	5.788606297413624e-12	7.736923298712062e-12
sub-10	04	01	sub-10/ses-04/run-01/tsv-row-31	31	right_hand	2	212.896	5.0	53224	54474	sub-10/ses-04/eeg/sub-10_ses-04_task-imagery_run-01_eeg.edf	test_exploratory	356.8958796182134	False	2.2374664070549157e-12	1.758379158771808e-12	6.723978951029109e-12	6.300402434502918e-12
sub-10	04	01	sub-10/ses-04/run-01/tsv-row-32	32	rest	1	219.812	5.0	54953	56203	sub-10/ses-04/eeg/sub-10_ses-04_task-imagery_run-01_eeg.edf	test_exploratory	340.3193265587328	False	1.8564321654134053e-12	1.7998265950530444e-12	6.046841651293024e-12	6.820255790896403e-12
sub-10	04	02	sub-10/ses-04/run-02/tsv-row-1	1	right_hand	2	6.036	5.0	1509	2759	sub-10/ses-04/eeg/sub-10_ses-04_task-imagery_run-02_eeg.edf	test_exploratory	164.86620981475264	False	1.0677207070824182e-12	1.2256480191426713e-12	4.006164954263162e-12	6.096235532361721e-12
sub-10	04	02	sub-10/ses-04/run-02/tsv-row-2	2	rest	1	12.936	5.0	3234	4484	sub-10/ses-04/eeg/sub-10_ses-04_task-imagery_run-02_eeg.edf	test_exploratory	126.05529271828367	False	1.475520190209496e-12	1.4363982966326461e-12	2.824577795285451e-12	5.980501322799643e-12
sub-10	04	02	sub-10/ses-04/run-02/tsv-row-3	3	right_hand	2	19.816	5.0	4954	6204	sub-10/ses-04/eeg/sub-10_ses-04_task-imagery_run-02_eeg.edf	test_exploratory	347.83705313272503	False	8.230306254935502e-13	1.6075813079858563e-12	2.636887671983528e-12	5.899333761505603e-12
sub-10	04	02	sub-10/ses-04/run-02/tsv-row-4	4	rest	1	26.72	5.0	6680	7930	sub-10/ses-04/eeg/sub-10_ses-04_task-imagery_run-02_eeg.edf	test_exploratory	123.20416933194983	False	2.2687294601269806e-12	1.5629257838664095e-12	4.668334062272188e-12	5.29507964823589e-12
sub-10	04	02	sub-10/ses-04/run-02/tsv-row-5	5	right_hand	2	33.584	5.0	8396	9646	sub-10/ses-04/eeg/sub-10_ses-04_task-imagery_run-02_eeg.edf	test_exploratory	104.13728168584245	False	1.3055423988037049e-12	1.5115603633683745e-12	5.312114427184406e-12	5.43095439502549e-12
sub-10	04	02	sub-10/ses-04/run-02/tsv-row-6	6	rest	1	40.5	5.0	10125	11375	sub-10/ses-04/eeg/sub-10_ses-04_task-imagery_run-02_eeg.edf	test_exploratory	141.70083230079044	False	2.503850363290546e-12	1.4797157163454864e-12	7.114708331766856e-12	6.272947145164992e-12
sub-10	04	02	sub-10/ses-04/run-02/tsv-row-7	7	right_hand	2	47.364	5.0	11841	13091	sub-10/ses-04/eeg/sub-10_ses-04_task-imagery_run-02_eeg.edf	test_exploratory	119.46206988738669	False	9.972949239686216e-13	1.4006721958198672e-12	3.238558108545903e-12	5.342541012139068e-12
sub-10	04	02	sub-10/ses-04/run-02/tsv-row-8	8	rest	1	54.268	5.0	13567	14817	sub-10/ses-04/eeg/sub-10_ses-04_task-imagery_run-02_eeg.edf	test_exploratory	84.10813989684742	False	1.3875548082693343e-12	1.6530508291446739e-12	4.0756360654116074e-12	6.3075678689861945e-12
sub-10	04	02	sub-10/ses-04/run-02/tsv-row-9	9	right_hand	2	61.148	5.0	15287	16537	sub-10/ses-04/eeg/sub-10_ses-04_task-imagery_run-02_eeg.edf	test_exploratory	1186.8513876461072	False	1.9386327639004577e-12	1.7017066160590006e-12	5.9179095291538756e-12	6.1431118488793495e-12
sub-10	04	02	sub-10/ses-04/run-02/tsv-row-10	10	rest	1	68.044	5.0	17011	18261	sub-10/ses-04/eeg/sub-10_ses-04_task-imagery_run-02_eeg.edf	test_exploratory	157.31073284096806	False	1.520150217285684e-12	1.4827620711905423e-12	5.467505160691161e-12	5.069299904215179e-12
sub-10	04	02	sub-10/ses-04/run-02/tsv-row-11	11	rest	1	74.928	5.0	18732	19982	sub-10/ses-04/eeg/sub-10_ses-04_task-imagery_run-02_eeg.edf	test_exploratory	74.9132669759209	False	1.455995965561245e-12	1.5726108465338515e-12	4.985064742879245e-12	5.375950497464271e-12
sub-10	04	02	sub-10/ses-04/run-02/tsv-row-12	12	right_hand	2	81.808	5.0	20452	21702	sub-10/ses-04/eeg/sub-10_ses-04_task-imagery_run-02_eeg.edf	test_exploratory	84.96347691274757	False	1.088410256533243e-12	1.3695730635913529e-12	4.770713145028925e-12	5.5726141795947476e-12
sub-10	04	02	sub-10/ses-04/run-02/tsv-row-13	13	right_hand	2	88.696	5.0	22174	23424	sub-10/ses-04/eeg/sub-10_ses-04_task-imagery_run-02_eeg.edf	test_exploratory	95.69082865382855	False	1.7890861467196913e-12	1.8663204479723565e-12	4.7474908738173245e-12	7.173106087170136e-12
sub-10	04	02	sub-10/ses-04/run-02/tsv-row-14	14	rest	1	95.596	5.0	23899	25149	sub-10/ses-04/eeg/sub-10_ses-04_task-imagery_run-02_eeg.edf	test_exploratory	353.0759923551133	False	1.5064751267086365e-12	1.8368467457994067e-12	5.843298260136804e-12	7.028426780053917e-12
sub-10	04	02	sub-10/ses-04/run-02/tsv-row-15	15	rest	1	102.492	5.0	25623	26873	sub-10/ses-04/eeg/sub-10_ses-04_task-imagery_run-02_eeg.edf	test_exploratory	260.8421508072145	False	2.392355706994646e-12	1.7972238415699102e-12	6.7766502058168285e-12	6.744033656993422e-12
sub-10	04	02	sub-10/ses-04/run-02/tsv-row-16	16	right_hand	2	109.356	5.0	27339	28589	sub-10/ses-04/eeg/sub-10_ses-04_task-imagery_run-02_eeg.edf	test_exploratory	82.36182682271794	False	1.1540078189458037e-12	1.735943234576614e-12	3.786578480398245e-12	6.774127926621198e-12
sub-10	04	02	sub-10/ses-04/run-02/tsv-row-17	17	rest	1	116.26	5.0	29065	30315	sub-10/ses-04/eeg/sub-10_ses-04_task-imagery_run-02_eeg.edf	test_exploratory	123.20416933194983	False	1.655811222893001e-12	1.4455591958725924e-12	5.459193613957282e-12	5.092722310278838e-12
sub-10	04	02	sub-10/ses-04/run-02/tsv-row-18	18	right_hand	2	123.14	5.0	30785	32035	sub-10/ses-04/eeg/sub-10_ses-04_task-imagery_run-02_eeg.edf	test_exploratory	126.62551739555039	False	1.0172726255774135e-12	1.7965151040848135e-12	3.83527861531498e-12	6.337785353413709e-12
sub-10	04	02	sub-10/ses-04/run-02/tsv-row-19	19	rest	1	130.04	5.0	32510	33760	sub-10/ses-04/eeg/sub-10_ses-04_task-imagery_run-02_eeg.edf	test_exploratory	110.33847505111848	False	1.6954506645582313e-12	1.7050190981980315e-12	4.74750590592851e-12	5.4715126538323454e-12
sub-10	04	02	sub-10/ses-04/run-02/tsv-row-20	20	right_hand	2	136.904	5.0	34226	35476	sub-10/ses-04/eeg/sub-10_ses-04_task-imagery_run-02_eeg.edf	test_exploratory	101.07232404553363	False	1.4987061512458836e-12	1.3749571280310852e-12	4.516218091099903e-12	5.069800427662174e-12
sub-10	04	02	sub-10/ses-04/run-02/tsv-row-21	21	right_hand	2	143.808	5.0	35952	37202	sub-10/ses-04/eeg/sub-10_ses-04_task-imagery_run-02_eeg.edf	test_exploratory	79.29686918240913	False	1.2481061654394734e-12	1.5207223593265698e-12	2.67038925392188e-12	6.3000256223500514e-12
sub-10	04	02	sub-10/ses-04/run-02/tsv-row-22	22	rest	1	150.708	5.0	37677	38927	sub-10/ses-04/eeg/sub-10_ses-04_task-imagery_run-02_eeg.edf	test_exploratory	577.8870713675344	False	1.845945175724339e-12	1.6111422300790184e-12	6.552296657067098e-12	6.0476207234684146e-12
sub-10	04	02	sub-10/ses-04/run-02/tsv-row-23	23	right_hand	2	157.572	5.0	39393	40643	sub-10/ses-04/eeg/sub-10_ses-04_task-imagery_run-02_eeg.edf	test_exploratory	94.69293546861171	False	1.6753359946260886e-12	1.7351756166851583e-12	4.442763291187917e-12	7.188847881204146e-12
sub-10	04	02	sub-10/ses-04/run-02/tsv-row-24	24	rest	1	164.468	5.0	41117	42367	sub-10/ses-04/eeg/sub-10_ses-04_task-imagery_run-02_eeg.edf	test_exploratory	175.05897592089605	False	1.737842649211057e-12	1.839202397565462e-12	3.7744543043352225e-12	7.817599341776804e-12
sub-10	04	02	sub-10/ses-04/run-02/tsv-row-25	25	rest	1	171.372	5.0	42843	44093	sub-10/ses-04/eeg/sub-10_ses-04_task-imagery_run-02_eeg.edf	test_exploratory	136.56881020538955	False	1.5307436688860067e-12	1.4839272292635721e-12	5.155599845378586e-12	7.56435771105767e-12
sub-10	04	02	sub-10/ses-04/run-02/tsv-row-26	26	right_hand	2	178.236	5.0	44559	45809	sub-10/ses-04/eeg/sub-10_ses-04_task-imagery_run-02_eeg.edf	test_exploratory	287.71398872341075	False	1.4810151549337574e-12	1.8345178759228336e-12	5.809334168948881e-12	8.136143757840306e-12
sub-10	04	02	sub-10/ses-04/run-02/tsv-row-27	27	rest	1	185.136	5.0	46284	47534	sub-10/ses-04/eeg/sub-10_ses-04_task-imagery_run-02_eeg.edf	test_exploratory	210.55546208075194	False	1.964111761887328e-12	1.891358948381832e-12	7.546798713406455e-12	6.930948120801192e-12
sub-10	04	02	sub-10/ses-04/run-02/tsv-row-28	28	right_hand	2	192.016	5.0	48004	49254	sub-10/ses-04/eeg/sub-10_ses-04_task-imagery_run-02_eeg.edf	test_exploratory	86.49595573290199	False	1.833130460165038e-12	2.343774761985802e-12	4.978205984790492e-12	9.037682048502381e-12
sub-10	04	02	sub-10/ses-04/run-02/tsv-row-29	29	rest	1	198.92	5.0	49730	50980	sub-10/ses-04/eeg/sub-10_ses-04_task-imagery_run-02_eeg.edf	test_exploratory	95.44135535752432	False	2.6752202647160065e-12	1.693601082149519e-12	8.855931449909342e-12	9.31299327467665e-12
sub-10	04	02	sub-10/ses-04/run-02/tsv-row-30	30	right_hand	2	205.784	5.0	51446	52696	sub-10/ses-04/eeg/sub-10_ses-04_task-imagery_run-02_eeg.edf	test_exploratory	111.30072919400617	False	1.2172360601938832e-12	1.7602052465697197e-12	3.830430744959228e-12	7.427050115472844e-12
sub-10	04	02	sub-10/ses-04/run-02/tsv-row-31	31	rest	1	212.696	5.0	53174	54424	sub-10/ses-04/eeg/sub-10_ses-04_task-imagery_run-02_eeg.edf	test_exploratory	100.92976787621689	False	1.6884879564181017e-12	1.6301175224793352e-12	6.040889721796017e-12	7.201415229395426e-12
sub-10	04	02	sub-10/ses-04/run-02/tsv-row-32	32	right_hand	2	219.564	5.0	54891	56141	sub-10/ses-04/eeg/sub-10_ses-04_task-imagery_run-02_eeg.edf	test_exploratory	278.8042281411176	False	1.6287623872876232e-12	2.114549472257476e-12	4.883209929631898e-12	1.0720268658652729e-11
sub-10	04	03	sub-10/ses-04/run-03/tsv-row-1	1	right_hand	2	9.112	5.0	2278	3528	sub-10/ses-04/eeg/sub-10_ses-04_task-imagery_run-03_eeg.edf	test_exploratory	422.9456063386944	False	7.380323869073924e-13	1.0401870229125333e-12	2.596700991903621e-12	4.110244078542258e-12
sub-10	04	03	sub-10/ses-04/run-03/tsv-row-2	2	rest	1	16.028	5.0	4007	5257	sub-10/ses-04/eeg/sub-10_ses-04_task-imagery_run-03_eeg.edf	test_exploratory	105.75929320657978	False	1.6873866367034501e-12	1.056146650644795e-12	4.380986697152344e-12	4.381082321145273e-12
sub-10	04	03	sub-10/ses-04/run-03/tsv-row-3	3	rest	1	22.908	5.0	5727	6977	sub-10/ses-04/eeg/sub-10_ses-04_task-imagery_run-03_eeg.edf	test_exploratory	122.05812800378428	False	1.6661135162415522e-12	1.2487138018239522e-12	5.669771618437018e-12	5.313071929771298e-12
sub-10	04	03	sub-10/ses-04/run-03/tsv-row-4	4	right_hand	2	29.772	5.0	7443	8693	sub-10/ses-04/eeg/sub-10_ses-04_task-imagery_run-03_eeg.edf	test_exploratory	160.3939641560106	False	1.227320981020058e-12	1.2906956525187854e-12	4.965366093937318e-12	5.999221614924998e-12
sub-10	04	03	sub-10/ses-04/run-03/tsv-row-5	5	right_hand	2	36.668	5.0	9167	10417	sub-10/ses-04/eeg/sub-10_ses-04_task-imagery_run-03_eeg.edf	test_exploratory	473.45978534501177	False	1.2676361193951886e-12	1.4020677759915804e-12	3.6273515690400696e-12	5.88917180253101e-12
sub-10	04	03	sub-10/ses-04/run-03/tsv-row-6	6	rest	1	43.576	5.0	10894	12144	sub-10/ses-04/eeg/sub-10_ses-04_task-imagery_run-03_eeg.edf	test_exploratory	199.79807599719226	False	1.573566367666571e-12	1.3509609861036526e-12	4.577941271129489e-12	5.027012087508495e-12
sub-10	04	03	sub-10/ses-04/run-03/tsv-row-7	7	right_hand	2	50.44	5.0	12610	13860	sub-10/ses-04/eeg/sub-10_ses-04_task-imagery_run-03_eeg.edf	test_exploratory	214.02140374156926	False	1.215598480332695e-12	1.2723240356464535e-12	3.9736534198879496e-12	6.168803584953528e-12
sub-10	04	03	sub-10/ses-04/run-03/tsv-row-8	8	rest	1	57.352	5.0	14338	15588	sub-10/ses-04/eeg/sub-10_ses-04_task-imagery_run-03_eeg.edf	test_exploratory	125.81235399639881	False	1.3711640788011802e-12	1.7332666422514816e-12	4.3915928061655295e-12	6.079676582859145e-12
sub-10	04	03	sub-10/ses-04/run-03/tsv-row-9	9	right_hand	2	64.216	5.0	16054	17304	sub-10/ses-04/eeg/sub-10_ses-04_task-imagery_run-03_eeg.edf	test_exploratory	103.37856452833644	False	1.5014164786726174e-12	1.4296599743666973e-12	5.7222634323480856e-12	4.9174642182448206e-12
sub-10	04	03	sub-10/ses-04/run-03/tsv-row-10	10	rest	1	71.12	5.0	17780	19030	sub-10/ses-04/eeg/sub-10_ses-04_task-imagery_run-03_eeg.edf	test_exploratory	366.9984823999756	False	1.3616427229843422e-12	1.4858689679638313e-12	4.0208363331599e-12	6.408906127451477e-12
sub-10	04	03	sub-10/ses-04/run-03/tsv-row-11	11	rest	1	78.02	5.0	19505	20755	sub-10/ses-04/eeg/sub-10_ses-04_task-imagery_run-03_eeg.edf	test_exploratory	101.60827910092472	False	1.821113329939198e-12	1.4865254636531327e-12	7.246505862004277e-12	5.82852918741353e-12
sub-10	04	03	sub-10/ses-04/run-03/tsv-row-12	12	right_hand	2	84.884	5.0	21221	22471	sub-10/ses-04/eeg/sub-10_ses-04_task-imagery_run-03_eeg.edf	test_exploratory	538.8382575090793	False	1.1026109308005681e-12	1.3424071892713654e-12	4.057477467153891e-12	6.085069067666913e-12
sub-10	04	03	sub-10/ses-04/run-03/tsv-row-13	13	right_hand	2	91.764	5.0	22941	24191	sub-10/ses-04/eeg/sub-10_ses-04_task-imagery_run-03_eeg.edf	test_exploratory	525.3474616657003	False	1.2702335318743254e-12	1.6539704941835997e-12	4.080067670269302e-12	7.85888515319818e-12
sub-10	04	03	sub-10/ses-04/run-03/tsv-row-14	14	rest	1	98.688	5.0	24672	25922	sub-10/ses-04/eeg/sub-10_ses-04_task-imagery_run-03_eeg.edf	test_exploratory	298.59831614429146	False	1.878196706516167e-12	1.741365930427795e-12	6.516374600253855e-12	6.766440104225795e-12
sub-10	04	03	sub-10/ses-04/run-03/tsv-row-15	15	rest	1	105.568	5.0	26392	27642	sub-10/ses-04/eeg/sub-10_ses-04_task-imagery_run-03_eeg.edf	test_exploratory	101.76088991363261	False	1.8724360305812604e-12	1.5454244355639426e-12	6.993025010129178e-12	6.4660837185376135e-12
sub-10	04	03	sub-10/ses-04/run-03/tsv-row-16	16	right_hand	2	112.432	5.0	28108	29358	sub-10/ses-04/eeg/sub-10_ses-04_task-imagery_run-03_eeg.edf	test_exploratory	124.560945332194	False	1.2151117016428437e-12	1.484736274888908e-12	4.105604558711909e-12	6.311299421154846e-12
sub-10	04	03	sub-10/ses-04/run-03/tsv-row-17	17	right_hand	2	119.328	5.0	29832	31082	sub-10/ses-04/eeg/sub-10_ses-04_task-imagery_run-03_eeg.edf	test_exploratory	280.68180673238317	False	1.2907906344006445e-12	1.4673090669372713e-12	3.2388779753255837e-12	7.100040684097012e-12
sub-10	04	03	sub-10/ses-04/run-03/tsv-row-18	18	rest	1	126.232	5.0	31558	32808	sub-10/ses-04/eeg/sub-10_ses-04_task-imagery_run-03_eeg.edf	test_exploratory	118.1207690359203	False	1.3475583326034644e-12	1.3799516392561452e-12	3.4820289161652923e-12	5.1610211215260704e-12
sub-10	04	03	sub-10/ses-04/run-03/tsv-row-19	19	right_hand	2	133.1	5.0	33275	34525	sub-10/ses-04/eeg/sub-10_ses-04_task-imagery_run-03_eeg.edf	test_exploratory	218.26398433484906	False	9.179736001556217e-13	1.5193642090751923e-12	2.398446419340823e-12	6.009409799829633e-12
sub-10	04	03	sub-10/ses-04/run-03/tsv-row-20	20	rest	1	140.012	5.0	35003	36253	sub-10/ses-04/eeg/sub-10_ses-04_task-imagery_run-03_eeg.edf	test_exploratory	91.38335464949492	False	1.831990405786587e-12	1.4982199354243674e-12	5.1579998947517115e-12	6.293108569448348e-12
sub-10	04	03	sub-10/ses-04/run-03/tsv-row-21	21	right_hand	2	146.876	5.0	36719	37969	sub-10/ses-04/eeg/sub-10_ses-04_task-imagery_run-03_eeg.edf	test_exploratory	359.5510747398297	False	2.0654495069188395e-12	1.5971731002739298e-12	9.1627189538766e-12	8.902088186425867e-12
sub-10	04	03	sub-10/ses-04/run-03/tsv-row-22	22	rest	1	153.784	5.0	38446	39696	sub-10/ses-04/eeg/sub-10_ses-04_task-imagery_run-03_eeg.edf	test_exploratory	138.23487415082246	False	1.436445245385196e-12	1.5782743375762577e-12	5.430058818270462e-12	6.561752859993472e-12
sub-10	04	03	sub-10/ses-04/run-03/tsv-row-23	23	rest	1	160.68	5.0	40170	41420	sub-10/ses-04/eeg/sub-10_ses-04_task-imagery_run-03_eeg.edf	test_exploratory	83.4781145512253	False	2.0482007836056136e-12	1.6256544789340092e-12	4.575236580160034e-12	7.834739056408185e-12
sub-10	04	03	sub-10/ses-04/run-03/tsv-row-24	24	right_hand	2	167.544	5.0	41886	43136	sub-10/ses-04/eeg/sub-10_ses-04_task-imagery_run-03_eeg.edf	test_exploratory	94.58818171636096	False	1.528479661048341e-12	1.5142743678125809e-12	3.990719537133905e-12	7.446252659234248e-12
sub-10	04	03	sub-10/ses-04/run-03/tsv-row-25	25	rest	1	174.44	5.0	43610	44860	sub-10/ses-04/eeg/sub-10_ses-04_task-imagery_run-03_eeg.edf	test_exploratory	119.79948797570725	False	2.275472599971116e-12	1.4722590952109665e-12	1.0058508687614116e-11	6.858523816848981e-12
sub-10	04	03	sub-10/ses-04/run-03/tsv-row-26	26	right_hand	2	181.312	5.0	45328	46578	sub-10/ses-04/eeg/sub-10_ses-04_task-imagery_run-03_eeg.edf	test_exploratory	137.77704171269875	False	1.104898560494213e-12	1.7646551051664506e-12	5.0120518815828294e-12	7.145042557557896e-12
sub-10	04	03	sub-10/ses-04/run-03/tsv-row-27	27	right_hand	2	188.212	5.0	47053	48303	sub-10/ses-04/eeg/sub-10_ses-04_task-imagery_run-03_eeg.edf	test_exploratory	99.77694934842982	False	1.6866206241541691e-12	1.5203263919293193e-12	4.55523259293914e-12	7.107784325044077e-12
sub-10	04	03	sub-10/ses-04/run-03/tsv-row-28	28	rest	1	195.108	5.0	48777	50027	sub-10/ses-04/eeg/sub-10_ses-04_task-imagery_run-03_eeg.edf	test_exploratory	90.52873409833063	False	1.4727491196957749e-12	1.82877126627975e-12	5.41811790488597e-12	8.667654244137518e-12
sub-10	04	03	sub-10/ses-04/run-03/tsv-row-29	29	rest	1	201.988	5.0	50497	51747	sub-10/ses-04/eeg/sub-10_ses-04_task-imagery_run-03_eeg.edf	test_exploratory	105.57616023133032	False	1.4629199617906272e-12	1.3962254111166652e-12	5.235804992261939e-12	7.772182275804132e-12
sub-10	04	03	sub-10/ses-04/run-03/tsv-row-30	30	right_hand	2	208.876	5.0	52219	53469	sub-10/ses-04/eeg/sub-10_ses-04_task-imagery_run-03_eeg.edf	test_exploratory	99.16650609759819	False	1.8815308614193197e-12	1.5078943392148616e-12	4.928983780453341e-12	7.438172945444751e-12
sub-10	04	03	sub-10/ses-04/run-03/tsv-row-31	31	right_hand	2	215.76	5.0	53940	55190	sub-10/ses-04/eeg/sub-10_ses-04_task-imagery_run-03_eeg.edf	test_exploratory	264.6881935605945	False	1.3669487065816924e-12	1.6615536762395522e-12	4.911865583557604e-12	9.787012865695772e-12
sub-10	04	03	sub-10/ses-04/run-03/tsv-row-32	32	rest	1	222.656	5.0	55664	56914	sub-10/ses-04/eeg/sub-10_ses-04_task-imagery_run-03_eeg.edf	test_exploratory	74.32146578875088	False	1.7374890363379812e-12	1.8175386292250093e-12	5.596751537234343e-12	8.033389390716895e-12
sub-10	04	04	sub-10/ses-04/run-04/tsv-row-1	1	right_hand	2	16.432	5.0	4108	5358	sub-10/ses-04/eeg/sub-10_ses-04_task-imagery_run-04_eeg.edf	test_exploratory	91.86798638874484	False	7.995496020028603e-13	1.1443803480760066e-12	3.836869868651199e-12	5.4490893815751785e-12
sub-10	04	04	sub-10/ses-04/run-04/tsv-row-2	2	rest	1	23.328	5.0	5832	7082	sub-10/ses-04/eeg/sub-10_ses-04_task-imagery_run-04_eeg.edf	test_exploratory	92.46921666615799	False	1.2197053453281102e-12	1.264279666700896e-12	4.0051677363067155e-12	5.0722823637944985e-12
sub-10	04	04	sub-10/ses-04/run-04/tsv-row-3	3	right_hand	2	30.2	5.0	7550	8800	sub-10/ses-04/eeg/sub-10_ses-04_task-imagery_run-04_eeg.edf	test_exploratory	389.71746581926936	False	9.422909616761557e-13	1.418988229398604e-12	2.8473079177405894e-12	4.907809100370543e-12
sub-10	04	04	sub-10/ses-04/run-04/tsv-row-4	4	rest	1	37.116	5.0	9279	10529	sub-10/ses-04/eeg/sub-10_ses-04_task-imagery_run-04_eeg.edf	test_exploratory	83.21027039399405	False	1.401276265097694e-12	1.2724405109396396e-12	4.4386605873245625e-12	4.7635180581318066e-12
sub-10	04	04	sub-10/ses-04/run-04/tsv-row-5	5	rest	1	43.996	5.0	10999	12249	sub-10/ses-04/eeg/sub-10_ses-04_task-imagery_run-04_eeg.edf	test_exploratory	456.5742726676229	False	1.388662261472834e-12	1.1937103545195684e-12	3.971069710828558e-12	4.4891850217951745e-12
sub-10	04	04	sub-10/ses-04/run-04/tsv-row-6	6	right_hand	2	50.86	5.0	12715	13965	sub-10/ses-04/eeg/sub-10_ses-04_task-imagery_run-04_eeg.edf	test_exploratory	398.4954278695029	False	1.6883191435189205e-12	2.0726546941364268e-12	4.047592319314873e-12	6.16424207427301e-12
sub-10	04	04	sub-10/ses-04/run-04/tsv-row-7	7	rest	1	57.78	5.0	14445	15695	sub-10/ses-04/eeg/sub-10_ses-04_task-imagery_run-04_eeg.edf	test_exploratory	96.1968443861201	False	9.995599696854922e-13	1.2226384631041664e-12	3.676499429094501e-12	5.676393381709335e-12
sub-10	04	04	sub-10/ses-04/run-04/tsv-row-8	8	right_hand	2	64.644	5.0	16161	17411	sub-10/ses-04/eeg/sub-10_ses-04_task-imagery_run-04_eeg.edf	test_exploratory	108.58218810083304	False	1.0980493720987969e-12	1.1896178838591243e-12	4.143861268175698e-12	5.267405160255903e-12
sub-10	04	04	sub-10/ses-04/run-04/tsv-row-9	9	rest	1	71.544	5.0	17886	19136	sub-10/ses-04/eeg/sub-10_ses-04_task-imagery_run-04_eeg.edf	test_exploratory	105.81652882473212	False	2.169889731976072e-12	1.5105469594059224e-12	6.400952812557167e-12	4.938790372790205e-12
sub-10	04	04	sub-10/ses-04/run-04/tsv-row-10	10	right_hand	2	78.416	5.0	19604	20854	sub-10/ses-04/eeg/sub-10_ses-04_task-imagery_run-04_eeg.edf	test_exploratory	86.0961757255775	False	1.1646686142078205e-12	1.2071364116632709e-12	3.6474927916433055e-12	4.364836106459873e-12
sub-10	04	04	sub-10/ses-04/run-04/tsv-row-11	11	right_hand	2	85.312	5.0	21328	22578	sub-10/ses-04/eeg/sub-10_ses-04_task-imagery_run-04_eeg.edf	test_exploratory	160.04749984740735	False	1.0022448866863677e-12	1.514842093734893e-12	3.3500524861020717e-12	5.7473938662000496e-12
sub-10	04	04	sub-10/ses-04/run-04/tsv-row-12	12	rest	1	92.208	5.0	23052	24302	sub-10/ses-04/eeg/sub-10_ses-04_task-imagery_run-04_eeg.edf	test_exploratory	164.8573420667135	False	1.138720443913758e-12	1.402182730864894e-12	3.0332354890169494e-12	4.340953924825844e-12
sub-10	04	04	sub-10/ses-04/run-04/tsv-row-13	13	rest	1	99.088	5.0	24772	26022	sub-10/ses-04/eeg/sub-10_ses-04_task-imagery_run-04_eeg.edf	test_exploratory	268.02845767082727	False	1.6887490346478187e-12	1.3514205389192636e-12	5.2272370843780695e-12	4.52951653626319e-12
sub-10	04	04	sub-10/ses-04/run-04/tsv-row-14	14	right_hand	2	105.972	5.0	26493	27743	sub-10/ses-04/eeg/sub-10_ses-04_task-imagery_run-04_eeg.edf	test_exploratory	352.92217284157834	False	1.2902298796311904e-12	1.3243873954167694e-12	3.851342501765305e-12	5.7515501081180686e-12
sub-10	04	04	sub-10/ses-04/run-04/tsv-row-15	15	right_hand	2	112.86	5.0	28215	29465	sub-10/ses-04/eeg/sub-10_ses-04_task-imagery_run-04_eeg.edf	test_exploratory	415.93110591448715	False	1.5006871041967924e-12	1.489812299543267e-12	3.377924895192247e-12	5.586728381308314e-12
sub-10	04	04	sub-10/ses-04/run-04/tsv-row-16	16	rest	1	119.756	5.0	29939	31189	sub-10/ses-04/eeg/sub-10_ses-04_task-imagery_run-04_eeg.edf	test_exploratory	489.2811997589038	False	2.249503303647145e-12	1.7186235229136082e-12	5.482710758915449e-12	6.968400401156845e-12
sub-10	04	04	sub-10/ses-04/run-04/tsv-row-17	17	right_hand	2	126.64	5.0	31660	32910	sub-10/ses-04/eeg/sub-10_ses-04_task-imagery_run-04_eeg.edf	test_exploratory	184.45744911038537	False	1.4406954244899637e-12	1.5154837856673792e-12	6.924366185863264e-12	5.512501133077819e-12
sub-10	04	04	sub-10/ses-04/run-04/tsv-row-18	18	rest	1	133.536	5.0	33384	34634	sub-10/ses-04/eeg/sub-10_ses-04_task-imagery_run-04_eeg.edf	test_exploratory	575.136883373516	False	1.8803139713339193e-12	1.890202423303402e-12	5.7187772506329935e-12	7.806170378335837e-12
sub-10	04	04	sub-10/ses-04/run-04/tsv-row-19	19	right_hand	2	140.408	5.0	35102	36352	sub-10/ses-04/eeg/sub-10_ses-04_task-imagery_run-04_eeg.edf	test_exploratory	974.7145257423628	False	1.6640047740667237e-12	1.503158367686383e-12	5.818660863375325e-12	7.077410247468132e-12
sub-10	04	04	sub-10/ses-04/run-04/tsv-row-20	20	rest	1	147.32	5.0	36830	38080	sub-10/ses-04/eeg/sub-10_ses-04_task-imagery_run-04_eeg.edf	test_exploratory	660.391336710715	False	1.2090166805708588e-12	1.3229940550492901e-12	4.4018654903181085e-12	5.471208735576254e-12
sub-10	04	04	sub-10/ses-04/run-04/tsv-row-21	21	rest	1	154.2	5.0	38550	39800	sub-10/ses-04/eeg/sub-10_ses-04_task-imagery_run-04_eeg.edf	test_exploratory	253.9596691793572	False	1.8405394994556746e-12	1.4900102059548481e-12	6.214429777410148e-12	6.0095118623946526e-12
sub-10	04	04	sub-10/ses-04/run-04/tsv-row-22	22	right_hand	2	161.068	5.0	40267	41517	sub-10/ses-04/eeg/sub-10_ses-04_task-imagery_run-04_eeg.edf	test_exploratory	417.85504280220954	False	1.2989599280581805e-12	1.7797500227527187e-12	5.131016567883748e-12	6.922890088921915e-12
sub-10	04	04	sub-10/ses-04/run-04/tsv-row-23	23	rest	1	167.988	5.0	41997	43247	sub-10/ses-04/eeg/sub-10_ses-04_task-imagery_run-04_eeg.edf	test_exploratory	1079.3285940122682	False	1.6183135768375662e-12	1.5427899024117803e-12	4.015377112890122e-12	5.390360714845299e-12
sub-10	04	04	sub-10/ses-04/run-04/tsv-row-24	24	right_hand	2	174.852	5.0	43713	44963	sub-10/ses-04/eeg/sub-10_ses-04_task-imagery_run-04_eeg.edf	test_exploratory	564.3147383800773	False	1.0652275238877536e-12	1.4394001198088568e-12	3.672431685388841e-12	6.836990570014554e-12
sub-10	04	04	sub-10/ses-04/run-04/tsv-row-25	25	right_hand	2	181.732	5.0	45433	46683	sub-10/ses-04/eeg/sub-10_ses-04_task-imagery_run-04_eeg.edf	test_exploratory	1220.9784473708305	False	1.2243118613314482e-12	1.5454799105118966e-12	6.040953275845319e-12	6.997924890801799e-12
sub-10	04	04	sub-10/ses-04/run-04/tsv-row-26	26	rest	1	188.648	5.0	47162	48412	sub-10/ses-04/eeg/sub-10_ses-04_task-imagery_run-04_eeg.edf	test_exploratory	792.0607674642168	False	1.3003817011562076e-12	1.6723455050439271e-12	5.566830347097951e-12	6.9412244455223654e-12
sub-10	04	04	sub-10/ses-04/run-04/tsv-row-27	27	rest	1	195.536	5.0	48884	50134	sub-10/ses-04/eeg/sub-10_ses-04_task-imagery_run-04_eeg.edf	test_exploratory	1507.6450436414682	False	1.4245808888290182e-12	1.5502481420367518e-12	5.901670756919645e-12	6.708630821418547e-12
sub-10	04	04	sub-10/ses-04/run-04/tsv-row-28	28	right_hand	2	202.4	5.0	50600	51850	sub-10/ses-04/eeg/sub-10_ses-04_task-imagery_run-04_eeg.edf	test_exploratory	1321.0231655323953	False	1.2967043570483763e-12	1.6895019945027909e-12	3.642689407462329e-12	9.50281275346857e-12
sub-10	04	04	sub-10/ses-04/run-04/tsv-row-29	29	rest	1	209.312	5.0	52328	53578	sub-10/ses-04/eeg/sub-10_ses-04_task-imagery_run-04_eeg.edf	test_exploratory	464.99149655140855	False	1.5990327121421334e-12	1.4563445432407143e-12	4.489073939904618e-12	5.83622821015732e-12
sub-10	04	04	sub-10/ses-04/run-04/tsv-row-30	30	right_hand	2	216.176	5.0	54044	55294	sub-10/ses-04/eeg/sub-10_ses-04_task-imagery_run-04_eeg.edf	test_exploratory	613.0143908505509	False	1.423999604225893e-12	1.4837406170652858e-12	6.290937899808085e-12	6.656713390250054e-12
sub-10	04	04	sub-10/ses-04/run-04/tsv-row-31	31	right_hand	2	223.068	5.0	55767	57017	sub-10/ses-04/eeg/sub-10_ses-04_task-imagery_run-04_eeg.edf	test_exploratory	502.9892500839257	False	1.468887556525498e-12	1.926827630419843e-12	4.945932927846875e-12	8.044175493520352e-12
sub-10	04	04	sub-10/ses-04/run-04/tsv-row-32	32	rest	1	229.98	5.0	57495	58745	sub-10/ses-04/eeg/sub-10_ses-04_task-imagery_run-04_eeg.edf	test_exploratory	945.2542421491133	False	2.7988678804092512e-12	1.7911638550194889e-12	8.307999109690521e-12	6.713013014501364e-12
sub-10	04	05	sub-10/ses-04/run-05/tsv-row-1	1	right_hand	2	9.04	5.0	2260	3510	sub-10/ses-04/eeg/sub-10_ses-04_task-imagery_run-05_eeg.edf	test_exploratory	122.48470412305062	False	1.3925764661537124e-12	1.211868118941519e-12	4.348188688158146e-12	6.432821204987946e-12
sub-10	04	05	sub-10/ses-04/run-05/tsv-row-2	2	rest	1	15.936	5.0	3984	5234	sub-10/ses-04/eeg/sub-10_ses-04_task-imagery_run-05_eeg.edf	test_exploratory	96.00974944303721	False	1.558622932867931e-12	1.172753070751132e-12	3.622017670314384e-12	5.675041605346808e-12
sub-10	04	05	sub-10/ses-04/run-05/tsv-row-3	3	right_hand	2	22.816	5.0	5704	6954	sub-10/ses-04/eeg/sub-10_ses-04_task-imagery_run-05_eeg.edf	test_exploratory	225.9500442518388	False	1.1668333061661422e-12	1.2909622154438476e-12	3.399278349596363e-12	6.3212386708287114e-12
sub-10	04	05	sub-10/ses-04/run-05/tsv-row-4	4	rest	1	29.712	5.0	7428	8678	sub-10/ses-04/eeg/sub-10_ses-04_task-imagery_run-05_eeg.edf	test_exploratory	716.1931705679494	False	1.4915062793150138e-10	1.2335215138279515e-10	1.5236315571697187e-10	1.2695863068508307e-10
sub-10	04	05	sub-10/ses-04/run-05/tsv-row-5	5	right_hand	2	36.584	5.0	9146	10396	sub-10/ses-04/eeg/sub-10_ses-04_task-imagery_run-05_eeg.edf	test_exploratory	974.2479012421034	False	1.3138145774860159e-12	1.1724099565892307e-12	4.275589791618235e-12	5.866197081153056e-12
sub-10	04	05	sub-10/ses-04/run-05/tsv-row-6	6	rest	1	43.5	5.0	10875	12125	sub-10/ses-04/eeg/sub-10_ses-04_task-imagery_run-05_eeg.edf	test_exploratory	107.72567766350289	False	1.448222998143497e-12	1.4800904296236317e-12	3.5526827731452787e-12	6.120134010353574e-12
sub-10	04	05	sub-10/ses-04/run-05/tsv-row-7	7	right_hand	2	50.364	5.0	12591	13841	sub-10/ses-04/eeg/sub-10_ses-04_task-imagery_run-05_eeg.edf	test_exploratory	92.96665120395522	False	1.0593060884840467e-12	1.5350657837847001e-12	4.807414314692974e-12	7.778009468355331e-12
sub-10	04	05	sub-10/ses-04/run-05/tsv-row-8	8	rest	1	57.26	5.0	14315	15565	sub-10/ses-04/eeg/sub-10_ses-04_task-imagery_run-05_eeg.edf	test_exploratory	108.79076204718164	False	1.3249317847842092e-12	1.5403584928631429e-12	4.970216158940647e-12	6.4398215838604554e-12
sub-10	04	05	sub-10/ses-04/run-05/tsv-row-9	9	rest	1	64.156	5.0	16039	17289	sub-10/ses-04/eeg/sub-10_ses-04_task-imagery_run-05_eeg.edf	test_exploratory	276.00901028473766	False	1.351419758376527e-12	1.198857351862272e-12	4.748422797387814e-12	5.1265185750539455e-12
sub-10	04	05	sub-10/ses-04/run-05/tsv-row-10	10	right_hand	2	71.032	5.0	17758	19008	sub-10/ses-04/eeg/sub-10_ses-04_task-imagery_run-05_eeg.edf	test_exploratory	305.9835279396954	False	1.1592958625782404e-12	1.072892006186934e-12	4.695592417732975e-12	6.030033757285218e-12
sub-10	04	05	sub-10/ses-04/run-05/tsv-row-11	11	rest	1	77.928	5.0	19482	20732	sub-10/ses-04/eeg/sub-10_ses-04_task-imagery_run-05_eeg.edf	test_exploratory	93.42311593981748	False	1.2864693552249749e-12	1.3212182872794297e-12	3.814044283297549e-12	5.65224039954491e-12
sub-10	04	05	sub-10/ses-04/run-05/tsv-row-12	12	right_hand	2	84.808	5.0	21202	22452	sub-10/ses-04/eeg/sub-10_ses-04_task-imagery_run-05_eeg.edf	test_exploratory	684.3927939695425	False	1.2143737702511914e-12	9.88797828770109e-13	4.347552320197126e-12	5.100635693310357e-12
sub-10	04	05	sub-10/ses-04/run-05/tsv-row-13	13	right_hand	2	91.688	5.0	22922	24172	sub-10/ses-04/eeg/sub-10_ses-04_task-imagery_run-05_eeg.edf	test_exploratory	142.11268776512952	False	1.2287233162161119e-12	1.3259687011454572e-12	3.331764904936804e-12	6.3299611734130856e-12
sub-10	04	05	sub-10/ses-04/run-05/tsv-row-14	14	rest	1	98.596	5.0	24649	25899	sub-10/ses-04/eeg/sub-10_ses-04_task-imagery_run-05_eeg.edf	test_exploratory	800.9434565263832	False	1.0999444962063888e-12	1.3314028123824297e-12	3.6659984528326685e-12	5.072852200301605e-12
sub-10	04	05	sub-10/ses-04/run-05/tsv-row-15	15	right_hand	2	105.46	5.0	26365	27615	sub-10/ses-04/eeg/sub-10_ses-04_task-imagery_run-05_eeg.edf	test_exploratory	479.8965923032319	False	9.16342733527307e-13	1.382086643633808e-12	3.526247194502847e-12	6.79324200756428e-12
sub-10	04	05	sub-10/ses-04/run-05/tsv-row-16	16	rest	1	112.372	5.0	28093	29343	sub-10/ses-04/eeg/sub-10_ses-04_task-imagery_run-05_eeg.edf	test_exploratory	120.81100009155551	False	1.4457445491882954e-12	1.3404540763071689e-12	4.521114006769253e-12	6.781167550293111e-12
sub-10	04	05	sub-10/ses-04/run-05/tsv-row-17	17	right_hand	2	119.236	5.0	29809	31059	sub-10/ses-04/eeg/sub-10_ses-04_task-imagery_run-05_eeg.edf	test_exploratory	355.7381841486862	False	1.552904728450275e-12	1.2948590487648647e-12	4.595441225345277e-12	5.9648863311954305e-12
sub-10	04	05	sub-10/ses-04/run-05/tsv-row-18	18	rest	1	126.14	5.0	31535	32785	sub-10/ses-04/eeg/sub-10_ses-04_task-imagery_run-05_eeg.edf	test_exploratory	814.6373986022523	False	1.0134816631367003e-12	1.2747143027136377e-12	2.831814421553348e-12	6.9995896746984126e-12
sub-10	04	05	sub-10/ses-04/run-05/tsv-row-19	19	rest	1	133.04	5.0	33260	34510	sub-10/ses-04/eeg/sub-10_ses-04_task-imagery_run-05_eeg.edf	test_exploratory	216.21212988677632	False	1.0930868518028098e-12	1.4036593117231485e-12	4.6694872279595324e-12	7.646424426621832e-12
sub-10	04	05	sub-10/ses-04/run-05/tsv-row-20	20	right_hand	2	139.904	5.0	34976	36226	sub-10/ses-04/eeg/sub-10_ses-04_task-imagery_run-05_eeg.edf	test_exploratory	180.45572557756276	False	1.029319640900403e-12	1.1581601329052289e-12	3.388329916316627e-12	7.078762984804113e-12
sub-10	04	05	sub-10/ses-04/run-05/tsv-row-21	21	rest	1	146.8	5.0	36700	37950	sub-10/ses-04/eeg/sub-10_ses-04_task-imagery_run-05_eeg.edf	test_exploratory	235.07933896908472	False	1.656933002074451e-12	1.8222986530491708e-12	6.735360924435118e-12	8.463476806227078e-12
sub-10	04	05	sub-10/ses-04/run-05/tsv-row-22	22	right_hand	2	153.692	5.0	38423	39673	sub-10/ses-04/eeg/sub-10_ses-04_task-imagery_run-05_eeg.edf	test_exploratory	103.92180486465041	False	1.215404146948276e-12	1.3359932389429516e-12	4.735497655607835e-12	8.677844645285966e-12
sub-10	04	05	sub-10/ses-04/run-05/tsv-row-23	23	right_hand	2	160.572	5.0	40143	41393	sub-10/ses-04/eeg/sub-10_ses-04_task-imagery_run-05_eeg.edf	test_exploratory	247.40388683736683	False	1.0293201598012338e-12	1.3165236348710484e-12	3.5035084264728635e-12	7.0406257913566525e-12
sub-10	04	05	sub-10/ses-04/run-05/tsv-row-24	24	rest	1	167.468	5.0	41867	43117	sub-10/ses-04/eeg/sub-10_ses-04_task-imagery_run-05_eeg.edf	test_exploratory	150.6333628345592	False	1.412654621209424e-12	1.5656530667119417e-12	3.920708761367782e-12	8.141373641899429e-12
sub-10	04	05	sub-10/ses-04/run-05/tsv-row-25	25	rest	1	174.364	5.0	43591	44841	sub-10/ses-04/eeg/sub-10_ses-04_task-imagery_run-05_eeg.edf	test_exploratory	174.9781487472152	False	1.2952551879697894e-12	1.6731171400519138e-12	4.7338377712065334e-12	7.452850727120163e-12
sub-10	04	05	sub-10/ses-04/run-05/tsv-row-26	26	right_hand	2	181.236	5.0	45309	46559	sub-10/ses-04/eeg/sub-10_ses-04_task-imagery_run-05_eeg.edf	test_exploratory	4480.353537400432	False	1.5100619885731098e-12	1.334232663240435e-12	5.109252773765038e-12	6.9971803295398145e-12
sub-10	04	05	sub-10/ses-04/run-05/tsv-row-27	27	rest	1	188.136	5.0	47034	48284	sub-10/ses-04/eeg/sub-10_ses-04_task-imagery_run-05_eeg.edf	test_exploratory	648.7885445722831	False	1.5631076978636173e-12	1.4690707928294574e-12	4.753527661485759e-12	7.34840151392533e-12
sub-10	04	05	sub-10/ses-04/run-05/tsv-row-28	28	right_hand	2	195.016	5.0	48754	50004	sub-10/ses-04/eeg/sub-10_ses-04_task-imagery_run-05_eeg.edf	test_exploratory	693.2177788628803	False	1.4780603538365997e-12	1.3136580761495565e-12	5.080158120532967e-12	7.875176085127404e-12
sub-10	04	05	sub-10/ses-04/run-05/tsv-row-29	29	right_hand	2	201.896	5.0	50474	51724	sub-10/ses-04/eeg/sub-10_ses-04_task-imagery_run-05_eeg.edf	test_exploratory	357.1075783562731	False	1.2129833497842679e-12	1.3195155074021534e-12	4.013294091607814e-12	8.8901449267181e-12
sub-10	04	05	sub-10/ses-04/run-05/tsv-row-30	30	rest	1	208.8	5.0	52200	53450	sub-10/ses-04/eeg/sub-10_ses-04_task-imagery_run-05_eeg.edf	test_exploratory	344.93518539994506	False	1.2775537030760214e-12	1.3743577089425301e-12	5.8071425731078685e-12	9.873975837251336e-12
sub-10	04	05	sub-10/ses-04/run-05/tsv-row-31	31	rest	1	215.696	5.0	53924	55174	sub-10/ses-04/eeg/sub-10_ses-04_task-imagery_run-05_eeg.edf	test_exploratory	393.16829248939473	False	1.1336746431540065e-12	1.5821544703027225e-12	4.925193675884635e-12	8.109495938869844e-12
sub-10	04	05	sub-10/ses-04/run-05/tsv-row-32	32	right_hand	2	222.564	5.0	55641	56891	sub-10/ses-04/eeg/sub-10_ses-04_task-imagery_run-05_eeg.edf	test_exploratory	546.3882888271736	False	1.3843728259242775e-12	1.1383383431649862e-12	5.43832157924188e-12	9.577960884635884e-12
sub-10	04	06	sub-10/ses-04/run-06/tsv-row-1	1	rest	1	6.252	5.0	1563	2813	sub-10/ses-04/eeg/sub-10_ses-04_task-imagery_run-06_eeg.edf	test_exploratory	94.87213373210851	False	7.733938161571845e-13	1.1027124688909007e-12	2.9703212653257844e-12	3.817774745659443e-12
sub-10	04	06	sub-10/ses-04/run-06/tsv-row-2	2	right_hand	2	13.124	5.0	3281	4531	sub-10/ses-04/eeg/sub-10_ses-04_task-imagery_run-06_eeg.edf	test_exploratory	147.40810174871055	False	7.026894706796161e-13	1.2693686424202154e-12	3.451293447716116e-12	4.653952465757719e-12
sub-10	04	06	sub-10/ses-04/run-06/tsv-row-3	3	rest	1	20.02	5.0	5005	6255	sub-10/ses-04/eeg/sub-10_ses-04_task-imagery_run-06_eeg.edf	test_exploratory	90.68043415631587	False	1.2299959009018608e-12	1.2981036467284407e-12	3.4692403989450007e-12	4.608189808486561e-12
sub-10	04	06	sub-10/ses-04/run-06/tsv-row-4	4	right_hand	2	26.9	5.0	6725	7975	sub-10/ses-04/eeg/sub-10_ses-04_task-imagery_run-06_eeg.edf	test_exploratory	101.57885305337697	False	9.889798506351239e-13	1.1706324563826438e-12	4.703242511300413e-12	4.249787217786103e-12
sub-10	04	06	sub-10/ses-04/run-06/tsv-row-5	5	right_hand	2	33.784	5.0	8446	9696	sub-10/ses-04/eeg/sub-10_ses-04_task-imagery_run-06_eeg.edf	test_exploratory	102.27746964934225	False	1.0057034999439305e-12	1.0590392710546604e-12	3.3086192025320698e-12	3.3271853050440066e-12
sub-10	04	06	sub-10/ses-04/run-06/tsv-row-6	6	rest	1	40.688	5.0	10172	11422	sub-10/ses-04/eeg/sub-10_ses-04_task-imagery_run-06_eeg.edf	test_exploratory	153.69565111239967	False	1.4047966344142115e-12	1.1767476431486757e-12	5.050195893638811e-12	4.737098423655457e-12
sub-10	04	06	sub-10/ses-04/run-06/tsv-row-7	7	rest	1	47.584	5.0	11896	13146	sub-10/ses-04/eeg/sub-10_ses-04_task-imagery_run-06_eeg.edf	test_exploratory	190.30316074098948	False	1.586073439811931e-12	1.2596034947883944e-12	5.4181333223209696e-12	4.696706908266763e-12
sub-10	04	06	sub-10/ses-04/run-06/tsv-row-8	8	right_hand	2	54.448	5.0	13612	14862	sub-10/ses-04/eeg/sub-10_ses-04_task-imagery_run-06_eeg.edf	test_exploratory	161.3804336680197	False	1.3314552438024441e-12	1.1707752243988225e-12	5.619524906350104e-12	4.3834644548981105e-12
sub-10	04	06	sub-10/ses-04/run-06/tsv-row-9	9	right_hand	2	61.328	5.0	15332	16582	sub-10/ses-04/eeg/sub-10_ses-04_task-imagery_run-06_eeg.edf	test_exploratory	130.0824101687673	False	1.2508196806024445e-12	1.4399347915920112e-12	4.066126797988322e-12	5.582364067431181e-12
sub-10	04	06	sub-10/ses-04/run-06/tsv-row-10	10	rest	1	68.252	5.0	17063	18313	sub-10/ses-04/eeg/sub-10_ses-04_task-imagery_run-06_eeg.edf	test_exploratory	712.7286512039552	False	7.951921557062137e-13	1.08146356419587e-12	2.6300283187467267e-12	5.084638856154832e-12
sub-10	04	06	sub-10/ses-04/run-06/tsv-row-11	11	rest	1	75.132	5.0	18783	20033	sub-10/ses-04/eeg/sub-10_ses-04_task-imagery_run-06_eeg.edf	test_exploratory	242.97885207678448	False	1.103772090282639e-12	1.426129513483566e-12	5.42889025782159e-12	5.2869771368122604e-12
sub-10	04	06	sub-10/ses-04/run-06/tsv-row-12	12	right_hand	2	81.996	5.0	20499	21749	sub-10/ses-04/eeg/sub-10_ses-04_task-imagery_run-06_eeg.edf	test_exploratory	315.07608478041936	False	1.3294938065772275e-12	1.1953558515099018e-12	5.047791842565784e-12	4.049413031077571e-12
sub-10	04	06	sub-10/ses-04/run-06/tsv-row-13	13	rest	1	88.912	5.0	22228	23478	sub-10/ses-04/eeg/sub-10_ses-04_task-imagery_run-06_eeg.edf	test_exploratory	104.79248939481782	False	1.3847545106332223e-12	1.39295224387967e-12	4.198545620289564e-12	6.096957156031957e-12
sub-10	04	06	sub-10/ses-04/run-06/tsv-row-14	14	right_hand	2	95.784	5.0	23946	25196	sub-10/ses-04/eeg/sub-10_ses-04_task-imagery_run-06_eeg.edf	test_exploratory	368.7298393505661	False	1.3914270965628723e-12	1.3183098387747002e-12	4.047183950899711e-12	5.9165323682290555e-12
sub-10	04	06	sub-10/ses-04/run-06/tsv-row-15	15	rest	1	102.68	5.0	25670	26920	sub-10/ses-04/eeg/sub-10_ses-04_task-imagery_run-06_eeg.edf	test_exploratory	554.5618538773765	False	1.854221448346771e-12	1.4697825823068932e-12	4.846360424178733e-12	6.898846471403257e-12
sub-10	04	06	sub-10/ses-04/run-06/tsv-row-16	16	right_hand	2	109.56	5.0	27390	28640	sub-10/ses-04/eeg/sub-10_ses-04_task-imagery_run-06_eeg.edf	test_exploratory	310.1857686086611	False	1.2541083115322494e-12	1.417735714859622e-12	4.903119727673597e-12	5.91762486461324e-12
sub-10	04	06	sub-10/ses-04/run-06/tsv-row-17	17	right_hand	2	116.44	5.0	29110	30360	sub-10/ses-04/eeg/sub-10_ses-04_task-imagery_run-06_eeg.edf	test_exploratory	976.107107882931	False	1.410026286315496e-12	1.3206228403618372e-12	5.409828383231872e-12	6.218592996536767e-12
sub-10	04	06	sub-10/ses-04/run-06/tsv-row-18	18	rest	1	123.348	5.0	30837	32087	sub-10/ses-04/eeg/sub-10_ses-04_task-imagery_run-06_eeg.edf	test_exploratory	254.575887569811	False	1.922102014171586e-12	1.1368300748826223e-12	6.2091025525369825e-12	4.646305556395267e-12
sub-10	04	06	sub-10/ses-04/run-06/tsv-row-19	19	right_hand	2	130.228	5.0	32557	33807	sub-10/ses-04/eeg/sub-10_ses-04_task-imagery_run-06_eeg.edf	test_exploratory	363.0011832636494	False	1.3322393556726344e-12	1.3359872787130553e-12	4.347403773029616e-12	5.1847482027305e-12
sub-10	04	06	sub-10/ses-04/run-06/tsv-row-20	20	rest	1	137.124	5.0	34281	35531	sub-10/ses-04/eeg/sub-10_ses-04_task-imagery_run-06_eeg.edf	test_exploratory	158.72569060335107	False	1.8045756006875974e-12	1.5870638175180571e-12	6.904045772479289e-12	6.572633978763967e-12
sub-10	04	06	sub-10/ses-04/run-06/tsv-row-21	21	right_hand	2	143.988	5.0	35997	37247	sub-10/ses-04/eeg/sub-10_ses-04_task-imagery_run-06_eeg.edf	test_exploratory	155.3723309427168	False	1.0482497115554162e-12	1.5001975640498723e-12	6.406926697825071e-12	5.2976240744464034e-12
sub-10	04	06	sub-10/ses-04/run-06/tsv-row-22	22	rest	1	150.896	5.0	37724	38974	sub-10/ses-04/eeg/sub-10_ses-04_task-imagery_run-06_eeg.edf	test_exploratory	211.54110525833914	False	2.925272744137693e-12	1.6120136792231306e-12	8.241821758186242e-12	5.41504395440264e-12
sub-10	04	06	sub-10/ses-04/run-06/tsv-row-23	23	right_hand	2	157.776	5.0	39444	40694	sub-10/ses-04/eeg/sub-10_ses-04_task-imagery_run-06_eeg.edf	test_exploratory	170.8816193731498	False	1.6180690999584874e-12	2.179358858979758e-12	4.3424283293997e-12	7.92182423187258e-12
sub-10	04	06	sub-10/ses-04/run-06/tsv-row-24	24	rest	1	164.672	5.0	41168	42418	sub-10/ses-04/eeg/sub-10_ses-04_task-imagery_run-06_eeg.edf	test_exploratory	139.58359587389745	False	1.5723451865983535e-12	1.4771748995584153e-12	4.678468574370541e-12	5.375182275746228e-12
sub-10	04	06	sub-10/ses-04/run-06/tsv-row-25	25	rest	1	171.552	5.0	42888	44138	sub-10/ses-04/eeg/sub-10_ses-04_task-imagery_run-06_eeg.edf	test_exploratory	1011.8762775963622	False	1.4231785396751673e-12	1.6101022025451288e-12	4.5513836043277286e-12	6.576977452554389e-12
sub-10	04	06	sub-10/ses-04/run-06/tsv-row-26	26	right_hand	2	178.432	5.0	44608	45858	sub-10/ses-04/eeg/sub-10_ses-04_task-imagery_run-06_eeg.edf	test_exploratory	443.4818151188696	False	1.4739225856381056e-12	1.367005232158101e-12	5.928938213504762e-12	6.072344691146263e-12
sub-10	04	06	sub-10/ses-04/run-06/tsv-row-27	27	right_hand	2	185.324	5.0	46331	47581	sub-10/ses-04/eeg/sub-10_ses-04_task-imagery_run-06_eeg.edf	test_exploratory	814.3075042573321	False	1.1576255335838433e-12	1.5519108493000334e-12	5.206322065269659e-12	7.186776893673764e-12
sub-10	04	06	sub-10/ses-04/run-06/tsv-row-28	28	rest	1	192.22	5.0	48055	49305	sub-10/ses-04/eeg/sub-10_ses-04_task-imagery_run-06_eeg.edf	test_exploratory	417.4932777489548	False	1.3345622158257362e-12	1.8502122419184286e-12	5.754745947743148e-12	7.1214929673191816e-12
sub-10	04	06	sub-10/ses-04/run-06/tsv-row-29	29	rest	1	199.116	5.0	49779	51029	sub-10/ses-04/eeg/sub-10_ses-04_task-imagery_run-06_eeg.edf	test_exploratory	112.33754863124477	False	1.5092474887622887e-12	1.7497573636559353e-12	4.5521749124855845e-12	5.885551225539528e-12
sub-10	04	06	sub-10/ses-04/run-06/tsv-row-30	30	right_hand	2	205.98	5.0	51495	52745	sub-10/ses-04/eeg/sub-10_ses-04_task-imagery_run-06_eeg.edf	test_exploratory	326.5333969542528	False	1.423122320855267e-12	2.1391567377101977e-12	4.305215223844327e-12	8.038351321181458e-12
sub-10	04	06	sub-10/ses-04/run-06/tsv-row-31	31	rest	1	212.888	5.0	53222	54472	sub-10/ses-04/eeg/sub-10_ses-04_task-imagery_run-06_eeg.edf	test_exploratory	1569.5120444959866	False	1.3635672701833314e-12	1.8658971357351043e-12	4.162153228126258e-12	8.455670977150715e-12
sub-10	04	06	sub-10/ses-04/run-06/tsv-row-32	32	right_hand	2	219.768	5.0	54942	56192	sub-10/ses-04/eeg/sub-10_ses-04_task-imagery_run-06_eeg.edf	test_exploratory	178.00750865199745	False	1.0928456378558232e-12	1.4911732110899386e-12	3.67471282277175e-12	6.0898812805274045e-12
