subject	session	run	trial_id	tsv_row	label	stored_event_value	onset_s	duration_s	start_sample	stop_sample_exclusive	source_file	source_length_samples	fixed_window_eligible	exclusion_reason	original_subject	signal_unit	onset_unit	duration_unit	sample_origin	original_header_file	declared_original_header_sha256	original_header_hash_verified	behavior_trial_outcome	behavior_score_denominator
sub-3	01	01	sub-3/ses-01/run-01/tsv-row-1	1	right_hand	2	6.764	5.0	1691	2941	sub-3/ses-01/eeg/sub-3_ses-01_task-imagery_run-01_eeg.edf	1250	True		sub-03	V	s	s	0	sub-03/ses-01/eeg/sub-03_ses-01_task-MotorImageryRest_run-01_eeg.vhdr	11ea299e7113f6b998f04387c5b4b81c577b51669ad81a12b61800d74453d6ce	True	unresolved	unresolved
sub-3	01	01	sub-3/ses-01/run-01/tsv-row-2	2	rest	1	13.672	5.0	3418	4668	sub-3/ses-01/eeg/sub-3_ses-01_task-imagery_run-01_eeg.edf	1250	True		sub-03	V	s	s	0	sub-03/ses-01/eeg/sub-03_ses-01_task-MotorImageryRest_run-01_eeg.vhdr	11ea299e7113f6b998f04387c5b4b81c577b51669ad81a12b61800d74453d6ce	True	unresolved	unresolved
sub-3	01	01	sub-3/ses-01/run-01/tsv-row-3	3	right_hand	2	20.54	5.0	5135	6385	sub-3/ses-01/eeg/sub-3_ses-01_task-imagery_run-01_eeg.edf	1250	True		sub-03	V	s	s	0	sub-03/ses-01/eeg/sub-03_ses-01_task-MotorImageryRest_run-01_eeg.vhdr	11ea299e7113f6b998f04387c5b4b81c577b51669ad81a12b61800d74453d6ce	True	unresolved	unresolved
sub-3	01	01	sub-3/ses-01/run-01/tsv-row-4	4	rest	1	27.428	5.0	6857	8107	sub-3/ses-01/eeg/sub-3_ses-01_task-imagery_run-01_eeg.edf	1250	True		sub-03	V	s	s	0	sub-03/ses-01/eeg/sub-03_ses-01_task-MotorImageryRest_run-01_eeg.vhdr	11ea299e7113f6b998f04387c5b4b81c577b51669ad81a12b61800d74453d6ce	True	unresolved	unresolved
sub-3	01	01	sub-3/ses-01/run-01/tsv-row-5	5	right_hand	2	34.312	5.0	8578	9828	sub-3/ses-01/eeg/sub-3_ses-01_task-imagery_run-01_eeg.edf	1250	True		sub-03	V	s	s	0	sub-03/ses-01/eeg/sub-03_ses-01_task-MotorImageryRest_run-01_eeg.vhdr	11ea299e7113f6b998f04387c5b4b81c577b51669ad81a12b61800d74453d6ce	True	unresolved	unresolved
sub-3	01	01	sub-3/ses-01/run-01/tsv-row-6	6	rest	1	41.22	5.0	10305	11555	sub-3/ses-01/eeg/sub-3_ses-01_task-imagery_run-01_eeg.edf	1250	True		sub-03	V	s	s	0	sub-03/ses-01/eeg/sub-03_ses-01_task-MotorImageryRest_run-01_eeg.vhdr	11ea299e7113f6b998f04387c5b4b81c577b51669ad81a12b61800d74453d6ce	True	unresolved	unresolved
sub-3	01	01	sub-3/ses-01/run-01/tsv-row-7	7	rest	1	48.104	5.0	12026	13276	sub-3/ses-01/eeg/sub-3_ses-01_task-imagery_run-01_eeg.edf	1250	True		sub-03	V	s	s	0	sub-03/ses-01/eeg/sub-03_ses-01_task-MotorImageryRest_run-01_eeg.vhdr	11ea299e7113f6b998f04387c5b4b81c577b51669ad81a12b61800d74453d6ce	True	unresolved	unresolved
sub-3	01	01	sub-3/ses-01/run-01/tsv-row-8	8	right_hand	2	54.972	5.0	13743	14993	sub-3/ses-01/eeg/sub-3_ses-01_task-imagery_run-01_eeg.edf	1250	True		sub-03	V	s	s	0	sub-03/ses-01/eeg/sub-03_ses-01_task-MotorImageryRest_run-01_eeg.vhdr	11ea299e7113f6b998f04387c5b4b81c577b51669ad81a12b61800d74453d6ce	True	unresolved	unresolved
sub-3	01	01	sub-3/ses-01/run-01/tsv-row-9	9	rest	1	61.88	5.0	15470	16720	sub-3/ses-01/eeg/sub-3_ses-01_task-imagery_run-01_eeg.edf	1250	True		sub-03	V	s	s	0	sub-03/ses-01/eeg/sub-03_ses-01_task-MotorImageryRest_run-01_eeg.vhdr	11ea299e7113f6b998f04387c5b4b81c577b51669ad81a12b61800d74453d6ce	True	unresolved	unresolved
sub-3	01	01	sub-3/ses-01/run-01/tsv-row-10	10	right_hand	2	68.764	5.0	17191	18441	sub-3/ses-01/eeg/sub-3_ses-01_task-imagery_run-01_eeg.edf	1250	True		sub-03	V	s	s	0	sub-03/ses-01/eeg/sub-03_ses-01_task-MotorImageryRest_run-01_eeg.vhdr	11ea299e7113f6b998f04387c5b4b81c577b51669ad81a12b61800d74453d6ce	True	unresolved	unresolved
sub-3	01	01	sub-3/ses-01/run-01/tsv-row-11	11	rest	1	75.636	5.0	18909	20159	sub-3/ses-01/eeg/sub-3_ses-01_task-imagery_run-01_eeg.edf	1250	True		sub-03	V	s	s	0	sub-03/ses-01/eeg/sub-03_ses-01_task-MotorImageryRest_run-01_eeg.vhdr	11ea299e7113f6b998f04387c5b4b81c577b51669ad81a12b61800d74453d6ce	True	unresolved	unresolved
sub-3	01	01	sub-3/ses-01/run-01/tsv-row-12	12	right_hand	2	82.536	5.0	20634	21884	sub-3/ses-01/eeg/sub-3_ses-01_task-imagery_run-01_eeg.edf	1250	True		sub-03	V	s	s	0	sub-03/ses-01/eeg/sub-03_ses-01_task-MotorImageryRest_run-01_eeg.vhdr	11ea299e7113f6b998f04387c5b4b81c577b51669ad81a12b61800d74453d6ce	True	unresolved	unresolved
sub-3	01	01	sub-3/ses-01/run-01/tsv-row-13	13	right_hand	2	89.424	5.0	22356	23606	sub-3/ses-01/eeg/sub-3_ses-01_task-imagery_run-01_eeg.edf	1250	True		sub-03	V	s	s	0	sub-03/ses-01/eeg/sub-03_ses-01_task-MotorImageryRest_run-01_eeg.vhdr	11ea299e7113f6b998f04387c5b4b81c577b51669ad81a12b61800d74453d6ce	True	unresolved	unresolved
sub-3	01	01	sub-3/ses-01/run-01/tsv-row-14	14	rest	1	96.312	5.0	24078	25328	sub-3/ses-01/eeg/sub-3_ses-01_task-imagery_run-01_eeg.edf	1250	True		sub-03	V	s	s	0	sub-03/ses-01/eeg/sub-03_ses-01_task-MotorImageryRest_run-01_eeg.vhdr	11ea299e7113f6b998f04387c5b4b81c577b51669ad81a12b61800d74453d6ce	True	unresolved	unresolved
sub-3	01	01	sub-3/ses-01/run-01/tsv-row-15	15	rest	1	103.216	5.0	25804	27054	sub-3/ses-01/eeg/sub-3_ses-01_task-imagery_run-01_eeg.edf	1250	True		sub-03	V	s	s	0	sub-03/ses-01/eeg/sub-03_ses-01_task-MotorImageryRest_run-01_eeg.vhdr	11ea299e7113f6b998f04387c5b4b81c577b51669ad81a12b61800d74453d6ce	True	unresolved	unresolved
sub-3	01	01	sub-3/ses-01/run-01/tsv-row-16	16	right_hand	2	110.084	5.0	27521	28771	sub-3/ses-01/eeg/sub-3_ses-01_task-imagery_run-01_eeg.edf	1250	True		sub-03	V	s	s	0	sub-03/ses-01/eeg/sub-03_ses-01_task-MotorImageryRest_run-01_eeg.vhdr	11ea299e7113f6b998f04387c5b4b81c577b51669ad81a12b61800d74453d6ce	True	unresolved	unresolved
sub-3	01	01	sub-3/ses-01/run-01/tsv-row-17	17	rest	1	116.972	5.0	29243	30493	sub-3/ses-01/eeg/sub-3_ses-01_task-imagery_run-01_eeg.edf	1250	True		sub-03	V	s	s	0	sub-03/ses-01/eeg/sub-03_ses-01_task-MotorImageryRest_run-01_eeg.vhdr	11ea299e7113f6b998f04387c5b4b81c577b51669ad81a12b61800d74453d6ce	True	unresolved	unresolved
sub-3	01	01	sub-3/ses-01/run-01/tsv-row-18	18	right_hand	2	123.876	5.0	30969	32219	sub-3/ses-01/eeg/sub-3_ses-01_task-imagery_run-01_eeg.edf	1250	True		sub-03	V	s	s	0	sub-03/ses-01/eeg/sub-03_ses-01_task-MotorImageryRest_run-01_eeg.vhdr	11ea299e7113f6b998f04387c5b4b81c577b51669ad81a12b61800d74453d6ce	True	unresolved	unresolved
sub-3	01	01	sub-3/ses-01/run-01/tsv-row-19	19	right_hand	2	130.76	5.0	32690	33940	sub-3/ses-01/eeg/sub-3_ses-01_task-imagery_run-01_eeg.edf	1250	True		sub-03	V	s	s	0	sub-03/ses-01/eeg/sub-03_ses-01_task-MotorImageryRest_run-01_eeg.vhdr	11ea299e7113f6b998f04387c5b4b81c577b51669ad81a12b61800d74453d6ce	True	unresolved	unresolved
sub-3	01	01	sub-3/ses-01/run-01/tsv-row-20	20	rest	1	137.632	5.0	34408	35658	sub-3/ses-01/eeg/sub-3_ses-01_task-imagery_run-01_eeg.edf	1250	True		sub-03	V	s	s	0	sub-03/ses-01/eeg/sub-03_ses-01_task-MotorImageryRest_run-01_eeg.vhdr	11ea299e7113f6b998f04387c5b4b81c577b51669ad81a12b61800d74453d6ce	True	unresolved	unresolved
sub-3	01	01	sub-3/ses-01/run-01/tsv-row-21	21	right_hand	2	144.536	5.0	36134	37384	sub-3/ses-01/eeg/sub-3_ses-01_task-imagery_run-01_eeg.edf	1250	True		sub-03	V	s	s	0	sub-03/ses-01/eeg/sub-03_ses-01_task-MotorImageryRest_run-01_eeg.vhdr	11ea299e7113f6b998f04387c5b4b81c577b51669ad81a12b61800d74453d6ce	True	unresolved	unresolved
sub-3	01	01	sub-3/ses-01/run-01/tsv-row-22	22	rest	1	151.424	5.0	37856	39106	sub-3/ses-01/eeg/sub-3_ses-01_task-imagery_run-01_eeg.edf	1250	True		sub-03	V	s	s	0	sub-03/ses-01/eeg/sub-03_ses-01_task-MotorImageryRest_run-01_eeg.vhdr	11ea299e7113f6b998f04387c5b4b81c577b51669ad81a12b61800d74453d6ce	True	unresolved	unresolved
sub-3	01	01	sub-3/ses-01/run-01/tsv-row-23	23	right_hand	2	158.308	5.0	39577	40827	sub-3/ses-01/eeg/sub-3_ses-01_task-imagery_run-01_eeg.edf	1250	True		sub-03	V	s	s	0	sub-03/ses-01/eeg/sub-03_ses-01_task-MotorImageryRest_run-01_eeg.vhdr	11ea299e7113f6b998f04387c5b4b81c577b51669ad81a12b61800d74453d6ce	True	unresolved	unresolved
sub-3	01	01	sub-3/ses-01/run-01/tsv-row-24	24	rest	1	165.196	5.0	41299	42549	sub-3/ses-01/eeg/sub-3_ses-01_task-imagery_run-01_eeg.edf	1250	True		sub-03	V	s	s	0	sub-03/ses-01/eeg/sub-03_ses-01_task-MotorImageryRest_run-01_eeg.vhdr	11ea299e7113f6b998f04387c5b4b81c577b51669ad81a12b61800d74453d6ce	True	unresolved	unresolved
sub-3	01	01	sub-3/ses-01/run-01/tsv-row-25	25	rest	1	172.084	5.0	43021	44271	sub-3/ses-01/eeg/sub-3_ses-01_task-imagery_run-01_eeg.edf	1250	True		sub-03	V	s	s	0	sub-03/ses-01/eeg/sub-03_ses-01_task-MotorImageryRest_run-01_eeg.vhdr	11ea299e7113f6b998f04387c5b4b81c577b51669ad81a12b61800d74453d6ce	True	unresolved	unresolved
sub-3	01	01	sub-3/ses-01/run-01/tsv-row-26	26	right_hand	2	178.968	5.0	44742	45992	sub-3/ses-01/eeg/sub-3_ses-01_task-imagery_run-01_eeg.edf	1250	True		sub-03	V	s	s	0	sub-03/ses-01/eeg/sub-03_ses-01_task-MotorImageryRest_run-01_eeg.vhdr	11ea299e7113f6b998f04387c5b4b81c577b51669ad81a12b61800d74453d6ce	True	unresolved	unresolved
sub-3	01	01	sub-3/ses-01/run-01/tsv-row-27	27	right_hand	2	185.856	5.0	46464	47714	sub-3/ses-01/eeg/sub-3_ses-01_task-imagery_run-01_eeg.edf	1250	True		sub-03	V	s	s	0	sub-03/ses-01/eeg/sub-03_ses-01_task-MotorImageryRest_run-01_eeg.vhdr	11ea299e7113f6b998f04387c5b4b81c577b51669ad81a12b61800d74453d6ce	True	unresolved	unresolved
sub-3	01	01	sub-3/ses-01/run-01/tsv-row-28	28	rest	1	192.744	5.0	48186	49436	sub-3/ses-01/eeg/sub-3_ses-01_task-imagery_run-01_eeg.edf	1250	True		sub-03	V	s	s	0	sub-03/ses-01/eeg/sub-03_ses-01_task-MotorImageryRest_run-01_eeg.vhdr	11ea299e7113f6b998f04387c5b4b81c577b51669ad81a12b61800d74453d6ce	True	unresolved	unresolved
sub-3	01	01	sub-3/ses-01/run-01/tsv-row-29	29	right_hand	2	199.628	5.0	49907	51157	sub-3/ses-01/eeg/sub-3_ses-01_task-imagery_run-01_eeg.edf	1250	True		sub-03	V	s	s	0	sub-03/ses-01/eeg/sub-03_ses-01_task-MotorImageryRest_run-01_eeg.vhdr	11ea299e7113f6b998f04387c5b4b81c577b51669ad81a12b61800d74453d6ce	True	unresolved	unresolved
sub-3	01	01	sub-3/ses-01/run-01/tsv-row-30	30	rest	1	206.52	5.0	51630	52880	sub-3/ses-01/eeg/sub-3_ses-01_task-imagery_run-01_eeg.edf	1250	True		sub-03	V	s	s	0	sub-03/ses-01/eeg/sub-03_ses-01_task-MotorImageryRest_run-01_eeg.vhdr	11ea299e7113f6b998f04387c5b4b81c577b51669ad81a12b61800d74453d6ce	True	unresolved	unresolved
sub-3	01	01	sub-3/ses-01/run-01/tsv-row-31	31	right_hand	2	213.42	5.0	53355	54605	sub-3/ses-01/eeg/sub-3_ses-01_task-imagery_run-01_eeg.edf	1250	True		sub-03	V	s	s	0	sub-03/ses-01/eeg/sub-03_ses-01_task-MotorImageryRest_run-01_eeg.vhdr	11ea299e7113f6b998f04387c5b4b81c577b51669ad81a12b61800d74453d6ce	True	unresolved	unresolved
sub-3	01	01	sub-3/ses-01/run-01/tsv-row-32	32	rest	1	220.292	5.0	55073	56323	sub-3/ses-01/eeg/sub-3_ses-01_task-imagery_run-01_eeg.edf	1250	True		sub-03	V	s	s	0	sub-03/ses-01/eeg/sub-03_ses-01_task-MotorImageryRest_run-01_eeg.vhdr	11ea299e7113f6b998f04387c5b4b81c577b51669ad81a12b61800d74453d6ce	True	unresolved	unresolved
sub-3	01	02	sub-3/ses-01/run-02/tsv-row-1	1	rest	1	4.432	5.0	1108	2358	sub-3/ses-01/eeg/sub-3_ses-01_task-imagery_run-02_eeg.edf	1250	True		sub-03	V	s	s	0	sub-03/ses-01/eeg/sub-03_ses-01_task-MotorImageryRest_run-02_eeg.vhdr	b17b8b5ab2d8211b3e4f51db0ad0b720e9aadb743a93d106684ac40408c6c8e3	True	unresolved	unresolved
sub-3	01	02	sub-3/ses-01/run-02/tsv-row-2	2	right_hand	2	11.32	5.0	2830	4080	sub-3/ses-01/eeg/sub-3_ses-01_task-imagery_run-02_eeg.edf	1250	True		sub-03	V	s	s	0	sub-03/ses-01/eeg/sub-03_ses-01_task-MotorImageryRest_run-02_eeg.vhdr	b17b8b5ab2d8211b3e4f51db0ad0b720e9aadb743a93d106684ac40408c6c8e3	True	unresolved	unresolved
sub-3	01	02	sub-3/ses-01/run-02/tsv-row-3	3	right_hand	2	18.224	5.0	4556	5806	sub-3/ses-01/eeg/sub-3_ses-01_task-imagery_run-02_eeg.edf	1250	True		sub-03	V	s	s	0	sub-03/ses-01/eeg/sub-03_ses-01_task-MotorImageryRest_run-02_eeg.vhdr	b17b8b5ab2d8211b3e4f51db0ad0b720e9aadb743a93d106684ac40408c6c8e3	True	unresolved	unresolved
sub-3	01	02	sub-3/ses-01/run-02/tsv-row-4	4	rest	1	25.112	5.0	6278	7528	sub-3/ses-01/eeg/sub-3_ses-01_task-imagery_run-02_eeg.edf	1250	True		sub-03	V	s	s	0	sub-03/ses-01/eeg/sub-03_ses-01_task-MotorImageryRest_run-02_eeg.vhdr	b17b8b5ab2d8211b3e4f51db0ad0b720e9aadb743a93d106684ac40408c6c8e3	True	unresolved	unresolved
sub-3	01	02	sub-3/ses-01/run-02/tsv-row-5	5	rest	1	32.0	5.0	8000	9250	sub-3/ses-01/eeg/sub-3_ses-01_task-imagery_run-02_eeg.edf	1250	True		sub-03	V	s	s	0	sub-03/ses-01/eeg/sub-03_ses-01_task-MotorImageryRest_run-02_eeg.vhdr	b17b8b5ab2d8211b3e4f51db0ad0b720e9aadb743a93d106684ac40408c6c8e3	True	unresolved	unresolved
sub-3	01	02	sub-3/ses-01/run-02/tsv-row-6	6	right_hand	2	38.884	5.0	9721	10971	sub-3/ses-01/eeg/sub-3_ses-01_task-imagery_run-02_eeg.edf	1250	True		sub-03	V	s	s	0	sub-03/ses-01/eeg/sub-03_ses-01_task-MotorImageryRest_run-02_eeg.vhdr	b17b8b5ab2d8211b3e4f51db0ad0b720e9aadb743a93d106684ac40408c6c8e3	True	unresolved	unresolved
sub-3	01	02	sub-3/ses-01/run-02/tsv-row-7	7	right_hand	2	45.772	5.0	11443	12693	sub-3/ses-01/eeg/sub-3_ses-01_task-imagery_run-02_eeg.edf	1250	True		sub-03	V	s	s	0	sub-03/ses-01/eeg/sub-03_ses-01_task-MotorImageryRest_run-02_eeg.vhdr	b17b8b5ab2d8211b3e4f51db0ad0b720e9aadb743a93d106684ac40408c6c8e3	True	unresolved	unresolved
sub-3	01	02	sub-3/ses-01/run-02/tsv-row-8	8	rest	1	52.66	5.0	13165	14415	sub-3/ses-01/eeg/sub-3_ses-01_task-imagery_run-02_eeg.edf	1250	True		sub-03	V	s	s	0	sub-03/ses-01/eeg/sub-03_ses-01_task-MotorImageryRest_run-02_eeg.vhdr	b17b8b5ab2d8211b3e4f51db0ad0b720e9aadb743a93d106684ac40408c6c8e3	True	unresolved	unresolved
sub-3	01	02	sub-3/ses-01/run-02/tsv-row-9	9	right_hand	2	59.544	5.0	14886	16136	sub-3/ses-01/eeg/sub-3_ses-01_task-imagery_run-02_eeg.edf	1250	True		sub-03	V	s	s	0	sub-03/ses-01/eeg/sub-03_ses-01_task-MotorImageryRest_run-02_eeg.vhdr	b17b8b5ab2d8211b3e4f51db0ad0b720e9aadb743a93d106684ac40408c6c8e3	True	unresolved	unresolved
sub-3	01	02	sub-3/ses-01/run-02/tsv-row-10	10	rest	1	66.436	5.0	16609	17859	sub-3/ses-01/eeg/sub-3_ses-01_task-imagery_run-02_eeg.edf	1250	True		sub-03	V	s	s	0	sub-03/ses-01/eeg/sub-03_ses-01_task-MotorImageryRest_run-02_eeg.vhdr	b17b8b5ab2d8211b3e4f51db0ad0b720e9aadb743a93d106684ac40408c6c8e3	True	unresolved	unresolved
sub-3	01	02	sub-3/ses-01/run-02/tsv-row-11	11	rest	1	73.336	5.0	18334	19584	sub-3/ses-01/eeg/sub-3_ses-01_task-imagery_run-02_eeg.edf	1250	True		sub-03	V	s	s	0	sub-03/ses-01/eeg/sub-03_ses-01_task-MotorImageryRest_run-02_eeg.vhdr	b17b8b5ab2d8211b3e4f51db0ad0b720e9aadb743a93d106684ac40408c6c8e3	True	unresolved	unresolved
sub-3	01	02	sub-3/ses-01/run-02/tsv-row-12	12	right_hand	2	80.224	5.0	20056	21306	sub-3/ses-01/eeg/sub-3_ses-01_task-imagery_run-02_eeg.edf	1250	True		sub-03	V	s	s	0	sub-03/ses-01/eeg/sub-03_ses-01_task-MotorImageryRest_run-02_eeg.vhdr	b17b8b5ab2d8211b3e4f51db0ad0b720e9aadb743a93d106684ac40408c6c8e3	True	unresolved	unresolved
sub-3	01	02	sub-3/ses-01/run-02/tsv-row-13	13	right_hand	2	87.108	5.0	21777	23027	sub-3/ses-01/eeg/sub-3_ses-01_task-imagery_run-02_eeg.edf	1250	True		sub-03	V	s	s	0	sub-03/ses-01/eeg/sub-03_ses-01_task-MotorImageryRest_run-02_eeg.vhdr	b17b8b5ab2d8211b3e4f51db0ad0b720e9aadb743a93d106684ac40408c6c8e3	True	unresolved	unresolved
sub-3	01	02	sub-3/ses-01/run-02/tsv-row-14	14	rest	1	93.98	5.0	23495	24745	sub-3/ses-01/eeg/sub-3_ses-01_task-imagery_run-02_eeg.edf	1250	True		sub-03	V	s	s	0	sub-03/ses-01/eeg/sub-03_ses-01_task-MotorImageryRest_run-02_eeg.vhdr	b17b8b5ab2d8211b3e4f51db0ad0b720e9aadb743a93d106684ac40408c6c8e3	True	unresolved	unresolved
sub-3	01	02	sub-3/ses-01/run-02/tsv-row-15	15	right_hand	2	100.884	5.0	25221	26471	sub-3/ses-01/eeg/sub-3_ses-01_task-imagery_run-02_eeg.edf	1250	True		sub-03	V	s	s	0	sub-03/ses-01/eeg/sub-03_ses-01_task-MotorImageryRest_run-02_eeg.vhdr	b17b8b5ab2d8211b3e4f51db0ad0b720e9aadb743a93d106684ac40408c6c8e3	True	unresolved	unresolved
sub-3	01	02	sub-3/ses-01/run-02/tsv-row-16	16	rest	1	107.772	5.0	26943	28193	sub-3/ses-01/eeg/sub-3_ses-01_task-imagery_run-02_eeg.edf	1250	True		sub-03	V	s	s	0	sub-03/ses-01/eeg/sub-03_ses-01_task-MotorImageryRest_run-02_eeg.vhdr	b17b8b5ab2d8211b3e4f51db0ad0b720e9aadb743a93d106684ac40408c6c8e3	True	unresolved	unresolved
sub-3	01	02	sub-3/ses-01/run-02/tsv-row-17	17	right_hand	2	114.64	5.0	28660	29910	sub-3/ses-01/eeg/sub-3_ses-01_task-imagery_run-02_eeg.edf	1250	True		sub-03	V	s	s	0	sub-03/ses-01/eeg/sub-03_ses-01_task-MotorImageryRest_run-02_eeg.vhdr	b17b8b5ab2d8211b3e4f51db0ad0b720e9aadb743a93d106684ac40408c6c8e3	True	unresolved	unresolved
sub-3	01	02	sub-3/ses-01/run-02/tsv-row-18	18	rest	1	121.544	5.0	30386	31636	sub-3/ses-01/eeg/sub-3_ses-01_task-imagery_run-02_eeg.edf	1250	True		sub-03	V	s	s	0	sub-03/ses-01/eeg/sub-03_ses-01_task-MotorImageryRest_run-02_eeg.vhdr	b17b8b5ab2d8211b3e4f51db0ad0b720e9aadb743a93d106684ac40408c6c8e3	True	unresolved	unresolved
sub-3	01	02	sub-3/ses-01/run-02/tsv-row-19	19	right_hand	2	128.432	5.0	32108	33358	sub-3/ses-01/eeg/sub-3_ses-01_task-imagery_run-02_eeg.edf	1250	True		sub-03	V	s	s	0	sub-03/ses-01/eeg/sub-03_ses-01_task-MotorImageryRest_run-02_eeg.vhdr	b17b8b5ab2d8211b3e4f51db0ad0b720e9aadb743a93d106684ac40408c6c8e3	True	unresolved	unresolved
sub-3	01	02	sub-3/ses-01/run-02/tsv-row-20	20	rest	1	135.32	5.0	33830	35080	sub-3/ses-01/eeg/sub-3_ses-01_task-imagery_run-02_eeg.edf	1250	True		sub-03	V	s	s	0	sub-03/ses-01/eeg/sub-03_ses-01_task-MotorImageryRest_run-02_eeg.vhdr	b17b8b5ab2d8211b3e4f51db0ad0b720e9aadb743a93d106684ac40408c6c8e3	True	unresolved	unresolved
sub-3	01	02	sub-3/ses-01/run-02/tsv-row-21	21	rest	1	142.204	5.0	35551	36801	sub-3/ses-01/eeg/sub-3_ses-01_task-imagery_run-02_eeg.edf	1250	True		sub-03	V	s	s	0	sub-03/ses-01/eeg/sub-03_ses-01_task-MotorImageryRest_run-02_eeg.vhdr	b17b8b5ab2d8211b3e4f51db0ad0b720e9aadb743a93d106684ac40408c6c8e3	True	unresolved	unresolved
sub-3	01	02	sub-3/ses-01/run-02/tsv-row-22	22	right_hand	2	149.092	5.0	37273	38523	sub-3/ses-01/eeg/sub-3_ses-01_task-imagery_run-02_eeg.edf	1250	True		sub-03	V	s	s	0	sub-03/ses-01/eeg/sub-03_ses-01_task-MotorImageryRest_run-02_eeg.vhdr	b17b8b5ab2d8211b3e4f51db0ad0b720e9aadb743a93d106684ac40408c6c8e3	True	unresolved	unresolved
sub-3	01	02	sub-3/ses-01/run-02/tsv-row-23	23	rest	1	155.98	5.0	38995	40245	sub-3/ses-01/eeg/sub-3_ses-01_task-imagery_run-02_eeg.edf	1250	True		sub-03	V	s	s	0	sub-03/ses-01/eeg/sub-03_ses-01_task-MotorImageryRest_run-02_eeg.vhdr	b17b8b5ab2d8211b3e4f51db0ad0b720e9aadb743a93d106684ac40408c6c8e3	True	unresolved	unresolved
sub-3	01	02	sub-3/ses-01/run-02/tsv-row-24	24	right_hand	2	162.88	5.0	40720	41970	sub-3/ses-01/eeg/sub-3_ses-01_task-imagery_run-02_eeg.edf	1250	True		sub-03	V	s	s	0	sub-03/ses-01/eeg/sub-03_ses-01_task-MotorImageryRest_run-02_eeg.vhdr	b17b8b5ab2d8211b3e4f51db0ad0b720e9aadb743a93d106684ac40408c6c8e3	True	unresolved	unresolved
sub-3	01	02	sub-3/ses-01/run-02/tsv-row-25	25	rest	1	169.752	5.0	42438	43688	sub-3/ses-01/eeg/sub-3_ses-01_task-imagery_run-02_eeg.edf	1250	True		sub-03	V	s	s	0	sub-03/ses-01/eeg/sub-03_ses-01_task-MotorImageryRest_run-02_eeg.vhdr	b17b8b5ab2d8211b3e4f51db0ad0b720e9aadb743a93d106684ac40408c6c8e3	True	unresolved	unresolved
sub-3	01	02	sub-3/ses-01/run-02/tsv-row-26	26	right_hand	2	176.64	5.0	44160	45410	sub-3/ses-01/eeg/sub-3_ses-01_task-imagery_run-02_eeg.edf	1250	True		sub-03	V	s	s	0	sub-03/ses-01/eeg/sub-03_ses-01_task-MotorImageryRest_run-02_eeg.vhdr	b17b8b5ab2d8211b3e4f51db0ad0b720e9aadb743a93d106684ac40408c6c8e3	True	unresolved	unresolved
sub-3	01	02	sub-3/ses-01/run-02/tsv-row-27	27	rest	1	183.528	5.0	45882	47132	sub-3/ses-01/eeg/sub-3_ses-01_task-imagery_run-02_eeg.edf	1250	True		sub-03	V	s	s	0	sub-03/ses-01/eeg/sub-03_ses-01_task-MotorImageryRest_run-02_eeg.vhdr	b17b8b5ab2d8211b3e4f51db0ad0b720e9aadb743a93d106684ac40408c6c8e3	True	unresolved	unresolved
sub-3	01	02	sub-3/ses-01/run-02/tsv-row-28	28	right_hand	2	190.428	5.0	47607	48857	sub-3/ses-01/eeg/sub-3_ses-01_task-imagery_run-02_eeg.edf	1250	True		sub-03	V	s	s	0	sub-03/ses-01/eeg/sub-03_ses-01_task-MotorImageryRest_run-02_eeg.vhdr	b17b8b5ab2d8211b3e4f51db0ad0b720e9aadb743a93d106684ac40408c6c8e3	True	unresolved	unresolved
sub-3	01	02	sub-3/ses-01/run-02/tsv-row-29	29	right_hand	2	197.316	5.0	49329	50579	sub-3/ses-01/eeg/sub-3_ses-01_task-imagery_run-02_eeg.edf	1250	True		sub-03	V	s	s	0	sub-03/ses-01/eeg/sub-03_ses-01_task-MotorImageryRest_run-02_eeg.vhdr	b17b8b5ab2d8211b3e4f51db0ad0b720e9aadb743a93d106684ac40408c6c8e3	True	unresolved	unresolved
sub-3	01	02	sub-3/ses-01/run-02/tsv-row-30	30	rest	1	204.188	5.0	51047	52297	sub-3/ses-01/eeg/sub-3_ses-01_task-imagery_run-02_eeg.edf	1250	True		sub-03	V	s	s	0	sub-03/ses-01/eeg/sub-03_ses-01_task-MotorImageryRest_run-02_eeg.vhdr	b17b8b5ab2d8211b3e4f51db0ad0b720e9aadb743a93d106684ac40408c6c8e3	True	unresolved	unresolved
sub-3	01	02	sub-3/ses-01/run-02/tsv-row-31	31	right_hand	2	211.088	5.0	52772	54022	sub-3/ses-01/eeg/sub-3_ses-01_task-imagery_run-02_eeg.edf	1250	True		sub-03	V	s	s	0	sub-03/ses-01/eeg/sub-03_ses-01_task-MotorImageryRest_run-02_eeg.vhdr	b17b8b5ab2d8211b3e4f51db0ad0b720e9aadb743a93d106684ac40408c6c8e3	True	unresolved	unresolved
sub-3	01	02	sub-3/ses-01/run-02/tsv-row-32	32	rest	1	217.976	5.0	54494	55744	sub-3/ses-01/eeg/sub-3_ses-01_task-imagery_run-02_eeg.edf	1250	True		sub-03	V	s	s	0	sub-03/ses-01/eeg/sub-03_ses-01_task-MotorImageryRest_run-02_eeg.vhdr	b17b8b5ab2d8211b3e4f51db0ad0b720e9aadb743a93d106684ac40408c6c8e3	True	unresolved	unresolved
sub-3	01	03	sub-3/ses-01/run-03/tsv-row-1	1	right_hand	2	6.3	5.0	1575	2825	sub-3/ses-01/eeg/sub-3_ses-01_task-imagery_run-03_eeg.edf	1250	True		sub-03	V	s	s	0	sub-03/ses-01/eeg/sub-03_ses-01_task-MotorImageryRest_run-03_eeg.vhdr	d229a07e3367e44bb46d35d8ff2abc4e8a8302c61fc532ebdb1b7ece06cfb8e6	True	unresolved	unresolved
sub-3	01	03	sub-3/ses-01/run-03/tsv-row-2	2	rest	1	13.176	5.0	3294	4544	sub-3/ses-01/eeg/sub-3_ses-01_task-imagery_run-03_eeg.edf	1250	True		sub-03	V	s	s	0	sub-03/ses-01/eeg/sub-03_ses-01_task-MotorImageryRest_run-03_eeg.vhdr	d229a07e3367e44bb46d35d8ff2abc4e8a8302c61fc532ebdb1b7ece06cfb8e6	True	unresolved	unresolved
sub-3	01	03	sub-3/ses-01/run-03/tsv-row-3	3	right_hand	2	20.06	5.0	5015	6265	sub-3/ses-01/eeg/sub-3_ses-01_task-imagery_run-03_eeg.edf	1250	True		sub-03	V	s	s	0	sub-03/ses-01/eeg/sub-03_ses-01_task-MotorImageryRest_run-03_eeg.vhdr	d229a07e3367e44bb46d35d8ff2abc4e8a8302c61fc532ebdb1b7ece06cfb8e6	True	unresolved	unresolved
sub-3	01	03	sub-3/ses-01/run-03/tsv-row-4	4	rest	1	26.964	5.0	6741	7991	sub-3/ses-01/eeg/sub-3_ses-01_task-imagery_run-03_eeg.edf	1250	True		sub-03	V	s	s	0	sub-03/ses-01/eeg/sub-03_ses-01_task-MotorImageryRest_run-03_eeg.vhdr	d229a07e3367e44bb46d35d8ff2abc4e8a8302c61fc532ebdb1b7ece06cfb8e6	True	unresolved	unresolved
sub-3	01	03	sub-3/ses-01/run-03/tsv-row-5	5	right_hand	2	33.852	5.0	8463	9713	sub-3/ses-01/eeg/sub-3_ses-01_task-imagery_run-03_eeg.edf	1250	True		sub-03	V	s	s	0	sub-03/ses-01/eeg/sub-03_ses-01_task-MotorImageryRest_run-03_eeg.vhdr	d229a07e3367e44bb46d35d8ff2abc4e8a8302c61fc532ebdb1b7ece06cfb8e6	True	unresolved	unresolved
sub-3	01	03	sub-3/ses-01/run-03/tsv-row-6	6	rest	1	40.72	5.0	10180	11430	sub-3/ses-01/eeg/sub-3_ses-01_task-imagery_run-03_eeg.edf	1250	True		sub-03	V	s	s	0	sub-03/ses-01/eeg/sub-03_ses-01_task-MotorImageryRest_run-03_eeg.vhdr	d229a07e3367e44bb46d35d8ff2abc4e8a8302c61fc532ebdb1b7ece06cfb8e6	True	unresolved	unresolved
sub-3	01	03	sub-3/ses-01/run-03/tsv-row-7	7	right_hand	2	47.624	5.0	11906	13156	sub-3/ses-01/eeg/sub-3_ses-01_task-imagery_run-03_eeg.edf	1250	True		sub-03	V	s	s	0	sub-03/ses-01/eeg/sub-03_ses-01_task-MotorImageryRest_run-03_eeg.vhdr	d229a07e3367e44bb46d35d8ff2abc4e8a8302c61fc532ebdb1b7ece06cfb8e6	True	unresolved	unresolved
sub-3	01	03	sub-3/ses-01/run-03/tsv-row-8	8	rest	1	54.512	5.0	13628	14878	sub-3/ses-01/eeg/sub-3_ses-01_task-imagery_run-03_eeg.edf	1250	True		sub-03	V	s	s	0	sub-03/ses-01/eeg/sub-03_ses-01_task-MotorImageryRest_run-03_eeg.vhdr	d229a07e3367e44bb46d35d8ff2abc4e8a8302c61fc532ebdb1b7ece06cfb8e6	True	unresolved	unresolved
sub-3	01	03	sub-3/ses-01/run-03/tsv-row-9	9	right_hand	2	61.396	5.0	15349	16599	sub-3/ses-01/eeg/sub-3_ses-01_task-imagery_run-03_eeg.edf	1250	True		sub-03	V	s	s	0	sub-03/ses-01/eeg/sub-03_ses-01_task-MotorImageryRest_run-03_eeg.vhdr	d229a07e3367e44bb46d35d8ff2abc4e8a8302c61fc532ebdb1b7ece06cfb8e6	True	unresolved	unresolved
sub-3	01	03	sub-3/ses-01/run-03/tsv-row-10	10	rest	1	68.288	5.0	17072	18322	sub-3/ses-01/eeg/sub-3_ses-01_task-imagery_run-03_eeg.edf	1250	True		sub-03	V	s	s	0	sub-03/ses-01/eeg/sub-03_ses-01_task-MotorImageryRest_run-03_eeg.vhdr	d229a07e3367e44bb46d35d8ff2abc4e8a8302c61fc532ebdb1b7ece06cfb8e6	True	unresolved	unresolved
sub-3	01	03	sub-3/ses-01/run-03/tsv-row-11	11	right_hand	2	75.172	5.0	18793	20043	sub-3/ses-01/eeg/sub-3_ses-01_task-imagery_run-03_eeg.edf	1250	True		sub-03	V	s	s	0	sub-03/ses-01/eeg/sub-03_ses-01_task-MotorImageryRest_run-03_eeg.vhdr	d229a07e3367e44bb46d35d8ff2abc4e8a8302c61fc532ebdb1b7ece06cfb8e6	True	unresolved	unresolved
sub-3	01	03	sub-3/ses-01/run-03/tsv-row-12	12	rest	1	82.06	5.0	20515	21765	sub-3/ses-01/eeg/sub-3_ses-01_task-imagery_run-03_eeg.edf	1250	True		sub-03	V	s	s	0	sub-03/ses-01/eeg/sub-03_ses-01_task-MotorImageryRest_run-03_eeg.vhdr	d229a07e3367e44bb46d35d8ff2abc4e8a8302c61fc532ebdb1b7ece06cfb8e6	True	unresolved	unresolved
sub-3	01	03	sub-3/ses-01/run-03/tsv-row-13	13	rest	1	88.964	5.0	22241	23491	sub-3/ses-01/eeg/sub-3_ses-01_task-imagery_run-03_eeg.edf	1250	True		sub-03	V	s	s	0	sub-03/ses-01/eeg/sub-03_ses-01_task-MotorImageryRest_run-03_eeg.vhdr	d229a07e3367e44bb46d35d8ff2abc4e8a8302c61fc532ebdb1b7ece06cfb8e6	True	unresolved	unresolved
sub-3	01	03	sub-3/ses-01/run-03/tsv-row-14	14	right_hand	2	95.832	5.0	23958	25208	sub-3/ses-01/eeg/sub-3_ses-01_task-imagery_run-03_eeg.edf	1250	True		sub-03	V	s	s	0	sub-03/ses-01/eeg/sub-03_ses-01_task-MotorImageryRest_run-03_eeg.vhdr	d229a07e3367e44bb46d35d8ff2abc4e8a8302c61fc532ebdb1b7ece06cfb8e6	True	unresolved	unresolved
sub-3	01	03	sub-3/ses-01/run-03/tsv-row-15	15	right_hand	2	102.736	5.0	25684	26934	sub-3/ses-01/eeg/sub-3_ses-01_task-imagery_run-03_eeg.edf	1250	True		sub-03	V	s	s	0	sub-03/ses-01/eeg/sub-03_ses-01_task-MotorImageryRest_run-03_eeg.vhdr	d229a07e3367e44bb46d35d8ff2abc4e8a8302c61fc532ebdb1b7ece06cfb8e6	True	unresolved	unresolved
sub-3	01	03	sub-3/ses-01/run-03/tsv-row-16	16	rest	1	109.608	5.0	27402	28652	sub-3/ses-01/eeg/sub-3_ses-01_task-imagery_run-03_eeg.edf	1250	True		sub-03	V	s	s	0	sub-03/ses-01/eeg/sub-03_ses-01_task-MotorImageryRest_run-03_eeg.vhdr	d229a07e3367e44bb46d35d8ff2abc4e8a8302c61fc532ebdb1b7ece06cfb8e6	True	unresolved	unresolved
sub-3	01	03	sub-3/ses-01/run-03/tsv-row-17	17	right_hand	2	116.508	5.0	29127	30377	sub-3/ses-01/eeg/sub-3_ses-01_task-imagery_run-03_eeg.edf	1250	True		sub-03	V	s	s	0	sub-03/ses-01/eeg/sub-03_ses-01_task-MotorImageryRest_run-03_eeg.vhdr	d229a07e3367e44bb46d35d8ff2abc4e8a8302c61fc532ebdb1b7ece06cfb8e6	True	unresolved	unresolved
sub-3	01	03	sub-3/ses-01/run-03/tsv-row-18	18	rest	1	123.38	5.0	30845	32095	sub-3/ses-01/eeg/sub-3_ses-01_task-imagery_run-03_eeg.edf	1250	True		sub-03	V	s	s	0	sub-03/ses-01/eeg/sub-03_ses-01_task-MotorImageryRest_run-03_eeg.vhdr	d229a07e3367e44bb46d35d8ff2abc4e8a8302c61fc532ebdb1b7ece06cfb8e6	True	unresolved	unresolved
sub-3	01	03	sub-3/ses-01/run-03/tsv-row-19	19	right_hand	2	130.264	5.0	32566	33816	sub-3/ses-01/eeg/sub-3_ses-01_task-imagery_run-03_eeg.edf	1250	True		sub-03	V	s	s	0	sub-03/ses-01/eeg/sub-03_ses-01_task-MotorImageryRest_run-03_eeg.vhdr	d229a07e3367e44bb46d35d8ff2abc4e8a8302c61fc532ebdb1b7ece06cfb8e6	True	unresolved	unresolved
sub-3	01	03	sub-3/ses-01/run-03/tsv-row-20	20	rest	1	137.172	5.0	34293	35543	sub-3/ses-01/eeg/sub-3_ses-01_task-imagery_run-03_eeg.edf	1250	True		sub-03	V	s	s	0	sub-03/ses-01/eeg/sub-03_ses-01_task-MotorImageryRest_run-03_eeg.vhdr	d229a07e3367e44bb46d35d8ff2abc4e8a8302c61fc532ebdb1b7ece06cfb8e6	True	unresolved	unresolved
sub-3	01	03	sub-3/ses-01/run-03/tsv-row-21	21	right_hand	2	144.056	5.0	36014	37264	sub-3/ses-01/eeg/sub-3_ses-01_task-imagery_run-03_eeg.edf	1250	True		sub-03	V	s	s	0	sub-03/ses-01/eeg/sub-03_ses-01_task-MotorImageryRest_run-03_eeg.vhdr	d229a07e3367e44bb46d35d8ff2abc4e8a8302c61fc532ebdb1b7ece06cfb8e6	True	unresolved	unresolved
sub-3	01	03	sub-3/ses-01/run-03/tsv-row-22	22	rest	1	150.944	5.0	37736	38986	sub-3/ses-01/eeg/sub-3_ses-01_task-imagery_run-03_eeg.edf	1250	True		sub-03	V	s	s	0	sub-03/ses-01/eeg/sub-03_ses-01_task-MotorImageryRest_run-03_eeg.vhdr	d229a07e3367e44bb46d35d8ff2abc4e8a8302c61fc532ebdb1b7ece06cfb8e6	True	unresolved	unresolved
sub-3	01	03	sub-3/ses-01/run-03/tsv-row-23	23	right_hand	2	157.828	5.0	39457	40707	sub-3/ses-01/eeg/sub-3_ses-01_task-imagery_run-03_eeg.edf	1250	True		sub-03	V	s	s	0	sub-03/ses-01/eeg/sub-03_ses-01_task-MotorImageryRest_run-03_eeg.vhdr	d229a07e3367e44bb46d35d8ff2abc4e8a8302c61fc532ebdb1b7ece06cfb8e6	True	unresolved	unresolved
sub-3	01	03	sub-3/ses-01/run-03/tsv-row-24	24	rest	1	164.716	5.0	41179	42429	sub-3/ses-01/eeg/sub-3_ses-01_task-imagery_run-03_eeg.edf	1250	True		sub-03	V	s	s	0	sub-03/ses-01/eeg/sub-03_ses-01_task-MotorImageryRest_run-03_eeg.vhdr	d229a07e3367e44bb46d35d8ff2abc4e8a8302c61fc532ebdb1b7ece06cfb8e6	True	unresolved	unresolved
sub-3	01	03	sub-3/ses-01/run-03/tsv-row-25	25	rest	1	171.604	5.0	42901	44151	sub-3/ses-01/eeg/sub-3_ses-01_task-imagery_run-03_eeg.edf	1250	True		sub-03	V	s	s	0	sub-03/ses-01/eeg/sub-03_ses-01_task-MotorImageryRest_run-03_eeg.vhdr	d229a07e3367e44bb46d35d8ff2abc4e8a8302c61fc532ebdb1b7ece06cfb8e6	True	unresolved	unresolved
sub-3	01	03	sub-3/ses-01/run-03/tsv-row-26	26	rest	1	189.58	5.0	47395	48645	sub-3/ses-01/eeg/sub-3_ses-01_task-imagery_run-03_eeg.edf	1250	True		sub-03	V	s	s	0	sub-03/ses-01/eeg/sub-03_ses-01_task-MotorImageryRest_run-03_eeg.vhdr	d229a07e3367e44bb46d35d8ff2abc4e8a8302c61fc532ebdb1b7ece06cfb8e6	True	unresolved	unresolved
sub-3	01	03	sub-3/ses-01/run-03/tsv-row-27	27	right_hand	2	196.464	5.0	49116	50366	sub-3/ses-01/eeg/sub-3_ses-01_task-imagery_run-03_eeg.edf	1250	True		sub-03	V	s	s	0	sub-03/ses-01/eeg/sub-03_ses-01_task-MotorImageryRest_run-03_eeg.vhdr	d229a07e3367e44bb46d35d8ff2abc4e8a8302c61fc532ebdb1b7ece06cfb8e6	True	unresolved	unresolved
sub-3	01	03	sub-3/ses-01/run-03/tsv-row-28	28	rest	1	203.372	5.0	50843	52093	sub-3/ses-01/eeg/sub-3_ses-01_task-imagery_run-03_eeg.edf	1250	True		sub-03	V	s	s	0	sub-03/ses-01/eeg/sub-03_ses-01_task-MotorImageryRest_run-03_eeg.vhdr	d229a07e3367e44bb46d35d8ff2abc4e8a8302c61fc532ebdb1b7ece06cfb8e6	True	unresolved	unresolved
sub-3	01	03	sub-3/ses-01/run-03/tsv-row-29	29	right_hand	2	210.24	5.0	52560	53810	sub-3/ses-01/eeg/sub-3_ses-01_task-imagery_run-03_eeg.edf	1250	True		sub-03	V	s	s	0	sub-03/ses-01/eeg/sub-03_ses-01_task-MotorImageryRest_run-03_eeg.vhdr	d229a07e3367e44bb46d35d8ff2abc4e8a8302c61fc532ebdb1b7ece06cfb8e6	True	unresolved	unresolved
sub-3	01	03	sub-3/ses-01/run-03/tsv-row-30	30	right_hand	2	217.124	5.0	54281	55531	sub-3/ses-01/eeg/sub-3_ses-01_task-imagery_run-03_eeg.edf	1250	True		sub-03	V	s	s	0	sub-03/ses-01/eeg/sub-03_ses-01_task-MotorImageryRest_run-03_eeg.vhdr	d229a07e3367e44bb46d35d8ff2abc4e8a8302c61fc532ebdb1b7ece06cfb8e6	True	unresolved	unresolved
sub-3	01	04	sub-3/ses-01/run-04/tsv-row-1	1	rest	1	7.612	5.0	1903	3153	sub-3/ses-01/eeg/sub-3_ses-01_task-imagery_run-04_eeg.edf	1250	True		sub-03	V	s	s	0	sub-03/ses-01/eeg/sub-03_ses-01_task-MotorImageryRest_run-04_eeg.vhdr	51cdcaa5763d1480806b4e95547129ca2a9d19e98365c7edea6de58b2c54acb4	True	unresolved	unresolved
sub-3	01	04	sub-3/ses-01/run-04/tsv-row-2	2	right_hand	2	14.484	5.0	3621	4871	sub-3/ses-01/eeg/sub-3_ses-01_task-imagery_run-04_eeg.edf	1250	True		sub-03	V	s	s	0	sub-03/ses-01/eeg/sub-03_ses-01_task-MotorImageryRest_run-04_eeg.vhdr	51cdcaa5763d1480806b4e95547129ca2a9d19e98365c7edea6de58b2c54acb4	True	unresolved	unresolved
sub-3	01	04	sub-3/ses-01/run-04/tsv-row-3	3	rest	1	21.392	5.0	5348	6598	sub-3/ses-01/eeg/sub-3_ses-01_task-imagery_run-04_eeg.edf	1250	True		sub-03	V	s	s	0	sub-03/ses-01/eeg/sub-03_ses-01_task-MotorImageryRest_run-04_eeg.vhdr	51cdcaa5763d1480806b4e95547129ca2a9d19e98365c7edea6de58b2c54acb4	True	unresolved	unresolved
sub-3	01	04	sub-3/ses-01/run-04/tsv-row-4	4	right_hand	2	28.276	5.0	7069	8319	sub-3/ses-01/eeg/sub-3_ses-01_task-imagery_run-04_eeg.edf	1250	True		sub-03	V	s	s	0	sub-03/ses-01/eeg/sub-03_ses-01_task-MotorImageryRest_run-04_eeg.vhdr	51cdcaa5763d1480806b4e95547129ca2a9d19e98365c7edea6de58b2c54acb4	True	unresolved	unresolved
sub-3	01	04	sub-3/ses-01/run-04/tsv-row-5	5	right_hand	2	35.164	5.0	8791	10041	sub-3/ses-01/eeg/sub-3_ses-01_task-imagery_run-04_eeg.edf	1250	True		sub-03	V	s	s	0	sub-03/ses-01/eeg/sub-03_ses-01_task-MotorImageryRest_run-04_eeg.vhdr	51cdcaa5763d1480806b4e95547129ca2a9d19e98365c7edea6de58b2c54acb4	True	unresolved	unresolved
sub-3	01	04	sub-3/ses-01/run-04/tsv-row-6	6	rest	1	42.052	5.0	10513	11763	sub-3/ses-01/eeg/sub-3_ses-01_task-imagery_run-04_eeg.edf	1250	True		sub-03	V	s	s	0	sub-03/ses-01/eeg/sub-03_ses-01_task-MotorImageryRest_run-04_eeg.vhdr	51cdcaa5763d1480806b4e95547129ca2a9d19e98365c7edea6de58b2c54acb4	True	unresolved	unresolved
sub-3	01	04	sub-3/ses-01/run-04/tsv-row-7	7	right_hand	2	48.936	5.0	12234	13484	sub-3/ses-01/eeg/sub-3_ses-01_task-imagery_run-04_eeg.edf	1250	True		sub-03	V	s	s	0	sub-03/ses-01/eeg/sub-03_ses-01_task-MotorImageryRest_run-04_eeg.vhdr	51cdcaa5763d1480806b4e95547129ca2a9d19e98365c7edea6de58b2c54acb4	True	unresolved	unresolved
sub-3	01	04	sub-3/ses-01/run-04/tsv-row-8	8	rest	1	55.824	5.0	13956	15206	sub-3/ses-01/eeg/sub-3_ses-01_task-imagery_run-04_eeg.edf	1250	True		sub-03	V	s	s	0	sub-03/ses-01/eeg/sub-03_ses-01_task-MotorImageryRest_run-04_eeg.vhdr	51cdcaa5763d1480806b4e95547129ca2a9d19e98365c7edea6de58b2c54acb4	True	unresolved	unresolved
sub-3	01	04	sub-3/ses-01/run-04/tsv-row-9	9	rest	1	62.728	5.0	15682	16932	sub-3/ses-01/eeg/sub-3_ses-01_task-imagery_run-04_eeg.edf	1250	True		sub-03	V	s	s	0	sub-03/ses-01/eeg/sub-03_ses-01_task-MotorImageryRest_run-04_eeg.vhdr	51cdcaa5763d1480806b4e95547129ca2a9d19e98365c7edea6de58b2c54acb4	True	unresolved	unresolved
sub-3	01	04	sub-3/ses-01/run-04/tsv-row-10	10	right_hand	2	69.596	5.0	17399	18649	sub-3/ses-01/eeg/sub-3_ses-01_task-imagery_run-04_eeg.edf	1250	True		sub-03	V	s	s	0	sub-03/ses-01/eeg/sub-03_ses-01_task-MotorImageryRest_run-04_eeg.vhdr	51cdcaa5763d1480806b4e95547129ca2a9d19e98365c7edea6de58b2c54acb4	True	unresolved	unresolved
sub-3	01	04	sub-3/ses-01/run-04/tsv-row-11	11	rest	1	76.484	5.0	19121	20371	sub-3/ses-01/eeg/sub-3_ses-01_task-imagery_run-04_eeg.edf	1250	True		sub-03	V	s	s	0	sub-03/ses-01/eeg/sub-03_ses-01_task-MotorImageryRest_run-04_eeg.vhdr	51cdcaa5763d1480806b4e95547129ca2a9d19e98365c7edea6de58b2c54acb4	True	unresolved	unresolved
sub-3	01	04	sub-3/ses-01/run-04/tsv-row-12	12	right_hand	2	83.372	5.0	20843	22093	sub-3/ses-01/eeg/sub-3_ses-01_task-imagery_run-04_eeg.edf	1250	True		sub-03	V	s	s	0	sub-03/ses-01/eeg/sub-03_ses-01_task-MotorImageryRest_run-04_eeg.vhdr	51cdcaa5763d1480806b4e95547129ca2a9d19e98365c7edea6de58b2c54acb4	True	unresolved	unresolved
sub-3	01	04	sub-3/ses-01/run-04/tsv-row-13	13	rest	1	90.276	5.0	22569	23819	sub-3/ses-01/eeg/sub-3_ses-01_task-imagery_run-04_eeg.edf	1250	True		sub-03	V	s	s	0	sub-03/ses-01/eeg/sub-03_ses-01_task-MotorImageryRest_run-04_eeg.vhdr	51cdcaa5763d1480806b4e95547129ca2a9d19e98365c7edea6de58b2c54acb4	True	unresolved	unresolved
sub-3	01	04	sub-3/ses-01/run-04/tsv-row-14	14	right_hand	2	97.144	5.0	24286	25536	sub-3/ses-01/eeg/sub-3_ses-01_task-imagery_run-04_eeg.edf	1250	True		sub-03	V	s	s	0	sub-03/ses-01/eeg/sub-03_ses-01_task-MotorImageryRest_run-04_eeg.vhdr	51cdcaa5763d1480806b4e95547129ca2a9d19e98365c7edea6de58b2c54acb4	True	unresolved	unresolved
sub-3	01	04	sub-3/ses-01/run-04/tsv-row-15	15	right_hand	2	104.048	5.0	26012	27262	sub-3/ses-01/eeg/sub-3_ses-01_task-imagery_run-04_eeg.edf	1250	True		sub-03	V	s	s	0	sub-03/ses-01/eeg/sub-03_ses-01_task-MotorImageryRest_run-04_eeg.vhdr	51cdcaa5763d1480806b4e95547129ca2a9d19e98365c7edea6de58b2c54acb4	True	unresolved	unresolved
sub-3	01	04	sub-3/ses-01/run-04/tsv-row-16	16	rest	1	110.936	5.0	27734	28984	sub-3/ses-01/eeg/sub-3_ses-01_task-imagery_run-04_eeg.edf	1250	True		sub-03	V	s	s	0	sub-03/ses-01/eeg/sub-03_ses-01_task-MotorImageryRest_run-04_eeg.vhdr	51cdcaa5763d1480806b4e95547129ca2a9d19e98365c7edea6de58b2c54acb4	True	unresolved	unresolved
sub-3	01	04	sub-3/ses-01/run-04/tsv-row-17	17	right_hand	2	117.82	5.0	29455	30705	sub-3/ses-01/eeg/sub-3_ses-01_task-imagery_run-04_eeg.edf	1250	True		sub-03	V	s	s	0	sub-03/ses-01/eeg/sub-03_ses-01_task-MotorImageryRest_run-04_eeg.vhdr	51cdcaa5763d1480806b4e95547129ca2a9d19e98365c7edea6de58b2c54acb4	True	unresolved	unresolved
sub-3	01	04	sub-3/ses-01/run-04/tsv-row-18	18	rest	1	124.692	5.0	31173	32423	sub-3/ses-01/eeg/sub-3_ses-01_task-imagery_run-04_eeg.edf	1250	True		sub-03	V	s	s	0	sub-03/ses-01/eeg/sub-03_ses-01_task-MotorImageryRest_run-04_eeg.vhdr	51cdcaa5763d1480806b4e95547129ca2a9d19e98365c7edea6de58b2c54acb4	True	unresolved	unresolved
sub-3	01	04	sub-3/ses-01/run-04/tsv-row-19	19	rest	1	131.596	5.0	32899	34149	sub-3/ses-01/eeg/sub-3_ses-01_task-imagery_run-04_eeg.edf	1250	True		sub-03	V	s	s	0	sub-03/ses-01/eeg/sub-03_ses-01_task-MotorImageryRest_run-04_eeg.vhdr	51cdcaa5763d1480806b4e95547129ca2a9d19e98365c7edea6de58b2c54acb4	True	unresolved	unresolved
sub-3	01	04	sub-3/ses-01/run-04/tsv-row-20	20	right_hand	2	138.48	5.0	34620	35870	sub-3/ses-01/eeg/sub-3_ses-01_task-imagery_run-04_eeg.edf	1250	True		sub-03	V	s	s	0	sub-03/ses-01/eeg/sub-03_ses-01_task-MotorImageryRest_run-04_eeg.vhdr	51cdcaa5763d1480806b4e95547129ca2a9d19e98365c7edea6de58b2c54acb4	True	unresolved	unresolved
sub-3	01	04	sub-3/ses-01/run-04/tsv-row-21	21	right_hand	2	145.368	5.0	36342	37592	sub-3/ses-01/eeg/sub-3_ses-01_task-imagery_run-04_eeg.edf	1250	True		sub-03	V	s	s	0	sub-03/ses-01/eeg/sub-03_ses-01_task-MotorImageryRest_run-04_eeg.vhdr	51cdcaa5763d1480806b4e95547129ca2a9d19e98365c7edea6de58b2c54acb4	True	unresolved	unresolved
sub-3	01	04	sub-3/ses-01/run-04/tsv-row-22	22	rest	1	152.256	5.0	38064	39314	sub-3/ses-01/eeg/sub-3_ses-01_task-imagery_run-04_eeg.edf	1250	True		sub-03	V	s	s	0	sub-03/ses-01/eeg/sub-03_ses-01_task-MotorImageryRest_run-04_eeg.vhdr	51cdcaa5763d1480806b4e95547129ca2a9d19e98365c7edea6de58b2c54acb4	True	unresolved	unresolved
sub-3	01	04	sub-3/ses-01/run-04/tsv-row-23	23	right_hand	2	159.14	5.0	39785	41035	sub-3/ses-01/eeg/sub-3_ses-01_task-imagery_run-04_eeg.edf	1250	True		sub-03	V	s	s	0	sub-03/ses-01/eeg/sub-03_ses-01_task-MotorImageryRest_run-04_eeg.vhdr	51cdcaa5763d1480806b4e95547129ca2a9d19e98365c7edea6de58b2c54acb4	True	unresolved	unresolved
sub-3	01	04	sub-3/ses-01/run-04/tsv-row-24	24	rest	1	166.028	5.0	41507	42757	sub-3/ses-01/eeg/sub-3_ses-01_task-imagery_run-04_eeg.edf	1250	True		sub-03	V	s	s	0	sub-03/ses-01/eeg/sub-03_ses-01_task-MotorImageryRest_run-04_eeg.vhdr	51cdcaa5763d1480806b4e95547129ca2a9d19e98365c7edea6de58b2c54acb4	True	unresolved	unresolved
sub-3	01	04	sub-3/ses-01/run-04/tsv-row-25	25	rest	1	172.932	5.0	43233	44483	sub-3/ses-01/eeg/sub-3_ses-01_task-imagery_run-04_eeg.edf	1250	True		sub-03	V	s	s	0	sub-03/ses-01/eeg/sub-03_ses-01_task-MotorImageryRest_run-04_eeg.vhdr	51cdcaa5763d1480806b4e95547129ca2a9d19e98365c7edea6de58b2c54acb4	True	unresolved	unresolved
sub-3	01	04	sub-3/ses-01/run-04/tsv-row-26	26	right_hand	2	179.804	5.0	44951	46201	sub-3/ses-01/eeg/sub-3_ses-01_task-imagery_run-04_eeg.edf	1250	True		sub-03	V	s	s	0	sub-03/ses-01/eeg/sub-03_ses-01_task-MotorImageryRest_run-04_eeg.vhdr	51cdcaa5763d1480806b4e95547129ca2a9d19e98365c7edea6de58b2c54acb4	True	unresolved	unresolved
sub-3	01	04	sub-3/ses-01/run-04/tsv-row-27	27	right_hand	2	186.688	5.0	46672	47922	sub-3/ses-01/eeg/sub-3_ses-01_task-imagery_run-04_eeg.edf	1250	True		sub-03	V	s	s	0	sub-03/ses-01/eeg/sub-03_ses-01_task-MotorImageryRest_run-04_eeg.vhdr	51cdcaa5763d1480806b4e95547129ca2a9d19e98365c7edea6de58b2c54acb4	True	unresolved	unresolved
sub-3	01	04	sub-3/ses-01/run-04/tsv-row-28	28	rest	1	193.596	5.0	48399	49649	sub-3/ses-01/eeg/sub-3_ses-01_task-imagery_run-04_eeg.edf	1250	True		sub-03	V	s	s	0	sub-03/ses-01/eeg/sub-03_ses-01_task-MotorImageryRest_run-04_eeg.vhdr	51cdcaa5763d1480806b4e95547129ca2a9d19e98365c7edea6de58b2c54acb4	True	unresolved	unresolved
sub-3	01	04	sub-3/ses-01/run-04/tsv-row-29	29	right_hand	2	200.48	5.0	50120	51370	sub-3/ses-01/eeg/sub-3_ses-01_task-imagery_run-04_eeg.edf	1250	True		sub-03	V	s	s	0	sub-03/ses-01/eeg/sub-03_ses-01_task-MotorImageryRest_run-04_eeg.vhdr	51cdcaa5763d1480806b4e95547129ca2a9d19e98365c7edea6de58b2c54acb4	True	unresolved	unresolved
sub-3	01	04	sub-3/ses-01/run-04/tsv-row-30	30	rest	1	207.368	5.0	51842	53092	sub-3/ses-01/eeg/sub-3_ses-01_task-imagery_run-04_eeg.edf	1250	True		sub-03	V	s	s	0	sub-03/ses-01/eeg/sub-03_ses-01_task-MotorImageryRest_run-04_eeg.vhdr	51cdcaa5763d1480806b4e95547129ca2a9d19e98365c7edea6de58b2c54acb4	True	unresolved	unresolved
sub-3	01	04	sub-3/ses-01/run-04/tsv-row-31	31	right_hand	2	214.252	5.0	53563	54813	sub-3/ses-01/eeg/sub-3_ses-01_task-imagery_run-04_eeg.edf	1250	True		sub-03	V	s	s	0	sub-03/ses-01/eeg/sub-03_ses-01_task-MotorImageryRest_run-04_eeg.vhdr	51cdcaa5763d1480806b4e95547129ca2a9d19e98365c7edea6de58b2c54acb4	True	unresolved	unresolved
sub-3	01	04	sub-3/ses-01/run-04/tsv-row-32	32	rest	1	221.14	5.0	55285	56535	sub-3/ses-01/eeg/sub-3_ses-01_task-imagery_run-04_eeg.edf	1250	True		sub-03	V	s	s	0	sub-03/ses-01/eeg/sub-03_ses-01_task-MotorImageryRest_run-04_eeg.vhdr	51cdcaa5763d1480806b4e95547129ca2a9d19e98365c7edea6de58b2c54acb4	True	unresolved	unresolved
sub-3	01	05	sub-3/ses-01/run-05/tsv-row-1	1	right_hand	2	5.816	5.0	1454	2704	sub-3/ses-01/eeg/sub-3_ses-01_task-imagery_run-05_eeg.edf	1250	True		sub-03	V	s	s	0	sub-03/ses-01/eeg/sub-03_ses-01_task-MotorImageryRest_run-05_eeg.vhdr	2d27346f84ddc275722f72011114bf440eda0db74cf2edd3c8d1b7d103347d55	True	unresolved	unresolved
sub-3	01	05	sub-3/ses-01/run-05/tsv-row-2	2	rest	1	12.708	5.0	3177	4427	sub-3/ses-01/eeg/sub-3_ses-01_task-imagery_run-05_eeg.edf	1250	True		sub-03	V	s	s	0	sub-03/ses-01/eeg/sub-03_ses-01_task-MotorImageryRest_run-05_eeg.vhdr	2d27346f84ddc275722f72011114bf440eda0db74cf2edd3c8d1b7d103347d55	True	unresolved	unresolved
sub-3	01	05	sub-3/ses-01/run-05/tsv-row-3	3	right_hand	2	19.596	5.0	4899	6149	sub-3/ses-01/eeg/sub-3_ses-01_task-imagery_run-05_eeg.edf	1250	True		sub-03	V	s	s	0	sub-03/ses-01/eeg/sub-03_ses-01_task-MotorImageryRest_run-05_eeg.vhdr	2d27346f84ddc275722f72011114bf440eda0db74cf2edd3c8d1b7d103347d55	True	unresolved	unresolved
sub-3	01	05	sub-3/ses-01/run-05/tsv-row-4	4	rest	1	26.484	5.0	6621	7871	sub-3/ses-01/eeg/sub-3_ses-01_task-imagery_run-05_eeg.edf	1250	True		sub-03	V	s	s	0	sub-03/ses-01/eeg/sub-03_ses-01_task-MotorImageryRest_run-05_eeg.vhdr	2d27346f84ddc275722f72011114bf440eda0db74cf2edd3c8d1b7d103347d55	True	unresolved	unresolved
sub-3	01	05	sub-3/ses-01/run-05/tsv-row-5	5	right_hand	2	33.368	5.0	8342	9592	sub-3/ses-01/eeg/sub-3_ses-01_task-imagery_run-05_eeg.edf	1250	True		sub-03	V	s	s	0	sub-03/ses-01/eeg/sub-03_ses-01_task-MotorImageryRest_run-05_eeg.vhdr	2d27346f84ddc275722f72011114bf440eda0db74cf2edd3c8d1b7d103347d55	True	unresolved	unresolved
sub-3	01	05	sub-3/ses-01/run-05/tsv-row-6	6	rest	1	40.256	5.0	10064	11314	sub-3/ses-01/eeg/sub-3_ses-01_task-imagery_run-05_eeg.edf	1250	True		sub-03	V	s	s	0	sub-03/ses-01/eeg/sub-03_ses-01_task-MotorImageryRest_run-05_eeg.vhdr	2d27346f84ddc275722f72011114bf440eda0db74cf2edd3c8d1b7d103347d55	True	unresolved	unresolved
sub-3	01	05	sub-3/ses-01/run-05/tsv-row-7	7	right_hand	2	47.14	5.0	11785	13035	sub-3/ses-01/eeg/sub-3_ses-01_task-imagery_run-05_eeg.edf	1250	True		sub-03	V	s	s	0	sub-03/ses-01/eeg/sub-03_ses-01_task-MotorImageryRest_run-05_eeg.vhdr	2d27346f84ddc275722f72011114bf440eda0db74cf2edd3c8d1b7d103347d55	True	unresolved	unresolved
sub-3	01	05	sub-3/ses-01/run-05/tsv-row-8	8	rest	1	54.032	5.0	13508	14758	sub-3/ses-01/eeg/sub-3_ses-01_task-imagery_run-05_eeg.edf	1250	True		sub-03	V	s	s	0	sub-03/ses-01/eeg/sub-03_ses-01_task-MotorImageryRest_run-05_eeg.vhdr	2d27346f84ddc275722f72011114bf440eda0db74cf2edd3c8d1b7d103347d55	True	unresolved	unresolved
sub-3	01	05	sub-3/ses-01/run-05/tsv-row-9	9	rest	1	60.932	5.0	15233	16483	sub-3/ses-01/eeg/sub-3_ses-01_task-imagery_run-05_eeg.edf	1250	True		sub-03	V	s	s	0	sub-03/ses-01/eeg/sub-03_ses-01_task-MotorImageryRest_run-05_eeg.vhdr	2d27346f84ddc275722f72011114bf440eda0db74cf2edd3c8d1b7d103347d55	True	unresolved	unresolved
sub-3	01	05	sub-3/ses-01/run-05/tsv-row-10	10	right_hand	2	67.82	5.0	16955	18205	sub-3/ses-01/eeg/sub-3_ses-01_task-imagery_run-05_eeg.edf	1250	True		sub-03	V	s	s	0	sub-03/ses-01/eeg/sub-03_ses-01_task-MotorImageryRest_run-05_eeg.vhdr	2d27346f84ddc275722f72011114bf440eda0db74cf2edd3c8d1b7d103347d55	True	unresolved	unresolved
sub-3	01	05	sub-3/ses-01/run-05/tsv-row-11	11	rest	1	74.692	5.0	18673	19923	sub-3/ses-01/eeg/sub-3_ses-01_task-imagery_run-05_eeg.edf	1250	True		sub-03	V	s	s	0	sub-03/ses-01/eeg/sub-03_ses-01_task-MotorImageryRest_run-05_eeg.vhdr	2d27346f84ddc275722f72011114bf440eda0db74cf2edd3c8d1b7d103347d55	True	unresolved	unresolved
sub-3	01	05	sub-3/ses-01/run-05/tsv-row-12	12	right_hand	2	81.576	5.0	20394	21644	sub-3/ses-01/eeg/sub-3_ses-01_task-imagery_run-05_eeg.edf	1250	True		sub-03	V	s	s	0	sub-03/ses-01/eeg/sub-03_ses-01_task-MotorImageryRest_run-05_eeg.vhdr	2d27346f84ddc275722f72011114bf440eda0db74cf2edd3c8d1b7d103347d55	True	unresolved	unresolved
sub-3	01	05	sub-3/ses-01/run-05/tsv-row-13	13	right_hand	2	88.48	5.0	22120	23370	sub-3/ses-01/eeg/sub-3_ses-01_task-imagery_run-05_eeg.edf	1250	True		sub-03	V	s	s	0	sub-03/ses-01/eeg/sub-03_ses-01_task-MotorImageryRest_run-05_eeg.vhdr	2d27346f84ddc275722f72011114bf440eda0db74cf2edd3c8d1b7d103347d55	True	unresolved	unresolved
sub-3	01	05	sub-3/ses-01/run-05/tsv-row-14	14	rest	1	95.368	5.0	23842	25092	sub-3/ses-01/eeg/sub-3_ses-01_task-imagery_run-05_eeg.edf	1250	True		sub-03	V	s	s	0	sub-03/ses-01/eeg/sub-03_ses-01_task-MotorImageryRest_run-05_eeg.vhdr	2d27346f84ddc275722f72011114bf440eda0db74cf2edd3c8d1b7d103347d55	True	unresolved	unresolved
sub-3	01	05	sub-3/ses-01/run-05/tsv-row-15	15	rest	1	102.256	5.0	25564	26814	sub-3/ses-01/eeg/sub-3_ses-01_task-imagery_run-05_eeg.edf	1250	True		sub-03	V	s	s	0	sub-03/ses-01/eeg/sub-03_ses-01_task-MotorImageryRest_run-05_eeg.vhdr	2d27346f84ddc275722f72011114bf440eda0db74cf2edd3c8d1b7d103347d55	True	unresolved	unresolved
sub-3	01	05	sub-3/ses-01/run-05/tsv-row-16	16	right_hand	2	109.14	5.0	27285	28535	sub-3/ses-01/eeg/sub-3_ses-01_task-imagery_run-05_eeg.edf	1250	True		sub-03	V	s	s	0	sub-03/ses-01/eeg/sub-03_ses-01_task-MotorImageryRest_run-05_eeg.vhdr	2d27346f84ddc275722f72011114bf440eda0db74cf2edd3c8d1b7d103347d55	True	unresolved	unresolved
sub-3	01	05	sub-3/ses-01/run-05/tsv-row-17	17	rest	1	116.028	5.0	29007	30257	sub-3/ses-01/eeg/sub-3_ses-01_task-imagery_run-05_eeg.edf	1250	True		sub-03	V	s	s	0	sub-03/ses-01/eeg/sub-03_ses-01_task-MotorImageryRest_run-05_eeg.vhdr	2d27346f84ddc275722f72011114bf440eda0db74cf2edd3c8d1b7d103347d55	True	unresolved	unresolved
sub-3	01	05	sub-3/ses-01/run-05/tsv-row-18	18	right_hand	2	122.912	5.0	30728	31978	sub-3/ses-01/eeg/sub-3_ses-01_task-imagery_run-05_eeg.edf	1250	True		sub-03	V	s	s	0	sub-03/ses-01/eeg/sub-03_ses-01_task-MotorImageryRest_run-05_eeg.vhdr	2d27346f84ddc275722f72011114bf440eda0db74cf2edd3c8d1b7d103347d55	True	unresolved	unresolved
sub-3	01	05	sub-3/ses-01/run-05/tsv-row-19	19	right_hand	2	129.8	5.0	32450	33700	sub-3/ses-01/eeg/sub-3_ses-01_task-imagery_run-05_eeg.edf	1250	True		sub-03	V	s	s	0	sub-03/ses-01/eeg/sub-03_ses-01_task-MotorImageryRest_run-05_eeg.vhdr	2d27346f84ddc275722f72011114bf440eda0db74cf2edd3c8d1b7d103347d55	True	unresolved	unresolved
sub-3	01	05	sub-3/ses-01/run-05/tsv-row-20	20	rest	1	136.688	5.0	34172	35422	sub-3/ses-01/eeg/sub-3_ses-01_task-imagery_run-05_eeg.edf	1250	True		sub-03	V	s	s	0	sub-03/ses-01/eeg/sub-03_ses-01_task-MotorImageryRest_run-05_eeg.vhdr	2d27346f84ddc275722f72011114bf440eda0db74cf2edd3c8d1b7d103347d55	True	unresolved	unresolved
sub-3	01	05	sub-3/ses-01/run-05/tsv-row-21	21	right_hand	2	143.572	5.0	35893	37143	sub-3/ses-01/eeg/sub-3_ses-01_task-imagery_run-05_eeg.edf	1250	True		sub-03	V	s	s	0	sub-03/ses-01/eeg/sub-03_ses-01_task-MotorImageryRest_run-05_eeg.vhdr	2d27346f84ddc275722f72011114bf440eda0db74cf2edd3c8d1b7d103347d55	True	unresolved	unresolved
sub-3	01	05	sub-3/ses-01/run-05/tsv-row-22	22	rest	1	150.48	5.0	37620	38870	sub-3/ses-01/eeg/sub-3_ses-01_task-imagery_run-05_eeg.edf	1250	True		sub-03	V	s	s	0	sub-03/ses-01/eeg/sub-03_ses-01_task-MotorImageryRest_run-05_eeg.vhdr	2d27346f84ddc275722f72011114bf440eda0db74cf2edd3c8d1b7d103347d55	True	unresolved	unresolved
sub-3	01	05	sub-3/ses-01/run-05/tsv-row-23	23	right_hand	2	157.348	5.0	39337	40587	sub-3/ses-01/eeg/sub-3_ses-01_task-imagery_run-05_eeg.edf	1250	True		sub-03	V	s	s	0	sub-03/ses-01/eeg/sub-03_ses-01_task-MotorImageryRest_run-05_eeg.vhdr	2d27346f84ddc275722f72011114bf440eda0db74cf2edd3c8d1b7d103347d55	True	unresolved	unresolved
sub-3	01	05	sub-3/ses-01/run-05/tsv-row-24	24	rest	1	164.236	5.0	41059	42309	sub-3/ses-01/eeg/sub-3_ses-01_task-imagery_run-05_eeg.edf	1250	True		sub-03	V	s	s	0	sub-03/ses-01/eeg/sub-03_ses-01_task-MotorImageryRest_run-05_eeg.vhdr	2d27346f84ddc275722f72011114bf440eda0db74cf2edd3c8d1b7d103347d55	True	unresolved	unresolved
sub-3	01	05	sub-3/ses-01/run-05/tsv-row-25	25	rest	1	171.14	5.0	42785	44035	sub-3/ses-01/eeg/sub-3_ses-01_task-imagery_run-05_eeg.edf	1250	True		sub-03	V	s	s	0	sub-03/ses-01/eeg/sub-03_ses-01_task-MotorImageryRest_run-05_eeg.vhdr	2d27346f84ddc275722f72011114bf440eda0db74cf2edd3c8d1b7d103347d55	True	unresolved	unresolved
sub-3	01	05	sub-3/ses-01/run-05/tsv-row-26	26	right_hand	2	178.024	5.0	44506	45756	sub-3/ses-01/eeg/sub-3_ses-01_task-imagery_run-05_eeg.edf	1250	True		sub-03	V	s	s	0	sub-03/ses-01/eeg/sub-03_ses-01_task-MotorImageryRest_run-05_eeg.vhdr	2d27346f84ddc275722f72011114bf440eda0db74cf2edd3c8d1b7d103347d55	True	unresolved	unresolved
sub-3	01	05	sub-3/ses-01/run-05/tsv-row-27	27	rest	1	184.896	5.0	46224	47474	sub-3/ses-01/eeg/sub-3_ses-01_task-imagery_run-05_eeg.edf	1250	True		sub-03	V	s	s	0	sub-03/ses-01/eeg/sub-03_ses-01_task-MotorImageryRest_run-05_eeg.vhdr	2d27346f84ddc275722f72011114bf440eda0db74cf2edd3c8d1b7d103347d55	True	unresolved	unresolved
sub-3	01	05	sub-3/ses-01/run-05/tsv-row-28	28	right_hand	2	191.8	5.0	47950	49200	sub-3/ses-01/eeg/sub-3_ses-01_task-imagery_run-05_eeg.edf	1250	True		sub-03	V	s	s	0	sub-03/ses-01/eeg/sub-03_ses-01_task-MotorImageryRest_run-05_eeg.vhdr	2d27346f84ddc275722f72011114bf440eda0db74cf2edd3c8d1b7d103347d55	True	unresolved	unresolved
sub-3	01	05	sub-3/ses-01/run-05/tsv-row-29	29	right_hand	2	198.684	5.0	49671	50921	sub-3/ses-01/eeg/sub-3_ses-01_task-imagery_run-05_eeg.edf	1250	True		sub-03	V	s	s	0	sub-03/ses-01/eeg/sub-03_ses-01_task-MotorImageryRest_run-05_eeg.vhdr	2d27346f84ddc275722f72011114bf440eda0db74cf2edd3c8d1b7d103347d55	True	unresolved	unresolved
sub-3	01	05	sub-3/ses-01/run-05/tsv-row-30	30	rest	1	205.572	5.0	51393	52643	sub-3/ses-01/eeg/sub-3_ses-01_task-imagery_run-05_eeg.edf	1250	True		sub-03	V	s	s	0	sub-03/ses-01/eeg/sub-03_ses-01_task-MotorImageryRest_run-05_eeg.vhdr	2d27346f84ddc275722f72011114bf440eda0db74cf2edd3c8d1b7d103347d55	True	unresolved	unresolved
sub-3	01	05	sub-3/ses-01/run-05/tsv-row-31	31	rest	1	212.444	5.0	53111	54361	sub-3/ses-01/eeg/sub-3_ses-01_task-imagery_run-05_eeg.edf	1250	True		sub-03	V	s	s	0	sub-03/ses-01/eeg/sub-03_ses-01_task-MotorImageryRest_run-05_eeg.vhdr	2d27346f84ddc275722f72011114bf440eda0db74cf2edd3c8d1b7d103347d55	True	unresolved	unresolved
sub-3	01	05	sub-3/ses-01/run-05/tsv-row-32	32	right_hand	2	219.344	5.0	54836	56086	sub-3/ses-01/eeg/sub-3_ses-01_task-imagery_run-05_eeg.edf	1250	True		sub-03	V	s	s	0	sub-03/ses-01/eeg/sub-03_ses-01_task-MotorImageryRest_run-05_eeg.vhdr	2d27346f84ddc275722f72011114bf440eda0db74cf2edd3c8d1b7d103347d55	True	unresolved	unresolved
sub-3	01	06	sub-3/ses-01/run-06/tsv-row-1	1	rest	1	4.996	5.0	1249	2499	sub-3/ses-01/eeg/sub-3_ses-01_task-imagery_run-06_eeg.edf	1250	True		sub-03	V	s	s	0	sub-03/ses-01/eeg/sub-03_ses-01_task-MotorImageryRest_run-06_eeg.vhdr	61809ce2d02dd00dde835d6c805ec758974e39d968785f74f5a59997f6712d50	True	unresolved	unresolved
sub-3	01	06	sub-3/ses-01/run-06/tsv-row-2	2	right_hand	2	11.888	5.0	2972	4222	sub-3/ses-01/eeg/sub-3_ses-01_task-imagery_run-06_eeg.edf	1250	True		sub-03	V	s	s	0	sub-03/ses-01/eeg/sub-03_ses-01_task-MotorImageryRest_run-06_eeg.vhdr	61809ce2d02dd00dde835d6c805ec758974e39d968785f74f5a59997f6712d50	True	unresolved	unresolved
sub-3	01	06	sub-3/ses-01/run-06/tsv-row-3	3	right_hand	2	18.788	5.0	4697	5947	sub-3/ses-01/eeg/sub-3_ses-01_task-imagery_run-06_eeg.edf	1250	True		sub-03	V	s	s	0	sub-03/ses-01/eeg/sub-03_ses-01_task-MotorImageryRest_run-06_eeg.vhdr	61809ce2d02dd00dde835d6c805ec758974e39d968785f74f5a59997f6712d50	True	unresolved	unresolved
sub-3	01	06	sub-3/ses-01/run-06/tsv-row-4	4	rest	1	25.68	5.0	6420	7670	sub-3/ses-01/eeg/sub-3_ses-01_task-imagery_run-06_eeg.edf	1250	True		sub-03	V	s	s	0	sub-03/ses-01/eeg/sub-03_ses-01_task-MotorImageryRest_run-06_eeg.vhdr	61809ce2d02dd00dde835d6c805ec758974e39d968785f74f5a59997f6712d50	True	unresolved	unresolved
sub-3	01	06	sub-3/ses-01/run-06/tsv-row-5	5	right_hand	2	32.548	5.0	8137	9387	sub-3/ses-01/eeg/sub-3_ses-01_task-imagery_run-06_eeg.edf	1250	True		sub-03	V	s	s	0	sub-03/ses-01/eeg/sub-03_ses-01_task-MotorImageryRest_run-06_eeg.vhdr	61809ce2d02dd00dde835d6c805ec758974e39d968785f74f5a59997f6712d50	True	unresolved	unresolved
sub-3	01	06	sub-3/ses-01/run-06/tsv-row-6	6	rest	1	39.436	5.0	9859	11109	sub-3/ses-01/eeg/sub-3_ses-01_task-imagery_run-06_eeg.edf	1250	True		sub-03	V	s	s	0	sub-03/ses-01/eeg/sub-03_ses-01_task-MotorImageryRest_run-06_eeg.vhdr	61809ce2d02dd00dde835d6c805ec758974e39d968785f74f5a59997f6712d50	True	unresolved	unresolved
sub-3	01	06	sub-3/ses-01/run-06/tsv-row-7	7	right_hand	2	46.336	5.0	11584	12834	sub-3/ses-01/eeg/sub-3_ses-01_task-imagery_run-06_eeg.edf	1250	True		sub-03	V	s	s	0	sub-03/ses-01/eeg/sub-03_ses-01_task-MotorImageryRest_run-06_eeg.vhdr	61809ce2d02dd00dde835d6c805ec758974e39d968785f74f5a59997f6712d50	True	unresolved	unresolved
sub-3	01	06	sub-3/ses-01/run-06/tsv-row-8	8	rest	1	53.224	5.0	13306	14556	sub-3/ses-01/eeg/sub-3_ses-01_task-imagery_run-06_eeg.edf	1250	True		sub-03	V	s	s	0	sub-03/ses-01/eeg/sub-03_ses-01_task-MotorImageryRest_run-06_eeg.vhdr	61809ce2d02dd00dde835d6c805ec758974e39d968785f74f5a59997f6712d50	True	unresolved	unresolved
sub-3	01	06	sub-3/ses-01/run-06/tsv-row-9	9	rest	1	60.112	5.0	15028	16278	sub-3/ses-01/eeg/sub-3_ses-01_task-imagery_run-06_eeg.edf	1250	True		sub-03	V	s	s	0	sub-03/ses-01/eeg/sub-03_ses-01_task-MotorImageryRest_run-06_eeg.vhdr	61809ce2d02dd00dde835d6c805ec758974e39d968785f74f5a59997f6712d50	True	unresolved	unresolved
sub-3	01	06	sub-3/ses-01/run-06/tsv-row-10	10	right_hand	2	66.996	5.0	16749	17999	sub-3/ses-01/eeg/sub-3_ses-01_task-imagery_run-06_eeg.edf	1250	True		sub-03	V	s	s	0	sub-03/ses-01/eeg/sub-03_ses-01_task-MotorImageryRest_run-06_eeg.vhdr	61809ce2d02dd00dde835d6c805ec758974e39d968785f74f5a59997f6712d50	True	unresolved	unresolved
sub-3	01	06	sub-3/ses-01/run-06/tsv-row-11	11	right_hand	2	73.884	5.0	18471	19721	sub-3/ses-01/eeg/sub-3_ses-01_task-imagery_run-06_eeg.edf	1250	True		sub-03	V	s	s	0	sub-03/ses-01/eeg/sub-03_ses-01_task-MotorImageryRest_run-06_eeg.vhdr	61809ce2d02dd00dde835d6c805ec758974e39d968785f74f5a59997f6712d50	True	unresolved	unresolved
sub-3	01	06	sub-3/ses-01/run-06/tsv-row-12	12	rest	1	80.772	5.0	20193	21443	sub-3/ses-01/eeg/sub-3_ses-01_task-imagery_run-06_eeg.edf	1250	True		sub-03	V	s	s	0	sub-03/ses-01/eeg/sub-03_ses-01_task-MotorImageryRest_run-06_eeg.vhdr	61809ce2d02dd00dde835d6c805ec758974e39d968785f74f5a59997f6712d50	True	unresolved	unresolved
sub-3	01	06	sub-3/ses-01/run-06/tsv-row-13	13	right_hand	2	87.656	5.0	21914	23164	sub-3/ses-01/eeg/sub-3_ses-01_task-imagery_run-06_eeg.edf	1250	True		sub-03	V	s	s	0	sub-03/ses-01/eeg/sub-03_ses-01_task-MotorImageryRest_run-06_eeg.vhdr	61809ce2d02dd00dde835d6c805ec758974e39d968785f74f5a59997f6712d50	True	unresolved	unresolved
sub-3	01	06	sub-3/ses-01/run-06/tsv-row-14	14	rest	1	94.548	5.0	23637	24887	sub-3/ses-01/eeg/sub-3_ses-01_task-imagery_run-06_eeg.edf	1250	True		sub-03	V	s	s	0	sub-03/ses-01/eeg/sub-03_ses-01_task-MotorImageryRest_run-06_eeg.vhdr	61809ce2d02dd00dde835d6c805ec758974e39d968785f74f5a59997f6712d50	True	unresolved	unresolved
sub-3	01	06	sub-3/ses-01/run-06/tsv-row-15	15	rest	1	101.448	5.0	25362	26612	sub-3/ses-01/eeg/sub-3_ses-01_task-imagery_run-06_eeg.edf	1250	True		sub-03	V	s	s	0	sub-03/ses-01/eeg/sub-03_ses-01_task-MotorImageryRest_run-06_eeg.vhdr	61809ce2d02dd00dde835d6c805ec758974e39d968785f74f5a59997f6712d50	True	unresolved	unresolved
sub-3	01	06	sub-3/ses-01/run-06/tsv-row-16	16	right_hand	2	108.336	5.0	27084	28334	sub-3/ses-01/eeg/sub-3_ses-01_task-imagery_run-06_eeg.edf	1250	True		sub-03	V	s	s	0	sub-03/ses-01/eeg/sub-03_ses-01_task-MotorImageryRest_run-06_eeg.vhdr	61809ce2d02dd00dde835d6c805ec758974e39d968785f74f5a59997f6712d50	True	unresolved	unresolved
sub-3	01	06	sub-3/ses-01/run-06/tsv-row-17	17	right_hand	2	115.22	5.0	28805	30055	sub-3/ses-01/eeg/sub-3_ses-01_task-imagery_run-06_eeg.edf	1250	True		sub-03	V	s	s	0	sub-03/ses-01/eeg/sub-03_ses-01_task-MotorImageryRest_run-06_eeg.vhdr	61809ce2d02dd00dde835d6c805ec758974e39d968785f74f5a59997f6712d50	True	unresolved	unresolved
sub-3	01	06	sub-3/ses-01/run-06/tsv-row-18	18	rest	1	122.092	5.0	30523	31773	sub-3/ses-01/eeg/sub-3_ses-01_task-imagery_run-06_eeg.edf	1250	True		sub-03	V	s	s	0	sub-03/ses-01/eeg/sub-03_ses-01_task-MotorImageryRest_run-06_eeg.vhdr	61809ce2d02dd00dde835d6c805ec758974e39d968785f74f5a59997f6712d50	True	unresolved	unresolved
sub-3	01	06	sub-3/ses-01/run-06/tsv-row-19	19	right_hand	2	128.996	5.0	32249	33499	sub-3/ses-01/eeg/sub-3_ses-01_task-imagery_run-06_eeg.edf	1250	True		sub-03	V	s	s	0	sub-03/ses-01/eeg/sub-03_ses-01_task-MotorImageryRest_run-06_eeg.vhdr	61809ce2d02dd00dde835d6c805ec758974e39d968785f74f5a59997f6712d50	True	unresolved	unresolved
sub-3	01	06	sub-3/ses-01/run-06/tsv-row-20	20	rest	1	135.884	5.0	33971	35221	sub-3/ses-01/eeg/sub-3_ses-01_task-imagery_run-06_eeg.edf	1250	True		sub-03	V	s	s	0	sub-03/ses-01/eeg/sub-03_ses-01_task-MotorImageryRest_run-06_eeg.vhdr	61809ce2d02dd00dde835d6c805ec758974e39d968785f74f5a59997f6712d50	True	unresolved	unresolved
sub-3	01	06	sub-3/ses-01/run-06/tsv-row-21	21	right_hand	2	142.752	5.0	35688	36938	sub-3/ses-01/eeg/sub-3_ses-01_task-imagery_run-06_eeg.edf	1250	True		sub-03	V	s	s	0	sub-03/ses-01/eeg/sub-03_ses-01_task-MotorImageryRest_run-06_eeg.vhdr	61809ce2d02dd00dde835d6c805ec758974e39d968785f74f5a59997f6712d50	True	unresolved	unresolved
sub-3	01	06	sub-3/ses-01/run-06/tsv-row-22	22	rest	1	149.656	5.0	37414	38664	sub-3/ses-01/eeg/sub-3_ses-01_task-imagery_run-06_eeg.edf	1250	True		sub-03	V	s	s	0	sub-03/ses-01/eeg/sub-03_ses-01_task-MotorImageryRest_run-06_eeg.vhdr	61809ce2d02dd00dde835d6c805ec758974e39d968785f74f5a59997f6712d50	True	unresolved	unresolved
sub-3	01	06	sub-3/ses-01/run-06/tsv-row-23	23	right_hand	2	156.544	5.0	39136	40386	sub-3/ses-01/eeg/sub-3_ses-01_task-imagery_run-06_eeg.edf	1250	True		sub-03	V	s	s	0	sub-03/ses-01/eeg/sub-03_ses-01_task-MotorImageryRest_run-06_eeg.vhdr	61809ce2d02dd00dde835d6c805ec758974e39d968785f74f5a59997f6712d50	True	unresolved	unresolved
sub-3	01	06	sub-3/ses-01/run-06/tsv-row-24	24	rest	1	163.432	5.0	40858	42108	sub-3/ses-01/eeg/sub-3_ses-01_task-imagery_run-06_eeg.edf	1250	True		sub-03	V	s	s	0	sub-03/ses-01/eeg/sub-03_ses-01_task-MotorImageryRest_run-06_eeg.vhdr	61809ce2d02dd00dde835d6c805ec758974e39d968785f74f5a59997f6712d50	True	unresolved	unresolved
sub-3	01	06	sub-3/ses-01/run-06/tsv-row-25	25	rest	1	170.316	5.0	42579	43829	sub-3/ses-01/eeg/sub-3_ses-01_task-imagery_run-06_eeg.edf	1250	True		sub-03	V	s	s	0	sub-03/ses-01/eeg/sub-03_ses-01_task-MotorImageryRest_run-06_eeg.vhdr	61809ce2d02dd00dde835d6c805ec758974e39d968785f74f5a59997f6712d50	True	unresolved	unresolved
sub-3	01	06	sub-3/ses-01/run-06/tsv-row-26	26	right_hand	2	177.204	5.0	44301	45551	sub-3/ses-01/eeg/sub-3_ses-01_task-imagery_run-06_eeg.edf	1250	True		sub-03	V	s	s	0	sub-03/ses-01/eeg/sub-03_ses-01_task-MotorImageryRest_run-06_eeg.vhdr	61809ce2d02dd00dde835d6c805ec758974e39d968785f74f5a59997f6712d50	True	unresolved	unresolved
sub-3	01	06	sub-3/ses-01/run-06/tsv-row-27	27	right_hand	2	184.088	5.0	46022	47272	sub-3/ses-01/eeg/sub-3_ses-01_task-imagery_run-06_eeg.edf	1250	True		sub-03	V	s	s	0	sub-03/ses-01/eeg/sub-03_ses-01_task-MotorImageryRest_run-06_eeg.vhdr	61809ce2d02dd00dde835d6c805ec758974e39d968785f74f5a59997f6712d50	True	unresolved	unresolved
sub-3	01	06	sub-3/ses-01/run-06/tsv-row-28	28	rest	1	190.996	5.0	47749	48999	sub-3/ses-01/eeg/sub-3_ses-01_task-imagery_run-06_eeg.edf	1250	True		sub-03	V	s	s	0	sub-03/ses-01/eeg/sub-03_ses-01_task-MotorImageryRest_run-06_eeg.vhdr	61809ce2d02dd00dde835d6c805ec758974e39d968785f74f5a59997f6712d50	True	unresolved	unresolved
sub-3	01	06	sub-3/ses-01/run-06/tsv-row-29	29	right_hand	2	197.864	5.0	49466	50716	sub-3/ses-01/eeg/sub-3_ses-01_task-imagery_run-06_eeg.edf	1250	True		sub-03	V	s	s	0	sub-03/ses-01/eeg/sub-03_ses-01_task-MotorImageryRest_run-06_eeg.vhdr	61809ce2d02dd00dde835d6c805ec758974e39d968785f74f5a59997f6712d50	True	unresolved	unresolved
sub-3	01	06	sub-3/ses-01/run-06/tsv-row-30	30	rest	1	204.752	5.0	51188	52438	sub-3/ses-01/eeg/sub-3_ses-01_task-imagery_run-06_eeg.edf	1250	True		sub-03	V	s	s	0	sub-03/ses-01/eeg/sub-03_ses-01_task-MotorImageryRest_run-06_eeg.vhdr	61809ce2d02dd00dde835d6c805ec758974e39d968785f74f5a59997f6712d50	True	unresolved	unresolved
sub-3	01	06	sub-3/ses-01/run-06/tsv-row-31	31	rest	1	211.64	5.0	52910	54160	sub-3/ses-01/eeg/sub-3_ses-01_task-imagery_run-06_eeg.edf	1250	True		sub-03	V	s	s	0	sub-03/ses-01/eeg/sub-03_ses-01_task-MotorImageryRest_run-06_eeg.vhdr	61809ce2d02dd00dde835d6c805ec758974e39d968785f74f5a59997f6712d50	True	unresolved	unresolved
sub-3	01	06	sub-3/ses-01/run-06/tsv-row-32	32	right_hand	2	218.54	5.0	54635	55885	sub-3/ses-01/eeg/sub-3_ses-01_task-imagery_run-06_eeg.edf	1250	True		sub-03	V	s	s	0	sub-03/ses-01/eeg/sub-03_ses-01_task-MotorImageryRest_run-06_eeg.vhdr	61809ce2d02dd00dde835d6c805ec758974e39d968785f74f5a59997f6712d50	True	unresolved	unresolved
sub-3	02	01	sub-3/ses-02/run-01/tsv-row-1	1	right_hand	2	4.928	5.0	1232	2482	sub-3/ses-02/eeg/sub-3_ses-02_task-imagery_run-01_eeg.edf	1250	True		sub-03	V	s	s	0	sub-03/ses-02/eeg/sub-03_ses-02_task-MotorImageryRest_run-01_eeg.vhdr	947322eb03a9549e96af7236180080626aefd4a3179d115b4b410ccb6ad85b97	True	unresolved	unresolved
sub-3	02	01	sub-3/ses-02/run-01/tsv-row-2	2	rest	1	11.82	5.0	2955	4205	sub-3/ses-02/eeg/sub-3_ses-02_task-imagery_run-01_eeg.edf	1250	True		sub-03	V	s	s	0	sub-03/ses-02/eeg/sub-03_ses-02_task-MotorImageryRest_run-01_eeg.vhdr	947322eb03a9549e96af7236180080626aefd4a3179d115b4b410ccb6ad85b97	True	unresolved	unresolved
sub-3	02	01	sub-3/ses-02/run-01/tsv-row-3	3	rest	1	18.708	5.0	4677	5927	sub-3/ses-02/eeg/sub-3_ses-02_task-imagery_run-01_eeg.edf	1250	True		sub-03	V	s	s	0	sub-03/ses-02/eeg/sub-03_ses-02_task-MotorImageryRest_run-01_eeg.vhdr	947322eb03a9549e96af7236180080626aefd4a3179d115b4b410ccb6ad85b97	True	unresolved	unresolved
sub-3	02	01	sub-3/ses-02/run-01/tsv-row-4	4	right_hand	2	25.592	5.0	6398	7648	sub-3/ses-02/eeg/sub-3_ses-02_task-imagery_run-01_eeg.edf	1250	True		sub-03	V	s	s	0	sub-03/ses-02/eeg/sub-03_ses-02_task-MotorImageryRest_run-01_eeg.vhdr	947322eb03a9549e96af7236180080626aefd4a3179d115b4b410ccb6ad85b97	True	unresolved	unresolved
sub-3	02	01	sub-3/ses-02/run-01/tsv-row-5	5	rest	1	32.48	5.0	8120	9370	sub-3/ses-02/eeg/sub-3_ses-02_task-imagery_run-01_eeg.edf	1250	True		sub-03	V	s	s	0	sub-03/ses-02/eeg/sub-03_ses-02_task-MotorImageryRest_run-01_eeg.vhdr	947322eb03a9549e96af7236180080626aefd4a3179d115b4b410ccb6ad85b97	True	unresolved	unresolved
sub-3	02	01	sub-3/ses-02/run-01/tsv-row-6	6	right_hand	2	39.364	5.0	9841	11091	sub-3/ses-02/eeg/sub-3_ses-02_task-imagery_run-01_eeg.edf	1250	True		sub-03	V	s	s	0	sub-03/ses-02/eeg/sub-03_ses-02_task-MotorImageryRest_run-01_eeg.vhdr	947322eb03a9549e96af7236180080626aefd4a3179d115b4b410ccb6ad85b97	True	unresolved	unresolved
sub-3	02	01	sub-3/ses-02/run-01/tsv-row-7	7	rest	1	46.252	5.0	11563	12813	sub-3/ses-02/eeg/sub-3_ses-02_task-imagery_run-01_eeg.edf	1250	True		sub-03	V	s	s	0	sub-03/ses-02/eeg/sub-03_ses-02_task-MotorImageryRest_run-01_eeg.vhdr	947322eb03a9549e96af7236180080626aefd4a3179d115b4b410ccb6ad85b97	True	unresolved	unresolved
sub-3	02	01	sub-3/ses-02/run-01/tsv-row-8	8	right_hand	2	53.14	5.0	13285	14535	sub-3/ses-02/eeg/sub-3_ses-02_task-imagery_run-01_eeg.edf	1250	True		sub-03	V	s	s	0	sub-03/ses-02/eeg/sub-03_ses-02_task-MotorImageryRest_run-01_eeg.vhdr	947322eb03a9549e96af7236180080626aefd4a3179d115b4b410ccb6ad85b97	True	unresolved	unresolved
sub-3	02	01	sub-3/ses-02/run-01/tsv-row-9	9	right_hand	2	60.024	5.0	15006	16256	sub-3/ses-02/eeg/sub-3_ses-02_task-imagery_run-01_eeg.edf	1250	True		sub-03	V	s	s	0	sub-03/ses-02/eeg/sub-03_ses-02_task-MotorImageryRest_run-01_eeg.vhdr	947322eb03a9549e96af7236180080626aefd4a3179d115b4b410ccb6ad85b97	True	unresolved	unresolved
sub-3	02	01	sub-3/ses-02/run-01/tsv-row-10	10	rest	1	66.916	5.0	16729	17979	sub-3/ses-02/eeg/sub-3_ses-02_task-imagery_run-01_eeg.edf	1250	True		sub-03	V	s	s	0	sub-03/ses-02/eeg/sub-03_ses-02_task-MotorImageryRest_run-01_eeg.vhdr	947322eb03a9549e96af7236180080626aefd4a3179d115b4b410ccb6ad85b97	True	unresolved	unresolved
sub-3	02	01	sub-3/ses-02/run-01/tsv-row-11	11	right_hand	2	73.8	5.0	18450	19700	sub-3/ses-02/eeg/sub-3_ses-02_task-imagery_run-01_eeg.edf	1250	True		sub-03	V	s	s	0	sub-03/ses-02/eeg/sub-03_ses-02_task-MotorImageryRest_run-01_eeg.vhdr	947322eb03a9549e96af7236180080626aefd4a3179d115b4b410ccb6ad85b97	True	unresolved	unresolved
sub-3	02	01	sub-3/ses-02/run-01/tsv-row-12	12	rest	1	80.688	5.0	20172	21422	sub-3/ses-02/eeg/sub-3_ses-02_task-imagery_run-01_eeg.edf	1250	True		sub-03	V	s	s	0	sub-03/ses-02/eeg/sub-03_ses-02_task-MotorImageryRest_run-01_eeg.vhdr	947322eb03a9549e96af7236180080626aefd4a3179d115b4b410ccb6ad85b97	True	unresolved	unresolved
sub-3	02	01	sub-3/ses-02/run-01/tsv-row-13	13	right_hand	2	87.572	5.0	21893	23143	sub-3/ses-02/eeg/sub-3_ses-02_task-imagery_run-01_eeg.edf	1250	True		sub-03	V	s	s	0	sub-03/ses-02/eeg/sub-03_ses-02_task-MotorImageryRest_run-01_eeg.vhdr	947322eb03a9549e96af7236180080626aefd4a3179d115b4b410ccb6ad85b97	True	unresolved	unresolved
sub-3	02	01	sub-3/ses-02/run-01/tsv-row-14	14	rest	1	94.48	5.0	23620	24870	sub-3/ses-02/eeg/sub-3_ses-02_task-imagery_run-01_eeg.edf	1250	True		sub-03	V	s	s	0	sub-03/ses-02/eeg/sub-03_ses-02_task-MotorImageryRest_run-01_eeg.vhdr	947322eb03a9549e96af7236180080626aefd4a3179d115b4b410ccb6ad85b97	True	unresolved	unresolved
sub-3	02	01	sub-3/ses-02/run-01/tsv-row-15	15	rest	1	101.364	5.0	25341	26591	sub-3/ses-02/eeg/sub-3_ses-02_task-imagery_run-01_eeg.edf	1250	True		sub-03	V	s	s	0	sub-03/ses-02/eeg/sub-03_ses-02_task-MotorImageryRest_run-01_eeg.vhdr	947322eb03a9549e96af7236180080626aefd4a3179d115b4b410ccb6ad85b97	True	unresolved	unresolved
sub-3	02	01	sub-3/ses-02/run-01/tsv-row-16	16	right_hand	2	108.232	5.0	27058	28308	sub-3/ses-02/eeg/sub-3_ses-02_task-imagery_run-01_eeg.edf	1250	True		sub-03	V	s	s	0	sub-03/ses-02/eeg/sub-03_ses-02_task-MotorImageryRest_run-01_eeg.vhdr	947322eb03a9549e96af7236180080626aefd4a3179d115b4b410ccb6ad85b97	True	unresolved	unresolved
sub-3	02	01	sub-3/ses-02/run-01/tsv-row-17	17	right_hand	2	115.136	5.0	28784	30034	sub-3/ses-02/eeg/sub-3_ses-02_task-imagery_run-01_eeg.edf	1250	True		sub-03	V	s	s	0	sub-03/ses-02/eeg/sub-03_ses-02_task-MotorImageryRest_run-01_eeg.vhdr	947322eb03a9549e96af7236180080626aefd4a3179d115b4b410ccb6ad85b97	True	unresolved	unresolved
sub-3	02	01	sub-3/ses-02/run-01/tsv-row-18	18	rest	1	122.024	5.0	30506	31756	sub-3/ses-02/eeg/sub-3_ses-02_task-imagery_run-01_eeg.edf	1250	True		sub-03	V	s	s	0	sub-03/ses-02/eeg/sub-03_ses-02_task-MotorImageryRest_run-01_eeg.vhdr	947322eb03a9549e96af7236180080626aefd4a3179d115b4b410ccb6ad85b97	True	unresolved	unresolved
sub-3	02	01	sub-3/ses-02/run-01/tsv-row-19	19	rest	1	128.912	5.0	32228	33478	sub-3/ses-02/eeg/sub-3_ses-02_task-imagery_run-01_eeg.edf	1250	True		sub-03	V	s	s	0	sub-03/ses-02/eeg/sub-03_ses-02_task-MotorImageryRest_run-01_eeg.vhdr	947322eb03a9549e96af7236180080626aefd4a3179d115b4b410ccb6ad85b97	True	unresolved	unresolved
sub-3	02	01	sub-3/ses-02/run-01/tsv-row-20	20	right_hand	2	135.796	5.0	33949	35199	sub-3/ses-02/eeg/sub-3_ses-02_task-imagery_run-01_eeg.edf	1250	True		sub-03	V	s	s	0	sub-03/ses-02/eeg/sub-03_ses-02_task-MotorImageryRest_run-01_eeg.vhdr	947322eb03a9549e96af7236180080626aefd4a3179d115b4b410ccb6ad85b97	True	unresolved	unresolved
sub-3	02	01	sub-3/ses-02/run-01/tsv-row-21	21	right_hand	2	142.684	5.0	35671	36921	sub-3/ses-02/eeg/sub-3_ses-02_task-imagery_run-01_eeg.edf	1250	True		sub-03	V	s	s	0	sub-03/ses-02/eeg/sub-03_ses-02_task-MotorImageryRest_run-01_eeg.vhdr	947322eb03a9549e96af7236180080626aefd4a3179d115b4b410ccb6ad85b97	True	unresolved	unresolved
sub-3	02	01	sub-3/ses-02/run-01/tsv-row-22	22	rest	1	149.572	5.0	37393	38643	sub-3/ses-02/eeg/sub-3_ses-02_task-imagery_run-01_eeg.edf	1250	True		sub-03	V	s	s	0	sub-03/ses-02/eeg/sub-03_ses-02_task-MotorImageryRest_run-01_eeg.vhdr	947322eb03a9549e96af7236180080626aefd4a3179d115b4b410ccb6ad85b97	True	unresolved	unresolved
sub-3	02	01	sub-3/ses-02/run-01/tsv-row-23	23	rest	1	156.46	5.0	39115	40365	sub-3/ses-02/eeg/sub-3_ses-02_task-imagery_run-01_eeg.edf	1250	True		sub-03	V	s	s	0	sub-03/ses-02/eeg/sub-03_ses-02_task-MotorImageryRest_run-01_eeg.vhdr	947322eb03a9549e96af7236180080626aefd4a3179d115b4b410ccb6ad85b97	True	unresolved	unresolved
sub-3	02	01	sub-3/ses-02/run-01/tsv-row-24	24	right_hand	2	163.344	5.0	40836	42086	sub-3/ses-02/eeg/sub-3_ses-02_task-imagery_run-01_eeg.edf	1250	True		sub-03	V	s	s	0	sub-03/ses-02/eeg/sub-03_ses-02_task-MotorImageryRest_run-01_eeg.vhdr	947322eb03a9549e96af7236180080626aefd4a3179d115b4b410ccb6ad85b97	True	unresolved	unresolved
sub-3	02	01	sub-3/ses-02/run-01/tsv-row-25	25	right_hand	2	170.232	5.0	42558	43808	sub-3/ses-02/eeg/sub-3_ses-02_task-imagery_run-01_eeg.edf	1250	True		sub-03	V	s	s	0	sub-03/ses-02/eeg/sub-03_ses-02_task-MotorImageryRest_run-01_eeg.vhdr	947322eb03a9549e96af7236180080626aefd4a3179d115b4b410ccb6ad85b97	True	unresolved	unresolved
sub-3	02	01	sub-3/ses-02/run-01/tsv-row-26	26	rest	1	177.136	5.0	44284	45534	sub-3/ses-02/eeg/sub-3_ses-02_task-imagery_run-01_eeg.edf	1250	True		sub-03	V	s	s	0	sub-03/ses-02/eeg/sub-03_ses-02_task-MotorImageryRest_run-01_eeg.vhdr	947322eb03a9549e96af7236180080626aefd4a3179d115b4b410ccb6ad85b97	True	unresolved	unresolved
sub-3	02	01	sub-3/ses-02/run-01/tsv-row-27	27	rest	1	184.008	5.0	46002	47252	sub-3/ses-02/eeg/sub-3_ses-02_task-imagery_run-01_eeg.edf	1250	True		sub-03	V	s	s	0	sub-03/ses-02/eeg/sub-03_ses-02_task-MotorImageryRest_run-01_eeg.vhdr	947322eb03a9549e96af7236180080626aefd4a3179d115b4b410ccb6ad85b97	True	unresolved	unresolved
sub-3	02	01	sub-3/ses-02/run-01/tsv-row-28	28	right_hand	2	190.892	5.0	47723	48973	sub-3/ses-02/eeg/sub-3_ses-02_task-imagery_run-01_eeg.edf	1250	True		sub-03	V	s	s	0	sub-03/ses-02/eeg/sub-03_ses-02_task-MotorImageryRest_run-01_eeg.vhdr	947322eb03a9549e96af7236180080626aefd4a3179d115b4b410ccb6ad85b97	True	unresolved	unresolved
sub-3	02	01	sub-3/ses-02/run-01/tsv-row-29	29	rest	1	197.796	5.0	49449	50699	sub-3/ses-02/eeg/sub-3_ses-02_task-imagery_run-01_eeg.edf	1250	True		sub-03	V	s	s	0	sub-03/ses-02/eeg/sub-03_ses-02_task-MotorImageryRest_run-01_eeg.vhdr	947322eb03a9549e96af7236180080626aefd4a3179d115b4b410ccb6ad85b97	True	unresolved	unresolved
sub-3	02	01	sub-3/ses-02/run-01/tsv-row-30	30	right_hand	2	204.684	5.0	51171	52421	sub-3/ses-02/eeg/sub-3_ses-02_task-imagery_run-01_eeg.edf	1250	True		sub-03	V	s	s	0	sub-03/ses-02/eeg/sub-03_ses-02_task-MotorImageryRest_run-01_eeg.vhdr	947322eb03a9549e96af7236180080626aefd4a3179d115b4b410ccb6ad85b97	True	unresolved	unresolved
sub-3	02	01	sub-3/ses-02/run-01/tsv-row-31	31	right_hand	2	211.552	5.0	52888	54138	sub-3/ses-02/eeg/sub-3_ses-02_task-imagery_run-01_eeg.edf	1250	True		sub-03	V	s	s	0	sub-03/ses-02/eeg/sub-03_ses-02_task-MotorImageryRest_run-01_eeg.vhdr	947322eb03a9549e96af7236180080626aefd4a3179d115b4b410ccb6ad85b97	True	unresolved	unresolved
sub-3	02	01	sub-3/ses-02/run-01/tsv-row-32	32	rest	1	218.456	5.0	54614	55864	sub-3/ses-02/eeg/sub-3_ses-02_task-imagery_run-01_eeg.edf	1250	True		sub-03	V	s	s	0	sub-03/ses-02/eeg/sub-03_ses-02_task-MotorImageryRest_run-01_eeg.vhdr	947322eb03a9549e96af7236180080626aefd4a3179d115b4b410ccb6ad85b97	True	unresolved	unresolved
sub-3	02	02	sub-3/ses-02/run-02/tsv-row-1	1	rest	1	7.16	5.0	1790	3040	sub-3/ses-02/eeg/sub-3_ses-02_task-imagery_run-02_eeg.edf	1250	True		sub-03	V	s	s	0	sub-03/ses-02/eeg/sub-03_ses-02_task-MotorImageryRest_run-02_eeg.vhdr	df4fd94d3b7f60eed82adcfa07ce5e45c2f6bbd8ba3e7e81173ce87576e1b81f	True	unresolved	unresolved
sub-3	02	02	sub-3/ses-02/run-02/tsv-row-2	2	right_hand	2	14.048	5.0	3512	4762	sub-3/ses-02/eeg/sub-3_ses-02_task-imagery_run-02_eeg.edf	1250	True		sub-03	V	s	s	0	sub-03/ses-02/eeg/sub-03_ses-02_task-MotorImageryRest_run-02_eeg.vhdr	df4fd94d3b7f60eed82adcfa07ce5e45c2f6bbd8ba3e7e81173ce87576e1b81f	True	unresolved	unresolved
sub-3	02	02	sub-3/ses-02/run-02/tsv-row-3	3	rest	1	20.936	5.0	5234	6484	sub-3/ses-02/eeg/sub-3_ses-02_task-imagery_run-02_eeg.edf	1250	True		sub-03	V	s	s	0	sub-03/ses-02/eeg/sub-03_ses-02_task-MotorImageryRest_run-02_eeg.vhdr	df4fd94d3b7f60eed82adcfa07ce5e45c2f6bbd8ba3e7e81173ce87576e1b81f	True	unresolved	unresolved
sub-3	02	02	sub-3/ses-02/run-02/tsv-row-4	4	right_hand	2	27.824	5.0	6956	8206	sub-3/ses-02/eeg/sub-3_ses-02_task-imagery_run-02_eeg.edf	1250	True		sub-03	V	s	s	0	sub-03/ses-02/eeg/sub-03_ses-02_task-MotorImageryRest_run-02_eeg.vhdr	df4fd94d3b7f60eed82adcfa07ce5e45c2f6bbd8ba3e7e81173ce87576e1b81f	True	unresolved	unresolved
sub-3	02	02	sub-3/ses-02/run-02/tsv-row-5	5	rest	1	34.712	5.0	8678	9928	sub-3/ses-02/eeg/sub-3_ses-02_task-imagery_run-02_eeg.edf	1250	True		sub-03	V	s	s	0	sub-03/ses-02/eeg/sub-03_ses-02_task-MotorImageryRest_run-02_eeg.vhdr	df4fd94d3b7f60eed82adcfa07ce5e45c2f6bbd8ba3e7e81173ce87576e1b81f	True	unresolved	unresolved
sub-3	02	02	sub-3/ses-02/run-02/tsv-row-6	6	right_hand	2	41.612	5.0	10403	11653	sub-3/ses-02/eeg/sub-3_ses-02_task-imagery_run-02_eeg.edf	1250	True		sub-03	V	s	s	0	sub-03/ses-02/eeg/sub-03_ses-02_task-MotorImageryRest_run-02_eeg.vhdr	df4fd94d3b7f60eed82adcfa07ce5e45c2f6bbd8ba3e7e81173ce87576e1b81f	True	unresolved	unresolved
sub-3	02	02	sub-3/ses-02/run-02/tsv-row-7	7	rest	1	48.484	5.0	12121	13371	sub-3/ses-02/eeg/sub-3_ses-02_task-imagery_run-02_eeg.edf	1250	True		sub-03	V	s	s	0	sub-03/ses-02/eeg/sub-03_ses-02_task-MotorImageryRest_run-02_eeg.vhdr	df4fd94d3b7f60eed82adcfa07ce5e45c2f6bbd8ba3e7e81173ce87576e1b81f	True	unresolved	unresolved
sub-3	02	02	sub-3/ses-02/run-02/tsv-row-8	8	right_hand	2	55.368	5.0	13842	15092	sub-3/ses-02/eeg/sub-3_ses-02_task-imagery_run-02_eeg.edf	1250	True		sub-03	V	s	s	0	sub-03/ses-02/eeg/sub-03_ses-02_task-MotorImageryRest_run-02_eeg.vhdr	df4fd94d3b7f60eed82adcfa07ce5e45c2f6bbd8ba3e7e81173ce87576e1b81f	True	unresolved	unresolved
sub-3	02	02	sub-3/ses-02/run-02/tsv-row-9	9	right_hand	2	62.272	5.0	15568	16818	sub-3/ses-02/eeg/sub-3_ses-02_task-imagery_run-02_eeg.edf	1250	True		sub-03	V	s	s	0	sub-03/ses-02/eeg/sub-03_ses-02_task-MotorImageryRest_run-02_eeg.vhdr	df4fd94d3b7f60eed82adcfa07ce5e45c2f6bbd8ba3e7e81173ce87576e1b81f	True	unresolved	unresolved
sub-3	02	02	sub-3/ses-02/run-02/tsv-row-10	10	rest	1	69.164	5.0	17291	18541	sub-3/ses-02/eeg/sub-3_ses-02_task-imagery_run-02_eeg.edf	1250	True		sub-03	V	s	s	0	sub-03/ses-02/eeg/sub-03_ses-02_task-MotorImageryRest_run-02_eeg.vhdr	df4fd94d3b7f60eed82adcfa07ce5e45c2f6bbd8ba3e7e81173ce87576e1b81f	True	unresolved	unresolved
sub-3	02	02	sub-3/ses-02/run-02/tsv-row-11	11	rest	1	76.048	5.0	19012	20262	sub-3/ses-02/eeg/sub-3_ses-02_task-imagery_run-02_eeg.edf	1250	True		sub-03	V	s	s	0	sub-03/ses-02/eeg/sub-03_ses-02_task-MotorImageryRest_run-02_eeg.vhdr	df4fd94d3b7f60eed82adcfa07ce5e45c2f6bbd8ba3e7e81173ce87576e1b81f	True	unresolved	unresolved
sub-3	02	02	sub-3/ses-02/run-02/tsv-row-12	12	right_hand	2	82.932	5.0	20733	21983	sub-3/ses-02/eeg/sub-3_ses-02_task-imagery_run-02_eeg.edf	1250	True		sub-03	V	s	s	0	sub-03/ses-02/eeg/sub-03_ses-02_task-MotorImageryRest_run-02_eeg.vhdr	df4fd94d3b7f60eed82adcfa07ce5e45c2f6bbd8ba3e7e81173ce87576e1b81f	True	unresolved	unresolved
sub-3	02	02	sub-3/ses-02/run-02/tsv-row-13	13	rest	1	89.824	5.0	22456	23706	sub-3/ses-02/eeg/sub-3_ses-02_task-imagery_run-02_eeg.edf	1250	True		sub-03	V	s	s	0	sub-03/ses-02/eeg/sub-03_ses-02_task-MotorImageryRest_run-02_eeg.vhdr	df4fd94d3b7f60eed82adcfa07ce5e45c2f6bbd8ba3e7e81173ce87576e1b81f	True	unresolved	unresolved
sub-3	02	02	sub-3/ses-02/run-02/tsv-row-14	14	right_hand	2	96.708	5.0	24177	25427	sub-3/ses-02/eeg/sub-3_ses-02_task-imagery_run-02_eeg.edf	1250	True		sub-03	V	s	s	0	sub-03/ses-02/eeg/sub-03_ses-02_task-MotorImageryRest_run-02_eeg.vhdr	df4fd94d3b7f60eed82adcfa07ce5e45c2f6bbd8ba3e7e81173ce87576e1b81f	True	unresolved	unresolved
sub-3	02	02	sub-3/ses-02/run-02/tsv-row-15	15	right_hand	2	103.596	5.0	25899	27149	sub-3/ses-02/eeg/sub-3_ses-02_task-imagery_run-02_eeg.edf	1250	True		sub-03	V	s	s	0	sub-03/ses-02/eeg/sub-03_ses-02_task-MotorImageryRest_run-02_eeg.vhdr	df4fd94d3b7f60eed82adcfa07ce5e45c2f6bbd8ba3e7e81173ce87576e1b81f	True	unresolved	unresolved
sub-3	02	02	sub-3/ses-02/run-02/tsv-row-16	16	rest	1	110.484	5.0	27621	28871	sub-3/ses-02/eeg/sub-3_ses-02_task-imagery_run-02_eeg.edf	1250	True		sub-03	V	s	s	0	sub-03/ses-02/eeg/sub-03_ses-02_task-MotorImageryRest_run-02_eeg.vhdr	df4fd94d3b7f60eed82adcfa07ce5e45c2f6bbd8ba3e7e81173ce87576e1b81f	True	unresolved	unresolved
sub-3	02	02	sub-3/ses-02/run-02/tsv-row-17	17	rest	1	117.388	5.0	29347	30597	sub-3/ses-02/eeg/sub-3_ses-02_task-imagery_run-02_eeg.edf	1250	True		sub-03	V	s	s	0	sub-03/ses-02/eeg/sub-03_ses-02_task-MotorImageryRest_run-02_eeg.vhdr	df4fd94d3b7f60eed82adcfa07ce5e45c2f6bbd8ba3e7e81173ce87576e1b81f	True	unresolved	unresolved
sub-3	02	02	sub-3/ses-02/run-02/tsv-row-18	18	right_hand	2	124.272	5.0	31068	32318	sub-3/ses-02/eeg/sub-3_ses-02_task-imagery_run-02_eeg.edf	1250	True		sub-03	V	s	s	0	sub-03/ses-02/eeg/sub-03_ses-02_task-MotorImageryRest_run-02_eeg.vhdr	df4fd94d3b7f60eed82adcfa07ce5e45c2f6bbd8ba3e7e81173ce87576e1b81f	True	unresolved	unresolved
sub-3	02	02	sub-3/ses-02/run-02/tsv-row-19	19	rest	1	131.144	5.0	32786	34036	sub-3/ses-02/eeg/sub-3_ses-02_task-imagery_run-02_eeg.edf	1250	True		sub-03	V	s	s	0	sub-03/ses-02/eeg/sub-03_ses-02_task-MotorImageryRest_run-02_eeg.vhdr	df4fd94d3b7f60eed82adcfa07ce5e45c2f6bbd8ba3e7e81173ce87576e1b81f	True	unresolved	unresolved
sub-3	02	02	sub-3/ses-02/run-02/tsv-row-20	20	right_hand	2	138.028	5.0	34507	35757	sub-3/ses-02/eeg/sub-3_ses-02_task-imagery_run-02_eeg.edf	1250	True		sub-03	V	s	s	0	sub-03/ses-02/eeg/sub-03_ses-02_task-MotorImageryRest_run-02_eeg.vhdr	df4fd94d3b7f60eed82adcfa07ce5e45c2f6bbd8ba3e7e81173ce87576e1b81f	True	unresolved	unresolved
sub-3	02	02	sub-3/ses-02/run-02/tsv-row-21	21	right_hand	2	144.916	5.0	36229	37479	sub-3/ses-02/eeg/sub-3_ses-02_task-imagery_run-02_eeg.edf	1250	True		sub-03	V	s	s	0	sub-03/ses-02/eeg/sub-03_ses-02_task-MotorImageryRest_run-02_eeg.vhdr	df4fd94d3b7f60eed82adcfa07ce5e45c2f6bbd8ba3e7e81173ce87576e1b81f	True	unresolved	unresolved
sub-3	02	02	sub-3/ses-02/run-02/tsv-row-22	22	rest	1	151.82	5.0	37955	39205	sub-3/ses-02/eeg/sub-3_ses-02_task-imagery_run-02_eeg.edf	1250	True		sub-03	V	s	s	0	sub-03/ses-02/eeg/sub-03_ses-02_task-MotorImageryRest_run-02_eeg.vhdr	df4fd94d3b7f60eed82adcfa07ce5e45c2f6bbd8ba3e7e81173ce87576e1b81f	True	unresolved	unresolved
sub-3	02	02	sub-3/ses-02/run-02/tsv-row-23	23	rest	1	158.692	5.0	39673	40923	sub-3/ses-02/eeg/sub-3_ses-02_task-imagery_run-02_eeg.edf	1250	True		sub-03	V	s	s	0	sub-03/ses-02/eeg/sub-03_ses-02_task-MotorImageryRest_run-02_eeg.vhdr	df4fd94d3b7f60eed82adcfa07ce5e45c2f6bbd8ba3e7e81173ce87576e1b81f	True	unresolved	unresolved
sub-3	02	02	sub-3/ses-02/run-02/tsv-row-24	24	right_hand	2	165.576	5.0	41394	42644	sub-3/ses-02/eeg/sub-3_ses-02_task-imagery_run-02_eeg.edf	1250	True		sub-03	V	s	s	0	sub-03/ses-02/eeg/sub-03_ses-02_task-MotorImageryRest_run-02_eeg.vhdr	df4fd94d3b7f60eed82adcfa07ce5e45c2f6bbd8ba3e7e81173ce87576e1b81f	True	unresolved	unresolved
sub-3	02	02	sub-3/ses-02/run-02/tsv-row-25	25	rest	1	172.48	5.0	43120	44370	sub-3/ses-02/eeg/sub-3_ses-02_task-imagery_run-02_eeg.edf	1250	True		sub-03	V	s	s	0	sub-03/ses-02/eeg/sub-03_ses-02_task-MotorImageryRest_run-02_eeg.vhdr	df4fd94d3b7f60eed82adcfa07ce5e45c2f6bbd8ba3e7e81173ce87576e1b81f	True	unresolved	unresolved
sub-3	02	02	sub-3/ses-02/run-02/tsv-row-26	26	right_hand	2	179.364	5.0	44841	46091	sub-3/ses-02/eeg/sub-3_ses-02_task-imagery_run-02_eeg.edf	1250	True		sub-03	V	s	s	0	sub-03/ses-02/eeg/sub-03_ses-02_task-MotorImageryRest_run-02_eeg.vhdr	df4fd94d3b7f60eed82adcfa07ce5e45c2f6bbd8ba3e7e81173ce87576e1b81f	True	unresolved	unresolved
sub-3	02	02	sub-3/ses-02/run-02/tsv-row-27	27	right_hand	2	186.236	5.0	46559	47809	sub-3/ses-02/eeg/sub-3_ses-02_task-imagery_run-02_eeg.edf	1250	True		sub-03	V	s	s	0	sub-03/ses-02/eeg/sub-03_ses-02_task-MotorImageryRest_run-02_eeg.vhdr	df4fd94d3b7f60eed82adcfa07ce5e45c2f6bbd8ba3e7e81173ce87576e1b81f	True	unresolved	unresolved
sub-3	02	02	sub-3/ses-02/run-02/tsv-row-28	28	rest	1	193.14	5.0	48285	49535	sub-3/ses-02/eeg/sub-3_ses-02_task-imagery_run-02_eeg.edf	1250	True		sub-03	V	s	s	0	sub-03/ses-02/eeg/sub-03_ses-02_task-MotorImageryRest_run-02_eeg.vhdr	df4fd94d3b7f60eed82adcfa07ce5e45c2f6bbd8ba3e7e81173ce87576e1b81f	True	unresolved	unresolved
sub-3	02	02	sub-3/ses-02/run-02/tsv-row-29	29	rest	1	200.028	5.0	50007	51257	sub-3/ses-02/eeg/sub-3_ses-02_task-imagery_run-02_eeg.edf	1250	True		sub-03	V	s	s	0	sub-03/ses-02/eeg/sub-03_ses-02_task-MotorImageryRest_run-02_eeg.vhdr	df4fd94d3b7f60eed82adcfa07ce5e45c2f6bbd8ba3e7e81173ce87576e1b81f	True	unresolved	unresolved
sub-3	02	02	sub-3/ses-02/run-02/tsv-row-30	30	right_hand	2	206.912	5.0	51728	52978	sub-3/ses-02/eeg/sub-3_ses-02_task-imagery_run-02_eeg.edf	1250	True		sub-03	V	s	s	0	sub-03/ses-02/eeg/sub-03_ses-02_task-MotorImageryRest_run-02_eeg.vhdr	df4fd94d3b7f60eed82adcfa07ce5e45c2f6bbd8ba3e7e81173ce87576e1b81f	True	unresolved	unresolved
sub-3	02	02	sub-3/ses-02/run-02/tsv-row-31	31	rest	1	213.8	5.0	53450	54700	sub-3/ses-02/eeg/sub-3_ses-02_task-imagery_run-02_eeg.edf	1250	True		sub-03	V	s	s	0	sub-03/ses-02/eeg/sub-03_ses-02_task-MotorImageryRest_run-02_eeg.vhdr	df4fd94d3b7f60eed82adcfa07ce5e45c2f6bbd8ba3e7e81173ce87576e1b81f	True	unresolved	unresolved
sub-3	02	02	sub-3/ses-02/run-02/tsv-row-32	32	right_hand	2	220.688	5.0	55172	56422	sub-3/ses-02/eeg/sub-3_ses-02_task-imagery_run-02_eeg.edf	1250	True		sub-03	V	s	s	0	sub-03/ses-02/eeg/sub-03_ses-02_task-MotorImageryRest_run-02_eeg.vhdr	df4fd94d3b7f60eed82adcfa07ce5e45c2f6bbd8ba3e7e81173ce87576e1b81f	True	unresolved	unresolved
sub-3	02	03	sub-3/ses-02/run-03/tsv-row-1	1	right_hand	2	6.464	5.0	1616	2866	sub-3/ses-02/eeg/sub-3_ses-02_task-imagery_run-03_eeg.edf	1250	True		sub-03	V	s	s	0	sub-03/ses-02/eeg/sub-03_ses-02_task-MotorImageryRest_run-03_eeg.vhdr	0b814410c0736502fb1bef1e3f595d71402aef7a5a360312ea59294365077399	True	unresolved	unresolved
sub-3	02	03	sub-3/ses-02/run-03/tsv-row-2	2	rest	1	13.356	5.0	3339	4589	sub-3/ses-02/eeg/sub-3_ses-02_task-imagery_run-03_eeg.edf	1250	True		sub-03	V	s	s	0	sub-03/ses-02/eeg/sub-03_ses-02_task-MotorImageryRest_run-03_eeg.vhdr	0b814410c0736502fb1bef1e3f595d71402aef7a5a360312ea59294365077399	True	unresolved	unresolved
sub-3	02	03	sub-3/ses-02/run-03/tsv-row-3	3	rest	1	20.244	5.0	5061	6311	sub-3/ses-02/eeg/sub-3_ses-02_task-imagery_run-03_eeg.edf	1250	True		sub-03	V	s	s	0	sub-03/ses-02/eeg/sub-03_ses-02_task-MotorImageryRest_run-03_eeg.vhdr	0b814410c0736502fb1bef1e3f595d71402aef7a5a360312ea59294365077399	True	unresolved	unresolved
sub-3	02	03	sub-3/ses-02/run-03/tsv-row-4	4	right_hand	2	27.128	5.0	6782	8032	sub-3/ses-02/eeg/sub-3_ses-02_task-imagery_run-03_eeg.edf	1250	True		sub-03	V	s	s	0	sub-03/ses-02/eeg/sub-03_ses-02_task-MotorImageryRest_run-03_eeg.vhdr	0b814410c0736502fb1bef1e3f595d71402aef7a5a360312ea59294365077399	True	unresolved	unresolved
sub-3	02	03	sub-3/ses-02/run-03/tsv-row-5	5	rest	1	34.016	5.0	8504	9754	sub-3/ses-02/eeg/sub-3_ses-02_task-imagery_run-03_eeg.edf	1250	True		sub-03	V	s	s	0	sub-03/ses-02/eeg/sub-03_ses-02_task-MotorImageryRest_run-03_eeg.vhdr	0b814410c0736502fb1bef1e3f595d71402aef7a5a360312ea59294365077399	True	unresolved	unresolved
sub-3	02	03	sub-3/ses-02/run-03/tsv-row-6	6	right_hand	2	40.904	5.0	10226	11476	sub-3/ses-02/eeg/sub-3_ses-02_task-imagery_run-03_eeg.edf	1250	True		sub-03	V	s	s	0	sub-03/ses-02/eeg/sub-03_ses-02_task-MotorImageryRest_run-03_eeg.vhdr	0b814410c0736502fb1bef1e3f595d71402aef7a5a360312ea59294365077399	True	unresolved	unresolved
sub-3	02	03	sub-3/ses-02/run-03/tsv-row-7	7	right_hand	2	47.788	5.0	11947	13197	sub-3/ses-02/eeg/sub-3_ses-02_task-imagery_run-03_eeg.edf	1250	True		sub-03	V	s	s	0	sub-03/ses-02/eeg/sub-03_ses-02_task-MotorImageryRest_run-03_eeg.vhdr	0b814410c0736502fb1bef1e3f595d71402aef7a5a360312ea59294365077399	True	unresolved	unresolved
sub-3	02	03	sub-3/ses-02/run-03/tsv-row-8	8	rest	1	54.676	5.0	13669	14919	sub-3/ses-02/eeg/sub-3_ses-02_task-imagery_run-03_eeg.edf	1250	True		sub-03	V	s	s	0	sub-03/ses-02/eeg/sub-03_ses-02_task-MotorImageryRest_run-03_eeg.vhdr	0b814410c0736502fb1bef1e3f595d71402aef7a5a360312ea59294365077399	True	unresolved	unresolved
sub-3	02	03	sub-3/ses-02/run-03/tsv-row-9	9	right_hand	2	61.564	5.0	15391	16641	sub-3/ses-02/eeg/sub-3_ses-02_task-imagery_run-03_eeg.edf	1250	True		sub-03	V	s	s	0	sub-03/ses-02/eeg/sub-03_ses-02_task-MotorImageryRest_run-03_eeg.vhdr	0b814410c0736502fb1bef1e3f595d71402aef7a5a360312ea59294365077399	True	unresolved	unresolved
sub-3	02	03	sub-3/ses-02/run-03/tsv-row-10	10	rest	1	68.452	5.0	17113	18363	sub-3/ses-02/eeg/sub-3_ses-02_task-imagery_run-03_eeg.edf	1250	True		sub-03	V	s	s	0	sub-03/ses-02/eeg/sub-03_ses-02_task-MotorImageryRest_run-03_eeg.vhdr	0b814410c0736502fb1bef1e3f595d71402aef7a5a360312ea59294365077399	True	unresolved	unresolved
sub-3	02	03	sub-3/ses-02/run-03/tsv-row-11	11	right_hand	2	75.352	5.0	18838	20088	sub-3/ses-02/eeg/sub-3_ses-02_task-imagery_run-03_eeg.edf	1250	True		sub-03	V	s	s	0	sub-03/ses-02/eeg/sub-03_ses-02_task-MotorImageryRest_run-03_eeg.vhdr	0b814410c0736502fb1bef1e3f595d71402aef7a5a360312ea59294365077399	True	unresolved	unresolved
sub-3	02	03	sub-3/ses-02/run-03/tsv-row-12	12	rest	1	82.224	5.0	20556	21806	sub-3/ses-02/eeg/sub-3_ses-02_task-imagery_run-03_eeg.edf	1250	True		sub-03	V	s	s	0	sub-03/ses-02/eeg/sub-03_ses-02_task-MotorImageryRest_run-03_eeg.vhdr	0b814410c0736502fb1bef1e3f595d71402aef7a5a360312ea59294365077399	True	unresolved	unresolved
sub-3	02	03	sub-3/ses-02/run-03/tsv-row-13	13	rest	1	89.128	5.0	22282	23532	sub-3/ses-02/eeg/sub-3_ses-02_task-imagery_run-03_eeg.edf	1250	True		sub-03	V	s	s	0	sub-03/ses-02/eeg/sub-03_ses-02_task-MotorImageryRest_run-03_eeg.vhdr	0b814410c0736502fb1bef1e3f595d71402aef7a5a360312ea59294365077399	True	unresolved	unresolved
sub-3	02	03	sub-3/ses-02/run-03/tsv-row-14	14	right_hand	2	96.012	5.0	24003	25253	sub-3/ses-02/eeg/sub-3_ses-02_task-imagery_run-03_eeg.edf	1250	True		sub-03	V	s	s	0	sub-03/ses-02/eeg/sub-03_ses-02_task-MotorImageryRest_run-03_eeg.vhdr	0b814410c0736502fb1bef1e3f595d71402aef7a5a360312ea59294365077399	True	unresolved	unresolved
sub-3	02	03	sub-3/ses-02/run-03/tsv-row-15	15	right_hand	2	102.9	5.0	25725	26975	sub-3/ses-02/eeg/sub-3_ses-02_task-imagery_run-03_eeg.edf	1250	True		sub-03	V	s	s	0	sub-03/ses-02/eeg/sub-03_ses-02_task-MotorImageryRest_run-03_eeg.vhdr	0b814410c0736502fb1bef1e3f595d71402aef7a5a360312ea59294365077399	True	unresolved	unresolved
sub-3	02	03	sub-3/ses-02/run-03/tsv-row-16	16	rest	1	109.772	5.0	27443	28693	sub-3/ses-02/eeg/sub-3_ses-02_task-imagery_run-03_eeg.edf	1250	True		sub-03	V	s	s	0	sub-03/ses-02/eeg/sub-03_ses-02_task-MotorImageryRest_run-03_eeg.vhdr	0b814410c0736502fb1bef1e3f595d71402aef7a5a360312ea59294365077399	True	unresolved	unresolved
sub-3	02	03	sub-3/ses-02/run-03/tsv-row-17	17	rest	1	116.676	5.0	29169	30419	sub-3/ses-02/eeg/sub-3_ses-02_task-imagery_run-03_eeg.edf	1250	True		sub-03	V	s	s	0	sub-03/ses-02/eeg/sub-03_ses-02_task-MotorImageryRest_run-03_eeg.vhdr	0b814410c0736502fb1bef1e3f595d71402aef7a5a360312ea59294365077399	True	unresolved	unresolved
sub-3	02	03	sub-3/ses-02/run-03/tsv-row-18	18	right_hand	2	123.56	5.0	30890	32140	sub-3/ses-02/eeg/sub-3_ses-02_task-imagery_run-03_eeg.edf	1250	True		sub-03	V	s	s	0	sub-03/ses-02/eeg/sub-03_ses-02_task-MotorImageryRest_run-03_eeg.vhdr	0b814410c0736502fb1bef1e3f595d71402aef7a5a360312ea59294365077399	True	unresolved	unresolved
sub-3	02	03	sub-3/ses-02/run-03/tsv-row-19	19	rest	1	130.448	5.0	32612	33862	sub-3/ses-02/eeg/sub-3_ses-02_task-imagery_run-03_eeg.edf	1250	True		sub-03	V	s	s	0	sub-03/ses-02/eeg/sub-03_ses-02_task-MotorImageryRest_run-03_eeg.vhdr	0b814410c0736502fb1bef1e3f595d71402aef7a5a360312ea59294365077399	True	unresolved	unresolved
sub-3	02	03	sub-3/ses-02/run-03/tsv-row-20	20	right_hand	2	137.332	5.0	34333	35583	sub-3/ses-02/eeg/sub-3_ses-02_task-imagery_run-03_eeg.edf	1250	True		sub-03	V	s	s	0	sub-03/ses-02/eeg/sub-03_ses-02_task-MotorImageryRest_run-03_eeg.vhdr	0b814410c0736502fb1bef1e3f595d71402aef7a5a360312ea59294365077399	True	unresolved	unresolved
sub-3	02	03	sub-3/ses-02/run-03/tsv-row-21	21	rest	1	144.224	5.0	36056	37306	sub-3/ses-02/eeg/sub-3_ses-02_task-imagery_run-03_eeg.edf	1250	True		sub-03	V	s	s	0	sub-03/ses-02/eeg/sub-03_ses-02_task-MotorImageryRest_run-03_eeg.vhdr	0b814410c0736502fb1bef1e3f595d71402aef7a5a360312ea59294365077399	True	unresolved	unresolved
sub-3	02	03	sub-3/ses-02/run-03/tsv-row-22	22	right_hand	2	151.108	5.0	37777	39027	sub-3/ses-02/eeg/sub-3_ses-02_task-imagery_run-03_eeg.edf	1250	True		sub-03	V	s	s	0	sub-03/ses-02/eeg/sub-03_ses-02_task-MotorImageryRest_run-03_eeg.vhdr	0b814410c0736502fb1bef1e3f595d71402aef7a5a360312ea59294365077399	True	unresolved	unresolved
sub-3	02	03	sub-3/ses-02/run-03/tsv-row-23	23	rest	1	158.012	5.0	39503	40753	sub-3/ses-02/eeg/sub-3_ses-02_task-imagery_run-03_eeg.edf	1250	True		sub-03	V	s	s	0	sub-03/ses-02/eeg/sub-03_ses-02_task-MotorImageryRest_run-03_eeg.vhdr	0b814410c0736502fb1bef1e3f595d71402aef7a5a360312ea59294365077399	True	unresolved	unresolved
sub-3	02	03	sub-3/ses-02/run-03/tsv-row-24	24	right_hand	2	164.88	5.0	41220	42470	sub-3/ses-02/eeg/sub-3_ses-02_task-imagery_run-03_eeg.edf	1250	True		sub-03	V	s	s	0	sub-03/ses-02/eeg/sub-03_ses-02_task-MotorImageryRest_run-03_eeg.vhdr	0b814410c0736502fb1bef1e3f595d71402aef7a5a360312ea59294365077399	True	unresolved	unresolved
sub-3	02	03	sub-3/ses-02/run-03/tsv-row-25	25	rest	1	171.768	5.0	42942	44192	sub-3/ses-02/eeg/sub-3_ses-02_task-imagery_run-03_eeg.edf	1250	True		sub-03	V	s	s	0	sub-03/ses-02/eeg/sub-03_ses-02_task-MotorImageryRest_run-03_eeg.vhdr	0b814410c0736502fb1bef1e3f595d71402aef7a5a360312ea59294365077399	True	unresolved	unresolved
sub-3	02	03	sub-3/ses-02/run-03/tsv-row-26	26	right_hand	2	178.672	5.0	44668	45918	sub-3/ses-02/eeg/sub-3_ses-02_task-imagery_run-03_eeg.edf	1250	True		sub-03	V	s	s	0	sub-03/ses-02/eeg/sub-03_ses-02_task-MotorImageryRest_run-03_eeg.vhdr	0b814410c0736502fb1bef1e3f595d71402aef7a5a360312ea59294365077399	True	unresolved	unresolved
sub-3	02	03	sub-3/ses-02/run-03/tsv-row-27	27	rest	1	185.56	5.0	46390	47640	sub-3/ses-02/eeg/sub-3_ses-02_task-imagery_run-03_eeg.edf	1250	True		sub-03	V	s	s	0	sub-03/ses-02/eeg/sub-03_ses-02_task-MotorImageryRest_run-03_eeg.vhdr	0b814410c0736502fb1bef1e3f595d71402aef7a5a360312ea59294365077399	True	unresolved	unresolved
sub-3	02	03	sub-3/ses-02/run-03/tsv-row-28	28	right_hand	2	192.428	5.0	48107	49357	sub-3/ses-02/eeg/sub-3_ses-02_task-imagery_run-03_eeg.edf	1250	True		sub-03	V	s	s	0	sub-03/ses-02/eeg/sub-03_ses-02_task-MotorImageryRest_run-03_eeg.vhdr	0b814410c0736502fb1bef1e3f595d71402aef7a5a360312ea59294365077399	True	unresolved	unresolved
sub-3	02	03	sub-3/ses-02/run-03/tsv-row-29	29	rest	1	199.332	5.0	49833	51083	sub-3/ses-02/eeg/sub-3_ses-02_task-imagery_run-03_eeg.edf	1250	True		sub-03	V	s	s	0	sub-03/ses-02/eeg/sub-03_ses-02_task-MotorImageryRest_run-03_eeg.vhdr	0b814410c0736502fb1bef1e3f595d71402aef7a5a360312ea59294365077399	True	unresolved	unresolved
sub-3	02	03	sub-3/ses-02/run-03/tsv-row-30	30	right_hand	2	206.22	5.0	51555	52805	sub-3/ses-02/eeg/sub-3_ses-02_task-imagery_run-03_eeg.edf	1250	True		sub-03	V	s	s	0	sub-03/ses-02/eeg/sub-03_ses-02_task-MotorImageryRest_run-03_eeg.vhdr	0b814410c0736502fb1bef1e3f595d71402aef7a5a360312ea59294365077399	True	unresolved	unresolved
sub-3	02	03	sub-3/ses-02/run-03/tsv-row-31	31	rest	1	213.108	5.0	53277	54527	sub-3/ses-02/eeg/sub-3_ses-02_task-imagery_run-03_eeg.edf	1250	True		sub-03	V	s	s	0	sub-03/ses-02/eeg/sub-03_ses-02_task-MotorImageryRest_run-03_eeg.vhdr	0b814410c0736502fb1bef1e3f595d71402aef7a5a360312ea59294365077399	True	unresolved	unresolved
sub-3	02	03	sub-3/ses-02/run-03/tsv-row-32	32	right_hand	2	219.976	5.0	54994	56244	sub-3/ses-02/eeg/sub-3_ses-02_task-imagery_run-03_eeg.edf	1250	True		sub-03	V	s	s	0	sub-03/ses-02/eeg/sub-03_ses-02_task-MotorImageryRest_run-03_eeg.vhdr	0b814410c0736502fb1bef1e3f595d71402aef7a5a360312ea59294365077399	True	unresolved	unresolved
sub-3	02	04	sub-3/ses-02/run-04/tsv-row-1	1	rest	1	8.152	5.0	2038	3288	sub-3/ses-02/eeg/sub-3_ses-02_task-imagery_run-04_eeg.edf	1250	True		sub-03	V	s	s	0	sub-03/ses-02/eeg/sub-03_ses-02_task-MotorImageryRest_run-04_eeg.vhdr	890e962c8d45752af578ee1cb3f7e128edffc429aea2ca8b8355e158a87b0498	True	unresolved	unresolved
sub-3	02	04	sub-3/ses-02/run-04/tsv-row-2	2	right_hand	2	15.06	5.0	3765	5015	sub-3/ses-02/eeg/sub-3_ses-02_task-imagery_run-04_eeg.edf	1250	True		sub-03	V	s	s	0	sub-03/ses-02/eeg/sub-03_ses-02_task-MotorImageryRest_run-04_eeg.vhdr	890e962c8d45752af578ee1cb3f7e128edffc429aea2ca8b8355e158a87b0498	True	unresolved	unresolved
sub-3	02	04	sub-3/ses-02/run-04/tsv-row-3	3	rest	1	21.948	5.0	5487	6737	sub-3/ses-02/eeg/sub-3_ses-02_task-imagery_run-04_eeg.edf	1250	True		sub-03	V	s	s	0	sub-03/ses-02/eeg/sub-03_ses-02_task-MotorImageryRest_run-04_eeg.vhdr	890e962c8d45752af578ee1cb3f7e128edffc429aea2ca8b8355e158a87b0498	True	unresolved	unresolved
sub-3	02	04	sub-3/ses-02/run-04/tsv-row-4	4	right_hand	2	28.832	5.0	7208	8458	sub-3/ses-02/eeg/sub-3_ses-02_task-imagery_run-04_eeg.edf	1250	True		sub-03	V	s	s	0	sub-03/ses-02/eeg/sub-03_ses-02_task-MotorImageryRest_run-04_eeg.vhdr	890e962c8d45752af578ee1cb3f7e128edffc429aea2ca8b8355e158a87b0498	True	unresolved	unresolved
sub-3	02	04	sub-3/ses-02/run-04/tsv-row-5	5	right_hand	2	35.736	5.0	8934	10184	sub-3/ses-02/eeg/sub-3_ses-02_task-imagery_run-04_eeg.edf	1250	True		sub-03	V	s	s	0	sub-03/ses-02/eeg/sub-03_ses-02_task-MotorImageryRest_run-04_eeg.vhdr	890e962c8d45752af578ee1cb3f7e128edffc429aea2ca8b8355e158a87b0498	True	unresolved	unresolved
sub-3	02	04	sub-3/ses-02/run-04/tsv-row-6	6	rest	1	42.608	5.0	10652	11902	sub-3/ses-02/eeg/sub-3_ses-02_task-imagery_run-04_eeg.edf	1250	True		sub-03	V	s	s	0	sub-03/ses-02/eeg/sub-03_ses-02_task-MotorImageryRest_run-04_eeg.vhdr	890e962c8d45752af578ee1cb3f7e128edffc429aea2ca8b8355e158a87b0498	True	unresolved	unresolved
sub-3	02	04	sub-3/ses-02/run-04/tsv-row-7	7	right_hand	2	49.492	5.0	12373	13623	sub-3/ses-02/eeg/sub-3_ses-02_task-imagery_run-04_eeg.edf	1250	True		sub-03	V	s	s	0	sub-03/ses-02/eeg/sub-03_ses-02_task-MotorImageryRest_run-04_eeg.vhdr	890e962c8d45752af578ee1cb3f7e128edffc429aea2ca8b8355e158a87b0498	True	unresolved	unresolved
sub-3	02	04	sub-3/ses-02/run-04/tsv-row-8	8	rest	1	56.4	5.0	14100	15350	sub-3/ses-02/eeg/sub-3_ses-02_task-imagery_run-04_eeg.edf	1250	True		sub-03	V	s	s	0	sub-03/ses-02/eeg/sub-03_ses-02_task-MotorImageryRest_run-04_eeg.vhdr	890e962c8d45752af578ee1cb3f7e128edffc429aea2ca8b8355e158a87b0498	True	unresolved	unresolved
sub-3	02	04	sub-3/ses-02/run-04/tsv-row-9	9	rest	1	63.284	5.0	15821	17071	sub-3/ses-02/eeg/sub-3_ses-02_task-imagery_run-04_eeg.edf	1250	True		sub-03	V	s	s	0	sub-03/ses-02/eeg/sub-03_ses-02_task-MotorImageryRest_run-04_eeg.vhdr	890e962c8d45752af578ee1cb3f7e128edffc429aea2ca8b8355e158a87b0498	True	unresolved	unresolved
sub-3	02	04	sub-3/ses-02/run-04/tsv-row-10	10	right_hand	2	70.156	5.0	17539	18789	sub-3/ses-02/eeg/sub-3_ses-02_task-imagery_run-04_eeg.edf	1250	True		sub-03	V	s	s	0	sub-03/ses-02/eeg/sub-03_ses-02_task-MotorImageryRest_run-04_eeg.vhdr	890e962c8d45752af578ee1cb3f7e128edffc429aea2ca8b8355e158a87b0498	True	unresolved	unresolved
sub-3	02	04	sub-3/ses-02/run-04/tsv-row-11	11	rest	1	77.06	5.0	19265	20515	sub-3/ses-02/eeg/sub-3_ses-02_task-imagery_run-04_eeg.edf	1250	True		sub-03	V	s	s	0	sub-03/ses-02/eeg/sub-03_ses-02_task-MotorImageryRest_run-04_eeg.vhdr	890e962c8d45752af578ee1cb3f7e128edffc429aea2ca8b8355e158a87b0498	True	unresolved	unresolved
sub-3	02	04	sub-3/ses-02/run-04/tsv-row-12	12	right_hand	2	83.944	5.0	20986	22236	sub-3/ses-02/eeg/sub-3_ses-02_task-imagery_run-04_eeg.edf	1250	True		sub-03	V	s	s	0	sub-03/ses-02/eeg/sub-03_ses-02_task-MotorImageryRest_run-04_eeg.vhdr	890e962c8d45752af578ee1cb3f7e128edffc429aea2ca8b8355e158a87b0498	True	unresolved	unresolved
sub-3	02	04	sub-3/ses-02/run-04/tsv-row-13	13	right_hand	2	90.832	5.0	22708	23958	sub-3/ses-02/eeg/sub-3_ses-02_task-imagery_run-04_eeg.edf	1250	True		sub-03	V	s	s	0	sub-03/ses-02/eeg/sub-03_ses-02_task-MotorImageryRest_run-04_eeg.vhdr	890e962c8d45752af578ee1cb3f7e128edffc429aea2ca8b8355e158a87b0498	True	unresolved	unresolved
sub-3	02	04	sub-3/ses-02/run-04/tsv-row-14	14	rest	1	97.72	5.0	24430	25680	sub-3/ses-02/eeg/sub-3_ses-02_task-imagery_run-04_eeg.edf	1250	True		sub-03	V	s	s	0	sub-03/ses-02/eeg/sub-03_ses-02_task-MotorImageryRest_run-04_eeg.vhdr	890e962c8d45752af578ee1cb3f7e128edffc429aea2ca8b8355e158a87b0498	True	unresolved	unresolved
sub-3	02	04	sub-3/ses-02/run-04/tsv-row-15	15	rest	1	104.608	5.0	26152	27402	sub-3/ses-02/eeg/sub-3_ses-02_task-imagery_run-04_eeg.edf	1250	True		sub-03	V	s	s	0	sub-03/ses-02/eeg/sub-03_ses-02_task-MotorImageryRest_run-04_eeg.vhdr	890e962c8d45752af578ee1cb3f7e128edffc429aea2ca8b8355e158a87b0498	True	unresolved	unresolved
sub-3	02	04	sub-3/ses-02/run-04/tsv-row-16	16	right_hand	2	111.492	5.0	27873	29123	sub-3/ses-02/eeg/sub-3_ses-02_task-imagery_run-04_eeg.edf	1250	True		sub-03	V	s	s	0	sub-03/ses-02/eeg/sub-03_ses-02_task-MotorImageryRest_run-04_eeg.vhdr	890e962c8d45752af578ee1cb3f7e128edffc429aea2ca8b8355e158a87b0498	True	unresolved	unresolved
sub-3	02	04	sub-3/ses-02/run-04/tsv-row-17	17	right_hand	2	118.38	5.0	29595	30845	sub-3/ses-02/eeg/sub-3_ses-02_task-imagery_run-04_eeg.edf	1250	True		sub-03	V	s	s	0	sub-03/ses-02/eeg/sub-03_ses-02_task-MotorImageryRest_run-04_eeg.vhdr	890e962c8d45752af578ee1cb3f7e128edffc429aea2ca8b8355e158a87b0498	True	unresolved	unresolved
sub-3	02	04	sub-3/ses-02/run-04/tsv-row-18	18	rest	1	125.268	5.0	31317	32567	sub-3/ses-02/eeg/sub-3_ses-02_task-imagery_run-04_eeg.edf	1250	True		sub-03	V	s	s	0	sub-03/ses-02/eeg/sub-03_ses-02_task-MotorImageryRest_run-04_eeg.vhdr	890e962c8d45752af578ee1cb3f7e128edffc429aea2ca8b8355e158a87b0498	True	unresolved	unresolved
sub-3	02	04	sub-3/ses-02/run-04/tsv-row-19	19	rest	1	132.172	5.0	33043	34293	sub-3/ses-02/eeg/sub-3_ses-02_task-imagery_run-04_eeg.edf	1250	True		sub-03	V	s	s	0	sub-03/ses-02/eeg/sub-03_ses-02_task-MotorImageryRest_run-04_eeg.vhdr	890e962c8d45752af578ee1cb3f7e128edffc429aea2ca8b8355e158a87b0498	True	unresolved	unresolved
sub-3	02	04	sub-3/ses-02/run-04/tsv-row-20	20	right_hand	2	139.056	5.0	34764	36014	sub-3/ses-02/eeg/sub-3_ses-02_task-imagery_run-04_eeg.edf	1250	True		sub-03	V	s	s	0	sub-03/ses-02/eeg/sub-03_ses-02_task-MotorImageryRest_run-04_eeg.vhdr	890e962c8d45752af578ee1cb3f7e128edffc429aea2ca8b8355e158a87b0498	True	unresolved	unresolved
sub-3	02	04	sub-3/ses-02/run-04/tsv-row-21	21	right_hand	2	145.924	5.0	36481	37731	sub-3/ses-02/eeg/sub-3_ses-02_task-imagery_run-04_eeg.edf	1250	True		sub-03	V	s	s	0	sub-03/ses-02/eeg/sub-03_ses-02_task-MotorImageryRest_run-04_eeg.vhdr	890e962c8d45752af578ee1cb3f7e128edffc429aea2ca8b8355e158a87b0498	True	unresolved	unresolved
sub-3	02	04	sub-3/ses-02/run-04/tsv-row-22	22	rest	1	152.816	5.0	38204	39454	sub-3/ses-02/eeg/sub-3_ses-02_task-imagery_run-04_eeg.edf	1250	True		sub-03	V	s	s	0	sub-03/ses-02/eeg/sub-03_ses-02_task-MotorImageryRest_run-04_eeg.vhdr	890e962c8d45752af578ee1cb3f7e128edffc429aea2ca8b8355e158a87b0498	True	unresolved	unresolved
sub-3	02	04	sub-3/ses-02/run-04/tsv-row-23	23	rest	1	159.7	5.0	39925	41175	sub-3/ses-02/eeg/sub-3_ses-02_task-imagery_run-04_eeg.edf	1250	True		sub-03	V	s	s	0	sub-03/ses-02/eeg/sub-03_ses-02_task-MotorImageryRest_run-04_eeg.vhdr	890e962c8d45752af578ee1cb3f7e128edffc429aea2ca8b8355e158a87b0498	True	unresolved	unresolved
sub-3	02	04	sub-3/ses-02/run-04/tsv-row-24	24	right_hand	2	166.604	5.0	41651	42901	sub-3/ses-02/eeg/sub-3_ses-02_task-imagery_run-04_eeg.edf	1250	True		sub-03	V	s	s	0	sub-03/ses-02/eeg/sub-03_ses-02_task-MotorImageryRest_run-04_eeg.vhdr	890e962c8d45752af578ee1cb3f7e128edffc429aea2ca8b8355e158a87b0498	True	unresolved	unresolved
sub-3	02	04	sub-3/ses-02/run-04/tsv-row-25	25	right_hand	2	173.472	5.0	43368	44618	sub-3/ses-02/eeg/sub-3_ses-02_task-imagery_run-04_eeg.edf	1250	True		sub-03	V	s	s	0	sub-03/ses-02/eeg/sub-03_ses-02_task-MotorImageryRest_run-04_eeg.vhdr	890e962c8d45752af578ee1cb3f7e128edffc429aea2ca8b8355e158a87b0498	True	unresolved	unresolved
sub-3	02	04	sub-3/ses-02/run-04/tsv-row-26	26	rest	1	180.36	5.0	45090	46340	sub-3/ses-02/eeg/sub-3_ses-02_task-imagery_run-04_eeg.edf	1250	True		sub-03	V	s	s	0	sub-03/ses-02/eeg/sub-03_ses-02_task-MotorImageryRest_run-04_eeg.vhdr	890e962c8d45752af578ee1cb3f7e128edffc429aea2ca8b8355e158a87b0498	True	unresolved	unresolved
sub-3	02	04	sub-3/ses-02/run-04/tsv-row-27	27	right_hand	2	187.264	5.0	46816	48066	sub-3/ses-02/eeg/sub-3_ses-02_task-imagery_run-04_eeg.edf	1250	True		sub-03	V	s	s	0	sub-03/ses-02/eeg/sub-03_ses-02_task-MotorImageryRest_run-04_eeg.vhdr	890e962c8d45752af578ee1cb3f7e128edffc429aea2ca8b8355e158a87b0498	True	unresolved	unresolved
sub-3	02	04	sub-3/ses-02/run-04/tsv-row-28	28	rest	1	194.152	5.0	48538	49788	sub-3/ses-02/eeg/sub-3_ses-02_task-imagery_run-04_eeg.edf	1250	True		sub-03	V	s	s	0	sub-03/ses-02/eeg/sub-03_ses-02_task-MotorImageryRest_run-04_eeg.vhdr	890e962c8d45752af578ee1cb3f7e128edffc429aea2ca8b8355e158a87b0498	True	unresolved	unresolved
sub-3	02	04	sub-3/ses-02/run-04/tsv-row-29	29	rest	1	201.02	5.0	50255	51505	sub-3/ses-02/eeg/sub-3_ses-02_task-imagery_run-04_eeg.edf	1250	True		sub-03	V	s	s	0	sub-03/ses-02/eeg/sub-03_ses-02_task-MotorImageryRest_run-04_eeg.vhdr	890e962c8d45752af578ee1cb3f7e128edffc429aea2ca8b8355e158a87b0498	True	unresolved	unresolved
sub-3	02	04	sub-3/ses-02/run-04/tsv-row-30	30	right_hand	2	207.924	5.0	51981	53231	sub-3/ses-02/eeg/sub-3_ses-02_task-imagery_run-04_eeg.edf	1250	True		sub-03	V	s	s	0	sub-03/ses-02/eeg/sub-03_ses-02_task-MotorImageryRest_run-04_eeg.vhdr	890e962c8d45752af578ee1cb3f7e128edffc429aea2ca8b8355e158a87b0498	True	unresolved	unresolved
sub-3	02	04	sub-3/ses-02/run-04/tsv-row-31	31	rest	1	214.812	5.0	53703	54953	sub-3/ses-02/eeg/sub-3_ses-02_task-imagery_run-04_eeg.edf	1250	True		sub-03	V	s	s	0	sub-03/ses-02/eeg/sub-03_ses-02_task-MotorImageryRest_run-04_eeg.vhdr	890e962c8d45752af578ee1cb3f7e128edffc429aea2ca8b8355e158a87b0498	True	unresolved	unresolved
sub-3	02	04	sub-3/ses-02/run-04/tsv-row-32	32	right_hand	2	221.696	5.0	55424	56674	sub-3/ses-02/eeg/sub-3_ses-02_task-imagery_run-04_eeg.edf	1250	True		sub-03	V	s	s	0	sub-03/ses-02/eeg/sub-03_ses-02_task-MotorImageryRest_run-04_eeg.vhdr	890e962c8d45752af578ee1cb3f7e128edffc429aea2ca8b8355e158a87b0498	True	unresolved	unresolved
sub-3	02	05	sub-3/ses-02/run-05/tsv-row-1	1	right_hand	2	9.608	5.0	2402	3652	sub-3/ses-02/eeg/sub-3_ses-02_task-imagery_run-05_eeg.edf	1250	True		sub-03	V	s	s	0	sub-03/ses-02/eeg/sub-03_ses-02_task-MotorImageryRest_run-05_eeg.vhdr	b06b01761decaaa6fdd5a8b7fa006326f85fbd6c8b484b1db03487d7d965e1cc	True	unresolved	unresolved
sub-3	02	05	sub-3/ses-02/run-05/tsv-row-2	2	rest	1	16.516	5.0	4129	5379	sub-3/ses-02/eeg/sub-3_ses-02_task-imagery_run-05_eeg.edf	1250	True		sub-03	V	s	s	0	sub-03/ses-02/eeg/sub-03_ses-02_task-MotorImageryRest_run-05_eeg.vhdr	b06b01761decaaa6fdd5a8b7fa006326f85fbd6c8b484b1db03487d7d965e1cc	True	unresolved	unresolved
sub-3	02	05	sub-3/ses-02/run-05/tsv-row-3	3	right_hand	2	23.4	5.0	5850	7100	sub-3/ses-02/eeg/sub-3_ses-02_task-imagery_run-05_eeg.edf	1250	True		sub-03	V	s	s	0	sub-03/ses-02/eeg/sub-03_ses-02_task-MotorImageryRest_run-05_eeg.vhdr	b06b01761decaaa6fdd5a8b7fa006326f85fbd6c8b484b1db03487d7d965e1cc	True	unresolved	unresolved
sub-3	02	05	sub-3/ses-02/run-05/tsv-row-4	4	rest	1	30.288	5.0	7572	8822	sub-3/ses-02/eeg/sub-3_ses-02_task-imagery_run-05_eeg.edf	1250	True		sub-03	V	s	s	0	sub-03/ses-02/eeg/sub-03_ses-02_task-MotorImageryRest_run-05_eeg.vhdr	b06b01761decaaa6fdd5a8b7fa006326f85fbd6c8b484b1db03487d7d965e1cc	True	unresolved	unresolved
sub-3	02	05	sub-3/ses-02/run-05/tsv-row-5	5	rest	1	37.192	5.0	9298	10548	sub-3/ses-02/eeg/sub-3_ses-02_task-imagery_run-05_eeg.edf	1250	True		sub-03	V	s	s	0	sub-03/ses-02/eeg/sub-03_ses-02_task-MotorImageryRest_run-05_eeg.vhdr	b06b01761decaaa6fdd5a8b7fa006326f85fbd6c8b484b1db03487d7d965e1cc	True	unresolved	unresolved
sub-3	02	05	sub-3/ses-02/run-05/tsv-row-6	6	right_hand	2	44.06	5.0	11015	12265	sub-3/ses-02/eeg/sub-3_ses-02_task-imagery_run-05_eeg.edf	1250	True		sub-03	V	s	s	0	sub-03/ses-02/eeg/sub-03_ses-02_task-MotorImageryRest_run-05_eeg.vhdr	b06b01761decaaa6fdd5a8b7fa006326f85fbd6c8b484b1db03487d7d965e1cc	True	unresolved	unresolved
sub-3	02	05	sub-3/ses-02/run-05/tsv-row-7	7	right_hand	2	50.964	5.0	12741	13991	sub-3/ses-02/eeg/sub-3_ses-02_task-imagery_run-05_eeg.edf	1250	True		sub-03	V	s	s	0	sub-03/ses-02/eeg/sub-03_ses-02_task-MotorImageryRest_run-05_eeg.vhdr	b06b01761decaaa6fdd5a8b7fa006326f85fbd6c8b484b1db03487d7d965e1cc	True	unresolved	unresolved
sub-3	02	05	sub-3/ses-02/run-05/tsv-row-8	8	rest	1	57.852	5.0	14463	15713	sub-3/ses-02/eeg/sub-3_ses-02_task-imagery_run-05_eeg.edf	1250	True		sub-03	V	s	s	0	sub-03/ses-02/eeg/sub-03_ses-02_task-MotorImageryRest_run-05_eeg.vhdr	b06b01761decaaa6fdd5a8b7fa006326f85fbd6c8b484b1db03487d7d965e1cc	True	unresolved	unresolved
sub-3	02	05	sub-3/ses-02/run-05/tsv-row-9	9	rest	1	64.74	5.0	16185	17435	sub-3/ses-02/eeg/sub-3_ses-02_task-imagery_run-05_eeg.edf	1250	True		sub-03	V	s	s	0	sub-03/ses-02/eeg/sub-03_ses-02_task-MotorImageryRest_run-05_eeg.vhdr	b06b01761decaaa6fdd5a8b7fa006326f85fbd6c8b484b1db03487d7d965e1cc	True	unresolved	unresolved
sub-3	02	05	sub-3/ses-02/run-05/tsv-row-10	10	right_hand	2	71.608	5.0	17902	19152	sub-3/ses-02/eeg/sub-3_ses-02_task-imagery_run-05_eeg.edf	1250	True		sub-03	V	s	s	0	sub-03/ses-02/eeg/sub-03_ses-02_task-MotorImageryRest_run-05_eeg.vhdr	b06b01761decaaa6fdd5a8b7fa006326f85fbd6c8b484b1db03487d7d965e1cc	True	unresolved	unresolved
sub-3	02	05	sub-3/ses-02/run-05/tsv-row-11	11	rest	1	78.512	5.0	19628	20878	sub-3/ses-02/eeg/sub-3_ses-02_task-imagery_run-05_eeg.edf	1250	True		sub-03	V	s	s	0	sub-03/ses-02/eeg/sub-03_ses-02_task-MotorImageryRest_run-05_eeg.vhdr	b06b01761decaaa6fdd5a8b7fa006326f85fbd6c8b484b1db03487d7d965e1cc	True	unresolved	unresolved
sub-3	02	05	sub-3/ses-02/run-05/tsv-row-12	12	right_hand	2	85.4	5.0	21350	22600	sub-3/ses-02/eeg/sub-3_ses-02_task-imagery_run-05_eeg.edf	1250	True		sub-03	V	s	s	0	sub-03/ses-02/eeg/sub-03_ses-02_task-MotorImageryRest_run-05_eeg.vhdr	b06b01761decaaa6fdd5a8b7fa006326f85fbd6c8b484b1db03487d7d965e1cc	True	unresolved	unresolved
sub-3	02	05	sub-3/ses-02/run-05/tsv-row-13	13	right_hand	2	92.284	5.0	23071	24321	sub-3/ses-02/eeg/sub-3_ses-02_task-imagery_run-05_eeg.edf	1250	True		sub-03	V	s	s	0	sub-03/ses-02/eeg/sub-03_ses-02_task-MotorImageryRest_run-05_eeg.vhdr	b06b01761decaaa6fdd5a8b7fa006326f85fbd6c8b484b1db03487d7d965e1cc	True	unresolved	unresolved
sub-3	02	05	sub-3/ses-02/run-05/tsv-row-14	14	rest	1	99.176	5.0	24794	26044	sub-3/ses-02/eeg/sub-3_ses-02_task-imagery_run-05_eeg.edf	1250	True		sub-03	V	s	s	0	sub-03/ses-02/eeg/sub-03_ses-02_task-MotorImageryRest_run-05_eeg.vhdr	b06b01761decaaa6fdd5a8b7fa006326f85fbd6c8b484b1db03487d7d965e1cc	True	unresolved	unresolved
sub-3	02	05	sub-3/ses-02/run-05/tsv-row-15	15	rest	1	106.06	5.0	26515	27765	sub-3/ses-02/eeg/sub-3_ses-02_task-imagery_run-05_eeg.edf	1250	True		sub-03	V	s	s	0	sub-03/ses-02/eeg/sub-03_ses-02_task-MotorImageryRest_run-05_eeg.vhdr	b06b01761decaaa6fdd5a8b7fa006326f85fbd6c8b484b1db03487d7d965e1cc	True	unresolved	unresolved
sub-3	02	05	sub-3/ses-02/run-05/tsv-row-16	16	right_hand	2	112.948	5.0	28237	29487	sub-3/ses-02/eeg/sub-3_ses-02_task-imagery_run-05_eeg.edf	1250	True		sub-03	V	s	s	0	sub-03/ses-02/eeg/sub-03_ses-02_task-MotorImageryRest_run-05_eeg.vhdr	b06b01761decaaa6fdd5a8b7fa006326f85fbd6c8b484b1db03487d7d965e1cc	True	unresolved	unresolved
sub-3	02	05	sub-3/ses-02/run-05/tsv-row-17	17	rest	1	119.836	5.0	29959	31209	sub-3/ses-02/eeg/sub-3_ses-02_task-imagery_run-05_eeg.edf	1250	True		sub-03	V	s	s	0	sub-03/ses-02/eeg/sub-03_ses-02_task-MotorImageryRest_run-05_eeg.vhdr	b06b01761decaaa6fdd5a8b7fa006326f85fbd6c8b484b1db03487d7d965e1cc	True	unresolved	unresolved
sub-3	02	05	sub-3/ses-02/run-05/tsv-row-18	18	right_hand	2	126.72	5.0	31680	32930	sub-3/ses-02/eeg/sub-3_ses-02_task-imagery_run-05_eeg.edf	1250	True		sub-03	V	s	s	0	sub-03/ses-02/eeg/sub-03_ses-02_task-MotorImageryRest_run-05_eeg.vhdr	b06b01761decaaa6fdd5a8b7fa006326f85fbd6c8b484b1db03487d7d965e1cc	True	unresolved	unresolved
sub-3	02	05	sub-3/ses-02/run-05/tsv-row-19	19	rest	1	133.608	5.0	33402	34652	sub-3/ses-02/eeg/sub-3_ses-02_task-imagery_run-05_eeg.edf	1250	True		sub-03	V	s	s	0	sub-03/ses-02/eeg/sub-03_ses-02_task-MotorImageryRest_run-05_eeg.vhdr	b06b01761decaaa6fdd5a8b7fa006326f85fbd6c8b484b1db03487d7d965e1cc	True	unresolved	unresolved
sub-3	02	05	sub-3/ses-02/run-05/tsv-row-20	20	right_hand	2	140.512	5.0	35128	36378	sub-3/ses-02/eeg/sub-3_ses-02_task-imagery_run-05_eeg.edf	1250	True		sub-03	V	s	s	0	sub-03/ses-02/eeg/sub-03_ses-02_task-MotorImageryRest_run-05_eeg.vhdr	b06b01761decaaa6fdd5a8b7fa006326f85fbd6c8b484b1db03487d7d965e1cc	True	unresolved	unresolved
sub-3	02	05	sub-3/ses-02/run-05/tsv-row-21	21	right_hand	2	147.38	5.0	36845	38095	sub-3/ses-02/eeg/sub-3_ses-02_task-imagery_run-05_eeg.edf	1250	True		sub-03	V	s	s	0	sub-03/ses-02/eeg/sub-03_ses-02_task-MotorImageryRest_run-05_eeg.vhdr	b06b01761decaaa6fdd5a8b7fa006326f85fbd6c8b484b1db03487d7d965e1cc	True	unresolved	unresolved
sub-3	02	05	sub-3/ses-02/run-05/tsv-row-22	22	rest	1	154.268	5.0	38567	39817	sub-3/ses-02/eeg/sub-3_ses-02_task-imagery_run-05_eeg.edf	1250	True		sub-03	V	s	s	0	sub-03/ses-02/eeg/sub-03_ses-02_task-MotorImageryRest_run-05_eeg.vhdr	b06b01761decaaa6fdd5a8b7fa006326f85fbd6c8b484b1db03487d7d965e1cc	True	unresolved	unresolved
sub-3	02	05	sub-3/ses-02/run-05/tsv-row-23	23	rest	1	161.156	5.0	40289	41539	sub-3/ses-02/eeg/sub-3_ses-02_task-imagery_run-05_eeg.edf	1250	True		sub-03	V	s	s	0	sub-03/ses-02/eeg/sub-03_ses-02_task-MotorImageryRest_run-05_eeg.vhdr	b06b01761decaaa6fdd5a8b7fa006326f85fbd6c8b484b1db03487d7d965e1cc	True	unresolved	unresolved
sub-3	02	05	sub-3/ses-02/run-05/tsv-row-24	24	right_hand	2	168.056	5.0	42014	43264	sub-3/ses-02/eeg/sub-3_ses-02_task-imagery_run-05_eeg.edf	1250	True		sub-03	V	s	s	0	sub-03/ses-02/eeg/sub-03_ses-02_task-MotorImageryRest_run-05_eeg.vhdr	b06b01761decaaa6fdd5a8b7fa006326f85fbd6c8b484b1db03487d7d965e1cc	True	unresolved	unresolved
sub-3	02	05	sub-3/ses-02/run-05/tsv-row-25	25	right_hand	2	174.928	5.0	43732	44982	sub-3/ses-02/eeg/sub-3_ses-02_task-imagery_run-05_eeg.edf	1250	True		sub-03	V	s	s	0	sub-03/ses-02/eeg/sub-03_ses-02_task-MotorImageryRest_run-05_eeg.vhdr	b06b01761decaaa6fdd5a8b7fa006326f85fbd6c8b484b1db03487d7d965e1cc	True	unresolved	unresolved
sub-3	02	05	sub-3/ses-02/run-05/tsv-row-26	26	rest	1	181.816	5.0	45454	46704	sub-3/ses-02/eeg/sub-3_ses-02_task-imagery_run-05_eeg.edf	1250	True		sub-03	V	s	s	0	sub-03/ses-02/eeg/sub-03_ses-02_task-MotorImageryRest_run-05_eeg.vhdr	b06b01761decaaa6fdd5a8b7fa006326f85fbd6c8b484b1db03487d7d965e1cc	True	unresolved	unresolved
sub-3	02	05	sub-3/ses-02/run-05/tsv-row-27	27	rest	1	188.72	5.0	47180	48430	sub-3/ses-02/eeg/sub-3_ses-02_task-imagery_run-05_eeg.edf	1250	True		sub-03	V	s	s	0	sub-03/ses-02/eeg/sub-03_ses-02_task-MotorImageryRest_run-05_eeg.vhdr	b06b01761decaaa6fdd5a8b7fa006326f85fbd6c8b484b1db03487d7d965e1cc	True	unresolved	unresolved
sub-3	02	05	sub-3/ses-02/run-05/tsv-row-28	28	right_hand	2	195.604	5.0	48901	50151	sub-3/ses-02/eeg/sub-3_ses-02_task-imagery_run-05_eeg.edf	1250	True		sub-03	V	s	s	0	sub-03/ses-02/eeg/sub-03_ses-02_task-MotorImageryRest_run-05_eeg.vhdr	b06b01761decaaa6fdd5a8b7fa006326f85fbd6c8b484b1db03487d7d965e1cc	True	unresolved	unresolved
sub-3	02	05	sub-3/ses-02/run-05/tsv-row-29	29	rest	1	202.492	5.0	50623	51873	sub-3/ses-02/eeg/sub-3_ses-02_task-imagery_run-05_eeg.edf	1250	True		sub-03	V	s	s	0	sub-03/ses-02/eeg/sub-03_ses-02_task-MotorImageryRest_run-05_eeg.vhdr	b06b01761decaaa6fdd5a8b7fa006326f85fbd6c8b484b1db03487d7d965e1cc	True	unresolved	unresolved
sub-3	02	05	sub-3/ses-02/run-05/tsv-row-30	30	right_hand	2	209.376	5.0	52344	53594	sub-3/ses-02/eeg/sub-3_ses-02_task-imagery_run-05_eeg.edf	1250	True		sub-03	V	s	s	0	sub-03/ses-02/eeg/sub-03_ses-02_task-MotorImageryRest_run-05_eeg.vhdr	b06b01761decaaa6fdd5a8b7fa006326f85fbd6c8b484b1db03487d7d965e1cc	True	unresolved	unresolved
sub-3	02	05	sub-3/ses-02/run-05/tsv-row-31	31	rest	1	216.268	5.0	54067	55317	sub-3/ses-02/eeg/sub-3_ses-02_task-imagery_run-05_eeg.edf	1250	True		sub-03	V	s	s	0	sub-03/ses-02/eeg/sub-03_ses-02_task-MotorImageryRest_run-05_eeg.vhdr	b06b01761decaaa6fdd5a8b7fa006326f85fbd6c8b484b1db03487d7d965e1cc	True	unresolved	unresolved
sub-3	02	05	sub-3/ses-02/run-05/tsv-row-32	32	right_hand	2	223.152	5.0	55788	57038	sub-3/ses-02/eeg/sub-3_ses-02_task-imagery_run-05_eeg.edf	1250	True		sub-03	V	s	s	0	sub-03/ses-02/eeg/sub-03_ses-02_task-MotorImageryRest_run-05_eeg.vhdr	b06b01761decaaa6fdd5a8b7fa006326f85fbd6c8b484b1db03487d7d965e1cc	True	unresolved	unresolved
sub-3	02	06	sub-3/ses-02/run-06/tsv-row-1	1	right_hand	2	7.696	5.0	1924	3174	sub-3/ses-02/eeg/sub-3_ses-02_task-imagery_run-06_eeg.edf	1250	True		sub-03	V	s	s	0	sub-03/ses-02/eeg/sub-03_ses-02_task-MotorImageryRest_run-06_eeg.vhdr	821c8178b8b0aac185f1467d8f45fc4fb9ea38d958dd0bfd7aea293c4f51a9b1	True	unresolved	unresolved
sub-3	02	06	sub-3/ses-02/run-06/tsv-row-2	2	rest	1	14.588	5.0	3647	4897	sub-3/ses-02/eeg/sub-3_ses-02_task-imagery_run-06_eeg.edf	1250	True		sub-03	V	s	s	0	sub-03/ses-02/eeg/sub-03_ses-02_task-MotorImageryRest_run-06_eeg.vhdr	821c8178b8b0aac185f1467d8f45fc4fb9ea38d958dd0bfd7aea293c4f51a9b1	True	unresolved	unresolved
sub-3	02	06	sub-3/ses-02/run-06/tsv-row-3	3	rest	1	21.476	5.0	5369	6619	sub-3/ses-02/eeg/sub-3_ses-02_task-imagery_run-06_eeg.edf	1250	True		sub-03	V	s	s	0	sub-03/ses-02/eeg/sub-03_ses-02_task-MotorImageryRest_run-06_eeg.vhdr	821c8178b8b0aac185f1467d8f45fc4fb9ea38d958dd0bfd7aea293c4f51a9b1	True	unresolved	unresolved
sub-3	02	06	sub-3/ses-02/run-06/tsv-row-4	4	right_hand	2	28.344	5.0	7086	8336	sub-3/ses-02/eeg/sub-3_ses-02_task-imagery_run-06_eeg.edf	1250	True		sub-03	V	s	s	0	sub-03/ses-02/eeg/sub-03_ses-02_task-MotorImageryRest_run-06_eeg.vhdr	821c8178b8b0aac185f1467d8f45fc4fb9ea38d958dd0bfd7aea293c4f51a9b1	True	unresolved	unresolved
sub-3	02	06	sub-3/ses-02/run-06/tsv-row-5	5	rest	1	35.248	5.0	8812	10062	sub-3/ses-02/eeg/sub-3_ses-02_task-imagery_run-06_eeg.edf	1250	True		sub-03	V	s	s	0	sub-03/ses-02/eeg/sub-03_ses-02_task-MotorImageryRest_run-06_eeg.vhdr	821c8178b8b0aac185f1467d8f45fc4fb9ea38d958dd0bfd7aea293c4f51a9b1	True	unresolved	unresolved
sub-3	02	06	sub-3/ses-02/run-06/tsv-row-6	6	right_hand	2	42.136	5.0	10534	11784	sub-3/ses-02/eeg/sub-3_ses-02_task-imagery_run-06_eeg.edf	1250	True		sub-03	V	s	s	0	sub-03/ses-02/eeg/sub-03_ses-02_task-MotorImageryRest_run-06_eeg.vhdr	821c8178b8b0aac185f1467d8f45fc4fb9ea38d958dd0bfd7aea293c4f51a9b1	True	unresolved	unresolved
sub-3	02	06	sub-3/ses-02/run-06/tsv-row-7	7	rest	1	49.024	5.0	12256	13506	sub-3/ses-02/eeg/sub-3_ses-02_task-imagery_run-06_eeg.edf	1250	True		sub-03	V	s	s	0	sub-03/ses-02/eeg/sub-03_ses-02_task-MotorImageryRest_run-06_eeg.vhdr	821c8178b8b0aac185f1467d8f45fc4fb9ea38d958dd0bfd7aea293c4f51a9b1	True	unresolved	unresolved
sub-3	02	06	sub-3/ses-02/run-06/tsv-row-8	8	right_hand	2	55.908	5.0	13977	15227	sub-3/ses-02/eeg/sub-3_ses-02_task-imagery_run-06_eeg.edf	1250	True		sub-03	V	s	s	0	sub-03/ses-02/eeg/sub-03_ses-02_task-MotorImageryRest_run-06_eeg.vhdr	821c8178b8b0aac185f1467d8f45fc4fb9ea38d958dd0bfd7aea293c4f51a9b1	True	unresolved	unresolved
sub-3	02	06	sub-3/ses-02/run-06/tsv-row-9	9	rest	1	62.796	5.0	15699	16949	sub-3/ses-02/eeg/sub-3_ses-02_task-imagery_run-06_eeg.edf	1250	True		sub-03	V	s	s	0	sub-03/ses-02/eeg/sub-03_ses-02_task-MotorImageryRest_run-06_eeg.vhdr	821c8178b8b0aac185f1467d8f45fc4fb9ea38d958dd0bfd7aea293c4f51a9b1	True	unresolved	unresolved
sub-3	02	06	sub-3/ses-02/run-06/tsv-row-10	10	right_hand	2	69.68	5.0	17420	18670	sub-3/ses-02/eeg/sub-3_ses-02_task-imagery_run-06_eeg.edf	1250	True		sub-03	V	s	s	0	sub-03/ses-02/eeg/sub-03_ses-02_task-MotorImageryRest_run-06_eeg.vhdr	821c8178b8b0aac185f1467d8f45fc4fb9ea38d958dd0bfd7aea293c4f51a9b1	True	unresolved	unresolved
sub-3	02	06	sub-3/ses-02/run-06/tsv-row-11	11	right_hand	2	76.584	5.0	19146	20396	sub-3/ses-02/eeg/sub-3_ses-02_task-imagery_run-06_eeg.edf	1250	True		sub-03	V	s	s	0	sub-03/ses-02/eeg/sub-03_ses-02_task-MotorImageryRest_run-06_eeg.vhdr	821c8178b8b0aac185f1467d8f45fc4fb9ea38d958dd0bfd7aea293c4f51a9b1	True	unresolved	unresolved
sub-3	02	06	sub-3/ses-02/run-06/tsv-row-12	12	rest	1	83.456	5.0	20864	22114	sub-3/ses-02/eeg/sub-3_ses-02_task-imagery_run-06_eeg.edf	1250	True		sub-03	V	s	s	0	sub-03/ses-02/eeg/sub-03_ses-02_task-MotorImageryRest_run-06_eeg.vhdr	821c8178b8b0aac185f1467d8f45fc4fb9ea38d958dd0bfd7aea293c4f51a9b1	True	unresolved	unresolved
sub-3	02	06	sub-3/ses-02/run-06/tsv-row-13	13	rest	1	90.36	5.0	22590	23840	sub-3/ses-02/eeg/sub-3_ses-02_task-imagery_run-06_eeg.edf	1250	True		sub-03	V	s	s	0	sub-03/ses-02/eeg/sub-03_ses-02_task-MotorImageryRest_run-06_eeg.vhdr	821c8178b8b0aac185f1467d8f45fc4fb9ea38d958dd0bfd7aea293c4f51a9b1	True	unresolved	unresolved
sub-3	02	06	sub-3/ses-02/run-06/tsv-row-14	14	right_hand	2	97.244	5.0	24311	25561	sub-3/ses-02/eeg/sub-3_ses-02_task-imagery_run-06_eeg.edf	1250	True		sub-03	V	s	s	0	sub-03/ses-02/eeg/sub-03_ses-02_task-MotorImageryRest_run-06_eeg.vhdr	821c8178b8b0aac185f1467d8f45fc4fb9ea38d958dd0bfd7aea293c4f51a9b1	True	unresolved	unresolved
sub-3	02	06	sub-3/ses-02/run-06/tsv-row-15	15	rest	1	104.136	5.0	26034	27284	sub-3/ses-02/eeg/sub-3_ses-02_task-imagery_run-06_eeg.edf	1250	True		sub-03	V	s	s	0	sub-03/ses-02/eeg/sub-03_ses-02_task-MotorImageryRest_run-06_eeg.vhdr	821c8178b8b0aac185f1467d8f45fc4fb9ea38d958dd0bfd7aea293c4f51a9b1	True	unresolved	unresolved
sub-3	02	06	sub-3/ses-02/run-06/tsv-row-16	16	right_hand	2	111.004	5.0	27751	29001	sub-3/ses-02/eeg/sub-3_ses-02_task-imagery_run-06_eeg.edf	1250	True		sub-03	V	s	s	0	sub-03/ses-02/eeg/sub-03_ses-02_task-MotorImageryRest_run-06_eeg.vhdr	821c8178b8b0aac185f1467d8f45fc4fb9ea38d958dd0bfd7aea293c4f51a9b1	True	unresolved	unresolved
sub-3	02	06	sub-3/ses-02/run-06/tsv-row-17	17	rest	1	117.908	5.0	29477	30727	sub-3/ses-02/eeg/sub-3_ses-02_task-imagery_run-06_eeg.edf	1250	True		sub-03	V	s	s	0	sub-03/ses-02/eeg/sub-03_ses-02_task-MotorImageryRest_run-06_eeg.vhdr	821c8178b8b0aac185f1467d8f45fc4fb9ea38d958dd0bfd7aea293c4f51a9b1	True	unresolved	unresolved
sub-3	02	06	sub-3/ses-02/run-06/tsv-row-18	18	right_hand	2	124.792	5.0	31198	32448	sub-3/ses-02/eeg/sub-3_ses-02_task-imagery_run-06_eeg.edf	1250	True		sub-03	V	s	s	0	sub-03/ses-02/eeg/sub-03_ses-02_task-MotorImageryRest_run-06_eeg.vhdr	821c8178b8b0aac185f1467d8f45fc4fb9ea38d958dd0bfd7aea293c4f51a9b1	True	unresolved	unresolved
sub-3	02	06	sub-3/ses-02/run-06/tsv-row-19	19	right_hand	2	131.68	5.0	32920	34170	sub-3/ses-02/eeg/sub-3_ses-02_task-imagery_run-06_eeg.edf	1250	True		sub-03	V	s	s	0	sub-03/ses-02/eeg/sub-03_ses-02_task-MotorImageryRest_run-06_eeg.vhdr	821c8178b8b0aac185f1467d8f45fc4fb9ea38d958dd0bfd7aea293c4f51a9b1	True	unresolved	unresolved
sub-3	02	06	sub-3/ses-02/run-06/tsv-row-20	20	rest	1	138.568	5.0	34642	35892	sub-3/ses-02/eeg/sub-3_ses-02_task-imagery_run-06_eeg.edf	1250	True		sub-03	V	s	s	0	sub-03/ses-02/eeg/sub-03_ses-02_task-MotorImageryRest_run-06_eeg.vhdr	821c8178b8b0aac185f1467d8f45fc4fb9ea38d958dd0bfd7aea293c4f51a9b1	True	unresolved	unresolved
sub-3	02	06	sub-3/ses-02/run-06/tsv-row-21	21	right_hand	2	145.452	5.0	36363	37613	sub-3/ses-02/eeg/sub-3_ses-02_task-imagery_run-06_eeg.edf	1250	True		sub-03	V	s	s	0	sub-03/ses-02/eeg/sub-03_ses-02_task-MotorImageryRest_run-06_eeg.vhdr	821c8178b8b0aac185f1467d8f45fc4fb9ea38d958dd0bfd7aea293c4f51a9b1	True	unresolved	unresolved
sub-3	02	06	sub-3/ses-02/run-06/tsv-row-22	22	rest	1	152.34	5.0	38085	39335	sub-3/ses-02/eeg/sub-3_ses-02_task-imagery_run-06_eeg.edf	1250	True		sub-03	V	s	s	0	sub-03/ses-02/eeg/sub-03_ses-02_task-MotorImageryRest_run-06_eeg.vhdr	821c8178b8b0aac185f1467d8f45fc4fb9ea38d958dd0bfd7aea293c4f51a9b1	True	unresolved	unresolved
sub-3	02	06	sub-3/ses-02/run-06/tsv-row-23	23	rest	1	159.244	5.0	39811	41061	sub-3/ses-02/eeg/sub-3_ses-02_task-imagery_run-06_eeg.edf	1250	True		sub-03	V	s	s	0	sub-03/ses-02/eeg/sub-03_ses-02_task-MotorImageryRest_run-06_eeg.vhdr	821c8178b8b0aac185f1467d8f45fc4fb9ea38d958dd0bfd7aea293c4f51a9b1	True	unresolved	unresolved
sub-3	02	06	sub-3/ses-02/run-06/tsv-row-24	24	right_hand	2	166.112	5.0	41528	42778	sub-3/ses-02/eeg/sub-3_ses-02_task-imagery_run-06_eeg.edf	1250	True		sub-03	V	s	s	0	sub-03/ses-02/eeg/sub-03_ses-02_task-MotorImageryRest_run-06_eeg.vhdr	821c8178b8b0aac185f1467d8f45fc4fb9ea38d958dd0bfd7aea293c4f51a9b1	True	unresolved	unresolved
sub-3	02	06	sub-3/ses-02/run-06/tsv-row-25	25	right_hand	2	173.0	5.0	43250	44500	sub-3/ses-02/eeg/sub-3_ses-02_task-imagery_run-06_eeg.edf	1250	True		sub-03	V	s	s	0	sub-03/ses-02/eeg/sub-03_ses-02_task-MotorImageryRest_run-06_eeg.vhdr	821c8178b8b0aac185f1467d8f45fc4fb9ea38d958dd0bfd7aea293c4f51a9b1	True	unresolved	unresolved
sub-3	02	06	sub-3/ses-02/run-06/tsv-row-26	26	rest	1	179.888	5.0	44972	46222	sub-3/ses-02/eeg/sub-3_ses-02_task-imagery_run-06_eeg.edf	1250	True		sub-03	V	s	s	0	sub-03/ses-02/eeg/sub-03_ses-02_task-MotorImageryRest_run-06_eeg.vhdr	821c8178b8b0aac185f1467d8f45fc4fb9ea38d958dd0bfd7aea293c4f51a9b1	True	unresolved	unresolved
sub-3	02	06	sub-3/ses-02/run-06/tsv-row-27	27	right_hand	2	186.792	5.0	46698	47948	sub-3/ses-02/eeg/sub-3_ses-02_task-imagery_run-06_eeg.edf	1250	True		sub-03	V	s	s	0	sub-03/ses-02/eeg/sub-03_ses-02_task-MotorImageryRest_run-06_eeg.vhdr	821c8178b8b0aac185f1467d8f45fc4fb9ea38d958dd0bfd7aea293c4f51a9b1	True	unresolved	unresolved
sub-3	02	06	sub-3/ses-02/run-06/tsv-row-28	28	rest	1	193.664	5.0	48416	49666	sub-3/ses-02/eeg/sub-3_ses-02_task-imagery_run-06_eeg.edf	1250	True		sub-03	V	s	s	0	sub-03/ses-02/eeg/sub-03_ses-02_task-MotorImageryRest_run-06_eeg.vhdr	821c8178b8b0aac185f1467d8f45fc4fb9ea38d958dd0bfd7aea293c4f51a9b1	True	unresolved	unresolved
sub-3	02	06	sub-3/ses-02/run-06/tsv-row-29	29	rest	1	200.548	5.0	50137	51387	sub-3/ses-02/eeg/sub-3_ses-02_task-imagery_run-06_eeg.edf	1250	True		sub-03	V	s	s	0	sub-03/ses-02/eeg/sub-03_ses-02_task-MotorImageryRest_run-06_eeg.vhdr	821c8178b8b0aac185f1467d8f45fc4fb9ea38d958dd0bfd7aea293c4f51a9b1	True	unresolved	unresolved
sub-3	02	06	sub-3/ses-02/run-06/tsv-row-30	30	right_hand	2	207.452	5.0	51863	53113	sub-3/ses-02/eeg/sub-3_ses-02_task-imagery_run-06_eeg.edf	1250	True		sub-03	V	s	s	0	sub-03/ses-02/eeg/sub-03_ses-02_task-MotorImageryRest_run-06_eeg.vhdr	821c8178b8b0aac185f1467d8f45fc4fb9ea38d958dd0bfd7aea293c4f51a9b1	True	unresolved	unresolved
sub-3	02	06	sub-3/ses-02/run-06/tsv-row-31	31	rest	1	214.34	5.0	53585	54835	sub-3/ses-02/eeg/sub-3_ses-02_task-imagery_run-06_eeg.edf	1250	True		sub-03	V	s	s	0	sub-03/ses-02/eeg/sub-03_ses-02_task-MotorImageryRest_run-06_eeg.vhdr	821c8178b8b0aac185f1467d8f45fc4fb9ea38d958dd0bfd7aea293c4f51a9b1	True	unresolved	unresolved
sub-3	02	06	sub-3/ses-02/run-06/tsv-row-32	32	right_hand	2	221.208	5.0	55302	56552	sub-3/ses-02/eeg/sub-3_ses-02_task-imagery_run-06_eeg.edf	1250	True		sub-03	V	s	s	0	sub-03/ses-02/eeg/sub-03_ses-02_task-MotorImageryRest_run-06_eeg.vhdr	821c8178b8b0aac185f1467d8f45fc4fb9ea38d958dd0bfd7aea293c4f51a9b1	True	unresolved	unresolved
sub-3	03	01	sub-3/ses-03/run-01/tsv-row-1	1	right_hand	2	5.896	5.0	1474	2724	sub-3/ses-03/eeg/sub-3_ses-03_task-imagery_run-01_eeg.edf	1250	True		sub-03	V	s	s	0	sub-03/ses-03/eeg/sub-03_ses-03_task-MotorImageryRest_run-01_eeg.vhdr	eb542b38b677f37e85f9249ac4a2f3072b40648862770a7027209623358a1a77	True	unresolved	unresolved
sub-3	03	01	sub-3/ses-03/run-01/tsv-row-2	2	rest	1	12.788	5.0	3197	4447	sub-3/ses-03/eeg/sub-3_ses-03_task-imagery_run-01_eeg.edf	1250	True		sub-03	V	s	s	0	sub-03/ses-03/eeg/sub-03_ses-03_task-MotorImageryRest_run-01_eeg.vhdr	eb542b38b677f37e85f9249ac4a2f3072b40648862770a7027209623358a1a77	True	unresolved	unresolved
sub-3	03	01	sub-3/ses-03/run-01/tsv-row-3	3	right_hand	2	19.688	5.0	4922	6172	sub-3/ses-03/eeg/sub-3_ses-03_task-imagery_run-01_eeg.edf	1250	True		sub-03	V	s	s	0	sub-03/ses-03/eeg/sub-03_ses-03_task-MotorImageryRest_run-01_eeg.vhdr	eb542b38b677f37e85f9249ac4a2f3072b40648862770a7027209623358a1a77	True	unresolved	unresolved
sub-3	03	01	sub-3/ses-03/run-01/tsv-row-4	4	rest	1	26.576	5.0	6644	7894	sub-3/ses-03/eeg/sub-3_ses-03_task-imagery_run-01_eeg.edf	1250	True		sub-03	V	s	s	0	sub-03/ses-03/eeg/sub-03_ses-03_task-MotorImageryRest_run-01_eeg.vhdr	eb542b38b677f37e85f9249ac4a2f3072b40648862770a7027209623358a1a77	True	unresolved	unresolved
sub-3	03	01	sub-3/ses-03/run-01/tsv-row-5	5	right_hand	2	33.444	5.0	8361	9611	sub-3/ses-03/eeg/sub-3_ses-03_task-imagery_run-01_eeg.edf	1250	True		sub-03	V	s	s	0	sub-03/ses-03/eeg/sub-03_ses-03_task-MotorImageryRest_run-01_eeg.vhdr	eb542b38b677f37e85f9249ac4a2f3072b40648862770a7027209623358a1a77	True	unresolved	unresolved
sub-3	03	01	sub-3/ses-03/run-01/tsv-row-6	6	rest	1	40.336	5.0	10084	11334	sub-3/ses-03/eeg/sub-3_ses-03_task-imagery_run-01_eeg.edf	1250	True		sub-03	V	s	s	0	sub-03/ses-03/eeg/sub-03_ses-03_task-MotorImageryRest_run-01_eeg.vhdr	eb542b38b677f37e85f9249ac4a2f3072b40648862770a7027209623358a1a77	True	unresolved	unresolved
sub-3	03	01	sub-3/ses-03/run-01/tsv-row-7	7	right_hand	2	47.236	5.0	11809	13059	sub-3/ses-03/eeg/sub-3_ses-03_task-imagery_run-01_eeg.edf	1250	True		sub-03	V	s	s	0	sub-03/ses-03/eeg/sub-03_ses-03_task-MotorImageryRest_run-01_eeg.vhdr	eb542b38b677f37e85f9249ac4a2f3072b40648862770a7027209623358a1a77	True	unresolved	unresolved
sub-3	03	01	sub-3/ses-03/run-01/tsv-row-8	8	rest	1	54.124	5.0	13531	14781	sub-3/ses-03/eeg/sub-3_ses-03_task-imagery_run-01_eeg.edf	1250	True		sub-03	V	s	s	0	sub-03/ses-03/eeg/sub-03_ses-03_task-MotorImageryRest_run-01_eeg.vhdr	eb542b38b677f37e85f9249ac4a2f3072b40648862770a7027209623358a1a77	True	unresolved	unresolved
sub-3	03	01	sub-3/ses-03/run-01/tsv-row-9	9	rest	1	61.012	5.0	15253	16503	sub-3/ses-03/eeg/sub-3_ses-03_task-imagery_run-01_eeg.edf	1250	True		sub-03	V	s	s	0	sub-03/ses-03/eeg/sub-03_ses-03_task-MotorImageryRest_run-01_eeg.vhdr	eb542b38b677f37e85f9249ac4a2f3072b40648862770a7027209623358a1a77	True	unresolved	unresolved
sub-3	03	01	sub-3/ses-03/run-01/tsv-row-10	10	right_hand	2	67.896	5.0	16974	18224	sub-3/ses-03/eeg/sub-3_ses-03_task-imagery_run-01_eeg.edf	1250	True		sub-03	V	s	s	0	sub-03/ses-03/eeg/sub-03_ses-03_task-MotorImageryRest_run-01_eeg.vhdr	eb542b38b677f37e85f9249ac4a2f3072b40648862770a7027209623358a1a77	True	unresolved	unresolved
sub-3	03	01	sub-3/ses-03/run-01/tsv-row-11	11	rest	1	74.784	5.0	18696	19946	sub-3/ses-03/eeg/sub-3_ses-03_task-imagery_run-01_eeg.edf	1250	True		sub-03	V	s	s	0	sub-03/ses-03/eeg/sub-03_ses-03_task-MotorImageryRest_run-01_eeg.vhdr	eb542b38b677f37e85f9249ac4a2f3072b40648862770a7027209623358a1a77	True	unresolved	unresolved
sub-3	03	01	sub-3/ses-03/run-01/tsv-row-12	12	right_hand	2	81.668	5.0	20417	21667	sub-3/ses-03/eeg/sub-3_ses-03_task-imagery_run-01_eeg.edf	1250	True		sub-03	V	s	s	0	sub-03/ses-03/eeg/sub-03_ses-03_task-MotorImageryRest_run-01_eeg.vhdr	eb542b38b677f37e85f9249ac4a2f3072b40648862770a7027209623358a1a77	True	unresolved	unresolved
sub-3	03	01	sub-3/ses-03/run-01/tsv-row-13	13	rest	1	88.56	5.0	22140	23390	sub-3/ses-03/eeg/sub-3_ses-03_task-imagery_run-01_eeg.edf	1250	True		sub-03	V	s	s	0	sub-03/ses-03/eeg/sub-03_ses-03_task-MotorImageryRest_run-01_eeg.vhdr	eb542b38b677f37e85f9249ac4a2f3072b40648862770a7027209623358a1a77	True	unresolved	unresolved
sub-3	03	01	sub-3/ses-03/run-01/tsv-row-14	14	right_hand	2	95.444	5.0	23861	25111	sub-3/ses-03/eeg/sub-3_ses-03_task-imagery_run-01_eeg.edf	1250	True		sub-03	V	s	s	0	sub-03/ses-03/eeg/sub-03_ses-03_task-MotorImageryRest_run-01_eeg.vhdr	eb542b38b677f37e85f9249ac4a2f3072b40648862770a7027209623358a1a77	True	unresolved	unresolved
sub-3	03	01	sub-3/ses-03/run-01/tsv-row-15	15	rest	1	102.332	5.0	25583	26833	sub-3/ses-03/eeg/sub-3_ses-03_task-imagery_run-01_eeg.edf	1250	True		sub-03	V	s	s	0	sub-03/ses-03/eeg/sub-03_ses-03_task-MotorImageryRest_run-01_eeg.vhdr	eb542b38b677f37e85f9249ac4a2f3072b40648862770a7027209623358a1a77	True	unresolved	unresolved
sub-3	03	01	sub-3/ses-03/run-01/tsv-row-16	16	right_hand	2	109.232	5.0	27308	28558	sub-3/ses-03/eeg/sub-3_ses-03_task-imagery_run-01_eeg.edf	1250	True		sub-03	V	s	s	0	sub-03/ses-03/eeg/sub-03_ses-03_task-MotorImageryRest_run-01_eeg.vhdr	eb542b38b677f37e85f9249ac4a2f3072b40648862770a7027209623358a1a77	True	unresolved	unresolved
sub-3	03	01	sub-3/ses-03/run-01/tsv-row-17	17	rest	1	116.104	5.0	29026	30276	sub-3/ses-03/eeg/sub-3_ses-03_task-imagery_run-01_eeg.edf	1250	True		sub-03	V	s	s	0	sub-03/ses-03/eeg/sub-03_ses-03_task-MotorImageryRest_run-01_eeg.vhdr	eb542b38b677f37e85f9249ac4a2f3072b40648862770a7027209623358a1a77	True	unresolved	unresolved
sub-3	03	01	sub-3/ses-03/run-01/tsv-row-18	18	right_hand	2	122.992	5.0	30748	31998	sub-3/ses-03/eeg/sub-3_ses-03_task-imagery_run-01_eeg.edf	1250	True		sub-03	V	s	s	0	sub-03/ses-03/eeg/sub-03_ses-03_task-MotorImageryRest_run-01_eeg.vhdr	eb542b38b677f37e85f9249ac4a2f3072b40648862770a7027209623358a1a77	True	unresolved	unresolved
sub-3	03	01	sub-3/ses-03/run-01/tsv-row-19	19	right_hand	2	129.896	5.0	32474	33724	sub-3/ses-03/eeg/sub-3_ses-03_task-imagery_run-01_eeg.edf	1250	True		sub-03	V	s	s	0	sub-03/ses-03/eeg/sub-03_ses-03_task-MotorImageryRest_run-01_eeg.vhdr	eb542b38b677f37e85f9249ac4a2f3072b40648862770a7027209623358a1a77	True	unresolved	unresolved
sub-3	03	01	sub-3/ses-03/run-01/tsv-row-20	20	rest	1	136.784	5.0	34196	35446	sub-3/ses-03/eeg/sub-3_ses-03_task-imagery_run-01_eeg.edf	1250	True		sub-03	V	s	s	0	sub-03/ses-03/eeg/sub-03_ses-03_task-MotorImageryRest_run-01_eeg.vhdr	eb542b38b677f37e85f9249ac4a2f3072b40648862770a7027209623358a1a77	True	unresolved	unresolved
sub-3	03	01	sub-3/ses-03/run-01/tsv-row-21	21	right_hand	2	143.652	5.0	35913	37163	sub-3/ses-03/eeg/sub-3_ses-03_task-imagery_run-01_eeg.edf	1250	True		sub-03	V	s	s	0	sub-03/ses-03/eeg/sub-03_ses-03_task-MotorImageryRest_run-01_eeg.vhdr	eb542b38b677f37e85f9249ac4a2f3072b40648862770a7027209623358a1a77	True	unresolved	unresolved
sub-3	03	01	sub-3/ses-03/run-01/tsv-row-22	22	rest	1	150.556	5.0	37639	38889	sub-3/ses-03/eeg/sub-3_ses-03_task-imagery_run-01_eeg.edf	1250	True		sub-03	V	s	s	0	sub-03/ses-03/eeg/sub-03_ses-03_task-MotorImageryRest_run-01_eeg.vhdr	eb542b38b677f37e85f9249ac4a2f3072b40648862770a7027209623358a1a77	True	unresolved	unresolved
sub-3	03	01	sub-3/ses-03/run-01/tsv-row-23	23	right_hand	2	157.44	5.0	39360	40610	sub-3/ses-03/eeg/sub-3_ses-03_task-imagery_run-01_eeg.edf	1250	True		sub-03	V	s	s	0	sub-03/ses-03/eeg/sub-03_ses-03_task-MotorImageryRest_run-01_eeg.vhdr	eb542b38b677f37e85f9249ac4a2f3072b40648862770a7027209623358a1a77	True	unresolved	unresolved
sub-3	03	01	sub-3/ses-03/run-01/tsv-row-24	24	rest	1	164.328	5.0	41082	42332	sub-3/ses-03/eeg/sub-3_ses-03_task-imagery_run-01_eeg.edf	1250	True		sub-03	V	s	s	0	sub-03/ses-03/eeg/sub-03_ses-03_task-MotorImageryRest_run-01_eeg.vhdr	eb542b38b677f37e85f9249ac4a2f3072b40648862770a7027209623358a1a77	True	unresolved	unresolved
sub-3	03	01	sub-3/ses-03/run-01/tsv-row-25	25	rest	1	171.216	5.0	42804	44054	sub-3/ses-03/eeg/sub-3_ses-03_task-imagery_run-01_eeg.edf	1250	True		sub-03	V	s	s	0	sub-03/ses-03/eeg/sub-03_ses-03_task-MotorImageryRest_run-01_eeg.vhdr	eb542b38b677f37e85f9249ac4a2f3072b40648862770a7027209623358a1a77	True	unresolved	unresolved
sub-3	03	01	sub-3/ses-03/run-01/tsv-row-26	26	right_hand	2	178.1	5.0	44525	45775	sub-3/ses-03/eeg/sub-3_ses-03_task-imagery_run-01_eeg.edf	1250	True		sub-03	V	s	s	0	sub-03/ses-03/eeg/sub-03_ses-03_task-MotorImageryRest_run-01_eeg.vhdr	eb542b38b677f37e85f9249ac4a2f3072b40648862770a7027209623358a1a77	True	unresolved	unresolved
sub-3	03	01	sub-3/ses-03/run-01/tsv-row-27	27	rest	1	184.992	5.0	46248	47498	sub-3/ses-03/eeg/sub-3_ses-03_task-imagery_run-01_eeg.edf	1250	True		sub-03	V	s	s	0	sub-03/ses-03/eeg/sub-03_ses-03_task-MotorImageryRest_run-01_eeg.vhdr	eb542b38b677f37e85f9249ac4a2f3072b40648862770a7027209623358a1a77	True	unresolved	unresolved
sub-3	03	01	sub-3/ses-03/run-01/tsv-row-28	28	right_hand	2	191.892	5.0	47973	49223	sub-3/ses-03/eeg/sub-3_ses-03_task-imagery_run-01_eeg.edf	1250	True		sub-03	V	s	s	0	sub-03/ses-03/eeg/sub-03_ses-03_task-MotorImageryRest_run-01_eeg.vhdr	eb542b38b677f37e85f9249ac4a2f3072b40648862770a7027209623358a1a77	True	unresolved	unresolved
sub-3	03	01	sub-3/ses-03/run-01/tsv-row-29	29	rest	1	198.764	5.0	49691	50941	sub-3/ses-03/eeg/sub-3_ses-03_task-imagery_run-01_eeg.edf	1250	True		sub-03	V	s	s	0	sub-03/ses-03/eeg/sub-03_ses-03_task-MotorImageryRest_run-01_eeg.vhdr	eb542b38b677f37e85f9249ac4a2f3072b40648862770a7027209623358a1a77	True	unresolved	unresolved
sub-3	03	01	sub-3/ses-03/run-01/tsv-row-30	30	right_hand	2	205.648	5.0	51412	52662	sub-3/ses-03/eeg/sub-3_ses-03_task-imagery_run-01_eeg.edf	1250	True		sub-03	V	s	s	0	sub-03/ses-03/eeg/sub-03_ses-03_task-MotorImageryRest_run-01_eeg.vhdr	eb542b38b677f37e85f9249ac4a2f3072b40648862770a7027209623358a1a77	True	unresolved	unresolved
sub-3	03	01	sub-3/ses-03/run-01/tsv-row-31	31	right_hand	2	212.536	5.0	53134	54384	sub-3/ses-03/eeg/sub-3_ses-03_task-imagery_run-01_eeg.edf	1250	True		sub-03	V	s	s	0	sub-03/ses-03/eeg/sub-03_ses-03_task-MotorImageryRest_run-01_eeg.vhdr	eb542b38b677f37e85f9249ac4a2f3072b40648862770a7027209623358a1a77	True	unresolved	unresolved
sub-3	03	01	sub-3/ses-03/run-01/tsv-row-32	32	rest	1	219.44	5.0	54860	56110	sub-3/ses-03/eeg/sub-3_ses-03_task-imagery_run-01_eeg.edf	1250	True		sub-03	V	s	s	0	sub-03/ses-03/eeg/sub-03_ses-03_task-MotorImageryRest_run-01_eeg.vhdr	eb542b38b677f37e85f9249ac4a2f3072b40648862770a7027209623358a1a77	True	unresolved	unresolved
sub-3	03	02	sub-3/ses-03/run-02/tsv-row-1	1	rest	1	8.476	5.0	2119	3369	sub-3/ses-03/eeg/sub-3_ses-03_task-imagery_run-02_eeg.edf	1250	True		sub-03	V	s	s	0	sub-03/ses-03/eeg/sub-03_ses-03_task-MotorImageryRest_run-02_eeg.vhdr	3c53509053c5208f934c1e8a1df6057b08a7d02f65cfd5aa821446519e358bd4	True	unresolved	unresolved
sub-3	03	02	sub-3/ses-03/run-02/tsv-row-2	2	right_hand	2	15.348	5.0	3837	5087	sub-3/ses-03/eeg/sub-3_ses-03_task-imagery_run-02_eeg.edf	1250	True		sub-03	V	s	s	0	sub-03/ses-03/eeg/sub-03_ses-03_task-MotorImageryRest_run-02_eeg.vhdr	3c53509053c5208f934c1e8a1df6057b08a7d02f65cfd5aa821446519e358bd4	True	unresolved	unresolved
sub-3	03	02	sub-3/ses-03/run-02/tsv-row-3	3	right_hand	2	29.2	5.0	7300	8550	sub-3/ses-03/eeg/sub-3_ses-03_task-imagery_run-02_eeg.edf	1250	True		sub-03	V	s	s	0	sub-03/ses-03/eeg/sub-03_ses-03_task-MotorImageryRest_run-02_eeg.vhdr	3c53509053c5208f934c1e8a1df6057b08a7d02f65cfd5aa821446519e358bd4	True	unresolved	unresolved
sub-3	03	02	sub-3/ses-03/run-02/tsv-row-4	4	rest	1	36.028	5.0	9007	10257	sub-3/ses-03/eeg/sub-3_ses-03_task-imagery_run-02_eeg.edf	1250	True		sub-03	V	s	s	0	sub-03/ses-03/eeg/sub-03_ses-03_task-MotorImageryRest_run-02_eeg.vhdr	3c53509053c5208f934c1e8a1df6057b08a7d02f65cfd5aa821446519e358bd4	True	unresolved	unresolved
sub-3	03	02	sub-3/ses-03/run-02/tsv-row-5	5	right_hand	2	42.912	5.0	10728	11978	sub-3/ses-03/eeg/sub-3_ses-03_task-imagery_run-02_eeg.edf	1250	True		sub-03	V	s	s	0	sub-03/ses-03/eeg/sub-03_ses-03_task-MotorImageryRest_run-02_eeg.vhdr	3c53509053c5208f934c1e8a1df6057b08a7d02f65cfd5aa821446519e358bd4	True	unresolved	unresolved
sub-3	03	02	sub-3/ses-03/run-02/tsv-row-6	6	right_hand	2	49.816	5.0	12454	13704	sub-3/ses-03/eeg/sub-3_ses-03_task-imagery_run-02_eeg.edf	1250	True		sub-03	V	s	s	0	sub-03/ses-03/eeg/sub-03_ses-03_task-MotorImageryRest_run-02_eeg.vhdr	3c53509053c5208f934c1e8a1df6057b08a7d02f65cfd5aa821446519e358bd4	True	unresolved	unresolved
sub-3	03	02	sub-3/ses-03/run-02/tsv-row-7	7	rest	1	56.688	5.0	14172	15422	sub-3/ses-03/eeg/sub-3_ses-03_task-imagery_run-02_eeg.edf	1250	True		sub-03	V	s	s	0	sub-03/ses-03/eeg/sub-03_ses-03_task-MotorImageryRest_run-02_eeg.vhdr	3c53509053c5208f934c1e8a1df6057b08a7d02f65cfd5aa821446519e358bd4	True	unresolved	unresolved
sub-3	03	02	sub-3/ses-03/run-02/tsv-row-8	8	rest	1	63.592	5.0	15898	17148	sub-3/ses-03/eeg/sub-3_ses-03_task-imagery_run-02_eeg.edf	1250	True		sub-03	V	s	s	0	sub-03/ses-03/eeg/sub-03_ses-03_task-MotorImageryRest_run-02_eeg.vhdr	3c53509053c5208f934c1e8a1df6057b08a7d02f65cfd5aa821446519e358bd4	True	unresolved	unresolved
sub-3	03	02	sub-3/ses-03/run-02/tsv-row-9	9	right_hand	2	70.476	5.0	17619	18869	sub-3/ses-03/eeg/sub-3_ses-03_task-imagery_run-02_eeg.edf	1250	True		sub-03	V	s	s	0	sub-03/ses-03/eeg/sub-03_ses-03_task-MotorImageryRest_run-02_eeg.vhdr	3c53509053c5208f934c1e8a1df6057b08a7d02f65cfd5aa821446519e358bd4	True	unresolved	unresolved
sub-3	03	02	sub-3/ses-03/run-02/tsv-row-10	10	rest	1	77.348	5.0	19337	20587	sub-3/ses-03/eeg/sub-3_ses-03_task-imagery_run-02_eeg.edf	1250	True		sub-03	V	s	s	0	sub-03/ses-03/eeg/sub-03_ses-03_task-MotorImageryRest_run-02_eeg.vhdr	3c53509053c5208f934c1e8a1df6057b08a7d02f65cfd5aa821446519e358bd4	True	unresolved	unresolved
sub-3	03	02	sub-3/ses-03/run-02/tsv-row-11	11	right_hand	2	84.252	5.0	21063	22313	sub-3/ses-03/eeg/sub-3_ses-03_task-imagery_run-02_eeg.edf	1250	True		sub-03	V	s	s	0	sub-03/ses-03/eeg/sub-03_ses-03_task-MotorImageryRest_run-02_eeg.vhdr	3c53509053c5208f934c1e8a1df6057b08a7d02f65cfd5aa821446519e358bd4	True	unresolved	unresolved
sub-3	03	02	sub-3/ses-03/run-02/tsv-row-12	12	rest	1	91.14	5.0	22785	24035	sub-3/ses-03/eeg/sub-3_ses-03_task-imagery_run-02_eeg.edf	1250	True		sub-03	V	s	s	0	sub-03/ses-03/eeg/sub-03_ses-03_task-MotorImageryRest_run-02_eeg.vhdr	3c53509053c5208f934c1e8a1df6057b08a7d02f65cfd5aa821446519e358bd4	True	unresolved	unresolved
sub-3	03	02	sub-3/ses-03/run-02/tsv-row-13	13	right_hand	2	98.024	5.0	24506	25756	sub-3/ses-03/eeg/sub-3_ses-03_task-imagery_run-02_eeg.edf	1250	True		sub-03	V	s	s	0	sub-03/ses-03/eeg/sub-03_ses-03_task-MotorImageryRest_run-02_eeg.vhdr	3c53509053c5208f934c1e8a1df6057b08a7d02f65cfd5aa821446519e358bd4	True	unresolved	unresolved
sub-3	03	02	sub-3/ses-03/run-02/tsv-row-14	14	right_hand	2	104.912	5.0	26228	27478	sub-3/ses-03/eeg/sub-3_ses-03_task-imagery_run-02_eeg.edf	1250	True		sub-03	V	s	s	0	sub-03/ses-03/eeg/sub-03_ses-03_task-MotorImageryRest_run-02_eeg.vhdr	3c53509053c5208f934c1e8a1df6057b08a7d02f65cfd5aa821446519e358bd4	True	unresolved	unresolved
sub-3	03	02	sub-3/ses-03/run-02/tsv-row-15	15	rest	1	111.8	5.0	27950	29200	sub-3/ses-03/eeg/sub-3_ses-03_task-imagery_run-02_eeg.edf	1250	True		sub-03	V	s	s	0	sub-03/ses-03/eeg/sub-03_ses-03_task-MotorImageryRest_run-02_eeg.vhdr	3c53509053c5208f934c1e8a1df6057b08a7d02f65cfd5aa821446519e358bd4	True	unresolved	unresolved
sub-3	03	02	sub-3/ses-03/run-02/tsv-row-16	16	rest	1	118.688	5.0	29672	30922	sub-3/ses-03/eeg/sub-3_ses-03_task-imagery_run-02_eeg.edf	1250	True		sub-03	V	s	s	0	sub-03/ses-03/eeg/sub-03_ses-03_task-MotorImageryRest_run-02_eeg.vhdr	3c53509053c5208f934c1e8a1df6057b08a7d02f65cfd5aa821446519e358bd4	True	unresolved	unresolved
sub-3	03	02	sub-3/ses-03/run-02/tsv-row-17	17	right_hand	2	125.572	5.0	31393	32643	sub-3/ses-03/eeg/sub-3_ses-03_task-imagery_run-02_eeg.edf	1250	True		sub-03	V	s	s	0	sub-03/ses-03/eeg/sub-03_ses-03_task-MotorImageryRest_run-02_eeg.vhdr	3c53509053c5208f934c1e8a1df6057b08a7d02f65cfd5aa821446519e358bd4	True	unresolved	unresolved
sub-3	03	02	sub-3/ses-03/run-02/tsv-row-18	18	rest	1	132.46	5.0	33115	34365	sub-3/ses-03/eeg/sub-3_ses-03_task-imagery_run-02_eeg.edf	1250	True		sub-03	V	s	s	0	sub-03/ses-03/eeg/sub-03_ses-03_task-MotorImageryRest_run-02_eeg.vhdr	3c53509053c5208f934c1e8a1df6057b08a7d02f65cfd5aa821446519e358bd4	True	unresolved	unresolved
sub-3	03	02	sub-3/ses-03/run-02/tsv-row-19	19	right_hand	2	139.344	5.0	34836	36086	sub-3/ses-03/eeg/sub-3_ses-03_task-imagery_run-02_eeg.edf	1250	True		sub-03	V	s	s	0	sub-03/ses-03/eeg/sub-03_ses-03_task-MotorImageryRest_run-02_eeg.vhdr	3c53509053c5208f934c1e8a1df6057b08a7d02f65cfd5aa821446519e358bd4	True	unresolved	unresolved
sub-3	03	02	sub-3/ses-03/run-02/tsv-row-20	20	right_hand	2	146.248	5.0	36562	37812	sub-3/ses-03/eeg/sub-3_ses-03_task-imagery_run-02_eeg.edf	1250	True		sub-03	V	s	s	0	sub-03/ses-03/eeg/sub-03_ses-03_task-MotorImageryRest_run-02_eeg.vhdr	3c53509053c5208f934c1e8a1df6057b08a7d02f65cfd5aa821446519e358bd4	True	unresolved	unresolved
sub-3	03	02	sub-3/ses-03/run-02/tsv-row-21	21	rest	1	153.136	5.0	38284	39534	sub-3/ses-03/eeg/sub-3_ses-03_task-imagery_run-02_eeg.edf	1250	True		sub-03	V	s	s	0	sub-03/ses-03/eeg/sub-03_ses-03_task-MotorImageryRest_run-02_eeg.vhdr	3c53509053c5208f934c1e8a1df6057b08a7d02f65cfd5aa821446519e358bd4	True	unresolved	unresolved
sub-3	03	02	sub-3/ses-03/run-02/tsv-row-22	22	rest	1	160.008	5.0	40002	41252	sub-3/ses-03/eeg/sub-3_ses-03_task-imagery_run-02_eeg.edf	1250	True		sub-03	V	s	s	0	sub-03/ses-03/eeg/sub-03_ses-03_task-MotorImageryRest_run-02_eeg.vhdr	3c53509053c5208f934c1e8a1df6057b08a7d02f65cfd5aa821446519e358bd4	True	unresolved	unresolved
sub-3	03	02	sub-3/ses-03/run-02/tsv-row-23	23	right_hand	2	166.892	5.0	41723	42973	sub-3/ses-03/eeg/sub-3_ses-03_task-imagery_run-02_eeg.edf	1250	True		sub-03	V	s	s	0	sub-03/ses-03/eeg/sub-03_ses-03_task-MotorImageryRest_run-02_eeg.vhdr	3c53509053c5208f934c1e8a1df6057b08a7d02f65cfd5aa821446519e358bd4	True	unresolved	unresolved
sub-3	03	02	sub-3/ses-03/run-02/tsv-row-24	24	rest	1	173.8	5.0	43450	44700	sub-3/ses-03/eeg/sub-3_ses-03_task-imagery_run-02_eeg.edf	1250	True		sub-03	V	s	s	0	sub-03/ses-03/eeg/sub-03_ses-03_task-MotorImageryRest_run-02_eeg.vhdr	3c53509053c5208f934c1e8a1df6057b08a7d02f65cfd5aa821446519e358bd4	True	unresolved	unresolved
sub-3	03	02	sub-3/ses-03/run-02/tsv-row-25	25	right_hand	2	180.684	5.0	45171	46421	sub-3/ses-03/eeg/sub-3_ses-03_task-imagery_run-02_eeg.edf	1250	True		sub-03	V	s	s	0	sub-03/ses-03/eeg/sub-03_ses-03_task-MotorImageryRest_run-02_eeg.vhdr	3c53509053c5208f934c1e8a1df6057b08a7d02f65cfd5aa821446519e358bd4	True	unresolved	unresolved
sub-3	03	02	sub-3/ses-03/run-02/tsv-row-26	26	right_hand	2	187.552	5.0	46888	48138	sub-3/ses-03/eeg/sub-3_ses-03_task-imagery_run-02_eeg.edf	1250	True		sub-03	V	s	s	0	sub-03/ses-03/eeg/sub-03_ses-03_task-MotorImageryRest_run-02_eeg.vhdr	3c53509053c5208f934c1e8a1df6057b08a7d02f65cfd5aa821446519e358bd4	True	unresolved	unresolved
sub-3	03	02	sub-3/ses-03/run-02/tsv-row-27	27	rest	1	194.46	5.0	48615	49865	sub-3/ses-03/eeg/sub-3_ses-03_task-imagery_run-02_eeg.edf	1250	True		sub-03	V	s	s	0	sub-03/ses-03/eeg/sub-03_ses-03_task-MotorImageryRest_run-02_eeg.vhdr	3c53509053c5208f934c1e8a1df6057b08a7d02f65cfd5aa821446519e358bd4	True	unresolved	unresolved
sub-3	03	02	sub-3/ses-03/run-02/tsv-row-28	28	right_hand	2	201.344	5.0	50336	51586	sub-3/ses-03/eeg/sub-3_ses-03_task-imagery_run-02_eeg.edf	1250	True		sub-03	V	s	s	0	sub-03/ses-03/eeg/sub-03_ses-03_task-MotorImageryRest_run-02_eeg.vhdr	3c53509053c5208f934c1e8a1df6057b08a7d02f65cfd5aa821446519e358bd4	True	unresolved	unresolved
sub-3	03	02	sub-3/ses-03/run-02/tsv-row-29	29	rest	1	208.232	5.0	52058	53308	sub-3/ses-03/eeg/sub-3_ses-03_task-imagery_run-02_eeg.edf	1250	True		sub-03	V	s	s	0	sub-03/ses-03/eeg/sub-03_ses-03_task-MotorImageryRest_run-02_eeg.vhdr	3c53509053c5208f934c1e8a1df6057b08a7d02f65cfd5aa821446519e358bd4	True	unresolved	unresolved
sub-3	03	02	sub-3/ses-03/run-02/tsv-row-30	30	right_hand	2	215.116	5.0	53779	55029	sub-3/ses-03/eeg/sub-3_ses-03_task-imagery_run-02_eeg.edf	1250	True		sub-03	V	s	s	0	sub-03/ses-03/eeg/sub-03_ses-03_task-MotorImageryRest_run-02_eeg.vhdr	3c53509053c5208f934c1e8a1df6057b08a7d02f65cfd5aa821446519e358bd4	True	unresolved	unresolved
sub-3	03	02	sub-3/ses-03/run-02/tsv-row-31	31	rest	1	222.004	5.0	55501	56751	sub-3/ses-03/eeg/sub-3_ses-03_task-imagery_run-02_eeg.edf	1250	True		sub-03	V	s	s	0	sub-03/ses-03/eeg/sub-03_ses-03_task-MotorImageryRest_run-02_eeg.vhdr	3c53509053c5208f934c1e8a1df6057b08a7d02f65cfd5aa821446519e358bd4	True	unresolved	unresolved
sub-3	03	03	sub-3/ses-03/run-03/tsv-row-1	1	rest	1	5.508	5.0	1377	2627	sub-3/ses-03/eeg/sub-3_ses-03_task-imagery_run-03_eeg.edf	1250	True		sub-03	V	s	s	0	sub-03/ses-03/eeg/sub-03_ses-03_task-MotorImageryRest_run-03_eeg.vhdr	38ff2c9dd559731c842dd1f24cbf2485ac6087e8084e891e9e346a361c0c8b46	True	unresolved	unresolved
sub-3	03	03	sub-3/ses-03/run-03/tsv-row-2	2	right_hand	2	12.4	5.0	3100	4350	sub-3/ses-03/eeg/sub-3_ses-03_task-imagery_run-03_eeg.edf	1250	True		sub-03	V	s	s	0	sub-03/ses-03/eeg/sub-03_ses-03_task-MotorImageryRest_run-03_eeg.vhdr	38ff2c9dd559731c842dd1f24cbf2485ac6087e8084e891e9e346a361c0c8b46	True	unresolved	unresolved
sub-3	03	03	sub-3/ses-03/run-03/tsv-row-3	3	right_hand	2	19.284	5.0	4821	6071	sub-3/ses-03/eeg/sub-3_ses-03_task-imagery_run-03_eeg.edf	1250	True		sub-03	V	s	s	0	sub-03/ses-03/eeg/sub-03_ses-03_task-MotorImageryRest_run-03_eeg.vhdr	38ff2c9dd559731c842dd1f24cbf2485ac6087e8084e891e9e346a361c0c8b46	True	unresolved	unresolved
sub-3	03	03	sub-3/ses-03/run-03/tsv-row-4	4	rest	1	26.172	5.0	6543	7793	sub-3/ses-03/eeg/sub-3_ses-03_task-imagery_run-03_eeg.edf	1250	True		sub-03	V	s	s	0	sub-03/ses-03/eeg/sub-03_ses-03_task-MotorImageryRest_run-03_eeg.vhdr	38ff2c9dd559731c842dd1f24cbf2485ac6087e8084e891e9e346a361c0c8b46	True	unresolved	unresolved
sub-3	03	03	sub-3/ses-03/run-03/tsv-row-5	5	rest	1	33.076	5.0	8269	9519	sub-3/ses-03/eeg/sub-3_ses-03_task-imagery_run-03_eeg.edf	1250	True		sub-03	V	s	s	0	sub-03/ses-03/eeg/sub-03_ses-03_task-MotorImageryRest_run-03_eeg.vhdr	38ff2c9dd559731c842dd1f24cbf2485ac6087e8084e891e9e346a361c0c8b46	True	unresolved	unresolved
sub-3	03	03	sub-3/ses-03/run-03/tsv-row-6	6	right_hand	2	39.964	5.0	9991	11241	sub-3/ses-03/eeg/sub-3_ses-03_task-imagery_run-03_eeg.edf	1250	True		sub-03	V	s	s	0	sub-03/ses-03/eeg/sub-03_ses-03_task-MotorImageryRest_run-03_eeg.vhdr	38ff2c9dd559731c842dd1f24cbf2485ac6087e8084e891e9e346a361c0c8b46	True	unresolved	unresolved
sub-3	03	03	sub-3/ses-03/run-03/tsv-row-7	7	right_hand	2	46.848	5.0	11712	12962	sub-3/ses-03/eeg/sub-3_ses-03_task-imagery_run-03_eeg.edf	1250	True		sub-03	V	s	s	0	sub-03/ses-03/eeg/sub-03_ses-03_task-MotorImageryRest_run-03_eeg.vhdr	38ff2c9dd559731c842dd1f24cbf2485ac6087e8084e891e9e346a361c0c8b46	True	unresolved	unresolved
sub-3	03	03	sub-3/ses-03/run-03/tsv-row-8	8	rest	1	53.72	5.0	13430	14680	sub-3/ses-03/eeg/sub-3_ses-03_task-imagery_run-03_eeg.edf	1250	True		sub-03	V	s	s	0	sub-03/ses-03/eeg/sub-03_ses-03_task-MotorImageryRest_run-03_eeg.vhdr	38ff2c9dd559731c842dd1f24cbf2485ac6087e8084e891e9e346a361c0c8b46	True	unresolved	unresolved
sub-3	03	03	sub-3/ses-03/run-03/tsv-row-9	9	rest	1	60.624	5.0	15156	16406	sub-3/ses-03/eeg/sub-3_ses-03_task-imagery_run-03_eeg.edf	1250	True		sub-03	V	s	s	0	sub-03/ses-03/eeg/sub-03_ses-03_task-MotorImageryRest_run-03_eeg.vhdr	38ff2c9dd559731c842dd1f24cbf2485ac6087e8084e891e9e346a361c0c8b46	True	unresolved	unresolved
sub-3	03	03	sub-3/ses-03/run-03/tsv-row-10	10	right_hand	2	67.508	5.0	16877	18127	sub-3/ses-03/eeg/sub-3_ses-03_task-imagery_run-03_eeg.edf	1250	True		sub-03	V	s	s	0	sub-03/ses-03/eeg/sub-03_ses-03_task-MotorImageryRest_run-03_eeg.vhdr	38ff2c9dd559731c842dd1f24cbf2485ac6087e8084e891e9e346a361c0c8b46	True	unresolved	unresolved
sub-3	03	03	sub-3/ses-03/run-03/tsv-row-11	11	right_hand	2	74.396	5.0	18599	19849	sub-3/ses-03/eeg/sub-3_ses-03_task-imagery_run-03_eeg.edf	1250	True		sub-03	V	s	s	0	sub-03/ses-03/eeg/sub-03_ses-03_task-MotorImageryRest_run-03_eeg.vhdr	38ff2c9dd559731c842dd1f24cbf2485ac6087e8084e891e9e346a361c0c8b46	True	unresolved	unresolved
sub-3	03	03	sub-3/ses-03/run-03/tsv-row-12	12	rest	1	81.268	5.0	20317	21567	sub-3/ses-03/eeg/sub-3_ses-03_task-imagery_run-03_eeg.edf	1250	True		sub-03	V	s	s	0	sub-03/ses-03/eeg/sub-03_ses-03_task-MotorImageryRest_run-03_eeg.vhdr	38ff2c9dd559731c842dd1f24cbf2485ac6087e8084e891e9e346a361c0c8b46	True	unresolved	unresolved
sub-3	03	03	sub-3/ses-03/run-03/tsv-row-13	13	right_hand	2	88.168	5.0	22042	23292	sub-3/ses-03/eeg/sub-3_ses-03_task-imagery_run-03_eeg.edf	1250	True		sub-03	V	s	s	0	sub-03/ses-03/eeg/sub-03_ses-03_task-MotorImageryRest_run-03_eeg.vhdr	38ff2c9dd559731c842dd1f24cbf2485ac6087e8084e891e9e346a361c0c8b46	True	unresolved	unresolved
sub-3	03	03	sub-3/ses-03/run-03/tsv-row-14	14	rest	1	95.06	5.0	23765	25015	sub-3/ses-03/eeg/sub-3_ses-03_task-imagery_run-03_eeg.edf	1250	True		sub-03	V	s	s	0	sub-03/ses-03/eeg/sub-03_ses-03_task-MotorImageryRest_run-03_eeg.vhdr	38ff2c9dd559731c842dd1f24cbf2485ac6087e8084e891e9e346a361c0c8b46	True	unresolved	unresolved
sub-3	03	03	sub-3/ses-03/run-03/tsv-row-15	15	right_hand	2	101.928	5.0	25482	26732	sub-3/ses-03/eeg/sub-3_ses-03_task-imagery_run-03_eeg.edf	1250	True		sub-03	V	s	s	0	sub-03/ses-03/eeg/sub-03_ses-03_task-MotorImageryRest_run-03_eeg.vhdr	38ff2c9dd559731c842dd1f24cbf2485ac6087e8084e891e9e346a361c0c8b46	True	unresolved	unresolved
sub-3	03	03	sub-3/ses-03/run-03/tsv-row-16	16	rest	1	108.832	5.0	27208	28458	sub-3/ses-03/eeg/sub-3_ses-03_task-imagery_run-03_eeg.edf	1250	True		sub-03	V	s	s	0	sub-03/ses-03/eeg/sub-03_ses-03_task-MotorImageryRest_run-03_eeg.vhdr	38ff2c9dd559731c842dd1f24cbf2485ac6087e8084e891e9e346a361c0c8b46	True	unresolved	unresolved
sub-3	03	03	sub-3/ses-03/run-03/tsv-row-17	17	rest	1	115.72	5.0	28930	30180	sub-3/ses-03/eeg/sub-3_ses-03_task-imagery_run-03_eeg.edf	1250	True		sub-03	V	s	s	0	sub-03/ses-03/eeg/sub-03_ses-03_task-MotorImageryRest_run-03_eeg.vhdr	38ff2c9dd559731c842dd1f24cbf2485ac6087e8084e891e9e346a361c0c8b46	True	unresolved	unresolved
sub-3	03	03	sub-3/ses-03/run-03/tsv-row-18	18	right_hand	2	122.604	5.0	30651	31901	sub-3/ses-03/eeg/sub-3_ses-03_task-imagery_run-03_eeg.edf	1250	True		sub-03	V	s	s	0	sub-03/ses-03/eeg/sub-03_ses-03_task-MotorImageryRest_run-03_eeg.vhdr	38ff2c9dd559731c842dd1f24cbf2485ac6087e8084e891e9e346a361c0c8b46	True	unresolved	unresolved
sub-3	03	03	sub-3/ses-03/run-03/tsv-row-19	19	right_hand	2	129.508	5.0	32377	33627	sub-3/ses-03/eeg/sub-3_ses-03_task-imagery_run-03_eeg.edf	1250	True		sub-03	V	s	s	0	sub-03/ses-03/eeg/sub-03_ses-03_task-MotorImageryRest_run-03_eeg.vhdr	38ff2c9dd559731c842dd1f24cbf2485ac6087e8084e891e9e346a361c0c8b46	True	unresolved	unresolved
sub-3	03	03	sub-3/ses-03/run-03/tsv-row-20	20	rest	1	136.38	5.0	34095	35345	sub-3/ses-03/eeg/sub-3_ses-03_task-imagery_run-03_eeg.edf	1250	True		sub-03	V	s	s	0	sub-03/ses-03/eeg/sub-03_ses-03_task-MotorImageryRest_run-03_eeg.vhdr	38ff2c9dd559731c842dd1f24cbf2485ac6087e8084e891e9e346a361c0c8b46	True	unresolved	unresolved
sub-3	03	03	sub-3/ses-03/run-03/tsv-row-21	21	right_hand	2	143.264	5.0	35816	37066	sub-3/ses-03/eeg/sub-3_ses-03_task-imagery_run-03_eeg.edf	1250	True		sub-03	V	s	s	0	sub-03/ses-03/eeg/sub-03_ses-03_task-MotorImageryRest_run-03_eeg.vhdr	38ff2c9dd559731c842dd1f24cbf2485ac6087e8084e891e9e346a361c0c8b46	True	unresolved	unresolved
sub-3	03	03	sub-3/ses-03/run-03/tsv-row-22	22	rest	1	150.168	5.0	37542	38792	sub-3/ses-03/eeg/sub-3_ses-03_task-imagery_run-03_eeg.edf	1250	True		sub-03	V	s	s	0	sub-03/ses-03/eeg/sub-03_ses-03_task-MotorImageryRest_run-03_eeg.vhdr	38ff2c9dd559731c842dd1f24cbf2485ac6087e8084e891e9e346a361c0c8b46	True	unresolved	unresolved
sub-3	03	03	sub-3/ses-03/run-03/tsv-row-23	23	rest	1	157.04	5.0	39260	40510	sub-3/ses-03/eeg/sub-3_ses-03_task-imagery_run-03_eeg.edf	1250	True		sub-03	V	s	s	0	sub-03/ses-03/eeg/sub-03_ses-03_task-MotorImageryRest_run-03_eeg.vhdr	38ff2c9dd559731c842dd1f24cbf2485ac6087e8084e891e9e346a361c0c8b46	True	unresolved	unresolved
sub-3	03	03	sub-3/ses-03/run-03/tsv-row-24	24	right_hand	2	163.924	5.0	40981	42231	sub-3/ses-03/eeg/sub-3_ses-03_task-imagery_run-03_eeg.edf	1250	True		sub-03	V	s	s	0	sub-03/ses-03/eeg/sub-03_ses-03_task-MotorImageryRest_run-03_eeg.vhdr	38ff2c9dd559731c842dd1f24cbf2485ac6087e8084e891e9e346a361c0c8b46	True	unresolved	unresolved
sub-3	03	03	sub-3/ses-03/run-03/tsv-row-25	25	right_hand	2	170.828	5.0	42707	43957	sub-3/ses-03/eeg/sub-3_ses-03_task-imagery_run-03_eeg.edf	1250	True		sub-03	V	s	s	0	sub-03/ses-03/eeg/sub-03_ses-03_task-MotorImageryRest_run-03_eeg.vhdr	38ff2c9dd559731c842dd1f24cbf2485ac6087e8084e891e9e346a361c0c8b46	True	unresolved	unresolved
sub-3	03	03	sub-3/ses-03/run-03/tsv-row-26	26	rest	1	177.716	5.0	44429	45679	sub-3/ses-03/eeg/sub-3_ses-03_task-imagery_run-03_eeg.edf	1250	True		sub-03	V	s	s	0	sub-03/ses-03/eeg/sub-03_ses-03_task-MotorImageryRest_run-03_eeg.vhdr	38ff2c9dd559731c842dd1f24cbf2485ac6087e8084e891e9e346a361c0c8b46	True	unresolved	unresolved
sub-3	03	03	sub-3/ses-03/run-03/tsv-row-27	27	rest	1	184.604	5.0	46151	47401	sub-3/ses-03/eeg/sub-3_ses-03_task-imagery_run-03_eeg.edf	1250	True		sub-03	V	s	s	0	sub-03/ses-03/eeg/sub-03_ses-03_task-MotorImageryRest_run-03_eeg.vhdr	38ff2c9dd559731c842dd1f24cbf2485ac6087e8084e891e9e346a361c0c8b46	True	unresolved	unresolved
sub-3	03	03	sub-3/ses-03/run-03/tsv-row-28	28	right_hand	2	191.488	5.0	47872	49122	sub-3/ses-03/eeg/sub-3_ses-03_task-imagery_run-03_eeg.edf	1250	True		sub-03	V	s	s	0	sub-03/ses-03/eeg/sub-03_ses-03_task-MotorImageryRest_run-03_eeg.vhdr	38ff2c9dd559731c842dd1f24cbf2485ac6087e8084e891e9e346a361c0c8b46	True	unresolved	unresolved
sub-3	03	03	sub-3/ses-03/run-03/tsv-row-29	29	right_hand	2	198.376	5.0	49594	50844	sub-3/ses-03/eeg/sub-3_ses-03_task-imagery_run-03_eeg.edf	1250	True		sub-03	V	s	s	0	sub-03/ses-03/eeg/sub-03_ses-03_task-MotorImageryRest_run-03_eeg.vhdr	38ff2c9dd559731c842dd1f24cbf2485ac6087e8084e891e9e346a361c0c8b46	True	unresolved	unresolved
sub-3	03	03	sub-3/ses-03/run-03/tsv-row-30	30	rest	1	205.264	5.0	51316	52566	sub-3/ses-03/eeg/sub-3_ses-03_task-imagery_run-03_eeg.edf	1250	True		sub-03	V	s	s	0	sub-03/ses-03/eeg/sub-03_ses-03_task-MotorImageryRest_run-03_eeg.vhdr	38ff2c9dd559731c842dd1f24cbf2485ac6087e8084e891e9e346a361c0c8b46	True	unresolved	unresolved
sub-3	03	03	sub-3/ses-03/run-03/tsv-row-31	31	rest	1	212.152	5.0	53038	54288	sub-3/ses-03/eeg/sub-3_ses-03_task-imagery_run-03_eeg.edf	1250	True		sub-03	V	s	s	0	sub-03/ses-03/eeg/sub-03_ses-03_task-MotorImageryRest_run-03_eeg.vhdr	38ff2c9dd559731c842dd1f24cbf2485ac6087e8084e891e9e346a361c0c8b46	True	unresolved	unresolved
sub-3	03	03	sub-3/ses-03/run-03/tsv-row-32	32	right_hand	2	219.036	5.0	54759	56009	sub-3/ses-03/eeg/sub-3_ses-03_task-imagery_run-03_eeg.edf	1250	True		sub-03	V	s	s	0	sub-03/ses-03/eeg/sub-03_ses-03_task-MotorImageryRest_run-03_eeg.vhdr	38ff2c9dd559731c842dd1f24cbf2485ac6087e8084e891e9e346a361c0c8b46	True	unresolved	unresolved
sub-3	03	04	sub-3/ses-03/run-04/tsv-row-1	1	rest	1	6.344	5.0	1586	2836	sub-3/ses-03/eeg/sub-3_ses-03_task-imagery_run-04_eeg.edf	1250	True		sub-03	V	s	s	0	sub-03/ses-03/eeg/sub-03_ses-03_task-MotorImageryRest_run-04_eeg.vhdr	dbecbef251c3c72cfed47dec72df8e63753f981d0db5b899b9193c70d1cc5ce2	True	unresolved	unresolved
sub-3	03	04	sub-3/ses-03/run-04/tsv-row-2	2	right_hand	2	13.232	5.0	3308	4558	sub-3/ses-03/eeg/sub-3_ses-03_task-imagery_run-04_eeg.edf	1250	True		sub-03	V	s	s	0	sub-03/ses-03/eeg/sub-03_ses-03_task-MotorImageryRest_run-04_eeg.vhdr	dbecbef251c3c72cfed47dec72df8e63753f981d0db5b899b9193c70d1cc5ce2	True	unresolved	unresolved
sub-3	03	04	sub-3/ses-03/run-04/tsv-row-3	3	rest	1	20.12	5.0	5030	6280	sub-3/ses-03/eeg/sub-3_ses-03_task-imagery_run-04_eeg.edf	1250	True		sub-03	V	s	s	0	sub-03/ses-03/eeg/sub-03_ses-03_task-MotorImageryRest_run-04_eeg.vhdr	dbecbef251c3c72cfed47dec72df8e63753f981d0db5b899b9193c70d1cc5ce2	True	unresolved	unresolved
sub-3	03	04	sub-3/ses-03/run-04/tsv-row-4	4	right_hand	2	27.024	5.0	6756	8006	sub-3/ses-03/eeg/sub-3_ses-03_task-imagery_run-04_eeg.edf	1250	True		sub-03	V	s	s	0	sub-03/ses-03/eeg/sub-03_ses-03_task-MotorImageryRest_run-04_eeg.vhdr	dbecbef251c3c72cfed47dec72df8e63753f981d0db5b899b9193c70d1cc5ce2	True	unresolved	unresolved
sub-3	03	04	sub-3/ses-03/run-04/tsv-row-5	5	rest	1	33.896	5.0	8474	9724	sub-3/ses-03/eeg/sub-3_ses-03_task-imagery_run-04_eeg.edf	1250	True		sub-03	V	s	s	0	sub-03/ses-03/eeg/sub-03_ses-03_task-MotorImageryRest_run-04_eeg.vhdr	dbecbef251c3c72cfed47dec72df8e63753f981d0db5b899b9193c70d1cc5ce2	True	unresolved	unresolved
sub-3	03	04	sub-3/ses-03/run-04/tsv-row-6	6	right_hand	2	40.78	5.0	10195	11445	sub-3/ses-03/eeg/sub-3_ses-03_task-imagery_run-04_eeg.edf	1250	True		sub-03	V	s	s	0	sub-03/ses-03/eeg/sub-03_ses-03_task-MotorImageryRest_run-04_eeg.vhdr	dbecbef251c3c72cfed47dec72df8e63753f981d0db5b899b9193c70d1cc5ce2	True	unresolved	unresolved
sub-3	03	04	sub-3/ses-03/run-04/tsv-row-7	7	right_hand	2	47.684	5.0	11921	13171	sub-3/ses-03/eeg/sub-3_ses-03_task-imagery_run-04_eeg.edf	1250	True		sub-03	V	s	s	0	sub-03/ses-03/eeg/sub-03_ses-03_task-MotorImageryRest_run-04_eeg.vhdr	dbecbef251c3c72cfed47dec72df8e63753f981d0db5b899b9193c70d1cc5ce2	True	unresolved	unresolved
sub-3	03	04	sub-3/ses-03/run-04/tsv-row-8	8	rest	1	54.572	5.0	13643	14893	sub-3/ses-03/eeg/sub-3_ses-03_task-imagery_run-04_eeg.edf	1250	True		sub-03	V	s	s	0	sub-03/ses-03/eeg/sub-03_ses-03_task-MotorImageryRest_run-04_eeg.vhdr	dbecbef251c3c72cfed47dec72df8e63753f981d0db5b899b9193c70d1cc5ce2	True	unresolved	unresolved
sub-3	03	04	sub-3/ses-03/run-04/tsv-row-9	9	rest	1	61.46	5.0	15365	16615	sub-3/ses-03/eeg/sub-3_ses-03_task-imagery_run-04_eeg.edf	1250	True		sub-03	V	s	s	0	sub-03/ses-03/eeg/sub-03_ses-03_task-MotorImageryRest_run-04_eeg.vhdr	dbecbef251c3c72cfed47dec72df8e63753f981d0db5b899b9193c70d1cc5ce2	True	unresolved	unresolved
sub-3	03	04	sub-3/ses-03/run-04/tsv-row-10	10	right_hand	2	68.344	5.0	17086	18336	sub-3/ses-03/eeg/sub-3_ses-03_task-imagery_run-04_eeg.edf	1250	True		sub-03	V	s	s	0	sub-03/ses-03/eeg/sub-03_ses-03_task-MotorImageryRest_run-04_eeg.vhdr	dbecbef251c3c72cfed47dec72df8e63753f981d0db5b899b9193c70d1cc5ce2	True	unresolved	unresolved
sub-3	03	04	sub-3/ses-03/run-04/tsv-row-11	11	rest	1	75.232	5.0	18808	20058	sub-3/ses-03/eeg/sub-3_ses-03_task-imagery_run-04_eeg.edf	1250	True		sub-03	V	s	s	0	sub-03/ses-03/eeg/sub-03_ses-03_task-MotorImageryRest_run-04_eeg.vhdr	dbecbef251c3c72cfed47dec72df8e63753f981d0db5b899b9193c70d1cc5ce2	True	unresolved	unresolved
sub-3	03	04	sub-3/ses-03/run-04/tsv-row-12	12	right_hand	2	82.116	5.0	20529	21779	sub-3/ses-03/eeg/sub-3_ses-03_task-imagery_run-04_eeg.edf	1250	True		sub-03	V	s	s	0	sub-03/ses-03/eeg/sub-03_ses-03_task-MotorImageryRest_run-04_eeg.vhdr	dbecbef251c3c72cfed47dec72df8e63753f981d0db5b899b9193c70d1cc5ce2	True	unresolved	unresolved
sub-3	03	04	sub-3/ses-03/run-04/tsv-row-13	13	right_hand	2	89.02	5.0	22255	23505	sub-3/ses-03/eeg/sub-3_ses-03_task-imagery_run-04_eeg.edf	1250	True		sub-03	V	s	s	0	sub-03/ses-03/eeg/sub-03_ses-03_task-MotorImageryRest_run-04_eeg.vhdr	dbecbef251c3c72cfed47dec72df8e63753f981d0db5b899b9193c70d1cc5ce2	True	unresolved	unresolved
sub-3	03	04	sub-3/ses-03/run-04/tsv-row-14	14	rest	1	95.892	5.0	23973	25223	sub-3/ses-03/eeg/sub-3_ses-03_task-imagery_run-04_eeg.edf	1250	True		sub-03	V	s	s	0	sub-03/ses-03/eeg/sub-03_ses-03_task-MotorImageryRest_run-04_eeg.vhdr	dbecbef251c3c72cfed47dec72df8e63753f981d0db5b899b9193c70d1cc5ce2	True	unresolved	unresolved
sub-3	03	04	sub-3/ses-03/run-04/tsv-row-15	15	rest	1	102.796	5.0	25699	26949	sub-3/ses-03/eeg/sub-3_ses-03_task-imagery_run-04_eeg.edf	1250	True		sub-03	V	s	s	0	sub-03/ses-03/eeg/sub-03_ses-03_task-MotorImageryRest_run-04_eeg.vhdr	dbecbef251c3c72cfed47dec72df8e63753f981d0db5b899b9193c70d1cc5ce2	True	unresolved	unresolved
sub-3	03	04	sub-3/ses-03/run-04/tsv-row-16	16	right_hand	2	109.68	5.0	27420	28670	sub-3/ses-03/eeg/sub-3_ses-03_task-imagery_run-04_eeg.edf	1250	True		sub-03	V	s	s	0	sub-03/ses-03/eeg/sub-03_ses-03_task-MotorImageryRest_run-04_eeg.vhdr	dbecbef251c3c72cfed47dec72df8e63753f981d0db5b899b9193c70d1cc5ce2	True	unresolved	unresolved
sub-3	03	04	sub-3/ses-03/run-04/tsv-row-17	17	right_hand	2	116.552	5.0	29138	30388	sub-3/ses-03/eeg/sub-3_ses-03_task-imagery_run-04_eeg.edf	1250	True		sub-03	V	s	s	0	sub-03/ses-03/eeg/sub-03_ses-03_task-MotorImageryRest_run-04_eeg.vhdr	dbecbef251c3c72cfed47dec72df8e63753f981d0db5b899b9193c70d1cc5ce2	True	unresolved	unresolved
sub-3	03	04	sub-3/ses-03/run-04/tsv-row-18	18	rest	1	123.44	5.0	30860	32110	sub-3/ses-03/eeg/sub-3_ses-03_task-imagery_run-04_eeg.edf	1250	True		sub-03	V	s	s	0	sub-03/ses-03/eeg/sub-03_ses-03_task-MotorImageryRest_run-04_eeg.vhdr	dbecbef251c3c72cfed47dec72df8e63753f981d0db5b899b9193c70d1cc5ce2	True	unresolved	unresolved
sub-3	03	04	sub-3/ses-03/run-04/tsv-row-19	19	rest	1	130.344	5.0	32586	33836	sub-3/ses-03/eeg/sub-3_ses-03_task-imagery_run-04_eeg.edf	1250	True		sub-03	V	s	s	0	sub-03/ses-03/eeg/sub-03_ses-03_task-MotorImageryRest_run-04_eeg.vhdr	dbecbef251c3c72cfed47dec72df8e63753f981d0db5b899b9193c70d1cc5ce2	True	unresolved	unresolved
sub-3	03	04	sub-3/ses-03/run-04/tsv-row-20	20	right_hand	2	137.228	5.0	34307	35557	sub-3/ses-03/eeg/sub-3_ses-03_task-imagery_run-04_eeg.edf	1250	True		sub-03	V	s	s	0	sub-03/ses-03/eeg/sub-03_ses-03_task-MotorImageryRest_run-04_eeg.vhdr	dbecbef251c3c72cfed47dec72df8e63753f981d0db5b899b9193c70d1cc5ce2	True	unresolved	unresolved
sub-3	03	04	sub-3/ses-03/run-04/tsv-row-21	21	right_hand	2	144.1	5.0	36025	37275	sub-3/ses-03/eeg/sub-3_ses-03_task-imagery_run-04_eeg.edf	1250	True		sub-03	V	s	s	0	sub-03/ses-03/eeg/sub-03_ses-03_task-MotorImageryRest_run-04_eeg.vhdr	dbecbef251c3c72cfed47dec72df8e63753f981d0db5b899b9193c70d1cc5ce2	True	unresolved	unresolved
sub-3	03	04	sub-3/ses-03/run-04/tsv-row-22	22	rest	1	151.004	5.0	37751	39001	sub-3/ses-03/eeg/sub-3_ses-03_task-imagery_run-04_eeg.edf	1250	True		sub-03	V	s	s	0	sub-03/ses-03/eeg/sub-03_ses-03_task-MotorImageryRest_run-04_eeg.vhdr	dbecbef251c3c72cfed47dec72df8e63753f981d0db5b899b9193c70d1cc5ce2	True	unresolved	unresolved
sub-3	03	04	sub-3/ses-03/run-04/tsv-row-23	23	rest	1	157.892	5.0	39473	40723	sub-3/ses-03/eeg/sub-3_ses-03_task-imagery_run-04_eeg.edf	1250	True		sub-03	V	s	s	0	sub-03/ses-03/eeg/sub-03_ses-03_task-MotorImageryRest_run-04_eeg.vhdr	dbecbef251c3c72cfed47dec72df8e63753f981d0db5b899b9193c70d1cc5ce2	True	unresolved	unresolved
sub-3	03	04	sub-3/ses-03/run-04/tsv-row-24	24	right_hand	2	164.776	5.0	41194	42444	sub-3/ses-03/eeg/sub-3_ses-03_task-imagery_run-04_eeg.edf	1250	True		sub-03	V	s	s	0	sub-03/ses-03/eeg/sub-03_ses-03_task-MotorImageryRest_run-04_eeg.vhdr	dbecbef251c3c72cfed47dec72df8e63753f981d0db5b899b9193c70d1cc5ce2	True	unresolved	unresolved
sub-3	03	04	sub-3/ses-03/run-04/tsv-row-25	25	right_hand	2	171.664	5.0	42916	44166	sub-3/ses-03/eeg/sub-3_ses-03_task-imagery_run-04_eeg.edf	1250	True		sub-03	V	s	s	0	sub-03/ses-03/eeg/sub-03_ses-03_task-MotorImageryRest_run-04_eeg.vhdr	dbecbef251c3c72cfed47dec72df8e63753f981d0db5b899b9193c70d1cc5ce2	True	unresolved	unresolved
sub-3	03	04	sub-3/ses-03/run-04/tsv-row-26	26	rest	1	178.552	5.0	44638	45888	sub-3/ses-03/eeg/sub-3_ses-03_task-imagery_run-04_eeg.edf	1250	True		sub-03	V	s	s	0	sub-03/ses-03/eeg/sub-03_ses-03_task-MotorImageryRest_run-04_eeg.vhdr	dbecbef251c3c72cfed47dec72df8e63753f981d0db5b899b9193c70d1cc5ce2	True	unresolved	unresolved
sub-3	03	04	sub-3/ses-03/run-04/tsv-row-27	27	rest	1	185.44	5.0	46360	47610	sub-3/ses-03/eeg/sub-3_ses-03_task-imagery_run-04_eeg.edf	1250	True		sub-03	V	s	s	0	sub-03/ses-03/eeg/sub-03_ses-03_task-MotorImageryRest_run-04_eeg.vhdr	dbecbef251c3c72cfed47dec72df8e63753f981d0db5b899b9193c70d1cc5ce2	True	unresolved	unresolved
sub-3	03	04	sub-3/ses-03/run-04/tsv-row-28	28	right_hand	2	192.324	5.0	48081	49331	sub-3/ses-03/eeg/sub-3_ses-03_task-imagery_run-04_eeg.edf	1250	True		sub-03	V	s	s	0	sub-03/ses-03/eeg/sub-03_ses-03_task-MotorImageryRest_run-04_eeg.vhdr	dbecbef251c3c72cfed47dec72df8e63753f981d0db5b899b9193c70d1cc5ce2	True	unresolved	unresolved
sub-3	03	04	sub-3/ses-03/run-04/tsv-row-29	29	rest	1	199.212	5.0	49803	51053	sub-3/ses-03/eeg/sub-3_ses-03_task-imagery_run-04_eeg.edf	1250	True		sub-03	V	s	s	0	sub-03/ses-03/eeg/sub-03_ses-03_task-MotorImageryRest_run-04_eeg.vhdr	dbecbef251c3c72cfed47dec72df8e63753f981d0db5b899b9193c70d1cc5ce2	True	unresolved	unresolved
sub-3	03	04	sub-3/ses-03/run-04/tsv-row-30	30	right_hand	2	206.096	5.0	51524	52774	sub-3/ses-03/eeg/sub-3_ses-03_task-imagery_run-04_eeg.edf	1250	True		sub-03	V	s	s	0	sub-03/ses-03/eeg/sub-03_ses-03_task-MotorImageryRest_run-04_eeg.vhdr	dbecbef251c3c72cfed47dec72df8e63753f981d0db5b899b9193c70d1cc5ce2	True	unresolved	unresolved
sub-3	03	04	sub-3/ses-03/run-04/tsv-row-31	31	rest	1	212.984	5.0	53246	54496	sub-3/ses-03/eeg/sub-3_ses-03_task-imagery_run-04_eeg.edf	1250	True		sub-03	V	s	s	0	sub-03/ses-03/eeg/sub-03_ses-03_task-MotorImageryRest_run-04_eeg.vhdr	dbecbef251c3c72cfed47dec72df8e63753f981d0db5b899b9193c70d1cc5ce2	True	unresolved	unresolved
sub-3	03	04	sub-3/ses-03/run-04/tsv-row-32	32	right_hand	2	219.888	5.0	54972	56222	sub-3/ses-03/eeg/sub-3_ses-03_task-imagery_run-04_eeg.edf	1250	True		sub-03	V	s	s	0	sub-03/ses-03/eeg/sub-03_ses-03_task-MotorImageryRest_run-04_eeg.vhdr	dbecbef251c3c72cfed47dec72df8e63753f981d0db5b899b9193c70d1cc5ce2	True	unresolved	unresolved
sub-3	03	05	sub-3/ses-03/run-05/tsv-row-1	1	right_hand	2	5.484	5.0	1371	2621	sub-3/ses-03/eeg/sub-3_ses-03_task-imagery_run-05_eeg.edf	1250	True		sub-03	V	s	s	0	sub-03/ses-03/eeg/sub-03_ses-03_task-MotorImageryRest_run-05_eeg.vhdr	03227df53c945db01927a9b69e3059b0a7f13df68bac3a92ee05e2fd2f8e81fb	True	unresolved	unresolved
sub-3	03	05	sub-3/ses-03/run-05/tsv-row-2	2	rest	1	12.376	5.0	3094	4344	sub-3/ses-03/eeg/sub-3_ses-03_task-imagery_run-05_eeg.edf	1250	True		sub-03	V	s	s	0	sub-03/ses-03/eeg/sub-03_ses-03_task-MotorImageryRest_run-05_eeg.vhdr	03227df53c945db01927a9b69e3059b0a7f13df68bac3a92ee05e2fd2f8e81fb	True	unresolved	unresolved
sub-3	03	05	sub-3/ses-03/run-05/tsv-row-3	3	right_hand	2	19.244	5.0	4811	6061	sub-3/ses-03/eeg/sub-3_ses-03_task-imagery_run-05_eeg.edf	1250	True		sub-03	V	s	s	0	sub-03/ses-03/eeg/sub-03_ses-03_task-MotorImageryRest_run-05_eeg.vhdr	03227df53c945db01927a9b69e3059b0a7f13df68bac3a92ee05e2fd2f8e81fb	True	unresolved	unresolved
sub-3	03	05	sub-3/ses-03/run-05/tsv-row-4	4	rest	1	26.152	5.0	6538	7788	sub-3/ses-03/eeg/sub-3_ses-03_task-imagery_run-05_eeg.edf	1250	True		sub-03	V	s	s	0	sub-03/ses-03/eeg/sub-03_ses-03_task-MotorImageryRest_run-05_eeg.vhdr	03227df53c945db01927a9b69e3059b0a7f13df68bac3a92ee05e2fd2f8e81fb	True	unresolved	unresolved
sub-3	03	05	sub-3/ses-03/run-05/tsv-row-5	5	rest	1	33.036	5.0	8259	9509	sub-3/ses-03/eeg/sub-3_ses-03_task-imagery_run-05_eeg.edf	1250	True		sub-03	V	s	s	0	sub-03/ses-03/eeg/sub-03_ses-03_task-MotorImageryRest_run-05_eeg.vhdr	03227df53c945db01927a9b69e3059b0a7f13df68bac3a92ee05e2fd2f8e81fb	True	unresolved	unresolved
sub-3	03	05	sub-3/ses-03/run-05/tsv-row-6	6	right_hand	2	39.92	5.0	9980	11230	sub-3/ses-03/eeg/sub-3_ses-03_task-imagery_run-05_eeg.edf	1250	True		sub-03	V	s	s	0	sub-03/ses-03/eeg/sub-03_ses-03_task-MotorImageryRest_run-05_eeg.vhdr	03227df53c945db01927a9b69e3059b0a7f13df68bac3a92ee05e2fd2f8e81fb	True	unresolved	unresolved
sub-3	03	05	sub-3/ses-03/run-05/tsv-row-7	7	right_hand	2	46.824	5.0	11706	12956	sub-3/ses-03/eeg/sub-3_ses-03_task-imagery_run-05_eeg.edf	1250	True		sub-03	V	s	s	0	sub-03/ses-03/eeg/sub-03_ses-03_task-MotorImageryRest_run-05_eeg.vhdr	03227df53c945db01927a9b69e3059b0a7f13df68bac3a92ee05e2fd2f8e81fb	True	unresolved	unresolved
sub-3	03	05	sub-3/ses-03/run-05/tsv-row-8	8	rest	1	53.696	5.0	13424	14674	sub-3/ses-03/eeg/sub-3_ses-03_task-imagery_run-05_eeg.edf	1250	True		sub-03	V	s	s	0	sub-03/ses-03/eeg/sub-03_ses-03_task-MotorImageryRest_run-05_eeg.vhdr	03227df53c945db01927a9b69e3059b0a7f13df68bac3a92ee05e2fd2f8e81fb	True	unresolved	unresolved
sub-3	03	05	sub-3/ses-03/run-05/tsv-row-9	9	rest	1	60.6	5.0	15150	16400	sub-3/ses-03/eeg/sub-3_ses-03_task-imagery_run-05_eeg.edf	1250	True		sub-03	V	s	s	0	sub-03/ses-03/eeg/sub-03_ses-03_task-MotorImageryRest_run-05_eeg.vhdr	03227df53c945db01927a9b69e3059b0a7f13df68bac3a92ee05e2fd2f8e81fb	True	unresolved	unresolved
sub-3	03	05	sub-3/ses-03/run-05/tsv-row-10	10	right_hand	2	67.488	5.0	16872	18122	sub-3/ses-03/eeg/sub-3_ses-03_task-imagery_run-05_eeg.edf	1250	True		sub-03	V	s	s	0	sub-03/ses-03/eeg/sub-03_ses-03_task-MotorImageryRest_run-05_eeg.vhdr	03227df53c945db01927a9b69e3059b0a7f13df68bac3a92ee05e2fd2f8e81fb	True	unresolved	unresolved
sub-3	03	05	sub-3/ses-03/run-05/tsv-row-11	11	rest	1	74.356	5.0	18589	19839	sub-3/ses-03/eeg/sub-3_ses-03_task-imagery_run-05_eeg.edf	1250	True		sub-03	V	s	s	0	sub-03/ses-03/eeg/sub-03_ses-03_task-MotorImageryRest_run-05_eeg.vhdr	03227df53c945db01927a9b69e3059b0a7f13df68bac3a92ee05e2fd2f8e81fb	True	unresolved	unresolved
sub-3	03	05	sub-3/ses-03/run-05/tsv-row-12	12	right_hand	2	81.24	5.0	20310	21560	sub-3/ses-03/eeg/sub-3_ses-03_task-imagery_run-05_eeg.edf	1250	True		sub-03	V	s	s	0	sub-03/ses-03/eeg/sub-03_ses-03_task-MotorImageryRest_run-05_eeg.vhdr	03227df53c945db01927a9b69e3059b0a7f13df68bac3a92ee05e2fd2f8e81fb	True	unresolved	unresolved
sub-3	03	05	sub-3/ses-03/run-05/tsv-row-13	13	rest	1	88.148	5.0	22037	23287	sub-3/ses-03/eeg/sub-3_ses-03_task-imagery_run-05_eeg.edf	1250	True		sub-03	V	s	s	0	sub-03/ses-03/eeg/sub-03_ses-03_task-MotorImageryRest_run-05_eeg.vhdr	03227df53c945db01927a9b69e3059b0a7f13df68bac3a92ee05e2fd2f8e81fb	True	unresolved	unresolved
sub-3	03	05	sub-3/ses-03/run-05/tsv-row-14	14	right_hand	2	95.032	5.0	23758	25008	sub-3/ses-03/eeg/sub-3_ses-03_task-imagery_run-05_eeg.edf	1250	True		sub-03	V	s	s	0	sub-03/ses-03/eeg/sub-03_ses-03_task-MotorImageryRest_run-05_eeg.vhdr	03227df53c945db01927a9b69e3059b0a7f13df68bac3a92ee05e2fd2f8e81fb	True	unresolved	unresolved
sub-3	03	05	sub-3/ses-03/run-05/tsv-row-15	15	right_hand	2	101.92	5.0	25480	26730	sub-3/ses-03/eeg/sub-3_ses-03_task-imagery_run-05_eeg.edf	1250	True		sub-03	V	s	s	0	sub-03/ses-03/eeg/sub-03_ses-03_task-MotorImageryRest_run-05_eeg.vhdr	03227df53c945db01927a9b69e3059b0a7f13df68bac3a92ee05e2fd2f8e81fb	True	unresolved	unresolved
sub-3	03	05	sub-3/ses-03/run-05/tsv-row-16	16	rest	1	108.808	5.0	27202	28452	sub-3/ses-03/eeg/sub-3_ses-03_task-imagery_run-05_eeg.edf	1250	True		sub-03	V	s	s	0	sub-03/ses-03/eeg/sub-03_ses-03_task-MotorImageryRest_run-05_eeg.vhdr	03227df53c945db01927a9b69e3059b0a7f13df68bac3a92ee05e2fd2f8e81fb	True	unresolved	unresolved
sub-3	03	05	sub-3/ses-03/run-05/tsv-row-17	17	rest	1	115.696	5.0	28924	30174	sub-3/ses-03/eeg/sub-3_ses-03_task-imagery_run-05_eeg.edf	1250	True		sub-03	V	s	s	0	sub-03/ses-03/eeg/sub-03_ses-03_task-MotorImageryRest_run-05_eeg.vhdr	03227df53c945db01927a9b69e3059b0a7f13df68bac3a92ee05e2fd2f8e81fb	True	unresolved	unresolved
sub-3	03	05	sub-3/ses-03/run-05/tsv-row-18	18	right_hand	2	122.576	5.0	30644	31894	sub-3/ses-03/eeg/sub-3_ses-03_task-imagery_run-05_eeg.edf	1250	True		sub-03	V	s	s	0	sub-03/ses-03/eeg/sub-03_ses-03_task-MotorImageryRest_run-05_eeg.vhdr	03227df53c945db01927a9b69e3059b0a7f13df68bac3a92ee05e2fd2f8e81fb	True	unresolved	unresolved
sub-3	03	05	sub-3/ses-03/run-05/tsv-row-19	19	right_hand	2	129.468	5.0	32367	33617	sub-3/ses-03/eeg/sub-3_ses-03_task-imagery_run-05_eeg.edf	1250	True		sub-03	V	s	s	0	sub-03/ses-03/eeg/sub-03_ses-03_task-MotorImageryRest_run-05_eeg.vhdr	03227df53c945db01927a9b69e3059b0a7f13df68bac3a92ee05e2fd2f8e81fb	True	unresolved	unresolved
sub-3	03	05	sub-3/ses-03/run-05/tsv-row-20	20	rest	1	136.356	5.0	34089	35339	sub-3/ses-03/eeg/sub-3_ses-03_task-imagery_run-05_eeg.edf	1250	True		sub-03	V	s	s	0	sub-03/ses-03/eeg/sub-03_ses-03_task-MotorImageryRest_run-05_eeg.vhdr	03227df53c945db01927a9b69e3059b0a7f13df68bac3a92ee05e2fd2f8e81fb	True	unresolved	unresolved
sub-3	03	05	sub-3/ses-03/run-05/tsv-row-21	21	right_hand	2	143.236	5.0	35809	37059	sub-3/ses-03/eeg/sub-3_ses-03_task-imagery_run-05_eeg.edf	1250	True		sub-03	V	s	s	0	sub-03/ses-03/eeg/sub-03_ses-03_task-MotorImageryRest_run-05_eeg.vhdr	03227df53c945db01927a9b69e3059b0a7f13df68bac3a92ee05e2fd2f8e81fb	True	unresolved	unresolved
sub-3	03	05	sub-3/ses-03/run-05/tsv-row-22	22	rest	1	150.144	5.0	37536	38786	sub-3/ses-03/eeg/sub-3_ses-03_task-imagery_run-05_eeg.edf	1250	True		sub-03	V	s	s	0	sub-03/ses-03/eeg/sub-03_ses-03_task-MotorImageryRest_run-05_eeg.vhdr	03227df53c945db01927a9b69e3059b0a7f13df68bac3a92ee05e2fd2f8e81fb	True	unresolved	unresolved
sub-3	03	05	sub-3/ses-03/run-05/tsv-row-23	23	right_hand	2	157.016	5.0	39254	40504	sub-3/ses-03/eeg/sub-3_ses-03_task-imagery_run-05_eeg.edf	1250	True		sub-03	V	s	s	0	sub-03/ses-03/eeg/sub-03_ses-03_task-MotorImageryRest_run-05_eeg.vhdr	03227df53c945db01927a9b69e3059b0a7f13df68bac3a92ee05e2fd2f8e81fb	True	unresolved	unresolved
sub-3	03	05	sub-3/ses-03/run-05/tsv-row-24	24	rest	1	163.9	5.0	40975	42225	sub-3/ses-03/eeg/sub-3_ses-03_task-imagery_run-05_eeg.edf	1250	True		sub-03	V	s	s	0	sub-03/ses-03/eeg/sub-03_ses-03_task-MotorImageryRest_run-05_eeg.vhdr	03227df53c945db01927a9b69e3059b0a7f13df68bac3a92ee05e2fd2f8e81fb	True	unresolved	unresolved
sub-3	03	05	sub-3/ses-03/run-05/tsv-row-25	25	rest	1	170.804	5.0	42701	43951	sub-3/ses-03/eeg/sub-3_ses-03_task-imagery_run-05_eeg.edf	1250	True		sub-03	V	s	s	0	sub-03/ses-03/eeg/sub-03_ses-03_task-MotorImageryRest_run-05_eeg.vhdr	03227df53c945db01927a9b69e3059b0a7f13df68bac3a92ee05e2fd2f8e81fb	True	unresolved	unresolved
sub-3	03	05	sub-3/ses-03/run-05/tsv-row-26	26	right_hand	2	177.692	5.0	44423	45673	sub-3/ses-03/eeg/sub-3_ses-03_task-imagery_run-05_eeg.edf	1250	True		sub-03	V	s	s	0	sub-03/ses-03/eeg/sub-03_ses-03_task-MotorImageryRest_run-05_eeg.vhdr	03227df53c945db01927a9b69e3059b0a7f13df68bac3a92ee05e2fd2f8e81fb	True	unresolved	unresolved
sub-3	03	05	sub-3/ses-03/run-05/tsv-row-27	27	rest	1	184.56	5.0	46140	47390	sub-3/ses-03/eeg/sub-3_ses-03_task-imagery_run-05_eeg.edf	1250	True		sub-03	V	s	s	0	sub-03/ses-03/eeg/sub-03_ses-03_task-MotorImageryRest_run-05_eeg.vhdr	03227df53c945db01927a9b69e3059b0a7f13df68bac3a92ee05e2fd2f8e81fb	True	unresolved	unresolved
sub-3	03	05	sub-3/ses-03/run-05/tsv-row-28	28	right_hand	2	191.448	5.0	47862	49112	sub-3/ses-03/eeg/sub-3_ses-03_task-imagery_run-05_eeg.edf	1250	True		sub-03	V	s	s	0	sub-03/ses-03/eeg/sub-03_ses-03_task-MotorImageryRest_run-05_eeg.vhdr	03227df53c945db01927a9b69e3059b0a7f13df68bac3a92ee05e2fd2f8e81fb	True	unresolved	unresolved
sub-3	03	05	sub-3/ses-03/run-05/tsv-row-29	29	right_hand	2	198.352	5.0	49588	50838	sub-3/ses-03/eeg/sub-3_ses-03_task-imagery_run-05_eeg.edf	1250	True		sub-03	V	s	s	0	sub-03/ses-03/eeg/sub-03_ses-03_task-MotorImageryRest_run-05_eeg.vhdr	03227df53c945db01927a9b69e3059b0a7f13df68bac3a92ee05e2fd2f8e81fb	True	unresolved	unresolved
sub-3	03	05	sub-3/ses-03/run-05/tsv-row-30	30	rest	1	205.24	5.0	51310	52560	sub-3/ses-03/eeg/sub-3_ses-03_task-imagery_run-05_eeg.edf	1250	True		sub-03	V	s	s	0	sub-03/ses-03/eeg/sub-03_ses-03_task-MotorImageryRest_run-05_eeg.vhdr	03227df53c945db01927a9b69e3059b0a7f13df68bac3a92ee05e2fd2f8e81fb	True	unresolved	unresolved
sub-3	03	05	sub-3/ses-03/run-05/tsv-row-31	31	rest	1	212.108	5.0	53027	54277	sub-3/ses-03/eeg/sub-3_ses-03_task-imagery_run-05_eeg.edf	1250	True		sub-03	V	s	s	0	sub-03/ses-03/eeg/sub-03_ses-03_task-MotorImageryRest_run-05_eeg.vhdr	03227df53c945db01927a9b69e3059b0a7f13df68bac3a92ee05e2fd2f8e81fb	True	unresolved	unresolved
sub-3	03	05	sub-3/ses-03/run-05/tsv-row-32	32	right_hand	2	219.012	5.0	54753	56003	sub-3/ses-03/eeg/sub-3_ses-03_task-imagery_run-05_eeg.edf	1250	True		sub-03	V	s	s	0	sub-03/ses-03/eeg/sub-03_ses-03_task-MotorImageryRest_run-05_eeg.vhdr	03227df53c945db01927a9b69e3059b0a7f13df68bac3a92ee05e2fd2f8e81fb	True	unresolved	unresolved
sub-3	03	06	sub-3/ses-03/run-06/tsv-row-1	1	right_hand	2	6.012	5.0	1503	2753	sub-3/ses-03/eeg/sub-3_ses-03_task-imagery_run-06_eeg.edf	1250	True		sub-03	V	s	s	0	sub-03/ses-03/eeg/sub-03_ses-03_task-MotorImageryRest_run-06_eeg.vhdr	fdc8f2da6193ddbe3c97066813764120533529274a671973a8969d116840afff	True	unresolved	unresolved
sub-3	03	06	sub-3/ses-03/run-06/tsv-row-2	2	rest	1	12.904	5.0	3226	4476	sub-3/ses-03/eeg/sub-3_ses-03_task-imagery_run-06_eeg.edf	1250	True		sub-03	V	s	s	0	sub-03/ses-03/eeg/sub-03_ses-03_task-MotorImageryRest_run-06_eeg.vhdr	fdc8f2da6193ddbe3c97066813764120533529274a671973a8969d116840afff	True	unresolved	unresolved
sub-3	03	06	sub-3/ses-03/run-06/tsv-row-3	3	rest	1	19.792	5.0	4948	6198	sub-3/ses-03/eeg/sub-3_ses-03_task-imagery_run-06_eeg.edf	1250	True		sub-03	V	s	s	0	sub-03/ses-03/eeg/sub-03_ses-03_task-MotorImageryRest_run-06_eeg.vhdr	fdc8f2da6193ddbe3c97066813764120533529274a671973a8969d116840afff	True	unresolved	unresolved
sub-3	03	06	sub-3/ses-03/run-06/tsv-row-4	4	right_hand	2	26.676	5.0	6669	7919	sub-3/ses-03/eeg/sub-3_ses-03_task-imagery_run-06_eeg.edf	1250	True		sub-03	V	s	s	0	sub-03/ses-03/eeg/sub-03_ses-03_task-MotorImageryRest_run-06_eeg.vhdr	fdc8f2da6193ddbe3c97066813764120533529274a671973a8969d116840afff	True	unresolved	unresolved
sub-3	03	06	sub-3/ses-03/run-06/tsv-row-5	5	rest	1	33.564	5.0	8391	9641	sub-3/ses-03/eeg/sub-3_ses-03_task-imagery_run-06_eeg.edf	1250	True		sub-03	V	s	s	0	sub-03/ses-03/eeg/sub-03_ses-03_task-MotorImageryRest_run-06_eeg.vhdr	fdc8f2da6193ddbe3c97066813764120533529274a671973a8969d116840afff	True	unresolved	unresolved
sub-3	03	06	sub-3/ses-03/run-06/tsv-row-6	6	right_hand	2	40.452	5.0	10113	11363	sub-3/ses-03/eeg/sub-3_ses-03_task-imagery_run-06_eeg.edf	1250	True		sub-03	V	s	s	0	sub-03/ses-03/eeg/sub-03_ses-03_task-MotorImageryRest_run-06_eeg.vhdr	fdc8f2da6193ddbe3c97066813764120533529274a671973a8969d116840afff	True	unresolved	unresolved
sub-3	03	06	sub-3/ses-03/run-06/tsv-row-7	7	rest	1	47.34	5.0	11835	13085	sub-3/ses-03/eeg/sub-3_ses-03_task-imagery_run-06_eeg.edf	1250	True		sub-03	V	s	s	0	sub-03/ses-03/eeg/sub-03_ses-03_task-MotorImageryRest_run-06_eeg.vhdr	fdc8f2da6193ddbe3c97066813764120533529274a671973a8969d116840afff	True	unresolved	unresolved
sub-3	03	06	sub-3/ses-03/run-06/tsv-row-8	8	right_hand	2	54.24	5.0	13560	14810	sub-3/ses-03/eeg/sub-3_ses-03_task-imagery_run-06_eeg.edf	1250	True		sub-03	V	s	s	0	sub-03/ses-03/eeg/sub-03_ses-03_task-MotorImageryRest_run-06_eeg.vhdr	fdc8f2da6193ddbe3c97066813764120533529274a671973a8969d116840afff	True	unresolved	unresolved
sub-3	03	06	sub-3/ses-03/run-06/tsv-row-9	9	right_hand	2	61.128	5.0	15282	16532	sub-3/ses-03/eeg/sub-3_ses-03_task-imagery_run-06_eeg.edf	1250	True		sub-03	V	s	s	0	sub-03/ses-03/eeg/sub-03_ses-03_task-MotorImageryRest_run-06_eeg.vhdr	fdc8f2da6193ddbe3c97066813764120533529274a671973a8969d116840afff	True	unresolved	unresolved
sub-3	03	06	sub-3/ses-03/run-06/tsv-row-10	10	rest	1	68.0	5.0	17000	18250	sub-3/ses-03/eeg/sub-3_ses-03_task-imagery_run-06_eeg.edf	1250	True		sub-03	V	s	s	0	sub-03/ses-03/eeg/sub-03_ses-03_task-MotorImageryRest_run-06_eeg.vhdr	fdc8f2da6193ddbe3c97066813764120533529274a671973a8969d116840afff	True	unresolved	unresolved
sub-3	03	06	sub-3/ses-03/run-06/tsv-row-11	11	right_hand	2	74.9	5.0	18725	19975	sub-3/ses-03/eeg/sub-3_ses-03_task-imagery_run-06_eeg.edf	1250	True		sub-03	V	s	s	0	sub-03/ses-03/eeg/sub-03_ses-03_task-MotorImageryRest_run-06_eeg.vhdr	fdc8f2da6193ddbe3c97066813764120533529274a671973a8969d116840afff	True	unresolved	unresolved
sub-3	03	06	sub-3/ses-03/run-06/tsv-row-12	12	rest	1	81.792	5.0	20448	21698	sub-3/ses-03/eeg/sub-3_ses-03_task-imagery_run-06_eeg.edf	1250	True		sub-03	V	s	s	0	sub-03/ses-03/eeg/sub-03_ses-03_task-MotorImageryRest_run-06_eeg.vhdr	fdc8f2da6193ddbe3c97066813764120533529274a671973a8969d116840afff	True	unresolved	unresolved
sub-3	03	06	sub-3/ses-03/run-06/tsv-row-13	13	right_hand	2	88.66	5.0	22165	23415	sub-3/ses-03/eeg/sub-3_ses-03_task-imagery_run-06_eeg.edf	1250	True		sub-03	V	s	s	0	sub-03/ses-03/eeg/sub-03_ses-03_task-MotorImageryRest_run-06_eeg.vhdr	fdc8f2da6193ddbe3c97066813764120533529274a671973a8969d116840afff	True	unresolved	unresolved
sub-3	03	06	sub-3/ses-03/run-06/tsv-row-14	14	rest	1	95.564	5.0	23891	25141	sub-3/ses-03/eeg/sub-3_ses-03_task-imagery_run-06_eeg.edf	1250	True		sub-03	V	s	s	0	sub-03/ses-03/eeg/sub-03_ses-03_task-MotorImageryRest_run-06_eeg.vhdr	fdc8f2da6193ddbe3c97066813764120533529274a671973a8969d116840afff	True	unresolved	unresolved
sub-3	03	06	sub-3/ses-03/run-06/tsv-row-15	15	rest	1	102.452	5.0	25613	26863	sub-3/ses-03/eeg/sub-3_ses-03_task-imagery_run-06_eeg.edf	1250	True		sub-03	V	s	s	0	sub-03/ses-03/eeg/sub-03_ses-03_task-MotorImageryRest_run-06_eeg.vhdr	fdc8f2da6193ddbe3c97066813764120533529274a671973a8969d116840afff	True	unresolved	unresolved
sub-3	03	06	sub-3/ses-03/run-06/tsv-row-16	16	right_hand	2	109.336	5.0	27334	28584	sub-3/ses-03/eeg/sub-3_ses-03_task-imagery_run-06_eeg.edf	1250	True		sub-03	V	s	s	0	sub-03/ses-03/eeg/sub-03_ses-03_task-MotorImageryRest_run-06_eeg.vhdr	fdc8f2da6193ddbe3c97066813764120533529274a671973a8969d116840afff	True	unresolved	unresolved
sub-3	03	06	sub-3/ses-03/run-06/tsv-row-17	17	right_hand	2	116.224	5.0	29056	30306	sub-3/ses-03/eeg/sub-3_ses-03_task-imagery_run-06_eeg.edf	1250	True		sub-03	V	s	s	0	sub-03/ses-03/eeg/sub-03_ses-03_task-MotorImageryRest_run-06_eeg.vhdr	fdc8f2da6193ddbe3c97066813764120533529274a671973a8969d116840afff	True	unresolved	unresolved
sub-3	03	06	sub-3/ses-03/run-06/tsv-row-18	18	rest	1	123.112	5.0	30778	32028	sub-3/ses-03/eeg/sub-3_ses-03_task-imagery_run-06_eeg.edf	1250	True		sub-03	V	s	s	0	sub-03/ses-03/eeg/sub-03_ses-03_task-MotorImageryRest_run-06_eeg.vhdr	fdc8f2da6193ddbe3c97066813764120533529274a671973a8969d116840afff	True	unresolved	unresolved
sub-3	03	06	sub-3/ses-03/run-06/tsv-row-19	19	rest	1	130.016	5.0	32504	33754	sub-3/ses-03/eeg/sub-3_ses-03_task-imagery_run-06_eeg.edf	1250	True		sub-03	V	s	s	0	sub-03/ses-03/eeg/sub-03_ses-03_task-MotorImageryRest_run-06_eeg.vhdr	fdc8f2da6193ddbe3c97066813764120533529274a671973a8969d116840afff	True	unresolved	unresolved
sub-3	03	06	sub-3/ses-03/run-06/tsv-row-20	20	right_hand	2	136.9	5.0	34225	35475	sub-3/ses-03/eeg/sub-3_ses-03_task-imagery_run-06_eeg.edf	1250	True		sub-03	V	s	s	0	sub-03/ses-03/eeg/sub-03_ses-03_task-MotorImageryRest_run-06_eeg.vhdr	fdc8f2da6193ddbe3c97066813764120533529274a671973a8969d116840afff	True	unresolved	unresolved
sub-3	03	06	sub-3/ses-03/run-06/tsv-row-21	21	rest	1	143.772	5.0	35943	37193	sub-3/ses-03/eeg/sub-3_ses-03_task-imagery_run-06_eeg.edf	1250	True		sub-03	V	s	s	0	sub-03/ses-03/eeg/sub-03_ses-03_task-MotorImageryRest_run-06_eeg.vhdr	fdc8f2da6193ddbe3c97066813764120533529274a671973a8969d116840afff	True	unresolved	unresolved
sub-3	03	06	sub-3/ses-03/run-06/tsv-row-22	22	right_hand	2	150.656	5.0	37664	38914	sub-3/ses-03/eeg/sub-3_ses-03_task-imagery_run-06_eeg.edf	1250	True		sub-03	V	s	s	0	sub-03/ses-03/eeg/sub-03_ses-03_task-MotorImageryRest_run-06_eeg.vhdr	fdc8f2da6193ddbe3c97066813764120533529274a671973a8969d116840afff	True	unresolved	unresolved
sub-3	03	06	sub-3/ses-03/run-06/tsv-row-23	23	rest	1	157.56	5.0	39390	40640	sub-3/ses-03/eeg/sub-3_ses-03_task-imagery_run-06_eeg.edf	1250	True		sub-03	V	s	s	0	sub-03/ses-03/eeg/sub-03_ses-03_task-MotorImageryRest_run-06_eeg.vhdr	fdc8f2da6193ddbe3c97066813764120533529274a671973a8969d116840afff	True	unresolved	unresolved
sub-3	03	06	sub-3/ses-03/run-06/tsv-row-24	24	right_hand	2	164.448	5.0	41112	42362	sub-3/ses-03/eeg/sub-3_ses-03_task-imagery_run-06_eeg.edf	1250	True		sub-03	V	s	s	0	sub-03/ses-03/eeg/sub-03_ses-03_task-MotorImageryRest_run-06_eeg.vhdr	fdc8f2da6193ddbe3c97066813764120533529274a671973a8969d116840afff	True	unresolved	unresolved
sub-3	03	06	sub-3/ses-03/run-06/tsv-row-25	25	right_hand	2	171.316	5.0	42829	44079	sub-3/ses-03/eeg/sub-3_ses-03_task-imagery_run-06_eeg.edf	1250	True		sub-03	V	s	s	0	sub-03/ses-03/eeg/sub-03_ses-03_task-MotorImageryRest_run-06_eeg.vhdr	fdc8f2da6193ddbe3c97066813764120533529274a671973a8969d116840afff	True	unresolved	unresolved
sub-3	03	06	sub-3/ses-03/run-06/tsv-row-26	26	rest	1	178.204	5.0	44551	45801	sub-3/ses-03/eeg/sub-3_ses-03_task-imagery_run-06_eeg.edf	1250	True		sub-03	V	s	s	0	sub-03/ses-03/eeg/sub-03_ses-03_task-MotorImageryRest_run-06_eeg.vhdr	fdc8f2da6193ddbe3c97066813764120533529274a671973a8969d116840afff	True	unresolved	unresolved
sub-3	03	06	sub-3/ses-03/run-06/tsv-row-27	27	rest	1	185.108	5.0	46277	47527	sub-3/ses-03/eeg/sub-3_ses-03_task-imagery_run-06_eeg.edf	1250	True		sub-03	V	s	s	0	sub-03/ses-03/eeg/sub-03_ses-03_task-MotorImageryRest_run-06_eeg.vhdr	fdc8f2da6193ddbe3c97066813764120533529274a671973a8969d116840afff	True	unresolved	unresolved
sub-3	03	06	sub-3/ses-03/run-06/tsv-row-28	28	right_hand	2	191.992	5.0	47998	49248	sub-3/ses-03/eeg/sub-3_ses-03_task-imagery_run-06_eeg.edf	1250	True		sub-03	V	s	s	0	sub-03/ses-03/eeg/sub-03_ses-03_task-MotorImageryRest_run-06_eeg.vhdr	fdc8f2da6193ddbe3c97066813764120533529274a671973a8969d116840afff	True	unresolved	unresolved
sub-3	03	06	sub-3/ses-03/run-06/tsv-row-29	29	rest	1	198.868	5.0	49717	50967	sub-3/ses-03/eeg/sub-3_ses-03_task-imagery_run-06_eeg.edf	1250	True		sub-03	V	s	s	0	sub-03/ses-03/eeg/sub-03_ses-03_task-MotorImageryRest_run-06_eeg.vhdr	fdc8f2da6193ddbe3c97066813764120533529274a671973a8969d116840afff	True	unresolved	unresolved
sub-3	03	06	sub-3/ses-03/run-06/tsv-row-30	30	right_hand	2	205.768	5.0	51442	52692	sub-3/ses-03/eeg/sub-3_ses-03_task-imagery_run-06_eeg.edf	1250	True		sub-03	V	s	s	0	sub-03/ses-03/eeg/sub-03_ses-03_task-MotorImageryRest_run-06_eeg.vhdr	fdc8f2da6193ddbe3c97066813764120533529274a671973a8969d116840afff	True	unresolved	unresolved
sub-3	03	06	sub-3/ses-03/run-06/tsv-row-31	31	rest	1	212.656	5.0	53164	54414	sub-3/ses-03/eeg/sub-3_ses-03_task-imagery_run-06_eeg.edf	1250	True		sub-03	V	s	s	0	sub-03/ses-03/eeg/sub-03_ses-03_task-MotorImageryRest_run-06_eeg.vhdr	fdc8f2da6193ddbe3c97066813764120533529274a671973a8969d116840afff	True	unresolved	unresolved
sub-3	03	06	sub-3/ses-03/run-06/tsv-row-32	32	right_hand	2	219.54	5.0	54885	56135	sub-3/ses-03/eeg/sub-3_ses-03_task-imagery_run-06_eeg.edf	1250	True		sub-03	V	s	s	0	sub-03/ses-03/eeg/sub-03_ses-03_task-MotorImageryRest_run-06_eeg.vhdr	fdc8f2da6193ddbe3c97066813764120533529274a671973a8969d116840afff	True	unresolved	unresolved
sub-3	04	01	sub-3/ses-04/run-01/tsv-row-1	1	rest	1	6.852	5.0	1713	2963	sub-3/ses-04/eeg/sub-3_ses-04_task-imagery_run-01_eeg.edf	1250	True		sub-03	V	s	s	0	sub-03/ses-04/eeg/sub-03_ses-04_task-MotorImageryRest_run-01_eeg.vhdr	4e5512c404a054efc11976605fb0613469e68af7bce8323bc957de79cf11ed70	True	unresolved	unresolved
sub-3	04	01	sub-3/ses-04/run-01/tsv-row-2	2	right_hand	2	13.744	5.0	3436	4686	sub-3/ses-04/eeg/sub-3_ses-04_task-imagery_run-01_eeg.edf	1250	True		sub-03	V	s	s	0	sub-03/ses-04/eeg/sub-03_ses-04_task-MotorImageryRest_run-01_eeg.vhdr	4e5512c404a054efc11976605fb0613469e68af7bce8323bc957de79cf11ed70	True	unresolved	unresolved
sub-3	04	01	sub-3/ses-04/run-01/tsv-row-3	3	right_hand	2	20.628	5.0	5157	6407	sub-3/ses-04/eeg/sub-3_ses-04_task-imagery_run-01_eeg.edf	1250	True		sub-03	V	s	s	0	sub-03/ses-04/eeg/sub-03_ses-04_task-MotorImageryRest_run-01_eeg.vhdr	4e5512c404a054efc11976605fb0613469e68af7bce8323bc957de79cf11ed70	True	unresolved	unresolved
sub-3	04	01	sub-3/ses-04/run-01/tsv-row-4	4	rest	1	27.516	5.0	6879	8129	sub-3/ses-04/eeg/sub-3_ses-04_task-imagery_run-01_eeg.edf	1250	True		sub-03	V	s	s	0	sub-03/ses-04/eeg/sub-03_ses-04_task-MotorImageryRest_run-01_eeg.vhdr	4e5512c404a054efc11976605fb0613469e68af7bce8323bc957de79cf11ed70	True	unresolved	unresolved
sub-3	04	01	sub-3/ses-04/run-01/tsv-row-5	5	right_hand	2	34.404	5.0	8601	9851	sub-3/ses-04/eeg/sub-3_ses-04_task-imagery_run-01_eeg.edf	1250	True		sub-03	V	s	s	0	sub-03/ses-04/eeg/sub-03_ses-04_task-MotorImageryRest_run-01_eeg.vhdr	4e5512c404a054efc11976605fb0613469e68af7bce8323bc957de79cf11ed70	True	unresolved	unresolved
sub-3	04	01	sub-3/ses-04/run-01/tsv-row-6	6	rest	1	41.308	5.0	10327	11577	sub-3/ses-04/eeg/sub-3_ses-04_task-imagery_run-01_eeg.edf	1250	True		sub-03	V	s	s	0	sub-03/ses-04/eeg/sub-03_ses-04_task-MotorImageryRest_run-01_eeg.vhdr	4e5512c404a054efc11976605fb0613469e68af7bce8323bc957de79cf11ed70	True	unresolved	unresolved
sub-3	04	01	sub-3/ses-04/run-01/tsv-row-7	7	right_hand	2	48.176	5.0	12044	13294	sub-3/ses-04/eeg/sub-3_ses-04_task-imagery_run-01_eeg.edf	1250	True		sub-03	V	s	s	0	sub-03/ses-04/eeg/sub-03_ses-04_task-MotorImageryRest_run-01_eeg.vhdr	4e5512c404a054efc11976605fb0613469e68af7bce8323bc957de79cf11ed70	True	unresolved	unresolved
sub-3	04	01	sub-3/ses-04/run-01/tsv-row-8	8	rest	1	55.064	5.0	13766	15016	sub-3/ses-04/eeg/sub-3_ses-04_task-imagery_run-01_eeg.edf	1250	True		sub-03	V	s	s	0	sub-03/ses-04/eeg/sub-03_ses-04_task-MotorImageryRest_run-01_eeg.vhdr	4e5512c404a054efc11976605fb0613469e68af7bce8323bc957de79cf11ed70	True	unresolved	unresolved
sub-3	04	01	sub-3/ses-04/run-01/tsv-row-9	9	right_hand	2	61.968	5.0	15492	16742	sub-3/ses-04/eeg/sub-3_ses-04_task-imagery_run-01_eeg.edf	1250	True		sub-03	V	s	s	0	sub-03/ses-04/eeg/sub-03_ses-04_task-MotorImageryRest_run-01_eeg.vhdr	4e5512c404a054efc11976605fb0613469e68af7bce8323bc957de79cf11ed70	True	unresolved	unresolved
sub-3	04	01	sub-3/ses-04/run-01/tsv-row-10	10	rest	1	68.856	5.0	17214	18464	sub-3/ses-04/eeg/sub-3_ses-04_task-imagery_run-01_eeg.edf	1250	True		sub-03	V	s	s	0	sub-03/ses-04/eeg/sub-03_ses-04_task-MotorImageryRest_run-01_eeg.vhdr	4e5512c404a054efc11976605fb0613469e68af7bce8323bc957de79cf11ed70	True	unresolved	unresolved
sub-3	04	01	sub-3/ses-04/run-01/tsv-row-11	11	rest	1	75.74	5.0	18935	20185	sub-3/ses-04/eeg/sub-3_ses-04_task-imagery_run-01_eeg.edf	1250	True		sub-03	V	s	s	0	sub-03/ses-04/eeg/sub-03_ses-04_task-MotorImageryRest_run-01_eeg.vhdr	4e5512c404a054efc11976605fb0613469e68af7bce8323bc957de79cf11ed70	True	unresolved	unresolved
sub-3	04	01	sub-3/ses-04/run-01/tsv-row-12	12	right_hand	2	82.628	5.0	20657	21907	sub-3/ses-04/eeg/sub-3_ses-04_task-imagery_run-01_eeg.edf	1250	True		sub-03	V	s	s	0	sub-03/ses-04/eeg/sub-03_ses-04_task-MotorImageryRest_run-01_eeg.vhdr	4e5512c404a054efc11976605fb0613469e68af7bce8323bc957de79cf11ed70	True	unresolved	unresolved
sub-3	04	01	sub-3/ses-04/run-01/tsv-row-13	13	right_hand	2	89.512	5.0	22378	23628	sub-3/ses-04/eeg/sub-3_ses-04_task-imagery_run-01_eeg.edf	1250	True		sub-03	V	s	s	0	sub-03/ses-04/eeg/sub-03_ses-04_task-MotorImageryRest_run-01_eeg.vhdr	4e5512c404a054efc11976605fb0613469e68af7bce8323bc957de79cf11ed70	True	unresolved	unresolved
sub-3	04	01	sub-3/ses-04/run-01/tsv-row-14	14	rest	1	96.404	5.0	24101	25351	sub-3/ses-04/eeg/sub-3_ses-04_task-imagery_run-01_eeg.edf	1250	True		sub-03	V	s	s	0	sub-03/ses-04/eeg/sub-03_ses-04_task-MotorImageryRest_run-01_eeg.vhdr	4e5512c404a054efc11976605fb0613469e68af7bce8323bc957de79cf11ed70	True	unresolved	unresolved
sub-3	04	01	sub-3/ses-04/run-01/tsv-row-15	15	right_hand	2	103.288	5.0	25822	27072	sub-3/ses-04/eeg/sub-3_ses-04_task-imagery_run-01_eeg.edf	1250	True		sub-03	V	s	s	0	sub-03/ses-04/eeg/sub-03_ses-04_task-MotorImageryRest_run-01_eeg.vhdr	4e5512c404a054efc11976605fb0613469e68af7bce8323bc957de79cf11ed70	True	unresolved	unresolved
sub-3	04	01	sub-3/ses-04/run-01/tsv-row-16	16	rest	1	110.176	5.0	27544	28794	sub-3/ses-04/eeg/sub-3_ses-04_task-imagery_run-01_eeg.edf	1250	True		sub-03	V	s	s	0	sub-03/ses-04/eeg/sub-03_ses-04_task-MotorImageryRest_run-01_eeg.vhdr	4e5512c404a054efc11976605fb0613469e68af7bce8323bc957de79cf11ed70	True	unresolved	unresolved
sub-3	04	01	sub-3/ses-04/run-01/tsv-row-17	17	right_hand	2	117.06	5.0	29265	30515	sub-3/ses-04/eeg/sub-3_ses-04_task-imagery_run-01_eeg.edf	1250	True		sub-03	V	s	s	0	sub-03/ses-04/eeg/sub-03_ses-04_task-MotorImageryRest_run-01_eeg.vhdr	4e5512c404a054efc11976605fb0613469e68af7bce8323bc957de79cf11ed70	True	unresolved	unresolved
sub-3	04	01	sub-3/ses-04/run-01/tsv-row-18	18	rest	1	123.948	5.0	30987	32237	sub-3/ses-04/eeg/sub-3_ses-04_task-imagery_run-01_eeg.edf	1250	True		sub-03	V	s	s	0	sub-03/ses-04/eeg/sub-03_ses-04_task-MotorImageryRest_run-01_eeg.vhdr	4e5512c404a054efc11976605fb0613469e68af7bce8323bc957de79cf11ed70	True	unresolved	unresolved
sub-3	04	01	sub-3/ses-04/run-01/tsv-row-19	19	right_hand	2	130.836	5.0	32709	33959	sub-3/ses-04/eeg/sub-3_ses-04_task-imagery_run-01_eeg.edf	1250	True		sub-03	V	s	s	0	sub-03/ses-04/eeg/sub-03_ses-04_task-MotorImageryRest_run-01_eeg.vhdr	4e5512c404a054efc11976605fb0613469e68af7bce8323bc957de79cf11ed70	True	unresolved	unresolved
sub-3	04	01	sub-3/ses-04/run-01/tsv-row-20	20	rest	1	137.724	5.0	34431	35681	sub-3/ses-04/eeg/sub-3_ses-04_task-imagery_run-01_eeg.edf	1250	True		sub-03	V	s	s	0	sub-03/ses-04/eeg/sub-03_ses-04_task-MotorImageryRest_run-01_eeg.vhdr	4e5512c404a054efc11976605fb0613469e68af7bce8323bc957de79cf11ed70	True	unresolved	unresolved
sub-3	04	01	sub-3/ses-04/run-01/tsv-row-21	21	right_hand	2	144.608	5.0	36152	37402	sub-3/ses-04/eeg/sub-3_ses-04_task-imagery_run-01_eeg.edf	1250	True		sub-03	V	s	s	0	sub-03/ses-04/eeg/sub-03_ses-04_task-MotorImageryRest_run-01_eeg.vhdr	4e5512c404a054efc11976605fb0613469e68af7bce8323bc957de79cf11ed70	True	unresolved	unresolved
sub-3	04	01	sub-3/ses-04/run-01/tsv-row-22	22	rest	1	151.512	5.0	37878	39128	sub-3/ses-04/eeg/sub-3_ses-04_task-imagery_run-01_eeg.edf	1250	True		sub-03	V	s	s	0	sub-03/ses-04/eeg/sub-03_ses-04_task-MotorImageryRest_run-01_eeg.vhdr	4e5512c404a054efc11976605fb0613469e68af7bce8323bc957de79cf11ed70	True	unresolved	unresolved
sub-3	04	01	sub-3/ses-04/run-01/tsv-row-23	23	right_hand	2	158.38	5.0	39595	40845	sub-3/ses-04/eeg/sub-3_ses-04_task-imagery_run-01_eeg.edf	1250	True		sub-03	V	s	s	0	sub-03/ses-04/eeg/sub-03_ses-04_task-MotorImageryRest_run-01_eeg.vhdr	4e5512c404a054efc11976605fb0613469e68af7bce8323bc957de79cf11ed70	True	unresolved	unresolved
sub-3	04	01	sub-3/ses-04/run-01/tsv-row-24	24	rest	1	165.272	5.0	41318	42568	sub-3/ses-04/eeg/sub-3_ses-04_task-imagery_run-01_eeg.edf	1250	True		sub-03	V	s	s	0	sub-03/ses-04/eeg/sub-03_ses-04_task-MotorImageryRest_run-01_eeg.vhdr	4e5512c404a054efc11976605fb0613469e68af7bce8323bc957de79cf11ed70	True	unresolved	unresolved
sub-3	04	01	sub-3/ses-04/run-01/tsv-row-25	25	rest	1	172.172	5.0	43043	44293	sub-3/ses-04/eeg/sub-3_ses-04_task-imagery_run-01_eeg.edf	1250	True		sub-03	V	s	s	0	sub-03/ses-04/eeg/sub-03_ses-04_task-MotorImageryRest_run-01_eeg.vhdr	4e5512c404a054efc11976605fb0613469e68af7bce8323bc957de79cf11ed70	True	unresolved	unresolved
sub-3	04	01	sub-3/ses-04/run-01/tsv-row-26	26	right_hand	2	179.06	5.0	44765	46015	sub-3/ses-04/eeg/sub-3_ses-04_task-imagery_run-01_eeg.edf	1250	True		sub-03	V	s	s	0	sub-03/ses-04/eeg/sub-03_ses-04_task-MotorImageryRest_run-01_eeg.vhdr	4e5512c404a054efc11976605fb0613469e68af7bce8323bc957de79cf11ed70	True	unresolved	unresolved
sub-3	04	01	sub-3/ses-04/run-01/tsv-row-27	27	right_hand	2	185.928	5.0	46482	47732	sub-3/ses-04/eeg/sub-3_ses-04_task-imagery_run-01_eeg.edf	1250	True		sub-03	V	s	s	0	sub-03/ses-04/eeg/sub-03_ses-04_task-MotorImageryRest_run-01_eeg.vhdr	4e5512c404a054efc11976605fb0613469e68af7bce8323bc957de79cf11ed70	True	unresolved	unresolved
sub-3	04	01	sub-3/ses-04/run-01/tsv-row-28	28	rest	1	192.836	5.0	48209	49459	sub-3/ses-04/eeg/sub-3_ses-04_task-imagery_run-01_eeg.edf	1250	True		sub-03	V	s	s	0	sub-03/ses-04/eeg/sub-03_ses-04_task-MotorImageryRest_run-01_eeg.vhdr	4e5512c404a054efc11976605fb0613469e68af7bce8323bc957de79cf11ed70	True	unresolved	unresolved
sub-3	04	01	sub-3/ses-04/run-01/tsv-row-29	29	right_hand	2	199.72	5.0	49930	51180	sub-3/ses-04/eeg/sub-3_ses-04_task-imagery_run-01_eeg.edf	1250	True		sub-03	V	s	s	0	sub-03/ses-04/eeg/sub-03_ses-04_task-MotorImageryRest_run-01_eeg.vhdr	4e5512c404a054efc11976605fb0613469e68af7bce8323bc957de79cf11ed70	True	unresolved	unresolved
sub-3	04	01	sub-3/ses-04/run-01/tsv-row-30	30	rest	1	206.608	5.0	51652	52902	sub-3/ses-04/eeg/sub-3_ses-04_task-imagery_run-01_eeg.edf	1250	True		sub-03	V	s	s	0	sub-03/ses-04/eeg/sub-03_ses-04_task-MotorImageryRest_run-01_eeg.vhdr	4e5512c404a054efc11976605fb0613469e68af7bce8323bc957de79cf11ed70	True	unresolved	unresolved
sub-3	04	01	sub-3/ses-04/run-01/tsv-row-31	31	rest	1	213.496	5.0	53374	54624	sub-3/ses-04/eeg/sub-3_ses-04_task-imagery_run-01_eeg.edf	1250	True		sub-03	V	s	s	0	sub-03/ses-04/eeg/sub-03_ses-04_task-MotorImageryRest_run-01_eeg.vhdr	4e5512c404a054efc11976605fb0613469e68af7bce8323bc957de79cf11ed70	True	unresolved	unresolved
sub-3	04	01	sub-3/ses-04/run-01/tsv-row-32	32	right_hand	2	220.38	5.0	55095	56345	sub-3/ses-04/eeg/sub-3_ses-04_task-imagery_run-01_eeg.edf	1250	True		sub-03	V	s	s	0	sub-03/ses-04/eeg/sub-03_ses-04_task-MotorImageryRest_run-01_eeg.vhdr	4e5512c404a054efc11976605fb0613469e68af7bce8323bc957de79cf11ed70	True	unresolved	unresolved
sub-3	04	02	sub-3/ses-04/run-02/tsv-row-1	1	rest	1	6.212	5.0	1553	2803	sub-3/ses-04/eeg/sub-3_ses-04_task-imagery_run-02_eeg.edf	1250	True		sub-03	V	s	s	0	sub-03/ses-04/eeg/sub-03_ses-04_task-MotorImageryRest_run-02_eeg.vhdr	53475ef671a6009224cfa946e7aa1ac04e7bb0b5aef2b0f6bf9300c12bf4abfa	True	unresolved	unresolved
sub-3	04	02	sub-3/ses-04/run-02/tsv-row-2	2	right_hand	2	13.084	5.0	3271	4521	sub-3/ses-04/eeg/sub-3_ses-04_task-imagery_run-02_eeg.edf	1250	True		sub-03	V	s	s	0	sub-03/ses-04/eeg/sub-03_ses-04_task-MotorImageryRest_run-02_eeg.vhdr	53475ef671a6009224cfa946e7aa1ac04e7bb0b5aef2b0f6bf9300c12bf4abfa	True	unresolved	unresolved
sub-3	04	02	sub-3/ses-04/run-02/tsv-row-3	3	rest	1	19.988	5.0	4997	6247	sub-3/ses-04/eeg/sub-3_ses-04_task-imagery_run-02_eeg.edf	1250	True		sub-03	V	s	s	0	sub-03/ses-04/eeg/sub-03_ses-04_task-MotorImageryRest_run-02_eeg.vhdr	53475ef671a6009224cfa946e7aa1ac04e7bb0b5aef2b0f6bf9300c12bf4abfa	True	unresolved	unresolved
sub-3	04	02	sub-3/ses-04/run-02/tsv-row-4	4	right_hand	2	26.876	5.0	6719	7969	sub-3/ses-04/eeg/sub-3_ses-04_task-imagery_run-02_eeg.edf	1250	True		sub-03	V	s	s	0	sub-03/ses-04/eeg/sub-03_ses-04_task-MotorImageryRest_run-02_eeg.vhdr	53475ef671a6009224cfa946e7aa1ac04e7bb0b5aef2b0f6bf9300c12bf4abfa	True	unresolved	unresolved
sub-3	04	02	sub-3/ses-04/run-02/tsv-row-5	5	rest	1	33.764	5.0	8441	9691	sub-3/ses-04/eeg/sub-3_ses-04_task-imagery_run-02_eeg.edf	1250	True		sub-03	V	s	s	0	sub-03/ses-04/eeg/sub-03_ses-04_task-MotorImageryRest_run-02_eeg.vhdr	53475ef671a6009224cfa946e7aa1ac04e7bb0b5aef2b0f6bf9300c12bf4abfa	True	unresolved	unresolved
sub-3	04	02	sub-3/ses-04/run-02/tsv-row-6	6	right_hand	2	40.648	5.0	10162	11412	sub-3/ses-04/eeg/sub-3_ses-04_task-imagery_run-02_eeg.edf	1250	True		sub-03	V	s	s	0	sub-03/ses-04/eeg/sub-03_ses-04_task-MotorImageryRest_run-02_eeg.vhdr	53475ef671a6009224cfa946e7aa1ac04e7bb0b5aef2b0f6bf9300c12bf4abfa	True	unresolved	unresolved
sub-3	04	02	sub-3/ses-04/run-02/tsv-row-7	7	rest	1	47.536	5.0	11884	13134	sub-3/ses-04/eeg/sub-3_ses-04_task-imagery_run-02_eeg.edf	1250	True		sub-03	V	s	s	0	sub-03/ses-04/eeg/sub-03_ses-04_task-MotorImageryRest_run-02_eeg.vhdr	53475ef671a6009224cfa946e7aa1ac04e7bb0b5aef2b0f6bf9300c12bf4abfa	True	unresolved	unresolved
sub-3	04	02	sub-3/ses-04/run-02/tsv-row-8	8	right_hand	2	54.424	5.0	13606	14856	sub-3/ses-04/eeg/sub-3_ses-04_task-imagery_run-02_eeg.edf	1250	True		sub-03	V	s	s	0	sub-03/ses-04/eeg/sub-03_ses-04_task-MotorImageryRest_run-02_eeg.vhdr	53475ef671a6009224cfa946e7aa1ac04e7bb0b5aef2b0f6bf9300c12bf4abfa	True	unresolved	unresolved
sub-3	04	02	sub-3/ses-04/run-02/tsv-row-9	9	rest	1	61.328	5.0	15332	16582	sub-3/ses-04/eeg/sub-3_ses-04_task-imagery_run-02_eeg.edf	1250	True		sub-03	V	s	s	0	sub-03/ses-04/eeg/sub-03_ses-04_task-MotorImageryRest_run-02_eeg.vhdr	53475ef671a6009224cfa946e7aa1ac04e7bb0b5aef2b0f6bf9300c12bf4abfa	True	unresolved	unresolved
sub-3	04	02	sub-3/ses-04/run-02/tsv-row-10	10	right_hand	2	68.196	5.0	17049	18299	sub-3/ses-04/eeg/sub-3_ses-04_task-imagery_run-02_eeg.edf	1250	True		sub-03	V	s	s	0	sub-03/ses-04/eeg/sub-03_ses-04_task-MotorImageryRest_run-02_eeg.vhdr	53475ef671a6009224cfa946e7aa1ac04e7bb0b5aef2b0f6bf9300c12bf4abfa	True	unresolved	unresolved
sub-3	04	02	sub-3/ses-04/run-02/tsv-row-11	11	right_hand	2	75.1	5.0	18775	20025	sub-3/ses-04/eeg/sub-3_ses-04_task-imagery_run-02_eeg.edf	1250	True		sub-03	V	s	s	0	sub-03/ses-04/eeg/sub-03_ses-04_task-MotorImageryRest_run-02_eeg.vhdr	53475ef671a6009224cfa946e7aa1ac04e7bb0b5aef2b0f6bf9300c12bf4abfa	True	unresolved	unresolved
sub-3	04	02	sub-3/ses-04/run-02/tsv-row-12	12	rest	1	81.988	5.0	20497	21747	sub-3/ses-04/eeg/sub-3_ses-04_task-imagery_run-02_eeg.edf	1250	True		sub-03	V	s	s	0	sub-03/ses-04/eeg/sub-03_ses-04_task-MotorImageryRest_run-02_eeg.vhdr	53475ef671a6009224cfa946e7aa1ac04e7bb0b5aef2b0f6bf9300c12bf4abfa	True	unresolved	unresolved
sub-3	04	02	sub-3/ses-04/run-02/tsv-row-13	13	rest	1	88.876	5.0	22219	23469	sub-3/ses-04/eeg/sub-3_ses-04_task-imagery_run-02_eeg.edf	1250	True		sub-03	V	s	s	0	sub-03/ses-04/eeg/sub-03_ses-04_task-MotorImageryRest_run-02_eeg.vhdr	53475ef671a6009224cfa946e7aa1ac04e7bb0b5aef2b0f6bf9300c12bf4abfa	True	unresolved	unresolved
sub-3	04	02	sub-3/ses-04/run-02/tsv-row-14	14	right_hand	2	95.744	5.0	23936	25186	sub-3/ses-04/eeg/sub-3_ses-04_task-imagery_run-02_eeg.edf	1250	True		sub-03	V	s	s	0	sub-03/ses-04/eeg/sub-03_ses-04_task-MotorImageryRest_run-02_eeg.vhdr	53475ef671a6009224cfa946e7aa1ac04e7bb0b5aef2b0f6bf9300c12bf4abfa	True	unresolved	unresolved
sub-3	04	02	sub-3/ses-04/run-02/tsv-row-15	15	rest	1	102.648	5.0	25662	26912	sub-3/ses-04/eeg/sub-3_ses-04_task-imagery_run-02_eeg.edf	1250	True		sub-03	V	s	s	0	sub-03/ses-04/eeg/sub-03_ses-04_task-MotorImageryRest_run-02_eeg.vhdr	53475ef671a6009224cfa946e7aa1ac04e7bb0b5aef2b0f6bf9300c12bf4abfa	True	unresolved	unresolved
sub-3	04	02	sub-3/ses-04/run-02/tsv-row-16	16	right_hand	2	109.532	5.0	27383	28633	sub-3/ses-04/eeg/sub-3_ses-04_task-imagery_run-02_eeg.edf	1250	True		sub-03	V	s	s	0	sub-03/ses-04/eeg/sub-03_ses-04_task-MotorImageryRest_run-02_eeg.vhdr	53475ef671a6009224cfa946e7aa1ac04e7bb0b5aef2b0f6bf9300c12bf4abfa	True	unresolved	unresolved
sub-3	04	02	sub-3/ses-04/run-02/tsv-row-17	17	rest	1	116.42	5.0	29105	30355	sub-3/ses-04/eeg/sub-3_ses-04_task-imagery_run-02_eeg.edf	1250	True		sub-03	V	s	s	0	sub-03/ses-04/eeg/sub-03_ses-04_task-MotorImageryRest_run-02_eeg.vhdr	53475ef671a6009224cfa946e7aa1ac04e7bb0b5aef2b0f6bf9300c12bf4abfa	True	unresolved	unresolved
sub-3	04	02	sub-3/ses-04/run-02/tsv-row-18	18	right_hand	2	123.308	5.0	30827	32077	sub-3/ses-04/eeg/sub-3_ses-04_task-imagery_run-02_eeg.edf	1250	True		sub-03	V	s	s	0	sub-03/ses-04/eeg/sub-03_ses-04_task-MotorImageryRest_run-02_eeg.vhdr	53475ef671a6009224cfa946e7aa1ac04e7bb0b5aef2b0f6bf9300c12bf4abfa	True	unresolved	unresolved
sub-3	04	02	sub-3/ses-04/run-02/tsv-row-19	19	rest	1	130.196	5.0	32549	33799	sub-3/ses-04/eeg/sub-3_ses-04_task-imagery_run-02_eeg.edf	1250	True		sub-03	V	s	s	0	sub-03/ses-04/eeg/sub-03_ses-04_task-MotorImageryRest_run-02_eeg.vhdr	53475ef671a6009224cfa946e7aa1ac04e7bb0b5aef2b0f6bf9300c12bf4abfa	True	unresolved	unresolved
sub-3	04	02	sub-3/ses-04/run-02/tsv-row-20	20	right_hand	2	137.08	5.0	34270	35520	sub-3/ses-04/eeg/sub-3_ses-04_task-imagery_run-02_eeg.edf	1250	True		sub-03	V	s	s	0	sub-03/ses-04/eeg/sub-03_ses-04_task-MotorImageryRest_run-02_eeg.vhdr	53475ef671a6009224cfa946e7aa1ac04e7bb0b5aef2b0f6bf9300c12bf4abfa	True	unresolved	unresolved
sub-3	04	02	sub-3/ses-04/run-02/tsv-row-21	21	rest	1	143.968	5.0	35992	37242	sub-3/ses-04/eeg/sub-3_ses-04_task-imagery_run-02_eeg.edf	1250	True		sub-03	V	s	s	0	sub-03/ses-04/eeg/sub-03_ses-04_task-MotorImageryRest_run-02_eeg.vhdr	53475ef671a6009224cfa946e7aa1ac04e7bb0b5aef2b0f6bf9300c12bf4abfa	True	unresolved	unresolved
sub-3	04	02	sub-3/ses-04/run-02/tsv-row-22	22	right_hand	2	150.856	5.0	37714	38964	sub-3/ses-04/eeg/sub-3_ses-04_task-imagery_run-02_eeg.edf	1250	True		sub-03	V	s	s	0	sub-03/ses-04/eeg/sub-03_ses-04_task-MotorImageryRest_run-02_eeg.vhdr	53475ef671a6009224cfa946e7aa1ac04e7bb0b5aef2b0f6bf9300c12bf4abfa	True	unresolved	unresolved
sub-3	04	02	sub-3/ses-04/run-02/tsv-row-23	23	rest	1	157.744	5.0	39436	40686	sub-3/ses-04/eeg/sub-3_ses-04_task-imagery_run-02_eeg.edf	1250	True		sub-03	V	s	s	0	sub-03/ses-04/eeg/sub-03_ses-04_task-MotorImageryRest_run-02_eeg.vhdr	53475ef671a6009224cfa946e7aa1ac04e7bb0b5aef2b0f6bf9300c12bf4abfa	True	unresolved	unresolved
sub-3	04	02	sub-3/ses-04/run-02/tsv-row-24	24	right_hand	2	164.628	5.0	41157	42407	sub-3/ses-04/eeg/sub-3_ses-04_task-imagery_run-02_eeg.edf	1250	True		sub-03	V	s	s	0	sub-03/ses-04/eeg/sub-03_ses-04_task-MotorImageryRest_run-02_eeg.vhdr	53475ef671a6009224cfa946e7aa1ac04e7bb0b5aef2b0f6bf9300c12bf4abfa	True	unresolved	unresolved
sub-3	04	02	sub-3/ses-04/run-02/tsv-row-25	25	rest	1	171.532	5.0	42883	44133	sub-3/ses-04/eeg/sub-3_ses-04_task-imagery_run-02_eeg.edf	1250	True		sub-03	V	s	s	0	sub-03/ses-04/eeg/sub-03_ses-04_task-MotorImageryRest_run-02_eeg.vhdr	53475ef671a6009224cfa946e7aa1ac04e7bb0b5aef2b0f6bf9300c12bf4abfa	True	unresolved	unresolved
sub-3	04	02	sub-3/ses-04/run-02/tsv-row-26	26	right_hand	2	178.4	5.0	44600	45850	sub-3/ses-04/eeg/sub-3_ses-04_task-imagery_run-02_eeg.edf	1250	True		sub-03	V	s	s	0	sub-03/ses-04/eeg/sub-03_ses-04_task-MotorImageryRest_run-02_eeg.vhdr	53475ef671a6009224cfa946e7aa1ac04e7bb0b5aef2b0f6bf9300c12bf4abfa	True	unresolved	unresolved
sub-3	04	02	sub-3/ses-04/run-02/tsv-row-27	27	rest	1	185.288	5.0	46322	47572	sub-3/ses-04/eeg/sub-3_ses-04_task-imagery_run-02_eeg.edf	1250	True		sub-03	V	s	s	0	sub-03/ses-04/eeg/sub-03_ses-04_task-MotorImageryRest_run-02_eeg.vhdr	53475ef671a6009224cfa946e7aa1ac04e7bb0b5aef2b0f6bf9300c12bf4abfa	True	unresolved	unresolved
sub-3	04	02	sub-3/ses-04/run-02/tsv-row-28	28	right_hand	2	192.192	5.0	48048	49298	sub-3/ses-04/eeg/sub-3_ses-04_task-imagery_run-02_eeg.edf	1250	True		sub-03	V	s	s	0	sub-03/ses-04/eeg/sub-03_ses-04_task-MotorImageryRest_run-02_eeg.vhdr	53475ef671a6009224cfa946e7aa1ac04e7bb0b5aef2b0f6bf9300c12bf4abfa	True	unresolved	unresolved
sub-3	04	02	sub-3/ses-04/run-02/tsv-row-29	29	rest	1	199.08	5.0	49770	51020	sub-3/ses-04/eeg/sub-3_ses-04_task-imagery_run-02_eeg.edf	1250	True		sub-03	V	s	s	0	sub-03/ses-04/eeg/sub-03_ses-04_task-MotorImageryRest_run-02_eeg.vhdr	53475ef671a6009224cfa946e7aa1ac04e7bb0b5aef2b0f6bf9300c12bf4abfa	True	unresolved	unresolved
sub-3	04	02	sub-3/ses-04/run-02/tsv-row-30	30	right_hand	2	205.948	5.0	51487	52737	sub-3/ses-04/eeg/sub-3_ses-04_task-imagery_run-02_eeg.edf	1250	True		sub-03	V	s	s	0	sub-03/ses-04/eeg/sub-03_ses-04_task-MotorImageryRest_run-02_eeg.vhdr	53475ef671a6009224cfa946e7aa1ac04e7bb0b5aef2b0f6bf9300c12bf4abfa	True	unresolved	unresolved
sub-3	04	02	sub-3/ses-04/run-02/tsv-row-31	31	right_hand	2	212.852	5.0	53213	54463	sub-3/ses-04/eeg/sub-3_ses-04_task-imagery_run-02_eeg.edf	1250	True		sub-03	V	s	s	0	sub-03/ses-04/eeg/sub-03_ses-04_task-MotorImageryRest_run-02_eeg.vhdr	53475ef671a6009224cfa946e7aa1ac04e7bb0b5aef2b0f6bf9300c12bf4abfa	True	unresolved	unresolved
sub-3	04	02	sub-3/ses-04/run-02/tsv-row-32	32	rest	1	219.74	5.0	54935	56185	sub-3/ses-04/eeg/sub-3_ses-04_task-imagery_run-02_eeg.edf	1250	True		sub-03	V	s	s	0	sub-03/ses-04/eeg/sub-03_ses-04_task-MotorImageryRest_run-02_eeg.vhdr	53475ef671a6009224cfa946e7aa1ac04e7bb0b5aef2b0f6bf9300c12bf4abfa	True	unresolved	unresolved
sub-3	04	03	sub-3/ses-04/run-03/tsv-row-1	1	rest	1	6.636	5.0	1659	2909	sub-3/ses-04/eeg/sub-3_ses-04_task-imagery_run-03_eeg.edf	1250	True		sub-03	V	s	s	0	sub-03/ses-04/eeg/sub-03_ses-04_task-MotorImageryRest_run-03_eeg.vhdr	1efe2177db43ba6949a87f2309d2d7a420b0d8099e7b14bddec29b511e24be7b	True	unresolved	unresolved
sub-3	04	03	sub-3/ses-04/run-03/tsv-row-2	2	right_hand	2	13.508	5.0	3377	4627	sub-3/ses-04/eeg/sub-3_ses-04_task-imagery_run-03_eeg.edf	1250	True		sub-03	V	s	s	0	sub-03/ses-04/eeg/sub-03_ses-04_task-MotorImageryRest_run-03_eeg.vhdr	1efe2177db43ba6949a87f2309d2d7a420b0d8099e7b14bddec29b511e24be7b	True	unresolved	unresolved
sub-3	04	03	sub-3/ses-04/run-03/tsv-row-3	3	rest	1	20.396	5.0	5099	6349	sub-3/ses-04/eeg/sub-3_ses-04_task-imagery_run-03_eeg.edf	1250	True		sub-03	V	s	s	0	sub-03/ses-04/eeg/sub-03_ses-04_task-MotorImageryRest_run-03_eeg.vhdr	1efe2177db43ba6949a87f2309d2d7a420b0d8099e7b14bddec29b511e24be7b	True	unresolved	unresolved
sub-3	04	03	sub-3/ses-04/run-03/tsv-row-4	4	right_hand	2	27.3	5.0	6825	8075	sub-3/ses-04/eeg/sub-3_ses-04_task-imagery_run-03_eeg.edf	1250	True		sub-03	V	s	s	0	sub-03/ses-04/eeg/sub-03_ses-04_task-MotorImageryRest_run-03_eeg.vhdr	1efe2177db43ba6949a87f2309d2d7a420b0d8099e7b14bddec29b511e24be7b	True	unresolved	unresolved
sub-3	04	03	sub-3/ses-04/run-03/tsv-row-5	5	right_hand	2	34.188	5.0	8547	9797	sub-3/ses-04/eeg/sub-3_ses-04_task-imagery_run-03_eeg.edf	1250	True		sub-03	V	s	s	0	sub-03/ses-04/eeg/sub-03_ses-04_task-MotorImageryRest_run-03_eeg.vhdr	1efe2177db43ba6949a87f2309d2d7a420b0d8099e7b14bddec29b511e24be7b	True	unresolved	unresolved
sub-3	04	03	sub-3/ses-04/run-03/tsv-row-6	6	right_hand	2	48.592	5.0	12148	13398	sub-3/ses-04/eeg/sub-3_ses-04_task-imagery_run-03_eeg.edf	1250	True		sub-03	V	s	s	0	sub-03/ses-04/eeg/sub-03_ses-04_task-MotorImageryRest_run-03_eeg.vhdr	1efe2177db43ba6949a87f2309d2d7a420b0d8099e7b14bddec29b511e24be7b	True	unresolved	unresolved
sub-3	04	03	sub-3/ses-04/run-03/tsv-row-7	7	rest	1	54.848	5.0	13712	14962	sub-3/ses-04/eeg/sub-3_ses-04_task-imagery_run-03_eeg.edf	1250	True		sub-03	V	s	s	0	sub-03/ses-04/eeg/sub-03_ses-04_task-MotorImageryRest_run-03_eeg.vhdr	1efe2177db43ba6949a87f2309d2d7a420b0d8099e7b14bddec29b511e24be7b	True	unresolved	unresolved
sub-3	04	03	sub-3/ses-04/run-03/tsv-row-8	8	rest	1	61.736	5.0	15434	16684	sub-3/ses-04/eeg/sub-3_ses-04_task-imagery_run-03_eeg.edf	1250	True		sub-03	V	s	s	0	sub-03/ses-04/eeg/sub-03_ses-04_task-MotorImageryRest_run-03_eeg.vhdr	1efe2177db43ba6949a87f2309d2d7a420b0d8099e7b14bddec29b511e24be7b	True	unresolved	unresolved
sub-3	04	03	sub-3/ses-04/run-03/tsv-row-9	9	right_hand	2	68.62	5.0	17155	18405	sub-3/ses-04/eeg/sub-3_ses-04_task-imagery_run-03_eeg.edf	1250	True		sub-03	V	s	s	0	sub-03/ses-04/eeg/sub-03_ses-04_task-MotorImageryRest_run-03_eeg.vhdr	1efe2177db43ba6949a87f2309d2d7a420b0d8099e7b14bddec29b511e24be7b	True	unresolved	unresolved
sub-3	04	03	sub-3/ses-04/run-03/tsv-row-10	10	right_hand	2	75.524	5.0	18881	20131	sub-3/ses-04/eeg/sub-3_ses-04_task-imagery_run-03_eeg.edf	1250	True		sub-03	V	s	s	0	sub-03/ses-04/eeg/sub-03_ses-04_task-MotorImageryRest_run-03_eeg.vhdr	1efe2177db43ba6949a87f2309d2d7a420b0d8099e7b14bddec29b511e24be7b	True	unresolved	unresolved
sub-3	04	03	sub-3/ses-04/run-03/tsv-row-11	11	rest	1	82.396	5.0	20599	21849	sub-3/ses-04/eeg/sub-3_ses-04_task-imagery_run-03_eeg.edf	1250	True		sub-03	V	s	s	0	sub-03/ses-04/eeg/sub-03_ses-04_task-MotorImageryRest_run-03_eeg.vhdr	1efe2177db43ba6949a87f2309d2d7a420b0d8099e7b14bddec29b511e24be7b	True	unresolved	unresolved
sub-3	04	03	sub-3/ses-04/run-03/tsv-row-12	12	rest	1	89.3	5.0	22325	23575	sub-3/ses-04/eeg/sub-3_ses-04_task-imagery_run-03_eeg.edf	1250	True		sub-03	V	s	s	0	sub-03/ses-04/eeg/sub-03_ses-04_task-MotorImageryRest_run-03_eeg.vhdr	1efe2177db43ba6949a87f2309d2d7a420b0d8099e7b14bddec29b511e24be7b	True	unresolved	unresolved
sub-3	04	03	sub-3/ses-04/run-03/tsv-row-13	13	right_hand	2	96.168	5.0	24042	25292	sub-3/ses-04/eeg/sub-3_ses-04_task-imagery_run-03_eeg.edf	1250	True		sub-03	V	s	s	0	sub-03/ses-04/eeg/sub-03_ses-04_task-MotorImageryRest_run-03_eeg.vhdr	1efe2177db43ba6949a87f2309d2d7a420b0d8099e7b14bddec29b511e24be7b	True	unresolved	unresolved
sub-3	04	03	sub-3/ses-04/run-03/tsv-row-14	14	rest	1	103.056	5.0	25764	27014	sub-3/ses-04/eeg/sub-3_ses-04_task-imagery_run-03_eeg.edf	1250	True		sub-03	V	s	s	0	sub-03/ses-04/eeg/sub-03_ses-04_task-MotorImageryRest_run-03_eeg.vhdr	1efe2177db43ba6949a87f2309d2d7a420b0d8099e7b14bddec29b511e24be7b	True	unresolved	unresolved
sub-3	04	03	sub-3/ses-04/run-03/tsv-row-15	15	right_hand	2	109.956	5.0	27489	28739	sub-3/ses-04/eeg/sub-3_ses-04_task-imagery_run-03_eeg.edf	1250	True		sub-03	V	s	s	0	sub-03/ses-04/eeg/sub-03_ses-04_task-MotorImageryRest_run-03_eeg.vhdr	1efe2177db43ba6949a87f2309d2d7a420b0d8099e7b14bddec29b511e24be7b	True	unresolved	unresolved
sub-3	04	03	sub-3/ses-04/run-03/tsv-row-16	16	rest	1	116.844	5.0	29211	30461	sub-3/ses-04/eeg/sub-3_ses-04_task-imagery_run-03_eeg.edf	1250	True		sub-03	V	s	s	0	sub-03/ses-04/eeg/sub-03_ses-04_task-MotorImageryRest_run-03_eeg.vhdr	1efe2177db43ba6949a87f2309d2d7a420b0d8099e7b14bddec29b511e24be7b	True	unresolved	unresolved
sub-3	04	03	sub-3/ses-04/run-03/tsv-row-17	17	right_hand	2	123.716	5.0	30929	32179	sub-3/ses-04/eeg/sub-3_ses-04_task-imagery_run-03_eeg.edf	1250	True		sub-03	V	s	s	0	sub-03/ses-04/eeg/sub-03_ses-04_task-MotorImageryRest_run-03_eeg.vhdr	1efe2177db43ba6949a87f2309d2d7a420b0d8099e7b14bddec29b511e24be7b	True	unresolved	unresolved
sub-3	04	03	sub-3/ses-04/run-03/tsv-row-18	18	right_hand	2	130.62	5.0	32655	33905	sub-3/ses-04/eeg/sub-3_ses-04_task-imagery_run-03_eeg.edf	1250	True		sub-03	V	s	s	0	sub-03/ses-04/eeg/sub-03_ses-04_task-MotorImageryRest_run-03_eeg.vhdr	1efe2177db43ba6949a87f2309d2d7a420b0d8099e7b14bddec29b511e24be7b	True	unresolved	unresolved
sub-3	04	03	sub-3/ses-04/run-03/tsv-row-19	19	rest	1	137.508	5.0	34377	35627	sub-3/ses-04/eeg/sub-3_ses-04_task-imagery_run-03_eeg.edf	1250	True		sub-03	V	s	s	0	sub-03/ses-04/eeg/sub-03_ses-04_task-MotorImageryRest_run-03_eeg.vhdr	1efe2177db43ba6949a87f2309d2d7a420b0d8099e7b14bddec29b511e24be7b	True	unresolved	unresolved
sub-3	04	03	sub-3/ses-04/run-03/tsv-row-20	20	right_hand	2	144.392	5.0	36098	37348	sub-3/ses-04/eeg/sub-3_ses-04_task-imagery_run-03_eeg.edf	1250	True		sub-03	V	s	s	0	sub-03/ses-04/eeg/sub-03_ses-04_task-MotorImageryRest_run-03_eeg.vhdr	1efe2177db43ba6949a87f2309d2d7a420b0d8099e7b14bddec29b511e24be7b	True	unresolved	unresolved
sub-3	04	03	sub-3/ses-04/run-03/tsv-row-21	21	rest	1	151.28	5.0	37820	39070	sub-3/ses-04/eeg/sub-3_ses-04_task-imagery_run-03_eeg.edf	1250	True		sub-03	V	s	s	0	sub-03/ses-04/eeg/sub-03_ses-04_task-MotorImageryRest_run-03_eeg.vhdr	1efe2177db43ba6949a87f2309d2d7a420b0d8099e7b14bddec29b511e24be7b	True	unresolved	unresolved
sub-3	04	03	sub-3/ses-04/run-03/tsv-row-22	22	rest	1	158.168	5.0	39542	40792	sub-3/ses-04/eeg/sub-3_ses-04_task-imagery_run-03_eeg.edf	1250	True		sub-03	V	s	s	0	sub-03/ses-04/eeg/sub-03_ses-04_task-MotorImageryRest_run-03_eeg.vhdr	1efe2177db43ba6949a87f2309d2d7a420b0d8099e7b14bddec29b511e24be7b	True	unresolved	unresolved
sub-3	04	03	sub-3/ses-04/run-03/tsv-row-23	23	right_hand	2	165.052	5.0	41263	42513	sub-3/ses-04/eeg/sub-3_ses-04_task-imagery_run-03_eeg.edf	1250	True		sub-03	V	s	s	0	sub-03/ses-04/eeg/sub-03_ses-04_task-MotorImageryRest_run-03_eeg.vhdr	1efe2177db43ba6949a87f2309d2d7a420b0d8099e7b14bddec29b511e24be7b	True	unresolved	unresolved
sub-3	04	03	sub-3/ses-04/run-03/tsv-row-24	24	rest	1	171.94	5.0	42985	44235	sub-3/ses-04/eeg/sub-3_ses-04_task-imagery_run-03_eeg.edf	1250	True		sub-03	V	s	s	0	sub-03/ses-04/eeg/sub-03_ses-04_task-MotorImageryRest_run-03_eeg.vhdr	1efe2177db43ba6949a87f2309d2d7a420b0d8099e7b14bddec29b511e24be7b	True	unresolved	unresolved
sub-3	04	03	sub-3/ses-04/run-03/tsv-row-25	25	right_hand	2	178.824	5.0	44706	45956	sub-3/ses-04/eeg/sub-3_ses-04_task-imagery_run-03_eeg.edf	1250	True		sub-03	V	s	s	0	sub-03/ses-04/eeg/sub-03_ses-04_task-MotorImageryRest_run-03_eeg.vhdr	1efe2177db43ba6949a87f2309d2d7a420b0d8099e7b14bddec29b511e24be7b	True	unresolved	unresolved
sub-3	04	03	sub-3/ses-04/run-03/tsv-row-26	26	rest	1	185.716	5.0	46429	47679	sub-3/ses-04/eeg/sub-3_ses-04_task-imagery_run-03_eeg.edf	1250	True		sub-03	V	s	s	0	sub-03/ses-04/eeg/sub-03_ses-04_task-MotorImageryRest_run-03_eeg.vhdr	1efe2177db43ba6949a87f2309d2d7a420b0d8099e7b14bddec29b511e24be7b	True	unresolved	unresolved
sub-3	04	03	sub-3/ses-04/run-03/tsv-row-27	27	right_hand	2	192.6	5.0	48150	49400	sub-3/ses-04/eeg/sub-3_ses-04_task-imagery_run-03_eeg.edf	1250	True		sub-03	V	s	s	0	sub-03/ses-04/eeg/sub-03_ses-04_task-MotorImageryRest_run-03_eeg.vhdr	1efe2177db43ba6949a87f2309d2d7a420b0d8099e7b14bddec29b511e24be7b	True	unresolved	unresolved
sub-3	04	03	sub-3/ses-04/run-03/tsv-row-28	28	right_hand	2	199.504	5.0	49876	51126	sub-3/ses-04/eeg/sub-3_ses-04_task-imagery_run-03_eeg.edf	1250	True		sub-03	V	s	s	0	sub-03/ses-04/eeg/sub-03_ses-04_task-MotorImageryRest_run-03_eeg.vhdr	1efe2177db43ba6949a87f2309d2d7a420b0d8099e7b14bddec29b511e24be7b	True	unresolved	unresolved
sub-3	04	03	sub-3/ses-04/run-03/tsv-row-29	29	rest	1	206.376	5.0	51594	52844	sub-3/ses-04/eeg/sub-3_ses-04_task-imagery_run-03_eeg.edf	1250	True		sub-03	V	s	s	0	sub-03/ses-04/eeg/sub-03_ses-04_task-MotorImageryRest_run-03_eeg.vhdr	1efe2177db43ba6949a87f2309d2d7a420b0d8099e7b14bddec29b511e24be7b	True	unresolved	unresolved
sub-3	04	03	sub-3/ses-04/run-03/tsv-row-30	30	rest	1	213.26	5.0	53315	54565	sub-3/ses-04/eeg/sub-3_ses-04_task-imagery_run-03_eeg.edf	1250	True		sub-03	V	s	s	0	sub-03/ses-04/eeg/sub-03_ses-04_task-MotorImageryRest_run-03_eeg.vhdr	1efe2177db43ba6949a87f2309d2d7a420b0d8099e7b14bddec29b511e24be7b	True	unresolved	unresolved
sub-3	04	03	sub-3/ses-04/run-03/tsv-row-31	31	right_hand	2	220.164	5.0	55041	56291	sub-3/ses-04/eeg/sub-3_ses-04_task-imagery_run-03_eeg.edf	1250	True		sub-03	V	s	s	0	sub-03/ses-04/eeg/sub-03_ses-04_task-MotorImageryRest_run-03_eeg.vhdr	1efe2177db43ba6949a87f2309d2d7a420b0d8099e7b14bddec29b511e24be7b	True	unresolved	unresolved
sub-3	04	04	sub-3/ses-04/run-04/tsv-row-1	1	right_hand	2	4.424	5.0	1106	2356	sub-3/ses-04/eeg/sub-3_ses-04_task-imagery_run-04_eeg.edf	1250	True		sub-03	V	s	s	0	sub-03/ses-04/eeg/sub-03_ses-04_task-MotorImageryRest_run-04_eeg.vhdr	bdf9f3f30a770ed3bce7ba46341d7992a9ce6cb293d1bd2febd55d0ff7b889a8	True	unresolved	unresolved
sub-3	04	04	sub-3/ses-04/run-04/tsv-row-2	2	rest	1	11.3	5.0	2825	4075	sub-3/ses-04/eeg/sub-3_ses-04_task-imagery_run-04_eeg.edf	1250	True		sub-03	V	s	s	0	sub-03/ses-04/eeg/sub-03_ses-04_task-MotorImageryRest_run-04_eeg.vhdr	bdf9f3f30a770ed3bce7ba46341d7992a9ce6cb293d1bd2febd55d0ff7b889a8	True	unresolved	unresolved
sub-3	04	04	sub-3/ses-04/run-04/tsv-row-3	3	rest	1	18.204	5.0	4551	5801	sub-3/ses-04/eeg/sub-3_ses-04_task-imagery_run-04_eeg.edf	1250	True		sub-03	V	s	s	0	sub-03/ses-04/eeg/sub-03_ses-04_task-MotorImageryRest_run-04_eeg.vhdr	bdf9f3f30a770ed3bce7ba46341d7992a9ce6cb293d1bd2febd55d0ff7b889a8	True	unresolved	unresolved
sub-3	04	04	sub-3/ses-04/run-04/tsv-row-4	4	right_hand	2	25.088	5.0	6272	7522	sub-3/ses-04/eeg/sub-3_ses-04_task-imagery_run-04_eeg.edf	1250	True		sub-03	V	s	s	0	sub-03/ses-04/eeg/sub-03_ses-04_task-MotorImageryRest_run-04_eeg.vhdr	bdf9f3f30a770ed3bce7ba46341d7992a9ce6cb293d1bd2febd55d0ff7b889a8	True	unresolved	unresolved
sub-3	04	04	sub-3/ses-04/run-04/tsv-row-5	5	rest	1	31.976	5.0	7994	9244	sub-3/ses-04/eeg/sub-3_ses-04_task-imagery_run-04_eeg.edf	1250	True		sub-03	V	s	s	0	sub-03/ses-04/eeg/sub-03_ses-04_task-MotorImageryRest_run-04_eeg.vhdr	bdf9f3f30a770ed3bce7ba46341d7992a9ce6cb293d1bd2febd55d0ff7b889a8	True	unresolved	unresolved
sub-3	04	04	sub-3/ses-04/run-04/tsv-row-6	6	right_hand	2	38.844	5.0	9711	10961	sub-3/ses-04/eeg/sub-3_ses-04_task-imagery_run-04_eeg.edf	1250	True		sub-03	V	s	s	0	sub-03/ses-04/eeg/sub-03_ses-04_task-MotorImageryRest_run-04_eeg.vhdr	bdf9f3f30a770ed3bce7ba46341d7992a9ce6cb293d1bd2febd55d0ff7b889a8	True	unresolved	unresolved
sub-3	04	04	sub-3/ses-04/run-04/tsv-row-7	7	rest	1	45.748	5.0	11437	12687	sub-3/ses-04/eeg/sub-3_ses-04_task-imagery_run-04_eeg.edf	1250	True		sub-03	V	s	s	0	sub-03/ses-04/eeg/sub-03_ses-04_task-MotorImageryRest_run-04_eeg.vhdr	bdf9f3f30a770ed3bce7ba46341d7992a9ce6cb293d1bd2febd55d0ff7b889a8	True	unresolved	unresolved
sub-3	04	04	sub-3/ses-04/run-04/tsv-row-8	8	right_hand	2	52.636	5.0	13159	14409	sub-3/ses-04/eeg/sub-3_ses-04_task-imagery_run-04_eeg.edf	1250	True		sub-03	V	s	s	0	sub-03/ses-04/eeg/sub-03_ses-04_task-MotorImageryRest_run-04_eeg.vhdr	bdf9f3f30a770ed3bce7ba46341d7992a9ce6cb293d1bd2febd55d0ff7b889a8	True	unresolved	unresolved
sub-3	04	04	sub-3/ses-04/run-04/tsv-row-9	9	rest	1	59.524	5.0	14881	16131	sub-3/ses-04/eeg/sub-3_ses-04_task-imagery_run-04_eeg.edf	1250	True		sub-03	V	s	s	0	sub-03/ses-04/eeg/sub-03_ses-04_task-MotorImageryRest_run-04_eeg.vhdr	bdf9f3f30a770ed3bce7ba46341d7992a9ce6cb293d1bd2febd55d0ff7b889a8	True	unresolved	unresolved
sub-3	04	04	sub-3/ses-04/run-04/tsv-row-10	10	right_hand	2	66.408	5.0	16602	17852	sub-3/ses-04/eeg/sub-3_ses-04_task-imagery_run-04_eeg.edf	1250	True		sub-03	V	s	s	0	sub-03/ses-04/eeg/sub-03_ses-04_task-MotorImageryRest_run-04_eeg.vhdr	bdf9f3f30a770ed3bce7ba46341d7992a9ce6cb293d1bd2febd55d0ff7b889a8	True	unresolved	unresolved
sub-3	04	04	sub-3/ses-04/run-04/tsv-row-11	11	rest	1	73.296	5.0	18324	19574	sub-3/ses-04/eeg/sub-3_ses-04_task-imagery_run-04_eeg.edf	1250	True		sub-03	V	s	s	0	sub-03/ses-04/eeg/sub-03_ses-04_task-MotorImageryRest_run-04_eeg.vhdr	bdf9f3f30a770ed3bce7ba46341d7992a9ce6cb293d1bd2febd55d0ff7b889a8	True	unresolved	unresolved
sub-3	04	04	sub-3/ses-04/run-04/tsv-row-12	12	right_hand	2	80.18	5.0	20045	21295	sub-3/ses-04/eeg/sub-3_ses-04_task-imagery_run-04_eeg.edf	1250	True		sub-03	V	s	s	0	sub-03/ses-04/eeg/sub-03_ses-04_task-MotorImageryRest_run-04_eeg.vhdr	bdf9f3f30a770ed3bce7ba46341d7992a9ce6cb293d1bd2febd55d0ff7b889a8	True	unresolved	unresolved
sub-3	04	04	sub-3/ses-04/run-04/tsv-row-13	13	right_hand	2	87.084	5.0	21771	23021	sub-3/ses-04/eeg/sub-3_ses-04_task-imagery_run-04_eeg.edf	1250	True		sub-03	V	s	s	0	sub-03/ses-04/eeg/sub-03_ses-04_task-MotorImageryRest_run-04_eeg.vhdr	bdf9f3f30a770ed3bce7ba46341d7992a9ce6cb293d1bd2febd55d0ff7b889a8	True	unresolved	unresolved
sub-3	04	04	sub-3/ses-04/run-04/tsv-row-14	14	rest	1	93.956	5.0	23489	24739	sub-3/ses-04/eeg/sub-3_ses-04_task-imagery_run-04_eeg.edf	1250	True		sub-03	V	s	s	0	sub-03/ses-04/eeg/sub-03_ses-04_task-MotorImageryRest_run-04_eeg.vhdr	bdf9f3f30a770ed3bce7ba46341d7992a9ce6cb293d1bd2febd55d0ff7b889a8	True	unresolved	unresolved
sub-3	04	04	sub-3/ses-04/run-04/tsv-row-15	15	right_hand	2	100.844	5.0	25211	26461	sub-3/ses-04/eeg/sub-3_ses-04_task-imagery_run-04_eeg.edf	1250	True		sub-03	V	s	s	0	sub-03/ses-04/eeg/sub-03_ses-04_task-MotorImageryRest_run-04_eeg.vhdr	bdf9f3f30a770ed3bce7ba46341d7992a9ce6cb293d1bd2febd55d0ff7b889a8	True	unresolved	unresolved
sub-3	04	04	sub-3/ses-04/run-04/tsv-row-16	16	rest	1	107.748	5.0	26937	28187	sub-3/ses-04/eeg/sub-3_ses-04_task-imagery_run-04_eeg.edf	1250	True		sub-03	V	s	s	0	sub-03/ses-04/eeg/sub-03_ses-04_task-MotorImageryRest_run-04_eeg.vhdr	bdf9f3f30a770ed3bce7ba46341d7992a9ce6cb293d1bd2febd55d0ff7b889a8	True	unresolved	unresolved
sub-3	04	04	sub-3/ses-04/run-04/tsv-row-17	17	rest	1	114.652	5.0	28663	29913	sub-3/ses-04/eeg/sub-3_ses-04_task-imagery_run-04_eeg.edf	1250	True		sub-03	V	s	s	0	sub-03/ses-04/eeg/sub-03_ses-04_task-MotorImageryRest_run-04_eeg.vhdr	bdf9f3f30a770ed3bce7ba46341d7992a9ce6cb293d1bd2febd55d0ff7b889a8	True	unresolved	unresolved
sub-3	04	04	sub-3/ses-04/run-04/tsv-row-18	18	right_hand	2	121.504	5.0	30376	31626	sub-3/ses-04/eeg/sub-3_ses-04_task-imagery_run-04_eeg.edf	1250	True		sub-03	V	s	s	0	sub-03/ses-04/eeg/sub-03_ses-04_task-MotorImageryRest_run-04_eeg.vhdr	bdf9f3f30a770ed3bce7ba46341d7992a9ce6cb293d1bd2febd55d0ff7b889a8	True	unresolved	unresolved
sub-3	04	04	sub-3/ses-04/run-04/tsv-row-19	19	rest	1	128.392	5.0	32098	33348	sub-3/ses-04/eeg/sub-3_ses-04_task-imagery_run-04_eeg.edf	1250	True		sub-03	V	s	s	0	sub-03/ses-04/eeg/sub-03_ses-04_task-MotorImageryRest_run-04_eeg.vhdr	bdf9f3f30a770ed3bce7ba46341d7992a9ce6cb293d1bd2febd55d0ff7b889a8	True	unresolved	unresolved
sub-3	04	04	sub-3/ses-04/run-04/tsv-row-20	20	right_hand	2	135.292	5.0	33823	35073	sub-3/ses-04/eeg/sub-3_ses-04_task-imagery_run-04_eeg.edf	1250	True		sub-03	V	s	s	0	sub-03/ses-04/eeg/sub-03_ses-04_task-MotorImageryRest_run-04_eeg.vhdr	bdf9f3f30a770ed3bce7ba46341d7992a9ce6cb293d1bd2febd55d0ff7b889a8	True	unresolved	unresolved
sub-3	04	04	sub-3/ses-04/run-04/tsv-row-21	21	rest	1	142.18	5.0	35545	36795	sub-3/ses-04/eeg/sub-3_ses-04_task-imagery_run-04_eeg.edf	1250	True		sub-03	V	s	s	0	sub-03/ses-04/eeg/sub-03_ses-04_task-MotorImageryRest_run-04_eeg.vhdr	bdf9f3f30a770ed3bce7ba46341d7992a9ce6cb293d1bd2febd55d0ff7b889a8	True	unresolved	unresolved
sub-3	04	04	sub-3/ses-04/run-04/tsv-row-22	22	right_hand	2	149.048	5.0	37262	38512	sub-3/ses-04/eeg/sub-3_ses-04_task-imagery_run-04_eeg.edf	1250	True		sub-03	V	s	s	0	sub-03/ses-04/eeg/sub-03_ses-04_task-MotorImageryRest_run-04_eeg.vhdr	bdf9f3f30a770ed3bce7ba46341d7992a9ce6cb293d1bd2febd55d0ff7b889a8	True	unresolved	unresolved
sub-3	04	04	sub-3/ses-04/run-04/tsv-row-23	23	rest	1	155.956	5.0	38989	40239	sub-3/ses-04/eeg/sub-3_ses-04_task-imagery_run-04_eeg.edf	1250	True		sub-03	V	s	s	0	sub-03/ses-04/eeg/sub-03_ses-04_task-MotorImageryRest_run-04_eeg.vhdr	bdf9f3f30a770ed3bce7ba46341d7992a9ce6cb293d1bd2febd55d0ff7b889a8	True	unresolved	unresolved
sub-3	04	04	sub-3/ses-04/run-04/tsv-row-24	24	right_hand	2	162.84	5.0	40710	41960	sub-3/ses-04/eeg/sub-3_ses-04_task-imagery_run-04_eeg.edf	1250	True		sub-03	V	s	s	0	sub-03/ses-04/eeg/sub-03_ses-04_task-MotorImageryRest_run-04_eeg.vhdr	bdf9f3f30a770ed3bce7ba46341d7992a9ce6cb293d1bd2febd55d0ff7b889a8	True	unresolved	unresolved
sub-3	04	04	sub-3/ses-04/run-04/tsv-row-25	25	right_hand	2	169.728	5.0	42432	43682	sub-3/ses-04/eeg/sub-3_ses-04_task-imagery_run-04_eeg.edf	1250	True		sub-03	V	s	s	0	sub-03/ses-04/eeg/sub-03_ses-04_task-MotorImageryRest_run-04_eeg.vhdr	bdf9f3f30a770ed3bce7ba46341d7992a9ce6cb293d1bd2febd55d0ff7b889a8	True	unresolved	unresolved
sub-3	04	04	sub-3/ses-04/run-04/tsv-row-26	26	rest	1	176.616	5.0	44154	45404	sub-3/ses-04/eeg/sub-3_ses-04_task-imagery_run-04_eeg.edf	1250	True		sub-03	V	s	s	0	sub-03/ses-04/eeg/sub-03_ses-04_task-MotorImageryRest_run-04_eeg.vhdr	bdf9f3f30a770ed3bce7ba46341d7992a9ce6cb293d1bd2febd55d0ff7b889a8	True	unresolved	unresolved
sub-3	04	04	sub-3/ses-04/run-04/tsv-row-27	27	right_hand	2	183.5	5.0	45875	47125	sub-3/ses-04/eeg/sub-3_ses-04_task-imagery_run-04_eeg.edf	1250	True		sub-03	V	s	s	0	sub-03/ses-04/eeg/sub-03_ses-04_task-MotorImageryRest_run-04_eeg.vhdr	bdf9f3f30a770ed3bce7ba46341d7992a9ce6cb293d1bd2febd55d0ff7b889a8	True	unresolved	unresolved
sub-3	04	04	sub-3/ses-04/run-04/tsv-row-28	28	rest	1	190.388	5.0	47597	48847	sub-3/ses-04/eeg/sub-3_ses-04_task-imagery_run-04_eeg.edf	1250	True		sub-03	V	s	s	0	sub-03/ses-04/eeg/sub-03_ses-04_task-MotorImageryRest_run-04_eeg.vhdr	bdf9f3f30a770ed3bce7ba46341d7992a9ce6cb293d1bd2febd55d0ff7b889a8	True	unresolved	unresolved
sub-3	04	04	sub-3/ses-04/run-04/tsv-row-29	29	right_hand	2	197.292	5.0	49323	50573	sub-3/ses-04/eeg/sub-3_ses-04_task-imagery_run-04_eeg.edf	1250	True		sub-03	V	s	s	0	sub-03/ses-04/eeg/sub-03_ses-04_task-MotorImageryRest_run-04_eeg.vhdr	bdf9f3f30a770ed3bce7ba46341d7992a9ce6cb293d1bd2febd55d0ff7b889a8	True	unresolved	unresolved
sub-3	04	04	sub-3/ses-04/run-04/tsv-row-30	30	rest	1	204.164	5.0	51041	52291	sub-3/ses-04/eeg/sub-3_ses-04_task-imagery_run-04_eeg.edf	1250	True		sub-03	V	s	s	0	sub-03/ses-04/eeg/sub-03_ses-04_task-MotorImageryRest_run-04_eeg.vhdr	bdf9f3f30a770ed3bce7ba46341d7992a9ce6cb293d1bd2febd55d0ff7b889a8	True	unresolved	unresolved
sub-3	04	04	sub-3/ses-04/run-04/tsv-row-31	31	rest	1	211.048	5.0	52762	54012	sub-3/ses-04/eeg/sub-3_ses-04_task-imagery_run-04_eeg.edf	1250	True		sub-03	V	s	s	0	sub-03/ses-04/eeg/sub-03_ses-04_task-MotorImageryRest_run-04_eeg.vhdr	bdf9f3f30a770ed3bce7ba46341d7992a9ce6cb293d1bd2febd55d0ff7b889a8	True	unresolved	unresolved
sub-3	04	04	sub-3/ses-04/run-04/tsv-row-32	32	right_hand	2	217.952	5.0	54488	55738	sub-3/ses-04/eeg/sub-3_ses-04_task-imagery_run-04_eeg.edf	1250	True		sub-03	V	s	s	0	sub-03/ses-04/eeg/sub-03_ses-04_task-MotorImageryRest_run-04_eeg.vhdr	bdf9f3f30a770ed3bce7ba46341d7992a9ce6cb293d1bd2febd55d0ff7b889a8	True	unresolved	unresolved
sub-3	04	05	sub-3/ses-04/run-05/tsv-row-1	1	right_hand	2	4.668	5.0	1167	2417	sub-3/ses-04/eeg/sub-3_ses-04_task-imagery_run-05_eeg.edf	1250	True		sub-03	V	s	s	0	sub-03/ses-04/eeg/sub-03_ses-04_task-MotorImageryRest_run-05_eeg.vhdr	f6d4e9980590dd3976b27532ca0a34ad9fa7b14426041833b0c5a08badfa9b46	True	unresolved	unresolved
sub-3	04	05	sub-3/ses-04/run-05/tsv-row-2	2	rest	1	11.56	5.0	2890	4140	sub-3/ses-04/eeg/sub-3_ses-04_task-imagery_run-05_eeg.edf	1250	True		sub-03	V	s	s	0	sub-03/ses-04/eeg/sub-03_ses-04_task-MotorImageryRest_run-05_eeg.vhdr	f6d4e9980590dd3976b27532ca0a34ad9fa7b14426041833b0c5a08badfa9b46	True	unresolved	unresolved
sub-3	04	05	sub-3/ses-04/run-05/tsv-row-3	3	rest	1	18.448	5.0	4612	5862	sub-3/ses-04/eeg/sub-3_ses-04_task-imagery_run-05_eeg.edf	1250	True		sub-03	V	s	s	0	sub-03/ses-04/eeg/sub-03_ses-04_task-MotorImageryRest_run-05_eeg.vhdr	f6d4e9980590dd3976b27532ca0a34ad9fa7b14426041833b0c5a08badfa9b46	True	unresolved	unresolved
sub-3	04	05	sub-3/ses-04/run-05/tsv-row-4	4	right_hand	2	25.332	5.0	6333	7583	sub-3/ses-04/eeg/sub-3_ses-04_task-imagery_run-05_eeg.edf	1250	True		sub-03	V	s	s	0	sub-03/ses-04/eeg/sub-03_ses-04_task-MotorImageryRest_run-05_eeg.vhdr	f6d4e9980590dd3976b27532ca0a34ad9fa7b14426041833b0c5a08badfa9b46	True	unresolved	unresolved
sub-3	04	05	sub-3/ses-04/run-05/tsv-row-5	5	rest	1	32.22	5.0	8055	9305	sub-3/ses-04/eeg/sub-3_ses-04_task-imagery_run-05_eeg.edf	1250	True		sub-03	V	s	s	0	sub-03/ses-04/eeg/sub-03_ses-04_task-MotorImageryRest_run-05_eeg.vhdr	f6d4e9980590dd3976b27532ca0a34ad9fa7b14426041833b0c5a08badfa9b46	True	unresolved	unresolved
sub-3	04	05	sub-3/ses-04/run-05/tsv-row-6	6	right_hand	2	39.104	5.0	9776	11026	sub-3/ses-04/eeg/sub-3_ses-04_task-imagery_run-05_eeg.edf	1250	True		sub-03	V	s	s	0	sub-03/ses-04/eeg/sub-03_ses-04_task-MotorImageryRest_run-05_eeg.vhdr	f6d4e9980590dd3976b27532ca0a34ad9fa7b14426041833b0c5a08badfa9b46	True	unresolved	unresolved
sub-3	04	05	sub-3/ses-04/run-05/tsv-row-7	7	rest	1	46.012	5.0	11503	12753	sub-3/ses-04/eeg/sub-3_ses-04_task-imagery_run-05_eeg.edf	1250	True		sub-03	V	s	s	0	sub-03/ses-04/eeg/sub-03_ses-04_task-MotorImageryRest_run-05_eeg.vhdr	f6d4e9980590dd3976b27532ca0a34ad9fa7b14426041833b0c5a08badfa9b46	True	unresolved	unresolved
sub-3	04	05	sub-3/ses-04/run-05/tsv-row-8	8	right_hand	2	52.88	5.0	13220	14470	sub-3/ses-04/eeg/sub-3_ses-04_task-imagery_run-05_eeg.edf	1250	True		sub-03	V	s	s	0	sub-03/ses-04/eeg/sub-03_ses-04_task-MotorImageryRest_run-05_eeg.vhdr	f6d4e9980590dd3976b27532ca0a34ad9fa7b14426041833b0c5a08badfa9b46	True	unresolved	unresolved
sub-3	04	05	sub-3/ses-04/run-05/tsv-row-9	9	right_hand	2	59.784	5.0	14946	16196	sub-3/ses-04/eeg/sub-3_ses-04_task-imagery_run-05_eeg.edf	1250	True		sub-03	V	s	s	0	sub-03/ses-04/eeg/sub-03_ses-04_task-MotorImageryRest_run-05_eeg.vhdr	f6d4e9980590dd3976b27532ca0a34ad9fa7b14426041833b0c5a08badfa9b46	True	unresolved	unresolved
sub-3	04	05	sub-3/ses-04/run-05/tsv-row-10	10	rest	1	66.672	5.0	16668	17918	sub-3/ses-04/eeg/sub-3_ses-04_task-imagery_run-05_eeg.edf	1250	True		sub-03	V	s	s	0	sub-03/ses-04/eeg/sub-03_ses-04_task-MotorImageryRest_run-05_eeg.vhdr	f6d4e9980590dd3976b27532ca0a34ad9fa7b14426041833b0c5a08badfa9b46	True	unresolved	unresolved
sub-3	04	05	sub-3/ses-04/run-05/tsv-row-11	11	right_hand	2	73.556	5.0	18389	19639	sub-3/ses-04/eeg/sub-3_ses-04_task-imagery_run-05_eeg.edf	1250	True		sub-03	V	s	s	0	sub-03/ses-04/eeg/sub-03_ses-04_task-MotorImageryRest_run-05_eeg.vhdr	f6d4e9980590dd3976b27532ca0a34ad9fa7b14426041833b0c5a08badfa9b46	True	unresolved	unresolved
sub-3	04	05	sub-3/ses-04/run-05/tsv-row-12	12	rest	1	80.428	5.0	20107	21357	sub-3/ses-04/eeg/sub-3_ses-04_task-imagery_run-05_eeg.edf	1250	True		sub-03	V	s	s	0	sub-03/ses-04/eeg/sub-03_ses-04_task-MotorImageryRest_run-05_eeg.vhdr	f6d4e9980590dd3976b27532ca0a34ad9fa7b14426041833b0c5a08badfa9b46	True	unresolved	unresolved
sub-3	04	05	sub-3/ses-04/run-05/tsv-row-13	13	rest	1	87.316	5.0	21829	23079	sub-3/ses-04/eeg/sub-3_ses-04_task-imagery_run-05_eeg.edf	1250	True		sub-03	V	s	s	0	sub-03/ses-04/eeg/sub-03_ses-04_task-MotorImageryRest_run-05_eeg.vhdr	f6d4e9980590dd3976b27532ca0a34ad9fa7b14426041833b0c5a08badfa9b46	True	unresolved	unresolved
sub-3	04	05	sub-3/ses-04/run-05/tsv-row-14	14	right_hand	2	94.216	5.0	23554	24804	sub-3/ses-04/eeg/sub-3_ses-04_task-imagery_run-05_eeg.edf	1250	True		sub-03	V	s	s	0	sub-03/ses-04/eeg/sub-03_ses-04_task-MotorImageryRest_run-05_eeg.vhdr	f6d4e9980590dd3976b27532ca0a34ad9fa7b14426041833b0c5a08badfa9b46	True	unresolved	unresolved
sub-3	04	05	sub-3/ses-04/run-05/tsv-row-15	15	rest	1	101.104	5.0	25276	26526	sub-3/ses-04/eeg/sub-3_ses-04_task-imagery_run-05_eeg.edf	1250	True		sub-03	V	s	s	0	sub-03/ses-04/eeg/sub-03_ses-04_task-MotorImageryRest_run-05_eeg.vhdr	f6d4e9980590dd3976b27532ca0a34ad9fa7b14426041833b0c5a08badfa9b46	True	unresolved	unresolved
sub-3	04	05	sub-3/ses-04/run-05/tsv-row-16	16	right_hand	2	107.976	5.0	26994	28244	sub-3/ses-04/eeg/sub-3_ses-04_task-imagery_run-05_eeg.edf	1250	True		sub-03	V	s	s	0	sub-03/ses-04/eeg/sub-03_ses-04_task-MotorImageryRest_run-05_eeg.vhdr	f6d4e9980590dd3976b27532ca0a34ad9fa7b14426041833b0c5a08badfa9b46	True	unresolved	unresolved
sub-3	04	05	sub-3/ses-04/run-05/tsv-row-17	17	rest	1	114.88	5.0	28720	29970	sub-3/ses-04/eeg/sub-3_ses-04_task-imagery_run-05_eeg.edf	1250	True		sub-03	V	s	s	0	sub-03/ses-04/eeg/sub-03_ses-04_task-MotorImageryRest_run-05_eeg.vhdr	f6d4e9980590dd3976b27532ca0a34ad9fa7b14426041833b0c5a08badfa9b46	True	unresolved	unresolved
sub-3	04	05	sub-3/ses-04/run-05/tsv-row-18	18	right_hand	2	121.764	5.0	30441	31691	sub-3/ses-04/eeg/sub-3_ses-04_task-imagery_run-05_eeg.edf	1250	True		sub-03	V	s	s	0	sub-03/ses-04/eeg/sub-03_ses-04_task-MotorImageryRest_run-05_eeg.vhdr	f6d4e9980590dd3976b27532ca0a34ad9fa7b14426041833b0c5a08badfa9b46	True	unresolved	unresolved
sub-3	04	05	sub-3/ses-04/run-05/tsv-row-19	19	right_hand	2	128.668	5.0	32167	33417	sub-3/ses-04/eeg/sub-3_ses-04_task-imagery_run-05_eeg.edf	1250	True		sub-03	V	s	s	0	sub-03/ses-04/eeg/sub-03_ses-04_task-MotorImageryRest_run-05_eeg.vhdr	f6d4e9980590dd3976b27532ca0a34ad9fa7b14426041833b0c5a08badfa9b46	True	unresolved	unresolved
sub-3	04	05	sub-3/ses-04/run-05/tsv-row-20	20	rest	1	135.54	5.0	33885	35135	sub-3/ses-04/eeg/sub-3_ses-04_task-imagery_run-05_eeg.edf	1250	True		sub-03	V	s	s	0	sub-03/ses-04/eeg/sub-03_ses-04_task-MotorImageryRest_run-05_eeg.vhdr	f6d4e9980590dd3976b27532ca0a34ad9fa7b14426041833b0c5a08badfa9b46	True	unresolved	unresolved
sub-3	04	05	sub-3/ses-04/run-05/tsv-row-21	21	rest	1	142.428	5.0	35607	36857	sub-3/ses-04/eeg/sub-3_ses-04_task-imagery_run-05_eeg.edf	1250	True		sub-03	V	s	s	0	sub-03/ses-04/eeg/sub-03_ses-04_task-MotorImageryRest_run-05_eeg.vhdr	f6d4e9980590dd3976b27532ca0a34ad9fa7b14426041833b0c5a08badfa9b46	True	unresolved	unresolved
sub-3	04	05	sub-3/ses-04/run-05/tsv-row-22	22	right_hand	2	149.312	5.0	37328	38578	sub-3/ses-04/eeg/sub-3_ses-04_task-imagery_run-05_eeg.edf	1250	True		sub-03	V	s	s	0	sub-03/ses-04/eeg/sub-03_ses-04_task-MotorImageryRest_run-05_eeg.vhdr	f6d4e9980590dd3976b27532ca0a34ad9fa7b14426041833b0c5a08badfa9b46	True	unresolved	unresolved
sub-3	04	05	sub-3/ses-04/run-05/tsv-row-23	23	right_hand	2	156.216	5.0	39054	40304	sub-3/ses-04/eeg/sub-3_ses-04_task-imagery_run-05_eeg.edf	1250	True		sub-03	V	s	s	0	sub-03/ses-04/eeg/sub-03_ses-04_task-MotorImageryRest_run-05_eeg.vhdr	f6d4e9980590dd3976b27532ca0a34ad9fa7b14426041833b0c5a08badfa9b46	True	unresolved	unresolved
sub-3	04	05	sub-3/ses-04/run-05/tsv-row-24	24	rest	1	163.088	5.0	40772	42022	sub-3/ses-04/eeg/sub-3_ses-04_task-imagery_run-05_eeg.edf	1250	True		sub-03	V	s	s	0	sub-03/ses-04/eeg/sub-03_ses-04_task-MotorImageryRest_run-05_eeg.vhdr	f6d4e9980590dd3976b27532ca0a34ad9fa7b14426041833b0c5a08badfa9b46	True	unresolved	unresolved
sub-3	04	05	sub-3/ses-04/run-05/tsv-row-25	25	rest	1	169.972	5.0	42493	43743	sub-3/ses-04/eeg/sub-3_ses-04_task-imagery_run-05_eeg.edf	1250	True		sub-03	V	s	s	0	sub-03/ses-04/eeg/sub-03_ses-04_task-MotorImageryRest_run-05_eeg.vhdr	f6d4e9980590dd3976b27532ca0a34ad9fa7b14426041833b0c5a08badfa9b46	True	unresolved	unresolved
sub-3	04	05	sub-3/ses-04/run-05/tsv-row-26	26	right_hand	2	176.876	5.0	44219	45469	sub-3/ses-04/eeg/sub-3_ses-04_task-imagery_run-05_eeg.edf	1250	True		sub-03	V	s	s	0	sub-03/ses-04/eeg/sub-03_ses-04_task-MotorImageryRest_run-05_eeg.vhdr	f6d4e9980590dd3976b27532ca0a34ad9fa7b14426041833b0c5a08badfa9b46	True	unresolved	unresolved
sub-3	04	05	sub-3/ses-04/run-05/tsv-row-27	27	rest	1	183.764	5.0	45941	47191	sub-3/ses-04/eeg/sub-3_ses-04_task-imagery_run-05_eeg.edf	1250	True		sub-03	V	s	s	0	sub-03/ses-04/eeg/sub-03_ses-04_task-MotorImageryRest_run-05_eeg.vhdr	f6d4e9980590dd3976b27532ca0a34ad9fa7b14426041833b0c5a08badfa9b46	True	unresolved	unresolved
sub-3	04	05	sub-3/ses-04/run-05/tsv-row-28	28	right_hand	2	190.648	5.0	47662	48912	sub-3/ses-04/eeg/sub-3_ses-04_task-imagery_run-05_eeg.edf	1250	True		sub-03	V	s	s	0	sub-03/ses-04/eeg/sub-03_ses-04_task-MotorImageryRest_run-05_eeg.vhdr	f6d4e9980590dd3976b27532ca0a34ad9fa7b14426041833b0c5a08badfa9b46	True	unresolved	unresolved
sub-3	04	05	sub-3/ses-04/run-05/tsv-row-29	29	rest	1	197.536	5.0	49384	50634	sub-3/ses-04/eeg/sub-3_ses-04_task-imagery_run-05_eeg.edf	1250	True		sub-03	V	s	s	0	sub-03/ses-04/eeg/sub-03_ses-04_task-MotorImageryRest_run-05_eeg.vhdr	f6d4e9980590dd3976b27532ca0a34ad9fa7b14426041833b0c5a08badfa9b46	True	unresolved	unresolved
sub-3	04	05	sub-3/ses-04/run-05/tsv-row-30	30	right_hand	2	204.424	5.0	51106	52356	sub-3/ses-04/eeg/sub-3_ses-04_task-imagery_run-05_eeg.edf	1250	True		sub-03	V	s	s	0	sub-03/ses-04/eeg/sub-03_ses-04_task-MotorImageryRest_run-05_eeg.vhdr	f6d4e9980590dd3976b27532ca0a34ad9fa7b14426041833b0c5a08badfa9b46	True	unresolved	unresolved
sub-3	04	05	sub-3/ses-04/run-05/tsv-row-31	31	right_hand	2	211.308	5.0	52827	54077	sub-3/ses-04/eeg/sub-3_ses-04_task-imagery_run-05_eeg.edf	1250	True		sub-03	V	s	s	0	sub-03/ses-04/eeg/sub-03_ses-04_task-MotorImageryRest_run-05_eeg.vhdr	f6d4e9980590dd3976b27532ca0a34ad9fa7b14426041833b0c5a08badfa9b46	True	unresolved	unresolved
sub-3	04	05	sub-3/ses-04/run-05/tsv-row-32	32	rest	1	218.196	5.0	54549	55799	sub-3/ses-04/eeg/sub-3_ses-04_task-imagery_run-05_eeg.edf	1250	True		sub-03	V	s	s	0	sub-03/ses-04/eeg/sub-03_ses-04_task-MotorImageryRest_run-05_eeg.vhdr	f6d4e9980590dd3976b27532ca0a34ad9fa7b14426041833b0c5a08badfa9b46	True	unresolved	unresolved
sub-3	04	06	sub-3/ses-04/run-06/tsv-row-1	1	right_hand	2	5.832	5.0	1458	2708	sub-3/ses-04/eeg/sub-3_ses-04_task-imagery_run-06_eeg.edf	1250	True		sub-03	V	s	s	0	sub-03/ses-04/eeg/sub-03_ses-04_task-MotorImageryRest_run-06_eeg.vhdr	0a33c7627b91109fd8f644b04bc120ec5702273e683351af440abb6d5763d9a4	True	unresolved	unresolved
sub-3	04	06	sub-3/ses-04/run-06/tsv-row-2	2	rest	1	12.724	5.0	3181	4431	sub-3/ses-04/eeg/sub-3_ses-04_task-imagery_run-06_eeg.edf	1250	True		sub-03	V	s	s	0	sub-03/ses-04/eeg/sub-03_ses-04_task-MotorImageryRest_run-06_eeg.vhdr	0a33c7627b91109fd8f644b04bc120ec5702273e683351af440abb6d5763d9a4	True	unresolved	unresolved
sub-3	04	06	sub-3/ses-04/run-06/tsv-row-3	3	right_hand	2	19.628	5.0	4907	6157	sub-3/ses-04/eeg/sub-3_ses-04_task-imagery_run-06_eeg.edf	1250	True		sub-03	V	s	s	0	sub-03/ses-04/eeg/sub-03_ses-04_task-MotorImageryRest_run-06_eeg.vhdr	0a33c7627b91109fd8f644b04bc120ec5702273e683351af440abb6d5763d9a4	True	unresolved	unresolved
sub-3	04	06	sub-3/ses-04/run-06/tsv-row-4	4	rest	1	26.516	5.0	6629	7879	sub-3/ses-04/eeg/sub-3_ses-04_task-imagery_run-06_eeg.edf	1250	True		sub-03	V	s	s	0	sub-03/ses-04/eeg/sub-03_ses-04_task-MotorImageryRest_run-06_eeg.vhdr	0a33c7627b91109fd8f644b04bc120ec5702273e683351af440abb6d5763d9a4	True	unresolved	unresolved
sub-3	04	06	sub-3/ses-04/run-06/tsv-row-5	5	rest	1	33.4	5.0	8350	9600	sub-3/ses-04/eeg/sub-3_ses-04_task-imagery_run-06_eeg.edf	1250	True		sub-03	V	s	s	0	sub-03/ses-04/eeg/sub-03_ses-04_task-MotorImageryRest_run-06_eeg.vhdr	0a33c7627b91109fd8f644b04bc120ec5702273e683351af440abb6d5763d9a4	True	unresolved	unresolved
sub-3	04	06	sub-3/ses-04/run-06/tsv-row-6	6	right_hand	2	40.288	5.0	10072	11322	sub-3/ses-04/eeg/sub-3_ses-04_task-imagery_run-06_eeg.edf	1250	True		sub-03	V	s	s	0	sub-03/ses-04/eeg/sub-03_ses-04_task-MotorImageryRest_run-06_eeg.vhdr	0a33c7627b91109fd8f644b04bc120ec5702273e683351af440abb6d5763d9a4	True	unresolved	unresolved
sub-3	04	06	sub-3/ses-04/run-06/tsv-row-7	7	right_hand	2	47.176	5.0	11794	13044	sub-3/ses-04/eeg/sub-3_ses-04_task-imagery_run-06_eeg.edf	1250	True		sub-03	V	s	s	0	sub-03/ses-04/eeg/sub-03_ses-04_task-MotorImageryRest_run-06_eeg.vhdr	0a33c7627b91109fd8f644b04bc120ec5702273e683351af440abb6d5763d9a4	True	unresolved	unresolved
sub-3	04	06	sub-3/ses-04/run-06/tsv-row-8	8	rest	1	54.064	5.0	13516	14766	sub-3/ses-04/eeg/sub-3_ses-04_task-imagery_run-06_eeg.edf	1250	True		sub-03	V	s	s	0	sub-03/ses-04/eeg/sub-03_ses-04_task-MotorImageryRest_run-06_eeg.vhdr	0a33c7627b91109fd8f644b04bc120ec5702273e683351af440abb6d5763d9a4	True	unresolved	unresolved
sub-3	04	06	sub-3/ses-04/run-06/tsv-row-9	9	right_hand	2	60.948	5.0	15237	16487	sub-3/ses-04/eeg/sub-3_ses-04_task-imagery_run-06_eeg.edf	1250	True		sub-03	V	s	s	0	sub-03/ses-04/eeg/sub-03_ses-04_task-MotorImageryRest_run-06_eeg.vhdr	0a33c7627b91109fd8f644b04bc120ec5702273e683351af440abb6d5763d9a4	True	unresolved	unresolved
sub-3	04	06	sub-3/ses-04/run-06/tsv-row-10	10	rest	1	67.836	5.0	16959	18209	sub-3/ses-04/eeg/sub-3_ses-04_task-imagery_run-06_eeg.edf	1250	True		sub-03	V	s	s	0	sub-03/ses-04/eeg/sub-03_ses-04_task-MotorImageryRest_run-06_eeg.vhdr	0a33c7627b91109fd8f644b04bc120ec5702273e683351af440abb6d5763d9a4	True	unresolved	unresolved
sub-3	04	06	sub-3/ses-04/run-06/tsv-row-11	11	right_hand	2	74.72	5.0	18680	19930	sub-3/ses-04/eeg/sub-3_ses-04_task-imagery_run-06_eeg.edf	1250	True		sub-03	V	s	s	0	sub-03/ses-04/eeg/sub-03_ses-04_task-MotorImageryRest_run-06_eeg.vhdr	0a33c7627b91109fd8f644b04bc120ec5702273e683351af440abb6d5763d9a4	True	unresolved	unresolved
sub-3	04	06	sub-3/ses-04/run-06/tsv-row-12	12	rest	1	81.628	5.0	20407	21657	sub-3/ses-04/eeg/sub-3_ses-04_task-imagery_run-06_eeg.edf	1250	True		sub-03	V	s	s	0	sub-03/ses-04/eeg/sub-03_ses-04_task-MotorImageryRest_run-06_eeg.vhdr	0a33c7627b91109fd8f644b04bc120ec5702273e683351af440abb6d5763d9a4	True	unresolved	unresolved
sub-3	04	06	sub-3/ses-04/run-06/tsv-row-13	13	rest	1	88.512	5.0	22128	23378	sub-3/ses-04/eeg/sub-3_ses-04_task-imagery_run-06_eeg.edf	1250	True		sub-03	V	s	s	0	sub-03/ses-04/eeg/sub-03_ses-04_task-MotorImageryRest_run-06_eeg.vhdr	0a33c7627b91109fd8f644b04bc120ec5702273e683351af440abb6d5763d9a4	True	unresolved	unresolved
sub-3	04	06	sub-3/ses-04/run-06/tsv-row-14	14	right_hand	2	95.38	5.0	23845	25095	sub-3/ses-04/eeg/sub-3_ses-04_task-imagery_run-06_eeg.edf	1250	True		sub-03	V	s	s	0	sub-03/ses-04/eeg/sub-03_ses-04_task-MotorImageryRest_run-06_eeg.vhdr	0a33c7627b91109fd8f644b04bc120ec5702273e683351af440abb6d5763d9a4	True	unresolved	unresolved
sub-3	04	06	sub-3/ses-04/run-06/tsv-row-15	15	right_hand	2	102.284	5.0	25571	26821	sub-3/ses-04/eeg/sub-3_ses-04_task-imagery_run-06_eeg.edf	1250	True		sub-03	V	s	s	0	sub-03/ses-04/eeg/sub-03_ses-04_task-MotorImageryRest_run-06_eeg.vhdr	0a33c7627b91109fd8f644b04bc120ec5702273e683351af440abb6d5763d9a4	True	unresolved	unresolved
sub-3	04	06	sub-3/ses-04/run-06/tsv-row-16	16	rest	1	109.172	5.0	27293	28543	sub-3/ses-04/eeg/sub-3_ses-04_task-imagery_run-06_eeg.edf	1250	True		sub-03	V	s	s	0	sub-03/ses-04/eeg/sub-03_ses-04_task-MotorImageryRest_run-06_eeg.vhdr	0a33c7627b91109fd8f644b04bc120ec5702273e683351af440abb6d5763d9a4	True	unresolved	unresolved
sub-3	04	06	sub-3/ses-04/run-06/tsv-row-17	17	right_hand	2	116.044	5.0	29011	30261	sub-3/ses-04/eeg/sub-3_ses-04_task-imagery_run-06_eeg.edf	1250	True		sub-03	V	s	s	0	sub-03/ses-04/eeg/sub-03_ses-04_task-MotorImageryRest_run-06_eeg.vhdr	0a33c7627b91109fd8f644b04bc120ec5702273e683351af440abb6d5763d9a4	True	unresolved	unresolved
sub-3	04	06	sub-3/ses-04/run-06/tsv-row-18	18	rest	1	122.948	5.0	30737	31987	sub-3/ses-04/eeg/sub-3_ses-04_task-imagery_run-06_eeg.edf	1250	True		sub-03	V	s	s	0	sub-03/ses-04/eeg/sub-03_ses-04_task-MotorImageryRest_run-06_eeg.vhdr	0a33c7627b91109fd8f644b04bc120ec5702273e683351af440abb6d5763d9a4	True	unresolved	unresolved
sub-3	04	06	sub-3/ses-04/run-06/tsv-row-19	19	right_hand	2	129.832	5.0	32458	33708	sub-3/ses-04/eeg/sub-3_ses-04_task-imagery_run-06_eeg.edf	1250	True		sub-03	V	s	s	0	sub-03/ses-04/eeg/sub-03_ses-04_task-MotorImageryRest_run-06_eeg.vhdr	0a33c7627b91109fd8f644b04bc120ec5702273e683351af440abb6d5763d9a4	True	unresolved	unresolved
sub-3	04	06	sub-3/ses-04/run-06/tsv-row-20	20	rest	1	136.72	5.0	34180	35430	sub-3/ses-04/eeg/sub-3_ses-04_task-imagery_run-06_eeg.edf	1250	True		sub-03	V	s	s	0	sub-03/ses-04/eeg/sub-03_ses-04_task-MotorImageryRest_run-06_eeg.vhdr	0a33c7627b91109fd8f644b04bc120ec5702273e683351af440abb6d5763d9a4	True	unresolved	unresolved
sub-3	04	06	sub-3/ses-04/run-06/tsv-row-21	21	right_hand	2	143.608	5.0	35902	37152	sub-3/ses-04/eeg/sub-3_ses-04_task-imagery_run-06_eeg.edf	1250	True		sub-03	V	s	s	0	sub-03/ses-04/eeg/sub-03_ses-04_task-MotorImageryRest_run-06_eeg.vhdr	0a33c7627b91109fd8f644b04bc120ec5702273e683351af440abb6d5763d9a4	True	unresolved	unresolved
sub-3	04	06	sub-3/ses-04/run-06/tsv-row-22	22	rest	1	150.496	5.0	37624	38874	sub-3/ses-04/eeg/sub-3_ses-04_task-imagery_run-06_eeg.edf	1250	True		sub-03	V	s	s	0	sub-03/ses-04/eeg/sub-03_ses-04_task-MotorImageryRest_run-06_eeg.vhdr	0a33c7627b91109fd8f644b04bc120ec5702273e683351af440abb6d5763d9a4	True	unresolved	unresolved
sub-3	04	06	sub-3/ses-04/run-06/tsv-row-23	23	rest	1	157.38	5.0	39345	40595	sub-3/ses-04/eeg/sub-3_ses-04_task-imagery_run-06_eeg.edf	1250	True		sub-03	V	s	s	0	sub-03/ses-04/eeg/sub-03_ses-04_task-MotorImageryRest_run-06_eeg.vhdr	0a33c7627b91109fd8f644b04bc120ec5702273e683351af440abb6d5763d9a4	True	unresolved	unresolved
sub-3	04	06	sub-3/ses-04/run-06/tsv-row-24	24	right_hand	2	164.284	5.0	41071	42321	sub-3/ses-04/eeg/sub-3_ses-04_task-imagery_run-06_eeg.edf	1250	True		sub-03	V	s	s	0	sub-03/ses-04/eeg/sub-03_ses-04_task-MotorImageryRest_run-06_eeg.vhdr	0a33c7627b91109fd8f644b04bc120ec5702273e683351af440abb6d5763d9a4	True	unresolved	unresolved
sub-3	04	06	sub-3/ses-04/run-06/tsv-row-25	25	right_hand	2	171.152	5.0	42788	44038	sub-3/ses-04/eeg/sub-3_ses-04_task-imagery_run-06_eeg.edf	1250	True		sub-03	V	s	s	0	sub-03/ses-04/eeg/sub-03_ses-04_task-MotorImageryRest_run-06_eeg.vhdr	0a33c7627b91109fd8f644b04bc120ec5702273e683351af440abb6d5763d9a4	True	unresolved	unresolved
sub-3	04	06	sub-3/ses-04/run-06/tsv-row-26	26	rest	1	178.04	5.0	44510	45760	sub-3/ses-04/eeg/sub-3_ses-04_task-imagery_run-06_eeg.edf	1250	True		sub-03	V	s	s	0	sub-03/ses-04/eeg/sub-03_ses-04_task-MotorImageryRest_run-06_eeg.vhdr	0a33c7627b91109fd8f644b04bc120ec5702273e683351af440abb6d5763d9a4	True	unresolved	unresolved
sub-3	04	06	sub-3/ses-04/run-06/tsv-row-27	27	rest	1	184.928	5.0	46232	47482	sub-3/ses-04/eeg/sub-3_ses-04_task-imagery_run-06_eeg.edf	1250	True		sub-03	V	s	s	0	sub-03/ses-04/eeg/sub-03_ses-04_task-MotorImageryRest_run-06_eeg.vhdr	0a33c7627b91109fd8f644b04bc120ec5702273e683351af440abb6d5763d9a4	True	unresolved	unresolved
sub-3	04	06	sub-3/ses-04/run-06/tsv-row-28	28	right_hand	2	191.832	5.0	47958	49208	sub-3/ses-04/eeg/sub-3_ses-04_task-imagery_run-06_eeg.edf	1250	True		sub-03	V	s	s	0	sub-03/ses-04/eeg/sub-03_ses-04_task-MotorImageryRest_run-06_eeg.vhdr	0a33c7627b91109fd8f644b04bc120ec5702273e683351af440abb6d5763d9a4	True	unresolved	unresolved
sub-3	04	06	sub-3/ses-04/run-06/tsv-row-29	29	right_hand	2	198.7	5.0	49675	50925	sub-3/ses-04/eeg/sub-3_ses-04_task-imagery_run-06_eeg.edf	1250	True		sub-03	V	s	s	0	sub-03/ses-04/eeg/sub-03_ses-04_task-MotorImageryRest_run-06_eeg.vhdr	0a33c7627b91109fd8f644b04bc120ec5702273e683351af440abb6d5763d9a4	True	unresolved	unresolved
sub-3	04	06	sub-3/ses-04/run-06/tsv-row-30	30	rest	1	205.588	5.0	51397	52647	sub-3/ses-04/eeg/sub-3_ses-04_task-imagery_run-06_eeg.edf	1250	True		sub-03	V	s	s	0	sub-03/ses-04/eeg/sub-03_ses-04_task-MotorImageryRest_run-06_eeg.vhdr	0a33c7627b91109fd8f644b04bc120ec5702273e683351af440abb6d5763d9a4	True	unresolved	unresolved
sub-3	04	06	sub-3/ses-04/run-06/tsv-row-31	31	rest	1	212.492	5.0	53123	54373	sub-3/ses-04/eeg/sub-3_ses-04_task-imagery_run-06_eeg.edf	1250	True		sub-03	V	s	s	0	sub-03/ses-04/eeg/sub-03_ses-04_task-MotorImageryRest_run-06_eeg.vhdr	0a33c7627b91109fd8f644b04bc120ec5702273e683351af440abb6d5763d9a4	True	unresolved	unresolved
sub-3	04	06	sub-3/ses-04/run-06/tsv-row-32	32	right_hand	2	219.376	5.0	54844	56094	sub-3/ses-04/eeg/sub-3_ses-04_task-imagery_run-06_eeg.edf	1250	True		sub-03	V	s	s	0	sub-03/ses-04/eeg/sub-03_ses-04_task-MotorImageryRest_run-06_eeg.vhdr	0a33c7627b91109fd8f644b04bc120ec5702273e683351af440abb6d5763d9a4	True	unresolved	unresolved
