subject	session	run	trial_id	tsv_row	label	stored_event_value	onset_s	duration_s	start_sample	stop_sample_exclusive	source_file	peak_to_peak_max_uv	qc_flag	mu_ROI_V2	beta_ROI_V2
sub-1	01	01	sub-1/ses-01/run-01/tsv-row-1	1	right_hand	2	12.332	5.0	3083	4333	sub-1/ses-01/eeg/sub-1_ses-01_task-imagery_run-01_eeg.edf	711.1696523941771	False	1.945202633549604e-12	1.5230257715631777e-12
sub-1	01	01	sub-1/ses-01/run-01/tsv-row-2	2	rest	1	19.228	5.0	4807	6057	sub-1/ses-01/eeg/sub-1_ses-01_task-imagery_run-01_eeg.edf	1180.98610400708	False	2.7559341117339374e-12	1.9079247181669547e-12
sub-1	01	01	sub-1/ses-01/run-01/tsv-row-3	3	rest	1	26.128	5.0	6532	7782	sub-1/ses-01/eeg/sub-1_ses-01_task-imagery_run-01_eeg.edf	772.6561952574234	False	2.574857820164385e-12	1.6299026922148736e-12
sub-1	01	01	sub-1/ses-01/run-01/tsv-row-4	4	right_hand	2	33.008	5.0	8252	9502	sub-1/ses-01/eeg/sub-1_ses-01_task-imagery_run-01_eeg.edf	1039.1966545609912	False	1.4292576940938916e-12	1.7637294076496781e-12
sub-1	01	01	sub-1/ses-01/run-01/tsv-row-5	5	rest	1	39.88	5.0	9970	11220	sub-1/ses-01/eeg/sub-1_ses-01_task-imagery_run-01_eeg.edf	711.4956051515243	False	3.819426449506167e-12	1.544209358407827e-12
sub-1	01	01	sub-1/ses-01/run-01/tsv-row-6	6	right_hand	2	46.78	5.0	11695	12945	sub-1/ses-01/eeg/sub-1_ses-01_task-imagery_run-01_eeg.edf	727.8821392254403	False	3.695782921197996e-12	1.5319958604072013e-12
sub-1	01	01	sub-1/ses-01/run-01/tsv-row-7	7	right_hand	2	53.668	5.0	13417	14667	sub-1/ses-01/eeg/sub-1_ses-01_task-imagery_run-01_eeg.edf	752.8619732657858	False	3.843091699070984e-12	1.745314016767556e-12
sub-1	01	01	sub-1/ses-01/run-01/tsv-row-8	8	rest	1	60.556	5.0	15139	16389	sub-1/ses-01/eeg/sub-1_ses-01_task-imagery_run-01_eeg.edf	944.3740342417676	False	2.4136425231401067e-12	1.5423518273900716e-12
sub-1	01	01	sub-1/ses-01/run-01/tsv-row-9	9	rest	1	67.452	5.0	16863	18113	sub-1/ses-01/eeg/sub-1_ses-01_task-imagery_run-01_eeg.edf	1746.840090762047	False	2.9698697947175463e-12	1.259210780702122e-12
sub-1	01	01	sub-1/ses-01/run-01/tsv-row-10	10	right_hand	2	74.328	5.0	18582	19832	sub-1/ses-01/eeg/sub-1_ses-01_task-imagery_run-01_eeg.edf	978.3323851435895	False	3.676800714187889e-12	1.1585566593155846e-12
sub-1	01	01	sub-1/ses-01/run-01/tsv-row-11	11	rest	1	81.216	5.0	20304	21554	sub-1/ses-01/eeg/sub-1_ses-01_task-imagery_run-01_eeg.edf	706.5766817224646	False	3.732999333866618e-12	1.3616478395769186e-12
sub-1	01	01	sub-1/ses-01/run-01/tsv-row-12	12	right_hand	2	88.104	5.0	22026	23276	sub-1/ses-01/eeg/sub-1_ses-01_task-imagery_run-01_eeg.edf	886.7396603289894	False	2.8616376659728748e-12	1.7335897687293946e-12
sub-1	01	01	sub-1/ses-01/run-01/tsv-row-13	13	right_hand	2	95.008	5.0	23752	25002	sub-1/ses-01/eeg/sub-1_ses-01_task-imagery_run-01_eeg.edf	821.341684377575	False	3.0871053705302988e-12	1.7310742301247906e-12
sub-1	01	01	sub-1/ses-01/run-01/tsv-row-14	14	rest	1	101.876	5.0	25469	26719	sub-1/ses-01/eeg/sub-1_ses-01_task-imagery_run-01_eeg.edf	1155.6803172093873	False	3.872110218865829e-12	1.4244976762081331e-12
sub-1	01	01	sub-1/ses-01/run-01/tsv-row-15	15	rest	1	108.78	5.0	27195	28445	sub-1/ses-01/eeg/sub-1_ses-01_task-imagery_run-01_eeg.edf	1148.6575168919949	False	3.313129400145409e-12	2.1193355545140215e-12
sub-1	01	01	sub-1/ses-01/run-01/tsv-row-16	16	right_hand	2	115.668	5.0	28917	30167	sub-1/ses-01/eeg/sub-1_ses-01_task-imagery_run-01_eeg.edf	885.2284248176518	False	2.477051141851284e-12	1.5314611322359935e-12
sub-1	01	01	sub-1/ses-01/run-01/tsv-row-17	17	rest	1	122.536	5.0	30634	31884	sub-1/ses-01/eeg/sub-1_ses-01_task-imagery_run-01_eeg.edf	1014.8390939664904	False	3.530762085426813e-12	1.7306429296499525e-12
sub-1	01	01	sub-1/ses-01/run-01/tsv-row-18	18	right_hand	2	129.424	5.0	32356	33606	sub-1/ses-01/eeg/sub-1_ses-01_task-imagery_run-01_eeg.edf	984.762544083987	False	4.367851325083509e-12	1.6962381686892317e-12
sub-1	01	01	sub-1/ses-01/run-01/tsv-row-19	19	right_hand	2	136.328	5.0	34082	35332	sub-1/ses-01/eeg/sub-1_ses-01_task-imagery_run-01_eeg.edf	980.2584696188238	False	1.5318422180364636e-12	1.260480666315609e-12
sub-1	01	01	sub-1/ses-01/run-01/tsv-row-20	20	rest	1	143.22	5.0	35805	37055	sub-1/ses-01/eeg/sub-1_ses-01_task-imagery_run-01_eeg.edf	926.1206798303169	False	4.147755732751574e-12	1.6455060567581256e-12
sub-1	01	01	sub-1/ses-01/run-01/tsv-row-21	21	rest	1	150.084	5.0	37521	38771	sub-1/ses-01/eeg/sub-1_ses-01_task-imagery_run-01_eeg.edf	1019.7580173955503	False	4.474458233354049e-12	1.6999084954137802e-12
sub-1	01	01	sub-1/ses-01/run-01/tsv-row-22	22	right_hand	2	156.988	5.0	39247	40497	sub-1/ses-01/eeg/sub-1_ses-01_task-imagery_run-01_eeg.edf	772.6265631885739	False	3.226472315820286e-12	1.829459230745481e-12
sub-1	01	01	sub-1/ses-01/run-01/tsv-row-23	23	rest	1	163.88	5.0	40970	42220	sub-1/ses-01/eeg/sub-1_ses-01_task-imagery_run-01_eeg.edf	1236.7536575823235	False	4.488575287788197e-12	1.922149592739691e-12
sub-1	01	01	sub-1/ses-01/run-01/tsv-row-24	24	right_hand	2	170.76	5.0	42690	43940	sub-1/ses-01/eeg/sub-1_ses-01_task-imagery_run-01_eeg.edf	1011.4017739799186	False	2.8755158705351786e-12	1.7416613721635426e-12
sub-1	01	01	sub-1/ses-01/run-01/tsv-row-25	25	right_hand	2	177.648	5.0	44412	45662	sub-1/ses-01/eeg/sub-1_ses-01_task-imagery_run-01_eeg.edf	1003.9937567674793	False	3.2973245761815085e-12	1.6523126740885182e-12
sub-1	01	01	sub-1/ses-01/run-01/tsv-row-26	26	rest	1	184.536	5.0	46134	47384	sub-1/ses-01/eeg/sub-1_ses-01_task-imagery_run-01_eeg.edf	1222.1450476393934	False	2.3783551097484705e-12	1.6951113107983043e-12
sub-1	01	01	sub-1/ses-01/run-01/tsv-row-27	27	right_hand	2	191.42	5.0	47855	49105	sub-1/ses-01/eeg/sub-1_ses-01_task-imagery_run-01_eeg.edf	1277.142167424543	False	5.8556865159151885e-12	1.5747280724282745e-12
sub-1	01	01	sub-1/ses-01/run-01/tsv-row-28	28	rest	1	198.332	5.0	49583	50833	sub-1/ses-01/eeg/sub-1_ses-01_task-imagery_run-01_eeg.edf	1038.1595321512496	False	3.479432826781662e-12	2.1000170958103747e-12
sub-1	01	01	sub-1/ses-01/run-01/tsv-row-29	29	rest	1	205.212	5.0	51303	52553	sub-1/ses-01/eeg/sub-1_ses-01_task-imagery_run-01_eeg.edf	1167.5035126804405	False	2.7625723306016454e-12	2.0459316198482393e-12
sub-1	01	01	sub-1/ses-01/run-01/tsv-row-30	30	right_hand	2	212.08	5.0	53020	54270	sub-1/ses-01/eeg/sub-1_ses-01_task-imagery_run-01_eeg.edf	624.7032754905849	False	2.7887731790734035e-12	1.4866107989113452e-12
sub-1	01	02	sub-1/ses-01/run-02/tsv-row-1	1	right_hand	2	8.02	5.0	2005	3255	sub-1/ses-01/eeg/sub-1_ses-01_task-imagery_run-02_eeg.edf	893.261677617725	False	1.4370965712511402e-12	1.6691126604575986e-12
sub-1	01	02	sub-1/ses-01/run-02/tsv-row-2	2	rest	1	14.908	5.0	3727	4977	sub-1/ses-01/eeg/sub-1_ses-01_task-imagery_run-02_eeg.edf	936.5629568163089	False	2.8107294575895087e-12	1.5500269977948575e-12
sub-1	01	02	sub-1/ses-01/run-02/tsv-row-3	3	rest	1	21.812	5.0	5453	6703	sub-1/ses-01/eeg/sub-1_ses-01_task-imagery_run-02_eeg.edf	695.5104517349771	False	2.585892133202109e-12	2.0554897468576386e-12
sub-1	01	02	sub-1/ses-01/run-02/tsv-row-4	4	right_hand	2	28.68	5.0	7170	8420	sub-1/ses-01/eeg/sub-1_ses-01_task-imagery_run-02_eeg.edf	866.92224549089	False	3.063185131464149e-12	1.7007903981107995e-12
sub-1	01	02	sub-1/ses-01/run-02/tsv-row-5	5	rest	1	35.568	5.0	8892	10142	sub-1/ses-01/eeg/sub-1_ses-01_task-imagery_run-02_eeg.edf	1290.0717607654042	False	4.205161150685061e-12	2.299879576283126e-12
sub-1	01	02	sub-1/ses-01/run-02/tsv-row-6	6	right_hand	2	42.472	5.0	10618	11868	sub-1/ses-01/eeg/sub-1_ses-01_task-imagery_run-02_eeg.edf	1014.8713961607714	False	2.325117212177022e-12	1.6243606946600604e-12
sub-1	01	02	sub-1/ses-01/run-02/tsv-row-7	7	right_hand	2	49.356	5.0	12339	13589	sub-1/ses-01/eeg/sub-1_ses-01_task-imagery_run-02_eeg.edf	1147.5025792107913	False	2.522747959176114e-12	1.736078243960018e-12
sub-1	01	02	sub-1/ses-01/run-02/tsv-row-8	8	rest	1	56.228	5.0	14057	15307	sub-1/ses-01/eeg/sub-1_ses-01_task-imagery_run-02_eeg.edf	1078.6838076113158	False	2.251744102319042e-12	1.6827970988413817e-12
sub-1	01	02	sub-1/ses-01/run-02/tsv-row-9	9	rest	1	63.132	5.0	15783	17033	sub-1/ses-01/eeg/sub-1_ses-01_task-imagery_run-02_eeg.edf	1087.2394529404582	False	3.787078829001005e-12	1.966917421609283e-12
sub-1	01	02	sub-1/ses-01/run-02/tsv-row-10	10	right_hand	2	70.02	5.0	17505	18755	sub-1/ses-01/eeg/sub-1_ses-01_task-imagery_run-02_eeg.edf	843.9079331644641	False	2.1522736078856603e-12	1.4478275506107217e-12
sub-1	01	02	sub-1/ses-01/run-02/tsv-row-11	11	right_hand	2	76.904	5.0	19226	20476	sub-1/ses-01/eeg/sub-1_ses-01_task-imagery_run-02_eeg.edf	2161.0289830927454	False	2.86577670396059e-12	1.498899612179848e-12
sub-1	01	02	sub-1/ses-01/run-02/tsv-row-12	12	rest	1	83.792	5.0	20948	22198	sub-1/ses-01/eeg/sub-1_ses-01_task-imagery_run-02_eeg.edf	1972.6553422650832	False	3.966954356871832e-12	1.9360005657860785e-12
sub-1	01	02	sub-1/ses-01/run-02/tsv-row-13	13	right_hand	2	90.68	5.0	22670	23920	sub-1/ses-01/eeg/sub-1_ses-01_task-imagery_run-02_eeg.edf	862.2521334116641	False	2.7874484978251173e-12	1.4387434210622238e-12
sub-1	01	02	sub-1/ses-01/run-02/tsv-row-14	14	rest	1	97.576	5.0	24394	25644	sub-1/ses-01/eeg/sub-1_ses-01_task-imagery_run-02_eeg.edf	1030.0772810907313	False	2.963915380710796e-12	1.750151216005278e-12
sub-1	01	02	sub-1/ses-01/run-02/tsv-row-15	15	rest	1	104.476	5.0	26119	27369	sub-1/ses-01/eeg/sub-1_ses-01_task-imagery_run-02_eeg.edf	1375.8897403332621	False	3.1657519117170948e-12	1.8952554581785645e-12
sub-1	01	02	sub-1/ses-01/run-02/tsv-row-16	16	right_hand	2	111.34	5.0	27835	29085	sub-1/ses-01/eeg/sub-1_ses-01_task-imagery_run-02_eeg.edf	864.6805916928615	False	2.942224002542452e-12	1.73376012797077e-12
sub-1	01	02	sub-1/ses-01/run-02/tsv-row-17	17	rest	1	118.236	5.0	29559	30809	sub-1/ses-01/eeg/sub-1_ses-01_task-imagery_run-02_eeg.edf	1002.3928566850792	False	2.5059984907883018e-12	1.37562150303903e-12
sub-1	01	02	sub-1/ses-01/run-02/tsv-row-18	18	right_hand	2	125.128	5.0	31282	32532	sub-1/ses-01/eeg/sub-1_ses-01_task-imagery_run-02_eeg.edf	1017.8602678914762	False	2.40943915917098e-12	1.544040846456873e-12
sub-1	01	02	sub-1/ses-01/run-02/tsv-row-19	19	right_hand	2	132.016	5.0	33004	34254	sub-1/ses-01/eeg/sub-1_ses-01_task-imagery_run-02_eeg.edf	1436.2649492934963	False	2.686829719381959e-12	1.8475885970806936e-12
sub-1	01	02	sub-1/ses-01/run-02/tsv-row-20	20	rest	1	138.904	5.0	34726	35976	sub-1/ses-01/eeg/sub-1_ses-01_task-imagery_run-02_eeg.edf	1021.1106658986173	False	6.876731413742637e-12	1.751316522721347e-12
sub-1	01	02	sub-1/ses-01/run-02/tsv-row-21	21	rest	1	145.8	5.0	36450	37700	sub-1/ses-01/eeg/sub-1_ses-01_task-imagery_run-02_eeg.edf	913.9969752494886	False	2.4855469355800143e-12	2.028537563624078e-12
sub-1	01	02	sub-1/ses-01/run-02/tsv-row-22	22	right_hand	2	152.676	5.0	38169	39419	sub-1/ses-01/eeg/sub-1_ses-01_task-imagery_run-02_eeg.edf	964.5836292916653	False	3.4537590304264057e-12	1.4838553293506417e-12
sub-1	01	02	sub-1/ses-01/run-02/tsv-row-23	23	right_hand	2	159.564	5.0	39891	41141	sub-1/ses-01/eeg/sub-1_ses-01_task-imagery_run-02_eeg.edf	888.367400158696	False	3.0379938551516823e-12	1.5913826439527755e-12
sub-1	01	02	sub-1/ses-01/run-02/tsv-row-24	24	rest	1	166.444	5.0	41611	42861	sub-1/ses-01/eeg/sub-1_ses-01_task-imagery_run-02_eeg.edf	925.3546878261665	False	3.162996983842378e-12	1.7062693711237157e-12
sub-1	01	02	sub-1/ses-01/run-02/tsv-row-25	25	rest	1	173.344	5.0	43336	44586	sub-1/ses-01/eeg/sub-1_ses-01_task-imagery_run-02_eeg.edf	1306.846803353984	False	6.087196145822356e-12	2.0306782905626926e-12
sub-1	01	02	sub-1/ses-01/run-02/tsv-row-26	26	right_hand	2	180.224	5.0	45056	46306	sub-1/ses-01/eeg/sub-1_ses-01_task-imagery_run-02_eeg.edf	1798.2920376750997	False	3.4592132339415857e-12	1.864592368681207e-12
sub-1	01	02	sub-1/ses-01/run-02/tsv-row-27	27	right_hand	2	187.128	5.0	46782	48032	sub-1/ses-01/eeg/sub-1_ses-01_task-imagery_run-02_eeg.edf	1311.330110950041	False	2.711010277317385e-12	1.4457484689453654e-12
sub-1	01	02	sub-1/ses-01/run-02/tsv-row-28	28	rest	1	194.004	5.0	48501	49751	sub-1/ses-01/eeg/sub-1_ses-01_task-imagery_run-02_eeg.edf	1803.5972849971001	False	3.194469998987799e-12	1.4545082140297976e-12
sub-1	01	02	sub-1/ses-01/run-02/tsv-row-29	29	right_hand	2	200.884	5.0	50221	51471	sub-1/ses-01/eeg/sub-1_ses-01_task-imagery_run-02_eeg.edf	1024.9588382518996	False	1.8996560641096722e-12	1.454015385877443e-12
sub-1	01	02	sub-1/ses-01/run-02/tsv-row-30	30	rest	1	207.772	5.0	51943	53193	sub-1/ses-01/eeg/sub-1_ses-01_task-imagery_run-02_eeg.edf	750.0573608203374	False	3.123365741664157e-12	1.906063485941216e-12
sub-1	01	03	sub-1/ses-01/run-03/tsv-row-1	1	rest	1	9.488	5.0	2372	3622	sub-1/ses-01/eeg/sub-1_ses-01_task-imagery_run-03_eeg.edf	773.2974622943816	False	1.214261531298453e-12	1.1429919980351531e-12
sub-1	01	03	sub-1/ses-01/run-03/tsv-row-2	2	right_hand	2	16.376	5.0	4094	5344	sub-1/ses-01/eeg/sub-1_ses-01_task-imagery_run-03_eeg.edf	810.0880955992309	False	2.177583235716531e-12	1.5234365584042873e-12
sub-1	01	03	sub-1/ses-01/run-03/tsv-row-3	3	rest	1	23.252	5.0	5813	7063	sub-1/ses-01/eeg/sub-1_ses-01_task-imagery_run-03_eeg.edf	1540.4466246833706	False	2.328654039268122e-12	2.3769871630206407e-12
sub-1	01	03	sub-1/ses-01/run-03/tsv-row-4	4	right_hand	2	30.148	5.0	7537	8787	sub-1/ses-01/eeg/sub-1_ses-01_task-imagery_run-03_eeg.edf	1078.431636631367	False	1.8385778292989117e-12	1.60812401872685e-12
sub-1	01	03	sub-1/ses-01/run-03/tsv-row-5	5	rest	1	37.036	5.0	9259	10509	sub-1/ses-01/eeg/sub-1_ses-01_task-imagery_run-03_eeg.edf	1051.061785439619	False	2.5218139186723757e-12	1.7282979226587505e-12
sub-1	01	03	sub-1/ses-01/run-03/tsv-row-6	6	right_hand	2	43.92	5.0	10980	12230	sub-1/ses-01/eeg/sub-1_ses-01_task-imagery_run-03_eeg.edf	1080.1174607989747	False	2.4001310073323846e-12	1.633235887518754e-12
sub-1	01	03	sub-1/ses-01/run-03/tsv-row-7	7	rest	1	50.816	5.0	12704	13954	sub-1/ses-01/eeg/sub-1_ses-01_task-imagery_run-03_eeg.edf	1421.2489394207587	False	3.267009977563373e-12	2.0214431420060867e-12
sub-1	01	03	sub-1/ses-01/run-03/tsv-row-8	8	right_hand	2	57.696	5.0	14424	15674	sub-1/ses-01/eeg/sub-1_ses-01_task-imagery_run-03_eeg.edf	1110.759794198431	False	1.913537882865676e-12	1.7302252070896158e-12
sub-1	01	03	sub-1/ses-01/run-03/tsv-row-9	9	rest	1	64.588	5.0	16147	17397	sub-1/ses-01/eeg/sub-1_ses-01_task-imagery_run-03_eeg.edf	1323.3719715720085	False	5.208493186813116e-12	1.6787875134976173e-12
sub-1	01	03	sub-1/ses-01/run-03/tsv-row-10	10	right_hand	2	71.484	5.0	17871	19121	sub-1/ses-01/eeg/sub-1_ses-01_task-imagery_run-03_eeg.edf	1440.3880020294812	False	2.1209430341045025e-12	1.5815944442480456e-12
sub-1	01	03	sub-1/ses-01/run-03/tsv-row-11	11	right_hand	2	78.372	5.0	19593	20843	sub-1/ses-01/eeg/sub-1_ses-01_task-imagery_run-03_eeg.edf	1124.3455536667989	False	1.6006840272127906e-12	1.654658132473402e-12
sub-1	01	03	sub-1/ses-01/run-03/tsv-row-12	12	rest	1	85.244	5.0	21311	22561	sub-1/ses-01/eeg/sub-1_ses-01_task-imagery_run-03_eeg.edf	2003.8499385204625	False	2.8109647254113946e-12	1.5034820551172726e-12
sub-1	01	03	sub-1/ses-01/run-03/tsv-row-13	13	rest	1	92.156	5.0	23039	24289	sub-1/ses-01/eeg/sub-1_ses-01_task-imagery_run-03_eeg.edf	3679.658327249978	False	7.050090013218033e-12	1.833043079306242e-12
sub-1	01	03	sub-1/ses-01/run-03/tsv-row-14	14	right_hand	2	99.032	5.0	24758	26008	sub-1/ses-01/eeg/sub-1_ses-01_task-imagery_run-03_eeg.edf	1059.68923853267	False	3.761427000883221e-12	1.3885580475887168e-12
sub-1	01	03	sub-1/ses-01/run-03/tsv-row-15	15	rest	1	105.904	5.0	26476	27726	sub-1/ses-01/eeg/sub-1_ses-01_task-imagery_run-03_eeg.edf	1355.9976275215918	False	2.878200998428948e-12	1.5370936596291913e-12
sub-1	01	03	sub-1/ses-01/run-03/tsv-row-16	16	right_hand	2	112.808	5.0	28202	29452	sub-1/ses-01/eeg/sub-1_ses-01_task-imagery_run-03_eeg.edf	4600.118322763757	False	2.9451690344637543e-12	1.4100419885890966e-12
sub-1	01	03	sub-1/ses-01/run-03/tsv-row-17	17	rest	1	119.7	5.0	29925	31175	sub-1/ses-01/eeg/sub-1_ses-01_task-imagery_run-03_eeg.edf	1137.9313131351664	False	3.827134553461992e-12	1.90988659346112e-12
sub-1	01	03	sub-1/ses-01/run-03/tsv-row-18	18	right_hand	2	126.58	5.0	31645	32895	sub-1/ses-01/eeg/sub-1_ses-01_task-imagery_run-03_eeg.edf	1428.6863989837336	False	2.9082678966741843e-12	2.118500228347645e-12
sub-1	01	03	sub-1/ses-01/run-03/tsv-row-19	19	right_hand	2	133.468	5.0	33367	34617	sub-1/ses-01/eeg/sub-1_ses-01_task-imagery_run-03_eeg.edf	1493.6402125003815	False	2.555227844891699e-12	1.7917160998853415e-12
sub-1	01	03	sub-1/ses-01/run-03/tsv-row-20	20	rest	1	140.36	5.0	35090	36340	sub-1/ses-01/eeg/sub-1_ses-01_task-imagery_run-03_eeg.edf	1440.8838326670127	False	3.441436114898865e-12	1.7968878309484668e-12
sub-1	01	03	sub-1/ses-01/run-03/tsv-row-21	21	rest	1	147.24	5.0	36810	38060	sub-1/ses-01/eeg/sub-1_ses-01_task-imagery_run-03_eeg.edf	2053.0363377636036	False	4.920577602800153e-12	2.435186245906794e-12
sub-1	01	03	sub-1/ses-01/run-03/tsv-row-22	22	right_hand	2	154.128	5.0	38532	39782	sub-1/ses-01/eeg/sub-1_ses-01_task-imagery_run-03_eeg.edf	931.9632663045137	False	2.4918942369171323e-12	1.5150736819154937e-12
sub-1	01	03	sub-1/ses-01/run-03/tsv-row-23	23	right_hand	2	161.032	5.0	40258	41508	sub-1/ses-01/eeg/sub-1_ses-01_task-imagery_run-03_eeg.edf	1115.9164328287604	False	2.1375106777333604e-12	1.8892981737328883e-12
sub-1	01	03	sub-1/ses-01/run-03/tsv-row-24	24	rest	1	167.9	5.0	41975	43225	sub-1/ses-01/eeg/sub-1_ses-01_task-imagery_run-03_eeg.edf	2512.7705048829616	False	3.0137965808986322e-12	1.8826709993994982e-12
sub-1	01	03	sub-1/ses-01/run-03/tsv-row-25	25	right_hand	2	174.788	5.0	43697	44947	sub-1/ses-01/eeg/sub-1_ses-01_task-imagery_run-03_eeg.edf	1453.1804324777977	False	3.874865072739523e-12	1.7016957691537157e-12
sub-1	01	03	sub-1/ses-01/run-03/tsv-row-26	26	rest	1	181.692	5.0	45423	46673	sub-1/ses-01/eeg/sub-1_ses-01_task-imagery_run-03_eeg.edf	1429.2813957487715	False	2.3372117794090945e-12	1.5562768994232652e-12
sub-1	01	03	sub-1/ses-01/run-03/tsv-row-27	27	right_hand	2	188.56	5.0	47140	48390	sub-1/ses-01/eeg/sub-1_ses-01_task-imagery_run-03_eeg.edf	1399.7298897518842	False	3.0783094457160673e-12	1.6655916801409725e-12
sub-1	01	03	sub-1/ses-01/run-03/tsv-row-28	28	rest	1	195.448	5.0	48862	50112	sub-1/ses-01/eeg/sub-1_ses-01_task-imagery_run-03_eeg.edf	1457.6429082155828	False	1.7538663062126149e-12	1.6536730146333813e-12
sub-1	01	03	sub-1/ses-01/run-03/tsv-row-29	29	rest	1	202.352	5.0	50588	51838	sub-1/ses-01/eeg/sub-1_ses-01_task-imagery_run-03_eeg.edf	3759.189561510056	False	5.365678683716844e-12	2.2308023806838527e-12
sub-1	01	03	sub-1/ses-01/run-03/tsv-row-30	30	right_hand	2	209.24	5.0	52310	53560	sub-1/ses-01/eeg/sub-1_ses-01_task-imagery_run-03_eeg.edf	1241.857414761803	False	2.184379498914511e-12	1.7144576587029789e-12
sub-1	01	04	sub-1/ses-01/run-04/tsv-row-1	1	right_hand	2	7.316	5.0	1829	3079	sub-1/ses-01/eeg/sub-1_ses-01_task-imagery_run-04_eeg.edf	869.3611970885343	False	2.063956657825499e-12	1.3876705260194595e-12
sub-1	01	04	sub-1/ses-01/run-04/tsv-row-2	2	rest	1	14.248	5.0	3562	4812	sub-1/ses-01/eeg/sub-1_ses-01_task-imagery_run-04_eeg.edf	815.552434766686	False	2.4810590195733827e-12	1.7711168162121412e-12
sub-1	01	04	sub-1/ses-01/run-04/tsv-row-3	3	right_hand	2	21.108	5.0	5277	6527	sub-1/ses-01/eeg/sub-1_ses-01_task-imagery_run-04_eeg.edf	1029.0747383037813	False	1.9321492777328573e-12	1.98987779673547e-12
sub-1	01	04	sub-1/ses-01/run-04/tsv-row-4	4	rest	1	28.024	5.0	7006	8256	sub-1/ses-01/eeg/sub-1_ses-01_task-imagery_run-04_eeg.edf	1076.6034328745384	False	1.9894161768974898e-12	1.6376475047240664e-12
sub-1	01	04	sub-1/ses-01/run-04/tsv-row-5	5	rest	1	34.924	5.0	8731	9981	sub-1/ses-01/eeg/sub-1_ses-01_task-imagery_run-04_eeg.edf	1653.9414795373395	False	3.268623765854669e-12	2.0995602916300948e-12
sub-1	01	04	sub-1/ses-01/run-04/tsv-row-6	6	right_hand	2	41.768	5.0	10442	11692	sub-1/ses-01/eeg/sub-1_ses-01_task-imagery_run-04_eeg.edf	1232.820118182928	False	2.2267891690520245e-12	1.656809152320729e-12
sub-1	01	04	sub-1/ses-01/run-04/tsv-row-7	7	rest	1	48.684	5.0	12171	13421	sub-1/ses-01/eeg/sub-1_ses-01_task-imagery_run-04_eeg.edf	1185.7909744560075	False	2.2017224085637393e-12	1.8763712353618943e-12
sub-1	01	04	sub-1/ses-01/run-04/tsv-row-8	8	right_hand	2	55.56	5.0	13890	15140	sub-1/ses-01/eeg/sub-1_ses-01_task-imagery_run-04_eeg.edf	802.635477233192	False	2.1563629923096853e-12	1.4853691214941859e-12
sub-1	01	04	sub-1/ses-01/run-04/tsv-row-9	9	right_hand	2	62.744	5.0	15686	16936	sub-1/ses-01/eeg/sub-1_ses-01_task-imagery_run-04_eeg.edf	1237.101982558672	False	2.9537456484786924e-12	1.7771265904665193e-12
sub-1	01	04	sub-1/ses-01/run-04/tsv-row-10	10	rest	1	69.668	5.0	17417	18667	sub-1/ses-01/eeg/sub-1_ses-01_task-imagery_run-04_eeg.edf	1486.449218039491	False	3.455565948485243e-12	1.712024328289033e-12
sub-1	01	04	sub-1/ses-01/run-04/tsv-row-11	11	right_hand	2	76.52	5.0	19130	20380	sub-1/ses-01/eeg/sub-1_ses-01_task-imagery_run-04_eeg.edf	2728.261251411481	False	2.3425736993285473e-12	1.944393137612283e-12
sub-1	01	04	sub-1/ses-01/run-04/tsv-row-12	12	rest	1	83.432	5.0	20858	22108	sub-1/ses-01/eeg/sub-1_ses-01_task-imagery_run-04_eeg.edf	1661.0065557573166	False	3.461742422857511e-12	1.9848744191683374e-12
sub-1	01	04	sub-1/ses-01/run-04/tsv-row-13	13	right_hand	2	90.292	5.0	22573	23823	sub-1/ses-01/eeg/sub-1_ses-01_task-imagery_run-04_eeg.edf	733.6974607837154	False	2.730460256956535e-12	1.2999815709504878e-12
sub-1	01	04	sub-1/ses-01/run-04/tsv-row-14	14	rest	1	97.22	5.0	24305	25555	sub-1/ses-01/eeg/sub-1_ses-01_task-imagery_run-04_eeg.edf	1611.2655645924253	False	3.1339376913600288e-12	1.5655031589347237e-12
sub-1	01	04	sub-1/ses-01/run-04/tsv-row-15	15	right_hand	2	104.08	5.0	26020	27270	sub-1/ses-01/eeg/sub-1_ses-01_task-imagery_run-04_eeg.edf	1107.2901275673698	False	1.8458773175527208e-12	1.7101790470736116e-12
sub-1	01	04	sub-1/ses-01/run-04/tsv-row-16	16	rest	1	110.988	5.0	27747	28997	sub-1/ses-01/eeg/sub-1_ses-01_task-imagery_run-04_eeg.edf	1118.1375173192541	False	5.843780541787811e-12	1.9572896789012833e-12
sub-1	01	04	sub-1/ses-01/run-04/tsv-row-17	17	rest	1	117.892	5.0	29473	30723	sub-1/ses-01/eeg/sub-1_ses-01_task-imagery_run-04_eeg.edf	954.6416625720999	False	2.3367593973938357e-12	2.235615877135477e-12
sub-1	01	04	sub-1/ses-01/run-04/tsv-row-18	18	right_hand	2	124.744	5.0	31186	32436	sub-1/ses-01/eeg/sub-1_ses-01_task-imagery_run-04_eeg.edf	1051.5545262764367	False	2.002664018926762e-12	1.4289088734149745e-12
sub-1	01	04	sub-1/ses-01/run-04/tsv-row-19	19	right_hand	2	131.632	5.0	32908	34158	sub-1/ses-01/eeg/sub-1_ses-01_task-imagery_run-04_eeg.edf	1251.446228217414	False	2.43211426628287e-12	1.7319720105302133e-12
sub-1	01	04	sub-1/ses-01/run-04/tsv-row-20	20	rest	1	138.528	5.0	34632	35882	sub-1/ses-01/eeg/sub-1_ses-01_task-imagery_run-04_eeg.edf	2917.733750038148	False	3.792535330919991e-12	2.6215856899966676e-12
sub-1	01	04	sub-1/ses-01/run-04/tsv-row-21	21	rest	1	145.44	5.0	36360	37610	sub-1/ses-01/eeg/sub-1_ses-01_task-imagery_run-04_eeg.edf	1768.552715994751	False	2.5158660392284003e-12	1.5364091462563922e-12
sub-1	01	04	sub-1/ses-01/run-04/tsv-row-22	22	right_hand	2	152.292	5.0	38073	39323	sub-1/ses-01/eeg/sub-1_ses-01_task-imagery_run-04_eeg.edf	922.8131373790704	False	1.625859901487286e-12	1.4179017152649635e-12
sub-1	01	04	sub-1/ses-01/run-04/tsv-row-23	23	right_hand	2	159.18	5.0	39795	41045	sub-1/ses-01/eeg/sub-1_ses-01_task-imagery_run-04_eeg.edf	1196.5669998016297	False	2.2088010540808958e-12	1.7364629807873334e-12
sub-1	01	04	sub-1/ses-01/run-04/tsv-row-24	24	rest	1	166.104	5.0	41526	42776	sub-1/ses-01/eeg/sub-1_ses-01_task-imagery_run-04_eeg.edf	3576.64131305887	False	2.4688076252743712e-12	1.9771950846401915e-12
sub-1	01	04	sub-1/ses-01/run-04/tsv-row-25	25	right_hand	2	172.948	5.0	43237	44487	sub-1/ses-01/eeg/sub-1_ses-01_task-imagery_run-04_eeg.edf	1547.9653362376785	False	2.961261720117233e-12	1.8833542649314805e-12
sub-1	01	04	sub-1/ses-01/run-04/tsv-row-26	26	rest	1	179.868	5.0	44967	46217	sub-1/ses-01/eeg/sub-1_ses-01_task-imagery_run-04_eeg.edf	3793.3036504715114	False	2.8092173776505885e-12	1.806357586663916e-12
sub-1	01	04	sub-1/ses-01/run-04/tsv-row-27	27	rest	1	186.764	5.0	46691	47941	sub-1/ses-01/eeg/sub-1_ses-01_task-imagery_run-04_eeg.edf	1167.236228827784	False	5.077586458362908e-12	1.8092333210409424e-12
sub-1	01	04	sub-1/ses-01/run-04/tsv-row-28	28	right_hand	2	193.612	5.0	48403	49653	sub-1/ses-01/eeg/sub-1_ses-01_task-imagery_run-04_eeg.edf	1155.3897373882262	False	2.620600178374103e-12	1.633655687764126e-12
sub-1	01	04	sub-1/ses-01/run-04/tsv-row-29	29	rest	1	200.528	5.0	50132	51382	sub-1/ses-01/eeg/sub-1_ses-01_task-imagery_run-04_eeg.edf	1023.9365010528886	False	2.9881047803534593e-12	1.6725496734046515e-12
sub-1	01	04	sub-1/ses-01/run-04/tsv-row-30	30	right_hand	2	207.388	5.0	51847	53097	sub-1/ses-01/eeg/sub-1_ses-01_task-imagery_run-04_eeg.edf	776.3020113223671	False	3.623710056654911e-12	1.465611388309101e-12
sub-1	01	05	sub-1/ses-01/run-05/tsv-row-1	1	rest	1	11.2	5.0	2800	4050	sub-1/ses-01/eeg/sub-1_ses-01_task-imagery_run-05_eeg.edf	884.5556272774437	False	1.4723498267097502e-12	1.9837312195006856e-12
sub-1	01	05	sub-1/ses-01/run-05/tsv-row-2	2	right_hand	2	18.068	5.0	4517	5767	sub-1/ses-01/eeg/sub-1_ses-01_task-imagery_run-05_eeg.edf	801.2417226630452	False	2.070659699981317e-12	1.464117350158251e-12
sub-1	01	05	sub-1/ses-01/run-05/tsv-row-3	3	rest	1	24.964	5.0	6241	7491	sub-1/ses-01/eeg/sub-1_ses-01_task-imagery_run-05_eeg.edf	1018.439749549852	False	1.491121466004253e-12	1.750232961762798e-12
sub-1	01	05	sub-1/ses-01/run-05/tsv-row-4	4	right_hand	2	31.86	5.0	7965	9215	sub-1/ses-01/eeg/sub-1_ses-01_task-imagery_run-05_eeg.edf	744.2708812219612	False	2.0375497693065896e-12	1.291920020178207e-12
sub-1	01	05	sub-1/ses-01/run-05/tsv-row-5	5	rest	1	38.748	5.0	9687	10937	sub-1/ses-01/eeg/sub-1_ses-01_task-imagery_run-05_eeg.edf	831.3934214758751	False	2.254252239065858e-12	1.4340494042122046e-12
sub-1	01	05	sub-1/ses-01/run-05/tsv-row-6	6	right_hand	2	45.616	5.0	11404	12654	sub-1/ses-01/eeg/sub-1_ses-01_task-imagery_run-05_eeg.edf	609.540395474105	False	1.5344253914167546e-12	1.3256676230865158e-12
sub-1	01	05	sub-1/ses-01/run-05/tsv-row-7	7	rest	1	52.52	5.0	13130	14380	sub-1/ses-01/eeg/sub-1_ses-01_task-imagery_run-05_eeg.edf	643.2362413403729	False	2.2067453990614956e-12	2.10711870085055e-12
sub-1	01	05	sub-1/ses-01/run-05/tsv-row-8	8	right_hand	2	59.408	5.0	14852	16102	sub-1/ses-01/eeg/sub-1_ses-01_task-imagery_run-05_eeg.edf	654.1860688039797	False	1.5135016664269064e-12	1.3756631951605546e-12
sub-1	01	05	sub-1/ses-01/run-05/tsv-row-9	9	right_hand	2	66.296	5.0	16574	17824	sub-1/ses-01/eeg/sub-1_ses-01_task-imagery_run-05_eeg.edf	750.9359935911131	False	2.8336596396420877e-12	1.5334822616340327e-12
sub-1	01	05	sub-1/ses-01/run-05/tsv-row-10	10	rest	1	73.18	5.0	18295	19545	sub-1/ses-01/eeg/sub-1_ses-01_task-imagery_run-05_eeg.edf	863.3436426740319	False	1.6769366487982752e-12	1.5222545238881451e-12
sub-1	01	05	sub-1/ses-01/run-05/tsv-row-11	11	rest	1	80.068	5.0	20017	21267	sub-1/ses-01/eeg/sub-1_ses-01_task-imagery_run-05_eeg.edf	814.254561098056	False	2.973023619733623e-12	1.9692851509932214e-12
sub-1	01	05	sub-1/ses-01/run-05/tsv-row-12	12	right_hand	2	86.956	5.0	21739	22989	sub-1/ses-01/eeg/sub-1_ses-01_task-imagery_run-05_eeg.edf	781.5108741416669	False	2.8365408020040466e-12	1.569444039502426e-12
sub-1	01	05	sub-1/ses-01/run-05/tsv-row-13	13	rest	1	93.868	5.0	23467	24717	sub-1/ses-01/eeg/sub-1_ses-01_task-imagery_run-05_eeg.edf	1376.3457042298655	False	5.4543845005460586e-12	1.956203815382087e-12
sub-1	01	05	sub-1/ses-01/run-05/tsv-row-14	14	right_hand	2	100.728	5.0	25182	26432	sub-1/ses-01/eeg/sub-1_ses-01_task-imagery_run-05_eeg.edf	1115.4541629230628	False	2.8759611551707808e-12	1.7354569010614228e-12
sub-1	01	05	sub-1/ses-01/run-05/tsv-row-15	15	right_hand	2	107.632	5.0	26908	28158	sub-1/ses-01/eeg/sub-1_ses-01_task-imagery_run-05_eeg.edf	1053.3522429120762	False	2.6936832589603154e-12	1.2776736554156157e-12
sub-1	01	05	sub-1/ses-01/run-05/tsv-row-16	16	rest	1	114.52	5.0	28630	29880	sub-1/ses-01/eeg/sub-1_ses-01_task-imagery_run-05_eeg.edf	823.723252479629	False	3.7122601410210646e-12	1.981903350451183e-12
sub-1	01	05	sub-1/ses-01/run-05/tsv-row-17	17	rest	1	121.412	5.0	30353	31603	sub-1/ses-01/eeg/sub-1_ses-01_task-imagery_run-05_eeg.edf	691.1615731376079	False	2.4641527262481696e-12	1.5271209777285776e-12
sub-1	01	05	sub-1/ses-01/run-05/tsv-row-18	18	right_hand	2	128.276	5.0	32069	33319	sub-1/ses-01/eeg/sub-1_ses-01_task-imagery_run-05_eeg.edf	1134.8147274239325	False	8.521147344134646e-12	1.782462250809208e-12
sub-1	01	05	sub-1/ses-01/run-05/tsv-row-19	19	rest	1	135.18	5.0	33795	35045	sub-1/ses-01/eeg/sub-1_ses-01_task-imagery_run-05_eeg.edf	675.8741328623311	False	3.637443329242798e-12	1.9651692619896637e-12
sub-1	01	05	sub-1/ses-01/run-05/tsv-row-20	20	right_hand	2	142.064	5.0	35516	36766	sub-1/ses-01/eeg/sub-1_ses-01_task-imagery_run-05_eeg.edf	870.4848344981231	False	2.3002357417832344e-12	1.6137439310246775e-12
sub-1	01	05	sub-1/ses-01/run-05/tsv-row-21	21	rest	1	148.952	5.0	37238	38488	sub-1/ses-01/eeg/sub-1_ses-01_task-imagery_run-05_eeg.edf	1036.3191779686879	False	4.465412839248124e-12	1.6711323225039751e-12
sub-1	01	05	sub-1/ses-01/run-05/tsv-row-22	22	right_hand	2	155.84	5.0	38960	40210	sub-1/ses-01/eeg/sub-1_ses-01_task-imagery_run-05_eeg.edf	923.1709608447524	False	3.5081372159463766e-12	1.6180537120888012e-12
sub-1	01	05	sub-1/ses-01/run-05/tsv-row-23	23	right_hand	2	162.728	5.0	40682	41932	sub-1/ses-01/eeg/sub-1_ses-01_task-imagery_run-05_eeg.edf	1428.8202397076325	False	2.9456603027104212e-12	1.7958171414490482e-12
sub-1	01	05	sub-1/ses-01/run-05/tsv-row-24	24	rest	1	169.62	5.0	42405	43655	sub-1/ses-01/eeg/sub-1_ses-01_task-imagery_run-05_eeg.edf	974.1114625232705	False	3.9879159248675585e-12	1.7092965141238868e-12
sub-1	01	05	sub-1/ses-01/run-05/tsv-row-25	25	rest	1	176.516	5.0	44129	45379	sub-1/ses-01/eeg/sub-1_ses-01_task-imagery_run-05_eeg.edf	700.0483896298106	False	2.337591880319931e-12	1.6876198049325163e-12
sub-1	01	05	sub-1/ses-01/run-05/tsv-row-26	26	right_hand	2	183.388	5.0	45847	47097	sub-1/ses-01/eeg/sub-1_ses-01_task-imagery_run-05_eeg.edf	717.6104317453536	False	3.3135493763257607e-12	1.7390718446281968e-12
sub-1	01	05	sub-1/ses-01/run-05/tsv-row-27	27	rest	1	190.28	5.0	47570	48820	sub-1/ses-01/eeg/sub-1_ses-01_task-imagery_run-05_eeg.edf	921.3195407422102	False	2.7645797724213616e-12	1.823273539766534e-12
sub-1	01	05	sub-1/ses-01/run-05/tsv-row-28	28	right_hand	2	197.16	5.0	49290	50540	sub-1/ses-01/eeg/sub-1_ses-01_task-imagery_run-05_eeg.edf	1304.1932179479354	False	2.7588962426475382e-12	1.481213808994799e-12
sub-1	01	05	sub-1/ses-01/run-05/tsv-row-29	29	rest	1	204.064	5.0	51016	52266	sub-1/ses-01/eeg/sub-1_ses-01_task-imagery_run-05_eeg.edf	675.0277693868832	False	2.5762535609540637e-12	2.2048572060455666e-12
sub-1	01	05	sub-1/ses-01/run-05/tsv-row-30	30	right_hand	2	210.932	5.0	52733	53983	sub-1/ses-01/eeg/sub-1_ses-01_task-imagery_run-05_eeg.edf	1278.0088479262674	False	4.58187072760687e-12	1.6885383853043852e-12
sub-1	01	06	sub-1/ses-01/run-06/tsv-row-1	1	rest	1	8.932	5.0	2233	3483	sub-1/ses-01/eeg/sub-1_ses-01_task-imagery_run-06_eeg.edf	1487.9190203558455	False	2.0483811158067357e-12	1.9170622117805625e-12
sub-1	01	06	sub-1/ses-01/run-06/tsv-row-2	2	right_hand	2	15.748	5.0	3937	5187	sub-1/ses-01/eeg/sub-1_ses-01_task-imagery_run-06_eeg.edf	833.6711456648457	False	1.694194515746067e-12	1.3329304324403544e-12
sub-1	01	06	sub-1/ses-01/run-06/tsv-row-3	3	right_hand	2	22.648	5.0	5662	6912	sub-1/ses-01/eeg/sub-1_ses-01_task-imagery_run-06_eeg.edf	893.33267342143	False	2.023464538657833e-12	1.5163790800301593e-12
sub-1	01	06	sub-1/ses-01/run-06/tsv-row-4	4	rest	1	29.52	5.0	7380	8630	sub-1/ses-01/eeg/sub-1_ses-01_task-imagery_run-06_eeg.edf	1255.0306854457228	False	2.7927393387115358e-12	2.0496229779631197e-12
sub-1	01	06	sub-1/ses-01/run-06/tsv-row-5	5	rest	1	36.424	5.0	9106	10356	sub-1/ses-01/eeg/sub-1_ses-01_task-imagery_run-06_eeg.edf	941.3689770195624	False	3.1258167525055077e-12	1.8396331761557617e-12
sub-1	01	06	sub-1/ses-01/run-06/tsv-row-6	6	right_hand	2	43.312	5.0	10828	12078	sub-1/ses-01/eeg/sub-1_ses-01_task-imagery_run-06_eeg.edf	2775.9061195715203	False	1.63652589365015e-12	1.6907030701774536e-12
sub-1	01	06	sub-1/ses-01/run-06/tsv-row-7	7	right_hand	2	50.196	5.0	12549	13799	sub-1/ses-01/eeg/sub-1_ses-01_task-imagery_run-06_eeg.edf	1197.6174321726126	False	1.7638798625946925e-12	2.2579696897600535e-12
sub-1	01	06	sub-1/ses-01/run-06/tsv-row-8	8	rest	1	57.084	5.0	14271	15521	sub-1/ses-01/eeg/sub-1_ses-01_task-imagery_run-06_eeg.edf	1029.2710257271033	False	3.4823098052542745e-12	2.1611877581510102e-12
sub-1	01	06	sub-1/ses-01/run-06/tsv-row-9	9	right_hand	2	63.972	5.0	15993	17243	sub-1/ses-01/eeg/sub-1_ses-01_task-imagery_run-06_eeg.edf	815.7397857600633	False	2.3852324328976104e-12	1.8361911526486407e-12
sub-1	01	06	sub-1/ses-01/run-06/tsv-row-10	10	rest	1	70.864	5.0	17716	18966	sub-1/ses-01/eeg/sub-1_ses-01_task-imagery_run-06_eeg.edf	1115.089307840205	False	2.437380866205048e-12	1.5503889239346804e-12
sub-1	01	06	sub-1/ses-01/run-06/tsv-row-11	11	rest	1	77.744	5.0	19436	20686	sub-1/ses-01/eeg/sub-1_ses-01_task-imagery_run-06_eeg.edf	647.6127231666005	False	2.8709147731829858e-12	1.886310248707964e-12
sub-1	01	06	sub-1/ses-01/run-06/tsv-row-12	12	right_hand	2	84.632	5.0	21158	22408	sub-1/ses-01/eeg/sub-1_ses-01_task-imagery_run-06_eeg.edf	773.7902740562151	False	1.795103097203119e-12	1.6576294030925746e-12
sub-1	01	06	sub-1/ses-01/run-06/tsv-row-13	13	rest	1	91.524	5.0	22881	24131	sub-1/ses-01/eeg/sub-1_ses-01_task-imagery_run-06_eeg.edf	855.2765150914029	False	2.6546372533312745e-12	1.4566412254952702e-12
sub-1	01	06	sub-1/ses-01/run-06/tsv-row-14	14	right_hand	2	98.404	5.0	24601	25851	sub-1/ses-01/eeg/sub-1_ses-01_task-imagery_run-06_eeg.edf	1677.5417804498427	False	2.337032345845945e-12	1.7981586542461575e-12
sub-1	01	06	sub-1/ses-01/run-06/tsv-row-15	15	right_hand	2	105.308	5.0	26327	27577	sub-1/ses-01/eeg/sub-1_ses-01_task-imagery_run-06_eeg.edf	1535.1876204718162	False	3.6373445960341074e-12	1.6031832427224578e-12
sub-1	01	06	sub-1/ses-01/run-06/tsv-row-16	16	rest	1	112.18	5.0	28045	29295	sub-1/ses-01/eeg/sub-1_ses-01_task-imagery_run-06_eeg.edf	1473.1133103427228	False	3.0445150117223868e-12	1.8007504574164457e-12
sub-1	01	06	sub-1/ses-01/run-06/tsv-row-17	17	right_hand	2	119.064	5.0	29766	31016	sub-1/ses-01/eeg/sub-1_ses-01_task-imagery_run-06_eeg.edf	1242.8022656941434	False	1.6909477643384876e-12	1.907919180216039e-12
sub-1	01	06	sub-1/ses-01/run-06/tsv-row-18	18	rest	1	125.968	5.0	31492	32742	sub-1/ses-01/eeg/sub-1_ses-01_task-imagery_run-06_eeg.edf	1341.2876552629168	False	3.907043481852481e-12	1.9112702048228664e-12
sub-1	01	06	sub-1/ses-01/run-06/tsv-row-19	19	right_hand	2	132.856	5.0	33214	34464	sub-1/ses-01/eeg/sub-1_ses-01_task-imagery_run-06_eeg.edf	792.3248295541244	False	5.583674062709845e-12	1.6103306081093691e-12
sub-1	01	06	sub-1/ses-01/run-06/tsv-row-20	20	rest	1	139.744	5.0	34936	36186	sub-1/ses-01/eeg/sub-1_ses-01_task-imagery_run-06_eeg.edf	952.9393652150029	False	3.5528853492421866e-12	1.8928320668362364e-12
sub-1	01	06	sub-1/ses-01/run-06/tsv-row-21	21	rest	1	146.636	5.0	36659	37909	sub-1/ses-01/eeg/sub-1_ses-01_task-imagery_run-06_eeg.edf	759.7522675252541	False	3.776369716163249e-12	1.7926339895366595e-12
sub-1	01	06	sub-1/ses-01/run-06/tsv-row-22	22	right_hand	2	153.516	5.0	38379	39629	sub-1/ses-01/eeg/sub-1_ses-01_task-imagery_run-06_eeg.edf	1162.028892178106	False	2.5213552363455396e-12	1.7281183993805166e-12
sub-1	01	06	sub-1/ses-01/run-06/tsv-row-23	23	rest	1	160.404	5.0	40101	41351	sub-1/ses-01/eeg/sub-1_ses-01_task-imagery_run-06_eeg.edf	784.1542710654012	False	3.82143811597905e-12	2.306797610285315e-12
sub-1	01	06	sub-1/ses-01/run-06/tsv-row-24	24	right_hand	2	167.288	5.0	41822	43072	sub-1/ses-01/eeg/sub-1_ses-01_task-imagery_run-06_eeg.edf	857.5247895748772	False	4.203317852677019e-12	1.6312706593987952e-12
sub-1	01	06	sub-1/ses-01/run-06/tsv-row-25	25	rest	1	174.176	5.0	43544	44794	sub-1/ses-01/eeg/sub-1_ses-01_task-imagery_run-06_eeg.edf	1100.0642539750359	False	3.537416467993839e-12	1.884684424254006e-12
sub-1	01	06	sub-1/ses-01/run-06/tsv-row-26	26	right_hand	2	181.064	5.0	45266	46516	sub-1/ses-01/eeg/sub-1_ses-01_task-imagery_run-06_eeg.edf	843.5416190069277	False	1.8307716133952514e-12	2.0815811969544127e-12
sub-1	01	06	sub-1/ses-01/run-06/tsv-row-27	27	right_hand	2	187.968	5.0	46992	48242	sub-1/ses-01/eeg/sub-1_ses-01_task-imagery_run-06_eeg.edf	802.9630063783684	False	3.3816579673535465e-12	1.6203139786994688e-12
sub-1	01	06	sub-1/ses-01/run-06/tsv-row-28	28	rest	1	194.86	5.0	48715	49965	sub-1/ses-01/eeg/sub-1_ses-01_task-imagery_run-06_eeg.edf	769.6775768303476	False	2.939083731513254e-12	1.784933329082729e-12
sub-1	01	06	sub-1/ses-01/run-06/tsv-row-29	29	rest	1	201.74	5.0	50435	51685	sub-1/ses-01/eeg/sub-1_ses-01_task-imagery_run-06_eeg.edf	831.4228711813714	False	3.105100643592066e-12	2.3099100036976942e-12
sub-1	01	06	sub-1/ses-01/run-06/tsv-row-30	30	right_hand	2	208.612	5.0	52153	53403	sub-1/ses-01/eeg/sub-1_ses-01_task-imagery_run-06_eeg.edf	752.5687563707388	False	2.9542327237912855e-12	1.96618047947111e-12
sub-1	02	01	sub-1/ses-02/run-01/tsv-row-1	1	rest	1	9.132	5.0	2283	3533	sub-1/ses-02/eeg/sub-1_ses-02_task-imagery_run-01_eeg.edf	2366.1251428571422	False	3.639315690265362e-12	1.954952598582041e-12
sub-1	02	01	sub-1/ses-02/run-01/tsv-row-2	2	right_hand	2	16.008	5.0	4002	5252	sub-1/ses-02/eeg/sub-1_ses-02_task-imagery_run-01_eeg.edf	2656.7728585467084	False	3.579341407265668e-12	1.8997544485246555e-12
sub-1	02	01	sub-1/ses-02/run-01/tsv-row-3	3	rest	1	22.888	5.0	5722	6972	sub-1/ses-02/eeg/sub-1_ses-02_task-imagery_run-01_eeg.edf	4191.266428815577	False	6.4668699816772716e-12	1.9417221049794988e-12
sub-1	02	01	sub-1/ses-02/run-01/tsv-row-4	4	right_hand	2	29.784	5.0	7446	8696	sub-1/ses-02/eeg/sub-1_ses-02_task-imagery_run-01_eeg.edf	3569.533054383983	False	6.913920670727952e-12	2.1243512828642988e-12
sub-1	02	01	sub-1/ses-02/run-01/tsv-row-5	5	rest	1	36.676	5.0	9169	10419	sub-1/ses-02/eeg/sub-1_ses-02_task-imagery_run-01_eeg.edf	3225.5578012939845	False	6.7538948169371575e-12	1.8994233188777296e-12
sub-1	02	01	sub-1/ses-02/run-01/tsv-row-6	6	right_hand	2	43.556	5.0	10889	12139	sub-1/ses-02/eeg/sub-1_ses-02_task-imagery_run-01_eeg.edf	608.338305795465	False	1.990374613529367e-12	1.286643384458965e-12
sub-1	02	01	sub-1/ses-02/run-01/tsv-row-7	7	rest	1	50.444	5.0	12611	13861	sub-1/ses-02/eeg/sub-1_ses-02_task-imagery_run-01_eeg.edf	1435.9260840784934	False	9.289997171651e-12	1.9159053190698212e-12
sub-1	02	01	sub-1/ses-02/run-01/tsv-row-8	8	right_hand	2	57.328	5.0	14332	15582	sub-1/ses-02/eeg/sub-1_ses-02_task-imagery_run-01_eeg.edf	786.2652552262948	False	3.818895941091563e-12	1.3188808722287495e-12
sub-1	02	01	sub-1/ses-02/run-01/tsv-row-9	9	right_hand	2	64.232	5.0	16058	17308	sub-1/ses-02/eeg/sub-1_ses-02_task-imagery_run-01_eeg.edf	577.3780056459243	False	5.6313854812227805e-12	1.6799302081745615e-12
sub-1	02	01	sub-1/ses-02/run-01/tsv-row-10	10	rest	1	71.128	5.0	17782	19032	sub-1/ses-02/eeg/sub-1_ses-02_task-imagery_run-01_eeg.edf	1304.250032013916	False	3.344058306872035e-12	2.1373954715343333e-12
sub-1	02	01	sub-1/ses-02/run-01/tsv-row-11	11	right_hand	2	77.988	5.0	19497	20747	sub-1/ses-02/eeg/sub-1_ses-02_task-imagery_run-01_eeg.edf	633.7383887752922	False	5.5243086218896845e-12	1.531870280919838e-12
sub-1	02	01	sub-1/ses-02/run-01/tsv-row-12	12	rest	1	84.876	5.0	21219	22469	sub-1/ses-02/eeg/sub-1_ses-02_task-imagery_run-01_eeg.edf	679.3574432813501	False	9.233591444455827e-12	1.5224184165627331e-12
sub-1	02	01	sub-1/ses-02/run-01/tsv-row-13	13	right_hand	2	91.78	5.0	22945	24195	sub-1/ses-02/eeg/sub-1_ses-02_task-imagery_run-01_eeg.edf	898.6069157689137	False	6.0591752062493125e-12	2.1705870602728375e-12
sub-1	02	01	sub-1/ses-02/run-01/tsv-row-14	14	rest	1	98.668	5.0	24667	25917	sub-1/ses-02/eeg/sub-1_ses-02_task-imagery_run-01_eeg.edf	2166.968273323771	False	5.3304290835567e-12	1.4245987703029947e-12
sub-1	02	01	sub-1/ses-02/run-01/tsv-row-15	15	right_hand	2	105.536	5.0	26384	27634	sub-1/ses-02/eeg/sub-1_ses-02_task-imagery_run-01_eeg.edf	790.1826809595018	False	7.181399016311376e-12	1.6830243601383007e-12
sub-1	02	01	sub-1/ses-02/run-01/tsv-row-16	16	rest	1	112.448	5.0	28112	29362	sub-1/ses-02/eeg/sub-1_ses-02_task-imagery_run-01_eeg.edf	632.2219659108249	False	4.590973355840193e-12	1.8822966037470266e-12
sub-1	02	01	sub-1/ses-02/run-01/tsv-row-17	17	right_hand	2	119.328	5.0	29832	31082	sub-1/ses-02/eeg/sub-1_ses-02_task-imagery_run-01_eeg.edf	556.9062969756154	False	5.200805381928541e-12	1.631725024797786e-12
sub-1	02	01	sub-1/ses-02/run-01/tsv-row-18	18	rest	1	126.24	5.0	31560	32810	sub-1/ses-02/eeg/sub-1_ses-02_task-imagery_run-01_eeg.edf	863.3500841700491	False	6.896494254331237e-12	2.078763122365638e-12
sub-1	02	01	sub-1/ses-02/run-01/tsv-row-19	19	rest	1	133.116	5.0	33279	34529	sub-1/ses-02/eeg/sub-1_ses-02_task-imagery_run-01_eeg.edf	491.06827094332715	False	5.835754656646693e-12	1.9921051002822734e-12
sub-1	02	01	sub-1/ses-02/run-01/tsv-row-20	20	right_hand	2	139.988	5.0	34997	36247	sub-1/ses-02/eeg/sub-1_ses-02_task-imagery_run-01_eeg.edf	641.1941345255898	False	6.478963088711534e-12	1.6405165872050615e-12
sub-1	02	01	sub-1/ses-02/run-01/tsv-row-21	21	right_hand	2	146.876	5.0	36719	37969	sub-1/ses-02/eeg/sub-1_ses-02_task-imagery_run-01_eeg.edf	566.0048341624196	False	4.8910022044145326e-12	1.574871102588593e-12
sub-1	02	01	sub-1/ses-02/run-01/tsv-row-22	22	rest	1	153.788	5.0	38447	39697	sub-1/ses-02/eeg/sub-1_ses-02_task-imagery_run-01_eeg.edf	656.8638374584185	False	6.896847474148924e-12	1.8506646156748722e-12
sub-1	02	01	sub-1/ses-02/run-01/tsv-row-23	23	rest	1	160.656	5.0	40164	41414	sub-1/ses-02/eeg/sub-1_ses-02_task-imagery_run-01_eeg.edf	580.9163256630145	False	6.316803766014764e-12	1.3636375656971822e-12
sub-1	02	01	sub-1/ses-02/run-01/tsv-row-24	24	right_hand	2	167.536	5.0	41884	43134	sub-1/ses-02/eeg/sub-1_ses-02_task-imagery_run-01_eeg.edf	606.9482515030365	False	4.5743701503667844e-12	1.5045597251792723e-12
sub-1	02	01	sub-1/ses-02/run-01/tsv-row-25	25	rest	1	174.432	5.0	43608	44858	sub-1/ses-02/eeg/sub-1_ses-02_task-imagery_run-01_eeg.edf	761.7497522507401	False	3.1049978900424937e-12	1.885805520863943e-12
sub-1	02	01	sub-1/ses-02/run-01/tsv-row-26	26	right_hand	2	181.324	5.0	45331	46581	sub-1/ses-02/eeg/sub-1_ses-02_task-imagery_run-01_eeg.edf	558.4227198400829	False	3.5856908045049063e-12	1.6638904543287597e-12
sub-1	02	01	sub-1/ses-02/run-01/tsv-row-27	27	rest	1	188.196	5.0	47049	48299	sub-1/ses-02/eeg/sub-1_ses-02_task-imagery_run-01_eeg.edf	750.2502121951964	False	4.625087413597161e-12	1.8228617144545352e-12
sub-1	02	01	sub-1/ses-02/run-01/tsv-row-28	28	right_hand	2	195.084	5.0	48771	50021	sub-1/ses-02/eeg/sub-1_ses-02_task-imagery_run-01_eeg.edf	655.0946774498735	False	2.607863429688227e-12	1.3541752008492756e-12
sub-1	02	01	sub-1/ses-02/run-01/tsv-row-29	29	right_hand	2	201.984	5.0	50496	51746	sub-1/ses-02/eeg/sub-1_ses-02_task-imagery_run-01_eeg.edf	798.649375286111	False	1.202105877330758e-11	1.6137697632144386e-12
sub-1	02	01	sub-1/ses-02/run-01/tsv-row-30	30	rest	1	208.872	5.0	52218	53468	sub-1/ses-02/eeg/sub-1_ses-02_task-imagery_run-01_eeg.edf	824.681301126133	False	6.550152475948112e-12	1.8961293015915794e-12
sub-1	02	02	sub-1/ses-02/run-02/tsv-row-1	1	right_hand	2	8.264	5.0	2066	3316	sub-1/ses-02/eeg/sub-1_ses-02_task-imagery_run-02_eeg.edf	432.1314699514756	False	1.7551064955876429e-12	1.4186053442111398e-12
sub-1	02	02	sub-1/ses-02/run-02/tsv-row-2	2	rest	1	15.208	5.0	3802	5052	sub-1/ses-02/eeg/sub-1_ses-02_task-imagery_run-02_eeg.edf	561.023620557268	False	5.985380898259828e-12	1.98401011550484e-12
sub-1	02	02	sub-1/ses-02/run-02/tsv-row-3	3	right_hand	2	22.088	5.0	5522	6772	sub-1/ses-02/eeg/sub-1_ses-02_task-imagery_run-02_eeg.edf	546.8498071581165	False	1.3780567117146389e-12	1.2590226845994122e-12
sub-1	02	02	sub-1/ses-02/run-02/tsv-row-4	4	rest	1	28.956	5.0	7239	8489	sub-1/ses-02/eeg/sub-1_ses-02_task-imagery_run-02_eeg.edf	707.6407578539385	False	2.812849001642657e-12	1.8742705975810284e-12
sub-1	02	02	sub-1/ses-02/run-02/tsv-row-5	5	right_hand	2	35.86	5.0	8965	10215	sub-1/ses-02/eeg/sub-1_ses-02_task-imagery_run-02_eeg.edf	1092.9584998901335	False	2.7042938579770663e-12	1.7060445945805957e-12
sub-1	02	02	sub-1/ses-02/run-02/tsv-row-6	6	rest	1	42.748	5.0	10687	11937	sub-1/ses-02/eeg/sub-1_ses-02_task-imagery_run-02_eeg.edf	1917.139501248207	False	2.7099576674290022e-12	1.9852411075132726e-12
sub-1	02	02	sub-1/ses-02/run-02/tsv-row-7	7	right_hand	2	49.632	5.0	12408	13658	sub-1/ses-02/eeg/sub-1_ses-02_task-imagery_run-02_eeg.edf	725.6745422223579	False	3.944992414019114e-12	1.5863051510592556e-12
sub-1	02	02	sub-1/ses-02/run-02/tsv-row-8	8	rest	1	56.52	5.0	14130	15380	sub-1/ses-02/eeg/sub-1_ses-02_task-imagery_run-02_eeg.edf	614.5073783074434	False	7.904457965735516e-12	2.125193752334489e-12
sub-1	02	02	sub-1/ses-02/run-02/tsv-row-9	9	right_hand	2	63.408	5.0	15852	17102	sub-1/ses-02/eeg/sub-1_ses-02_task-imagery_run-02_eeg.edf	643.596119531846	False	3.0832690037996972e-12	1.407062422416567e-12
sub-1	02	02	sub-1/ses-02/run-02/tsv-row-10	10	rest	1	70.304	5.0	17576	18826	sub-1/ses-02/eeg/sub-1_ses-02_task-imagery_run-02_eeg.edf	933.7732971175268	False	4.003050634281486e-12	1.713394648404162e-12
sub-1	02	02	sub-1/ses-02/run-02/tsv-row-11	11	right_hand	2	77.196	5.0	19299	20549	sub-1/ses-02/eeg/sub-1_ses-02_task-imagery_run-02_eeg.edf	680.3739229270302	False	2.9356717177518795e-12	1.6672030486677872e-12
sub-1	02	02	sub-1/ses-02/run-02/tsv-row-12	12	rest	1	84.068	5.0	21017	22267	sub-1/ses-02/eeg/sub-1_ses-02_task-imagery_run-02_eeg.edf	1428.4054170033876	False	2.8442119633237975e-12	2.1106632614387714e-12
sub-1	02	02	sub-1/ses-02/run-02/tsv-row-13	13	rest	1	90.972	5.0	22743	23993	sub-1/ses-02/eeg/sub-1_ses-02_task-imagery_run-02_eeg.edf	675.6184386928923	False	7.32812955272469e-12	1.7669623668580103e-12
sub-1	02	02	sub-1/ses-02/run-02/tsv-row-14	14	right_hand	2	97.856	5.0	24464	25714	sub-1/ses-02/eeg/sub-1_ses-02_task-imagery_run-02_eeg.edf	523.1341455229345	False	3.763972001051373e-12	1.41576320905885e-12
sub-1	02	02	sub-1/ses-02/run-02/tsv-row-15	15	right_hand	2	104.744	5.0	26186	27436	sub-1/ses-02/eeg/sub-1_ses-02_task-imagery_run-02_eeg.edf	629.8546228812525	False	5.2933815078159955e-12	1.7634220006863357e-12
sub-1	02	02	sub-1/ses-02/run-02/tsv-row-16	16	rest	1	111.616	5.0	27904	29154	sub-1/ses-02/eeg/sub-1_ses-02_task-imagery_run-02_eeg.edf	587.8581387356181	False	6.172115194174474e-12	2.1506543388928623e-12
sub-1	02	02	sub-1/ses-02/run-02/tsv-row-17	17	right_hand	2	118.52	5.0	29630	30880	sub-1/ses-02/eeg/sub-1_ses-02_task-imagery_run-02_eeg.edf	640.3846236854152	False	3.965256530575219e-12	1.7890100691512015e-12
sub-1	02	02	sub-1/ses-02/run-02/tsv-row-18	18	rest	1	125.412	5.0	31353	32603	sub-1/ses-02/eeg/sub-1_ses-02_task-imagery_run-02_eeg.edf	770.3575661626027	False	3.135116744524252e-12	1.834837982371339e-12
sub-1	02	02	sub-1/ses-02/run-02/tsv-row-19	19	rest	1	132.292	5.0	33073	34323	sub-1/ses-02/eeg/sub-1_ses-02_task-imagery_run-02_eeg.edf	777.2746341395306	False	4.538644933973347e-12	2.4747491808596546e-12
sub-1	02	02	sub-1/ses-02/run-02/tsv-row-20	20	right_hand	2	139.164	5.0	34791	36041	sub-1/ses-02/eeg/sub-1_ses-02_task-imagery_run-02_eeg.edf	688.958498362682	False	4.3245976632760984e-12	1.509153105675698e-12
sub-1	02	02	sub-1/ses-02/run-02/tsv-row-21	21	right_hand	2	146.064	5.0	36516	37766	sub-1/ses-02/eeg/sub-1_ses-02_task-imagery_run-02_eeg.edf	811.520296578875	False	1.9648288458685244e-12	1.5043611767359717e-12
sub-1	02	02	sub-1/ses-02/run-02/tsv-row-22	22	rest	1	153.212	5.0	38303	39553	sub-1/ses-02/eeg/sub-1_ses-02_task-imagery_run-02_eeg.edf	658.7580854991303	False	3.302844692745717e-12	2.006643838320418e-12
sub-1	02	02	sub-1/ses-02/run-02/tsv-row-23	23	rest	1	160.116	5.0	40029	41279	sub-1/ses-02/eeg/sub-1_ses-02_task-imagery_run-02_eeg.edf	771.7162759437849	False	6.374906875930231e-12	2.0365501610116165e-12
sub-1	02	02	sub-1/ses-02/run-02/tsv-row-24	24	right_hand	2	166.976	5.0	41744	42994	sub-1/ses-02/eeg/sub-1_ses-02_task-imagery_run-02_eeg.edf	523.2885443617055	False	3.2696577376763994e-12	1.526870657670963e-12
sub-1	02	02	sub-1/ses-02/run-02/tsv-row-25	25	right_hand	2	173.864	5.0	43466	44716	sub-1/ses-02/eeg/sub-1_ses-02_task-imagery_run-02_eeg.edf	575.073914885403	False	1.3503360193720317e-11	2.3677174155231065e-12
sub-1	02	02	sub-1/ses-02/run-02/tsv-row-26	26	rest	1	180.768	5.0	45192	46442	sub-1/ses-02/eeg/sub-1_ses-02_task-imagery_run-02_eeg.edf	705.2630157368693	False	9.039991543040393e-12	2.6518738741824183e-12
sub-1	02	02	sub-1/ses-02/run-02/tsv-row-27	27	rest	1	187.696	5.0	46924	48174	sub-1/ses-02/eeg/sub-1_ses-02_task-imagery_run-02_eeg.edf	527.3646737052522	False	3.954045790580232e-12	1.59617558980119e-12
sub-1	02	02	sub-1/ses-02/run-02/tsv-row-28	28	right_hand	2	194.524	5.0	48631	49881	sub-1/ses-02/eeg/sub-1_ses-02_task-imagery_run-02_eeg.edf	647.5796095721305	False	5.57903575272091e-12	1.930535958163693e-12
sub-1	02	02	sub-1/ses-02/run-02/tsv-row-29	29	rest	1	201.436	5.0	50359	51609	sub-1/ses-02/eeg/sub-1_ses-02_task-imagery_run-02_eeg.edf	658.6345664281137	False	4.6351877135153214e-12	1.778070950186065e-12
sub-1	02	02	sub-1/ses-02/run-02/tsv-row-30	30	right_hand	2	210.232	5.0	52558	53808	sub-1/ses-02/eeg/sub-1_ses-02_task-imagery_run-02_eeg.edf	1289.5082216452527	False	3.979598483624671e-12	1.7320414701788487e-12
sub-1	02	03	sub-1/ses-02/run-03/tsv-row-1	1	rest	1	9.804	5.0	2451	3701	sub-1/ses-02/eeg/sub-1_ses-02_task-imagery_run-03_eeg.edf	664.8820357371746	False	1.8912130045433752e-12	2.1334489856492934e-12
sub-1	02	03	sub-1/ses-02/run-03/tsv-row-2	2	right_hand	2	16.48	5.0	4120	5370	sub-1/ses-02/eeg/sub-1_ses-02_task-imagery_run-03_eeg.edf	561.2994341868344	False	2.082202962756187e-12	1.7754721177503635e-12
sub-1	02	03	sub-1/ses-02/run-03/tsv-row-3	3	right_hand	2	23.368	5.0	5842	7092	sub-1/ses-02/eeg/sub-1_ses-02_task-imagery_run-03_eeg.edf	677.3730742820521	False	2.8519893435134082e-12	1.737358119030838e-12
sub-1	02	03	sub-1/ses-02/run-03/tsv-row-4	4	rest	1	30.256	5.0	7564	8814	sub-1/ses-02/eeg/sub-1_ses-02_task-imagery_run-03_eeg.edf	707.3382784508806	False	3.351683185218107e-12	2.098654614809077e-12
sub-1	02	03	sub-1/ses-02/run-03/tsv-row-5	5	rest	1	37.168	5.0	9292	10542	sub-1/ses-02/eeg/sub-1_ses-02_task-imagery_run-03_eeg.edf	539.5065584276864	False	4.8797193926929876e-12	1.8280325522261483e-12
sub-1	02	03	sub-1/ses-02/run-03/tsv-row-6	6	right_hand	2	44.028	5.0	11007	12257	sub-1/ses-02/eeg/sub-1_ses-02_task-imagery_run-03_eeg.edf	620.2664379558703	False	4.118396158146983e-12	1.6022906677778398e-12
sub-1	02	03	sub-1/ses-02/run-03/tsv-row-7	7	rest	1	50.924	5.0	12731	13981	sub-1/ses-02/eeg/sub-1_ses-02_task-imagery_run-03_eeg.edf	1613.2375605792415	False	2.02404078838918e-12	1.936112118862081e-12
sub-1	02	03	sub-1/ses-02/run-03/tsv-row-8	8	right_hand	2	57.82	5.0	14455	15705	sub-1/ses-02/eeg/sub-1_ses-02_task-imagery_run-03_eeg.edf	494.65841471602533	False	2.9536187371949935e-12	2.0568816293062527e-12
sub-1	02	03	sub-1/ses-02/run-03/tsv-row-9	9	right_hand	2	64.704	5.0	16176	17426	sub-1/ses-02/eeg/sub-1_ses-02_task-imagery_run-03_eeg.edf	476.3537279122288	False	6.231638905815745e-12	1.6988164746692576e-12
sub-1	02	03	sub-1/ses-02/run-03/tsv-row-10	10	rest	1	71.576	5.0	17894	19144	sub-1/ses-02/eeg/sub-1_ses-02_task-imagery_run-03_eeg.edf	637.3751742606892	False	6.3007723996903204e-12	2.1240533239379303e-12
sub-1	02	03	sub-1/ses-02/run-03/tsv-row-11	11	rest	1	78.48	5.0	19620	20870	sub-1/ses-02/eeg/sub-1_ses-02_task-imagery_run-03_eeg.edf	553.6586393322551	False	3.936547211414211e-12	2.211094762890586e-12
sub-1	02	03	sub-1/ses-02/run-03/tsv-row-12	12	right_hand	2	85.364	5.0	21341	22591	sub-1/ses-02/eeg/sub-1_ses-02_task-imagery_run-03_eeg.edf	441.6047217474899	False	4.006865433065406e-12	1.6390939156928837e-12
sub-1	02	03	sub-1/ses-02/run-03/tsv-row-13	13	right_hand	2	92.252	5.0	23063	24313	sub-1/ses-02/eeg/sub-1_ses-02_task-imagery_run-03_eeg.edf	1086.6539117099524	False	4.5073667036077354e-12	1.8088532770290338e-12
sub-1	02	03	sub-1/ses-02/run-03/tsv-row-14	14	rest	1	99.14	5.0	24785	26035	sub-1/ses-02/eeg/sub-1_ses-02_task-imagery_run-03_eeg.edf	1029.1154043702506	False	7.062999111767309e-12	2.259257182561191e-12
sub-1	02	03	sub-1/ses-02/run-03/tsv-row-15	15	right_hand	2	106.028	5.0	26507	27757	sub-1/ses-02/eeg/sub-1_ses-02_task-imagery_run-03_eeg.edf	539.9384294412062	False	3.1934652759958287e-12	1.5034732227348712e-12
sub-1	02	03	sub-1/ses-02/run-03/tsv-row-16	16	rest	1	112.92	5.0	28230	29480	sub-1/ses-02/eeg/sub-1_ses-02_task-imagery_run-03_eeg.edf	2177.0950000000003	False	1.0164274256288717e-11	2.1470325678608233e-12
sub-1	02	03	sub-1/ses-02/run-03/tsv-row-17	17	rest	1	119.808	5.0	29952	31202	sub-1/ses-02/eeg/sub-1_ses-02_task-imagery_run-03_eeg.edf	670.429917218543	False	5.954929265677985e-12	1.8707362756097464e-12
sub-1	02	03	sub-1/ses-02/run-03/tsv-row-18	18	right_hand	2	126.688	5.0	31672	32922	sub-1/ses-02/eeg/sub-1_ses-02_task-imagery_run-03_eeg.edf	496.7181072420423	False	7.647158461677285e-12	1.5789613663682216e-12
sub-1	02	03	sub-1/ses-02/run-03/tsv-row-19	19	rest	1	133.588	5.0	33397	34647	sub-1/ses-02/eeg/sub-1_ses-02_task-imagery_run-03_eeg.edf	645.481060975982	False	5.74993743511551e-12	1.998115577040055e-12
sub-1	02	03	sub-1/ses-02/run-03/tsv-row-20	20	right_hand	2	140.46	5.0	35115	36365	sub-1/ses-02/eeg/sub-1_ses-02_task-imagery_run-03_eeg.edf	470.8058464308603	False	5.879190456234935e-12	1.7452396392845195e-12
sub-1	02	03	sub-1/ses-02/run-03/tsv-row-21	21	rest	1	147.364	5.0	36841	38091	sub-1/ses-02/eeg/sub-1_ses-02_task-imagery_run-03_eeg.edf	415.69246093630795	False	9.661305310320477e-12	2.501244929054899e-12
sub-1	02	03	sub-1/ses-02/run-03/tsv-row-22	22	right_hand	2	154.232	5.0	38558	39808	sub-1/ses-02/eeg/sub-1_ses-02_task-imagery_run-03_eeg.edf	829.2255668050175	False	2.9449302199151784e-12	1.742684537177116e-12
sub-1	02	03	sub-1/ses-02/run-03/tsv-row-23	23	rest	1	161.128	5.0	40282	41532	sub-1/ses-02/eeg/sub-1_ses-02_task-imagery_run-03_eeg.edf	1000.8444634083072	False	5.8698871305231715e-12	2.0553894411081617e-12
sub-1	02	03	sub-1/ses-02/run-03/tsv-row-24	24	right_hand	2	168.024	5.0	42006	43256	sub-1/ses-02/eeg/sub-1_ses-02_task-imagery_run-03_eeg.edf	478.57952467421495	False	4.213779852097722e-12	1.5992048406097207e-12
sub-1	02	03	sub-1/ses-02/run-03/tsv-row-25	25	rest	1	174.912	5.0	43728	44978	sub-1/ses-02/eeg/sub-1_ses-02_task-imagery_run-03_eeg.edf	532.8623889889219	False	3.474653682582946e-12	1.7394382740992772e-12
sub-1	02	03	sub-1/ses-02/run-03/tsv-row-26	26	right_hand	2	181.78	5.0	45445	46695	sub-1/ses-02/eeg/sub-1_ses-02_task-imagery_run-03_eeg.edf	714.2814355143895	False	3.2177364023100363e-12	1.50427268395088e-12
sub-1	02	03	sub-1/ses-02/run-03/tsv-row-27	27	right_hand	2	188.684	5.0	47171	48421	sub-1/ses-02/eeg/sub-1_ses-02_task-imagery_run-03_eeg.edf	545.8517402417067	False	2.7294379881424453e-12	1.5353642311918755e-12
sub-1	02	03	sub-1/ses-02/run-03/tsv-row-28	28	rest	1	195.572	5.0	48893	50143	sub-1/ses-02/eeg/sub-1_ses-02_task-imagery_run-03_eeg.edf	751.7877719962157	False	3.512459544364158e-12	2.107633281659325e-12
sub-1	02	03	sub-1/ses-02/run-03/tsv-row-29	29	rest	1	202.468	5.0	50617	51867	sub-1/ses-02/eeg/sub-1_ses-02_task-imagery_run-03_eeg.edf	454.4279687643056	False	7.923934862805447e-12	1.6495890687389356e-12
sub-1	02	03	sub-1/ses-02/run-03/tsv-row-30	30	right_hand	2	209.344	5.0	52336	53586	sub-1/ses-02/eeg/sub-1_ses-02_task-imagery_run-03_eeg.edf	527.7463785210731	False	3.4742135248337775e-12	1.522396615320361e-12
sub-1	02	04	sub-1/ses-02/run-04/tsv-row-1	1	rest	1	6.744	5.0	1686	2936	sub-1/ses-02/eeg/sub-1_ses-02_task-imagery_run-04_eeg.edf	1136.2411973479416	False	1.9916113714524855e-12	1.498257892826407e-12
sub-1	02	04	sub-1/ses-02/run-04/tsv-row-2	2	right_hand	2	13.632	5.0	3408	4658	sub-1/ses-02/eeg/sub-1_ses-02_task-imagery_run-04_eeg.edf	506.6351532334362	False	2.0778785476700014e-12	1.5331254220083773e-12
sub-1	02	04	sub-1/ses-02/run-04/tsv-row-3	3	rest	1	20.524	5.0	5131	6381	sub-1/ses-02/eeg/sub-1_ses-02_task-imagery_run-04_eeg.edf	537.6954448988313	False	2.6877740487871334e-12	1.8650103936897697e-12
sub-1	02	04	sub-1/ses-02/run-04/tsv-row-4	4	right_hand	2	27.388	5.0	6847	8097	sub-1/ses-02/eeg/sub-1_ses-02_task-imagery_run-04_eeg.edf	492.6211430097354	False	1.88739471809969e-12	1.4863008192743427e-12
sub-1	02	04	sub-1/ses-02/run-04/tsv-row-5	5	rest	1	34.3	5.0	8575	9825	sub-1/ses-02/eeg/sub-1_ses-02_task-imagery_run-04_eeg.edf	498.97252191228984	False	6.0981100231639415e-12	1.7580710886997066e-12
sub-1	02	04	sub-1/ses-02/run-04/tsv-row-6	6	right_hand	2	41.176	5.0	10294	11544	sub-1/ses-02/eeg/sub-1_ses-02_task-imagery_run-04_eeg.edf	516.7154062013611	False	3.5347503311954013e-12	1.5068719192205185e-12
sub-1	02	04	sub-1/ses-02/run-04/tsv-row-7	7	right_hand	2	48.064	5.0	12016	13266	sub-1/ses-02/eeg/sub-1_ses-02_task-imagery_run-04_eeg.edf	584.0809992065188	False	4.2808492660005684e-12	1.6598469817780677e-12
sub-1	02	04	sub-1/ses-02/run-04/tsv-row-8	8	rest	1	54.952	5.0	13738	14988	sub-1/ses-02/eeg/sub-1_ses-02_task-imagery_run-04_eeg.edf	653.1266343729973	False	6.110964164704803e-12	1.9770881768959115e-12
sub-1	02	04	sub-1/ses-02/run-04/tsv-row-9	9	right_hand	2	61.836	5.0	15459	16709	sub-1/ses-02/eeg/sub-1_ses-02_task-imagery_run-04_eeg.edf	883.0465506454665	False	2.9945341047870858e-12	1.1827662262474595e-12
sub-1	02	04	sub-1/ses-02/run-04/tsv-row-10	10	rest	1	68.732	5.0	17183	18433	sub-1/ses-02/eeg/sub-1_ses-02_task-imagery_run-04_eeg.edf	398.94854835657827	False	3.953858979980257e-12	1.7160637105813705e-12
sub-1	02	04	sub-1/ses-02/run-04/tsv-row-11	11	rest	1	75.636	5.0	18909	20159	sub-1/ses-02/eeg/sub-1_ses-02_task-imagery_run-04_eeg.edf	397.80120249031046	False	3.4147760261764458e-12	1.834383461669553e-12
sub-1	02	04	sub-1/ses-02/run-04/tsv-row-12	12	right_hand	2	82.5	5.0	20625	21875	sub-1/ses-02/eeg/sub-1_ses-02_task-imagery_run-04_eeg.edf	483.64725926999733	False	2.171867727910178e-12	1.790294137760615e-12
sub-1	02	04	sub-1/ses-02/run-04/tsv-row-13	13	right_hand	2	89.4	5.0	22350	23600	sub-1/ses-02/eeg/sub-1_ses-02_task-imagery_run-04_eeg.edf	578.4671997894222	False	2.007244765392067e-12	1.4735879891737657e-12
sub-1	02	04	sub-1/ses-02/run-04/tsv-row-14	14	rest	1	96.288	5.0	24072	25322	sub-1/ses-02/eeg/sub-1_ses-02_task-imagery_run-04_eeg.edf	552.0372682271798	False	4.024109501840806e-12	1.6491656771919915e-12
sub-1	02	04	sub-1/ses-02/run-04/tsv-row-15	15	right_hand	2	103.176	5.0	25794	27044	sub-1/ses-02/eeg/sub-1_ses-02_task-imagery_run-04_eeg.edf	457.05342115543084	False	1.8520317931662994e-12	1.4647683479423988e-12
sub-1	02	04	sub-1/ses-02/run-04/tsv-row-16	16	rest	1	110.06	5.0	27515	28765	sub-1/ses-02/eeg/sub-1_ses-02_task-imagery_run-04_eeg.edf	652.7988212683493	False	5.750470192973209e-12	1.709212630343524e-12
sub-1	02	04	sub-1/ses-02/run-04/tsv-row-17	17	right_hand	2	116.948	5.0	29237	30487	sub-1/ses-02/eeg/sub-1_ses-02_task-imagery_run-04_eeg.edf	599.8160282296215	False	3.2279441646232402e-12	1.879360373093341e-12
sub-1	02	04	sub-1/ses-02/run-04/tsv-row-18	18	rest	1	123.836	5.0	30959	32209	sub-1/ses-02/eeg/sub-1_ses-02_task-imagery_run-04_eeg.edf	548.2264408856472	False	4.691009020891744e-12	1.950942664611154e-12
sub-1	02	04	sub-1/ses-02/run-04/tsv-row-19	19	rest	1	130.724	5.0	32681	33931	sub-1/ses-02/eeg/sub-1_ses-02_task-imagery_run-04_eeg.edf	630.8353432569354	False	3.3304139617104056e-12	1.843917919676338e-12
sub-1	02	04	sub-1/ses-02/run-04/tsv-row-20	20	right_hand	2	137.608	5.0	34402	35652	sub-1/ses-02/eeg/sub-1_ses-02_task-imagery_run-04_eeg.edf	622.0253660695212	False	3.62346037035983e-12	1.5452820059935179e-12
sub-1	02	04	sub-1/ses-02/run-04/tsv-row-21	21	right_hand	2	144.496	5.0	36124	37374	sub-1/ses-02/eeg/sub-1_ses-02_task-imagery_run-04_eeg.edf	722.2951994537187	False	3.4357158800197676e-12	1.4242800136995347e-12
sub-1	02	04	sub-1/ses-02/run-04/tsv-row-22	22	rest	1	151.384	5.0	37846	39096	sub-1/ses-02/eeg/sub-1_ses-02_task-imagery_run-04_eeg.edf	512.0850460982086	False	4.1052015083766714e-12	1.977906399697677e-12
sub-1	02	04	sub-1/ses-02/run-04/tsv-row-23	23	rest	1	158.296	5.0	39574	40824	sub-1/ses-02/eeg/sub-1_ses-02_task-imagery_run-04_eeg.edf	1083.1354743949705	False	5.331552030424954e-12	2.0401138397507307e-12
sub-1	02	04	sub-1/ses-02/run-04/tsv-row-24	24	right_hand	2	165.156	5.0	41289	42539	sub-1/ses-02/eeg/sub-1_ses-02_task-imagery_run-04_eeg.edf	634.031521027253	False	4.40511411351548e-12	1.5788340415987007e-12
sub-1	02	04	sub-1/ses-02/run-04/tsv-row-25	25	right_hand	2	172.044	5.0	43011	44261	sub-1/ses-02/eeg/sub-1_ses-02_task-imagery_run-04_eeg.edf	656.281835505234	False	2.3166739539704446e-12	1.7146432304388948e-12
sub-1	02	04	sub-1/ses-02/run-04/tsv-row-26	26	rest	1	178.94	5.0	44735	45985	sub-1/ses-02/eeg/sub-1_ses-02_task-imagery_run-04_eeg.edf	849.0769176763207	False	4.804734738296334e-12	1.9627181825260694e-12
sub-1	02	04	sub-1/ses-02/run-04/tsv-row-27	27	right_hand	2	185.832	5.0	46458	47708	sub-1/ses-02/eeg/sub-1_ses-02_task-imagery_run-04_eeg.edf	449.96446276741847	False	5.948176441619464e-12	1.913616234402798e-12
sub-1	02	04	sub-1/ses-02/run-04/tsv-row-28	28	rest	1	192.704	5.0	48176	49426	sub-1/ses-02/eeg/sub-1_ses-02_task-imagery_run-04_eeg.edf	611.2485102542192	False	4.432817445745832e-12	2.1119763434742724e-12
sub-1	02	04	sub-1/ses-02/run-04/tsv-row-29	29	right_hand	2	199.592	5.0	49898	51148	sub-1/ses-02/eeg/sub-1_ses-02_task-imagery_run-04_eeg.edf	488.7693390301218	False	4.2370938912779216e-12	1.779718100626702e-12
sub-1	02	05	sub-1/ses-02/run-05/tsv-row-1	1	rest	1	8.896	5.0	2224	3474	sub-1/ses-02/eeg/sub-1_ses-02_task-imagery_run-05_eeg.edf	910.9078634144108	False	3.1318335118338466e-12	2.08055107730836e-12
sub-1	02	05	sub-1/ses-02/run-05/tsv-row-2	2	right_hand	2	15.784	5.0	3946	5196	sub-1/ses-02/eeg/sub-1_ses-02_task-imagery_run-05_eeg.edf	756.5080788598284	False	2.022310314712012e-12	1.7131388579634978e-12
sub-1	02	05	sub-1/ses-02/run-05/tsv-row-3	3	rest	1	22.688	5.0	5672	6922	sub-1/ses-02/eeg/sub-1_ses-02_task-imagery_run-05_eeg.edf	943.8779282204656	False	2.2476751195270705e-12	1.842622337035411e-12
sub-1	02	05	sub-1/ses-02/run-05/tsv-row-4	4	right_hand	2	29.556	5.0	7389	8639	sub-1/ses-02/eeg/sub-1_ses-02_task-imagery_run-05_eeg.edf	1122.4619258095033	False	2.425203079334104e-12	1.473056003029293e-12
sub-1	02	05	sub-1/ses-02/run-05/tsv-row-5	5	rest	1	36.444	5.0	9111	10361	sub-1/ses-02/eeg/sub-1_ses-02_task-imagery_run-05_eeg.edf	1193.0724292580949	False	6.867946154598219e-12	1.9783766470052713e-12
sub-1	02	05	sub-1/ses-02/run-05/tsv-row-6	6	right_hand	2	43.332	5.0	10833	12083	sub-1/ses-02/eeg/sub-1_ses-02_task-imagery_run-05_eeg.edf	1347.2410071871088	False	3.429222217639849e-12	1.4218075725557055e-12
sub-1	02	05	sub-1/ses-02/run-05/tsv-row-7	7	right_hand	2	50.232	5.0	12558	13808	sub-1/ses-02/eeg/sub-1_ses-02_task-imagery_run-05_eeg.edf	1037.424128925443	False	3.652822830975557e-12	1.7538995407405115e-12
sub-1	02	05	sub-1/ses-02/run-05/tsv-row-8	8	rest	1	57.104	5.0	14276	15526	sub-1/ses-02/eeg/sub-1_ses-02_task-imagery_run-05_eeg.edf	856.4818237556077	False	4.618304394532884e-12	2.0946158079349306e-12
sub-1	02	05	sub-1/ses-02/run-05/tsv-row-9	9	right_hand	2	63.992	5.0	15998	17248	sub-1/ses-02/eeg/sub-1_ses-02_task-imagery_run-05_eeg.edf	1328.189581240272	False	2.1011483068211692e-12	1.6528492127550825e-12
sub-1	02	05	sub-1/ses-02/run-05/tsv-row-10	10	rest	1	70.884	5.0	17721	18971	sub-1/ses-02/eeg/sub-1_ses-02_task-imagery_run-05_eeg.edf	1701.1258682821128	False	4.223832416604954e-12	2.227518048580872e-12
sub-1	02	05	sub-1/ses-02/run-05/tsv-row-11	11	right_hand	2	77.78	5.0	19445	20695	sub-1/ses-02/eeg/sub-1_ses-02_task-imagery_run-05_eeg.edf	1885.3975488601336	False	7.505778080439642e-12	3.339959624407386e-12
sub-1	02	05	sub-1/ses-02/run-05/tsv-row-12	12	rest	1	84.652	5.0	21163	22413	sub-1/ses-02/eeg/sub-1_ses-02_task-imagery_run-05_eeg.edf	1111.5489730826746	False	5.433134012051761e-12	2.6198859425576203e-12
sub-1	02	05	sub-1/ses-02/run-05/tsv-row-13	13	rest	1	91.556	5.0	22889	24139	sub-1/ses-02/eeg/sub-1_ses-02_task-imagery_run-05_eeg.edf	2894.47574549089	False	2.6901813326572207e-12	2.088753325790063e-12
sub-1	02	05	sub-1/ses-02/run-05/tsv-row-14	14	right_hand	2	98.44	5.0	24610	25860	sub-1/ses-02/eeg/sub-1_ses-02_task-imagery_run-05_eeg.edf	1265.2551377605516	False	4.514146116733012e-12	1.7272044350608282e-12
sub-1	02	05	sub-1/ses-02/run-05/tsv-row-15	15	right_hand	2	105.328	5.0	26332	27582	sub-1/ses-02/eeg/sub-1_ses-02_task-imagery_run-05_eeg.edf	2645.6974163792843	False	4.359390721142447e-12	1.702123601609969e-12
sub-1	02	05	sub-1/ses-02/run-05/tsv-row-16	16	rest	1	112.2	5.0	28050	29300	sub-1/ses-02/eeg/sub-1_ses-02_task-imagery_run-05_eeg.edf	1475.4682017273474	False	5.29812654259619e-12	1.9360757406491735e-12
sub-1	02	05	sub-1/ses-02/run-05/tsv-row-17	17	right_hand	2	119.1	5.0	29775	31025	sub-1/ses-02/eeg/sub-1_ses-02_task-imagery_run-05_eeg.edf	1086.1162442701498	False	3.948964753894367e-12	2.197166811722348e-12
sub-1	02	05	sub-1/ses-02/run-05/tsv-row-18	18	rest	1	125.996	5.0	31499	32749	sub-1/ses-02/eeg/sub-1_ses-02_task-imagery_run-05_eeg.edf	900.5035652638323	False	7.0095599737200404e-12	2.110859420506735e-12
sub-1	02	05	sub-1/ses-02/run-05/tsv-row-19	19	right_hand	2	132.876	5.0	33219	34469	sub-1/ses-02/eeg/sub-1_ses-02_task-imagery_run-05_eeg.edf	1379.5174521164586	False	3.688861651265902e-12	1.9109537901061127e-12
sub-1	02	05	sub-1/ses-02/run-05/tsv-row-20	20	rest	1	139.772	5.0	34943	36193	sub-1/ses-02/eeg/sub-1_ses-02_task-imagery_run-05_eeg.edf	969.0332090823083	False	8.558992700003581e-12	2.0095163878332113e-12
sub-1	02	05	sub-1/ses-02/run-05/tsv-row-21	21	right_hand	2	146.648	5.0	36662	37912	sub-1/ses-02/eeg/sub-1_ses-02_task-imagery_run-05_eeg.edf	2458.003877742851	False	3.9877634603636e-12	1.359085967457821e-12
sub-1	02	05	sub-1/ses-02/run-05/tsv-row-22	22	rest	1	153.536	5.0	38384	39634	sub-1/ses-02/eeg/sub-1_ses-02_task-imagery_run-05_eeg.edf	992.9862154911951	False	5.536263105496017e-12	3.3854199491807724e-12
sub-1	02	05	sub-1/ses-02/run-05/tsv-row-23	23	right_hand	2	160.44	5.0	40110	41360	sub-1/ses-02/eeg/sub-1_ses-02_task-imagery_run-05_eeg.edf	2013.2085714743491	False	4.543825385433978e-12	1.9009469383543145e-12
sub-1	02	05	sub-1/ses-02/run-05/tsv-row-24	24	rest	1	167.32	5.0	41830	43080	sub-1/ses-02/eeg/sub-1_ses-02_task-imagery_run-05_eeg.edf	1009.7718165074617	False	3.096437877959128e-12	2.1883415026584325e-12
sub-1	02	05	sub-1/ses-02/run-05/tsv-row-25	25	right_hand	2	174.196	5.0	43549	44799	sub-1/ses-02/eeg/sub-1_ses-02_task-imagery_run-05_eeg.edf	889.7293365123447	False	4.23195590463521e-12	1.8959149120875682e-12
sub-1	02	05	sub-1/ses-02/run-05/tsv-row-26	26	rest	1	181.108	5.0	45277	46527	sub-1/ses-02/eeg/sub-1_ses-02_task-imagery_run-05_eeg.edf	1828.844408246101	False	3.635495212124953e-12	2.111991414325989e-12
sub-1	02	05	sub-1/ses-02/run-05/tsv-row-27	27	rest	1	187.988	5.0	46997	48247	sub-1/ses-02/eeg/sub-1_ses-02_task-imagery_run-05_eeg.edf	870.4467039399395	False	6.193247158156013e-12	2.443486930200291e-12
sub-1	02	05	sub-1/ses-02/run-05/tsv-row-28	28	right_hand	2	194.856	5.0	48714	49964	sub-1/ses-02/eeg/sub-1_ses-02_task-imagery_run-05_eeg.edf	1260.261074648274	False	2.7665932452690153e-12	1.7655721121704957e-12
sub-1	02	05	sub-1/ses-02/run-05/tsv-row-29	29	rest	1	202.028	5.0	50507	51757	sub-1/ses-02/eeg/sub-1_ses-02_task-imagery_run-05_eeg.edf	1091.4339966582231	False	8.943442727241687e-12	2.6643870553603105e-12
sub-1	02	05	sub-1/ses-02/run-05/tsv-row-30	30	right_hand	2	208.648	5.0	52162	53412	sub-1/ses-02/eeg/sub-1_ses-02_task-imagery_run-05_eeg.edf	1139.802422727134	False	2.593454100294935e-12	2.0603577558471263e-12
sub-1	02	06	sub-1/ses-02/run-06/tsv-row-1	1	rest	1	8.02	5.0	2005	3255	sub-1/ses-02/eeg/sub-1_ses-02_task-imagery_run-06_eeg.edf	1037.855201147496	False	3.251360538665711e-12	2.034006149138519e-12
sub-1	02	06	sub-1/ses-02/run-06/tsv-row-2	2	right_hand	2	14.88	5.0	3720	4970	sub-1/ses-02/eeg/sub-1_ses-02_task-imagery_run-06_eeg.edf	1019.9953602099674	False	3.9282541535154836e-12	1.5459511302489084e-12
sub-1	02	06	sub-1/ses-02/run-06/tsv-row-3	3	rest	1	21.768	5.0	5442	6692	sub-1/ses-02/eeg/sub-1_ses-02_task-imagery_run-06_eeg.edf	1151.9597404705955	False	2.0793036687011472e-12	1.6002844360255987e-12
sub-1	02	06	sub-1/ses-02/run-06/tsv-row-4	4	right_hand	2	28.672	5.0	7168	8418	sub-1/ses-02/eeg/sub-1_ses-02_task-imagery_run-06_eeg.edf	1090.9767793206581	False	3.2508882884644295e-12	1.5083334533244967e-12
sub-1	02	06	sub-1/ses-02/run-06/tsv-row-5	5	right_hand	2	35.556	5.0	8889	10139	sub-1/ses-02/eeg/sub-1_ses-02_task-imagery_run-06_eeg.edf	1023.6589173253581	False	3.45118312590959e-12	1.5144818334828142e-12
sub-1	02	06	sub-1/ses-02/run-06/tsv-row-6	6	rest	1	42.436	5.0	10609	11859	sub-1/ses-02/eeg/sub-1_ses-02_task-imagery_run-06_eeg.edf	2177.145139927366	False	3.657306295014417e-12	3.0379621043077883e-12
sub-1	02	06	sub-1/ses-02/run-06/tsv-row-7	7	right_hand	2	49.332	5.0	12333	13583	sub-1/ses-02/eeg/sub-1_ses-02_task-imagery_run-06_eeg.edf	964.8893552659689	False	2.941485612445961e-12	1.6755988193613852e-12
sub-1	02	06	sub-1/ses-02/run-06/tsv-row-8	8	rest	1	56.224	5.0	14056	15306	sub-1/ses-02/eeg/sub-1_ses-02_task-imagery_run-06_eeg.edf	3633.714389721366	False	2.973389498960401e-12	1.9993766214900945e-12
sub-1	02	06	sub-1/ses-02/run-06/tsv-row-9	9	rest	1	63.104	5.0	15776	17026	sub-1/ses-02/eeg/sub-1_ses-02_task-imagery_run-06_eeg.edf	1411.614351023896	False	3.9142656159444034e-12	1.892471544469116e-12
sub-1	02	06	sub-1/ses-02/run-06/tsv-row-10	10	right_hand	2	69.992	5.0	17498	18748	sub-1/ses-02/eeg/sub-1_ses-02_task-imagery_run-06_eeg.edf	969.6214498733483	False	3.914541716154028e-12	1.6763593716182736e-12
sub-1	02	06	sub-1/ses-02/run-06/tsv-row-11	11	right_hand	2	76.88	5.0	19220	20470	sub-1/ses-02/eeg/sub-1_ses-02_task-imagery_run-06_eeg.edf	1011.2180879543445	False	2.3783443469756898e-12	1.8895703240005095e-12
sub-1	02	06	sub-1/ses-02/run-06/tsv-row-12	12	rest	1	83.772	5.0	20943	22193	sub-1/ses-02/eeg/sub-1_ses-02_task-imagery_run-06_eeg.edf	1310.1032892849514	False	4.061091527616585e-12	2.6766897188319765e-12
sub-1	02	06	sub-1/ses-02/run-06/tsv-row-13	13	rest	1	90.668	5.0	22667	23917	sub-1/ses-02/eeg/sub-1_ses-02_task-imagery_run-06_eeg.edf	1164.858514481033	False	4.4736656713797146e-12	2.020748418028473e-12
sub-1	02	06	sub-1/ses-02/run-06/tsv-row-14	14	right_hand	2	97.54	5.0	24385	25635	sub-1/ses-02/eeg/sub-1_ses-02_task-imagery_run-06_eeg.edf	1551.4401142612994	False	2.714834460749295e-12	1.535566752139158e-12
sub-1	02	06	sub-1/ses-02/run-06/tsv-row-15	15	right_hand	2	105.376	5.0	26344	27594	sub-1/ses-02/eeg/sub-1_ses-02_task-imagery_run-06_eeg.edf	1013.3551629383222	False	3.932052236992445e-12	1.585528795116118e-12
sub-1	02	06	sub-1/ses-02/run-06/tsv-row-16	16	rest	1	111.38	5.0	27845	29095	sub-1/ses-02/eeg/sub-1_ses-02_task-imagery_run-06_eeg.edf	1349.715500595111	False	4.65405478025135e-12	1.8206220475195034e-12
sub-1	02	06	sub-1/ses-02/run-06/tsv-row-17	17	rest	1	118.216	5.0	29554	30804	sub-1/ses-02/eeg/sub-1_ses-02_task-imagery_run-06_eeg.edf	1573.8794015930664	False	3.007043385242959e-12	2.2918079696064772e-12
sub-1	02	06	sub-1/ses-02/run-06/tsv-row-18	18	right_hand	2	125.084	5.0	31271	32521	sub-1/ses-02/eeg/sub-1_ses-02_task-imagery_run-06_eeg.edf	1420.5442714926605	False	3.6115927643462586e-12	1.6856591194600778e-12
sub-1	02	06	sub-1/ses-02/run-06/tsv-row-19	19	rest	1	131.996	5.0	32999	34249	sub-1/ses-02/eeg/sub-1_ses-02_task-imagery_run-06_eeg.edf	1020.911249488815	False	3.372773134967989e-12	2.1133159110958664e-12
sub-1	02	06	sub-1/ses-02/run-06/tsv-row-20	20	right_hand	2	138.876	5.0	34719	35969	sub-1/ses-02/eeg/sub-1_ses-02_task-imagery_run-06_eeg.edf	856.4327998290964	False	3.4861041454571376e-12	1.9321904114658735e-12
sub-1	02	06	sub-1/ses-02/run-06/tsv-row-21	21	right_hand	2	145.764	5.0	36441	37691	sub-1/ses-02/eeg/sub-1_ses-02_task-imagery_run-06_eeg.edf	1490.8387736442155	False	4.16664911415352e-12	1.7867511616924975e-12
sub-1	02	06	sub-1/ses-02/run-06/tsv-row-22	22	rest	1	152.64	5.0	38160	39410	sub-1/ses-02/eeg/sub-1_ses-02_task-imagery_run-06_eeg.edf	1458.7826488845485	False	3.1362193543973747e-12	2.3931877838423056e-12
sub-1	02	06	sub-1/ses-02/run-06/tsv-row-23	23	rest	1	159.536	5.0	39884	41134	sub-1/ses-02/eeg/sub-1_ses-02_task-imagery_run-06_eeg.edf	1480.61134336375	False	4.916859773506709e-12	2.3335363135173894e-12
sub-1	02	06	sub-1/ses-02/run-06/tsv-row-24	24	right_hand	2	166.424	5.0	41606	42856	sub-1/ses-02/eeg/sub-1_ses-02_task-imagery_run-06_eeg.edf	1569.2236310922572	False	4.063484559344111e-12	1.6769487542333986e-12
sub-1	02	06	sub-1/ses-02/run-06/tsv-row-25	25	rest	1	173.32	5.0	43330	44580	sub-1/ses-02/eeg/sub-1_ses-02_task-imagery_run-06_eeg.edf	1406.5006358836636	False	8.03242757347157e-12	2.2197932998133933e-12
sub-1	02	06	sub-1/ses-02/run-06/tsv-row-26	26	right_hand	2	180.196	5.0	45049	46299	sub-1/ses-02/eeg/sub-1_ses-02_task-imagery_run-06_eeg.edf	1099.6014033631398	False	4.412246201775883e-12	1.6327932078168142e-12
sub-1	02	06	sub-1/ses-02/run-06/tsv-row-27	27	right_hand	2	187.084	5.0	46771	48021	sub-1/ses-02/eeg/sub-1_ses-02_task-imagery_run-06_eeg.edf	4476.943119113743	False	4.844577068405351e-12	1.7421930568892923e-12
sub-1	02	06	sub-1/ses-02/run-06/tsv-row-28	28	rest	1	193.972	5.0	48493	49743	sub-1/ses-02/eeg/sub-1_ses-02_task-imagery_run-06_eeg.edf	1230.7262184514907	False	1.1568878935568535e-11	2.433042182623835e-12
sub-1	02	06	sub-1/ses-02/run-06/tsv-row-29	29	rest	1	200.884	5.0	50221	51471	sub-1/ses-02/eeg/sub-1_ses-02_task-imagery_run-06_eeg.edf	1269.0409199499497	False	7.137611037186346e-12	1.880406360936871e-12
sub-1	02	06	sub-1/ses-02/run-06/tsv-row-30	30	right_hand	2	207.744	5.0	51936	53186	sub-1/ses-02/eeg/sub-1_ses-02_task-imagery_run-06_eeg.edf	1102.4253953062534	False	3.946387582012417e-12	1.706587121401202e-12
sub-1	03	01	sub-1/ses-03/run-01/tsv-row-1	1	right_hand	2	7.828	5.0	1957	3207	sub-1/ses-03/eeg/sub-1_ses-03_task-imagery_run-01_eeg.edf	1604.1402338480789	False	2.5573932850337095e-12	1.6977453874190945e-12
sub-1	03	01	sub-1/ses-03/run-01/tsv-row-2	2	rest	1	14.716	5.0	3679	4929	sub-1/ses-03/eeg/sub-1_ses-03_task-imagery_run-01_eeg.edf	1493.1291744743185	False	4.6439131711575635e-12	2.6668065775870406e-12
sub-1	03	01	sub-1/ses-03/run-01/tsv-row-3	3	rest	1	21.62	5.0	5405	6655	sub-1/ses-03/eeg/sub-1_ses-03_task-imagery_run-01_eeg.edf	1730.7988975188448	False	8.265154684370513e-12	2.211191446153089e-12
sub-1	03	01	sub-1/ses-03/run-01/tsv-row-4	4	right_hand	2	28.488	5.0	7122	8372	sub-1/ses-03/eeg/sub-1_ses-03_task-imagery_run-01_eeg.edf	1812.6880266731769	False	2.7424664873700904e-12	1.6501356241218805e-12
sub-1	03	01	sub-1/ses-03/run-01/tsv-row-5	5	rest	1	35.392	5.0	8848	10098	sub-1/ses-03/eeg/sub-1_ses-03_task-imagery_run-01_eeg.edf	2047.0543665883356	False	5.913174956887304e-12	3.3142359354449864e-12
sub-1	03	01	sub-1/ses-03/run-01/tsv-row-6	6	right_hand	2	42.264	5.0	10566	11816	sub-1/ses-03/eeg/sub-1_ses-03_task-imagery_run-01_eeg.edf	1927.7848493911556	False	3.450179923487784e-12	1.898150408904636e-12
sub-1	03	01	sub-1/ses-03/run-01/tsv-row-7	7	rest	1	49.148	5.0	12287	13537	sub-1/ses-03/eeg/sub-1_ses-03_task-imagery_run-01_eeg.edf	1835.8986397137362	False	4.636577334222176e-12	2.447929323291629e-12
sub-1	03	01	sub-1/ses-03/run-01/tsv-row-8	8	right_hand	2	56.052	5.0	14013	15263	sub-1/ses-03/eeg/sub-1_ses-03_task-imagery_run-01_eeg.edf	3011.3814469588306	False	3.488311441975356e-12	1.8655157447605757e-12
sub-1	03	01	sub-1/ses-03/run-01/tsv-row-9	9	rest	1	62.94	5.0	15735	16985	sub-1/ses-03/eeg/sub-1_ses-03_task-imagery_run-01_eeg.edf	1916.3099395733511	False	8.888670161559913e-12	2.9489072339917043e-12
sub-1	03	01	sub-1/ses-03/run-01/tsv-row-10	10	right_hand	2	69.812	5.0	17453	18703	sub-1/ses-03/eeg/sub-1_ses-03_task-imagery_run-01_eeg.edf	2566.6417603839227	False	4.31369671730865e-12	1.6301612892307784e-12
sub-1	03	01	sub-1/ses-03/run-01/tsv-row-11	11	rest	1	76.712	5.0	19178	20428	sub-1/ses-03/eeg/sub-1_ses-03_task-imagery_run-01_eeg.edf	1083.1619418927578	False	1.2127348326625539e-11	2.377519464890369e-12
sub-1	03	01	sub-1/ses-03/run-01/tsv-row-12	12	right_hand	2	83.6	5.0	20900	22150	sub-1/ses-03/eeg/sub-1_ses-03_task-imagery_run-01_eeg.edf	4652.554344309823	False	8.349495828375068e-12	2.1723289671992883e-12
sub-1	03	01	sub-1/ses-03/run-01/tsv-row-13	13	right_hand	2	90.488	5.0	22622	23872	sub-1/ses-03/eeg/sub-1_ses-03_task-imagery_run-01_eeg.edf	1919.5263915677356	False	3.654461637843955e-12	1.7236269927924723e-12
sub-1	03	01	sub-1/ses-03/run-01/tsv-row-14	14	rest	1	97.356	5.0	24339	25589	sub-1/ses-03/eeg/sub-1_ses-03_task-imagery_run-01_eeg.edf	2623.755516067995	False	6.8390772273245774e-12	2.571513489260102e-12
sub-1	03	01	sub-1/ses-03/run-01/tsv-row-15	15	rest	1	104.26	5.0	26065	27315	sub-1/ses-03/eeg/sub-1_ses-03_task-imagery_run-01_eeg.edf	3055.716325800347	False	7.52400960908136e-12	2.4849129013772616e-12
sub-1	03	01	sub-1/ses-03/run-01/tsv-row-16	16	right_hand	2	111.148	5.0	27787	29037	sub-1/ses-03/eeg/sub-1_ses-03_task-imagery_run-01_eeg.edf	2006.3705954161196	False	1.9856307802152695e-12	1.630214503756314e-12
sub-1	03	01	sub-1/ses-03/run-01/tsv-row-17	17	rest	1	118.036	5.0	29509	30759	sub-1/ses-03/eeg/sub-1_ses-03_task-imagery_run-01_eeg.edf	1250.852101275674	False	4.109241689670031e-12	2.606716320403346e-12
sub-1	03	01	sub-1/ses-03/run-01/tsv-row-18	18	right_hand	2	124.92	5.0	31230	32480	sub-1/ses-03/eeg/sub-1_ses-03_task-imagery_run-01_eeg.edf	3218.277548219245	False	1.058230432974539e-11	2.544836134927674e-12
sub-1	03	01	sub-1/ses-03/run-01/tsv-row-19	19	rest	1	131.808	5.0	32952	34202	sub-1/ses-03/eeg/sub-1_ses-03_task-imagery_run-01_eeg.edf	5231.776496704	False	8.853255437695673e-12	3.5220644322347553e-12
sub-1	03	01	sub-1/ses-03/run-01/tsv-row-20	20	right_hand	2	138.712	5.0	34678	35928	sub-1/ses-03/eeg/sub-1_ses-03_task-imagery_run-01_eeg.edf	2974.7834391308324	False	4.546168569406357e-12	2.211318048263621e-12
sub-1	03	01	sub-1/ses-03/run-01/tsv-row-21	21	right_hand	2	145.6	5.0	36400	37650	sub-1/ses-03/eeg/sub-1_ses-03_task-imagery_run-01_eeg.edf	1860.674013183996	False	5.452951803754565e-12	2.1320068661466222e-12
sub-1	03	01	sub-1/ses-03/run-01/tsv-row-22	22	rest	1	152.468	5.0	38117	39367	sub-1/ses-03/eeg/sub-1_ses-03_task-imagery_run-01_eeg.edf	2265.6861710715043	False	5.877499454658428e-12	3.798036879271479e-12
sub-1	03	01	sub-1/ses-03/run-01/tsv-row-23	23	rest	1	159.372	5.0	39843	41093	sub-1/ses-03/eeg/sub-1_ses-03_task-imagery_run-01_eeg.edf	3191.3288963744008	False	1.5309296274640084e-11	2.6818027576917624e-12
sub-1	03	01	sub-1/ses-03/run-01/tsv-row-24	24	right_hand	2	166.26	5.0	41565	42815	sub-1/ses-03/eeg/sub-1_ses-03_task-imagery_run-01_eeg.edf	2746.5022786645095	False	6.164633029942762e-12	1.9304252030925342e-12
sub-1	03	01	sub-1/ses-03/run-01/tsv-row-25	25	right_hand	2	173.164	5.0	43291	44541	sub-1/ses-03/eeg/sub-1_ses-03_task-imagery_run-01_eeg.edf	2994.0821510971405	False	7.873439173407459e-12	2.049565706614489e-12
sub-1	03	01	sub-1/ses-03/run-01/tsv-row-26	26	rest	1	180.016	5.0	45004	46254	sub-1/ses-03/eeg/sub-1_ses-03_task-imagery_run-01_eeg.edf	2294.721170155949	False	7.682347325782115e-12	2.355489432502756e-12
sub-1	03	01	sub-1/ses-03/run-01/tsv-row-27	27	rest	1	186.92	5.0	46730	47980	sub-1/ses-03/eeg/sub-1_ses-03_task-imagery_run-01_eeg.edf	2446.763725241859	False	9.527860505317633e-12	2.5850888769171175e-12
sub-1	03	01	sub-1/ses-03/run-01/tsv-row-28	28	right_hand	2	193.808	5.0	48452	49702	sub-1/ses-03/eeg/sub-1_ses-03_task-imagery_run-01_eeg.edf	2576.291116367076	False	9.474067078144451e-12	1.9599037677467286e-12
sub-1	03	01	sub-1/ses-03/run-01/tsv-row-29	29	rest	1	200.692	5.0	50173	51423	sub-1/ses-03/eeg/sub-1_ses-03_task-imagery_run-01_eeg.edf	2242.6494203009124	False	6.287095922615455e-12	3.0276659167319665e-12
sub-1	03	01	sub-1/ses-03/run-01/tsv-row-30	30	right_hand	2	207.58	5.0	51895	53145	sub-1/ses-03/eeg/sub-1_ses-03_task-imagery_run-01_eeg.edf	3312.3370362712485	False	9.769209690846673e-12	1.8344903730889797e-12
sub-1	03	02	sub-1/ses-03/run-02/tsv-row-1	1	right_hand	2	7.212	5.0	1803	3053	sub-1/ses-03/eeg/sub-1_ses-03_task-imagery_run-02_eeg.edf	1793.8750816370125	False	1.839597783255507e-12	1.5839678867672722e-12
sub-1	03	02	sub-1/ses-03/run-02/tsv-row-2	2	rest	1	14.1	5.0	3525	4775	sub-1/ses-03/eeg/sub-1_ses-03_task-imagery_run-02_eeg.edf	1420.4899417096467	False	3.188968211433345e-12	2.3747230298420176e-12
sub-1	03	02	sub-1/ses-03/run-02/tsv-row-3	3	rest	1	21.004	5.0	5251	6501	sub-1/ses-03/eeg/sub-1_ses-03_task-imagery_run-02_eeg.edf	1153.3727762688068	False	3.672200839040994e-12	1.7429916359881347e-12
sub-1	03	02	sub-1/ses-03/run-02/tsv-row-4	4	right_hand	2	27.872	5.0	6968	8218	sub-1/ses-03/eeg/sub-1_ses-03_task-imagery_run-02_eeg.edf	4624.379782097842	False	2.5936784588732454e-12	1.6136785919584682e-12
sub-1	03	02	sub-1/ses-03/run-02/tsv-row-5	5	rest	1	34.76	5.0	8690	9940	sub-1/ses-03/eeg/sub-1_ses-03_task-imagery_run-02_eeg.edf	2554.152834253974	False	4.412042868262912e-12	2.3075265909627788e-12
sub-1	03	02	sub-1/ses-03/run-02/tsv-row-6	6	right_hand	2	41.648	5.0	10412	11662	sub-1/ses-03/eeg/sub-1_ses-03_task-imagery_run-02_eeg.edf	2873.921577196569	False	2.205797147880111e-12	1.5717753243950857e-12
sub-1	03	02	sub-1/ses-03/run-02/tsv-row-7	7	right_hand	2	48.552	5.0	12138	13388	sub-1/ses-03/eeg/sub-1_ses-03_task-imagery_run-02_eeg.edf	3179.2180278939168	False	5.230699927919208e-12	2.7301052490433402e-12
sub-1	03	02	sub-1/ses-03/run-02/tsv-row-8	8	rest	1	55.42	5.0	13855	15105	sub-1/ses-03/eeg/sub-1_ses-03_task-imagery_run-02_eeg.edf	3161.0242890713216	False	9.12528630329605e-12	3.2393644725633725e-12
sub-1	03	02	sub-1/ses-03/run-02/tsv-row-9	9	right_hand	2	62.308	5.0	15577	16827	sub-1/ses-03/eeg/sub-1_ses-03_task-imagery_run-02_eeg.edf	4171.465950498978	False	2.55360301775104e-12	1.7190226596933738e-12
sub-1	03	02	sub-1/ses-03/run-02/tsv-row-10	10	rest	1	69.212	5.0	17303	18553	sub-1/ses-03/eeg/sub-1_ses-03_task-imagery_run-02_eeg.edf	2187.797093417157	False	5.705341367109917e-12	2.702180980293495e-12
sub-1	03	02	sub-1/ses-03/run-02/tsv-row-11	11	right_hand	2	76.096	5.0	19024	20274	sub-1/ses-03/eeg/sub-1_ses-03_task-imagery_run-02_eeg.edf	4219.844756004516	False	3.512181173961981e-12	1.5814082370009952e-12
sub-1	03	02	sub-1/ses-03/run-02/tsv-row-12	12	rest	1	82.984	5.0	20746	21996	sub-1/ses-03/eeg/sub-1_ses-03_task-imagery_run-02_eeg.edf	1416.7684951322976	False	4.91984413268586e-12	2.4708578292540128e-12
sub-1	03	02	sub-1/ses-03/run-02/tsv-row-13	13	rest	1	89.872	5.0	22468	23718	sub-1/ses-03/eeg/sub-1_ses-03_task-imagery_run-02_eeg.edf	2442.371605578783	False	9.284543659041053e-12	2.0782330283906948e-12
sub-1	03	02	sub-1/ses-03/run-02/tsv-row-14	14	right_hand	2	96.756	5.0	24189	25439	sub-1/ses-03/eeg/sub-1_ses-03_task-imagery_run-02_eeg.edf	6237.695789056062	True	3.7428155004570284e-12	1.4461313988759949e-12
sub-1	03	02	sub-1/ses-03/run-02/tsv-row-15	15	right_hand	2	103.644	5.0	25911	27161	sub-1/ses-03/eeg/sub-1_ses-03_task-imagery_run-02_eeg.edf	3640.81523483993	False	6.2579445484454115e-12	2.7171114276772592e-12
sub-1	03	02	sub-1/ses-03/run-02/tsv-row-16	16	rest	1	110.532	5.0	27633	28883	sub-1/ses-03/eeg/sub-1_ses-03_task-imagery_run-02_eeg.edf	2026.67223975341	False	7.320316344467062e-12	2.9417389839660523e-12
sub-1	03	02	sub-1/ses-03/run-02/tsv-row-17	17	rest	1	117.436	5.0	29359	30609	sub-1/ses-03/eeg/sub-1_ses-03_task-imagery_run-02_eeg.edf	2174.703114719077	False	5.103588102371239e-12	2.5326744275601253e-12
sub-1	03	02	sub-1/ses-03/run-02/tsv-row-18	18	right_hand	2	124.304	5.0	31076	32326	sub-1/ses-03/eeg/sub-1_ses-03_task-imagery_run-02_eeg.edf	2966.819910275581	False	3.643945028424661e-12	2.187991282923534e-12
sub-1	03	02	sub-1/ses-03/run-02/tsv-row-19	19	right_hand	2	131.208	5.0	32802	34052	sub-1/ses-03/eeg/sub-1_ses-03_task-imagery_run-02_eeg.edf	2408.6029236732074	False	3.4054326629903653e-12	2.116284528907981e-12
sub-1	03	02	sub-1/ses-03/run-02/tsv-row-20	20	rest	1	138.08	5.0	34520	35770	sub-1/ses-03/eeg/sub-1_ses-03_task-imagery_run-02_eeg.edf	2236.0380675679794	False	3.775834834101433e-12	2.59013826673769e-12
sub-1	03	02	sub-1/ses-03/run-02/tsv-row-21	21	rest	1	144.984	5.0	36246	37496	sub-1/ses-03/eeg/sub-1_ses-03_task-imagery_run-02_eeg.edf	1739.5695278786584	False	1.164391647621535e-11	2.4121570716652662e-12
sub-1	03	02	sub-1/ses-03/run-02/tsv-row-22	22	right_hand	2	151.868	5.0	37967	39217	sub-1/ses-03/eeg/sub-1_ses-03_task-imagery_run-02_eeg.edf	2334.449654835658	False	9.255716831408967e-12	1.9779510120409162e-12
sub-1	03	02	sub-1/ses-03/run-02/tsv-row-23	23	right_hand	2	158.756	5.0	39689	40939	sub-1/ses-03/eeg/sub-1_ses-03_task-imagery_run-02_eeg.edf	2708.1104574724563	False	5.789271633797395e-12	1.940240333628255e-12
sub-1	03	02	sub-1/ses-03/run-02/tsv-row-24	24	rest	1	165.628	5.0	41407	42657	sub-1/ses-03/eeg/sub-1_ses-03_task-imagery_run-02_eeg.edf	6558.015857417523	True	4.339455429208337e-12	2.169188164578639e-12
sub-1	03	02	sub-1/ses-03/run-02/tsv-row-25	25	rest	1	172.528	5.0	43132	44382	sub-1/ses-03/eeg/sub-1_ses-03_task-imagery_run-02_eeg.edf	1319.1838959929194	False	4.230117162438277e-12	2.0831398260826003e-12
sub-1	03	02	sub-1/ses-03/run-02/tsv-row-26	26	right_hand	2	179.416	5.0	44854	46104	sub-1/ses-03/eeg/sub-1_ses-03_task-imagery_run-02_eeg.edf	3009.8232929471724	False	3.383442948018435e-12	1.7501575383207743e-12
sub-1	03	02	sub-1/ses-03/run-02/tsv-row-27	27	rest	1	186.304	5.0	46576	47826	sub-1/ses-03/eeg/sub-1_ses-03_task-imagery_run-02_eeg.edf	1860.0341319009976	False	5.7664669372384845e-12	2.24167807013227e-12
sub-1	03	02	sub-1/ses-03/run-02/tsv-row-28	28	right_hand	2	193.192	5.0	48298	49548	sub-1/ses-03/eeg/sub-1_ses-03_task-imagery_run-02_eeg.edf	1908.9642628254032	False	3.6378401746003682e-12	2.191513743984201e-12
sub-1	03	02	sub-1/ses-03/run-02/tsv-row-29	29	right_hand	2	200.076	5.0	50019	51269	sub-1/ses-03/eeg/sub-1_ses-03_task-imagery_run-02_eeg.edf	2534.9942759483624	False	3.0648119889536872e-12	1.7642895781293017e-12
sub-1	03	02	sub-1/ses-03/run-02/tsv-row-30	30	rest	1	206.964	5.0	51741	52991	sub-1/ses-03/eeg/sub-1_ses-03_task-imagery_run-02_eeg.edf	1087.7650514236884	False	1.0150061056042165e-11	2.592192136577296e-12
sub-1	03	03	sub-1/ses-03/run-03/tsv-row-1	1	right_hand	2	6.42	5.0	1605	2855	sub-1/ses-03/eeg/sub-1_ses-03_task-imagery_run-03_eeg.edf	1468.9734462263864	False	2.3057321494081132e-12	1.4938617457811626e-12
sub-1	03	03	sub-1/ses-03/run-03/tsv-row-2	2	rest	1	13.308	5.0	3327	4577	sub-1/ses-03/eeg/sub-1_ses-03_task-imagery_run-03_eeg.edf	953.7200516678364	False	3.6979191213276694e-12	2.083854291726885e-12
sub-1	03	03	sub-1/ses-03/run-03/tsv-row-3	3	rest	1	20.212	5.0	5053	6303	sub-1/ses-03/eeg/sub-1_ses-03_task-imagery_run-03_eeg.edf	1305.104794000061	False	6.71554211971136e-12	2.1583854898906173e-12
sub-1	03	03	sub-1/ses-03/run-03/tsv-row-4	4	right_hand	2	27.1	5.0	6775	8025	sub-1/ses-03/eeg/sub-1_ses-03_task-imagery_run-03_eeg.edf	2668.1143408307134	False	2.60997212723812e-12	1.347780299108668e-12
sub-1	03	03	sub-1/ses-03/run-03/tsv-row-5	5	right_hand	2	33.984	5.0	8496	9746	sub-1/ses-03/eeg/sub-1_ses-03_task-imagery_run-03_eeg.edf	1973.5720066072574	False	2.0161568010790918e-12	1.6408105793633394e-12
sub-1	03	03	sub-1/ses-03/run-03/tsv-row-6	6	rest	1	40.872	5.0	10218	11468	sub-1/ses-03/eeg/sub-1_ses-03_task-imagery_run-03_eeg.edf	1339.4520231635486	False	5.314099102975262e-12	2.4514725257046526e-12
sub-1	03	03	sub-1/ses-03/run-03/tsv-row-7	7	right_hand	2	47.76	5.0	11940	13190	sub-1/ses-03/eeg/sub-1_ses-03_task-imagery_run-03_eeg.edf	1594.9432578966641	False	3.9399019140935005e-12	2.804985037675714e-12
sub-1	03	03	sub-1/ses-03/run-03/tsv-row-8	8	rest	1	54.644	5.0	13661	14911	sub-1/ses-03/eeg/sub-1_ses-03_task-imagery_run-03_eeg.edf	2197.9978809320355	False	3.0807276465572527e-12	2.4591101961791672e-12
sub-1	03	03	sub-1/ses-03/run-03/tsv-row-9	9	right_hand	2	61.516	5.0	15379	16629	sub-1/ses-03/eeg/sub-1_ses-03_task-imagery_run-03_eeg.edf	1489.33901535081	False	6.407449000596632e-12	2.228837872592569e-12
sub-1	03	03	sub-1/ses-03/run-03/tsv-row-10	10	rest	1	68.42	5.0	17105	18355	sub-1/ses-03/eeg/sub-1_ses-03_task-imagery_run-03_eeg.edf	1040.8918806573688	False	4.261140388818848e-12	2.323908657917981e-12
sub-1	03	03	sub-1/ses-03/run-03/tsv-row-11	11	right_hand	2	75.308	5.0	18827	20077	sub-1/ses-03/eeg/sub-1_ses-03_task-imagery_run-03_eeg.edf	1413.1367202826013	False	2.8049710847400115e-12	1.2946547761315783e-12
sub-1	03	03	sub-1/ses-03/run-03/tsv-row-12	12	rest	1	82.192	5.0	20548	21798	sub-1/ses-03/eeg/sub-1_ses-03_task-imagery_run-03_eeg.edf	987.0332673879207	False	4.6589406397836085e-12	2.139926097426405e-12
sub-1	03	03	sub-1/ses-03/run-03/tsv-row-13	13	right_hand	2	89.08	5.0	22270	23520	sub-1/ses-03/eeg/sub-1_ses-03_task-imagery_run-03_eeg.edf	1554.3469909665212	False	3.3584641574177924e-12	1.4967066150959216e-12
sub-1	03	03	sub-1/ses-03/run-03/tsv-row-14	14	rest	1	95.968	5.0	23992	25242	sub-1/ses-03/eeg/sub-1_ses-03_task-imagery_run-03_eeg.edf	1477.200596667379	False	4.974619255449708e-12	2.341222014540526e-12
sub-1	03	03	sub-1/ses-03/run-03/tsv-row-15	15	rest	1	102.872	5.0	25718	26968	sub-1/ses-03/eeg/sub-1_ses-03_task-imagery_run-03_eeg.edf	1657.343721350749	False	6.296863604787369e-12	2.114334434760146e-12
sub-1	03	03	sub-1/ses-03/run-03/tsv-row-16	16	right_hand	2	109.756	5.0	27439	28689	sub-1/ses-03/eeg/sub-1_ses-03_task-imagery_run-03_eeg.edf	1786.100873607593	False	3.1057028190776316e-12	1.5191899267847432e-12
sub-1	03	03	sub-1/ses-03/run-03/tsv-row-17	17	rest	1	116.628	5.0	29157	30407	sub-1/ses-03/eeg/sub-1_ses-03_task-imagery_run-03_eeg.edf	1077.6667935575426	False	4.965805636330211e-12	1.932397456152853e-12
sub-1	03	03	sub-1/ses-03/run-03/tsv-row-18	18	right_hand	2	123.512	5.0	30878	32128	sub-1/ses-03/eeg/sub-1_ses-03_task-imagery_run-03_eeg.edf	1810.3327538682208	False	5.895643440581122e-12	1.9381759168386356e-12
sub-1	03	03	sub-1/ses-03/run-03/tsv-row-19	19	rest	1	130.416	5.0	32604	33854	sub-1/ses-03/eeg/sub-1_ses-03_task-imagery_run-03_eeg.edf	2325.541191320536	False	4.6068617566503005e-12	2.0021303545609037e-12
sub-1	03	03	sub-1/ses-03/run-03/tsv-row-20	20	right_hand	2	137.304	5.0	34326	35576	sub-1/ses-03/eeg/sub-1_ses-03_task-imagery_run-03_eeg.edf	1591.6613891415145	False	7.62606579747462e-12	2.5593317129169806e-12
sub-1	03	03	sub-1/ses-03/run-03/tsv-row-21	21	rest	1	144.192	5.0	36048	37298	sub-1/ses-03/eeg/sub-1_ses-03_task-imagery_run-03_eeg.edf	1840.454015045625	False	4.618123145572293e-12	2.7404931586074124e-12
sub-1	03	03	sub-1/ses-03/run-03/tsv-row-22	22	right_hand	2	151.076	5.0	37769	39019	sub-1/ses-03/eeg/sub-1_ses-03_task-imagery_run-03_eeg.edf	1290.628605792413	False	4.226435503625941e-12	1.6376375268390657e-12
sub-1	03	03	sub-1/ses-03/run-03/tsv-row-23	23	right_hand	2	157.964	5.0	39491	40741	sub-1/ses-03/eeg/sub-1_ses-03_task-imagery_run-03_eeg.edf	1642.5977905056916	False	2.2133853371700206e-12	1.402889663131385e-12
sub-1	03	03	sub-1/ses-03/run-03/tsv-row-24	24	rest	1	164.852	5.0	41213	42463	sub-1/ses-03/eeg/sub-1_ses-03_task-imagery_run-03_eeg.edf	1016.8398288216804	False	2.8720149806400697e-12	2.014598353269438e-12
sub-1	03	03	sub-1/ses-03/run-03/tsv-row-25	25	rest	1	171.756	5.0	42939	44189	sub-1/ses-03/eeg/sub-1_ses-03_task-imagery_run-03_eeg.edf	1253.2242934049502	False	1.4601763696237867e-11	2.502958562833506e-12
sub-1	03	03	sub-1/ses-03/run-03/tsv-row-26	26	right_hand	2	178.624	5.0	44656	45906	sub-1/ses-03/eeg/sub-1_ses-03_task-imagery_run-03_eeg.edf	1224.1820027771844	False	3.4122327694166588e-12	2.0560238469937088e-12
sub-1	03	03	sub-1/ses-03/run-03/tsv-row-27	27	right_hand	2	185.512	5.0	46378	47628	sub-1/ses-03/eeg/sub-1_ses-03_task-imagery_run-03_eeg.edf	1127.0746533097324	False	4.533432097860972e-12	1.5894107103885726e-12
sub-1	03	03	sub-1/ses-03/run-03/tsv-row-28	28	rest	1	192.416	5.0	48104	49354	sub-1/ses-03/eeg/sub-1_ses-03_task-imagery_run-03_eeg.edf	1252.1453228553116	False	5.635606327075394e-12	1.9036577357501114e-12
sub-1	03	03	sub-1/ses-03/run-03/tsv-row-29	29	rest	1	199.304	5.0	49826	51076	sub-1/ses-03/eeg/sub-1_ses-03_task-imagery_run-03_eeg.edf	1396.862247825556	False	7.113079407388141e-12	1.8571018398788277e-12
sub-1	03	03	sub-1/ses-03/run-03/tsv-row-30	30	right_hand	2	206.172	5.0	51543	52793	sub-1/ses-03/eeg/sub-1_ses-03_task-imagery_run-03_eeg.edf	1396.1878912320321	False	2.3437439709028453e-12	1.3536285653233237e-12
sub-1	03	04	sub-1/ses-03/run-04/tsv-row-1	1	rest	1	5.552	5.0	1388	2638	sub-1/ses-03/eeg/sub-1_ses-03_task-imagery_run-04_eeg.edf	911.0090370647298	False	3.2102948292903084e-12	2.3593372611806865e-12
sub-1	03	04	sub-1/ses-03/run-04/tsv-row-2	2	right_hand	2	12.376	5.0	3094	4344	sub-1/ses-03/eeg/sub-1_ses-03_task-imagery_run-04_eeg.edf	1845.4622765282143	False	2.00075059225736e-12	1.7428045519351313e-12
sub-1	03	04	sub-1/ses-03/run-04/tsv-row-3	3	rest	1	19.244	5.0	4811	6061	sub-1/ses-03/eeg/sub-1_ses-03_task-imagery_run-04_eeg.edf	878.9654243598743	False	3.6086780922810256e-12	2.238296434915129e-12
sub-1	03	04	sub-1/ses-03/run-04/tsv-row-4	4	right_hand	2	26.132	5.0	6533	7783	sub-1/ses-03/eeg/sub-1_ses-03_task-imagery_run-04_eeg.edf	1107.0179423657949	False	2.4719119431283744e-12	1.5062599904212952e-12
sub-1	03	04	sub-1/ses-03/run-04/tsv-row-5	5	right_hand	2	33.036	5.0	8259	9509	sub-1/ses-03/eeg/sub-1_ses-03_task-imagery_run-04_eeg.edf	1303.1709718619343	False	1.9235833836935447e-12	1.5438894568733918e-12
sub-1	03	04	sub-1/ses-03/run-04/tsv-row-6	6	rest	1	39.92	5.0	9980	11230	sub-1/ses-03/eeg/sub-1_ses-03_task-imagery_run-04_eeg.edf	1105.3845348216194	False	2.165727452453076e-12	1.7626316834469003e-12
sub-1	03	04	sub-1/ses-03/run-04/tsv-row-7	7	rest	1	46.808	5.0	11702	12952	sub-1/ses-03/eeg/sub-1_ses-03_task-imagery_run-04_eeg.edf	1931.456379589221	False	6.0145864435439976e-12	1.9303841701864027e-12
sub-1	03	04	sub-1/ses-03/run-04/tsv-row-8	8	right_hand	2	53.696	5.0	13424	14674	sub-1/ses-03/eeg/sub-1_ses-03_task-imagery_run-04_eeg.edf	1633.2634199804681	False	2.3650726498704324e-12	1.5463045991144846e-12
sub-1	03	04	sub-1/ses-03/run-04/tsv-row-9	9	right_hand	2	60.58	5.0	15145	16395	sub-1/ses-03/eeg/sub-1_ses-03_task-imagery_run-04_eeg.edf	1600.4991863002413	False	2.7361254798357106e-12	1.5894345756298597e-12
sub-1	03	04	sub-1/ses-03/run-04/tsv-row-10	10	rest	1	67.468	5.0	16867	18117	sub-1/ses-03/eeg/sub-1_ses-03_task-imagery_run-04_eeg.edf	1318.6403021332437	False	4.4169572348847855e-12	2.11109817094932e-12
sub-1	03	04	sub-1/ses-03/run-04/tsv-row-11	11	right_hand	2	74.356	5.0	18589	19839	sub-1/ses-03/eeg/sub-1_ses-03_task-imagery_run-04_eeg.edf	1774.3610069582198	False	2.6233937527766267e-12	1.4785982108463157e-12
sub-1	03	04	sub-1/ses-03/run-04/tsv-row-12	12	rest	1	81.244	5.0	20311	21561	sub-1/ses-03/eeg/sub-1_ses-03_task-imagery_run-04_eeg.edf	1605.6876573229163	False	5.783385267026043e-12	2.3457814691416227e-12
sub-1	03	04	sub-1/ses-03/run-04/tsv-row-13	13	rest	1	88.148	5.0	22037	23287	sub-1/ses-03/eeg/sub-1_ses-03_task-imagery_run-04_eeg.edf	1316.6225634022032	False	3.427168461942191e-12	2.4378096361110925e-12
sub-1	03	04	sub-1/ses-03/run-04/tsv-row-14	14	right_hand	2	95.032	5.0	23758	25008	sub-1/ses-03/eeg/sub-1_ses-03_task-imagery_run-04_eeg.edf	1564.7083445234534	False	1.8167840294144777e-12	1.3125218279960358e-12
sub-1	03	04	sub-1/ses-03/run-04/tsv-row-15	15	rest	1	101.904	5.0	25476	26726	sub-1/ses-03/eeg/sub-1_ses-03_task-imagery_run-04_eeg.edf	1337.616654484695	False	3.401253014046408e-12	1.991352954289033e-12
sub-1	03	04	sub-1/ses-03/run-04/tsv-row-16	16	right_hand	2	108.788	5.0	27197	28447	sub-1/ses-03/eeg/sub-1_ses-03_task-imagery_run-04_eeg.edf	1144.922605670339	False	3.706529311601091e-12	2.2075808749758424e-12
sub-1	03	04	sub-1/ses-03/run-04/tsv-row-17	17	right_hand	2	115.692	5.0	28923	30173	sub-1/ses-03/eeg/sub-1_ses-03_task-imagery_run-04_eeg.edf	1352.077115390484	False	2.891452608523638e-12	1.912525058521922e-12
sub-1	03	04	sub-1/ses-03/run-04/tsv-row-18	18	rest	1	122.58	5.0	30645	31895	sub-1/ses-03/eeg/sub-1_ses-03_task-imagery_run-04_eeg.edf	1487.0734447767572	False	4.0579266117681995e-12	2.3685765419461225e-12
sub-1	03	04	sub-1/ses-03/run-04/tsv-row-19	19	right_hand	2	129.448	5.0	32362	33612	sub-1/ses-03/eeg/sub-1_ses-03_task-imagery_run-04_eeg.edf	1353.7585643330178	False	2.5185557797136585e-12	1.5579191006634542e-12
sub-1	03	04	sub-1/ses-03/run-04/tsv-row-20	20	rest	1	136.352	5.0	34088	35338	sub-1/ses-03/eeg/sub-1_ses-03_task-imagery_run-04_eeg.edf	1309.4163536484878	False	7.619895872947464e-12	1.6855978338491069e-12
sub-1	03	04	sub-1/ses-03/run-04/tsv-row-21	21	right_hand	2	143.24	5.0	35810	37060	sub-1/ses-03/eeg/sub-1_ses-03_task-imagery_run-04_eeg.edf	1619.4274972533342	False	3.0045365466131434e-12	1.5244006603107518e-12
sub-1	03	04	sub-1/ses-03/run-04/tsv-row-22	22	rest	1	150.128	5.0	37532	38782	sub-1/ses-03/eeg/sub-1_ses-03_task-imagery_run-04_eeg.edf	1937.6056785790581	False	8.627966383555503e-12	2.4859218136904682e-12
sub-1	03	04	sub-1/ses-03/run-04/tsv-row-23	23	rest	1	157.016	5.0	39254	40504	sub-1/ses-03/eeg/sub-1_ses-03_task-imagery_run-04_eeg.edf	940.8427454451124	False	7.495267348373382e-12	1.8824765595381036e-12
sub-1	03	04	sub-1/ses-03/run-04/tsv-row-24	24	right_hand	2	163.9	5.0	40975	42225	sub-1/ses-03/eeg/sub-1_ses-03_task-imagery_run-04_eeg.edf	1541.7925975066375	False	3.0374147840997344e-12	1.8583001033885005e-12
sub-1	03	04	sub-1/ses-03/run-04/tsv-row-25	25	rest	1	170.788	5.0	42697	43947	sub-1/ses-03/eeg/sub-1_ses-03_task-imagery_run-04_eeg.edf	1205.358684804834	False	3.539436084989419e-12	1.8709684039105278e-12
sub-1	03	04	sub-1/ses-03/run-04/tsv-row-26	26	right_hand	2	177.676	5.0	44419	45669	sub-1/ses-03/eeg/sub-1_ses-03_task-imagery_run-04_eeg.edf	1260.7504171117282	False	3.2568456636975573e-12	1.863226773925418e-12
sub-1	03	04	sub-1/ses-03/run-04/tsv-row-27	27	rest	1	184.56	5.0	46140	47390	sub-1/ses-03/eeg/sub-1_ses-03_task-imagery_run-04_eeg.edf	1221.2123462630084	False	5.0484650710158924e-12	1.888667133761034e-12
sub-1	03	04	sub-1/ses-03/run-04/tsv-row-28	28	right_hand	2	191.448	5.0	47862	49112	sub-1/ses-03/eeg/sub-1_ses-03_task-imagery_run-04_eeg.edf	1627.0660795922727	False	6.3744552776930484e-12	2.1293593236607907e-12
sub-1	03	04	sub-1/ses-03/run-04/tsv-row-29	29	rest	1	198.336	5.0	49584	50834	sub-1/ses-03/eeg/sub-1_ses-03_task-imagery_run-04_eeg.edf	953.8139230018005	False	4.130248275993737e-12	2.0318952881124848e-12
sub-1	03	04	sub-1/ses-03/run-04/tsv-row-30	30	right_hand	2	205.24	5.0	51310	52560	sub-1/ses-03/eeg/sub-1_ses-03_task-imagery_run-04_eeg.edf	1466.8480160679953	False	3.2415134741667597e-12	1.7054779746961662e-12
sub-1	03	05	sub-1/ses-03/run-05/tsv-row-1	1	rest	1	5.2	5.0	1300	2550	sub-1/ses-03/eeg/sub-1_ses-03_task-imagery_run-05_eeg.edf	962.8728755149998	False	3.5143368614427626e-12	2.0415988569851407e-12
sub-1	03	05	sub-1/ses-03/run-05/tsv-row-2	2	right_hand	2	12.232	5.0	3058	4308	sub-1/ses-03/eeg/sub-1_ses-03_task-imagery_run-05_eeg.edf	1027.7218556474502	False	2.6165254320837657e-12	1.6601209161550025e-12
sub-1	03	05	sub-1/ses-03/run-05/tsv-row-3	3	right_hand	2	19.12	5.0	4780	6030	sub-1/ses-03/eeg/sub-1_ses-03_task-imagery_run-05_eeg.edf	1325.2576429486985	False	2.043099678976565e-12	1.4778115071306341e-12
sub-1	03	05	sub-1/ses-03/run-05/tsv-row-4	4	rest	1	25.988	5.0	6497	7747	sub-1/ses-03/eeg/sub-1_ses-03_task-imagery_run-05_eeg.edf	948.4910452436903	False	2.005626780387023e-12	2.550071854919965e-12
sub-1	03	05	sub-1/ses-03/run-05/tsv-row-5	5	right_hand	2	32.892	5.0	8223	9473	sub-1/ses-03/eeg/sub-1_ses-03_task-imagery_run-05_eeg.edf	1308.3356452528458	False	2.9352922666542075e-12	1.6368122508942827e-12
sub-1	03	05	sub-1/ses-03/run-05/tsv-row-6	6	rest	1	39.78	5.0	9945	11195	sub-1/ses-03/eeg/sub-1_ses-03_task-imagery_run-05_eeg.edf	1079.8699986571855	False	5.204283912953305e-12	2.3122208423357795e-12
sub-1	03	05	sub-1/ses-03/run-05/tsv-row-7	7	right_hand	2	46.668	5.0	11667	12917	sub-1/ses-03/eeg/sub-1_ses-03_task-imagery_run-05_eeg.edf	1207.4013455305642	False	2.0062209108414355e-12	1.886148648026402e-12
sub-1	03	05	sub-1/ses-03/run-05/tsv-row-8	8	rest	1	53.552	5.0	13388	14638	sub-1/ses-03/eeg/sub-1_ses-03_task-imagery_run-05_eeg.edf	920.77333599353	False	6.33012856650714e-12	1.976308381329404e-12
sub-1	03	05	sub-1/ses-03/run-05/tsv-row-9	9	rest	1	60.44	5.0	15110	16360	sub-1/ses-03/eeg/sub-1_ses-03_task-imagery_run-05_eeg.edf	811.5834921414838	False	3.607320583828679e-12	3.26071950459549e-12
sub-1	03	05	sub-1/ses-03/run-05/tsv-row-10	10	right_hand	2	67.328	5.0	16832	18082	sub-1/ses-03/eeg/sub-1_ses-03_task-imagery_run-05_eeg.edf	1340.8722015289775	False	2.5308659177054756e-12	1.247308123783836e-12
sub-1	03	05	sub-1/ses-03/run-05/tsv-row-11	11	rest	1	74.212	5.0	18553	19803	sub-1/ses-03/eeg/sub-1_ses-03_task-imagery_run-05_eeg.edf	977.852392239143	False	2.341271985107582e-12	1.3608981509289722e-12
sub-1	03	05	sub-1/ses-03/run-05/tsv-row-12	12	right_hand	2	81.1	5.0	20275	21525	sub-1/ses-03/eeg/sub-1_ses-03_task-imagery_run-05_eeg.edf	1397.876546967986	False	3.2603227803268343e-12	1.4597577455653676e-12
sub-1	03	05	sub-1/ses-03/run-05/tsv-row-13	13	right_hand	2	88.004	5.0	22001	23251	sub-1/ses-03/eeg/sub-1_ses-03_task-imagery_run-05_eeg.edf	1145.9143516953031	False	1.9603033547083015e-12	1.3702823897723686e-12
sub-1	03	05	sub-1/ses-03/run-05/tsv-row-14	14	rest	1	94.876	5.0	23719	24969	sub-1/ses-03/eeg/sub-1_ses-03_task-imagery_run-05_eeg.edf	1447.1856793267616	False	6.402284276929939e-12	2.018434170613233e-12
sub-1	03	05	sub-1/ses-03/run-05/tsv-row-15	15	right_hand	2	101.776	5.0	25444	26694	sub-1/ses-03/eeg/sub-1_ses-03_task-imagery_run-05_eeg.edf	1940.6505569475385	False	2.7413710877225615e-12	2.0566780662727774e-12
sub-1	03	05	sub-1/ses-03/run-05/tsv-row-16	16	rest	1	108.648	5.0	27162	28412	sub-1/ses-03/eeg/sub-1_ses-03_task-imagery_run-05_eeg.edf	1661.2321402478103	False	1.1587372757078197e-11	2.1878426153067106e-12
sub-1	03	05	sub-1/ses-03/run-05/tsv-row-17	17	rest	1	115.552	5.0	28888	30138	sub-1/ses-03/eeg/sub-1_ses-03_task-imagery_run-05_eeg.edf	966.1227956022828	False	8.731249101300831e-12	1.988117470655186e-12
sub-1	03	05	sub-1/ses-03/run-05/tsv-row-18	18	right_hand	2	122.436	5.0	30609	31859	sub-1/ses-03/eeg/sub-1_ses-03_task-imagery_run-05_eeg.edf	1601.3887841578417	False	4.961990507243155e-12	1.5864208611482408e-12
sub-1	03	05	sub-1/ses-03/run-05/tsv-row-19	19	rest	1	129.324	5.0	32331	33581	sub-1/ses-03/eeg/sub-1_ses-03_task-imagery_run-05_eeg.edf	1390.5922433240762	False	5.838714682250374e-12	2.0936458025522085e-12
sub-1	03	05	sub-1/ses-03/run-05/tsv-row-20	20	right_hand	2	136.212	5.0	34053	35303	sub-1/ses-03/eeg/sub-1_ses-03_task-imagery_run-05_eeg.edf	1352.9753521988587	False	2.5832383939943187e-12	1.6110353633448076e-12
sub-1	03	05	sub-1/ses-03/run-05/tsv-row-21	21	rest	1	143.1	5.0	35775	37025	sub-1/ses-03/eeg/sub-1_ses-03_task-imagery_run-05_eeg.edf	1062.3503145084994	False	3.7693989842897996e-12	1.94330092728861e-12
sub-1	03	05	sub-1/ses-03/run-05/tsv-row-22	22	right_hand	2	149.984	5.0	37496	38746	sub-1/ses-03/eeg/sub-1_ses-03_task-imagery_run-05_eeg.edf	1444.6081564989167	False	4.206161034282422e-12	2.0291104802878683e-12
sub-1	03	05	sub-1/ses-03/run-05/tsv-row-23	23	right_hand	2	156.872	5.0	39218	40468	sub-1/ses-03/eeg/sub-1_ses-03_task-imagery_run-05_eeg.edf	1266.236105731376	False	3.484444629359765e-12	1.4566012864966497e-12
sub-1	03	05	sub-1/ses-03/run-05/tsv-row-24	24	rest	1	163.76	5.0	40940	42190	sub-1/ses-03/eeg/sub-1_ses-03_task-imagery_run-05_eeg.edf	1533.9249257942442	False	6.890451632521204e-12	2.074753295018923e-12
sub-1	03	05	sub-1/ses-03/run-05/tsv-row-25	25	rest	1	170.648	5.0	42662	43912	sub-1/ses-03/eeg/sub-1_ses-03_task-imagery_run-05_eeg.edf	978.8609881282999	False	2.9834143951340642e-12	1.948180107202025e-12
sub-1	03	05	sub-1/ses-03/run-05/tsv-row-26	26	right_hand	2	177.532	5.0	44383	45633	sub-1/ses-03/eeg/sub-1_ses-03_task-imagery_run-05_eeg.edf	1702.1736622669148	False	2.570144055132319e-12	1.982184167437806e-12
sub-1	03	05	sub-1/ses-03/run-05/tsv-row-27	27	right_hand	2	184.436	5.0	46109	47359	sub-1/ses-03/eeg/sub-1_ses-03_task-imagery_run-05_eeg.edf	1464.8921404919586	False	5.183154463763317e-12	1.4620972292716354e-12
sub-1	03	05	sub-1/ses-03/run-05/tsv-row-28	28	rest	1	191.308	5.0	47827	49077	sub-1/ses-03/eeg/sub-1_ses-03_task-imagery_run-05_eeg.edf	1587.1190200964386	False	5.655061824046068e-12	2.189309156248876e-12
sub-1	03	05	sub-1/ses-03/run-05/tsv-row-29	29	rest	1	198.208	5.0	49552	50802	sub-1/ses-03/eeg/sub-1_ses-03_task-imagery_run-05_eeg.edf	1426.117231864376	False	5.858871583707486e-12	2.177418943349791e-12
sub-1	03	05	sub-1/ses-03/run-05/tsv-row-30	30	right_hand	2	205.096	5.0	51274	52524	sub-1/ses-03/eeg/sub-1_ses-03_task-imagery_run-05_eeg.edf	1723.3915313425093	False	2.568231741031062e-12	1.4536342534084187e-12
sub-1	03	06	sub-1/ses-03/run-06/tsv-row-1	1	rest	1	7.404	5.0	1851	3101	sub-1/ses-03/eeg/sub-1_ses-03_task-imagery_run-06_eeg.edf	801.9987024140142	False	4.203071691002305e-12	2.2911602942419237e-12
sub-1	03	06	sub-1/ses-03/run-06/tsv-row-2	2	right_hand	2	14.308	5.0	3577	4827	sub-1/ses-03/eeg/sub-1_ses-03_task-imagery_run-06_eeg.edf	1502.2107071138648	False	2.6471063439324217e-12	1.7817437806871357e-12
sub-1	03	06	sub-1/ses-03/run-06/tsv-row-3	3	right_hand	2	21.192	5.0	5298	6548	sub-1/ses-03/eeg/sub-1_ses-03_task-imagery_run-06_eeg.edf	1627.2086466566973	False	2.8873872963674698e-12	1.6754094805709394e-12
sub-1	03	06	sub-1/ses-03/run-06/tsv-row-4	4	rest	1	28.064	5.0	7016	8266	sub-1/ses-03/eeg/sub-1_ses-03_task-imagery_run-06_eeg.edf	931.9145936765648	False	4.800177232002618e-12	2.3793494563864624e-12
sub-1	03	06	sub-1/ses-03/run-06/tsv-row-5	5	rest	1	34.968	5.0	8742	9992	sub-1/ses-03/eeg/sub-1_ses-03_task-imagery_run-06_eeg.edf	1024.6850465712455	False	2.9981437797697057e-12	2.0946381287534372e-12
sub-1	03	06	sub-1/ses-03/run-06/tsv-row-6	6	right_hand	2	41.852	5.0	10463	11713	sub-1/ses-03/eeg/sub-1_ses-03_task-imagery_run-06_eeg.edf	1423.1881647083956	False	2.003516271542149e-12	1.3943522625561355e-12
sub-1	03	06	sub-1/ses-03/run-06/tsv-row-7	7	rest	1	48.74	5.0	12185	13435	sub-1/ses-03/eeg/sub-1_ses-03_task-imagery_run-06_eeg.edf	1355.4545569322795	False	5.06574576415704e-12	2.6602685705179282e-12
sub-1	03	06	sub-1/ses-03/run-06/tsv-row-8	8	right_hand	2	55.628	5.0	13907	15157	sub-1/ses-03/eeg/sub-1_ses-03_task-imagery_run-06_eeg.edf	1651.2022898953219	False	2.353433717083348e-12	1.2015502131408608e-12
sub-1	03	06	sub-1/ses-03/run-06/tsv-row-9	9	right_hand	2	62.512	5.0	15628	16878	sub-1/ses-03/eeg/sub-1_ses-03_task-imagery_run-06_eeg.edf	1096.6287190771204	False	3.3093686947121204e-12	1.393616617066539e-12
sub-1	03	06	sub-1/ses-03/run-06/tsv-row-10	10	rest	1	69.4	5.0	17350	18600	sub-1/ses-03/eeg/sub-1_ses-03_task-imagery_run-06_eeg.edf	1218.8323678701136	False	4.4478921879184944e-12	2.4310169906320335e-12
sub-1	03	06	sub-1/ses-03/run-06/tsv-row-11	11	rest	1	76.304	5.0	19076	20326	sub-1/ses-03/eeg/sub-1_ses-03_task-imagery_run-06_eeg.edf	1314.2108254646441	False	4.207083108962707e-12	2.473922479363887e-12
sub-1	03	06	sub-1/ses-03/run-06/tsv-row-12	12	right_hand	2	83.176	5.0	20794	22044	sub-1/ses-03/eeg/sub-1_ses-03_task-imagery_run-06_eeg.edf	1386.2662696005127	False	2.9381672520607434e-12	1.7307859796144275e-12
sub-1	03	06	sub-1/ses-03/run-06/tsv-row-13	13	right_hand	2	90.076	5.0	22519	23769	sub-1/ses-03/eeg/sub-1_ses-03_task-imagery_run-06_eeg.edf	1312.7950514847257	False	3.021535347783879e-12	2.092450533342635e-12
sub-1	03	06	sub-1/ses-03/run-06/tsv-row-14	14	rest	1	96.964	5.0	24241	25491	sub-1/ses-03/eeg/sub-1_ses-03_task-imagery_run-06_eeg.edf	1510.5563221533862	False	4.974047232448406e-12	1.769201378334618e-12
sub-1	03	06	sub-1/ses-03/run-06/tsv-row-15	15	rest	1	103.852	5.0	25963	27213	sub-1/ses-03/eeg/sub-1_ses-03_task-imagery_run-06_eeg.edf	1324.680101474044	False	5.251153985252731e-12	1.937711508423806e-12
sub-1	03	06	sub-1/ses-03/run-06/tsv-row-16	16	right_hand	2	110.72	5.0	27680	28930	sub-1/ses-03/eeg/sub-1_ses-03_task-imagery_run-06_eeg.edf	1608.3192411877806	False	3.246877378888265e-12	1.4548801286027046e-12
sub-1	03	06	sub-1/ses-03/run-06/tsv-row-17	17	right_hand	2	117.624	5.0	29406	30656	sub-1/ses-03/eeg/sub-1_ses-03_task-imagery_run-06_eeg.edf	1335.7454928434095	False	5.978520834433578e-12	1.766379426638937e-12
sub-1	03	06	sub-1/ses-03/run-06/tsv-row-18	18	rest	1	124.512	5.0	31128	32378	sub-1/ses-03/eeg/sub-1_ses-03_task-imagery_run-06_eeg.edf	1909.2084691305276	False	5.102117422638704e-12	2.2572838903324054e-12
sub-1	03	06	sub-1/ses-03/run-06/tsv-row-19	19	right_hand	2	131.4	5.0	32850	34100	sub-1/ses-03/eeg/sub-1_ses-03_task-imagery_run-06_eeg.edf	1399.1945214697714	False	3.758396615644505e-12	2.425339563848013e-12
sub-1	03	06	sub-1/ses-03/run-06/tsv-row-20	20	rest	1	138.268	5.0	34567	35817	sub-1/ses-03/eeg/sub-1_ses-03_task-imagery_run-06_eeg.edf	1539.1326022217474	False	3.5860474394307965e-12	2.0871022919463466e-12
sub-1	03	06	sub-1/ses-03/run-06/tsv-row-21	21	rest	1	145.172	5.0	36293	37543	sub-1/ses-03/eeg/sub-1_ses-03_task-imagery_run-06_eeg.edf	1196.0309553514207	False	9.5830673511992e-12	2.873019277600818e-12
sub-1	03	06	sub-1/ses-03/run-06/tsv-row-22	22	right_hand	2	152.06	5.0	38015	39265	sub-1/ses-03/eeg/sub-1_ses-03_task-imagery_run-06_eeg.edf	1267.9373706472977	False	3.4755149533855723e-12	1.869443674065386e-12
sub-1	03	06	sub-1/ses-03/run-06/tsv-row-23	23	right_hand	2	158.944	5.0	39736	40986	sub-1/ses-03/eeg/sub-1_ses-03_task-imagery_run-06_eeg.edf	1244.8006432386242	False	7.2454261912950675e-12	2.741806258550247e-12
sub-1	03	06	sub-1/ses-03/run-06/tsv-row-24	24	rest	1	165.832	5.0	41458	42708	sub-1/ses-03/eeg/sub-1_ses-03_task-imagery_run-06_eeg.edf	2139.0854548173465	False	4.1329819397373046e-12	2.690374345147785e-12
sub-1	03	06	sub-1/ses-03/run-06/tsv-row-25	25	rest	1	172.736	5.0	43184	44434	sub-1/ses-03/eeg/sub-1_ses-03_task-imagery_run-06_eeg.edf	816.5662715231789	False	8.83380211459587e-12	2.6281711437680976e-12
sub-1	03	06	sub-1/ses-03/run-06/tsv-row-26	26	right_hand	2	179.608	5.0	44902	46152	sub-1/ses-03/eeg/sub-1_ses-03_task-imagery_run-06_eeg.edf	1701.0524368724632	False	2.461732459960497e-12	1.4133815144747853e-12
sub-1	03	06	sub-1/ses-03/run-06/tsv-row-27	27	rest	1	186.508	5.0	46627	47877	sub-1/ses-03/eeg/sub-1_ses-03_task-imagery_run-06_eeg.edf	944.433016235847	False	4.122628133213202e-12	1.9809422368199044e-12
sub-1	03	06	sub-1/ses-03/run-06/tsv-row-28	28	right_hand	2	193.38	5.0	48345	49595	sub-1/ses-03/eeg/sub-1_ses-03_task-imagery_run-06_eeg.edf	1089.2517914975433	False	3.862944677093926e-12	1.6900612104283143e-12
sub-1	03	06	sub-1/ses-03/run-06/tsv-row-29	29	rest	1	200.268	5.0	50067	51317	sub-1/ses-03/eeg/sub-1_ses-03_task-imagery_run-06_eeg.edf	1122.634251655629	False	4.328689205926188e-12	1.9345459127526444e-12
sub-1	03	06	sub-1/ses-03/run-06/tsv-row-30	30	right_hand	2	207.172	5.0	51793	53043	sub-1/ses-03/eeg/sub-1_ses-03_task-imagery_run-06_eeg.edf	1199.8684479812005	False	4.2615270494684915e-12	1.9918016544097186e-12
sub-1	04	01	sub-1/ses-04/run-01/tsv-row-1	1	rest	1	7.48	5.0	1870	3120	sub-1/ses-04/eeg/sub-1_ses-04_task-imagery_run-01_eeg.edf	4124.400111697745	False	2.096393358858543e-12	1.871879508886072e-12
sub-1	04	01	sub-1/ses-04/run-01/tsv-row-2	2	right_hand	2	14.368	5.0	3592	4842	sub-1/ses-04/eeg/sub-1_ses-04_task-imagery_run-01_eeg.edf	5137.785205221717	False	2.609712257105286e-12	1.842801390238405e-12
sub-1	04	01	sub-1/ses-04/run-01/tsv-row-3	3	rest	1	21.236	5.0	5309	6559	sub-1/ses-04/eeg/sub-1_ses-04_task-imagery_run-01_eeg.edf	5830.030334101382	True	1.0529499309325242e-11	2.1403590636793352e-12
sub-1	04	01	sub-1/ses-04/run-01/tsv-row-4	4	right_hand	2	28.124	5.0	7031	8281	sub-1/ses-04/eeg/sub-1_ses-04_task-imagery_run-01_eeg.edf	7554.586768471328	True	3.4550253063052208e-12	2.0477865193133414e-12
sub-1	04	01	sub-1/ses-04/run-01/tsv-row-5	5	right_hand	2	35.028	5.0	8757	10007	sub-1/ses-04/eeg/sub-1_ses-04_task-imagery_run-01_eeg.edf	7178.030855189672	True	4.168249844530446e-12	1.8378192297605774e-12
sub-1	04	01	sub-1/ses-04/run-01/tsv-row-6	6	rest	1	41.916	5.0	10479	11729	sub-1/ses-04/eeg/sub-1_ses-04_task-imagery_run-01_eeg.edf	5949.341174336985	True	5.679928526569497e-12	2.2819560025518367e-12
sub-1	04	01	sub-1/ses-04/run-01/tsv-row-7	7	right_hand	2	48.784	5.0	12196	13446	sub-1/ses-04/eeg/sub-1_ses-04_task-imagery_run-01_eeg.edf	8313.754982863858	True	6.506337646997008e-12	1.7583221794795477e-12
sub-1	04	01	sub-1/ses-04/run-01/tsv-row-8	8	rest	1	55.672	5.0	13918	15168	sub-1/ses-04/eeg/sub-1_ses-04_task-imagery_run-01_eeg.edf	7088.699134708701	True	1.0085164703082023e-11	2.2826543709303076e-12
sub-1	04	01	sub-1/ses-04/run-01/tsv-row-9	9	rest	1	62.576	5.0	15644	16894	sub-1/ses-04/eeg/sub-1_ses-04_task-imagery_run-01_eeg.edf	8337.223485702081	True	9.031053544682564e-12	2.6926875040307486e-12
sub-1	04	01	sub-1/ses-04/run-01/tsv-row-10	10	right_hand	2	69.46	5.0	17365	18615	sub-1/ses-04/eeg/sub-1_ses-04_task-imagery_run-01_eeg.edf	9229.178003250223	True	5.6096499076264594e-12	1.9517233356825994e-12
sub-1	04	01	sub-1/ses-04/run-01/tsv-row-11	11	right_hand	2	76.348	5.0	19087	20337	sub-1/ses-04/eeg/sub-1_ses-04_task-imagery_run-01_eeg.edf	6365.717837595752	True	5.316933091352212e-12	1.90341272966654e-12
sub-1	04	01	sub-1/ses-04/run-01/tsv-row-12	12	rest	1	83.236	5.0	20809	22059	sub-1/ses-04/eeg/sub-1_ses-04_task-imagery_run-01_eeg.edf	2727.0400298013246	False	7.894598949286043e-12	2.1058749974479037e-12
sub-1	04	01	sub-1/ses-04/run-01/tsv-row-13	13	rest	1	90.12	5.0	22530	23780	sub-1/ses-04/eeg/sub-1_ses-04_task-imagery_run-01_eeg.edf	8592.500232703633	True	7.985040551569895e-12	2.5232335754884582e-12
sub-1	04	01	sub-1/ses-04/run-01/tsv-row-14	14	right_hand	2	97.008	5.0	24252	25502	sub-1/ses-04/eeg/sub-1_ses-04_task-imagery_run-01_eeg.edf	6235.051270180365	True	5.07631299359185e-12	1.794421992266395e-12
sub-1	04	01	sub-1/ses-04/run-01/tsv-row-15	15	right_hand	2	103.912	5.0	25978	27228	sub-1/ses-04/eeg/sub-1_ses-04_task-imagery_run-01_eeg.edf	6979.6841537827695	True	4.933618760073237e-12	2.273604083624267e-12
sub-1	04	01	sub-1/ses-04/run-01/tsv-row-16	16	rest	1	110.784	5.0	27696	28946	sub-1/ses-04/eeg/sub-1_ses-04_task-imagery_run-01_eeg.edf	7931.294091448715	True	7.552644541111136e-12	2.2334963745926035e-12
sub-1	04	01	sub-1/ses-04/run-01/tsv-row-17	17	rest	1	117.684	5.0	29421	30671	sub-1/ses-04/eeg/sub-1_ses-04_task-imagery_run-01_eeg.edf	7356.240067064426	True	9.37477770384817e-12	1.8884621541895743e-12
sub-1	04	01	sub-1/ses-04/run-01/tsv-row-18	18	right_hand	2	124.572	5.0	31143	32393	sub-1/ses-04/eeg/sub-1_ses-04_task-imagery_run-01_eeg.edf	9502.472504043704	True	6.841251761261055e-12	1.4801301559948317e-12
sub-1	04	01	sub-1/ses-04/run-01/tsv-row-19	19	right_hand	2	131.46	5.0	32865	34115	sub-1/ses-04/eeg/sub-1_ses-04_task-imagery_run-01_eeg.edf	8121.918898373364	True	4.759382415711279e-12	1.789728902946321e-12
sub-1	04	01	sub-1/ses-04/run-01/tsv-row-20	20	rest	1	138.328	5.0	34582	35832	sub-1/ses-04/eeg/sub-1_ses-04_task-imagery_run-01_eeg.edf	5405.477547273172	False	9.581522948126351e-12	2.288404955213767e-12
sub-1	04	01	sub-1/ses-04/run-01/tsv-row-21	21	rest	1	145.232	5.0	36308	37558	sub-1/ses-04/eeg/sub-1_ses-04_task-imagery_run-01_eeg.edf	6123.613734122745	True	1.464922748421969e-11	3.972725513705829e-12
sub-1	04	01	sub-1/ses-04/run-01/tsv-row-22	22	right_hand	2	152.12	5.0	38030	39280	sub-1/ses-04/eeg/sub-1_ses-04_task-imagery_run-01_eeg.edf	6608.427579851681	True	5.068469784034289e-12	1.7983026427934476e-12
sub-1	04	01	sub-1/ses-04/run-01/tsv-row-23	23	rest	1	158.988	5.0	39747	40997	sub-1/ses-04/eeg/sub-1_ses-04_task-imagery_run-01_eeg.edf	5748.117688711203	True	4.610448209839233e-12	2.1637627482790314e-12
sub-1	04	01	sub-1/ses-04/run-01/tsv-row-24	24	right_hand	2	165.892	5.0	41473	42723	sub-1/ses-04/eeg/sub-1_ses-04_task-imagery_run-01_eeg.edf	5274.508160466323	False	2.8773788445959177e-12	1.533342160907489e-12
sub-1	04	01	sub-1/ses-04/run-01/tsv-row-25	25	rest	1	172.78	5.0	43195	44445	sub-1/ses-04/eeg/sub-1_ses-04_task-imagery_run-01_eeg.edf	9784.70017688528	True	8.661954539438419e-12	2.708923618352469e-12
sub-1	04	01	sub-1/ses-04/run-01/tsv-row-26	26	right_hand	2	179.668	5.0	44917	46167	sub-1/ses-04/eeg/sub-1_ses-04_task-imagery_run-01_eeg.edf	6532.419912594988	True	3.6194476139209013e-12	1.5040450706396552e-12
sub-1	04	01	sub-1/ses-04/run-01/tsv-row-27	27	right_hand	2	186.552	5.0	46638	47888	sub-1/ses-04/eeg/sub-1_ses-04_task-imagery_run-01_eeg.edf	5752.054340800196	True	4.600143108286778e-12	2.002653236708361e-12
sub-1	04	01	sub-1/ses-04/run-01/tsv-row-28	28	rest	1	193.44	5.0	48360	49610	sub-1/ses-04/eeg/sub-1_ses-04_task-imagery_run-01_eeg.edf	6088.183865321818	True	7.034465845727757e-12	2.2449757255951265e-12
sub-1	04	01	sub-1/ses-04/run-01/tsv-row-29	29	rest	1	200.328	5.0	50082	51332	sub-1/ses-04/eeg/sub-1_ses-04_task-imagery_run-01_eeg.edf	4666.1440030213325	False	6.5974209838926925e-12	2.040937511322825e-12
sub-1	04	01	sub-1/ses-04/run-01/tsv-row-30	30	right_hand	2	207.232	5.0	51808	53058	sub-1/ses-04/eeg/sub-1_ses-04_task-imagery_run-01_eeg.edf	5243.3177631458475	False	5.0690804818187155e-12	1.6912697346639773e-12
sub-1	04	02	sub-1/ses-04/run-02/tsv-row-1	1	rest	1	7.16	5.0	1790	3040	sub-1/ses-04/eeg/sub-1_ses-04_task-imagery_run-02_eeg.edf	5547.634926953948	False	4.370161109045133e-12	2.001865639760238e-12
sub-1	04	02	sub-1/ses-04/run-02/tsv-row-2	2	right_hand	2	14.044	5.0	3511	4761	sub-1/ses-04/eeg/sub-1_ses-04_task-imagery_run-02_eeg.edf	6822.9202354808185	True	2.03881490508195e-12	1.6066858893141492e-12
sub-1	04	02	sub-1/ses-04/run-02/tsv-row-3	3	rest	1	20.952	5.0	5238	6488	sub-1/ses-04/eeg/sub-1_ses-04_task-imagery_run-02_eeg.edf	7022.623586062196	True	4.0396521265377515e-12	2.4208968605620004e-12
sub-1	04	02	sub-1/ses-04/run-02/tsv-row-4	4	right_hand	2	27.832	5.0	6958	8208	sub-1/ses-04/eeg/sub-1_ses-04_task-imagery_run-02_eeg.edf	8848.720713705863	True	5.352696959183082e-12	2.0605490722504028e-12
sub-1	04	02	sub-1/ses-04/run-02/tsv-row-5	5	rest	1	34.708	5.0	8677	9927	sub-1/ses-04/eeg/sub-1_ses-04_task-imagery_run-02_eeg.edf	7921.515771355327	True	5.360250855858761e-12	2.1170034797990894e-12
sub-1	04	02	sub-1/ses-04/run-02/tsv-row-6	6	right_hand	2	41.608	5.0	10402	11652	sub-1/ses-04/eeg/sub-1_ses-04_task-imagery_run-02_eeg.edf	6901.348086581012	True	4.075128866916019e-12	2.0650357333792336e-12
sub-1	04	02	sub-1/ses-04/run-02/tsv-row-7	7	rest	1	48.5	5.0	12125	13375	sub-1/ses-04/eeg/sub-1_ses-04_task-imagery_run-02_eeg.edf	7752.850469954527	True	8.084952640205416e-12	2.6456062276364467e-12
sub-1	04	02	sub-1/ses-04/run-02/tsv-row-8	8	right_hand	2	55.38	5.0	13845	15095	sub-1/ses-04/eeg/sub-1_ses-04_task-imagery_run-02_eeg.edf	5141.263590365307	False	3.688710467729802e-12	1.4723629193721926e-12
sub-1	04	02	sub-1/ses-04/run-02/tsv-row-9	9	rest	1	62.272	5.0	15568	16818	sub-1/ses-04/eeg/sub-1_ses-04_task-imagery_run-02_eeg.edf	6940.410607013155	True	7.733356012769147e-12	2.3922164604910005e-12
sub-1	04	02	sub-1/ses-04/run-02/tsv-row-10	10	right_hand	2	69.156	5.0	17289	18539	sub-1/ses-04/eeg/sub-1_ses-04_task-imagery_run-02_eeg.edf	8443.257807824944	True	2.7461768069450937e-12	1.7483869973516012e-12
sub-1	04	02	sub-1/ses-04/run-02/tsv-row-11	11	right_hand	2	76.056	5.0	19014	20264	sub-1/ses-04/eeg/sub-1_ses-04_task-imagery_run-02_eeg.edf	9163.189143696402	True	3.71229292407235e-12	1.574734110989163e-12
sub-1	04	02	sub-1/ses-04/run-02/tsv-row-12	12	rest	1	82.932	5.0	20733	21983	sub-1/ses-04/eeg/sub-1_ses-04_task-imagery_run-02_eeg.edf	8904.892012466811	True	7.363243314060682e-12	2.163254231309034e-12
sub-1	04	02	sub-1/ses-04/run-02/tsv-row-13	13	rest	1	89.836	5.0	22459	23709	sub-1/ses-04/eeg/sub-1_ses-04_task-imagery_run-02_eeg.edf	7634.603072832422	True	8.238092880179552e-12	2.5938794748720963e-12
sub-1	04	02	sub-1/ses-04/run-02/tsv-row-14	14	right_hand	2	96.7	5.0	24175	25425	sub-1/ses-04/eeg/sub-1_ses-04_task-imagery_run-02_eeg.edf	5777.922111362041	True	2.694022681410069e-12	1.8273777747278767e-12
sub-1	04	02	sub-1/ses-04/run-02/tsv-row-15	15	right_hand	2	103.604	5.0	25901	27151	sub-1/ses-04/eeg/sub-1_ses-04_task-imagery_run-02_eeg.edf	7633.0890216528815	True	4.815010400735916e-12	2.369466662146645e-12
sub-1	04	02	sub-1/ses-04/run-02/tsv-row-16	16	rest	1	110.496	5.0	27624	28874	sub-1/ses-04/eeg/sub-1_ses-04_task-imagery_run-02_eeg.edf	6959.184841639454	True	6.815360279859709e-12	2.2079020095185336e-12
sub-1	04	02	sub-1/ses-04/run-02/tsv-row-17	17	right_hand	2	117.36	5.0	29340	30590	sub-1/ses-04/eeg/sub-1_ses-04_task-imagery_run-02_eeg.edf	9050.240925702688	True	2.6274290777977265e-12	1.6184786714949862e-12
sub-1	04	02	sub-1/ses-04/run-02/tsv-row-18	18	rest	1	124.252	5.0	31063	32313	sub-1/ses-04/eeg/sub-1_ses-04_task-imagery_run-02_eeg.edf	7846.1160226142165	True	4.843552422160624e-12	2.3779461071449726e-12
sub-1	04	02	sub-1/ses-04/run-02/tsv-row-19	19	rest	1	131.156	5.0	32789	34039	sub-1/ses-04/eeg/sub-1_ses-04_task-imagery_run-02_eeg.edf	6531.162573183386	True	8.553083696790352e-12	2.5002572984745365e-12
sub-1	04	02	sub-1/ses-04/run-02/tsv-row-20	20	right_hand	2	138.04	5.0	34510	35760	sub-1/ses-04/eeg/sub-1_ses-04_task-imagery_run-02_eeg.edf	6346.90254463332	True	4.104822089979611e-12	1.6855310546916955e-12
sub-1	04	02	sub-1/ses-04/run-02/tsv-row-21	21	rest	1	144.932	5.0	36233	37483	sub-1/ses-04/eeg/sub-1_ses-04_task-imagery_run-02_eeg.edf	6961.153108172857	True	9.771853075599145e-12	2.7753199382057e-12
sub-1	04	02	sub-1/ses-04/run-02/tsv-row-22	22	right_hand	2	151.812	5.0	37953	39203	sub-1/ses-04/eeg/sub-1_ses-04_task-imagery_run-02_eeg.edf	8436.898792870876	True	3.2189047643794802e-12	1.6765867255549669e-12
sub-1	04	02	sub-1/ses-04/run-02/tsv-row-23	23	right_hand	2	165.668	5.0	41417	42667	sub-1/ses-04/eeg/sub-1_ses-04_task-imagery_run-02_eeg.edf	6274.228088015381	True	3.1902506017004055e-12	1.707024661908575e-12
sub-1	04	02	sub-1/ses-04/run-02/tsv-row-24	24	rest	1	172.56	5.0	43140	44390	sub-1/ses-04/eeg/sub-1_ses-04_task-imagery_run-02_eeg.edf	9555.782614551226	True	3.69687541360345e-12	2.118821691506866e-12
sub-1	04	02	sub-1/ses-04/run-02/tsv-row-25	25	right_hand	2	179.444	5.0	44861	46111	sub-1/ses-04/eeg/sub-1_ses-04_task-imagery_run-02_eeg.edf	8728.807860286264	True	4.859637657768414e-12	2.040068659347295e-12
sub-1	04	02	sub-1/ses-04/run-02/tsv-row-26	26	right_hand	2	186.348	5.0	46587	47837	sub-1/ses-04/eeg/sub-1_ses-04_task-imagery_run-02_eeg.edf	6388.993167424542	True	7.444539663075855e-12	2.0646854294703085e-12
sub-1	04	02	sub-1/ses-04/run-02/tsv-row-27	27	rest	1	193.22	5.0	48305	49555	sub-1/ses-04/eeg/sub-1_ses-04_task-imagery_run-02_eeg.edf	4212.090381481369	False	8.782951290425622e-12	2.394763207183483e-12
sub-1	04	02	sub-1/ses-04/run-02/tsv-row-28	28	right_hand	2	200.104	5.0	50026	51276	sub-1/ses-04/eeg/sub-1_ses-04_task-imagery_run-02_eeg.edf	8510.935895550401	True	5.4204113417952624e-12	1.9208015034491736e-12
sub-1	04	02	sub-1/ses-04/run-02/tsv-row-29	29	rest	1	207.012	5.0	51753	53003	sub-1/ses-04/eeg/sub-1_ses-04_task-imagery_run-02_eeg.edf	5274.651499282815	False	9.377972475051927e-12	2.4427883034669585e-12
sub-1	04	03	sub-1/ses-04/run-03/tsv-row-1	1	right_hand	2	7.892	5.0	1973	3223	sub-1/ses-04/eeg/sub-1_ses-04_task-imagery_run-03_eeg.edf	4702.463511337626	False	3.700258662966155e-12	1.938675656239149e-12
sub-1	04	03	sub-1/ses-04/run-03/tsv-row-2	2	rest	1	14.78	5.0	3695	4945	sub-1/ses-04/eeg/sub-1_ses-04_task-imagery_run-03_eeg.edf	5134.324911206397	False	3.787486307421577e-12	1.8709396473772097e-12
sub-1	04	03	sub-1/ses-04/run-03/tsv-row-3	3	rest	1	21.668	5.0	5417	6667	sub-1/ses-04/eeg/sub-1_ses-04_task-imagery_run-03_eeg.edf	4105.077753486739	False	3.648112463263511e-12	2.012929652892866e-12
sub-1	04	03	sub-1/ses-04/run-03/tsv-row-4	4	right_hand	2	28.536	5.0	7134	8384	sub-1/ses-04/eeg/sub-1_ses-04_task-imagery_run-03_eeg.edf	6352.181426389355	True	4.7723018475243535e-12	1.8550621607704e-12
sub-1	04	03	sub-1/ses-04/run-03/tsv-row-5	5	right_hand	2	35.44	5.0	8860	10110	sub-1/ses-04/eeg/sub-1_ses-04_task-imagery_run-03_eeg.edf	6810.074846949675	True	5.095641087440847e-12	2.354880644836643e-12
sub-1	04	03	sub-1/ses-04/run-03/tsv-row-6	6	rest	1	42.328	5.0	10582	11832	sub-1/ses-04/eeg/sub-1_ses-04_task-imagery_run-03_eeg.edf	5179.38977721488	False	7.607309795272226e-12	3.174260618788758e-12
sub-1	04	03	sub-1/ses-04/run-03/tsv-row-7	7	right_hand	2	49.196	5.0	12299	13549	sub-1/ses-04/eeg/sub-1_ses-04_task-imagery_run-03_eeg.edf	5583.1316830347605	False	3.8757393279916076e-12	1.847254285960762e-12
sub-1	04	03	sub-1/ses-04/run-03/tsv-row-8	8	rest	1	56.1	5.0	14025	15275	sub-1/ses-04/eeg/sub-1_ses-04_task-imagery_run-03_eeg.edf	6242.282093752861	True	1.2765705452220674e-11	3.929787718379973e-12
sub-1	04	03	sub-1/ses-04/run-03/tsv-row-9	9	right_hand	2	62.988	5.0	15747	16997	sub-1/ses-04/eeg/sub-1_ses-04_task-imagery_run-03_eeg.edf	3598.8040680562763	False	3.3950870603956696e-12	2.3270702892469593e-12
sub-1	04	03	sub-1/ses-04/run-03/tsv-row-10	10	rest	1	69.876	5.0	17469	18719	sub-1/ses-04/eeg/sub-1_ses-04_task-imagery_run-03_eeg.edf	4003.0371440778827	False	1.2471891058142463e-11	3.0966821789901134e-12
sub-1	04	03	sub-1/ses-04/run-03/tsv-row-11	11	right_hand	2	76.76	5.0	19190	20440	sub-1/ses-04/eeg/sub-1_ses-04_task-imagery_run-03_eeg.edf	3877.78874263741	False	7.311142300117177e-12	1.861275524523702e-12
sub-1	04	03	sub-1/ses-04/run-03/tsv-row-12	12	rest	1	83.648	5.0	20912	22162	sub-1/ses-04/eeg/sub-1_ses-04_task-imagery_run-03_eeg.edf	4629.89311403241	False	6.585943900893622e-12	2.2733227314987003e-12
sub-1	04	03	sub-1/ses-04/run-03/tsv-row-13	13	right_hand	2	90.536	5.0	22634	23884	sub-1/ses-04/eeg/sub-1_ses-04_task-imagery_run-03_eeg.edf	4249.359000244148	False	7.77818165695574e-12	2.3345280571672484e-12
sub-1	04	03	sub-1/ses-04/run-03/tsv-row-14	14	rest	1	97.44	5.0	24360	25610	sub-1/ses-04/eeg/sub-1_ses-04_task-imagery_run-03_eeg.edf	2959.5460505081332	False	5.84389945483899e-12	2.2131093739272878e-12
sub-1	04	03	sub-1/ses-04/run-03/tsv-row-15	15	rest	1	104.328	5.0	26082	27332	sub-1/ses-04/eeg/sub-1_ses-04_task-imagery_run-03_eeg.edf	4314.070674321727	False	8.06029567131605e-12	2.8234396735147214e-12
sub-1	04	03	sub-1/ses-04/run-03/tsv-row-16	16	right_hand	2	111.196	5.0	27799	29049	sub-1/ses-04/eeg/sub-1_ses-04_task-imagery_run-03_eeg.edf	4097.955785561693	False	3.1080475118415493e-12	2.195343758343467e-12
sub-1	04	03	sub-1/ses-04/run-03/tsv-row-17	17	right_hand	2	118.1	5.0	29525	30775	sub-1/ses-04/eeg/sub-1_ses-04_task-imagery_run-03_eeg.edf	4493.961760704367	False	2.977973341644801e-12	1.8582216830438232e-12
sub-1	04	03	sub-1/ses-04/run-03/tsv-row-18	18	rest	1	124.988	5.0	31247	32497	sub-1/ses-04/eeg/sub-1_ses-04_task-imagery_run-03_eeg.edf	4418.198757087924	False	6.295981662289341e-12	2.6927635509372897e-12
sub-1	04	03	sub-1/ses-04/run-03/tsv-row-19	19	rest	1	131.872	5.0	32968	34218	sub-1/ses-04/eeg/sub-1_ses-04_task-imagery_run-03_eeg.edf	3179.713093432417	False	5.2740515991293975e-12	2.4068006603940702e-12
sub-1	04	03	sub-1/ses-04/run-03/tsv-row-20	20	right_hand	2	138.76	5.0	34690	35940	sub-1/ses-04/eeg/sub-1_ses-04_task-imagery_run-03_eeg.edf	3918.924247032075	False	4.5395337180315044e-12	1.8614989704339116e-12
sub-1	04	03	sub-1/ses-04/run-03/tsv-row-21	21	rest	1	145.648	5.0	36412	37662	sub-1/ses-04/eeg/sub-1_ses-04_task-imagery_run-03_eeg.edf	3919.5382097842344	False	4.588016035783655e-12	2.4224852576857404e-12
sub-1	04	03	sub-1/ses-04/run-03/tsv-row-22	22	right_hand	2	152.532	5.0	38133	39383	sub-1/ses-04/eeg/sub-1_ses-04_task-imagery_run-03_eeg.edf	5054.632545976135	False	3.85742049604035e-12	2.1625122820359805e-12
sub-1	04	03	sub-1/ses-04/run-03/tsv-row-23	23	rest	1	159.42	5.0	39855	41105	sub-1/ses-04/eeg/sub-1_ses-04_task-imagery_run-03_eeg.edf	6984.440268562884	True	4.4186215709678e-12	2.2911637685620786e-12
sub-1	04	03	sub-1/ses-04/run-03/tsv-row-24	24	right_hand	2	166.308	5.0	41577	42827	sub-1/ses-04/eeg/sub-1_ses-04_task-imagery_run-03_eeg.edf	3820.935791787469	False	2.3419820264821183e-12	1.8600708724409615e-12
sub-1	04	03	sub-1/ses-04/run-03/tsv-row-25	25	right_hand	2	173.192	5.0	43298	44548	sub-1/ses-04/eeg/sub-1_ses-04_task-imagery_run-03_eeg.edf	3747.3830540787985	False	3.6135463632587965e-12	2.327570270938124e-12
sub-1	04	03	sub-1/ses-04/run-03/tsv-row-26	26	rest	1	180.08	5.0	45020	46270	sub-1/ses-04/eeg/sub-1_ses-04_task-imagery_run-03_eeg.edf	4886.52954443495	False	9.95419074221108e-12	2.9856451358204836e-12
sub-1	04	03	sub-1/ses-04/run-03/tsv-row-27	27	rest	1	186.968	5.0	46742	47992	sub-1/ses-04/eeg/sub-1_ses-04_task-imagery_run-03_eeg.edf	2891.0278073671684	False	1.0131415011996023e-11	2.0934854044301705e-12
sub-1	04	03	sub-1/ses-04/run-03/tsv-row-28	28	right_hand	2	193.856	5.0	48464	49714	sub-1/ses-04/eeg/sub-1_ses-04_task-imagery_run-03_eeg.edf	3847.458982680746	False	7.107351696205472e-12	1.6802908685861633e-12
sub-1	04	03	sub-1/ses-04/run-03/tsv-row-29	29	rest	1	200.74	5.0	50185	51435	sub-1/ses-04/eeg/sub-1_ses-04_task-imagery_run-03_eeg.edf	6525.687300149541	True	1.3349900947637993e-11	2.5982071291885127e-12
sub-1	04	03	sub-1/ses-04/run-03/tsv-row-30	30	right_hand	2	207.644	5.0	51911	53161	sub-1/ses-04/eeg/sub-1_ses-04_task-imagery_run-03_eeg.edf	3956.989937665944	False	4.1319993645290545e-12	1.9761935633478714e-12
sub-1	04	04	sub-1/ses-04/run-04/tsv-row-1	1	right_hand	2	4.764	5.0	1191	2441	sub-1/ses-04/eeg/sub-1_ses-04_task-imagery_run-04_eeg.edf	3976.413049958801	False	2.6482531194592724e-12	1.8057393696133958e-12
sub-1	04	04	sub-1/ses-04/run-04/tsv-row-2	2	rest	1	11.632	5.0	2908	4158	sub-1/ses-04/eeg/sub-1_ses-04_task-imagery_run-04_eeg.edf	2789.3280568865016	False	4.6637888184066374e-12	2.0648692585625717e-12
sub-1	04	04	sub-1/ses-04/run-04/tsv-row-3	3	rest	1	18.536	5.0	4634	5884	sub-1/ses-04/eeg/sub-1_ses-04_task-imagery_run-04_eeg.edf	3982.6516309701833	False	2.911931364883491e-12	2.0524519389728263e-12
sub-1	04	04	sub-1/ses-04/run-04/tsv-row-4	4	right_hand	2	25.424	5.0	6356	7606	sub-1/ses-04/eeg/sub-1_ses-04_task-imagery_run-04_eeg.edf	2979.7022555619983	False	2.0929355638960842e-12	1.5987337006659696e-12
sub-1	04	04	sub-1/ses-04/run-04/tsv-row-5	5	right_hand	2	32.308	5.0	8077	9327	sub-1/ses-04/eeg/sub-1_ses-04_task-imagery_run-04_eeg.edf	2070.624028809473	False	2.525240047172211e-12	1.6877819503016164e-12
sub-1	04	04	sub-1/ses-04/run-04/tsv-row-6	6	rest	1	39.18	5.0	9795	11045	sub-1/ses-04/eeg/sub-1_ses-04_task-imagery_run-04_eeg.edf	3952.336026367993	False	3.023221544790032e-12	2.1702493025853667e-12
sub-1	04	04	sub-1/ses-04/run-04/tsv-row-7	7	rest	1	46.084	5.0	11521	12771	sub-1/ses-04/eeg/sub-1_ses-04_task-imagery_run-04_eeg.edf	2759.7922749107333	False	5.1756313913488276e-12	2.283810000308435e-12
sub-1	04	04	sub-1/ses-04/run-04/tsv-row-8	8	right_hand	2	52.972	5.0	13243	14493	sub-1/ses-04/eeg/sub-1_ses-04_task-imagery_run-04_eeg.edf	2123.457011749626	False	1.335519979689161e-12	1.6802516063318185e-12
sub-1	04	04	sub-1/ses-04/run-04/tsv-row-9	9	rest	1	59.856	5.0	14964	16214	sub-1/ses-04/eeg/sub-1_ses-04_task-imagery_run-04_eeg.edf	2422.908900296029	False	3.309521985387058e-12	2.508855553575515e-12
sub-1	04	04	sub-1/ses-04/run-04/tsv-row-10	10	right_hand	2	66.744	5.0	16686	17936	sub-1/ses-04/eeg/sub-1_ses-04_task-imagery_run-04_eeg.edf	2863.8011177098915	False	4.0976965546484875e-12	1.5759507523547477e-12
sub-1	04	04	sub-1/ses-04/run-04/tsv-row-11	11	rest	1	73.632	5.0	18408	19658	sub-1/ses-04/eeg/sub-1_ses-04_task-imagery_run-04_eeg.edf	2043.8176260261848	False	7.287669629938011e-12	1.7724910678961865e-12
sub-1	04	04	sub-1/ses-04/run-04/tsv-row-12	12	right_hand	2	80.516	5.0	20129	21379	sub-1/ses-04/eeg/sub-1_ses-04_task-imagery_run-04_eeg.edf	2133.10731675161	False	4.506133088599363e-12	2.774454437790291e-12
sub-1	04	04	sub-1/ses-04/run-04/tsv-row-13	13	right_hand	2	87.404	5.0	21851	23101	sub-1/ses-04/eeg/sub-1_ses-04_task-imagery_run-04_eeg.edf	2622.25105917539	False	1.9025987795082443e-12	1.601869469479279e-12
sub-1	04	04	sub-1/ses-04/run-04/tsv-row-14	14	rest	1	94.292	5.0	23573	24823	sub-1/ses-04/eeg/sub-1_ses-04_task-imagery_run-04_eeg.edf	2764.9585998107855	False	9.390278260937454e-12	2.6534416324491675e-12
sub-1	04	04	sub-1/ses-04/run-04/tsv-row-15	15	rest	1	101.196	5.0	25299	26549	sub-1/ses-04/eeg/sub-1_ses-04_task-imagery_run-04_eeg.edf	2017.2061788995024	False	5.10454433980472e-12	2.065386668079388e-12
sub-1	04	04	sub-1/ses-04/run-04/tsv-row-16	16	right_hand	2	108.064	5.0	27016	28266	sub-1/ses-04/eeg/sub-1_ses-04_task-imagery_run-04_eeg.edf	3648.0102464064457	False	3.757707648823013e-12	1.9818181332977757e-12
sub-1	04	04	sub-1/ses-04/run-04/tsv-row-17	17	rest	1	114.952	5.0	28738	29988	sub-1/ses-04/eeg/sub-1_ses-04_task-imagery_run-04_eeg.edf	2195.7855603503526	False	6.716512865581632e-12	2.6088996448132647e-12
sub-1	04	04	sub-1/ses-04/run-04/tsv-row-18	18	right_hand	2	121.84	5.0	30460	31710	sub-1/ses-04/eeg/sub-1_ses-04_task-imagery_run-04_eeg.edf	2731.1337933896907	False	4.290180629023427e-12	2.4925665118482594e-12
sub-1	04	04	sub-1/ses-04/run-04/tsv-row-19	19	rest	1	128.724	5.0	32181	33431	sub-1/ses-04/eeg/sub-1_ses-04_task-imagery_run-04_eeg.edf	2445.6212342905974	False	7.697226858760462e-12	1.9172711821936693e-12
sub-1	04	04	sub-1/ses-04/run-04/tsv-row-20	20	right_hand	2	135.628	5.0	33907	35157	sub-1/ses-04/eeg/sub-1_ses-04_task-imagery_run-04_eeg.edf	2086.0255256813257	False	3.1278990248012225e-12	1.8096124310850813e-12
sub-1	04	04	sub-1/ses-04/run-04/tsv-row-21	21	rest	1	142.516	5.0	35629	36879	sub-1/ses-04/eeg/sub-1_ses-04_task-imagery_run-04_eeg.edf	2196.37042732017	False	3.655468547966189e-12	1.951828589821343e-12
sub-1	04	04	sub-1/ses-04/run-04/tsv-row-22	22	right_hand	2	149.384	5.0	37346	38596	sub-1/ses-04/eeg/sub-1_ses-04_task-imagery_run-04_eeg.edf	4326.650887050996	False	6.113412154620847e-12	1.7539782307129146e-12
sub-1	04	04	sub-1/ses-04/run-04/tsv-row-23	23	rest	1	156.288	5.0	39072	40322	sub-1/ses-04/eeg/sub-1_ses-04_task-imagery_run-04_eeg.edf	3809.0436187627797	False	4.486725132015825e-12	1.6956874132098275e-12
sub-1	04	04	sub-1/ses-04/run-04/tsv-row-24	24	right_hand	2	163.176	5.0	40794	42044	sub-1/ses-04/eeg/sub-1_ses-04_task-imagery_run-04_eeg.edf	3174.462956511124	False	4.9321493016350826e-12	2.2804468472138996e-12
sub-1	04	04	sub-1/ses-04/run-04/tsv-row-25	25	rest	1	170.064	5.0	42516	43766	sub-1/ses-04/eeg/sub-1_ses-04_task-imagery_run-04_eeg.edf	4262.412998199407	False	1.0735859190263773e-11	2.083435962618246e-12
sub-1	04	04	sub-1/ses-04/run-04/tsv-row-26	26	right_hand	2	176.948	5.0	44237	45487	sub-1/ses-04/eeg/sub-1_ses-04_task-imagery_run-04_eeg.edf	2822.4705185094763	False	3.343752516351388e-12	1.808927428968998e-12
sub-1	04	04	sub-1/ses-04/run-04/tsv-row-27	27	right_hand	2	183.836	5.0	45959	47209	sub-1/ses-04/eeg/sub-1_ses-04_task-imagery_run-04_eeg.edf	3182.0662271187475	False	6.889372993305807e-12	3.1418154126007967e-12
sub-1	04	04	sub-1/ses-04/run-04/tsv-row-28	28	rest	1	190.724	5.0	47681	48931	sub-1/ses-04/eeg/sub-1_ses-04_task-imagery_run-04_eeg.edf	3138.981027008881	False	4.519468452287442e-12	1.9621803369938348e-12
sub-1	04	04	sub-1/ses-04/run-04/tsv-row-29	29	rest	1	197.628	5.0	49407	50657	sub-1/ses-04/eeg/sub-1_ses-04_task-imagery_run-04_eeg.edf	3204.7785611133154	False	5.457363446582971e-12	2.3480327142417835e-12
sub-1	04	04	sub-1/ses-04/run-04/tsv-row-30	30	right_hand	2	204.496	5.0	51124	52374	sub-1/ses-04/eeg/sub-1_ses-04_task-imagery_run-04_eeg.edf	2962.5461577806936	False	2.600857446184345e-12	1.6045907298579146e-12
sub-1	04	05	sub-1/ses-04/run-05/tsv-row-1	1	right_hand	2	4.596	5.0	1149	2399	sub-1/ses-04/eeg/sub-1_ses-04_task-imagery_run-05_eeg.edf	2047.5663960692164	False	2.258675419905722e-12	1.645001328871602e-12
sub-1	04	05	sub-1/ses-04/run-05/tsv-row-2	2	rest	1	11.464	5.0	2866	4116	sub-1/ses-04/eeg/sub-1_ses-04_task-imagery_run-05_eeg.edf	2722.0988677632986	False	4.146702996166763e-12	1.5992171611935138e-12
sub-1	04	05	sub-1/ses-04/run-05/tsv-row-3	3	right_hand	2	18.352	5.0	4588	5838	sub-1/ses-04/eeg/sub-1_ses-04_task-imagery_run-05_eeg.edf	2872.0669515060886	False	1.901328597851539e-12	1.4736437447286249e-12
sub-1	04	05	sub-1/ses-04/run-05/tsv-row-4	4	rest	1	25.256	5.0	6314	7564	sub-1/ses-04/eeg/sub-1_ses-04_task-imagery_run-05_eeg.edf	1572.3975432599875	False	2.712429546990587e-12	1.957434155844869e-12
sub-1	04	05	sub-1/ses-04/run-05/tsv-row-5	5	rest	1	32.144	5.0	8036	9286	sub-1/ses-04/eeg/sub-1_ses-04_task-imagery_run-05_eeg.edf	2386.128252510148	False	3.152291373451607e-12	2.1312505372529256e-12
sub-1	04	05	sub-1/ses-04/run-05/tsv-row-6	6	right_hand	2	39.012	5.0	9753	11003	sub-1/ses-04/eeg/sub-1_ses-04_task-imagery_run-05_eeg.edf	2433.337427900022	False	3.2760781997734927e-12	1.854375424078578e-12
sub-1	04	05	sub-1/ses-04/run-05/tsv-row-7	7	right_hand	2	45.916	5.0	11479	12729	sub-1/ses-04/eeg/sub-1_ses-04_task-imagery_run-05_eeg.edf	2466.1328241828674	False	3.092123364422148e-12	1.6893760785991002e-12
sub-1	04	05	sub-1/ses-04/run-05/tsv-row-8	8	rest	1	52.804	5.0	13201	14451	sub-1/ses-04/eeg/sub-1_ses-04_task-imagery_run-05_eeg.edf	2583.7103930784024	False	3.4121364533747107e-12	2.0371432016325986e-12
sub-1	04	05	sub-1/ses-04/run-05/tsv-row-9	9	right_hand	2	59.688	5.0	14922	16172	sub-1/ses-04/eeg/sub-1_ses-04_task-imagery_run-05_eeg.edf	3505.7063982055124	False	3.533472238457599e-12	1.5476990306953619e-12
sub-1	04	05	sub-1/ses-04/run-05/tsv-row-10	10	rest	1	66.576	5.0	16644	17894	sub-1/ses-04/eeg/sub-1_ses-04_task-imagery_run-05_eeg.edf	3338.652317880795	False	3.154568775815065e-12	1.513358666151396e-12
sub-1	04	05	sub-1/ses-04/run-05/tsv-row-11	11	right_hand	2	73.464	5.0	18366	19616	sub-1/ses-04/eeg/sub-1_ses-04_task-imagery_run-05_eeg.edf	2723.394488357189	False	3.800066478956143e-12	1.585061775849851e-12
sub-1	04	05	sub-1/ses-04/run-05/tsv-row-12	12	rest	1	80.348	5.0	20087	21337	sub-1/ses-04/eeg/sub-1_ses-04_task-imagery_run-05_eeg.edf	3015.0710745567185	False	4.477319275983269e-12	2.2378304667448145e-12
sub-1	04	05	sub-1/ses-04/run-05/tsv-row-13	13	right_hand	2	87.236	5.0	21809	23059	sub-1/ses-04/eeg/sub-1_ses-04_task-imagery_run-05_eeg.edf	2347.5025635547963	False	2.9944525258618288e-12	1.9342219777819814e-12
sub-1	04	05	sub-1/ses-04/run-05/tsv-row-14	14	rest	1	94.124	5.0	23531	24781	sub-1/ses-04/eeg/sub-1_ses-04_task-imagery_run-05_eeg.edf	1713.944093142491	False	5.727178109616468e-12	2.3419741505885874e-12
sub-1	04	05	sub-1/ses-04/run-05/tsv-row-15	15	rest	1	101.028	5.0	25257	26507	sub-1/ses-04/eeg/sub-1_ses-04_task-imagery_run-05_eeg.edf	2304.8280602435375	False	7.377839082183809e-12	2.6426569778537015e-12
sub-1	04	05	sub-1/ses-04/run-05/tsv-row-16	16	right_hand	2	107.896	5.0	26974	28224	sub-1/ses-04/eeg/sub-1_ses-04_task-imagery_run-05_eeg.edf	1727.062251655629	False	3.436751738254932e-12	1.4553307202881282e-12
sub-1	04	05	sub-1/ses-04/run-05/tsv-row-17	17	right_hand	2	114.8	5.0	28700	29950	sub-1/ses-04/eeg/sub-1_ses-04_task-imagery_run-05_eeg.edf	2086.7589190343947	False	2.3124179946388926e-12	1.6523663224418485e-12
sub-1	04	05	sub-1/ses-04/run-05/tsv-row-18	18	rest	1	121.672	5.0	30418	31668	sub-1/ses-04/eeg/sub-1_ses-04_task-imagery_run-05_eeg.edf	3473.396859645375	False	2.812041091816898e-12	2.0443239049667565e-12
sub-1	04	05	sub-1/ses-04/run-05/tsv-row-19	19	right_hand	2	128.556	5.0	32139	33389	sub-1/ses-04/eeg/sub-1_ses-04_task-imagery_run-05_eeg.edf	1672.9700918607136	False	2.2812543180030002e-12	1.4929497500801544e-12
sub-1	04	05	sub-1/ses-04/run-05/tsv-row-20	20	rest	1	135.46	5.0	33865	35115	sub-1/ses-04/eeg/sub-1_ses-04_task-imagery_run-05_eeg.edf	3176.0519333475754	False	6.9558861892392175e-12	2.035710137314154e-12
sub-1	04	05	sub-1/ses-04/run-05/tsv-row-21	21	rest	1	142.348	5.0	35587	36837	sub-1/ses-04/eeg/sub-1_ses-04_task-imagery_run-05_eeg.edf	2549.7003524887846	False	4.445817425980754e-12	1.94469354865214e-12
sub-1	04	05	sub-1/ses-04/run-05/tsv-row-22	22	right_hand	2	149.216	5.0	37304	38554	sub-1/ses-04/eeg/sub-1_ses-04_task-imagery_run-05_eeg.edf	3020.25355693228	False	4.204325036162825e-12	1.6213337485319324e-12
sub-1	04	05	sub-1/ses-04/run-05/tsv-row-23	23	rest	1	156.12	5.0	39030	40280	sub-1/ses-04/eeg/sub-1_ses-04_task-imagery_run-05_eeg.edf	3333.7127643665885	False	5.815829722271463e-12	1.981844640395197e-12
sub-1	04	05	sub-1/ses-04/run-05/tsv-row-24	24	right_hand	2	163.008	5.0	40752	42002	sub-1/ses-04/eeg/sub-1_ses-04_task-imagery_run-05_eeg.edf	2382.8082247383036	False	3.3255812338918737e-12	1.8265819110209077e-12
sub-1	04	05	sub-1/ses-04/run-05/tsv-row-25	25	right_hand	2	169.896	5.0	42474	43724	sub-1/ses-04/eeg/sub-1_ses-04_task-imagery_run-05_eeg.edf	2453.905404828028	False	2.1800611067269685e-12	1.6130861391579936e-12
sub-1	04	05	sub-1/ses-04/run-05/tsv-row-26	26	rest	1	176.78	5.0	44195	45445	sub-1/ses-04/eeg/sub-1_ses-04_task-imagery_run-05_eeg.edf	1770.2226126895962	False	6.359332968621635e-12	2.3112665046391153e-12
sub-1	04	05	sub-1/ses-04/run-05/tsv-row-27	27	right_hand	2	183.668	5.0	45917	47167	sub-1/ses-04/eeg/sub-1_ses-04_task-imagery_run-05_eeg.edf	2228.1435163426618	False	3.2770940002748675e-12	1.4339230465739665e-12
sub-1	04	05	sub-1/ses-04/run-05/tsv-row-28	28	rest	1	190.556	5.0	47639	48889	sub-1/ses-04/eeg/sub-1_ses-04_task-imagery_run-05_eeg.edf	3831.635953856014	False	6.2055076762739795e-12	2.0951049685205156e-12
sub-1	04	05	sub-1/ses-04/run-05/tsv-row-29	29	right_hand	2	197.46	5.0	49365	50615	sub-1/ses-04/eeg/sub-1_ses-04_task-imagery_run-05_eeg.edf	2475.607049775689	False	5.390251824670905e-12	2.4507432545444943e-12
sub-1	04	05	sub-1/ses-04/run-05/tsv-row-30	30	rest	1	204.328	5.0	51082	52332	sub-1/ses-04/eeg/sub-1_ses-04_task-imagery_run-05_eeg.edf	4251.74093142491	False	7.46579025593742e-12	2.582149550161496e-12
sub-1	04	06	sub-1/ses-04/run-06/tsv-row-1	1	right_hand	2	5.12	5.0	1280	2530	sub-1/ses-04/eeg/sub-1_ses-04_task-imagery_run-06_eeg.edf	2371.50404852443	False	1.5475712241435358e-12	2.0820874094789003e-12
sub-1	04	06	sub-1/ses-04/run-06/tsv-row-2	2	rest	1	12.016	5.0	3004	4254	sub-1/ses-04/eeg/sub-1_ses-04_task-imagery_run-06_eeg.edf	3406.6319276711324	False	3.0753510395373596e-12	1.9802520048431277e-12
sub-1	04	06	sub-1/ses-04/run-06/tsv-row-3	3	rest	1	18.9	5.0	4725	5975	sub-1/ses-04/eeg/sub-1_ses-04_task-imagery_run-06_eeg.edf	3130.0122923673207	False	3.149102067446967e-12	2.4375380227143305e-12
sub-1	04	06	sub-1/ses-04/run-06/tsv-row-4	4	right_hand	2	25.784	5.0	6446	7696	sub-1/ses-04/eeg/sub-1_ses-04_task-imagery_run-06_eeg.edf	2737.945837092196	False	1.9583898666015937e-12	1.4346718517859456e-12
sub-1	04	06	sub-1/ses-04/run-06/tsv-row-5	5	rest	1	32.672	5.0	8168	9418	sub-1/ses-04/eeg/sub-1_ses-04_task-imagery_run-06_eeg.edf	2989.4840848414565	False	3.762987646350844e-12	2.0397193320028187e-12
sub-1	04	06	sub-1/ses-04/run-06/tsv-row-6	6	right_hand	2	39.572	5.0	9893	11143	sub-1/ses-04/eeg/sub-1_ses-04_task-imagery_run-06_eeg.edf	2210.5123262428665	False	2.0629323285003752e-12	1.5791618630088364e-12
sub-1	04	06	sub-1/ses-04/run-06/tsv-row-7	7	rest	1	46.448	5.0	11612	12862	sub-1/ses-04/eeg/sub-1_ses-04_task-imagery_run-06_eeg.edf	4521.621842280343	False	8.381513905006114e-12	2.5252674887106127e-12
sub-1	04	06	sub-1/ses-04/run-06/tsv-row-8	8	right_hand	2	53.328	5.0	13332	14582	sub-1/ses-04/eeg/sub-1_ses-04_task-imagery_run-06_eeg.edf	2564.549240821558	False	2.2423270107145493e-12	1.5819285359682688e-12
sub-1	04	06	sub-1/ses-04/run-06/tsv-row-9	9	rest	1	60.24	5.0	15060	16310	sub-1/ses-04/eeg/sub-1_ses-04_task-imagery_run-06_eeg.edf	3487.8521610156563	False	5.1154903248367015e-12	2.0158457358311765e-12
sub-1	04	06	sub-1/ses-04/run-06/tsv-row-10	10	right_hand	2	67.12	5.0	16780	18030	sub-1/ses-04/eeg/sub-1_ses-04_task-imagery_run-06_eeg.edf	2688.416887661366	False	3.5341108129229513e-12	1.8018885552846898e-12
sub-1	04	06	sub-1/ses-04/run-06/tsv-row-11	11	right_hand	2	74.008	5.0	18502	19752	sub-1/ses-04/eeg/sub-1_ses-04_task-imagery_run-06_eeg.edf	1702.1841322672203	False	2.2479202904036456e-12	1.6917293010177624e-12
sub-1	04	06	sub-1/ses-04/run-06/tsv-row-12	12	rest	1	80.9	5.0	20225	21475	sub-1/ses-04/eeg/sub-1_ses-04_task-imagery_run-06_eeg.edf	2981.425444074832	False	3.793304745593451e-12	1.7307724039189082e-12
sub-1	04	06	sub-1/ses-04/run-06/tsv-row-13	13	rest	1	87.784	5.0	21946	23196	sub-1/ses-04/eeg/sub-1_ses-04_task-imagery_run-06_eeg.edf	3378.019225623341	False	5.593371400317956e-12	2.010323742616507e-12
sub-1	04	06	sub-1/ses-04/run-06/tsv-row-14	14	right_hand	2	94.668	5.0	23667	24917	sub-1/ses-04/eeg/sub-1_ses-04_task-imagery_run-06_eeg.edf	2673.838897061067	False	2.921275607274555e-12	1.627143984545036e-12
sub-1	04	06	sub-1/ses-04/run-06/tsv-row-15	15	right_hand	2	101.536	5.0	25384	26634	sub-1/ses-04/eeg/sub-1_ses-04_task-imagery_run-06_eeg.edf	2644.6829158604696	False	2.238945361855381e-12	1.7817060051781442e-12
sub-1	04	06	sub-1/ses-04/run-06/tsv-row-16	16	right_hand	2	115.328	5.0	28832	30082	sub-1/ses-04/eeg/sub-1_ses-04_task-imagery_run-06_eeg.edf	1826.5950582598348	False	4.088743953135154e-12	1.5067509208138434e-12
sub-1	04	06	sub-1/ses-04/run-06/tsv-row-17	17	rest	1	122.22	5.0	30555	31805	sub-1/ses-04/eeg/sub-1_ses-04_task-imagery_run-06_eeg.edf	4764.105437482834	False	6.240095231029715e-12	1.887779412135332e-12
sub-1	04	06	sub-1/ses-04/run-06/tsv-row-18	18	right_hand	2	129.1	5.0	32275	33525	sub-1/ses-04/eeg/sub-1_ses-04_task-imagery_run-06_eeg.edf	3822.3310260933254	False	3.248422102135202e-12	1.6490647747585065e-12
sub-1	04	06	sub-1/ses-04/run-06/tsv-row-19	19	rest	1	135.992	5.0	33998	35248	sub-1/ses-04/eeg/sub-1_ses-04_task-imagery_run-06_eeg.edf	4562.367778740807	False	2.5945602464751705e-12	1.8956038766856704e-12
sub-1	04	06	sub-1/ses-04/run-06/tsv-row-20	20	rest	1	142.88	5.0	35720	36970	sub-1/ses-04/eeg/sub-1_ses-04_task-imagery_run-06_eeg.edf	4310.014612262337	False	7.962444816480844e-12	2.1651027677592407e-12
sub-1	04	06	sub-1/ses-04/run-06/tsv-row-21	21	right_hand	2	149.78	5.0	37445	38695	sub-1/ses-04/eeg/sub-1_ses-04_task-imagery_run-06_eeg.edf	2161.707749015778	False	2.8421084903990877e-12	1.305709531699131e-12
sub-1	04	06	sub-1/ses-04/run-06/tsv-row-22	22	right_hand	2	156.648	5.0	39162	40412	sub-1/ses-04/eeg/sub-1_ses-04_task-imagery_run-06_eeg.edf	3663.150234321116	False	6.062436818717556e-12	2.495793171723954e-12
sub-1	04	06	sub-1/ses-04/run-06/tsv-row-23	23	rest	1	163.54	5.0	40885	42135	sub-1/ses-04/eeg/sub-1_ses-04_task-imagery_run-06_eeg.edf	3623.400309640797	False	1.2128691201471089e-11	2.1295983171509506e-12
sub-1	04	06	sub-1/ses-04/run-06/tsv-row-24	24	right_hand	2	170.44	5.0	42610	43860	sub-1/ses-04/eeg/sub-1_ses-04_task-imagery_run-06_eeg.edf	2029.2381822565385	False	3.79903608692093e-12	1.6611460966018072e-12
sub-1	04	06	sub-1/ses-04/run-06/tsv-row-25	25	rest	1	177.332	5.0	44333	45583	sub-1/ses-04/eeg/sub-1_ses-04_task-imagery_run-06_eeg.edf	2373.8582581865903	False	5.7442049856705234e-12	2.194598396440562e-12
sub-1	04	06	sub-1/ses-04/run-06/tsv-row-26	26	right_hand	2	184.196	5.0	46049	47299	sub-1/ses-04/eeg/sub-1_ses-04_task-imagery_run-06_eeg.edf	2252.2542744834745	False	2.447895800340821e-12	1.633922598225207e-12
sub-1	04	06	sub-1/ses-04/run-06/tsv-row-27	27	rest	1	191.104	5.0	47776	49026	sub-1/ses-04/eeg/sub-1_ses-04_task-imagery_run-06_eeg.edf	4934.785637989441	False	7.017642658339285e-12	2.087514859572381e-12
sub-1	04	06	sub-1/ses-04/run-06/tsv-row-28	28	right_hand	2	197.988	5.0	49497	50747	sub-1/ses-04/eeg/sub-1_ses-04_task-imagery_run-06_eeg.edf	4259.761290627765	False	3.9309658043779606e-12	1.7593805337637656e-12
sub-1	04	06	sub-1/ses-04/run-06/tsv-row-29	29	rest	1	204.876	5.0	51219	52469	sub-1/ses-04/eeg/sub-1_ses-04_task-imagery_run-06_eeg.edf	4727.2530016174815	False	4.366347707364202e-12	2.0474737141682053e-12
