member	bytes	compressed_bytes	encrypted	crc32
sub-09/	0	0	False	00000000
__MACOSX/._sub-09	220	93	False	29d7e44a
sub-09/.DS_Store	6148	333	False	98396a8c
__MACOSX/sub-09/._.DS_Store	120	53	False	38c0880b
sub-09/ses-02/	0	0	False	00000000
sub-09/ses-04/	0	0	False	00000000
sub-09/ses-03/	0	0	False	00000000
sub-09/ses-01/	0	0	False	00000000
sub-09/ses-02/.DS_Store	6148	280	False	b1cce277
__MACOSX/sub-09/ses-02/._.DS_Store	120	53	False	38c0880b
sub-09/ses-02/meg/	0	0	False	00000000
sub-09/ses-02/sub-09_ses-02_scans.tsv	1309	233	False	176fe3c9
sub-09/ses-02/eeg/	0	0	False	00000000
sub-09/ses-04/.DS_Store	6148	279	False	25d31ca4
__MACOSX/sub-09/ses-04/._.DS_Store	120	53	False	38c0880b
sub-09/ses-04/meg/	0	0	False	00000000
sub-09/ses-04/sub-09_ses-04_scans.tsv	1309	228	False	975b0abf
sub-09/ses-04/eeg/	0	0	False	00000000
sub-09/ses-03/.DS_Store	6148	281	False	5e515391
__MACOSX/sub-09/ses-03/._.DS_Store	120	53	False	38c0880b
sub-09/ses-03/meg/	0	0	False	00000000
sub-09/ses-03/sub-09_ses-03_scans.tsv	1309	228	False	2d148dec
sub-09/ses-03/eeg/	0	0	False	00000000
sub-09/ses-01/.DS_Store	6148	286	False	b0270241
__MACOSX/sub-09/ses-01/._.DS_Store	120	53	False	38c0880b
sub-09/ses-01/sub-09_ses-01_scans.tsv	1309	227	False	6cf3ec02
sub-09/ses-01/meg/	0	0	False	00000000
sub-09/ses-01/eeg/	0	0	False	00000000
sub-09/ses-02/meg/sub-09_ses-02_task-rest_run-02_channels.tsv	19989	1020	False	03360556
sub-09/ses-02/meg/sub-09_ses-02_task-MotorImageryRest_run-03_channels.tsv	20295	1019	False	ee19c6e3
sub-09/ses-02/meg/sub-09_ses-02_task-MotorImageryRest_run-04_channels.tsv	20295	1019	False	ee19c6e3
sub-09/ses-02/meg/sub-09_ses-02_task-MotorImageryRest_run-02_meg.fif	280805367	262043720	False	37011f08
sub-09/ses-02/meg/sub-09_ses-02_task-MotorImageryRest_run-04_events.tsv	743	318	False	333b4961
sub-09/ses-02/meg/sub-09_ses-02_task-rest_run-02_meg.fif	55380848	51696476	False	f182b153
sub-09/ses-02/meg/sub-09_ses-02_task-MotorImageryRest_run-06_meg.json	690	308	False	6c015891
sub-09/ses-02/meg/sub-09_ses-02_task-MotorImageryRest_run-01_events.tsv	744	319	False	40699b62
sub-09/ses-02/meg/sub-09_ses-02_task-MotorImageryRest_run-05_channels.tsv	20295	1019	False	ee19c6e3
sub-09/ses-02/meg/sub-09_ses-02_task-MotorImageryRest_run-02_channels.tsv	20295	1019	False	ee19c6e3
sub-09/ses-02/meg/sub-09_ses-02_task-MotorImageryRest_run-02_events.json	767	336	False	95434a42
sub-09/ses-02/meg/sub-09_ses-02_task-MotorImageryRest_run-03_meg.fif	306166647	285695802	False	acab50d9
sub-09/ses-02/meg/sub-09_ses-02_task-MotorImageryRest_run-01_meg.json	690	307	False	7ae768e4
sub-09/ses-02/meg/sub-09_ses-02_task-MotorImageryRest_run-01_events.json	767	336	False	95434a42
sub-09/ses-02/meg/sub-09_ses-02_task-rest_run-01_meg.fif	66216688	61825917	False	a54052a9
sub-09/ses-02/meg/sub-09_ses-02_task-MotorImageryRest_run-01_meg.fif	285329271	266365388	False	18e7e7af
sub-09/ses-02/meg/sub-09_ses-02_task-MotorImageryRest_run-06_events.tsv	752	318	False	7d73bdac
sub-09/ses-02/meg/sub-09_ses-02_task-rest_run-02_meg.json	677	295	False	6ad09b79
sub-09/ses-02/meg/sub-09_ses-02_task-MotorImageryRest_run-03_events.tsv	744	319	False	97ce4631
sub-09/ses-02/meg/sub-09_ses-02_task-MotorImageryRest_run-04_events.json	767	336	False	95434a42
sub-09/ses-02/meg/sub-09_ses-02_task-MotorImageryRest_run-03_events.json	767	336	False	95434a42
sub-09/ses-02/meg/sub-09_ses-02_task-MotorImageryRest_run-05_meg.json	690	308	False	a7eb253d
sub-09/ses-02/meg/sub-09_ses-02_task-MotorImageryRest_run-04_meg.json	690	308	False	277af50e
sub-09/ses-02/meg/sub-09_ses-02_task-MotorImageryRest_run-05_meg.fif	285637719	266533722	False	da133472
sub-09/ses-02/meg/sub-09_ses-02_task-MotorImageryRest_run-04_meg.fif	305069943	284692602	False	951794d6
sub-09/ses-02/meg/sub-09_ses-02_coordsystem.json	2268	476	False	94543cd3
sub-09/ses-02/meg/sub-09_ses-02_task-MotorImageryRest_run-06_events.json	767	336	False	95434a42
sub-09/ses-02/meg/sub-09_ses-02_task-MotorImageryRest_run-05_events.tsv	746	319	False	550a7f71
sub-09/ses-02/meg/sub-09_ses-02_task-MotorImageryRest_run-02_events.tsv	747	320	False	78001c77
sub-09/ses-02/meg/sub-09_ses-02_task-MotorImageryRest_run-05_events.json	767	336	False	95434a42
sub-09/ses-02/meg/sub-09_ses-02_task-MotorImageryRest_run-06_meg.fif	299929143	279921507	False	953ed329
sub-09/ses-02/meg/sub-09_ses-02_task-rest_run-01_channels.tsv	19989	1020	False	03360556
sub-09/ses-02/meg/sub-09_ses-02_task-rest_run-01_meg.json	677	295	False	caf9022f
sub-09/ses-02/meg/sub-09_ses-02_task-MotorImageryRest_run-06_channels.tsv	20295	1019	False	ee19c6e3
sub-09/ses-02/meg/sub-09_ses-02_task-MotorImageryRest_run-01_channels.tsv	20295	1019	False	ee19c6e3
sub-09/ses-02/meg/sub-09_ses-02_task-MotorImageryRest_run-02_meg.json	690	308	False	55c9f80f
sub-09/ses-02/meg/sub-09_ses-02_task-MotorImageryRest_run-03_meg.json	690	307	False	f2d73746
sub-09/ses-02/eeg/sub-09_ses-02_task-rest_run-02_channels.tsv	4361	330	False	f53f1e18
sub-09/ses-02/eeg/sub-09_ses-02_task-MotorImageryRest_run-03_channels.tsv	4435	329	False	f67468d4
sub-09/ses-02/eeg/sub-09_ses-02_task-MotorImageryRest_run-02_eeg.eeg	67878720	49688071	False	d7c9af66
sub-09/ses-02/eeg/sub-09_ses-02_task-MotorImageryRest_run-04_channels.tsv	4435	329	False	f67468d4
sub-09/ses-02/eeg/sub-09_ses-02_task-rest_run-02_eeg.json	474	223	False	a8a5f8dc
sub-09/ses-02/eeg/sub-09_ses-02_task-MotorImageryRest_run-02_eeg.vmrk	1469	612	False	18985b3a
sub-09/ses-02/eeg/sub-09_ses-02_task-MotorImageryRest_run-03_eeg.vmrk	1469	616	False	928db2cd
sub-09/ses-02/eeg/sub-09_ses-02_task-MotorImageryRest_run-02_eeg.vhdr	2012	797	False	3d02883a
sub-09/ses-02/eeg/sub-09_ses-02_task-MotorImageryRest_run-03_eeg.vhdr	2012	798	False	ad766db5
sub-09/ses-02/eeg/sub-09_ses-02_task-MotorImageryRest_run-04_events.tsv	743	318	False	333b4961
sub-09/ses-02/eeg/sub-09_ses-02_task-rest_run-02_eeg.eeg	13364400	12426671	False	bf016f34
sub-09/ses-02/eeg/sub-09_ses-02_space-CapTrak_electrodes.tsv	5170	2458	False	aa814315
sub-09/ses-02/eeg/sub-09_ses-02_task-MotorImageryRest_run-01_events.tsv	744	319	False	40699b62
sub-09/ses-02/eeg/sub-09_ses-02_task-MotorImageryRest_run-01_eeg.json	487	234	False	6cb89833
sub-09/ses-02/eeg/sub-09_ses-02_task-MotorImageryRest_run-05_channels.tsv	4435	329	False	f67468d4
sub-09/ses-02/eeg/sub-09_ses-02_task-MotorImageryRest_run-02_channels.tsv	4435	329	False	f67468d4
sub-09/ses-02/eeg/sub-09_ses-02_task-rest_run-01_eeg.vhdr	1988	789	False	f8984e58
sub-09/ses-02/eeg/sub-09_ses-02_task-MotorImageryRest_run-02_events.json	767	336	False	95434a42
sub-09/ses-02/eeg/sub-09_ses-02_task-rest_run-01_eeg.vmrk	521	336	False	76c891b4
sub-09/ses-02/eeg/sub-09_ses-02_task-MotorImageryRest_run-03_eeg.eeg	74011840	54961992	False	f037975a
sub-09/ses-02/eeg/sub-09_ses-02_task-MotorImageryRest_run-01_events.json	767	336	False	95434a42
sub-09/ses-02/eeg/sub-09_ses-02_task-rest_run-01_eeg.eeg	15984000	14861403	False	72978324
sub-09/ses-02/eeg/sub-09_ses-02_task-MotorImageryRest_run-06_eeg.json	487	233	False	9e4cdcb1
sub-09/ses-02/eeg/sub-09_ses-02_task-MotorImageryRest_run-06_events.tsv	752	318	False	7d73bdac
sub-09/ses-02/eeg/sub-09_ses-02_task-MotorImageryRest_run-01_eeg.eeg	68972736	49852415	False	cf3a9f92
sub-09/ses-02/eeg/sub-09_ses-02_task-MotorImageryRest_run-03_events.tsv	744	319	False	97ce4631
sub-09/ses-02/eeg/sub-09_ses-02_task-MotorImageryRest_run-05_eeg.vhdr	2012	798	False	7aae3c15
sub-09/ses-02/eeg/sub-09_ses-02_task-MotorImageryRest_run-04_eeg.vhdr	2012	798	False	eadad99a
sub-09/ses-02/eeg/sub-09_ses-02_task-MotorImageryRest_run-05_eeg.vmrk	1469	612	False	3dbc7845
sub-09/ses-02/eeg/sub-09_ses-02_task-MotorImageryRest_run-04_eeg.vmrk	1469	608	False	01bb2b10
sub-09/ses-02/eeg/sub-09_ses-02_task-MotorImageryRest_run-04_events.json	767	336	False	95434a42
sub-09/ses-02/eeg/sub-09_ses-02_task-rest_run-02_eeg.vhdr	1988	787	False	4d8e9edc
sub-09/ses-02/eeg/sub-09_ses-02_task-rest_run-02_eeg.vmrk	521	335	False	75128f86
sub-09/ses-02/eeg/sub-09_ses-02_space-CapTrak_coordsystem.json	945	378	False	eacff20d
sub-09/ses-02/eeg/sub-09_ses-02_task-MotorImageryRest_run-03_events.json	767	336	False	95434a42
sub-09/ses-02/eeg/sub-09_ses-02_task-MotorImageryRest_run-05_eeg.eeg	69047328	48972454	False	d35b854e
sub-09/ses-02/eeg/sub-09_ses-02_task-MotorImageryRest_run-03_eeg.json	487	232	False	3231b418
sub-09/ses-02/eeg/sub-09_ses-02_task-MotorImageryRest_run-02_eeg.json	487	234	False	71f55b64
sub-09/ses-02/eeg/sub-09_ses-02_task-MotorImageryRest_run-01_eeg.vmrk	1469	611	False	e670fcfd
sub-09/ses-02/eeg/sub-09_ses-02_task-MotorImageryRest_run-01_eeg.vhdr	2012	798	False	56eea0ea
sub-09/ses-02/eeg/sub-09_ses-02_task-MotorImageryRest_run-04_eeg.eeg	73746624	54761680	False	d8b319a9
sub-09/ses-02/eeg/sub-09_ses-02_task-MotorImageryRest_run-06_events.json	767	336	False	95434a42
sub-09/ses-02/eeg/sub-09_ses-02_task-rest_run-01_eeg.json	474	222	False	c19897eb
sub-09/ses-02/eeg/sub-09_ses-02_task-MotorImageryRest_run-05_events.tsv	746	319	False	550a7f71
sub-09/ses-02/eeg/sub-09_ses-02_task-MotorImageryRest_run-06_eeg.vhdr	2012	798	False	114214c5
sub-09/ses-02/eeg/sub-09_ses-02_task-MotorImageryRest_run-02_events.tsv	747	320	False	78001c77
sub-09/ses-02/eeg/sub-09_ses-02_task-MotorImageryRest_run-06_eeg.vmrk	1471	608	False	ac18f2e9
sub-09/ses-02/eeg/sub-09_ses-02_task-MotorImageryRest_run-05_events.json	767	336	False	95434a42
sub-09/ses-02/eeg/sub-09_ses-02_task-rest_run-01_channels.tsv	4361	330	False	f53f1e18
sub-09/ses-02/eeg/sub-09_ses-02_task-MotorImageryRest_run-06_eeg.eeg	72503424	51827030	False	fd475d3c
sub-09/ses-02/eeg/sub-09_ses-02_task-MotorImageryRest_run-06_channels.tsv	4435	329	False	f67468d4
sub-09/ses-02/eeg/sub-09_ses-02_task-MotorImageryRest_run-01_channels.tsv	4435	329	False	f67468d4
sub-09/ses-02/eeg/sub-09_ses-02_task-MotorImageryRest_run-04_eeg.json	487	234	False	798d3983
sub-09/ses-02/eeg/sub-09_ses-02_task-MotorImageryRest_run-05_eeg.json	487	234	False	f3701610
sub-09/ses-04/meg/sub-09_ses-04_task-MotorImageryRest_run-05_events.json	767	336	False	95434a42
sub-09/ses-04/meg/sub-09_ses-04_coordsystem.json	2192	467	False	7669f74e
sub-09/ses-04/meg/sub-09_ses-04_task-rest_run-01_meg.json	700	318	False	24f78dfd
sub-09/ses-04/meg/sub-09_ses-04_task-MotorImageryRest_run-06_events.tsv	719	322	False	6b6c0c5b
sub-09/ses-04/meg/sub-09_ses-04_task-MotorImageryRest_run-03_meg.fif	72433011	67573875	False	f70ee30d
sub-09/ses-04/meg/sub-09_ses-04_task-MotorImageryRest_run-02_channels.tsv	19989	1020	False	03360556
sub-09/ses-04/meg/sub-09_ses-04_task-MotorImageryRest_run-05_channels.tsv	19989	1020	False	03360556
sub-09/ses-04/meg/sub-09_ses-04_task-MotorImageryRest_run-03_events.tsv	715	318	False	3aefdce6
sub-09/ses-04/meg/sub-09_ses-04_task-MotorImageryRest_run-02_meg.fif	73032771	68096654	False	31871250
sub-09/ses-04/meg/sub-09_ses-04_task-MotorImageryRest_run-04_channels.tsv	19989	1020	False	03360556
sub-09/ses-04/meg/sub-09_ses-04_task-MotorImageryRest_run-03_channels.tsv	19989	1020	False	03360556
sub-09/ses-04/meg/sub-09_ses-04_task-MotorImageryRest_run-06_meg.json	689	306	False	6676018d
sub-09/ses-04/meg/sub-09_ses-04_task-MotorImageryRest_run-03_events.json	767	336	False	95434a42
sub-09/ses-04/meg/sub-09_ses-04_task-MotorImageryRest_run-01_meg.json	689	305	False	88613c68
sub-09/ses-04/meg/sub-09_ses-04_task-MotorImageryRest_run-04_events.tsv	717	321	False	88c9fefd
sub-09/ses-04/meg/sub-09_ses-04_task-MotorImageryRest_run-01_events.tsv	724	323	False	17c0f2bd
sub-09/ses-04/meg/sub-09_ses-04_task-MotorImageryRest_run-06_events.json	767	336	False	95434a42
sub-09/ses-04/meg/sub-09_ses-04_task-rest_run-02_channels.tsv	19989	1020	False	03360556
sub-09/ses-04/meg/sub-09_ses-04_task-MotorImageryRest_run-01_meg.fif	72184539	67316470	False	e2dbcc68
sub-09/ses-04/meg/sub-09_ses-04_task-MotorImageryRest_run-01_events.json	767	336	False	95434a42
sub-09/ses-04/meg/sub-09_ses-04_task-MotorImageryRest_run-02_events.tsv	720	316	False	984adfd4
sub-09/ses-04/meg/sub-09_ses-04_task-MotorImageryRest_run-04_meg.fif	72424443	67534174	False	76e381aa
sub-09/ses-04/meg/sub-09_ses-04_task-MotorImageryRest_run-04_meg.json	689	306	False	852d2ef4
sub-09/ses-04/meg/sub-09_ses-04_task-MotorImageryRest_run-05_meg.json	687	303	False	49942ec7
sub-09/ses-04/meg/sub-09_ses-04_task-rest_run-01_meg.fif	62822948	58650586	False	29b7b37a
sub-09/ses-04/meg/sub-09_ses-04_task-rest_run-02_meg.json	677	295	False	67be5403
sub-09/ses-04/meg/sub-09_ses-04_task-MotorImageryRest_run-05_meg.fif	72244515	67355922	False	7f9ebaf1
sub-09/ses-04/meg/sub-09_ses-04_task-rest_run-01_channels.tsv	27945	1088	False	48ee8ca0
sub-09/ses-04/meg/sub-09_ses-04_task-MotorImageryRest_run-04_events.json	767	336	False	95434a42
sub-09/ses-04/meg/sub-09_ses-04_task-rest_run-02_meg.fif	74420348	69433034	False	2c913a81
sub-09/ses-04/meg/sub-09_ses-04_task-MotorImageryRest_run-01_channels.tsv	19989	1020	False	03360556
sub-09/ses-04/meg/sub-09_ses-04_task-MotorImageryRest_run-06_channels.tsv	19989	1020	False	03360556
sub-09/ses-04/meg/sub-09_ses-04_task-MotorImageryRest_run-06_meg.fif	73195563	68308853	False	74503b90
sub-09/ses-04/meg/sub-09_ses-04_task-MotorImageryRest_run-03_meg.json	689	305	False	e1dfaad2
sub-09/ses-04/meg/sub-09_ses-04_task-MotorImageryRest_run-02_meg.json	689	306	False	3b9ae631
sub-09/ses-04/meg/sub-09_ses-04_task-MotorImageryRest_run-05_events.tsv	720	322	False	cfb5d720
sub-09/ses-04/meg/sub-09_ses-04_task-MotorImageryRest_run-02_events.json	767	336	False	95434a42
sub-09/ses-04/eeg/sub-09_ses-04_task-MotorImageryRest_run-03_eeg.vmrk	1445	599	False	0ac199e6
sub-09/ses-04/eeg/sub-09_ses-04_task-MotorImageryRest_run-02_eeg.vmrk	1447	592	False	422cce67
sub-09/ses-04/eeg/sub-09_ses-04_task-MotorImageryRest_run-03_eeg.vhdr	2012	798	False	73a2d116
sub-09/ses-04/eeg/sub-09_ses-04_task-MotorImageryRest_run-05_events.json	767	336	False	95434a42
sub-09/ses-04/eeg/sub-09_ses-04_task-MotorImageryRest_run-02_eeg.vhdr	2012	798	False	e3d63499
sub-09/ses-04/eeg/sub-09_ses-04_task-MotorImageryRest_run-06_events.tsv	719	322	False	6b6c0c5b
sub-09/ses-04/eeg/sub-09_ses-04_task-MotorImageryRest_run-03_eeg.eeg	17487680	15520442	False	c65666d1
sub-09/ses-04/eeg/sub-09_ses-04_task-MotorImageryRest_run-02_channels.tsv	4361	330	False	f53f1e18
sub-09/ses-04/eeg/sub-09_ses-04_task-MotorImageryRest_run-05_channels.tsv	4361	330	False	f53f1e18
sub-09/ses-04/eeg/sub-09_ses-04_task-MotorImageryRest_run-03_events.tsv	715	318	False	3aefdce6
sub-09/ses-04/eeg/sub-09_ses-04_task-MotorImageryRest_run-02_eeg.eeg	17632720	15623861	False	26022759
sub-09/ses-04/eeg/sub-09_ses-04_task-MotorImageryRest_run-01_eeg.json	486	231	False	bd4d3cac
sub-09/ses-04/eeg/sub-09_ses-04_task-MotorImageryRest_run-04_channels.tsv	4361	330	False	f53f1e18
sub-09/ses-04/eeg/sub-09_ses-04_task-MotorImageryRest_run-03_channels.tsv	4361	330	False	f53f1e18
sub-09/ses-04/eeg/sub-09_ses-04_task-rest_run-02_eeg.vmrk	521	336	False	4e54f7a5
sub-09/ses-04/eeg/sub-09_ses-04_task-rest_run-02_eeg.vhdr	1988	789	False	b98316ff
sub-09/ses-04/eeg/sub-09_ses-04_task-MotorImageryRest_run-03_events.json	767	336	False	95434a42
sub-09/ses-04/eeg/sub-09_ses-04_space-CapTrak_electrodes.tsv	5151	2436	False	96280de9
sub-09/ses-04/eeg/sub-09_ses-04_task-MotorImageryRest_run-06_eeg.json	486	232	False	eda15f9c
sub-09/ses-04/eeg/sub-09_ses-04_task-MotorImageryRest_run-04_events.tsv	717	321	False	88c9fefd
sub-09/ses-04/eeg/sub-09_ses-04_task-MotorImageryRest_run-01_events.tsv	724	323	False	17c0f2bd
sub-09/ses-04/eeg/sub-09_ses-04_task-MotorImageryRest_run-04_eeg.vhdr	2012	797	False	340e6539
sub-09/ses-04/eeg/sub-09_ses-04_task-MotorImageryRest_run-05_eeg.vhdr	2012	798	False	a47a80b6
sub-09/ses-04/eeg/sub-09_ses-04_task-MotorImageryRest_run-04_eeg.vmrk	1447	595	False	77e3415d
sub-09/ses-04/eeg/sub-09_ses-04_task-MotorImageryRest_run-05_eeg.vmrk	1447	598	False	02947795
sub-09/ses-04/eeg/sub-09_ses-04_task-MotorImageryRest_run-06_events.json	767	336	False	95434a42
sub-09/ses-04/eeg/sub-09_ses-04_task-rest_run-02_channels.tsv	4361	330	False	f53f1e18
sub-09/ses-04/eeg/sub-09_ses-04_task-rest_run-01_eeg.json	497	244	False	9e1b245b
sub-09/ses-04/eeg/sub-09_ses-04_task-MotorImageryRest_run-01_eeg.eeg	17427592	15437798	False	27d83168
sub-09/ses-04/eeg/sub-09_ses-04_task-MotorImageryRest_run-02_eeg.json	486	232	False	814ea54e
sub-09/ses-04/eeg/sub-09_ses-04_task-MotorImageryRest_run-03_eeg.json	486	232	False	5264f43d
sub-09/ses-04/eeg/sub-09_ses-04_space-CapTrak_coordsystem.json	945	378	False	31d92d8b
sub-09/ses-04/eeg/sub-09_ses-04_task-MotorImageryRest_run-01_events.json	767	336	False	95434a42
sub-09/ses-04/eeg/sub-09_ses-04_task-MotorImageryRest_run-04_eeg.eeg	17485608	15576721	False	f47cf3f3
sub-09/ses-04/eeg/sub-09_ses-04_task-MotorImageryRest_run-02_events.tsv	720	316	False	984adfd4
sub-09/ses-04/eeg/sub-09_ses-04_task-rest_run-01_eeg.eeg	15163784	13749153	False	ec672c84
sub-09/ses-04/eeg/sub-09_ses-04_task-rest_run-01_channels.tsv	6285	368	False	c63f781e
sub-09/ses-04/eeg/sub-09_ses-04_task-MotorImageryRest_run-04_events.json	767	336	False	95434a42
sub-09/ses-04/eeg/sub-09_ses-04_task-MotorImageryRest_run-05_eeg.eeg	17442096	15548434	False	1d4ea0ab
sub-09/ses-04/eeg/sub-09_ses-04_task-MotorImageryRest_run-01_eeg.vmrk	1447	596	False	4a588097
sub-09/ses-04/eeg/sub-09_ses-04_task-MotorImageryRest_run-01_eeg.vhdr	2012	798	False	883a1c49
sub-09/ses-04/eeg/sub-09_ses-04_task-rest_run-02_eeg.eeg	17968384	16325452	False	09b076cb
sub-09/ses-04/eeg/sub-09_ses-04_task-rest_run-02_eeg.json	474	222	False	5b768995
sub-09/ses-04/eeg/sub-09_ses-04_task-MotorImageryRest_run-01_channels.tsv	4361	330	False	f53f1e18
sub-09/ses-04/eeg/sub-09_ses-04_task-MotorImageryRest_run-06_channels.tsv	4361	330	False	f53f1e18
sub-09/ses-04/eeg/sub-09_ses-04_task-MotorImageryRest_run-06_eeg.vhdr	2012	798	False	cf96a866
sub-09/ses-04/eeg/sub-09_ses-04_task-MotorImageryRest_run-06_eeg.vmrk	1447	597	False	371d647f
sub-09/ses-04/eeg/sub-09_ses-04_task-MotorImageryRest_run-06_eeg.eeg	17672088	15817294	False	5acb1f91
sub-09/ses-04/eeg/sub-09_ses-04_task-MotorImageryRest_run-05_eeg.json	484	230	False	8eb4c259
sub-09/ses-04/eeg/sub-09_ses-04_task-MotorImageryRest_run-04_eeg.json	486	232	False	7962295b
sub-09/ses-04/eeg/sub-09_ses-04_task-rest_run-01_eeg.vmrk	521	336	False	4d8ee997
sub-09/ses-04/eeg/sub-09_ses-04_task-rest_run-01_eeg.vhdr	1999	796	False	3b36e345
sub-09/ses-04/eeg/sub-09_ses-04_task-MotorImageryRest_run-05_events.tsv	720	322	False	cfb5d720
sub-09/ses-04/eeg/sub-09_ses-04_task-MotorImageryRest_run-02_events.json	767	336	False	95434a42
sub-09/ses-03/meg/sub-09_ses-03_task-MotorImageryRest_run-04_events.tsv	702	312	False	691ce4b4
sub-09/ses-03/meg/sub-09_ses-03_task-MotorImageryRest_run-06_events.json	767	336	False	95434a42
sub-09/ses-03/meg/sub-09_ses-03_task-MotorImageryRest_run-03_channels.tsv	19989	1020	False	03360556
sub-09/ses-03/meg/sub-09_ses-03_task-MotorImageryRest_run-04_channels.tsv	19989	1020	False	03360556
sub-09/ses-03/meg/sub-09_ses-03_task-MotorImageryRest_run-03_meg.fif	72012351	67154099	False	5bc3828f
sub-09/ses-03/meg/sub-09_ses-03_task-MotorImageryRest_run-06_meg.json	689	305	False	fadf9ec9
sub-09/ses-03/meg/sub-09_ses-03_task-rest_run-01_meg.fif	57622568	53788383	False	b12a75ca
sub-09/ses-03/meg/sub-09_ses-03_task-rest_run-01_meg.json	701	320	False	06dc3422
sub-09/ses-03/meg/sub-09_ses-03_task-MotorImageryRest_run-02_meg.fif	71104143	66305012	False	ee5ac672
sub-09/ses-03/meg/sub-09_ses-03_task-MotorImageryRest_run-01_events.tsv	717	316	False	3b37c01e
sub-09/ses-03/meg/sub-09_ses-03_task-MotorImageryRest_run-05_channels.tsv	19989	1020	False	03360556
sub-09/ses-03/meg/sub-09_ses-03_task-MotorImageryRest_run-02_channels.tsv	19989	1020	False	03360556
sub-09/ses-03/meg/sub-09_ses-03_task-MotorImageryRest_run-03_events.json	767	336	False	95434a42
sub-09/ses-03/meg/sub-09_ses-03_task-MotorImageryRest_run-01_meg.json	687	303	False	f1658066
sub-09/ses-03/meg/sub-09_ses-03_task-MotorImageryRest_run-06_events.tsv	717	321	False	80d204a8
sub-09/ses-03/meg/sub-09_ses-03_task-rest_run-02_channels.tsv	19989	1020	False	03360556
sub-09/ses-03/meg/sub-09_ses-03_task-rest_run-02_meg.fif	74368112	69397917	False	ca39a7a3
sub-09/ses-03/meg/sub-09_ses-03_task-MotorImageryRest_run-05_events.json	767	336	False	95434a42
sub-09/ses-03/meg/sub-09_ses-03_task-MotorImageryRest_run-03_events.tsv	719	325	False	8df708d5
sub-09/ses-03/meg/sub-09_ses-03_task-MotorImageryRest_run-01_meg.fif	71386887	66586430	False	9bf2561f
sub-09/ses-03/meg/sub-09_ses-03_task-MotorImageryRest_run-04_meg.fif	73657397	68702336	False	fb508b59
sub-09/ses-03/meg/sub-09_ses-03_task-MotorImageryRest_run-02_events.json	767	336	False	95434a42
sub-09/ses-03/meg/sub-09_ses-03_task-rest_run-01_channels.tsv	27945	1088	False	48ee8ca0
sub-09/ses-03/meg/sub-09_ses-03_task-MotorImageryRest_run-05_meg.json	688	306	False	7063d978
sub-09/ses-03/meg/sub-09_ses-03_task-MotorImageryRest_run-04_meg.json	688	305	False	d2c4a8f5
sub-09/ses-03/meg/sub-09_ses-03_task-rest_run-02_meg.json	677	295	False	1088ae09
sub-09/ses-03/meg/sub-09_ses-03_task-MotorImageryRest_run-05_events.tsv	724	325	False	150ac53f
sub-09/ses-03/meg/sub-09_ses-03_task-MotorImageryRest_run-05_meg.fif	71943807	67108390	False	eac5ae99
sub-09/ses-03/meg/sub-09_ses-03_task-MotorImageryRest_run-04_events.json	767	336	False	95434a42
sub-09/ses-03/meg/sub-09_ses-03_task-MotorImageryRest_run-02_events.tsv	717	319	False	42fd0d1f
sub-09/ses-03/meg/sub-09_ses-03_task-MotorImageryRest_run-06_meg.fif	71926671	67061113	False	af6c2f5b
sub-09/ses-03/meg/sub-09_ses-03_task-MotorImageryRest_run-02_meg.json	689	306	False	02048474
sub-09/ses-03/meg/sub-09_ses-03_task-MotorImageryRest_run-03_meg.json	689	306	False	8511a4f3
sub-09/ses-03/meg/sub-09_ses-03_task-MotorImageryRest_run-06_channels.tsv	19989	1020	False	03360556
sub-09/ses-03/meg/sub-09_ses-03_task-MotorImageryRest_run-01_events.json	767	336	False	95434a42
sub-09/ses-03/meg/sub-09_ses-03_task-MotorImageryRest_run-01_channels.tsv	19989	1020	False	03360556
sub-09/ses-03/meg/sub-09_ses-03_coordsystem.json	2196	467	False	dff5bbac
sub-09/ses-03/eeg/sub-09_ses-03_task-MotorImageryRest_run-04_events.tsv	702	312	False	691ce4b4
sub-09/ses-03/eeg/sub-09_ses-03_task-MotorImageryRest_run-06_events.json	767	336	False	95434a42
sub-09/ses-03/eeg/sub-09_ses-03_task-MotorImageryRest_run-02_eeg.vmrk	1447	596	False	878cfdb4
sub-09/ses-03/eeg/sub-09_ses-03_task-MotorImageryRest_run-03_eeg.vmrk	1447	596	False	6ce784bc
sub-09/ses-03/eeg/sub-09_ses-03_task-MotorImageryRest_run-02_eeg.vhdr	2012	798	False	05404b42
sub-09/ses-03/eeg/sub-09_ses-03_task-MotorImageryRest_run-03_eeg.vhdr	2012	797	False	9534aecd
sub-09/ses-03/eeg/sub-09_ses-03_task-MotorImageryRest_run-03_channels.tsv	4361	330	False	f53f1e18
sub-09/ses-03/eeg/sub-09_ses-03_task-MotorImageryRest_run-03_eeg.eeg	17386152	15471635	False	2c5e0f63
sub-09/ses-03/eeg/sub-09_ses-03_task-MotorImageryRest_run-04_channels.tsv	4361	330	False	f53f1e18
sub-09/ses-03/eeg/sub-09_ses-03_task-rest_run-01_eeg.eeg	13906376	12606983	False	5ec1aa6f
sub-09/ses-03/eeg/sub-09_ses-03_task-MotorImageryRest_run-01_eeg.json	484	230	False	0f407278
sub-09/ses-03/eeg/sub-09_ses-03_task-MotorImageryRest_run-02_eeg.eeg	17166520	15235801	False	b1abb37d
sub-09/ses-03/eeg/sub-09_ses-03_task-MotorImageryRest_run-01_events.tsv	717	316	False	3b37c01e
sub-09/ses-03/eeg/sub-09_ses-03_task-MotorImageryRest_run-05_channels.tsv	4361	330	False	f53f1e18
sub-09/ses-03/eeg/sub-09_ses-03_task-MotorImageryRest_run-02_channels.tsv	4361	330	False	f53f1e18
sub-09/ses-03/eeg/sub-09_ses-03_task-MotorImageryRest_run-03_events.json	767	336	False	95434a42
sub-09/ses-03/eeg/sub-09_ses-03_task-rest_run-01_eeg.json	498	244	False	18422b46
sub-09/ses-03/eeg/sub-09_ses-03_task-MotorImageryRest_run-06_eeg.json	486	232	False	7356dcba
sub-09/ses-03/eeg/sub-09_ses-03_task-MotorImageryRest_run-06_events.tsv	717	321	False	80d204a8
sub-09/ses-03/eeg/sub-09_ses-03_task-rest_run-02_channels.tsv	4361	330	False	f53f1e18
sub-09/ses-03/eeg/sub-09_ses-03_task-rest_run-02_eeg.eeg	17955952	16267072	False	6635e5dd
sub-09/ses-03/eeg/sub-09_ses-03_task-MotorImageryRest_run-05_eeg.vhdr	2012	798	False	42ecff6d
sub-09/ses-03/eeg/sub-09_ses-03_task-MotorImageryRest_run-04_eeg.vhdr	2012	798	False	d2981ae2
sub-09/ses-03/eeg/sub-09_ses-03_task-MotorImageryRest_run-05_eeg.vmrk	1447	596	False	f8a28cbf
sub-09/ses-03/eeg/sub-09_ses-03_task-MotorImageryRest_run-04_eeg.vmrk	1418	589	False	9f966e22
sub-09/ses-03/eeg/sub-09_ses-03_task-MotorImageryRest_run-05_events.json	767	336	False	95434a42
sub-09/ses-03/eeg/sub-09_ses-03_task-MotorImageryRest_run-01_eeg.eeg	17234896	15313184	False	b8b128e0
sub-09/ses-03/eeg/sub-09_ses-03_task-MotorImageryRest_run-03_events.tsv	719	325	False	8df708d5
sub-09/ses-03/eeg/sub-09_ses-03_task-rest_run-02_eeg.vhdr	1988	788	False	3f1b5c33
sub-09/ses-03/eeg/sub-09_ses-03_task-rest_run-02_eeg.vmrk	521	336	False	251be569
sub-09/ses-03/eeg/sub-09_ses-03_task-MotorImageryRest_run-04_eeg.eeg	17783976	15797743	False	b5553fff
sub-09/ses-03/eeg/sub-09_ses-03_task-MotorImageryRest_run-02_events.json	767	336	False	95434a42
sub-09/ses-03/eeg/sub-09_ses-03_task-rest_run-01_channels.tsv	6285	368	False	c63f781e
sub-09/ses-03/eeg/sub-09_ses-03_task-MotorImageryRest_run-03_eeg.json	486	232	False	02eae942
sub-09/ses-03/eeg/sub-09_ses-03_task-MotorImageryRest_run-02_eeg.json	486	232	False	8401f986
sub-09/ses-03/eeg/sub-09_ses-03_task-MotorImageryRest_run-05_events.tsv	724	325	False	150ac53f
sub-09/ses-03/eeg/sub-09_ses-03_task-MotorImageryRest_run-01_eeg.vmrk	1447	597	False	80896294
sub-09/ses-03/eeg/sub-09_ses-03_task-MotorImageryRest_run-01_eeg.vhdr	2012	798	False	6eac6392
sub-09/ses-03/eeg/sub-09_ses-03_task-MotorImageryRest_run-05_eeg.eeg	17369576	15460101	False	5cda46f1
sub-09/ses-03/eeg/sub-09_ses-03_space-CapTrak_coordsystem.json	945	378	False	a8b8e942
sub-09/ses-03/eeg/sub-09_ses-03_task-MotorImageryRest_run-06_eeg.vhdr	2012	798	False	2900d7bd
sub-09/ses-03/eeg/sub-09_ses-03_task-MotorImageryRest_run-06_eeg.vmrk	1447	595	False	3c167242
sub-09/ses-03/eeg/sub-09_ses-03_space-CapTrak_electrodes.tsv	5153	2446	False	81948cfb
sub-09/ses-03/eeg/sub-09_ses-03_task-MotorImageryRest_run-04_events.json	767	336	False	95434a42
sub-09/ses-03/eeg/sub-09_ses-03_task-rest_run-01_eeg.vhdr	1999	796	False	fd04a6e0
sub-09/ses-03/eeg/sub-09_ses-03_task-rest_run-01_eeg.vmrk	521	336	False	26c1fb5b
sub-09/ses-03/eeg/sub-09_ses-03_task-MotorImageryRest_run-02_events.tsv	717	319	False	42fd0d1f
sub-09/ses-03/eeg/sub-09_ses-03_task-MotorImageryRest_run-06_eeg.eeg	17365432	15472630	False	e08bdf12
sub-09/ses-03/eeg/sub-09_ses-03_task-rest_run-02_eeg.json	474	222	False	d8194fb0
sub-09/ses-03/eeg/sub-09_ses-03_task-MotorImageryRest_run-06_channels.tsv	4361	330	False	f53f1e18
sub-09/ses-03/eeg/sub-09_ses-03_task-MotorImageryRest_run-04_eeg.json	485	230	False	3b9e0849
sub-09/ses-03/eeg/sub-09_ses-03_task-MotorImageryRest_run-05_eeg.json	485	231	False	e2e05a6b
sub-09/ses-03/eeg/sub-09_ses-03_task-MotorImageryRest_run-01_events.json	767	336	False	95434a42
sub-09/ses-03/eeg/sub-09_ses-03_task-MotorImageryRest_run-01_channels.tsv	4361	330	False	f53f1e18
sub-09/ses-01/meg/sub-09_ses-01_task-MotorImageryRest_run-06_meg.fif	76767451	71633490	False	17234f71
sub-09/ses-01/meg/sub-09_ses-01_task-MotorImageryRest_run-01_events.tsv	715	322	False	0b973a6c
sub-09/ses-01/meg/sub-09_ses-01_task-MotorImageryRest_run-04_events.json	767	336	False	95434a42
sub-09/ses-01/meg/sub-09_ses-01_task-rest_run-01_channels.tsv	19989	1020	False	03360556
sub-09/ses-01/meg/sub-09_ses-01_task-MotorImageryRest_run-06_meg.json	689	305	False	32ad8918
sub-09/ses-01/meg/sub-09_ses-01_task-MotorImageryRest_run-01_events.json	767	336	False	95434a42
sub-09/ses-01/meg/sub-09_ses-01_task-MotorImageryRest_run-04_events.tsv	712	315	False	4dd73255
sub-09/ses-01/meg/sub-09_ses-01_task-MotorImageryRest_run-03_events.tsv	721	321	False	540e42d5
sub-09/ses-01/meg/sub-09_ses-01_task-MotorImageryRest_run-01_meg.json	688	305	False	f2f1fa4b
sub-09/ses-01/meg/sub-09_ses-01_task-MotorImageryRest_run-02_events.json	767	336	False	95434a42
sub-09/ses-01/meg/sub-09_ses-01_task-MotorImageryRest_run-05_meg.fif	76527547	71378610	False	ce07eb83
sub-09/ses-01/meg/sub-09_ses-01_coordsystem.json	2272	474	False	c32d3fe3
sub-09/ses-01/meg/sub-09_ses-01_task-MotorImageryRest_run-04_meg.fif	77632815	72441358	False	412106a4
sub-09/ses-01/meg/sub-09_ses-01_task-rest_run-01_meg.json	677	295	False	7d87f339
sub-09/ses-01/meg/sub-09_ses-01_task-MotorImageryRest_run-06_events.tsv	720	319	False	bb6e6b57
sub-09/ses-01/meg/sub-09_ses-01_task-MotorImageryRest_run-06_channels.tsv	19989	1020	False	03360556
sub-09/ses-01/meg/sub-09_ses-01_task-MotorImageryRest_run-01_channels.tsv	19989	1020	False	03360556
sub-09/ses-01/meg/sub-09_ses-01_task-MotorImageryRest_run-04_meg.json	689	305	False	f7dc5ede
sub-09/ses-01/meg/sub-09_ses-01_task-MotorImageryRest_run-05_meg.json	687	303	False	3f2ddfd2
sub-09/ses-01/meg/sub-09_ses-01_task-MotorImageryRest_run-03_channels.tsv	19989	1020	False	03360556
sub-09/ses-01/meg/sub-09_ses-01_task-MotorImageryRest_run-05_events.tsv	712	314	False	adeac05a
sub-09/ses-01/meg/sub-09_ses-01_task-MotorImageryRest_run-01_meg.fif	70615623	65912275	False	7bcfb842
sub-09/ses-01/meg/sub-09_ses-01_task-MotorImageryRest_run-04_channels.tsv	19989	1020	False	03360556
sub-09/ses-01/meg/sub-09_ses-01_task-MotorImageryRest_run-05_events.json	767	336	False	95434a42
sub-09/ses-01/meg/sub-09_ses-01_task-rest_run-02_meg.fif	75661736	70615868	False	45aa29c0
sub-09/ses-01/meg/sub-09_ses-01_task-MotorImageryRest_run-05_channels.tsv	19989	1020	False	03360556
sub-09/ses-01/meg/sub-09_ses-01_task-MotorImageryRest_run-02_channels.tsv	19989	1020	False	03360556
sub-09/ses-01/meg/sub-09_ses-01_task-MotorImageryRest_run-02_meg.fif	70838391	66136315	False	940860ad
sub-09/ses-01/meg/sub-09_ses-01_task-rest_run-02_meg.json	677	295	False	9e3cfe96
sub-09/ses-01/meg/sub-09_ses-01_task-MotorImageryRest_run-06_events.json	767	336	False	95434a42
sub-09/ses-01/meg/sub-09_ses-01_task-MotorImageryRest_run-02_events.tsv	717	318	False	780c3497
sub-09/ses-01/meg/sub-09_ses-01_task-rest_run-02_channels.tsv	19989	1020	False	03360556
sub-09/ses-01/meg/sub-09_ses-01_task-MotorImageryRest_run-03_events.json	767	336	False	95434a42
sub-09/ses-01/meg/sub-09_ses-01_task-MotorImageryRest_run-03_meg.json	689	306	False	2351a6d8
sub-09/ses-01/meg/sub-09_ses-01_task-MotorImageryRest_run-02_meg.json	689	306	False	d487f6b7
sub-09/ses-01/meg/sub-09_ses-01_task-MotorImageryRest_run-03_meg.fif	71035455	66295030	False	e4eef173
sub-09/ses-01/meg/sub-09_ses-01_task-rest_run-01_meg.fif	60813392	56767470	False	caa973ce
sub-09/ses-01/eeg/sub-09_ses-01_task-rest_run-01_eeg.json	474	223	False	33142b60
sub-09/ses-01/eeg/sub-09_ses-01_task-MotorImageryRest_run-06_eeg.eeg	18536112	16394150	False	72b2aaa5
sub-09/ses-01/eeg/sub-09_ses-01_task-MotorImageryRest_run-01_events.tsv	715	322	False	0b973a6c
sub-09/ses-01/eeg/sub-09_ses-01_space-CapTrak_electrodes.tsv	5164	2443	False	2345f45c
sub-09/ses-01/eeg/sub-09_ses-01_task-MotorImageryRest_run-04_events.json	767	336	False	95434a42
sub-09/ses-01/eeg/sub-09_ses-01_task-MotorImageryRest_run-03_eeg.vhdr	2012	798	False	929d505c
sub-09/ses-01/eeg/sub-09_ses-01_task-MotorImageryRest_run-02_eeg.vhdr	2012	798	False	02e9b5d3
sub-09/ses-01/eeg/sub-09_ses-01_task-MotorImageryRest_run-03_eeg.vmrk	1447	598	False	7026c781
sub-09/ses-01/eeg/sub-09_ses-01_task-MotorImageryRest_run-02_eeg.vmrk	1446	598	False	3cc100d7
sub-09/ses-01/eeg/sub-09_ses-01_task-MotorImageryRest_run-01_eeg.json	485	230	False	d42c0146
sub-09/ses-01/eeg/sub-09_ses-01_task-rest_run-01_channels.tsv	4361	330	False	f53f1e18
sub-09/ses-01/eeg/sub-09_ses-01_task-MotorImageryRest_run-01_events.json	767	336	False	95434a42
sub-09/ses-01/eeg/sub-09_ses-01_task-MotorImageryRest_run-04_events.tsv	712	315	False	4dd73255
sub-09/ses-01/eeg/sub-09_ses-01_task-rest_run-02_eeg.vmrk	521	336	False	850930b7
sub-09/ses-01/eeg/sub-09_ses-01_task-rest_run-02_eeg.vhdr	1988	789	False	da30d9ed
sub-09/ses-01/eeg/sub-09_ses-01_task-MotorImageryRest_run-06_eeg.json	486	229	False	af53b1b7
sub-09/ses-01/eeg/sub-09_ses-01_task-MotorImageryRest_run-03_events.tsv	721	321	False	540e42d5
sub-09/ses-01/eeg/sub-09_ses-01_task-MotorImageryRest_run-02_events.json	767	336	False	95434a42
sub-09/ses-01/eeg/sub-09_ses-01_space-CapTrak_coordsystem.json	945	379	False	f8703c93
sub-09/ses-01/eeg/sub-09_ses-01_task-MotorImageryRest_run-05_eeg.eeg	18478096	16333620	False	efeb612c
sub-09/ses-01/eeg/sub-09_ses-01_task-MotorImageryRest_run-04_eeg.eeg	18745384	16614979	False	73a87051
sub-09/ses-01/eeg/sub-09_ses-01_task-MotorImageryRest_run-06_events.tsv	720	319	False	bb6e6b57
sub-09/ses-01/eeg/sub-09_ses-01_task-MotorImageryRest_run-06_channels.tsv	4361	330	False	f53f1e18
sub-09/ses-01/eeg/sub-09_ses-01_task-MotorImageryRest_run-01_channels.tsv	4361	330	False	f53f1e18
sub-09/ses-01/eeg/sub-09_ses-01_task-MotorImageryRest_run-04_eeg.vmrk	1446	597	False	f2cfb9a6
sub-09/ses-01/eeg/sub-09_ses-01_task-MotorImageryRest_run-05_eeg.vmrk	1446	599	False	86bc51bb
sub-09/ses-01/eeg/sub-09_ses-01_task-MotorImageryRest_run-04_eeg.vhdr	2012	798	False	d531e473
sub-09/ses-01/eeg/sub-09_ses-01_task-MotorImageryRest_run-05_eeg.vhdr	2012	798	False	454501fc
sub-09/ses-01/eeg/sub-09_ses-01_task-rest_run-01_eeg.vmrk	521	334	False	86d32e85
sub-09/ses-01/eeg/sub-09_ses-01_task-rest_run-01_eeg.vhdr	1988	787	False	6f260969
sub-09/ses-01/eeg/sub-09_ses-01_task-MotorImageryRest_run-02_eeg.json	486	232	False	27ae6069
sub-09/ses-01/eeg/sub-09_ses-01_task-MotorImageryRest_run-03_eeg.json	486	232	False	57e6d2bd
sub-09/ses-01/eeg/sub-09_ses-01_task-MotorImageryRest_run-03_channels.tsv	4361	330	False	f53f1e18
sub-09/ses-01/eeg/sub-09_ses-01_task-MotorImageryRest_run-01_eeg.eeg	17048416	15090274	False	c286e6dc
sub-09/ses-01/eeg/sub-09_ses-01_task-MotorImageryRest_run-05_events.tsv	712	314	False	adeac05a
sub-09/ses-01/eeg/sub-09_ses-01_task-MotorImageryRest_run-04_channels.tsv	4361	330	False	f53f1e18
sub-09/ses-01/eeg/sub-09_ses-01_task-MotorImageryRest_run-05_events.json	767	336	False	95434a42
sub-09/ses-01/eeg/sub-09_ses-01_task-MotorImageryRest_run-01_eeg.vhdr	2012	797	False	69059d03
sub-09/ses-01/eeg/sub-09_ses-01_task-rest_run-02_eeg.eeg	18268824	16422054	False	c0103d45
sub-09/ses-01/eeg/sub-09_ses-01_task-MotorImageryRest_run-01_eeg.vmrk	1447	595	False	20fe3f2f
sub-09/ses-01/eeg/sub-09_ses-01_task-rest_run-02_eeg.json	474	222	False	28ca0bf7
sub-09/ses-01/eeg/sub-09_ses-01_task-MotorImageryRest_run-05_channels.tsv	4361	330	False	f53f1e18
sub-09/ses-01/eeg/sub-09_ses-01_task-MotorImageryRest_run-02_channels.tsv	4361	330	False	f53f1e18
sub-09/ses-01/eeg/sub-09_ses-01_task-MotorImageryRest_run-02_eeg.eeg	17102288	15149151	False	55e39900
sub-09/ses-01/eeg/sub-09_ses-01_task-MotorImageryRest_run-06_eeg.vmrk	1447	597	False	d3b2ce24
sub-09/ses-01/eeg/sub-09_ses-01_task-MotorImageryRest_run-06_eeg.vhdr	2012	798	False	2ea9292c
sub-09/ses-01/eeg/sub-09_ses-01_task-MotorImageryRest_run-06_events.json	767	336	False	95434a42
sub-09/ses-01/eeg/sub-09_ses-01_task-MotorImageryRest_run-02_events.tsv	717	318	False	780c3497
sub-09/ses-01/eeg/sub-09_ses-01_task-rest_run-02_channels.tsv	4361	330	False	f53f1e18
sub-09/ses-01/eeg/sub-09_ses-01_task-MotorImageryRest_run-03_events.json	767	336	False	95434a42
sub-09/ses-01/eeg/sub-09_ses-01_task-MotorImageryRest_run-05_eeg.json	484	230	False	851c10bb
sub-09/ses-01/eeg/sub-09_ses-01_task-MotorImageryRest_run-04_eeg.json	486	231	False	bf19fbbf
sub-09/ses-01/eeg/sub-09_ses-01_task-MotorImageryRest_run-03_eeg.eeg	17149944	15196678	False	695af09c
sub-09/ses-01/eeg/sub-09_ses-01_task-rest_run-01_eeg.eeg	14678048	13202562	False	234dace4
sub-13/	0	0	False	00000000
__MACOSX/._sub-13	220	93	False	29d7e44a
sub-13/.DS_Store	6148	335	False	fea620ce
__MACOSX/sub-13/._.DS_Store	120	53	False	38c0880b
sub-13/ses-02/	0	0	False	00000000
sub-13/ses-04/	0	0	False	00000000
sub-13/ses-03/	0	0	False	00000000
sub-13/ses-01/	0	0	False	00000000
sub-13/ses-02/.DS_Store	6148	284	False	43eac82a
__MACOSX/sub-13/ses-02/._.DS_Store	120	53	False	38c0880b
sub-13/ses-02/meg/	0	0	False	00000000
sub-13/ses-02/sub-13_ses-02_scans.tsv	1309	233	False	cac3a81c
sub-13/ses-02/eeg/	0	0	False	00000000
sub-13/ses-04/.DS_Store	6148	283	False	f1f8a833
__MACOSX/sub-13/ses-04/._.DS_Store	120	53	False	38c0880b
sub-13/ses-04/meg/	0	0	False	00000000
sub-13/ses-04/sub-13_ses-04_scans.tsv	1309	226	False	a935571c
sub-13/ses-04/eeg/	0	0	False	00000000
sub-13/ses-03/.DS_Store	6148	279	False	381ad05d
__MACOSX/sub-13/ses-03/._.DS_Store	120	53	False	38c0880b
sub-13/ses-03/meg/	0	0	False	00000000
sub-13/ses-03/sub-13_ses-03_scans.tsv	1309	227	False	8aeb41cc
sub-13/ses-03/eeg/	0	0	False	00000000
sub-13/ses-01/.DS_Store	6148	284	False	76ff787c
__MACOSX/sub-13/ses-01/._.DS_Store	120	53	False	38c0880b
sub-13/ses-01/sub-13_ses-01_scans.tsv	1309	220	False	cd43aa1c
sub-13/ses-01/meg/	0	0	False	00000000
sub-13/ses-01/eeg/	0	0	False	00000000
sub-13/ses-02/meg/sub-13_ses-02_task-MotorImageryRest_run-06_channels.tsv	19989	1020	False	03360556
sub-13/ses-02/meg/sub-13_ses-02_task-MotorImageryRest_run-01_channels.tsv	19989	1020	False	03360556
sub-13/ses-02/meg/sub-13_ses-02_task-MotorImageryRest_run-04_events.json	767	336	False	95434a42
sub-13/ses-02/meg/sub-13_ses-02_task-MotorImageryRest_run-03_events.tsv	722	318	False	25c79877
sub-13/ses-02/meg/sub-13_ses-02_task-MotorImageryRest_run-06_meg.fif	71336703	66588585	False	1ee18d1a
sub-13/ses-02/meg/sub-13_ses-02_task-MotorImageryRest_run-01_meg.json	689	306	False	537d4367
sub-13/ses-02/meg/sub-13_ses-02_task-rest_run-02_meg.fif	55733936	51984636	False	e32b6c14
sub-13/ses-02/meg/sub-13_ses-02_task-MotorImageryRest_run-06_events.tsv	721	322	False	74c39436
sub-13/ses-02/meg/sub-13_ses-02_task-MotorImageryRest_run-01_events.json	767	336	False	95434a42
sub-13/ses-02/meg/sub-13_ses-02_task-MotorImageryRest_run-02_events.json	767	336	False	95434a42
sub-13/ses-02/meg/sub-13_ses-02_task-MotorImageryRest_run-01_events.tsv	699	310	False	83dd5b5c
sub-13/ses-02/meg/sub-13_ses-02_coordsystem.json	2236	496	False	2fda9b1a
sub-13/ses-02/meg/sub-13_ses-02_task-MotorImageryRest_run-06_meg.json	689	306	False	5a4d5104
sub-13/ses-02/meg/sub-13_ses-02_task-MotorImageryRest_run-05_meg.fif	71259591	66532849	False	fc59d329
sub-13/ses-02/meg/sub-13_ses-02_task-rest_run-01_meg.fif	61123208	57009122	False	04d8ee27
sub-13/ses-02/meg/sub-13_ses-02_task-MotorImageryRest_run-04_events.tsv	716	319	False	026f2185
sub-13/ses-02/meg/sub-13_ses-02_task-rest_run-02_channels.tsv	19989	1020	False	03360556
sub-13/ses-02/meg/sub-13_ses-02_task-rest_run-01_meg.json	677	295	False	baf7a084
sub-13/ses-02/meg/sub-13_ses-02_task-MotorImageryRest_run-04_meg.fif	71610879	66838140	False	00ae8069
sub-13/ses-02/meg/sub-13_ses-02_task-MotorImageryRest_run-01_meg.fif	69700205	65088501	False	2c6c3465
sub-13/ses-02/meg/sub-13_ses-02_task-MotorImageryRest_run-03_meg.json	689	306	False	e900d26f
sub-13/ses-02/meg/sub-13_ses-02_task-MotorImageryRest_run-02_meg.json	689	305	False	6d5e0401
sub-13/ses-02/meg/sub-13_ses-02_task-MotorImageryRest_run-02_events.tsv	722	323	False	7af235ba
sub-13/ses-02/meg/sub-13_ses-02_task-MotorImageryRest_run-05_events.json	767	336	False	95434a42
sub-13/ses-02/meg/sub-13_ses-02_task-rest_run-01_channels.tsv	19989	1020	False	03360556
sub-13/ses-02/meg/sub-13_ses-02_task-MotorImageryRest_run-05_channels.tsv	19989	1020	False	03360556
sub-13/ses-02/meg/sub-13_ses-02_task-rest_run-02_meg.json	677	296	False	6d7cddfe
sub-13/ses-02/meg/sub-13_ses-02_task-MotorImageryRest_run-06_events.json	767	336	False	95434a42
sub-13/ses-02/meg/sub-13_ses-02_task-MotorImageryRest_run-02_channels.tsv	19989	1020	False	03360556
sub-13/ses-02/meg/sub-13_ses-02_task-MotorImageryRest_run-02_meg.fif	71113935	66380822	False	552bfc45
sub-13/ses-02/meg/sub-13_ses-02_task-MotorImageryRest_run-05_events.tsv	717	313	False	88b23251
sub-13/ses-02/meg/sub-13_ses-02_task-MotorImageryRest_run-03_meg.fif	70137183	65479681	False	3ab3a12e
sub-13/ses-02/meg/sub-13_ses-02_task-MotorImageryRest_run-03_channels.tsv	19989	1020	False	03360556
sub-13/ses-02/meg/sub-13_ses-02_task-MotorImageryRest_run-04_channels.tsv	19989	1020	False	03360556
sub-13/ses-02/meg/sub-13_ses-02_task-MotorImageryRest_run-03_events.json	767	336	False	95434a42
sub-13/ses-02/meg/sub-13_ses-02_task-MotorImageryRest_run-04_meg.json	689	306	False	c3a61a2f
sub-13/ses-02/meg/sub-13_ses-02_task-MotorImageryRest_run-05_meg.json	688	305	False	f2518a71
sub-13/ses-02/eeg/sub-13_ses-02_task-MotorImageryRest_run-06_channels.tsv	4361	330	False	f53f1e18
sub-13/ses-02/eeg/sub-13_ses-02_task-MotorImageryRest_run-01_channels.tsv	4361	330	False	f53f1e18
sub-13/ses-02/eeg/sub-13_ses-02_task-MotorImageryRest_run-04_events.json	767	336	False	95434a42
sub-13/ses-02/eeg/sub-13_ses-02_task-MotorImageryRest_run-03_events.tsv	722	318	False	25c79877
sub-13/ses-02/eeg/sub-13_ses-02_task-rest_run-01_eeg.json	474	223	False	901b036c
sub-13/ses-02/eeg/sub-13_ses-02_task-MotorImageryRest_run-04_eeg.vmrk	1447	599	False	1ddf1408
sub-13/ses-02/eeg/sub-13_ses-02_task-MotorImageryRest_run-05_eeg.vmrk	1446	597	False	0d76d22e
sub-13/ses-02/eeg/sub-13_ses-02_task-MotorImageryRest_run-06_eeg.eeg	17222464	15129701	False	995756a4
sub-13/ses-02/eeg/sub-13_ses-02_task-MotorImageryRest_run-04_eeg.vhdr	2012	798	False	0cab19c4
sub-13/ses-02/eeg/sub-13_ses-02_task-MotorImageryRest_run-05_eeg.vhdr	2012	798	False	9cdffc4b
sub-13/ses-02/eeg/sub-13_ses-02_task-MotorImageryRest_run-06_eeg.json	486	231	False	62f65434
sub-13/ses-02/eeg/sub-13_ses-02_task-rest_run-02_eeg.vmrk	521	335	False	fe8eb08e
sub-13/ses-02/eeg/sub-13_ses-02_task-rest_run-02_eeg.vhdr	1988	787	False	5e5304b2
sub-13/ses-02/eeg/sub-13_ses-02_task-rest_run-02_eeg.eeg	13449352	11783872	False	c1701bfd
sub-13/ses-02/eeg/sub-13_ses-02_task-MotorImageryRest_run-06_events.tsv	721	322	False	74c39436
sub-13/ses-02/eeg/sub-13_ses-02_task-MotorImageryRest_run-01_events.json	767	336	False	95434a42
sub-13/ses-02/eeg/sub-13_ses-02_task-MotorImageryRest_run-01_eeg.json	486	232	False	dec83310
sub-13/ses-02/eeg/sub-13_ses-02_task-MotorImageryRest_run-02_events.json	767	336	False	95434a42
sub-13/ses-02/eeg/sub-13_ses-02_task-MotorImageryRest_run-01_events.tsv	699	310	False	83dd5b5c
sub-13/ses-02/eeg/sub-13_ses-02_task-MotorImageryRest_run-05_eeg.eeg	17203816	14975801	False	f6c97fcf
sub-13/ses-02/eeg/sub-13_ses-02_task-rest_run-01_eeg.eeg	14752640	13139418	False	b36236fb
sub-13/ses-02/eeg/sub-13_ses-02_task-MotorImageryRest_run-04_events.tsv	716	319	False	026f2185
sub-13/ses-02/eeg/sub-13_ses-02_space-CapTrak_electrodes.tsv	5167	2438	False	9100f59c
sub-13/ses-02/eeg/sub-13_ses-02_task-rest_run-02_channels.tsv	4361	330	False	f53f1e18
sub-13/ses-02/eeg/sub-13_ses-02_task-MotorImageryRest_run-03_eeg.vhdr	2012	798	False	4b07adeb
sub-13/ses-02/eeg/sub-13_ses-02_task-MotorImageryRest_run-02_eeg.vhdr	2012	796	False	db734864
sub-13/ses-02/eeg/sub-13_ses-02_task-MotorImageryRest_run-03_eeg.vmrk	1447	597	False	b1e1faa1
sub-13/ses-02/eeg/sub-13_ses-02_task-MotorImageryRest_run-02_eeg.vmrk	1447	594	False	8a057514
sub-13/ses-02/eeg/sub-13_ses-02_task-MotorImageryRest_run-04_eeg.eeg	17288768	14987265	False	428ceeaf
sub-13/ses-02/eeg/sub-13_ses-02_task-MotorImageryRest_run-01_eeg.eeg	16826712	14608136	False	3102b5f5
sub-13/ses-02/eeg/sub-13_ses-02_task-MotorImageryRest_run-05_eeg.json	485	231	False	259ab534
sub-13/ses-02/eeg/sub-13_ses-02_task-MotorImageryRest_run-04_eeg.json	486	232	False	63a262fb
sub-13/ses-02/eeg/sub-13_ses-02_task-rest_run-01_eeg.vmrk	521	336	False	fd54aebc
sub-13/ses-02/eeg/sub-13_ses-02_task-rest_run-01_eeg.vhdr	1988	788	False	eb45d436
sub-13/ses-02/eeg/sub-13_ses-02_task-rest_run-02_eeg.json	474	222	False	cf8a951d
sub-13/ses-02/eeg/sub-13_ses-02_task-MotorImageryRest_run-06_eeg.vmrk	1447	593	False	8e591fb3
sub-13/ses-02/eeg/sub-13_ses-02_task-MotorImageryRest_run-06_eeg.vhdr	2012	798	False	f733d49b
sub-13/ses-02/eeg/sub-13_ses-02_task-MotorImageryRest_run-02_events.tsv	722	323	False	7af235ba
sub-13/ses-02/eeg/sub-13_ses-02_task-MotorImageryRest_run-05_events.json	767	336	False	95434a42
sub-13/ses-02/eeg/sub-13_ses-02_task-rest_run-01_channels.tsv	4361	330	False	f53f1e18
sub-13/ses-02/eeg/sub-13_ses-02_task-MotorImageryRest_run-01_eeg.vhdr	2012	798	False	b09f60b4
sub-13/ses-02/eeg/sub-13_ses-02_task-MotorImageryRest_run-05_channels.tsv	4361	330	False	f53f1e18
sub-13/ses-02/eeg/sub-13_ses-02_task-MotorImageryRest_run-06_events.json	767	336	False	95434a42
sub-13/ses-02/eeg/sub-13_ses-02_task-MotorImageryRest_run-01_eeg.vmrk	1419	589	False	a5b536cf
sub-13/ses-02/eeg/sub-13_ses-02_task-MotorImageryRest_run-02_channels.tsv	4361	330	False	f53f1e18
sub-13/ses-02/eeg/sub-13_ses-02_task-MotorImageryRest_run-02_eeg.eeg	17168592	14987565	False	4ba044e2
sub-13/ses-02/eeg/sub-13_ses-02_task-MotorImageryRest_run-05_events.tsv	717	313	False	88b23251
sub-13/ses-02/eeg/sub-13_ses-02_task-MotorImageryRest_run-03_channels.tsv	4361	330	False	f53f1e18
sub-13/ses-02/eeg/sub-13_ses-02_task-MotorImageryRest_run-03_eeg.eeg	16932384	14663971	False	cb313f17
sub-13/ses-02/eeg/sub-13_ses-02_task-MotorImageryRest_run-04_channels.tsv	4361	330	False	f53f1e18
sub-13/ses-02/eeg/sub-13_ses-02_space-CapTrak_coordsystem.json	945	378	False	cdfbee5b
sub-13/ses-02/eeg/sub-13_ses-02_task-MotorImageryRest_run-02_eeg.json	486	231	False	34084ac2
sub-13/ses-02/eeg/sub-13_ses-02_task-MotorImageryRest_run-03_eeg.json	486	231	False	339b879f
sub-13/ses-02/eeg/sub-13_ses-02_task-MotorImageryRest_run-03_events.json	767	336	False	95434a42
sub-13/ses-04/meg/sub-13_ses-04_task-MotorImageryRest_run-06_events.json	767	336	False	95434a42
sub-13/ses-04/meg/sub-13_ses-04_task-MotorImageryRest_run-01_events.tsv	694	312	False	02828a9c
sub-13/ses-04/meg/sub-13_ses-04_task-rest_run-02_channels.tsv	19989	1020	False	03360556
sub-13/ses-04/meg/sub-13_ses-04_task-rest_run-02_meg.json	677	295	False	1812cfe3
sub-13/ses-04/meg/sub-13_ses-04_task-MotorImageryRest_run-01_meg.json	689	306	False	08c14a38
sub-13/ses-04/meg/sub-13_ses-04_task-MotorImageryRest_run-04_events.tsv	717	321	False	e77f2811
sub-13/ses-04/meg/sub-13_ses-04_task-MotorImageryRest_run-01_channels.tsv	19989	1020	False	03360556
sub-13/ses-04/meg/sub-13_ses-04_task-MotorImageryRest_run-06_meg.fif	76432903	71314565	False	0613214b
sub-13/ses-04/meg/sub-13_ses-04_task-MotorImageryRest_run-06_channels.tsv	19989	1020	False	03360556
sub-13/ses-04/meg/sub-13_ses-04_task-MotorImageryRest_run-03_events.json	767	336	False	95434a42
sub-13/ses-04/meg/sub-13_ses-04_task-MotorImageryRest_run-03_events.tsv	718	321	False	00bfc3a9
sub-13/ses-04/meg/sub-13_ses-04_task-MotorImageryRest_run-06_meg.json	689	306	False	c90bbe65
sub-13/ses-04/meg/sub-13_ses-04_task-MotorImageryRest_run-04_meg.fif	73168491	68302353	False	5ce2a34f
sub-13/ses-04/meg/sub-13_ses-04_task-MotorImageryRest_run-05_meg.fif	72654411	67790254	False	0386280d
sub-13/ses-04/meg/sub-13_ses-04_task-MotorImageryRest_run-06_events.tsv	719	314	False	6e636340
sub-13/ses-04/meg/sub-13_ses-04_task-MotorImageryRest_run-05_events.json	767	336	False	95434a42
sub-13/ses-04/meg/sub-13_ses-04_task-MotorImageryRest_run-02_meg.json	689	306	False	f0fd35e2
sub-13/ses-04/meg/sub-13_ses-04_task-MotorImageryRest_run-03_meg.json	689	305	False	6e69271e
sub-13/ses-04/meg/sub-13_ses-04_task-MotorImageryRest_run-02_events.json	767	336	False	95434a42
sub-13/ses-04/meg/sub-13_ses-04_task-MotorImageryRest_run-05_events.tsv	714	310	False	4250b5bd
sub-13/ses-04/meg/sub-13_ses-04_task-MotorImageryRest_run-01_meg.fif	70940801	66171617	False	e6d89ced
sub-13/ses-04/meg/sub-13_ses-04_task-rest_run-01_meg.fif	55380888	51653938	False	87c79289
sub-13/ses-04/meg/sub-13_ses-04_task-rest_run-01_meg.json	677	295	False	6ad09b79
sub-13/ses-04/meg/sub-13_ses-04_task-rest_run-01_channels.tsv	19989	1020	False	03360556
sub-13/ses-04/meg/sub-13_ses-04_task-MotorImageryRest_run-04_events.json	767	336	False	95434a42
sub-13/ses-04/meg/sub-13_ses-04_task-MotorImageryRest_run-03_meg.fif	72405939	67593596	False	465e0b25
sub-13/ses-04/meg/sub-13_ses-04_task-MotorImageryRest_run-04_channels.tsv	19989	1020	False	03360556
sub-13/ses-04/meg/sub-13_ses-04_task-MotorImageryRest_run-03_channels.tsv	19989	1020	False	03360556
sub-13/ses-04/meg/sub-13_ses-04_task-rest_run-02_meg.fif	80305196	74941128	False	0c8aebee
sub-13/ses-04/meg/sub-13_ses-04_coordsystem.json	2194	470	False	0aecf07a
sub-13/ses-04/meg/sub-13_ses-04_task-MotorImageryRest_run-05_meg.json	689	306	False	bc28fc20
sub-13/ses-04/meg/sub-13_ses-04_task-MotorImageryRest_run-04_meg.json	689	306	False	d975ceed
sub-13/ses-04/meg/sub-13_ses-04_task-MotorImageryRest_run-02_events.tsv	719	316	False	3a439c2c
sub-13/ses-04/meg/sub-13_ses-04_task-MotorImageryRest_run-01_events.json	767	336	False	95434a42
sub-13/ses-04/meg/sub-13_ses-04_task-MotorImageryRest_run-02_channels.tsv	19989	1020	False	03360556
sub-13/ses-04/meg/sub-13_ses-04_task-MotorImageryRest_run-05_channels.tsv	19989	1020	False	03360556
sub-13/ses-04/meg/sub-13_ses-04_task-MotorImageryRest_run-02_meg.fif	69852675	65173752	False	88df22a6
sub-13/ses-04/eeg/sub-13_ses-04_task-MotorImageryRest_run-06_events.json	767	336	False	95434a42
sub-13/ses-04/eeg/sub-13_ses-04_task-MotorImageryRest_run-01_events.tsv	694	312	False	02828a9c
sub-13/ses-04/eeg/sub-13_ses-04_task-MotorImageryRest_run-05_eeg.vmrk	1447	593	False	01cc0bce
sub-13/ses-04/eeg/sub-13_ses-04_task-MotorImageryRest_run-04_eeg.vmrk	1447	592	False	32811f80
sub-13/ses-04/eeg/sub-13_ses-04_task-MotorImageryRest_run-05_eeg.vhdr	2012	798	False	9425fff8
sub-13/ses-04/eeg/sub-13_ses-04_task-MotorImageryRest_run-04_eeg.vhdr	2012	796	False	04511a77
sub-13/ses-04/eeg/sub-13_ses-04_task-rest_run-02_channels.tsv	4361	330	False	f53f1e18
sub-13/ses-04/eeg/sub-13_ses-04_space-CapTrak_electrodes.tsv	5139	2439	False	0cd97bd7
sub-13/ses-04/eeg/sub-13_ses-04_task-MotorImageryRest_run-04_events.tsv	717	321	False	e77f2811
sub-13/ses-04/eeg/sub-13_ses-04_task-MotorImageryRest_run-06_eeg.eeg	18455304	16165599	False	7cc4f88c
sub-13/ses-04/eeg/sub-13_ses-04_task-MotorImageryRest_run-01_channels.tsv	4361	330	False	f53f1e18
sub-13/ses-04/eeg/sub-13_ses-04_task-MotorImageryRest_run-06_channels.tsv	4361	330	False	f53f1e18
sub-13/ses-04/eeg/sub-13_ses-04_task-MotorImageryRest_run-03_events.json	767	336	False	95434a42
sub-13/ses-04/eeg/sub-13_ses-04_task-MotorImageryRest_run-06_eeg.json	486	232	False	c2f081b6
sub-13/ses-04/eeg/sub-13_ses-04_task-MotorImageryRest_run-03_events.tsv	718	321	False	00bfc3a9
sub-13/ses-04/eeg/sub-13_ses-04_task-MotorImageryRest_run-04_eeg.eeg	17665872	15419407	False	46b1f057
sub-13/ses-04/eeg/sub-13_ses-04_task-rest_run-01_eeg.vhdr	1988	788	False	1f485c15
sub-13/ses-04/eeg/sub-13_ses-04_task-rest_run-01_eeg.vmrk	521	336	False	c612d69f
sub-13/ses-04/eeg/sub-13_ses-04_task-MotorImageryRest_run-01_eeg.json	486	232	False	be1fa846
sub-13/ses-04/eeg/sub-13_ses-04_task-MotorImageryRest_run-05_eeg.eeg	17541552	15383086	False	8609c61d
sub-13/ses-04/eeg/sub-13_ses-04_task-MotorImageryRest_run-02_eeg.vhdr	2012	798	False	d3894bd7
sub-13/ses-04/eeg/sub-13_ses-04_task-MotorImageryRest_run-03_eeg.vhdr	2012	798	False	43fdae58
sub-13/ses-04/eeg/sub-13_ses-04_task-MotorImageryRest_run-02_eeg.vmrk	1447	593	False	0fbc95e8
sub-13/ses-04/eeg/sub-13_ses-04_task-rest_run-02_eeg.json	474	222	False	3ed317c9
sub-13/ses-04/eeg/sub-13_ses-04_task-MotorImageryRest_run-03_eeg.vmrk	1447	596	False	4f28290f
sub-13/ses-04/eeg/sub-13_ses-04_task-MotorImageryRest_run-06_events.tsv	719	314	False	6e636340
sub-13/ses-04/eeg/sub-13_ses-04_task-MotorImageryRest_run-05_events.json	767	336	False	95434a42
sub-13/ses-04/eeg/sub-13_ses-04_task-MotorImageryRest_run-04_eeg.json	486	232	False	e4d99ee3
sub-13/ses-04/eeg/sub-13_ses-04_task-MotorImageryRest_run-05_eeg.json	486	232	False	e26bb718
sub-13/ses-04/eeg/sub-13_ses-04_task-MotorImageryRest_run-02_events.json	767	336	False	95434a42
sub-13/ses-04/eeg/sub-13_ses-04_task-MotorImageryRest_run-05_events.tsv	714	310	False	4250b5bd
sub-13/ses-04/eeg/sub-13_ses-04_task-MotorImageryRest_run-01_eeg.eeg	17127152	14926448	False	a9bf6c9d
sub-13/ses-04/eeg/sub-13_ses-04_task-rest_run-01_eeg.eeg	13364400	11843791	False	44d9d247
sub-13/ses-04/eeg/sub-13_ses-04_task-MotorImageryRest_run-06_eeg.vmrk	1447	597	False	f0351f60
sub-13/ses-04/eeg/sub-13_ses-04_task-MotorImageryRest_run-06_eeg.vhdr	2012	798	False	ffc9d728
sub-13/ses-04/eeg/sub-13_ses-04_task-rest_run-01_channels.tsv	4361	330	False	f53f1e18
sub-13/ses-04/eeg/sub-13_ses-04_task-MotorImageryRest_run-04_events.json	767	336	False	95434a42
sub-13/ses-04/eeg/sub-13_ses-04_task-MotorImageryRest_run-03_eeg.eeg	17481464	15226690	False	3f9117a4
sub-13/ses-04/eeg/sub-13_ses-04_task-MotorImageryRest_run-04_channels.tsv	4361	330	False	f53f1e18
sub-13/ses-04/eeg/sub-13_ses-04_task-MotorImageryRest_run-03_channels.tsv	4361	330	False	f53f1e18
sub-13/ses-04/eeg/sub-13_ses-04_task-MotorImageryRest_run-01_eeg.vhdr	2012	798	False	b8656307
sub-13/ses-04/eeg/sub-13_ses-04_task-MotorImageryRest_run-01_eeg.vmrk	1418	593	False	f5ab7634
sub-13/ses-04/eeg/sub-13_ses-04_task-rest_run-01_eeg.json	474	223	False	a8a5f8dc
sub-13/ses-04/eeg/sub-13_ses-04_task-rest_run-02_eeg.eeg	19391848	16962640	False	cd822ff3
sub-13/ses-04/eeg/sub-13_ses-04_space-CapTrak_coordsystem.json	942	378	False	16f8fb14
sub-13/ses-04/eeg/sub-13_ses-04_task-rest_run-02_eeg.vhdr	1988	788	False	aa5e8c91
sub-13/ses-04/eeg/sub-13_ses-04_task-MotorImageryRest_run-03_eeg.json	486	232	False	0ac94ec8
sub-13/ses-04/eeg/sub-13_ses-04_task-rest_run-02_eeg.vmrk	521	336	False	c5c8c8ad
sub-13/ses-04/eeg/sub-13_ses-04_task-MotorImageryRest_run-02_eeg.json	486	231	False	68b79662
sub-13/ses-04/eeg/sub-13_ses-04_task-MotorImageryRest_run-02_events.tsv	719	316	False	3a439c2c
sub-13/ses-04/eeg/sub-13_ses-04_task-MotorImageryRest_run-01_events.json	767	336	False	95434a42
sub-13/ses-04/eeg/sub-13_ses-04_task-MotorImageryRest_run-02_channels.tsv	4361	330	False	f53f1e18
sub-13/ses-04/eeg/sub-13_ses-04_task-MotorImageryRest_run-05_channels.tsv	4361	330	False	f53f1e18
sub-13/ses-04/eeg/sub-13_ses-04_task-MotorImageryRest_run-02_eeg.eeg	16864008	14642995	False	e7856304
sub-13/ses-03/meg/sub-13_ses-03_task-MotorImageryRest_run-05_events.json	767	336	False	95434a42
sub-13/ses-03/meg/sub-13_ses-03_coordsystem.json	2228	477	False	c5a66efc
sub-13/ses-03/meg/sub-13_ses-03_task-rest_run-01_meg.fif	59692784	55688248	False	f55fd469
sub-13/ses-03/meg/sub-13_ses-03_task-MotorImageryRest_run-03_events.tsv	715	314	False	84fa97b2
sub-13/ses-03/meg/sub-13_ses-03_task-MotorImageryRest_run-06_channels.tsv	19989	1020	False	03360556
sub-13/ses-03/meg/sub-13_ses-03_task-MotorImageryRest_run-01_channels.tsv	19989	1020	False	03360556
sub-13/ses-03/meg/sub-13_ses-03_task-MotorImageryRest_run-06_events.tsv	721	317	False	e5dec76d
sub-13/ses-03/meg/sub-13_ses-03_task-MotorImageryRest_run-01_meg.json	688	305	False	d81a1be6
sub-13/ses-03/meg/sub-13_ses-03_task-rest_run-02_channels.tsv	19989	1020	False	03360556
sub-13/ses-03/meg/sub-13_ses-03_task-MotorImageryRest_run-06_meg.fif	70600287	65864591	False	43a767ca
sub-13/ses-03/meg/sub-13_ses-03_task-rest_run-02_meg.json	677	295	False	09da9a14
sub-13/ses-03/meg/sub-13_ses-03_task-MotorImageryRest_run-06_meg.json	689	305	False	b7d1c426
sub-13/ses-03/meg/sub-13_ses-03_task-MotorImageryRest_run-03_events.json	767	336	False	95434a42
sub-13/ses-03/meg/sub-13_ses-03_task-MotorImageryRest_run-04_meg.fif	69854871	65174049	False	62dc3a43
sub-13/ses-03/meg/sub-13_ses-03_task-MotorImageryRest_run-01_events.tsv	720	321	False	11dfa559
sub-13/ses-03/meg/sub-13_ses-03_task-rest_run-02_meg.fif	61911896	57752825	False	cf1349ff
sub-13/ses-03/meg/sub-13_ses-03_task-MotorImageryRest_run-05_meg.fif	69709215	65068276	False	980e2d05
sub-13/ses-03/meg/sub-13_ses-03_task-MotorImageryRest_run-04_events.tsv	721	320	False	e5dfd652
sub-13/ses-03/meg/sub-13_ses-03_task-MotorImageryRest_run-06_events.json	767	336	False	95434a42
sub-13/ses-03/meg/sub-13_ses-03_task-rest_run-01_meg.json	676	295	False	f5728463
sub-13/ses-03/meg/sub-13_ses-03_task-MotorImageryRest_run-01_events.json	767	336	False	95434a42
sub-13/ses-03/meg/sub-13_ses-03_task-MotorImageryRest_run-03_meg.json	689	306	False	07d0ccee
sub-13/ses-03/meg/sub-13_ses-03_task-MotorImageryRest_run-02_meg.json	689	306	False	7819085a
sub-13/ses-03/meg/sub-13_ses-03_task-MotorImageryRest_run-01_meg.fif	72073983	67270648	False	fc76850b
sub-13/ses-03/meg/sub-13_ses-03_task-MotorImageryRest_run-02_events.tsv	721	322	False	b2a364cc
sub-13/ses-03/meg/sub-13_ses-03_task-MotorImageryRest_run-04_events.json	767	336	False	95434a42
sub-13/ses-03/meg/sub-13_ses-03_task-MotorImageryRest_run-05_events.tsv	718	321	False	47f5de5c
sub-13/ses-03/meg/sub-13_ses-03_task-MotorImageryRest_run-03_meg.fif	76212327	71144619	False	41448941
sub-13/ses-03/meg/sub-13_ses-03_task-MotorImageryRest_run-05_channels.tsv	19989	1020	False	03360556
sub-13/ses-03/meg/sub-13_ses-03_task-MotorImageryRest_run-02_channels.tsv	19989	1020	False	03360556
sub-13/ses-03/meg/sub-13_ses-03_task-rest_run-01_channels.tsv	19989	1020	False	03360556
sub-13/ses-03/meg/sub-13_ses-03_task-MotorImageryRest_run-02_events.json	767	336	False	95434a42
sub-13/ses-03/meg/sub-13_ses-03_task-MotorImageryRest_run-02_meg.fif	70009095	65316363	False	5ddcc553
sub-13/ses-03/meg/sub-13_ses-03_task-MotorImageryRest_run-03_channels.tsv	19989	1020	False	03360556
sub-13/ses-03/meg/sub-13_ses-03_task-MotorImageryRest_run-04_meg.json	689	306	False	f0fd35e2
sub-13/ses-03/meg/sub-13_ses-03_task-MotorImageryRest_run-05_meg.json	689	306	False	4717dad2
sub-13/ses-03/meg/sub-13_ses-03_task-MotorImageryRest_run-04_channels.tsv	19989	1020	False	03360556
sub-13/ses-03/eeg/sub-13_ses-03_task-MotorImageryRest_run-05_events.json	767	336	False	95434a42
sub-13/ses-03/eeg/sub-13_ses-03_task-rest_run-01_eeg.eeg	14406616	12833842	False	c03a775a
sub-13/ses-03/eeg/sub-13_ses-03_task-MotorImageryRest_run-03_events.tsv	715	314	False	84fa97b2
sub-13/ses-03/eeg/sub-13_ses-03_task-MotorImageryRest_run-04_eeg.vmrk	1447	597	False	4deb132e
sub-13/ses-03/eeg/sub-13_ses-03_task-MotorImageryRest_run-06_channels.tsv	4361	330	False	f53f1e18
sub-13/ses-03/eeg/sub-13_ses-03_task-MotorImageryRest_run-05_eeg.vmrk	1447	596	False	1339220b
sub-13/ses-03/eeg/sub-13_ses-03_task-MotorImageryRest_run-04_eeg.vhdr	2012	798	False	e2c765ac
sub-13/ses-03/eeg/sub-13_ses-03_task-MotorImageryRest_run-05_eeg.vhdr	2012	798	False	72b38023
sub-13/ses-03/eeg/sub-13_ses-03_task-MotorImageryRest_run-01_channels.tsv	4361	330	False	f53f1e18
sub-13/ses-03/eeg/sub-13_ses-03_task-MotorImageryRest_run-06_eeg.json	486	232	False	35f5886b
sub-13/ses-03/eeg/sub-13_ses-03_task-MotorImageryRest_run-06_events.tsv	721	317	False	e5dec76d
sub-13/ses-03/eeg/sub-13_ses-03_task-rest_run-02_channels.tsv	4361	330	False	f53f1e18
sub-13/ses-03/eeg/sub-13_ses-03_task-MotorImageryRest_run-06_eeg.eeg	17044272	14744580	False	206d25da
sub-13/ses-03/eeg/sub-13_ses-03_task-MotorImageryRest_run-01_eeg.json	485	231	False	cb03cf2a
sub-13/ses-03/eeg/sub-13_ses-03_task-MotorImageryRest_run-03_events.json	767	336	False	95434a42
sub-13/ses-03/eeg/sub-13_ses-03_task-MotorImageryRest_run-04_eeg.eeg	16864008	14566047	False	d9b12684
sub-13/ses-03/eeg/sub-13_ses-03_task-rest_run-02_eeg.json	474	222	False	e39cec7f
sub-13/ses-03/eeg/sub-13_ses-03_task-rest_run-02_eeg.eeg	14943264	13021705	False	221498ee
sub-13/ses-03/eeg/sub-13_ses-03_task-MotorImageryRest_run-01_events.tsv	720	321	False	11dfa559
sub-13/ses-03/eeg/sub-13_ses-03_task-rest_run-01_eeg.vmrk	521	336	False	ad5dc453
sub-13/ses-03/eeg/sub-13_ses-03_task-MotorImageryRest_run-05_eeg.eeg	16828784	14503172	False	5e344517
sub-13/ses-03/eeg/sub-13_ses-03_task-rest_run-01_eeg.vhdr	1988	788	False	99d016d9
sub-13/ses-03/eeg/sub-13_ses-03_task-MotorImageryRest_run-04_events.tsv	721	320	False	e5dfd652
sub-13/ses-03/eeg/sub-13_ses-03_task-MotorImageryRest_run-06_events.json	767	336	False	95434a42
sub-13/ses-03/eeg/sub-13_ses-03_task-MotorImageryRest_run-03_eeg.vhdr	2012	796	False	a56bd183
sub-13/ses-03/eeg/sub-13_ses-03_task-MotorImageryRest_run-02_eeg.vhdr	2012	798	False	351f340c
sub-13/ses-03/eeg/sub-13_ses-03_task-MotorImageryRest_run-03_eeg.vmrk	1447	594	False	e8775561
sub-13/ses-03/eeg/sub-13_ses-03_task-MotorImageryRest_run-02_eeg.vmrk	1447	596	False	ac865d18
sub-13/ses-03/eeg/sub-13_ses-03_task-MotorImageryRest_run-01_events.json	767	336	False	95434a42
sub-13/ses-03/eeg/sub-13_ses-03_task-MotorImageryRest_run-05_eeg.json	486	231	False	2ff8158a
sub-13/ses-03/eeg/sub-13_ses-03_task-MotorImageryRest_run-04_eeg.json	486	231	False	68b79662
sub-13/ses-03/eeg/sub-13_ses-03_space-CapTrak_electrodes.tsv	5151	2415	False	65611f20
sub-13/ses-03/eeg/sub-13_ses-03_space-CapTrak_coordsystem.json	945	378	False	04589d10
sub-13/ses-03/eeg/sub-13_ses-03_task-MotorImageryRest_run-01_eeg.eeg	17400656	15040313	False	da0b3710
sub-13/ses-03/eeg/sub-13_ses-03_task-MotorImageryRest_run-06_eeg.vmrk	1446	596	False	28b219fd
sub-13/ses-03/eeg/sub-13_ses-03_task-MotorImageryRest_run-06_eeg.vhdr	2012	798	False	195fa8f3
sub-13/ses-03/eeg/sub-13_ses-03_task-MotorImageryRest_run-02_events.tsv	721	322	False	b2a364cc
sub-13/ses-03/eeg/sub-13_ses-03_task-MotorImageryRest_run-04_events.json	767	336	False	95434a42
sub-13/ses-03/eeg/sub-13_ses-03_task-MotorImageryRest_run-05_events.tsv	718	321	False	47f5de5c
sub-13/ses-03/eeg/sub-13_ses-03_task-MotorImageryRest_run-03_eeg.eeg	18401432	15955047	False	e785262f
sub-13/ses-03/eeg/sub-13_ses-03_task-MotorImageryRest_run-01_eeg.vhdr	2012	798	False	5ef31cdc
sub-13/ses-03/eeg/sub-13_ses-03_task-MotorImageryRest_run-01_eeg.vmrk	1447	596	False	c90aca07
sub-13/ses-03/eeg/sub-13_ses-03_task-MotorImageryRest_run-05_channels.tsv	4361	330	False	f53f1e18
sub-13/ses-03/eeg/sub-13_ses-03_task-MotorImageryRest_run-02_channels.tsv	4361	330	False	f53f1e18
sub-13/ses-03/eeg/sub-13_ses-03_task-rest_run-02_eeg.vmrk	521	336	False	ae87da61
sub-13/ses-03/eeg/sub-13_ses-03_task-rest_run-02_eeg.vhdr	1988	788	False	2cc6c65d
sub-13/ses-03/eeg/sub-13_ses-03_task-rest_run-01_channels.tsv	4361	330	False	f53f1e18
sub-13/ses-03/eeg/sub-13_ses-03_task-rest_run-01_eeg.json	473	222	False	ca99fa73
sub-13/ses-03/eeg/sub-13_ses-03_task-MotorImageryRest_run-02_eeg.json	486	232	False	a0184a30
sub-13/ses-03/eeg/sub-13_ses-03_task-MotorImageryRest_run-03_eeg.json	486	232	False	77c3f584
sub-13/ses-03/eeg/sub-13_ses-03_task-MotorImageryRest_run-02_events.json	767	336	False	95434a42
sub-13/ses-03/eeg/sub-13_ses-03_task-MotorImageryRest_run-03_channels.tsv	4361	330	False	f53f1e18
sub-13/ses-03/eeg/sub-13_ses-03_task-MotorImageryRest_run-02_eeg.eeg	16901304	14615336	False	2a863a1c
sub-13/ses-03/eeg/sub-13_ses-03_task-MotorImageryRest_run-04_channels.tsv	4361	330	False	f53f1e18
sub-13/ses-01/meg/sub-13_ses-01_task-MotorImageryRest_run-06_events.tsv	720	324	False	fb2c7a6e
sub-13/ses-01/meg/sub-13_ses-01_task-MotorImageryRest_run-02_meg.fif	70084731	65401204	False	0dcc0968
sub-13/ses-01/meg/sub-13_ses-01_task-MotorImageryRest_run-01_meg.json	689	306	False	baf890d8
sub-13/ses-01/meg/sub-13_ses-01_task-MotorImageryRest_run-02_events.json	767	336	False	95434a42
sub-13/ses-01/meg/sub-13_ses-01_task-MotorImageryRest_run-03_events.tsv	717	320	False	339eb549
sub-13/ses-01/meg/sub-13_ses-01_task-MotorImageryRest_run-03_meg.fif	71866875	67091059	False	9255960b
sub-13/ses-01/meg/sub-13_ses-01_task-MotorImageryRest_run-06_meg.json	689	306	False	6f1fdf8b
sub-13/ses-01/meg/sub-13_ses-01_task-MotorImageryRest_run-01_meg.fif	72209599	67402578	False	0f0c65a3
sub-13/ses-01/meg/sub-13_ses-01_task-MotorImageryRest_run-05_channels.tsv	19989	1020	False	03360556
sub-13/ses-01/meg/sub-13_ses-01_task-MotorImageryRest_run-04_events.tsv	720	315	False	cdecdaa0
sub-13/ses-01/meg/sub-13_ses-01_task-MotorImageryRest_run-02_channels.tsv	19989	1020	False	03360556
sub-13/ses-01/meg/sub-13_ses-01_task-rest_run-01_channels.tsv	19989	1020	False	03360556
sub-13/ses-01/meg/sub-13_ses-01_task-MotorImageryRest_run-01_events.json	767	336	False	95434a42
sub-13/ses-01/meg/sub-13_ses-01_task-MotorImageryRest_run-01_events.tsv	717	319	False	bb60bfc9
sub-13/ses-01/meg/sub-13_ses-01_task-MotorImageryRest_run-04_events.json	767	336	False	95434a42
sub-13/ses-01/meg/sub-13_ses-01_task-rest_run-02_meg.json	677	295	False	7f3d21d9
sub-13/ses-01/meg/sub-13_ses-01_task-MotorImageryRest_run-03_channels.tsv	19989	1020	False	03360556
sub-13/ses-01/meg/sub-13_ses-01_task-MotorImageryRest_run-04_channels.tsv	19989	1020	False	03360556
sub-13/ses-01/meg/sub-13_ses-01_task-MotorImageryRest_run-05_meg.fif	71232847	66499386	False	3095a31f
sub-13/ses-01/meg/sub-13_ses-01_task-rest_run-02_meg.fif	64381352	60121101	False	c7493000
sub-13/ses-01/meg/sub-13_ses-01_task-MotorImageryRest_run-02_events.tsv	722	323	False	a91e0ab2
sub-13/ses-01/meg/sub-13_ses-01_task-rest_run-02_channels.tsv	19989	1020	False	03360556
sub-13/ses-01/meg/sub-13_ses-01_task-MotorImageryRest_run-02_meg.json	689	306	False	9e362865
sub-13/ses-01/meg/sub-13_ses-01_task-MotorImageryRest_run-03_meg.json	689	306	False	b17dfeec
sub-13/ses-01/meg/sub-13_ses-01_coordsystem.json	2278	484	False	33e405ac
sub-13/ses-01/meg/sub-13_ses-01_task-MotorImageryRest_run-03_events.json	767	336	False	95434a42
sub-13/ses-01/meg/sub-13_ses-01_task-MotorImageryRest_run-06_channels.tsv	19989	1020	False	03360556
sub-13/ses-01/meg/sub-13_ses-01_task-MotorImageryRest_run-01_channels.tsv	19989	1020	False	03360556
sub-13/ses-01/meg/sub-13_ses-01_task-MotorImageryRest_run-06_events.json	767	336	False	95434a42
sub-13/ses-01/meg/sub-13_ses-01_task-MotorImageryRest_run-04_meg.fif	69810555	65141847	False	811b211f
sub-13/ses-01/meg/sub-13_ses-01_task-rest_run-01_meg.json	677	295	False	7f3d21d9
sub-13/ses-01/meg/sub-13_ses-01_task-rest_run-01_meg.fif	64381352	60121101	False	c7493000
sub-13/ses-01/meg/sub-13_ses-01_task-MotorImageryRest_run-05_events.json	767	336	False	95434a42
sub-13/ses-01/meg/sub-13_ses-01_task-MotorImageryRest_run-06_meg.fif	70393179	65718281	False	4d2d702b
sub-13/ses-01/meg/sub-13_ses-01_task-MotorImageryRest_run-05_meg.json	689	306	False	420ee002
sub-13/ses-01/meg/sub-13_ses-01_task-MotorImageryRest_run-04_meg.json	689	307	False	d560ef9d
sub-13/ses-01/meg/sub-13_ses-01_task-MotorImageryRest_run-05_events.tsv	721	322	False	df7ba094
sub-13/ses-01/eeg/sub-13_ses-01_task-MotorImageryRest_run-05_eeg.vhdr	2012	798	False	751a7eb2
sub-13/ses-01/eeg/sub-13_ses-01_task-MotorImageryRest_run-04_eeg.vhdr	2012	798	False	e56e9b3d
sub-13/ses-01/eeg/sub-13_ses-01_task-MotorImageryRest_run-05_eeg.vmrk	1447	598	False	7fa32738
sub-13/ses-01/eeg/sub-13_ses-01_task-MotorImageryRest_run-04_eeg.vmrk	1447	598	False	05deffa2
sub-13/ses-01/eeg/sub-13_ses-01_task-MotorImageryRest_run-06_events.tsv	720	324	False	fb2c7a6e
sub-13/ses-01/eeg/sub-13_ses-01_task-rest_run-02_eeg.json	474	222	False	f8ccaedd
sub-13/ses-01/eeg/sub-13_ses-01_task-MotorImageryRest_run-02_eeg.eeg	16919952	14746837	False	2bc482c4
sub-13/ses-01/eeg/sub-13_ses-01_task-MotorImageryRest_run-02_events.json	767	336	False	95434a42
sub-13/ses-01/eeg/sub-13_ses-01_task-rest_run-01_eeg.vhdr	1988	787	False	7cfb9307
sub-13/ses-01/eeg/sub-13_ses-01_task-rest_run-01_eeg.vmrk	521	334	False	0d4f118d
sub-13/ses-01/eeg/sub-13_ses-01_task-MotorImageryRest_run-06_eeg.json	486	231	False	437c314c
sub-13/ses-01/eeg/sub-13_ses-01_task-MotorImageryRest_run-03_eeg.eeg	17350928	15015852	False	4de4e9d9
sub-13/ses-01/eeg/sub-13_ses-01_task-MotorImageryRest_run-03_events.tsv	717	320	False	339eb549
sub-13/ses-01/eeg/sub-13_ses-01_space-CapTrak_coordsystem.json	945	379	False	ff94e3d4
sub-13/ses-01/eeg/sub-13_ses-01_space-CapTrak_electrodes.tsv	5152	2440	False	081e5e05
sub-13/ses-01/eeg/sub-13_ses-01_task-MotorImageryRest_run-01_eeg.json	486	231	False	98b15471
sub-13/ses-01/eeg/sub-13_ses-01_task-MotorImageryRest_run-01_eeg.eeg	17433808	15116616	False	66311051
sub-13/ses-01/eeg/sub-13_ses-01_task-MotorImageryRest_run-05_channels.tsv	4361	330	False	f53f1e18
sub-13/ses-01/eeg/sub-13_ses-01_task-MotorImageryRest_run-04_events.tsv	720	315	False	cdecdaa0
sub-13/ses-01/eeg/sub-13_ses-01_task-MotorImageryRest_run-02_channels.tsv	4361	330	False	f53f1e18
sub-13/ses-01/eeg/sub-13_ses-01_task-rest_run-01_channels.tsv	4361	330	False	f53f1e18
sub-13/ses-01/eeg/sub-13_ses-01_task-MotorImageryRest_run-01_events.json	767	336	False	95434a42
sub-13/ses-01/eeg/sub-13_ses-01_task-MotorImageryRest_run-01_events.tsv	717	319	False	bb60bfc9
sub-13/ses-01/eeg/sub-13_ses-01_task-MotorImageryRest_run-04_events.json	767	336	False	95434a42
sub-13/ses-01/eeg/sub-13_ses-01_task-MotorImageryRest_run-02_eeg.vmrk	1447	594	False	c4c63dee
sub-13/ses-01/eeg/sub-13_ses-01_task-MotorImageryRest_run-03_eeg.vmrk	1447	597	False	cd5c1e30
sub-13/ses-01/eeg/sub-13_ses-01_task-MotorImageryRest_run-02_eeg.vhdr	2012	798	False	32b6ca9d
sub-13/ses-01/eeg/sub-13_ses-01_task-MotorImageryRest_run-03_eeg.vhdr	2012	798	False	a2c22f12
sub-13/ses-01/eeg/sub-13_ses-01_task-MotorImageryRest_run-03_channels.tsv	4361	330	False	f53f1e18
sub-13/ses-01/eeg/sub-13_ses-01_task-MotorImageryRest_run-04_channels.tsv	4361	330	False	f53f1e18
sub-13/ses-01/eeg/sub-13_ses-01_task-MotorImageryRest_run-05_eeg.eeg	17197600	14924416	False	3e0d2c10
sub-13/ses-01/eeg/sub-13_ses-01_task-rest_run-02_eeg.eeg	15540000	14429937	False	f3c70590
sub-13/ses-01/eeg/sub-13_ses-01_task-MotorImageryRest_run-02_events.tsv	722	323	False	a91e0ab2
sub-13/ses-01/eeg/sub-13_ses-01_task-rest_run-02_channels.tsv	4361	330	False	f53f1e18
sub-13/ses-01/eeg/sub-13_ses-01_task-rest_run-02_eeg.vhdr	1988	788	False	c9ed4383
sub-13/ses-01/eeg/sub-13_ses-01_task-rest_run-02_eeg.vmrk	521	336	False	0e950fbf
sub-13/ses-01/eeg/sub-13_ses-01_task-MotorImageryRest_run-03_events.json	767	336	False	95434a42
sub-13/ses-01/eeg/sub-13_ses-01_task-MotorImageryRest_run-04_eeg.json	486	231	False	9059d5db
sub-13/ses-01/eeg/sub-13_ses-01_task-MotorImageryRest_run-05_eeg.json	486	232	False	a88a001e
sub-13/ses-01/eeg/sub-13_ses-01_task-MotorImageryRest_run-06_channels.tsv	4361	330	False	f53f1e18
sub-13/ses-01/eeg/sub-13_ses-01_task-MotorImageryRest_run-01_channels.tsv	4361	330	False	f53f1e18
sub-13/ses-01/eeg/sub-13_ses-01_task-MotorImageryRest_run-06_eeg.vhdr	2012	798	False	1ef65662
sub-13/ses-01/eeg/sub-13_ses-01_task-MotorImageryRest_run-06_eeg.vmrk	1446	598	False	e1ea4716
sub-13/ses-01/eeg/sub-13_ses-01_task-rest_run-01_eeg.json	474	222	False	f8ccaedd
sub-13/ses-01/eeg/sub-13_ses-01_task-MotorImageryRest_run-06_events.json	767	336	False	95434a42
sub-13/ses-01/eeg/sub-13_ses-01_task-MotorImageryRest_run-04_eeg.eeg	16853648	14673682	False	2882729a
sub-13/ses-01/eeg/sub-13_ses-01_task-MotorImageryRest_run-01_eeg.vmrk	1447	596	False	7fae2865
sub-13/ses-01/eeg/sub-13_ses-01_task-MotorImageryRest_run-01_eeg.vhdr	2012	796	False	595ae24d
sub-13/ses-01/eeg/sub-13_ses-01_task-MotorImageryRest_run-05_events.json	767	336	False	95434a42
sub-13/ses-01/eeg/sub-13_ses-01_task-rest_run-01_eeg.eeg	15540000	14429937	False	f3c70590
sub-13/ses-01/eeg/sub-13_ses-01_task-MotorImageryRest_run-06_eeg.eeg	16994544	14824273	False	f6832beb
sub-13/ses-01/eeg/sub-13_ses-01_task-MotorImageryRest_run-05_events.tsv	721	322	False	df7ba094
sub-13/ses-01/eeg/sub-13_ses-01_task-MotorImageryRest_run-03_eeg.json	486	232	False	c4d24b00
sub-13/ses-01/eeg/sub-13_ses-01_task-MotorImageryRest_run-02_eeg.json	486	232	False	b0f441ba
sub-18/	0	0	False	00000000
__MACOSX/._sub-18	220	93	False	29d7e44a
sub-18/.DS_Store	6148	336	False	54b60968
__MACOSX/sub-18/._.DS_Store	120	53	False	38c0880b
sub-18/ses-02/	0	0	False	00000000
sub-18/ses-04/	0	0	False	00000000
sub-18/ses-03/	0	0	False	00000000
sub-18/ses-01/	0	0	False	00000000
sub-18/ses-02/.DS_Store	6148	282	False	19afb3e1
__MACOSX/sub-18/ses-02/._.DS_Store	120	53	False	38c0880b
sub-18/ses-02/meg/	0	0	False	00000000
sub-18/ses-02/sub-18_ses-02_scans.tsv	1309	226	False	8e6d62d6
sub-18/ses-02/eeg/	0	0	False	00000000
sub-18/ses-04/.DS_Store	6148	284	False	1944ce55
__MACOSX/sub-18/ses-04/._.DS_Store	120	53	False	38c0880b
sub-18/ses-04/meg/	0	0	False	00000000
sub-18/ses-04/sub-18_ses-04_scans.tsv	1309	229	False	9bbfc3f6
sub-18/ses-04/eeg/	0	0	False	00000000
sub-18/ses-03/.DS_Store	6148	284	False	672c3f5d
__MACOSX/sub-18/ses-03/._.DS_Store	120	53	False	38c0880b
sub-18/ses-03/meg/	0	0	False	00000000
sub-18/ses-03/sub-18_ses-03_scans.tsv	1309	227	False	bc8b919e
sub-18/ses-03/eeg/	0	0	False	00000000
sub-18/ses-01/sub-18_ses-01_scans.tsv	1309	225	False	38ffb24d
sub-18/ses-01/.DS_Store	6148	283	False	66a46b4e
__MACOSX/sub-18/ses-01/._.DS_Store	120	53	False	38c0880b
sub-18/ses-01/meg/	0	0	False	00000000
sub-18/ses-01/eeg/	0	0	False	00000000
sub-18/ses-02/meg/sub-18_ses-02_task-MotorImageryRest_run-02_events.tsv	718	324	False	a69d2516
sub-18/ses-02/meg/sub-18_ses-02_task-MotorImageryRest_run-01_meg.fif	70617855	65931582	False	d3b63234
sub-18/ses-02/meg/sub-18_ses-02_task-MotorImageryRest_run-06_events.json	767	336	False	95434a42
sub-18/ses-02/meg/sub-18_ses-02_task-rest_run-01_meg.fif	57624656	53809267	False	eaef968a
sub-18/ses-02/meg/sub-18_ses-02_task-rest_run-01_meg.json	701	320	False	06dc3422
sub-18/ses-02/meg/sub-18_ses-02_task-MotorImageryRest_run-03_events.json	767	336	False	95434a42
sub-18/ses-02/meg/sub-18_ses-02_task-rest_run-02_channels.tsv	27945	1088	False	48ee8ca0
sub-18/ses-02/meg/sub-18_ses-02_task-MotorImageryRest_run-03_meg.json	688	306	False	435b6cc4
sub-18/ses-02/meg/sub-18_ses-02_task-MotorImageryRest_run-02_meg.json	689	305	False	e063de83
sub-18/ses-02/meg/sub-18_ses-02_task-MotorImageryRest_run-04_meg.json	689	306	False	02325f5d
sub-18/ses-02/meg/sub-18_ses-02_task-MotorImageryRest_run-05_meg.json	689	305	False	2035188c
sub-18/ses-02/meg/sub-18_ses-02_task-MotorImageryRest_run-02_meg.fif	69135591	64495562	False	ba933892
sub-18/ses-02/meg/sub-18_ses-02_task-MotorImageryRest_run-05_events.json	767	336	False	95434a42
sub-18/ses-02/meg/sub-18_ses-02_coordsystem.json	2180	462	False	51bfd8dd
sub-18/ses-02/meg/sub-18_ses-02_task-MotorImageryRest_run-03_meg.fif	76058535	70990897	False	069e52c4
sub-18/ses-02/meg/sub-18_ses-02_task-MotorImageryRest_run-01_channels.tsv	19989	1020	False	03360556
sub-18/ses-02/meg/sub-18_ses-02_task-MotorImageryRest_run-06_channels.tsv	19989	1020	False	03360556
sub-18/ses-02/meg/sub-18_ses-02_task-rest_run-02_meg.fif	61346840	57271033	False	8c121050
sub-18/ses-02/meg/sub-18_ses-02_task-MotorImageryRest_run-05_events.tsv	720	320	False	2eb8a56b
sub-18/ses-02/meg/sub-18_ses-02_task-MotorImageryRest_run-01_meg.json	688	305	False	f2f1fa4b
sub-18/ses-02/meg/sub-18_ses-02_task-MotorImageryRest_run-02_events.json	767	336	False	95434a42
sub-18/ses-02/meg/sub-18_ses-02_task-rest_run-02_meg.json	701	320	False	33712b31
sub-18/ses-02/meg/sub-18_ses-02_task-MotorImageryRest_run-06_meg.fif	69778191	65107628	False	72bafa28
sub-18/ses-02/meg/sub-18_ses-02_task-MotorImageryRest_run-06_events.tsv	719	313	False	304262f3
sub-18/ses-02/meg/sub-18_ses-02_task-MotorImageryRest_run-04_channels.tsv	19989	1020	False	03360556
sub-18/ses-02/meg/sub-18_ses-02_task-MotorImageryRest_run-03_channels.tsv	19989	1020	False	03360556
sub-18/ses-02/meg/sub-18_ses-02_task-MotorImageryRest_run-03_events.tsv	730	324	False	769d94e7
sub-18/ses-02/meg/sub-18_ses-02_task-MotorImageryRest_run-02_channels.tsv	19989	1020	False	03360556
sub-18/ses-02/meg/sub-18_ses-02_task-MotorImageryRest_run-05_channels.tsv	19989	1020	False	03360556
sub-18/ses-02/meg/sub-18_ses-02_task-MotorImageryRest_run-05_meg.fif	70643559	65911609	False	058b780d
sub-18/ses-02/meg/sub-18_ses-02_task-MotorImageryRest_run-04_events.json	767	336	False	95434a42
sub-18/ses-02/meg/sub-18_ses-02_task-MotorImageryRest_run-04_events.tsv	719	318	False	2d6cf39a
sub-18/ses-02/meg/sub-18_ses-02_task-rest_run-01_channels.tsv	27945	1088	False	48ee8ca0
sub-18/ses-02/meg/sub-18_ses-02_task-MotorImageryRest_run-01_events.tsv	722	324	False	191b754d
sub-18/ses-02/meg/sub-18_ses-02_task-MotorImageryRest_run-06_meg.json	689	306	False	ebc18bfe
sub-18/ses-02/meg/sub-18_ses-02_task-MotorImageryRest_run-01_events.json	767	336	False	95434a42
sub-18/ses-02/meg/sub-18_ses-02_task-MotorImageryRest_run-04_meg.fif	71406111	66617304	False	00941200
sub-18/ses-02/eeg/sub-18_ses-02_task-MotorImageryRest_run-02_events.tsv	718	324	False	a69d2516
sub-18/ses-02/eeg/sub-18_ses-02_task-MotorImageryRest_run-01_eeg.eeg	17048416	15139977	False	44d24298
sub-18/ses-02/eeg/sub-18_ses-02_task-MotorImageryRest_run-06_eeg.vmrk	1447	594	False	5cdf716b
sub-18/ses-02/eeg/sub-18_ses-02_task-MotorImageryRest_run-06_eeg.vhdr	2012	798	False	a9a37f64
sub-18/ses-02/eeg/sub-18_ses-02_task-MotorImageryRest_run-06_events.json	767	336	False	95434a42
sub-18/ses-02/eeg/sub-18_ses-02_task-rest_run-01_eeg.eeg	13906376	12260401	False	bbf96586
sub-18/ses-02/eeg/sub-18_ses-02_task-MotorImageryRest_run-03_events.json	767	336	False	95434a42
sub-18/ses-02/eeg/sub-18_ses-02_task-rest_run-02_channels.tsv	6285	368	False	c63f781e
sub-18/ses-02/eeg/sub-18_ses-02_task-MotorImageryRest_run-05_eeg.json	486	232	False	1bc0d7fe
sub-18/ses-02/eeg/sub-18_ses-02_task-MotorImageryRest_run-04_eeg.json	486	232	False	9f8d3122
sub-18/ses-02/eeg/sub-18_ses-02_task-rest_run-01_eeg.json	498	244	False	18422b46
sub-18/ses-02/eeg/sub-18_ses-02_task-MotorImageryRest_run-02_eeg.json	486	231	False	c9061863
sub-18/ses-02/eeg/sub-18_ses-02_task-MotorImageryRest_run-03_eeg.json	485	231	False	50c6378b
sub-18/ses-02/eeg/sub-18_ses-02_task-MotorImageryRest_run-02_eeg.eeg	16689960	14812430	False	cdbf772b
sub-18/ses-02/eeg/sub-18_ses-02_task-MotorImageryRest_run-05_events.json	767	336	False	95434a42
sub-18/ses-02/eeg/sub-18_ses-02_task-MotorImageryRest_run-01_eeg.vhdr	2012	798	False	ee0fcb4b
sub-18/ses-02/eeg/sub-18_ses-02_task-MotorImageryRest_run-01_eeg.vmrk	1447	595	False	edc2219c
sub-18/ses-02/eeg/sub-18_ses-02_task-MotorImageryRest_run-03_eeg.eeg	18364136	16293223	False	03a06cdb
sub-18/ses-02/eeg/sub-18_ses-02_task-MotorImageryRest_run-01_channels.tsv	4361	330	False	f53f1e18
sub-18/ses-02/eeg/sub-18_ses-02_task-rest_run-02_eeg.eeg	14806512	13070160	False	0d65619d
sub-18/ses-02/eeg/sub-18_ses-02_task-rest_run-02_eeg.vhdr	1999	793	False	c2e4446d
sub-18/ses-02/eeg/sub-18_ses-02_task-MotorImageryRest_run-06_channels.tsv	4361	330	False	f53f1e18
sub-18/ses-02/eeg/sub-18_ses-02_task-rest_run-02_eeg.vmrk	521	335	False	85a2a2f2
sub-18/ses-02/eeg/sub-18_ses-02_task-MotorImageryRest_run-05_events.tsv	720	320	False	2eb8a56b
sub-18/ses-02/eeg/sub-18_ses-02_space-CapTrak_coordsystem.json	942	377	False	c9e69ca4
sub-18/ses-02/eeg/sub-18_ses-02_task-MotorImageryRest_run-06_eeg.json	486	232	False	320d7efc
sub-18/ses-02/eeg/sub-18_ses-02_space-CapTrak_electrodes.tsv	5151	2438	False	9690c136
sub-18/ses-02/eeg/sub-18_ses-02_task-MotorImageryRest_run-02_events.json	767	336	False	95434a42
sub-18/ses-02/eeg/sub-18_ses-02_task-MotorImageryRest_run-06_events.tsv	719	313	False	304262f3
sub-18/ses-02/eeg/sub-18_ses-02_task-MotorImageryRest_run-04_channels.tsv	4361	330	False	f53f1e18
sub-18/ses-02/eeg/sub-18_ses-02_task-MotorImageryRest_run-06_eeg.eeg	16845360	14995864	False	eab472e5
sub-18/ses-02/eeg/sub-18_ses-02_task-MotorImageryRest_run-03_channels.tsv	4361	330	False	f53f1e18
sub-18/ses-02/eeg/sub-18_ses-02_task-MotorImageryRest_run-03_events.tsv	730	324	False	769d94e7
sub-18/ses-02/eeg/sub-18_ses-02_task-MotorImageryRest_run-02_channels.tsv	4361	330	False	f53f1e18
sub-18/ses-02/eeg/sub-18_ses-02_task-MotorImageryRest_run-04_eeg.vmrk	1447	598	False	8a37eb5c
sub-18/ses-02/eeg/sub-18_ses-02_task-MotorImageryRest_run-05_eeg.vmrk	1447	598	False	3a4ff223
sub-18/ses-02/eeg/sub-18_ses-02_task-MotorImageryRest_run-05_channels.tsv	4361	330	False	f53f1e18
sub-18/ses-02/eeg/sub-18_ses-02_task-MotorImageryRest_run-04_eeg.vhdr	2012	798	False	523bb23b
sub-18/ses-02/eeg/sub-18_ses-02_task-MotorImageryRest_run-05_eeg.vhdr	2012	798	False	c24f57b4
sub-18/ses-02/eeg/sub-18_ses-02_task-rest_run-01_eeg.vhdr	1999	795	False	1b016e01
sub-18/ses-02/eeg/sub-18_ses-02_task-MotorImageryRest_run-05_eeg.eeg	17054632	15189339	False	7210df5e
sub-18/ses-02/eeg/sub-18_ses-02_task-rest_run-01_eeg.vmrk	521	336	False	8678bcc0
sub-18/ses-02/eeg/sub-18_ses-02_task-MotorImageryRest_run-04_events.json	767	336	False	95434a42
sub-18/ses-02/eeg/sub-18_ses-02_task-MotorImageryRest_run-03_eeg.vhdr	2012	798	False	15970614
sub-18/ses-02/eeg/sub-18_ses-02_task-MotorImageryRest_run-04_events.tsv	719	318	False	2d6cf39a
sub-18/ses-02/eeg/sub-18_ses-02_task-MotorImageryRest_run-02_eeg.vhdr	2012	797	False	85e3e39b
sub-18/ses-02/eeg/sub-18_ses-02_task-MotorImageryRest_run-03_eeg.vmrk	1449	597	False	4e43f14e
sub-18/ses-02/eeg/sub-18_ses-02_task-MotorImageryRest_run-02_eeg.vmrk	1446	597	False	50667e77
sub-18/ses-02/eeg/sub-18_ses-02_task-MotorImageryRest_run-01_eeg.json	485	230	False	d42c0146
sub-18/ses-02/eeg/sub-18_ses-02_task-rest_run-01_channels.tsv	6285	368	False	c63f781e
sub-18/ses-02/eeg/sub-18_ses-02_task-MotorImageryRest_run-01_events.tsv	722	324	False	191b754d
sub-18/ses-02/eeg/sub-18_ses-02_task-MotorImageryRest_run-01_events.json	767	336	False	95434a42
sub-18/ses-02/eeg/sub-18_ses-02_task-MotorImageryRest_run-04_eeg.eeg	17239040	15328129	False	eebc19cd
sub-18/ses-02/eeg/sub-18_ses-02_task-rest_run-02_eeg.json	498	245	False	4aacbe67
sub-18/ses-04/meg/sub-18_ses-04_task-MotorImageryRest_run-04_events.json	767	336	False	95434a42
sub-18/ses-04/meg/sub-18_ses-04_task-MotorImageryRest_run-02_meg.json	689	306	False	9daec1dc
sub-18/ses-04/meg/sub-18_ses-04_task-MotorImageryRest_run-03_meg.json	689	306	False	6f1fdf8b
sub-18/ses-04/meg/sub-18_ses-04_task-MotorImageryRest_run-01_events.json	767	336	False	95434a42
sub-18/ses-04/meg/sub-18_ses-04_task-MotorImageryRest_run-01_meg.fif	70164435	65459359	False	ce9fb7c6
sub-18/ses-04/meg/sub-18_ses-04_task-MotorImageryRest_run-05_events.tsv	719	314	False	b58d0405
sub-18/ses-04/meg/sub-18_ses-04_task-MotorImageryRest_run-06_channels.tsv	19989	1020	False	03360556
sub-18/ses-04/meg/sub-18_ses-04_task-MotorImageryRest_run-02_events.tsv	712	320	False	19ad638a
sub-18/ses-04/meg/sub-18_ses-04_task-MotorImageryRest_run-03_meg.fif	70395771	65723350	False	f03ce6c0
sub-18/ses-04/meg/sub-18_ses-04_task-MotorImageryRest_run-01_channels.tsv	19989	1020	False	03360556
sub-18/ses-04/meg/sub-18_ses-04_task-MotorImageryRest_run-05_meg.json	689	306	False	303261a6
sub-18/ses-04/meg/sub-18_ses-04_task-MotorImageryRest_run-04_meg.json	689	306	False	9215d23c
sub-18/ses-04/meg/sub-18_ses-04_task-rest_run-02_meg.json	677	295	False	25bddecc
sub-18/ses-04/meg/sub-18_ses-04_task-rest_run-02_channels.tsv	19989	1020	False	03360556
sub-18/ses-04/meg/sub-18_ses-04_task-MotorImageryRest_run-02_events.json	767	336	False	95434a42
sub-18/ses-04/meg/sub-18_ses-04_task-MotorImageryRest_run-02_meg.fif	69496131	64829094	False	080bc30f
sub-18/ses-04/meg/sub-18_ses-04_task-MotorImageryRest_run-05_channels.tsv	19989	1020	False	03360556
sub-18/ses-04/meg/sub-18_ses-04_task-MotorImageryRest_run-02_channels.tsv	19989	1020	False	03360556
sub-18/ses-04/meg/sub-18_ses-04_task-MotorImageryRest_run-01_meg.json	689	306	False	edc0da8c
sub-18/ses-04/meg/sub-18_ses-04_task-rest_run-01_channels.tsv	19989	1020	False	03360556
sub-18/ses-04/meg/sub-18_ses-04_task-MotorImageryRest_run-04_events.tsv	715	314	False	2cca2850
sub-18/ses-04/meg/sub-18_ses-04_task-MotorImageryRest_run-03_channels.tsv	19989	1020	False	03360556
sub-18/ses-04/meg/sub-18_ses-04_task-rest_run-02_meg.fif	66831044	62361032	False	5f0ae4a2
sub-18/ses-04/meg/sub-18_ses-04_task-MotorImageryRest_run-04_channels.tsv	19989	1020	False	03360556
sub-18/ses-04/meg/sub-18_ses-04_task-MotorImageryRest_run-05_events.json	767	336	False	95434a42
sub-18/ses-04/meg/sub-18_ses-04_task-MotorImageryRest_run-01_events.tsv	716	313	False	98203b29
sub-18/ses-04/meg/sub-18_ses-04_task-MotorImageryRest_run-06_meg.fif	71175459	66436863	False	1c6e1ab1
sub-18/ses-04/meg/sub-18_ses-04_coordsystem.json	2180	458	False	7f368f61
sub-18/ses-04/meg/sub-18_ses-04_task-MotorImageryRest_run-06_events.tsv	718	321	False	ec6744a0
sub-18/ses-04/meg/sub-18_ses-04_task-MotorImageryRest_run-06_events.json	767	336	False	95434a42
sub-18/ses-04/meg/sub-18_ses-04_task-MotorImageryRest_run-04_meg.fif	71912307	67065316	False	44326162
sub-18/ses-04/meg/sub-18_ses-04_task-MotorImageryRest_run-03_events.json	767	336	False	95434a42
sub-18/ses-04/meg/sub-18_ses-04_task-rest_run-01_meg.json	677	295	False	70cbc268
sub-18/ses-04/meg/sub-18_ses-04_task-MotorImageryRest_run-03_events.tsv	717	318	False	eb6fbe17
sub-18/ses-04/meg/sub-18_ses-04_task-MotorImageryRest_run-05_meg.fif	69341907	64731928	False	51e647a1
sub-18/ses-04/meg/sub-18_ses-04_task-rest_run-01_meg.fif	80865428	75501264	False	dcb10efd
sub-18/ses-04/meg/sub-18_ses-04_task-MotorImageryRest_run-06_meg.json	687	302	False	1ab7da43
sub-18/ses-04/eeg/sub-18_ses-04_task-rest_run-01_eeg.vmrk	521	336	False	bd3ec4e3
sub-18/ses-04/eeg/sub-18_ses-04_task-rest_run-01_eeg.vhdr	1988	789	False	b246e27d
sub-18/ses-04/eeg/sub-18_ses-04_task-MotorImageryRest_run-04_events.json	767	336	False	95434a42
sub-18/ses-04/eeg/sub-18_ses-04_task-MotorImageryRest_run-06_eeg.vmrk	1447	598	False	39432278
sub-18/ses-04/eeg/sub-18_ses-04_task-MotorImageryRest_run-06_eeg.vhdr	2012	798	False	a1597cd7
sub-18/ses-04/eeg/sub-18_ses-04_task-MotorImageryRest_run-01_eeg.eeg	16938600	15014709	False	52828f86
sub-18/ses-04/eeg/sub-18_ses-04_task-MotorImageryRest_run-01_events.json	767	336	False	95434a42
sub-18/ses-04/eeg/sub-18_ses-04_task-MotorImageryRest_run-04_eeg.json	486	232	False	dff8c226
sub-18/ses-04/eeg/sub-18_ses-04_task-MotorImageryRest_run-05_eeg.json	486	232	False	2e0532fd
sub-18/ses-04/eeg/sub-18_ses-04_task-rest_run-02_eeg.json	474	222	False	759b5b38
sub-18/ses-04/eeg/sub-18_ses-04_task-MotorImageryRest_run-05_events.tsv	719	314	False	b58d0405
sub-18/ses-04/eeg/sub-18_ses-04_task-MotorImageryRest_run-03_eeg.eeg	16994544	15076788	False	9ff72d06
sub-18/ses-04/eeg/sub-18_ses-04_task-MotorImageryRest_run-06_channels.tsv	4361	330	False	f53f1e18
sub-18/ses-04/eeg/sub-18_ses-04_task-MotorImageryRest_run-02_events.tsv	712	320	False	19ad638a
sub-18/ses-04/eeg/sub-18_ses-04_task-MotorImageryRest_run-01_channels.tsv	4361	330	False	f53f1e18
sub-18/ses-04/eeg/sub-18_ses-04_task-MotorImageryRest_run-03_eeg.json	486	231	False	437c314c
sub-18/ses-04/eeg/sub-18_ses-04_task-MotorImageryRest_run-02_eeg.json	486	231	False	35891f87
sub-18/ses-04/eeg/sub-18_ses-04_task-rest_run-02_channels.tsv	4361	330	False	f53f1e18
sub-18/ses-04/eeg/sub-18_ses-04_task-MotorImageryRest_run-02_events.json	767	336	False	95434a42
sub-18/ses-04/eeg/sub-18_ses-04_task-MotorImageryRest_run-01_eeg.vhdr	2012	798	False	e6f5c8f8
sub-18/ses-04/eeg/sub-18_ses-04_space-CapTrak_coordsystem.json	945	378	False	2ead454c
sub-18/ses-04/eeg/sub-18_ses-04_task-MotorImageryRest_run-02_eeg.eeg	16776984	14907900	False	e0f0807b
sub-18/ses-04/eeg/sub-18_ses-04_task-MotorImageryRest_run-01_eeg.vmrk	1447	596	False	4d53b659
sub-18/ses-04/eeg/sub-18_ses-04_task-rest_run-01_eeg.json	474	222	False	10efe807
sub-18/ses-04/eeg/sub-18_ses-04_task-MotorImageryRest_run-05_channels.tsv	4361	330	False	f53f1e18
sub-18/ses-04/eeg/sub-18_ses-04_task-MotorImageryRest_run-02_channels.tsv	4361	330	False	f53f1e18
sub-18/ses-04/eeg/sub-18_ses-04_task-rest_run-01_channels.tsv	4361	330	False	f53f1e18
sub-18/ses-04/eeg/sub-18_ses-04_task-MotorImageryRest_run-04_events.tsv	715	314	False	2cca2850
sub-18/ses-04/eeg/sub-18_ses-04_task-MotorImageryRest_run-06_eeg.json	484	229	False	da92d513
sub-18/ses-04/eeg/sub-18_ses-04_task-MotorImageryRest_run-05_eeg.vmrk	1447	595	False	f4ac7563
sub-18/ses-04/eeg/sub-18_ses-04_task-MotorImageryRest_run-04_eeg.vmrk	1446	600	False	e3f42ccb
sub-18/ses-04/eeg/sub-18_ses-04_task-MotorImageryRest_run-05_eeg.vhdr	2012	798	False	cab55407
sub-18/ses-04/eeg/sub-18_ses-04_task-MotorImageryRest_run-04_eeg.vhdr	2012	796	False	5ac1b188
sub-18/ses-04/eeg/sub-18_ses-04_task-MotorImageryRest_run-03_channels.tsv	4361	330	False	f53f1e18
sub-18/ses-04/eeg/sub-18_ses-04_task-rest_run-02_eeg.eeg	16132592	14257690	False	d709789c
sub-18/ses-04/eeg/sub-18_ses-04_task-MotorImageryRest_run-04_channels.tsv	4361	330	False	f53f1e18
sub-18/ses-04/eeg/sub-18_ses-04_task-MotorImageryRest_run-05_events.json	767	336	False	95434a42
sub-18/ses-04/eeg/sub-18_ses-04_task-MotorImageryRest_run-01_events.tsv	716	313	False	98203b29
sub-18/ses-04/eeg/sub-18_ses-04_task-rest_run-02_eeg.vmrk	521	336	False	bee4dad1
sub-18/ses-04/eeg/sub-18_ses-04_task-rest_run-02_eeg.vhdr	1988	789	False	075032f9
sub-18/ses-04/eeg/sub-18_ses-04_task-MotorImageryRest_run-06_eeg.eeg	17183096	15254396	False	3d5a69f7
sub-18/ses-04/eeg/sub-18_ses-04_task-MotorImageryRest_run-02_eeg.vhdr	2012	798	False	8d19e028
sub-18/ses-04/eeg/sub-18_ses-04_task-MotorImageryRest_run-03_eeg.vhdr	2012	798	False	1d6d05a7
sub-18/ses-04/eeg/sub-18_ses-04_task-MotorImageryRest_run-02_eeg.vmrk	1446	592	False	2709e9f3
sub-18/ses-04/eeg/sub-18_ses-04_task-MotorImageryRest_run-03_eeg.vmrk	1447	599	False	de2d9ba0
sub-18/ses-04/eeg/sub-18_ses-04_task-MotorImageryRest_run-06_events.tsv	718	321	False	ec6744a0
sub-18/ses-04/eeg/sub-18_ses-04_task-MotorImageryRest_run-06_events.json	767	336	False	95434a42
sub-18/ses-04/eeg/sub-18_ses-04_task-MotorImageryRest_run-04_eeg.eeg	17361288	15415260	False	c278880a
sub-18/ses-04/eeg/sub-18_ses-04_task-MotorImageryRest_run-03_events.json	767	336	False	95434a42
sub-18/ses-04/eeg/sub-18_ses-04_task-MotorImageryRest_run-03_events.tsv	717	318	False	eb6fbe17
sub-18/ses-04/eeg/sub-18_ses-04_space-CapTrak_electrodes.tsv	5151	2450	False	e6e748e7
sub-18/ses-04/eeg/sub-18_ses-04_task-MotorImageryRest_run-05_eeg.eeg	16739688	14863719	False	1068dfca
sub-18/ses-04/eeg/sub-18_ses-04_task-rest_run-01_eeg.eeg	19526528	17272839	False	8f563cc4
sub-18/ses-04/eeg/sub-18_ses-04_task-MotorImageryRest_run-01_eeg.json	486	232	False	46e0b7b8
sub-18/ses-03/meg/sub-18_ses-03_task-MotorImageryRest_run-02_events.tsv	715	314	False	d40e081f
sub-18/ses-03/meg/sub-18_ses-03_task-rest_run-02_meg.fif	84488324	78899531	False	8adde4f1
sub-18/ses-03/meg/sub-18_ses-03_task-MotorImageryRest_run-01_meg.fif	70899915	66185776	False	950ef652
sub-18/ses-03/meg/sub-18_ses-03_task-MotorImageryRest_run-02_events.json	767	336	False	95434a42
sub-18/ses-03/meg/sub-18_ses-03_coordsystem.json	2198	471	False	367ac5b9
sub-18/ses-03/meg/sub-18_ses-03_task-MotorImageryRest_run-03_meg.json	689	305	False	335b7052
sub-18/ses-03/meg/sub-18_ses-03_task-MotorImageryRest_run-02_meg.json	688	305	False	06a41350
sub-18/ses-03/meg/sub-18_ses-03_task-MotorImageryRest_run-03_meg.fif	75398115	70384705	False	cc017207
sub-18/ses-03/meg/sub-18_ses-03_task-rest_run-01_meg.fif	85790660	80128127	False	4f412e38
sub-18/ses-03/meg/sub-18_ses-03_task-MotorImageryRest_run-01_events.json	767	336	False	95434a42
sub-18/ses-03/meg/sub-18_ses-03_task-MotorImageryRest_run-04_meg.json	689	305	False	6d5e0401
sub-18/ses-03/meg/sub-18_ses-03_task-MotorImageryRest_run-05_meg.json	689	306	False	eeee6a07
sub-18/ses-03/meg/sub-18_ses-03_task-MotorImageryRest_run-05_events.tsv	716	320	False	894a73db
sub-18/ses-03/meg/sub-18_ses-03_task-MotorImageryRest_run-01_channels.tsv	19989	1020	False	03360556
sub-18/ses-03/meg/sub-18_ses-03_task-MotorImageryRest_run-04_events.json	767	336	False	95434a42
sub-18/ses-03/meg/sub-18_ses-03_task-MotorImageryRest_run-06_channels.tsv	19989	1020	False	03360556
sub-18/ses-03/meg/sub-18_ses-03_task-rest_run-02_meg.json	677	295	False	801e9de2
sub-18/ses-03/meg/sub-18_ses-03_task-rest_run-02_channels.tsv	19989	1020	False	03360556
sub-18/ses-03/meg/sub-18_ses-03_task-MotorImageryRest_run-02_meg.fif	69417651	64751110	False	73bdee63
sub-18/ses-03/meg/sub-18_ses-03_task-MotorImageryRest_run-06_events.tsv	713	313	False	69c5bf90
sub-18/ses-03/meg/sub-18_ses-03_task-MotorImageryRest_run-01_meg.json	689	306	False	9f259692
sub-18/ses-03/meg/sub-18_ses-03_task-MotorImageryRest_run-04_channels.tsv	19989	1020	False	03360556
sub-18/ses-03/meg/sub-18_ses-03_task-MotorImageryRest_run-03_channels.tsv	19989	1020	False	03360556
sub-18/ses-03/meg/sub-18_ses-03_task-MotorImageryRest_run-03_events.json	767	336	False	95434a42
sub-18/ses-03/meg/sub-18_ses-03_task-MotorImageryRest_run-02_channels.tsv	19989	1020	False	03360556
sub-18/ses-03/meg/sub-18_ses-03_task-MotorImageryRest_run-05_channels.tsv	19989	1020	False	03360556
sub-18/ses-03/meg/sub-18_ses-03_task-MotorImageryRest_run-06_events.json	767	336	False	95434a42
sub-18/ses-03/meg/sub-18_ses-03_task-MotorImageryRest_run-03_events.tsv	725	321	False	a552fa48
sub-18/ses-03/meg/sub-18_ses-03_task-MotorImageryRest_run-06_meg.fif	71259771	66504565	False	5c428477
sub-18/ses-03/meg/sub-18_ses-03_task-rest_run-01_channels.tsv	19989	1020	False	03360556
sub-18/ses-03/meg/sub-18_ses-03_task-MotorImageryRest_run-04_events.tsv	721	321	False	4b8ca5a2
sub-18/ses-03/meg/sub-18_ses-03_task-MotorImageryRest_run-05_events.json	767	336	False	95434a42
sub-18/ses-03/meg/sub-18_ses-03_task-MotorImageryRest_run-04_meg.fif	71114115	66371681	False	0e22f012
sub-18/ses-03/meg/sub-18_ses-03_task-rest_run-01_meg.json	677	295	False	144732a6
sub-18/ses-03/meg/sub-18_ses-03_task-MotorImageryRest_run-05_meg.fif	70865643	66159346	False	cfce42a2
sub-18/ses-03/meg/sub-18_ses-03_task-MotorImageryRest_run-06_meg.json	688	305	False	f2518a71
sub-18/ses-03/meg/sub-18_ses-03_task-MotorImageryRest_run-01_events.tsv	721	319	False	3da61f37
sub-18/ses-03/eeg/sub-18_ses-03_task-rest_run-02_eeg.json	474	222	False	887094b4
sub-18/ses-03/eeg/sub-18_ses-03_task-MotorImageryRest_run-06_eeg.vmrk	1447	599	False	be6e9f37
sub-18/ses-03/eeg/sub-18_ses-03_task-MotorImageryRest_run-06_eeg.vhdr	2012	798	False	47cf030c
sub-18/ses-03/eeg/sub-18_ses-03_task-MotorImageryRest_run-02_events.tsv	715	314	False	d40e081f
sub-18/ses-03/eeg/sub-18_ses-03_task-rest_run-02_eeg.eeg	20402984	17968215	False	4bf8c76e
sub-18/ses-03/eeg/sub-18_ses-03_task-MotorImageryRest_run-01_eeg.eeg	17116792	15149799	False	e54049c3
sub-18/ses-03/eeg/sub-18_ses-03_task-MotorImageryRest_run-02_events.json	767	336	False	95434a42
sub-18/ses-03/eeg/sub-18_ses-03_space-CapTrak_coordsystem.json	945	377	False	acf76b47
sub-18/ses-03/eeg/sub-18_ses-03_task-MotorImageryRest_run-05_eeg.json	486	232	False	aef3a3cc
sub-18/ses-03/eeg/sub-18_ses-03_task-MotorImageryRest_run-04_eeg.json	486	231	False	34084ac2
sub-18/ses-03/eeg/sub-18_ses-03_task-rest_run-01_eeg.vhdr	1988	789	False	34dea8b1
sub-18/ses-03/eeg/sub-18_ses-03_task-rest_run-01_eeg.vmrk	521	336	False	d671d62f
sub-18/ses-03/eeg/sub-18_ses-03_task-MotorImageryRest_run-03_eeg.eeg	18204592	16104577	False	2f2c2f2a
sub-18/ses-03/eeg/sub-18_ses-03_task-rest_run-01_eeg.eeg	20717928	18287379	False	0d388c78
sub-18/ses-03/eeg/sub-18_ses-03_task-MotorImageryRest_run-02_eeg.json	485	231	False	4aa0d7c7
sub-18/ses-03/eeg/sub-18_ses-03_task-MotorImageryRest_run-03_eeg.json	486	231	False	a440b54f
sub-18/ses-03/eeg/sub-18_ses-03_task-MotorImageryRest_run-01_events.json	767	336	False	95434a42
sub-18/ses-03/eeg/sub-18_ses-03_task-MotorImageryRest_run-05_events.tsv	716	320	False	894a73db
sub-18/ses-03/eeg/sub-18_ses-03_task-MotorImageryRest_run-01_channels.tsv	4361	330	False	f53f1e18
sub-18/ses-03/eeg/sub-18_ses-03_task-MotorImageryRest_run-01_eeg.vhdr	2012	798	False	0063b723
sub-18/ses-03/eeg/sub-18_ses-03_task-MotorImageryRest_run-04_events.json	767	336	False	95434a42
sub-18/ses-03/eeg/sub-18_ses-03_task-MotorImageryRest_run-06_channels.tsv	4361	330	False	f53f1e18
sub-18/ses-03/eeg/sub-18_ses-03_task-MotorImageryRest_run-01_eeg.vmrk	1447	592	False	a10eb487
sub-18/ses-03/eeg/sub-18_ses-03_space-CapTrak_electrodes.tsv	5149	2443	False	4344f7eb
sub-18/ses-03/eeg/sub-18_ses-03_task-rest_run-02_channels.tsv	4361	330	False	f53f1e18
sub-18/ses-03/eeg/sub-18_ses-03_task-MotorImageryRest_run-02_eeg.eeg	16758336	14889150	False	39a13528
sub-18/ses-03/eeg/sub-18_ses-03_task-MotorImageryRest_run-06_eeg.json	485	231	False	259ab534
sub-18/ses-03/eeg/sub-18_ses-03_task-rest_run-02_eeg.vhdr	1988	789	False	81c87835
sub-18/ses-03/eeg/sub-18_ses-03_task-rest_run-02_eeg.vmrk	521	336	False	d5abc81d
sub-18/ses-03/eeg/sub-18_ses-03_task-MotorImageryRest_run-06_events.tsv	713	313	False	69c5bf90
sub-18/ses-03/eeg/sub-18_ses-03_task-MotorImageryRest_run-04_channels.tsv	4361	330	False	f53f1e18
sub-18/ses-03/eeg/sub-18_ses-03_task-MotorImageryRest_run-03_channels.tsv	4361	330	False	f53f1e18
sub-18/ses-03/eeg/sub-18_ses-03_task-MotorImageryRest_run-03_events.json	767	336	False	95434a42
sub-18/ses-03/eeg/sub-18_ses-03_task-MotorImageryRest_run-02_channels.tsv	4361	330	False	f53f1e18
sub-18/ses-03/eeg/sub-18_ses-03_task-MotorImageryRest_run-05_channels.tsv	4361	330	False	f53f1e18
sub-18/ses-03/eeg/sub-18_ses-03_task-MotorImageryRest_run-06_events.json	767	336	False	95434a42
sub-18/ses-03/eeg/sub-18_ses-03_task-rest_run-01_eeg.json	474	222	False	ba26bcea
sub-18/ses-03/eeg/sub-18_ses-03_task-MotorImageryRest_run-04_eeg.vmrk	1447	598	False	7585268e
sub-18/ses-03/eeg/sub-18_ses-03_task-MotorImageryRest_run-05_eeg.vmrk	1447	595	False	b4b8885f
sub-18/ses-03/eeg/sub-18_ses-03_task-MotorImageryRest_run-04_eeg.vhdr	2012	798	False	bc57ce53
sub-18/ses-03/eeg/sub-18_ses-03_task-MotorImageryRest_run-05_eeg.vhdr	2012	798	False	2c232bdc
sub-18/ses-03/eeg/sub-18_ses-03_task-MotorImageryRest_run-06_eeg.eeg	17203816	15193036	False	9fd6a126
sub-18/ses-03/eeg/sub-18_ses-03_task-MotorImageryRest_run-03_events.tsv	725	321	False	a552fa48
sub-18/ses-03/eeg/sub-18_ses-03_task-rest_run-01_channels.tsv	4361	330	False	f53f1e18
sub-18/ses-03/eeg/sub-18_ses-03_task-MotorImageryRest_run-04_events.tsv	721	321	False	4b8ca5a2
sub-18/ses-03/eeg/sub-18_ses-03_task-MotorImageryRest_run-05_events.json	767	336	False	95434a42
sub-18/ses-03/eeg/sub-18_ses-03_task-MotorImageryRest_run-03_eeg.vhdr	2012	796	False	fbfb7a7c
sub-18/ses-03/eeg/sub-18_ses-03_task-MotorImageryRest_run-02_eeg.vhdr	2012	798	False	6b8f9ff3
sub-18/ses-03/eeg/sub-18_ses-03_task-MotorImageryRest_run-04_eeg.eeg	17168592	15188687	False	6c526475
sub-18/ses-03/eeg/sub-18_ses-03_task-MotorImageryRest_run-03_eeg.vmrk	1447	598	False	c769f920
sub-18/ses-03/eeg/sub-18_ses-03_task-MotorImageryRest_run-02_eeg.vmrk	1446	599	False	ec4f055a
sub-18/ses-03/eeg/sub-18_ses-03_task-MotorImageryRest_run-01_eeg.json	486	232	False	902af7d3
sub-18/ses-03/eeg/sub-18_ses-03_task-MotorImageryRest_run-05_eeg.eeg	17108504	15122277	False	4237dee2
sub-18/ses-03/eeg/sub-18_ses-03_task-MotorImageryRest_run-01_events.tsv	721	319	False	3da61f37
sub-18/ses-01/meg/sub-18_ses-01_task-MotorImageryRest_run-05_events.json	767	336	False	95434a42
sub-18/ses-01/meg/sub-18_ses-01_task-rest_run-01_channels.tsv	27945	1088	False	48ee8ca0
sub-18/ses-01/meg/sub-18_ses-01_task-MotorImageryRest_run-04_channels.tsv	19989	1020	False	03360556
sub-18/ses-01/meg/sub-18_ses-01_task-MotorImageryRest_run-05_meg.fif	70154215	65501841	False	74026842
sub-18/ses-01/meg/sub-18_ses-01_task-MotorImageryRest_run-03_channels.tsv	19989	1020	False	03360556
sub-18/ses-01/meg/sub-18_ses-01_task-MotorImageryRest_run-02_channels.tsv	19989	1020	False	03360556
sub-18/ses-01/meg/sub-18_ses-01_task-MotorImageryRest_run-05_channels.tsv	19989	1020	False	03360556
sub-18/ses-01/meg/sub-18_ses-01_task-MotorImageryRest_run-02_events.tsv	721	317	False	4515594b
sub-18/ses-01/meg/sub-18_ses-01_task-rest_run-02_meg.json	677	295	False	4cd52b7b
sub-18/ses-01/meg/sub-18_ses-01_task-MotorImageryRest_run-02_meg.json	689	306	False	67fe0feb
sub-18/ses-01/meg/sub-18_ses-01_task-MotorImageryRest_run-03_meg.json	689	306	False	427094ea
sub-18/ses-01/meg/sub-18_ses-01_task-MotorImageryRest_run-04_meg.fif	73204419	68336671	False	e1b84f9c
sub-18/ses-01/meg/sub-18_ses-01_task-MotorImageryRest_run-03_events.json	767	336	False	95434a42
sub-18/ses-01/meg/sub-18_ses-01_task-MotorImageryRest_run-05_meg.json	689	306	False	893aae9a
sub-18/ses-01/meg/sub-18_ses-01_task-MotorImageryRest_run-04_meg.json	689	306	False	89f20084
sub-18/ses-01/meg/sub-18_ses-01_task-MotorImageryRest_run-05_events.tsv	720	316	False	03d55100
sub-18/ses-01/meg/sub-18_ses-01_task-MotorImageryRest_run-06_meg.fif	69991423	65342940	False	38347f51
sub-18/ses-01/meg/sub-18_ses-01_task-MotorImageryRest_run-06_events.json	767	336	False	95434a42
sub-18/ses-01/meg/sub-18_ses-01_task-MotorImageryRest_run-03_events.tsv	717	320	False	ddee0a81
sub-18/ses-01/meg/sub-18_ses-01_task-MotorImageryRest_run-01_meg.json	688	305	False	122ba0c6
sub-18/ses-01/meg/sub-18_ses-01_task-MotorImageryRest_run-01_events.json	767	336	False	95434a42
sub-18/ses-01/meg/sub-18_ses-01_task-MotorImageryRest_run-02_meg.fif	70342711	65674240	False	6a04f667
sub-18/ses-01/meg/sub-18_ses-01_task-rest_run-01_meg.fif	58235684	54375192	False	3eb9682d
sub-18/ses-01/meg/sub-18_ses-01_task-rest_run-01_meg.json	700	319	False	be2a186e
sub-18/ses-01/meg/sub-18_ses-01_task-MotorImageryRest_run-03_meg.fif	69982851	65318298	False	7663c8e7
sub-18/ses-01/meg/sub-18_ses-01_coordsystem.json	2150	464	False	3a547068
sub-18/ses-01/meg/sub-18_ses-01_task-MotorImageryRest_run-06_events.tsv	716	316	False	3b03f619
sub-18/ses-01/meg/sub-18_ses-01_task-MotorImageryRest_run-04_events.json	767	336	False	95434a42
sub-18/ses-01/meg/sub-18_ses-01_task-rest_run-02_meg.fif	59298116	55359651	False	9ac0e856
sub-18/ses-01/meg/sub-18_ses-01_task-MotorImageryRest_run-01_meg.fif	74001247	69074841	False	f485a6b3
sub-18/ses-01/meg/sub-18_ses-01_task-MotorImageryRest_run-01_events.tsv	721	315	False	a9f23cac
sub-18/ses-01/meg/sub-18_ses-01_task-rest_run-02_channels.tsv	19989	1020	False	03360556
sub-18/ses-01/meg/sub-18_ses-01_task-MotorImageryRest_run-06_meg.json	689	306	False	adf495e3
sub-18/ses-01/meg/sub-18_ses-01_task-MotorImageryRest_run-01_channels.tsv	19989	1020	False	03360556
sub-18/ses-01/meg/sub-18_ses-01_task-MotorImageryRest_run-06_channels.tsv	19989	1020	False	03360556
sub-18/ses-01/meg/sub-18_ses-01_task-MotorImageryRest_run-02_events.json	767	336	False	95434a42
sub-18/ses-01/meg/sub-18_ses-01_task-MotorImageryRest_run-04_events.tsv	720	318	False	2699e9a7
sub-18/ses-01/eeg/sub-18_ses-01_task-MotorImageryRest_run-06_eeg.vhdr	2012	798	False	4066fd9d
sub-18/ses-01/eeg/sub-18_ses-01_task-MotorImageryRest_run-06_eeg.vmrk	1447	600	False	c8ac2762
sub-18/ses-01/eeg/sub-18_ses-01_task-MotorImageryRest_run-05_events.json	767	336	False	95434a42
sub-18/ses-01/eeg/sub-18_ses-01_task-rest_run-01_channels.tsv	6285	368	False	c63f781e
sub-18/ses-01/eeg/sub-18_ses-01_task-MotorImageryRest_run-04_channels.tsv	4361	330	False	f53f1e18
sub-18/ses-01/eeg/sub-18_ses-01_task-MotorImageryRest_run-05_eeg.eeg	16936528	14993435	False	aca779ab
sub-18/ses-01/eeg/sub-18_ses-01_task-MotorImageryRest_run-03_channels.tsv	4361	330	False	f53f1e18
sub-18/ses-01/eeg/sub-18_ses-01_task-MotorImageryRest_run-02_channels.tsv	4361	330	False	f53f1e18
sub-18/ses-01/eeg/sub-18_ses-01_task-MotorImageryRest_run-05_channels.tsv	4361	330	False	f53f1e18
sub-18/ses-01/eeg/sub-18_ses-01_task-MotorImageryRest_run-02_events.tsv	721	317	False	4515594b
sub-18/ses-01/eeg/sub-18_ses-01_task-MotorImageryRest_run-04_eeg.eeg	17674160	15648450	False	e75fba95
sub-18/ses-01/eeg/sub-18_ses-01_task-MotorImageryRest_run-04_eeg.json	486	232	False	eb710828
sub-18/ses-01/eeg/sub-18_ses-01_task-MotorImageryRest_run-05_eeg.json	486	232	False	3394327b
sub-18/ses-01/eeg/sub-18_ses-01_task-rest_run-02_eeg.json	474	223	False	e1721cc9
sub-18/ses-01/eeg/sub-18_ses-01_task-MotorImageryRest_run-03_events.json	767	336	False	95434a42
sub-18/ses-01/eeg/sub-18_ses-01_task-MotorImageryRest_run-06_eeg.eeg	16897160	14934997	False	8e36ec44
sub-18/ses-01/eeg/sub-18_ses-01_task-MotorImageryRest_run-05_events.tsv	720	316	False	03d55100
sub-18/ses-01/eeg/sub-18_ses-01_task-MotorImageryRest_run-03_eeg.json	486	231	False	29458995
sub-18/ses-01/eeg/sub-18_ses-01_task-MotorImageryRest_run-02_eeg.json	486	232	False	53392b7e
sub-18/ses-01/eeg/sub-18_ses-01_task-MotorImageryRest_run-01_eeg.vmrk	1447	594	False	ae2c8b21
sub-18/ses-01/eeg/sub-18_ses-01_task-MotorImageryRest_run-01_eeg.vhdr	2012	796	False	07ca49b2
sub-18/ses-01/eeg/sub-18_ses-01_task-MotorImageryRest_run-06_events.json	767	336	False	95434a42
sub-18/ses-01/eeg/sub-18_ses-01_task-rest_run-01_eeg.vmrk	521	334	False	766303f1
sub-18/ses-01/eeg/sub-18_ses-01_task-rest_run-01_eeg.vhdr	1999	794	False	2b6040e3
sub-18/ses-01/eeg/sub-18_ses-01_task-MotorImageryRest_run-03_events.tsv	717	320	False	ddee0a81
sub-18/ses-01/eeg/sub-18_ses-01_task-MotorImageryRest_run-01_events.json	767	336	False	95434a42
sub-18/ses-01/eeg/sub-18_ses-01_task-MotorImageryRest_run-06_eeg.json	486	232	False	2f95de21
sub-18/ses-01/eeg/sub-18_ses-01_task-MotorImageryRest_run-02_eeg.eeg	16982112	15006696	False	d71122ca
sub-18/ses-01/eeg/sub-18_ses-01_task-rest_run-01_eeg.eeg	14054376	12460093	False	f57e816f
sub-18/ses-01/eeg/sub-18_ses-01_task-MotorImageryRest_run-03_eeg.eeg	16895088	14936307	False	7fc03442
sub-18/ses-01/eeg/sub-18_ses-01_space-CapTrak_coordsystem.json	945	378	False	75343a19
sub-18/ses-01/eeg/sub-18_ses-01_task-MotorImageryRest_run-05_eeg.vhdr	2012	798	False	2b8ad54d
sub-18/ses-01/eeg/sub-18_ses-01_task-MotorImageryRest_run-04_eeg.vhdr	2012	798	False	bbfe30c2
sub-18/ses-01/eeg/sub-18_ses-01_task-MotorImageryRest_run-05_eeg.vmrk	1447	597	False	54708c7e
sub-18/ses-01/eeg/sub-18_ses-01_task-MotorImageryRest_run-04_eeg.vmrk	1448	602	False	d172c484
sub-18/ses-01/eeg/sub-18_ses-01_task-MotorImageryRest_run-06_events.tsv	716	316	False	3b03f619
sub-18/ses-01/eeg/sub-18_ses-01_space-CapTrak_electrodes.tsv	5155	2436	False	70176894
sub-18/ses-01/eeg/sub-18_ses-01_task-MotorImageryRest_run-04_events.json	767	336	False	95434a42
sub-18/ses-01/eeg/sub-18_ses-01_task-rest_run-02_eeg.eeg	14311304	12620576	False	329cc2ae
sub-18/ses-01/eeg/sub-18_ses-01_task-MotorImageryRest_run-01_eeg.eeg	17866856	15772751	False	0484fa4f
sub-18/ses-01/eeg/sub-18_ses-01_task-rest_run-02_eeg.vmrk	521	336	False	75b91dc3
sub-18/ses-01/eeg/sub-18_ses-01_task-rest_run-02_eeg.vhdr	1988	789	False	64e3fdeb
sub-18/ses-01/eeg/sub-18_ses-01_task-MotorImageryRest_run-01_events.tsv	721	315	False	a9f23cac
sub-18/ses-01/eeg/sub-18_ses-01_task-rest_run-02_channels.tsv	4361	330	False	f53f1e18
sub-18/ses-01/eeg/sub-18_ses-01_task-MotorImageryRest_run-02_eeg.vmrk	1447	594	False	00adb766
sub-18/ses-01/eeg/sub-18_ses-01_task-MotorImageryRest_run-03_eeg.vmrk	1447	597	False	a4cc650d
sub-18/ses-01/eeg/sub-18_ses-01_task-MotorImageryRest_run-02_eeg.vhdr	2012	798	False	6c266162
sub-18/ses-01/eeg/sub-18_ses-01_task-MotorImageryRest_run-03_eeg.vhdr	2012	798	False	fc5284ed
sub-18/ses-01/eeg/sub-18_ses-01_task-MotorImageryRest_run-01_channels.tsv	4361	330	False	f53f1e18
sub-18/ses-01/eeg/sub-18_ses-01_task-MotorImageryRest_run-06_channels.tsv	4361	330	False	f53f1e18
sub-18/ses-01/eeg/sub-18_ses-01_task-MotorImageryRest_run-01_eeg.json	485	231	False	6f06cf13
sub-18/ses-01/eeg/sub-18_ses-01_task-rest_run-01_eeg.json	497	243	False	04a57657
sub-18/ses-01/eeg/sub-18_ses-01_task-MotorImageryRest_run-02_events.json	767	336	False	95434a42
sub-18/ses-01/eeg/sub-18_ses-01_task-MotorImageryRest_run-04_events.tsv	720	318	False	2699e9a7
sub-11/	0	0	False	00000000
__MACOSX/._sub-11	220	93	False	29d7e44a
sub-11/.DS_Store	6148	344	False	7c120128
__MACOSX/sub-11/._.DS_Store	120	53	False	38c0880b
sub-11/ses-02/	0	0	False	00000000
sub-11/ses-04/	0	0	False	00000000
sub-11/ses-03/	0	0	False	00000000
sub-11/ses-01/	0	0	False	00000000
sub-11/ses-02/.DS_Store	6148	281	False	40bff161
__MACOSX/sub-11/ses-02/._.DS_Store	120	53	False	38c0880b
sub-11/ses-02/sub-11_ses-02_scans.tsv	1309	223	False	4b28cb41
sub-11/ses-02/meg/	0	0	False	00000000
sub-11/ses-02/eeg/	0	0	False	00000000
sub-11/ses-04/.DS_Store	6148	281	False	4f1b83fc
__MACOSX/sub-11/ses-04/._.DS_Store	120	53	False	38c0880b
sub-11/ses-04/sub-11_ses-04_scans.tsv	1309	223	False	097141af
sub-11/ses-04/meg/	0	0	False	00000000
sub-11/ses-04/eeg/	0	0	False	00000000
sub-11/ses-03/sub-11_ses-03_scans.tsv	1309	223	False	0ff79fe0
sub-11/ses-03/.DS_Store	6148	282	False	0e49ad91
__MACOSX/sub-11/ses-03/._.DS_Store	120	53	False	38c0880b
sub-11/ses-03/meg/	0	0	False	00000000
sub-11/ses-03/eeg/	0	0	False	00000000
sub-11/ses-01/.DS_Store	6148	279	False	8b7cdb6b
__MACOSX/sub-11/ses-01/._.DS_Store	120	53	False	38c0880b
sub-11/ses-01/meg/	0	0	False	00000000
sub-11/ses-01/sub-11_ses-01_scans.tsv	1309	223	False	a68491f1
sub-11/ses-01/eeg/	0	0	False	00000000
sub-11/ses-02/meg/sub-11_ses-02_task-MotorImageryRest_run-02_meg.fif	69333987	64726605	False	e913d21b
sub-11/ses-02/meg/sub-11_ses-02_task-MotorImageryRest_run-01_channels.tsv	19989	1020	False	03360556
sub-11/ses-02/meg/sub-11_ses-02_task-MotorImageryRest_run-06_channels.tsv	19989	1020	False	03360556
sub-11/ses-02/meg/sub-11_ses-02_task-MotorImageryRest_run-04_events.tsv	712	313	False	fb831e6e
sub-11/ses-02/meg/sub-11_ses-02_task-MotorImageryRest_run-02_events.json	767	336	False	95434a42
sub-11/ses-02/meg/sub-11_ses-02_task-rest_run-02_meg.json	700	319	False	ed237ce3
sub-11/ses-02/meg/sub-11_ses-02_task-MotorImageryRest_run-01_events.tsv	717	318	False	afd4badf
sub-11/ses-02/meg/sub-11_ses-02_task-MotorImageryRest_run-06_meg.json	689	306	False	024e8aab
sub-11/ses-02/meg/sub-11_ses-02_task-MotorImageryRest_run-03_meg.fif	68759931	64158211	False	6d0070dc
sub-11/ses-02/meg/sub-11_ses-02_task-MotorImageryRest_run-01_meg.json	689	305	False	b608f615
sub-11/ses-02/meg/sub-11_ses-02_task-MotorImageryRest_run-04_events.json	767	336	False	95434a42
sub-11/ses-02/meg/sub-11_ses-02_task-MotorImageryRest_run-01_meg.fif	69102655	64435698	False	37fc80a7
sub-11/ses-02/meg/sub-11_ses-02_task-rest_run-01_channels.tsv	27945	1088	False	48ee8ca0
sub-11/ses-02/meg/sub-11_ses-02_task-MotorImageryRest_run-06_events.tsv	719	320	False	f0c0b863
sub-11/ses-02/meg/sub-11_ses-02_task-MotorImageryRest_run-01_events.json	767	336	False	95434a42
sub-11/ses-02/meg/sub-11_ses-02_task-MotorImageryRest_run-03_events.tsv	719	314	False	982a4c8e
sub-11/ses-02/meg/sub-11_ses-02_task-rest_run-02_meg.fif	56389748	52556479	False	48a6d021
sub-11/ses-02/meg/sub-11_ses-02_coordsystem.json	2146	462	False	2b69ee22
sub-11/ses-02/meg/sub-11_ses-02_task-rest_run-02_channels.tsv	27945	1088	False	48ee8ca0
sub-11/ses-02/meg/sub-11_ses-02_task-MotorImageryRest_run-06_events.json	767	336	False	95434a42
sub-11/ses-02/meg/sub-11_ses-02_task-MotorImageryRest_run-04_meg.json	689	306	False	358e433a
sub-11/ses-02/meg/sub-11_ses-02_task-MotorImageryRest_run-05_meg.json	687	303	False	7fb3f1a5
sub-11/ses-02/meg/sub-11_ses-02_task-MotorImageryRest_run-05_meg.fif	69248307	64581341	False	7395aefa
sub-11/ses-02/meg/sub-11_ses-02_task-MotorImageryRest_run-03_events.json	767	336	False	95434a42
sub-11/ses-02/meg/sub-11_ses-02_task-MotorImageryRest_run-04_meg.fif	69154059	64542617	False	23c0a150
sub-11/ses-02/meg/sub-11_ses-02_task-rest_run-01_meg.json	701	320	False	006ee43f
sub-11/ses-02/meg/sub-11_ses-02_task-MotorImageryRest_run-05_events.tsv	719	319	False	a054e470
sub-11/ses-02/meg/sub-11_ses-02_task-MotorImageryRest_run-06_meg.fif	70302171	65593083	False	1b18d808
sub-11/ses-02/meg/sub-11_ses-02_task-MotorImageryRest_run-02_events.tsv	714	316	False	87bd80db
sub-11/ses-02/meg/sub-11_ses-02_task-MotorImageryRest_run-02_channels.tsv	19989	1020	False	03360556
sub-11/ses-02/meg/sub-11_ses-02_task-MotorImageryRest_run-05_channels.tsv	19989	1020	False	03360556
sub-11/ses-02/meg/sub-11_ses-02_task-rest_run-01_meg.fif	57319988	53462434	False	37d3e07a
sub-11/ses-02/meg/sub-11_ses-02_task-MotorImageryRest_run-05_events.json	767	336	False	95434a42
sub-11/ses-02/meg/sub-11_ses-02_task-MotorImageryRest_run-04_channels.tsv	19989	1020	False	03360556
sub-11/ses-02/meg/sub-11_ses-02_task-MotorImageryRest_run-03_channels.tsv	19989	1020	False	03360556
sub-11/ses-02/meg/sub-11_ses-02_task-MotorImageryRest_run-03_meg.json	689	305	False	703254fe
sub-11/ses-02/meg/sub-11_ses-02_task-MotorImageryRest_run-02_meg.json	688	305	False	4127abf6
sub-11/ses-02/eeg/sub-11_ses-02_task-MotorImageryRest_run-02_eeg.eeg	16737616	14743561	False	8e907218
sub-11/ses-02/eeg/sub-11_ses-02_task-MotorImageryRest_run-01_channels.tsv	4361	330	False	f53f1e18
sub-11/ses-02/eeg/sub-11_ses-02_task-MotorImageryRest_run-06_channels.tsv	4361	330	False	f53f1e18
sub-11/ses-02/eeg/sub-11_ses-02_task-MotorImageryRest_run-04_events.tsv	712	313	False	fb831e6e
sub-11/ses-02/eeg/sub-11_ses-02_task-MotorImageryRest_run-02_events.json	767	336	False	95434a42
sub-11/ses-02/eeg/sub-11_ses-02_task-MotorImageryRest_run-03_eeg.vmrk	1446	596	False	a8ad6ca7
sub-11/ses-02/eeg/sub-11_ses-02_task-MotorImageryRest_run-02_eeg.vmrk	1447	593	False	e0aff29f
sub-11/ses-02/eeg/sub-11_ses-02_task-MotorImageryRest_run-03_eeg.vhdr	2012	798	False	cdc06d54
sub-11/ses-02/eeg/sub-11_ses-02_task-MotorImageryRest_run-02_eeg.vhdr	2012	796	False	5db488db
sub-11/ses-02/eeg/sub-11_ses-02_task-MotorImageryRest_run-01_eeg.json	486	231	False	c7fcadd8
sub-11/ses-02/eeg/sub-11_ses-02_task-MotorImageryRest_run-01_events.tsv	717	318	False	afd4badf
sub-11/ses-02/eeg/sub-11_ses-02_task-MotorImageryRest_run-03_eeg.eeg	16598792	14647237	False	33c853d2
sub-11/ses-02/eeg/sub-11_ses-02_task-MotorImageryRest_run-06_eeg.json	486	232	False	2034e8b1
sub-11/ses-02/eeg/sub-11_ses-02_task-rest_run-01_eeg.vhdr	1999	795	False	87332f3e
sub-11/ses-02/eeg/sub-11_ses-02_task-rest_run-01_eeg.vmrk	521	335	False	131086df
sub-11/ses-02/eeg/sub-11_ses-02_task-MotorImageryRest_run-01_eeg.eeg	16681672	14715026	False	ab669fc8
sub-11/ses-02/eeg/sub-11_ses-02_task-MotorImageryRest_run-04_events.json	767	336	False	95434a42
sub-11/ses-02/eeg/sub-11_ses-02_task-rest_run-01_channels.tsv	6285	368	False	c63f781e
sub-11/ses-02/eeg/sub-11_ses-02_task-MotorImageryRest_run-06_events.tsv	719	320	False	f0c0b863
sub-11/ses-02/eeg/sub-11_ses-02_task-MotorImageryRest_run-01_events.json	767	336	False	95434a42
sub-11/ses-02/eeg/sub-11_ses-02_task-MotorImageryRest_run-03_events.tsv	719	314	False	982a4c8e
sub-11/ses-02/eeg/sub-11_ses-02_task-rest_run-02_eeg.json	497	243	False	ceec393f
sub-11/ses-02/eeg/sub-11_ses-02_task-MotorImageryRest_run-04_eeg.vhdr	2012	798	False	8a6cd97b
sub-11/ses-02/eeg/sub-11_ses-02_task-MotorImageryRest_run-05_eeg.vhdr	2012	798	False	1a183cf4
sub-11/ses-02/eeg/sub-11_ses-02_task-MotorImageryRest_run-04_eeg.vmrk	1446	597	False	36cdf170
sub-11/ses-02/eeg/sub-11_ses-02_task-MotorImageryRest_run-05_eeg.vmrk	1446	594	False	29ae4c54
sub-11/ses-02/eeg/sub-11_ses-02_task-rest_run-02_eeg.eeg	13607416	12032999	False	f6cb35e1
sub-11/ses-02/eeg/sub-11_ses-02_task-rest_run-02_channels.tsv	6285	368	False	c63f781e
sub-11/ses-02/eeg/sub-11_ses-02_task-MotorImageryRest_run-02_eeg.json	485	231	False	981a6a68
sub-11/ses-02/eeg/sub-11_ses-02_task-MotorImageryRest_run-03_eeg.json	486	232	False	628ac3d8
sub-11/ses-02/eeg/sub-11_ses-02_task-MotorImageryRest_run-06_events.json	767	336	False	95434a42
sub-11/ses-02/eeg/sub-11_ses-02_task-MotorImageryRest_run-05_eeg.eeg	16716896	14765395	False	d2ed21f5
sub-11/ses-02/eeg/sub-11_ses-02_task-MotorImageryRest_run-03_events.json	767	336	False	95434a42
sub-11/ses-02/eeg/sub-11_ses-02_task-MotorImageryRest_run-04_eeg.eeg	16694104	14720702	False	e953e3b9
sub-11/ses-02/eeg/sub-11_ses-02_task-MotorImageryRest_run-01_eeg.vmrk	1446	596	False	ee22ad9f
sub-11/ses-02/eeg/sub-11_ses-02_task-MotorImageryRest_run-01_eeg.vhdr	2012	798	False	3658a00b
sub-11/ses-02/eeg/sub-11_ses-02_task-MotorImageryRest_run-05_events.tsv	719	319	False	a054e470
sub-11/ses-02/eeg/sub-11_ses-02_task-rest_run-01_eeg.json	498	244	False	6f80897b
sub-11/ses-02/eeg/sub-11_ses-02_task-MotorImageryRest_run-06_eeg.eeg	16971752	14993145	False	9fcd6781
sub-11/ses-02/eeg/sub-11_ses-02_task-MotorImageryRest_run-06_eeg.vhdr	2012	798	False	71f41424
sub-11/ses-02/eeg/sub-11_ses-02_task-MotorImageryRest_run-06_eeg.vmrk	1446	598	False	c0a8b46c
sub-11/ses-02/eeg/sub-11_ses-02_task-MotorImageryRest_run-02_events.tsv	714	316	False	87bd80db
sub-11/ses-02/eeg/sub-11_ses-02_task-MotorImageryRest_run-02_channels.tsv	4361	330	False	f53f1e18
sub-11/ses-02/eeg/sub-11_ses-02_task-rest_run-01_eeg.eeg	13832376	12283968	False	80d4586d
sub-11/ses-02/eeg/sub-11_ses-02_task-MotorImageryRest_run-05_channels.tsv	4361	330	False	f53f1e18
sub-11/ses-02/eeg/sub-11_ses-02_space-CapTrak_electrodes.tsv	5150	2437	False	b702e2e9
sub-11/ses-02/eeg/sub-11_ses-02_space-CapTrak_coordsystem.json	945	378	False	4be93017
sub-11/ses-02/eeg/sub-11_ses-02_task-MotorImageryRest_run-05_events.json	767	336	False	95434a42
sub-11/ses-02/eeg/sub-11_ses-02_task-MotorImageryRest_run-05_eeg.json	484	230	False	23bae5f9
sub-11/ses-02/eeg/sub-11_ses-02_task-MotorImageryRest_run-04_eeg.json	486	231	False	468b8c72
sub-11/ses-02/eeg/sub-11_ses-02_task-MotorImageryRest_run-04_channels.tsv	4361	330	False	f53f1e18
sub-11/ses-02/eeg/sub-11_ses-02_task-MotorImageryRest_run-03_channels.tsv	4361	330	False	f53f1e18
sub-11/ses-02/eeg/sub-11_ses-02_task-rest_run-02_eeg.vhdr	1999	793	False	5ed60552
sub-11/ses-02/eeg/sub-11_ses-02_task-rest_run-02_eeg.vmrk	521	335	False	10ca98ed
sub-11/ses-04/meg/sub-11_ses-04_task-rest_run-01_meg.fif	55420808	51732192	False	0169250a
sub-11/ses-04/meg/sub-11_ses-04_task-MotorImageryRest_run-03_meg.fif	69215727	64607250	False	1e51fb9c
sub-11/ses-04/meg/sub-11_ses-04_task-MotorImageryRest_run-06_events.tsv	717	318	False	75463f73
sub-11/ses-04/meg/sub-11_ses-04_task-MotorImageryRest_run-05_events.json	767	336	False	95434a42
sub-11/ses-04/meg/sub-11_ses-04_task-MotorImageryRest_run-06_channels.tsv	19989	1020	False	03360556
sub-11/ses-04/meg/sub-11_ses-04_task-MotorImageryRest_run-01_channels.tsv	19989	1020	False	03360556
sub-11/ses-04/meg/sub-11_ses-04_task-rest_run-01_channels.tsv	19989	1020	False	03360556
sub-11/ses-04/meg/sub-11_ses-04_task-MotorImageryRest_run-02_meg.fif	70021119	65337954	False	dd8a08cc
sub-11/ses-04/meg/sub-11_ses-04_coordsystem.json	2270	478	False	92b90ea5
sub-11/ses-04/meg/sub-11_ses-04_task-MotorImageryRest_run-03_events.tsv	713	315	False	b0130c23
sub-11/ses-04/meg/sub-11_ses-04_task-MotorImageryRest_run-06_meg.json	689	306	False	3c362372
sub-11/ses-04/meg/sub-11_ses-04_task-MotorImageryRest_run-04_events.tsv	718	314	False	e25620bd
sub-11/ses-04/meg/sub-11_ses-04_task-MotorImageryRest_run-01_meg.json	689	306	False	135a4d76
sub-11/ses-04/meg/sub-11_ses-04_task-rest_run-02_meg.fif	65728112	61373447	False	266a7770
sub-11/ses-04/meg/sub-11_ses-04_task-MotorImageryRest_run-06_events.json	767	336	False	95434a42
sub-11/ses-04/meg/sub-11_ses-04_task-MotorImageryRest_run-01_events.tsv	712	319	False	0072ec20
sub-11/ses-04/meg/sub-11_ses-04_task-MotorImageryRest_run-03_events.json	767	336	False	95434a42
sub-11/ses-04/meg/sub-11_ses-04_task-rest_run-01_meg.json	677	295	False	2d42c3bf
sub-11/ses-04/meg/sub-11_ses-04_task-MotorImageryRest_run-01_meg.fif	69301407	64680266	False	4b430039
sub-11/ses-04/meg/sub-11_ses-04_task-MotorImageryRest_run-04_meg.fif	69935439	65226355	False	3ef1f526
sub-11/ses-04/meg/sub-11_ses-04_task-MotorImageryRest_run-05_meg.json	689	306	False	9daec1dc
sub-11/ses-04/meg/sub-11_ses-04_task-MotorImageryRest_run-04_meg.json	688	306	False	acee5dc7
sub-11/ses-04/meg/sub-11_ses-04_task-MotorImageryRest_run-02_events.tsv	716	315	False	5e3aa666
sub-11/ses-04/meg/sub-11_ses-04_task-MotorImageryRest_run-04_events.json	767	336	False	95434a42
sub-11/ses-04/meg/sub-11_ses-04_task-MotorImageryRest_run-01_events.json	767	336	False	95434a42
sub-11/ses-04/meg/sub-11_ses-04_task-MotorImageryRest_run-05_meg.fif	69498471	64845299	False	1a046035
sub-11/ses-04/meg/sub-11_ses-04_task-MotorImageryRest_run-03_channels.tsv	19989	1020	False	03360556
sub-11/ses-04/meg/sub-11_ses-04_task-MotorImageryRest_run-04_channels.tsv	19989	1020	False	03360556
sub-11/ses-04/meg/sub-11_ses-04_task-MotorImageryRest_run-02_events.json	767	336	False	95434a42
sub-11/ses-04/meg/sub-11_ses-04_task-rest_run-02_meg.json	677	295	False	0ef65e88
sub-11/ses-04/meg/sub-11_ses-04_task-MotorImageryRest_run-06_meg.fif	68924415	64292284	False	e6b8a9d7
sub-11/ses-04/meg/sub-11_ses-04_task-MotorImageryRest_run-02_meg.json	688	306	False	dd344132
sub-11/ses-04/meg/sub-11_ses-04_task-MotorImageryRest_run-03_meg.json	689	306	False	76dc131f
sub-11/ses-04/meg/sub-11_ses-04_task-rest_run-02_channels.tsv	19989	1020	False	03360556
sub-11/ses-04/meg/sub-11_ses-04_task-MotorImageryRest_run-05_channels.tsv	19989	1020	False	03360556
sub-11/ses-04/meg/sub-11_ses-04_task-MotorImageryRest_run-02_channels.tsv	19989	1020	False	03360556
sub-11/ses-04/meg/sub-11_ses-04_task-MotorImageryRest_run-05_events.tsv	712	317	False	b870290e
sub-11/ses-04/eeg/sub-11_ses-04_task-MotorImageryRest_run-02_eeg.vmrk	1446	595	False	e33cebae
sub-11/ses-04/eeg/sub-11_ses-04_task-MotorImageryRest_run-03_eeg.vmrk	1446	596	False	648f1ffc
sub-11/ses-04/eeg/sub-11_ses-04_task-rest_run-01_eeg.json	474	222	False	c6fbf439
sub-11/ses-04/eeg/sub-11_ses-04_task-MotorImageryRest_run-02_eeg.vhdr	2012	798	False	554e8b68
sub-11/ses-04/eeg/sub-11_ses-04_task-MotorImageryRest_run-03_eeg.vhdr	2012	798	False	c53a6ee7
sub-11/ses-04/eeg/sub-11_ses-04_task-rest_run-01_eeg.eeg	13372688	11799001	False	fb7aedd7
sub-11/ses-04/eeg/sub-11_ses-04_task-MotorImageryRest_run-06_events.tsv	717	318	False	75463f73
sub-11/ses-04/eeg/sub-11_ses-04_task-MotorImageryRest_run-03_eeg.eeg	16708608	14672642	False	35cfc025
sub-11/ses-04/eeg/sub-11_ses-04_task-MotorImageryRest_run-05_events.json	767	336	False	95434a42
sub-11/ses-04/eeg/sub-11_ses-04_task-MotorImageryRest_run-06_channels.tsv	4361	330	False	f53f1e18
sub-11/ses-04/eeg/sub-11_ses-04_task-MotorImageryRest_run-01_channels.tsv	4361	330	False	f53f1e18
sub-11/ses-04/eeg/sub-11_ses-04_task-rest_run-01_channels.tsv	4361	330	False	f53f1e18
sub-11/ses-04/eeg/sub-11_ses-04_task-MotorImageryRest_run-02_eeg.eeg	16903376	14857848	False	782cc9a0
sub-11/ses-04/eeg/sub-11_ses-04_task-MotorImageryRest_run-03_events.tsv	713	315	False	b0130c23
sub-11/ses-04/eeg/sub-11_ses-04_task-rest_run-02_eeg.vmrk	521	336	False	2b8ce0ce
sub-11/ses-04/eeg/sub-11_ses-04_task-MotorImageryRest_run-01_eeg.json	486	231	False	352fbbdb
sub-11/ses-04/eeg/sub-11_ses-04_task-rest_run-02_eeg.vhdr	1988	789	False	486fdefd
sub-11/ses-04/eeg/sub-11_ses-04_task-MotorImageryRest_run-04_events.tsv	718	314	False	e25620bd
sub-11/ses-04/eeg/sub-11_ses-04_task-MotorImageryRest_run-06_events.json	767	336	False	95434a42
sub-11/ses-04/eeg/sub-11_ses-04_task-rest_run-02_eeg.eeg	15865304	14080875	False	4b421e96
sub-11/ses-04/eeg/sub-11_ses-04_task-MotorImageryRest_run-06_eeg.json	486	232	False	d225311e
sub-11/ses-04/eeg/sub-11_ses-04_task-MotorImageryRest_run-05_eeg.vhdr	2012	798	False	12e23f47
sub-11/ses-04/eeg/sub-11_ses-04_task-MotorImageryRest_run-04_eeg.vhdr	2012	796	False	8296dac8
sub-11/ses-04/eeg/sub-11_ses-04_task-MotorImageryRest_run-05_eeg.vmrk	1447	594	False	62916a11
sub-11/ses-04/eeg/sub-11_ses-04_task-MotorImageryRest_run-04_eeg.vmrk	1446	593	False	19571ba9
sub-11/ses-04/eeg/sub-11_ses-04_task-MotorImageryRest_run-01_events.tsv	712	319	False	0072ec20
sub-11/ses-04/eeg/sub-11_ses-04_task-MotorImageryRest_run-03_events.json	767	336	False	95434a42
sub-11/ses-04/eeg/sub-11_ses-04_task-MotorImageryRest_run-01_eeg.eeg	16729328	14710246	False	b2f81994
sub-11/ses-04/eeg/sub-11_ses-04_task-MotorImageryRest_run-04_eeg.eeg	16882656	14877946	False	34fcfb8b
sub-11/ses-04/eeg/sub-11_ses-04_task-MotorImageryRest_run-02_events.tsv	716	315	False	5e3aa666
sub-11/ses-04/eeg/sub-11_ses-04_task-MotorImageryRest_run-03_eeg.json	486	232	False	5daeb0b0
sub-11/ses-04/eeg/sub-11_ses-04_task-MotorImageryRest_run-02_eeg.json	485	230	False	32e758a5
sub-11/ses-04/eeg/sub-11_ses-04_task-rest_run-01_eeg.vmrk	521	335	False	2856fefc
sub-11/ses-04/eeg/sub-11_ses-04_task-rest_run-01_eeg.vhdr	1988	788	False	fd790e79
sub-11/ses-04/eeg/sub-11_ses-04_task-MotorImageryRest_run-04_events.json	767	336	False	95434a42
sub-11/ses-04/eeg/sub-11_ses-04_task-MotorImageryRest_run-01_events.json	767	336	False	95434a42
sub-11/ses-04/eeg/sub-11_ses-04_task-rest_run-02_eeg.json	474	222	False	f2510353
sub-11/ses-04/eeg/sub-11_ses-04_task-MotorImageryRest_run-01_eeg.vmrk	1446	596	False	2441d347
sub-11/ses-04/eeg/sub-11_ses-04_space-CapTrak_electrodes.tsv	5159	2431	False	56ffc06f
sub-11/ses-04/eeg/sub-11_ses-04_task-MotorImageryRest_run-01_eeg.vhdr	2012	798	False	3ea2a3b8
sub-11/ses-04/eeg/sub-11_ses-04_task-MotorImageryRest_run-05_eeg.eeg	16776984	14733307	False	22bbec6a
sub-11/ses-04/eeg/sub-11_ses-04_task-MotorImageryRest_run-03_channels.tsv	4361	330	False	f53f1e18
sub-11/ses-04/eeg/sub-11_ses-04_task-MotorImageryRest_run-04_channels.tsv	4361	330	False	f53f1e18
sub-11/ses-04/eeg/sub-11_ses-04_task-MotorImageryRest_run-06_eeg.vhdr	2012	798	False	790e1797
sub-11/ses-04/eeg/sub-11_ses-04_task-MotorImageryRest_run-02_events.json	767	336	False	95434a42
sub-11/ses-04/eeg/sub-11_ses-04_task-MotorImageryRest_run-06_eeg.vmrk	1445	597	False	277a679e
sub-11/ses-04/eeg/sub-11_ses-04_task-MotorImageryRest_run-06_eeg.eeg	16638160	14677403	False	ed3e2209
sub-11/ses-04/eeg/sub-11_ses-04_task-rest_run-02_channels.tsv	4361	330	False	f53f1e18
sub-11/ses-04/eeg/sub-11_ses-04_space-CapTrak_coordsystem.json	945	378	False	2f7489cf
sub-11/ses-04/eeg/sub-11_ses-04_task-MotorImageryRest_run-05_channels.tsv	4361	330	False	f53f1e18
sub-11/ses-04/eeg/sub-11_ses-04_task-MotorImageryRest_run-04_eeg.json	485	231	False	b0dabdf0
sub-11/ses-04/eeg/sub-11_ses-04_task-MotorImageryRest_run-05_eeg.json	486	231	False	35891f87
sub-11/ses-04/eeg/sub-11_ses-04_task-MotorImageryRest_run-02_channels.tsv	4361	330	False	f53f1e18
sub-11/ses-04/eeg/sub-11_ses-04_task-MotorImageryRest_run-05_events.tsv	712	317	False	b870290e
sub-11/ses-03/meg/sub-11_ses-03_task-rest_run-01_channels.tsv	19989	1020	False	03360556
sub-11/ses-03/meg/sub-11_ses-03_task-MotorImageryRest_run-04_events.tsv	717	318	False	a18ab119
sub-11/ses-03/meg/sub-11_ses-03_task-MotorImageryRest_run-01_channels.tsv	19989	1020	False	03360556
sub-11/ses-03/meg/sub-11_ses-03_task-MotorImageryRest_run-06_channels.tsv	19989	1020	False	03360556
sub-11/ses-03/meg/sub-11_ses-03_task-MotorImageryRest_run-03_events.json	767	336	False	95434a42
sub-11/ses-03/meg/sub-11_ses-03_task-MotorImageryRest_run-03_meg.fif	69225987	64629507	False	9a69648c
sub-11/ses-03/meg/sub-11_ses-03_task-MotorImageryRest_run-06_events.json	767	336	False	95434a42
sub-11/ses-03/meg/sub-11_ses-03_task-MotorImageryRest_run-06_meg.json	688	305	False	353cd6d6
sub-11/ses-03/meg/sub-11_ses-03_task-MotorImageryRest_run-02_meg.fif	69020355	64375435	False	544ae6c2
sub-11/ses-03/meg/sub-11_ses-03_task-MotorImageryRest_run-01_events.tsv	719	321	False	62a13798
sub-11/ses-03/meg/sub-11_ses-03_task-MotorImageryRest_run-06_events.tsv	714	315	False	4d2fdd1d
sub-11/ses-03/meg/sub-11_ses-03_task-MotorImageryRest_run-01_meg.json	688	305	False	e97c9401
sub-11/ses-03/meg/sub-11_ses-03_task-rest_run-01_meg.json	677	295	False	fa8b402a
sub-11/ses-03/meg/sub-11_ses-03_task-MotorImageryRest_run-05_events.json	767	336	False	95434a42
sub-11/ses-03/meg/sub-11_ses-03_task-MotorImageryRest_run-03_events.tsv	715	318	False	1ee59f71
sub-11/ses-03/meg/sub-11_ses-03_task-MotorImageryRest_run-01_meg.fif	69294531	64695388	False	66995b11
sub-11/ses-03/meg/sub-11_ses-03_task-MotorImageryRest_run-04_meg.fif	70913883	66187419	False	f42bc8e5
sub-11/ses-03/meg/sub-11_ses-03_task-MotorImageryRest_run-04_meg.json	689	305	False	46f833c8
sub-11/ses-03/meg/sub-11_ses-03_task-MotorImageryRest_run-05_meg.json	689	306	False	940fb1c4
sub-11/ses-03/meg/sub-11_ses-03_task-MotorImageryRest_run-02_events.json	767	336	False	95434a42
sub-11/ses-03/meg/sub-11_ses-03_task-MotorImageryRest_run-05_events.tsv	715	315	False	0b9e365a
sub-11/ses-03/meg/sub-11_ses-03_task-rest_run-01_meg.fif	55465340	51776817	False	beb2bdff
sub-11/ses-03/meg/sub-11_ses-03_task-MotorImageryRest_run-05_meg.fif	69868587	65198474	False	1c517ab5
sub-11/ses-03/meg/sub-11_ses-03_task-MotorImageryRest_run-02_channels.tsv	19989	1020	False	03360556
sub-11/ses-03/meg/sub-11_ses-03_coordsystem.json	2272	494	False	7901ced8
sub-11/ses-03/meg/sub-11_ses-03_task-MotorImageryRest_run-05_channels.tsv	19989	1020	False	03360556
sub-11/ses-03/meg/sub-11_ses-03_task-rest_run-02_channels.tsv	19989	1020	False	03360556
sub-11/ses-03/meg/sub-11_ses-03_task-MotorImageryRest_run-02_events.tsv	715	313	False	62b16dab
sub-11/ses-03/meg/sub-11_ses-03_task-MotorImageryRest_run-01_events.json	767	336	False	95434a42
sub-11/ses-03/meg/sub-11_ses-03_task-MotorImageryRest_run-04_events.json	767	336	False	95434a42
sub-11/ses-03/meg/sub-11_ses-03_task-MotorImageryRest_run-06_meg.fif	79233411	73955428	False	a59a5282
sub-11/ses-03/meg/sub-11_ses-03_task-rest_run-02_meg.json	677	295	False	6172ce04
sub-11/ses-03/meg/sub-11_ses-03_task-rest_run-02_meg.fif	56030828	52272498	False	85e84904
sub-11/ses-03/meg/sub-11_ses-03_task-MotorImageryRest_run-04_channels.tsv	19989	1020	False	03360556
sub-11/ses-03/meg/sub-11_ses-03_task-MotorImageryRest_run-03_channels.tsv	19989	1020	False	03360556
sub-11/ses-03/meg/sub-11_ses-03_task-MotorImageryRest_run-03_meg.json	689	306	False	14c271c6
sub-11/ses-03/meg/sub-11_ses-03_task-MotorImageryRest_run-02_meg.json	689	306	False	7bae2a9a
sub-11/ses-03/eeg/sub-11_ses-03_task-rest_run-01_channels.tsv	4361	330	False	f53f1e18
sub-11/ses-03/eeg/sub-11_ses-03_task-rest_run-02_eeg.vhdr	1988	788	False	cef79431
sub-11/ses-03/eeg/sub-11_ses-03_task-rest_run-02_eeg.vmrk	521	336	False	40c3f202
sub-11/ses-03/eeg/sub-11_ses-03_task-MotorImageryRest_run-04_events.tsv	717	318	False	a18ab119
sub-11/ses-03/eeg/sub-11_ses-03_task-MotorImageryRest_run-01_channels.tsv	4361	330	False	f53f1e18
sub-11/ses-03/eeg/sub-11_ses-03_task-MotorImageryRest_run-06_channels.tsv	4361	330	False	f53f1e18
sub-11/ses-03/eeg/sub-11_ses-03_task-MotorImageryRest_run-03_events.json	767	336	False	95434a42
sub-11/ses-03/eeg/sub-11_ses-03_task-MotorImageryRest_run-03_eeg.vmrk	1446	596	False	ce0bdda3
sub-11/ses-03/eeg/sub-11_ses-03_task-MotorImageryRest_run-02_eeg.vmrk	1446	591	False	a56d9b32
sub-11/ses-03/eeg/sub-11_ses-03_task-MotorImageryRest_run-03_eeg.vhdr	2012	796	False	23ac113c
sub-11/ses-03/eeg/sub-11_ses-03_task-MotorImageryRest_run-02_eeg.vhdr	2012	798	False	b3d8f4b3
sub-11/ses-03/eeg/sub-11_ses-03_task-MotorImageryRest_run-03_eeg.eeg	16710680	14696200	False	8da73d24
sub-11/ses-03/eeg/sub-11_ses-03_task-MotorImageryRest_run-06_events.json	767	336	False	95434a42
sub-11/ses-03/eeg/sub-11_ses-03_task-MotorImageryRest_run-01_eeg.json	485	231	False	9da5ccf4
sub-11/ses-03/eeg/sub-11_ses-03_task-MotorImageryRest_run-02_eeg.eeg	16660952	14645878	False	d6072919
sub-11/ses-03/eeg/sub-11_ses-03_space-CapTrak_electrodes.tsv	5129	2410	False	e8931dbf
sub-11/ses-03/eeg/sub-11_ses-03_task-MotorImageryRest_run-01_events.tsv	719	321	False	62a13798
sub-11/ses-03/eeg/sub-11_ses-03_task-rest_run-01_eeg.json	474	222	False	632d2bda
sub-11/ses-03/eeg/sub-11_ses-03_task-MotorImageryRest_run-06_events.tsv	714	315	False	4d2fdd1d
sub-11/ses-03/eeg/sub-11_ses-03_task-MotorImageryRest_run-06_eeg.json	485	229	False	09300e55
sub-11/ses-03/eeg/sub-11_ses-03_task-MotorImageryRest_run-05_events.json	767	336	False	95434a42
sub-11/ses-03/eeg/sub-11_ses-03_task-MotorImageryRest_run-03_events.tsv	715	318	False	1ee59f71
sub-11/ses-03/eeg/sub-11_ses-03_task-MotorImageryRest_run-04_eeg.vhdr	2012	798	False	6400a513
sub-11/ses-03/eeg/sub-11_ses-03_task-MotorImageryRest_run-05_eeg.vhdr	2012	798	False	f474409c
sub-11/ses-03/eeg/sub-11_ses-03_task-MotorImageryRest_run-04_eeg.vmrk	1447	598	False	2fc9bb6d
sub-11/ses-03/eeg/sub-11_ses-03_task-MotorImageryRest_run-01_eeg.eeg	16727256	14801087	False	c0b27e73
sub-11/ses-03/eeg/sub-11_ses-03_task-MotorImageryRest_run-05_eeg.vmrk	1447	591	False	aae88a7c
sub-11/ses-03/eeg/sub-11_ses-03_task-MotorImageryRest_run-04_eeg.eeg	17118864	15105190	False	e1dbcc0b
sub-11/ses-03/eeg/sub-11_ses-03_task-rest_run-02_eeg.json	474	223	False	53ae9e43
sub-11/ses-03/eeg/sub-11_ses-03_task-MotorImageryRest_run-02_eeg.json	486	232	False	dc7f3546
sub-11/ses-03/eeg/sub-11_ses-03_task-MotorImageryRest_run-03_eeg.json	486	232	False	77fa4ea6
sub-11/ses-03/eeg/sub-11_ses-03_task-MotorImageryRest_run-02_events.json	767	336	False	95434a42
sub-11/ses-03/eeg/sub-11_ses-03_space-CapTrak_coordsystem.json	945	378	False	2b65e717
sub-11/ses-03/eeg/sub-11_ses-03_task-MotorImageryRest_run-01_eeg.vmrk	1447	598	False	3df2ebab
sub-11/ses-03/eeg/sub-11_ses-03_task-MotorImageryRest_run-01_eeg.vhdr	2012	798	False	d834dc63
sub-11/ses-03/eeg/sub-11_ses-03_task-MotorImageryRest_run-05_events.tsv	715	315	False	0b9e365a
sub-11/ses-03/eeg/sub-11_ses-03_task-MotorImageryRest_run-05_eeg.eeg	16866080	14855094	False	818206d7
sub-11/ses-03/eeg/sub-11_ses-03_task-rest_run-01_eeg.vhdr	1988	788	False	7be144b5
sub-11/ses-03/eeg/sub-11_ses-03_task-rest_run-01_eeg.eeg	13383048	11824980	False	2df3f236
sub-11/ses-03/eeg/sub-11_ses-03_task-rest_run-01_eeg.vmrk	521	335	False	4319ec30
sub-11/ses-03/eeg/sub-11_ses-03_task-MotorImageryRest_run-02_channels.tsv	4361	330	False	f53f1e18
sub-11/ses-03/eeg/sub-11_ses-03_task-MotorImageryRest_run-05_channels.tsv	4361	330	False	f53f1e18
sub-11/ses-03/eeg/sub-11_ses-03_task-MotorImageryRest_run-06_eeg.vhdr	2012	798	False	9f98684c
sub-11/ses-03/eeg/sub-11_ses-03_task-MotorImageryRest_run-06_eeg.vmrk	1447	594	False	f268c6a0
sub-11/ses-03/eeg/sub-11_ses-03_task-rest_run-02_channels.tsv	4361	330	False	f53f1e18
sub-11/ses-03/eeg/sub-11_ses-03_task-MotorImageryRest_run-02_events.tsv	715	313	False	62b16dab
sub-11/ses-03/eeg/sub-11_ses-03_task-MotorImageryRest_run-01_events.json	767	336	False	95434a42
sub-11/ses-03/eeg/sub-11_ses-03_task-MotorImageryRest_run-04_events.json	767	336	False	95434a42
sub-11/ses-03/eeg/sub-11_ses-03_task-rest_run-02_eeg.eeg	13519800	11977585	False	62c9b17e
sub-11/ses-03/eeg/sub-11_ses-03_task-MotorImageryRest_run-06_eeg.eeg	19130776	16880648	False	ed39d16c
sub-11/ses-03/eeg/sub-11_ses-03_task-MotorImageryRest_run-04_channels.tsv	4361	330	False	f53f1e18
sub-11/ses-03/eeg/sub-11_ses-03_task-MotorImageryRest_run-03_channels.tsv	4361	330	False	f53f1e18
sub-11/ses-03/eeg/sub-11_ses-03_task-MotorImageryRest_run-05_eeg.json	486	232	False	43b14b04
sub-11/ses-03/eeg/sub-11_ses-03_task-MotorImageryRest_run-04_eeg.json	486	231	False	c67df89d
sub-11/ses-01/meg/sub-11_ses-01_task-MotorImageryRest_run-01_events.tsv	711	314	False	fefb53a7
sub-11/ses-01/meg/sub-11_ses-01_task-MotorImageryRest_run-06_meg.fif	70388571	65692741	False	811e7e90
sub-11/ses-01/meg/sub-11_ses-01_task-MotorImageryRest_run-01_events.json	767	336	False	95434a42
sub-11/ses-01/meg/sub-11_ses-01_task-rest_run-01_meg.json	701	320	False	6122b60f
sub-11/ses-01/meg/sub-11_ses-01_task-MotorImageryRest_run-06_meg.json	689	306	False	cfe85624
sub-11/ses-01/meg/sub-11_ses-01_task-MotorImageryRest_run-04_events.json	767	336	False	95434a42
sub-11/ses-01/meg/sub-11_ses-01_task-MotorImageryRest_run-04_events.tsv	721	322	False	5890fb5d
sub-11/ses-01/meg/sub-11_ses-01_task-rest_run-02_meg.fif	55419836	51669421	False	5f8bd080
sub-11/ses-01/meg/sub-11_ses-01_task-MotorImageryRest_run-02_channels.tsv	19989	1020	False	03360556
sub-11/ses-01/meg/sub-11_ses-01_task-MotorImageryRest_run-01_meg.json	689	306	False	dd95800d
sub-11/ses-01/meg/sub-11_ses-01_task-MotorImageryRest_run-05_channels.tsv	19989	1020	False	03360556
sub-11/ses-01/meg/sub-11_ses-01_task-MotorImageryRest_run-03_events.tsv	718	315	False	a16acdd6
sub-11/ses-01/meg/sub-11_ses-01_task-MotorImageryRest_run-05_meg.fif	71048307	66253114	False	f1e91a8d
sub-11/ses-01/meg/sub-11_ses-01_coordsystem.json	2190	480	False	4fb396bd
sub-11/ses-01/meg/sub-11_ses-01_task-MotorImageryRest_run-04_meg.fif	69240459	64590106	False	d934cd09
sub-11/ses-01/meg/sub-11_ses-01_task-rest_run-01_meg.fif	55179932	51512711	False	028348b5
sub-11/ses-01/meg/sub-11_ses-01_task-MotorImageryRest_run-04_channels.tsv	19989	1020	False	03360556
sub-11/ses-01/meg/sub-11_ses-01_task-MotorImageryRest_run-03_channels.tsv	19989	1020	False	03360556
sub-11/ses-01/meg/sub-11_ses-01_task-rest_run-02_channels.tsv	19989	1020	False	03360556
sub-11/ses-01/meg/sub-11_ses-01_task-MotorImageryRest_run-06_events.tsv	722	314	False	cc1340a1
sub-11/ses-01/meg/sub-11_ses-01_task-MotorImageryRest_run-02_events.json	767	336	False	95434a42
sub-11/ses-01/meg/sub-11_ses-01_task-MotorImageryRest_run-01_channels.tsv	19989	1020	False	03360556
sub-11/ses-01/meg/sub-11_ses-01_task-MotorImageryRest_run-06_channels.tsv	19989	1020	False	03360556
sub-11/ses-01/meg/sub-11_ses-01_task-MotorImageryRest_run-05_events.json	767	336	False	95434a42
sub-11/ses-01/meg/sub-11_ses-01_task-MotorImageryRest_run-05_events.tsv	718	319	False	cd1b394e
sub-11/ses-01/meg/sub-11_ses-01_task-MotorImageryRest_run-05_meg.json	688	306	False	ebc35722
sub-11/ses-01/meg/sub-11_ses-01_task-MotorImageryRest_run-04_meg.json	689	306	False	4a519960
sub-11/ses-01/meg/sub-11_ses-01_task-MotorImageryRest_run-01_meg.fif	75615051	70564887	False	c0de20cf
sub-11/ses-01/meg/sub-11_ses-01_task-rest_run-02_meg.json	677	295	False	2d42c3bf
sub-11/ses-01/meg/sub-11_ses-01_task-rest_run-01_channels.tsv	27945	1088	False	48ee8ca0
sub-11/ses-01/meg/sub-11_ses-01_task-MotorImageryRest_run-03_events.json	767	336	False	95434a42
sub-11/ses-01/meg/sub-11_ses-01_task-MotorImageryRest_run-02_meg.fif	70131531	65459725	False	a7bf6dee
sub-11/ses-01/meg/sub-11_ses-01_task-MotorImageryRest_run-02_events.tsv	718	319	False	a9966cef
sub-11/ses-01/meg/sub-11_ses-01_task-MotorImageryRest_run-06_events.json	767	336	False	95434a42
sub-11/ses-01/meg/sub-11_ses-01_task-MotorImageryRest_run-02_meg.json	689	306	False	bd4714e5
sub-11/ses-01/meg/sub-11_ses-01_task-MotorImageryRest_run-03_meg.json	689	305	False	3cb6a169
sub-11/ses-01/meg/sub-11_ses-01_task-MotorImageryRest_run-03_meg.fif	70517091	65808864	False	4353947f
sub-11/ses-01/eeg/sub-11_ses-01_task-MotorImageryRest_run-01_events.tsv	711	314	False	fefb53a7
sub-11/ses-01/eeg/sub-11_ses-01_task-MotorImageryRest_run-06_eeg.eeg	16992472	14950338	False	3ce3ec10
sub-11/ses-01/eeg/sub-11_ses-01_task-MotorImageryRest_run-01_events.json	767	336	False	95434a42
sub-11/ses-01/eeg/sub-11_ses-01_task-MotorImageryRest_run-02_eeg.vhdr	2012	798	False	b4710a22
sub-11/ses-01/eeg/sub-11_ses-01_task-MotorImageryRest_run-03_eeg.vhdr	2012	798	False	2405efad
sub-11/ses-01/eeg/sub-11_ses-01_task-MotorImageryRest_run-02_eeg.vmrk	1447	597	False	5ba7f91b
sub-11/ses-01/eeg/sub-11_ses-01_task-MotorImageryRest_run-03_eeg.vmrk	1447	594	False	758f4b43
sub-11/ses-01/eeg/sub-11_ses-01_task-MotorImageryRest_run-01_eeg.json	486	232	False	a4e9a4f7
sub-11/ses-01/eeg/sub-11_ses-01_task-MotorImageryRest_run-04_events.json	767	336	False	95434a42
sub-11/ses-01/eeg/sub-11_ses-01_task-MotorImageryRest_run-04_events.tsv	721	322	False	5890fb5d
sub-11/ses-01/eeg/sub-11_ses-01_task-rest_run-02_eeg.eeg	13372688	11790043	False	d3504cfb
sub-11/ses-01/eeg/sub-11_ses-01_space-CapTrak_coordsystem.json	945	378	False	21b2676a
sub-11/ses-01/eeg/sub-11_ses-01_task-rest_run-02_eeg.vmrk	521	335	False	e0d127dc
sub-11/ses-01/eeg/sub-11_ses-01_task-rest_run-02_eeg.vhdr	1988	789	False	2bdc11ef
sub-11/ses-01/eeg/sub-11_ses-01_task-MotorImageryRest_run-02_channels.tsv	4361	330	False	f53f1e18
sub-11/ses-01/eeg/sub-11_ses-01_task-MotorImageryRest_run-05_channels.tsv	4361	330	False	f53f1e18
sub-11/ses-01/eeg/sub-11_ses-01_task-MotorImageryRest_run-03_events.tsv	718	315	False	a16acdd6
sub-11/ses-01/eeg/sub-11_ses-01_task-MotorImageryRest_run-06_eeg.json	486	232	False	3bb7702f
sub-11/ses-01/eeg/sub-11_ses-01_task-MotorImageryRest_run-05_eeg.eeg	17152016	15078984	False	6149542f
sub-11/ses-01/eeg/sub-11_ses-01_task-MotorImageryRest_run-04_eeg.eeg	16714824	14703936	False	ab3ebf17
sub-11/ses-01/eeg/sub-11_ses-01_task-MotorImageryRest_run-04_channels.tsv	4361	330	False	f53f1e18
sub-11/ses-01/eeg/sub-11_ses-01_task-rest_run-01_eeg.eeg	13314672	11736904	False	11c5560b
sub-11/ses-01/eeg/sub-11_ses-01_task-MotorImageryRest_run-03_channels.tsv	4361	330	False	f53f1e18
sub-11/ses-01/eeg/sub-11_ses-01_task-MotorImageryRest_run-05_eeg.vmrk	1446	595	False	c3ea8081
sub-11/ses-01/eeg/sub-11_ses-01_task-MotorImageryRest_run-04_eeg.vmrk	1447	593	False	f32a3812
sub-11/ses-01/eeg/sub-11_ses-01_task-MotorImageryRest_run-05_eeg.vhdr	2012	798	False	f3ddbe0d
sub-11/ses-01/eeg/sub-11_ses-01_task-MotorImageryRest_run-04_eeg.vhdr	2012	798	False	63a95b82
sub-11/ses-01/eeg/sub-11_ses-01_task-rest_run-02_channels.tsv	4361	330	False	f53f1e18
sub-11/ses-01/eeg/sub-11_ses-01_task-MotorImageryRest_run-06_events.tsv	722	314	False	cc1340a1
sub-11/ses-01/eeg/sub-11_ses-01_task-rest_run-01_eeg.json	498	245	False	edcd28c0
sub-11/ses-01/eeg/sub-11_ses-01_task-MotorImageryRest_run-02_events.json	767	336	False	95434a42
sub-11/ses-01/eeg/sub-11_ses-01_task-MotorImageryRest_run-01_channels.tsv	4361	330	False	f53f1e18
sub-11/ses-01/eeg/sub-11_ses-01_task-MotorImageryRest_run-06_channels.tsv	4361	330	False	f53f1e18
sub-11/ses-01/eeg/sub-11_ses-01_task-MotorImageryRest_run-05_events.json	767	336	False	95434a42
sub-11/ses-01/eeg/sub-11_ses-01_task-MotorImageryRest_run-05_events.tsv	718	319	False	cd1b394e
sub-11/ses-01/eeg/sub-11_ses-01_task-MotorImageryRest_run-03_eeg.json	486	230	False	a4c7b3f3
sub-11/ses-01/eeg/sub-11_ses-01_task-MotorImageryRest_run-02_eeg.json	486	232	False	49482173
sub-11/ses-01/eeg/sub-11_ses-01_task-MotorImageryRest_run-01_eeg.eeg	18256392	16105508	False	4b57960a
sub-11/ses-01/eeg/sub-11_ses-01_task-MotorImageryRest_run-01_eeg.vhdr	2012	796	False	df9d22f2
sub-11/ses-01/eeg/sub-11_ses-01_task-MotorImageryRest_run-01_eeg.vmrk	1447	594	False	b2936c80
sub-11/ses-01/eeg/sub-11_ses-01_task-rest_run-01_channels.tsv	6285	368	False	c63f781e
sub-11/ses-01/eeg/sub-11_ses-01_task-MotorImageryRest_run-06_eeg.vmrk	1446	590	False	94c80bc7
sub-11/ses-01/eeg/sub-11_ses-01_task-MotorImageryRest_run-06_eeg.vhdr	2012	798	False	983196dd
sub-11/ses-01/eeg/sub-11_ses-01_task-MotorImageryRest_run-03_events.json	767	336	False	95434a42
sub-11/ses-01/eeg/sub-11_ses-01_task-MotorImageryRest_run-02_eeg.eeg	16930312	14922759	False	e68f243c
sub-11/ses-01/eeg/sub-11_ses-01_task-rest_run-02_eeg.json	474	222	False	c6fbf439
sub-11/ses-01/eeg/sub-11_ses-01_space-CapTrak_electrodes.tsv	5163	2450	False	8e859bcc
sub-11/ses-01/eeg/sub-11_ses-01_task-MotorImageryRest_run-02_events.tsv	718	319	False	a9966cef
sub-11/ses-01/eeg/sub-11_ses-01_task-rest_run-01_eeg.vmrk	521	334	False	e30b39ee
sub-11/ses-01/eeg/sub-11_ses-01_task-MotorImageryRest_run-06_events.json	767	336	False	95434a42
sub-11/ses-01/eeg/sub-11_ses-01_task-rest_run-01_eeg.vhdr	1999	794	False	b75201dc
sub-11/ses-01/eeg/sub-11_ses-01_task-MotorImageryRest_run-03_eeg.eeg	17023552	14968053	False	2fc1fdb1
sub-11/ses-01/eeg/sub-11_ses-01_task-MotorImageryRest_run-04_eeg.json	486	231	False	8bd308c0
sub-11/ses-01/eeg/sub-11_ses-01_task-MotorImageryRest_run-05_eeg.json	485	231	False	d6e3c952
sub-12/	0	0	False	00000000
__MACOSX/._sub-12	220	93	False	29d7e44a
sub-12/.DS_Store	6148	342	False	cae88113
__MACOSX/sub-12/._.DS_Store	120	53	False	38c0880b
sub-12/ses-02/	0	0	False	00000000
sub-12/ses-04/	0	0	False	00000000
sub-12/ses-03/	0	0	False	00000000
sub-12/ses-01/	0	0	False	00000000
sub-12/ses-02/.DS_Store	6148	280	False	f6b306c9
__MACOSX/sub-12/ses-02/._.DS_Store	120	53	False	38c0880b
sub-12/ses-02/meg/	0	0	False	00000000
sub-12/ses-02/sub-12_ses-02_scans.tsv	1309	225	False	64ddcd98
sub-12/ses-02/eeg/	0	0	False	00000000
sub-12/ses-04/.DS_Store	6148	279	False	81c70ddf
__MACOSX/sub-12/ses-04/._.DS_Store	120	53	False	38c0880b
sub-12/ses-04/meg/	0	0	False	00000000
sub-12/ses-04/sub-12_ses-04_scans.tsv	1309	226	False	5dc45a80
sub-12/ses-04/eeg/	0	0	False	00000000
sub-12/ses-03/.DS_Store	6148	279	False	5e70f89c
__MACOSX/sub-12/ses-03/._.DS_Store	120	53	False	38c0880b
sub-12/ses-03/meg/	0	0	False	00000000
sub-12/ses-03/sub-12_ses-03_scans.tsv	1309	226	False	05605578
sub-12/ses-03/eeg/	0	0	False	00000000
sub-12/ses-01/.DS_Store	6148	280	False	e8555cbf
__MACOSX/sub-12/ses-01/._.DS_Store	120	53	False	38c0880b
sub-12/ses-01/meg/	0	0	False	00000000
sub-12/ses-01/sub-12_ses-01_scans.tsv	1309	225	False	fdd34cae
sub-12/ses-01/eeg/	0	0	False	00000000
sub-12/ses-02/meg/sub-12_ses-02_task-MotorImageryRest_run-01_events.json	767	336	False	95434a42
sub-12/ses-02/meg/sub-12_ses-02_task-MotorImageryRest_run-05_meg.json	689	306	False	3bae1fc2
sub-12/ses-02/meg/sub-12_ses-02_task-MotorImageryRest_run-04_meg.json	689	306	False	c85d00f3
sub-12/ses-02/meg/sub-12_ses-02_task-MotorImageryRest_run-04_events.json	767	336	False	95434a42
sub-12/ses-02/meg/sub-12_ses-02_task-MotorImageryRest_run-01_meg.fif	71177223	66437859	False	a0e818da
sub-12/ses-02/meg/sub-12_ses-02_task-MotorImageryRest_run-05_events.tsv	723	319	False	31ec7415
sub-12/ses-02/meg/sub-12_ses-02_task-MotorImageryRest_run-02_events.tsv	726	327	False	655b5fc9
sub-12/ses-02/meg/sub-12_ses-02_task-MotorImageryRest_run-02_channels.tsv	19989	1020	False	03360556
sub-12/ses-02/meg/sub-12_ses-02_task-MotorImageryRest_run-05_channels.tsv	19989	1020	False	03360556
sub-12/ses-02/meg/sub-12_ses-02_task-MotorImageryRest_run-03_meg.fif	70440375	65750381	False	e508a213
sub-12/ses-02/meg/sub-12_ses-02_task-rest_run-02_channels.tsv	19989	1020	False	03360556
sub-12/ses-02/meg/sub-12_ses-02_task-MotorImageryRest_run-02_meg.fif	73696215	68742020	False	f929f73a
sub-12/ses-02/meg/sub-12_ses-02_task-MotorImageryRest_run-02_events.json	767	336	False	95434a42
sub-12/ses-02/meg/sub-12_ses-02_task-MotorImageryRest_run-04_channels.tsv	19989	1020	False	03360556
sub-12/ses-02/meg/sub-12_ses-02_task-MotorImageryRest_run-03_channels.tsv	19989	1020	False	03360556
sub-12/ses-02/meg/sub-12_ses-02_task-MotorImageryRest_run-02_meg.json	689	305	False	5e6f6310
sub-12/ses-02/meg/sub-12_ses-02_task-MotorImageryRest_run-03_meg.json	689	306	False	4c6ee30b
sub-12/ses-02/meg/sub-12_ses-02_task-rest_run-02_meg.json	677	295	False	96d09860
sub-12/ses-02/meg/sub-12_ses-02_task-MotorImageryRest_run-01_channels.tsv	19989	1020	False	03360556
sub-12/ses-02/meg/sub-12_ses-02_task-MotorImageryRest_run-06_channels.tsv	19989	1020	False	03360556
sub-12/ses-02/meg/sub-12_ses-02_task-rest_run-01_channels.tsv	19989	1020	False	03360556
sub-12/ses-02/meg/sub-12_ses-02_task-MotorImageryRest_run-04_events.tsv	717	314	False	f42829af
sub-12/ses-02/meg/sub-12_ses-02_task-MotorImageryRest_run-05_events.json	767	336	False	95434a42
sub-12/ses-02/meg/sub-12_ses-02_task-MotorImageryRest_run-06_meg.json	689	305	False	7356eaaa
sub-12/ses-02/meg/sub-12_ses-02_task-MotorImageryRest_run-06_meg.fif	68983815	64415592	False	daefa4bc
sub-12/ses-02/meg/sub-12_ses-02_task-MotorImageryRest_run-01_events.tsv	716	318	False	52151c1f
sub-12/ses-02/meg/sub-12_ses-02_task-rest_run-01_meg.fif	56474096	52661617	False	980ebc84
sub-12/ses-02/meg/sub-12_ses-02_task-MotorImageryRest_run-01_meg.json	687	302	False	1ab7da43
sub-12/ses-02/meg/sub-12_ses-02_task-rest_run-01_meg.json	677	295	False	8b1180ea
sub-12/ses-02/meg/sub-12_ses-02_task-MotorImageryRest_run-04_meg.fif	70123359	65450672	False	8e639777
sub-12/ses-02/meg/sub-12_ses-02_task-MotorImageryRest_run-06_events.tsv	718	318	False	035c52e9
sub-12/ses-02/meg/sub-12_ses-02_task-MotorImageryRest_run-03_events.json	767	336	False	95434a42
sub-12/ses-02/meg/sub-12_ses-02_task-MotorImageryRest_run-06_events.json	767	336	False	95434a42
sub-12/ses-02/meg/sub-12_ses-02_task-MotorImageryRest_run-03_events.tsv	717	322	False	0ccec9b4
sub-12/ses-02/meg/sub-12_ses-02_task-rest_run-02_meg.fif	80207456	74794981	False	013ad649
sub-12/ses-02/meg/sub-12_ses-02_coordsystem.json	2230	472	False	6fd15ea8
sub-12/ses-02/meg/sub-12_ses-02_task-MotorImageryRest_run-05_meg.fif	69600711	64974242	False	a8b32da0
sub-12/ses-02/eeg/sub-12_ses-02_task-rest_run-02_eeg.json	474	222	False	25f97b31
sub-12/ses-02/eeg/sub-12_ses-02_task-MotorImageryRest_run-01_events.json	767	336	False	95434a42
sub-12/ses-02/eeg/sub-12_ses-02_task-MotorImageryRest_run-03_eeg.json	486	231	False	bac05185
sub-12/ses-02/eeg/sub-12_ses-02_task-MotorImageryRest_run-02_eeg.json	486	231	False	ae63a55f
sub-12/ses-02/eeg/sub-12_ses-02_task-MotorImageryRest_run-01_eeg.vmrk	1447	595	False	29231ff6
sub-12/ses-02/eeg/sub-12_ses-02_task-MotorImageryRest_run-04_events.json	767	336	False	95434a42
sub-12/ses-02/eeg/sub-12_ses-02_task-MotorImageryRest_run-01_eeg.vhdr	2012	798	False	1e4403cb
sub-12/ses-02/eeg/sub-12_ses-02_task-rest_run-01_eeg.vhdr	1988	789	False	9a5d7d00
sub-12/ses-02/eeg/sub-12_ses-02_task-rest_run-01_eeg.vmrk	521	336	False	67ce39ad
sub-12/ses-02/eeg/sub-12_ses-02_task-MotorImageryRest_run-01_eeg.eeg	17183096	14984205	False	8b1bd61e
sub-12/ses-02/eeg/sub-12_ses-02_task-MotorImageryRest_run-05_events.tsv	723	319	False	31ec7415
sub-12/ses-02/eeg/sub-12_ses-02_task-MotorImageryRest_run-02_events.tsv	726	327	False	655b5fc9
sub-12/ses-02/eeg/sub-12_ses-02_task-MotorImageryRest_run-06_eeg.vhdr	2012	798	False	59e8b7e4
sub-12/ses-02/eeg/sub-12_ses-02_task-MotorImageryRest_run-02_channels.tsv	4361	330	False	f53f1e18
sub-12/ses-02/eeg/sub-12_ses-02_task-MotorImageryRest_run-06_eeg.vmrk	1446	593	False	49237216
sub-12/ses-02/eeg/sub-12_ses-02_task-MotorImageryRest_run-05_channels.tsv	4361	330	False	f53f1e18
sub-12/ses-02/eeg/sub-12_ses-02_task-MotorImageryRest_run-03_eeg.eeg	17004904	14784961	False	d950168c
sub-12/ses-02/eeg/sub-12_ses-02_task-rest_run-02_channels.tsv	4361	330	False	f53f1e18
sub-12/ses-02/eeg/sub-12_ses-02_task-MotorImageryRest_run-02_eeg.eeg	17792264	15479837	False	9527e6f2
sub-12/ses-02/eeg/sub-12_ses-02_task-MotorImageryRest_run-02_events.json	767	336	False	95434a42
sub-12/ses-02/eeg/sub-12_ses-02_task-MotorImageryRest_run-04_channels.tsv	4361	330	False	f53f1e18
sub-12/ses-02/eeg/sub-12_ses-02_task-MotorImageryRest_run-03_channels.tsv	4361	330	False	f53f1e18
sub-12/ses-02/eeg/sub-12_ses-02_task-MotorImageryRest_run-04_eeg.json	486	232	False	be0ef401
sub-12/ses-02/eeg/sub-12_ses-02_task-MotorImageryRest_run-05_eeg.json	486	231	False	90f0c463
sub-12/ses-02/eeg/sub-12_ses-02_task-MotorImageryRest_run-01_channels.tsv	4361	330	False	f53f1e18
sub-12/ses-02/eeg/sub-12_ses-02_task-MotorImageryRest_run-06_channels.tsv	4361	330	False	f53f1e18
sub-12/ses-02/eeg/sub-12_ses-02_task-MotorImageryRest_run-02_eeg.vmrk	1449	599	False	c4e1a128
sub-12/ses-02/eeg/sub-12_ses-02_task-MotorImageryRest_run-03_eeg.vmrk	1447	594	False	0711f6d8
sub-12/ses-02/eeg/sub-12_ses-02_task-MotorImageryRest_run-02_eeg.vhdr	2012	796	False	75a82b1b
sub-12/ses-02/eeg/sub-12_ses-02_task-MotorImageryRest_run-03_eeg.vhdr	2012	797	False	e5dcce94
sub-12/ses-02/eeg/sub-12_ses-02_task-rest_run-01_channels.tsv	4361	330	False	f53f1e18
sub-12/ses-02/eeg/sub-12_ses-02_task-MotorImageryRest_run-04_events.tsv	717	314	False	f42829af
sub-12/ses-02/eeg/sub-12_ses-02_task-MotorImageryRest_run-05_events.json	767	336	False	95434a42
sub-12/ses-02/eeg/sub-12_ses-02_task-rest_run-02_eeg.vhdr	1988	787	False	2f4bad84
sub-12/ses-02/eeg/sub-12_ses-02_task-rest_run-02_eeg.vmrk	521	335	False	6414279f
sub-12/ses-02/eeg/sub-12_ses-02_task-rest_run-01_eeg.json	474	223	False	11652e94
sub-12/ses-02/eeg/sub-12_ses-02_task-MotorImageryRest_run-06_eeg.eeg	16652664	14468998	False	d3d8a326
sub-12/ses-02/eeg/sub-12_ses-02_task-MotorImageryRest_run-01_eeg.json	484	229	False	da92d513
sub-12/ses-02/eeg/sub-12_ses-02_task-MotorImageryRest_run-01_events.tsv	716	318	False	52151c1f
sub-12/ses-02/eeg/sub-12_ses-02_task-rest_run-01_eeg.eeg	13627544	11827268	False	f0a53298
sub-12/ses-02/eeg/sub-12_ses-02_task-MotorImageryRest_run-04_eeg.eeg	16928240	14815368	False	3e8a9e87
sub-12/ses-02/eeg/sub-12_ses-02_task-MotorImageryRest_run-06_eeg.json	486	231	False	2eacc69b
sub-12/ses-02/eeg/sub-12_ses-02_task-MotorImageryRest_run-06_events.tsv	718	318	False	035c52e9
sub-12/ses-02/eeg/sub-12_ses-02_task-MotorImageryRest_run-03_events.json	767	336	False	95434a42
sub-12/ses-02/eeg/sub-12_ses-02_task-MotorImageryRest_run-06_events.json	767	336	False	95434a42
sub-12/ses-02/eeg/sub-12_ses-02_task-MotorImageryRest_run-03_events.tsv	717	322	False	0ccec9b4
sub-12/ses-02/eeg/sub-12_ses-02_task-rest_run-02_eeg.eeg	19366984	16817332	False	1456baf8
sub-12/ses-02/eeg/sub-12_ses-02_space-CapTrak_coordsystem.json	945	378	False	c887cbc2
sub-12/ses-02/eeg/sub-12_ses-02_task-MotorImageryRest_run-05_eeg.vhdr	2012	798	False	32049f34
sub-12/ses-02/eeg/sub-12_ses-02_task-MotorImageryRest_run-04_eeg.vhdr	2012	798	False	a2707abb
sub-12/ses-02/eeg/sub-12_ses-02_task-MotorImageryRest_run-05_eeg.vmrk	1447	591	False	97ef7741
sub-12/ses-02/eeg/sub-12_ses-02_task-MotorImageryRest_run-04_eeg.vmrk	1447	598	False	1ede2b31
sub-12/ses-02/eeg/sub-12_ses-02_space-CapTrak_electrodes.tsv	5162	2461	False	4f324bb2
sub-12/ses-02/eeg/sub-12_ses-02_task-MotorImageryRest_run-05_eeg.eeg	16801848	14629966	False	cd1fe26c
sub-12/ses-04/meg/sub-12_ses-04_task-MotorImageryRest_run-02_events.tsv	715	321	False	ad4c4bc8
sub-12/ses-04/meg/sub-12_ses-04_task-MotorImageryRest_run-04_meg.json	689	306	False	75b502eb
sub-12/ses-04/meg/sub-12_ses-04_task-MotorImageryRest_run-05_meg.json	688	305	False	77007494
sub-12/ses-04/meg/sub-12_ses-04_task-rest_run-01_meg.json	701	319	False	411749d3
sub-12/ses-04/meg/sub-12_ses-04_task-MotorImageryRest_run-01_meg.fif	70797027	66009550	False	201dbb84
sub-12/ses-04/meg/sub-12_ses-04_task-MotorImageryRest_run-03_events.json	767	336	False	95434a42
sub-12/ses-04/meg/sub-12_ses-04_task-rest_run-02_channels.tsv	27945	1088	False	48ee8ca0
sub-12/ses-04/meg/sub-12_ses-04_task-MotorImageryRest_run-06_events.json	767	336	False	95434a42
sub-12/ses-04/meg/sub-12_ses-04_task-rest_run-02_meg.fif	55787900	52081662	False	4bc6696f
sub-12/ses-04/meg/sub-12_ses-04_task-MotorImageryRest_run-02_meg.fif	70085883	65405246	False	9150069f
sub-12/ses-04/meg/sub-12_ses-04_task-MotorImageryRest_run-05_events.json	767	336	False	95434a42
sub-12/ses-04/meg/sub-12_ses-04_task-MotorImageryRest_run-03_channels.tsv	19989	1020	False	03360556
sub-12/ses-04/meg/sub-12_ses-04_task-MotorImageryRest_run-04_channels.tsv	19989	1020	False	03360556
sub-12/ses-04/meg/sub-12_ses-04_coordsystem.json	2126	458	False	26db65e7
sub-12/ses-04/meg/sub-12_ses-04_task-rest_run-01_meg.fif	56093900	52345888	False	ca38aa17
sub-12/ses-04/meg/sub-12_ses-04_task-MotorImageryRest_run-03_meg.json	689	306	False	427a4600
sub-12/ses-04/meg/sub-12_ses-04_task-MotorImageryRest_run-02_meg.json	689	306	False	9e362865
sub-12/ses-04/meg/sub-12_ses-04_task-MotorImageryRest_run-05_channels.tsv	19989	1020	False	03360556
sub-12/ses-04/meg/sub-12_ses-04_task-MotorImageryRest_run-02_channels.tsv	19989	1020	False	03360556
sub-12/ses-04/meg/sub-12_ses-04_task-MotorImageryRest_run-05_events.tsv	716	318	False	bce126d7
sub-12/ses-04/meg/sub-12_ses-04_task-MotorImageryRest_run-03_meg.fif	71748075	66969279	False	0ddedb51
sub-12/ses-04/meg/sub-12_ses-04_task-MotorImageryRest_run-06_meg.fif	69974499	65332159	False	195f945d
sub-12/ses-04/meg/sub-12_ses-04_task-MotorImageryRest_run-06_events.tsv	720	318	False	859653c8
sub-12/ses-04/meg/sub-12_ses-04_task-MotorImageryRest_run-02_events.json	767	336	False	95434a42
sub-12/ses-04/meg/sub-12_ses-04_task-MotorImageryRest_run-03_events.tsv	716	318	False	161af2e8
sub-12/ses-04/meg/sub-12_ses-04_task-MotorImageryRest_run-06_meg.json	688	305	False	d598f76a
sub-12/ses-04/meg/sub-12_ses-04_task-MotorImageryRest_run-06_channels.tsv	19989	1020	False	03360556
sub-12/ses-04/meg/sub-12_ses-04_task-rest_run-02_meg.json	701	320	False	2f5291dd
sub-12/ses-04/meg/sub-12_ses-04_task-MotorImageryRest_run-01_channels.tsv	19989	1020	False	03360556
sub-12/ses-04/meg/sub-12_ses-04_task-MotorImageryRest_run-05_meg.fif	69631779	64999108	False	d7eb6042
sub-12/ses-04/meg/sub-12_ses-04_task-MotorImageryRest_run-01_meg.json	689	306	False	c574d7c9
sub-12/ses-04/meg/sub-12_ses-04_task-MotorImageryRest_run-04_events.tsv	719	321	False	f4bdc64e
sub-12/ses-04/meg/sub-12_ses-04_task-MotorImageryRest_run-01_events.json	767	336	False	95434a42
sub-12/ses-04/meg/sub-12_ses-04_task-MotorImageryRest_run-04_meg.fif	75269523	70260343	False	cbc1309b
sub-12/ses-04/meg/sub-12_ses-04_task-MotorImageryRest_run-04_events.json	767	336	False	95434a42
sub-12/ses-04/meg/sub-12_ses-04_task-MotorImageryRest_run-01_events.tsv	719	320	False	fccbb302
sub-12/ses-04/meg/sub-12_ses-04_task-rest_run-01_channels.tsv	27945	1088	False	48ee8ca0
sub-12/ses-04/eeg/sub-12_ses-04_task-MotorImageryRest_run-02_eeg.json	486	232	False	b0f441ba
sub-12/ses-04/eeg/sub-12_ses-04_task-MotorImageryRest_run-03_eeg.json	486	231	False	7d0578b9
sub-12/ses-04/eeg/sub-12_ses-04_task-MotorImageryRest_run-02_events.tsv	715	321	False	ad4c4bc8
sub-12/ses-04/eeg/sub-12_ses-04_task-MotorImageryRest_run-03_events.json	767	336	False	95434a42
sub-12/ses-04/eeg/sub-12_ses-04_task-MotorImageryRest_run-01_eeg.eeg	17091928	14866506	False	17974176
sub-12/ses-04/eeg/sub-12_ses-04_task-rest_run-02_channels.tsv	6285	368	False	c63f781e
sub-12/ses-04/eeg/sub-12_ses-04_task-MotorImageryRest_run-06_events.json	767	336	False	95434a42
sub-12/ses-04/eeg/sub-12_ses-04_task-MotorImageryRest_run-01_eeg.vmrk	1447	595	False	352aec8d
sub-12/ses-04/eeg/sub-12_ses-04_task-rest_run-02_eeg.eeg	13462376	11684563	False	43f05991
sub-12/ses-04/eeg/sub-12_ses-04_task-MotorImageryRest_run-01_eeg.vhdr	2012	798	False	16be0078
sub-12/ses-04/eeg/sub-12_ses-04_task-MotorImageryRest_run-02_eeg.eeg	16919952	14676695	False	f1cc68bb
sub-12/ses-04/eeg/sub-12_ses-04_task-MotorImageryRest_run-05_events.json	767	336	False	95434a42
sub-12/ses-04/eeg/sub-12_ses-04_task-rest_run-02_eeg.vmrk	521	336	False	5f525fbc
sub-12/ses-04/eeg/sub-12_ses-04_task-MotorImageryRest_run-03_channels.tsv	4361	330	False	f53f1e18
sub-12/ses-04/eeg/sub-12_ses-04_task-rest_run-02_eeg.vhdr	1999	795	False	c3f42db2
sub-12/ses-04/eeg/sub-12_ses-04_task-MotorImageryRest_run-04_channels.tsv	4361	330	False	f53f1e18
sub-12/ses-04/eeg/sub-12_ses-04_task-MotorImageryRest_run-06_eeg.vhdr	2012	798	False	5112b457
sub-12/ses-04/eeg/sub-12_ses-04_task-MotorImageryRest_run-06_eeg.vmrk	1447	597	False	ffe2dca4
sub-12/ses-04/eeg/sub-12_ses-04_task-MotorImageryRest_run-05_eeg.json	485	231	False	35144dc8
sub-12/ses-04/eeg/sub-12_ses-04_task-MotorImageryRest_run-04_eeg.json	486	232	False	d7eb3702
sub-12/ses-04/eeg/sub-12_ses-04_task-rest_run-01_eeg.json	498	243	False	91abe826
sub-12/ses-04/eeg/sub-12_ses-04_task-rest_run-01_eeg.eeg	13536376	11827959	False	a0cf3459
sub-12/ses-04/eeg/sub-12_ses-04_task-MotorImageryRest_run-05_channels.tsv	4361	330	False	f53f1e18
sub-12/ses-04/eeg/sub-12_ses-04_task-MotorImageryRest_run-02_channels.tsv	4361	330	False	f53f1e18
sub-12/ses-04/eeg/sub-12_ses-04_task-MotorImageryRest_run-05_events.tsv	716	318	False	bce126d7
sub-12/ses-04/eeg/sub-12_ses-04_task-MotorImageryRest_run-03_eeg.eeg	17321920	15114078	False	c0292c62
sub-12/ses-04/eeg/sub-12_ses-04_task-MotorImageryRest_run-06_eeg.eeg	16893016	14656432	False	b822231b
sub-12/ses-04/eeg/sub-12_ses-04_task-MotorImageryRest_run-03_eeg.vmrk	1447	595	False	d4c73dda
sub-12/ses-04/eeg/sub-12_ses-04_task-MotorImageryRest_run-02_eeg.vmrk	1447	591	False	0a48893c
sub-12/ses-04/eeg/sub-12_ses-04_task-MotorImageryRest_run-03_eeg.vhdr	2012	798	False	ed26cd27
sub-12/ses-04/eeg/sub-12_ses-04_task-MotorImageryRest_run-02_eeg.vhdr	2012	798	False	7d5228a8
sub-12/ses-04/eeg/sub-12_ses-04_space-CapTrak_electrodes.tsv	5144	2413	False	2a75f94e
sub-12/ses-04/eeg/sub-12_ses-04_task-MotorImageryRest_run-06_events.tsv	720	318	False	859653c8
sub-12/ses-04/eeg/sub-12_ses-04_task-MotorImageryRest_run-02_events.json	767	336	False	95434a42
sub-12/ses-04/eeg/sub-12_ses-04_task-MotorImageryRest_run-03_events.tsv	716	318	False	161af2e8
sub-12/ses-04/eeg/sub-12_ses-04_task-MotorImageryRest_run-01_eeg.json	486	231	False	270ed18a
sub-12/ses-04/eeg/sub-12_ses-04_task-MotorImageryRest_run-06_channels.tsv	4361	330	False	f53f1e18
sub-12/ses-04/eeg/sub-12_ses-04_task-MotorImageryRest_run-01_channels.tsv	4361	330	False	f53f1e18
sub-12/ses-04/eeg/sub-12_ses-04_task-MotorImageryRest_run-05_eeg.eeg	16810136	14627243	False	7ff11d27
sub-12/ses-04/eeg/sub-12_ses-04_task-MotorImageryRest_run-06_eeg.json	485	230	False	4f93bf5a
sub-12/ses-04/eeg/sub-12_ses-04_task-rest_run-02_eeg.json	498	245	False	e3e42969
sub-12/ses-04/eeg/sub-12_ses-04_task-MotorImageryRest_run-04_events.tsv	719	321	False	f4bdc64e
sub-12/ses-04/eeg/sub-12_ses-04_task-MotorImageryRest_run-01_events.json	767	336	False	95434a42
sub-12/ses-04/eeg/sub-12_ses-04_task-MotorImageryRest_run-04_eeg.eeg	18173512	15846938	False	3f061024
sub-12/ses-04/eeg/sub-12_ses-04_space-CapTrak_coordsystem.json	945	376	False	c6b70500
sub-12/ses-04/eeg/sub-12_ses-04_task-MotorImageryRest_run-04_events.json	767	336	False	95434a42
sub-12/ses-04/eeg/sub-12_ses-04_task-rest_run-01_eeg.vmrk	521	336	False	5c88418e
sub-12/ses-04/eeg/sub-12_ses-04_task-rest_run-01_eeg.vhdr	1999	795	False	1a1107de
sub-12/ses-04/eeg/sub-12_ses-04_task-MotorImageryRest_run-01_events.tsv	719	320	False	fccbb302
sub-12/ses-04/eeg/sub-12_ses-04_task-rest_run-01_channels.tsv	6285	368	False	c63f781e
sub-12/ses-04/eeg/sub-12_ses-04_task-MotorImageryRest_run-04_eeg.vhdr	2012	796	False	aa8a7908
sub-12/ses-04/eeg/sub-12_ses-04_task-MotorImageryRest_run-05_eeg.vhdr	2012	798	False	3afe9c87
sub-12/ses-04/eeg/sub-12_ses-04_task-MotorImageryRest_run-04_eeg.vmrk	1447	597	False	8404edde
sub-12/ses-04/eeg/sub-12_ses-04_task-MotorImageryRest_run-05_eeg.vmrk	1447	593	False	0a1dcc2b
sub-12/ses-03/meg/sub-12_ses-03_task-rest_run-02_channels.tsv	19989	1020	False	03360556
sub-12/ses-03/meg/sub-12_ses-03_task-MotorImageryRest_run-05_meg.json	689	306	False	8f8f07c4
sub-12/ses-03/meg/sub-12_ses-03_task-MotorImageryRest_run-04_meg.json	689	305	False	b782596d
sub-12/ses-03/meg/sub-12_ses-03_task-MotorImageryRest_run-01_meg.fif	70232367	65569926	False	4c090f4d
sub-12/ses-03/meg/sub-12_ses-03_task-MotorImageryRest_run-05_events.tsv	721	316	False	f6b7b0a7
sub-12/ses-03/meg/sub-12_ses-03_task-MotorImageryRest_run-05_events.json	767	336	False	95434a42
sub-12/ses-03/meg/sub-12_ses-03_task-rest_run-01_meg.json	701	318	False	d757d1b7
sub-12/ses-03/meg/sub-12_ses-03_task-MotorImageryRest_run-02_meg.fif	69572635	64960679	False	40f88d42
sub-12/ses-03/meg/sub-12_ses-03_task-MotorImageryRest_run-06_events.json	767	336	False	95434a42
sub-12/ses-03/meg/sub-12_ses-03_task-MotorImageryRest_run-02_channels.tsv	19989	1020	False	03360556
sub-12/ses-03/meg/sub-12_ses-03_task-MotorImageryRest_run-05_channels.tsv	19989	1020	False	03360556
sub-12/ses-03/meg/sub-12_ses-03_task-MotorImageryRest_run-02_events.tsv	720	315	False	5a96cb71
sub-12/ses-03/meg/sub-12_ses-03_task-MotorImageryRest_run-03_events.json	767	336	False	95434a42
sub-12/ses-03/meg/sub-12_ses-03_task-MotorImageryRest_run-04_channels.tsv	19989	1020	False	03360556
sub-12/ses-03/meg/sub-12_ses-03_task-MotorImageryRest_run-02_meg.json	689	306	False	3bb5ae8c
sub-12/ses-03/meg/sub-12_ses-03_task-MotorImageryRest_run-03_meg.json	688	305	False	b5dcf0ae
sub-12/ses-03/meg/sub-12_ses-03_task-MotorImageryRest_run-03_channels.tsv	19989	1020	False	03360556
sub-12/ses-03/meg/sub-12_ses-03_task-MotorImageryRest_run-03_meg.fif	70360891	65667914	False	1150cd9f
sub-12/ses-03/meg/sub-12_ses-03_task-rest_run-02_meg.json	677	295	False	190b03f7
sub-12/ses-03/meg/sub-12_ses-03_task-MotorImageryRest_run-06_meg.fif	71526139	66767466	False	ea008b7e
sub-12/ses-03/meg/sub-12_ses-03_task-rest_run-02_meg.fif	55889096	52137098	False	1434206f
sub-12/ses-03/meg/sub-12_ses-03_task-MotorImageryRest_run-04_events.tsv	721	318	False	64ebb5c3
sub-12/ses-03/meg/sub-12_ses-03_task-MotorImageryRest_run-04_events.json	767	336	False	95434a42
sub-12/ses-03/meg/sub-12_ses-03_task-MotorImageryRest_run-01_channels.tsv	19989	1020	False	03360556
sub-12/ses-03/meg/sub-12_ses-03_task-MotorImageryRest_run-06_channels.tsv	19989	1020	False	03360556
sub-12/ses-03/meg/sub-12_ses-03_task-MotorImageryRest_run-06_meg.json	689	306	False	0e00c6a0
sub-12/ses-03/meg/sub-12_ses-03_task-MotorImageryRest_run-01_events.json	767	336	False	95434a42
sub-12/ses-03/meg/sub-12_ses-03_task-MotorImageryRest_run-01_events.tsv	720	321	False	fc0e8cb4
sub-12/ses-03/meg/sub-12_ses-03_coordsystem.json	2220	475	False	51ea1b0c
sub-12/ses-03/meg/sub-12_ses-03_task-MotorImageryRest_run-01_meg.json	688	305	False	ac9026f6
sub-12/ses-03/meg/sub-12_ses-03_task-MotorImageryRest_run-06_events.tsv	716	322	False	6e6c59f2
sub-12/ses-03/meg/sub-12_ses-03_task-rest_run-01_channels.tsv	27945	1088	False	48ee8ca0
sub-12/ses-03/meg/sub-12_ses-03_task-rest_run-01_meg.fif	62518280	58309051	False	f7cba637
sub-12/ses-03/meg/sub-12_ses-03_task-MotorImageryRest_run-05_meg.fif	70934947	66213786	False	2294b890
sub-12/ses-03/meg/sub-12_ses-03_task-MotorImageryRest_run-02_events.json	767	336	False	95434a42
sub-12/ses-03/meg/sub-12_ses-03_task-MotorImageryRest_run-04_meg.fif	72100191	67301879	False	611766f5
sub-12/ses-03/meg/sub-12_ses-03_task-MotorImageryRest_run-03_events.tsv	723	322	False	34cf493a
sub-12/ses-03/eeg/sub-12_ses-03_task-rest_run-02_channels.tsv	4361	330	False	f53f1e18
sub-12/ses-03/eeg/sub-12_ses-03_space-CapTrak_electrodes.tsv	5144	2446	False	e2523587
sub-12/ses-03/eeg/sub-12_ses-03_task-MotorImageryRest_run-03_eeg.json	485	231	False	b21575e4
sub-12/ses-03/eeg/sub-12_ses-03_task-MotorImageryRest_run-02_eeg.json	486	232	False	4c107d94
sub-12/ses-03/eeg/sub-12_ses-03_task-MotorImageryRest_run-01_eeg.eeg	16955176	14826607	False	1d81d250
sub-12/ses-03/eeg/sub-12_ses-03_task-MotorImageryRest_run-05_events.tsv	721	316	False	f6b7b0a7
sub-12/ses-03/eeg/sub-12_ses-03_task-MotorImageryRest_run-01_eeg.vmrk	1447	598	False	114da677
sub-12/ses-03/eeg/sub-12_ses-03_task-MotorImageryRest_run-01_eeg.vhdr	2012	798	False	f0287fa3
sub-12/ses-03/eeg/sub-12_ses-03_task-MotorImageryRest_run-05_events.json	767	336	False	95434a42
sub-12/ses-03/eeg/sub-12_ses-03_task-MotorImageryRest_run-06_eeg.vhdr	2012	798	False	b784cb8c
sub-12/ses-03/eeg/sub-12_ses-03_task-MotorImageryRest_run-06_eeg.vmrk	1447	601	False	0f0f8fe7
sub-12/ses-03/eeg/sub-12_ses-03_task-MotorImageryRest_run-02_eeg.eeg	16795632	14542809	False	3d077146
sub-12/ses-03/eeg/sub-12_ses-03_task-MotorImageryRest_run-06_events.json	767	336	False	95434a42
sub-12/ses-03/eeg/sub-12_ses-03_task-MotorImageryRest_run-02_channels.tsv	4361	330	False	f53f1e18
sub-12/ses-03/eeg/sub-12_ses-03_task-rest_run-01_eeg.json	498	244	False	98c8683e
sub-12/ses-03/eeg/sub-12_ses-03_task-MotorImageryRest_run-05_channels.tsv	4361	330	False	f53f1e18
sub-12/ses-03/eeg/sub-12_ses-03_task-MotorImageryRest_run-02_events.tsv	720	315	False	5a96cb71
sub-12/ses-03/eeg/sub-12_ses-03_task-MotorImageryRest_run-03_events.json	767	336	False	95434a42
sub-12/ses-03/eeg/sub-12_ses-03_task-rest_run-02_eeg.vhdr	1988	788	False	5dde6f6b
sub-12/ses-03/eeg/sub-12_ses-03_task-rest_run-02_eeg.vmrk	521	336	False	341d4d70
sub-12/ses-03/eeg/sub-12_ses-03_task-MotorImageryRest_run-04_channels.tsv	4361	330	False	f53f1e18
sub-12/ses-03/eeg/sub-12_ses-03_task-MotorImageryRest_run-03_channels.tsv	4361	330	False	f53f1e18
sub-12/ses-03/eeg/sub-12_ses-03_task-MotorImageryRest_run-03_eeg.eeg	16986256	14725465	False	dfca0086
sub-12/ses-03/eeg/sub-12_ses-03_task-MotorImageryRest_run-04_eeg.json	486	232	False	47128922
sub-12/ses-03/eeg/sub-12_ses-03_task-MotorImageryRest_run-05_eeg.json	486	232	False	1461e16e
sub-12/ses-03/eeg/sub-12_ses-03_task-MotorImageryRest_run-06_eeg.eeg	17268048	15047318	False	f1f3750e
sub-12/ses-03/eeg/sub-12_ses-03_task-MotorImageryRest_run-04_events.tsv	721	318	False	64ebb5c3
sub-12/ses-03/eeg/sub-12_ses-03_task-rest_run-02_eeg.eeg	13486648	11753223	False	ce6dd867
sub-12/ses-03/eeg/sub-12_ses-03_task-MotorImageryRest_run-04_events.json	767	336	False	95434a42
sub-12/ses-03/eeg/sub-12_ses-03_task-MotorImageryRest_run-02_eeg.vmrk	1447	593	False	a63d433f
sub-12/ses-03/eeg/sub-12_ses-03_task-MotorImageryRest_run-03_eeg.vmrk	1447	593	False	478b682c
sub-12/ses-03/eeg/sub-12_ses-03_task-MotorImageryRest_run-01_channels.tsv	4361	330	False	f53f1e18
sub-12/ses-03/eeg/sub-12_ses-03_task-MotorImageryRest_run-02_eeg.vhdr	2012	797	False	9bc45773
sub-12/ses-03/eeg/sub-12_ses-03_task-MotorImageryRest_run-03_eeg.vhdr	2012	796	False	0bb0b2fc
sub-12/ses-03/eeg/sub-12_ses-03_task-MotorImageryRest_run-06_channels.tsv	4361	330	False	f53f1e18
sub-12/ses-03/eeg/sub-12_ses-03_task-MotorImageryRest_run-01_events.json	767	336	False	95434a42
sub-12/ses-03/eeg/sub-12_ses-03_space-CapTrak_coordsystem.json	945	378	False	052fe2d9
sub-12/ses-03/eeg/sub-12_ses-03_task-MotorImageryRest_run-01_eeg.json	485	230	False	4d53c2aa
sub-12/ses-03/eeg/sub-12_ses-03_task-MotorImageryRest_run-01_events.tsv	720	321	False	fc0e8cb4
sub-12/ses-03/eeg/sub-12_ses-03_task-MotorImageryRest_run-06_eeg.json	486	231	False	7821fa65
sub-12/ses-03/eeg/sub-12_ses-03_task-MotorImageryRest_run-06_events.tsv	716	322	False	6e6c59f2
sub-12/ses-03/eeg/sub-12_ses-03_task-rest_run-01_channels.tsv	6285	368	False	c63f781e
sub-12/ses-03/eeg/sub-12_ses-03_task-rest_run-01_eeg.eeg	15089784	13168995	False	9a3e4ad7
sub-12/ses-03/eeg/sub-12_ses-03_task-rest_run-01_eeg.vhdr	1999	795	False	dc23427b
sub-12/ses-03/eeg/sub-12_ses-03_task-MotorImageryRest_run-05_eeg.eeg	17125080	14875511	False	81218961
sub-12/ses-03/eeg/sub-12_ses-03_task-rest_run-01_eeg.vmrk	521	336	False	37c75342
sub-12/ses-03/eeg/sub-12_ses-03_task-MotorImageryRest_run-02_events.json	767	336	False	95434a42
sub-12/ses-03/eeg/sub-12_ses-03_task-MotorImageryRest_run-04_eeg.eeg	17406872	15243407	False	cbe13f50
sub-12/ses-03/eeg/sub-12_ses-03_task-rest_run-02_eeg.json	474	222	False	99dd7f8d
sub-12/ses-03/eeg/sub-12_ses-03_task-MotorImageryRest_run-05_eeg.vhdr	2012	798	False	dc68e35c
sub-12/ses-03/eeg/sub-12_ses-03_task-MotorImageryRest_run-04_eeg.vhdr	2012	798	False	4c1c06d3
sub-12/ses-03/eeg/sub-12_ses-03_task-MotorImageryRest_run-05_eeg.vmrk	1447	596	False	8cc0a5cb
sub-12/ses-03/eeg/sub-12_ses-03_task-MotorImageryRest_run-04_eeg.vmrk	1447	592	False	7d2fb9ab
sub-12/ses-03/eeg/sub-12_ses-03_task-MotorImageryRest_run-03_events.tsv	723	322	False	34cf493a
sub-12/ses-01/meg/sub-12_ses-01_task-MotorImageryRest_run-04_meg.fif	69382695	64746987	False	55d162da
sub-12/ses-01/meg/sub-12_ses-01_task-MotorImageryRest_run-02_events.json	767	336	False	95434a42
sub-12/ses-01/meg/sub-12_ses-01_task-rest_run-01_meg.fif	69562184	64934281	False	619588b0
sub-12/ses-01/meg/sub-12_ses-01_task-MotorImageryRest_run-01_channels.tsv	19989	1020	False	03360556
sub-12/ses-01/meg/sub-12_ses-01_task-MotorImageryRest_run-06_channels.tsv	19989	1020	False	03360556
sub-12/ses-01/meg/sub-12_ses-01_task-MotorImageryRest_run-04_meg.json	689	306	False	e11704cc
sub-12/ses-01/meg/sub-12_ses-01_task-MotorImageryRest_run-05_meg.json	689	306	False	c47cd870
sub-12/ses-01/meg/sub-12_ses-01_task-MotorImageryRest_run-05_events.tsv	718	318	False	5576ee50
sub-12/ses-01/meg/sub-12_ses-01_coordsystem.json	2196	460	False	47f0dd87
sub-12/ses-01/meg/sub-12_ses-01_task-MotorImageryRest_run-05_meg.fif	70042435	65386383	False	b22f0291
sub-12/ses-01/meg/sub-12_ses-01_task-MotorImageryRest_run-04_events.json	767	336	False	95434a42
sub-12/ses-01/meg/sub-12_ses-01_task-rest_run-02_meg.fif	57472736	53632093	False	d6e46e6d
sub-12/ses-01/meg/sub-12_ses-01_task-MotorImageryRest_run-02_events.tsv	719	317	False	4e8c69eb
sub-12/ses-01/meg/sub-12_ses-01_task-MotorImageryRest_run-06_meg.fif	71456151	66707146	False	0be62530
sub-12/ses-01/meg/sub-12_ses-01_task-MotorImageryRest_run-01_events.json	767	336	False	95434a42
sub-12/ses-01/meg/sub-12_ses-01_task-rest_run-01_meg.json	677	295	False	f146bb24
sub-12/ses-01/meg/sub-12_ses-01_task-rest_run-01_channels.tsv	19989	1020	False	03360556
sub-12/ses-01/meg/sub-12_ses-01_task-MotorImageryRest_run-03_meg.json	689	306	False	0122c4cf
sub-12/ses-01/meg/sub-12_ses-01_task-MotorImageryRest_run-02_meg.json	689	306	False	2bb076b8
sub-12/ses-01/meg/sub-12_ses-01_task-MotorImageryRest_run-06_events.json	767	336	False	95434a42
sub-12/ses-01/meg/sub-12_ses-01_task-MotorImageryRest_run-01_events.tsv	725	317	False	0352f777
sub-12/ses-01/meg/sub-12_ses-01_task-MotorImageryRest_run-03_meg.fif	69922479	65274283	False	e47b5367
sub-12/ses-01/meg/sub-12_ses-01_task-MotorImageryRest_run-06_meg.json	689	306	False	eda51f2a
sub-12/ses-01/meg/sub-12_ses-01_task-MotorImageryRest_run-02_meg.fif	70984911	66262550	False	c9d854ab
sub-12/ses-01/meg/sub-12_ses-01_task-MotorImageryRest_run-03_events.json	767	336	False	95434a42
sub-12/ses-01/meg/sub-12_ses-01_task-MotorImageryRest_run-04_events.tsv	723	324	False	85e031ac
sub-12/ses-01/meg/sub-12_ses-01_task-rest_run-02_channels.tsv	19989	1020	False	03360556
sub-12/ses-01/meg/sub-12_ses-01_task-rest_run-02_meg.json	677	295	False	5f91d74c
sub-12/ses-01/meg/sub-12_ses-01_task-MotorImageryRest_run-03_events.tsv	717	320	False	9da9caa0
sub-12/ses-01/meg/sub-12_ses-01_task-MotorImageryRest_run-01_meg.json	689	307	False	4e4afd27
sub-12/ses-01/meg/sub-12_ses-01_task-MotorImageryRest_run-02_channels.tsv	19989	1020	False	03360556
sub-12/ses-01/meg/sub-12_ses-01_task-MotorImageryRest_run-05_channels.tsv	19989	1020	False	03360556
sub-12/ses-01/meg/sub-12_ses-01_task-MotorImageryRest_run-04_channels.tsv	19989	1020	False	03360556
sub-12/ses-01/meg/sub-12_ses-01_task-MotorImageryRest_run-03_channels.tsv	19989	1020	False	03360556
sub-12/ses-01/meg/sub-12_ses-01_task-MotorImageryRest_run-06_events.tsv	719	322	False	f936c917
sub-12/ses-01/meg/sub-12_ses-01_task-MotorImageryRest_run-01_meg.fif	70462263	65801140	False	9167b0ab
sub-12/ses-01/meg/sub-12_ses-01_task-MotorImageryRest_run-05_events.json	767	336	False	95434a42
sub-12/ses-01/eeg/sub-12_ses-01_task-MotorImageryRest_run-04_eeg.eeg	16750048	14645649	False	52dc1727
sub-12/ses-01/eeg/sub-12_ses-01_task-MotorImageryRest_run-02_events.json	767	336	False	95434a42
sub-12/ses-01/eeg/sub-12_ses-01_task-rest_run-01_eeg.eeg	16793560	14640079	False	433abb6c
sub-12/ses-01/eeg/sub-12_ses-01_task-MotorImageryRest_run-02_eeg.json	486	232	False	47a3c88f
sub-12/ses-01/eeg/sub-12_ses-01_task-MotorImageryRest_run-03_eeg.json	486	231	False	3260b557
sub-12/ses-01/eeg/sub-12_ses-01_task-MotorImageryRest_run-01_channels.tsv	4361	330	False	f53f1e18
sub-12/ses-01/eeg/sub-12_ses-01_task-MotorImageryRest_run-06_channels.tsv	4361	330	False	f53f1e18
sub-12/ses-01/eeg/sub-12_ses-01_task-rest_run-01_eeg.json	474	222	False	99cc4b11
sub-12/ses-01/eeg/sub-12_ses-01_task-MotorImageryRest_run-05_events.tsv	718	318	False	5576ee50
sub-12/ses-01/eeg/sub-12_ses-01_task-rest_run-02_eeg.vmrk	521	336	False	940f98ae
sub-12/ses-01/eeg/sub-12_ses-01_task-rest_run-02_eeg.vhdr	1988	789	False	b8f5eab5
sub-12/ses-01/eeg/sub-12_ses-01_task-MotorImageryRest_run-01_eeg.vhdr	2012	796	False	f7818132
sub-12/ses-01/eeg/sub-12_ses-01_task-MotorImageryRest_run-01_eeg.vmrk	1447	596	False	58ba7c9c
sub-12/ses-01/eeg/sub-12_ses-01_space-CapTrak_coordsystem.json	945	378	False	6718c550
sub-12/ses-01/eeg/sub-12_ses-01_task-MotorImageryRest_run-05_eeg.eeg	16909592	14734880	False	8e3fe673
sub-12/ses-01/eeg/sub-12_ses-01_task-MotorImageryRest_run-04_events.json	767	336	False	95434a42
sub-12/ses-01/eeg/sub-12_ses-01_task-MotorImageryRest_run-06_eeg.vmrk	1447	592	False	d8f001f2
sub-12/ses-01/eeg/sub-12_ses-01_task-MotorImageryRest_run-06_eeg.vhdr	2012	798	False	b02d351d
sub-12/ses-01/eeg/sub-12_ses-01_task-rest_run-02_eeg.eeg	13869968	12032431	False	58602a1d
sub-12/ses-01/eeg/sub-12_ses-01_task-MotorImageryRest_run-02_events.tsv	719	317	False	4e8c69eb
sub-12/ses-01/eeg/sub-12_ses-01_task-MotorImageryRest_run-06_eeg.eeg	17251472	15082432	False	da3da32e
sub-12/ses-01/eeg/sub-12_ses-01_task-MotorImageryRest_run-05_eeg.json	486	232	False	db30de14
sub-12/ses-01/eeg/sub-12_ses-01_task-MotorImageryRest_run-04_eeg.json	486	232	False	8a81ce6e
sub-12/ses-01/eeg/sub-12_ses-01_task-MotorImageryRest_run-01_events.json	767	336	False	95434a42
sub-12/ses-01/eeg/sub-12_ses-01_task-rest_run-01_channels.tsv	4361	330	False	f53f1e18
sub-12/ses-01/eeg/sub-12_ses-01_task-MotorImageryRest_run-06_events.json	767	336	False	95434a42
sub-12/ses-01/eeg/sub-12_ses-01_task-MotorImageryRest_run-01_events.tsv	725	317	False	0352f777
sub-12/ses-01/eeg/sub-12_ses-01_task-rest_run-01_eeg.vmrk	521	335	False	97d5869c
sub-12/ses-01/eeg/sub-12_ses-01_task-rest_run-01_eeg.vhdr	1988	787	False	0de33a31
sub-12/ses-01/eeg/sub-12_ses-01_task-MotorImageryRest_run-03_eeg.vhdr	2012	798	False	0c194c6d
sub-12/ses-01/eeg/sub-12_ses-01_task-MotorImageryRest_run-02_eeg.vhdr	2012	798	False	9c6da9e2
sub-12/ses-01/eeg/sub-12_ses-01_task-MotorImageryRest_run-03_eeg.vmrk	1447	598	False	83e22e7b
sub-12/ses-01/eeg/sub-12_ses-01_task-MotorImageryRest_run-02_eeg.vmrk	1446	598	False	38bebb3e
sub-12/ses-01/eeg/sub-12_ses-01_task-MotorImageryRest_run-03_eeg.eeg	16880584	14700904	False	73c05f3d
sub-12/ses-01/eeg/sub-12_ses-01_task-MotorImageryRest_run-01_eeg.json	486	232	False	909b1a77
sub-12/ses-01/eeg/sub-12_ses-01_task-rest_run-02_eeg.json	474	223	False	3ff98567
sub-12/ses-01/eeg/sub-12_ses-01_task-MotorImageryRest_run-02_eeg.eeg	17137512	14826360	False	79ed073a
sub-12/ses-01/eeg/sub-12_ses-01_task-MotorImageryRest_run-03_events.json	767	336	False	95434a42
sub-12/ses-01/eeg/sub-12_ses-01_task-MotorImageryRest_run-04_events.tsv	723	324	False	85e031ac
sub-12/ses-01/eeg/sub-12_ses-01_task-rest_run-02_channels.tsv	4361	330	False	f53f1e18
sub-12/ses-01/eeg/sub-12_ses-01_task-MotorImageryRest_run-06_eeg.json	486	232	False	1bcf87c4
sub-12/ses-01/eeg/sub-12_ses-01_task-MotorImageryRest_run-03_events.tsv	717	320	False	9da9caa0
sub-12/ses-01/eeg/sub-12_ses-01_space-CapTrak_electrodes.tsv	5166	2439	False	cbc790f9
sub-12/ses-01/eeg/sub-12_ses-01_task-MotorImageryRest_run-02_channels.tsv	4361	330	False	f53f1e18
sub-12/ses-01/eeg/sub-12_ses-01_task-MotorImageryRest_run-05_channels.tsv	4361	330	False	f53f1e18
sub-12/ses-01/eeg/sub-12_ses-01_task-MotorImageryRest_run-04_channels.tsv	4361	330	False	f53f1e18
sub-12/ses-01/eeg/sub-12_ses-01_task-MotorImageryRest_run-03_channels.tsv	4361	330	False	f53f1e18
sub-12/ses-01/eeg/sub-12_ses-01_task-MotorImageryRest_run-06_events.tsv	719	322	False	f936c917
sub-12/ses-01/eeg/sub-12_ses-01_task-MotorImageryRest_run-01_eeg.eeg	17011120	14787867	False	afdd45ff
sub-12/ses-01/eeg/sub-12_ses-01_task-MotorImageryRest_run-04_eeg.vmrk	1447	596	False	8479e25b
sub-12/ses-01/eeg/sub-12_ses-01_task-MotorImageryRest_run-05_events.json	767	336	False	95434a42
sub-12/ses-01/eeg/sub-12_ses-01_task-MotorImageryRest_run-05_eeg.vmrk	1446	597	False	7258291c
sub-12/ses-01/eeg/sub-12_ses-01_task-MotorImageryRest_run-04_eeg.vhdr	2012	798	False	4bb5f842
sub-12/ses-01/eeg/sub-12_ses-01_task-MotorImageryRest_run-05_eeg.vhdr	2012	798	False	dbc11dcd
sub-14/	0	0	False	00000000
__MACOSX/._sub-14	220	93	False	29d7e44a
sub-14/.DS_Store	6148	350	False	9d2baaa6
__MACOSX/sub-14/._.DS_Store	120	53	False	38c0880b
sub-14/ses-02/	0	0	False	00000000
sub-14/ses-04/	0	0	False	00000000
sub-14/ses-03/	0	0	False	00000000
sub-14/ses-01/	0	0	False	00000000
sub-14/ses-02/sub-14_ses-02_scans.tsv	1309	225	False	e24f553e
sub-14/ses-02/.DS_Store	6148	284	False	70b3dbfd
__MACOSX/sub-14/ses-02/._.DS_Store	120	53	False	38c0880b
sub-14/ses-02/meg/	0	0	False	00000000
sub-14/ses-02/eeg/	0	0	False	00000000
sub-14/ses-04/.DS_Store	6148	283	False	f0da7a58
__MACOSX/sub-14/ses-04/._.DS_Store	120	53	False	38c0880b
sub-14/ses-04/sub-14_ses-04_scans.tsv	1309	229	False	1629f47d
sub-14/ses-04/meg/	0	0	False	00000000
sub-14/ses-04/eeg/	0	0	False	00000000
sub-14/ses-03/.DS_Store	6148	283	False	7628f117
__MACOSX/sub-14/ses-03/._.DS_Store	120	53	False	38c0880b
sub-14/ses-03/sub-14_ses-03_scans.tsv	1309	229	False	765712f5
sub-14/ses-03/meg/	0	0	False	00000000
sub-14/ses-03/eeg/	0	0	False	00000000
sub-14/ses-01/.DS_Store	6148	275	False	57c96268
__MACOSX/sub-14/ses-01/._.DS_Store	120	53	False	38c0880b
sub-14/ses-01/meg/	0	0	False	00000000
sub-14/ses-01/sub-14_ses-01_scans.tsv	1309	224	False	2fb527cc
sub-14/ses-01/eeg/	0	0	False	00000000
sub-14/ses-02/meg/sub-14_ses-02_task-MotorImageryRest_run-01_events.tsv	720	316	False	7a53812d
sub-14/ses-02/meg/sub-14_ses-02_task-rest_run-01_meg.json	677	294	False	943552b7
sub-14/ses-02/meg/sub-14_ses-02_task-MotorImageryRest_run-06_meg.json	689	305	False	e9d4b075
sub-14/ses-02/meg/sub-14_ses-02_task-MotorImageryRest_run-02_meg.fif	71665059	66914375	False	46004518
sub-14/ses-02/meg/sub-14_ses-02_coordsystem.json	2196	463	False	fc29e5f3
sub-14/ses-02/meg/sub-14_ses-02_task-MotorImageryRest_run-03_meg.fif	70122819	65499812	False	b14f5a5b
sub-14/ses-02/meg/sub-14_ses-02_task-MotorImageryRest_run-04_events.tsv	724	319	False	34478076
sub-14/ses-02/meg/sub-14_ses-02_task-MotorImageryRest_run-02_events.json	767	336	False	95434a42
sub-14/ses-02/meg/sub-14_ses-02_task-MotorImageryRest_run-01_events.json	767	336	False	95434a42
sub-14/ses-02/meg/sub-14_ses-02_task-MotorImageryRest_run-03_events.tsv	713	317	False	7bc10eb2
sub-14/ses-02/meg/sub-14_ses-02_task-MotorImageryRest_run-01_meg.fif	69394539	64766657	False	920816c2
sub-14/ses-02/meg/sub-14_ses-02_task-MotorImageryRest_run-03_channels.tsv	19989	1020	False	03360556
sub-14/ses-02/meg/sub-14_ses-02_task-MotorImageryRest_run-04_channels.tsv	19989	1020	False	03360556
sub-14/ses-02/meg/sub-14_ses-02_task-MotorImageryRest_run-01_meg.json	689	306	False	0e9305c5
sub-14/ses-02/meg/sub-14_ses-02_task-rest_run-02_channels.tsv	19989	1020	False	03360556
sub-14/ses-02/meg/sub-14_ses-02_task-MotorImageryRest_run-04_events.json	767	336	False	95434a42
sub-14/ses-02/meg/sub-14_ses-02_task-MotorImageryRest_run-05_channels.tsv	19989	1020	False	03360556
sub-14/ses-02/meg/sub-14_ses-02_task-MotorImageryRest_run-02_channels.tsv	19989	1020	False	03360556
sub-14/ses-02/meg/sub-14_ses-02_task-MotorImageryRest_run-06_events.tsv	727	316	False	107ae744
sub-14/ses-02/meg/sub-14_ses-02_task-MotorImageryRest_run-03_events.json	767	336	False	95434a42
sub-14/ses-02/meg/sub-14_ses-02_task-MotorImageryRest_run-05_meg.fif	70576923	65897984	False	c6dc68c1
sub-14/ses-02/meg/sub-14_ses-02_task-MotorImageryRest_run-05_events.tsv	719	321	False	9a55dbd0
sub-14/ses-02/meg/sub-14_ses-02_task-rest_run-02_meg.fif	90308588	84342764	False	5007b146
sub-14/ses-02/meg/sub-14_ses-02_task-rest_run-02_meg.json	677	295	False	bf1a3184
sub-14/ses-02/meg/sub-14_ses-02_task-MotorImageryRest_run-06_events.json	767	336	False	95434a42
sub-14/ses-02/meg/sub-14_ses-02_task-MotorImageryRest_run-06_channels.tsv	19989	1020	False	03360556
sub-14/ses-02/meg/sub-14_ses-02_task-MotorImageryRest_run-04_meg.fif	70542651	65888740	False	8a1d0615
sub-14/ses-02/meg/sub-14_ses-02_task-MotorImageryRest_run-01_channels.tsv	19989	1020	False	03360556
sub-14/ses-02/meg/sub-14_ses-02_task-rest_run-01_channels.tsv	19989	1020	False	03360556
sub-14/ses-02/meg/sub-14_ses-02_task-MotorImageryRest_run-04_meg.json	689	306	False	fc73a403
sub-14/ses-02/meg/sub-14_ses-02_task-MotorImageryRest_run-05_meg.json	688	305	False	5aaac5bc
sub-14/ses-02/meg/sub-14_ses-02_task-rest_run-01_meg.fif	94284144	88027737	False	ee03bde2
sub-14/ses-02/meg/sub-14_ses-02_task-MotorImageryRest_run-05_events.json	767	336	False	95434a42
sub-14/ses-02/meg/sub-14_ses-02_task-MotorImageryRest_run-06_meg.fif	74886627	69918816	False	c481a948
sub-14/ses-02/meg/sub-14_ses-02_task-MotorImageryRest_run-03_meg.json	689	306	False	c85d00f3
sub-14/ses-02/meg/sub-14_ses-02_task-MotorImageryRest_run-02_meg.json	689	306	False	76790b53
sub-14/ses-02/meg/sub-14_ses-02_task-MotorImageryRest_run-02_events.tsv	720	320	False	b66ed837
sub-14/ses-02/eeg/sub-14_ses-02_task-MotorImageryRest_run-01_events.tsv	720	316	False	7a53812d
sub-14/ses-02/eeg/sub-14_ses-02_task-MotorImageryRest_run-01_eeg.json	486	232	False	8c5199da
sub-14/ses-02/eeg/sub-14_ses-02_task-MotorImageryRest_run-02_eeg.eeg	17301200	15075335	False	33522f61
sub-14/ses-02/eeg/sub-14_ses-02_task-MotorImageryRest_run-03_eeg.eeg	16928240	14726729	False	aad20bd2
sub-14/ses-02/eeg/sub-14_ses-02_task-MotorImageryRest_run-04_events.tsv	724	319	False	34478076
sub-14/ses-02/eeg/sub-14_ses-02_task-MotorImageryRest_run-03_eeg.vhdr	2012	798	False	b5e58914
sub-14/ses-02/eeg/sub-14_ses-02_task-MotorImageryRest_run-02_eeg.vhdr	2012	796	False	25916c9b
sub-14/ses-02/eeg/sub-14_ses-02_task-MotorImageryRest_run-03_eeg.vmrk	1447	592	False	588a458e
sub-14/ses-02/eeg/sub-14_ses-02_task-MotorImageryRest_run-02_eeg.vmrk	1447	591	False	50df8267
sub-14/ses-02/eeg/sub-14_ses-02_task-MotorImageryRest_run-02_events.json	767	336	False	95434a42
sub-14/ses-02/eeg/sub-14_ses-02_task-MotorImageryRest_run-01_events.json	767	336	False	95434a42
sub-14/ses-02/eeg/sub-14_ses-02_task-MotorImageryRest_run-03_events.tsv	713	317	False	7bc10eb2
sub-14/ses-02/eeg/sub-14_ses-02_task-MotorImageryRest_run-01_eeg.eeg	16752120	14556980	False	1af02894
sub-14/ses-02/eeg/sub-14_ses-02_task-MotorImageryRest_run-03_channels.tsv	4361	330	False	f53f1e18
sub-14/ses-02/eeg/sub-14_ses-02_task-MotorImageryRest_run-04_channels.tsv	4361	330	False	f53f1e18
sub-14/ses-02/eeg/sub-14_ses-02_task-rest_run-02_eeg.vmrk	521	335	False	8da9597b
sub-14/ses-02/eeg/sub-14_ses-02_task-rest_run-02_eeg.vhdr	1988	787	False	d2695d71
sub-14/ses-02/eeg/sub-14_ses-02_task-MotorImageryRest_run-04_eeg.vmrk	1447	596	False	3c793361
sub-14/ses-02/eeg/sub-14_ses-02_task-MotorImageryRest_run-05_eeg.vmrk	1447	593	False	05ecdcca
sub-14/ses-02/eeg/sub-14_ses-02_task-MotorImageryRest_run-04_eeg.vhdr	2012	798	False	f2493d3b
sub-14/ses-02/eeg/sub-14_ses-02_task-MotorImageryRest_run-05_eeg.vhdr	2012	798	False	623dd8b4
sub-14/ses-02/eeg/sub-14_ses-02_task-MotorImageryRest_run-06_eeg.json	486	232	False	a5bd77e6
sub-14/ses-02/eeg/sub-14_ses-02_task-rest_run-01_eeg.json	474	222	False	9dfff991
sub-14/ses-02/eeg/sub-14_ses-02_task-rest_run-02_channels.tsv	4361	330	False	f53f1e18
sub-14/ses-02/eeg/sub-14_ses-02_task-MotorImageryRest_run-04_events.json	767	336	False	95434a42
sub-14/ses-02/eeg/sub-14_ses-02_task-MotorImageryRest_run-05_channels.tsv	4361	330	False	f53f1e18
sub-14/ses-02/eeg/sub-14_ses-02_task-MotorImageryRest_run-02_channels.tsv	4361	330	False	f53f1e18
sub-14/ses-02/eeg/sub-14_ses-02_task-MotorImageryRest_run-06_events.tsv	727	316	False	107ae744
sub-14/ses-02/eeg/sub-14_ses-02_task-MotorImageryRest_run-03_events.json	767	336	False	95434a42
sub-14/ses-02/eeg/sub-14_ses-02_task-MotorImageryRest_run-05_eeg.eeg	17038056	14860443	False	3da9faa7
sub-14/ses-02/eeg/sub-14_ses-02_task-MotorImageryRest_run-01_eeg.vhdr	2012	798	False	4e7d444b
sub-14/ses-02/eeg/sub-14_ses-02_task-MotorImageryRest_run-01_eeg.vmrk	1447	595	False	c959515e
sub-14/ses-02/eeg/sub-14_ses-02_task-MotorImageryRest_run-05_events.tsv	719	321	False	9a55dbd0
sub-14/ses-02/eeg/sub-14_ses-02_task-rest_run-02_eeg.eeg	21809872	18868422	False	11f56cf8
sub-14/ses-02/eeg/sub-14_ses-02_task-MotorImageryRest_run-06_events.json	767	336	False	95434a42
sub-14/ses-02/eeg/sub-14_ses-02_task-MotorImageryRest_run-06_channels.tsv	4361	330	False	f53f1e18
sub-14/ses-02/eeg/sub-14_ses-02_task-MotorImageryRest_run-02_eeg.json	486	232	False	b2521bab
sub-14/ses-02/eeg/sub-14_ses-02_task-MotorImageryRest_run-01_channels.tsv	4361	330	False	f53f1e18
sub-14/ses-02/eeg/sub-14_ses-02_task-MotorImageryRest_run-04_eeg.eeg	17029768	14826710	False	f4a88947
sub-14/ses-02/eeg/sub-14_ses-02_task-MotorImageryRest_run-03_eeg.json	486	232	False	be0ef401
sub-14/ses-02/eeg/sub-14_ses-02_space-CapTrak_electrodes.tsv	5148	2433	False	6b1563e7
sub-14/ses-02/eeg/sub-14_ses-02_task-rest_run-01_channels.tsv	4361	330	False	f53f1e18
sub-14/ses-02/eeg/sub-14_ses-02_task-rest_run-01_eeg.eeg	22771280	19813469	False	caa6810a
sub-14/ses-02/eeg/sub-14_ses-02_task-MotorImageryRest_run-05_events.json	767	336	False	95434a42
sub-14/ses-02/eeg/sub-14_ses-02_task-MotorImageryRest_run-06_eeg.eeg	18080272	15734378	False	41d67c6b
sub-14/ses-02/eeg/sub-14_ses-02_task-MotorImageryRest_run-05_eeg.json	485	231	False	d193a7da
sub-14/ses-02/eeg/sub-14_ses-02_task-MotorImageryRest_run-04_eeg.json	486	231	False	82711fd1
sub-14/ses-02/eeg/sub-14_ses-02_task-rest_run-02_eeg.json	474	223	False	ee336f9c
sub-14/ses-02/eeg/sub-14_ses-02_task-rest_run-01_eeg.vmrk	521	336	False	8e734749
sub-14/ses-02/eeg/sub-14_ses-02_task-rest_run-01_eeg.vhdr	1988	789	False	677f8df5
sub-14/ses-02/eeg/sub-14_ses-02_task-MotorImageryRest_run-06_eeg.vmrk	1449	596	False	e2d6cf52
sub-14/ses-02/eeg/sub-14_ses-02_task-MotorImageryRest_run-06_eeg.vhdr	2012	798	False	09d1f064
sub-14/ses-02/eeg/sub-14_ses-02_task-MotorImageryRest_run-02_events.tsv	720	320	False	b66ed837
sub-14/ses-02/eeg/sub-14_ses-02_space-CapTrak_coordsystem.json	945	378	False	8f6b1dd1
sub-14/ses-04/meg/sub-14_ses-04_task-MotorImageryRest_run-05_events.json	767	336	False	95434a42
sub-14/ses-04/meg/sub-14_ses-04_task-MotorImageryRest_run-03_meg.fif	69617451	64990721	False	ed93ef15
sub-14/ses-04/meg/sub-14_ses-04_task-rest_run-02_channels.tsv	19989	1020	False	03360556
sub-14/ses-04/meg/sub-14_ses-04_task-MotorImageryRest_run-03_events.tsv	713	317	False	01887ead
sub-14/ses-04/meg/sub-14_ses-04_task-MotorImageryRest_run-06_meg.json	689	306	False	01f9a86b
sub-14/ses-04/meg/sub-14_ses-04_task-rest_run-01_meg.fif	61297484	57217189	False	ecaaa0a3
sub-14/ses-04/meg/sub-14_ses-04_task-MotorImageryRest_run-02_meg.fif	70260051	65614147	False	3ae96321
sub-14/ses-04/meg/sub-14_ses-04_task-MotorImageryRest_run-06_events.tsv	719	322	False	66c4f067
sub-14/ses-04/meg/sub-14_ses-04_task-MotorImageryRest_run-01_events.tsv	713	314	False	45e529c6
sub-14/ses-04/meg/sub-14_ses-04_task-rest_run-02_meg.fif	55454108	51758632	False	c8e1c759
sub-14/ses-04/meg/sub-14_ses-04_task-MotorImageryRest_run-02_channels.tsv	19989	1020	False	03360556
sub-14/ses-04/meg/sub-14_ses-04_task-MotorImageryRest_run-05_channels.tsv	19989	1020	False	03360556
sub-14/ses-04/meg/sub-14_ses-04_task-MotorImageryRest_run-03_events.json	767	336	False	95434a42
sub-14/ses-04/meg/sub-14_ses-04_task-MotorImageryRest_run-04_channels.tsv	19989	1020	False	03360556
sub-14/ses-04/meg/sub-14_ses-04_task-MotorImageryRest_run-01_meg.fif	70448547	66020030	False	90af84cb
sub-14/ses-04/meg/sub-14_ses-04_task-MotorImageryRest_run-03_channels.tsv	19989	1020	False	03360556
sub-14/ses-04/meg/sub-14_ses-04_task-MotorImageryRest_run-01_meg.json	688	305	False	3652b5b1
sub-14/ses-04/meg/sub-14_ses-04_task-MotorImageryRest_run-04_events.tsv	717	320	False	bed9a382
sub-14/ses-04/meg/sub-14_ses-04_task-rest_run-02_meg.json	676	294	False	ad40ac0e
sub-14/ses-04/meg/sub-14_ses-04_task-MotorImageryRest_run-06_events.json	767	336	False	95434a42
sub-14/ses-04/meg/sub-14_ses-04_task-MotorImageryRest_run-01_channels.tsv	19989	1020	False	03360556
sub-14/ses-04/meg/sub-14_ses-04_task-MotorImageryRest_run-06_channels.tsv	19989	1020	False	03360556
sub-14/ses-04/meg/sub-14_ses-04_task-MotorImageryRest_run-01_events.json	767	336	False	95434a42
sub-14/ses-04/meg/sub-14_ses-04_task-MotorImageryRest_run-04_meg.fif	70791267	66107703	False	484bfdf0
sub-14/ses-04/meg/sub-14_ses-04_task-MotorImageryRest_run-05_meg.json	689	305	False	fce06766
sub-14/ses-04/meg/sub-14_ses-04_task-MotorImageryRest_run-04_meg.json	688	305	False	1145c3a1
sub-14/ses-04/meg/sub-14_ses-04_task-MotorImageryRest_run-05_meg.fif	69009123	64382408	False	904f825a
sub-14/ses-04/meg/sub-14_ses-04_task-MotorImageryRest_run-02_events.tsv	714	317	False	708126a2
sub-14/ses-04/meg/sub-14_ses-04_coordsystem.json	2228	469	False	d92d3137
sub-14/ses-04/meg/sub-14_ses-04_task-MotorImageryRest_run-04_events.json	767	336	False	95434a42
sub-14/ses-04/meg/sub-14_ses-04_task-MotorImageryRest_run-02_meg.json	689	306	False	d36befc1
sub-14/ses-04/meg/sub-14_ses-04_task-MotorImageryRest_run-03_meg.json	689	306	False	2a468ff2
sub-14/ses-04/meg/sub-14_ses-04_task-rest_run-01_meg.json	701	319	False	82c6caa7
sub-14/ses-04/meg/sub-14_ses-04_task-rest_run-01_channels.tsv	27945	1088	False	48ee8ca0
sub-14/ses-04/meg/sub-14_ses-04_task-MotorImageryRest_run-05_events.tsv	717	318	False	73654d0b
sub-14/ses-04/meg/sub-14_ses-04_task-MotorImageryRest_run-02_events.json	767	336	False	95434a42
sub-14/ses-04/meg/sub-14_ses-04_task-MotorImageryRest_run-06_meg.fif	68726379	64175490	False	48f3f390
sub-14/ses-04/eeg/sub-14_ses-04_task-MotorImageryRest_run-05_events.json	767	336	False	95434a42
sub-14/ses-04/eeg/sub-14_ses-04_task-MotorImageryRest_run-03_eeg.eeg	16805992	14637801	False	0b2c4a77
sub-14/ses-04/eeg/sub-14_ses-04_task-rest_run-02_channels.tsv	4361	330	False	f53f1e18
sub-14/ses-04/eeg/sub-14_ses-04_task-MotorImageryRest_run-03_events.tsv	713	317	False	01887ead
sub-14/ses-04/eeg/sub-14_ses-04_task-MotorImageryRest_run-01_eeg.json	485	231	False	6d100ceb
sub-14/ses-04/eeg/sub-14_ses-04_task-rest_run-01_eeg.eeg	14794080	12875991	False	949444ab
sub-14/ses-04/eeg/sub-14_ses-04_task-rest_run-02_eeg.json	473	222	False	04b242bc
sub-14/ses-04/eeg/sub-14_ses-04_task-rest_run-01_eeg.vhdr	1999	795	False	3aa0ebd7
sub-14/ses-04/eeg/sub-14_ses-04_task-rest_run-01_eeg.vmrk	521	336	False	b5353f6a
sub-14/ses-04/eeg/sub-14_ses-04_task-MotorImageryRest_run-02_eeg.vhdr	2012	798	False	2d6b6f28
sub-14/ses-04/eeg/sub-14_ses-04_task-MotorImageryRest_run-03_eeg.vhdr	2012	798	False	bd1f8aa7
sub-14/ses-04/eeg/sub-14_ses-04_task-MotorImageryRest_run-02_eeg.vmrk	1446	597	False	2d59247e
sub-14/ses-04/eeg/sub-14_ses-04_task-MotorImageryRest_run-03_eeg.vmrk	1446	600	False	c42c5b42
sub-14/ses-04/eeg/sub-14_ses-04_task-MotorImageryRest_run-02_eeg.eeg	16961392	14790476	False	b2ef8939
sub-14/ses-04/eeg/sub-14_ses-04_task-MotorImageryRest_run-06_events.tsv	719	322	False	66c4f067
sub-14/ses-04/eeg/sub-14_ses-04_task-MotorImageryRest_run-05_eeg.vmrk	1445	598	False	56307fd3
sub-14/ses-04/eeg/sub-14_ses-04_task-MotorImageryRest_run-04_eeg.vmrk	1447	596	False	8277afe2
sub-14/ses-04/eeg/sub-14_ses-04_task-MotorImageryRest_run-05_eeg.vhdr	2012	798	False	6ac7db07
sub-14/ses-04/eeg/sub-14_ses-04_task-MotorImageryRest_run-01_events.tsv	713	314	False	45e529c6
sub-14/ses-04/eeg/sub-14_ses-04_task-MotorImageryRest_run-04_eeg.vhdr	2012	796	False	fab33e88
sub-14/ses-04/eeg/sub-14_ses-04_task-MotorImageryRest_run-02_channels.tsv	4361	330	False	f53f1e18
sub-14/ses-04/eeg/sub-14_ses-04_task-rest_run-02_eeg.eeg	13380976	11559113	False	1fc678c6
sub-14/ses-04/eeg/sub-14_ses-04_task-MotorImageryRest_run-05_channels.tsv	4361	330	False	f53f1e18
sub-14/ses-04/eeg/sub-14_ses-04_task-MotorImageryRest_run-03_events.json	767	336	False	95434a42
sub-14/ses-04/eeg/sub-14_ses-04_task-MotorImageryRest_run-04_channels.tsv	4361	330	False	f53f1e18
sub-14/ses-04/eeg/sub-14_ses-04_task-MotorImageryRest_run-01_eeg.eeg	17006976	14794079	False	ee9412db
sub-14/ses-04/eeg/sub-14_ses-04_task-MotorImageryRest_run-03_channels.tsv	4361	330	False	f53f1e18
sub-14/ses-04/eeg/sub-14_ses-04_task-MotorImageryRest_run-04_events.tsv	717	320	False	bed9a382
sub-14/ses-04/eeg/sub-14_ses-04_task-MotorImageryRest_run-06_eeg.json	486	231	False	5c5397c7
sub-14/ses-04/eeg/sub-14_ses-04_task-MotorImageryRest_run-06_events.json	767	336	False	95434a42
sub-14/ses-04/eeg/sub-14_ses-04_task-MotorImageryRest_run-01_channels.tsv	4361	330	False	f53f1e18
sub-14/ses-04/eeg/sub-14_ses-04_task-MotorImageryRest_run-06_channels.tsv	4361	330	False	f53f1e18
sub-14/ses-04/eeg/sub-14_ses-04_task-MotorImageryRest_run-01_events.json	767	336	False	95434a42
sub-14/ses-04/eeg/sub-14_ses-04_task-rest_run-02_eeg.vhdr	1988	789	False	2664d552
sub-14/ses-04/eeg/sub-14_ses-04_task-rest_run-02_eeg.vmrk	521	336	False	b6ef2158
sub-14/ses-04/eeg/sub-14_ses-04_task-MotorImageryRest_run-01_eeg.vhdr	2012	798	False	468747f8
sub-14/ses-04/eeg/sub-14_ses-04_task-MotorImageryRest_run-01_eeg.vmrk	1447	596	False	b9fe1385
sub-14/ses-04/eeg/sub-14_ses-04_task-MotorImageryRest_run-04_eeg.eeg	17089856	14872979	False	0abd3991
sub-14/ses-04/eeg/sub-14_ses-04_task-MotorImageryRest_run-05_eeg.eeg	16658880	14440723	False	c2c1bdb9
sub-14/ses-04/eeg/sub-14_ses-04_task-MotorImageryRest_run-02_events.tsv	714	317	False	708126a2
sub-14/ses-04/eeg/sub-14_ses-04_task-MotorImageryRest_run-03_eeg.json	486	232	False	4cb0cc77
sub-14/ses-04/eeg/sub-14_ses-04_task-MotorImageryRest_run-02_eeg.json	486	231	False	84b01422
sub-14/ses-04/eeg/sub-14_ses-04_task-rest_run-01_eeg.json	498	245	False	0cd7b84f
sub-14/ses-04/eeg/sub-14_ses-04_task-MotorImageryRest_run-04_events.json	767	336	False	95434a42
sub-14/ses-04/eeg/sub-14_ses-04_task-rest_run-01_channels.tsv	6285	368	False	c63f781e
sub-14/ses-04/eeg/sub-14_ses-04_task-MotorImageryRest_run-04_eeg.json	485	231	False	0b26cdad
sub-14/ses-04/eeg/sub-14_ses-04_task-MotorImageryRest_run-05_eeg.json	486	232	False	76017c6e
sub-14/ses-04/eeg/sub-14_ses-04_space-CapTrak_electrodes.tsv	5137	2419	False	e26fc798
sub-14/ses-04/eeg/sub-14_ses-04_task-MotorImageryRest_run-05_events.tsv	717	318	False	73654d0b
sub-14/ses-04/eeg/sub-14_ses-04_task-MotorImageryRest_run-06_eeg.vmrk	1445	599	False	80a0362a
sub-14/ses-04/eeg/sub-14_ses-04_task-MotorImageryRest_run-02_events.json	767	336	False	95434a42
sub-14/ses-04/eeg/sub-14_ses-04_task-MotorImageryRest_run-06_eeg.vhdr	2012	798	False	012bf3d7
sub-14/ses-04/eeg/sub-14_ses-04_space-CapTrak_coordsystem.json	945	378	False	7b1eb227
sub-14/ses-04/eeg/sub-14_ses-04_task-MotorImageryRest_run-06_eeg.eeg	16590504	14418438	False	1814b364
sub-14/ses-03/meg/sub-14_ses-03_task-MotorImageryRest_run-06_events.json	767	336	False	95434a42
sub-14/ses-03/meg/sub-14_ses-03_task-MotorImageryRest_run-03_meg.fif	69811923	65178449	False	a57debed
sub-14/ses-03/meg/sub-14_ses-03_task-MotorImageryRest_run-06_meg.json	688	305	False	3652b5b1
sub-14/ses-03/meg/sub-14_ses-03_task-MotorImageryRest_run-01_events.tsv	723	318	False	ba481f2a
sub-14/ses-03/meg/sub-14_ses-03_task-MotorImageryRest_run-04_events.tsv	722	319	False	ecf79825
sub-14/ses-03/meg/sub-14_ses-03_task-rest_run-02_channels.tsv	19989	1020	False	03360556
sub-14/ses-03/meg/sub-14_ses-03_task-MotorImageryRest_run-02_meg.fif	69854763	65200541	False	906e631d
sub-14/ses-03/meg/sub-14_ses-03_task-MotorImageryRest_run-03_events.json	767	336	False	95434a42
sub-14/ses-03/meg/sub-14_ses-03_task-MotorImageryRest_run-03_channels.tsv	19989	1020	False	03360556
sub-14/ses-03/meg/sub-14_ses-03_task-MotorImageryRest_run-04_channels.tsv	19989	1020	False	03360556
sub-14/ses-03/meg/sub-14_ses-03_task-rest_run-02_meg.json	676	293	False	e44e0d38
sub-14/ses-03/meg/sub-14_ses-03_coordsystem.json	2202	463	False	02ba46e7
sub-14/ses-03/meg/sub-14_ses-03_task-MotorImageryRest_run-03_events.tsv	712	313	False	27ba8f62
sub-14/ses-03/meg/sub-14_ses-03_task-MotorImageryRest_run-05_channels.tsv	19989	1020	False	03360556
sub-14/ses-03/meg/sub-14_ses-03_task-MotorImageryRest_run-02_channels.tsv	19989	1020	False	03360556
sub-14/ses-03/meg/sub-14_ses-03_task-MotorImageryRest_run-06_events.tsv	721	312	False	1d5992b5
sub-14/ses-03/meg/sub-14_ses-03_task-MotorImageryRest_run-01_meg.fif	69580587	64980109	False	510192e0
sub-14/ses-03/meg/sub-14_ses-03_task-MotorImageryRest_run-01_meg.json	689	306	False	69167ec9
sub-14/ses-03/meg/sub-14_ses-03_task-MotorImageryRest_run-05_events.json	767	336	False	95434a42
sub-14/ses-03/meg/sub-14_ses-03_task-MotorImageryRest_run-02_events.json	767	336	False	95434a42
sub-14/ses-03/meg/sub-14_ses-03_task-MotorImageryRest_run-05_events.tsv	719	322	False	fbff2050
sub-14/ses-03/meg/sub-14_ses-03_task-MotorImageryRest_run-04_meg.fif	70831515	66121316	False	dd52f7a4
sub-14/ses-03/meg/sub-14_ses-03_task-rest_run-01_meg.fif	59458892	55497572	False	ea74dbb7
sub-14/ses-03/meg/sub-14_ses-03_task-MotorImageryRest_run-06_channels.tsv	19989	1020	False	03360556
sub-14/ses-03/meg/sub-14_ses-03_task-MotorImageryRest_run-05_meg.fif	70702995	66005087	False	4d7e61f7
sub-14/ses-03/meg/sub-14_ses-03_task-MotorImageryRest_run-01_channels.tsv	19989	1020	False	03360556
sub-14/ses-03/meg/sub-14_ses-03_task-MotorImageryRest_run-04_meg.json	688	305	False	2b522420
sub-14/ses-03/meg/sub-14_ses-03_task-MotorImageryRest_run-05_meg.json	688	305	False	b57242ed
sub-14/ses-03/meg/sub-14_ses-03_task-MotorImageryRest_run-04_events.json	767	336	False	95434a42
sub-14/ses-03/meg/sub-14_ses-03_task-MotorImageryRest_run-03_meg.json	689	307	False	d560ef9d
sub-14/ses-03/meg/sub-14_ses-03_task-MotorImageryRest_run-02_meg.json	689	306	False	f0fd35e2
sub-14/ses-03/meg/sub-14_ses-03_task-rest_run-01_channels.tsv	27945	1088	False	48ee8ca0
sub-14/ses-03/meg/sub-14_ses-03_task-MotorImageryRest_run-01_events.json	767	336	False	95434a42
sub-14/ses-03/meg/sub-14_ses-03_task-rest_run-02_meg.fif	62091716	57949161	False	88fa043b
sub-14/ses-03/meg/sub-14_ses-03_task-MotorImageryRest_run-02_events.tsv	716	318	False	5769b32d
sub-14/ses-03/meg/sub-14_ses-03_task-rest_run-01_meg.json	701	319	False	ebcad881
sub-14/ses-03/meg/sub-14_ses-03_task-MotorImageryRest_run-06_meg.fif	70445955	65778627	False	053e915d
sub-14/ses-03/eeg/sub-14_ses-03_task-MotorImageryRest_run-03_eeg.eeg	16853648	14645444	False	74998b67
sub-14/ses-03/eeg/sub-14_ses-03_task-MotorImageryRest_run-06_events.json	767	336	False	95434a42
sub-14/ses-03/eeg/sub-14_ses-03_task-MotorImageryRest_run-01_eeg.json	486	232	False	69e3a0ad
sub-14/ses-03/eeg/sub-14_ses-03_task-rest_run-01_eeg.vmrk	521	336	False	de7a2da6
sub-14/ses-03/eeg/sub-14_ses-03_task-MotorImageryRest_run-01_events.tsv	723	318	False	ba481f2a
sub-14/ses-03/eeg/sub-14_ses-03_task-rest_run-01_eeg.vhdr	1999	795	False	fc92ae72
sub-14/ses-03/eeg/sub-14_ses-03_task-rest_run-02_eeg.json	473	220	False	d8f79015
sub-14/ses-03/eeg/sub-14_ses-03_task-MotorImageryRest_run-04_events.tsv	722	319	False	ecf79825
sub-14/ses-03/eeg/sub-14_ses-03_task-rest_run-02_channels.tsv	4361	330	False	f53f1e18
sub-14/ses-03/eeg/sub-14_ses-03_task-MotorImageryRest_run-02_eeg.eeg	16864008	14714251	False	3dbf57b5
sub-14/ses-03/eeg/sub-14_ses-03_task-MotorImageryRest_run-03_events.json	767	336	False	95434a42
sub-14/ses-03/eeg/sub-14_ses-03_task-MotorImageryRest_run-03_eeg.vhdr	2012	796	False	5b89f57c
sub-14/ses-03/eeg/sub-14_ses-03_task-MotorImageryRest_run-02_eeg.vhdr	2012	798	False	cbfd10f3
sub-14/ses-03/eeg/sub-14_ses-03_task-MotorImageryRest_run-03_eeg.vmrk	1446	594	False	6ef9d322
sub-14/ses-03/eeg/sub-14_ses-03_task-MotorImageryRest_run-02_eeg.vmrk	1446	595	False	2adaa8e3
sub-14/ses-03/eeg/sub-14_ses-03_task-MotorImageryRest_run-03_channels.tsv	4361	330	False	f53f1e18
sub-14/ses-03/eeg/sub-14_ses-03_task-MotorImageryRest_run-04_channels.tsv	4361	330	False	f53f1e18
sub-14/ses-03/eeg/sub-14_ses-03_space-CapTrak_electrodes.tsv	5154	2445	False	ecfda6c4
sub-14/ses-03/eeg/sub-14_ses-03_task-MotorImageryRest_run-03_events.tsv	712	313	False	27ba8f62
sub-14/ses-03/eeg/sub-14_ses-03_task-MotorImageryRest_run-04_eeg.vmrk	1447	596	False	4541a5d9
sub-14/ses-03/eeg/sub-14_ses-03_task-MotorImageryRest_run-05_eeg.vmrk	1447	594	False	a790efa8
sub-14/ses-03/eeg/sub-14_ses-03_task-MotorImageryRest_run-04_eeg.vhdr	2012	798	False	1c254153
sub-14/ses-03/eeg/sub-14_ses-03_task-MotorImageryRest_run-05_eeg.vhdr	2012	798	False	8c51a4dc
sub-14/ses-03/eeg/sub-14_ses-03_task-MotorImageryRest_run-05_channels.tsv	4361	330	False	f53f1e18
sub-14/ses-03/eeg/sub-14_ses-03_task-MotorImageryRest_run-06_eeg.json	485	231	False	6d100ceb
sub-14/ses-03/eeg/sub-14_ses-03_task-MotorImageryRest_run-02_channels.tsv	4361	330	False	f53f1e18
sub-14/ses-03/eeg/sub-14_ses-03_task-MotorImageryRest_run-06_events.tsv	721	312	False	1d5992b5
sub-14/ses-03/eeg/sub-14_ses-03_task-MotorImageryRest_run-01_eeg.eeg	16797704	14670210	False	e9c0ffec
sub-14/ses-03/eeg/sub-14_ses-03_task-MotorImageryRest_run-05_events.json	767	336	False	95434a42
sub-14/ses-03/eeg/sub-14_ses-03_task-MotorImageryRest_run-02_events.json	767	336	False	95434a42
sub-14/ses-03/eeg/sub-14_ses-03_task-MotorImageryRest_run-01_eeg.vhdr	2012	798	False	a0113823
sub-14/ses-03/eeg/sub-14_ses-03_task-MotorImageryRest_run-01_eeg.vmrk	1447	598	False	b23a88ae
sub-14/ses-03/eeg/sub-14_ses-03_task-MotorImageryRest_run-05_events.tsv	719	322	False	fbff2050
sub-14/ses-03/eeg/sub-14_ses-03_task-rest_run-01_eeg.json	498	243	False	8e7584eb
sub-14/ses-03/eeg/sub-14_ses-03_task-MotorImageryRest_run-04_eeg.eeg	17100216	14858044	False	8f2c4a03
sub-14/ses-03/eeg/sub-14_ses-03_task-rest_run-01_eeg.eeg	14350080	12433086	False	77847aab
sub-14/ses-03/eeg/sub-14_ses-03_task-MotorImageryRest_run-06_channels.tsv	4361	330	False	f53f1e18
sub-14/ses-03/eeg/sub-14_ses-03_task-rest_run-02_eeg.vmrk	521	336	False	dda03394
sub-14/ses-03/eeg/sub-14_ses-03_task-MotorImageryRest_run-01_channels.tsv	4361	330	False	f53f1e18
sub-14/ses-03/eeg/sub-14_ses-03_task-rest_run-02_eeg.vhdr	1988	788	False	a0fc9f9e
sub-14/ses-03/eeg/sub-14_ses-03_task-MotorImageryRest_run-05_eeg.eeg	17069136	14848835	False	284c4caf
sub-14/ses-03/eeg/sub-14_ses-03_task-MotorImageryRest_run-02_eeg.json	486	231	False	68b79662
sub-14/ses-03/eeg/sub-14_ses-03_task-MotorImageryRest_run-03_eeg.json	486	231	False	9059d5db
sub-14/ses-03/eeg/sub-14_ses-03_space-CapTrak_coordsystem.json	945	379	False	de2af465
sub-14/ses-03/eeg/sub-14_ses-03_task-MotorImageryRest_run-04_events.json	767	336	False	95434a42
sub-14/ses-03/eeg/sub-14_ses-03_task-MotorImageryRest_run-05_eeg.json	485	231	False	0696bce9
sub-14/ses-03/eeg/sub-14_ses-03_task-MotorImageryRest_run-04_eeg.json	485	231	False	7ff27152
sub-14/ses-03/eeg/sub-14_ses-03_task-rest_run-01_channels.tsv	6285	368	False	c63f781e
sub-14/ses-03/eeg/sub-14_ses-03_task-MotorImageryRest_run-06_eeg.vmrk	1447	598	False	2d3a2258
sub-14/ses-03/eeg/sub-14_ses-03_task-MotorImageryRest_run-06_eeg.vhdr	2012	798	False	e7bd8c0c
sub-14/ses-03/eeg/sub-14_ses-03_task-MotorImageryRest_run-01_events.json	767	336	False	95434a42
sub-14/ses-03/eeg/sub-14_ses-03_task-rest_run-02_eeg.eeg	14986776	12966153	False	b4881707
sub-14/ses-03/eeg/sub-14_ses-03_task-MotorImageryRest_run-02_events.tsv	716	318	False	5769b32d
sub-14/ses-03/eeg/sub-14_ses-03_task-MotorImageryRest_run-06_eeg.eeg	17006976	14727816	False	43fc524b
sub-14/ses-01/meg/sub-14_ses-01_task-MotorImageryRest_run-06_meg.json	689	306	False	c52d1bac
sub-14/ses-01/meg/sub-14_ses-01_task-rest_run-02_meg.json	677	295	False	9dbd84bb
sub-14/ses-01/meg/sub-14_ses-01_task-MotorImageryRest_run-04_events.json	767	336	False	95434a42
sub-14/ses-01/meg/sub-14_ses-01_task-MotorImageryRest_run-04_events.tsv	718	313	False	ffeb2522
sub-14/ses-01/meg/sub-14_ses-01_task-MotorImageryRest_run-06_meg.fif	71842215	67088506	False	39997d23
sub-14/ses-01/meg/sub-14_ses-01_task-MotorImageryRest_run-01_events.tsv	716	316	False	878cd14f
sub-14/ses-01/meg/sub-14_ses-01_task-MotorImageryRest_run-01_events.json	767	336	False	95434a42
sub-14/ses-01/meg/sub-14_ses-01_task-MotorImageryRest_run-06_channels.tsv	19989	1020	False	03360556
sub-14/ses-01/meg/sub-14_ses-01_task-rest_run-02_meg.fif	78216368	73055093	False	368a4c22
sub-14/ses-01/meg/sub-14_ses-01_task-MotorImageryRest_run-01_channels.tsv	19989	1020	False	03360556
sub-14/ses-01/meg/sub-14_ses-01_task-MotorImageryRest_run-05_meg.fif	71199615	66477127	False	a588a8e1
sub-14/ses-01/meg/sub-14_ses-01_task-rest_run-01_channels.tsv	27945	1088	False	48ee8ca0
sub-14/ses-01/meg/sub-14_ses-01_task-MotorImageryRest_run-02_events.json	767	336	False	95434a42
sub-14/ses-01/meg/sub-14_ses-01_task-MotorImageryRest_run-06_events.tsv	717	313	False	c10bc2c7
sub-14/ses-01/meg/sub-14_ses-01_task-MotorImageryRest_run-01_meg.json	689	306	False	cf05e1a9
sub-14/ses-01/meg/sub-14_ses-01_task-MotorImageryRest_run-03_events.tsv	720	312	False	43269fbb
sub-14/ses-01/meg/sub-14_ses-01_task-rest_run-01_meg.fif	61599344	57497443	False	a8c0acd9
sub-14/ses-01/meg/sub-14_ses-01_task-MotorImageryRest_run-04_meg.fif	71131071	66413741	False	993f0e4b
sub-14/ses-01/meg/sub-14_ses-01_task-MotorImageryRest_run-01_meg.fif	69486015	64823241	False	511b5833
sub-14/ses-01/meg/sub-14_ses-01_task-rest_run-02_channels.tsv	19989	1020	False	03360556
sub-14/ses-01/meg/sub-14_ses-01_task-MotorImageryRest_run-05_events.json	767	336	False	95434a42
sub-14/ses-01/meg/sub-14_ses-01_task-MotorImageryRest_run-05_meg.json	689	306	False	1465c894
sub-14/ses-01/meg/sub-14_ses-01_task-MotorImageryRest_run-04_meg.json	688	305	False	dd44f87a
sub-14/ses-01/meg/sub-14_ses-01_task-MotorImageryRest_run-05_events.tsv	725	323	False	be3599a7
sub-14/ses-01/meg/sub-14_ses-01_task-rest_run-01_meg.json	701	319	False	2107efc9
sub-14/ses-01/meg/sub-14_ses-01_task-MotorImageryRest_run-03_channels.tsv	19989	1020	False	03360556
sub-14/ses-01/meg/sub-14_ses-01_task-MotorImageryRest_run-04_channels.tsv	19989	1020	False	03360556
sub-14/ses-01/meg/sub-14_ses-01_coordsystem.json	2230	459	False	481fa389
sub-14/ses-01/meg/sub-14_ses-01_task-MotorImageryRest_run-02_events.tsv	721	319	False	3f0b0ea7
sub-14/ses-01/meg/sub-14_ses-01_task-MotorImageryRest_run-02_meg.json	689	306	False	e69e5bd8
sub-14/ses-01/meg/sub-14_ses-01_task-MotorImageryRest_run-03_meg.json	689	306	False	2cb1d843
sub-14/ses-01/meg/sub-14_ses-01_task-MotorImageryRest_run-02_meg.fif	72998895	68188243	False	662ce39b
sub-14/ses-01/meg/sub-14_ses-01_task-MotorImageryRest_run-06_events.json	767	336	False	95434a42
sub-14/ses-01/meg/sub-14_ses-01_task-MotorImageryRest_run-03_events.json	767	336	False	95434a42
sub-14/ses-01/meg/sub-14_ses-01_task-MotorImageryRest_run-05_channels.tsv	19989	1020	False	03360556
sub-14/ses-01/meg/sub-14_ses-01_task-MotorImageryRest_run-02_channels.tsv	19989	1020	False	03360556
sub-14/ses-01/meg/sub-14_ses-01_task-MotorImageryRest_run-03_meg.fif	69468879	64871764	False	33b474b9
sub-14/ses-01/eeg/sub-14_ses-01_task-MotorImageryRest_run-01_eeg.json	486	232	False	4e089a1b
sub-14/ses-01/eeg/sub-14_ses-01_task-MotorImageryRest_run-04_events.json	767	336	False	95434a42
sub-14/ses-01/eeg/sub-14_ses-01_task-MotorImageryRest_run-04_events.tsv	718	313	False	ffeb2522
sub-14/ses-01/eeg/sub-14_ses-01_task-MotorImageryRest_run-06_eeg.eeg	17344712	15149180	False	5bc871e8
sub-14/ses-01/eeg/sub-14_ses-01_task-MotorImageryRest_run-01_events.tsv	716	316	False	878cd14f
sub-14/ses-01/eeg/sub-14_ses-01_task-MotorImageryRest_run-01_events.json	767	336	False	95434a42
sub-14/ses-01/eeg/sub-14_ses-01_space-CapTrak_coordsystem.json	945	379	False	3da71654
sub-14/ses-01/eeg/sub-14_ses-01_task-MotorImageryRest_run-06_channels.tsv	4361	330	False	f53f1e18
sub-14/ses-01/eeg/sub-14_ses-01_task-rest_run-02_eeg.eeg	18886280	16430494	False	1fffff55
sub-14/ses-01/eeg/sub-14_ses-01_task-MotorImageryRest_run-01_channels.tsv	4361	330	False	f53f1e18
sub-14/ses-01/eeg/sub-14_ses-01_task-MotorImageryRest_run-02_eeg.vmrk	1448	594	False	5c288138
sub-14/ses-01/eeg/sub-14_ses-01_task-MotorImageryRest_run-03_eeg.vmrk	1447	596	False	93feae4f
sub-14/ses-01/eeg/sub-14_ses-01_task-MotorImageryRest_run-02_eeg.vhdr	2012	798	False	cc54ee62
sub-14/ses-01/eeg/sub-14_ses-01_task-MotorImageryRest_run-03_eeg.vhdr	2012	798	False	5c200bed
sub-14/ses-01/eeg/sub-14_ses-01_task-MotorImageryRest_run-05_eeg.eeg	17189312	15058346	False	4b36c10c
sub-14/ses-01/eeg/sub-14_ses-01_task-MotorImageryRest_run-05_eeg.vhdr	2012	798	False	8bf85a4d
sub-14/ses-01/eeg/sub-14_ses-01_task-MotorImageryRest_run-04_eeg.vhdr	2012	798	False	1b8cbfc2
sub-14/ses-01/eeg/sub-14_ses-01_task-MotorImageryRest_run-05_eeg.vmrk	1447	598	False	a92a2ca5
sub-14/ses-01/eeg/sub-14_ses-01_task-MotorImageryRest_run-04_eeg.vmrk	1447	595	False	2b76a132
sub-14/ses-01/eeg/sub-14_ses-01_task-rest_run-01_channels.tsv	6285	368	False	c63f781e
sub-14/ses-01/eeg/sub-14_ses-01_task-MotorImageryRest_run-02_events.json	767	336	False	95434a42
sub-14/ses-01/eeg/sub-14_ses-01_task-rest_run-01_eeg.vhdr	1999	794	False	6a0398f1
sub-14/ses-01/eeg/sub-14_ses-01_task-rest_run-01_eeg.vmrk	521	334	False	7e68f878
sub-14/ses-01/eeg/sub-14_ses-01_task-MotorImageryRest_run-06_events.tsv	717	313	False	c10bc2c7
sub-14/ses-01/eeg/sub-14_ses-01_task-rest_run-02_eeg.json	474	221	False	7b6545b4
sub-14/ses-01/eeg/sub-14_ses-01_task-MotorImageryRest_run-03_events.tsv	720	312	False	43269fbb
sub-14/ses-01/eeg/sub-14_ses-01_task-MotorImageryRest_run-06_eeg.json	486	232	False	35edd87e
sub-14/ses-01/eeg/sub-14_ses-01_task-MotorImageryRest_run-04_eeg.eeg	17172736	14915613	False	ca15c66e
sub-14/ses-01/eeg/sub-14_ses-01_task-rest_run-01_eeg.eeg	14867784	12890210	False	a2b2b329
sub-14/ses-01/eeg/sub-14_ses-01_task-MotorImageryRest_run-01_eeg.eeg	16774912	14636296	False	bb20ff8a
sub-14/ses-01/eeg/sub-14_ses-01_task-MotorImageryRest_run-01_eeg.vmrk	1447	590	False	098c259f
sub-14/ses-01/eeg/sub-14_ses-01_task-MotorImageryRest_run-01_eeg.vhdr	2012	796	False	a7b8c6b2
sub-14/ses-01/eeg/sub-14_ses-01_space-CapTrak_electrodes.tsv	5148	2416	False	0c1d755a
sub-14/ses-01/eeg/sub-14_ses-01_task-rest_run-02_channels.tsv	4361	330	False	f53f1e18
sub-14/ses-01/eeg/sub-14_ses-01_task-MotorImageryRest_run-05_events.json	767	336	False	95434a42
sub-14/ses-01/eeg/sub-14_ses-01_task-MotorImageryRest_run-05_events.tsv	725	323	False	be3599a7
sub-14/ses-01/eeg/sub-14_ses-01_task-MotorImageryRest_run-03_eeg.json	486	231	False	910256f0
sub-14/ses-01/eeg/sub-14_ses-01_task-MotorImageryRest_run-02_eeg.json	486	232	False	40f473c8
sub-14/ses-01/eeg/sub-14_ses-01_task-MotorImageryRest_run-03_channels.tsv	4361	330	False	f53f1e18
sub-14/ses-01/eeg/sub-14_ses-01_task-MotorImageryRest_run-04_channels.tsv	4361	330	False	f53f1e18
sub-14/ses-01/eeg/sub-14_ses-01_task-MotorImageryRest_run-02_events.tsv	721	319	False	3f0b0ea7
sub-14/ses-01/eeg/sub-14_ses-01_task-rest_run-01_eeg.json	498	245	False	1b35b74a
sub-14/ses-01/eeg/sub-14_ses-01_task-MotorImageryRest_run-06_events.json	767	336	False	95434a42
sub-14/ses-01/eeg/sub-14_ses-01_task-MotorImageryRest_run-02_eeg.eeg	17624432	15359719	False	de512a04
sub-14/ses-01/eeg/sub-14_ses-01_task-MotorImageryRest_run-04_eeg.json	485	231	False	8a5b5a80
sub-14/ses-01/eeg/sub-14_ses-01_task-MotorImageryRest_run-05_eeg.json	486	232	False	a670b5a5
sub-14/ses-01/eeg/sub-14_ses-01_task-MotorImageryRest_run-03_events.json	767	336	False	95434a42
sub-14/ses-01/eeg/sub-14_ses-01_task-MotorImageryRest_run-05_channels.tsv	4361	330	False	f53f1e18
sub-14/ses-01/eeg/sub-14_ses-01_task-MotorImageryRest_run-02_channels.tsv	4361	330	False	f53f1e18
sub-14/ses-01/eeg/sub-14_ses-01_task-MotorImageryRest_run-06_eeg.vhdr	2012	798	False	e014729d
sub-14/ses-01/eeg/sub-14_ses-01_task-MotorImageryRest_run-03_eeg.eeg	16770768	14695383	False	a08466ca
sub-14/ses-01/eeg/sub-14_ses-01_task-MotorImageryRest_run-06_eeg.vmrk	1447	596	False	997b0ddf
sub-14/ses-01/eeg/sub-14_ses-01_task-rest_run-02_eeg.vhdr	1988	789	False	45d71a40
sub-14/ses-01/eeg/sub-14_ses-01_task-rest_run-02_eeg.vmrk	521	336	False	7db2e64a
sub-19/	0	0	False	00000000
__MACOSX/._sub-19	220	93	False	29d7e44a
sub-19/.DS_Store	6148	337	False	e703032f
__MACOSX/sub-19/._.DS_Store	120	53	False	38c0880b
sub-19/ses-02/	0	0	False	00000000
sub-19/ses-04/	0	0	False	00000000
sub-19/ses-03/	0	0	False	00000000
sub-19/ses-01/	0	0	False	00000000
sub-19/ses-02/.DS_Store	6148	283	False	624fd084
__MACOSX/sub-19/ses-02/._.DS_Store	120	53	False	38c0880b
sub-19/ses-02/meg/	0	0	False	00000000
sub-19/ses-02/sub-19_ses-02_scans.tsv	1309	228	False	b8254b1c
sub-19/ses-02/eeg/	0	0	False	00000000
sub-19/ses-04/.DS_Store	6148	285	False	56436cfd
__MACOSX/sub-19/ses-04/._.DS_Store	120	53	False	38c0880b
sub-19/ses-04/meg/	0	0	False	00000000
sub-19/ses-04/sub-19_ses-04_scans.tsv	1309	225	False	6f111744
sub-19/ses-04/eeg/	0	0	False	00000000
sub-19/ses-03/.DS_Store	6148	285	False	695a7078
__MACOSX/sub-19/ses-03/._.DS_Store	120	53	False	38c0880b
sub-19/ses-03/meg/	0	0	False	00000000
sub-19/ses-03/sub-19_ses-03_scans.tsv	1309	228	False	9f2d9d09
sub-19/ses-03/eeg/	0	0	False	00000000
sub-19/ses-01/.DS_Store	6148	454	False	b948b823
__MACOSX/sub-19/ses-01/._.DS_Store	120	53	False	38c0880b
sub-19/ses-01/sub-19_ses-01_scans.tsv	1309	223	False	8ba2ecb6
__MACOSX/sub-19/ses-01/._sub-19_ses-01_scans.tsv	226	128	False	4fcef412
sub-19/ses-01/meg/	0	0	False	00000000
sub-19/ses-01/eeg/	0	0	False	00000000
sub-19/ses-02/meg/sub-19_ses-02_task-MotorImageryRest_run-06_meg.json	689	307	False	a1cefc2e
sub-19/ses-02/meg/sub-19_ses-02_task-MotorImageryRest_run-01_events.tsv	717	319	False	d2c327ed
sub-19/ses-02/meg/sub-19_ses-02_task-rest_run-02_channels.tsv	19989	1020	False	03360556
sub-19/ses-02/meg/sub-19_ses-02_task-MotorImageryRest_run-03_events.json	767	336	False	95434a42
sub-19/ses-02/meg/sub-19_ses-02_task-MotorImageryRest_run-03_channels.tsv	19989	1020	False	03360556
sub-19/ses-02/meg/sub-19_ses-02_task-MotorImageryRest_run-04_channels.tsv	19989	1020	False	03360556
sub-19/ses-02/meg/sub-19_ses-02_task-MotorImageryRest_run-06_meg.fif	70452943	65766286	False	54925715
sub-19/ses-02/meg/sub-19_ses-02_task-rest_run-02_meg.json	677	295	False	b03a1d3c
sub-19/ses-02/meg/sub-19_ses-02_task-MotorImageryRest_run-06_events.json	767	336	False	95434a42
sub-19/ses-02/meg/sub-19_ses-02_task-MotorImageryRest_run-05_channels.tsv	19989	1020	False	03360556
sub-19/ses-02/meg/sub-19_ses-02_task-MotorImageryRest_run-04_events.tsv	721	317	False	9015da3b
sub-19/ses-02/meg/sub-19_ses-02_task-MotorImageryRest_run-02_channels.tsv	27945	1088	False	48ee8ca0
sub-19/ses-02/meg/sub-19_ses-02_task-MotorImageryRest_run-04_meg.fif	69133467	64503531	False	12f7bb04
sub-19/ses-02/meg/sub-19_ses-02_task-MotorImageryRest_run-03_events.tsv	717	318	False	d424be59
sub-19/ses-02/meg/sub-19_ses-02_task-MotorImageryRest_run-05_events.json	767	336	False	95434a42
sub-19/ses-02/meg/sub-19_ses-02_task-MotorImageryRest_run-01_meg.json	689	306	False	c2649952
sub-19/ses-02/meg/sub-19_ses-02_task-MotorImageryRest_run-05_meg.fif	70701411	65964921	False	d7c33f8c
sub-19/ses-02/meg/sub-19_ses-02_task-MotorImageryRest_run-06_events.tsv	722	322	False	1c7aae27
sub-19/ses-02/meg/sub-19_ses-02_task-MotorImageryRest_run-05_events.tsv	721	318	False	76939265
sub-19/ses-02/meg/sub-19_ses-02_task-rest_run-01_meg.json	701	320	False	2f5291dd
sub-19/ses-02/meg/sub-19_ses-02_task-rest_run-02_meg.fif	56666588	52892649	False	5bd9e346
sub-19/ses-02/meg/sub-19_ses-02_task-MotorImageryRest_run-05_meg.json	688	305	False	b57242ed
sub-19/ses-02/meg/sub-19_ses-02_task-MotorImageryRest_run-04_meg.json	689	305	False	e063de83
sub-19/ses-02/meg/sub-19_ses-02_task-MotorImageryRest_run-01_meg.fif	69827475	65136558	False	47757af6
sub-19/ses-02/meg/sub-19_ses-02_task-MotorImageryRest_run-02_events.json	767	336	False	95434a42
sub-19/ses-02/meg/sub-19_ses-02_task-MotorImageryRest_run-01_events.json	767	336	False	95434a42
sub-19/ses-02/meg/sub-19_ses-02_task-rest_run-01_channels.tsv	27945	1088	False	48ee8ca0
sub-19/ses-02/meg/sub-19_ses-02_task-MotorImageryRest_run-02_meg.json	713	328	False	a4fe9b49
sub-19/ses-02/meg/sub-19_ses-02_task-MotorImageryRest_run-03_meg.json	688	305	False	e97c9401
sub-19/ses-02/meg/sub-19_ses-02_coordsystem.json	2236	479	False	f3f5cf21
sub-19/ses-02/meg/sub-19_ses-02_task-MotorImageryRest_run-03_meg.fif	69287695	64645575	False	03a8dafd
sub-19/ses-02/meg/sub-19_ses-02_task-MotorImageryRest_run-02_meg.fif	69705079	65063507	False	062810f6
sub-19/ses-02/meg/sub-19_ses-02_task-MotorImageryRest_run-02_events.tsv	1080	515	False	54edfeca
sub-19/ses-02/meg/sub-19_ses-02_task-MotorImageryRest_run-04_events.json	767	336	False	95434a42
sub-19/ses-02/meg/sub-19_ses-02_task-MotorImageryRest_run-06_channels.tsv	19989	1020	False	03360556
sub-19/ses-02/meg/sub-19_ses-02_task-rest_run-01_meg.fif	55786532	52054582	False	a29a49c5
sub-19/ses-02/meg/sub-19_ses-02_task-MotorImageryRest_run-01_channels.tsv	19989	1020	False	03360556
sub-19/ses-02/eeg/sub-19_ses-02_task-MotorImageryRest_run-01_events.tsv	717	319	False	d2c327ed
sub-19/ses-02/eeg/sub-19_ses-02_task-rest_run-02_channels.tsv	4361	330	False	f53f1e18
sub-19/ses-02/eeg/sub-19_ses-02_task-MotorImageryRest_run-03_events.json	767	336	False	95434a42
sub-19/ses-02/eeg/sub-19_ses-02_task-MotorImageryRest_run-01_eeg.json	486	232	False	4d4bfebf
sub-19/ses-02/eeg/sub-19_ses-02_space-CapTrak_electrodes.tsv	5166	2441	False	449cdd8e
sub-19/ses-02/eeg/sub-19_ses-02_task-MotorImageryRest_run-03_channels.tsv	4361	330	False	f53f1e18
sub-19/ses-02/eeg/sub-19_ses-02_task-MotorImageryRest_run-04_channels.tsv	4361	330	False	f53f1e18
sub-19/ses-02/eeg/sub-19_ses-02_task-MotorImageryRest_run-06_eeg.eeg	17009048	15301338	False	ae404524
sub-19/ses-02/eeg/sub-19_ses-02_task-MotorImageryRest_run-06_events.json	767	336	False	95434a42
sub-19/ses-02/eeg/sub-19_ses-02_task-MotorImageryRest_run-02_eeg.vmrk	1447	601	False	5bb3c08e
sub-19/ses-02/eeg/sub-19_ses-02_task-MotorImageryRest_run-03_eeg.vmrk	1447	593	False	c82de5f2
sub-19/ses-02/eeg/sub-19_ses-02_task-MotorImageryRest_run-05_channels.tsv	4361	330	False	f53f1e18
sub-19/ses-02/eeg/sub-19_ses-02_task-MotorImageryRest_run-02_eeg.vhdr	2023	803	False	04259fc4
sub-19/ses-02/eeg/sub-19_ses-02_task-MotorImageryRest_run-03_eeg.vhdr	2012	798	False	bb4c656b
sub-19/ses-02/eeg/sub-19_ses-02_task-MotorImageryRest_run-04_events.tsv	721	317	False	9015da3b
sub-19/ses-02/eeg/sub-19_ses-02_task-MotorImageryRest_run-02_channels.tsv	6285	368	False	c63f781e
sub-19/ses-02/eeg/sub-19_ses-02_task-MotorImageryRest_run-04_eeg.eeg	16689960	14968245	False	7aff89c8
sub-19/ses-02/eeg/sub-19_ses-02_task-MotorImageryRest_run-03_events.tsv	717	318	False	d424be59
sub-19/ses-02/eeg/sub-19_ses-02_task-rest_run-02_eeg.json	474	223	False	c033f398
sub-19/ses-02/eeg/sub-19_ses-02_task-MotorImageryRest_run-05_events.json	767	336	False	95434a42
sub-19/ses-02/eeg/sub-19_ses-02_task-MotorImageryRest_run-05_eeg.vhdr	2012	798	False	6c9434cb
sub-19/ses-02/eeg/sub-19_ses-02_task-MotorImageryRest_run-04_eeg.vhdr	2012	797	False	fce0d144
sub-19/ses-02/eeg/sub-19_ses-02_task-MotorImageryRest_run-05_eeg.vmrk	1446	595	False	2bd28df4
sub-19/ses-02/eeg/sub-19_ses-02_task-MotorImageryRest_run-04_eeg.vmrk	1446	595	False	4f5c8cc4
sub-19/ses-02/eeg/sub-19_ses-02_task-MotorImageryRest_run-06_eeg.json	486	232	False	964b4dc3
sub-19/ses-02/eeg/sub-19_ses-02_task-rest_run-01_eeg.vmrk	521	336	False	1ce22bd1
sub-19/ses-02/eeg/sub-19_ses-02_task-MotorImageryRest_run-05_eeg.eeg	17069136	15346161	False	b9cec5d0
sub-19/ses-02/eeg/sub-19_ses-02_task-rest_run-01_eeg.vhdr	1999	795	False	f971bf22
sub-19/ses-02/eeg/sub-19_ses-02_space-CapTrak_coordsystem.json	945	378	False	47f12a36
sub-19/ses-02/eeg/sub-19_ses-02_task-MotorImageryRest_run-06_events.tsv	722	322	False	1c7aae27
sub-19/ses-02/eeg/sub-19_ses-02_task-MotorImageryRest_run-01_eeg.vmrk	1447	599	False	20f8ef3d
sub-19/ses-02/eeg/sub-19_ses-02_task-MotorImageryRest_run-01_eeg.vhdr	2012	797	False	40d4a834
sub-19/ses-02/eeg/sub-19_ses-02_task-MotorImageryRest_run-05_events.tsv	721	318	False	76939265
sub-19/ses-02/eeg/sub-19_ses-02_task-rest_run-02_eeg.eeg	13675200	12339733	False	d7d678d2
sub-19/ses-02/eeg/sub-19_ses-02_task-MotorImageryRest_run-03_eeg.json	485	231	False	9da5ccf4
sub-19/ses-02/eeg/sub-19_ses-02_task-MotorImageryRest_run-02_eeg.json	510	254	False	8a56e74e
sub-19/ses-02/eeg/sub-19_ses-02_task-MotorImageryRest_run-01_eeg.eeg	16857792	15146953	False	f996eb8f
sub-19/ses-02/eeg/sub-19_ses-02_task-MotorImageryRest_run-02_events.json	767	336	False	95434a42
sub-19/ses-02/eeg/sub-19_ses-02_task-rest_run-02_eeg.vmrk	521	335	False	1f3835e3
sub-19/ses-02/eeg/sub-19_ses-02_task-rest_run-02_eeg.vhdr	1988	787	False	824513ec
sub-19/ses-02/eeg/sub-19_ses-02_task-MotorImageryRest_run-01_events.json	767	336	False	95434a42
sub-19/ses-02/eeg/sub-19_ses-02_task-rest_run-01_channels.tsv	6285	368	False	c63f781e
sub-19/ses-02/eeg/sub-19_ses-02_task-MotorImageryRest_run-04_eeg.json	486	231	False	c9061863
sub-19/ses-02/eeg/sub-19_ses-02_task-MotorImageryRest_run-05_eeg.json	485	231	False	0696bce9
sub-19/ses-02/eeg/sub-19_ses-02_task-MotorImageryRest_run-03_eeg.eeg	16727256	15055657	False	c6c1e82c
sub-19/ses-02/eeg/sub-19_ses-02_task-MotorImageryRest_run-06_eeg.vhdr	2012	798	False	07781c1b
sub-19/ses-02/eeg/sub-19_ses-02_task-MotorImageryRest_run-06_eeg.vmrk	1447	596	False	e41fadd2
sub-19/ses-02/eeg/sub-19_ses-02_task-MotorImageryRest_run-02_events.tsv	1080	515	False	54edfeca
sub-19/ses-02/eeg/sub-19_ses-02_task-MotorImageryRest_run-02_eeg.eeg	16828192	15116103	False	da5116ad
sub-19/ses-02/eeg/sub-19_ses-02_task-MotorImageryRest_run-04_events.json	767	336	False	95434a42
sub-19/ses-02/eeg/sub-19_ses-02_task-rest_run-01_eeg.eeg	13462376	12204003	False	20e1d1ce
sub-19/ses-02/eeg/sub-19_ses-02_task-MotorImageryRest_run-06_channels.tsv	4361	330	False	f53f1e18
sub-19/ses-02/eeg/sub-19_ses-02_task-MotorImageryRest_run-01_channels.tsv	4361	330	False	f53f1e18
sub-19/ses-02/eeg/sub-19_ses-02_task-rest_run-01_eeg.json	498	245	False	e3e42969
sub-19/ses-04/meg/sub-19_ses-04_task-MotorImageryRest_run-02_channels.tsv	19989	1020	False	03360556
sub-19/ses-04/meg/sub-19_ses-04_task-MotorImageryRest_run-05_channels.tsv	19989	1020	False	03360556
sub-19/ses-04/meg/sub-19_ses-04_task-MotorImageryRest_run-06_meg.fif	69819859	65173264	False	f9af8369
sub-19/ses-04/meg/sub-19_ses-04_task-MotorImageryRest_run-01_events.json	767	336	False	95434a42
sub-19/ses-04/meg/sub-19_ses-04_task-MotorImageryRest_run-03_events.tsv	722	320	False	92e1e960
sub-19/ses-04/meg/sub-19_ses-04_task-MotorImageryRest_run-06_meg.json	689	306	False	3ae4ee94
sub-19/ses-04/meg/sub-19_ses-04_task-MotorImageryRest_run-04_channels.tsv	19989	1020	False	03360556
sub-19/ses-04/meg/sub-19_ses-04_task-rest_run-01_meg.fif	56616152	52823067	False	ed989c03
sub-19/ses-04/meg/sub-19_ses-04_task-MotorImageryRest_run-03_channels.tsv	19989	1020	False	03360556
sub-19/ses-04/meg/sub-19_ses-04_task-MotorImageryRest_run-06_events.tsv	679	307	False	4f7c8638
sub-19/ses-04/meg/sub-19_ses-04_task-MotorImageryRest_run-04_events.json	767	336	False	95434a42
sub-19/ses-04/meg/sub-19_ses-04_task-MotorImageryRest_run-01_events.tsv	722	315	False	597a22f0
sub-19/ses-04/meg/sub-19_ses-04_task-rest_run-01_meg.json	677	295	False	05e50c40
sub-19/ses-04/meg/sub-19_ses-04_task-MotorImageryRest_run-05_meg.fif	71559183	66794992	False	6201fb28
sub-19/ses-04/meg/sub-19_ses-04_task-MotorImageryRest_run-04_meg.fif	70231143	65546647	False	d737fad3
sub-19/ses-04/meg/sub-19_ses-04_task-MotorImageryRest_run-04_events.tsv	713	311	False	269e4089
sub-19/ses-04/meg/sub-19_ses-04_task-MotorImageryRest_run-02_events.json	767	336	False	95434a42
sub-19/ses-04/meg/sub-19_ses-04_task-rest_run-02_meg.fif	55613696	51896139	False	848d7551
sub-19/ses-04/meg/sub-19_ses-04_coordsystem.json	2154	453	False	8c566f74
sub-19/ses-04/meg/sub-19_ses-04_task-rest_run-02_channels.tsv	19989	1020	False	03360556
sub-19/ses-04/meg/sub-19_ses-04_task-MotorImageryRest_run-01_meg.json	689	306	False	3bae1fc2
sub-19/ses-04/meg/sub-19_ses-04_task-MotorImageryRest_run-05_events.json	767	336	False	95434a42
sub-19/ses-04/meg/sub-19_ses-04_task-MotorImageryRest_run-01_meg.fif	69597111	64953945	False	780b0b58
sub-19/ses-04/meg/sub-19_ses-04_task-MotorImageryRest_run-02_events.tsv	720	317	False	322c405d
sub-19/ses-04/meg/sub-19_ses-04_task-MotorImageryRest_run-04_meg.json	688	305	False	ac9026f6
sub-19/ses-04/meg/sub-19_ses-04_task-MotorImageryRest_run-05_meg.json	688	305	False	c4765513
sub-19/ses-04/meg/sub-19_ses-04_task-rest_run-01_channels.tsv	19989	1020	False	03360556
sub-19/ses-04/meg/sub-19_ses-04_task-MotorImageryRest_run-02_meg.fif	71216463	66488233	False	f6c144ae
sub-19/ses-04/meg/sub-19_ses-04_task-MotorImageryRest_run-01_channels.tsv	19989	1020	False	03360556
sub-19/ses-04/meg/sub-19_ses-04_task-MotorImageryRest_run-06_channels.tsv	19989	1020	False	03360556
sub-19/ses-04/meg/sub-19_ses-04_task-MotorImageryRest_run-03_meg.json	688	305	False	5815069f
sub-19/ses-04/meg/sub-19_ses-04_task-MotorImageryRest_run-02_meg.json	688	305	False	f20d0c29
sub-19/ses-04/meg/sub-19_ses-04_task-MotorImageryRest_run-03_events.json	767	336	False	95434a42
sub-19/ses-04/meg/sub-19_ses-04_task-MotorImageryRest_run-05_events.tsv	714	320	False	0e1f9e53
sub-19/ses-04/meg/sub-19_ses-04_task-rest_run-02_meg.json	677	295	False	a822c141
sub-19/ses-04/meg/sub-19_ses-04_task-MotorImageryRest_run-03_meg.fif	69759903	65104331	False	50a3499f
sub-19/ses-04/meg/sub-19_ses-04_task-MotorImageryRest_run-06_events.json	767	336	False	95434a42
sub-19/ses-04/eeg/sub-19_ses-04_task-MotorImageryRest_run-02_channels.tsv	4361	330	False	f53f1e18
sub-19/ses-04/eeg/sub-19_ses-04_task-rest_run-02_eeg.vhdr	1988	789	False	76489bcf
sub-19/ses-04/eeg/sub-19_ses-04_task-MotorImageryRest_run-05_channels.tsv	4361	330	False	f53f1e18
sub-19/ses-04/eeg/sub-19_ses-04_task-rest_run-02_eeg.vmrk	521	336	False	247e4dc0
sub-19/ses-04/eeg/sub-19_ses-04_task-MotorImageryRest_run-01_events.json	767	336	False	95434a42
sub-19/ses-04/eeg/sub-19_ses-04_task-MotorImageryRest_run-06_eeg.eeg	16855720	15182649	False	2427994d
sub-19/ses-04/eeg/sub-19_ses-04_task-MotorImageryRest_run-03_events.tsv	722	320	False	92e1e960
sub-19/ses-04/eeg/sub-19_ses-04_task-MotorImageryRest_run-01_eeg.json	486	231	False	90f0c463
sub-19/ses-04/eeg/sub-19_ses-04_task-MotorImageryRest_run-03_eeg.vmrk	1447	600	False	23e1c9ba
sub-19/ses-04/eeg/sub-19_ses-04_task-MotorImageryRest_run-02_eeg.vmrk	1447	599	False	757d62d2
sub-19/ses-04/eeg/sub-19_ses-04_task-MotorImageryRest_run-03_eeg.vhdr	2012	798	False	b3b666d8
sub-19/ses-04/eeg/sub-19_ses-04_task-MotorImageryRest_run-02_eeg.vhdr	2012	797	False	23c28357
sub-19/ses-04/eeg/sub-19_ses-04_task-rest_run-01_eeg.eeg	13662768	12389018	False	494074bf
sub-19/ses-04/eeg/sub-19_ses-04_task-MotorImageryRest_run-04_channels.tsv	4361	330	False	f53f1e18
sub-19/ses-04/eeg/sub-19_ses-04_task-MotorImageryRest_run-03_channels.tsv	4361	330	False	f53f1e18
sub-19/ses-04/eeg/sub-19_ses-04_task-MotorImageryRest_run-06_events.tsv	679	307	False	4f7c8638
sub-19/ses-04/eeg/sub-19_ses-04_task-rest_run-01_eeg.json	474	223	False	11c38ac8
sub-19/ses-04/eeg/sub-19_ses-04_task-MotorImageryRest_run-04_events.json	767	336	False	95434a42
sub-19/ses-04/eeg/sub-19_ses-04_task-MotorImageryRest_run-01_events.tsv	722	315	False	597a22f0
sub-19/ses-04/eeg/sub-19_ses-04_task-MotorImageryRest_run-04_eeg.vhdr	2012	796	False	f41ad2f7
sub-19/ses-04/eeg/sub-19_ses-04_task-MotorImageryRest_run-05_eeg.vhdr	2012	798	False	646e3778
sub-19/ses-04/eeg/sub-19_ses-04_task-MotorImageryRest_run-04_eeg.vmrk	1447	596	False	b9452f18
sub-19/ses-04/eeg/sub-19_ses-04_task-MotorImageryRest_run-05_eeg.vmrk	1446	595	False	59af34a2
sub-19/ses-04/eeg/sub-19_ses-04_task-MotorImageryRest_run-05_eeg.eeg	17276336	15520498	False	37982a6a
sub-19/ses-04/eeg/sub-19_ses-04_space-CapTrak_electrodes.tsv	5147	2436	False	32b0d3df
sub-19/ses-04/eeg/sub-19_ses-04_task-MotorImageryRest_run-04_eeg.eeg	16955176	15253738	False	7f3d8b27
sub-19/ses-04/eeg/sub-19_ses-04_task-MotorImageryRest_run-04_events.tsv	713	311	False	269e4089
sub-19/ses-04/eeg/sub-19_ses-04_space-CapTrak_coordsystem.json	945	378	False	08d379dc
sub-19/ses-04/eeg/sub-19_ses-04_task-MotorImageryRest_run-02_events.json	767	336	False	95434a42
sub-19/ses-04/eeg/sub-19_ses-04_task-MotorImageryRest_run-06_eeg.json	486	231	False	9689826f
sub-19/ses-04/eeg/sub-19_ses-04_task-rest_run-02_eeg.eeg	13420344	12117887	False	6157f550
sub-19/ses-04/eeg/sub-19_ses-04_task-rest_run-02_channels.tsv	4361	330	False	f53f1e18
sub-19/ses-04/eeg/sub-19_ses-04_task-MotorImageryRest_run-05_events.json	767	336	False	95434a42
sub-19/ses-04/eeg/sub-19_ses-04_task-rest_run-02_eeg.json	474	223	False	26dafe5e
sub-19/ses-04/eeg/sub-19_ses-04_task-MotorImageryRest_run-01_eeg.eeg	16801848	15134119	False	c63c6356
sub-19/ses-04/eeg/sub-19_ses-04_task-MotorImageryRest_run-01_eeg.vmrk	1447	596	False	3baa2454
sub-19/ses-04/eeg/sub-19_ses-04_task-MotorImageryRest_run-01_eeg.vhdr	2012	798	False	482eab87
sub-19/ses-04/eeg/sub-19_ses-04_task-MotorImageryRest_run-02_eeg.json	485	231	False	f44ff9b3
sub-19/ses-04/eeg/sub-19_ses-04_task-MotorImageryRest_run-03_eeg.json	485	231	False	9ad5a27c
sub-19/ses-04/eeg/sub-19_ses-04_task-MotorImageryRest_run-02_events.tsv	720	317	False	322c405d
sub-19/ses-04/eeg/sub-19_ses-04_task-rest_run-01_channels.tsv	4361	330	False	f53f1e18
sub-19/ses-04/eeg/sub-19_ses-04_task-rest_run-01_eeg.vhdr	1988	789	False	c35e4b4b
sub-19/ses-04/eeg/sub-19_ses-04_task-rest_run-01_eeg.vmrk	521	336	False	27a453f2
sub-19/ses-04/eeg/sub-19_ses-04_task-MotorImageryRest_run-02_eeg.eeg	17193456	15450346	False	5f96c6bb
sub-19/ses-04/eeg/sub-19_ses-04_task-MotorImageryRest_run-05_eeg.json	485	231	False	88949294
sub-19/ses-04/eeg/sub-19_ses-04_task-MotorImageryRest_run-04_eeg.json	485	230	False	4d53c2aa
sub-19/ses-04/eeg/sub-19_ses-04_task-MotorImageryRest_run-01_channels.tsv	4361	330	False	f53f1e18
sub-19/ses-04/eeg/sub-19_ses-04_task-MotorImageryRest_run-06_channels.tsv	4361	330	False	f53f1e18
sub-19/ses-04/eeg/sub-19_ses-04_task-MotorImageryRest_run-03_events.json	767	336	False	95434a42
sub-19/ses-04/eeg/sub-19_ses-04_task-MotorImageryRest_run-05_events.tsv	714	320	False	0e1f9e53
sub-19/ses-04/eeg/sub-19_ses-04_task-MotorImageryRest_run-03_eeg.eeg	16841216	15155188	False	9d72f0b4
sub-19/ses-04/eeg/sub-19_ses-04_task-MotorImageryRest_run-06_events.json	767	336	False	95434a42
sub-19/ses-04/eeg/sub-19_ses-04_task-MotorImageryRest_run-06_eeg.vhdr	2012	798	False	0f821fa8
sub-19/ses-04/eeg/sub-19_ses-04_task-MotorImageryRest_run-06_eeg.vmrk	1389	584	False	f82dd82e
sub-19/ses-03/meg/sub-19_ses-03_task-MotorImageryRest_run-03_channels.tsv	19989	1020	False	03360556
sub-19/ses-03/meg/sub-19_ses-03_task-MotorImageryRest_run-06_meg.json	688	305	False	77007494
sub-19/ses-03/meg/sub-19_ses-03_task-MotorImageryRest_run-04_channels.tsv	19989	1020	False	03360556
sub-19/ses-03/meg/sub-19_ses-03_task-MotorImageryRest_run-06_meg.fif	69628971	64991808	False	0750222d
sub-19/ses-03/meg/sub-19_ses-03_task-MotorImageryRest_run-02_events.json	767	336	False	95434a42
sub-19/ses-03/meg/sub-19_ses-03_task-MotorImageryRest_run-01_events.tsv	674	305	False	1db26fc1
sub-19/ses-03/meg/sub-19_ses-03_task-MotorImageryRest_run-04_events.tsv	718	317	False	8140a162
sub-19/ses-03/meg/sub-19_ses-03_task-MotorImageryRest_run-05_channels.tsv	19989	1020	False	03360556
sub-19/ses-03/meg/sub-19_ses-03_task-MotorImageryRest_run-02_channels.tsv	19989	1020	False	03360556
sub-19/ses-03/meg/sub-19_ses-03_task-MotorImageryRest_run-04_events.json	767	336	False	95434a42
sub-19/ses-03/meg/sub-19_ses-03_task-MotorImageryRest_run-03_events.tsv	719	317	False	9c4d2924
sub-19/ses-03/meg/sub-19_ses-03_task-rest_run-02_channels.tsv	19989	1020	False	03360556
sub-19/ses-03/meg/sub-19_ses-03_task-MotorImageryRest_run-05_meg.fif	70125915	65450559	False	4b870e1d
sub-19/ses-03/meg/sub-19_ses-03_task-MotorImageryRest_run-06_events.tsv	719	313	False	e5ee3e3d
sub-19/ses-03/meg/sub-19_ses-03_task-MotorImageryRest_run-01_meg.json	689	306	False	c85d00f3
sub-19/ses-03/meg/sub-19_ses-03_task-MotorImageryRest_run-04_meg.fif	70699971	65979753	False	1b7cd083
sub-19/ses-03/meg/sub-19_ses-03_task-rest_run-01_meg.json	677	295	False	1a4a27f4
sub-19/ses-03/meg/sub-19_ses-03_task-MotorImageryRest_run-01_events.json	767	336	False	95434a42
sub-19/ses-03/meg/sub-19_ses-03_task-MotorImageryRest_run-06_events.json	767	336	False	95434a42
sub-19/ses-03/meg/sub-19_ses-03_task-MotorImageryRest_run-05_events.tsv	722	320	False	aba9ed09
sub-19/ses-03/meg/sub-19_ses-03_task-MotorImageryRest_run-01_meg.fif	70117327	65427144	False	8009f436
sub-19/ses-03/meg/sub-19_ses-03_coordsystem.json	2230	489	False	c4e36b75
sub-19/ses-03/meg/sub-19_ses-03_task-rest_run-01_meg.fif	55782648	52054952	False	e75f29f7
sub-19/ses-03/meg/sub-19_ses-03_task-rest_run-01_channels.tsv	19989	1020	False	03360556
sub-19/ses-03/meg/sub-19_ses-03_task-MotorImageryRest_run-05_meg.json	689	306	False	bd4714e5
sub-19/ses-03/meg/sub-19_ses-03_task-MotorImageryRest_run-04_meg.json	688	305	False	b57242ed
sub-19/ses-03/meg/sub-19_ses-03_task-MotorImageryRest_run-03_events.json	767	336	False	95434a42
sub-19/ses-03/meg/sub-19_ses-03_task-rest_run-02_meg.fif	57307748	53487280	False	e71ed178
sub-19/ses-03/meg/sub-19_ses-03_task-MotorImageryRest_run-02_meg.fif	69029215	64416771	False	fbe253da
sub-19/ses-03/meg/sub-19_ses-03_task-MotorImageryRest_run-02_meg.json	687	302	False	9461ab80
sub-19/ses-03/meg/sub-19_ses-03_task-MotorImageryRest_run-03_meg.json	688	305	False	1f36ce03
sub-19/ses-03/meg/sub-19_ses-03_task-rest_run-02_meg.json	677	295	False	361b3bc1
sub-19/ses-03/meg/sub-19_ses-03_task-MotorImageryRest_run-06_channels.tsv	19989	1020	False	03360556
sub-19/ses-03/meg/sub-19_ses-03_task-MotorImageryRest_run-01_channels.tsv	19989	1020	False	03360556
sub-19/ses-03/meg/sub-19_ses-03_task-MotorImageryRest_run-02_events.tsv	714	320	False	3e1b30d5
sub-19/ses-03/meg/sub-19_ses-03_task-MotorImageryRest_run-03_meg.fif	69200571	64589870	False	41cec047
sub-19/ses-03/meg/sub-19_ses-03_task-MotorImageryRest_run-05_events.json	767	336	False	95434a42
sub-19/ses-03/eeg/sub-19_ses-03_task-rest_run-01_eeg.json	474	223	False	4ce55338
sub-19/ses-03/eeg/sub-19_ses-03_task-MotorImageryRest_run-03_channels.tsv	4361	330	False	f53f1e18
sub-19/ses-03/eeg/sub-19_ses-03_task-MotorImageryRest_run-04_channels.tsv	4361	330	False	f53f1e18
sub-19/ses-03/eeg/sub-19_ses-03_task-MotorImageryRest_run-01_eeg.json	486	232	False	be0ef401
sub-19/ses-03/eeg/sub-19_ses-03_task-MotorImageryRest_run-02_events.json	767	336	False	95434a42
sub-19/ses-03/eeg/sub-19_ses-03_task-MotorImageryRest_run-06_eeg.eeg	16810136	15066590	False	2d886f86
sub-19/ses-03/eeg/sub-19_ses-03_task-MotorImageryRest_run-01_events.tsv	674	305	False	1db26fc1
sub-19/ses-03/eeg/sub-19_ses-03_task-MotorImageryRest_run-04_events.tsv	718	317	False	8140a162
sub-19/ses-03/eeg/sub-19_ses-03_task-MotorImageryRest_run-05_channels.tsv	4361	330	False	f53f1e18
sub-19/ses-03/eeg/sub-19_ses-03_task-MotorImageryRest_run-02_channels.tsv	4361	330	False	f53f1e18
sub-19/ses-03/eeg/sub-19_ses-03_task-MotorImageryRest_run-02_eeg.vmrk	1446	599	False	577759d7
sub-19/ses-03/eeg/sub-19_ses-03_task-MotorImageryRest_run-03_eeg.vmrk	1447	598	False	7692b8d8
sub-19/ses-03/eeg/sub-19_ses-03_task-MotorImageryRest_run-02_eeg.vhdr	2012	798	False	c554fc8c
sub-19/ses-03/eeg/sub-19_ses-03_task-MotorImageryRest_run-03_eeg.vhdr	2012	796	False	55201903
sub-19/ses-03/eeg/sub-19_ses-03_space-CapTrak_coordsystem.json	945	378	False	8c86ed56
sub-19/ses-03/eeg/sub-19_ses-03_task-rest_run-02_eeg.vmrk	521	336	False	4f315f0c
sub-19/ses-03/eeg/sub-19_ses-03_task-rest_run-02_eeg.vhdr	1988	788	False	f0d0d103
sub-19/ses-03/eeg/sub-19_ses-03_task-MotorImageryRest_run-04_events.json	767	336	False	95434a42
sub-19/ses-03/eeg/sub-19_ses-03_task-MotorImageryRest_run-05_eeg.vhdr	2012	798	False	82f848a3
sub-19/ses-03/eeg/sub-19_ses-03_task-MotorImageryRest_run-04_eeg.vhdr	2012	798	False	128cad2c
sub-19/ses-03/eeg/sub-19_ses-03_task-MotorImageryRest_run-05_eeg.vmrk	1447	591	False	ed8bcb4f
sub-19/ses-03/eeg/sub-19_ses-03_task-MotorImageryRest_run-04_eeg.vmrk	1447	597	False	6cc1ffd7
sub-19/ses-03/eeg/sub-19_ses-03_task-MotorImageryRest_run-03_events.tsv	719	317	False	9c4d2924
sub-19/ses-03/eeg/sub-19_ses-03_task-MotorImageryRest_run-05_eeg.eeg	16930312	15180950	False	f657eb86
sub-19/ses-03/eeg/sub-19_ses-03_task-rest_run-02_channels.tsv	4361	330	False	f53f1e18
sub-19/ses-03/eeg/sub-19_ses-03_task-MotorImageryRest_run-06_events.tsv	719	313	False	e5ee3e3d
sub-19/ses-03/eeg/sub-19_ses-03_task-MotorImageryRest_run-04_eeg.eeg	17069136	15310032	False	76fb2d31
sub-19/ses-03/eeg/sub-19_ses-03_task-MotorImageryRest_run-06_eeg.json	485	231	False	35144dc8
sub-19/ses-03/eeg/sub-19_ses-03_task-MotorImageryRest_run-01_events.json	767	336	False	95434a42
sub-19/ses-03/eeg/sub-19_ses-03_task-MotorImageryRest_run-01_eeg.vmrk	1389	582	False	91619d4d
sub-19/ses-03/eeg/sub-19_ses-03_task-MotorImageryRest_run-06_events.json	767	336	False	95434a42
sub-19/ses-03/eeg/sub-19_ses-03_task-MotorImageryRest_run-01_eeg.vhdr	2012	798	False	aeb8d45c
sub-19/ses-03/eeg/sub-19_ses-03_task-rest_run-01_eeg.vmrk	521	336	False	4ceb413e
sub-19/ses-03/eeg/sub-19_ses-03_task-rest_run-01_eeg.vhdr	1988	789	False	45c60187
sub-19/ses-03/eeg/sub-19_ses-03_task-MotorImageryRest_run-05_events.tsv	722	320	False	aba9ed09
sub-19/ses-03/eeg/sub-19_ses-03_task-MotorImageryRest_run-01_eeg.eeg	16928240	15182300	False	9ec57cb6
sub-19/ses-03/eeg/sub-19_ses-03_task-rest_run-01_channels.tsv	4361	330	False	f53f1e18
sub-19/ses-03/eeg/sub-19_ses-03_task-rest_run-01_eeg.eeg	13461784	12163588	False	661896e0
sub-19/ses-03/eeg/sub-19_ses-03_task-rest_run-02_eeg.json	474	223	False	f52ad54a
sub-19/ses-03/eeg/sub-19_ses-03_task-MotorImageryRest_run-03_events.json	767	336	False	95434a42
sub-19/ses-03/eeg/sub-19_ses-03_task-MotorImageryRest_run-03_eeg.json	485	231	False	b9d9aba1
sub-19/ses-03/eeg/sub-19_ses-03_task-MotorImageryRest_run-02_eeg.json	484	229	False	f6684292
sub-19/ses-03/eeg/sub-19_ses-03_task-rest_run-02_eeg.eeg	13830600	12475593	False	5f0e2c93
sub-19/ses-03/eeg/sub-19_ses-03_task-MotorImageryRest_run-02_eeg.eeg	16665096	14916373	False	93e39410
sub-19/ses-03/eeg/sub-19_ses-03_task-MotorImageryRest_run-04_eeg.json	485	231	False	0696bce9
sub-19/ses-03/eeg/sub-19_ses-03_task-MotorImageryRest_run-05_eeg.json	486	232	False	49482173
sub-19/ses-03/eeg/sub-19_ses-03_task-MotorImageryRest_run-06_eeg.vhdr	2012	798	False	e9146073
sub-19/ses-03/eeg/sub-19_ses-03_task-MotorImageryRest_run-06_channels.tsv	4361	330	False	f53f1e18
sub-19/ses-03/eeg/sub-19_ses-03_space-CapTrak_electrodes.tsv	5164	2443	False	948f699d
sub-19/ses-03/eeg/sub-19_ses-03_task-MotorImageryRest_run-06_eeg.vmrk	1447	600	False	7130e05e
sub-19/ses-03/eeg/sub-19_ses-03_task-MotorImageryRest_run-01_channels.tsv	4361	330	False	f53f1e18
sub-19/ses-03/eeg/sub-19_ses-03_task-MotorImageryRest_run-02_events.tsv	714	320	False	3e1b30d5
sub-19/ses-03/eeg/sub-19_ses-03_task-MotorImageryRest_run-03_eeg.eeg	16706536	15007277	False	e24ab805
sub-19/ses-03/eeg/sub-19_ses-03_task-MotorImageryRest_run-05_events.json	767	336	False	95434a42
sub-19/ses-01/meg/sub-19_ses-01_coordsystem.json	2152	466	False	7741bb21
sub-19/ses-01/meg/sub-19_ses-01_task-MotorImageryRest_run-06_meg.json	689	306	False	67fe0feb
sub-19/ses-01/meg/sub-19_ses-01_task-MotorImageryRest_run-03_meg.fif	69774739	65115626	False	26539c54
sub-19/ses-01/meg/sub-19_ses-01_task-MotorImageryRest_run-04_events.tsv	716	311	False	9b8f07a2
sub-19/ses-01/meg/sub-19_ses-01_task-rest_run-02_meg.fif	56253996	52475421	False	8373499a
sub-19/ses-01/meg/sub-19_ses-01_task-MotorImageryRest_run-01_events.tsv	719	319	False	12e7402b
sub-19/ses-01/meg/sub-19_ses-01_task-MotorImageryRest_run-02_meg.fif	69620515	64954787	False	c2e018fb
sub-19/ses-01/meg/sub-19_ses-01_task-MotorImageryRest_run-05_events.json	767	336	False	95434a42
sub-19/ses-01/meg/sub-19_ses-01_task-rest_run-01_meg.json	701	320	False	b9007d22
sub-19/ses-01/meg/sub-19_ses-01_task-rest_run-01_channels.tsv	27945	1088	False	48ee8ca0
sub-19/ses-01/meg/sub-19_ses-01_task-rest_run-01_meg.fif	55479200	51762124	False	1c7e4ec4
sub-19/ses-01/meg/sub-19_ses-01_task-MotorImageryRest_run-06_events.json	767	336	False	95434a42
sub-19/ses-01/meg/sub-19_ses-01_task-MotorImageryRest_run-06_events.tsv	721	322	False	c1ed31a0
sub-19/ses-01/meg/sub-19_ses-01_task-MotorImageryRest_run-06_channels.tsv	19989	1020	False	03360556
sub-19/ses-01/meg/sub-19_ses-01_task-MotorImageryRest_run-03_events.json	767	336	False	95434a42
sub-19/ses-01/meg/sub-19_ses-01_task-MotorImageryRest_run-01_channels.tsv	19989	1020	False	03360556
sub-19/ses-01/meg/sub-19_ses-01_task-MotorImageryRest_run-03_events.tsv	716	318	False	2c2e989b
sub-19/ses-01/meg/sub-19_ses-01_task-MotorImageryRest_run-01_meg.json	689	306	False	55361cca
sub-19/ses-01/meg/sub-19_ses-01_task-MotorImageryRest_run-01_meg.fif	70717219	65967593	False	39fdbcb5
sub-19/ses-01/meg/sub-19_ses-01_task-MotorImageryRest_run-03_channels.tsv	19989	1020	False	03360556
sub-19/ses-01/meg/sub-19_ses-01_task-MotorImageryRest_run-04_channels.tsv	19989	1020	False	03360556
sub-19/ses-01/meg/sub-19_ses-01_task-MotorImageryRest_run-04_meg.fif	70143163	65483061	False	0e3a3c92
sub-19/ses-01/meg/sub-19_ses-01_task-MotorImageryRest_run-04_events.json	767	336	False	95434a42
sub-19/ses-01/meg/sub-19_ses-01_task-rest_run-02_meg.json	677	295	False	6e2eb883
sub-19/ses-01/meg/sub-19_ses-01_task-MotorImageryRest_run-01_events.json	767	336	False	95434a42
sub-19/ses-01/meg/sub-19_ses-01_task-MotorImageryRest_run-05_channels.tsv	19989	1020	False	03360556
sub-19/ses-01/meg/sub-19_ses-01_task-MotorImageryRest_run-02_channels.tsv	19989	1020	False	03360556
sub-19/ses-01/meg/sub-19_ses-01_task-MotorImageryRest_run-05_events.tsv	721	315	False	7ee64c56
sub-19/ses-01/meg/sub-19_ses-01_task-MotorImageryRest_run-05_meg.fif	69457723	64826843	False	75c2357c
sub-19/ses-01/meg/sub-19_ses-01_task-MotorImageryRest_run-04_meg.json	688	306	False	362cce80
sub-19/ses-01/meg/sub-19_ses-01_task-MotorImageryRest_run-05_meg.json	687	302	False	41952669
sub-19/ses-01/meg/sub-19_ses-01_task-MotorImageryRest_run-02_events.tsv	718	317	False	a45d8fb7
sub-19/ses-01/meg/sub-19_ses-01_task-MotorImageryRest_run-02_events.json	767	336	False	95434a42
sub-19/ses-01/meg/sub-19_ses-01_task-MotorImageryRest_run-03_meg.json	689	306	False	ebc18bfe
sub-19/ses-01/meg/sub-19_ses-01_task-MotorImageryRest_run-02_meg.json	689	306	False	f39b2aa8
sub-19/ses-01/meg/sub-19_ses-01_task-rest_run-02_channels.tsv	19989	1020	False	03360556
sub-19/ses-01/meg/sub-19_ses-01_task-MotorImageryRest_run-06_meg.fif	70340227	65652118	False	26a3a8d2
sub-19/ses-01/eeg/sub-19_ses-01_task-MotorImageryRest_run-01_eeg.json	486	231	False	0e10eb63
sub-19/ses-01/eeg/sub-19_ses-01_task-MotorImageryRest_run-03_eeg.eeg	16845360	15005988	False	b27e1de6
sub-19/ses-01/eeg/sub-19_ses-01_task-MotorImageryRest_run-04_events.tsv	716	311	False	9b8f07a2
sub-19/ses-01/eeg/sub-19_ses-01_task-rest_run-02_eeg.eeg	13575744	12196387	False	fa01cb71
sub-19/ses-01/eeg/sub-19_ses-01_task-MotorImageryRest_run-02_eeg.eeg	16808064	14953870	False	c3ecc725
sub-19/ses-01/eeg/sub-19_ses-01_task-MotorImageryRest_run-01_events.tsv	719	319	False	12e7402b
sub-19/ses-01/eeg/sub-19_ses-01_task-MotorImageryRest_run-05_events.json	767	336	False	95434a42
sub-19/ses-01/eeg/sub-19_ses-01_task-rest_run-01_channels.tsv	6285	368	False	c63f781e
sub-19/ses-01/eeg/sub-19_ses-01_task-MotorImageryRest_run-03_eeg.vhdr	2012	798	False	5289e792
sub-19/ses-01/eeg/sub-19_ses-01_task-MotorImageryRest_run-02_eeg.vhdr	2012	797	False	c2fd021d
sub-19/ses-01/eeg/sub-19_ses-01_space-CapTrak_electrodes.tsv	5166	2452	False	2c53e6eb
sub-19/ses-01/eeg/sub-19_ses-01_task-MotorImageryRest_run-03_eeg.vmrk	1447	598	False	a57d5bce
sub-19/ses-01/eeg/sub-19_ses-01_task-MotorImageryRest_run-02_eeg.vmrk	1446	599	False	864371f4
sub-19/ses-01/eeg/sub-19_ses-01_task-rest_run-01_eeg.json	498	245	False	de9ae988
sub-19/ses-01/eeg/sub-19_ses-01_task-rest_run-01_eeg.eeg	13388376	12103998	False	4b6310a7
sub-19/ses-01/eeg/sub-19_ses-01_task-MotorImageryRest_run-06_events.json	767	336	False	95434a42
sub-19/ses-01/eeg/sub-19_ses-01_task-MotorImageryRest_run-04_eeg.vmrk	1447	596	False	04bee455
sub-19/ses-01/eeg/sub-19_ses-01_task-MotorImageryRest_run-05_eeg.vmrk	1447	592	False	a236e1c2
sub-19/ses-01/eeg/sub-19_ses-01_task-MotorImageryRest_run-04_eeg.vhdr	2012	798	False	152553bd
sub-19/ses-01/eeg/sub-19_ses-01_task-MotorImageryRest_run-05_eeg.vhdr	2012	798	False	8551b632
sub-19/ses-01/eeg/sub-19_ses-01_task-MotorImageryRest_run-06_events.tsv	721	322	False	c1ed31a0
sub-19/ses-01/eeg/sub-19_ses-01_task-MotorImageryRest_run-06_channels.tsv	4361	330	False	f53f1e18
sub-19/ses-01/eeg/sub-19_ses-01_task-MotorImageryRest_run-03_events.json	767	336	False	95434a42
sub-19/ses-01/eeg/sub-19_ses-01_task-MotorImageryRest_run-01_channels.tsv	4361	330	False	f53f1e18
sub-19/ses-01/eeg/sub-19_ses-01_task-MotorImageryRest_run-06_eeg.json	486	232	False	53392b7e
sub-19/ses-01/eeg/sub-19_ses-01_task-MotorImageryRest_run-03_events.tsv	716	318	False	2c2e989b
sub-19/ses-01/eeg/sub-19_ses-01_task-MotorImageryRest_run-01_eeg.eeg	17073280	15249803	False	954bad9d
sub-19/ses-01/eeg/sub-19_ses-01_task-rest_run-02_eeg.vhdr	1988	789	False	15fb54dd
sub-19/ses-01/eeg/sub-19_ses-01_task-rest_run-02_eeg.vmrk	521	336	False	ef238ad2
sub-19/ses-01/eeg/sub-19_ses-01_task-MotorImageryRest_run-03_channels.tsv	4361	330	False	f53f1e18
sub-19/ses-01/eeg/sub-19_ses-01_task-MotorImageryRest_run-04_channels.tsv	4361	330	False	f53f1e18
sub-19/ses-01/eeg/sub-19_ses-01_task-MotorImageryRest_run-01_eeg.vhdr	2012	796	False	a9112acd
sub-19/ses-01/eeg/sub-19_ses-01_task-MotorImageryRest_run-01_eeg.vmrk	1447	601	False	8d13a582
sub-19/ses-01/eeg/sub-19_ses-01_task-MotorImageryRest_run-04_eeg.eeg	16934456	15096987	False	5e519a4c
sub-19/ses-01/eeg/sub-19_ses-01_task-MotorImageryRest_run-04_events.json	767	336	False	95434a42
sub-19/ses-01/eeg/sub-19_ses-01_space-CapTrak_coordsystem.json	945	378	False	e9405e49
sub-19/ses-01/eeg/sub-19_ses-01_task-MotorImageryRest_run-01_events.json	767	336	False	95434a42
sub-19/ses-01/eeg/sub-19_ses-01_task-MotorImageryRest_run-05_channels.tsv	4361	330	False	f53f1e18
sub-19/ses-01/eeg/sub-19_ses-01_task-MotorImageryRest_run-02_channels.tsv	4361	330	False	f53f1e18
sub-19/ses-01/eeg/sub-19_ses-01_task-MotorImageryRest_run-05_events.tsv	721	315	False	7ee64c56
sub-19/ses-01/eeg/sub-19_ses-01_task-MotorImageryRest_run-02_eeg.json	486	231	False	1ae7c339
sub-19/ses-01/eeg/sub-19_ses-01_task-MotorImageryRest_run-03_eeg.json	486	232	False	320d7efc
sub-19/ses-01/eeg/sub-19_ses-01_task-MotorImageryRest_run-05_eeg.eeg	16768696	14991612	False	26b304f2
sub-19/ses-01/eeg/sub-19_ses-01_task-rest_run-01_eeg.vhdr	1999	794	False	c91091c0
sub-19/ses-01/eeg/sub-19_ses-01_task-rest_run-01_eeg.vmrk	521	334	False	ecf994e0
sub-19/ses-01/eeg/sub-19_ses-01_task-MotorImageryRest_run-02_events.tsv	718	317	False	a45d8fb7
sub-19/ses-01/eeg/sub-19_ses-01_task-MotorImageryRest_run-05_eeg.json	484	230	False	9b733f6c
sub-19/ses-01/eeg/sub-19_ses-01_task-MotorImageryRest_run-04_eeg.json	485	231	False	909973b1
sub-19/ses-01/eeg/sub-19_ses-01_task-MotorImageryRest_run-02_events.json	767	336	False	95434a42
sub-19/ses-01/eeg/sub-19_ses-01_task-rest_run-02_channels.tsv	4361	330	False	f53f1e18
sub-19/ses-01/eeg/sub-19_ses-01_task-MotorImageryRest_run-06_eeg.vmrk	1447	598	False	dcde7e24
sub-19/ses-01/eeg/sub-19_ses-01_task-MotorImageryRest_run-06_eeg.eeg	16982112	15140368	False	885a6ab0
sub-19/ses-01/eeg/sub-19_ses-01_task-MotorImageryRest_run-06_eeg.vhdr	2012	798	False	eebd9ee2
sub-19/ses-01/eeg/sub-19_ses-01_task-rest_run-02_eeg.json	474	223	False	982058fa
sub-01/	0	0	False	00000000
__MACOSX/._sub-01	220	93	False	29d7e44a
sub-01/.DS_Store	6148	346	False	aa635e62
__MACOSX/sub-01/._.DS_Store	120	53	False	38c0880b
sub-01/ses-02/	0	0	False	00000000
sub-01/ses-04/	0	0	False	00000000
sub-01/ses-03/	0	0	False	00000000
sub-01/ses-01/	0	0	False	00000000
sub-01/ses-02/.DS_Store	6148	281	False	113a11e4
__MACOSX/sub-01/ses-02/._.DS_Store	120	53	False	38c0880b
sub-01/ses-02/sub-01_ses-02_scans.tsv	1309	226	False	cfa4a150
sub-01/ses-02/meg/	0	0	False	00000000
sub-01/ses-02/eeg/	0	0	False	00000000
sub-01/ses-04/.DS_Store	6148	281	False	ed63b95f
__MACOSX/sub-01/ses-04/._.DS_Store	120	53	False	38c0880b
sub-01/ses-04/sub-01_ses-04_scans.tsv	1309	227	False	7afd20dc
sub-01/ses-04/meg/	0	0	False	00000000
sub-01/ses-04/eeg/	0	0	False	00000000
sub-01/ses-03/sub-01_ses-03_scans.tsv	1309	225	False	d3f87d6f
sub-01/ses-03/.DS_Store	6148	281	False	ec167a93
__MACOSX/sub-01/ses-03/._.DS_Store	120	53	False	38c0880b
sub-01/ses-03/meg/	0	0	False	00000000
sub-01/ses-03/eeg/	0	0	False	00000000
sub-01/ses-01/.DS_Store	6148	283	False	ad9b7ce6
__MACOSX/sub-01/ses-01/._.DS_Store	120	53	False	38c0880b
sub-01/ses-01/meg/	0	0	False	00000000
sub-01/ses-01/sub-01_ses-01_scans.tsv	1309	228	False	37af070e
sub-01/ses-01/eeg/	0	0	False	00000000
sub-01/ses-02/meg/sub-01_ses-02_task-MotorImageryRest_run-01_channels.tsv	19989	1020	False	03360556
sub-01/ses-02/meg/sub-01_ses-02_task-MotorImageryRest_run-06_channels.tsv	19989	1020	False	03360556
sub-01/ses-02/meg/sub-01_ses-02_task-MotorImageryRest_run-06_meg.json	688	306	False	e9b6b94a
sub-01/ses-02/meg/sub-01_ses-02_task-MotorImageryRest_run-01_events.tsv	680	305	False	1596e572
sub-01/ses-02/meg/sub-01_ses-02_task-MotorImageryRest_run-06_events.json	767	336	False	95434a42
sub-01/ses-02/meg/sub-01_ses-02_task-MotorImageryRest_run-06_meg.fif	65686879	61252463	False	2833939d
sub-01/ses-02/meg/sub-01_ses-02_task-MotorImageryRest_run-03_events.json	767	336	False	95434a42
sub-01/ses-02/meg/sub-01_ses-02_task-MotorImageryRest_run-04_events.tsv	652	298	False	97be43c7
sub-01/ses-02/meg/sub-01_ses-02_task-rest_run-02_meg.fif	56467292	52662119	False	21c8aebd
sub-01/ses-02/meg/sub-01_ses-02_task-MotorImageryRest_run-04_meg.fif	66423717	61986091	False	b11d4a7e
sub-01/ses-02/meg/sub-01_ses-02_task-MotorImageryRest_run-03_events.tsv	675	306	False	54aa02a2
sub-01/ses-02/meg/sub-01_ses-02_task-rest_run-01_channels.tsv	19989	1020	False	03360556
sub-01/ses-02/meg/sub-01_ses-02_task-rest_run-02_meg.json	677	295	False	8b1180ea
sub-01/ses-02/meg/sub-01_ses-02_task-MotorImageryRest_run-05_events.json	767	336	False	95434a42
sub-01/ses-02/meg/sub-01_ses-02_task-rest_run-01_meg.fif	56450160	52695437	False	fd9fd130
sub-01/ses-02/meg/sub-01_ses-02_task-MotorImageryRest_run-01_meg.json	689	306	False	99297176
sub-01/ses-02/meg/sub-01_ses-02_task-MotorImageryRest_run-06_events.tsv	675	300	False	e52d2455
sub-01/ses-02/meg/sub-01_ses-02_task-MotorImageryRest_run-05_meg.fif	66158119	61732326	False	89172338
sub-01/ses-02/meg/sub-01_ses-02_task-MotorImageryRest_run-02_events.json	767	336	False	95434a42
sub-01/ses-02/meg/sub-01_ses-02_task-rest_run-02_channels.tsv	19989	1020	False	03360556
sub-01/ses-02/meg/sub-01_ses-02_task-MotorImageryRest_run-05_events.tsv	674	301	False	b8032386
sub-01/ses-02/meg/sub-01_ses-02_task-MotorImageryRest_run-01_meg.fif	67134871	62665318	False	3873347a
sub-01/ses-02/meg/sub-01_ses-02_task-MotorImageryRest_run-04_meg.json	689	306	False	c6152f3b
sub-01/ses-02/meg/sub-01_ses-02_task-MotorImageryRest_run-05_meg.json	688	305	False	0a7cfb91
sub-01/ses-02/meg/sub-01_ses-02_task-MotorImageryRest_run-02_channels.tsv	19989	1020	False	03360556
sub-01/ses-02/meg/sub-01_ses-02_task-MotorImageryRest_run-05_channels.tsv	19989	1020	False	03360556
sub-01/ses-02/meg/sub-01_ses-02_task-MotorImageryRest_run-04_events.json	767	336	False	95434a42
sub-01/ses-02/meg/sub-01_ses-02_task-MotorImageryRest_run-03_meg.fif	66749311	62309965	False	81d3e2f8
sub-01/ses-02/meg/sub-01_ses-02_task-MotorImageryRest_run-03_meg.json	689	306	False	d480110f
sub-01/ses-02/meg/sub-01_ses-02_task-MotorImageryRest_run-02_meg.json	689	306	False	548fadf9
sub-01/ses-02/meg/sub-01_ses-02_task-MotorImageryRest_run-02_events.tsv	679	305	False	b6a343b8
sub-01/ses-02/meg/sub-01_ses-02_coordsystem.json	2270	502	False	ea9b8b49
sub-01/ses-02/meg/sub-01_ses-02_task-rest_run-01_meg.json	677	295	False	5ef4ed63
sub-01/ses-02/meg/sub-01_ses-02_task-MotorImageryRest_run-04_channels.tsv	19989	1020	False	03360556
sub-01/ses-02/meg/sub-01_ses-02_task-MotorImageryRest_run-01_events.json	767	336	False	95434a42
sub-01/ses-02/meg/sub-01_ses-02_task-MotorImageryRest_run-02_meg.fif	67306231	62812926	False	86da5ae4
sub-01/ses-02/meg/sub-01_ses-02_task-MotorImageryRest_run-03_channels.tsv	19989	1020	False	03360556
sub-01/ses-02/eeg/sub-01_ses-02_task-MotorImageryRest_run-01_eeg.json	486	231	False	f9b15463
sub-01/ses-02/eeg/sub-01_ses-02_task-MotorImageryRest_run-01_channels.tsv	4361	330	False	f53f1e18
sub-01/ses-02/eeg/sub-01_ses-02_task-MotorImageryRest_run-06_channels.tsv	4361	330	False	f53f1e18
sub-01/ses-02/eeg/sub-01_ses-02_task-rest_run-01_eeg.vmrk	521	334	False	793a3cba
sub-01/ses-02/eeg/sub-01_ses-02_task-MotorImageryRest_run-01_events.tsv	680	305	False	1596e572
sub-01/ses-02/eeg/sub-01_ses-02_task-rest_run-01_eeg.vhdr	1988	787	False	c6bf0b6a
sub-01/ses-02/eeg/sub-01_ses-02_space-CapTrak_coordsystem.json	942	377	False	1d0c0d3c
sub-01/ses-02/eeg/sub-01_ses-02_task-MotorImageryRest_run-06_events.json	767	336	False	95434a42
sub-01/ses-02/eeg/sub-01_ses-02_task-MotorImageryRest_run-06_eeg.eeg	15857016	13802470	False	e9bee09c
sub-01/ses-02/eeg/sub-01_ses-02_task-MotorImageryRest_run-03_events.json	767	336	False	95434a42
sub-01/ses-02/eeg/sub-01_ses-02_task-rest_run-02_eeg.json	474	223	False	11652e94
sub-01/ses-02/eeg/sub-01_ses-02_task-rest_run-02_eeg.eeg	13627544	11820006	False	088865c5
sub-01/ses-02/eeg/sub-01_ses-02_task-MotorImageryRest_run-03_eeg.vmrk	1389	585	False	50fdbdf3
sub-01/ses-02/eeg/sub-01_ses-02_task-MotorImageryRest_run-04_events.tsv	652	298	False	97be43c7
sub-01/ses-02/eeg/sub-01_ses-02_task-MotorImageryRest_run-02_eeg.vmrk	1389	580	False	38c49b8e
sub-01/ses-02/eeg/sub-01_ses-02_task-MotorImageryRest_run-03_eeg.vhdr	2012	798	False	0dd4da9a
sub-01/ses-02/eeg/sub-01_ses-02_task-MotorImageryRest_run-02_eeg.vhdr	2012	796	False	9da03f15
sub-01/ses-02/eeg/sub-01_ses-02_task-MotorImageryRest_run-04_eeg.eeg	16035208	13976902	False	e99ca3f5
sub-01/ses-02/eeg/sub-01_ses-02_task-MotorImageryRest_run-03_events.tsv	675	306	False	54aa02a2
sub-01/ses-02/eeg/sub-01_ses-02_task-MotorImageryRest_run-04_eeg.vhdr	2012	797	False	4a786eb5
sub-01/ses-02/eeg/sub-01_ses-02_task-MotorImageryRest_run-05_eeg.vhdr	2012	797	False	da0c8b3a
sub-01/ses-02/eeg/sub-01_ses-02_task-rest_run-01_channels.tsv	4361	330	False	f53f1e18
sub-01/ses-02/eeg/sub-01_ses-02_task-MotorImageryRest_run-04_eeg.vmrk	1360	577	False	efaa0e05
sub-01/ses-02/eeg/sub-01_ses-02_task-MotorImageryRest_run-05_eeg.vmrk	1389	580	False	12dca0dd
sub-01/ses-02/eeg/sub-01_ses-02_task-MotorImageryRest_run-05_events.json	767	336	False	95434a42
sub-01/ses-02/eeg/sub-01_ses-02_task-MotorImageryRest_run-06_eeg.json	485	231	False	a64afca5
sub-01/ses-02/eeg/sub-01_ses-02_task-rest_run-01_eeg.eeg	13623400	11850254	False	31598a55
sub-01/ses-02/eeg/sub-01_ses-02_task-MotorImageryRest_run-06_events.tsv	675	300	False	e52d2455
sub-01/ses-02/eeg/sub-01_ses-02_task-MotorImageryRest_run-05_eeg.eeg	15970976	13939098	False	4f2fb4d0
sub-01/ses-02/eeg/sub-01_ses-02_task-rest_run-01_eeg.json	474	223	False	c09ae220
sub-01/ses-02/eeg/sub-01_ses-02_task-MotorImageryRest_run-01_eeg.vmrk	1389	581	False	3ed94d82
sub-01/ses-02/eeg/sub-01_ses-02_task-MotorImageryRest_run-01_eeg.vhdr	2012	797	False	f64c17c5
sub-01/ses-02/eeg/sub-01_ses-02_task-MotorImageryRest_run-02_events.json	767	336	False	95434a42
sub-01/ses-02/eeg/sub-01_ses-02_task-rest_run-02_channels.tsv	4361	330	False	f53f1e18
sub-01/ses-02/eeg/sub-01_ses-02_task-MotorImageryRest_run-05_events.tsv	674	301	False	b8032386
sub-01/ses-02/eeg/sub-01_ses-02_task-MotorImageryRest_run-02_eeg.json	486	232	False	e232ccfd
sub-01/ses-02/eeg/sub-01_ses-02_task-MotorImageryRest_run-03_eeg.json	486	231	False	5adc0220
sub-01/ses-02/eeg/sub-01_ses-02_task-MotorImageryRest_run-01_eeg.eeg	16207184	14168626	False	79c4790a
sub-01/ses-02/eeg/sub-01_ses-02_task-rest_run-02_eeg.vmrk	521	334	False	7ae02288
sub-01/ses-02/eeg/sub-01_ses-02_task-rest_run-02_eeg.vhdr	1988	787	False	73a9dbee
sub-01/ses-02/eeg/sub-01_ses-02_task-MotorImageryRest_run-02_channels.tsv	4361	330	False	f53f1e18
sub-01/ses-02/eeg/sub-01_ses-02_task-MotorImageryRest_run-05_channels.tsv	4361	330	False	f53f1e18
sub-01/ses-02/eeg/sub-01_ses-02_task-MotorImageryRest_run-05_eeg.json	485	231	False	84c94f14
sub-01/ses-02/eeg/sub-01_ses-02_task-MotorImageryRest_run-04_eeg.json	486	232	False	282ce698
sub-01/ses-02/eeg/sub-01_ses-02_task-MotorImageryRest_run-04_events.json	767	336	False	95434a42
sub-01/ses-02/eeg/sub-01_ses-02_task-MotorImageryRest_run-03_eeg.eeg	16113944	14066227	False	bd0c174e
sub-01/ses-02/eeg/sub-01_ses-02_task-MotorImageryRest_run-02_events.tsv	679	305	False	b6a343b8
sub-01/ses-02/eeg/sub-01_ses-02_task-MotorImageryRest_run-06_eeg.vhdr	2012	797	False	b1e0a3ea
sub-01/ses-02/eeg/sub-01_ses-02_task-MotorImageryRest_run-06_eeg.vmrk	1389	582	False	82a240e0
sub-01/ses-02/eeg/sub-01_ses-02_task-MotorImageryRest_run-02_eeg.eeg	16248624	14169523	False	d11bee52
sub-01/ses-02/eeg/sub-01_ses-02_task-MotorImageryRest_run-04_channels.tsv	4361	330	False	f53f1e18
sub-01/ses-02/eeg/sub-01_ses-02_task-MotorImageryRest_run-01_events.json	767	336	False	95434a42
sub-01/ses-02/eeg/sub-01_ses-02_task-MotorImageryRest_run-03_channels.tsv	4361	330	False	f53f1e18
sub-01/ses-02/eeg/sub-01_ses-02_space-CapTrak_electrodes.tsv	5150	2440	False	503c561b
sub-01/ses-04/meg/sub-01_ses-04_task-MotorImageryRest_run-03_events.tsv	670	302	False	8f42fde6
sub-01/ses-04/meg/sub-01_ses-04_task-MotorImageryRest_run-06_meg.fif	64830897	60509036	False	0611cc2c
sub-01/ses-04/meg/sub-01_ses-04_task-MotorImageryRest_run-04_events.json	767	336	False	95434a42
sub-01/ses-04/meg/sub-01_ses-04_task-MotorImageryRest_run-06_meg.json	688	306	False	7aba8148
sub-01/ses-04/meg/sub-01_ses-04_task-rest_run-01_channels.tsv	19989	1020	False	03360556
sub-01/ses-04/meg/sub-01_ses-04_task-MotorImageryRest_run-01_events.json	767	336	False	95434a42
sub-01/ses-04/meg/sub-01_ses-04_task-rest_run-01_meg.json	675	293	False	e1efa603
sub-01/ses-04/meg/sub-01_ses-04_task-MotorImageryRest_run-06_events.tsv	645	292	False	ec391984
sub-01/ses-04/meg/sub-01_ses-04_task-MotorImageryRest_run-06_channels.tsv	19989	1020	False	03360556
sub-01/ses-04/meg/sub-01_ses-04_task-MotorImageryRest_run-01_channels.tsv	19989	1020	False	03360556
sub-01/ses-04/meg/sub-01_ses-04_coordsystem.json	2186	480	False	7553c63a
sub-01/ses-04/meg/sub-01_ses-04_task-MotorImageryRest_run-01_events.tsv	675	301	False	28d52d63
sub-01/ses-04/meg/sub-01_ses-04_task-MotorImageryRest_run-02_events.json	767	336	False	95434a42
sub-01/ses-04/meg/sub-01_ses-04_task-MotorImageryRest_run-05_meg.fif	65319283	60916618	False	dcea16ee
sub-01/ses-04/meg/sub-01_ses-04_task-MotorImageryRest_run-04_meg.fif	64848043	60517510	False	4443ab71
sub-01/ses-04/meg/sub-01_ses-04_task-MotorImageryRest_run-01_meg.json	689	306	False	8b19d4ca
sub-01/ses-04/meg/sub-01_ses-04_task-MotorImageryRest_run-04_events.tsv	679	304	False	99f9751f
sub-01/ses-04/meg/sub-01_ses-04_task-MotorImageryRest_run-01_meg.fif	65584891	61216981	False	dffd9af0
sub-01/ses-04/meg/sub-01_ses-04_task-rest_run-02_meg.json	677	295	False	9ff99a53
sub-01/ses-04/meg/sub-01_ses-04_task-MotorImageryRest_run-05_meg.json	689	306	False	4c723639
sub-01/ses-04/meg/sub-01_ses-04_task-MotorImageryRest_run-04_meg.json	689	305	False	783bf671
sub-01/ses-04/meg/sub-01_ses-04_task-MotorImageryRest_run-02_events.tsv	650	296	False	ee2263c1
sub-01/ses-04/meg/sub-01_ses-04_task-MotorImageryRest_run-05_events.json	767	336	False	95434a42
sub-01/ses-04/meg/sub-01_ses-04_task-rest_run-01_meg.fif	60460808	56393719	False	162c8976
sub-01/ses-04/meg/sub-01_ses-04_task-MotorImageryRest_run-02_meg.fif	65559177	61204235	False	b5e8c685
sub-01/ses-04/meg/sub-01_ses-04_task-MotorImageryRest_run-02_meg.json	688	305	False	67caa991
sub-01/ses-04/meg/sub-01_ses-04_task-MotorImageryRest_run-03_meg.json	688	305	False	49bdc687
sub-01/ses-04/meg/sub-01_ses-04_task-MotorImageryRest_run-06_events.json	767	336	False	95434a42
sub-01/ses-04/meg/sub-01_ses-04_task-MotorImageryRest_run-05_events.tsv	675	301	False	9ce0bfe8
sub-01/ses-04/meg/sub-01_ses-04_task-MotorImageryRest_run-03_channels.tsv	19989	1020	False	03360556
sub-01/ses-04/meg/sub-01_ses-04_task-MotorImageryRest_run-04_channels.tsv	19989	1020	False	03360556
sub-01/ses-04/meg/sub-01_ses-04_task-MotorImageryRest_run-03_events.json	767	336	False	95434a42
sub-01/ses-04/meg/sub-01_ses-04_task-rest_run-02_channels.tsv	19989	1020	False	03360556
sub-01/ses-04/meg/sub-01_ses-04_task-rest_run-02_meg.fif	83962832	78392801	False	27a7a75d
sub-01/ses-04/meg/sub-01_ses-04_task-MotorImageryRest_run-03_meg.fif	66373147	61949549	False	5340f60b
sub-01/ses-04/meg/sub-01_ses-04_task-MotorImageryRest_run-05_channels.tsv	19989	1020	False	03360556
sub-01/ses-04/meg/sub-01_ses-04_task-MotorImageryRest_run-02_channels.tsv	19989	1020	False	03360556
sub-01/ses-04/eeg/sub-01_ses-04_task-MotorImageryRest_run-03_events.tsv	670	302	False	8f42fde6
sub-01/ses-04/eeg/sub-01_ses-04_task-MotorImageryRest_run-06_eeg.eeg	15649816	13630527	False	df8726e2
sub-01/ses-04/eeg/sub-01_ses-04_task-MotorImageryRest_run-04_events.json	767	336	False	95434a42
sub-01/ses-04/eeg/sub-01_ses-04_task-MotorImageryRest_run-01_eeg.json	486	232	False	50f9e251
sub-01/ses-04/eeg/sub-01_ses-04_space-CapTrak_coordsystem.json	945	378	False	80782dfe
sub-01/ses-04/eeg/sub-01_ses-04_task-rest_run-01_channels.tsv	4361	330	False	f53f1e18
sub-01/ses-04/eeg/sub-01_ses-04_task-MotorImageryRest_run-02_eeg.vmrk	1360	577	False	bf63e7f1
sub-01/ses-04/eeg/sub-01_ses-04_task-MotorImageryRest_run-03_eeg.vmrk	1389	584	False	274494c0
sub-01/ses-04/eeg/sub-01_ses-04_task-MotorImageryRest_run-01_events.json	767	336	False	95434a42
sub-01/ses-04/eeg/sub-01_ses-04_task-MotorImageryRest_run-02_eeg.vhdr	2012	797	False	955a3ca6
sub-01/ses-04/eeg/sub-01_ses-04_task-MotorImageryRest_run-03_eeg.vhdr	2012	798	False	052ed929
sub-01/ses-04/eeg/sub-01_ses-04_task-MotorImageryRest_run-06_events.tsv	645	292	False	ec391984
sub-01/ses-04/eeg/sub-01_ses-04_task-MotorImageryRest_run-06_channels.tsv	4361	330	False	f53f1e18
sub-01/ses-04/eeg/sub-01_ses-04_task-MotorImageryRest_run-01_channels.tsv	4361	330	False	f53f1e18
sub-01/ses-04/eeg/sub-01_ses-04_task-MotorImageryRest_run-05_eeg.vhdr	2012	798	False	d2f68889
sub-01/ses-04/eeg/sub-01_ses-04_task-MotorImageryRest_run-04_eeg.vhdr	2012	796	False	42826d06
sub-01/ses-04/eeg/sub-01_ses-04_task-MotorImageryRest_run-05_eeg.vmrk	1388	581	False	899ea55c
sub-01/ses-04/eeg/sub-01_ses-04_task-MotorImageryRest_run-04_eeg.vmrk	1388	579	False	73200125
sub-01/ses-04/eeg/sub-01_ses-04_task-rest_run-01_eeg.json	472	220	False	b00c3ccd
sub-01/ses-04/eeg/sub-01_ses-04_task-MotorImageryRest_run-01_events.tsv	675	301	False	28d52d63
sub-01/ses-04/eeg/sub-01_ses-04_task-MotorImageryRest_run-02_events.json	767	336	False	95434a42
sub-01/ses-04/eeg/sub-01_ses-04_task-MotorImageryRest_run-05_eeg.eeg	15767920	13738692	False	6b8c73d2
sub-01/ses-04/eeg/sub-01_ses-04_task-MotorImageryRest_run-04_eeg.eeg	15653960	13653875	False	7922db5b
sub-01/ses-04/eeg/sub-01_ses-04_task-rest_run-02_eeg.vhdr	1988	789	False	87a453cd
sub-01/ses-04/eeg/sub-01_ses-04_task-rest_run-02_eeg.vmrk	521	336	False	41a65aab
sub-01/ses-04/eeg/sub-01_ses-04_task-MotorImageryRest_run-06_eeg.json	485	231	False	ef3d8863
sub-01/ses-04/eeg/sub-01_ses-04_task-MotorImageryRest_run-04_events.tsv	679	304	False	99f9751f
sub-01/ses-04/eeg/sub-01_ses-04_task-MotorImageryRest_run-01_eeg.vmrk	1389	583	False	20a38d02
sub-01/ses-04/eeg/sub-01_ses-04_task-MotorImageryRest_run-01_eeg.eeg	15832152	13931037	False	820d0001
sub-01/ses-04/eeg/sub-01_ses-04_task-MotorImageryRest_run-01_eeg.vhdr	2012	797	False	feb61476
sub-01/ses-04/eeg/sub-01_ses-04_space-CapTrak_electrodes.tsv	5150	2435	False	4800cdee
sub-01/ses-04/eeg/sub-01_ses-04_task-MotorImageryRest_run-02_events.tsv	650	296	False	ee2263c1
sub-01/ses-04/eeg/sub-01_ses-04_task-MotorImageryRest_run-03_eeg.json	485	231	False	fee24533
sub-01/ses-04/eeg/sub-01_ses-04_task-MotorImageryRest_run-02_eeg.json	485	231	False	4563f7ff
sub-01/ses-04/eeg/sub-01_ses-04_task-MotorImageryRest_run-05_events.json	767	336	False	95434a42
sub-01/ses-04/eeg/sub-01_ses-04_task-rest_run-01_eeg.eeg	14593096	12724467	False	bb135c95
sub-01/ses-04/eeg/sub-01_ses-04_task-MotorImageryRest_run-02_eeg.eeg	15825936	13856050	False	f726ccce
sub-01/ses-04/eeg/sub-01_ses-04_task-rest_run-01_eeg.vhdr	1988	787	False	32b28349
sub-01/ses-04/eeg/sub-01_ses-04_task-MotorImageryRest_run-04_eeg.json	486	232	False	7030f81e
sub-01/ses-04/eeg/sub-01_ses-04_task-rest_run-01_eeg.vmrk	521	334	False	427c4499
sub-01/ses-04/eeg/sub-01_ses-04_task-MotorImageryRest_run-05_eeg.json	486	231	False	2f1673aa
sub-01/ses-04/eeg/sub-01_ses-04_task-MotorImageryRest_run-06_events.json	767	336	False	95434a42
sub-01/ses-04/eeg/sub-01_ses-04_task-MotorImageryRest_run-05_events.tsv	675	301	False	9ce0bfe8
sub-01/ses-04/eeg/sub-01_ses-04_task-MotorImageryRest_run-03_channels.tsv	4361	330	False	f53f1e18
sub-01/ses-04/eeg/sub-01_ses-04_task-MotorImageryRest_run-04_channels.tsv	4361	330	False	f53f1e18
sub-01/ses-04/eeg/sub-01_ses-04_task-MotorImageryRest_run-03_events.json	767	336	False	95434a42
sub-01/ses-04/eeg/sub-01_ses-04_task-rest_run-02_channels.tsv	4361	330	False	f53f1e18
sub-01/ses-04/eeg/sub-01_ses-04_task-rest_run-02_eeg.eeg	20276592	17553821	False	8cb627e6
sub-01/ses-04/eeg/sub-01_ses-04_task-MotorImageryRest_run-03_eeg.eeg	16022776	14010365	False	d8acdfc6
sub-01/ses-04/eeg/sub-01_ses-04_task-MotorImageryRest_run-06_eeg.vhdr	2012	798	False	b91aa059
sub-01/ses-04/eeg/sub-01_ses-04_task-MotorImageryRest_run-05_channels.tsv	4361	330	False	f53f1e18
sub-01/ses-04/eeg/sub-01_ses-04_task-MotorImageryRest_run-06_eeg.vmrk	1359	575	False	9c7c65f7
sub-01/ses-04/eeg/sub-01_ses-04_task-rest_run-02_eeg.json	474	222	False	7b51f5fa
sub-01/ses-04/eeg/sub-01_ses-04_task-MotorImageryRest_run-02_channels.tsv	4361	330	False	f53f1e18
sub-01/ses-03/meg/sub-01_ses-03_task-rest_run-01_meg.fif	59536004	55575816	False	21ea34b9
sub-01/ses-03/meg/sub-01_ses-03_task-rest_run-01_channels.tsv	19989	1020	False	03360556
sub-01/ses-03/meg/sub-01_ses-03_task-MotorImageryRest_run-06_meg.json	689	306	False	f48c838b
sub-01/ses-03/meg/sub-01_ses-03_task-MotorImageryRest_run-06_meg.fif	66399395	61969546	False	fe53235e
sub-01/ses-03/meg/sub-01_ses-03_task-MotorImageryRest_run-01_channels.tsv	19989	1020	False	03360556
sub-01/ses-03/meg/sub-01_ses-03_task-MotorImageryRest_run-06_channels.tsv	19989	1020	False	03360556
sub-01/ses-03/meg/sub-01_ses-03_task-rest_run-01_meg.json	677	296	False	ebe35201
sub-01/ses-03/meg/sub-01_ses-03_task-MotorImageryRest_run-01_events.tsv	671	300	False	41ad5266
sub-01/ses-03/meg/sub-01_ses-03_task-MotorImageryRest_run-02_events.json	767	336	False	95434a42
sub-01/ses-03/meg/sub-01_ses-03_task-MotorImageryRest_run-04_events.tsv	673	301	False	4c94ab08
sub-01/ses-03/meg/sub-01_ses-03_task-rest_run-02_meg.fif	55569024	51856199	False	796cbfda
sub-01/ses-03/meg/sub-01_ses-03_task-MotorImageryRest_run-05_meg.fif	65311259	60966625	False	7f160f68
sub-01/ses-03/meg/sub-01_ses-03_task-MotorImageryRest_run-03_events.tsv	676	302	False	9962ee7a
sub-01/ses-03/meg/sub-01_ses-03_task-MotorImageryRest_run-01_events.json	767	336	False	95434a42
sub-01/ses-03/meg/sub-01_ses-03_task-MotorImageryRest_run-04_events.json	767	336	False	95434a42
sub-01/ses-03/meg/sub-01_ses-03_task-MotorImageryRest_run-04_meg.fif	65953855	61573009	False	15569a4c
sub-01/ses-03/meg/sub-01_ses-03_task-MotorImageryRest_run-01_meg.json	689	307	False	dc61c16f
sub-01/ses-03/meg/sub-01_ses-03_task-MotorImageryRest_run-06_events.tsv	674	303	False	d594ac11
sub-01/ses-03/meg/sub-01_ses-03_task-MotorImageryRest_run-05_events.tsv	671	297	False	b01514f6
sub-01/ses-03/meg/sub-01_ses-03_task-MotorImageryRest_run-01_meg.fif	66699271	62256633	False	da2b9750
sub-01/ses-03/meg/sub-01_ses-03_task-MotorImageryRest_run-03_events.json	767	336	False	95434a42
sub-01/ses-03/meg/sub-01_ses-03_task-rest_run-02_meg.json	677	295	False	7907a42b
sub-01/ses-03/meg/sub-01_ses-03_coordsystem.json	2152	468	False	61b5abc2
sub-01/ses-03/meg/sub-01_ses-03_task-MotorImageryRest_run-06_events.json	767	336	False	95434a42
sub-01/ses-03/meg/sub-01_ses-03_task-MotorImageryRest_run-04_meg.json	689	306	False	72bee408
sub-01/ses-03/meg/sub-01_ses-03_task-MotorImageryRest_run-05_meg.json	689	306	False	a3f63730
sub-01/ses-03/meg/sub-01_ses-03_task-MotorImageryRest_run-02_meg.fif	66185191	61791295	False	1b30f082
sub-01/ses-03/meg/sub-01_ses-03_task-rest_run-02_channels.tsv	19989	1020	False	03360556
sub-01/ses-03/meg/sub-01_ses-03_task-MotorImageryRest_run-05_events.json	767	336	False	95434a42
sub-01/ses-03/meg/sub-01_ses-03_task-MotorImageryRest_run-03_meg.json	689	306	False	bf2ee3ae
sub-01/ses-03/meg/sub-01_ses-03_task-MotorImageryRest_run-02_meg.json	689	306	False	8b746298
sub-01/ses-03/meg/sub-01_ses-03_task-MotorImageryRest_run-02_channels.tsv	19989	1020	False	03360556
sub-01/ses-03/meg/sub-01_ses-03_task-MotorImageryRest_run-05_channels.tsv	19989	1020	False	03360556
sub-01/ses-03/meg/sub-01_ses-03_task-MotorImageryRest_run-04_channels.tsv	19989	1020	False	03360556
sub-01/ses-03/meg/sub-01_ses-03_task-MotorImageryRest_run-03_meg.fif	66339415	61901598	False	f15ac83d
sub-01/ses-03/meg/sub-01_ses-03_task-MotorImageryRest_run-03_channels.tsv	19989	1020	False	03360556
sub-01/ses-03/meg/sub-01_ses-03_task-MotorImageryRest_run-02_events.tsv	677	305	False	a3c3395b
sub-01/ses-03/eeg/sub-01_ses-03_task-MotorImageryRest_run-01_eeg.json	486	232	False	4a991812
sub-01/ses-03/eeg/sub-01_ses-03_task-rest_run-01_eeg.eeg	14369320	12429007	False	e23fc804
sub-01/ses-03/eeg/sub-01_ses-03_task-rest_run-01_channels.tsv	4361	330	False	f53f1e18
sub-01/ses-03/eeg/sub-01_ses-03_task-MotorImageryRest_run-06_eeg.eeg	16028992	13785123	False	3b7f329f
sub-01/ses-03/eeg/sub-01_ses-03_task-MotorImageryRest_run-01_channels.tsv	4361	330	False	f53f1e18
sub-01/ses-03/eeg/sub-01_ses-03_task-MotorImageryRest_run-06_channels.tsv	4361	330	False	f53f1e18
sub-01/ses-03/eeg/sub-01_ses-03_task-MotorImageryRest_run-01_events.tsv	671	300	False	41ad5266
sub-01/ses-03/eeg/sub-01_ses-03_space-CapTrak_electrodes.tsv	5157	2439	False	e3bcb554
sub-01/ses-03/eeg/sub-01_ses-03_task-MotorImageryRest_run-02_events.json	767	336	False	95434a42
sub-01/ses-03/eeg/sub-01_ses-03_task-MotorImageryRest_run-04_events.tsv	673	301	False	4c94ab08
sub-01/ses-03/eeg/sub-01_ses-03_task-MotorImageryRest_run-03_eeg.vmrk	1389	581	False	31114fd0
sub-01/ses-03/eeg/sub-01_ses-03_task-MotorImageryRest_run-02_eeg.vmrk	1389	583	False	5b384fac
sub-01/ses-03/eeg/sub-01_ses-03_task-MotorImageryRest_run-03_eeg.vhdr	2012	796	False	e3b8a6f2
sub-01/ses-03/eeg/sub-01_ses-03_task-MotorImageryRest_run-02_eeg.vhdr	2012	798	False	73cc437d
sub-01/ses-03/eeg/sub-01_ses-03_task-rest_run-02_eeg.vmrk	521	336	False	2ae94867
sub-01/ses-03/eeg/sub-01_ses-03_task-rest_run-02_eeg.vhdr	1988	789	False	013c1901
sub-01/ses-03/eeg/sub-01_ses-03_task-rest_run-02_eeg.eeg	13409984	11507138	False	0235fb9a
sub-01/ses-03/eeg/sub-01_ses-03_task-MotorImageryRest_run-05_eeg.eeg	15765848	13565293	False	6b73064d
sub-01/ses-03/eeg/sub-01_ses-03_task-MotorImageryRest_run-03_events.tsv	676	302	False	9962ee7a
sub-01/ses-03/eeg/sub-01_ses-03_task-MotorImageryRest_run-04_eeg.vhdr	2012	798	False	a41412dd
sub-01/ses-03/eeg/sub-01_ses-03_task-MotorImageryRest_run-05_eeg.vhdr	2012	798	False	3460f752
sub-01/ses-03/eeg/sub-01_ses-03_task-MotorImageryRest_run-01_events.json	767	336	False	95434a42
sub-01/ses-03/eeg/sub-01_ses-03_space-CapTrak_coordsystem.json	945	379	False	0cbbec32
sub-01/ses-03/eeg/sub-01_ses-03_task-MotorImageryRest_run-04_eeg.vmrk	1388	585	False	a4a0c595
sub-01/ses-03/eeg/sub-01_ses-03_task-MotorImageryRest_run-05_eeg.vmrk	1388	581	False	045c7803
sub-01/ses-03/eeg/sub-01_ses-03_task-MotorImageryRest_run-06_eeg.json	486	232	False	0dd08e45
sub-01/ses-03/eeg/sub-01_ses-03_task-MotorImageryRest_run-04_eeg.eeg	15921248	13715022	False	e55166ee
sub-01/ses-03/eeg/sub-01_ses-03_task-MotorImageryRest_run-04_events.json	767	336	False	95434a42
sub-01/ses-03/eeg/sub-01_ses-03_task-MotorImageryRest_run-06_events.tsv	674	303	False	d594ac11
sub-01/ses-03/eeg/sub-01_ses-03_task-rest_run-01_eeg.json	474	223	False	c98fa123
sub-01/ses-03/eeg/sub-01_ses-03_task-MotorImageryRest_run-05_events.tsv	671	297	False	b01514f6
sub-01/ses-03/eeg/sub-01_ses-03_task-MotorImageryRest_run-01_eeg.vmrk	1389	584	False	dfdefa52
sub-01/ses-03/eeg/sub-01_ses-03_task-MotorImageryRest_run-01_eeg.vhdr	2012	797	False	18206bad
sub-01/ses-03/eeg/sub-01_ses-03_task-MotorImageryRest_run-01_eeg.eeg	16101512	13996120	False	ea2570cd
sub-01/ses-03/eeg/sub-01_ses-03_task-MotorImageryRest_run-03_events.json	767	336	False	95434a42
sub-01/ses-03/eeg/sub-01_ses-03_task-MotorImageryRest_run-06_events.json	767	336	False	95434a42
sub-01/ses-03/eeg/sub-01_ses-03_task-MotorImageryRest_run-02_eeg.json	486	232	False	67e07319
sub-01/ses-03/eeg/sub-01_ses-03_task-MotorImageryRest_run-03_eeg.json	486	232	False	ba5419ff
sub-01/ses-03/eeg/sub-01_ses-03_task-MotorImageryRest_run-02_eeg.eeg	15977192	13828077	False	b724aec9
sub-01/ses-03/eeg/sub-01_ses-03_task-rest_run-02_eeg.json	474	222	False	825e02cd
sub-01/ses-03/eeg/sub-01_ses-03_task-rest_run-02_channels.tsv	4361	330	False	f53f1e18
sub-01/ses-03/eeg/sub-01_ses-03_task-MotorImageryRest_run-05_events.json	767	336	False	95434a42
sub-01/ses-03/eeg/sub-01_ses-03_task-MotorImageryRest_run-05_eeg.json	486	231	False	29c6241e
sub-01/ses-03/eeg/sub-01_ses-03_task-MotorImageryRest_run-04_eeg.json	486	232	False	ba5b49c5
sub-01/ses-03/eeg/sub-01_ses-03_task-MotorImageryRest_run-02_channels.tsv	4361	330	False	f53f1e18
sub-01/ses-03/eeg/sub-01_ses-03_task-MotorImageryRest_run-05_channels.tsv	4361	330	False	f53f1e18
sub-01/ses-03/eeg/sub-01_ses-03_task-MotorImageryRest_run-06_eeg.vhdr	2012	798	False	5f8cdf82
sub-01/ses-03/eeg/sub-01_ses-03_task-MotorImageryRest_run-06_eeg.vmrk	1389	585	False	39314076
sub-01/ses-03/eeg/sub-01_ses-03_task-MotorImageryRest_run-03_eeg.eeg	16014488	13802808	False	c219c5dd
sub-01/ses-03/eeg/sub-01_ses-03_task-MotorImageryRest_run-04_channels.tsv	4361	330	False	f53f1e18
sub-01/ses-03/eeg/sub-01_ses-03_task-rest_run-01_eeg.vmrk	521	334	False	29335655
sub-01/ses-03/eeg/sub-01_ses-03_task-MotorImageryRest_run-03_channels.tsv	4361	330	False	f53f1e18
sub-01/ses-03/eeg/sub-01_ses-03_task-rest_run-01_eeg.vhdr	1988	787	False	b42ac985
sub-01/ses-03/eeg/sub-01_ses-03_task-MotorImageryRest_run-02_events.tsv	677	305	False	a3c3395b
sub-01/ses-01/meg/sub-01_ses-01_task-MotorImageryRest_run-06_meg.json	689	306	False	076cddc4
sub-01/ses-01/meg/sub-01_ses-01_task-MotorImageryRest_run-05_events.json	767	336	False	95434a42
sub-01/ses-01/meg/sub-01_ses-01_task-MotorImageryRest_run-03_meg.fif	66270299	61859744	False	3952beb0
sub-01/ses-01/meg/sub-01_ses-01_task-MotorImageryRest_run-04_events.tsv	1014	487	False	dcdd0fc0
sub-01/ses-01/meg/sub-01_ses-01_task-MotorImageryRest_run-02_meg.fif	65696239	61329601	False	30855dbf
sub-01/ses-01/meg/sub-01_ses-01_task-MotorImageryRest_run-01_events.tsv	676	303	False	77ef1252
sub-01/ses-01/meg/sub-01_ses-01_coordsystem.json	2226	482	False	5ebf671e
sub-01/ses-01/meg/sub-01_ses-01_task-MotorImageryRest_run-03_events.json	767	336	False	95434a42
sub-01/ses-01/meg/sub-01_ses-01_task-rest_run-01_meg.json	677	295	False	5a34e580
sub-01/ses-01/meg/sub-01_ses-01_task-MotorImageryRest_run-06_events.tsv	678	300	False	c19b421e
sub-01/ses-01/meg/sub-01_ses-01_task-MotorImageryRest_run-02_channels.tsv	19989	1020	False	03360556
sub-01/ses-01/meg/sub-01_ses-01_task-MotorImageryRest_run-05_channels.tsv	19989	1020	False	03360556
sub-01/ses-01/meg/sub-01_ses-01_task-MotorImageryRest_run-01_meg.json	689	306	False	d649b8ae
sub-01/ses-01/meg/sub-01_ses-01_task-MotorImageryRest_run-03_events.tsv	672	305	False	d9110b56
sub-01/ses-01/meg/sub-01_ses-01_task-rest_run-02_channels.tsv	19989	1020	False	03360556
sub-01/ses-01/meg/sub-01_ses-01_task-MotorImageryRest_run-04_channels.tsv	27945	1088	False	48ee8ca0
sub-01/ses-01/meg/sub-01_ses-01_task-MotorImageryRest_run-01_meg.fif	67075687	62583462	False	af235623
sub-01/ses-01/meg/sub-01_ses-01_task-MotorImageryRest_run-03_channels.tsv	19989	1020	False	03360556
sub-01/ses-01/meg/sub-01_ses-01_task-MotorImageryRest_run-06_events.json	767	336	False	95434a42
sub-01/ses-01/meg/sub-01_ses-01_task-rest_run-02_meg.fif	55705532	51973034	False	fbbe6a85
sub-01/ses-01/meg/sub-01_ses-01_task-MotorImageryRest_run-01_events.json	767	336	False	95434a42
sub-01/ses-01/meg/sub-01_ses-01_task-MotorImageryRest_run-04_meg.fif	67561619	63025810	False	e45e4546
sub-01/ses-01/meg/sub-01_ses-01_task-MotorImageryRest_run-01_channels.tsv	19989	1020	False	03360556
sub-01/ses-01/meg/sub-01_ses-01_task-MotorImageryRest_run-06_channels.tsv	19989	1020	False	03360556
sub-01/ses-01/meg/sub-01_ses-01_task-MotorImageryRest_run-05_meg.json	689	306	False	6f1a801b
sub-01/ses-01/meg/sub-01_ses-01_task-MotorImageryRest_run-04_meg.json	713	328	False	d2860d1b
sub-01/ses-01/meg/sub-01_ses-01_task-MotorImageryRest_run-05_meg.fif	76192039	71139023	False	bf861756
sub-01/ses-01/meg/sub-01_ses-01_task-rest_run-01_channels.tsv	19989	1020	False	03360556
sub-01/ses-01/meg/sub-01_ses-01_task-MotorImageryRest_run-05_events.tsv	673	301	False	e7139c46
sub-01/ses-01/meg/sub-01_ses-01_task-MotorImageryRest_run-04_events.json	767	336	False	95434a42
sub-01/ses-01/meg/sub-01_ses-01_task-MotorImageryRest_run-02_events.tsv	675	301	False	50301962
sub-01/ses-01/meg/sub-01_ses-01_task-MotorImageryRest_run-02_meg.json	689	306	False	79229a6c
sub-01/ses-01/meg/sub-01_ses-01_task-MotorImageryRest_run-03_meg.json	689	306	False	e8162a3e
sub-01/ses-01/meg/sub-01_ses-01_task-rest_run-01_meg.fif	56425248	52679559	False	327b1864
sub-01/ses-01/meg/sub-01_ses-01_task-rest_run-02_meg.json	676	294	False	619f9cde
sub-01/ses-01/meg/sub-01_ses-01_task-MotorImageryRest_run-06_meg.fif	67118527	62661379	False	6d2b1be3
sub-01/ses-01/meg/sub-01_ses-01_task-MotorImageryRest_run-02_events.json	767	336	False	95434a42
sub-01/ses-01/eeg/sub-01_ses-01_task-rest_run-02_eeg.vhdr	1988	787	False	e4179cdf
sub-01/ses-01/eeg/sub-01_ses-01_task-MotorImageryRest_run-05_events.json	767	336	False	95434a42
sub-01/ses-01/eeg/sub-01_ses-01_task-rest_run-02_eeg.vmrk	521	334	False	8afb9db9
sub-01/ses-01/eeg/sub-01_ses-01_task-MotorImageryRest_run-01_eeg.json	486	232	False	0538a3e6
sub-01/ses-01/eeg/sub-01_ses-01_task-MotorImageryRest_run-03_eeg.eeg	15997912	13922958	False	74d3837a
sub-01/ses-01/eeg/sub-01_ses-01_task-MotorImageryRest_run-04_events.tsv	1014	487	False	dcdd0fc0
sub-01/ses-01/eeg/sub-01_ses-01_task-MotorImageryRest_run-02_eeg.eeg	15859088	13849438	False	8c3ebb03
sub-01/ses-01/eeg/sub-01_ses-01_task-MotorImageryRest_run-01_events.tsv	676	303	False	77ef1252
sub-01/ses-01/eeg/sub-01_ses-01_task-MotorImageryRest_run-02_eeg.vhdr	2012	796	False	7465bdec
sub-01/ses-01/eeg/sub-01_ses-01_task-MotorImageryRest_run-03_eeg.vhdr	2012	796	False	e4115863
sub-01/ses-01/eeg/sub-01_ses-01_task-MotorImageryRest_run-02_eeg.vmrk	1389	582	False	b9bc386d
sub-01/ses-01/eeg/sub-01_ses-01_task-MotorImageryRest_run-03_eeg.vmrk	1389	581	False	13156a78
sub-01/ses-01/eeg/sub-01_ses-01_task-rest_run-01_eeg.json	474	222	False	b5e1d207
sub-01/ses-01/eeg/sub-01_ses-01_task-MotorImageryRest_run-03_events.json	767	336	False	95434a42
sub-01/ses-01/eeg/sub-01_ses-01_task-MotorImageryRest_run-06_events.tsv	678	300	False	c19b421e
sub-01/ses-01/eeg/sub-01_ses-01_task-MotorImageryRest_run-05_eeg.vmrk	1389	581	False	c4ff4745
sub-01/ses-01/eeg/sub-01_ses-01_task-MotorImageryRest_run-04_eeg.vmrk	1389	581	False	a25d3681
sub-01/ses-01/eeg/sub-01_ses-01_task-MotorImageryRest_run-05_eeg.vhdr	2012	796	False	33c909c3
sub-01/ses-01/eeg/sub-01_ses-01_task-MotorImageryRest_run-04_eeg.vhdr	2023	804	False	285cfb58
sub-01/ses-01/eeg/sub-01_ses-01_task-MotorImageryRest_run-02_channels.tsv	4361	330	False	f53f1e18
sub-01/ses-01/eeg/sub-01_ses-01_task-MotorImageryRest_run-05_channels.tsv	4361	330	False	f53f1e18
sub-01/ses-01/eeg/sub-01_ses-01_task-MotorImageryRest_run-03_events.tsv	672	305	False	d9110b56
sub-01/ses-01/eeg/sub-01_ses-01_task-MotorImageryRest_run-06_eeg.json	486	232	False	a1bc5f75
sub-01/ses-01/eeg/sub-01_ses-01_task-rest_run-02_channels.tsv	4361	330	False	f53f1e18
sub-01/ses-01/eeg/sub-01_ses-01_task-MotorImageryRest_run-01_eeg.eeg	16192680	14085744	False	b9c6dd39
sub-01/ses-01/eeg/sub-01_ses-01_task-MotorImageryRest_run-04_channels.tsv	6285	368	False	c63f781e
sub-01/ses-01/eeg/sub-01_ses-01_task-MotorImageryRest_run-03_channels.tsv	4361	330	False	f53f1e18
sub-01/ses-01/eeg/sub-01_ses-01_task-MotorImageryRest_run-06_events.json	767	336	False	95434a42
sub-01/ses-01/eeg/sub-01_ses-01_task-MotorImageryRest_run-01_eeg.vhdr	2012	795	False	1f89953c
sub-01/ses-01/eeg/sub-01_ses-01_task-MotorImageryRest_run-01_eeg.vmrk	1389	580	False	a518049f
sub-01/ses-01/eeg/sub-01_ses-01_task-MotorImageryRest_run-01_events.json	767	336	False	95434a42
sub-01/ses-01/eeg/sub-01_ses-01_task-rest_run-02_eeg.eeg	13443136	11642882	False	8d6e4215
sub-01/ses-01/eeg/sub-01_ses-01_task-rest_run-02_eeg.json	473	222	False	89f01eb9
sub-01/ses-01/eeg/sub-01_ses-01_task-MotorImageryRest_run-04_eeg.eeg	16310192	14214141	False	78390797
sub-01/ses-01/eeg/sub-01_ses-01_task-MotorImageryRest_run-01_channels.tsv	4361	330	False	f53f1e18
sub-01/ses-01/eeg/sub-01_ses-01_task-MotorImageryRest_run-06_channels.tsv	4361	330	False	f53f1e18
sub-01/ses-01/eeg/sub-01_ses-01_task-rest_run-01_eeg.vhdr	1988	785	False	51014c5b
sub-01/ses-01/eeg/sub-01_ses-01_task-rest_run-01_eeg.vmrk	521	332	False	8921838b
sub-01/ses-01/eeg/sub-01_ses-01_task-MotorImageryRest_run-03_eeg.json	486	232	False	504103a7
sub-01/ses-01/eeg/sub-01_ses-01_task-MotorImageryRest_run-02_eeg.json	486	231	False	04aebf5b
sub-01/ses-01/eeg/sub-01_ses-01_task-rest_run-01_channels.tsv	4361	330	False	f53f1e18
sub-01/ses-01/eeg/sub-01_ses-01_task-MotorImageryRest_run-05_events.tsv	673	301	False	e7139c46
sub-01/ses-01/eeg/sub-01_ses-01_task-MotorImageryRest_run-04_events.json	767	336	False	95434a42
sub-01/ses-01/eeg/sub-01_ses-01_task-MotorImageryRest_run-05_eeg.eeg	18397288	16031045	False	85cf5218
sub-01/ses-01/eeg/sub-01_ses-01_task-MotorImageryRest_run-02_events.tsv	675	301	False	50301962
sub-01/ses-01/eeg/sub-01_ses-01_space-CapTrak_electrodes.tsv	5167	2435	False	be7507cf
sub-01/ses-01/eeg/sub-01_ses-01_space-CapTrak_coordsystem.json	945	379	False	c9796bf5
sub-01/ses-01/eeg/sub-01_ses-01_task-MotorImageryRest_run-04_eeg.json	510	252	False	71b67ef0
sub-01/ses-01/eeg/sub-01_ses-01_task-MotorImageryRest_run-05_eeg.json	486	231	False	db6deb18
sub-01/ses-01/eeg/sub-01_ses-01_task-rest_run-01_eeg.eeg	13617184	11804739	False	248b57ad
sub-01/ses-01/eeg/sub-01_ses-01_task-MotorImageryRest_run-06_eeg.vmrk	1389	584	False	6391337d
sub-01/ses-01/eeg/sub-01_ses-01_task-MotorImageryRest_run-06_eeg.vhdr	2012	796	False	58252113
sub-01/ses-01/eeg/sub-01_ses-01_task-MotorImageryRest_run-06_eeg.eeg	16203040	14113501	False	9eb80bf0
sub-01/ses-01/eeg/sub-01_ses-01_task-MotorImageryRest_run-02_events.json	767	336	False	95434a42
sub-06/	0	0	False	00000000
__MACOSX/._sub-06	220	93	False	29d7e44a
sub-06/.DS_Store	6148	336	False	38c552c3
__MACOSX/sub-06/._.DS_Store	120	53	False	38c0880b
sub-06/ses-02/	0	0	False	00000000
sub-06/ses-04/	0	0	False	00000000
sub-06/ses-03/	0	0	False	00000000
sub-06/ses-01/	0	0	False	00000000
sub-06/ses-02/.DS_Store	6148	281	False	a0dd325c
__MACOSX/sub-06/ses-02/._.DS_Store	120	53	False	38c0880b
sub-06/ses-02/meg/	0	0	False	00000000
sub-06/ses-02/sub-06_ses-02_scans.tsv	1309	229	False	73a6a2cf
sub-06/ses-02/eeg/	0	0	False	00000000
sub-06/ses-04/.DS_Store	6148	283	False	b5bb1982
__MACOSX/sub-06/ses-04/._.DS_Store	120	53	False	38c0880b
sub-06/ses-04/meg/	0	0	False	00000000
sub-06/ses-04/sub-06_ses-04_scans.tsv	1309	225	False	5e700e5d
sub-06/ses-04/eeg/	0	0	False	00000000
sub-06/ses-03/.DS_Store	6148	285	False	0947373c
__MACOSX/sub-06/ses-03/._.DS_Store	120	53	False	38c0880b
sub-06/ses-03/meg/	0	0	False	00000000
sub-06/ses-03/sub-06_ses-03_scans.tsv	1309	227	False	e2691665
sub-06/ses-03/eeg/	0	0	False	00000000
sub-06/ses-01/.DS_Store	6148	279	False	e048d7d9
__MACOSX/sub-06/ses-01/._.DS_Store	120	53	False	38c0880b
sub-06/ses-01/sub-06_ses-01_scans.tsv	1309	225	False	048832a9
sub-06/ses-01/meg/	0	0	False	00000000
sub-06/ses-01/eeg/	0	0	False	00000000
sub-06/ses-02/meg/sub-06_ses-02_task-MotorImageryRest_run-03_events.tsv	714	319	False	8b9e0729
sub-06/ses-02/meg/sub-06_ses-02_task-MotorImageryRest_run-03_meg.fif	71663779	66853460	False	abe944b1
sub-06/ses-02/meg/sub-06_ses-02_task-MotorImageryRest_run-05_events.json	767	336	False	95434a42
sub-06/ses-02/meg/sub-06_ses-02_task-rest_run-02_meg.json	675	292	False	15e7dc3b
sub-06/ses-02/meg/sub-06_ses-02_task-MotorImageryRest_run-02_meg.fif	71355331	66573165	False	61b6f4d3
sub-06/ses-02/meg/sub-06_ses-02_task-MotorImageryRest_run-01_meg.json	689	305	False	6a8e14b4
sub-06/ses-02/meg/sub-06_ses-02_task-MotorImageryRest_run-06_events.tsv	722	320	False	259a0dc8
sub-06/ses-02/meg/sub-06_ses-02_task-MotorImageryRest_run-01_events.tsv	721	319	False	f4e7e62c
sub-06/ses-02/meg/sub-06_ses-02_task-MotorImageryRest_run-06_meg.json	688	305	False	113bb890
sub-06/ses-02/meg/sub-06_ses-02_task-MotorImageryRest_run-03_events.json	767	336	False	95434a42
sub-06/ses-02/meg/sub-06_ses-02_task-rest_run-01_channels.tsv	27945	1088	False	48ee8ca0
sub-06/ses-02/meg/sub-06_ses-02_task-MotorImageryRest_run-04_channels.tsv	19989	1020	False	03360556
sub-06/ses-02/meg/sub-06_ses-02_task-MotorImageryRest_run-03_channels.tsv	19989	1020	False	03360556
sub-06/ses-02/meg/sub-06_ses-02_task-MotorImageryRest_run-06_events.json	767	336	False	95434a42
sub-06/ses-02/meg/sub-06_ses-02_task-MotorImageryRest_run-01_meg.fif	72049339	67220795	False	d2a69b72
sub-06/ses-02/meg/sub-06_ses-02_task-MotorImageryRest_run-02_channels.tsv	19989	1020	False	03360556
sub-06/ses-02/meg/sub-06_ses-02_task-MotorImageryRest_run-05_channels.tsv	19989	1020	False	03360556
sub-06/ses-02/meg/sub-06_ses-02_task-MotorImageryRest_run-04_events.tsv	717	315	False	294121a8
sub-06/ses-02/meg/sub-06_ses-02_task-MotorImageryRest_run-04_meg.fif	72991819	68103652	False	ad838835
sub-06/ses-02/meg/sub-06_ses-02_task-rest_run-02_channels.tsv	19989	1020	False	03360556
sub-06/ses-02/meg/sub-06_ses-02_task-rest_run-02_meg.fif	65177364	60811106	False	b8911cdd
sub-06/ses-02/meg/sub-06_ses-02_task-rest_run-01_meg.json	701	320	False	06dc3422
sub-06/ses-02/meg/sub-06_ses-02_task-MotorImageryRest_run-01_events.json	767	336	False	95434a42
sub-06/ses-02/meg/sub-06_ses-02_task-MotorImageryRest_run-03_meg.json	689	306	False	76790b53
sub-06/ses-02/meg/sub-06_ses-02_task-MotorImageryRest_run-02_meg.json	689	306	False	b10958ee
sub-06/ses-02/meg/sub-06_ses-02_task-MotorImageryRest_run-04_events.json	767	336	False	95434a42
sub-06/ses-02/meg/sub-06_ses-02_task-MotorImageryRest_run-02_events.tsv	717	319	False	087d1c66
sub-06/ses-02/meg/sub-06_ses-02_task-MotorImageryRest_run-01_channels.tsv	19989	1020	False	03360556
sub-06/ses-02/meg/sub-06_ses-02_task-MotorImageryRest_run-06_channels.tsv	19989	1020	False	03360556
sub-06/ses-02/meg/sub-06_ses-02_task-MotorImageryRest_run-05_meg.fif	73471627	68540733	False	82ae1da1
sub-06/ses-02/meg/sub-06_ses-02_coordsystem.json	2272	486	False	1506ac13
sub-06/ses-02/meg/sub-06_ses-02_task-rest_run-01_meg.fif	57625284	53745018	False	d9a3ba5e
sub-06/ses-02/meg/sub-06_ses-02_task-MotorImageryRest_run-05_events.tsv	718	317	False	37ec7c0a
sub-06/ses-02/meg/sub-06_ses-02_task-MotorImageryRest_run-02_events.json	767	336	False	95434a42
sub-06/ses-02/meg/sub-06_ses-02_task-MotorImageryRest_run-06_meg.fif	71089723	66322048	False	2c008950
sub-06/ses-02/meg/sub-06_ses-02_task-MotorImageryRest_run-04_meg.json	689	306	False	61d01624
sub-06/ses-02/meg/sub-06_ses-02_task-MotorImageryRest_run-05_meg.json	689	306	False	f1819c59
sub-06/ses-02/eeg/sub-06_ses-02_task-MotorImageryRest_run-03_events.tsv	714	319	False	8b9e0729
sub-06/ses-02/eeg/sub-06_ses-02_space-CapTrak_coordsystem.json	942	377	False	32acb78b
sub-06/ses-02/eeg/sub-06_ses-02_task-MotorImageryRest_run-03_eeg.eeg	17301200	15169246	False	20aaa5f9
sub-06/ses-02/eeg/sub-06_ses-02_task-MotorImageryRest_run-05_events.json	767	336	False	95434a42
sub-06/ses-02/eeg/sub-06_ses-02_task-MotorImageryRest_run-04_eeg.vhdr	2012	797	False	b49a4a4a
sub-06/ses-02/eeg/sub-06_ses-02_task-MotorImageryRest_run-05_eeg.vhdr	2012	798	False	24eeafc5
sub-06/ses-02/eeg/sub-06_ses-02_task-MotorImageryRest_run-04_eeg.vmrk	1447	593	False	17a262a3
sub-06/ses-02/eeg/sub-06_ses-02_task-MotorImageryRest_run-05_eeg.vmrk	1447	597	False	33af1884
sub-06/ses-02/eeg/sub-06_ses-02_task-MotorImageryRest_run-02_eeg.eeg	17226608	15065339	False	484bac58
sub-06/ses-02/eeg/sub-06_ses-02_task-MotorImageryRest_run-06_eeg.json	485	231	False	f6afb2f7
sub-06/ses-02/eeg/sub-06_ses-02_task-MotorImageryRest_run-06_events.tsv	722	320	False	259a0dc8
sub-06/ses-02/eeg/sub-06_ses-02_space-CapTrak_electrodes.tsv	5149	2431	False	f5ccb4a7
sub-06/ses-02/eeg/sub-06_ses-02_task-MotorImageryRest_run-01_eeg.json	486	231	False	d8da0701
sub-06/ses-02/eeg/sub-06_ses-02_task-rest_run-02_eeg.json	472	220	False	0f31b92e
sub-06/ses-02/eeg/sub-06_ses-02_task-MotorImageryRest_run-01_events.tsv	721	319	False	f4e7e62c
sub-06/ses-02/eeg/sub-06_ses-02_task-MotorImageryRest_run-03_events.json	767	336	False	95434a42
sub-06/ses-02/eeg/sub-06_ses-02_task-rest_run-01_channels.tsv	6285	368	False	c63f781e
sub-06/ses-02/eeg/sub-06_ses-02_task-MotorImageryRest_run-04_channels.tsv	4361	330	False	f53f1e18
sub-06/ses-02/eeg/sub-06_ses-02_task-MotorImageryRest_run-03_channels.tsv	4361	330	False	f53f1e18
sub-06/ses-02/eeg/sub-06_ses-02_task-MotorImageryRest_run-06_events.json	767	336	False	95434a42
sub-06/ses-02/eeg/sub-06_ses-02_task-MotorImageryRest_run-01_eeg.eeg	17394440	15211821	False	db860b83
sub-06/ses-02/eeg/sub-06_ses-02_task-rest_run-01_eeg.vmrk	521	336	False	0a1dd54f
sub-06/ses-02/eeg/sub-06_ses-02_task-MotorImageryRest_run-02_channels.tsv	4361	330	False	f53f1e18
sub-06/ses-02/eeg/sub-06_ses-02_task-rest_run-01_eeg.vhdr	1999	795	False	e77713b7
sub-06/ses-02/eeg/sub-06_ses-02_task-MotorImageryRest_run-05_channels.tsv	4361	330	False	f53f1e18
sub-06/ses-02/eeg/sub-06_ses-02_task-MotorImageryRest_run-03_eeg.vmrk	1447	592	False	9d855680
sub-06/ses-02/eeg/sub-06_ses-02_task-MotorImageryRest_run-02_eeg.vmrk	1447	593	False	4cd915fc
sub-06/ses-02/eeg/sub-06_ses-02_task-MotorImageryRest_run-03_eeg.vhdr	2012	798	False	f336fe65
sub-06/ses-02/eeg/sub-06_ses-02_task-MotorImageryRest_run-02_eeg.vhdr	2012	796	False	63421bea
sub-06/ses-02/eeg/sub-06_ses-02_task-MotorImageryRest_run-04_events.tsv	717	315	False	294121a8
sub-06/ses-02/eeg/sub-06_ses-02_task-MotorImageryRest_run-04_eeg.eeg	17622360	15487733	False	2bb86fe2
sub-06/ses-02/eeg/sub-06_ses-02_task-rest_run-02_channels.tsv	4361	330	False	f53f1e18
sub-06/ses-02/eeg/sub-06_ses-02_task-rest_run-02_eeg.eeg	15732696	13814782	False	22f1d3a5
sub-06/ses-02/eeg/sub-06_ses-02_task-MotorImageryRest_run-01_events.json	767	336	False	95434a42
sub-06/ses-02/eeg/sub-06_ses-02_task-MotorImageryRest_run-05_eeg.json	486	232	False	4106e15b
sub-06/ses-02/eeg/sub-06_ses-02_task-MotorImageryRest_run-04_eeg.json	486	232	False	ea8a3ae0
sub-06/ses-02/eeg/sub-06_ses-02_task-MotorImageryRest_run-04_events.json	767	336	False	95434a42
sub-06/ses-02/eeg/sub-06_ses-02_task-MotorImageryRest_run-02_events.tsv	717	319	False	087d1c66
sub-06/ses-02/eeg/sub-06_ses-02_task-MotorImageryRest_run-06_eeg.vhdr	2012	797	False	4f028715
sub-06/ses-02/eeg/sub-06_ses-02_task-MotorImageryRest_run-06_eeg.vmrk	1447	595	False	2eb13144
sub-06/ses-02/eeg/sub-06_ses-02_task-MotorImageryRest_run-01_channels.tsv	4361	330	False	f53f1e18
sub-06/ses-02/eeg/sub-06_ses-02_task-MotorImageryRest_run-05_eeg.eeg	17738392	15532212	False	26d8ad72
sub-06/ses-02/eeg/sub-06_ses-02_task-MotorImageryRest_run-06_channels.tsv	4361	330	False	f53f1e18
sub-06/ses-02/eeg/sub-06_ses-02_task-rest_run-02_eeg.vmrk	521	335	False	09c7cb7d
sub-06/ses-02/eeg/sub-06_ses-02_task-rest_run-01_eeg.eeg	13906376	12145173	False	6281acbf
sub-06/ses-02/eeg/sub-06_ses-02_task-rest_run-02_eeg.vhdr	1988	787	False	ff93822d
sub-06/ses-02/eeg/sub-06_ses-02_task-MotorImageryRest_run-01_eeg.vmrk	1447	595	False	8c3709ad
sub-06/ses-02/eeg/sub-06_ses-02_task-MotorImageryRest_run-01_eeg.vhdr	2012	797	False	08ae333a
sub-06/ses-02/eeg/sub-06_ses-02_task-MotorImageryRest_run-05_events.tsv	718	317	False	37ec7c0a
sub-06/ses-02/eeg/sub-06_ses-02_task-MotorImageryRest_run-02_events.json	767	336	False	95434a42
sub-06/ses-02/eeg/sub-06_ses-02_task-MotorImageryRest_run-06_eeg.eeg	17162376	15053313	False	91555e03
sub-06/ses-02/eeg/sub-06_ses-02_task-MotorImageryRest_run-02_eeg.json	486	232	False	115d33a7
sub-06/ses-02/eeg/sub-06_ses-02_task-MotorImageryRest_run-03_eeg.json	486	232	False	b2521bab
sub-06/ses-02/eeg/sub-06_ses-02_task-rest_run-01_eeg.json	498	244	False	18422b46
sub-06/ses-04/meg/sub-06_ses-04_task-MotorImageryRest_run-02_meg.fif	69835879	65138422	False	c9a50116
sub-06/ses-04/meg/sub-06_ses-04_task-MotorImageryRest_run-01_events.tsv	1074	515	False	4be325b3
sub-06/ses-04/meg/sub-06_ses-04_task-rest_run-01_meg.fif	56400820	52584786	False	b0aa0c91
sub-06/ses-04/meg/sub-06_ses-04_coordsystem.json	2226	474	False	025751c1
sub-06/ses-04/meg/sub-06_ses-04_task-MotorImageryRest_run-02_events.json	767	336	False	95434a42
sub-06/ses-04/meg/sub-06_ses-04_task-rest_run-01_channels.tsv	27945	1088	False	48ee8ca0
sub-06/ses-04/meg/sub-06_ses-04_task-MotorImageryRest_run-01_meg.json	712	328	False	645dc221
sub-06/ses-04/meg/sub-06_ses-04_task-MotorImageryRest_run-04_events.tsv	1075	516	False	b3d15806
sub-06/ses-04/meg/sub-06_ses-04_task-MotorImageryRest_run-03_meg.fif	71959519	67112365	False	1ed490f5
sub-06/ses-04/meg/sub-06_ses-04_task-MotorImageryRest_run-03_events.tsv	1077	512	False	dec2cab7
sub-06/ses-04/meg/sub-06_ses-04_task-MotorImageryRest_run-05_channels.tsv	27945	1088	False	48ee8ca0
sub-06/ses-04/meg/sub-06_ses-04_task-rest_run-02_meg.fif	56097264	52329878	False	58adc24b
sub-06/ses-04/meg/sub-06_ses-04_task-MotorImageryRest_run-02_channels.tsv	27945	1088	False	48ee8ca0
sub-06/ses-04/meg/sub-06_ses-04_task-MotorImageryRest_run-06_meg.json	713	328	False	86bdfb7a
sub-06/ses-04/meg/sub-06_ses-04_task-rest_run-01_meg.json	700	317	False	ad0ada0c
sub-06/ses-04/meg/sub-06_ses-04_task-MotorImageryRest_run-01_events.json	767	336	False	95434a42
sub-06/ses-04/meg/sub-06_ses-04_task-MotorImageryRest_run-01_meg.fif	71017039	66239982	False	94646f92
sub-06/ses-04/meg/sub-06_ses-04_task-MotorImageryRest_run-04_events.json	767	336	False	95434a42
sub-06/ses-04/meg/sub-06_ses-04_task-MotorImageryRest_run-03_channels.tsv	27945	1088	False	48ee8ca0
sub-06/ses-04/meg/sub-06_ses-04_task-MotorImageryRest_run-04_channels.tsv	27945	1088	False	48ee8ca0
sub-06/ses-04/meg/sub-06_ses-04_task-MotorImageryRest_run-06_events.tsv	1080	515	False	17fc78c6
sub-06/ses-04/meg/sub-06_ses-04_task-MotorImageryRest_run-02_meg.json	713	330	False	3ad8c1ca
sub-06/ses-04/meg/sub-06_ses-04_task-MotorImageryRest_run-03_meg.json	711	326	False	280247ea
sub-06/ses-04/meg/sub-06_ses-04_task-MotorImageryRest_run-06_channels.tsv	27945	1088	False	48ee8ca0
sub-06/ses-04/meg/sub-06_ses-04_task-MotorImageryRest_run-01_channels.tsv	27945	1088	False	48ee8ca0
sub-06/ses-04/meg/sub-06_ses-04_task-MotorImageryRest_run-05_meg.fif	70854251	66090176	False	3b53721d
sub-06/ses-04/meg/sub-06_ses-04_task-MotorImageryRest_run-03_events.json	767	336	False	95434a42
sub-06/ses-04/meg/sub-06_ses-04_task-MotorImageryRest_run-05_events.tsv	1077	518	False	e01ba0f9
sub-06/ses-04/meg/sub-06_ses-04_task-MotorImageryRest_run-04_meg.fif	70511527	65779364	False	6eca920f
sub-06/ses-04/meg/sub-06_ses-04_task-MotorImageryRest_run-06_events.json	767	336	False	95434a42
sub-06/ses-04/meg/sub-06_ses-04_task-MotorImageryRest_run-06_meg.fif	71839567	67033629	False	1750c805
sub-06/ses-04/meg/sub-06_ses-04_task-MotorImageryRest_run-05_events.json	767	336	False	95434a42
sub-06/ses-04/meg/sub-06_ses-04_task-MotorImageryRest_run-05_meg.json	713	328	False	78bf9bd7
sub-06/ses-04/meg/sub-06_ses-04_task-MotorImageryRest_run-04_meg.json	712	327	False	a7ea5ef6
sub-06/ses-04/meg/sub-06_ses-04_task-MotorImageryRest_run-02_events.tsv	1073	506	False	e7540c56
sub-06/ses-04/meg/sub-06_ses-04_task-rest_run-02_meg.json	701	320	False	697d804f
sub-06/ses-04/meg/sub-06_ses-04_task-rest_run-02_channels.tsv	27945	1088	False	48ee8ca0
sub-06/ses-04/eeg/sub-06_ses-04_task-rest_run-02_eeg.vhdr	1999	795	False	5e50641f
sub-06/ses-04/eeg/sub-06_ses-04_task-rest_run-02_eeg.vmrk	521	336	False	3281b35e
sub-06/ses-04/eeg/sub-06_ses-04_task-MotorImageryRest_run-05_eeg.vhdr	2023	805	False	be3f4ca1
sub-06/ses-04/eeg/sub-06_ses-04_task-MotorImageryRest_run-04_eeg.vhdr	2023	804	False	09226de5
sub-06/ses-04/eeg/sub-06_ses-04_task-MotorImageryRest_run-05_eeg.vmrk	1446	597	False	e1a80179
sub-06/ses-04/eeg/sub-06_ses-04_task-MotorImageryRest_run-04_eeg.vmrk	1446	597	False	a3bf6015
sub-06/ses-04/eeg/sub-06_ses-04_space-CapTrak_coordsystem.json	942	377	False	6af59d30
sub-06/ses-04/eeg/sub-06_ses-04_task-MotorImageryRest_run-02_eeg.eeg	16859272	14731893	False	a42cfda8
sub-06/ses-04/eeg/sub-06_ses-04_task-MotorImageryRest_run-01_events.tsv	1074	515	False	4be325b3
sub-06/ses-04/eeg/sub-06_ses-04_task-rest_run-01_eeg.eeg	13610376	11896847	False	cc56c0ec
sub-06/ses-04/eeg/sub-06_ses-04_task-MotorImageryRest_run-02_events.json	767	336	False	95434a42
sub-06/ses-04/eeg/sub-06_ses-04_task-rest_run-01_channels.tsv	6285	368	False	c63f781e
sub-06/ses-04/eeg/sub-06_ses-04_task-MotorImageryRest_run-04_events.tsv	1075	516	False	b3d15806
sub-06/ses-04/eeg/sub-06_ses-04_task-MotorImageryRest_run-03_eeg.eeg	17372832	15239654	False	c6c00ff5
sub-06/ses-04/eeg/sub-06_ses-04_task-MotorImageryRest_run-06_eeg.json	510	254	False	9c8c09ba
sub-06/ses-04/eeg/sub-06_ses-04_task-rest_run-01_eeg.json	497	244	False	fc651a46
sub-06/ses-04/eeg/sub-06_ses-04_task-rest_run-02_eeg.eeg	13536968	11932528	False	0567f14b
sub-06/ses-04/eeg/sub-06_ses-04_task-MotorImageryRest_run-03_events.tsv	1077	512	False	dec2cab7
sub-06/ses-04/eeg/sub-06_ses-04_task-MotorImageryRest_run-05_channels.tsv	6285	368	False	c63f781e
sub-06/ses-04/eeg/sub-06_ses-04_task-MotorImageryRest_run-02_channels.tsv	6285	368	False	c63f781e
sub-06/ses-04/eeg/sub-06_ses-04_space-CapTrak_electrodes.tsv	5149	2434	False	77961f8c
sub-06/ses-04/eeg/sub-06_ses-04_task-MotorImageryRest_run-01_eeg.json	509	253	False	4ae9ffb0
sub-06/ses-04/eeg/sub-06_ses-04_task-MotorImageryRest_run-01_eeg.eeg	17144912	14957709	False	d86ecb4a
sub-06/ses-04/eeg/sub-06_ses-04_task-MotorImageryRest_run-01_events.json	767	336	False	95434a42
sub-06/ses-04/eeg/sub-06_ses-04_task-MotorImageryRest_run-02_eeg.vmrk	1446	592	False	111983c1
sub-06/ses-04/eeg/sub-06_ses-04_task-MotorImageryRest_run-03_eeg.vmrk	1446	597	False	f4dabb37
sub-06/ses-04/eeg/sub-06_ses-04_task-MotorImageryRest_run-02_eeg.vhdr	2023	805	False	0d8ea6ff
sub-06/ses-04/eeg/sub-06_ses-04_task-MotorImageryRest_run-03_eeg.vhdr	2023	805	False	ba9387bb
sub-06/ses-04/eeg/sub-06_ses-04_task-MotorImageryRest_run-04_events.json	767	336	False	95434a42
sub-06/ses-04/eeg/sub-06_ses-04_task-MotorImageryRest_run-03_channels.tsv	6285	368	False	c63f781e
sub-06/ses-04/eeg/sub-06_ses-04_task-MotorImageryRest_run-04_channels.tsv	6285	368	False	c63f781e
sub-06/ses-04/eeg/sub-06_ses-04_task-MotorImageryRest_run-06_events.tsv	1080	515	False	17fc78c6
sub-06/ses-04/eeg/sub-06_ses-04_task-MotorImageryRest_run-06_channels.tsv	6285	368	False	c63f781e
sub-06/ses-04/eeg/sub-06_ses-04_task-MotorImageryRest_run-04_eeg.json	509	252	False	89e23764
sub-06/ses-04/eeg/sub-06_ses-04_task-MotorImageryRest_run-05_eeg.json	510	253	False	63e0cc5d
sub-06/ses-04/eeg/sub-06_ses-04_task-MotorImageryRest_run-01_channels.tsv	6285	368	False	c63f781e
sub-06/ses-04/eeg/sub-06_ses-04_task-rest_run-02_eeg.json	498	244	False	b84e1925
sub-06/ses-04/eeg/sub-06_ses-04_task-MotorImageryRest_run-05_eeg.eeg	17105544	14971874	False	6c895972
sub-06/ses-04/eeg/sub-06_ses-04_task-MotorImageryRest_run-03_events.json	767	336	False	95434a42
sub-06/ses-04/eeg/sub-06_ses-04_task-MotorImageryRest_run-05_events.tsv	1077	518	False	e01ba0f9
sub-06/ses-04/eeg/sub-06_ses-04_task-MotorImageryRest_run-04_eeg.eeg	17022664	14899734	False	1accc090
sub-06/ses-04/eeg/sub-06_ses-04_task-MotorImageryRest_run-06_events.json	767	336	False	95434a42
sub-06/ses-04/eeg/sub-06_ses-04_task-rest_run-01_eeg.vhdr	1999	796	False	87b54e73
sub-06/ses-04/eeg/sub-06_ses-04_task-rest_run-01_eeg.vmrk	521	336	False	315bad6c
sub-06/ses-04/eeg/sub-06_ses-04_task-MotorImageryRest_run-06_eeg.vhdr	2023	804	False	bc69292c
sub-06/ses-04/eeg/sub-06_ses-04_task-MotorImageryRest_run-06_eeg.vmrk	1447	595	False	57ebd1cd
sub-06/ses-04/eeg/sub-06_ses-04_task-MotorImageryRest_run-06_eeg.eeg	17343824	15216274	False	45c55b01
sub-06/ses-04/eeg/sub-06_ses-04_task-MotorImageryRest_run-05_events.json	767	336	False	95434a42
sub-06/ses-04/eeg/sub-06_ses-04_task-MotorImageryRest_run-01_eeg.vmrk	1447	597	False	ee73bd39
sub-06/ses-04/eeg/sub-06_ses-04_task-MotorImageryRest_run-01_eeg.vhdr	2023	805	False	0fd8c372
sub-06/ses-04/eeg/sub-06_ses-04_task-MotorImageryRest_run-02_events.tsv	1073	506	False	e7540c56
sub-06/ses-04/eeg/sub-06_ses-04_task-rest_run-02_channels.tsv	6285	368	False	c63f781e
sub-06/ses-04/eeg/sub-06_ses-04_task-MotorImageryRest_run-03_eeg.json	508	252	False	fbb67aec
sub-06/ses-04/eeg/sub-06_ses-04_task-MotorImageryRest_run-02_eeg.json	510	254	False	d4809672
sub-06/ses-03/meg/sub-06_ses-03_task-rest_run-01_channels.tsv	19989	1020	False	03360556
sub-06/ses-03/meg/sub-06_ses-03_task-MotorImageryRest_run-02_meg.fif	70157611	65442612	False	273e68f4
sub-06/ses-03/meg/sub-06_ses-03_task-MotorImageryRest_run-04_events.json	767	336	False	95434a42
sub-06/ses-03/meg/sub-06_ses-03_task-MotorImageryRest_run-03_events.tsv	717	318	False	cb98b8e3
sub-06/ses-03/meg/sub-06_ses-03_task-MotorImageryRest_run-01_events.json	767	336	False	95434a42
sub-06/ses-03/meg/sub-06_ses-03_task-MotorImageryRest_run-06_events.tsv	716	313	False	15568bab
sub-06/ses-03/meg/sub-06_ses-03_task-MotorImageryRest_run-01_meg.json	689	306	False	556f536b
sub-06/ses-03/meg/sub-06_ses-03_task-MotorImageryRest_run-03_meg.fif	70560307	65839163	False	6b33b8d3
sub-06/ses-03/meg/sub-06_ses-03_task-MotorImageryRest_run-04_channels.tsv	19989	1020	False	03360556
sub-06/ses-03/meg/sub-06_ses-03_task-MotorImageryRest_run-03_channels.tsv	19989	1020	False	03360556
sub-06/ses-03/meg/sub-06_ses-03_task-MotorImageryRest_run-06_meg.json	689	305	False	a0f8d88e
sub-06/ses-03/meg/sub-06_ses-03_task-MotorImageryRest_run-01_events.tsv	717	318	False	efb32e2d
sub-06/ses-03/meg/sub-06_ses-03_task-MotorImageryRest_run-01_meg.fif	70371811	65628156	False	454c6c28
sub-06/ses-03/meg/sub-06_ses-03_task-MotorImageryRest_run-02_events.json	767	336	False	95434a42
sub-06/ses-03/meg/sub-06_ses-03_task-MotorImageryRest_run-04_events.tsv	718	315	False	ec1917f0
sub-06/ses-03/meg/sub-06_ses-03_task-rest_run-01_meg.json	677	295	False	7a151d63
sub-06/ses-03/meg/sub-06_ses-03_task-MotorImageryRest_run-02_channels.tsv	19989	1020	False	03360556
sub-06/ses-03/meg/sub-06_ses-03_task-MotorImageryRest_run-05_channels.tsv	19989	1020	False	03360556
sub-06/ses-03/meg/sub-06_ses-03_task-MotorImageryRest_run-05_meg.fif	71991163	67126612	False	c5fbf764
sub-06/ses-03/meg/sub-06_ses-03_task-MotorImageryRest_run-03_meg.json	689	306	False	1fc79de9
sub-06/ses-03/meg/sub-06_ses-03_task-MotorImageryRest_run-02_meg.json	689	306	False	893aae9a
sub-06/ses-03/meg/sub-06_ses-03_task-MotorImageryRest_run-01_channels.tsv	19989	1020	False	03360556
sub-06/ses-03/meg/sub-06_ses-03_task-MotorImageryRest_run-06_channels.tsv	19989	1020	False	03360556
sub-06/ses-03/meg/sub-06_ses-03_task-MotorImageryRest_run-04_meg.fif	73430587	68512920	False	80437ba0
sub-06/ses-03/meg/sub-06_ses-03_task-rest_run-01_meg.fif	57605052	53717217	False	15d956d3
sub-06/ses-03/meg/sub-06_ses-03_task-MotorImageryRest_run-05_events.json	767	336	False	95434a42
sub-06/ses-03/meg/sub-06_ses-03_task-MotorImageryRest_run-02_events.tsv	715	318	False	98ae7c04
sub-06/ses-03/meg/sub-06_ses-03_task-MotorImageryRest_run-05_events.tsv	714	318	False	979bc233
sub-06/ses-03/meg/sub-06_ses-03_task-MotorImageryRest_run-06_meg.fif	71288587	66493150	False	a6321cf7
sub-06/ses-03/meg/sub-06_ses-03_task-rest_run-02_channels.tsv	19989	1020	False	03360556
sub-06/ses-03/meg/sub-06_ses-03_task-MotorImageryRest_run-06_events.json	767	336	False	95434a42
sub-06/ses-03/meg/sub-06_ses-03_task-rest_run-02_meg.json	677	295	False	20445c38
sub-06/ses-03/meg/sub-06_ses-03_task-MotorImageryRest_run-03_events.json	767	336	False	95434a42
sub-06/ses-03/meg/sub-06_ses-03_coordsystem.json	2192	468	False	1e3c1b5d
sub-06/ses-03/meg/sub-06_ses-03_task-MotorImageryRest_run-04_meg.json	689	306	False	d2e9b089
sub-06/ses-03/meg/sub-06_ses-03_task-MotorImageryRest_run-05_meg.json	688	305	False	b432a299
sub-06/ses-03/meg/sub-06_ses-03_task-rest_run-02_meg.fif	57108108	53226998	False	7ef0ea30
sub-06/ses-03/eeg/sub-06_ses-03_task-rest_run-01_channels.tsv	4361	330	False	f53f1e18
sub-06/ses-03/eeg/sub-06_ses-03_task-rest_run-01_eeg.json	474	222	False	25812f31
sub-06/ses-03/eeg/sub-06_ses-03_task-MotorImageryRest_run-02_eeg.eeg	16936528	14822181	False	c9287c35
sub-06/ses-03/eeg/sub-06_ses-03_task-MotorImageryRest_run-04_events.json	767	336	False	95434a42
sub-06/ses-03/eeg/sub-06_ses-03_task-MotorImageryRest_run-04_eeg.vhdr	2012	798	False	5af63622
sub-06/ses-03/eeg/sub-06_ses-03_task-MotorImageryRest_run-05_eeg.vhdr	2012	798	False	ca82d3ad
sub-06/ses-03/eeg/sub-06_ses-03_task-MotorImageryRest_run-03_events.tsv	717	318	False	cb98b8e3
sub-06/ses-03/eeg/sub-06_ses-03_task-MotorImageryRest_run-04_eeg.vmrk	1446	594	False	752985ff
sub-06/ses-03/eeg/sub-06_ses-03_task-MotorImageryRest_run-05_eeg.vmrk	1447	592	False	6ded5cc9
sub-06/ses-03/eeg/sub-06_ses-03_task-MotorImageryRest_run-06_eeg.json	486	232	False	2f8bd25c
sub-06/ses-03/eeg/sub-06_ses-03_task-MotorImageryRest_run-01_events.json	767	336	False	95434a42
sub-06/ses-03/eeg/sub-06_ses-03_task-MotorImageryRest_run-06_events.tsv	716	313	False	15568bab
sub-06/ses-03/eeg/sub-06_ses-03_task-rest_run-02_eeg.vmrk	521	336	False	59cea192
sub-06/ses-03/eeg/sub-06_ses-03_task-MotorImageryRest_run-03_eeg.eeg	17033912	14956254	False	32f95fab
sub-06/ses-03/eeg/sub-06_ses-03_task-rest_run-02_eeg.vhdr	1988	789	False	8d0640c2
sub-06/ses-03/eeg/sub-06_ses-03_task-MotorImageryRest_run-01_eeg.json	486	232	False	28b71b06
sub-06/ses-03/eeg/sub-06_ses-03_task-MotorImageryRest_run-04_channels.tsv	4361	330	False	f53f1e18
sub-06/ses-03/eeg/sub-06_ses-03_space-CapTrak_coordsystem.json	945	378	False	070f96c9
sub-06/ses-03/eeg/sub-06_ses-03_task-MotorImageryRest_run-03_channels.tsv	4361	330	False	f53f1e18
sub-06/ses-03/eeg/sub-06_ses-03_task-MotorImageryRest_run-01_events.tsv	717	318	False	efb32e2d
sub-06/ses-03/eeg/sub-06_ses-03_task-MotorImageryRest_run-01_eeg.eeg	16988328	14891303	False	7d3df82f
sub-06/ses-03/eeg/sub-06_ses-03_task-MotorImageryRest_run-02_events.json	767	336	False	95434a42
sub-06/ses-03/eeg/sub-06_ses-03_task-MotorImageryRest_run-04_events.tsv	718	315	False	ec1917f0
sub-06/ses-03/eeg/sub-06_ses-03_task-MotorImageryRest_run-02_channels.tsv	4361	330	False	f53f1e18
sub-06/ses-03/eeg/sub-06_ses-03_task-MotorImageryRest_run-05_channels.tsv	4361	330	False	f53f1e18
sub-06/ses-03/eeg/sub-06_ses-03_task-MotorImageryRest_run-03_eeg.vmrk	1446	592	False	98968ca6
sub-06/ses-03/eeg/sub-06_ses-03_task-MotorImageryRest_run-02_eeg.vmrk	1446	596	False	70af9428
sub-06/ses-03/eeg/sub-06_ses-03_task-MotorImageryRest_run-03_eeg.vhdr	2012	796	False	1d5a820d
sub-06/ses-03/eeg/sub-06_ses-03_task-MotorImageryRest_run-02_eeg.vhdr	2012	798	False	8d2e6782
sub-06/ses-03/eeg/sub-06_ses-03_task-rest_run-01_eeg.vmrk	521	336	False	5a14bfa0
sub-06/ses-03/eeg/sub-06_ses-03_task-rest_run-01_eeg.vhdr	1988	789	False	38109046
sub-06/ses-03/eeg/sub-06_ses-03_task-MotorImageryRest_run-05_eeg.json	485	231	False	3e8ad24c
sub-06/ses-03/eeg/sub-06_ses-03_task-MotorImageryRest_run-04_eeg.json	486	232	False	5a2c687d
sub-06/ses-03/eeg/sub-06_ses-03_task-MotorImageryRest_run-05_eeg.eeg	17379936	15182415	False	ab2adce9
sub-06/ses-03/eeg/sub-06_ses-03_task-MotorImageryRest_run-01_channels.tsv	4361	330	False	f53f1e18
sub-06/ses-03/eeg/sub-06_ses-03_task-MotorImageryRest_run-04_eeg.eeg	17728032	15511060	False	775bde96
sub-06/ses-03/eeg/sub-06_ses-03_task-MotorImageryRest_run-06_channels.tsv	4361	330	False	f53f1e18
sub-06/ses-03/eeg/sub-06_ses-03_task-rest_run-01_eeg.eeg	13901048	12160270	False	4733d3cd
sub-06/ses-03/eeg/sub-06_ses-03_task-MotorImageryRest_run-05_events.json	767	336	False	95434a42
sub-06/ses-03/eeg/sub-06_ses-03_task-MotorImageryRest_run-06_eeg.vhdr	2012	797	False	a16efb7d
sub-06/ses-03/eeg/sub-06_ses-03_task-MotorImageryRest_run-06_eeg.vmrk	1447	596	False	36ca1223
sub-06/ses-03/eeg/sub-06_ses-03_task-rest_run-02_eeg.json	474	222	False	92a50968
sub-06/ses-03/eeg/sub-06_ses-03_task-MotorImageryRest_run-02_events.tsv	715	318	False	98ae7c04
sub-06/ses-03/eeg/sub-06_ses-03_task-MotorImageryRest_run-05_events.tsv	714	318	False	979bc233
sub-06/ses-03/eeg/sub-06_ses-03_task-MotorImageryRest_run-06_eeg.eeg	17210032	15066439	False	6619d683
sub-06/ses-03/eeg/sub-06_ses-03_task-rest_run-02_channels.tsv	4361	330	False	f53f1e18
sub-06/ses-03/eeg/sub-06_ses-03_task-MotorImageryRest_run-01_eeg.vmrk	1446	598	False	33f21462
sub-06/ses-03/eeg/sub-06_ses-03_task-MotorImageryRest_run-01_eeg.vhdr	2012	798	False	e6c24f52
sub-06/ses-03/eeg/sub-06_ses-03_space-CapTrak_electrodes.tsv	5144	2431	False	3734e921
sub-06/ses-03/eeg/sub-06_ses-03_task-MotorImageryRest_run-06_events.json	767	336	False	95434a42
sub-06/ses-03/eeg/sub-06_ses-03_task-MotorImageryRest_run-03_events.json	767	336	False	95434a42
sub-06/ses-03/eeg/sub-06_ses-03_task-MotorImageryRest_run-02_eeg.json	486	232	False	3394327b
sub-06/ses-03/eeg/sub-06_ses-03_task-MotorImageryRest_run-03_eeg.json	486	232	False	5d7bd33a
sub-06/ses-03/eeg/sub-06_ses-03_task-rest_run-02_eeg.eeg	13780872	12113060	False	4868ce55
sub-06/ses-01/meg/sub-06_ses-01_task-MotorImageryRest_run-06_events.json	767	336	False	95434a42
sub-06/ses-01/meg/sub-06_ses-01_task-MotorImageryRest_run-06_events.tsv	723	323	False	061e770a
sub-06/ses-01/meg/sub-06_ses-01_task-MotorImageryRest_run-03_events.tsv	721	316	False	be793d8b
sub-06/ses-01/meg/sub-06_ses-01_task-MotorImageryRest_run-01_channels.tsv	19989	1020	False	03360556
sub-06/ses-01/meg/sub-06_ses-01_task-MotorImageryRest_run-01_meg.json	688	305	False	dfa7bd01
sub-06/ses-01/meg/sub-06_ses-01_task-rest_run-02_meg.fif	64911864	60558462	False	8d33810a
sub-06/ses-01/meg/sub-06_ses-01_task-MotorImageryRest_run-06_channels.tsv	19989	1020	False	03360556
sub-06/ses-01/meg/sub-06_ses-01_task-MotorImageryRest_run-06_meg.fif	70044535	65324847	False	bfbba520
sub-06/ses-01/meg/sub-06_ses-01_task-rest_run-01_meg.json	677	295	False	c2955ffd
sub-06/ses-01/meg/sub-06_ses-01_task-MotorImageryRest_run-03_events.json	767	336	False	95434a42
sub-06/ses-01/meg/sub-06_ses-01_task-MotorImageryRest_run-06_meg.json	689	306	False	c47cd870
sub-06/ses-01/meg/sub-06_ses-01_task-MotorImageryRest_run-04_meg.fif	70661431	65918205	False	e2d8b4ee
sub-06/ses-01/meg/sub-06_ses-01_task-MotorImageryRest_run-04_events.tsv	722	322	False	c5540216
sub-06/ses-01/meg/sub-06_ses-01_task-MotorImageryRest_run-01_events.tsv	719	319	False	fbb4f1bb
sub-06/ses-01/meg/sub-06_ses-01_coordsystem.json	2276	486	False	f79cf05a
sub-06/ses-01/meg/sub-06_ses-01_task-MotorImageryRest_run-05_meg.fif	69838903	65163887	False	da0f1953
sub-06/ses-01/meg/sub-06_ses-01_task-rest_run-02_channels.tsv	19989	1020	False	03360556
sub-06/ses-01/meg/sub-06_ses-01_task-rest_run-01_meg.fif	56926488	53100570	False	96e2a811
sub-06/ses-01/meg/sub-06_ses-01_task-MotorImageryRest_run-05_events.json	767	336	False	95434a42
sub-06/ses-01/meg/sub-06_ses-01_task-MotorImageryRest_run-02_events.tsv	717	318	False	302517c2
sub-06/ses-01/meg/sub-06_ses-01_task-MotorImageryRest_run-02_events.json	767	336	False	95434a42
sub-06/ses-01/meg/sub-06_ses-01_task-MotorImageryRest_run-02_meg.json	689	306	False	bcfbe370
sub-06/ses-01/meg/sub-06_ses-01_task-MotorImageryRest_run-03_meg.json	689	306	False	a5708025
sub-06/ses-01/meg/sub-06_ses-01_task-rest_run-02_meg.json	677	295	False	487d6a53
sub-06/ses-01/meg/sub-06_ses-01_task-rest_run-01_channels.tsv	19989	1020	False	03360556
sub-06/ses-01/meg/sub-06_ses-01_task-MotorImageryRest_run-01_meg.fif	68990675	64363150	False	ee77800d
sub-06/ses-01/meg/sub-06_ses-01_task-MotorImageryRest_run-04_channels.tsv	19989	1020	False	03360556
sub-06/ses-01/meg/sub-06_ses-01_task-MotorImageryRest_run-03_channels.tsv	19989	1020	False	03360556
sub-06/ses-01/meg/sub-06_ses-01_task-MotorImageryRest_run-04_events.json	767	336	False	95434a42
sub-06/ses-01/meg/sub-06_ses-01_task-MotorImageryRest_run-03_meg.fif	71681023	66868165	False	8b57396f
sub-06/ses-01/meg/sub-06_ses-01_task-MotorImageryRest_run-02_meg.fif	69564727	64902574	False	13f6902f
sub-06/ses-01/meg/sub-06_ses-01_task-MotorImageryRest_run-02_channels.tsv	19989	1020	False	03360556
sub-06/ses-01/meg/sub-06_ses-01_task-MotorImageryRest_run-05_channels.tsv	19989	1020	False	03360556
sub-06/ses-01/meg/sub-06_ses-01_task-MotorImageryRest_run-01_events.json	767	336	False	95434a42
sub-06/ses-01/meg/sub-06_ses-01_task-MotorImageryRest_run-05_meg.json	689	306	False	1bb93c08
sub-06/ses-01/meg/sub-06_ses-01_task-MotorImageryRest_run-04_meg.json	688	305	False	fa5d4c13
sub-06/ses-01/meg/sub-06_ses-01_task-MotorImageryRest_run-05_events.tsv	720	312	False	8d9aa81b
sub-06/ses-01/eeg/sub-06_ses-01_task-MotorImageryRest_run-06_events.json	767	336	False	95434a42
sub-06/ses-01/eeg/sub-06_ses-01_space-CapTrak_electrodes.tsv	5157	2422	False	eed0f6b0
sub-06/ses-01/eeg/sub-06_ses-01_task-MotorImageryRest_run-05_eeg.vmrk	1447	589	False	4dd3fa9c
sub-06/ses-01/eeg/sub-06_ses-01_task-MotorImageryRest_run-06_events.tsv	723	323	False	061e770a
sub-06/ses-01/eeg/sub-06_ses-01_task-MotorImageryRest_run-04_eeg.vmrk	1447	595	False	32befbfa
sub-06/ses-01/eeg/sub-06_ses-01_task-MotorImageryRest_run-05_eeg.vhdr	2012	798	False	cd2b2d3c
sub-06/ses-01/eeg/sub-06_ses-01_task-MotorImageryRest_run-04_eeg.vhdr	2012	798	False	5d5fc8b3
sub-06/ses-01/eeg/sub-06_ses-01_task-MotorImageryRest_run-03_events.tsv	721	316	False	be793d8b
sub-06/ses-01/eeg/sub-06_ses-01_task-MotorImageryRest_run-01_channels.tsv	4361	330	False	f53f1e18
sub-06/ses-01/eeg/sub-06_ses-01_task-MotorImageryRest_run-06_eeg.eeg	16909592	14803417	False	bf3987d0
sub-06/ses-01/eeg/sub-06_ses-01_task-MotorImageryRest_run-06_channels.tsv	4361	330	False	f53f1e18
sub-06/ses-01/eeg/sub-06_ses-01_task-rest_run-02_eeg.eeg	15668464	13738883	False	21ab3538
sub-06/ses-01/eeg/sub-06_ses-01_task-MotorImageryRest_run-06_eeg.json	486	232	False	db30de14
sub-06/ses-01/eeg/sub-06_ses-01_task-MotorImageryRest_run-03_events.json	767	336	False	95434a42
sub-06/ses-01/eeg/sub-06_ses-01_task-rest_run-01_eeg.json	474	223	False	b2cca2c4
sub-06/ses-01/eeg/sub-06_ses-01_task-MotorImageryRest_run-04_eeg.eeg	17058776	14919817	False	b0950046
sub-06/ses-01/eeg/sub-06_ses-01_task-MotorImageryRest_run-01_eeg.json	485	230	False	10c813a1
sub-06/ses-01/eeg/sub-06_ses-01_task-MotorImageryRest_run-04_events.tsv	722	322	False	c5540216
sub-06/ses-01/eeg/sub-06_ses-01_task-MotorImageryRest_run-01_events.tsv	719	319	False	fbb4f1bb
sub-06/ses-01/eeg/sub-06_ses-01_task-rest_run-01_eeg.eeg	13737360	12024796	False	32a88bc7
sub-06/ses-01/eeg/sub-06_ses-01_task-rest_run-02_channels.tsv	4361	330	False	f53f1e18
sub-06/ses-01/eeg/sub-06_ses-01_task-MotorImageryRest_run-02_eeg.vhdr	2012	797	False	8a879913
sub-06/ses-01/eeg/sub-06_ses-01_task-MotorImageryRest_run-03_eeg.vhdr	2012	798	False	1af37c9c
sub-06/ses-01/eeg/sub-06_ses-01_task-MotorImageryRest_run-05_eeg.eeg	16859864	14741389	False	b5cf6760
sub-06/ses-01/eeg/sub-06_ses-01_task-MotorImageryRest_run-02_eeg.vmrk	1447	598	False	a2a16d82
sub-06/ses-01/eeg/sub-06_ses-01_task-MotorImageryRest_run-03_eeg.vmrk	1447	591	False	15ec1a81
sub-06/ses-01/eeg/sub-06_ses-01_task-rest_run-02_eeg.vhdr	1988	789	False	682dc51c
sub-06/ses-01/eeg/sub-06_ses-01_task-MotorImageryRest_run-05_events.json	767	336	False	95434a42
sub-06/ses-01/eeg/sub-06_ses-01_task-rest_run-02_eeg.vmrk	521	336	False	f9dc744c
sub-06/ses-01/eeg/sub-06_ses-01_task-MotorImageryRest_run-02_events.tsv	717	318	False	302517c2
sub-06/ses-01/eeg/sub-06_ses-01_task-MotorImageryRest_run-02_events.json	767	336	False	95434a42
sub-06/ses-01/eeg/sub-06_ses-01_task-MotorImageryRest_run-04_eeg.json	485	230	False	a958e6b9
sub-06/ses-01/eeg/sub-06_ses-01_task-MotorImageryRest_run-05_eeg.json	486	231	False	1b1cf1f1
sub-06/ses-01/eeg/sub-06_ses-01_task-MotorImageryRest_run-06_eeg.vmrk	1446	594	False	61c4f972
sub-06/ses-01/eeg/sub-06_ses-01_task-MotorImageryRest_run-06_eeg.vhdr	2012	797	False	a6c705ec
sub-06/ses-01/eeg/sub-06_ses-01_task-rest_run-01_channels.tsv	4361	330	False	f53f1e18
sub-06/ses-01/eeg/sub-06_ses-01_task-MotorImageryRest_run-01_eeg.eeg	16654736	14523400	False	2d255dbe
sub-06/ses-01/eeg/sub-06_ses-01_task-MotorImageryRest_run-01_eeg.vhdr	2012	796	False	e16bb1c3
sub-06/ses-01/eeg/sub-06_ses-01_task-MotorImageryRest_run-04_channels.tsv	4361	330	False	f53f1e18
sub-06/ses-01/eeg/sub-06_ses-01_task-MotorImageryRest_run-01_eeg.vmrk	1446	593	False	014f7beb
sub-06/ses-01/eeg/sub-06_ses-01_task-MotorImageryRest_run-03_channels.tsv	4361	330	False	f53f1e18
sub-06/ses-01/eeg/sub-06_ses-01_task-MotorImageryRest_run-04_events.json	767	336	False	95434a42
sub-06/ses-01/eeg/sub-06_ses-01_task-rest_run-01_eeg.vhdr	1988	787	False	dd3b1598
sub-06/ses-01/eeg/sub-06_ses-01_task-rest_run-01_eeg.vmrk	521	334	False	fa066a7e
sub-06/ses-01/eeg/sub-06_ses-01_space-CapTrak_coordsystem.json	945	378	False	31d1018c
sub-06/ses-01/eeg/sub-06_ses-01_task-MotorImageryRest_run-03_eeg.eeg	17305344	15104812	False	29cc3c34
sub-06/ses-01/eeg/sub-06_ses-01_task-MotorImageryRest_run-02_eeg.eeg	16793560	14686472	False	4bb9ba29
sub-06/ses-01/eeg/sub-06_ses-01_task-MotorImageryRest_run-02_channels.tsv	4361	330	False	f53f1e18
sub-06/ses-01/eeg/sub-06_ses-01_task-MotorImageryRest_run-05_channels.tsv	4361	330	False	f53f1e18
sub-06/ses-01/eeg/sub-06_ses-01_task-MotorImageryRest_run-01_events.json	767	336	False	95434a42
sub-06/ses-01/eeg/sub-06_ses-01_task-rest_run-02_eeg.json	474	222	False	e89148f3
sub-06/ses-01/eeg/sub-06_ses-01_task-MotorImageryRest_run-05_events.tsv	720	312	False	8d9aa81b
sub-06/ses-01/eeg/sub-06_ses-01_task-MotorImageryRest_run-03_eeg.json	486	232	False	62fff46f
sub-06/ses-01/eeg/sub-06_ses-01_task-MotorImageryRest_run-02_eeg.json	486	232	False	e66e34bc
sub-08/	0	0	False	00000000
__MACOSX/._sub-08	220	93	False	29d7e44a
sub-08/.DS_Store	6148	340	False	25e7f647
__MACOSX/sub-08/._.DS_Store	120	53	False	38c0880b
sub-08/ses-02/	0	0	False	00000000
sub-08/ses-04/	0	0	False	00000000
sub-08/ses-03/	0	0	False	00000000
sub-08/ses-01/	0	0	False	00000000
sub-08/ses-02/.DS_Store	6148	282	False	9ee80dcd
__MACOSX/sub-08/ses-02/._.DS_Store	120	53	False	38c0880b
sub-08/ses-02/meg/	0	0	False	00000000
sub-08/ses-02/sub-08_ses-02_scans.tsv	1309	232	False	8ba49e08
sub-08/ses-02/eeg/	0	0	False	00000000
sub-08/ses-04/.DS_Store	6148	282	False	ffd37b2c
__MACOSX/sub-08/ses-04/._.DS_Store	120	53	False	38c0880b
sub-08/ses-04/meg/	0	0	False	00000000
sub-08/ses-04/sub-08_ses-04_scans.tsv	1309	230	False	c624f3b2
sub-08/ses-04/eeg/	0	0	False	00000000
sub-08/ses-03/.DS_Store	6148	285	False	b889ff7a
__MACOSX/sub-08/ses-03/._.DS_Store	120	53	False	38c0880b
sub-08/ses-03/meg/	0	0	False	00000000
sub-08/ses-03/sub-08_ses-03_scans.tsv	1309	228	False	0bb056b3
sub-08/ses-03/eeg/	0	0	False	00000000
sub-08/ses-01/sub-08_ses-01_scans.tsv	1309	225	False	86a85e36
sub-08/ses-01/.DS_Store	6148	283	False	c4d56456
__MACOSX/sub-08/ses-01/._.DS_Store	120	53	False	38c0880b
sub-08/ses-01/meg/	0	0	False	00000000
sub-08/ses-01/eeg/	0	0	False	00000000
sub-08/ses-02/meg/sub-08_ses-02_coordsystem.json	2234	473	False	d246c757
sub-08/ses-02/meg/sub-08_ses-02_task-MotorImageryRest_run-04_meg.fif	69708315	65056739	False	38a13678
sub-08/ses-02/meg/sub-08_ses-02_task-MotorImageryRest_run-02_events.json	767	336	False	95434a42
sub-08/ses-02/meg/sub-08_ses-02_task-MotorImageryRest_run-03_meg.json	689	305	False	c7bde49a
sub-08/ses-02/meg/sub-08_ses-02_task-MotorImageryRest_run-02_meg.json	689	306	False	c574d7c9
sub-08/ses-02/meg/sub-08_ses-02_task-MotorImageryRest_run-05_meg.fif	69579795	64945853	False	ed205e4e
sub-08/ses-02/meg/sub-08_ses-02_task-MotorImageryRest_run-02_events.tsv	715	318	False	aa46be17
sub-08/ses-02/meg/sub-08_ses-02_task-rest_run-02_channels.tsv	19989	1020	False	03360556
sub-08/ses-02/meg/sub-08_ses-02_task-MotorImageryRest_run-04_events.json	767	336	False	95434a42
sub-08/ses-02/meg/sub-08_ses-02_task-MotorImageryRest_run-05_events.tsv	719	313	False	9aac02ef
sub-08/ses-02/meg/sub-08_ses-02_task-rest_run-01_meg.json	677	295	False	95af3773
sub-08/ses-02/meg/sub-08_ses-02_task-MotorImageryRest_run-01_events.json	767	336	False	95434a42
sub-08/ses-02/meg/sub-08_ses-02_task-MotorImageryRest_run-01_channels.tsv	19989	1020	False	03360556
sub-08/ses-02/meg/sub-08_ses-02_task-MotorImageryRest_run-06_channels.tsv	19989	1020	False	03360556
sub-08/ses-02/meg/sub-08_ses-02_task-MotorImageryRest_run-06_meg.fif	71935995	67097803	False	8468d8a2
sub-08/ses-02/meg/sub-08_ses-02_task-MotorImageryRest_run-04_meg.json	689	306	False	4717dad2
sub-08/ses-02/meg/sub-08_ses-02_task-MotorImageryRest_run-05_meg.json	689	306	False	69167ec9
sub-08/ses-02/meg/sub-08_ses-02_task-MotorImageryRest_run-03_meg.fif	80975239	75611618	False	e9a80f10
sub-08/ses-02/meg/sub-08_ses-02_task-MotorImageryRest_run-04_channels.tsv	19989	1020	False	03360556
sub-08/ses-02/meg/sub-08_ses-02_task-MotorImageryRest_run-03_events.tsv	716	320	False	01c3d2a1
sub-08/ses-02/meg/sub-08_ses-02_task-MotorImageryRest_run-03_channels.tsv	19989	1020	False	03360556
sub-08/ses-02/meg/sub-08_ses-02_task-rest_run-01_meg.fif	56710220	52941661	False	b113d3e6
sub-08/ses-02/meg/sub-08_ses-02_task-MotorImageryRest_run-06_events.json	767	336	False	95434a42
sub-08/ses-02/meg/sub-08_ses-02_task-MotorImageryRest_run-03_events.json	767	336	False	95434a42
sub-08/ses-02/meg/sub-08_ses-02_task-MotorImageryRest_run-02_channels.tsv	19989	1020	False	03360556
sub-08/ses-02/meg/sub-08_ses-02_task-MotorImageryRest_run-05_channels.tsv	19989	1020	False	03360556
sub-08/ses-02/meg/sub-08_ses-02_task-MotorImageryRest_run-01_meg.json	689	306	False	0a22f4b4
sub-08/ses-02/meg/sub-08_ses-02_task-MotorImageryRest_run-02_meg.fif	70796451	66106544	False	675c690d
sub-08/ses-02/meg/sub-08_ses-02_task-MotorImageryRest_run-06_events.tsv	719	319	False	380ae699
sub-08/ses-02/meg/sub-08_ses-02_task-rest_run-02_meg.fif	55365044	51663169	False	3ebf2fc1
sub-08/ses-02/meg/sub-08_ses-02_task-MotorImageryRest_run-01_events.tsv	721	321	False	efc22242
sub-08/ses-02/meg/sub-08_ses-02_task-MotorImageryRest_run-06_meg.json	689	306	False	a87c4e8c
sub-08/ses-02/meg/sub-08_ses-02_task-rest_run-02_meg.json	676	295	False	2ecee911
sub-08/ses-02/meg/sub-08_ses-02_task-MotorImageryRest_run-01_meg.fif	73880931	68983810	False	55a07da2
sub-08/ses-02/meg/sub-08_ses-02_task-rest_run-01_channels.tsv	19989	1020	False	03360556
sub-08/ses-02/meg/sub-08_ses-02_task-MotorImageryRest_run-05_events.json	767	336	False	95434a42
sub-08/ses-02/meg/sub-08_ses-02_task-MotorImageryRest_run-04_events.tsv	720	319	False	51b64fe6
sub-08/ses-02/eeg/sub-08_ses-02_task-rest_run-01_eeg.json	474	223	False	66afe884
sub-08/ses-02/eeg/sub-08_ses-02_task-MotorImageryRest_run-05_eeg.json	486	232	False	69e3a0ad
sub-08/ses-02/eeg/sub-08_ses-02_task-MotorImageryRest_run-04_eeg.json	486	231	False	2ff8158a
sub-08/ses-02/eeg/sub-08_ses-02_task-MotorImageryRest_run-04_eeg.eeg	16828784	14659389	False	d4e83232
sub-08/ses-02/eeg/sub-08_ses-02_task-MotorImageryRest_run-02_events.json	767	336	False	95434a42
sub-08/ses-02/eeg/sub-08_ses-02_task-MotorImageryRest_run-06_eeg.vmrk	1446	594	False	07a017c2
sub-08/ses-02/eeg/sub-08_ses-02_task-MotorImageryRest_run-02_events.tsv	715	318	False	aa46be17
sub-08/ses-02/eeg/sub-08_ses-02_task-MotorImageryRest_run-05_eeg.eeg	16797704	14622261	False	8a0615e4
sub-08/ses-02/eeg/sub-08_ses-02_task-rest_run-02_channels.tsv	4361	330	False	f53f1e18
sub-08/ses-02/eeg/sub-08_ses-02_task-MotorImageryRest_run-06_eeg.vhdr	2012	798	False	69b7c8aa
sub-08/ses-02/eeg/sub-08_ses-02_task-rest_run-02_eeg.vmrk	521	335	False	ef881897
sub-08/ses-02/eeg/sub-08_ses-02_task-rest_run-02_eeg.vhdr	1988	787	False	3c9637ea
sub-08/ses-02/eeg/sub-08_ses-02_task-MotorImageryRest_run-01_eeg.vhdr	2012	798	False	2e1b7c85
sub-08/ses-02/eeg/sub-08_ses-02_task-MotorImageryRest_run-01_eeg.vmrk	1448	597	False	4a0e9db8
sub-08/ses-02/eeg/sub-08_ses-02_task-MotorImageryRest_run-04_events.json	767	336	False	95434a42
sub-08/ses-02/eeg/sub-08_ses-02_task-MotorImageryRest_run-05_events.tsv	719	313	False	9aac02ef
sub-08/ses-02/eeg/sub-08_ses-02_task-MotorImageryRest_run-01_events.json	767	336	False	95434a42
sub-08/ses-02/eeg/sub-08_ses-02_task-MotorImageryRest_run-01_channels.tsv	4361	330	False	f53f1e18
sub-08/ses-02/eeg/sub-08_ses-02_task-MotorImageryRest_run-06_channels.tsv	4361	330	False	f53f1e18
sub-08/ses-02/eeg/sub-08_ses-02_task-MotorImageryRest_run-02_eeg.json	486	231	False	270ed18a
sub-08/ses-02/eeg/sub-08_ses-02_task-MotorImageryRest_run-03_eeg.json	486	231	False	97bb61d8
sub-08/ses-02/eeg/sub-08_ses-02_task-MotorImageryRest_run-06_eeg.eeg	17367504	15153991	False	8f1fb27c
sub-08/ses-02/eeg/sub-08_ses-02_task-MotorImageryRest_run-03_eeg.eeg	19553464	17075593	False	0461f647
sub-08/ses-02/eeg/sub-08_ses-02_task-rest_run-01_eeg.vmrk	521	336	False	ec5206a5
sub-08/ses-02/eeg/sub-08_ses-02_task-rest_run-01_eeg.vhdr	1988	789	False	8980e76e
sub-08/ses-02/eeg/sub-08_ses-02_space-CapTrak_coordsystem.json	945	378	False	604ba9a7
sub-08/ses-02/eeg/sub-08_ses-02_task-MotorImageryRest_run-04_channels.tsv	4361	330	False	f53f1e18
sub-08/ses-02/eeg/sub-08_ses-02_task-MotorImageryRest_run-03_events.tsv	716	320	False	01c3d2a1
sub-08/ses-02/eeg/sub-08_ses-02_task-MotorImageryRest_run-03_channels.tsv	4361	330	False	f53f1e18
sub-08/ses-02/eeg/sub-08_ses-02_task-rest_run-01_eeg.eeg	13685560	11959684	False	2b8c4703
sub-08/ses-02/eeg/sub-08_ses-02_task-MotorImageryRest_run-06_events.json	767	336	False	95434a42
sub-08/ses-02/eeg/sub-08_ses-02_task-MotorImageryRest_run-04_eeg.vmrk	1446	595	False	0c0b4079
sub-08/ses-02/eeg/sub-08_ses-02_task-MotorImageryRest_run-05_eeg.vmrk	1447	599	False	cb9bc64f
sub-08/ses-02/eeg/sub-08_ses-02_task-MotorImageryRest_run-04_eeg.vhdr	2012	798	False	922f05f5
sub-08/ses-02/eeg/sub-08_ses-02_task-MotorImageryRest_run-05_eeg.vhdr	2012	798	False	025be07a
sub-08/ses-02/eeg/sub-08_ses-02_task-MotorImageryRest_run-03_events.json	767	336	False	95434a42
sub-08/ses-02/eeg/sub-08_ses-02_task-MotorImageryRest_run-02_channels.tsv	4361	330	False	f53f1e18
sub-08/ses-02/eeg/sub-08_ses-02_task-MotorImageryRest_run-06_eeg.json	486	232	False	56a50183
sub-08/ses-02/eeg/sub-08_ses-02_task-MotorImageryRest_run-05_channels.tsv	4361	330	False	f53f1e18
sub-08/ses-02/eeg/sub-08_ses-02_space-CapTrak_electrodes.tsv	5159	2429	False	30225ba6
sub-08/ses-02/eeg/sub-08_ses-02_task-MotorImageryRest_run-02_eeg.eeg	17091928	14926078	False	9e1b47c0
sub-08/ses-02/eeg/sub-08_ses-02_task-rest_run-02_eeg.json	473	221	False	dbb73bb3
sub-08/ses-02/eeg/sub-08_ses-02_task-MotorImageryRest_run-06_events.tsv	719	319	False	380ae699
sub-08/ses-02/eeg/sub-08_ses-02_task-rest_run-02_eeg.eeg	13360256	11602003	False	a3861246
sub-08/ses-02/eeg/sub-08_ses-02_task-MotorImageryRest_run-01_events.tsv	721	321	False	efc22242
sub-08/ses-02/eeg/sub-08_ses-02_task-MotorImageryRest_run-01_eeg.json	486	231	False	b4b40b0e
sub-08/ses-02/eeg/sub-08_ses-02_task-MotorImageryRest_run-01_eeg.eeg	17837848	15543058	False	1bb85453
sub-08/ses-02/eeg/sub-08_ses-02_task-rest_run-01_channels.tsv	4361	330	False	f53f1e18
sub-08/ses-02/eeg/sub-08_ses-02_task-MotorImageryRest_run-05_events.json	767	336	False	95434a42
sub-08/ses-02/eeg/sub-08_ses-02_task-MotorImageryRest_run-04_events.tsv	720	319	False	51b64fe6
sub-08/ses-02/eeg/sub-08_ses-02_task-MotorImageryRest_run-03_eeg.vhdr	2012	798	False	d583b1da
sub-08/ses-02/eeg/sub-08_ses-02_task-MotorImageryRest_run-02_eeg.vhdr	2012	797	False	45f75455
sub-08/ses-02/eeg/sub-08_ses-02_task-MotorImageryRest_run-03_eeg.vmrk	1446	598	False	d551f1fb
sub-08/ses-02/eeg/sub-08_ses-02_task-MotorImageryRest_run-02_eeg.vmrk	1446	593	False	4e4c811b
sub-08/ses-04/meg/sub-08_ses-04_task-MotorImageryRest_run-02_meg.json	688	305	False	42d888a1
sub-08/ses-04/meg/sub-08_ses-04_task-MotorImageryRest_run-03_meg.json	689	306	False	8601bca5
sub-08/ses-04/meg/sub-08_ses-04_task-MotorImageryRest_run-05_meg.fif	71355351	66606417	False	4bb66ba9
sub-08/ses-04/meg/sub-08_ses-04_task-MotorImageryRest_run-05_events.tsv	716	314	False	0f45be73
sub-08/ses-04/meg/sub-08_ses-04_task-rest_run-02_meg.json	677	295	False	12facbc1
sub-08/ses-04/meg/sub-08_ses-04_task-rest_run-02_meg.fif	56746472	52947825	False	f84130e4
sub-08/ses-04/meg/sub-08_ses-04_task-MotorImageryRest_run-05_events.json	767	336	False	95434a42
sub-08/ses-04/meg/sub-08_ses-04_task-MotorImageryRest_run-04_meg.fif	76179135	71062908	False	4e01074d
sub-08/ses-04/meg/sub-08_ses-04_task-rest_run-01_meg.fif	61296084	57207858	False	33c0d297
sub-08/ses-04/meg/sub-08_ses-04_task-MotorImageryRest_run-06_meg.fif	71800887	66975863	False	8e27f2a5
sub-08/ses-04/meg/sub-08_ses-04_task-rest_run-02_channels.tsv	19989	1020	False	03360556
sub-08/ses-04/meg/sub-08_ses-04_task-MotorImageryRest_run-06_channels.tsv	19989	1020	False	03360556
sub-08/ses-04/meg/sub-08_ses-04_task-MotorImageryRest_run-01_channels.tsv	19989	1020	False	03360556
sub-08/ses-04/meg/sub-08_ses-04_task-MotorImageryRest_run-06_events.json	767	336	False	95434a42
sub-08/ses-04/meg/sub-08_ses-04_task-MotorImageryRest_run-05_meg.json	689	306	False	b10958ee
sub-08/ses-04/meg/sub-08_ses-04_task-MotorImageryRest_run-04_meg.json	689	306	False	fd6db554
sub-08/ses-04/meg/sub-08_ses-04_task-MotorImageryRest_run-03_events.json	767	336	False	95434a42
sub-08/ses-04/meg/sub-08_ses-04_task-MotorImageryRest_run-02_events.tsv	718	314	False	6e2ea919
sub-08/ses-04/meg/sub-08_ses-04_task-MotorImageryRest_run-01_events.tsv	720	317	False	fe25b1da
sub-08/ses-04/meg/sub-08_ses-04_task-MotorImageryRest_run-05_channels.tsv	19989	1020	False	03360556
sub-08/ses-04/meg/sub-08_ses-04_task-MotorImageryRest_run-02_channels.tsv	19989	1020	False	03360556
sub-08/ses-04/meg/sub-08_ses-04_task-MotorImageryRest_run-02_meg.fif	72289263	67487526	False	20434a24
sub-08/ses-04/meg/sub-08_ses-04_task-MotorImageryRest_run-04_events.json	767	336	False	95434a42
sub-08/ses-04/meg/sub-08_ses-04_task-rest_run-01_channels.tsv	27945	1088	False	48ee8ca0
sub-08/ses-04/meg/sub-08_ses-04_task-rest_run-01_meg.json	701	319	False	82c6caa7
sub-08/ses-04/meg/sub-08_ses-04_task-MotorImageryRest_run-03_meg.fif	71723775	66877429	False	680aca22
sub-08/ses-04/meg/sub-08_ses-04_coordsystem.json	2148	463	False	9e1d1c85
sub-08/ses-04/meg/sub-08_ses-04_task-MotorImageryRest_run-01_events.json	767	336	False	95434a42
sub-08/ses-04/meg/sub-08_ses-04_task-MotorImageryRest_run-01_meg.json	689	306	False	8d84d291
sub-08/ses-04/meg/sub-08_ses-04_task-MotorImageryRest_run-04_events.tsv	718	319	False	39df49b3
sub-08/ses-04/meg/sub-08_ses-04_task-MotorImageryRest_run-03_channels.tsv	19989	1020	False	03360556
sub-08/ses-04/meg/sub-08_ses-04_task-MotorImageryRest_run-04_channels.tsv	19989	1020	False	03360556
sub-08/ses-04/meg/sub-08_ses-04_task-MotorImageryRest_run-03_events.tsv	717	323	False	041a75a2
sub-08/ses-04/meg/sub-08_ses-04_task-MotorImageryRest_run-01_meg.fif	71381055	66579889	False	8b489306
sub-08/ses-04/meg/sub-08_ses-04_task-MotorImageryRest_run-02_events.json	767	336	False	95434a42
sub-08/ses-04/meg/sub-08_ses-04_task-MotorImageryRest_run-06_meg.json	689	305	False	e65c272c
sub-08/ses-04/meg/sub-08_ses-04_task-MotorImageryRest_run-06_events.tsv	718	317	False	008f8bbb
sub-08/ses-04/eeg/sub-08_ses-04_task-MotorImageryRest_run-05_eeg.eeg	17226608	14834947	False	0fa97971
sub-08/ses-04/eeg/sub-08_ses-04_task-MotorImageryRest_run-04_eeg.json	486	231	False	64cc2b49
sub-08/ses-04/eeg/sub-08_ses-04_task-MotorImageryRest_run-05_eeg.json	486	232	False	115d33a7
sub-08/ses-04/eeg/sub-08_ses-04_task-MotorImageryRest_run-05_events.tsv	716	314	False	0f45be73
sub-08/ses-04/eeg/sub-08_ses-04_task-rest_run-02_eeg.eeg	13693848	11777076	False	8102dae0
sub-08/ses-04/eeg/sub-08_ses-04_task-MotorImageryRest_run-05_events.json	767	336	False	95434a42
sub-08/ses-04/eeg/sub-08_ses-04_task-MotorImageryRest_run-06_eeg.vmrk	1446	598	False	bf9d5780
sub-08/ses-04/eeg/sub-08_ses-04_task-MotorImageryRest_run-06_eeg.vhdr	2012	798	False	614dcb19
sub-08/ses-04/eeg/sub-08_ses-04_task-MotorImageryRest_run-04_eeg.eeg	18393144	15827345	False	26343162
sub-08/ses-04/eeg/sub-08_ses-04_task-rest_run-01_eeg.eeg	14794080	13002012	False	9b26c2a8
sub-08/ses-04/eeg/sub-08_ses-04_task-rest_run-01_eeg.vhdr	1999	796	False	d9463266
sub-08/ses-04/eeg/sub-08_ses-04_task-rest_run-01_eeg.vmrk	521	336	False	d7147e86
sub-08/ses-04/eeg/sub-08_ses-04_task-MotorImageryRest_run-06_eeg.eeg	17334352	14943459	False	e73437bf
sub-08/ses-04/eeg/sub-08_ses-04_task-rest_run-02_channels.tsv	4361	330	False	f53f1e18
sub-08/ses-04/eeg/sub-08_ses-04_task-MotorImageryRest_run-01_eeg.vhdr	2012	798	False	26e17f36
sub-08/ses-04/eeg/sub-08_ses-04_task-MotorImageryRest_run-01_eeg.vmrk	1447	598	False	0924e1e1
sub-08/ses-04/eeg/sub-08_ses-04_task-MotorImageryRest_run-06_channels.tsv	4361	330	False	f53f1e18
sub-08/ses-04/eeg/sub-08_ses-04_task-MotorImageryRest_run-01_channels.tsv	4361	330	False	f53f1e18
sub-08/ses-04/eeg/sub-08_ses-04_task-MotorImageryRest_run-06_events.json	767	336	False	95434a42
sub-08/ses-04/eeg/sub-08_ses-04_task-MotorImageryRest_run-03_events.json	767	336	False	95434a42
sub-08/ses-04/eeg/sub-08_ses-04_task-MotorImageryRest_run-03_eeg.json	486	232	False	9b4394a6
sub-08/ses-04/eeg/sub-08_ses-04_task-MotorImageryRest_run-02_eeg.json	485	231	False	eb40016b
sub-08/ses-04/eeg/sub-08_ses-04_task-MotorImageryRest_run-02_events.tsv	718	314	False	6e2ea919
sub-08/ses-04/eeg/sub-08_ses-04_task-rest_run-02_eeg.json	474	222	False	1031185b
sub-08/ses-04/eeg/sub-08_ses-04_task-MotorImageryRest_run-01_events.tsv	720	317	False	fe25b1da
sub-08/ses-04/eeg/sub-08_ses-04_task-MotorImageryRest_run-05_eeg.vmrk	1446	600	False	1460da86
sub-08/ses-04/eeg/sub-08_ses-04_task-MotorImageryRest_run-04_eeg.vmrk	1448	594	False	cd047d9c
sub-08/ses-04/eeg/sub-08_ses-04_task-MotorImageryRest_run-05_eeg.vhdr	2012	798	False	0aa1e3c9
sub-08/ses-04/eeg/sub-08_ses-04_task-MotorImageryRest_run-04_eeg.vhdr	2012	797	False	9ad50646
sub-08/ses-04/eeg/sub-08_ses-04_space-CapTrak_coordsystem.json	945	378	False	08c5e04b
sub-08/ses-04/eeg/sub-08_ses-04_task-MotorImageryRest_run-05_channels.tsv	4361	330	False	f53f1e18
sub-08/ses-04/eeg/sub-08_ses-04_task-MotorImageryRest_run-02_channels.tsv	4361	330	False	f53f1e18
sub-08/ses-04/eeg/sub-08_ses-04_task-MotorImageryRest_run-02_eeg.eeg	17452456	15062413	False	e7bc4b0e
sub-08/ses-04/eeg/sub-08_ses-04_task-MotorImageryRest_run-04_events.json	767	336	False	95434a42
sub-08/ses-04/eeg/sub-08_ses-04_task-rest_run-01_channels.tsv	6285	368	False	c63f781e
sub-08/ses-04/eeg/sub-08_ses-04_task-MotorImageryRest_run-03_eeg.eeg	17315704	14854375	False	3e9f556b
sub-08/ses-04/eeg/sub-08_ses-04_task-MotorImageryRest_run-01_events.json	767	336	False	95434a42
sub-08/ses-04/eeg/sub-08_ses-04_task-MotorImageryRest_run-04_events.tsv	718	319	False	39df49b3
sub-08/ses-04/eeg/sub-08_ses-04_task-MotorImageryRest_run-06_eeg.json	486	232	False	cc51b8b7
sub-08/ses-04/eeg/sub-08_ses-04_task-MotorImageryRest_run-03_channels.tsv	4361	330	False	f53f1e18
sub-08/ses-04/eeg/sub-08_ses-04_task-MotorImageryRest_run-04_channels.tsv	4361	330	False	f53f1e18
sub-08/ses-04/eeg/sub-08_ses-04_space-CapTrak_electrodes.tsv	5163	2444	False	2f624980
sub-08/ses-04/eeg/sub-08_ses-04_task-MotorImageryRest_run-03_events.tsv	717	323	False	041a75a2
sub-08/ses-04/eeg/sub-08_ses-04_task-MotorImageryRest_run-01_eeg.eeg	17232824	14937695	False	7e65c9a9
sub-08/ses-04/eeg/sub-08_ses-04_task-rest_run-01_eeg.json	498	245	False	0cd7b84f
sub-08/ses-04/eeg/sub-08_ses-04_task-MotorImageryRest_run-02_events.json	767	336	False	95434a42
sub-08/ses-04/eeg/sub-08_ses-04_task-MotorImageryRest_run-01_eeg.json	486	231	False	c7208bd7
sub-08/ses-04/eeg/sub-08_ses-04_task-MotorImageryRest_run-02_eeg.vhdr	2012	798	False	4d0d57e6
sub-08/ses-04/eeg/sub-08_ses-04_task-MotorImageryRest_run-03_eeg.vhdr	2012	798	False	dd79b269
sub-08/ses-04/eeg/sub-08_ses-04_task-MotorImageryRest_run-02_eeg.vmrk	1447	601	False	df4a1bc2
sub-08/ses-04/eeg/sub-08_ses-04_task-MotorImageryRest_run-03_eeg.vmrk	1446	598	False	139e9628
sub-08/ses-04/eeg/sub-08_ses-04_task-rest_run-02_eeg.vhdr	1988	789	False	c89bbfc9
sub-08/ses-04/eeg/sub-08_ses-04_task-rest_run-02_eeg.vmrk	521	336	False	d4ce60b4
sub-08/ses-04/eeg/sub-08_ses-04_task-MotorImageryRest_run-06_events.tsv	718	317	False	008f8bbb
sub-08/ses-03/meg/sub-08_ses-03_task-MotorImageryRest_run-05_meg.fif	70533173	65836583	False	609baa9a
sub-08/ses-03/meg/sub-08_ses-03_task-MotorImageryRest_run-03_events.json	767	336	False	95434a42
sub-08/ses-03/meg/sub-08_ses-03_task-MotorImageryRest_run-03_meg.json	688	305	False	9e77f177
sub-08/ses-03/meg/sub-08_ses-03_task-MotorImageryRest_run-02_meg.json	689	306	False	cfe85624
sub-08/ses-03/meg/sub-08_ses-03_task-MotorImageryRest_run-06_events.json	767	336	False	95434a42
sub-08/ses-03/meg/sub-08_ses-03_task-rest_run-02_meg.json	677	295	False	2b98fe69
sub-08/ses-03/meg/sub-08_ses-03_task-MotorImageryRest_run-04_meg.fif	70850199	66113604	False	ed5262b9
sub-08/ses-03/meg/sub-08_ses-03_task-MotorImageryRest_run-02_events.tsv	717	316	False	23e0e375
sub-08/ses-03/meg/sub-08_ses-03_coordsystem.json	2240	496	False	712bec5c
sub-08/ses-03/meg/sub-08_ses-03_task-MotorImageryRest_run-05_events.tsv	700	311	False	2899deb4
sub-08/ses-03/meg/sub-08_ses-03_task-MotorImageryRest_run-06_meg.fif	71021559	66323303	False	c780cd97
sub-08/ses-03/meg/sub-08_ses-03_task-MotorImageryRest_run-05_events.json	767	336	False	95434a42
sub-08/ses-03/meg/sub-08_ses-03_task-MotorImageryRest_run-01_channels.tsv	19989	1020	False	03360556
sub-08/ses-03/meg/sub-08_ses-03_task-MotorImageryRest_run-06_channels.tsv	19989	1020	False	03360556
sub-08/ses-03/meg/sub-08_ses-03_task-rest_run-02_channels.tsv	19989	1020	False	03360556
sub-08/ses-03/meg/sub-08_ses-03_task-MotorImageryRest_run-04_meg.json	689	305	False	3b03f7be
sub-08/ses-03/meg/sub-08_ses-03_task-MotorImageryRest_run-05_meg.json	687	303	False	4c53b14a
sub-08/ses-03/meg/sub-08_ses-03_task-MotorImageryRest_run-03_events.tsv	719	321	False	5b98de74
sub-08/ses-03/meg/sub-08_ses-03_task-MotorImageryRest_run-04_channels.tsv	19989	1020	False	03360556
sub-08/ses-03/meg/sub-08_ses-03_task-MotorImageryRest_run-03_channels.tsv	19989	1020	False	03360556
sub-08/ses-03/meg/sub-08_ses-03_task-rest_run-01_meg.json	677	295	False	6e10939a
sub-08/ses-03/meg/sub-08_ses-03_task-MotorImageryRest_run-02_meg.fif	70387527	65720996	False	14f2346a
sub-08/ses-03/meg/sub-08_ses-03_task-MotorImageryRest_run-06_events.tsv	718	313	False	9632733d
sub-08/ses-03/meg/sub-08_ses-03_task-MotorImageryRest_run-02_events.json	767	336	False	95434a42
sub-08/ses-03/meg/sub-08_ses-03_task-MotorImageryRest_run-01_meg.json	689	306	False	e184c7a9
sub-08/ses-03/meg/sub-08_ses-03_task-MotorImageryRest_run-03_meg.fif	70190463	65533477	False	0d984b0f
sub-08/ses-03/meg/sub-08_ses-03_task-rest_run-02_meg.fif	56404112	52647956	False	2e962c18
sub-08/ses-03/meg/sub-08_ses-03_task-rest_run-01_channels.tsv	19989	1020	False	03360556
sub-08/ses-03/meg/sub-08_ses-03_task-MotorImageryRest_run-02_channels.tsv	19989	1020	False	03360556
sub-08/ses-03/meg/sub-08_ses-03_task-MotorImageryRest_run-05_channels.tsv	19989	1020	False	03360556
sub-08/ses-03/meg/sub-08_ses-03_task-MotorImageryRest_run-01_meg.fif	71535639	66773489	False	0efecbc3
sub-08/ses-03/meg/sub-08_ses-03_task-MotorImageryRest_run-06_meg.json	689	306	False	f6b4cb51
sub-08/ses-03/meg/sub-08_ses-03_task-MotorImageryRest_run-01_events.json	767	336	False	95434a42
sub-08/ses-03/meg/sub-08_ses-03_task-MotorImageryRest_run-01_events.tsv	716	317	False	f99d8aec
sub-08/ses-03/meg/sub-08_ses-03_task-MotorImageryRest_run-04_events.json	767	336	False	95434a42
sub-08/ses-03/meg/sub-08_ses-03_task-MotorImageryRest_run-04_events.tsv	721	327	False	52f555ba
sub-08/ses-03/meg/sub-08_ses-03_task-rest_run-01_meg.fif	55358816	51650472	False	cfda32e6
sub-08/ses-03/eeg/sub-08_ses-03_task-MotorImageryRest_run-05_eeg.eeg	17027696	14799172	False	8baacd13
sub-08/ses-03/eeg/sub-08_ses-03_task-MotorImageryRest_run-05_eeg.json	484	229	False	908749bf
sub-08/ses-03/eeg/sub-08_ses-03_task-MotorImageryRest_run-04_eeg.json	486	232	False	217e37dd
sub-08/ses-03/eeg/sub-08_ses-03_task-MotorImageryRest_run-03_events.json	767	336	False	95434a42
sub-08/ses-03/eeg/sub-08_ses-03_task-MotorImageryRest_run-06_events.json	767	336	False	95434a42
sub-08/ses-03/eeg/sub-08_ses-03_task-MotorImageryRest_run-06_eeg.vmrk	1447	597	False	4f7a6dc8
sub-08/ses-03/eeg/sub-08_ses-03_task-MotorImageryRest_run-06_eeg.vhdr	2012	798	False	87dbb4c2
sub-08/ses-03/eeg/sub-08_ses-03_task-MotorImageryRest_run-04_eeg.eeg	17104360	14878297	False	17a30792
sub-08/ses-03/eeg/sub-08_ses-03_task-MotorImageryRest_run-02_events.tsv	717	316	False	23e0e375
sub-08/ses-03/eeg/sub-08_ses-03_task-rest_run-02_eeg.json	474	223	False	dc251fed
sub-08/ses-03/eeg/sub-08_ses-03_space-CapTrak_electrodes.tsv	5153	2437	False	8d3f4ca3
sub-08/ses-03/eeg/sub-08_ses-03_task-MotorImageryRest_run-05_events.tsv	700	311	False	2899deb4
sub-08/ses-03/eeg/sub-08_ses-03_task-MotorImageryRest_run-01_eeg.vhdr	2012	798	False	c07700ed
sub-08/ses-03/eeg/sub-08_ses-03_task-MotorImageryRest_run-01_eeg.vmrk	1447	598	False	33c91b51
sub-08/ses-03/eeg/sub-08_ses-03_task-MotorImageryRest_run-06_eeg.eeg	17145800	14920071	False	33427fd5
sub-08/ses-03/eeg/sub-08_ses-03_task-MotorImageryRest_run-05_events.json	767	336	False	95434a42
sub-08/ses-03/eeg/sub-08_ses-03_task-MotorImageryRest_run-01_channels.tsv	4361	330	False	f53f1e18
sub-08/ses-03/eeg/sub-08_ses-03_task-MotorImageryRest_run-06_channels.tsv	4361	330	False	f53f1e18
sub-08/ses-03/eeg/sub-08_ses-03_task-MotorImageryRest_run-02_eeg.json	486	232	False	3bb7702f
sub-08/ses-03/eeg/sub-08_ses-03_task-MotorImageryRest_run-03_eeg.json	485	231	False	9526d52d
sub-08/ses-03/eeg/sub-08_ses-03_task-rest_run-02_channels.tsv	4361	330	False	f53f1e18
sub-08/ses-03/eeg/sub-08_ses-03_task-rest_run-01_eeg.vmrk	521	336	False	bc5b6c4a
sub-08/ses-03/eeg/sub-08_ses-03_task-rest_run-01_eeg.vhdr	1988	789	False	fb152581
sub-08/ses-03/eeg/sub-08_ses-03_task-MotorImageryRest_run-03_events.tsv	719	321	False	5b98de74
sub-08/ses-03/eeg/sub-08_ses-03_task-MotorImageryRest_run-04_channels.tsv	4361	330	False	f53f1e18
sub-08/ses-03/eeg/sub-08_ses-03_task-MotorImageryRest_run-03_channels.tsv	4361	330	False	f53f1e18
sub-08/ses-03/eeg/sub-08_ses-03_task-MotorImageryRest_run-02_eeg.eeg	16992472	14815365	False	e308fb8e
sub-08/ses-03/eeg/sub-08_ses-03_task-MotorImageryRest_run-04_eeg.vmrk	1447	599	False	69be63f1
sub-08/ses-03/eeg/sub-08_ses-03_task-MotorImageryRest_run-05_eeg.vmrk	1418	592	False	e21314b9
sub-08/ses-03/eeg/sub-08_ses-03_task-MotorImageryRest_run-04_eeg.vhdr	2012	798	False	7c43799d
sub-08/ses-03/eeg/sub-08_ses-03_task-MotorImageryRest_run-05_eeg.vhdr	2012	798	False	ec379c12
sub-08/ses-03/eeg/sub-08_ses-03_task-MotorImageryRest_run-06_eeg.json	486	232	False	86191e09
sub-08/ses-03/eeg/sub-08_ses-03_task-MotorImageryRest_run-06_events.tsv	718	313	False	9632733d
sub-08/ses-03/eeg/sub-08_ses-03_task-MotorImageryRest_run-02_events.json	767	336	False	95434a42
sub-08/ses-03/eeg/sub-08_ses-03_task-rest_run-02_eeg.eeg	13610968	11735721	False	9f896055
sub-08/ses-03/eeg/sub-08_ses-03_task-MotorImageryRest_run-03_eeg.eeg	16944816	14703861	False	9703eb19
sub-08/ses-03/eeg/sub-08_ses-03_task-rest_run-01_channels.tsv	4361	330	False	f53f1e18
sub-08/ses-03/eeg/sub-08_ses-03_task-MotorImageryRest_run-02_channels.tsv	4361	330	False	f53f1e18
sub-08/ses-03/eeg/sub-08_ses-03_task-MotorImageryRest_run-05_channels.tsv	4361	330	False	f53f1e18
sub-08/ses-03/eeg/sub-08_ses-03_task-MotorImageryRest_run-01_eeg.json	486	231	False	7ef1add1
sub-08/ses-03/eeg/sub-08_ses-03_space-CapTrak_coordsystem.json	945	378	False	cfe4f64a
sub-08/ses-03/eeg/sub-08_ses-03_task-MotorImageryRest_run-01_eeg.eeg	17270120	15047305	False	ba814ef1
sub-08/ses-03/eeg/sub-08_ses-03_task-rest_run-02_eeg.vmrk	521	336	False	bf817278
sub-08/ses-03/eeg/sub-08_ses-03_task-rest_run-02_eeg.vhdr	1988	789	False	4e03f505
sub-08/ses-03/eeg/sub-08_ses-03_task-MotorImageryRest_run-01_events.json	767	336	False	95434a42
sub-08/ses-03/eeg/sub-08_ses-03_task-MotorImageryRest_run-01_events.tsv	716	317	False	f99d8aec
sub-08/ses-03/eeg/sub-08_ses-03_task-MotorImageryRest_run-04_events.json	767	336	False	95434a42
sub-08/ses-03/eeg/sub-08_ses-03_task-MotorImageryRest_run-04_events.tsv	721	327	False	52f555ba
sub-08/ses-03/eeg/sub-08_ses-03_task-rest_run-01_eeg.json	474	222	False	dddec8fb
sub-08/ses-03/eeg/sub-08_ses-03_task-rest_run-01_eeg.eeg	13358184	11597098	False	143687b3
sub-08/ses-03/eeg/sub-08_ses-03_task-MotorImageryRest_run-03_eeg.vhdr	2012	797	False	3befcdb2
sub-08/ses-03/eeg/sub-08_ses-03_task-MotorImageryRest_run-02_eeg.vhdr	2012	798	False	ab9b283d
sub-08/ses-03/eeg/sub-08_ses-03_task-MotorImageryRest_run-03_eeg.vmrk	1447	597	False	5976819b
sub-08/ses-03/eeg/sub-08_ses-03_task-MotorImageryRest_run-02_eeg.vmrk	1446	599	False	163a52dd
sub-08/ses-01/meg/sub-08_ses-01_task-rest_run-01_channels.tsv	19989	1020	False	03360556
sub-08/ses-01/meg/sub-08_ses-01_task-MotorImageryRest_run-01_events.json	767	336	False	95434a42
sub-08/ses-01/meg/sub-08_ses-01_task-MotorImageryRest_run-02_events.tsv	719	319	False	7867e9bd
sub-08/ses-01/meg/sub-08_ses-01_task-MotorImageryRest_run-02_meg.json	689	307	False	d560ef9d
sub-08/ses-01/meg/sub-08_ses-01_task-MotorImageryRest_run-03_meg.json	689	306	False	3ae4ee94
sub-08/ses-01/meg/sub-08_ses-01_task-MotorImageryRest_run-04_channels.tsv	19989	1020	False	03360556
sub-08/ses-01/meg/sub-08_ses-01_task-MotorImageryRest_run-03_channels.tsv	19989	1020	False	03360556
sub-08/ses-01/meg/sub-08_ses-01_task-rest_run-01_meg.fif	57036568	53249124	False	0c80078b
sub-08/ses-01/meg/sub-08_ses-01_task-MotorImageryRest_run-01_meg.fif	72166359	67367163	False	139382f4
sub-08/ses-01/meg/sub-08_ses-01_task-MotorImageryRest_run-04_events.json	767	336	False	95434a42
sub-08/ses-01/meg/sub-08_ses-01_task-MotorImageryRest_run-02_channels.tsv	19989	1020	False	03360556
sub-08/ses-01/meg/sub-08_ses-01_task-MotorImageryRest_run-05_channels.tsv	19989	1020	False	03360556
sub-08/ses-01/meg/sub-08_ses-01_task-MotorImageryRest_run-03_meg.fif	69818727	65202019	False	fdbe5b96
sub-08/ses-01/meg/sub-08_ses-01_task-rest_run-02_meg.json	675	293	False	679d91a8
sub-08/ses-01/meg/sub-08_ses-01_task-MotorImageryRest_run-05_meg.json	689	306	False	2d055c22
sub-08/ses-01/meg/sub-08_ses-01_task-MotorImageryRest_run-04_meg.json	687	303	False	798422ad
sub-08/ses-01/meg/sub-08_ses-01_task-rest_run-02_meg.fif	55749632	52047505	False	997cb983
sub-08/ses-01/meg/sub-08_ses-01_task-MotorImageryRest_run-05_events.tsv	719	314	False	df5053d3
sub-08/ses-01/meg/sub-08_ses-01_task-MotorImageryRest_run-02_meg.fif	69810163	65162043	False	1046d199
sub-08/ses-01/meg/sub-08_ses-01_task-MotorImageryRest_run-02_events.json	767	336	False	95434a42
sub-08/ses-01/meg/sub-08_ses-01_task-MotorImageryRest_run-05_events.json	767	336	False	95434a42
sub-08/ses-01/meg/sub-08_ses-01_task-MotorImageryRest_run-06_events.tsv	694	308	False	75656dc9
sub-08/ses-01/meg/sub-08_ses-01_task-MotorImageryRest_run-01_meg.json	689	306	False	9989ac58
sub-08/ses-01/meg/sub-08_ses-01_task-MotorImageryRest_run-03_events.tsv	722	317	False	36eeb8fa
sub-08/ses-01/meg/sub-08_ses-01_task-MotorImageryRest_run-06_meg.fif	71138189	66424244	False	5f5b2308
sub-08/ses-01/meg/sub-08_ses-01_task-MotorImageryRest_run-06_meg.json	689	306	False	5fc7a8b1
sub-08/ses-01/meg/sub-08_ses-01_task-MotorImageryRest_run-03_events.json	767	336	False	95434a42
sub-08/ses-01/meg/sub-08_ses-01_task-rest_run-02_channels.tsv	19989	1020	False	03360556
sub-08/ses-01/meg/sub-08_ses-01_task-MotorImageryRest_run-04_events.tsv	716	316	False	5a961a2f
sub-08/ses-01/meg/sub-08_ses-01_task-MotorImageryRest_run-04_meg.fif	70315671	65655020	False	11310c20
sub-08/ses-01/meg/sub-08_ses-01_task-rest_run-01_meg.json	677	295	False	4f0f3c2d
sub-08/ses-01/meg/sub-08_ses-01_coordsystem.json	2148	444	False	a523fbc2
sub-08/ses-01/meg/sub-08_ses-01_task-MotorImageryRest_run-01_events.tsv	717	317	False	738fcb79
sub-08/ses-01/meg/sub-08_ses-01_task-MotorImageryRest_run-05_meg.fif	72080679	67276888	False	b7d82b9c
sub-08/ses-01/meg/sub-08_ses-01_task-MotorImageryRest_run-01_channels.tsv	19989	1020	False	03360556
sub-08/ses-01/meg/sub-08_ses-01_task-MotorImageryRest_run-06_events.json	767	336	False	95434a42
sub-08/ses-01/meg/sub-08_ses-01_task-MotorImageryRest_run-06_channels.tsv	19989	1020	False	03360556
sub-08/ses-01/eeg/sub-08_ses-01_task-rest_run-01_channels.tsv	4361	330	False	f53f1e18
sub-08/ses-01/eeg/sub-08_ses-01_task-rest_run-02_eeg.json	472	220	False	bff01416
sub-08/ses-01/eeg/sub-08_ses-01_task-MotorImageryRest_run-01_events.json	767	336	False	95434a42
sub-08/ses-01/eeg/sub-08_ses-01_task-MotorImageryRest_run-02_events.tsv	719	319	False	7867e9bd
sub-08/ses-01/eeg/sub-08_ses-01_task-MotorImageryRest_run-04_channels.tsv	4361	330	False	f53f1e18
sub-08/ses-01/eeg/sub-08_ses-01_task-MotorImageryRest_run-03_channels.tsv	4361	330	False	f53f1e18
sub-08/ses-01/eeg/sub-08_ses-01_task-MotorImageryRest_run-04_eeg.json	484	229	False	e9a0fbbc
sub-08/ses-01/eeg/sub-08_ses-01_task-MotorImageryRest_run-05_eeg.json	486	232	False	5412e20b
sub-08/ses-01/eeg/sub-08_ses-01_task-MotorImageryRest_run-06_eeg.vhdr	2012	798	False	80724a53
sub-08/ses-01/eeg/sub-08_ses-01_task-MotorImageryRest_run-06_eeg.vmrk	1418	585	False	7e770996
sub-08/ses-01/eeg/sub-08_ses-01_task-rest_run-01_eeg.eeg	13764000	12783262	False	bb138836
sub-08/ses-01/eeg/sub-08_ses-01_task-MotorImageryRest_run-01_eeg.eeg	17423448	15258875	False	84de9f0a
sub-08/ses-01/eeg/sub-08_ses-01_task-MotorImageryRest_run-04_events.json	767	336	False	95434a42
sub-08/ses-01/eeg/sub-08_ses-01_task-MotorImageryRest_run-02_channels.tsv	4361	330	False	f53f1e18
sub-08/ses-01/eeg/sub-08_ses-01_task-rest_run-01_eeg.vhdr	1988	787	False	1e3ea05f
sub-08/ses-01/eeg/sub-08_ses-01_task-MotorImageryRest_run-05_channels.tsv	4361	330	False	f53f1e18
sub-08/ses-01/eeg/sub-08_ses-01_task-rest_run-01_eeg.vmrk	521	334	False	1c49b994
sub-08/ses-01/eeg/sub-08_ses-01_task-MotorImageryRest_run-01_eeg.vmrk	1447	593	False	d6adf0f8
sub-08/ses-01/eeg/sub-08_ses-01_task-MotorImageryRest_run-01_eeg.vhdr	2012	797	False	c7defe7c
sub-08/ses-01/eeg/sub-08_ses-01_task-MotorImageryRest_run-03_eeg.eeg	16855720	14765811	False	18b9216d
sub-08/ses-01/eeg/sub-08_ses-01_space-CapTrak_coordsystem.json	945	378	False	255bed48
sub-08/ses-01/eeg/sub-08_ses-01_task-rest_run-02_eeg.eeg	13453496	11781525	False	8855531c
sub-08/ses-01/eeg/sub-08_ses-01_task-MotorImageryRest_run-05_events.tsv	719	314	False	df5053d3
sub-08/ses-01/eeg/sub-08_ses-01_task-MotorImageryRest_run-03_eeg.json	486	231	False	9689826f
sub-08/ses-01/eeg/sub-08_ses-01_task-MotorImageryRest_run-02_eeg.json	486	231	False	9059d5db
sub-08/ses-01/eeg/sub-08_ses-01_task-MotorImageryRest_run-02_eeg.eeg	16853648	14740448	False	08ae2bee
sub-08/ses-01/eeg/sub-08_ses-01_task-MotorImageryRest_run-02_events.json	767	336	False	95434a42
sub-08/ses-01/eeg/sub-08_ses-01_task-rest_run-02_eeg.vhdr	1988	789	False	ab2870db
sub-08/ses-01/eeg/sub-08_ses-01_task-rest_run-02_eeg.vmrk	521	336	False	1f93a7a6
sub-08/ses-01/eeg/sub-08_ses-01_task-MotorImageryRest_run-05_events.json	767	336	False	95434a42
sub-08/ses-01/eeg/sub-08_ses-01_task-MotorImageryRest_run-05_eeg.vhdr	2012	798	False	eb9e6283
sub-08/ses-01/eeg/sub-08_ses-01_task-MotorImageryRest_run-04_eeg.vhdr	2012	798	False	7bea870c
sub-08/ses-01/eeg/sub-08_ses-01_task-MotorImageryRest_run-05_eeg.vmrk	1447	598	False	3ff748eb
sub-08/ses-01/eeg/sub-08_ses-01_task-MotorImageryRest_run-04_eeg.vmrk	1447	596	False	4d1269fc
sub-08/ses-01/eeg/sub-08_ses-01_task-MotorImageryRest_run-06_events.tsv	694	308	False	75656dc9
sub-08/ses-01/eeg/sub-08_ses-01_space-CapTrak_electrodes.tsv	5140	2425	False	22d2d1c7
sub-08/ses-01/eeg/sub-08_ses-01_task-MotorImageryRest_run-06_eeg.json	486	231	False	11f4221f
sub-08/ses-01/eeg/sub-08_ses-01_task-MotorImageryRest_run-03_events.tsv	722	317	False	36eeb8fa
sub-08/ses-01/eeg/sub-08_ses-01_task-MotorImageryRest_run-06_eeg.eeg	17174808	15040697	False	d5e4bf1a
sub-08/ses-01/eeg/sub-08_ses-01_task-rest_run-01_eeg.json	474	223	False	9e480b66
sub-08/ses-01/eeg/sub-08_ses-01_task-MotorImageryRest_run-03_events.json	767	336	False	95434a42
sub-08/ses-01/eeg/sub-08_ses-01_task-MotorImageryRest_run-01_eeg.json	486	231	False	610d34b8
sub-08/ses-01/eeg/sub-08_ses-01_task-rest_run-02_channels.tsv	4361	330	False	f53f1e18
sub-08/ses-01/eeg/sub-08_ses-01_task-MotorImageryRest_run-04_events.tsv	716	316	False	5a961a2f
sub-08/ses-01/eeg/sub-08_ses-01_task-MotorImageryRest_run-04_eeg.eeg	16975896	14841461	False	535b55fd
sub-08/ses-01/eeg/sub-08_ses-01_task-MotorImageryRest_run-05_eeg.eeg	17402728	15241853	False	f219372b
sub-08/ses-01/eeg/sub-08_ses-01_task-MotorImageryRest_run-01_events.tsv	717	317	False	738fcb79
sub-08/ses-01/eeg/sub-08_ses-01_task-MotorImageryRest_run-01_channels.tsv	4361	330	False	f53f1e18
sub-08/ses-01/eeg/sub-08_ses-01_task-MotorImageryRest_run-06_events.json	767	336	False	95434a42
sub-08/ses-01/eeg/sub-08_ses-01_task-MotorImageryRest_run-06_channels.tsv	4361	330	False	f53f1e18
sub-08/ses-01/eeg/sub-08_ses-01_task-MotorImageryRest_run-02_eeg.vmrk	1447	594	False	f27bd12d
sub-08/ses-01/eeg/sub-08_ses-01_task-MotorImageryRest_run-03_eeg.vmrk	1447	594	False	71e51d0f
sub-08/ses-01/eeg/sub-08_ses-01_task-MotorImageryRest_run-02_eeg.vhdr	2012	798	False	ac32d6ac
sub-08/ses-01/eeg/sub-08_ses-01_task-MotorImageryRest_run-03_eeg.vhdr	2012	798	False	3c463323
sub-05/	0	0	False	00000000
__MACOSX/._sub-05	220	93	False	29d7e44a
sub-05/.DS_Store	6148	346	False	6426ae2f
__MACOSX/sub-05/._.DS_Store	120	53	False	38c0880b
sub-05/ses-02/	0	0	False	00000000
sub-05/ses-04/	0	0	False	00000000
sub-05/ses-03/	0	0	False	00000000
sub-05/ses-01/	0	0	False	00000000
sub-05/ses-02/.DS_Store	6148	282	False	e80e5197
__MACOSX/sub-05/ses-02/._.DS_Store	120	53	False	38c0880b
sub-05/ses-02/meg/	0	0	False	00000000
sub-05/ses-02/sub-05_ses-02_scans.tsv	1309	226	False	74e59333
sub-05/ses-02/eeg/	0	0	False	00000000
sub-05/ses-04/.DS_Store	6148	283	False	428917e9
__MACOSX/sub-05/ses-04/._.DS_Store	120	53	False	38c0880b
sub-05/ses-04/sub-05_ses-04_scans.tsv	1309	228	False	3cc52182
sub-05/ses-04/meg/	0	0	False	00000000
sub-05/ses-04/eeg/	0	0	False	00000000
sub-05/ses-03/.DS_Store	6148	278	False	52a2dd3f
__MACOSX/sub-05/ses-03/._.DS_Store	120	53	False	38c0880b
sub-05/ses-03/sub-05_ses-03_scans.tsv	1309	228	False	f7a6074c
sub-05/ses-03/meg/	0	0	False	00000000
sub-05/ses-03/eeg/	0	0	False	00000000
sub-05/ses-01/.DS_Store	6148	284	False	fc7ceffa
__MACOSX/sub-05/ses-01/._.DS_Store	120	53	False	38c0880b
sub-05/ses-01/meg/	0	0	False	00000000
sub-05/ses-01/sub-05_ses-01_scans.tsv	1309	227	False	1b2d14bb
sub-05/ses-01/eeg/	0	0	False	00000000
sub-05/ses-02/meg/sub-05_ses-02_task-MotorImageryRest_run-02_meg.json	688	305	False	5815069f
sub-05/ses-02/meg/sub-05_ses-02_task-MotorImageryRest_run-03_meg.json	689	306	False	545977cb
sub-05/ses-02/meg/sub-05_ses-02_task-MotorImageryRest_run-01_meg.fif	74180847	69234056	False	ed721a90
sub-05/ses-02/meg/sub-05_ses-02_task-MotorImageryRest_run-06_events.json	767	336	False	95434a42
sub-05/ses-02/meg/sub-05_ses-02_task-MotorImageryRest_run-03_events.json	767	336	False	95434a42
sub-05/ses-02/meg/sub-05_ses-02_task-MotorImageryRest_run-01_channels.tsv	19989	1020	False	03360556
sub-05/ses-02/meg/sub-05_ses-02_task-MotorImageryRest_run-06_channels.tsv	19989	1020	False	03360556
sub-05/ses-02/meg/sub-05_ses-02_task-MotorImageryRest_run-02_events.tsv	695	310	False	a087b230
sub-05/ses-02/meg/sub-05_ses-02_task-MotorImageryRest_run-02_meg.fif	69759749	65131165	False	3a998b43
sub-05/ses-02/meg/sub-05_ses-02_task-rest_run-02_meg.json	677	296	False	95c28121
sub-05/ses-02/meg/sub-05_ses-02_task-MotorImageryRest_run-05_events.tsv	694	307	False	3b13c9df
sub-05/ses-02/meg/sub-05_ses-02_task-rest_run-02_channels.tsv	19989	1020	False	03360556
sub-05/ses-02/meg/sub-05_ses-02_task-MotorImageryRest_run-05_events.json	767	336	False	95434a42
sub-05/ses-02/meg/sub-05_ses-02_task-MotorImageryRest_run-03_meg.fif	71370543	66642312	False	35af8042
sub-05/ses-02/meg/sub-05_ses-02_task-MotorImageryRest_run-05_meg.json	689	306	False	02974711
sub-05/ses-02/meg/sub-05_ses-02_task-MotorImageryRest_run-04_meg.json	689	305	False	88613c68
sub-05/ses-02/meg/sub-05_ses-02_task-MotorImageryRest_run-06_meg.fif	70042503	65393016	False	785de985
sub-05/ses-02/meg/sub-05_ses-02_task-MotorImageryRest_run-03_events.tsv	723	321	False	0224bf61
sub-05/ses-02/meg/sub-05_ses-02_task-rest_run-01_channels.tsv	19989	1020	False	03360556
sub-05/ses-02/meg/sub-05_ses-02_task-MotorImageryRest_run-02_events.json	767	336	False	95434a42
sub-05/ses-02/meg/sub-05_ses-02_task-MotorImageryRest_run-01_meg.json	689	306	False	733e0368
sub-05/ses-02/meg/sub-05_ses-02_task-rest_run-01_meg.fif	55527872	51847479	False	046a676c
sub-05/ses-02/meg/sub-05_ses-02_task-MotorImageryRest_run-06_events.tsv	716	317	False	b0a603e2
sub-05/ses-02/meg/sub-05_ses-02_task-MotorImageryRest_run-06_meg.json	689	306	False	c47cd870
sub-05/ses-02/meg/sub-05_ses-02_task-MotorImageryRest_run-04_channels.tsv	19989	1020	False	03360556
sub-05/ses-02/meg/sub-05_ses-02_task-MotorImageryRest_run-03_channels.tsv	19989	1020	False	03360556
sub-05/ses-02/meg/sub-05_ses-02_task-MotorImageryRest_run-01_events.tsv	717	320	False	cf8d520b
sub-05/ses-02/meg/sub-05_ses-02_coordsystem.json	2270	473	False	c92a2175
sub-05/ses-02/meg/sub-05_ses-02_task-MotorImageryRest_run-04_events.json	767	336	False	95434a42
sub-05/ses-02/meg/sub-05_ses-02_task-MotorImageryRest_run-05_meg.fif	68954357	64364038	False	43b49bdf
sub-05/ses-02/meg/sub-05_ses-02_task-MotorImageryRest_run-01_events.json	767	336	False	95434a42
sub-05/ses-02/meg/sub-05_ses-02_task-MotorImageryRest_run-02_channels.tsv	19989	1020	False	03360556
sub-05/ses-02/meg/sub-05_ses-02_task-MotorImageryRest_run-05_channels.tsv	19989	1020	False	03360556
sub-05/ses-02/meg/sub-05_ses-02_task-MotorImageryRest_run-04_meg.fif	72184503	67345787	False	bcfaaac1
sub-05/ses-02/meg/sub-05_ses-02_task-MotorImageryRest_run-04_events.tsv	716	321	False	5a135afd
sub-05/ses-02/meg/sub-05_ses-02_task-rest_run-02_meg.fif	56110496	52386746	False	84cb6416
sub-05/ses-02/meg/sub-05_ses-02_task-rest_run-01_meg.json	677	295	False	5a6f88fb
sub-05/ses-02/eeg/sub-05_ses-02_space-CapTrak_coordsystem.json	945	376	False	e85b0b2d
sub-05/ses-02/eeg/sub-05_ses-02_task-rest_run-01_eeg.vmrk	521	336	False	7ec36a3d
sub-05/ses-02/eeg/sub-05_ses-02_task-rest_run-01_eeg.vhdr	1988	789	False	d9aca9f3
sub-05/ses-02/eeg/sub-05_ses-02_task-MotorImageryRest_run-06_events.json	767	336	False	95434a42
sub-05/ses-02/eeg/sub-05_ses-02_task-MotorImageryRest_run-01_eeg.eeg	17910368	15767143	False	dbd067f1
sub-05/ses-02/eeg/sub-05_ses-02_task-MotorImageryRest_run-04_eeg.json	486	231	False	bd4d3cac
sub-05/ses-02/eeg/sub-05_ses-02_task-MotorImageryRest_run-05_eeg.json	486	232	False	70719a39
sub-05/ses-02/eeg/sub-05_ses-02_space-CapTrak_electrodes.tsv	5163	2437	False	f1cb96a5
sub-05/ses-02/eeg/sub-05_ses-02_task-MotorImageryRest_run-03_events.json	767	336	False	95434a42
sub-05/ses-02/eeg/sub-05_ses-02_task-MotorImageryRest_run-06_eeg.vhdr	2012	798	False	671e24d5
sub-05/ses-02/eeg/sub-05_ses-02_task-MotorImageryRest_run-01_channels.tsv	4361	330	False	f53f1e18
sub-05/ses-02/eeg/sub-05_ses-02_task-MotorImageryRest_run-06_eeg.vmrk	1447	595	False	7b1297db
sub-05/ses-02/eeg/sub-05_ses-02_task-MotorImageryRest_run-06_channels.tsv	4361	330	False	f53f1e18
sub-05/ses-02/eeg/sub-05_ses-02_task-MotorImageryRest_run-02_events.tsv	695	310	False	a087b230
sub-05/ses-02/eeg/sub-05_ses-02_task-rest_run-02_eeg.json	474	223	False	51b679cc
sub-05/ses-02/eeg/sub-05_ses-02_task-MotorImageryRest_run-02_eeg.eeg	16841216	14771393	False	44358d65
sub-05/ses-02/eeg/sub-05_ses-02_task-MotorImageryRest_run-01_eeg.vmrk	1447	600	False	2c9f5e34
sub-05/ses-02/eeg/sub-05_ses-02_task-MotorImageryRest_run-01_eeg.vhdr	2012	797	False	20b290fa
sub-05/ses-02/eeg/sub-05_ses-02_task-MotorImageryRest_run-05_events.tsv	694	307	False	3b13c9df
sub-05/ses-02/eeg/sub-05_ses-02_task-rest_run-02_channels.tsv	4361	330	False	f53f1e18
sub-05/ses-02/eeg/sub-05_ses-02_task-MotorImageryRest_run-05_events.json	767	336	False	95434a42
sub-05/ses-02/eeg/sub-05_ses-02_task-MotorImageryRest_run-03_eeg.eeg	17230752	15154356	False	e392cd4d
sub-05/ses-02/eeg/sub-05_ses-02_task-MotorImageryRest_run-03_eeg.json	486	232	False	91778499
sub-05/ses-02/eeg/sub-05_ses-02_task-MotorImageryRest_run-02_eeg.json	485	231	False	9ad5a27c
sub-05/ses-02/eeg/sub-05_ses-02_task-MotorImageryRest_run-06_eeg.eeg	16909592	14939421	False	196a1106
sub-05/ses-02/eeg/sub-05_ses-02_task-MotorImageryRest_run-03_events.tsv	723	321	False	0224bf61
sub-05/ses-02/eeg/sub-05_ses-02_task-rest_run-01_channels.tsv	4361	330	False	f53f1e18
sub-05/ses-02/eeg/sub-05_ses-02_task-MotorImageryRest_run-05_eeg.vhdr	2012	797	False	0cf20c05
sub-05/ses-02/eeg/sub-05_ses-02_task-MotorImageryRest_run-04_eeg.vhdr	2012	797	False	9c86e98a
sub-05/ses-02/eeg/sub-05_ses-02_task-MotorImageryRest_run-05_eeg.vmrk	1416	587	False	cead77d9
sub-05/ses-02/eeg/sub-05_ses-02_task-MotorImageryRest_run-04_eeg.vmrk	1447	598	False	1cfe3469
sub-05/ses-02/eeg/sub-05_ses-02_task-MotorImageryRest_run-02_events.json	767	336	False	95434a42
sub-05/ses-02/eeg/sub-05_ses-02_task-rest_run-01_eeg.json	474	222	False	99748beb
sub-05/ses-02/eeg/sub-05_ses-02_task-rest_run-02_eeg.vmrk	521	335	False	7d19740f
sub-05/ses-02/eeg/sub-05_ses-02_task-rest_run-02_eeg.vhdr	1988	787	False	6cba7977
sub-05/ses-02/eeg/sub-05_ses-02_task-rest_run-01_eeg.eeg	13399624	11811145	False	809df26c
sub-05/ses-02/eeg/sub-05_ses-02_task-MotorImageryRest_run-06_eeg.json	486	232	False	db30de14
sub-05/ses-02/eeg/sub-05_ses-02_task-MotorImageryRest_run-06_events.tsv	716	317	False	b0a603e2
sub-05/ses-02/eeg/sub-05_ses-02_task-MotorImageryRest_run-04_channels.tsv	4361	330	False	f53f1e18
sub-05/ses-02/eeg/sub-05_ses-02_task-MotorImageryRest_run-03_channels.tsv	4361	330	False	f53f1e18
sub-05/ses-02/eeg/sub-05_ses-02_task-MotorImageryRest_run-01_events.tsv	717	320	False	cf8d520b
sub-05/ses-02/eeg/sub-05_ses-02_task-MotorImageryRest_run-01_eeg.json	486	231	False	81a48d87
sub-05/ses-02/eeg/sub-05_ses-02_task-MotorImageryRest_run-04_events.json	767	336	False	95434a42
sub-05/ses-02/eeg/sub-05_ses-02_task-MotorImageryRest_run-05_eeg.eeg	16646448	14649235	False	b9631d5c
sub-05/ses-02/eeg/sub-05_ses-02_task-MotorImageryRest_run-01_events.json	767	336	False	95434a42
sub-05/ses-02/eeg/sub-05_ses-02_task-MotorImageryRest_run-02_channels.tsv	4361	330	False	f53f1e18
sub-05/ses-02/eeg/sub-05_ses-02_task-MotorImageryRest_run-05_channels.tsv	4361	330	False	f53f1e18
sub-05/ses-02/eeg/sub-05_ses-02_task-MotorImageryRest_run-04_eeg.eeg	17427592	15382407	False	c68de4a7
sub-05/ses-02/eeg/sub-05_ses-02_task-MotorImageryRest_run-04_events.tsv	716	321	False	5a135afd
sub-05/ses-02/eeg/sub-05_ses-02_task-rest_run-02_eeg.eeg	13540520	11998861	False	5068e0d0
sub-05/ses-02/eeg/sub-05_ses-02_task-MotorImageryRest_run-02_eeg.vmrk	1417	589	False	56551b73
sub-05/ses-02/eeg/sub-05_ses-02_task-MotorImageryRest_run-03_eeg.vmrk	1447	595	False	22148a53
sub-05/ses-02/eeg/sub-05_ses-02_task-MotorImageryRest_run-02_eeg.vhdr	2012	797	False	4b5eb82a
sub-05/ses-02/eeg/sub-05_ses-02_task-MotorImageryRest_run-03_eeg.vhdr	2012	798	False	db2a5da5
sub-05/ses-04/meg/sub-05_ses-04_task-MotorImageryRest_run-03_meg.json	689	305	False	da809106
sub-05/ses-04/meg/sub-05_ses-04_task-MotorImageryRest_run-02_meg.json	689	306	False	2a030c57
sub-05/ses-04/meg/sub-05_ses-04_task-MotorImageryRest_run-05_events.tsv	719	321	False	8c76c075
sub-05/ses-04/meg/sub-05_ses-04_task-MotorImageryRest_run-06_channels.tsv	19989	1020	False	03360556
sub-05/ses-04/meg/sub-05_ses-04_task-MotorImageryRest_run-01_channels.tsv	19989	1020	False	03360556
sub-05/ses-04/meg/sub-05_ses-04_task-MotorImageryRest_run-04_events.json	767	336	False	95434a42
sub-05/ses-04/meg/sub-05_ses-04_task-rest_run-02_meg.fif	55788080	52074252	False	8b806460
sub-05/ses-04/meg/sub-05_ses-04_task-rest_run-02_channels.tsv	27945	1088	False	48ee8ca0
sub-05/ses-04/meg/sub-05_ses-04_task-MotorImageryRest_run-01_events.json	767	336	False	95434a42
sub-05/ses-04/meg/sub-05_ses-04_task-rest_run-01_meg.json	701	320	False	b9007d22
sub-05/ses-04/meg/sub-05_ses-04_task-MotorImageryRest_run-01_meg.fif	76811943	71728751	False	dd2923b4
sub-05/ses-04/meg/sub-05_ses-04_task-MotorImageryRest_run-02_events.json	767	336	False	95434a42
sub-05/ses-04/meg/sub-05_ses-04_task-MotorImageryRest_run-03_meg.fif	70694395	66013831	False	3e5790b7
sub-05/ses-04/meg/sub-05_ses-04_coordsystem.json	2194	468	False	b9b2f8a5
sub-05/ses-04/meg/sub-05_ses-04_task-MotorImageryRest_run-04_meg.json	688	305	False	439868d5
sub-05/ses-04/meg/sub-05_ses-04_task-MotorImageryRest_run-05_meg.json	687	303	False	317340cb
sub-05/ses-04/meg/sub-05_ses-04_task-MotorImageryRest_run-02_meg.fif	74421471	69466164	False	0e0165c3
sub-05/ses-04/meg/sub-05_ses-04_task-MotorImageryRest_run-02_events.tsv	717	318	False	ace80f53
sub-05/ses-04/meg/sub-05_ses-04_task-rest_run-01_meg.fif	55482084	51773190	False	c0fc19cd
sub-05/ses-04/meg/sub-05_ses-04_task-rest_run-02_meg.json	701	320	False	2f5291dd
sub-05/ses-04/meg/sub-05_ses-04_task-MotorImageryRest_run-01_events.tsv	719	322	False	6c6fc530
sub-05/ses-04/meg/sub-05_ses-04_task-MotorImageryRest_run-05_events.json	767	336	False	95434a42
sub-05/ses-04/meg/sub-05_ses-04_task-MotorImageryRest_run-06_meg.fif	71671147	66937064	False	d278d6db
sub-05/ses-04/meg/sub-05_ses-04_task-MotorImageryRest_run-04_events.tsv	718	317	False	bcb7dfc6
sub-05/ses-04/meg/sub-05_ses-04_task-MotorImageryRest_run-01_meg.json	689	304	False	9abbd0d7
sub-05/ses-04/meg/sub-05_ses-04_task-MotorImageryRest_run-04_meg.fif	71002839	66302694	False	811d366a
sub-05/ses-04/meg/sub-05_ses-04_task-MotorImageryRest_run-03_events.tsv	714	320	False	f963e6b6
sub-05/ses-04/meg/sub-05_ses-04_task-MotorImageryRest_run-05_channels.tsv	19989	1020	False	03360556
sub-05/ses-04/meg/sub-05_ses-04_task-MotorImageryRest_run-02_channels.tsv	19989	1020	False	03360556
sub-05/ses-04/meg/sub-05_ses-04_task-MotorImageryRest_run-06_events.json	767	336	False	95434a42
sub-05/ses-04/meg/sub-05_ses-04_task-MotorImageryRest_run-06_meg.json	689	306	False	0587098a
sub-05/ses-04/meg/sub-05_ses-04_task-MotorImageryRest_run-03_events.json	767	336	False	95434a42
sub-05/ses-04/meg/sub-05_ses-04_task-rest_run-01_channels.tsv	27945	1088	False	48ee8ca0
sub-05/ses-04/meg/sub-05_ses-04_task-MotorImageryRest_run-03_channels.tsv	19989	1020	False	03360556
sub-05/ses-04/meg/sub-05_ses-04_task-MotorImageryRest_run-05_meg.fif	70745803	66056381	False	a48c98bf
sub-05/ses-04/meg/sub-05_ses-04_task-MotorImageryRest_run-04_channels.tsv	19989	1020	False	03360556
sub-05/ses-04/meg/sub-05_ses-04_task-MotorImageryRest_run-06_events.tsv	716	319	False	6519070c
sub-05/ses-04/eeg/sub-05_ses-04_task-MotorImageryRest_run-05_eeg.json	484	229	False	bcccbbca
sub-05/ses-04/eeg/sub-05_ses-04_task-MotorImageryRest_run-04_eeg.json	485	231	False	d35c6fce
sub-05/ses-04/eeg/sub-05_ses-04_space-CapTrak_coordsystem.json	945	378	False	62a2b169
sub-05/ses-04/eeg/sub-05_ses-04_task-MotorImageryRest_run-05_events.tsv	719	321	False	8c76c075
sub-05/ses-04/eeg/sub-05_ses-04_task-MotorImageryRest_run-06_channels.tsv	4361	330	False	f53f1e18
sub-05/ses-04/eeg/sub-05_ses-04_task-MotorImageryRest_run-01_channels.tsv	4361	330	False	f53f1e18
sub-05/ses-04/eeg/sub-05_ses-04_task-MotorImageryRest_run-04_events.json	767	336	False	95434a42
sub-05/ses-04/eeg/sub-05_ses-04_task-rest_run-02_eeg.eeg	13462376	11868790	False	9a677dbd
sub-05/ses-04/eeg/sub-05_ses-04_task-rest_run-02_channels.tsv	6285	368	False	c63f781e
sub-05/ses-04/eeg/sub-05_ses-04_task-MotorImageryRest_run-01_events.json	767	336	False	95434a42
sub-05/ses-04/eeg/sub-05_ses-04_task-MotorImageryRest_run-06_eeg.vhdr	2012	798	False	6fe42766
sub-05/ses-04/eeg/sub-05_ses-04_task-MotorImageryRest_run-01_eeg.eeg	18546472	16390323	False	2c2ef58c
sub-05/ses-04/eeg/sub-05_ses-04_task-MotorImageryRest_run-06_eeg.vmrk	1447	596	False	ff85deaf
sub-05/ses-04/eeg/sub-05_ses-04_task-MotorImageryRest_run-02_events.json	767	336	False	95434a42
sub-05/ses-04/eeg/sub-05_ses-04_task-MotorImageryRest_run-01_eeg.vmrk	1447	598	False	4e5a78ef
sub-05/ses-04/eeg/sub-05_ses-04_task-rest_run-01_eeg.json	498	245	False	de9ae988
sub-05/ses-04/eeg/sub-05_ses-04_task-MotorImageryRest_run-01_eeg.vhdr	2012	798	False	28489349
sub-05/ses-04/eeg/sub-05_ses-04_task-MotorImageryRest_run-03_eeg.eeg	17067064	15133751	False	69bb5397
sub-05/ses-04/eeg/sub-05_ses-04_task-MotorImageryRest_run-02_eeg.json	486	231	False	24d4f638
sub-05/ses-04/eeg/sub-05_ses-04_task-MotorImageryRest_run-03_eeg.json	486	232	False	56bd5196
sub-05/ses-04/eeg/sub-05_ses-04_task-rest_run-02_eeg.vhdr	1999	794	False	a3b0113b
sub-05/ses-04/eeg/sub-05_ses-04_task-rest_run-02_eeg.vmrk	521	336	False	465f0c2c
sub-05/ses-04/eeg/sub-05_ses-04_task-MotorImageryRest_run-02_events.tsv	717	318	False	ace80f53
sub-05/ses-04/eeg/sub-05_ses-04_task-MotorImageryRest_run-02_eeg.eeg	17968384	15864481	False	5c55fe17
sub-05/ses-04/eeg/sub-05_ses-04_task-rest_run-01_eeg.eeg	13388376	12239228	False	15765194
sub-05/ses-04/eeg/sub-05_ses-04_space-CapTrak_electrodes.tsv	5172	2458	False	de2381d0
sub-05/ses-04/eeg/sub-05_ses-04_task-MotorImageryRest_run-01_events.tsv	719	322	False	6c6fc530
sub-05/ses-04/eeg/sub-05_ses-04_task-MotorImageryRest_run-04_eeg.vhdr	2012	796	False	947cea39
sub-05/ses-04/eeg/sub-05_ses-04_task-MotorImageryRest_run-05_eeg.vhdr	2012	797	False	04080fb6
sub-05/ses-04/eeg/sub-05_ses-04_task-MotorImageryRest_run-04_eeg.vmrk	1447	596	False	600175b6
sub-05/ses-04/eeg/sub-05_ses-04_task-MotorImageryRest_run-05_eeg.vmrk	1447	598	False	524978e2
sub-05/ses-04/eeg/sub-05_ses-04_task-MotorImageryRest_run-05_events.json	767	336	False	95434a42
sub-05/ses-04/eeg/sub-05_ses-04_task-MotorImageryRest_run-06_eeg.eeg	17303272	15287785	False	ab94be86
sub-05/ses-04/eeg/sub-05_ses-04_task-MotorImageryRest_run-06_eeg.json	486	232	False	1a34b50c
sub-05/ses-04/eeg/sub-05_ses-04_task-MotorImageryRest_run-04_events.tsv	718	317	False	bcb7dfc6
sub-05/ses-04/eeg/sub-05_ses-04_task-MotorImageryRest_run-04_eeg.eeg	17141656	15187235	False	8e1de2d3
sub-05/ses-04/eeg/sub-05_ses-04_task-MotorImageryRest_run-03_events.tsv	714	320	False	f963e6b6
sub-05/ses-04/eeg/sub-05_ses-04_task-MotorImageryRest_run-01_eeg.json	486	229	False	c7ddeae6
sub-05/ses-04/eeg/sub-05_ses-04_task-rest_run-01_eeg.vhdr	1999	796	False	7a553b57
sub-05/ses-04/eeg/sub-05_ses-04_task-rest_run-01_eeg.vmrk	521	336	False	4585121e
sub-05/ses-04/eeg/sub-05_ses-04_task-MotorImageryRest_run-05_channels.tsv	4361	330	False	f53f1e18
sub-05/ses-04/eeg/sub-05_ses-04_task-MotorImageryRest_run-02_channels.tsv	4361	330	False	f53f1e18
sub-05/ses-04/eeg/sub-05_ses-04_task-MotorImageryRest_run-06_events.json	767	336	False	95434a42
sub-05/ses-04/eeg/sub-05_ses-04_task-MotorImageryRest_run-03_eeg.vmrk	1447	597	False	abb80c4a
sub-05/ses-04/eeg/sub-05_ses-04_task-MotorImageryRest_run-02_eeg.vmrk	1447	598	False	c8e2eec3
sub-05/ses-04/eeg/sub-05_ses-04_task-MotorImageryRest_run-03_events.json	767	336	False	95434a42
sub-05/ses-04/eeg/sub-05_ses-04_task-rest_run-01_channels.tsv	6285	368	False	c63f781e
sub-05/ses-04/eeg/sub-05_ses-04_task-rest_run-02_eeg.json	498	245	False	e3e42969
sub-05/ses-04/eeg/sub-05_ses-04_task-MotorImageryRest_run-03_eeg.vhdr	2012	798	False	d3d05e16
sub-05/ses-04/eeg/sub-05_ses-04_task-MotorImageryRest_run-02_eeg.vhdr	2012	797	False	43a4bb99
sub-05/ses-04/eeg/sub-05_ses-04_task-MotorImageryRest_run-03_channels.tsv	4361	330	False	f53f1e18
sub-05/ses-04/eeg/sub-05_ses-04_task-MotorImageryRest_run-04_channels.tsv	4361	330	False	f53f1e18
sub-05/ses-04/eeg/sub-05_ses-04_task-MotorImageryRest_run-05_eeg.eeg	17079496	15045596	False	0a530d8e
sub-05/ses-04/eeg/sub-05_ses-04_task-MotorImageryRest_run-06_events.tsv	716	319	False	6519070c
sub-05/ses-03/meg/sub-05_ses-03_task-rest_run-02_channels.tsv	27945	1088	False	48ee8ca0
sub-05/ses-03/meg/sub-05_ses-03_task-rest_run-01_meg.json	701	320	False	b9007d22
sub-05/ses-03/meg/sub-05_ses-03_task-MotorImageryRest_run-02_meg.json	689	306	False	c52d1bac
sub-05/ses-03/meg/sub-05_ses-03_task-MotorImageryRest_run-03_meg.json	689	306	False	9278646e
sub-05/ses-03/meg/sub-05_ses-03_task-MotorImageryRest_run-02_events.json	767	336	False	95434a42
sub-05/ses-03/meg/sub-05_ses-03_task-MotorImageryRest_run-02_events.tsv	721	323	False	6a41fb68
sub-05/ses-03/meg/sub-05_ses-03_task-MotorImageryRest_run-01_channels.tsv	19989	1020	False	03360556
sub-05/ses-03/meg/sub-05_ses-03_task-MotorImageryRest_run-06_channels.tsv	19989	1020	False	03360556
sub-05/ses-03/meg/sub-05_ses-03_task-MotorImageryRest_run-01_meg.fif	71816511	67055117	False	44227f46
sub-05/ses-03/meg/sub-05_ses-03_task-MotorImageryRest_run-05_events.tsv	721	321	False	d3882de2
sub-05/ses-03/meg/sub-05_ses-03_task-MotorImageryRest_run-01_events.json	767	336	False	95434a42
sub-05/ses-03/meg/sub-05_ses-03_task-MotorImageryRest_run-03_meg.fif	71310999	66604012	False	035a456a
sub-05/ses-03/meg/sub-05_ses-03_task-MotorImageryRest_run-04_events.json	767	336	False	95434a42
sub-05/ses-03/meg/sub-05_ses-03_task-MotorImageryRest_run-02_meg.fif	71842215	67014600	False	1b3b8f3f
sub-05/ses-03/meg/sub-05_ses-03_task-MotorImageryRest_run-05_meg.json	688	305	False	1145c3a1
sub-05/ses-03/meg/sub-05_ses-03_task-MotorImageryRest_run-04_meg.json	689	305	False	b7d1c426
sub-05/ses-03/meg/sub-05_ses-03_coordsystem.json	2188	454	False	14ee7fd1
sub-05/ses-03/meg/sub-05_ses-03_task-MotorImageryRest_run-03_events.json	767	336	False	95434a42
sub-05/ses-03/meg/sub-05_ses-03_task-MotorImageryRest_run-03_events.tsv	719	319	False	94874585
sub-05/ses-03/meg/sub-05_ses-03_task-rest_run-02_meg.fif	56399796	52650133	False	54332357
sub-05/ses-03/meg/sub-05_ses-03_task-MotorImageryRest_run-06_meg.fif	70454199	65795737	False	e813ae37
sub-05/ses-03/meg/sub-05_ses-03_task-MotorImageryRest_run-06_events.json	767	336	False	95434a42
sub-05/ses-03/meg/sub-05_ses-03_task-MotorImageryRest_run-06_events.tsv	717	316	False	69c8d5ee
sub-05/ses-03/meg/sub-05_ses-03_task-MotorImageryRest_run-01_meg.json	687	303	False	170f3651
sub-05/ses-03/meg/sub-05_ses-03_task-rest_run-02_meg.json	700	317	False	ad0ada0c
sub-05/ses-03/meg/sub-05_ses-03_task-MotorImageryRest_run-06_meg.json	689	307	False	a1cefc2e
sub-05/ses-03/meg/sub-05_ses-03_task-MotorImageryRest_run-04_meg.fif	70599859	65945046	False	fd49b299
sub-05/ses-03/meg/sub-05_ses-03_task-rest_run-01_meg.fif	55481792	51782350	False	afde78ec
sub-05/ses-03/meg/sub-05_ses-03_task-rest_run-01_channels.tsv	27945	1088	False	48ee8ca0
sub-05/ses-03/meg/sub-05_ses-03_task-MotorImageryRest_run-04_channels.tsv	19989	1020	False	03360556
sub-05/ses-03/meg/sub-05_ses-03_task-MotorImageryRest_run-05_events.json	767	336	False	95434a42
sub-05/ses-03/meg/sub-05_ses-03_task-MotorImageryRest_run-03_channels.tsv	19989	1020	False	03360556
sub-05/ses-03/meg/sub-05_ses-03_task-MotorImageryRest_run-01_events.tsv	723	323	False	7dba671b
sub-05/ses-03/meg/sub-05_ses-03_task-MotorImageryRest_run-04_events.tsv	713	320	False	feed21e4
sub-05/ses-03/meg/sub-05_ses-03_task-MotorImageryRest_run-02_channels.tsv	19989	1020	False	03360556
sub-05/ses-03/meg/sub-05_ses-03_task-MotorImageryRest_run-05_channels.tsv	19989	1020	False	03360556
sub-05/ses-03/meg/sub-05_ses-03_task-MotorImageryRest_run-05_meg.fif	70788351	66078019	False	5fd2eaec
sub-05/ses-03/eeg/sub-05_ses-03_task-rest_run-02_channels.tsv	6285	368	False	c63f781e
sub-05/ses-03/eeg/sub-05_ses-03_task-MotorImageryRest_run-04_eeg.json	486	232	False	35f5886b
sub-05/ses-03/eeg/sub-05_ses-03_task-MotorImageryRest_run-05_eeg.json	485	231	False	0b26cdad
sub-05/ses-03/eeg/sub-05_ses-03_task-MotorImageryRest_run-06_eeg.vhdr	2012	798	False	897258bd
sub-05/ses-03/eeg/sub-05_ses-03_task-MotorImageryRest_run-06_eeg.vmrk	1447	601	False	9d0717d6
sub-05/ses-03/eeg/sub-05_ses-03_task-MotorImageryRest_run-02_events.json	767	336	False	95434a42
sub-05/ses-03/eeg/sub-05_ses-03_task-MotorImageryRest_run-02_events.tsv	721	323	False	6a41fb68
sub-05/ses-03/eeg/sub-05_ses-03_task-MotorImageryRest_run-01_channels.tsv	4361	330	False	f53f1e18
sub-05/ses-03/eeg/sub-05_ses-03_task-MotorImageryRest_run-01_eeg.eeg	17338496	15345280	False	fdcdc1c5
sub-05/ses-03/eeg/sub-05_ses-03_task-MotorImageryRest_run-06_channels.tsv	4361	330	False	f53f1e18
sub-05/ses-03/eeg/sub-05_ses-03_task-MotorImageryRest_run-01_eeg.vmrk	1447	595	False	a5d6e675
sub-05/ses-03/eeg/sub-05_ses-03_task-MotorImageryRest_run-01_eeg.vhdr	2012	798	False	cedeec92
sub-05/ses-03/eeg/sub-05_ses-03_space-CapTrak_coordsystem.json	945	378	False	bc0d5717
sub-05/ses-03/eeg/sub-05_ses-03_task-MotorImageryRest_run-05_events.tsv	721	321	False	d3882de2
sub-05/ses-03/eeg/sub-05_ses-03_task-MotorImageryRest_run-01_events.json	767	336	False	95434a42
sub-05/ses-03/eeg/sub-05_ses-03_task-MotorImageryRest_run-03_eeg.eeg	17216248	15220069	False	19c8cc7c
sub-05/ses-03/eeg/sub-05_ses-03_task-rest_run-02_eeg.vmrk	521	336	False	2d101ee0
sub-05/ses-03/eeg/sub-05_ses-03_task-rest_run-02_eeg.vhdr	1999	794	False	6582549e
sub-05/ses-03/eeg/sub-05_ses-03_task-MotorImageryRest_run-04_events.json	767	336	False	95434a42
sub-05/ses-03/eeg/sub-05_ses-03_task-rest_run-01_eeg.json	498	245	False	de9ae988
sub-05/ses-03/eeg/sub-05_ses-03_task-MotorImageryRest_run-02_eeg.eeg	17344712	15327008	False	13d9dcb6
sub-05/ses-03/eeg/sub-05_ses-03_task-MotorImageryRest_run-03_eeg.json	486	232	False	e8e1536e
sub-05/ses-03/eeg/sub-05_ses-03_task-MotorImageryRest_run-02_eeg.json	486	232	False	35edd87e
sub-05/ses-03/eeg/sub-05_ses-03_task-MotorImageryRest_run-05_eeg.vhdr	2012	797	False	e29e706d
sub-05/ses-03/eeg/sub-05_ses-03_task-MotorImageryRest_run-04_eeg.vhdr	2012	798	False	72ea95e2
sub-05/ses-03/eeg/sub-05_ses-03_task-MotorImageryRest_run-03_events.json	767	336	False	95434a42
sub-05/ses-03/eeg/sub-05_ses-03_task-MotorImageryRest_run-05_eeg.vmrk	1447	598	False	39236a58
sub-05/ses-03/eeg/sub-05_ses-03_task-MotorImageryRest_run-03_events.tsv	719	319	False	94874585
sub-05/ses-03/eeg/sub-05_ses-03_task-MotorImageryRest_run-04_eeg.vmrk	1447	598	False	c5a1bd4f
sub-05/ses-03/eeg/sub-05_ses-03_task-rest_run-02_eeg.eeg	13610376	12046388	False	74231d6e
sub-05/ses-03/eeg/sub-05_ses-03_task-MotorImageryRest_run-06_eeg.eeg	17009048	14998172	False	33314573
sub-05/ses-03/eeg/sub-05_ses-03_task-MotorImageryRest_run-06_events.json	767	336	False	95434a42
sub-05/ses-03/eeg/sub-05_ses-03_task-MotorImageryRest_run-06_events.tsv	717	316	False	69c8d5ee
sub-05/ses-03/eeg/sub-05_ses-03_task-MotorImageryRest_run-06_eeg.json	486	232	False	964b4dc3
sub-05/ses-03/eeg/sub-05_ses-03_task-MotorImageryRest_run-04_eeg.eeg	17044272	15033147	False	a747689e
sub-05/ses-03/eeg/sub-05_ses-03_task-rest_run-01_eeg.eeg	13388376	11840114	False	ae54fc0c
sub-05/ses-03/eeg/sub-05_ses-03_task-MotorImageryRest_run-01_eeg.json	484	230	False	2cefdc9a
sub-05/ses-03/eeg/sub-05_ses-03_task-rest_run-01_channels.tsv	6285	368	False	c63f781e
sub-05/ses-03/eeg/sub-05_ses-03_task-rest_run-02_eeg.json	497	244	False	fc651a46
sub-05/ses-03/eeg/sub-05_ses-03_task-MotorImageryRest_run-04_channels.tsv	4361	330	False	f53f1e18
sub-05/ses-03/eeg/sub-05_ses-03_task-MotorImageryRest_run-05_events.json	767	336	False	95434a42
sub-05/ses-03/eeg/sub-05_ses-03_task-MotorImageryRest_run-03_channels.tsv	4361	330	False	f53f1e18
sub-05/ses-03/eeg/sub-05_ses-03_task-MotorImageryRest_run-01_events.tsv	723	323	False	7dba671b
sub-05/ses-03/eeg/sub-05_ses-03_task-rest_run-01_eeg.vmrk	521	336	False	2eca00d2
sub-05/ses-03/eeg/sub-05_ses-03_task-rest_run-01_eeg.vhdr	1999	796	False	bc677ef2
sub-05/ses-03/eeg/sub-05_ses-03_task-MotorImageryRest_run-04_events.tsv	713	320	False	feed21e4
sub-05/ses-03/eeg/sub-05_ses-03_task-MotorImageryRest_run-02_channels.tsv	4361	330	False	f53f1e18
sub-05/ses-03/eeg/sub-05_ses-03_space-CapTrak_electrodes.tsv	5156	2441	False	872edc15
sub-05/ses-03/eeg/sub-05_ses-03_task-MotorImageryRest_run-02_eeg.vmrk	1447	601	False	ac190df2
sub-05/ses-03/eeg/sub-05_ses-03_task-MotorImageryRest_run-03_eeg.vmrk	1447	597	False	36023a00
sub-05/ses-03/eeg/sub-05_ses-03_task-MotorImageryRest_run-05_channels.tsv	4361	330	False	f53f1e18
sub-05/ses-03/eeg/sub-05_ses-03_task-MotorImageryRest_run-02_eeg.vhdr	2012	798	False	a532c442
sub-05/ses-03/eeg/sub-05_ses-03_task-MotorImageryRest_run-03_eeg.vhdr	2012	796	False	354621cd
sub-05/ses-03/eeg/sub-05_ses-03_task-MotorImageryRest_run-05_eeg.eeg	17089856	15043296	False	eec34fc3
sub-05/ses-01/meg/sub-05_ses-01_task-MotorImageryRest_run-02_events.tsv	720	321	False	36f57d2f
sub-05/ses-01/meg/sub-05_ses-01_task-MotorImageryRest_run-05_events.json	767	336	False	95434a42
sub-05/ses-01/meg/sub-05_ses-01_task-MotorImageryRest_run-05_meg.fif	70411863	65682864	False	3668f92d
sub-05/ses-01/meg/sub-05_ses-01_task-rest_run-01_meg.fif	55691600	51983681	False	87615e76
sub-05/ses-01/meg/sub-05_ses-01_coordsystem.json	2238	474	False	914bce45
sub-05/ses-01/meg/sub-05_ses-01_task-MotorImageryRest_run-03_meg.json	689	306	False	71639722
sub-05/ses-01/meg/sub-05_ses-01_task-MotorImageryRest_run-02_meg.json	689	306	False	e0955b84
sub-05/ses-01/meg/sub-05_ses-01_task-MotorImageryRest_run-04_meg.fif	71868413	67033678	False	e9ac76e7
sub-05/ses-01/meg/sub-05_ses-01_task-rest_run-02_meg.fif	95481392	89069689	False	24d8fb1d
sub-05/ses-01/meg/sub-05_ses-01_task-MotorImageryRest_run-03_events.json	767	336	False	95434a42
sub-05/ses-01/meg/sub-05_ses-01_task-MotorImageryRest_run-06_meg.fif	70651767	65922999	False	7eb123ab
sub-05/ses-01/meg/sub-05_ses-01_task-rest_run-01_meg.json	677	295	False	bc59b894
sub-05/ses-01/meg/sub-05_ses-01_task-MotorImageryRest_run-04_channels.tsv	19989	1020	False	03360556
sub-05/ses-01/meg/sub-05_ses-01_task-MotorImageryRest_run-03_channels.tsv	19989	1020	False	03360556
sub-05/ses-01/meg/sub-05_ses-01_task-MotorImageryRest_run-02_channels.tsv	19989	1020	False	03360556
sub-05/ses-01/meg/sub-05_ses-01_task-MotorImageryRest_run-05_channels.tsv	19989	1020	False	03360556
sub-05/ses-01/meg/sub-05_ses-01_task-MotorImageryRest_run-06_events.json	767	336	False	95434a42
sub-05/ses-01/meg/sub-05_ses-01_task-MotorImageryRest_run-05_events.tsv	717	321	False	70029266
sub-05/ses-01/meg/sub-05_ses-01_task-rest_run-01_channels.tsv	19989	1020	False	03360556
sub-05/ses-01/meg/sub-05_ses-01_task-MotorImageryRest_run-04_meg.json	689	306	False	b17dfeec
sub-05/ses-01/meg/sub-05_ses-01_task-MotorImageryRest_run-05_meg.json	689	306	False	76077fbb
sub-05/ses-01/meg/sub-05_ses-01_task-MotorImageryRest_run-01_events.json	767	336	False	95434a42
sub-05/ses-01/meg/sub-05_ses-01_task-MotorImageryRest_run-02_meg.fif	72468183	67629192	False	034e7dc9
sub-05/ses-01/meg/sub-05_ses-01_task-MotorImageryRest_run-06_events.tsv	717	319	False	d8904145
sub-05/ses-01/meg/sub-05_ses-01_task-MotorImageryRest_run-01_meg.json	689	306	False	d36befc1
sub-05/ses-01/meg/sub-05_ses-01_task-MotorImageryRest_run-03_events.tsv	717	312	False	2934cb49
sub-05/ses-01/meg/sub-05_ses-01_task-MotorImageryRest_run-04_events.json	767	336	False	95434a42
sub-05/ses-01/meg/sub-05_ses-01_task-rest_run-02_channels.tsv	19989	1020	False	03360556
sub-05/ses-01/meg/sub-05_ses-01_task-MotorImageryRest_run-01_channels.tsv	19989	1020	False	03360556
sub-05/ses-01/meg/sub-05_ses-01_task-MotorImageryRest_run-06_channels.tsv	19989	1020	False	03360556
sub-05/ses-01/meg/sub-05_ses-01_task-MotorImageryRest_run-03_meg.fif	73127919	68270560	False	8f5f2eb3
sub-05/ses-01/meg/sub-05_ses-01_task-MotorImageryRest_run-06_meg.json	689	306	False	7296c8c9
sub-05/ses-01/meg/sub-05_ses-01_task-MotorImageryRest_run-04_events.tsv	698	313	False	5b4358dc
sub-05/ses-01/meg/sub-05_ses-01_task-MotorImageryRest_run-01_meg.fif	70257639	65582501	False	11fc75f6
sub-05/ses-01/meg/sub-05_ses-01_task-MotorImageryRest_run-01_events.tsv	720	320	False	d89465ae
sub-05/ses-01/meg/sub-05_ses-01_task-rest_run-02_meg.json	677	295	False	d31b026d
sub-05/ses-01/meg/sub-05_ses-01_task-MotorImageryRest_run-02_events.json	767	336	False	95434a42
sub-05/ses-01/eeg/sub-05_ses-01_task-MotorImageryRest_run-02_events.tsv	720	321	False	36f57d2f
sub-05/ses-01/eeg/sub-05_ses-01_task-MotorImageryRest_run-05_events.json	767	336	False	95434a42
sub-05/ses-01/eeg/sub-05_ses-01_task-MotorImageryRest_run-05_eeg.eeg	16998688	15118271	False	4428db50
sub-05/ses-01/eeg/sub-05_ses-01_task-MotorImageryRest_run-05_eeg.json	486	231	False	339d9220
sub-05/ses-01/eeg/sub-05_ses-01_task-MotorImageryRest_run-04_eeg.json	486	232	False	c4d24b00
sub-05/ses-01/eeg/sub-05_ses-01_task-rest_run-01_eeg.eeg	13438992	11867875	False	d3254e1d
sub-05/ses-01/eeg/sub-05_ses-01_task-rest_run-02_eeg.vhdr	1988	789	False	fb043e46
sub-05/ses-01/eeg/sub-05_ses-01_task-rest_run-02_eeg.vmrk	521	336	False	8d02cb3e
sub-05/ses-01/eeg/sub-05_ses-01_task-MotorImageryRest_run-04_eeg.eeg	17350928	15414984	False	b5d57b1f
sub-05/ses-01/eeg/sub-05_ses-01_task-rest_run-01_eeg.json	474	222	False	6b0e698e
sub-05/ses-01/eeg/sub-05_ses-01_task-MotorImageryRest_run-06_eeg.vmrk	1447	596	False	18c0b324
sub-05/ses-01/eeg/sub-05_ses-01_space-CapTrak_electrodes.tsv	5163	2434	False	1f972196
sub-05/ses-01/eeg/sub-05_ses-01_task-MotorImageryRest_run-06_eeg.vhdr	2012	798	False	8edba62c
sub-05/ses-01/eeg/sub-05_ses-01_task-rest_run-02_eeg.eeg	23061360	20550026	False	66191728
sub-05/ses-01/eeg/sub-05_ses-01_task-MotorImageryRest_run-06_eeg.eeg	17056704	15149230	False	8b1ad6eb
sub-05/ses-01/eeg/sub-05_ses-01_task-MotorImageryRest_run-03_events.json	767	336	False	95434a42
sub-05/ses-01/eeg/sub-05_ses-01_task-MotorImageryRest_run-01_eeg.vhdr	2012	796	False	c9771203
sub-05/ses-01/eeg/sub-05_ses-01_task-MotorImageryRest_run-01_eeg.vmrk	1446	594	False	4b4ce5b9
sub-05/ses-01/eeg/sub-05_ses-01_task-MotorImageryRest_run-04_channels.tsv	4361	330	False	f53f1e18
sub-05/ses-01/eeg/sub-05_ses-01_task-MotorImageryRest_run-03_channels.tsv	4361	330	False	f53f1e18
sub-05/ses-01/eeg/sub-05_ses-01_task-MotorImageryRest_run-02_channels.tsv	4361	330	False	f53f1e18
sub-05/ses-01/eeg/sub-05_ses-01_task-MotorImageryRest_run-05_channels.tsv	4361	330	False	f53f1e18
sub-05/ses-01/eeg/sub-05_ses-01_task-MotorImageryRest_run-06_events.json	767	336	False	95434a42
sub-05/ses-01/eeg/sub-05_ses-01_task-MotorImageryRest_run-02_eeg.json	486	232	False	541db231
sub-05/ses-01/eeg/sub-05_ses-01_task-MotorImageryRest_run-03_eeg.json	486	232	False	8c57c5b2
sub-05/ses-01/eeg/sub-05_ses-01_task-MotorImageryRest_run-05_events.tsv	717	321	False	70029266
sub-05/ses-01/eeg/sub-05_ses-01_task-rest_run-01_channels.tsv	4361	330	False	f53f1e18
sub-05/ses-01/eeg/sub-05_ses-01_task-MotorImageryRest_run-01_events.json	767	336	False	95434a42
sub-05/ses-01/eeg/sub-05_ses-01_task-MotorImageryRest_run-02_eeg.eeg	17495968	15538827	False	f557cac2
sub-05/ses-01/eeg/sub-05_ses-01_task-rest_run-02_eeg.json	474	223	False	fecbb780
sub-05/ses-01/eeg/sub-05_ses-01_task-MotorImageryRest_run-04_eeg.vmrk	1418	592	False	cb2dec86
sub-05/ses-01/eeg/sub-05_ses-01_task-MotorImageryRest_run-05_eeg.vmrk	1446	597	False	80deb062
sub-05/ses-01/eeg/sub-05_ses-01_task-MotorImageryRest_run-04_eeg.vhdr	2012	798	False	75436b73
sub-05/ses-01/eeg/sub-05_ses-01_task-MotorImageryRest_run-05_eeg.vhdr	2012	797	False	e5378efc
sub-05/ses-01/eeg/sub-05_ses-01_task-MotorImageryRest_run-06_events.tsv	717	319	False	d8904145
sub-05/ses-01/eeg/sub-05_ses-01_task-MotorImageryRest_run-06_eeg.json	486	231	False	3e330ac7
sub-05/ses-01/eeg/sub-05_ses-01_task-rest_run-01_eeg.vhdr	1988	787	False	4e12eec2
sub-05/ses-01/eeg/sub-05_ses-01_task-rest_run-01_eeg.vmrk	521	335	False	8ed8d50c
sub-05/ses-01/eeg/sub-05_ses-01_task-MotorImageryRest_run-03_events.tsv	717	312	False	2934cb49
sub-05/ses-01/eeg/sub-05_ses-01_task-MotorImageryRest_run-04_events.json	767	336	False	95434a42
sub-05/ses-01/eeg/sub-05_ses-01_task-rest_run-02_channels.tsv	4361	330	False	f53f1e18
sub-05/ses-01/eeg/sub-05_ses-01_task-MotorImageryRest_run-01_channels.tsv	4361	330	False	f53f1e18
sub-05/ses-01/eeg/sub-05_ses-01_task-MotorImageryRest_run-03_eeg.eeg	17655512	15657202	False	92992575
sub-05/ses-01/eeg/sub-05_ses-01_task-MotorImageryRest_run-06_channels.tsv	4361	330	False	f53f1e18
sub-05/ses-01/eeg/sub-05_ses-01_task-MotorImageryRest_run-01_eeg.json	486	231	False	84b01422
sub-05/ses-01/eeg/sub-05_ses-01_task-MotorImageryRest_run-04_events.tsv	698	313	False	5b4358dc
sub-05/ses-01/eeg/sub-05_ses-01_task-MotorImageryRest_run-01_eeg.eeg	16961392	15054413	False	0652a580
sub-05/ses-01/eeg/sub-05_ses-01_space-CapTrak_coordsystem.json	945	378	False	a9a4f615
sub-05/ses-01/eeg/sub-05_ses-01_task-MotorImageryRest_run-01_events.tsv	720	320	False	d89465ae
sub-05/ses-01/eeg/sub-05_ses-01_task-MotorImageryRest_run-03_eeg.vhdr	2012	798	False	32efdf5c
sub-05/ses-01/eeg/sub-05_ses-01_task-MotorImageryRest_run-02_eeg.vhdr	2012	797	False	a29b3ad3
sub-05/ses-01/eeg/sub-05_ses-01_task-MotorImageryRest_run-03_eeg.vmrk	1446	601	False	8a23ad03
sub-05/ses-01/eeg/sub-05_ses-01_task-MotorImageryRest_run-02_eeg.vmrk	1447	599	False	2f16a557
sub-05/ses-01/eeg/sub-05_ses-01_task-MotorImageryRest_run-02_events.json	767	336	False	95434a42
sub-10/	0	0	False	00000000
__MACOSX/._sub-10	220	93	False	29d7e44a
sub-10/.DS_Store	6148	349	False	8302bb78
__MACOSX/sub-10/._.DS_Store	120	53	False	38c0880b
sub-10/ses-02/	0	0	False	00000000
sub-10/ses-04/	0	0	False	00000000
sub-10/ses-03/	0	0	False	00000000
sub-10/ses-01/	0	0	False	00000000
sub-10/ses-02/.DS_Store	6148	285	False	b396c31f
__MACOSX/sub-10/ses-02/._.DS_Store	120	53	False	38c0880b
sub-10/ses-02/sub-10_ses-02_scans.tsv	1309	228	False	1b788d7f
sub-10/ses-02/meg/	0	0	False	00000000
sub-10/ses-02/eeg/	0	0	False	00000000
sub-10/ses-04/sub-10_ses-04_scans.tsv	1309	225	False	eefee78e
sub-10/ses-04/.DS_Store	6148	284	False	f278f1e4
__MACOSX/sub-10/ses-04/._.DS_Store	120	53	False	38c0880b
sub-10/ses-04/meg/	0	0	False	00000000
sub-10/ses-04/eeg/	0	0	False	00000000
sub-10/ses-03/.DS_Store	6148	280	False	9669f8ce
__MACOSX/sub-10/ses-03/._.DS_Store	120	53	False	38c0880b
sub-10/ses-03/sub-10_ses-03_scans.tsv	1309	224	False	7329b17c
sub-10/ses-03/meg/	0	0	False	00000000
sub-10/ses-03/eeg/	0	0	False	00000000
sub-10/ses-01/.DS_Store	6148	277	False	fff96ae2
__MACOSX/sub-10/ses-01/._.DS_Store	120	53	False	38c0880b
sub-10/ses-01/meg/	0	0	False	00000000
sub-10/ses-01/sub-10_ses-01_scans.tsv	1309	228	False	ad142006
sub-10/ses-01/eeg/	0	0	False	00000000
sub-10/ses-02/meg/sub-10_ses-02_task-rest_run-01_meg.fif	55178544	51429572	False	fbeda066
sub-10/ses-02/meg/sub-10_ses-02_task-MotorImageryRest_run-02_meg.json	689	306	False	6d68df28
sub-10/ses-02/meg/sub-10_ses-02_task-MotorImageryRest_run-03_meg.json	687	303	False	798422ad
sub-10/ses-02/meg/sub-10_ses-02_task-MotorImageryRest_run-04_meg.fif	69641767	64988341	False	320014a5
sub-10/ses-02/meg/sub-10_ses-02_task-rest_run-01_meg.json	701	320	False	6122b60f
sub-10/ses-02/meg/sub-10_ses-02_task-MotorImageryRest_run-02_events.tsv	716	325	False	a6e0edbe
sub-10/ses-02/meg/sub-10_ses-02_task-MotorImageryRest_run-05_meg.fif	70669927	65922609	False	e5ce5eb2
sub-10/ses-02/meg/sub-10_ses-02_coordsystem.json	2244	488	False	0c46919b
sub-10/ses-02/meg/sub-10_ses-02_task-MotorImageryRest_run-02_events.json	767	336	False	95434a42
sub-10/ses-02/meg/sub-10_ses-02_task-MotorImageryRest_run-01_events.json	767	336	False	95434a42
sub-10/ses-02/meg/sub-10_ses-02_task-MotorImageryRest_run-05_channels.tsv	19989	1020	False	03360556
sub-10/ses-02/meg/sub-10_ses-02_task-MotorImageryRest_run-02_channels.tsv	19989	1020	False	03360556
sub-10/ses-02/meg/sub-10_ses-02_task-rest_run-02_meg.fif	57074520	53205154	False	c32d7dc0
sub-10/ses-02/meg/sub-10_ses-02_task-MotorImageryRest_run-05_events.tsv	720	317	False	14d431f1
sub-10/ses-02/meg/sub-10_ses-02_task-MotorImageryRest_run-05_meg.json	689	306	False	99da3113
sub-10/ses-02/meg/sub-10_ses-02_task-MotorImageryRest_run-04_meg.json	689	306	False	18df2342
sub-10/ses-02/meg/sub-10_ses-02_task-rest_run-01_channels.tsv	27945	1088	False	48ee8ca0
sub-10/ses-02/meg/sub-10_ses-02_task-MotorImageryRest_run-03_channels.tsv	19989	1020	False	03360556
sub-10/ses-02/meg/sub-10_ses-02_task-MotorImageryRest_run-06_meg.fif	70498567	65783510	False	355adc1b
sub-10/ses-02/meg/sub-10_ses-02_task-MotorImageryRest_run-04_channels.tsv	19989	1020	False	03360556
sub-10/ses-02/meg/sub-10_ses-02_task-MotorImageryRest_run-04_events.json	767	336	False	95434a42
sub-10/ses-02/meg/sub-10_ses-02_task-MotorImageryRest_run-03_events.tsv	718	316	False	846b7794
sub-10/ses-02/meg/sub-10_ses-02_task-MotorImageryRest_run-03_meg.fif	70318643	65630595	False	af9a603f
sub-10/ses-02/meg/sub-10_ses-02_task-MotorImageryRest_run-03_events.json	767	336	False	95434a42
sub-10/ses-02/meg/sub-10_ses-02_task-MotorImageryRest_run-06_channels.tsv	19989	1020	False	03360556
sub-10/ses-02/meg/sub-10_ses-02_task-MotorImageryRest_run-01_channels.tsv	19989	1020	False	03360556
sub-10/ses-02/meg/sub-10_ses-02_task-MotorImageryRest_run-01_meg.json	689	306	False	a2738fc0
sub-10/ses-02/meg/sub-10_ses-02_task-rest_run-02_meg.json	700	319	False	2f4208ec
sub-10/ses-02/meg/sub-10_ses-02_task-MotorImageryRest_run-06_events.tsv	721	314	False	b56be928
sub-10/ses-02/meg/sub-10_ses-02_task-MotorImageryRest_run-02_meg.fif	70815583	66054533	False	734fc0f5
sub-10/ses-02/meg/sub-10_ses-02_task-MotorImageryRest_run-06_events.json	767	336	False	95434a42
sub-10/ses-02/meg/sub-10_ses-02_task-rest_run-02_channels.tsv	27945	1088	False	48ee8ca0
sub-10/ses-02/meg/sub-10_ses-02_task-MotorImageryRest_run-06_meg.json	689	306	False	82bfc0ae
sub-10/ses-02/meg/sub-10_ses-02_task-MotorImageryRest_run-05_events.json	767	336	False	95434a42
sub-10/ses-02/meg/sub-10_ses-02_task-MotorImageryRest_run-01_events.tsv	717	318	False	5e60bf2c
sub-10/ses-02/meg/sub-10_ses-02_task-MotorImageryRest_run-01_meg.fif	69024871	64401002	False	a6ce1419
sub-10/ses-02/meg/sub-10_ses-02_task-MotorImageryRest_run-04_events.tsv	718	316	False	9de8d79a
sub-10/ses-02/eeg/sub-10_ses-02_task-rest_run-01_eeg.eeg	13314672	11602020	False	3a5119f1
sub-10/ses-02/eeg/sub-10_ses-02_task-MotorImageryRest_run-04_eeg.json	486	232	False	694ca4aa
sub-10/ses-02/eeg/sub-10_ses-02_task-MotorImageryRest_run-05_eeg.json	486	231	False	13ea35f1
sub-10/ses-02/eeg/sub-10_ses-02_task-MotorImageryRest_run-04_eeg.eeg	16812208	14571644	False	a1e142fc
sub-10/ses-02/eeg/sub-10_ses-02_task-MotorImageryRest_run-02_events.tsv	716	325	False	a6e0edbe
sub-10/ses-02/eeg/sub-10_ses-02_task-MotorImageryRest_run-06_eeg.vmrk	1447	594	False	c426bfef
sub-10/ses-02/eeg/sub-10_ses-02_task-MotorImageryRest_run-06_eeg.vhdr	2012	797	False	df2f775b
sub-10/ses-02/eeg/sub-10_ses-02_task-MotorImageryRest_run-05_eeg.eeg	17060848	14835710	False	cace7827
sub-10/ses-02/eeg/sub-10_ses-02_task-MotorImageryRest_run-02_events.json	767	336	False	95434a42
sub-10/ses-02/eeg/sub-10_ses-02_task-MotorImageryRest_run-01_eeg.vhdr	2012	797	False	9883c374
sub-10/ses-02/eeg/sub-10_ses-02_task-MotorImageryRest_run-01_eeg.vmrk	1446	593	False	17c454ae
sub-10/ses-02/eeg/sub-10_ses-02_task-MotorImageryRest_run-01_events.json	767	336	False	95434a42
sub-10/ses-02/eeg/sub-10_ses-02_task-rest_run-02_eeg.vmrk	521	334	False	8a500ffc
sub-10/ses-02/eeg/sub-10_ses-02_task-rest_run-02_eeg.vhdr	1999	793	False	bca6d471
sub-10/ses-02/eeg/sub-10_ses-02_space-CapTrak_electrodes.tsv	5158	2457	False	0facfb48
sub-10/ses-02/eeg/sub-10_ses-02_task-rest_run-02_eeg.eeg	13773176	12142854	False	fa60b0de
sub-10/ses-02/eeg/sub-10_ses-02_task-MotorImageryRest_run-05_channels.tsv	4361	330	False	f53f1e18
sub-10/ses-02/eeg/sub-10_ses-02_task-MotorImageryRest_run-02_channels.tsv	4361	330	False	f53f1e18
sub-10/ses-02/eeg/sub-10_ses-02_task-MotorImageryRest_run-05_events.tsv	720	317	False	14d431f1
sub-10/ses-02/eeg/sub-10_ses-02_task-rest_run-01_eeg.json	498	245	False	edcd28c0
sub-10/ses-02/eeg/sub-10_ses-02_task-rest_run-01_channels.tsv	6285	368	False	c63f781e
sub-10/ses-02/eeg/sub-10_ses-02_task-MotorImageryRest_run-03_eeg.json	484	229	False	e9a0fbbc
sub-10/ses-02/eeg/sub-10_ses-02_task-MotorImageryRest_run-02_eeg.json	486	232	False	2f848266
sub-10/ses-02/eeg/sub-10_ses-02_task-MotorImageryRest_run-03_channels.tsv	4361	330	False	f53f1e18
sub-10/ses-02/eeg/sub-10_ses-02_task-MotorImageryRest_run-04_channels.tsv	4361	330	False	f53f1e18
sub-10/ses-02/eeg/sub-10_ses-02_task-MotorImageryRest_run-04_events.json	767	336	False	95434a42
sub-10/ses-02/eeg/sub-10_ses-02_task-MotorImageryRest_run-06_eeg.eeg	17019408	14871227	False	74a02c27
sub-10/ses-02/eeg/sub-10_ses-02_task-MotorImageryRest_run-03_events.tsv	718	316	False	846b7794
sub-10/ses-02/eeg/sub-10_ses-02_task-MotorImageryRest_run-03_eeg.eeg	16975896	14803759	False	658ded3f
sub-10/ses-02/eeg/sub-10_ses-02_task-MotorImageryRest_run-03_events.json	767	336	False	95434a42
sub-10/ses-02/eeg/sub-10_ses-02_task-MotorImageryRest_run-05_eeg.vmrk	1446	597	False	7fcfd5c2
sub-10/ses-02/eeg/sub-10_ses-02_task-MotorImageryRest_run-04_eeg.vmrk	1446	593	False	a7eb1c81
sub-10/ses-02/eeg/sub-10_ses-02_task-MotorImageryRest_run-05_eeg.vhdr	2012	797	False	b4c35f8b
sub-10/ses-02/eeg/sub-10_ses-02_task-MotorImageryRest_run-04_eeg.vhdr	2012	797	False	24b7ba04
sub-10/ses-02/eeg/sub-10_ses-02_task-MotorImageryRest_run-06_channels.tsv	4361	330	False	f53f1e18
sub-10/ses-02/eeg/sub-10_ses-02_task-MotorImageryRest_run-01_channels.tsv	4361	330	False	f53f1e18
sub-10/ses-02/eeg/sub-10_ses-02_task-MotorImageryRest_run-06_eeg.json	486	232	False	6ff72d0a
sub-10/ses-02/eeg/sub-10_ses-02_task-MotorImageryRest_run-02_eeg.eeg	17096072	14979533	False	c4d3cac7
sub-10/ses-02/eeg/sub-10_ses-02_task-MotorImageryRest_run-06_events.tsv	721	314	False	b56be928
sub-10/ses-02/eeg/sub-10_ses-02_task-MotorImageryRest_run-06_events.json	767	336	False	95434a42
sub-10/ses-02/eeg/sub-10_ses-02_task-rest_run-02_channels.tsv	6285	368	False	c63f781e
sub-10/ses-02/eeg/sub-10_ses-02_task-rest_run-02_eeg.json	497	243	False	aa4c2993
sub-10/ses-02/eeg/sub-10_ses-02_task-MotorImageryRest_run-05_events.json	767	336	False	95434a42
sub-10/ses-02/eeg/sub-10_ses-02_task-MotorImageryRest_run-01_events.tsv	717	318	False	5e60bf2c
sub-10/ses-02/eeg/sub-10_ses-02_task-MotorImageryRest_run-01_eeg.json	486	231	False	8a283a08
sub-10/ses-02/eeg/sub-10_ses-02_task-MotorImageryRest_run-01_eeg.eeg	16663024	14537439	False	4b85bbc0
sub-10/ses-02/eeg/sub-10_ses-02_space-CapTrak_coordsystem.json	945	378	False	c36b40b0
sub-10/ses-02/eeg/sub-10_ses-02_task-MotorImageryRest_run-02_eeg.vhdr	2012	796	False	f36feba4
sub-10/ses-02/eeg/sub-10_ses-02_task-MotorImageryRest_run-03_eeg.vhdr	2012	798	False	631b0e2b
sub-10/ses-02/eeg/sub-10_ses-02_task-MotorImageryRest_run-02_eeg.vmrk	1446	591	False	7d00790e
sub-10/ses-02/eeg/sub-10_ses-02_task-MotorImageryRest_run-03_eeg.vmrk	1446	596	False	64faba34
sub-10/ses-02/eeg/sub-10_ses-02_task-rest_run-01_eeg.vmrk	521	335	False	898a11ce
sub-10/ses-02/eeg/sub-10_ses-02_task-rest_run-01_eeg.vhdr	1999	795	False	6543fe1d
sub-10/ses-02/eeg/sub-10_ses-02_task-MotorImageryRest_run-04_events.tsv	718	316	False	9de8d79a
sub-10/ses-04/meg/sub-10_ses-04_task-MotorImageryRest_run-05_meg.fif	71101679	66339462	False	2c699e92
sub-10/ses-04/meg/sub-10_ses-04_task-MotorImageryRest_run-03_meg.json	689	306	False	9278646e
sub-10/ses-04/meg/sub-10_ses-04_task-MotorImageryRest_run-02_meg.json	689	306	False	5b6834da
sub-10/ses-04/meg/sub-10_ses-04_task-rest_run-01_channels.tsv	27945	1088	False	48ee8ca0
sub-10/ses-04/meg/sub-10_ses-04_task-MotorImageryRest_run-05_events.json	767	336	False	95434a42
sub-10/ses-04/meg/sub-10_ses-04_task-MotorImageryRest_run-05_events.tsv	715	317	False	bc64d8f5
sub-10/ses-04/meg/sub-10_ses-04_task-MotorImageryRest_run-04_meg.fif	74948707	69874398	False	f50e6321
sub-10/ses-04/meg/sub-10_ses-04_task-MotorImageryRest_run-03_events.json	767	336	False	95434a42
sub-10/ses-04/meg/sub-10_ses-04_task-MotorImageryRest_run-04_channels.tsv	19989	1020	False	03360556
sub-10/ses-04/meg/sub-10_ses-04_task-MotorImageryRest_run-03_channels.tsv	19989	1020	False	03360556
sub-10/ses-04/meg/sub-10_ses-04_task-MotorImageryRest_run-06_meg.fif	70304851	65593767	False	7ae21a6d
sub-10/ses-04/meg/sub-10_ses-04_task-MotorImageryRest_run-02_events.tsv	719	319	False	58b38d1d
sub-10/ses-04/meg/sub-10_ses-04_task-MotorImageryRest_run-02_channels.tsv	19989	1020	False	03360556
sub-10/ses-04/meg/sub-10_ses-04_task-MotorImageryRest_run-05_channels.tsv	19989	1020	False	03360556
sub-10/ses-04/meg/sub-10_ses-04_task-rest_run-02_meg.json	701	318	False	4352b646
sub-10/ses-04/meg/sub-10_ses-04_task-MotorImageryRest_run-04_meg.json	688	305	False	21d0116b
sub-10/ses-04/meg/sub-10_ses-04_task-MotorImageryRest_run-05_meg.json	689	307	False	ed80857d
sub-10/ses-04/meg/sub-10_ses-04_task-MotorImageryRest_run-06_events.json	767	336	False	95434a42
sub-10/ses-04/meg/sub-10_ses-04_task-rest_run-02_meg.fif	56349592	52523074	False	60f65c3c
sub-10/ses-04/meg/sub-10_ses-04_task-MotorImageryRest_run-01_events.json	767	336	False	95434a42
sub-10/ses-04/meg/sub-10_ses-04_task-MotorImageryRest_run-01_events.tsv	722	321	False	e01613a6
sub-10/ses-04/meg/sub-10_ses-04_coordsystem.json	2276	471	False	a6a89a4b
sub-10/ses-04/meg/sub-10_ses-04_task-MotorImageryRest_run-02_meg.fif	69970699	65319957	False	c05ce94a
sub-10/ses-04/meg/sub-10_ses-04_task-MotorImageryRest_run-01_channels.tsv	19989	1020	False	03360556
sub-10/ses-04/meg/sub-10_ses-04_task-MotorImageryRest_run-06_channels.tsv	19989	1020	False	03360556
sub-10/ses-04/meg/sub-10_ses-04_task-MotorImageryRest_run-03_meg.fif	71315875	66507545	False	5f458618
sub-10/ses-04/meg/sub-10_ses-04_task-MotorImageryRest_run-04_events.json	767	336	False	95434a42
sub-10/ses-04/meg/sub-10_ses-04_task-MotorImageryRest_run-04_events.tsv	717	320	False	9d75faae
sub-10/ses-04/meg/sub-10_ses-04_task-MotorImageryRest_run-01_meg.json	689	306	False	5ef32d0f
sub-10/ses-04/meg/sub-10_ses-04_task-rest_run-02_channels.tsv	27945	1088	False	48ee8ca0
sub-10/ses-04/meg/sub-10_ses-04_task-MotorImageryRest_run-03_events.tsv	718	318	False	5efa1606
sub-10/ses-04/meg/sub-10_ses-04_task-MotorImageryRest_run-01_meg.fif	70116355	65406728	False	d25ba181
sub-10/ses-04/meg/sub-10_ses-04_task-rest_run-01_meg.fif	57628672	53743815	False	6043557b
sub-10/ses-04/meg/sub-10_ses-04_task-rest_run-01_meg.json	701	320	False	06dc3422
sub-10/ses-04/meg/sub-10_ses-04_task-MotorImageryRest_run-06_meg.json	689	306	False	024e8aab
sub-10/ses-04/meg/sub-10_ses-04_task-MotorImageryRest_run-06_events.tsv	718	321	False	f753be61
sub-10/ses-04/meg/sub-10_ses-04_task-MotorImageryRest_run-02_events.json	767	336	False	95434a42
sub-10/ses-04/eeg/sub-10_ses-04_task-rest_run-02_eeg.json	498	244	False	1069b37d
sub-10/ses-04/eeg/sub-10_ses-04_task-MotorImageryRest_run-05_eeg.json	486	232	False	82d1ae32
sub-10/ses-04/eeg/sub-10_ses-04_task-MotorImageryRest_run-04_eeg.json	485	230	False	5ebafab6
sub-10/ses-04/eeg/sub-10_ses-04_task-MotorImageryRest_run-05_eeg.eeg	17164448	15040932	False	58a3ff99
sub-10/ses-04/eeg/sub-10_ses-04_task-rest_run-01_channels.tsv	6285	368	False	c63f781e
sub-10/ses-04/eeg/sub-10_ses-04_task-MotorImageryRest_run-05_events.json	767	336	False	95434a42
sub-10/ses-04/eeg/sub-10_ses-04_task-MotorImageryRest_run-05_events.tsv	715	317	False	bc64d8f5
sub-10/ses-04/eeg/sub-10_ses-04_task-MotorImageryRest_run-04_eeg.eeg	18094776	15883460	False	d57110a2
sub-10/ses-04/eeg/sub-10_ses-04_task-MotorImageryRest_run-06_eeg.vmrk	1447	588	False	fd2ad583
sub-10/ses-04/eeg/sub-10_ses-04_task-MotorImageryRest_run-06_eeg.vhdr	2012	798	False	d7d574e8
sub-10/ses-04/eeg/sub-10_ses-04_task-rest_run-01_eeg.vhdr	1999	796	False	0581a3d9
sub-10/ses-04/eeg/sub-10_ses-04_space-CapTrak_electrodes.tsv	5143	2435	False	5440ed09
sub-10/ses-04/eeg/sub-10_ses-04_task-rest_run-01_eeg.vmrk	521	335	False	b2cc69ed
sub-10/ses-04/eeg/sub-10_ses-04_task-MotorImageryRest_run-03_events.json	767	336	False	95434a42
sub-10/ses-04/eeg/sub-10_ses-04_task-MotorImageryRest_run-04_channels.tsv	4361	330	False	f53f1e18
sub-10/ses-04/eeg/sub-10_ses-04_task-MotorImageryRest_run-03_channels.tsv	4361	330	False	f53f1e18
sub-10/ses-04/eeg/sub-10_ses-04_task-MotorImageryRest_run-06_eeg.eeg	16971752	14802040	False	aa8dba86
sub-10/ses-04/eeg/sub-10_ses-04_task-MotorImageryRest_run-01_eeg.vhdr	2012	798	False	9079c0c7
sub-10/ses-04/eeg/sub-10_ses-04_task-MotorImageryRest_run-01_eeg.vmrk	1447	594	False	c5fa5d90
sub-10/ses-04/eeg/sub-10_ses-04_task-MotorImageryRest_run-02_events.tsv	719	319	False	58b38d1d
sub-10/ses-04/eeg/sub-10_ses-04_task-MotorImageryRest_run-02_channels.tsv	4361	330	False	f53f1e18
sub-10/ses-04/eeg/sub-10_ses-04_task-MotorImageryRest_run-05_channels.tsv	4361	330	False	f53f1e18
sub-10/ses-04/eeg/sub-10_ses-04_task-MotorImageryRest_run-02_eeg.json	486	231	False	59a42af9
sub-10/ses-04/eeg/sub-10_ses-04_task-MotorImageryRest_run-03_eeg.json	486	232	False	e8e1536e
sub-10/ses-04/eeg/sub-10_ses-04_task-MotorImageryRest_run-06_events.json	767	336	False	95434a42
sub-10/ses-04/eeg/sub-10_ses-04_task-rest_run-02_eeg.eeg	13597056	11930259	False	b47bf0cc
sub-10/ses-04/eeg/sub-10_ses-04_task-MotorImageryRest_run-01_events.json	767	336	False	95434a42
sub-10/ses-04/eeg/sub-10_ses-04_task-MotorImageryRest_run-04_eeg.vmrk	1448	596	False	bb0e3bc0
sub-10/ses-04/eeg/sub-10_ses-04_task-MotorImageryRest_run-05_eeg.vmrk	1447	591	False	09bb4d00
sub-10/ses-04/eeg/sub-10_ses-04_task-MotorImageryRest_run-04_eeg.vhdr	2012	796	False	2c4db9b7
sub-10/ses-04/eeg/sub-10_ses-04_task-MotorImageryRest_run-05_eeg.vhdr	2012	798	False	bc395c38
sub-10/ses-04/eeg/sub-10_ses-04_task-rest_run-02_eeg.vhdr	1999	795	False	dc6489b5
sub-10/ses-04/eeg/sub-10_ses-04_task-MotorImageryRest_run-01_events.tsv	722	321	False	e01613a6
sub-10/ses-04/eeg/sub-10_ses-04_task-rest_run-02_eeg.vmrk	521	336	False	b11677df
sub-10/ses-04/eeg/sub-10_ses-04_task-MotorImageryRest_run-02_eeg.eeg	16890944	14728633	False	6f93880b
sub-10/ses-04/eeg/sub-10_ses-04_task-MotorImageryRest_run-01_channels.tsv	4361	330	False	f53f1e18
sub-10/ses-04/eeg/sub-10_ses-04_task-MotorImageryRest_run-03_eeg.eeg	17216248	15030389	False	015f9cda
sub-10/ses-04/eeg/sub-10_ses-04_task-MotorImageryRest_run-06_channels.tsv	4361	330	False	f53f1e18
sub-10/ses-04/eeg/sub-10_ses-04_task-rest_run-01_eeg.json	498	244	False	18422b46
sub-10/ses-04/eeg/sub-10_ses-04_task-MotorImageryRest_run-06_eeg.json	486	232	False	2034e8b1
sub-10/ses-04/eeg/sub-10_ses-04_task-MotorImageryRest_run-04_events.json	767	336	False	95434a42
sub-10/ses-04/eeg/sub-10_ses-04_task-MotorImageryRest_run-04_events.tsv	717	320	False	9d75faae
sub-10/ses-04/eeg/sub-10_ses-04_task-rest_run-02_channels.tsv	6285	368	False	c63f781e
sub-10/ses-04/eeg/sub-10_ses-04_task-MotorImageryRest_run-03_events.tsv	718	318	False	5efa1606
sub-10/ses-04/eeg/sub-10_ses-04_task-MotorImageryRest_run-01_eeg.eeg	16926168	14708309	False	97fbe090
sub-10/ses-04/eeg/sub-10_ses-04_task-MotorImageryRest_run-01_eeg.json	486	231	False	9642ed98
sub-10/ses-04/eeg/sub-10_ses-04_task-rest_run-01_eeg.eeg	13906376	12119185	False	be1d6f44
sub-10/ses-04/eeg/sub-10_ses-04_task-MotorImageryRest_run-03_eeg.vhdr	2012	798	False	6be10d98
sub-10/ses-04/eeg/sub-10_ses-04_task-MotorImageryRest_run-02_eeg.vhdr	2012	797	False	fb95e817
sub-10/ses-04/eeg/sub-10_ses-04_task-MotorImageryRest_run-03_eeg.vmrk	1447	597	False	feb03928
sub-10/ses-04/eeg/sub-10_ses-04_task-MotorImageryRest_run-02_eeg.vmrk	1447	598	False	5a2f5b31
sub-10/ses-04/eeg/sub-10_ses-04_space-CapTrak_coordsystem.json	945	377	False	fbadc4f6
sub-10/ses-04/eeg/sub-10_ses-04_task-MotorImageryRest_run-06_events.tsv	718	321	False	f753be61
sub-10/ses-04/eeg/sub-10_ses-04_task-MotorImageryRest_run-02_events.json	767	336	False	95434a42
sub-10/ses-03/meg/sub-10_ses-03_task-MotorImageryRest_run-05_meg.fif	69917167	65220307	False	e523b705
sub-10/ses-03/meg/sub-10_ses-03_task-MotorImageryRest_run-06_events.json	767	336	False	95434a42
sub-10/ses-03/meg/sub-10_ses-03_task-MotorImageryRest_run-02_meg.json	689	306	False	19446c5a
sub-10/ses-03/meg/sub-10_ses-03_task-MotorImageryRest_run-03_meg.json	688	305	False	0119b5b7
sub-10/ses-03/meg/sub-10_ses-03_task-rest_run-01_channels.tsv	27945	1088	False	48ee8ca0
sub-10/ses-03/meg/sub-10_ses-03_task-MotorImageryRest_run-04_meg.fif	71810695	66984758	False	9f81c4f3
sub-10/ses-03/meg/sub-10_ses-03_task-rest_run-02_meg.fif	56184672	52389740	False	82058d65
sub-10/ses-03/meg/sub-10_ses-03_task-MotorImageryRest_run-02_events.tsv	717	321	False	ae867931
sub-10/ses-03/meg/sub-10_ses-03_task-MotorImageryRest_run-03_events.json	767	336	False	95434a42
sub-10/ses-03/meg/sub-10_ses-03_task-MotorImageryRest_run-05_events.tsv	713	320	False	2a5eb5b3
sub-10/ses-03/meg/sub-10_ses-03_task-MotorImageryRest_run-05_channels.tsv	19989	1020	False	03360556
sub-10/ses-03/meg/sub-10_ses-03_task-MotorImageryRest_run-02_channels.tsv	19989	1020	False	03360556
sub-10/ses-03/meg/sub-10_ses-03_task-rest_run-02_meg.json	701	320	False	7699c185
sub-10/ses-03/meg/sub-10_ses-03_task-MotorImageryRest_run-06_meg.fif	70491223	65747334	False	3f9e2222
sub-10/ses-03/meg/sub-10_ses-03_task-MotorImageryRest_run-03_channels.tsv	19989	1020	False	03360556
sub-10/ses-03/meg/sub-10_ses-03_task-MotorImageryRest_run-04_channels.tsv	19989	1020	False	03360556
sub-10/ses-03/meg/sub-10_ses-03_task-rest_run-01_meg.fif	74449200	69446477	False	ae3b91f4
sub-10/ses-03/meg/sub-10_ses-03_task-MotorImageryRest_run-05_meg.json	689	306	False	5389e4ba
sub-10/ses-03/meg/sub-10_ses-03_task-MotorImageryRest_run-04_meg.json	689	306	False	3f818276
sub-10/ses-03/meg/sub-10_ses-03_task-MotorImageryRest_run-05_events.json	767	336	False	95434a42
sub-10/ses-03/meg/sub-10_ses-03_coordsystem.json	2270	475	False	f3edd733
sub-10/ses-03/meg/sub-10_ses-03_task-MotorImageryRest_run-06_channels.tsv	19989	1020	False	03360556
sub-10/ses-03/meg/sub-10_ses-03_task-MotorImageryRest_run-01_channels.tsv	19989	1020	False	03360556
sub-10/ses-03/meg/sub-10_ses-03_task-MotorImageryRest_run-02_events.json	767	336	False	95434a42
sub-10/ses-03/meg/sub-10_ses-03_task-MotorImageryRest_run-02_meg.fif	72813155	67894147	False	6c17c86d
sub-10/ses-03/meg/sub-10_ses-03_task-MotorImageryRest_run-03_events.tsv	721	325	False	99daf743
sub-10/ses-03/meg/sub-10_ses-03_task-MotorImageryRest_run-01_meg.json	689	306	False	df25a3ca
sub-10/ses-03/meg/sub-10_ses-03_task-MotorImageryRest_run-06_events.tsv	720	318	False	45cb0ba1
sub-10/ses-03/meg/sub-10_ses-03_task-MotorImageryRest_run-03_meg.fif	72504703	67628721	False	6600e421
sub-10/ses-03/meg/sub-10_ses-03_task-MotorImageryRest_run-06_meg.json	688	305	False	a8502e15
sub-10/ses-03/meg/sub-10_ses-03_task-MotorImageryRest_run-01_meg.fif	71485115	66689900	False	443a026e
sub-10/ses-03/meg/sub-10_ses-03_task-MotorImageryRest_run-04_events.json	767	336	False	95434a42
sub-10/ses-03/meg/sub-10_ses-03_task-MotorImageryRest_run-01_events.tsv	722	323	False	1a953091
sub-10/ses-03/meg/sub-10_ses-03_task-MotorImageryRest_run-04_events.tsv	720	320	False	2777dcae
sub-10/ses-03/meg/sub-10_ses-03_task-rest_run-02_channels.tsv	27945	1088	False	48ee8ca0
sub-10/ses-03/meg/sub-10_ses-03_task-rest_run-01_meg.json	701	319	False	1064deb9
sub-10/ses-03/meg/sub-10_ses-03_task-MotorImageryRest_run-01_events.json	767	336	False	95434a42
sub-10/ses-03/eeg/sub-10_ses-03_task-rest_run-01_eeg.vmrk	521	335	False	d9837b21
sub-10/ses-03/eeg/sub-10_ses-03_task-rest_run-01_eeg.vhdr	1999	796	False	c3b3e67c
sub-10/ses-03/eeg/sub-10_ses-03_task-MotorImageryRest_run-05_eeg.eeg	16878512	14682056	False	789e541a
sub-10/ses-03/eeg/sub-10_ses-03_task-MotorImageryRest_run-06_events.json	767	336	False	95434a42
sub-10/ses-03/eeg/sub-10_ses-03_task-MotorImageryRest_run-04_eeg.json	486	231	False	9a06b7f9
sub-10/ses-03/eeg/sub-10_ses-03_task-MotorImageryRest_run-05_eeg.json	486	232	False	49e130cb
sub-10/ses-03/eeg/sub-10_ses-03_task-MotorImageryRest_run-06_eeg.vmrk	1446	591	False	898cd28b
sub-10/ses-03/eeg/sub-10_ses-03_task-MotorImageryRest_run-06_eeg.vhdr	2012	798	False	31430b33
sub-10/ses-03/eeg/sub-10_ses-03_task-rest_run-01_channels.tsv	6285	368	False	c63f781e
sub-10/ses-03/eeg/sub-10_ses-03_task-MotorImageryRest_run-04_eeg.eeg	17336424	15115232	False	3b301d01
sub-10/ses-03/eeg/sub-10_ses-03_task-rest_run-02_eeg.eeg	13557688	11930802	False	efe3485c
sub-10/ses-03/eeg/sub-10_ses-03_task-MotorImageryRest_run-02_events.tsv	717	321	False	ae867931
sub-10/ses-03/eeg/sub-10_ses-03_task-rest_run-02_eeg.json	498	245	False	1e4df14e
sub-10/ses-03/eeg/sub-10_ses-03_task-MotorImageryRest_run-03_events.json	767	336	False	95434a42
sub-10/ses-03/eeg/sub-10_ses-03_task-MotorImageryRest_run-01_eeg.vhdr	2012	798	False	76efbf1c
sub-10/ses-03/eeg/sub-10_ses-03_task-MotorImageryRest_run-01_eeg.vmrk	1447	595	False	837a9e3c
sub-10/ses-03/eeg/sub-10_ses-03_task-MotorImageryRest_run-05_events.tsv	713	320	False	2a5eb5b3
sub-10/ses-03/eeg/sub-10_ses-03_task-MotorImageryRest_run-05_channels.tsv	4361	330	False	f53f1e18
sub-10/ses-03/eeg/sub-10_ses-03_task-MotorImageryRest_run-02_channels.tsv	4361	330	False	f53f1e18
sub-10/ses-03/eeg/sub-10_ses-03_task-MotorImageryRest_run-06_eeg.eeg	17017336	14882042	False	a816cc83
sub-10/ses-03/eeg/sub-10_ses-03_task-MotorImageryRest_run-03_channels.tsv	4361	330	False	f53f1e18
sub-10/ses-03/eeg/sub-10_ses-03_task-MotorImageryRest_run-04_channels.tsv	4361	330	False	f53f1e18
sub-10/ses-03/eeg/sub-10_ses-03_task-rest_run-01_eeg.eeg	17974600	15624495	False	3492e136
sub-10/ses-03/eeg/sub-10_ses-03_task-MotorImageryRest_run-05_events.json	767	336	False	95434a42
sub-10/ses-03/eeg/sub-10_ses-03_task-MotorImageryRest_run-03_eeg.json	485	231	False	916b0b4c
sub-10/ses-03/eeg/sub-10_ses-03_task-MotorImageryRest_run-02_eeg.json	486	232	False	5546311a
sub-10/ses-03/eeg/sub-10_ses-03_task-MotorImageryRest_run-06_channels.tsv	4361	330	False	f53f1e18
sub-10/ses-03/eeg/sub-10_ses-03_task-MotorImageryRest_run-01_channels.tsv	4361	330	False	f53f1e18
sub-10/ses-03/eeg/sub-10_ses-03_task-MotorImageryRest_run-02_events.json	767	336	False	95434a42
sub-10/ses-03/eeg/sub-10_ses-03_task-rest_run-01_eeg.json	498	243	False	df4582e8
sub-10/ses-03/eeg/sub-10_ses-03_task-MotorImageryRest_run-05_eeg.vmrk	1446	593	False	11841405
sub-10/ses-03/eeg/sub-10_ses-03_task-MotorImageryRest_run-04_eeg.vmrk	1447	593	False	fd9939aa
sub-10/ses-03/eeg/sub-10_ses-03_task-MotorImageryRest_run-05_eeg.vhdr	2012	798	False	5aaf23e3
sub-10/ses-03/eeg/sub-10_ses-03_task-MotorImageryRest_run-04_eeg.vhdr	2012	798	False	cadbc66c
sub-10/ses-03/eeg/sub-10_ses-03_task-MotorImageryRest_run-02_eeg.eeg	17578848	15439613	False	b24c01db
sub-10/ses-03/eeg/sub-10_ses-03_task-MotorImageryRest_run-03_events.tsv	721	325	False	99daf743
sub-10/ses-03/eeg/sub-10_ses-03_task-MotorImageryRest_run-06_events.tsv	720	318	False	45cb0ba1
sub-10/ses-03/eeg/sub-10_ses-03_task-MotorImageryRest_run-03_eeg.eeg	17504256	15262495	False	ba29fa8a
sub-10/ses-03/eeg/sub-10_ses-03_task-MotorImageryRest_run-06_eeg.json	485	231	False	3828f28d
sub-10/ses-03/eeg/sub-10_ses-03_space-CapTrak_coordsystem.json	945	379	False	25967b93
sub-10/ses-03/eeg/sub-10_ses-03_task-rest_run-02_eeg.vmrk	521	336	False	da596513
sub-10/ses-03/eeg/sub-10_ses-03_task-rest_run-02_eeg.vhdr	1999	795	False	1a56cc10
sub-10/ses-03/eeg/sub-10_ses-03_space-CapTrak_electrodes.tsv	5160	2451	False	54d59708
sub-10/ses-03/eeg/sub-10_ses-03_task-MotorImageryRest_run-01_eeg.eeg	17257688	15024139	False	ab4079ad
sub-10/ses-03/eeg/sub-10_ses-03_task-MotorImageryRest_run-04_events.json	767	336	False	95434a42
sub-10/ses-03/eeg/sub-10_ses-03_task-MotorImageryRest_run-01_eeg.json	486	231	False	dca506f6
sub-10/ses-03/eeg/sub-10_ses-03_task-MotorImageryRest_run-01_events.tsv	722	323	False	1a953091
sub-10/ses-03/eeg/sub-10_ses-03_task-MotorImageryRest_run-04_events.tsv	720	320	False	2777dcae
sub-10/ses-03/eeg/sub-10_ses-03_task-rest_run-02_channels.tsv	6285	368	False	c63f781e
sub-10/ses-03/eeg/sub-10_ses-03_task-MotorImageryRest_run-02_eeg.vhdr	2012	798	False	1d0397cc
sub-10/ses-03/eeg/sub-10_ses-03_task-MotorImageryRest_run-03_eeg.vhdr	2012	796	False	8d777243
sub-10/ses-03/eeg/sub-10_ses-03_task-MotorImageryRest_run-02_eeg.vmrk	1446	596	False	e55e7905
sub-10/ses-03/eeg/sub-10_ses-03_task-MotorImageryRest_run-03_eeg.vmrk	1447	593	False	bf4b277b
sub-10/ses-03/eeg/sub-10_ses-03_task-MotorImageryRest_run-01_events.json	767	336	False	95434a42
sub-10/ses-01/meg/sub-10_ses-01_task-MotorImageryRest_run-06_channels.tsv	19989	1020	False	03360556
sub-10/ses-01/meg/sub-10_ses-01_task-MotorImageryRest_run-01_channels.tsv	19989	1020	False	03360556
sub-10/ses-01/meg/sub-10_ses-01_task-MotorImageryRest_run-02_events.tsv	719	316	False	bbb60482
sub-10/ses-01/meg/sub-10_ses-01_task-rest_run-02_meg.json	700	319	False	1f12dfcf
sub-10/ses-01/meg/sub-10_ses-01_task-MotorImageryRest_run-04_events.json	767	336	False	95434a42
sub-10/ses-01/meg/sub-10_ses-01_task-MotorImageryRest_run-03_meg.json	688	305	False	b57242ed
sub-10/ses-01/meg/sub-10_ses-01_task-MotorImageryRest_run-02_meg.json	687	303	False	0c009544
sub-10/ses-01/meg/sub-10_ses-01_task-MotorImageryRest_run-01_events.json	767	336	False	95434a42
sub-10/ses-01/meg/sub-10_ses-01_task-MotorImageryRest_run-01_meg.fif	70944535	66113240	False	ea6a3c22
sub-10/ses-01/meg/sub-10_ses-01_task-MotorImageryRest_run-03_meg.fif	70704631	65986279	False	670f7a33
sub-10/ses-01/meg/sub-10_ses-01_task-MotorImageryRest_run-02_events.json	767	336	False	95434a42
sub-10/ses-01/meg/sub-10_ses-01_task-rest_run-02_channels.tsv	27945	1088	False	48ee8ca0
sub-10/ses-01/meg/sub-10_ses-01_task-MotorImageryRest_run-02_meg.fif	70104871	65397277	False	92c13b7d
sub-10/ses-01/meg/sub-10_ses-01_task-MotorImageryRest_run-05_events.tsv	719	312	False	103da95a
sub-10/ses-01/meg/sub-10_ses-01_task-MotorImageryRest_run-04_meg.json	689	306	False	fc4d8f1a
sub-10/ses-01/meg/sub-10_ses-01_task-MotorImageryRest_run-05_meg.json	689	305	False	46f833c8
sub-10/ses-01/meg/sub-10_ses-01_task-rest_run-01_channels.tsv	27945	1088	False	48ee8ca0
sub-10/ses-01/meg/sub-10_ses-01_task-MotorImageryRest_run-06_events.tsv	714	315	False	1e7fd44a
sub-10/ses-01/meg/sub-10_ses-01_task-MotorImageryRest_run-05_events.json	767	336	False	95434a42
sub-10/ses-01/meg/sub-10_ses-01_task-MotorImageryRest_run-03_events.tsv	717	314	False	7c6545f5
sub-10/ses-01/meg/sub-10_ses-01_task-rest_run-01_meg.json	701	320	False	006ee43f
sub-10/ses-01/meg/sub-10_ses-01_task-MotorImageryRest_run-01_meg.json	689	306	False	08c14a38
sub-10/ses-01/meg/sub-10_ses-01_task-MotorImageryRest_run-06_meg.fif	71595703	66774816	False	8146b735
sub-10/ses-01/meg/sub-10_ses-01_task-rest_run-01_meg.fif	57319752	53471400	False	15fd77a0
sub-10/ses-01/meg/sub-10_ses-01_task-MotorImageryRest_run-06_meg.json	689	306	False	51d12f60
sub-10/ses-01/meg/sub-10_ses-01_task-MotorImageryRest_run-05_channels.tsv	19989	1020	False	03360556
sub-10/ses-01/meg/sub-10_ses-01_task-MotorImageryRest_run-02_channels.tsv	19989	1020	False	03360556
sub-10/ses-01/meg/sub-10_ses-01_task-MotorImageryRest_run-04_meg.fif	71441479	66595208	False	9d584d1a
sub-10/ses-01/meg/sub-10_ses-01_task-MotorImageryRest_run-06_events.json	767	336	False	95434a42
sub-10/ses-01/meg/sub-10_ses-01_task-MotorImageryRest_run-04_events.tsv	718	319	False	deaa802f
sub-10/ses-01/meg/sub-10_ses-01_task-MotorImageryRest_run-05_meg.fif	70910263	66164219	False	af969d64
sub-10/ses-01/meg/sub-10_ses-01_task-MotorImageryRest_run-03_channels.tsv	19989	1020	False	03360556
sub-10/ses-01/meg/sub-10_ses-01_task-rest_run-02_meg.fif	58163088	54217824	False	1ec78b97
sub-10/ses-01/meg/sub-10_ses-01_task-MotorImageryRest_run-04_channels.tsv	19989	1020	False	03360556
sub-10/ses-01/meg/sub-10_ses-01_coordsystem.json	2232	463	False	93f006ff
sub-10/ses-01/meg/sub-10_ses-01_task-MotorImageryRest_run-01_events.tsv	715	314	False	bb930793
sub-10/ses-01/meg/sub-10_ses-01_task-MotorImageryRest_run-03_events.json	767	336	False	95434a42
sub-10/ses-01/eeg/sub-10_ses-01_task-MotorImageryRest_run-06_channels.tsv	4361	330	False	f53f1e18
sub-10/ses-01/eeg/sub-10_ses-01_task-MotorImageryRest_run-01_channels.tsv	4361	330	False	f53f1e18
sub-10/ses-01/eeg/sub-10_ses-01_task-MotorImageryRest_run-02_events.tsv	719	316	False	bbb60482
sub-10/ses-01/eeg/sub-10_ses-01_task-MotorImageryRest_run-05_eeg.json	486	231	False	c67df89d
sub-10/ses-01/eeg/sub-10_ses-01_task-MotorImageryRest_run-04_eeg.json	486	231	False	c78f8fd0
sub-10/ses-01/eeg/sub-10_ses-01_task-MotorImageryRest_run-04_events.json	767	336	False	95434a42
sub-10/ses-01/eeg/sub-10_ses-01_task-MotorImageryRest_run-06_eeg.vhdr	2012	798	False	36eaf5a2
sub-10/ses-01/eeg/sub-10_ses-01_task-MotorImageryRest_run-06_eeg.vmrk	1447	594	False	52810177
sub-10/ses-01/eeg/sub-10_ses-01_task-MotorImageryRest_run-01_eeg.eeg	17127152	14874356	False	3bf0af76
sub-10/ses-01/eeg/sub-10_ses-01_task-MotorImageryRest_run-01_events.json	767	336	False	95434a42
sub-10/ses-01/eeg/sub-10_ses-01_space-CapTrak_coordsystem.json	945	378	False	c237ab06
sub-10/ses-01/eeg/sub-10_ses-01_task-rest_run-01_eeg.vhdr	1999	794	False	5522d0ff
sub-10/ses-01/eeg/sub-10_ses-01_task-rest_run-01_eeg.vmrk	521	334	False	7991aeff
sub-10/ses-01/eeg/sub-10_ses-01_task-MotorImageryRest_run-01_eeg.vmrk	1446	592	False	2b5724f7
sub-10/ses-01/eeg/sub-10_ses-01_task-MotorImageryRest_run-03_eeg.eeg	17069136	14777907	False	6de519fd
sub-10/ses-01/eeg/sub-10_ses-01_task-MotorImageryRest_run-01_eeg.vhdr	2012	796	False	7146418d
sub-10/ses-01/eeg/sub-10_ses-01_task-MotorImageryRest_run-02_events.json	767	336	False	95434a42
sub-10/ses-01/eeg/sub-10_ses-01_task-rest_run-02_channels.tsv	6285	368	False	c63f781e
sub-10/ses-01/eeg/sub-10_ses-01_space-CapTrak_electrodes.tsv	5158	2435	False	6b6f1775
sub-10/ses-01/eeg/sub-10_ses-01_task-MotorImageryRest_run-02_eeg.json	484	230	False	e6edb693
sub-10/ses-01/eeg/sub-10_ses-01_task-MotorImageryRest_run-03_eeg.json	485	231	False	0696bce9
sub-10/ses-01/eeg/sub-10_ses-01_task-MotorImageryRest_run-02_eeg.eeg	16924096	14683000	False	1b5a6151
sub-10/ses-01/eeg/sub-10_ses-01_task-MotorImageryRest_run-05_events.tsv	719	312	False	103da95a
sub-10/ses-01/eeg/sub-10_ses-01_task-rest_run-02_eeg.json	497	244	False	447051d7
sub-10/ses-01/eeg/sub-10_ses-01_task-rest_run-01_channels.tsv	6285	368	False	c63f781e
sub-10/ses-01/eeg/sub-10_ses-01_task-MotorImageryRest_run-06_events.tsv	714	315	False	1e7fd44a
sub-10/ses-01/eeg/sub-10_ses-01_task-MotorImageryRest_run-04_eeg.vhdr	2012	798	False	cd7238fd
sub-10/ses-01/eeg/sub-10_ses-01_task-MotorImageryRest_run-05_eeg.vhdr	2012	798	False	5d06dd72
sub-10/ses-01/eeg/sub-10_ses-01_task-MotorImageryRest_run-04_eeg.vmrk	1447	594	False	b357d914
sub-10/ses-01/eeg/sub-10_ses-01_task-MotorImageryRest_run-05_eeg.vmrk	1447	599	False	d816eccd
sub-10/ses-01/eeg/sub-10_ses-01_task-MotorImageryRest_run-05_events.json	767	336	False	95434a42
sub-10/ses-01/eeg/sub-10_ses-01_task-MotorImageryRest_run-03_events.tsv	717	314	False	7c6545f5
sub-10/ses-01/eeg/sub-10_ses-01_task-MotorImageryRest_run-06_eeg.json	486	232	False	dc03a2aa
sub-10/ses-01/eeg/sub-10_ses-01_task-rest_run-01_eeg.eeg	13832376	12008206	False	36f4fb81
sub-10/ses-01/eeg/sub-10_ses-01_task-MotorImageryRest_run-06_eeg.eeg	17284624	14924198	False	6809bfe0
sub-10/ses-01/eeg/sub-10_ses-01_task-MotorImageryRest_run-01_eeg.json	486	232	False	be1fa846
sub-10/ses-01/eeg/sub-10_ses-01_task-MotorImageryRest_run-05_channels.tsv	4361	330	False	f53f1e18
sub-10/ses-01/eeg/sub-10_ses-01_task-rest_run-01_eeg.json	498	244	False	6f80897b
sub-10/ses-01/eeg/sub-10_ses-01_task-MotorImageryRest_run-02_channels.tsv	4361	330	False	f53f1e18
sub-10/ses-01/eeg/sub-10_ses-01_task-MotorImageryRest_run-04_eeg.eeg	17247328	14964284	False	b99c90f4
sub-10/ses-01/eeg/sub-10_ses-01_task-MotorImageryRest_run-06_events.json	767	336	False	95434a42
sub-10/ses-01/eeg/sub-10_ses-01_task-MotorImageryRest_run-04_events.tsv	718	319	False	deaa802f
sub-10/ses-01/eeg/sub-10_ses-01_task-MotorImageryRest_run-03_channels.tsv	4361	330	False	f53f1e18
sub-10/ses-01/eeg/sub-10_ses-01_task-rest_run-02_eeg.eeg	14036320	12166272	False	29ca631b
sub-10/ses-01/eeg/sub-10_ses-01_task-MotorImageryRest_run-05_eeg.eeg	17118864	14782871	False	6a866109
sub-10/ses-01/eeg/sub-10_ses-01_task-MotorImageryRest_run-04_channels.tsv	4361	330	False	f53f1e18
sub-10/ses-01/eeg/sub-10_ses-01_task-MotorImageryRest_run-01_events.tsv	715	314	False	bb930793
sub-10/ses-01/eeg/sub-10_ses-01_task-MotorImageryRest_run-03_events.json	767	336	False	95434a42
sub-10/ses-01/eeg/sub-10_ses-01_task-rest_run-02_eeg.vhdr	1999	795	False	8cc7fa93
sub-10/ses-01/eeg/sub-10_ses-01_task-rest_run-02_eeg.vmrk	521	335	False	7a4bb0cd
sub-10/ses-01/eeg/sub-10_ses-01_task-MotorImageryRest_run-03_eeg.vmrk	1446	595	False	24d9d099
sub-10/ses-01/eeg/sub-10_ses-01_task-MotorImageryRest_run-02_eeg.vmrk	1446	595	False	68b645b0
sub-10/ses-01/eeg/sub-10_ses-01_task-MotorImageryRest_run-03_eeg.vhdr	2012	798	False	8ade8cd2
sub-10/ses-01/eeg/sub-10_ses-01_task-MotorImageryRest_run-02_eeg.vhdr	2012	797	False	1aaa695d
sub-16/	0	0	False	00000000
__MACOSX/._sub-16	220	93	False	29d7e44a
sub-16/.DS_Store	6148	339	False	38a58410
__MACOSX/sub-16/._.DS_Store	120	53	False	38c0880b
sub-16/ses-02/	0	0	False	00000000
sub-16/ses-04/	0	0	False	00000000
sub-16/ses-03/	0	0	False	00000000
sub-16/ses-01/	0	0	False	00000000
sub-16/ses-02/.DS_Store	6148	289	False	749904a1
__MACOSX/sub-16/ses-02/._.DS_Store	120	53	False	38c0880b
sub-16/ses-02/meg/	0	0	False	00000000
sub-16/ses-02/sub-16_ses-02_scans.tsv	1309	223	False	f2149dfb
sub-16/ses-02/eeg/	0	0	False	00000000
sub-16/ses-04/.DS_Store	6148	279	False	7f4e0d1a
__MACOSX/sub-16/ses-04/._.DS_Store	120	53	False	38c0880b
sub-16/ses-04/meg/	0	0	False	00000000
sub-16/ses-04/sub-16_ses-04_scans.tsv	1309	224	False	ec5cd05b
sub-16/ses-04/eeg/	0	0	False	00000000
sub-16/ses-03/.DS_Store	6148	282	False	67be8852
__MACOSX/sub-16/ses-03/._.DS_Store	120	53	False	38c0880b
sub-16/ses-03/meg/	0	0	False	00000000
sub-16/ses-03/sub-16_ses-03_scans.tsv	1309	232	False	b8af97b1
sub-16/ses-03/eeg/	0	0	False	00000000
sub-16/ses-01/.DS_Store	6148	278	False	b664036c
__MACOSX/sub-16/ses-01/._.DS_Store	120	53	False	38c0880b
sub-16/ses-01/sub-16_ses-01_scans.tsv	1309	226	False	5fcfb8d3
sub-16/ses-01/meg/	0	0	False	00000000
sub-16/ses-01/eeg/	0	0	False	00000000
sub-16/ses-02/meg/sub-16_ses-02_task-MotorImageryRest_run-06_meg.fif	70156819	65502489	False	2022d7bd
sub-16/ses-02/meg/sub-16_ses-02_task-MotorImageryRest_run-01_meg.json	689	306	False	a2a01354
sub-16/ses-02/meg/sub-16_ses-02_task-MotorImageryRest_run-06_events.tsv	712	312	False	fb7ef0ba
sub-16/ses-02/meg/sub-16_ses-02_task-MotorImageryRest_run-01_events.json	767	336	False	95434a42
sub-16/ses-02/meg/sub-16_ses-02_task-rest_run-02_meg.fif	70068252	65404260	False	3a53eb3f
sub-16/ses-02/meg/sub-16_ses-02_task-MotorImageryRest_run-04_events.json	767	336	False	95434a42
sub-16/ses-02/meg/sub-16_ses-02_task-MotorImageryRest_run-03_events.tsv	722	322	False	ef40c0a9
sub-16/ses-02/meg/sub-16_ses-02_task-MotorImageryRest_run-04_channels.tsv	19989	1020	False	03360556
sub-16/ses-02/meg/sub-16_ses-02_task-MotorImageryRest_run-03_channels.tsv	19989	1020	False	03360556
sub-16/ses-02/meg/sub-16_ses-02_task-MotorImageryRest_run-05_meg.fif	70285339	65630720	False	347082eb
sub-16/ses-02/meg/sub-16_ses-02_task-MotorImageryRest_run-04_events.tsv	720	316	False	de08e1d5
sub-16/ses-02/meg/sub-16_ses-02_task-rest_run-01_channels.tsv	27945	1088	False	48ee8ca0
sub-16/ses-02/meg/sub-16_ses-02_task-MotorImageryRest_run-02_events.json	767	336	False	95434a42
sub-16/ses-02/meg/sub-16_ses-02_task-MotorImageryRest_run-04_meg.fif	70293907	65659293	False	adfd93f6
sub-16/ses-02/meg/sub-16_ses-02_task-rest_run-02_meg.json	701	320	False	3bc19ad1
sub-16/ses-02/meg/sub-16_ses-02_task-MotorImageryRest_run-01_events.tsv	716	318	False	e75a5eb6
sub-16/ses-02/meg/sub-16_ses-02_task-MotorImageryRest_run-06_meg.json	689	306	False	893aae9a
sub-16/ses-02/meg/sub-16_ses-02_task-MotorImageryRest_run-02_channels.tsv	19989	1020	False	03360556
sub-16/ses-02/meg/sub-16_ses-02_task-MotorImageryRest_run-05_channels.tsv	19989	1020	False	03360556
sub-16/ses-02/meg/sub-16_ses-02_task-rest_run-01_meg.fif	56647092	52886005	False	eed61ca3
sub-16/ses-02/meg/sub-16_ses-02_task-MotorImageryRest_run-02_events.tsv	718	314	False	7af5ee33
sub-16/ses-02/meg/sub-16_ses-02_task-MotorImageryRest_run-05_events.json	767	336	False	95434a42
sub-16/ses-02/meg/sub-16_ses-02_task-rest_run-02_channels.tsv	27945	1088	False	48ee8ca0
sub-16/ses-02/meg/sub-16_ses-02_task-MotorImageryRest_run-01_meg.fif	70225363	65564650	False	cb0f1f10
sub-16/ses-02/meg/sub-16_ses-02_task-MotorImageryRest_run-01_channels.tsv	19989	1020	False	03360556
sub-16/ses-02/meg/sub-16_ses-02_task-MotorImageryRest_run-06_channels.tsv	19989	1020	False	03360556
sub-16/ses-02/meg/sub-16_ses-02_task-MotorImageryRest_run-03_meg.json	689	306	False	e1f24371
sub-16/ses-02/meg/sub-16_ses-02_task-MotorImageryRest_run-02_meg.json	689	306	False	5b6834da
sub-16/ses-02/meg/sub-16_ses-02_task-MotorImageryRest_run-02_meg.fif	69968323	65282426	False	44b0a650
sub-16/ses-02/meg/sub-16_ses-02_coordsystem.json	2230	471	False	1924fae9
sub-16/ses-02/meg/sub-16_ses-02_task-rest_run-01_meg.json	701	319	False	734f5f6b
sub-16/ses-02/meg/sub-16_ses-02_task-MotorImageryRest_run-04_meg.json	689	306	False	8500c757
sub-16/ses-02/meg/sub-16_ses-02_task-MotorImageryRest_run-03_events.json	767	336	False	95434a42
sub-16/ses-02/meg/sub-16_ses-02_task-MotorImageryRest_run-05_meg.json	689	306	False	e1f24371
sub-16/ses-02/meg/sub-16_ses-02_task-MotorImageryRest_run-06_events.json	767	336	False	95434a42
sub-16/ses-02/meg/sub-16_ses-02_task-MotorImageryRest_run-05_events.tsv	718	319	False	4dbfc4d4
sub-16/ses-02/meg/sub-16_ses-02_task-MotorImageryRest_run-03_meg.fif	70285339	65585753	False	6cc602c4
sub-16/ses-02/eeg/sub-16_ses-02_task-MotorImageryRest_run-06_eeg.json	486	232	False	3394327b
sub-16/ses-02/eeg/sub-16_ses-02_task-MotorImageryRest_run-06_eeg.eeg	16936528	14364928	False	aa5cd4ad
sub-16/ses-02/eeg/sub-16_ses-02_task-rest_run-02_eeg.json	498	245	False	58ae3933
sub-16/ses-02/eeg/sub-16_ses-02_space-CapTrak_electrodes.tsv	5138	2450	False	dd942424
sub-16/ses-02/eeg/sub-16_ses-02_task-MotorImageryRest_run-06_events.tsv	712	312	False	fb7ef0ba
sub-16/ses-02/eeg/sub-16_ses-02_task-MotorImageryRest_run-01_events.json	767	336	False	95434a42
sub-16/ses-02/eeg/sub-16_ses-02_task-rest_run-02_eeg.eeg	16915216	14391482	False	b55a46cc
sub-16/ses-02/eeg/sub-16_ses-02_task-MotorImageryRest_run-04_events.json	767	336	False	95434a42
sub-16/ses-02/eeg/sub-16_ses-02_task-MotorImageryRest_run-03_events.tsv	722	322	False	ef40c0a9
sub-16/ses-02/eeg/sub-16_ses-02_task-rest_run-01_eeg.vhdr	1999	795	False	45f21214
sub-16/ses-02/eeg/sub-16_ses-02_task-rest_run-01_eeg.vmrk	521	336	False	60376f2a
sub-16/ses-02/eeg/sub-16_ses-02_task-MotorImageryRest_run-04_eeg.vhdr	2012	798	False	748efd84
sub-16/ses-02/eeg/sub-16_ses-02_task-MotorImageryRest_run-05_eeg.vhdr	2012	798	False	e4fa180b
sub-16/ses-02/eeg/sub-16_ses-02_task-MotorImageryRest_run-04_eeg.vmrk	1447	597	False	ea49f304
sub-16/ses-02/eeg/sub-16_ses-02_task-MotorImageryRest_run-05_eeg.vmrk	1447	593	False	a22ba216
sub-16/ses-02/eeg/sub-16_ses-02_task-MotorImageryRest_run-04_channels.tsv	4361	330	False	f53f1e18
sub-16/ses-02/eeg/sub-16_ses-02_task-MotorImageryRest_run-03_channels.tsv	4361	330	False	f53f1e18
sub-16/ses-02/eeg/sub-16_ses-02_task-MotorImageryRest_run-04_events.tsv	720	316	False	de08e1d5
sub-16/ses-02/eeg/sub-16_ses-02_task-MotorImageryRest_run-05_eeg.eeg	16967608	14312555	False	7b647b9d
sub-16/ses-02/eeg/sub-16_ses-02_task-rest_run-01_channels.tsv	6285	368	False	c63f781e
sub-16/ses-02/eeg/sub-16_ses-02_task-MotorImageryRest_run-03_eeg.vmrk	1447	597	False	514b1207
sub-16/ses-02/eeg/sub-16_ses-02_task-MotorImageryRest_run-02_eeg.vmrk	1446	588	False	449b7e03
sub-16/ses-02/eeg/sub-16_ses-02_task-MotorImageryRest_run-03_eeg.vhdr	2012	798	False	332249ab
sub-16/ses-02/eeg/sub-16_ses-02_task-MotorImageryRest_run-02_eeg.vhdr	2012	796	False	a356ac24
sub-16/ses-02/eeg/sub-16_ses-02_task-MotorImageryRest_run-04_eeg.eeg	16969680	14391932	False	9b77c8a7
sub-16/ses-02/eeg/sub-16_ses-02_task-MotorImageryRest_run-01_eeg.json	486	231	False	ba69403d
sub-16/ses-02/eeg/sub-16_ses-02_task-MotorImageryRest_run-02_events.json	767	336	False	95434a42
sub-16/ses-02/eeg/sub-16_ses-02_task-MotorImageryRest_run-01_events.tsv	716	318	False	e75a5eb6
sub-16/ses-02/eeg/sub-16_ses-02_task-MotorImageryRest_run-02_channels.tsv	4361	330	False	f53f1e18
sub-16/ses-02/eeg/sub-16_ses-02_task-MotorImageryRest_run-05_channels.tsv	4361	330	False	f53f1e18
sub-16/ses-02/eeg/sub-16_ses-02_task-rest_run-01_eeg.eeg	13669576	11711600	False	1f06fbff
sub-16/ses-02/eeg/sub-16_ses-02_task-rest_run-02_eeg.vhdr	1999	793	False	9c173878
sub-16/ses-02/eeg/sub-16_ses-02_task-rest_run-02_eeg.vmrk	521	335	False	63ed7118
sub-16/ses-02/eeg/sub-16_ses-02_task-MotorImageryRest_run-02_events.tsv	718	314	False	7af5ee33
sub-16/ses-02/eeg/sub-16_ses-02_task-MotorImageryRest_run-06_eeg.vhdr	2012	798	False	8f1630db
sub-16/ses-02/eeg/sub-16_ses-02_task-MotorImageryRest_run-06_eeg.vmrk	1446	593	False	82f68fb7
sub-16/ses-02/eeg/sub-16_ses-02_task-MotorImageryRest_run-05_events.json	767	336	False	95434a42
sub-16/ses-02/eeg/sub-16_ses-02_task-rest_run-02_channels.tsv	6285	368	False	c63f781e
sub-16/ses-02/eeg/sub-16_ses-02_task-MotorImageryRest_run-01_eeg.eeg	16953104	14308058	False	0e93bf98
sub-16/ses-02/eeg/sub-16_ses-02_task-MotorImageryRest_run-01_channels.tsv	4361	330	False	f53f1e18
sub-16/ses-02/eeg/sub-16_ses-02_task-MotorImageryRest_run-06_channels.tsv	4361	330	False	f53f1e18
sub-16/ses-02/eeg/sub-16_ses-02_task-MotorImageryRest_run-05_eeg.json	486	231	False	a14c7cff
sub-16/ses-02/eeg/sub-16_ses-02_task-MotorImageryRest_run-04_eeg.json	486	232	False	8a4aa199
sub-16/ses-02/eeg/sub-16_ses-02_task-rest_run-01_eeg.json	498	244	False	16bc3e01
sub-16/ses-02/eeg/sub-16_ses-02_task-MotorImageryRest_run-02_eeg.eeg	16890944	14327794	False	cb60153c
sub-16/ses-02/eeg/sub-16_ses-02_task-MotorImageryRest_run-02_eeg.json	486	231	False	59a42af9
sub-16/ses-02/eeg/sub-16_ses-02_task-MotorImageryRest_run-03_eeg.json	486	231	False	a14c7cff
sub-16/ses-02/eeg/sub-16_ses-02_task-MotorImageryRest_run-03_events.json	767	336	False	95434a42
sub-16/ses-02/eeg/sub-16_ses-02_task-MotorImageryRest_run-01_eeg.vmrk	1446	592	False	e89eac3b
sub-16/ses-02/eeg/sub-16_ses-02_task-MotorImageryRest_run-06_events.json	767	336	False	95434a42
sub-16/ses-02/eeg/sub-16_ses-02_task-MotorImageryRest_run-01_eeg.vhdr	2012	798	False	c8ba84f4
sub-16/ses-02/eeg/sub-16_ses-02_task-MotorImageryRest_run-05_events.tsv	718	319	False	4dbfc4d4
sub-16/ses-02/eeg/sub-16_ses-02_space-CapTrak_coordsystem.json	945	378	False	2d868b4e
sub-16/ses-02/eeg/sub-16_ses-02_task-MotorImageryRest_run-03_eeg.eeg	16967608	14344698	False	558e96c5
sub-16/ses-04/meg/sub-16_ses-04_task-rest_run-01_meg.json	701	320	False	2f5291dd
sub-16/ses-04/meg/sub-16_ses-04_task-MotorImageryRest_run-03_events.json	767	336	False	95434a42
sub-16/ses-04/meg/sub-16_ses-04_task-MotorImageryRest_run-04_events.tsv	727	325	False	5ff80040
sub-16/ses-04/meg/sub-16_ses-04_task-MotorImageryRest_run-01_meg.json	689	306	False	bcfbe370
sub-16/ses-04/meg/sub-16_ses-04_task-rest_run-01_channels.tsv	27945	1088	False	48ee8ca0
sub-16/ses-04/meg/sub-16_ses-04_task-MotorImageryRest_run-01_events.tsv	713	320	False	f9ae84a1
sub-16/ses-04/meg/sub-16_ses-04_task-MotorImageryRest_run-06_events.json	767	336	False	95434a42
sub-16/ses-04/meg/sub-16_ses-04_task-MotorImageryRest_run-06_meg.fif	70448743	65723688	False	e1480b1e
sub-16/ses-04/meg/sub-16_ses-04_task-MotorImageryRest_run-04_meg.fif	74964079	69892175	False	8debb298
sub-16/ses-04/meg/sub-16_ses-04_task-MotorImageryRest_run-05_events.json	767	336	False	95434a42
sub-16/ses-04/meg/sub-16_ses-04_task-MotorImageryRest_run-05_channels.tsv	19989	1020	False	03360556
sub-16/ses-04/meg/sub-16_ses-04_task-MotorImageryRest_run-06_events.tsv	718	317	False	5825f3e8
sub-16/ses-04/meg/sub-16_ses-04_task-MotorImageryRest_run-02_channels.tsv	19989	1020	False	03360556
sub-16/ses-04/meg/sub-16_ses-04_task-MotorImageryRest_run-03_events.tsv	714	320	False	c393a940
sub-16/ses-04/meg/sub-16_ses-04_coordsystem.json	2188	472	False	51911d24
sub-16/ses-04/meg/sub-16_ses-04_task-MotorImageryRest_run-03_channels.tsv	19989	1020	False	03360556
sub-16/ses-04/meg/sub-16_ses-04_task-MotorImageryRest_run-06_meg.json	688	305	False	3652b5b1
sub-16/ses-04/meg/sub-16_ses-04_task-MotorImageryRest_run-04_channels.tsv	19989	1020	False	03360556
sub-16/ses-04/meg/sub-16_ses-04_task-MotorImageryRest_run-05_meg.fif	70620103	65915837	False	5042353c
sub-16/ses-04/meg/sub-16_ses-04_task-MotorImageryRest_run-06_channels.tsv	19989	1020	False	03360556
sub-16/ses-04/meg/sub-16_ses-04_task-MotorImageryRest_run-01_channels.tsv	19989	1020	False	03360556
sub-16/ses-04/meg/sub-16_ses-04_task-rest_run-01_meg.fif	55790904	52070269	False	d4466d36
sub-16/ses-04/meg/sub-16_ses-04_task-rest_run-02_meg.json	701	320	False	2f5291dd
sub-16/ses-04/meg/sub-16_ses-04_task-MotorImageryRest_run-02_meg.json	688	305	False	ac9026f6
sub-16/ses-04/meg/sub-16_ses-04_task-MotorImageryRest_run-03_meg.json	688	305	False	b57242ed
sub-16/ses-04/meg/sub-16_ses-04_task-MotorImageryRest_run-02_events.json	767	336	False	95434a42
sub-16/ses-04/meg/sub-16_ses-04_task-MotorImageryRest_run-05_events.tsv	717	325	False	0991fae5
sub-16/ses-04/meg/sub-16_ses-04_task-MotorImageryRest_run-01_meg.fif	69566239	64925572	False	ba45506e
sub-16/ses-04/meg/sub-16_ses-04_task-MotorImageryRest_run-05_meg.json	688	305	False	f2f1fa4b
sub-16/ses-04/meg/sub-16_ses-04_task-MotorImageryRest_run-04_meg.json	689	306	False	285b4449
sub-16/ses-04/meg/sub-16_ses-04_task-MotorImageryRest_run-02_events.tsv	720	317	False	870385c8
sub-16/ses-04/meg/sub-16_ses-04_task-MotorImageryRest_run-03_meg.fif	70705783	65978640	False	a7ac9046
sub-16/ses-04/meg/sub-16_ses-04_task-MotorImageryRest_run-01_events.json	767	336	False	95434a42
sub-16/ses-04/meg/sub-16_ses-04_task-MotorImageryRest_run-04_events.json	767	336	False	95434a42
sub-16/ses-04/meg/sub-16_ses-04_task-MotorImageryRest_run-02_meg.fif	70234543	65537318	False	c0d38d85
sub-16/ses-04/meg/sub-16_ses-04_task-rest_run-02_channels.tsv	27945	1088	False	48ee8ca0
sub-16/ses-04/meg/sub-16_ses-04_task-rest_run-02_meg.fif	55790904	52045228	False	c5bcf11a
sub-16/ses-04/eeg/sub-16_ses-04_task-MotorImageryRest_run-03_events.json	767	336	False	95434a42
sub-16/ses-04/eeg/sub-16_ses-04_task-MotorImageryRest_run-04_events.tsv	727	325	False	5ff80040
sub-16/ses-04/eeg/sub-16_ses-04_task-MotorImageryRest_run-06_eeg.json	485	231	False	6d100ceb
sub-16/ses-04/eeg/sub-16_ses-04_task-MotorImageryRest_run-05_eeg.vhdr	2012	798	False	ec001bb8
sub-16/ses-04/eeg/sub-16_ses-04_task-MotorImageryRest_run-04_eeg.vhdr	2012	796	False	7c74fe37
sub-16/ses-04/eeg/sub-16_ses-04_task-rest_run-01_channels.tsv	6285	368	False	c63f781e
sub-16/ses-04/eeg/sub-16_ses-04_task-MotorImageryRest_run-05_eeg.vmrk	1447	593	False	07752102
sub-16/ses-04/eeg/sub-16_ses-04_task-MotorImageryRest_run-01_events.tsv	713	320	False	f9ae84a1
sub-16/ses-04/eeg/sub-16_ses-04_task-MotorImageryRest_run-04_eeg.vmrk	1449	597	False	17b606d7
sub-16/ses-04/eeg/sub-16_ses-04_task-MotorImageryRest_run-06_events.json	767	336	False	95434a42
sub-16/ses-04/eeg/sub-16_ses-04_task-MotorImageryRest_run-06_eeg.eeg	17006976	14652773	False	f48e2a8a
sub-16/ses-04/eeg/sub-16_ses-04_task-MotorImageryRest_run-02_eeg.vmrk	1446	599	False	680ce7f7
sub-16/ses-04/eeg/sub-16_ses-04_task-MotorImageryRest_run-03_eeg.vmrk	1447	595	False	647ed0cd
sub-16/ses-04/eeg/sub-16_ses-04_task-MotorImageryRest_run-02_eeg.vhdr	2012	798	False	abacaf97
sub-16/ses-04/eeg/sub-16_ses-04_task-MotorImageryRest_run-03_eeg.vhdr	2012	798	False	3bd84a18
sub-16/ses-04/eeg/sub-16_ses-04_task-rest_run-02_eeg.vmrk	521	336	False	58ab093b
sub-16/ses-04/eeg/sub-16_ses-04_task-rest_run-02_eeg.vhdr	1999	795	False	fcd565bc
sub-16/ses-04/eeg/sub-16_ses-04_task-MotorImageryRest_run-04_eeg.eeg	18098920	15687664	False	0c6feb5f
sub-16/ses-04/eeg/sub-16_ses-04_task-MotorImageryRest_run-05_events.json	767	336	False	95434a42
sub-16/ses-04/eeg/sub-16_ses-04_task-MotorImageryRest_run-05_channels.tsv	4361	330	False	f53f1e18
sub-16/ses-04/eeg/sub-16_ses-04_task-MotorImageryRest_run-06_events.tsv	718	317	False	5825f3e8
sub-16/ses-04/eeg/sub-16_ses-04_task-MotorImageryRest_run-02_channels.tsv	4361	330	False	f53f1e18
sub-16/ses-04/eeg/sub-16_ses-04_task-MotorImageryRest_run-03_events.tsv	714	320	False	c393a940
sub-16/ses-04/eeg/sub-16_ses-04_task-MotorImageryRest_run-03_channels.tsv	4361	330	False	f53f1e18
sub-16/ses-04/eeg/sub-16_ses-04_task-MotorImageryRest_run-04_channels.tsv	4361	330	False	f53f1e18
sub-16/ses-04/eeg/sub-16_ses-04_space-CapTrak_electrodes.tsv	5133	2432	False	f665bf65
sub-16/ses-04/eeg/sub-16_ses-04_task-rest_run-01_eeg.json	498	245	False	e3e42969
sub-16/ses-04/eeg/sub-16_ses-04_task-MotorImageryRest_run-01_eeg.json	486	232	False	e66e34bc
sub-16/ses-04/eeg/sub-16_ses-04_task-MotorImageryRest_run-05_eeg.eeg	17048416	14736556	False	32fee3d7
sub-16/ses-04/eeg/sub-16_ses-04_task-MotorImageryRest_run-06_eeg.vhdr	2012	798	False	87ec3368
sub-16/ses-04/eeg/sub-16_ses-04_task-MotorImageryRest_run-06_channels.tsv	4361	330	False	f53f1e18
sub-16/ses-04/eeg/sub-16_ses-04_task-MotorImageryRest_run-06_eeg.vmrk	1446	594	False	e4341c8e
sub-16/ses-04/eeg/sub-16_ses-04_task-MotorImageryRest_run-01_channels.tsv	4361	330	False	f53f1e18
sub-16/ses-04/eeg/sub-16_ses-04_task-rest_run-01_eeg.eeg	13462376	11504110	False	729bf4ca
sub-16/ses-04/eeg/sub-16_ses-04_task-MotorImageryRest_run-02_events.json	767	336	False	95434a42
sub-16/ses-04/eeg/sub-16_ses-04_task-MotorImageryRest_run-04_eeg.json	486	231	False	85729dc8
sub-16/ses-04/eeg/sub-16_ses-04_task-MotorImageryRest_run-05_eeg.json	485	230	False	d42c0146
sub-16/ses-04/eeg/sub-16_ses-04_task-MotorImageryRest_run-05_events.tsv	717	325	False	0991fae5
sub-16/ses-04/eeg/sub-16_ses-04_task-MotorImageryRest_run-01_eeg.eeg	16793560	14416053	False	2509320f
sub-16/ses-04/eeg/sub-16_ses-04_task-rest_run-02_eeg.json	498	245	False	e3e42969
sub-16/ses-04/eeg/sub-16_ses-04_task-MotorImageryRest_run-03_eeg.json	485	231	False	0696bce9
sub-16/ses-04/eeg/sub-16_ses-04_task-MotorImageryRest_run-02_eeg.json	485	230	False	4d53c2aa
sub-16/ses-04/eeg/sub-16_ses-04_task-MotorImageryRest_run-02_events.tsv	720	317	False	870385c8
sub-16/ses-04/eeg/sub-16_ses-04_task-MotorImageryRest_run-03_eeg.eeg	17069136	14838215	False	437af7e9
sub-16/ses-04/eeg/sub-16_ses-04_task-MotorImageryRest_run-01_events.json	767	336	False	95434a42
sub-16/ses-04/eeg/sub-16_ses-04_task-MotorImageryRest_run-02_eeg.eeg	16955176	14642421	False	75809328
sub-16/ses-04/eeg/sub-16_ses-04_task-MotorImageryRest_run-04_events.json	767	336	False	95434a42
sub-16/ses-04/eeg/sub-16_ses-04_task-rest_run-02_channels.tsv	6285	368	False	c63f781e
sub-16/ses-04/eeg/sub-16_ses-04_task-MotorImageryRest_run-01_eeg.vmrk	1447	593	False	fc10760e
sub-16/ses-04/eeg/sub-16_ses-04_space-CapTrak_coordsystem.json	945	378	False	0bd0c794
sub-16/ses-04/eeg/sub-16_ses-04_task-MotorImageryRest_run-01_eeg.vhdr	2012	798	False	c0408747
sub-16/ses-04/eeg/sub-16_ses-04_task-rest_run-01_eeg.vmrk	521	336	False	5b711709
sub-16/ses-04/eeg/sub-16_ses-04_task-rest_run-01_eeg.vhdr	1999	796	False	25304fd0
sub-16/ses-04/eeg/sub-16_ses-04_task-rest_run-02_eeg.eeg	13462376	11389275	False	80c4052a
sub-16/ses-03/meg/sub-16_ses-03_task-rest_run-01_channels.tsv	27945	1088	False	48ee8ca0
sub-16/ses-03/meg/sub-16_ses-03_task-MotorImageryRest_run-06_events.tsv	724	319	False	e4fd7e68
sub-16/ses-03/meg/sub-16_ses-03_task-MotorImageryRest_run-01_meg.json	689	307	False	d11cef62
sub-16/ses-03/meg/sub-16_ses-03_task-rest_run-01_meg.fif	60073464	56045143	False	d9825d31
sub-16/ses-03/meg/sub-16_ses-03_task-MotorImageryRest_run-05_events.json	767	336	False	95434a42
sub-16/ses-03/meg/sub-16_ses-03_task-rest_run-01_meg.json	699	318	False	f6a68b73
sub-16/ses-03/meg/sub-16_ses-03_task-MotorImageryRest_run-06_meg.fif	71485255	66672123	False	20d0f785
sub-16/ses-03/meg/sub-16_ses-03_task-MotorImageryRest_run-03_events.tsv	717	321	False	ff7b00e7
sub-16/ses-03/meg/sub-16_ses-03_task-MotorImageryRest_run-04_meg.fif	70448527	65708097	False	be2635e7
sub-16/ses-03/meg/sub-16_ses-03_task-MotorImageryRest_run-04_events.tsv	714	315	False	8d68a4e7
sub-16/ses-03/meg/sub-16_ses-03_task-rest_run-02_meg.fif	64903368	60566545	False	4a70568b
sub-16/ses-03/meg/sub-16_ses-03_task-MotorImageryRest_run-06_events.json	767	336	False	95434a42
sub-16/ses-03/meg/sub-16_ses-03_task-MotorImageryRest_run-04_channels.tsv	19989	1020	False	03360556
sub-16/ses-03/meg/sub-16_ses-03_task-MotorImageryRest_run-03_channels.tsv	19989	1020	False	03360556
sub-16/ses-03/meg/sub-16_ses-03_task-MotorImageryRest_run-03_events.json	767	336	False	95434a42
sub-16/ses-03/meg/sub-16_ses-03_task-MotorImageryRest_run-06_meg.json	689	306	False	df25a3ca
sub-16/ses-03/meg/sub-16_ses-03_task-MotorImageryRest_run-02_channels.tsv	19989	1020	False	03360556
sub-16/ses-03/meg/sub-16_ses-03_task-MotorImageryRest_run-05_channels.tsv	19989	1020	False	03360556
sub-16/ses-03/meg/sub-16_ses-03_task-MotorImageryRest_run-05_meg.fif	71313895	66513213	False	e09e8281
sub-16/ses-03/meg/sub-16_ses-03_task-MotorImageryRest_run-01_events.tsv	716	318	False	2094d0a0
sub-16/ses-03/meg/sub-16_ses-03_task-MotorImageryRest_run-02_events.tsv	715	319	False	71bbffd8
sub-16/ses-03/meg/sub-16_ses-03_task-MotorImageryRest_run-04_events.json	767	336	False	95434a42
sub-16/ses-03/meg/sub-16_ses-03_coordsystem.json	2186	465	False	55c9ab87
sub-16/ses-03/meg/sub-16_ses-03_task-rest_run-02_meg.json	701	320	False	52998f39
sub-16/ses-03/meg/sub-16_ses-03_task-MotorImageryRest_run-01_events.json	767	336	False	95434a42
sub-16/ses-03/meg/sub-16_ses-03_task-MotorImageryRest_run-01_meg.fif	70954039	66151229	False	45d1b53a
sub-16/ses-03/meg/sub-16_ses-03_task-MotorImageryRest_run-01_channels.tsv	19989	1020	False	03360556
sub-16/ses-03/meg/sub-16_ses-03_task-MotorImageryRest_run-06_channels.tsv	19989	1020	False	03360556
sub-16/ses-03/meg/sub-16_ses-03_task-MotorImageryRest_run-03_meg.json	689	306	False	8390f45e
sub-16/ses-03/meg/sub-16_ses-03_task-MotorImageryRest_run-02_meg.json	689	306	False	938c3c3a
sub-16/ses-03/meg/sub-16_ses-03_task-rest_run-02_channels.tsv	27945	1088	False	48ee8ca0
sub-16/ses-03/meg/sub-16_ses-03_task-MotorImageryRest_run-02_events.json	767	336	False	95434a42
sub-16/ses-03/meg/sub-16_ses-03_task-MotorImageryRest_run-03_meg.fif	71331031	66543742	False	9dc02beb
sub-16/ses-03/meg/sub-16_ses-03_task-MotorImageryRest_run-04_meg.json	688	305	False	3652b5b1
sub-16/ses-03/meg/sub-16_ses-03_task-MotorImageryRest_run-05_meg.json	689	306	False	9278646e
sub-16/ses-03/meg/sub-16_ses-03_task-MotorImageryRest_run-02_meg.fif	69231871	64594540	False	725cd226
sub-16/ses-03/meg/sub-16_ses-03_task-MotorImageryRest_run-05_events.tsv	723	319	False	ccaf6363
sub-16/ses-03/eeg/sub-16_ses-03_task-rest_run-01_channels.tsv	6285	368	False	c63f781e
sub-16/ses-03/eeg/sub-16_ses-03_task-MotorImageryRest_run-06_events.tsv	724	319	False	e4fd7e68
sub-16/ses-03/eeg/sub-16_ses-03_task-MotorImageryRest_run-06_eeg.json	486	231	False	dca506f6
sub-16/ses-03/eeg/sub-16_ses-03_task-rest_run-01_eeg.eeg	14498080	12535273	False	94c62282
sub-16/ses-03/eeg/sub-16_ses-03_task-MotorImageryRest_run-05_events.json	767	336	False	95434a42
sub-16/ses-03/eeg/sub-16_ses-03_task-MotorImageryRest_run-06_eeg.eeg	17257688	14800167	False	366f9e44
sub-16/ses-03/eeg/sub-16_ses-03_task-MotorImageryRest_run-03_events.tsv	717	321	False	ff7b00e7
sub-16/ses-03/eeg/sub-16_ses-03_task-MotorImageryRest_run-04_eeg.vhdr	2012	798	False	9ae281ec
sub-16/ses-03/eeg/sub-16_ses-03_task-MotorImageryRest_run-05_eeg.vhdr	2012	798	False	0a966463
sub-16/ses-03/eeg/sub-16_ses-03_task-MotorImageryRest_run-04_eeg.vmrk	1447	596	False	a9b6f45e
sub-16/ses-03/eeg/sub-16_ses-03_task-MotorImageryRest_run-05_eeg.vmrk	1447	591	False	141c7d8a
sub-16/ses-03/eeg/sub-16_ses-03_task-rest_run-01_eeg.json	496	243	False	b58bb01b
sub-16/ses-03/eeg/sub-16_ses-03_task-MotorImageryRest_run-04_eeg.eeg	17006976	14597015	False	69a23cc8
sub-16/ses-03/eeg/sub-16_ses-03_task-rest_run-02_eeg.eeg	15666096	13400736	False	4cf032fb
sub-16/ses-03/eeg/sub-16_ses-03_task-MotorImageryRest_run-04_events.tsv	714	315	False	8d68a4e7
sub-16/ses-03/eeg/sub-16_ses-03_task-MotorImageryRest_run-03_eeg.vmrk	1447	591	False	e0766d37
sub-16/ses-03/eeg/sub-16_ses-03_task-MotorImageryRest_run-02_eeg.vmrk	1446	599	False	0a6555e0
sub-16/ses-03/eeg/sub-16_ses-03_task-MotorImageryRest_run-03_eeg.vhdr	2012	796	False	dd4e35c3
sub-16/ses-03/eeg/sub-16_ses-03_task-MotorImageryRest_run-02_eeg.vhdr	2012	798	False	4d3ad04c
sub-16/ses-03/eeg/sub-16_ses-03_task-MotorImageryRest_run-06_events.json	767	336	False	95434a42
sub-16/ses-03/eeg/sub-16_ses-03_task-MotorImageryRest_run-04_channels.tsv	4361	330	False	f53f1e18
sub-16/ses-03/eeg/sub-16_ses-03_task-MotorImageryRest_run-03_channels.tsv	4361	330	False	f53f1e18
sub-16/ses-03/eeg/sub-16_ses-03_task-MotorImageryRest_run-01_eeg.json	486	232	False	e848a708
sub-16/ses-03/eeg/sub-16_ses-03_task-MotorImageryRest_run-03_events.json	767	336	False	95434a42
sub-16/ses-03/eeg/sub-16_ses-03_task-MotorImageryRest_run-02_channels.tsv	4361	330	False	f53f1e18
sub-16/ses-03/eeg/sub-16_ses-03_task-MotorImageryRest_run-05_channels.tsv	4361	330	False	f53f1e18
sub-16/ses-03/eeg/sub-16_ses-03_task-rest_run-02_eeg.vhdr	1999	795	False	3ae72019
sub-16/ses-03/eeg/sub-16_ses-03_task-MotorImageryRest_run-05_eeg.eeg	17216248	14699118	False	1e7b89c0
sub-16/ses-03/eeg/sub-16_ses-03_task-rest_run-02_eeg.vmrk	521	336	False	33e41bf7
sub-16/ses-03/eeg/sub-16_ses-03_task-MotorImageryRest_run-01_events.tsv	716	318	False	2094d0a0
sub-16/ses-03/eeg/sub-16_ses-03_task-MotorImageryRest_run-06_eeg.vhdr	2012	798	False	617a4cb3
sub-16/ses-03/eeg/sub-16_ses-03_task-MotorImageryRest_run-06_eeg.vmrk	1447	597	False	a5ecf398
sub-16/ses-03/eeg/sub-16_ses-03_task-MotorImageryRest_run-02_events.tsv	715	319	False	71bbffd8
sub-16/ses-03/eeg/sub-16_ses-03_task-MotorImageryRest_run-04_events.json	767	336	False	95434a42
sub-16/ses-03/eeg/sub-16_ses-03_task-MotorImageryRest_run-01_events.json	767	336	False	95434a42
sub-16/ses-03/eeg/sub-16_ses-03_space-CapTrak_coordsystem.json	945	378	False	5b86c2cd
sub-16/ses-03/eeg/sub-16_ses-03_task-MotorImageryRest_run-01_eeg.eeg	17129224	14697105	False	90b49f55
sub-16/ses-03/eeg/sub-16_ses-03_task-MotorImageryRest_run-05_eeg.json	486	232	False	e8e1536e
sub-16/ses-03/eeg/sub-16_ses-03_task-MotorImageryRest_run-04_eeg.json	485	231	False	6d100ceb
sub-16/ses-03/eeg/sub-16_ses-03_task-MotorImageryRest_run-01_channels.tsv	4361	330	False	f53f1e18
sub-16/ses-03/eeg/sub-16_ses-03_task-MotorImageryRest_run-06_channels.tsv	4361	330	False	f53f1e18
sub-16/ses-03/eeg/sub-16_ses-03_task-rest_run-01_eeg.vhdr	1999	796	False	e3020a75
sub-16/ses-03/eeg/sub-16_ses-03_task-rest_run-02_channels.tsv	6285	368	False	c63f781e
sub-16/ses-03/eeg/sub-16_ses-03_task-rest_run-01_eeg.vmrk	521	336	False	303e05c5
sub-16/ses-03/eeg/sub-16_ses-03_task-MotorImageryRest_run-02_events.json	767	336	False	95434a42
sub-16/ses-03/eeg/sub-16_ses-03_task-MotorImageryRest_run-02_eeg.json	486	232	False	dd84078e
sub-16/ses-03/eeg/sub-16_ses-03_task-MotorImageryRest_run-03_eeg.json	486	232	False	34a15b7a
sub-16/ses-03/eeg/sub-16_ses-03_task-MotorImageryRest_run-03_eeg.eeg	17220392	14799043	False	8fb5dfb0
sub-16/ses-03/eeg/sub-16_ses-03_task-MotorImageryRest_run-02_eeg.eeg	16712752	14338015	False	4d4a0205
sub-16/ses-03/eeg/sub-16_ses-03_task-MotorImageryRest_run-01_eeg.vmrk	1447	594	False	115714bd
sub-16/ses-03/eeg/sub-16_ses-03_task-MotorImageryRest_run-01_eeg.vhdr	2012	798	False	26d6f89c
sub-16/ses-03/eeg/sub-16_ses-03_task-MotorImageryRest_run-05_events.tsv	723	319	False	ccaf6363
sub-16/ses-03/eeg/sub-16_ses-03_task-rest_run-02_eeg.json	498	245	False	277a09ae
sub-16/ses-03/eeg/sub-16_ses-03_space-CapTrak_electrodes.tsv	5154	2454	False	313ce880
sub-16/ses-01/meg/sub-16_ses-01_coordsystem.json	2234	486	False	dd53fb6f
sub-16/ses-01/meg/sub-16_ses-01_task-MotorImageryRest_run-02_meg.fif	71065819	66346717	False	19c6f9bc
sub-16/ses-01/meg/sub-16_ses-01_task-MotorImageryRest_run-01_meg.json	689	306	False	82ff9f5f
sub-16/ses-01/meg/sub-16_ses-01_task-MotorImageryRest_run-02_events.json	767	336	False	95434a42
sub-16/ses-01/meg/sub-16_ses-01_task-MotorImageryRest_run-03_events.tsv	716	317	False	074715e7
sub-16/ses-01/meg/sub-16_ses-01_task-MotorImageryRest_run-03_meg.fif	71794099	67014013	False	acdf2418
sub-16/ses-01/meg/sub-16_ses-01_task-MotorImageryRest_run-01_channels.tsv	19989	1020	False	03360556
sub-16/ses-01/meg/sub-16_ses-01_task-MotorImageryRest_run-06_channels.tsv	19989	1020	False	03360556
sub-16/ses-01/meg/sub-16_ses-01_task-MotorImageryRest_run-06_events.tsv	715	321	False	b951e289
sub-16/ses-01/meg/sub-16_ses-01_task-MotorImageryRest_run-01_events.tsv	718	319	False	6c72a6e0
sub-16/ses-01/meg/sub-16_ses-01_task-MotorImageryRest_run-04_events.json	767	336	False	95434a42
sub-16/ses-01/meg/sub-16_ses-01_task-MotorImageryRest_run-01_meg.fif	70765939	66074416	False	dfb1db12
sub-16/ses-01/meg/sub-16_ses-01_task-MotorImageryRest_run-06_meg.json	688	305	False	edc2e7d3
sub-16/ses-01/meg/sub-16_ses-01_task-rest_run-01_meg.json	701	319	False	82c6caa7
sub-16/ses-01/meg/sub-16_ses-01_task-rest_run-02_channels.tsv	27945	1088	False	48ee8ca0
sub-16/ses-01/meg/sub-16_ses-01_task-MotorImageryRest_run-04_events.tsv	716	318	False	0d398075
sub-16/ses-01/meg/sub-16_ses-01_task-MotorImageryRest_run-01_events.json	767	336	False	95434a42
sub-16/ses-01/meg/sub-16_ses-01_task-MotorImageryRest_run-06_events.json	767	336	False	95434a42
sub-16/ses-01/meg/sub-16_ses-01_task-rest_run-02_meg.fif	56097084	52372760	False	a86737ef
sub-16/ses-01/meg/sub-16_ses-01_task-MotorImageryRest_run-05_meg.fif	69669235	65041029	False	1ddff8cc
sub-16/ses-01/meg/sub-16_ses-01_task-MotorImageryRest_run-02_events.tsv	717	321	False	8fabb9c9
sub-16/ses-01/meg/sub-16_ses-01_task-MotorImageryRest_run-04_meg.fif	71348563	66621441	False	6bfae4e4
sub-16/ses-01/meg/sub-16_ses-01_task-MotorImageryRest_run-02_meg.json	689	306	False	d321e11e
sub-16/ses-01/meg/sub-16_ses-01_task-MotorImageryRest_run-03_meg.json	689	306	False	61126ad0
sub-16/ses-01/meg/sub-16_ses-01_task-MotorImageryRest_run-03_events.json	767	336	False	95434a42
sub-16/ses-01/meg/sub-16_ses-01_task-rest_run-01_channels.tsv	27945	1088	False	48ee8ca0
sub-16/ses-01/meg/sub-16_ses-01_task-rest_run-01_meg.fif	61297860	57222064	False	218db09a
sub-16/ses-01/meg/sub-16_ses-01_task-MotorImageryRest_run-06_meg.fif	69849163	65205943	False	c667d16d
sub-16/ses-01/meg/sub-16_ses-01_task-MotorImageryRest_run-05_meg.json	689	306	False	a9d1dabd
sub-16/ses-01/meg/sub-16_ses-01_task-MotorImageryRest_run-05_events.tsv	721	319	False	98e8b495
sub-16/ses-01/meg/sub-16_ses-01_task-MotorImageryRest_run-04_meg.json	688	305	False	1dd58b78
sub-16/ses-01/meg/sub-16_ses-01_task-MotorImageryRest_run-04_channels.tsv	19989	1020	False	03360556
sub-16/ses-01/meg/sub-16_ses-01_task-MotorImageryRest_run-03_channels.tsv	19989	1020	False	03360556
sub-16/ses-01/meg/sub-16_ses-01_task-rest_run-02_meg.json	701	319	False	411749d3
sub-16/ses-01/meg/sub-16_ses-01_task-MotorImageryRest_run-02_channels.tsv	19989	1020	False	03360556
sub-16/ses-01/meg/sub-16_ses-01_task-MotorImageryRest_run-05_events.json	767	336	False	95434a42
sub-16/ses-01/meg/sub-16_ses-01_task-MotorImageryRest_run-05_channels.tsv	19989	1020	False	03360556
sub-16/ses-01/eeg/sub-16_ses-01_task-MotorImageryRest_run-02_eeg.eeg	17156160	14700722	False	8260f6e4
sub-16/ses-01/eeg/sub-16_ses-01_task-rest_run-01_eeg.json	498	245	False	0cd7b84f
sub-16/ses-01/eeg/sub-16_ses-01_task-MotorImageryRest_run-02_events.json	767	336	False	95434a42
sub-16/ses-01/eeg/sub-16_ses-01_task-MotorImageryRest_run-06_eeg.json	485	231	False	15578389
sub-16/ses-01/eeg/sub-16_ses-01_task-MotorImageryRest_run-03_events.tsv	716	317	False	074715e7
sub-16/ses-01/eeg/sub-16_ses-01_space-CapTrak_electrodes.tsv	5146	2436	False	a7015db5
sub-16/ses-01/eeg/sub-16_ses-01_space-CapTrak_coordsystem.json	945	378	False	ae1e227b
sub-16/ses-01/eeg/sub-16_ses-01_task-MotorImageryRest_run-05_eeg.vmrk	1447	596	False	b41b646e
sub-16/ses-01/eeg/sub-16_ses-01_task-MotorImageryRest_run-04_eeg.vmrk	1447	593	False	c7109400
sub-16/ses-01/eeg/sub-16_ses-01_task-MotorImageryRest_run-05_eeg.vhdr	2012	798	False	0d3f9af2
sub-16/ses-01/eeg/sub-16_ses-01_task-MotorImageryRest_run-04_eeg.vhdr	2012	798	False	9d4b7f7d
sub-16/ses-01/eeg/sub-16_ses-01_task-MotorImageryRest_run-03_eeg.eeg	17332280	14837366	False	648558e2
sub-16/ses-01/eeg/sub-16_ses-01_task-rest_run-02_eeg.vmrk	521	336	False	93f6ce29
sub-16/ses-01/eeg/sub-16_ses-01_task-MotorImageryRest_run-01_channels.tsv	4361	330	False	f53f1e18
sub-16/ses-01/eeg/sub-16_ses-01_task-rest_run-02_eeg.vhdr	1999	795	False	ac76169a
sub-16/ses-01/eeg/sub-16_ses-01_task-MotorImageryRest_run-06_channels.tsv	4361	330	False	f53f1e18
sub-16/ses-01/eeg/sub-16_ses-01_task-MotorImageryRest_run-06_events.tsv	715	321	False	b951e289
sub-16/ses-01/eeg/sub-16_ses-01_task-MotorImageryRest_run-01_events.tsv	718	319	False	6c72a6e0
sub-16/ses-01/eeg/sub-16_ses-01_task-MotorImageryRest_run-04_events.json	767	336	False	95434a42
sub-16/ses-01/eeg/sub-16_ses-01_task-MotorImageryRest_run-02_eeg.vhdr	2012	798	False	4a932edd
sub-16/ses-01/eeg/sub-16_ses-01_task-MotorImageryRest_run-03_eeg.vhdr	2012	798	False	dae7cb52
sub-16/ses-01/eeg/sub-16_ses-01_task-MotorImageryRest_run-02_eeg.vmrk	1447	596	False	2f3f9527
sub-16/ses-01/eeg/sub-16_ses-01_task-MotorImageryRest_run-03_eeg.vmrk	1446	591	False	34163710
sub-16/ses-01/eeg/sub-16_ses-01_task-MotorImageryRest_run-01_eeg.eeg	17083640	14661845	False	4f9ae0bb
sub-16/ses-01/eeg/sub-16_ses-01_task-MotorImageryRest_run-01_eeg.json	486	231	False	abc63480
sub-16/ses-01/eeg/sub-16_ses-01_task-rest_run-02_channels.tsv	6285	368	False	c63f781e
sub-16/ses-01/eeg/sub-16_ses-01_task-MotorImageryRest_run-04_events.tsv	716	318	False	0d398075
sub-16/ses-01/eeg/sub-16_ses-01_task-MotorImageryRest_run-01_events.json	767	336	False	95434a42
sub-16/ses-01/eeg/sub-16_ses-01_task-MotorImageryRest_run-06_eeg.vmrk	1446	594	False	86e35693
sub-16/ses-01/eeg/sub-16_ses-01_task-MotorImageryRest_run-06_eeg.vhdr	2012	798	False	66d3b222
sub-16/ses-01/eeg/sub-16_ses-01_task-rest_run-01_eeg.vmrk	521	334	False	902cd01b
sub-16/ses-01/eeg/sub-16_ses-01_task-rest_run-01_eeg.vhdr	1999	794	False	75933cf6
sub-16/ses-01/eeg/sub-16_ses-01_task-MotorImageryRest_run-06_events.json	767	336	False	95434a42
sub-16/ses-01/eeg/sub-16_ses-01_task-rest_run-02_eeg.eeg	13536376	11520912	False	31d53c0a
sub-16/ses-01/eeg/sub-16_ses-01_task-MotorImageryRest_run-05_eeg.eeg	16818424	14310083	False	9f43b08a
sub-16/ses-01/eeg/sub-16_ses-01_task-MotorImageryRest_run-02_events.tsv	717	321	False	8fabb9c9
sub-16/ses-01/eeg/sub-16_ses-01_task-MotorImageryRest_run-04_eeg.eeg	17224536	14732868	False	a1ec9770
sub-16/ses-01/eeg/sub-16_ses-01_task-rest_run-02_eeg.json	498	243	False	91abe826
sub-16/ses-01/eeg/sub-16_ses-01_task-MotorImageryRest_run-04_eeg.json	485	231	False	234ae280
sub-16/ses-01/eeg/sub-16_ses-01_task-MotorImageryRest_run-03_events.json	767	336	False	95434a42
sub-16/ses-01/eeg/sub-16_ses-01_task-MotorImageryRest_run-05_eeg.json	486	231	False	71235c97
sub-16/ses-01/eeg/sub-16_ses-01_task-rest_run-01_channels.tsv	6285	368	False	c63f781e
sub-16/ses-01/eeg/sub-16_ses-01_task-rest_run-01_eeg.eeg	14794080	12832577	False	85fa1966
sub-16/ses-01/eeg/sub-16_ses-01_task-MotorImageryRest_run-06_eeg.eeg	16861936	14490909	False	ca6f31f2
sub-16/ses-01/eeg/sub-16_ses-01_task-MotorImageryRest_run-05_events.tsv	721	319	False	98e8b495
sub-16/ses-01/eeg/sub-16_ses-01_task-MotorImageryRest_run-04_channels.tsv	4361	330	False	f53f1e18
sub-16/ses-01/eeg/sub-16_ses-01_task-MotorImageryRest_run-03_channels.tsv	4361	330	False	f53f1e18
sub-16/ses-01/eeg/sub-16_ses-01_task-MotorImageryRest_run-03_eeg.json	486	232	False	662ff19f
sub-16/ses-01/eeg/sub-16_ses-01_task-MotorImageryRest_run-02_eeg.json	486	232	False	20850515
sub-16/ses-01/eeg/sub-16_ses-01_task-MotorImageryRest_run-01_eeg.vhdr	2012	796	False	217f060d
sub-16/ses-01/eeg/sub-16_ses-01_task-MotorImageryRest_run-01_eeg.vmrk	1446	600	False	27aee37b
sub-16/ses-01/eeg/sub-16_ses-01_task-MotorImageryRest_run-02_channels.tsv	4361	330	False	f53f1e18
sub-16/ses-01/eeg/sub-16_ses-01_task-MotorImageryRest_run-05_events.json	767	336	False	95434a42
sub-16/ses-01/eeg/sub-16_ses-01_task-MotorImageryRest_run-05_channels.tsv	4361	330	False	f53f1e18
sub-02/	0	0	False	00000000
__MACOSX/._sub-02	220	93	False	29d7e44a
sub-02/.DS_Store	6148	332	False	118e55ab
__MACOSX/sub-02/._.DS_Store	120	53	False	38c0880b
sub-02/ses-02/	0	0	False	00000000
sub-02/ses-04/	0	0	False	00000000
sub-02/ses-03/	0	0	False	00000000
sub-02/ses-01/	0	0	False	00000000
sub-02/ses-02/.DS_Store	6148	285	False	b30b8159
__MACOSX/sub-02/ses-02/._.DS_Store	120	53	False	38c0880b
sub-02/ses-02/meg/	0	0	False	00000000
sub-02/ses-02/sub-02_ses-02_scans.tsv	1309	226	False	774e05cb
sub-02/ses-02/eeg/	0	0	False	00000000
sub-02/ses-04/.DS_Store	6148	287	False	642df82b
__MACOSX/sub-02/ses-04/._.DS_Store	120	53	False	38c0880b
sub-02/ses-04/meg/	0	0	False	00000000
sub-02/ses-04/sub-02_ses-04_scans.tsv	1309	245	False	31180085
sub-02/ses-04/eeg/	0	0	False	00000000
sub-02/ses-03/.DS_Store	6148	285	False	e4b4d385
__MACOSX/sub-02/ses-03/._.DS_Store	120	53	False	38c0880b
sub-02/ses-03/meg/	0	0	False	00000000
sub-02/ses-03/sub-02_ses-03_scans.tsv	1309	225	False	fd5be4dc
sub-02/ses-03/eeg/	0	0	False	00000000
sub-02/ses-01/.DS_Store	6148	284	False	813e2f22
__MACOSX/sub-02/ses-01/._.DS_Store	120	53	False	38c0880b
sub-02/ses-01/sub-02_ses-01_scans.tsv	1309	222	False	6ae52db4
sub-02/ses-01/meg/	0	0	False	00000000
sub-02/ses-01/eeg/	0	0	False	00000000
sub-02/ses-02/meg/sub-02_ses-02_task-rest_run-01_meg.fif	83962832	78392800	False	da4ec10c
sub-02/ses-02/meg/sub-02_ses-02_task-MotorImageryRest_run-05_events.json	767	336	False	95434a42
sub-02/ses-02/meg/sub-02_ses-02_task-MotorImageryRest_run-05_events.tsv	716	317	False	ebd35bf0
sub-02/ses-02/meg/sub-02_ses-02_task-MotorImageryRest_run-05_meg.fif	69124147	64520878	False	77779e99
sub-02/ses-02/meg/sub-02_ses-02_task-MotorImageryRest_run-04_meg.fif	70426483	65722168	False	c3941426
sub-02/ses-02/meg/sub-02_ses-02_task-MotorImageryRest_run-05_meg.json	689	306	False	0fe7df8a
sub-02/ses-02/meg/sub-02_ses-02_task-MotorImageryRest_run-04_meg.json	689	306	False	1ecd334e
sub-02/ses-02/meg/sub-02_ses-02_task-rest_run-02_meg.json	677	295	False	9ff99a53
sub-02/ses-02/meg/sub-02_ses-02_task-MotorImageryRest_run-06_meg.fif	69218395	64538127	False	882b381b
sub-02/ses-02/meg/sub-02_ses-02_task-MotorImageryRest_run-02_meg.json	689	306	False	0e9305c5
sub-02/ses-02/meg/sub-02_ses-02_task-MotorImageryRest_run-03_meg.json	689	306	False	f7e58b49
sub-02/ses-02/meg/sub-02_ses-02_task-MotorImageryRest_run-03_events.json	767	336	False	95434a42
sub-02/ses-02/meg/sub-02_ses-02_task-MotorImageryRest_run-02_channels.tsv	19989	1020	False	03360556
sub-02/ses-02/meg/sub-02_ses-02_task-rest_run-02_meg.fif	83962832	78392800	False	da4ec10c
sub-02/ses-02/meg/sub-02_ses-02_task-rest_run-02_channels.tsv	19989	1020	False	03360556
sub-02/ses-02/meg/sub-02_ses-02_task-MotorImageryRest_run-05_channels.tsv	19989	1020	False	03360556
sub-02/ses-02/meg/sub-02_ses-02_task-MotorImageryRest_run-02_events.tsv	719	322	False	b9b5156b
sub-02/ses-02/meg/sub-02_ses-02_task-MotorImageryRest_run-06_events.json	767	336	False	95434a42
sub-02/ses-02/meg/sub-02_ses-02_task-MotorImageryRest_run-04_channels.tsv	19989	1020	False	03360556
sub-02/ses-02/meg/sub-02_ses-02_task-MotorImageryRest_run-03_channels.tsv	19989	1020	False	03360556
sub-02/ses-02/meg/sub-02_ses-02_task-MotorImageryRest_run-06_meg.json	689	306	False	14c271c6
sub-02/ses-02/meg/sub-02_ses-02_task-MotorImageryRest_run-01_events.tsv	719	316	False	514a1858
sub-02/ses-02/meg/sub-02_ses-02_task-MotorImageryRest_run-02_meg.fif	69389755	64754419	False	511021fd
sub-02/ses-02/meg/sub-02_ses-02_task-rest_run-01_meg.json	677	295	False	9ff99a53
sub-02/ses-02/meg/sub-02_ses-02_task-MotorImageryRest_run-01_channels.tsv	19989	1020	False	03360556
sub-02/ses-02/meg/sub-02_ses-02_task-rest_run-01_channels.tsv	19989	1020	False	03360556
sub-02/ses-02/meg/sub-02_ses-02_task-MotorImageryRest_run-06_channels.tsv	19989	1020	False	03360556
sub-02/ses-02/meg/sub-02_ses-02_coordsystem.json	2230	496	False	efa5d3f4
sub-02/ses-02/meg/sub-02_ses-02_task-MotorImageryRest_run-01_events.json	767	336	False	95434a42
sub-02/ses-02/meg/sub-02_ses-02_task-MotorImageryRest_run-04_events.json	767	336	False	95434a42
sub-02/ses-02/meg/sub-02_ses-02_task-MotorImageryRest_run-04_events.tsv	717	320	False	b7ed29f8
sub-02/ses-02/meg/sub-02_ses-02_task-MotorImageryRest_run-03_meg.fif	70769203	66075117	False	1fa96cdc
sub-02/ses-02/meg/sub-02_ses-02_task-MotorImageryRest_run-03_events.tsv	719	317	False	d3d389f0
sub-02/ses-02/meg/sub-02_ses-02_task-MotorImageryRest_run-01_meg.fif	73930795	68971935	False	2102859f
sub-02/ses-02/meg/sub-02_ses-02_task-MotorImageryRest_run-02_events.json	767	336	False	95434a42
sub-02/ses-02/meg/sub-02_ses-02_task-MotorImageryRest_run-01_meg.json	689	306	False	c6ced96d
sub-02/ses-02/meg/sub-02_ses-02_task-MotorImageryRest_run-06_events.tsv	713	318	False	24b35e0a
sub-02/ses-02/eeg/sub-02_ses-02_task-MotorImageryRest_run-01_eeg.vmrk	1447	597	False	250571c8
sub-02/ses-02/eeg/sub-02_ses-02_task-MotorImageryRest_run-01_eeg.vhdr	2012	796	False	de50b405
sub-02/ses-02/eeg/sub-02_ses-02_task-rest_run-01_eeg.eeg	20276592	17553821	False	8cb627e6
sub-02/ses-02/eeg/sub-02_ses-02_task-MotorImageryRest_run-05_events.json	767	336	False	95434a42
sub-02/ses-02/eeg/sub-02_ses-02_task-MotorImageryRest_run-05_events.tsv	716	317	False	ebd35bf0
sub-02/ses-02/eeg/sub-02_ses-02_task-MotorImageryRest_run-05_eeg.eeg	16687888	14486557	False	0ccf8329
sub-02/ses-02/eeg/sub-02_ses-02_space-CapTrak_coordsystem.json	945	378	False	80782dfe
sub-02/ses-02/eeg/sub-02_ses-02_task-MotorImageryRest_run-04_eeg.eeg	17002832	14772089	False	c9a9e43e
sub-02/ses-02/eeg/sub-02_ses-02_task-MotorImageryRest_run-03_eeg.json	486	232	False	5c80e1f2
sub-02/ses-02/eeg/sub-02_ses-02_task-MotorImageryRest_run-02_eeg.json	486	232	False	8c5199da
sub-02/ses-02/eeg/sub-02_ses-02_task-MotorImageryRest_run-06_eeg.eeg	16710680	14518797	False	bcc7b607
sub-02/ses-02/eeg/sub-02_ses-02_task-rest_run-02_eeg.json	474	222	False	7b51f5fa
sub-02/ses-02/eeg/sub-02_ses-02_task-MotorImageryRest_run-03_events.json	767	336	False	95434a42
sub-02/ses-02/eeg/sub-02_ses-02_task-MotorImageryRest_run-02_channels.tsv	4361	330	False	f53f1e18
sub-02/ses-02/eeg/sub-02_ses-02_task-rest_run-02_channels.tsv	4361	330	False	f53f1e18
sub-02/ses-02/eeg/sub-02_ses-02_task-MotorImageryRest_run-04_eeg.json	486	232	False	9f338cbc
sub-02/ses-02/eeg/sub-02_ses-02_task-rest_run-02_eeg.eeg	20276592	17553821	False	8cb627e6
sub-02/ses-02/eeg/sub-02_ses-02_task-MotorImageryRest_run-05_eeg.json	486	231	False	cfd64fd7
sub-02/ses-02/eeg/sub-02_ses-02_task-MotorImageryRest_run-05_channels.tsv	4361	330	False	f53f1e18
sub-02/ses-02/eeg/sub-02_ses-02_task-MotorImageryRest_run-06_eeg.vhdr	2012	796	False	99fc002a
sub-02/ses-02/eeg/sub-02_ses-02_task-MotorImageryRest_run-06_eeg.vmrk	1445	594	False	ac94427e
sub-02/ses-02/eeg/sub-02_ses-02_task-rest_run-01_eeg.vmrk	521	334	False	0de483c8
sub-02/ses-02/eeg/sub-02_ses-02_task-rest_run-01_eeg.vhdr	1988	787	False	5596f030
sub-02/ses-02/eeg/sub-02_ses-02_task-MotorImageryRest_run-02_events.tsv	719	322	False	b9b5156b
sub-02/ses-02/eeg/sub-02_ses-02_task-MotorImageryRest_run-06_events.json	767	336	False	95434a42
sub-02/ses-02/eeg/sub-02_ses-02_task-MotorImageryRest_run-04_channels.tsv	4361	330	False	f53f1e18
sub-02/ses-02/eeg/sub-02_ses-02_task-MotorImageryRest_run-03_channels.tsv	4361	330	False	f53f1e18
sub-02/ses-02/eeg/sub-02_ses-02_task-MotorImageryRest_run-01_events.tsv	719	316	False	514a1858
sub-02/ses-02/eeg/sub-02_ses-02_task-MotorImageryRest_run-01_eeg.json	486	232	False	a94ed59c
sub-02/ses-02/eeg/sub-02_ses-02_task-MotorImageryRest_run-02_eeg.eeg	16752120	14551452	False	40babc93
sub-02/ses-02/eeg/sub-02_ses-02_task-MotorImageryRest_run-01_channels.tsv	4361	330	False	f53f1e18
sub-02/ses-02/eeg/sub-02_ses-02_task-rest_run-01_channels.tsv	4361	330	False	f53f1e18
sub-02/ses-02/eeg/sub-02_ses-02_task-MotorImageryRest_run-06_channels.tsv	4361	330	False	f53f1e18
sub-02/ses-02/eeg/sub-02_ses-02_task-MotorImageryRest_run-01_events.json	767	336	False	95434a42
sub-02/ses-02/eeg/sub-02_ses-02_task-MotorImageryRest_run-04_events.json	767	336	False	95434a42
sub-02/ses-02/eeg/sub-02_ses-02_task-MotorImageryRest_run-02_eeg.vmrk	1446	591	False	f5ecce32
sub-02/ses-02/eeg/sub-02_ses-02_task-MotorImageryRest_run-03_eeg.vmrk	1447	596	False	fabd1948
sub-02/ses-02/eeg/sub-02_ses-02_task-MotorImageryRest_run-04_events.tsv	717	320	False	b7ed29f8
sub-02/ses-02/eeg/sub-02_ses-02_task-MotorImageryRest_run-02_eeg.vhdr	2012	795	False	b5bc9cd5
sub-02/ses-02/eeg/sub-02_ses-02_task-MotorImageryRest_run-03_eeg.vhdr	2012	796	False	25c8795a
sub-02/ses-02/eeg/sub-02_ses-02_task-MotorImageryRest_run-03_eeg.eeg	17085712	14865193	False	013fc450
sub-02/ses-02/eeg/sub-02_ses-02_task-MotorImageryRest_run-03_events.tsv	719	317	False	d3d389f0
sub-02/ses-02/eeg/sub-02_ses-02_task-MotorImageryRest_run-05_eeg.vhdr	2012	797	False	f21028fa
sub-02/ses-02/eeg/sub-02_ses-02_task-MotorImageryRest_run-04_eeg.vhdr	2012	796	False	6264cd75
sub-02/ses-02/eeg/sub-02_ses-02_space-CapTrak_electrodes.tsv	5150	2435	False	4800cdee
sub-02/ses-02/eeg/sub-02_ses-02_task-MotorImageryRest_run-05_eeg.vmrk	1446	596	False	f939b0e8
sub-02/ses-02/eeg/sub-02_ses-02_task-MotorImageryRest_run-04_eeg.vmrk	1446	598	False	3bd76d0e
sub-02/ses-02/eeg/sub-02_ses-02_task-rest_run-02_eeg.vmrk	521	332	False	0e3e9dfa
sub-02/ses-02/eeg/sub-02_ses-02_task-rest_run-02_eeg.vhdr	1988	786	False	e08020b4
sub-02/ses-02/eeg/sub-02_ses-02_task-MotorImageryRest_run-01_eeg.eeg	17850280	15575641	False	8e71d099
sub-02/ses-02/eeg/sub-02_ses-02_task-MotorImageryRest_run-02_events.json	767	336	False	95434a42
sub-02/ses-02/eeg/sub-02_ses-02_task-rest_run-01_eeg.json	474	222	False	7b51f5fa
sub-02/ses-02/eeg/sub-02_ses-02_task-MotorImageryRest_run-06_eeg.json	486	232	False	77fa4ea6
sub-02/ses-02/eeg/sub-02_ses-02_task-MotorImageryRest_run-06_events.tsv	713	318	False	24b35e0a
sub-02/ses-04/meg/sub-02_ses-04_task-MotorImageryRest_run-04_meg.fif	70511511	65804696	False	e509e78f
sub-02/ses-04/meg/sub-02_ses-04_task-rest_run-02_channels.tsv	19989	1020	False	03360556
sub-02/ses-04/meg/sub-02_ses-04_task-MotorImageryRest_run-02_events.tsv	722	321	False	2b68d5f8
sub-02/ses-04/meg/sub-02_ses-04_task-MotorImageryRest_run-02_events.json	767	336	False	95434a42
sub-02/ses-04/meg/sub-02_ses-04_task-MotorImageryRest_run-04_meg.json	689	305	False	3cb6a169
sub-02/ses-04/meg/sub-02_ses-04_task-MotorImageryRest_run-05_meg.json	689	306	False	4c6ee30b
sub-02/ses-04/meg/sub-02_ses-04_coordsystem.json	2198	468	False	af1c0f5f
sub-02/ses-04/meg/sub-02_ses-04_task-MotorImageryRest_run-05_meg.fif	70434403	65742926	False	fef36b59
sub-02/ses-04/meg/sub-02_ses-04_task-MotorImageryRest_run-03_channels.tsv	19989	1020	False	03360556
sub-02/ses-04/meg/sub-02_ses-04_task-MotorImageryRest_run-04_channels.tsv	19989	1020	False	03360556
sub-02/ses-04/meg/sub-02_ses-04_task-rest_run-01_meg.json	677	295	False	e5cbd109
sub-02/ses-04/meg/sub-02_ses-04_task-MotorImageryRest_run-03_meg.json	689	306	False	6c8fc602
sub-02/ses-04/meg/sub-02_ses-04_task-MotorImageryRest_run-02_meg.json	689	306	False	9f259692
sub-02/ses-04/meg/sub-02_ses-04_task-MotorImageryRest_run-05_events.tsv	716	315	False	42168cc2
sub-02/ses-04/meg/sub-02_ses-04_task-MotorImageryRest_run-01_events.json	767	336	False	95434a42
sub-02/ses-04/meg/sub-02_ses-04_task-MotorImageryRest_run-04_events.json	767	336	False	95434a42
sub-02/ses-04/meg/sub-02_ses-04_task-MotorImageryRest_run-05_channels.tsv	19989	1020	False	03360556
sub-02/ses-04/meg/sub-02_ses-04_task-MotorImageryRest_run-02_channels.tsv	19989	1020	False	03360556
sub-02/ses-04/meg/sub-02_ses-04_task-MotorImageryRest_run-06_meg.fif	70622895	65914851	False	673c14cc
sub-02/ses-04/meg/sub-02_ses-04_task-rest_run-02_meg.fif	55176882	32832505	False	aad5a1dd
sub-02/ses-04/meg/sub-02_ses-04_task-MotorImageryRest_run-03_events.tsv	719	322	False	33b05c67
sub-02/ses-04/meg/sub-02_ses-04_task-MotorImageryRest_run-03_events.json	767	336	False	95434a42
sub-02/ses-04/meg/sub-02_ses-04_task-MotorImageryRest_run-03_meg.fif	69783231	65139691	False	57af6fe5
sub-02/ses-04/meg/sub-02_ses-04_task-MotorImageryRest_run-06_meg.json	689	306	False	48ff5479
sub-02/ses-04/meg/sub-02_ses-04_task-MotorImageryRest_run-02_meg.fif	70897075	66172274	False	f71fb7ec
sub-02/ses-04/meg/sub-02_ses-04_task-MotorImageryRest_run-06_channels.tsv	19989	1020	False	03360556
sub-02/ses-04/meg/sub-02_ses-04_task-MotorImageryRest_run-06_events.json	767	336	False	95434a42
sub-02/ses-04/meg/sub-02_ses-04_task-MotorImageryRest_run-01_channels.tsv	19989	1020	False	03360556
sub-02/ses-04/meg/sub-02_ses-04_task-MotorImageryRest_run-06_events.tsv	722	321	False	a5629115
sub-02/ses-04/meg/sub-02_ses-04_task-MotorImageryRest_run-01_events.tsv	716	316	False	6d10d450
sub-02/ses-04/meg/sub-02_ses-04_task-MotorImageryRest_run-05_events.json	767	336	False	95434a42
sub-02/ses-04/meg/sub-02_ses-04_task-rest_run-01_meg.fif	55176886	33493331	False	ea96acec
sub-02/ses-04/meg/sub-02_ses-04_task-rest_run-01_channels.tsv	19989	1020	False	03360556
sub-02/ses-04/meg/sub-02_ses-04_task-MotorImageryRest_run-04_events.tsv	717	319	False	719cb92d
sub-02/ses-04/meg/sub-02_ses-04_task-MotorImageryRest_run-01_meg.fif	70108815	65440940	False	56400ef4
sub-02/ses-04/meg/sub-02_ses-04_task-rest_run-02_meg.json	677	295	False	e5cbd109
sub-02/ses-04/meg/sub-02_ses-04_task-MotorImageryRest_run-01_meg.json	689	306	False	5ef32d0f
sub-02/ses-04/eeg/sub-02_ses-04_task-MotorImageryRest_run-04_eeg.eeg	17023552	14969237	False	2edff74c
sub-02/ses-04/eeg/sub-02_ses-04_space-CapTrak_coordsystem.json	945	378	False	6cdfecca
sub-02/ses-04/eeg/sub-02_ses-04_task-MotorImageryRest_run-01_eeg.vmrk	1447	599	False	10b8a4f3
sub-02/ses-04/eeg/sub-02_ses-04_task-MotorImageryRest_run-01_eeg.vhdr	2012	797	False	d6aab7b6
sub-02/ses-04/eeg/sub-02_ses-04_task-rest_run-02_eeg.vhdr	1988	787	False	148da897
sub-02/ses-04/eeg/sub-02_ses-04_task-rest_run-02_eeg.vmrk	521	335	False	3578e5d9
sub-02/ses-04/eeg/sub-02_ses-04_task-rest_run-01_eeg.json	474	222	False	c8211db8
sub-02/ses-04/eeg/sub-02_ses-04_task-rest_run-02_channels.tsv	4361	330	False	f53f1e18
sub-02/ses-04/eeg/sub-02_ses-04_task-MotorImageryRest_run-02_eeg.json	486	232	False	902af7d3
sub-02/ses-04/eeg/sub-02_ses-04_task-MotorImageryRest_run-03_eeg.json	486	232	False	987337d4
sub-02/ses-04/eeg/sub-02_ses-04_task-MotorImageryRest_run-02_events.tsv	722	321	False	2b68d5f8
sub-02/ses-04/eeg/sub-02_ses-04_task-MotorImageryRest_run-02_events.json	767	336	False	95434a42
sub-02/ses-04/eeg/sub-02_ses-04_task-MotorImageryRest_run-05_eeg.eeg	17004904	14944640	False	d3c37cc8
sub-02/ses-04/eeg/sub-02_ses-04_task-MotorImageryRest_run-03_channels.tsv	4361	330	False	f53f1e18
sub-02/ses-04/eeg/sub-02_ses-04_task-MotorImageryRest_run-04_channels.tsv	4361	330	False	f53f1e18
sub-02/ses-04/eeg/sub-02_ses-04_task-MotorImageryRest_run-05_eeg.json	486	231	False	bac05185
sub-02/ses-04/eeg/sub-02_ses-04_task-MotorImageryRest_run-04_eeg.json	486	230	False	a4c7b3f3
sub-02/ses-04/eeg/sub-02_ses-04_task-MotorImageryRest_run-05_events.tsv	716	315	False	42168cc2
sub-02/ses-04/eeg/sub-02_ses-04_task-MotorImageryRest_run-01_events.json	767	336	False	95434a42
sub-02/ses-04/eeg/sub-02_ses-04_task-MotorImageryRest_run-04_events.json	767	336	False	95434a42
sub-02/ses-04/eeg/sub-02_ses-04_task-MotorImageryRest_run-05_channels.tsv	4361	330	False	f53f1e18
sub-02/ses-04/eeg/sub-02_ses-04_task-MotorImageryRest_run-02_channels.tsv	4361	330	False	f53f1e18
sub-02/ses-04/eeg/sub-02_ses-04_task-MotorImageryRest_run-06_eeg.eeg	17050488	15038843	False	b7ca4d04
sub-02/ses-04/eeg/sub-02_ses-04_task-MotorImageryRest_run-06_eeg.vhdr	2012	797	False	91060399
sub-02/ses-04/eeg/sub-02_ses-04_task-MotorImageryRest_run-06_eeg.vmrk	1447	595	False	f37871e8
sub-02/ses-04/eeg/sub-02_ses-04_task-MotorImageryRest_run-03_events.tsv	719	322	False	33b05c67
sub-02/ses-04/eeg/sub-02_ses-04_task-rest_run-02_eeg.eeg	13320000	12358129	False	407391bc
sub-02/ses-04/eeg/sub-02_ses-04_task-MotorImageryRest_run-03_events.json	767	336	False	95434a42
sub-02/ses-04/eeg/sub-02_ses-04_task-rest_run-02_eeg.json	474	222	False	c8211db8
sub-02/ses-04/eeg/sub-02_ses-04_task-MotorImageryRest_run-03_eeg.eeg	16847432	14784933	False	63712457
sub-02/ses-04/eeg/sub-02_ses-04_task-MotorImageryRest_run-01_eeg.json	486	231	False	9642ed98
sub-02/ses-04/eeg/sub-02_ses-04_task-MotorImageryRest_run-06_channels.tsv	4361	330	False	f53f1e18
sub-02/ses-04/eeg/sub-02_ses-04_task-MotorImageryRest_run-06_events.json	767	336	False	95434a42
sub-02/ses-04/eeg/sub-02_ses-04_task-MotorImageryRest_run-02_eeg.eeg	17116792	15103656	False	edaacafb
sub-02/ses-04/eeg/sub-02_ses-04_task-MotorImageryRest_run-01_channels.tsv	4361	330	False	f53f1e18
sub-02/ses-04/eeg/sub-02_ses-04_task-MotorImageryRest_run-03_eeg.vmrk	1447	600	False	de7cba80
sub-02/ses-04/eeg/sub-02_ses-04_task-MotorImageryRest_run-02_eeg.vmrk	1447	599	False	b460d9ff
sub-02/ses-04/eeg/sub-02_ses-04_task-MotorImageryRest_run-03_eeg.vhdr	2012	798	False	2d327ae9
sub-02/ses-04/eeg/sub-02_ses-04_task-MotorImageryRest_run-02_eeg.vhdr	2012	797	False	bd469f66
sub-02/ses-04/eeg/sub-02_ses-04_task-rest_run-01_eeg.vhdr	1988	789	False	a19b7813
sub-02/ses-04/eeg/sub-02_ses-04_task-rest_run-01_eeg.vmrk	521	336	False	36a2fbeb
sub-02/ses-04/eeg/sub-02_ses-04_task-MotorImageryRest_run-06_events.tsv	722	321	False	a5629115
sub-02/ses-04/eeg/sub-02_ses-04_space-CapTrak_electrodes.tsv	5147	2434	False	092d19a7
sub-02/ses-04/eeg/sub-02_ses-04_task-MotorImageryRest_run-01_events.tsv	716	316	False	6d10d450
sub-02/ses-04/eeg/sub-02_ses-04_task-MotorImageryRest_run-04_eeg.vhdr	2012	796	False	6a9ecec6
sub-02/ses-04/eeg/sub-02_ses-04_task-MotorImageryRest_run-05_eeg.vhdr	2012	797	False	faea2b49
sub-02/ses-04/eeg/sub-02_ses-04_task-MotorImageryRest_run-04_eeg.vmrk	1447	595	False	cfd836c7
sub-02/ses-04/eeg/sub-02_ses-04_task-MotorImageryRest_run-05_eeg.vmrk	1447	597	False	bca8cf0e
sub-02/ses-04/eeg/sub-02_ses-04_task-MotorImageryRest_run-05_events.json	767	336	False	95434a42
sub-02/ses-04/eeg/sub-02_ses-04_task-rest_run-01_eeg.eeg	13320000	12362152	False	af76a5fc
sub-02/ses-04/eeg/sub-02_ses-04_task-rest_run-01_channels.tsv	4361	330	False	f53f1e18
sub-02/ses-04/eeg/sub-02_ses-04_task-MotorImageryRest_run-04_events.tsv	717	319	False	719cb92d
sub-02/ses-04/eeg/sub-02_ses-04_task-MotorImageryRest_run-01_eeg.eeg	16926168	14850282	False	568a8c42
sub-02/ses-04/eeg/sub-02_ses-04_task-MotorImageryRest_run-06_eeg.json	486	231	False	b76ec962
sub-02/ses-03/meg/sub-02_ses-03_task-rest_run-02_channels.tsv	19989	1020	False	03360556
sub-02/ses-03/meg/sub-02_ses-03_task-MotorImageryRest_run-05_events.tsv	722	326	False	3dc483a9
sub-02/ses-03/meg/sub-02_ses-03_task-MotorImageryRest_run-04_meg.fif	72654123	67816866	False	aa9ea763
sub-02/ses-03/meg/sub-02_ses-03_task-MotorImageryRest_run-04_events.json	767	336	False	95434a42
sub-02/ses-03/meg/sub-02_ses-03_task-MotorImageryRest_run-01_events.json	767	336	False	95434a42
sub-02/ses-03/meg/sub-02_ses-03_task-MotorImageryRest_run-05_meg.json	689	306	False	3e2c1647
sub-02/ses-03/meg/sub-02_ses-03_task-MotorImageryRest_run-04_meg.json	689	306	False	bc28fc20
sub-02/ses-03/meg/sub-02_ses-03_task-rest_run-02_meg.fif	55363460	51627614	False	fae749c8
sub-02/ses-03/meg/sub-02_ses-03_task-MotorImageryRest_run-05_meg.fif	69792411	65132226	False	28b546f7
sub-02/ses-03/meg/sub-02_ses-03_task-MotorImageryRest_run-02_channels.tsv	19989	1020	False	03360556
sub-02/ses-03/meg/sub-02_ses-03_task-MotorImageryRest_run-05_channels.tsv	19989	1020	False	03360556
sub-02/ses-03/meg/sub-02_ses-03_task-MotorImageryRest_run-02_events.json	767	336	False	95434a42
sub-02/ses-03/meg/sub-02_ses-03_task-MotorImageryRest_run-02_meg.json	689	306	False	7819085a
sub-02/ses-03/meg/sub-02_ses-03_task-MotorImageryRest_run-03_meg.json	688	305	False	dbe538b1
sub-02/ses-03/meg/sub-02_ses-03_task-rest_run-01_meg.fif	58884908	54933867	False	bae2e9f0
sub-02/ses-03/meg/sub-02_ses-03_task-MotorImageryRest_run-04_channels.tsv	19989	1020	False	03360556
sub-02/ses-03/meg/sub-02_ses-03_task-MotorImageryRest_run-06_meg.fif	70777725	66021691	False	72735c08
sub-02/ses-03/meg/sub-02_ses-03_task-MotorImageryRest_run-03_channels.tsv	19989	1020	False	03360556
sub-02/ses-03/meg/sub-02_ses-03_task-MotorImageryRest_run-02_events.tsv	722	318	False	02daa937
sub-02/ses-03/meg/sub-02_ses-03_task-rest_run-01_meg.json	677	296	False	d52f8030
sub-02/ses-03/meg/sub-02_ses-03_task-MotorImageryRest_run-06_meg.json	689	306	False	a54eab3c
sub-02/ses-03/meg/sub-02_ses-03_task-MotorImageryRest_run-01_channels.tsv	19989	1020	False	03360556
sub-02/ses-03/meg/sub-02_ses-03_task-MotorImageryRest_run-06_channels.tsv	19989	1020	False	03360556
sub-02/ses-03/meg/sub-02_ses-03_task-MotorImageryRest_run-03_meg.fif	69543943	64879094	False	73b9ae91
sub-02/ses-03/meg/sub-02_ses-03_task-MotorImageryRest_run-01_events.tsv	717	321	False	4509989d
sub-02/ses-03/meg/sub-02_ses-03_task-MotorImageryRest_run-02_meg.fif	70006615	65303023	False	6fa9757c
sub-02/ses-03/meg/sub-02_ses-03_task-MotorImageryRest_run-05_events.json	767	336	False	95434a42
sub-02/ses-03/meg/sub-02_ses-03_task-MotorImageryRest_run-04_events.tsv	722	323	False	510518bc
sub-02/ses-03/meg/sub-02_ses-03_task-rest_run-02_meg.json	676	295	False	2ecee911
sub-02/ses-03/meg/sub-02_ses-03_task-rest_run-01_channels.tsv	19989	1020	False	03360556
sub-02/ses-03/meg/sub-02_ses-03_task-MotorImageryRest_run-03_events.tsv	719	314	False	1b05dd56
sub-02/ses-03/meg/sub-02_ses-03_coordsystem.json	2198	476	False	259a7ff1
sub-02/ses-03/meg/sub-02_ses-03_task-MotorImageryRest_run-06_events.json	767	336	False	95434a42
sub-02/ses-03/meg/sub-02_ses-03_task-MotorImageryRest_run-06_events.tsv	698	311	False	d29f7e8c
sub-02/ses-03/meg/sub-02_ses-03_task-MotorImageryRest_run-01_meg.json	689	306	False	df25a3ca
sub-02/ses-03/meg/sub-02_ses-03_task-MotorImageryRest_run-03_events.json	767	336	False	95434a42
sub-02/ses-03/meg/sub-02_ses-03_task-MotorImageryRest_run-01_meg.fif	71480307	66744307	False	03eedc21
sub-02/ses-03/eeg/sub-02_ses-03_task-MotorImageryRest_run-01_eeg.vmrk	1447	598	False	e0209408
sub-02/ses-03/eeg/sub-02_ses-03_task-MotorImageryRest_run-01_eeg.vhdr	2012	798	False	303cc86d
sub-02/ses-03/eeg/sub-02_ses-03_task-rest_run-02_channels.tsv	4361	330	False	f53f1e18
sub-02/ses-03/eeg/sub-02_ses-03_task-MotorImageryRest_run-05_events.tsv	722	326	False	3dc483a9
sub-02/ses-03/eeg/sub-02_ses-03_task-MotorImageryRest_run-04_eeg.eeg	17541552	15432578	False	30fd6288
sub-02/ses-03/eeg/sub-02_ses-03_task-MotorImageryRest_run-04_events.json	767	336	False	95434a42
sub-02/ses-03/eeg/sub-02_ses-03_task-rest_run-01_eeg.json	474	222	False	5cc29b4c
sub-02/ses-03/eeg/sub-02_ses-03_task-rest_run-02_eeg.vmrk	521	335	False	5e37f715
sub-02/ses-03/eeg/sub-02_ses-03_task-rest_run-02_eeg.vhdr	1988	787	False	9215e25b
sub-02/ses-03/eeg/sub-02_ses-03_task-MotorImageryRest_run-01_events.json	767	336	False	95434a42
sub-02/ses-03/eeg/sub-02_ses-03_task-rest_run-02_eeg.eeg	13360256	11712931	False	407a5906
sub-02/ses-03/eeg/sub-02_ses-03_space-CapTrak_electrodes.tsv	5150	2435	False	3a9ea4b7
sub-02/ses-03/eeg/sub-02_ses-03_task-MotorImageryRest_run-03_eeg.json	485	231	False	b859a429
sub-02/ses-03/eeg/sub-02_ses-03_task-MotorImageryRest_run-02_eeg.json	486	232	False	a0184a30
sub-02/ses-03/eeg/sub-02_ses-03_task-MotorImageryRest_run-05_eeg.eeg	16849504	14845204	False	e0e7b677
sub-02/ses-03/eeg/sub-02_ses-03_task-MotorImageryRest_run-02_channels.tsv	4361	330	False	f53f1e18
sub-02/ses-03/eeg/sub-02_ses-03_task-MotorImageryRest_run-05_channels.tsv	4361	330	False	f53f1e18
sub-02/ses-03/eeg/sub-02_ses-03_space-CapTrak_coordsystem.json	945	378	False	10e196e9
sub-02/ses-03/eeg/sub-02_ses-03_task-MotorImageryRest_run-02_events.json	767	336	False	95434a42
sub-02/ses-03/eeg/sub-02_ses-03_task-MotorImageryRest_run-04_eeg.json	486	232	False	e26bb718
sub-02/ses-03/eeg/sub-02_ses-03_task-MotorImageryRest_run-05_eeg.json	486	231	False	bd80eaed
sub-02/ses-03/eeg/sub-02_ses-03_task-MotorImageryRest_run-06_eeg.vhdr	2012	798	False	77907c42
sub-02/ses-03/eeg/sub-02_ses-03_task-rest_run-01_eeg.eeg	14211848	12457597	False	0caa8219
sub-02/ses-03/eeg/sub-02_ses-03_task-MotorImageryRest_run-06_eeg.vmrk	1417	592	False	1de60e7a
sub-02/ses-03/eeg/sub-02_ses-03_task-MotorImageryRest_run-06_eeg.eeg	17087784	15016388	False	8f9e39d0
sub-02/ses-03/eeg/sub-02_ses-03_task-MotorImageryRest_run-04_channels.tsv	4361	330	False	f53f1e18
sub-02/ses-03/eeg/sub-02_ses-03_task-MotorImageryRest_run-03_channels.tsv	4361	330	False	f53f1e18
sub-02/ses-03/eeg/sub-02_ses-03_task-MotorImageryRest_run-02_events.tsv	722	318	False	02daa937
sub-02/ses-03/eeg/sub-02_ses-03_task-MotorImageryRest_run-01_channels.tsv	4361	330	False	f53f1e18
sub-02/ses-03/eeg/sub-02_ses-03_task-MotorImageryRest_run-01_eeg.json	486	231	False	dca506f6
sub-02/ses-03/eeg/sub-02_ses-03_task-MotorImageryRest_run-06_channels.tsv	4361	330	False	f53f1e18
sub-02/ses-03/eeg/sub-02_ses-03_task-rest_run-01_eeg.vmrk	521	336	False	5dede927
sub-02/ses-03/eeg/sub-02_ses-03_task-MotorImageryRest_run-03_eeg.eeg	16789416	14774829	False	7c717861
sub-02/ses-03/eeg/sub-02_ses-03_task-rest_run-01_eeg.vhdr	1988	789	False	270332df
sub-02/ses-03/eeg/sub-02_ses-03_task-MotorImageryRest_run-01_events.tsv	717	321	False	4509989d
sub-02/ses-03/eeg/sub-02_ses-03_task-MotorImageryRest_run-05_events.json	767	336	False	95434a42
sub-02/ses-03/eeg/sub-02_ses-03_task-MotorImageryRest_run-02_eeg.eeg	16901304	14829620	False	045bf033
sub-02/ses-03/eeg/sub-02_ses-03_task-MotorImageryRest_run-04_events.tsv	722	323	False	510518bc
sub-02/ses-03/eeg/sub-02_ses-03_task-rest_run-02_eeg.json	473	221	False	dbb73bb3
sub-02/ses-03/eeg/sub-02_ses-03_task-MotorImageryRest_run-02_eeg.vmrk	1447	596	False	65604505
sub-02/ses-03/eeg/sub-02_ses-03_task-MotorImageryRest_run-03_eeg.vmrk	1446	595	False	c3fd4279
sub-02/ses-03/eeg/sub-02_ses-03_task-MotorImageryRest_run-02_eeg.vhdr	2012	797	False	5bd0e0bd
sub-02/ses-03/eeg/sub-02_ses-03_task-MotorImageryRest_run-03_eeg.vhdr	2012	796	False	cba40532
sub-02/ses-03/eeg/sub-02_ses-03_task-rest_run-01_channels.tsv	4361	330	False	f53f1e18
sub-02/ses-03/eeg/sub-02_ses-03_task-MotorImageryRest_run-05_eeg.vhdr	2012	798	False	1c7c5492
sub-02/ses-03/eeg/sub-02_ses-03_task-MotorImageryRest_run-04_eeg.vhdr	2012	798	False	8c08b11d
sub-02/ses-03/eeg/sub-02_ses-03_task-MotorImageryRest_run-05_eeg.vmrk	1446	596	False	4bc15e9f
sub-02/ses-03/eeg/sub-02_ses-03_task-MotorImageryRest_run-04_eeg.vmrk	1448	600	False	b7f6a85e
sub-02/ses-03/eeg/sub-02_ses-03_task-MotorImageryRest_run-03_events.tsv	719	314	False	1b05dd56
sub-02/ses-03/eeg/sub-02_ses-03_task-MotorImageryRest_run-06_events.json	767	336	False	95434a42
sub-02/ses-03/eeg/sub-02_ses-03_task-MotorImageryRest_run-06_events.tsv	698	311	False	d29f7e8c
sub-02/ses-03/eeg/sub-02_ses-03_task-MotorImageryRest_run-03_events.json	767	336	False	95434a42
sub-02/ses-03/eeg/sub-02_ses-03_task-MotorImageryRest_run-06_eeg.json	486	231	False	2701646e
sub-02/ses-03/eeg/sub-02_ses-03_task-MotorImageryRest_run-01_eeg.eeg	17257688	15113660	False	628f7885
sub-02/ses-01/meg/sub-02_ses-01_task-MotorImageryRest_run-06_events.json	767	336	False	95434a42
sub-02/ses-01/meg/sub-02_ses-01_task-MotorImageryRest_run-01_channels.tsv	19989	1020	False	03360556
sub-02/ses-01/meg/sub-02_ses-01_task-MotorImageryRest_run-06_channels.tsv	19989	1020	False	03360556
sub-02/ses-01/meg/sub-02_ses-01_task-MotorImageryRest_run-01_meg.fif	71067823	66324502	False	7e314130
sub-02/ses-01/meg/sub-02_ses-01_task-MotorImageryRest_run-05_events.tsv	717	320	False	fb6018c1
sub-02/ses-01/meg/sub-02_ses-01_task-rest_run-01_meg.json	677	295	False	9ff99a53
sub-02/ses-01/meg/sub-02_ses-01_task-MotorImageryRest_run-03_events.json	767	336	False	95434a42
sub-02/ses-01/meg/sub-02_ses-01_task-MotorImageryRest_run-04_meg.json	688	305	False	5815069f
sub-02/ses-01/meg/sub-02_ses-01_task-MotorImageryRest_run-05_meg.json	689	306	False	69fbc944
sub-02/ses-01/meg/sub-02_ses-01_task-MotorImageryRest_run-02_meg.fif	70091067	65432000	False	51e9e749
sub-02/ses-01/meg/sub-02_ses-01_coordsystem.json	2228	497	False	daa0f643
sub-02/ses-01/meg/sub-02_ses-01_task-MotorImageryRest_run-02_events.tsv	719	320	False	a597a1f2
sub-02/ses-01/meg/sub-02_ses-01_task-MotorImageryRest_run-03_meg.json	689	306	False	c5e714ac
sub-02/ses-01/meg/sub-02_ses-01_task-MotorImageryRest_run-02_meg.json	689	306	False	47eb8d3f
sub-02/ses-01/meg/sub-02_ses-01_task-rest_run-01_channels.tsv	19989	1020	False	03360556
sub-02/ses-01/meg/sub-02_ses-01_task-MotorImageryRest_run-03_meg.fif	69259971	64677681	False	e9a96e0d
sub-02/ses-01/meg/sub-02_ses-01_task-MotorImageryRest_run-05_events.json	767	336	False	95434a42
sub-02/ses-01/meg/sub-02_ses-01_task-rest_run-02_meg.json	677	295	False	9ff99a53
sub-02/ses-01/meg/sub-02_ses-01_task-MotorImageryRest_run-02_events.json	767	336	False	95434a42
sub-02/ses-01/meg/sub-02_ses-01_task-MotorImageryRest_run-06_meg.json	689	305	False	ba1ff5bf
sub-02/ses-01/meg/sub-02_ses-01_task-MotorImageryRest_run-06_meg.fif	69474175	64812936	False	2d8217b7
sub-02/ses-01/meg/sub-02_ses-01_task-MotorImageryRest_run-04_events.tsv	719	322	False	63be4fb6
sub-02/ses-01/meg/sub-02_ses-01_task-MotorImageryRest_run-01_events.tsv	723	320	False	340e8a53
sub-02/ses-01/meg/sub-02_ses-01_task-rest_run-01_meg.fif	83962832	78392800	False	da4ec10c
sub-02/ses-01/meg/sub-02_ses-01_task-rest_run-02_channels.tsv	19989	1020	False	03360556
sub-02/ses-01/meg/sub-02_ses-01_task-MotorImageryRest_run-02_channels.tsv	19989	1020	False	03360556
sub-02/ses-01/meg/sub-02_ses-01_task-MotorImageryRest_run-05_channels.tsv	19989	1020	False	03360556
sub-02/ses-01/meg/sub-02_ses-01_task-MotorImageryRest_run-04_events.json	767	336	False	95434a42
sub-02/ses-01/meg/sub-02_ses-01_task-MotorImageryRest_run-05_meg.fif	70476631	65768547	False	12f78064
sub-02/ses-01/meg/sub-02_ses-01_task-MotorImageryRest_run-06_events.tsv	716	317	False	1aee0d23
sub-02/ses-01/meg/sub-02_ses-01_task-MotorImageryRest_run-03_events.tsv	725	323	False	dde1cf69
sub-02/ses-01/meg/sub-02_ses-01_task-MotorImageryRest_run-04_channels.tsv	19989	1020	False	03360556
sub-02/ses-01/meg/sub-02_ses-01_task-MotorImageryRest_run-04_meg.fif	69756919	65110862	False	e8c0fd38
sub-02/ses-01/meg/sub-02_ses-01_task-MotorImageryRest_run-03_channels.tsv	19989	1020	False	03360556
sub-02/ses-01/meg/sub-02_ses-01_task-rest_run-02_meg.fif	83962832	78392800	False	da4ec10c
sub-02/ses-01/meg/sub-02_ses-01_task-MotorImageryRest_run-01_meg.json	689	306	False	546face2
sub-02/ses-01/meg/sub-02_ses-01_task-MotorImageryRest_run-01_events.json	767	336	False	95434a42
sub-02/ses-01/eeg/sub-02_ses-01_task-MotorImageryRest_run-01_eeg.vhdr	2012	796	False	379536fc
sub-02/ses-01/eeg/sub-02_ses-01_task-MotorImageryRest_run-01_eeg.vmrk	1447	597	False	c80a428a
sub-02/ses-01/eeg/sub-02_ses-01_task-MotorImageryRest_run-06_events.json	767	336	False	95434a42
sub-02/ses-01/eeg/sub-02_ses-01_task-MotorImageryRest_run-01_channels.tsv	4361	330	False	f53f1e18
sub-02/ses-01/eeg/sub-02_ses-01_task-MotorImageryRest_run-06_channels.tsv	4361	330	False	f53f1e18
sub-02/ses-01/eeg/sub-02_ses-01_task-MotorImageryRest_run-01_eeg.eeg	17158232	14860259	False	7bac5d87
sub-02/ses-01/eeg/sub-02_ses-01_task-MotorImageryRest_run-05_events.tsv	717	320	False	fb6018c1
sub-02/ses-01/eeg/sub-02_ses-01_task-MotorImageryRest_run-02_eeg.json	486	231	False	e6a34ef4
sub-02/ses-01/eeg/sub-02_ses-01_task-MotorImageryRest_run-03_eeg.json	486	231	False	d37eb235
sub-02/ses-01/eeg/sub-02_ses-01_task-MotorImageryRest_run-03_events.json	767	336	False	95434a42
sub-02/ses-01/eeg/sub-02_ses-01_task-MotorImageryRest_run-02_eeg.eeg	16922024	14686128	False	1d4bb4b7
sub-02/ses-01/eeg/sub-02_ses-01_task-MotorImageryRest_run-02_events.tsv	719	320	False	a597a1f2
sub-02/ses-01/eeg/sub-02_ses-01_task-MotorImageryRest_run-05_eeg.json	486	231	False	1c5c4a99
sub-02/ses-01/eeg/sub-02_ses-01_task-MotorImageryRest_run-04_eeg.json	485	231	False	9ad5a27c
sub-02/ses-01/eeg/sub-02_ses-01_task-rest_run-01_eeg.json	474	222	False	7b51f5fa
sub-02/ses-01/eeg/sub-02_ses-01_task-rest_run-02_eeg.vhdr	1988	787	False	773e6785
sub-02/ses-01/eeg/sub-02_ses-01_task-rest_run-02_eeg.vmrk	521	334	False	fe2522cb
sub-02/ses-01/eeg/sub-02_ses-01_task-MotorImageryRest_run-06_eeg.vmrk	1446	597	False	857bf04c
sub-02/ses-01/eeg/sub-02_ses-01_task-MotorImageryRest_run-06_eeg.vhdr	2012	797	False	703982d3
sub-02/ses-01/eeg/sub-02_ses-01_task-rest_run-01_channels.tsv	4361	330	False	f53f1e18
sub-02/ses-01/eeg/sub-02_ses-01_task-MotorImageryRest_run-03_eeg.eeg	16721040	14533026	False	5a303fac
sub-02/ses-01/eeg/sub-02_ses-01_task-MotorImageryRest_run-05_events.json	767	336	False	95434a42
sub-02/ses-01/eeg/sub-02_ses-01_task-MotorImageryRest_run-02_events.json	767	336	False	95434a42
sub-02/ses-01/eeg/sub-02_ses-01_task-MotorImageryRest_run-01_eeg.json	486	232	False	8afb4c3d
sub-02/ses-01/eeg/sub-02_ses-01_task-MotorImageryRest_run-06_eeg.eeg	16772840	14600117	False	18a2a68f
sub-02/ses-01/eeg/sub-02_ses-01_task-MotorImageryRest_run-04_events.tsv	719	322	False	63be4fb6
sub-02/ses-01/eeg/sub-02_ses-01_task-MotorImageryRest_run-01_events.tsv	723	320	False	340e8a53
sub-02/ses-01/eeg/sub-02_ses-01_task-MotorImageryRest_run-03_eeg.vhdr	2012	798	False	cc0dfba3
sub-02/ses-01/eeg/sub-02_ses-01_task-MotorImageryRest_run-02_eeg.vhdr	2012	797	False	5c791e2c
sub-02/ses-01/eeg/sub-02_ses-01_task-MotorImageryRest_run-03_eeg.vmrk	1446	594	False	a7ad7ec2
sub-02/ses-01/eeg/sub-02_ses-01_task-MotorImageryRest_run-02_eeg.vmrk	1447	592	False	73f12601
sub-02/ses-01/eeg/sub-02_ses-01_task-rest_run-01_eeg.eeg	20276592	17553821	False	8cb627e6
sub-02/ses-01/eeg/sub-02_ses-01_task-rest_run-02_channels.tsv	4361	330	False	f53f1e18
sub-02/ses-01/eeg/sub-02_ses-01_task-MotorImageryRest_run-02_channels.tsv	4361	330	False	f53f1e18
sub-02/ses-01/eeg/sub-02_ses-01_task-MotorImageryRest_run-05_channels.tsv	4361	330	False	f53f1e18
sub-02/ses-01/eeg/sub-02_ses-01_space-CapTrak_coordsystem.json	945	378	False	80782dfe
sub-02/ses-01/eeg/sub-02_ses-01_task-MotorImageryRest_run-04_events.json	767	336	False	95434a42
sub-02/ses-01/eeg/sub-02_ses-01_task-rest_run-01_eeg.vhdr	1988	787	False	c228b701
sub-02/ses-01/eeg/sub-02_ses-01_task-rest_run-01_eeg.vmrk	521	334	False	fdff3cf9
sub-02/ses-01/eeg/sub-02_ses-01_task-MotorImageryRest_run-04_eeg.vmrk	1447	596	False	5fcc547a
sub-02/ses-01/eeg/sub-02_ses-01_task-MotorImageryRest_run-05_eeg.vmrk	1447	597	False	8982410e
sub-02/ses-01/eeg/sub-02_ses-01_task-MotorImageryRest_run-05_eeg.eeg	17015264	14846963	False	34756aa1
sub-02/ses-01/eeg/sub-02_ses-01_task-MotorImageryRest_run-04_eeg.vhdr	2012	797	False	8ba14f8c
sub-02/ses-01/eeg/sub-02_ses-01_task-MotorImageryRest_run-05_eeg.vhdr	2012	797	False	1bd5aa03
sub-02/ses-01/eeg/sub-02_ses-01_task-MotorImageryRest_run-06_events.tsv	716	317	False	1aee0d23
sub-02/ses-01/eeg/sub-02_ses-01_space-CapTrak_electrodes.tsv	5150	2435	False	4800cdee
sub-02/ses-01/eeg/sub-02_ses-01_task-MotorImageryRest_run-06_eeg.json	486	231	False	b94e4f69
sub-02/ses-01/eeg/sub-02_ses-01_task-MotorImageryRest_run-04_eeg.eeg	16841216	14632183	False	8c4943bc
sub-02/ses-01/eeg/sub-02_ses-01_task-MotorImageryRest_run-03_events.tsv	725	323	False	dde1cf69
sub-02/ses-01/eeg/sub-02_ses-01_task-MotorImageryRest_run-04_channels.tsv	4361	330	False	f53f1e18
sub-02/ses-01/eeg/sub-02_ses-01_task-rest_run-02_eeg.eeg	20276592	17553821	False	8cb627e6
sub-02/ses-01/eeg/sub-02_ses-01_task-MotorImageryRest_run-03_channels.tsv	4361	330	False	f53f1e18
sub-02/ses-01/eeg/sub-02_ses-01_task-rest_run-02_eeg.json	474	222	False	7b51f5fa
sub-02/ses-01/eeg/sub-02_ses-01_task-MotorImageryRest_run-01_events.json	767	336	False	95434a42
sub-04/	0	0	False	00000000
__MACOSX/._sub-04	220	93	False	29d7e44a
sub-04/.DS_Store	6148	345	False	cf1eda21
__MACOSX/sub-04/._.DS_Store	120	53	False	38c0880b
sub-04/ses-02/	0	0	False	00000000
sub-04/ses-04/	0	0	False	00000000
sub-04/ses-03/	0	0	False	00000000
sub-04/ses-01/	0	0	False	00000000
sub-04/ses-02/.DS_Store	6148	284	False	28e7bf86
__MACOSX/sub-04/ses-02/._.DS_Store	120	53	False	38c0880b
sub-04/ses-02/sub-04_ses-02_scans.tsv	1309	227	False	bfc2b199
sub-04/ses-02/meg/	0	0	False	00000000
sub-04/ses-02/eeg/	0	0	False	00000000
sub-04/ses-04/sub-04_ses-04_scans.tsv	1309	225	False	4535621b
sub-04/ses-04/.DS_Store	6148	284	False	188a97d6
__MACOSX/sub-04/ses-04/._.DS_Store	120	53	False	38c0880b
sub-04/ses-04/meg/	0	0	False	00000000
sub-04/ses-04/eeg/	0	0	False	00000000
sub-04/ses-03/.DS_Store	6148	286	False	d7958078
__MACOSX/sub-04/ses-03/._.DS_Store	120	53	False	38c0880b
sub-04/ses-03/sub-04_ses-03_scans.tsv	1309	233	False	e6300451
sub-04/ses-03/meg/	0	0	False	00000000
sub-04/ses-03/eeg/	0	0	False	00000000
sub-04/ses-01/.DS_Store	6148	278	False	3fc57446
__MACOSX/sub-04/ses-01/._.DS_Store	120	53	False	38c0880b
sub-04/ses-01/meg/	0	0	False	00000000
sub-04/ses-01/sub-04_ses-01_scans.tsv	1309	230	False	d586dd8f
sub-04/ses-01/eeg/	0	0	False	00000000
sub-04/ses-02/meg/sub-04_ses-02_task-MotorImageryRest_run-03_events.json	767	336	False	95434a42
sub-04/ses-02/meg/sub-04_ses-02_task-MotorImageryRest_run-04_events.tsv	723	317	False	e114ff75
sub-04/ses-02/meg/sub-04_ses-02_task-MotorImageryRest_run-06_meg.json	689	306	False	8de964c3
sub-04/ses-02/meg/sub-04_ses-02_task-rest_run-02_meg.fif	65398712	61047000	False	4be78078
sub-04/ses-02/meg/sub-04_ses-02_task-MotorImageryRest_run-01_events.tsv	723	317	False	82a52d74
sub-04/ses-02/meg/sub-04_ses-02_task-MotorImageryRest_run-06_events.json	767	336	False	95434a42
sub-04/ses-02/meg/sub-04_ses-02_task-MotorImageryRest_run-06_meg.fif	71979375	67200592	False	4c3d571b
sub-04/ses-02/meg/sub-04_ses-02_task-rest_run-01_meg.json	677	295	False	d844a9e5
sub-04/ses-02/meg/sub-04_ses-02_task-MotorImageryRest_run-05_events.json	767	336	False	95434a42
sub-04/ses-02/meg/sub-04_ses-02_task-MotorImageryRest_run-03_channels.tsv	19989	1020	False	03360556
sub-04/ses-02/meg/sub-04_ses-02_task-MotorImageryRest_run-01_meg.json	689	305	False	4d3f20d7
sub-04/ses-02/meg/sub-04_ses-02_task-MotorImageryRest_run-04_channels.tsv	19989	1020	False	03360556
sub-04/ses-02/meg/sub-04_ses-02_task-MotorImageryRest_run-06_events.tsv	723	315	False	ad18e29b
sub-04/ses-02/meg/sub-04_ses-02_task-MotorImageryRest_run-04_meg.fif	73898607	69012925	False	b53ce720
sub-04/ses-02/meg/sub-04_ses-02_task-MotorImageryRest_run-05_channels.tsv	19989	1020	False	03360556
sub-04/ses-02/meg/sub-04_ses-02_task-MotorImageryRest_run-02_channels.tsv	19989	1020	False	03360556
sub-04/ses-02/meg/sub-04_ses-02_task-MotorImageryRest_run-03_events.tsv	714	316	False	736a2a23
sub-04/ses-02/meg/sub-04_ses-02_task-MotorImageryRest_run-05_meg.fif	73281711	68385055	False	53e9c7f0
sub-04/ses-02/meg/sub-04_ses-02_coordsystem.json	2266	459	False	f408a103
sub-04/ses-02/meg/sub-04_ses-02_task-rest_run-02_channels.tsv	19989	1020	False	03360556
sub-04/ses-02/meg/sub-04_ses-02_task-rest_run-01_meg.fif	59032688	55073392	False	8280fbf5
sub-04/ses-02/meg/sub-04_ses-02_task-MotorImageryRest_run-04_meg.json	689	306	False	1bca6484
sub-04/ses-02/meg/sub-04_ses-02_task-MotorImageryRest_run-05_meg.json	689	306	False	2dd6c0b6
sub-04/ses-02/meg/sub-04_ses-02_task-MotorImageryRest_run-01_meg.fif	72065055	67303753	False	3f9678d0
sub-04/ses-02/meg/sub-04_ses-02_task-MotorImageryRest_run-06_channels.tsv	19989	1020	False	03360556
sub-04/ses-02/meg/sub-04_ses-02_task-MotorImageryRest_run-01_channels.tsv	19989	1020	False	03360556
sub-04/ses-02/meg/sub-04_ses-02_task-MotorImageryRest_run-02_events.json	767	336	False	95434a42
sub-04/ses-02/meg/sub-04_ses-02_task-rest_run-01_channels.tsv	19989	1020	False	03360556
sub-04/ses-02/meg/sub-04_ses-02_task-MotorImageryRest_run-05_events.tsv	725	321	False	bd98832b
sub-04/ses-02/meg/sub-04_ses-02_task-MotorImageryRest_run-02_events.tsv	715	316	False	c1d5c567
sub-04/ses-02/meg/sub-04_ses-02_task-MotorImageryRest_run-03_meg.fif	72716223	67912367	False	7a354dca
sub-04/ses-02/meg/sub-04_ses-02_task-MotorImageryRest_run-01_events.json	767	336	False	95434a42
sub-04/ses-02/meg/sub-04_ses-02_task-MotorImageryRest_run-02_meg.fif	74267031	69341512	False	18a11d2f
sub-04/ses-02/meg/sub-04_ses-02_task-rest_run-02_meg.json	677	295	False	652c0a2b
sub-04/ses-02/meg/sub-04_ses-02_task-MotorImageryRest_run-03_meg.json	688	306	False	a1904729
sub-04/ses-02/meg/sub-04_ses-02_task-MotorImageryRest_run-02_meg.json	689	306	False	81734ad2
sub-04/ses-02/meg/sub-04_ses-02_task-MotorImageryRest_run-04_events.json	767	336	False	95434a42
sub-04/ses-02/eeg/sub-04_ses-02_space-CapTrak_coordsystem.json	942	377	False	37772133
sub-04/ses-02/eeg/sub-04_ses-02_task-MotorImageryRest_run-03_events.json	767	336	False	95434a42
sub-04/ses-02/eeg/sub-04_ses-02_task-rest_run-02_eeg.vhdr	1988	787	False	1da2d041
sub-04/ses-02/eeg/sub-04_ses-02_task-rest_run-02_eeg.vmrk	521	335	False	e783e31e
sub-04/ses-02/eeg/sub-04_ses-02_task-MotorImageryRest_run-04_events.tsv	723	317	False	e114ff75
sub-04/ses-02/eeg/sub-04_ses-02_task-MotorImageryRest_run-03_eeg.vhdr	2012	798	False	75f13eda
sub-04/ses-02/eeg/sub-04_ses-02_task-MotorImageryRest_run-02_eeg.vhdr	2012	796	False	e585db55
sub-04/ses-02/eeg/sub-04_ses-02_task-MotorImageryRest_run-03_eeg.vmrk	1447	597	False	791409b7
sub-04/ses-02/eeg/sub-04_ses-02_task-MotorImageryRest_run-02_eeg.vmrk	1447	596	False	749d403b
sub-04/ses-02/eeg/sub-04_ses-02_task-MotorImageryRest_run-01_eeg.json	486	232	False	541d57ef
sub-04/ses-02/eeg/sub-04_ses-02_task-rest_run-02_eeg.eeg	15786568	14115343	False	47936a90
sub-04/ses-02/eeg/sub-04_ses-02_task-rest_run-01_eeg.json	474	222	False	3f85f755
sub-04/ses-02/eeg/sub-04_ses-02_task-MotorImageryRest_run-01_events.tsv	723	317	False	82a52d74
sub-04/ses-02/eeg/sub-04_ses-02_task-MotorImageryRest_run-06_events.json	767	336	False	95434a42
sub-04/ses-02/eeg/sub-04_ses-02_task-MotorImageryRest_run-06_eeg.eeg	17377864	15389620	False	8beb4bc7
sub-04/ses-02/eeg/sub-04_ses-02_task-MotorImageryRest_run-06_eeg.json	486	232	False	f0391a9f
sub-04/ses-02/eeg/sub-04_ses-02_task-MotorImageryRest_run-05_events.json	767	336	False	95434a42
sub-04/ses-02/eeg/sub-04_ses-02_task-MotorImageryRest_run-03_channels.tsv	4361	330	False	f53f1e18
sub-04/ses-02/eeg/sub-04_ses-02_task-MotorImageryRest_run-04_channels.tsv	4361	330	False	f53f1e18
sub-04/ses-02/eeg/sub-04_ses-02_task-MotorImageryRest_run-06_events.tsv	723	315	False	ad18e29b
sub-04/ses-02/eeg/sub-04_ses-02_task-MotorImageryRest_run-04_eeg.eeg	17841992	15661743	False	b52fe621
sub-04/ses-02/eeg/sub-04_ses-02_task-MotorImageryRest_run-05_channels.tsv	4361	330	False	f53f1e18
sub-04/ses-02/eeg/sub-04_ses-02_task-MotorImageryRest_run-02_channels.tsv	4361	330	False	f53f1e18
sub-04/ses-02/eeg/sub-04_ses-02_task-MotorImageryRest_run-03_events.tsv	714	316	False	736a2a23
sub-04/ses-02/eeg/sub-04_ses-02_task-MotorImageryRest_run-05_eeg.eeg	17692808	15603659	False	b9db98f1
sub-04/ses-02/eeg/sub-04_ses-02_task-rest_run-02_channels.tsv	4361	330	False	f53f1e18
sub-04/ses-02/eeg/sub-04_ses-02_task-rest_run-01_eeg.eeg	14247072	12720073	False	815f0dc1
sub-04/ses-02/eeg/sub-04_ses-02_task-MotorImageryRest_run-04_eeg.vmrk	1448	595	False	86f0ddda
sub-04/ses-02/eeg/sub-04_ses-02_task-MotorImageryRest_run-05_eeg.vmrk	1447	591	False	6261020e
sub-04/ses-02/eeg/sub-04_ses-02_task-MotorImageryRest_run-04_eeg.vhdr	2012	797	False	325d8af5
sub-04/ses-02/eeg/sub-04_ses-02_task-MotorImageryRest_run-05_eeg.vhdr	2012	797	False	a2296f7a
sub-04/ses-02/eeg/sub-04_ses-02_space-CapTrak_electrodes.tsv	5145	2427	False	c44b9c0c
sub-04/ses-02/eeg/sub-04_ses-02_task-MotorImageryRest_run-02_eeg.json	486	231	False	3e0af832
sub-04/ses-02/eeg/sub-04_ses-02_task-MotorImageryRest_run-03_eeg.json	485	231	False	14293575
sub-04/ses-02/eeg/sub-04_ses-02_task-rest_run-02_eeg.json	474	222	False	c756602b
sub-04/ses-02/eeg/sub-04_ses-02_task-rest_run-01_eeg.vhdr	1988	789	False	a8b400c5
sub-04/ses-02/eeg/sub-04_ses-02_task-rest_run-01_eeg.vmrk	521	336	False	e459fd2c
sub-04/ses-02/eeg/sub-04_ses-02_task-MotorImageryRest_run-01_eeg.eeg	17398584	15273793	False	ea9e6e63
sub-04/ses-02/eeg/sub-04_ses-02_task-MotorImageryRest_run-06_channels.tsv	4361	330	False	f53f1e18
sub-04/ses-02/eeg/sub-04_ses-02_task-MotorImageryRest_run-01_eeg.vhdr	2012	797	False	8e69f385
sub-04/ses-02/eeg/sub-04_ses-02_task-MotorImageryRest_run-01_channels.tsv	4361	330	False	f53f1e18
sub-04/ses-02/eeg/sub-04_ses-02_task-MotorImageryRest_run-01_eeg.vmrk	1447	595	False	19bfd803
sub-04/ses-02/eeg/sub-04_ses-02_task-MotorImageryRest_run-02_events.json	767	336	False	95434a42
sub-04/ses-02/eeg/sub-04_ses-02_task-rest_run-01_channels.tsv	4361	330	False	f53f1e18
sub-04/ses-02/eeg/sub-04_ses-02_task-MotorImageryRest_run-05_events.tsv	725	321	False	bd98832b
sub-04/ses-02/eeg/sub-04_ses-02_task-MotorImageryRest_run-03_eeg.eeg	17556056	15489358	False	25db5da9
sub-04/ses-02/eeg/sub-04_ses-02_task-MotorImageryRest_run-02_events.tsv	715	316	False	c1d5c567
sub-04/ses-02/eeg/sub-04_ses-02_task-MotorImageryRest_run-01_events.json	767	336	False	95434a42
sub-04/ses-02/eeg/sub-04_ses-02_task-MotorImageryRest_run-06_eeg.vmrk	1447	591	False	182ff181
sub-04/ses-02/eeg/sub-04_ses-02_task-MotorImageryRest_run-06_eeg.vhdr	2012	797	False	c9c547aa
sub-04/ses-02/eeg/sub-04_ses-02_task-MotorImageryRest_run-05_eeg.json	486	232	False	6453983e
sub-04/ses-02/eeg/sub-04_ses-02_task-MotorImageryRest_run-04_eeg.json	486	232	False	68f4031a
sub-04/ses-02/eeg/sub-04_ses-02_task-MotorImageryRest_run-02_eeg.eeg	17931088	15784316	False	cb0f0fe3
sub-04/ses-02/eeg/sub-04_ses-02_task-MotorImageryRest_run-04_events.json	767	336	False	95434a42
sub-04/ses-04/meg/sub-04_ses-04_task-MotorImageryRest_run-01_events.json	767	336	False	95434a42
sub-04/ses-04/meg/sub-04_ses-04_task-rest_run-02_channels.tsv	19989	1020	False	03360556
sub-04/ses-04/meg/sub-04_ses-04_task-MotorImageryRest_run-06_events.tsv	718	320	False	2fda92dc
sub-04/ses-04/meg/sub-04_ses-04_task-MotorImageryRest_run-06_meg.fif	70976523	66277070	False	99fef07b
sub-04/ses-04/meg/sub-04_ses-04_task-MotorImageryRest_run-03_events.tsv	721	316	False	aa089e8d
sub-04/ses-04/meg/sub-04_ses-04_task-rest_run-02_meg.json	677	295	False	80db9c5c
sub-04/ses-04/meg/sub-04_ses-04_task-MotorImageryRest_run-04_events.json	767	336	False	95434a42
sub-04/ses-04/meg/sub-04_ses-04_task-MotorImageryRest_run-06_meg.json	689	305	False	5eaa62ae
sub-04/ses-04/meg/sub-04_ses-04_task-MotorImageryRest_run-05_meg.fif	71113611	66390766	False	5f031a5e
sub-04/ses-04/meg/sub-04_ses-04_task-MotorImageryRest_run-02_channels.tsv	19989	1020	False	03360556
sub-04/ses-04/meg/sub-04_ses-04_task-MotorImageryRest_run-05_channels.tsv	19989	1020	False	03360556
sub-04/ses-04/meg/sub-04_ses-04_task-MotorImageryRest_run-01_meg.json	689	306	False	19786599
sub-04/ses-04/meg/sub-04_ses-04_task-MotorImageryRest_run-04_events.tsv	721	315	False	8fc6d69a
sub-04/ses-04/meg/sub-04_ses-04_task-MotorImageryRest_run-01_events.tsv	722	318	False	3a4bcc03
sub-04/ses-04/meg/sub-04_ses-04_task-MotorImageryRest_run-04_meg.fif	75826011	70737368	False	b8570546
sub-04/ses-04/meg/sub-04_ses-04_task-MotorImageryRest_run-04_channels.tsv	19989	1020	False	03360556
sub-04/ses-04/meg/sub-04_ses-04_task-MotorImageryRest_run-03_channels.tsv	19989	1020	False	03360556
sub-04/ses-04/meg/sub-04_ses-04_task-MotorImageryRest_run-02_events.json	767	336	False	95434a42
sub-04/ses-04/meg/sub-04_ses-04_task-rest_run-01_meg.json	676	295	False	7f109750
sub-04/ses-04/meg/sub-04_ses-04_task-MotorImageryRest_run-02_events.tsv	720	322	False	9d77ebe1
sub-04/ses-04/meg/sub-04_ses-04_task-MotorImageryRest_run-05_meg.json	689	305	False	6d5e0401
sub-04/ses-04/meg/sub-04_ses-04_task-MotorImageryRest_run-04_meg.json	689	306	False	072c9b03
sub-04/ses-04/meg/sub-04_ses-04_task-MotorImageryRest_run-01_meg.fif	70076883	65433682	False	caa5725f
sub-04/ses-04/meg/sub-04_ses-04_task-MotorImageryRest_run-05_events.json	767	336	False	95434a42
sub-04/ses-04/meg/sub-04_ses-04_task-MotorImageryRest_run-01_channels.tsv	19989	1020	False	03360556
sub-04/ses-04/meg/sub-04_ses-04_task-MotorImageryRest_run-06_channels.tsv	19989	1020	False	03360556
sub-04/ses-04/meg/sub-04_ses-04_task-rest_run-01_meg.fif	58363988	54507288	False	16f87e38
sub-04/ses-04/meg/sub-04_ses-04_task-rest_run-01_channels.tsv	19989	1020	False	03360556
sub-04/ses-04/meg/sub-04_ses-04_task-MotorImageryRest_run-03_events.json	767	336	False	95434a42
sub-04/ses-04/meg/sub-04_ses-04_coordsystem.json	2120	457	False	73fd2b88
sub-04/ses-04/meg/sub-04_ses-04_task-MotorImageryRest_run-02_meg.fif	70496715	65832610	False	f17ea5d9
sub-04/ses-04/meg/sub-04_ses-04_task-MotorImageryRest_run-02_meg.json	689	306	False	82bfc0ae
sub-04/ses-04/meg/sub-04_ses-04_task-MotorImageryRest_run-03_meg.json	688	306	False	ebc35722
sub-04/ses-04/meg/sub-04_ses-04_task-MotorImageryRest_run-03_meg.fif	71045067	66244468	False	57bb81ae
sub-04/ses-04/meg/sub-04_ses-04_task-MotorImageryRest_run-06_events.json	767	336	False	95434a42
sub-04/ses-04/meg/sub-04_ses-04_task-MotorImageryRest_run-05_events.tsv	716	320	False	f3f534e3
sub-04/ses-04/meg/sub-04_ses-04_task-rest_run-02_meg.fif	62750804	58548304	False	e1ae0a4a
sub-04/ses-04/eeg/sub-04_ses-04_task-MotorImageryRest_run-02_eeg.vhdr	2012	796	False	ed7fd8e6
sub-04/ses-04/eeg/sub-04_ses-04_task-MotorImageryRest_run-03_eeg.vhdr	2012	796	False	7d0b3d69
sub-04/ses-04/eeg/sub-04_ses-04_task-MotorImageryRest_run-02_eeg.vmrk	1447	597	False	dd9544f2
sub-04/ses-04/eeg/sub-04_ses-04_task-MotorImageryRest_run-03_eeg.vmrk	1447	594	False	5751236d
sub-04/ses-04/eeg/sub-04_ses-04_task-MotorImageryRest_run-01_events.json	767	336	False	95434a42
sub-04/ses-04/eeg/sub-04_ses-04_task-rest_run-02_channels.tsv	4361	330	False	f53f1e18
sub-04/ses-04/eeg/sub-04_ses-04_space-CapTrak_coordsystem.json	945	378	False	3c1a7f50
sub-04/ses-04/eeg/sub-04_ses-04_task-MotorImageryRest_run-06_events.tsv	718	320	False	2fda92dc
sub-04/ses-04/eeg/sub-04_ses-04_task-MotorImageryRest_run-06_eeg.eeg	17135440	15082609	False	d2f05553
sub-04/ses-04/eeg/sub-04_ses-04_task-MotorImageryRest_run-03_events.tsv	721	316	False	aa089e8d
sub-04/ses-04/eeg/sub-04_ses-04_task-MotorImageryRest_run-04_events.json	767	336	False	95434a42
sub-04/ses-04/eeg/sub-04_ses-04_task-MotorImageryRest_run-01_eeg.json	486	232	False	1a8a0892
sub-04/ses-04/eeg/sub-04_ses-04_task-MotorImageryRest_run-05_eeg.eeg	17168592	15061672	False	e2b9ea17
sub-04/ses-04/eeg/sub-04_ses-04_task-MotorImageryRest_run-02_channels.tsv	4361	330	False	f53f1e18
sub-04/ses-04/eeg/sub-04_ses-04_task-MotorImageryRest_run-05_channels.tsv	4361	330	False	f53f1e18
sub-04/ses-04/eeg/sub-04_ses-04_task-rest_run-02_eeg.json	474	222	False	96f62c16
sub-04/ses-04/eeg/sub-04_ses-04_task-MotorImageryRest_run-04_events.tsv	721	315	False	8fc6d69a
sub-04/ses-04/eeg/sub-04_ses-04_task-MotorImageryRest_run-06_eeg.json	486	232	False	b0e51dfd
sub-04/ses-04/eeg/sub-04_ses-04_task-MotorImageryRest_run-05_eeg.vmrk	1447	595	False	f74fdcc0
sub-04/ses-04/eeg/sub-04_ses-04_task-MotorImageryRest_run-04_eeg.vmrk	1449	592	False	0249db82
sub-04/ses-04/eeg/sub-04_ses-04_task-MotorImageryRest_run-05_eeg.vhdr	2012	796	False	aad36cc9
sub-04/ses-04/eeg/sub-04_ses-04_task-MotorImageryRest_run-04_eeg.vhdr	2012	795	False	3aa78946
sub-04/ses-04/eeg/sub-04_ses-04_task-rest_run-01_eeg.vmrk	521	334	False	df1f850f
sub-04/ses-04/eeg/sub-04_ses-04_task-rest_run-01_eeg.vhdr	1988	787	False	5cb988e6
sub-04/ses-04/eeg/sub-04_ses-04_task-MotorImageryRest_run-01_events.tsv	722	318	False	3a4bcc03
sub-04/ses-04/eeg/sub-04_ses-04_task-MotorImageryRest_run-04_eeg.eeg	18308192	16134867	False	99ff59f8
sub-04/ses-04/eeg/sub-04_ses-04_task-MotorImageryRest_run-04_channels.tsv	4361	330	False	f53f1e18
sub-04/ses-04/eeg/sub-04_ses-04_task-MotorImageryRest_run-03_channels.tsv	4361	330	False	f53f1e18
sub-04/ses-04/eeg/sub-04_ses-04_task-MotorImageryRest_run-02_events.json	767	336	False	95434a42
sub-04/ses-04/eeg/sub-04_ses-04_task-MotorImageryRest_run-02_events.tsv	720	322	False	9d77ebe1
sub-04/ses-04/eeg/sub-04_ses-04_task-MotorImageryRest_run-01_eeg.eeg	16917880	14885931	False	e5b55fb7
sub-04/ses-04/eeg/sub-04_ses-04_task-MotorImageryRest_run-03_eeg.json	485	231	False	d6e3c952
sub-04/ses-04/eeg/sub-04_ses-04_task-MotorImageryRest_run-02_eeg.json	486	232	False	6ff72d0a
sub-04/ses-04/eeg/sub-04_ses-04_task-MotorImageryRest_run-05_events.json	767	336	False	95434a42
sub-04/ses-04/eeg/sub-04_ses-04_task-MotorImageryRest_run-01_channels.tsv	4361	330	False	f53f1e18
sub-04/ses-04/eeg/sub-04_ses-04_task-MotorImageryRest_run-06_channels.tsv	4361	330	False	f53f1e18
sub-04/ses-04/eeg/sub-04_ses-04_task-rest_run-01_eeg.eeg	14085456	12583986	False	c69fa2a5
sub-04/ses-04/eeg/sub-04_ses-04_task-MotorImageryRest_run-01_eeg.vhdr	2012	796	False	8693f036
sub-04/ses-04/eeg/sub-04_ses-04_task-MotorImageryRest_run-01_eeg.vmrk	1447	595	False	dae0b97c
sub-04/ses-04/eeg/sub-04_ses-04_task-rest_run-01_channels.tsv	4361	330	False	f53f1e18
sub-04/ses-04/eeg/sub-04_ses-04_task-MotorImageryRest_run-03_events.json	767	336	False	95434a42
sub-04/ses-04/eeg/sub-04_ses-04_task-MotorImageryRest_run-06_eeg.vmrk	1447	596	False	dcd776dd
sub-04/ses-04/eeg/sub-04_ses-04_task-MotorImageryRest_run-06_eeg.vhdr	2012	796	False	c13f4419
sub-04/ses-04/eeg/sub-04_ses-04_task-rest_run-02_eeg.vmrk	521	334	False	dcc59b3d
sub-04/ses-04/eeg/sub-04_ses-04_task-rest_run-02_eeg.vhdr	1988	787	False	e9af5862
sub-04/ses-04/eeg/sub-04_ses-04_task-MotorImageryRest_run-02_eeg.eeg	17019408	14918864	False	159e54e1
sub-04/ses-04/eeg/sub-04_ses-04_task-rest_run-01_eeg.json	473	221	False	50f40a26
sub-04/ses-04/eeg/sub-04_ses-04_task-MotorImageryRest_run-04_eeg.json	486	231	False	be98aefa
sub-04/ses-04/eeg/sub-04_ses-04_task-MotorImageryRest_run-05_eeg.json	486	231	False	34084ac2
sub-04/ses-04/eeg/sub-04_ses-04_task-MotorImageryRest_run-03_eeg.eeg	17152016	15052056	False	8c778e09
sub-04/ses-04/eeg/sub-04_ses-04_task-MotorImageryRest_run-06_events.json	767	336	False	95434a42
sub-04/ses-04/eeg/sub-04_ses-04_task-MotorImageryRest_run-05_events.tsv	716	320	False	f3f534e3
sub-04/ses-04/eeg/sub-04_ses-04_task-rest_run-02_eeg.eeg	15146320	13580119	False	03fbf638
sub-04/ses-04/eeg/sub-04_ses-04_space-CapTrak_electrodes.tsv	5153	2446	False	e687ed67
sub-04/ses-03/meg/sub-04_ses-03_task-MotorImageryRest_run-04_events.tsv	720	318	False	3fc0a7e6
sub-04/ses-03/meg/sub-04_ses-03_task-MotorImageryRest_run-02_events.json	767	336	False	95434a42
sub-04/ses-03/meg/sub-04_ses-03_task-rest_run-02_meg.json	677	295	False	c9668fea
sub-04/ses-03/meg/sub-04_ses-03_task-MotorImageryRest_run-06_meg.fif	71533087	66795314	False	b8d49c1f
sub-04/ses-03/meg/sub-04_ses-03_task-rest_run-01_meg.fif	69647688	65001164	False	f0ecd05b
sub-04/ses-03/meg/sub-04_ses-03_task-rest_run-02_channels.tsv	19989	1020	False	03360556
sub-04/ses-03/meg/sub-04_ses-03_task-MotorImageryRest_run-06_meg.json	689	306	False	e184c7a9
sub-04/ses-03/meg/sub-04_ses-03_task-MotorImageryRest_run-01_events.tsv	721	322	False	8f23857e
sub-04/ses-03/meg/sub-04_ses-03_coordsystem.json	2230	469	False	e5707e15
sub-04/ses-03/meg/sub-04_ses-03_task-rest_run-02_meg.fif	67625640	63097774	False	b4eb60d1
sub-04/ses-03/meg/sub-04_ses-03_task-MotorImageryRest_run-05_meg.fif	80512347	75110478	False	6c578588
sub-04/ses-03/meg/sub-04_ses-03_task-MotorImageryRest_run-01_meg.json	687	303	False	4c53b14a
sub-04/ses-03/meg/sub-04_ses-03_task-MotorImageryRest_run-06_events.tsv	719	318	False	1e3c26ae
sub-04/ses-03/meg/sub-04_ses-03_task-MotorImageryRest_run-04_events.json	767	336	False	95434a42
sub-04/ses-03/meg/sub-04_ses-03_task-MotorImageryRest_run-03_channels.tsv	19989	1020	False	03360556
sub-04/ses-03/meg/sub-04_ses-03_task-MotorImageryRest_run-04_channels.tsv	19989	1020	False	03360556
sub-04/ses-03/meg/sub-04_ses-03_task-MotorImageryRest_run-04_meg.fif	70916187	66198990	False	9488afc3
sub-04/ses-03/meg/sub-04_ses-03_task-MotorImageryRest_run-05_channels.tsv	19989	1020	False	03360556
sub-04/ses-03/meg/sub-04_ses-03_task-MotorImageryRest_run-03_events.tsv	723	324	False	e4bf1c12
sub-04/ses-03/meg/sub-04_ses-03_task-MotorImageryRest_run-02_channels.tsv	19989	1020	False	03360556
sub-04/ses-03/meg/sub-04_ses-03_task-MotorImageryRest_run-01_events.json	767	336	False	95434a42
sub-04/ses-03/meg/sub-04_ses-03_task-MotorImageryRest_run-06_events.json	767	336	False	95434a42
sub-04/ses-03/meg/sub-04_ses-03_task-MotorImageryRest_run-01_meg.fif	70530631	65809314	False	765d542a
sub-04/ses-03/meg/sub-04_ses-03_task-MotorImageryRest_run-04_meg.json	688	305	False	c4d62529
sub-04/ses-03/meg/sub-04_ses-03_task-MotorImageryRest_run-05_meg.json	688	305	False	431d0ea5
sub-04/ses-03/meg/sub-04_ses-03_task-MotorImageryRest_run-05_events.tsv	728	327	False	b1a6adba
sub-04/ses-03/meg/sub-04_ses-03_task-MotorImageryRest_run-06_channels.tsv	19989	1020	False	03360556
sub-04/ses-03/meg/sub-04_ses-03_task-MotorImageryRest_run-01_channels.tsv	19989	1020	False	03360556
sub-04/ses-03/meg/sub-04_ses-03_task-rest_run-01_meg.json	677	295	False	baff6a4f
sub-04/ses-03/meg/sub-04_ses-03_task-MotorImageryRest_run-03_events.json	767	336	False	95434a42
sub-04/ses-03/meg/sub-04_ses-03_task-MotorImageryRest_run-02_meg.fif	80975023	75614581	False	8ff14e21
sub-04/ses-03/meg/sub-04_ses-03_task-MotorImageryRest_run-02_events.tsv	727	324	False	54494957
sub-04/ses-03/meg/sub-04_ses-03_task-rest_run-01_channels.tsv	19989	1020	False	03360556
sub-04/ses-03/meg/sub-04_ses-03_task-MotorImageryRest_run-03_meg.fif	74840331	69874288	False	20b70c35
sub-04/ses-03/meg/sub-04_ses-03_task-MotorImageryRest_run-05_events.json	767	336	False	95434a42
sub-04/ses-03/meg/sub-04_ses-03_task-MotorImageryRest_run-03_meg.json	689	306	False	41c2e9ba
sub-04/ses-03/meg/sub-04_ses-03_task-MotorImageryRest_run-02_meg.json	689	305	False	c7bde49a
sub-04/ses-03/eeg/sub-04_ses-03_task-MotorImageryRest_run-04_events.tsv	720	318	False	3fc0a7e6
sub-04/ses-03/eeg/sub-04_ses-03_task-MotorImageryRest_run-02_events.json	767	336	False	95434a42
sub-04/ses-03/eeg/sub-04_ses-03_task-MotorImageryRest_run-06_eeg.eeg	17270120	15144523	False	2f8fdc25
sub-04/ses-03/eeg/sub-04_ses-03_task-rest_run-01_eeg.eeg	16814280	14928089	False	ac47db1c
sub-04/ses-03/eeg/sub-04_ses-03_task-MotorImageryRest_run-03_eeg.vhdr	2012	796	False	9b9d42b2
sub-04/ses-03/eeg/sub-04_ses-03_task-MotorImageryRest_run-02_eeg.vhdr	2012	798	False	0be9a73d
sub-04/ses-03/eeg/sub-04_ses-03_task-MotorImageryRest_run-03_eeg.vmrk	1448	595	False	708b14f4
sub-04/ses-03/eeg/sub-04_ses-03_task-MotorImageryRest_run-02_eeg.vmrk	1451	601	False	c3848dc5
sub-04/ses-03/eeg/sub-04_ses-03_task-MotorImageryRest_run-01_eeg.json	484	229	False	908749bf
sub-04/ses-03/eeg/sub-04_ses-03_task-rest_run-02_channels.tsv	4361	330	False	f53f1e18
sub-04/ses-03/eeg/sub-04_ses-03_task-MotorImageryRest_run-01_events.tsv	721	322	False	8f23857e
sub-04/ses-03/eeg/sub-04_ses-03_task-rest_run-02_eeg.eeg	16325288	14596346	False	8b868b6d
sub-04/ses-03/eeg/sub-04_ses-03_task-MotorImageryRest_run-05_eeg.eeg	19441576	17075705	False	c4f6b8e4
sub-04/ses-03/eeg/sub-04_ses-03_task-MotorImageryRest_run-06_eeg.json	486	231	False	7ef1add1
sub-04/ses-03/eeg/sub-04_ses-03_task-MotorImageryRest_run-06_events.tsv	719	318	False	1e3c26ae
sub-04/ses-03/eeg/sub-04_ses-03_task-MotorImageryRest_run-04_events.json	767	336	False	95434a42
sub-04/ses-03/eeg/sub-04_ses-03_space-CapTrak_coordsystem.json	945	379	False	3d5fdf9b
sub-04/ses-03/eeg/sub-04_ses-03_task-MotorImageryRest_run-03_channels.tsv	4361	330	False	f53f1e18
sub-04/ses-03/eeg/sub-04_ses-03_task-MotorImageryRest_run-04_channels.tsv	4361	330	False	f53f1e18
sub-04/ses-03/eeg/sub-04_ses-03_task-rest_run-01_eeg.vhdr	1988	789	False	da21c22a
sub-04/ses-03/eeg/sub-04_ses-03_task-rest_run-01_eeg.vmrk	521	336	False	b45097c3
sub-04/ses-03/eeg/sub-04_ses-03_task-rest_run-02_eeg.json	474	222	False	0dd3520e
sub-04/ses-03/eeg/sub-04_ses-03_task-MotorImageryRest_run-04_eeg.eeg	17120936	14903023	False	14f7531b
sub-04/ses-03/eeg/sub-04_ses-03_task-MotorImageryRest_run-04_eeg.vmrk	1446	595	False	ef60b282
sub-04/ses-03/eeg/sub-04_ses-03_task-MotorImageryRest_run-05_channels.tsv	4361	330	False	f53f1e18
sub-04/ses-03/eeg/sub-04_ses-03_task-MotorImageryRest_run-05_eeg.vmrk	1450	598	False	7f6cfe70
sub-04/ses-03/eeg/sub-04_ses-03_task-MotorImageryRest_run-03_events.tsv	723	324	False	e4bf1c12
sub-04/ses-03/eeg/sub-04_ses-03_task-MotorImageryRest_run-04_eeg.vhdr	2012	797	False	dc31f69d
sub-04/ses-03/eeg/sub-04_ses-03_task-MotorImageryRest_run-05_eeg.vhdr	2012	798	False	4c451312
sub-04/ses-03/eeg/sub-04_ses-03_task-MotorImageryRest_run-02_channels.tsv	4361	330	False	f53f1e18
sub-04/ses-03/eeg/sub-04_ses-03_task-MotorImageryRest_run-01_events.json	767	336	False	95434a42
sub-04/ses-03/eeg/sub-04_ses-03_space-CapTrak_electrodes.tsv	5155	2420	False	c91cb427
sub-04/ses-03/eeg/sub-04_ses-03_task-MotorImageryRest_run-06_events.json	767	336	False	95434a42
sub-04/ses-03/eeg/sub-04_ses-03_task-MotorImageryRest_run-01_eeg.eeg	17027696	14851851	False	ad0a286d
sub-04/ses-03/eeg/sub-04_ses-03_task-MotorImageryRest_run-02_eeg.json	486	231	False	97bb61d8
sub-04/ses-03/eeg/sub-04_ses-03_task-MotorImageryRest_run-03_eeg.json	486	232	False	cd332cb7
sub-04/ses-03/eeg/sub-04_ses-03_task-MotorImageryRest_run-05_events.tsv	728	327	False	b1a6adba
sub-04/ses-03/eeg/sub-04_ses-03_task-MotorImageryRest_run-01_eeg.vhdr	2012	798	False	60058fed
sub-04/ses-03/eeg/sub-04_ses-03_task-MotorImageryRest_run-01_eeg.vmrk	1447	599	False	bd8445b6
sub-04/ses-03/eeg/sub-04_ses-03_task-MotorImageryRest_run-06_channels.tsv	4361	330	False	f53f1e18
sub-04/ses-03/eeg/sub-04_ses-03_task-MotorImageryRest_run-01_channels.tsv	4361	330	False	f53f1e18
sub-04/ses-03/eeg/sub-04_ses-03_task-MotorImageryRest_run-03_events.json	767	336	False	95434a42
sub-04/ses-03/eeg/sub-04_ses-03_task-MotorImageryRest_run-06_eeg.vmrk	1446	593	False	b1a0481d
sub-04/ses-03/eeg/sub-04_ses-03_task-MotorImageryRest_run-06_eeg.vhdr	2012	798	False	27a93bc2
sub-04/ses-03/eeg/sub-04_ses-03_task-rest_run-01_eeg.json	474	222	False	f2a8655c
sub-04/ses-03/eeg/sub-04_ses-03_task-MotorImageryRest_run-02_eeg.eeg	19553464	17151775	False	286feb24
sub-04/ses-03/eeg/sub-04_ses-03_task-MotorImageryRest_run-02_events.tsv	727	324	False	54494957
sub-04/ses-03/eeg/sub-04_ses-03_task-rest_run-01_channels.tsv	4361	330	False	f53f1e18
sub-04/ses-03/eeg/sub-04_ses-03_task-rest_run-02_eeg.vhdr	1988	789	False	6f3712ae
sub-04/ses-03/eeg/sub-04_ses-03_task-rest_run-02_eeg.vmrk	521	336	False	b78a89f1
sub-04/ses-03/eeg/sub-04_ses-03_task-MotorImageryRest_run-03_eeg.eeg	18069912	15886823	False	5715840b
sub-04/ses-03/eeg/sub-04_ses-03_task-MotorImageryRest_run-05_eeg.json	485	230	False	f3f6fd0a
sub-04/ses-03/eeg/sub-04_ses-03_task-MotorImageryRest_run-04_eeg.json	485	231	False	792226e6
sub-04/ses-03/eeg/sub-04_ses-03_task-MotorImageryRest_run-05_events.json	767	336	False	95434a42
sub-04/ses-01/meg/sub-04_ses-01_task-MotorImageryRest_run-01_events.tsv	721	322	False	914c66c9
sub-04/ses-01/meg/sub-04_ses-01_task-MotorImageryRest_run-03_meg.fif	71447655	66699525	False	cca4cb69
sub-04/ses-01/meg/sub-04_ses-01_task-MotorImageryRest_run-05_events.json	767	336	False	95434a42
sub-04/ses-01/meg/sub-04_ses-01_task-MotorImageryRest_run-06_meg.json	689	305	False	462cd216
sub-04/ses-01/meg/sub-04_ses-01_task-MotorImageryRest_run-06_channels.tsv	19989	1020	False	03360556
sub-04/ses-01/meg/sub-04_ses-01_task-MotorImageryRest_run-01_channels.tsv	19989	1020	False	03360556
sub-04/ses-01/meg/sub-04_ses-01_task-MotorImageryRest_run-04_events.tsv	721	319	False	bf20eef4
sub-04/ses-01/meg/sub-04_ses-01_task-MotorImageryRest_run-02_meg.fif	71850351	67104017	False	f82ed663
sub-04/ses-01/meg/sub-04_ses-01_task-MotorImageryRest_run-03_events.tsv	717	318	False	eebd4d58
sub-04/ses-01/meg/sub-04_ses-01_task-MotorImageryRest_run-01_meg.json	689	306	False	48ff5479
sub-04/ses-01/meg/sub-04_ses-01_task-rest_run-02_meg.json	676	294	False	231e41bc
sub-04/ses-01/meg/sub-04_ses-01_task-MotorImageryRest_run-06_events.json	767	336	False	95434a42
sub-04/ses-01/meg/sub-04_ses-01_task-rest_run-01_channels.tsv	19989	1020	False	03360556
sub-04/ses-01/meg/sub-04_ses-01_task-MotorImageryRest_run-01_meg.fif	70625127	65940330	False	85e6fbb0
sub-04/ses-01/meg/sub-04_ses-01_task-MotorImageryRest_run-03_events.json	767	336	False	95434a42
sub-04/ses-01/meg/sub-04_ses-01_task-MotorImageryRest_run-06_events.tsv	721	326	False	c4edf887
sub-04/ses-01/meg/sub-04_ses-01_task-MotorImageryRest_run-04_meg.fif	74395047	69453295	False	fc44223b
sub-04/ses-01/meg/sub-04_ses-01_task-rest_run-02_channels.tsv	19989	1020	False	03360556
sub-04/ses-01/meg/sub-04_ses-01_task-MotorImageryRest_run-05_meg.json	688	305	False	30a1315b
sub-04/ses-01/meg/sub-04_ses-01_task-MotorImageryRest_run-04_meg.json	689	306	False	9df0f337
sub-04/ses-01/meg/sub-04_ses-01_task-MotorImageryRest_run-04_events.json	767	336	False	95434a42
sub-04/ses-01/meg/sub-04_ses-01_task-rest_run-02_meg.fif	57207200	53377486	False	a5f6c904
sub-04/ses-01/meg/sub-04_ses-01_task-MotorImageryRest_run-05_events.tsv	719	321	False	b0839310
sub-04/ses-01/meg/sub-04_ses-01_coordsystem.json	2194	465	False	6a35738d
sub-04/ses-01/meg/sub-04_ses-01_task-MotorImageryRest_run-05_meg.fif	69374199	64744910	False	0083f55e
sub-04/ses-01/meg/sub-04_ses-01_task-MotorImageryRest_run-01_events.json	767	336	False	95434a42
sub-04/ses-01/meg/sub-04_ses-01_task-rest_run-01_meg.fif	67171784	62704541	False	b3431ba5
sub-04/ses-01/meg/sub-04_ses-01_task-MotorImageryRest_run-03_channels.tsv	19989	1020	False	03360556
sub-04/ses-01/meg/sub-04_ses-01_task-MotorImageryRest_run-02_events.json	767	336	False	95434a42
sub-04/ses-01/meg/sub-04_ses-01_task-MotorImageryRest_run-04_channels.tsv	19989	1020	False	03360556
sub-04/ses-01/meg/sub-04_ses-01_task-MotorImageryRest_run-02_events.tsv	716	321	False	70dcbf3f
sub-04/ses-01/meg/sub-04_ses-01_task-MotorImageryRest_run-06_meg.fif	73589655	68673946	False	40fc949e
sub-04/ses-01/meg/sub-04_ses-01_task-MotorImageryRest_run-02_meg.json	689	306	False	d1478219
sub-04/ses-01/meg/sub-04_ses-01_task-MotorImageryRest_run-03_meg.json	689	306	False	98b7fb0c
sub-04/ses-01/meg/sub-04_ses-01_task-MotorImageryRest_run-05_channels.tsv	19989	1020	False	03360556
sub-04/ses-01/meg/sub-04_ses-01_task-MotorImageryRest_run-02_channels.tsv	19989	1020	False	03360556
sub-04/ses-01/meg/sub-04_ses-01_task-rest_run-01_meg.json	677	295	False	a546c5e7
sub-04/ses-01/eeg/sub-04_ses-01_task-MotorImageryRest_run-01_events.tsv	721	322	False	914c66c9
sub-04/ses-01/eeg/sub-04_ses-01_task-MotorImageryRest_run-03_eeg.eeg	17249400	15167282	False	6778b703
sub-04/ses-01/eeg/sub-04_ses-01_task-MotorImageryRest_run-02_eeg.vmrk	1447	595	False	5f426cf8
sub-04/ses-01/eeg/sub-04_ses-01_task-MotorImageryRest_run-03_eeg.vmrk	1447	598	False	f5929d44
sub-04/ses-01/eeg/sub-04_ses-01_task-MotorImageryRest_run-02_eeg.vhdr	2012	797	False	0c4059ac
sub-04/ses-01/eeg/sub-04_ses-01_task-MotorImageryRest_run-03_eeg.vhdr	2012	798	False	9c34bc23
sub-04/ses-01/eeg/sub-04_ses-01_task-rest_run-01_eeg.vmrk	521	334	False	1442421d
sub-04/ses-01/eeg/sub-04_ses-01_task-rest_run-01_eeg.vhdr	1988	787	False	3f0a47f4
sub-04/ses-01/eeg/sub-04_ses-01_task-MotorImageryRest_run-05_events.json	767	336	False	95434a42
sub-04/ses-01/eeg/sub-04_ses-01_task-rest_run-02_eeg.json	473	222	False	cbc77a3b
sub-04/ses-01/eeg/sub-04_ses-01_task-MotorImageryRest_run-01_eeg.json	486	231	False	b76ec962
sub-04/ses-01/eeg/sub-04_ses-01_task-MotorImageryRest_run-06_channels.tsv	4361	330	False	f53f1e18
sub-04/ses-01/eeg/sub-04_ses-01_task-MotorImageryRest_run-01_channels.tsv	4361	330	False	f53f1e18
sub-04/ses-01/eeg/sub-04_ses-01_task-MotorImageryRest_run-04_events.tsv	721	319	False	bf20eef4
sub-04/ses-01/eeg/sub-04_ses-01_task-MotorImageryRest_run-02_eeg.eeg	17346784	15283704	False	c02333e7
sub-04/ses-01/eeg/sub-04_ses-01_task-MotorImageryRest_run-03_events.tsv	717	318	False	eebd4d58
sub-04/ses-01/eeg/sub-04_ses-01_task-MotorImageryRest_run-06_eeg.json	486	230	False	641ff175
sub-04/ses-01/eeg/sub-04_ses-01_task-MotorImageryRest_run-06_events.json	767	336	False	95434a42
sub-04/ses-01/eeg/sub-04_ses-01_task-rest_run-01_channels.tsv	4361	330	False	f53f1e18
sub-04/ses-01/eeg/sub-04_ses-01_task-MotorImageryRest_run-03_events.json	767	336	False	95434a42
sub-04/ses-01/eeg/sub-04_ses-01_task-MotorImageryRest_run-01_eeg.eeg	17050488	14965651	False	e283486e
sub-04/ses-01/eeg/sub-04_ses-01_task-MotorImageryRest_run-05_eeg.vhdr	2012	798	False	4beced83
sub-04/ses-01/eeg/sub-04_ses-01_task-MotorImageryRest_run-06_events.tsv	721	326	False	c4edf887
sub-04/ses-01/eeg/sub-04_ses-01_task-MotorImageryRest_run-04_eeg.vhdr	2012	797	False	db98080c
sub-04/ses-01/eeg/sub-04_ses-01_task-MotorImageryRest_run-05_eeg.vmrk	1447	598	False	1eae45ff
sub-04/ses-01/eeg/sub-04_ses-01_task-MotorImageryRest_run-04_eeg.vmrk	1448	593	False	b3145b6d
sub-04/ses-01/eeg/sub-04_ses-01_task-rest_run-02_channels.tsv	4361	330	False	f53f1e18
sub-04/ses-01/eeg/sub-04_ses-01_task-MotorImageryRest_run-04_eeg.eeg	17962168	15778757	False	a11afcb4
sub-04/ses-01/eeg/sub-04_ses-01_task-rest_run-01_eeg.json	474	223	False	5a5c963e
sub-04/ses-01/eeg/sub-04_ses-01_task-MotorImageryRest_run-04_events.json	767	336	False	95434a42
sub-04/ses-01/eeg/sub-04_ses-01_task-MotorImageryRest_run-05_events.tsv	719	321	False	b0839310
sub-04/ses-01/eeg/sub-04_ses-01_task-MotorImageryRest_run-03_eeg.json	486	232	False	b2fb0a13
sub-04/ses-01/eeg/sub-04_ses-01_task-MotorImageryRest_run-02_eeg.json	486	231	False	c4ddfee4
sub-04/ses-01/eeg/sub-04_ses-01_task-rest_run-02_eeg.eeg	13805736	12344595	False	eb6c6b4f
sub-04/ses-01/eeg/sub-04_ses-01_task-MotorImageryRest_run-01_eeg.vmrk	1447	596	False	1e520356
sub-04/ses-01/eeg/sub-04_ses-01_task-MotorImageryRest_run-05_eeg.eeg	16747976	14699964	False	1330d326
sub-04/ses-01/eeg/sub-04_ses-01_task-MotorImageryRest_run-01_eeg.vhdr	2012	796	False	67ac717c
sub-04/ses-01/eeg/sub-04_ses-01_space-CapTrak_electrodes.tsv	5148	2416	False	17534b32
sub-04/ses-01/eeg/sub-04_ses-01_task-rest_run-02_eeg.vmrk	521	336	False	17985c2f
sub-04/ses-01/eeg/sub-04_ses-01_task-rest_run-02_eeg.vhdr	1988	789	False	8a1c9770
sub-04/ses-01/eeg/sub-04_ses-01_task-MotorImageryRest_run-01_events.json	767	336	False	95434a42
sub-04/ses-01/eeg/sub-04_ses-01_task-MotorImageryRest_run-06_eeg.vhdr	2012	798	False	2000c553
sub-04/ses-01/eeg/sub-04_ses-01_task-MotorImageryRest_run-06_eeg.vmrk	1448	595	False	dea00843
sub-04/ses-01/eeg/sub-04_ses-01_task-rest_run-01_eeg.eeg	16215472	14365163	False	acd7a5cd
sub-04/ses-01/eeg/sub-04_ses-01_task-MotorImageryRest_run-03_channels.tsv	4361	330	False	f53f1e18
sub-04/ses-01/eeg/sub-04_ses-01_task-MotorImageryRest_run-02_events.json	767	336	False	95434a42
sub-04/ses-01/eeg/sub-04_ses-01_task-MotorImageryRest_run-04_channels.tsv	4361	330	False	f53f1e18
sub-04/ses-01/eeg/sub-04_ses-01_space-CapTrak_coordsystem.json	945	377	False	07c59974
sub-04/ses-01/eeg/sub-04_ses-01_task-MotorImageryRest_run-02_events.tsv	716	321	False	70dcbf3f
sub-04/ses-01/eeg/sub-04_ses-01_task-MotorImageryRest_run-06_eeg.eeg	17767400	15654039	False	84a9fbaa
sub-04/ses-01/eeg/sub-04_ses-01_task-MotorImageryRest_run-05_channels.tsv	4361	330	False	f53f1e18
sub-04/ses-01/eeg/sub-04_ses-01_task-MotorImageryRest_run-02_channels.tsv	4361	330	False	f53f1e18
sub-04/ses-01/eeg/sub-04_ses-01_task-MotorImageryRest_run-04_eeg.json	486	231	False	810d9c3f
sub-04/ses-01/eeg/sub-04_ses-01_task-MotorImageryRest_run-05_eeg.json	485	231	False	cbf2c3ba
sub-07/	0	0	False	00000000
__MACOSX/._sub-07	220	93	False	29d7e44a
sub-07/.DS_Store	6148	311	False	29905828
__MACOSX/sub-07/._.DS_Store	120	53	False	38c0880b
sub-07/ses-02/	0	0	False	00000000
sub-07/ses-04/	0	0	False	00000000
sub-07/ses-03/	0	0	False	00000000
sub-07/ses-01/	0	0	False	00000000
sub-07/ses-02/.DS_Store	6148	282	False	be03ec60
__MACOSX/sub-07/ses-02/._.DS_Store	120	53	False	38c0880b
sub-07/ses-02/meg/	0	0	False	00000000
sub-07/ses-02/sub-07_ses-02_scans.tsv	1309	223	False	c66f60ff
sub-07/ses-02/eeg/	0	0	False	00000000
sub-07/ses-04/.DS_Store	6148	282	False	874cc574
__MACOSX/sub-07/ses-04/._.DS_Store	120	53	False	38c0880b
sub-07/ses-04/meg/	0	0	False	00000000
sub-07/ses-04/sub-07_ses-04_scans.tsv	1309	223	False	fd631a2d
sub-07/ses-04/eeg/	0	0	False	00000000
sub-07/ses-03/.DS_Store	6148	282	False	682cd226
__MACOSX/sub-07/ses-03/._.DS_Store	120	53	False	38c0880b
sub-07/ses-03/meg/	0	0	False	00000000
sub-07/ses-03/sub-07_ses-03_scans.tsv	1309	223	False	d81f898a
sub-07/ses-03/eeg/	0	0	False	00000000
sub-07/ses-01/.DS_Store	6148	283	False	515c4806
__MACOSX/sub-07/ses-01/._.DS_Store	120	53	False	38c0880b
sub-07/ses-01/sub-07_ses-01_scans.tsv	1309	224	False	e4fe5b60
sub-07/ses-01/meg/	0	0	False	00000000
sub-07/ses-01/eeg/	0	0	False	00000000
sub-07/ses-02/meg/sub-07_ses-02_coordsystem.json	2186	480	False	7553c63a
sub-07/ses-02/meg/sub-07_ses-02_task-MotorImageryRest_run-05_meg.fif	65319283	60916617	False	905fbbf7
sub-07/ses-02/meg/sub-07_ses-02_task-MotorImageryRest_run-05_meg.json	689	306	False	4c723639
sub-07/ses-02/meg/sub-07_ses-02_task-MotorImageryRest_run-04_meg.json	689	305	False	783bf671
sub-07/ses-02/meg/sub-07_ses-02_task-rest_run-01_meg.fif	60460808	56393719	False	12811b8d
sub-07/ses-02/meg/sub-07_ses-02_task-rest_run-01_meg.json	675	293	False	e1efa603
sub-07/ses-02/meg/sub-07_ses-02_task-MotorImageryRest_run-05_events.tsv	675	301	False	9ce0bfe8
sub-07/ses-02/meg/sub-07_ses-02_task-MotorImageryRest_run-06_channels.tsv	19989	1020	False	03360556
sub-07/ses-02/meg/sub-07_ses-02_task-MotorImageryRest_run-01_channels.tsv	19989	1020	False	03360556
sub-07/ses-02/meg/sub-07_ses-02_task-MotorImageryRest_run-05_events.json	767	336	False	95434a42
sub-07/ses-02/meg/sub-07_ses-02_task-MotorImageryRest_run-04_meg.fif	64848043	60517510	False	49cc2565
sub-07/ses-02/meg/sub-07_ses-02_task-MotorImageryRest_run-06_events.json	767	336	False	95434a42
sub-07/ses-02/meg/sub-07_ses-02_task-MotorImageryRest_run-02_events.tsv	650	296	False	ee2263c1
sub-07/ses-02/meg/sub-07_ses-02_task-rest_run-02_meg.fif	83962832	78392800	False	a5e16570
sub-07/ses-02/meg/sub-07_ses-02_task-MotorImageryRest_run-06_meg.fif	64830897	60509040	False	ef0c4406
sub-07/ses-02/meg/sub-07_ses-02_task-MotorImageryRest_run-02_meg.json	688	305	False	67caa991
sub-07/ses-02/meg/sub-07_ses-02_task-MotorImageryRest_run-03_meg.json	688	305	False	49bdc687
sub-07/ses-02/meg/sub-07_ses-02_task-rest_run-01_channels.tsv	19989	1020	False	03360556
sub-07/ses-02/meg/sub-07_ses-02_task-MotorImageryRest_run-03_events.json	767	336	False	95434a42
sub-07/ses-02/meg/sub-07_ses-02_task-MotorImageryRest_run-04_events.json	767	336	False	95434a42
sub-07/ses-02/meg/sub-07_ses-02_task-rest_run-02_meg.json	677	295	False	9ff99a53
sub-07/ses-02/meg/sub-07_ses-02_task-MotorImageryRest_run-04_events.tsv	679	304	False	99f9751f
sub-07/ses-02/meg/sub-07_ses-02_task-MotorImageryRest_run-02_meg.fif	65559177	61204234	False	5aaa51be
sub-07/ses-02/meg/sub-07_ses-02_task-MotorImageryRest_run-01_events.tsv	675	301	False	28d52d63
sub-07/ses-02/meg/sub-07_ses-02_task-MotorImageryRest_run-06_meg.json	688	306	False	7aba8148
sub-07/ses-02/meg/sub-07_ses-02_task-MotorImageryRest_run-03_meg.fif	66373147	61949549	False	531e83c9
sub-07/ses-02/meg/sub-07_ses-02_task-rest_run-02_channels.tsv	19989	1020	False	03360556
sub-07/ses-02/meg/sub-07_ses-02_task-MotorImageryRest_run-01_events.json	767	336	False	95434a42
sub-07/ses-02/meg/sub-07_ses-02_task-MotorImageryRest_run-01_meg.fif	65584891	61216980	False	3d12d532
sub-07/ses-02/meg/sub-07_ses-02_task-MotorImageryRest_run-01_meg.json	689	306	False	8b19d4ca
sub-07/ses-02/meg/sub-07_ses-02_task-MotorImageryRest_run-02_events.json	767	336	False	95434a42
sub-07/ses-02/meg/sub-07_ses-02_task-MotorImageryRest_run-03_channels.tsv	19989	1020	False	03360556
sub-07/ses-02/meg/sub-07_ses-02_task-MotorImageryRest_run-04_channels.tsv	19989	1020	False	03360556
sub-07/ses-02/meg/sub-07_ses-02_task-MotorImageryRest_run-06_events.tsv	645	292	False	ec391984
sub-07/ses-02/meg/sub-07_ses-02_task-MotorImageryRest_run-03_events.tsv	670	302	False	8f42fde6
sub-07/ses-02/meg/sub-07_ses-02_task-MotorImageryRest_run-05_channels.tsv	19989	1020	False	03360556
sub-07/ses-02/meg/sub-07_ses-02_task-MotorImageryRest_run-02_channels.tsv	19989	1020	False	03360556
sub-07/ses-02/eeg/sub-07_ses-02_space-CapTrak_coordsystem.json	945	378	False	80782dfe
sub-07/ses-02/eeg/sub-07_ses-02_task-MotorImageryRest_run-05_eeg.eeg	15767920	13738692	False	6b8c73d2
sub-07/ses-02/eeg/sub-07_ses-02_task-rest_run-01_eeg.eeg	14593096	12724467	False	bb135c95
sub-07/ses-02/eeg/sub-07_ses-02_task-MotorImageryRest_run-03_eeg.json	485	231	False	fee24533
sub-07/ses-02/eeg/sub-07_ses-02_task-MotorImageryRest_run-02_eeg.json	485	231	False	4563f7ff
sub-07/ses-02/eeg/sub-07_ses-02_task-MotorImageryRest_run-01_eeg.vhdr	2012	797	False	a6755045
sub-07/ses-02/eeg/sub-07_ses-02_task-MotorImageryRest_run-01_eeg.vmrk	1389	585	False	12402663
sub-07/ses-02/eeg/sub-07_ses-02_task-MotorImageryRest_run-05_events.tsv	675	301	False	9ce0bfe8
sub-07/ses-02/eeg/sub-07_ses-02_task-MotorImageryRest_run-06_channels.tsv	4361	330	False	f53f1e18
sub-07/ses-02/eeg/sub-07_ses-02_task-MotorImageryRest_run-01_channels.tsv	4361	330	False	f53f1e18
sub-07/ses-02/eeg/sub-07_ses-02_task-MotorImageryRest_run-05_events.json	767	336	False	95434a42
sub-07/ses-02/eeg/sub-07_ses-02_task-MotorImageryRest_run-04_eeg.eeg	15653960	13653875	False	7922db5b
sub-07/ses-02/eeg/sub-07_ses-02_task-MotorImageryRest_run-06_eeg.vmrk	1359	575	False	181d6800
sub-07/ses-02/eeg/sub-07_ses-02_task-MotorImageryRest_run-06_eeg.vhdr	2012	798	False	e1d9e46a
sub-07/ses-02/eeg/sub-07_ses-02_task-rest_run-01_eeg.json	472	220	False	b00c3ccd
sub-07/ses-02/eeg/sub-07_ses-02_task-MotorImageryRest_run-06_events.json	767	336	False	95434a42
sub-07/ses-02/eeg/sub-07_ses-02_task-MotorImageryRest_run-02_events.tsv	650	296	False	ee2263c1
sub-07/ses-02/eeg/sub-07_ses-02_task-rest_run-02_eeg.eeg	20276592	17553821	False	8cb627e6
sub-07/ses-02/eeg/sub-07_ses-02_task-MotorImageryRest_run-06_eeg.eeg	15649816	13630527	False	df8726e2
sub-07/ses-02/eeg/sub-07_ses-02_task-rest_run-02_eeg.vhdr	1988	787	False	8e8b2b1b
sub-07/ses-02/eeg/sub-07_ses-02_task-rest_run-01_channels.tsv	4361	330	False	f53f1e18
sub-07/ses-02/eeg/sub-07_ses-02_task-rest_run-02_eeg.vmrk	521	335	False	935d5c6c
sub-07/ses-02/eeg/sub-07_ses-02_task-MotorImageryRest_run-03_events.json	767	336	False	95434a42
sub-07/ses-02/eeg/sub-07_ses-02_task-MotorImageryRest_run-04_eeg.json	486	232	False	7030f81e
sub-07/ses-02/eeg/sub-07_ses-02_task-MotorImageryRest_run-05_eeg.json	486	231	False	2f1673aa
sub-07/ses-02/eeg/sub-07_ses-02_task-MotorImageryRest_run-04_events.json	767	336	False	95434a42
sub-07/ses-02/eeg/sub-07_ses-02_task-MotorImageryRest_run-02_eeg.vhdr	2012	796	False	cd997895
sub-07/ses-02/eeg/sub-07_ses-02_task-MotorImageryRest_run-03_eeg.vhdr	2012	798	False	5ded9d1a
sub-07/ses-02/eeg/sub-07_ses-02_task-MotorImageryRest_run-02_eeg.vmrk	1360	575	False	9c3ee143
sub-07/ses-02/eeg/sub-07_ses-02_task-MotorImageryRest_run-03_eeg.vmrk	1389	584	False	15a73fa1
sub-07/ses-02/eeg/sub-07_ses-02_task-MotorImageryRest_run-04_events.tsv	679	304	False	99f9751f
sub-07/ses-02/eeg/sub-07_ses-02_task-MotorImageryRest_run-02_eeg.eeg	15825936	13856050	False	f726ccce
sub-07/ses-02/eeg/sub-07_ses-02_task-MotorImageryRest_run-01_events.tsv	675	301	False	28d52d63
sub-07/ses-02/eeg/sub-07_ses-02_task-MotorImageryRest_run-03_eeg.eeg	16022776	14010365	False	d8acdfc6
sub-07/ses-02/eeg/sub-07_ses-02_task-MotorImageryRest_run-01_eeg.json	486	232	False	50f9e251
sub-07/ses-02/eeg/sub-07_ses-02_space-CapTrak_electrodes.tsv	5150	2435	False	4800cdee
sub-07/ses-02/eeg/sub-07_ses-02_task-rest_run-02_channels.tsv	4361	330	False	f53f1e18
sub-07/ses-02/eeg/sub-07_ses-02_task-MotorImageryRest_run-01_events.json	767	336	False	95434a42
sub-07/ses-02/eeg/sub-07_ses-02_task-MotorImageryRest_run-01_eeg.eeg	15832152	13931037	False	820d0001
sub-07/ses-02/eeg/sub-07_ses-02_task-rest_run-01_eeg.vhdr	1988	789	False	3b9dfb9f
sub-07/ses-02/eeg/sub-07_ses-02_task-MotorImageryRest_run-02_events.json	767	336	False	95434a42
sub-07/ses-02/eeg/sub-07_ses-02_task-rest_run-01_eeg.vmrk	521	336	False	9087425e
sub-07/ses-02/eeg/sub-07_ses-02_task-MotorImageryRest_run-06_eeg.json	485	231	False	ef3d8863
sub-07/ses-02/eeg/sub-07_ses-02_task-MotorImageryRest_run-03_channels.tsv	4361	330	False	f53f1e18
sub-07/ses-02/eeg/sub-07_ses-02_task-MotorImageryRest_run-04_channels.tsv	4361	330	False	f53f1e18
sub-07/ses-02/eeg/sub-07_ses-02_task-MotorImageryRest_run-06_events.tsv	645	292	False	ec391984
sub-07/ses-02/eeg/sub-07_ses-02_task-MotorImageryRest_run-03_events.tsv	670	302	False	8f42fde6
sub-07/ses-02/eeg/sub-07_ses-02_task-MotorImageryRest_run-05_eeg.vmrk	1388	581	False	b2592770
sub-07/ses-02/eeg/sub-07_ses-02_task-MotorImageryRest_run-04_eeg.vmrk	1388	580	False	48e78309
sub-07/ses-02/eeg/sub-07_ses-02_task-MotorImageryRest_run-05_eeg.vhdr	2012	798	False	8a35ccba
sub-07/ses-02/eeg/sub-07_ses-02_task-MotorImageryRest_run-04_eeg.vhdr	2012	797	False	1a412935
sub-07/ses-02/eeg/sub-07_ses-02_task-rest_run-02_eeg.json	474	222	False	7b51f5fa
sub-07/ses-02/eeg/sub-07_ses-02_task-MotorImageryRest_run-05_channels.tsv	4361	330	False	f53f1e18
sub-07/ses-02/eeg/sub-07_ses-02_task-MotorImageryRest_run-02_channels.tsv	4361	330	False	f53f1e18
sub-07/ses-04/meg/sub-07_ses-04_task-MotorImageryRest_run-01_channels.tsv	19989	1020	False	03360556
sub-07/ses-04/meg/sub-07_ses-04_task-MotorImageryRest_run-06_channels.tsv	19989	1020	False	03360556
sub-07/ses-04/meg/sub-07_ses-04_task-MotorImageryRest_run-04_meg.json	687	303	False	0c009544
sub-07/ses-04/meg/sub-07_ses-04_task-MotorImageryRest_run-05_meg.json	689	306	False	6118b83a
sub-07/ses-04/meg/sub-07_ses-04_task-MotorImageryRest_run-02_events.tsv	724	322	False	472f622e
sub-07/ses-04/meg/sub-07_ses-04_task-MotorImageryRest_run-02_events.json	767	336	False	95434a42
sub-07/ses-04/meg/sub-07_ses-04_task-rest_run-01_channels.tsv	19989	1020	False	03360556
sub-07/ses-04/meg/sub-07_ses-04_task-MotorImageryRest_run-04_meg.fif	70100931	65417788	False	0ddf7af8
sub-07/ses-04/meg/sub-07_ses-04_task-MotorImageryRest_run-05_meg.fif	69938139	65264831	False	76c983da
sub-07/ses-04/meg/sub-07_ses-04_task-MotorImageryRest_run-04_events.json	767	336	False	95434a42
sub-07/ses-04/meg/sub-07_ses-04_task-rest_run-02_meg.json	677	296	False	c1741fef
sub-07/ses-04/meg/sub-07_ses-04_task-MotorImageryRest_run-03_meg.json	689	307	False	ed80857d
sub-07/ses-04/meg/sub-07_ses-04_task-MotorImageryRest_run-02_meg.json	689	306	False	d4f9019b
sub-07/ses-04/meg/sub-07_ses-04_task-MotorImageryRest_run-01_events.json	767	336	False	95434a42
sub-07/ses-04/meg/sub-07_ses-04_task-MotorImageryRest_run-06_meg.fif	71574627	66807299	False	02b97d29
sub-07/ses-04/meg/sub-07_ses-04_task-MotorImageryRest_run-05_events.tsv	719	322	False	674c75d2
sub-07/ses-04/meg/sub-07_ses-04_task-MotorImageryRest_run-06_events.json	767	336	False	95434a42
sub-07/ses-04/meg/sub-07_ses-04_task-MotorImageryRest_run-03_meg.fif	71094819	66336995	False	d8f0fb76
sub-07/ses-04/meg/sub-07_ses-04_task-rest_run-02_meg.fif	64128596	59743849	False	1be12fba
sub-07/ses-04/meg/sub-07_ses-04_task-MotorImageryRest_run-06_events.tsv	721	322	False	4a074ae6
sub-07/ses-04/meg/sub-07_ses-04_coordsystem.json	2230	484	False	0c1bdd86
sub-07/ses-04/meg/sub-07_ses-04_task-MotorImageryRest_run-03_events.tsv	718	321	False	43299658
sub-07/ses-04/meg/sub-07_ses-04_task-MotorImageryRest_run-03_events.json	767	336	False	95434a42
sub-07/ses-04/meg/sub-07_ses-04_task-MotorImageryRest_run-02_meg.fif	72611355	67759424	False	3e99a93a
sub-07/ses-04/meg/sub-07_ses-04_task-MotorImageryRest_run-06_meg.json	689	305	False	0f42c7c6
sub-07/ses-04/meg/sub-07_ses-04_task-rest_run-02_channels.tsv	19989	1020	False	03360556
sub-07/ses-04/meg/sub-07_ses-04_task-MotorImageryRest_run-02_channels.tsv	19989	1020	False	03360556
sub-07/ses-04/meg/sub-07_ses-04_task-MotorImageryRest_run-05_channels.tsv	19989	1020	False	03360556
sub-07/ses-04/meg/sub-07_ses-04_task-rest_run-01_meg.fif	63691628	59421319	False	81a5c716
sub-07/ses-04/meg/sub-07_ses-04_task-MotorImageryRest_run-04_events.tsv	719	321	False	524ecf96
sub-07/ses-04/meg/sub-07_ses-04_task-MotorImageryRest_run-01_meg.json	689	306	False	1465c894
sub-07/ses-04/meg/sub-07_ses-04_task-MotorImageryRest_run-04_channels.tsv	19989	1020	False	03360556
sub-07/ses-04/meg/sub-07_ses-04_task-MotorImageryRest_run-01_events.tsv	716	315	False	d5917ba8
sub-07/ses-04/meg/sub-07_ses-04_task-MotorImageryRest_run-03_channels.tsv	19989	1020	False	03360556
sub-07/ses-04/meg/sub-07_ses-04_task-rest_run-01_meg.json	677	295	False	28e20eea
sub-07/ses-04/meg/sub-07_ses-04_task-MotorImageryRest_run-01_meg.fif	71197635	66423196	False	b2c2a615
sub-07/ses-04/meg/sub-07_ses-04_task-MotorImageryRest_run-05_events.json	767	336	False	95434a42
sub-07/ses-04/eeg/sub-07_ses-04_task-MotorImageryRest_run-01_channels.tsv	4361	330	False	f53f1e18
sub-07/ses-04/eeg/sub-07_ses-04_task-rest_run-01_eeg.vmrk	521	336	False	abc13a7d
sub-07/ses-04/eeg/sub-07_ses-04_task-rest_run-01_eeg.vhdr	1988	789	False	cf9073bc
sub-07/ses-04/eeg/sub-07_ses-04_task-MotorImageryRest_run-06_channels.tsv	4361	330	False	f53f1e18
sub-07/ses-04/eeg/sub-07_ses-04_task-MotorImageryRest_run-02_eeg.json	486	231	False	92251073
sub-07/ses-04/eeg/sub-07_ses-04_space-CapTrak_coordsystem.json	945	378	False	b4cdc80e
sub-07/ses-04/eeg/sub-07_ses-04_task-MotorImageryRest_run-03_eeg.json	486	232	False	82d1ae32
sub-07/ses-04/eeg/sub-07_ses-04_task-MotorImageryRest_run-02_events.tsv	724	322	False	472f622e
sub-07/ses-04/eeg/sub-07_ses-04_task-MotorImageryRest_run-02_events.json	767	336	False	95434a42
sub-07/ses-04/eeg/sub-07_ses-04_task-rest_run-01_channels.tsv	4361	330	False	f53f1e18
sub-07/ses-04/eeg/sub-07_ses-04_task-MotorImageryRest_run-04_eeg.eeg	16924096	14890282	False	d9721971
sub-07/ses-04/eeg/sub-07_ses-04_task-MotorImageryRest_run-05_eeg.eeg	16884728	14885691	False	bc969e8d
sub-07/ses-04/eeg/sub-07_ses-04_task-MotorImageryRest_run-01_eeg.vhdr	2012	798	False	ae8f53f6
sub-07/ses-04/eeg/sub-07_ses-04_task-rest_run-02_eeg.json	474	223	False	f7cd29ae
sub-07/ses-04/eeg/sub-07_ses-04_task-MotorImageryRest_run-01_eeg.vmrk	1447	598	False	319fa2ca
sub-07/ses-04/eeg/sub-07_ses-04_task-MotorImageryRest_run-04_events.json	767	336	False	95434a42
sub-07/ses-04/eeg/sub-07_ses-04_task-MotorImageryRest_run-06_eeg.vmrk	1447	596	False	6503f2e8
sub-07/ses-04/eeg/sub-07_ses-04_task-MotorImageryRest_run-06_eeg.vhdr	2012	798	False	e923e7d9
sub-07/ses-04/eeg/sub-07_ses-04_task-MotorImageryRest_run-05_eeg.json	486	232	False	326f00b3
sub-07/ses-04/eeg/sub-07_ses-04_task-MotorImageryRest_run-04_eeg.json	484	230	False	e6edb693
sub-07/ses-04/eeg/sub-07_ses-04_task-MotorImageryRest_run-01_events.json	767	336	False	95434a42
sub-07/ses-04/eeg/sub-07_ses-04_task-MotorImageryRest_run-06_eeg.eeg	17280480	15289481	False	3780789f
sub-07/ses-04/eeg/sub-07_ses-04_task-MotorImageryRest_run-05_events.tsv	719	322	False	674c75d2
sub-07/ses-04/eeg/sub-07_ses-04_task-MotorImageryRest_run-06_events.json	767	336	False	95434a42
sub-07/ses-04/eeg/sub-07_ses-04_task-MotorImageryRest_run-03_eeg.eeg	17164448	15151485	False	ceaeeda3
sub-07/ses-04/eeg/sub-07_ses-04_task-rest_run-01_eeg.json	474	221	False	0762560c
sub-07/ses-04/eeg/sub-07_ses-04_task-MotorImageryRest_run-03_eeg.vhdr	2012	798	False	55179ea9
sub-07/ses-04/eeg/sub-07_ses-04_task-MotorImageryRest_run-02_eeg.vhdr	2012	797	False	c5637b26
sub-07/ses-04/eeg/sub-07_ses-04_task-MotorImageryRest_run-03_eeg.vmrk	1447	599	False	c1c2c6d4
sub-07/ses-04/eeg/sub-07_ses-04_task-MotorImageryRest_run-02_eeg.vmrk	1447	595	False	60b40adb
sub-07/ses-04/eeg/sub-07_ses-04_task-MotorImageryRest_run-06_events.tsv	721	322	False	4a074ae6
sub-07/ses-04/eeg/sub-07_ses-04_task-rest_run-02_eeg.eeg	15479912	13713502	False	a249e0f5
sub-07/ses-04/eeg/sub-07_ses-04_task-MotorImageryRest_run-03_events.tsv	718	321	False	43299658
sub-07/ses-04/eeg/sub-07_ses-04_task-rest_run-02_eeg.vmrk	521	336	False	a81b244f
sub-07/ses-04/eeg/sub-07_ses-04_task-MotorImageryRest_run-01_eeg.json	486	232	False	a670b5a5
sub-07/ses-04/eeg/sub-07_ses-04_task-rest_run-02_eeg.vhdr	1988	789	False	7a86a338
sub-07/ses-04/eeg/sub-07_ses-04_task-MotorImageryRest_run-03_events.json	767	336	False	95434a42
sub-07/ses-04/eeg/sub-07_ses-04_task-MotorImageryRest_run-02_eeg.eeg	17531192	15448093	False	858deb32
sub-07/ses-04/eeg/sub-07_ses-04_task-rest_run-02_channels.tsv	4361	330	False	f53f1e18
sub-07/ses-04/eeg/sub-07_ses-04_task-MotorImageryRest_run-02_channels.tsv	4361	330	False	f53f1e18
sub-07/ses-04/eeg/sub-07_ses-04_task-rest_run-01_eeg.eeg	15374240	13658346	False	dc98e825
sub-07/ses-04/eeg/sub-07_ses-04_task-MotorImageryRest_run-05_channels.tsv	4361	330	False	f53f1e18
sub-07/ses-04/eeg/sub-07_ses-04_task-MotorImageryRest_run-06_eeg.json	486	232	False	202ae4cc
sub-07/ses-04/eeg/sub-07_ses-04_task-MotorImageryRest_run-04_events.tsv	719	321	False	524ecf96
sub-07/ses-04/eeg/sub-07_ses-04_space-CapTrak_electrodes.tsv	5147	2436	False	e91e5037
sub-07/ses-04/eeg/sub-07_ses-04_task-MotorImageryRest_run-04_channels.tsv	4361	330	False	f53f1e18
sub-07/ses-04/eeg/sub-07_ses-04_task-MotorImageryRest_run-01_events.tsv	716	315	False	d5917ba8
sub-07/ses-04/eeg/sub-07_ses-04_task-MotorImageryRest_run-03_channels.tsv	4361	330	False	f53f1e18
sub-07/ses-04/eeg/sub-07_ses-04_task-MotorImageryRest_run-04_eeg.vmrk	1447	595	False	2552a78a
sub-07/ses-04/eeg/sub-07_ses-04_task-MotorImageryRest_run-05_eeg.vmrk	1447	599	False	ed1d5074
sub-07/ses-04/eeg/sub-07_ses-04_task-MotorImageryRest_run-01_eeg.eeg	17189312	15140542	False	1a502cc7
sub-07/ses-04/eeg/sub-07_ses-04_task-MotorImageryRest_run-04_eeg.vhdr	2012	796	False	12bb2a86
sub-07/ses-04/eeg/sub-07_ses-04_task-MotorImageryRest_run-05_eeg.vhdr	2012	798	False	82cfcf09
sub-07/ses-04/eeg/sub-07_ses-04_task-MotorImageryRest_run-05_events.json	767	336	False	95434a42
sub-07/ses-03/meg/sub-07_ses-03_task-MotorImageryRest_run-01_events.json	767	336	False	95434a42
sub-07/ses-03/meg/sub-07_ses-03_task-MotorImageryRest_run-04_meg.fif	64848043	60517510	False	49cc2565
sub-07/ses-03/meg/sub-07_ses-03_task-MotorImageryRest_run-05_meg.json	689	306	False	4c723639
sub-07/ses-03/meg/sub-07_ses-03_task-MotorImageryRest_run-04_meg.json	689	305	False	783bf671
sub-07/ses-03/meg/sub-07_ses-03_task-MotorImageryRest_run-05_meg.fif	65319283	60916617	False	905fbbf7
sub-07/ses-03/meg/sub-07_ses-03_task-rest_run-02_meg.fif	83962832	78392800	False	a5e16570
sub-07/ses-03/meg/sub-07_ses-03_task-MotorImageryRest_run-06_channels.tsv	19989	1020	False	03360556
sub-07/ses-03/meg/sub-07_ses-03_task-rest_run-01_channels.tsv	19989	1020	False	03360556
sub-07/ses-03/meg/sub-07_ses-03_task-MotorImageryRest_run-01_channels.tsv	19989	1020	False	03360556
sub-07/ses-03/meg/sub-07_ses-03_task-MotorImageryRest_run-05_events.tsv	675	301	False	9ce0bfe8
sub-07/ses-03/meg/sub-07_ses-03_task-MotorImageryRest_run-04_events.json	767	336	False	95434a42
sub-07/ses-03/meg/sub-07_ses-03_coordsystem.json	2186	480	False	7553c63a
sub-07/ses-03/meg/sub-07_ses-03_task-MotorImageryRest_run-02_events.tsv	650	296	False	ee2263c1
sub-07/ses-03/meg/sub-07_ses-03_task-rest_run-02_meg.json	677	295	False	9ff99a53
sub-07/ses-03/meg/sub-07_ses-03_task-MotorImageryRest_run-02_meg.json	688	305	False	67caa991
sub-07/ses-03/meg/sub-07_ses-03_task-MotorImageryRest_run-03_meg.json	688	305	False	49bdc687
sub-07/ses-03/meg/sub-07_ses-03_task-MotorImageryRest_run-02_events.json	767	336	False	95434a42
sub-07/ses-03/meg/sub-07_ses-03_task-rest_run-01_meg.fif	60460808	56393719	False	12811b8d
sub-07/ses-03/meg/sub-07_ses-03_task-MotorImageryRest_run-06_meg.fif	64830897	60509040	False	ef0c4406
sub-07/ses-03/meg/sub-07_ses-03_task-MotorImageryRest_run-05_events.json	767	336	False	95434a42
sub-07/ses-03/meg/sub-07_ses-03_task-MotorImageryRest_run-04_events.tsv	679	304	False	99f9751f
sub-07/ses-03/meg/sub-07_ses-03_task-MotorImageryRest_run-03_meg.fif	66373147	61949549	False	531e83c9
sub-07/ses-03/meg/sub-07_ses-03_task-MotorImageryRest_run-06_meg.json	688	306	False	7aba8148
sub-07/ses-03/meg/sub-07_ses-03_task-MotorImageryRest_run-02_meg.fif	65559177	61204234	False	5aaa51be
sub-07/ses-03/meg/sub-07_ses-03_task-MotorImageryRest_run-01_events.tsv	675	301	False	28d52d63
sub-07/ses-03/meg/sub-07_ses-03_task-MotorImageryRest_run-01_meg.json	689	306	False	8b19d4ca
sub-07/ses-03/meg/sub-07_ses-03_task-MotorImageryRest_run-06_events.tsv	645	292	False	ec391984
sub-07/ses-03/meg/sub-07_ses-03_task-MotorImageryRest_run-03_channels.tsv	19989	1020	False	03360556
sub-07/ses-03/meg/sub-07_ses-03_task-MotorImageryRest_run-04_channels.tsv	19989	1020	False	03360556
sub-07/ses-03/meg/sub-07_ses-03_task-MotorImageryRest_run-03_events.json	767	336	False	95434a42
sub-07/ses-03/meg/sub-07_ses-03_task-rest_run-01_meg.json	675	293	False	e1efa603
sub-07/ses-03/meg/sub-07_ses-03_task-MotorImageryRest_run-05_channels.tsv	19989	1020	False	03360556
sub-07/ses-03/meg/sub-07_ses-03_task-rest_run-02_channels.tsv	19989	1020	False	03360556
sub-07/ses-03/meg/sub-07_ses-03_task-MotorImageryRest_run-02_channels.tsv	19989	1020	False	03360556
sub-07/ses-03/meg/sub-07_ses-03_task-MotorImageryRest_run-01_meg.fif	65584891	61216980	False	3d12d532
sub-07/ses-03/meg/sub-07_ses-03_task-MotorImageryRest_run-03_events.tsv	670	302	False	8f42fde6
sub-07/ses-03/meg/sub-07_ses-03_task-MotorImageryRest_run-06_events.json	767	336	False	95434a42
sub-07/ses-03/eeg/sub-07_ses-03_task-rest_run-02_eeg.json	474	222	False	7b51f5fa
sub-07/ses-03/eeg/sub-07_ses-03_task-MotorImageryRest_run-01_events.json	767	336	False	95434a42
sub-07/ses-03/eeg/sub-07_ses-03_task-MotorImageryRest_run-04_eeg.eeg	15653960	13653875	False	7922db5b
sub-07/ses-03/eeg/sub-07_ses-03_task-MotorImageryRest_run-03_eeg.json	485	231	False	fee24533
sub-07/ses-03/eeg/sub-07_ses-03_task-MotorImageryRest_run-02_eeg.json	485	231	False	4563f7ff
sub-07/ses-03/eeg/sub-07_ses-03_task-MotorImageryRest_run-05_eeg.eeg	15767920	13738692	False	6b8c73d2
sub-07/ses-03/eeg/sub-07_ses-03_task-rest_run-02_eeg.eeg	20276592	17553821	False	8cb627e6
sub-07/ses-03/eeg/sub-07_ses-03_task-MotorImageryRest_run-01_eeg.vhdr	2012	798	False	48192c2d
sub-07/ses-03/eeg/sub-07_ses-03_task-MotorImageryRest_run-01_eeg.vmrk	1389	585	False	54b33ea0
sub-07/ses-03/eeg/sub-07_ses-03_task-MotorImageryRest_run-06_channels.tsv	4361	330	False	f53f1e18
sub-07/ses-03/eeg/sub-07_ses-03_task-rest_run-01_channels.tsv	4361	330	False	f53f1e18
sub-07/ses-03/eeg/sub-07_ses-03_task-MotorImageryRest_run-01_channels.tsv	4361	330	False	f53f1e18
sub-07/ses-03/eeg/sub-07_ses-03_task-MotorImageryRest_run-05_events.tsv	675	301	False	9ce0bfe8
sub-07/ses-03/eeg/sub-07_ses-03_task-rest_run-01_eeg.vhdr	1988	789	False	49083970
sub-07/ses-03/eeg/sub-07_ses-03_task-rest_run-01_eeg.vmrk	521	336	False	c08e28b1
sub-07/ses-03/eeg/sub-07_ses-03_task-MotorImageryRest_run-04_events.json	767	336	False	95434a42
sub-07/ses-03/eeg/sub-07_ses-03_space-CapTrak_coordsystem.json	945	378	False	80782dfe
sub-07/ses-03/eeg/sub-07_ses-03_task-MotorImageryRest_run-06_eeg.vmrk	1359	575	False	34efaa2b
sub-07/ses-03/eeg/sub-07_ses-03_task-MotorImageryRest_run-06_eeg.vhdr	2012	798	False	0fb59802
sub-07/ses-03/eeg/sub-07_ses-03_task-MotorImageryRest_run-02_events.tsv	650	296	False	ee2263c1
sub-07/ses-03/eeg/sub-07_ses-03_space-CapTrak_electrodes.tsv	5150	2435	False	4800cdee
sub-07/ses-03/eeg/sub-07_ses-03_task-MotorImageryRest_run-02_events.json	767	336	False	95434a42
sub-07/ses-03/eeg/sub-07_ses-03_task-rest_run-01_eeg.eeg	14593096	12724467	False	bb135c95
sub-07/ses-03/eeg/sub-07_ses-03_task-MotorImageryRest_run-06_eeg.eeg	15649816	13630527	False	df8726e2
sub-07/ses-03/eeg/sub-07_ses-03_task-MotorImageryRest_run-04_eeg.json	486	232	False	7030f81e
sub-07/ses-03/eeg/sub-07_ses-03_task-MotorImageryRest_run-05_eeg.json	486	231	False	2f1673aa
sub-07/ses-03/eeg/sub-07_ses-03_task-MotorImageryRest_run-05_events.json	767	336	False	95434a42
sub-07/ses-03/eeg/sub-07_ses-03_task-MotorImageryRest_run-04_events.tsv	679	304	False	99f9751f
sub-07/ses-03/eeg/sub-07_ses-03_task-rest_run-02_eeg.vhdr	1988	789	False	fc1ee9f4
sub-07/ses-03/eeg/sub-07_ses-03_task-MotorImageryRest_run-03_eeg.eeg	16022776	14010365	False	d8acdfc6
sub-07/ses-03/eeg/sub-07_ses-03_task-rest_run-02_eeg.vmrk	521	336	False	c3543683
sub-07/ses-03/eeg/sub-07_ses-03_task-MotorImageryRest_run-02_eeg.vhdr	2012	798	False	23f504fd
sub-07/ses-03/eeg/sub-07_ses-03_task-MotorImageryRest_run-03_eeg.vhdr	2012	796	False	b381e172
sub-07/ses-03/eeg/sub-07_ses-03_task-MotorImageryRest_run-02_eeg.vmrk	1360	577	False	30aeeac1
sub-07/ses-03/eeg/sub-07_ses-03_task-MotorImageryRest_run-03_eeg.vmrk	1389	583	False	53542762
sub-07/ses-03/eeg/sub-07_ses-03_task-MotorImageryRest_run-01_eeg.json	486	232	False	50f9e251
sub-07/ses-03/eeg/sub-07_ses-03_task-rest_run-01_eeg.json	472	220	False	b00c3ccd
sub-07/ses-03/eeg/sub-07_ses-03_task-MotorImageryRest_run-02_eeg.eeg	15825936	13856050	False	f726ccce
sub-07/ses-03/eeg/sub-07_ses-03_task-MotorImageryRest_run-01_events.tsv	675	301	False	28d52d63
sub-07/ses-03/eeg/sub-07_ses-03_task-MotorImageryRest_run-06_events.tsv	645	292	False	ec391984
sub-07/ses-03/eeg/sub-07_ses-03_task-MotorImageryRest_run-06_eeg.json	485	231	False	ef3d8863
sub-07/ses-03/eeg/sub-07_ses-03_task-MotorImageryRest_run-03_channels.tsv	4361	330	False	f53f1e18
sub-07/ses-03/eeg/sub-07_ses-03_task-MotorImageryRest_run-04_channels.tsv	4361	330	False	f53f1e18
sub-07/ses-03/eeg/sub-07_ses-03_task-MotorImageryRest_run-03_events.json	767	336	False	95434a42
sub-07/ses-03/eeg/sub-07_ses-03_task-MotorImageryRest_run-05_channels.tsv	4361	330	False	f53f1e18
sub-07/ses-03/eeg/sub-07_ses-03_task-rest_run-02_channels.tsv	4361	330	False	f53f1e18
sub-07/ses-03/eeg/sub-07_ses-03_task-MotorImageryRest_run-02_channels.tsv	4361	330	False	f53f1e18
sub-07/ses-03/eeg/sub-07_ses-03_task-MotorImageryRest_run-01_eeg.eeg	15832152	13931037	False	820d0001
sub-07/ses-03/eeg/sub-07_ses-03_task-MotorImageryRest_run-05_eeg.vmrk	1388	581	False	28ff9ddf
sub-07/ses-03/eeg/sub-07_ses-03_task-MotorImageryRest_run-04_eeg.vmrk	1388	580	False	d24139a6
sub-07/ses-03/eeg/sub-07_ses-03_task-MotorImageryRest_run-05_eeg.vhdr	2012	798	False	6459b0d2
sub-07/ses-03/eeg/sub-07_ses-03_task-MotorImageryRest_run-04_eeg.vhdr	2012	798	False	f42d555d
sub-07/ses-03/eeg/sub-07_ses-03_task-MotorImageryRest_run-03_events.tsv	670	302	False	8f42fde6
sub-07/ses-03/eeg/sub-07_ses-03_task-MotorImageryRest_run-06_events.json	767	336	False	95434a42
sub-07/ses-01/meg/sub-07_ses-01_task-MotorImageryRest_run-01_meg.fif	65584891	61216980	False	3d12d532
sub-07/ses-01/meg/sub-07_ses-01_task-MotorImageryRest_run-05_events.tsv	675	301	False	9ce0bfe8
sub-07/ses-01/meg/sub-07_ses-01_task-MotorImageryRest_run-03_events.json	767	336	False	95434a42
sub-07/ses-01/meg/sub-07_ses-01_task-MotorImageryRest_run-04_meg.json	689	305	False	783bf671
sub-07/ses-01/meg/sub-07_ses-01_task-MotorImageryRest_run-05_meg.json	689	306	False	4c723639
sub-07/ses-01/meg/sub-07_ses-01_task-rest_run-02_meg.json	677	295	False	9ff99a53
sub-07/ses-01/meg/sub-07_ses-01_task-MotorImageryRest_run-06_events.json	767	336	False	95434a42
sub-07/ses-01/meg/sub-07_ses-01_task-MotorImageryRest_run-03_channels.tsv	19989	1020	False	03360556
sub-07/ses-01/meg/sub-07_ses-01_task-MotorImageryRest_run-04_channels.tsv	19989	1020	False	03360556
sub-07/ses-01/meg/sub-07_ses-01_task-MotorImageryRest_run-05_events.json	767	336	False	95434a42
sub-07/ses-01/meg/sub-07_ses-01_task-MotorImageryRest_run-02_meg.fif	65559177	61204234	False	5aaa51be
sub-07/ses-01/meg/sub-07_ses-01_task-rest_run-02_channels.tsv	19989	1020	False	03360556
sub-07/ses-01/meg/sub-07_ses-01_task-MotorImageryRest_run-05_channels.tsv	19989	1020	False	03360556
sub-07/ses-01/meg/sub-07_ses-01_task-MotorImageryRest_run-02_channels.tsv	19989	1020	False	03360556
sub-07/ses-01/meg/sub-07_ses-01_task-MotorImageryRest_run-03_meg.fif	66373147	61949549	False	531e83c9
sub-07/ses-01/meg/sub-07_ses-01_task-MotorImageryRest_run-02_events.tsv	650	296	False	ee2263c1
sub-07/ses-01/meg/sub-07_ses-01_task-MotorImageryRest_run-03_meg.json	688	305	False	49bdc687
sub-07/ses-01/meg/sub-07_ses-01_task-MotorImageryRest_run-02_meg.json	688	305	False	67caa991
sub-07/ses-01/meg/sub-07_ses-01_task-MotorImageryRest_run-01_events.tsv	675	301	False	28d52d63
sub-07/ses-01/meg/sub-07_ses-01_task-MotorImageryRest_run-06_meg.fif	64830897	60509040	False	ef0c4406
sub-07/ses-01/meg/sub-07_ses-01_task-rest_run-01_channels.tsv	19989	1020	False	03360556
sub-07/ses-01/meg/sub-07_ses-01_task-rest_run-01_meg.json	675	293	False	e1efa603
sub-07/ses-01/meg/sub-07_ses-01_task-MotorImageryRest_run-02_events.json	767	336	False	95434a42
sub-07/ses-01/meg/sub-07_ses-01_task-MotorImageryRest_run-06_channels.tsv	19989	1020	False	03360556
sub-07/ses-01/meg/sub-07_ses-01_task-rest_run-01_meg.fif	60460808	56393719	False	12811b8d
sub-07/ses-01/meg/sub-07_ses-01_task-MotorImageryRest_run-06_meg.json	688	306	False	7aba8148
sub-07/ses-01/meg/sub-07_ses-01_task-MotorImageryRest_run-01_channels.tsv	19989	1020	False	03360556
sub-07/ses-01/meg/sub-07_ses-01_task-MotorImageryRest_run-04_events.tsv	679	304	False	99f9751f
sub-07/ses-01/meg/sub-07_ses-01_task-MotorImageryRest_run-05_meg.fif	65319283	60916617	False	905fbbf7
sub-07/ses-01/meg/sub-07_ses-01_task-MotorImageryRest_run-03_events.tsv	670	302	False	8f42fde6
sub-07/ses-01/meg/sub-07_ses-01_task-MotorImageryRest_run-01_meg.json	689	306	False	8b19d4ca
sub-07/ses-01/meg/sub-07_ses-01_coordsystem.json	2186	480	False	7553c63a
sub-07/ses-01/meg/sub-07_ses-01_task-MotorImageryRest_run-01_events.json	767	336	False	95434a42
sub-07/ses-01/meg/sub-07_ses-01_task-MotorImageryRest_run-04_events.json	767	336	False	95434a42
sub-07/ses-01/meg/sub-07_ses-01_task-MotorImageryRest_run-04_meg.fif	64848043	60517510	False	49cc2565
sub-07/ses-01/meg/sub-07_ses-01_task-MotorImageryRest_run-06_events.tsv	645	292	False	ec391984
sub-07/ses-01/meg/sub-07_ses-01_task-rest_run-02_meg.fif	83962832	78392800	False	a5e16570
sub-07/ses-01/eeg/sub-07_ses-01_task-MotorImageryRest_run-01_eeg.eeg	15832152	13931037	False	820d0001
sub-07/ses-01/eeg/sub-07_ses-01_task-MotorImageryRest_run-02_eeg.json	485	231	False	4563f7ff
sub-07/ses-01/eeg/sub-07_ses-01_task-MotorImageryRest_run-03_eeg.json	485	231	False	fee24533
sub-07/ses-01/eeg/sub-07_ses-01_task-MotorImageryRest_run-05_events.tsv	675	301	False	9ce0bfe8
sub-07/ses-01/eeg/sub-07_ses-01_task-MotorImageryRest_run-03_events.json	767	336	False	95434a42
sub-07/ses-01/eeg/sub-07_ses-01_task-MotorImageryRest_run-01_eeg.vmrk	1389	583	False	d9550f26
sub-07/ses-01/eeg/sub-07_ses-01_task-MotorImageryRest_run-06_events.json	767	336	False	95434a42
sub-07/ses-01/eeg/sub-07_ses-01_task-MotorImageryRest_run-01_eeg.vhdr	2012	796	False	4fb0d2bc
sub-07/ses-01/eeg/sub-07_ses-01_task-rest_run-02_eeg.json	474	222	False	7b51f5fa
sub-07/ses-01/eeg/sub-07_ses-01_task-MotorImageryRest_run-03_channels.tsv	4361	330	False	f53f1e18
sub-07/ses-01/eeg/sub-07_ses-01_task-MotorImageryRest_run-06_eeg.vhdr	2012	798	False	081c6693
sub-07/ses-01/eeg/sub-07_ses-01_task-MotorImageryRest_run-04_channels.tsv	4361	330	False	f53f1e18
sub-07/ses-01/eeg/sub-07_ses-01_task-MotorImageryRest_run-06_eeg.vmrk	1359	575	False	6d0a2e7d
sub-07/ses-01/eeg/sub-07_ses-01_task-MotorImageryRest_run-05_events.json	767	336	False	95434a42
sub-07/ses-01/eeg/sub-07_ses-01_task-MotorImageryRest_run-02_eeg.eeg	15825936	13856050	False	f726ccce
sub-07/ses-01/eeg/sub-07_ses-01_task-rest_run-02_channels.tsv	4361	330	False	f53f1e18
sub-07/ses-01/eeg/sub-07_ses-01_task-MotorImageryRest_run-05_channels.tsv	4361	330	False	f53f1e18
sub-07/ses-01/eeg/sub-07_ses-01_task-MotorImageryRest_run-02_channels.tsv	4361	330	False	f53f1e18
sub-07/ses-01/eeg/sub-07_ses-01_task-MotorImageryRest_run-03_eeg.eeg	16022776	14010365	False	d8acdfc6
sub-07/ses-01/eeg/sub-07_ses-01_task-MotorImageryRest_run-02_events.tsv	650	296	False	ee2263c1
sub-07/ses-01/eeg/sub-07_ses-01_task-MotorImageryRest_run-05_eeg.json	486	231	False	2f1673aa
sub-07/ses-01/eeg/sub-07_ses-01_task-MotorImageryRest_run-04_eeg.json	486	232	False	7030f81e
sub-07/ses-01/eeg/sub-07_ses-01_task-rest_run-01_eeg.vmrk	521	334	False	609cfd6f
sub-07/ses-01/eeg/sub-07_ses-01_task-rest_run-01_eeg.vhdr	1988	787	False	ac23bcae
sub-07/ses-01/eeg/sub-07_ses-01_task-MotorImageryRest_run-01_events.tsv	675	301	False	28d52d63
sub-07/ses-01/eeg/sub-07_ses-01_space-CapTrak_electrodes.tsv	5150	2435	False	4800cdee
sub-07/ses-01/eeg/sub-07_ses-01_task-MotorImageryRest_run-06_eeg.eeg	15649816	13630527	False	df8726e2
sub-07/ses-01/eeg/sub-07_ses-01_task-rest_run-01_channels.tsv	4361	330	False	f53f1e18
sub-07/ses-01/eeg/sub-07_ses-01_task-MotorImageryRest_run-03_eeg.vmrk	1389	584	False	deb216e4
sub-07/ses-01/eeg/sub-07_ses-01_task-MotorImageryRest_run-02_eeg.vmrk	1360	577	False	b2fffb84
sub-07/ses-01/eeg/sub-07_ses-01_task-MotorImageryRest_run-03_eeg.vhdr	2012	798	False	b4281fe3
sub-07/ses-01/eeg/sub-07_ses-01_task-MotorImageryRest_run-02_eeg.vhdr	2012	797	False	245cfa6c
sub-07/ses-01/eeg/sub-07_ses-01_task-MotorImageryRest_run-01_eeg.json	486	232	False	50f9e251
sub-07/ses-01/eeg/sub-07_ses-01_task-MotorImageryRest_run-02_events.json	767	336	False	95434a42
sub-07/ses-01/eeg/sub-07_ses-01_task-MotorImageryRest_run-06_channels.tsv	4361	330	False	f53f1e18
sub-07/ses-01/eeg/sub-07_ses-01_task-MotorImageryRest_run-01_channels.tsv	4361	330	False	f53f1e18
sub-07/ses-01/eeg/sub-07_ses-01_task-rest_run-01_eeg.eeg	14593096	12724467	False	bb135c95
sub-07/ses-01/eeg/sub-07_ses-01_task-MotorImageryRest_run-04_events.tsv	679	304	False	99f9751f
sub-07/ses-01/eeg/sub-07_ses-01_task-MotorImageryRest_run-06_eeg.json	485	231	False	ef3d8863
sub-07/ses-01/eeg/sub-07_ses-01_task-MotorImageryRest_run-05_eeg.eeg	15767920	13738692	False	6b8c73d2
sub-07/ses-01/eeg/sub-07_ses-01_task-MotorImageryRest_run-03_events.tsv	670	302	False	8f42fde6
sub-07/ses-01/eeg/sub-07_ses-01_task-rest_run-02_eeg.vmrk	521	336	False	6346e35d
sub-07/ses-01/eeg/sub-07_ses-01_task-rest_run-02_eeg.vhdr	1988	789	False	19356c2a
sub-07/ses-01/eeg/sub-07_ses-01_space-CapTrak_coordsystem.json	945	378	False	80782dfe
sub-07/ses-01/eeg/sub-07_ses-01_task-MotorImageryRest_run-01_events.json	767	336	False	95434a42
sub-07/ses-01/eeg/sub-07_ses-01_task-MotorImageryRest_run-04_events.json	767	336	False	95434a42
sub-07/ses-01/eeg/sub-07_ses-01_task-rest_run-01_eeg.json	472	220	False	b00c3ccd
sub-07/ses-01/eeg/sub-07_ses-01_task-MotorImageryRest_run-04_eeg.eeg	15653960	13653875	False	7922db5b
sub-07/ses-01/eeg/sub-07_ses-01_task-MotorImageryRest_run-04_eeg.vhdr	2012	798	False	f384abcc
sub-07/ses-01/eeg/sub-07_ses-01_task-MotorImageryRest_run-05_eeg.vhdr	2012	798	False	63f04e43
sub-07/ses-01/eeg/sub-07_ses-01_task-rest_run-02_eeg.eeg	20276592	17553821	False	8cb627e6
sub-07/ses-01/eeg/sub-07_ses-01_task-MotorImageryRest_run-04_eeg.vmrk	1388	580	False	3c7d4ab9
sub-07/ses-01/eeg/sub-07_ses-01_task-MotorImageryRest_run-05_eeg.vmrk	1388	581	False	c6c3eec0
sub-07/ses-01/eeg/sub-07_ses-01_task-MotorImageryRest_run-06_events.tsv	645	292	False	ec391984
sub-15/	0	0	False	00000000
__MACOSX/._sub-15	220	93	False	29d7e44a
sub-15/.DS_Store	6148	340	False	b0ca9924
__MACOSX/sub-15/._.DS_Store	120	53	False	38c0880b
sub-15/ses-02/	0	0	False	00000000
sub-15/ses-04/	0	0	False	00000000
sub-15/ses-03/	0	0	False	00000000
sub-15/ses-01/	0	0	False	00000000
sub-15/ses-02/.DS_Store	6148	286	False	7b070423
__MACOSX/sub-15/ses-02/._.DS_Store	120	53	False	38c0880b
sub-15/ses-02/sub-15_ses-02_scans.tsv	1309	226	False	6c32c3ea
sub-15/ses-02/meg/	0	0	False	00000000
sub-15/ses-02/eeg/	0	0	False	00000000
sub-15/ses-04/.DS_Store	6148	283	False	7bc4e8e5
__MACOSX/sub-15/ses-04/._.DS_Store	120	53	False	38c0880b
sub-15/ses-04/sub-15_ses-04_scans.tsv	1309	234	False	35f13918
sub-15/ses-04/meg/	0	0	False	00000000
sub-15/ses-04/eeg/	0	0	False	00000000
sub-15/ses-03/sub-15_ses-03_scans.tsv	1309	228	False	b007ef09
sub-15/ses-03/.DS_Store	6148	286	False	bfeab68b
__MACOSX/sub-15/ses-03/._.DS_Store	120	53	False	38c0880b
sub-15/ses-03/meg/	0	0	False	00000000
sub-15/ses-03/eeg/	0	0	False	00000000
sub-15/ses-01/.DS_Store	6148	281	False	4b5f8305
__MACOSX/sub-15/ses-01/._.DS_Store	120	53	False	38c0880b
sub-15/ses-01/meg/	0	0	False	00000000
sub-15/ses-01/sub-15_ses-01_scans.tsv	1309	225	False	3392f215
sub-15/ses-01/eeg/	0	0	False	00000000
sub-15/ses-02/meg/sub-15_ses-02_task-rest_run-02_meg.json	677	295	False	891aec80
sub-15/ses-02/meg/sub-15_ses-02_task-MotorImageryRest_run-04_meg.fif	70369223	65676923	False	247b3ec9
sub-15/ses-02/meg/sub-15_ses-02_task-MotorImageryRest_run-02_events.tsv	718	317	False	a742040c
sub-15/ses-02/meg/sub-15_ses-02_task-MotorImageryRest_run-02_events.json	767	336	False	95434a42
sub-15/ses-02/meg/sub-15_ses-02_task-rest_run-01_meg.fif	76589148	71446117	False	1921d148
sub-15/ses-02/meg/sub-15_ses-02_task-MotorImageryRest_run-05_meg.fif	70600559	65883126	False	1570c695
sub-15/ses-02/meg/sub-15_ses-02_task-MotorImageryRest_run-02_meg.json	689	305	False	dfb660af
sub-15/ses-02/meg/sub-15_ses-02_task-MotorImageryRest_run-03_meg.json	689	306	False	61b5d382
sub-15/ses-02/meg/sub-15_ses-02_task-MotorImageryRest_run-01_channels.tsv	19989	1020	False	03360556
sub-15/ses-02/meg/sub-15_ses-02_task-MotorImageryRest_run-06_channels.tsv	19989	1020	False	03360556
sub-15/ses-02/meg/sub-15_ses-02_task-rest_run-02_meg.fif	68843680	64274543	False	c71509a6
sub-15/ses-02/meg/sub-15_ses-02_task-MotorImageryRest_run-05_meg.json	689	305	False	b7d1c426
sub-15/ses-02/meg/sub-15_ses-02_task-MotorImageryRest_run-04_meg.json	689	306	False	556f536b
sub-15/ses-02/meg/sub-15_ses-02_task-rest_run-02_channels.tsv	19989	1020	False	03360556
sub-15/ses-02/meg/sub-15_ses-02_task-MotorImageryRest_run-04_events.json	767	336	False	95434a42
sub-15/ses-02/meg/sub-15_ses-02_task-MotorImageryRest_run-06_meg.fif	70069343	65415859	False	4a8da3bb
sub-15/ses-02/meg/sub-15_ses-02_task-MotorImageryRest_run-01_events.json	767	336	False	95434a42
sub-15/ses-02/meg/sub-15_ses-02_task-MotorImageryRest_run-05_events.tsv	714	318	False	0a4af65b
sub-15/ses-02/meg/sub-15_ses-02_task-MotorImageryRest_run-01_meg.json	688	305	False	e3bf2808
sub-15/ses-02/meg/sub-15_ses-02_task-MotorImageryRest_run-06_events.tsv	720	320	False	66234385
sub-15/ses-02/meg/sub-15_ses-02_task-rest_run-01_channels.tsv	27945	1088	False	48ee8ca0
sub-15/ses-02/meg/sub-15_ses-02_task-MotorImageryRest_run-03_meg.fif	68629909	64027208	False	493ca9dd
sub-15/ses-02/meg/sub-15_ses-02_task-MotorImageryRest_run-06_events.json	767	336	False	95434a42
sub-15/ses-02/meg/sub-15_ses-02_coordsystem.json	2188	466	False	2a08987a
sub-15/ses-02/meg/sub-15_ses-02_task-MotorImageryRest_run-03_events.tsv	699	312	False	ab3773b2
sub-15/ses-02/meg/sub-15_ses-02_task-MotorImageryRest_run-02_meg.fif	69349627	64710150	False	f07ba0ba
sub-15/ses-02/meg/sub-15_ses-02_task-MotorImageryRest_run-03_events.json	767	336	False	95434a42
sub-15/ses-02/meg/sub-15_ses-02_task-rest_run-01_meg.json	701	318	False	0b183675
sub-15/ses-02/meg/sub-15_ses-02_task-MotorImageryRest_run-04_channels.tsv	19989	1020	False	03360556
sub-15/ses-02/meg/sub-15_ses-02_task-MotorImageryRest_run-03_channels.tsv	19989	1020	False	03360556
sub-15/ses-02/meg/sub-15_ses-02_task-MotorImageryRest_run-04_events.tsv	717	317	False	7080f40b
sub-15/ses-02/meg/sub-15_ses-02_task-MotorImageryRest_run-05_events.json	767	336	False	95434a42
sub-15/ses-02/meg/sub-15_ses-02_task-MotorImageryRest_run-06_meg.json	689	306	False	f6e574c0
sub-15/ses-02/meg/sub-15_ses-02_task-MotorImageryRest_run-01_events.tsv	710	311	False	0260d41f
sub-15/ses-02/meg/sub-15_ses-02_task-MotorImageryRest_run-02_channels.tsv	19989	1020	False	03360556
sub-15/ses-02/meg/sub-15_ses-02_task-MotorImageryRest_run-05_channels.tsv	19989	1020	False	03360556
sub-15/ses-02/meg/sub-15_ses-02_task-MotorImageryRest_run-01_meg.fif	70274971	65600194	False	4b4f7797
sub-15/ses-02/eeg/sub-15_ses-02_task-MotorImageryRest_run-06_eeg.vhdr	2012	798	False	a70a931b
sub-15/ses-02/eeg/sub-15_ses-02_task-MotorImageryRest_run-06_eeg.vmrk	1446	600	False	bbc1721a
sub-15/ses-02/eeg/sub-15_ses-02_task-MotorImageryRest_run-04_eeg.eeg	16988328	15025294	False	4982d582
sub-15/ses-02/eeg/sub-15_ses-02_task-MotorImageryRest_run-02_events.tsv	718	317	False	a742040c
sub-15/ses-02/eeg/sub-15_ses-02_task-MotorImageryRest_run-02_events.json	767	336	False	95434a42
sub-15/ses-02/eeg/sub-15_ses-02_task-rest_run-01_eeg.eeg	18492600	15947651	False	7fd3113c
sub-15/ses-02/eeg/sub-15_ses-02_space-CapTrak_electrodes.tsv	5135	2425	False	0c15e4e0
sub-15/ses-02/eeg/sub-15_ses-02_task-MotorImageryRest_run-05_eeg.eeg	17044272	15114503	False	ab979294
sub-15/ses-02/eeg/sub-15_ses-02_task-MotorImageryRest_run-01_channels.tsv	4361	330	False	f53f1e18
sub-15/ses-02/eeg/sub-15_ses-02_task-MotorImageryRest_run-06_channels.tsv	4361	330	False	f53f1e18
sub-15/ses-02/eeg/sub-15_ses-02_task-MotorImageryRest_run-04_eeg.json	486	232	False	28b71b06
sub-15/ses-02/eeg/sub-15_ses-02_task-MotorImageryRest_run-05_eeg.json	486	232	False	35f5886b
sub-15/ses-02/eeg/sub-15_ses-02_task-rest_run-02_eeg.eeg	16619512	14390944	False	a5eb1700
sub-15/ses-02/eeg/sub-15_ses-02_task-rest_run-01_eeg.vhdr	1999	794	False	b8126730
sub-15/ses-02/eeg/sub-15_ses-02_task-rest_run-01_eeg.vmrk	521	336	False	14e9d058
sub-15/ses-02/eeg/sub-15_ses-02_task-rest_run-02_channels.tsv	4361	330	False	f53f1e18
sub-15/ses-02/eeg/sub-15_ses-02_task-MotorImageryRest_run-04_events.json	767	336	False	95434a42
sub-15/ses-02/eeg/sub-15_ses-02_task-MotorImageryRest_run-03_eeg.json	486	232	False	b7a50a9c
sub-15/ses-02/eeg/sub-15_ses-02_task-MotorImageryRest_run-02_eeg.json	486	231	False	28d56549
sub-15/ses-02/eeg/sub-15_ses-02_task-MotorImageryRest_run-01_eeg.vmrk	1446	595	False	30a71ad4
sub-15/ses-02/eeg/sub-15_ses-02_task-MotorImageryRest_run-06_eeg.eeg	16915808	14955832	False	a8b7edbb
sub-15/ses-02/eeg/sub-15_ses-02_task-MotorImageryRest_run-01_eeg.vhdr	2012	798	False	e0a62734
sub-15/ses-02/eeg/sub-15_ses-02_task-rest_run-02_eeg.json	474	223	False	caa18329
sub-15/ses-02/eeg/sub-15_ses-02_task-MotorImageryRest_run-01_events.json	767	336	False	95434a42
sub-15/ses-02/eeg/sub-15_ses-02_task-MotorImageryRest_run-05_events.tsv	714	318	False	0a4af65b
sub-15/ses-02/eeg/sub-15_ses-02_task-MotorImageryRest_run-06_eeg.json	486	231	False	feccb6c9
sub-15/ses-02/eeg/sub-15_ses-02_task-MotorImageryRest_run-06_events.tsv	720	320	False	66234385
sub-15/ses-02/eeg/sub-15_ses-02_task-rest_run-01_channels.tsv	6285	368	False	c63f781e
sub-15/ses-02/eeg/sub-15_ses-02_task-MotorImageryRest_run-03_eeg.eeg	16567712	14597832	False	b31da0e4
sub-15/ses-02/eeg/sub-15_ses-02_task-MotorImageryRest_run-06_events.json	767	336	False	95434a42
sub-15/ses-02/eeg/sub-15_ses-02_task-MotorImageryRest_run-03_events.tsv	699	312	False	ab3773b2
sub-15/ses-02/eeg/sub-15_ses-02_task-MotorImageryRest_run-03_events.json	767	336	False	95434a42
sub-15/ses-02/eeg/sub-15_ses-02_task-MotorImageryRest_run-02_eeg.eeg	16741760	14790696	False	fe795f0e
sub-15/ses-02/eeg/sub-15_ses-02_task-MotorImageryRest_run-05_eeg.vhdr	2012	798	False	cce6bbcb
sub-15/ses-02/eeg/sub-15_ses-02_task-MotorImageryRest_run-04_eeg.vhdr	2012	798	False	5c925e44
sub-15/ses-02/eeg/sub-15_ses-02_task-MotorImageryRest_run-05_eeg.vmrk	1447	593	False	69adf99b
sub-15/ses-02/eeg/sub-15_ses-02_task-MotorImageryRest_run-04_eeg.vmrk	1446	593	False	fcd826cc
sub-15/ses-02/eeg/sub-15_ses-02_task-MotorImageryRest_run-02_eeg.vmrk	1446	593	False	9a7d4845
sub-15/ses-02/eeg/sub-15_ses-02_task-MotorImageryRest_run-03_eeg.vmrk	1418	587	False	4ae383c5
sub-15/ses-02/eeg/sub-15_ses-02_task-MotorImageryRest_run-02_eeg.vhdr	2012	796	False	8b4a0fe4
sub-15/ses-02/eeg/sub-15_ses-02_task-MotorImageryRest_run-03_eeg.vhdr	2012	798	False	1b3eea6b
sub-15/ses-02/eeg/sub-15_ses-02_task-MotorImageryRest_run-04_channels.tsv	4361	330	False	f53f1e18
sub-15/ses-02/eeg/sub-15_ses-02_task-MotorImageryRest_run-03_channels.tsv	4361	330	False	f53f1e18
sub-15/ses-02/eeg/sub-15_ses-02_task-rest_run-01_eeg.json	498	242	False	c3b5a7d8
sub-15/ses-02/eeg/sub-15_ses-02_task-MotorImageryRest_run-04_events.tsv	717	317	False	7080f40b
sub-15/ses-02/eeg/sub-15_ses-02_task-MotorImageryRest_run-05_events.json	767	336	False	95434a42
sub-15/ses-02/eeg/sub-15_ses-02_task-rest_run-02_eeg.vhdr	1988	787	False	a371f447
sub-15/ses-02/eeg/sub-15_ses-02_task-rest_run-02_eeg.vmrk	521	335	False	1733ce6a
sub-15/ses-02/eeg/sub-15_ses-02_task-MotorImageryRest_run-01_events.tsv	710	311	False	0260d41f
sub-15/ses-02/eeg/sub-15_ses-02_task-MotorImageryRest_run-01_eeg.json	485	231	False	e29d98fa
sub-15/ses-02/eeg/sub-15_ses-02_task-MotorImageryRest_run-02_channels.tsv	4361	330	False	f53f1e18
sub-15/ses-02/eeg/sub-15_ses-02_task-MotorImageryRest_run-05_channels.tsv	4361	330	False	f53f1e18
sub-15/ses-02/eeg/sub-15_ses-02_space-CapTrak_coordsystem.json	945	378	False	0b2245a7
sub-15/ses-02/eeg/sub-15_ses-02_task-MotorImageryRest_run-01_eeg.eeg	16965536	14791121	False	9ca7c826
sub-15/ses-04/meg/sub-15_ses-04_coordsystem.json	2082	443	False	71d11b2f
sub-15/ses-04/meg/sub-15_ses-04_task-MotorImageryRest_run-06_channels.tsv	19989	1020	False	03360556
sub-15/ses-04/meg/sub-15_ses-04_task-MotorImageryRest_run-01_channels.tsv	19989	1020	False	03360556
sub-15/ses-04/meg/sub-15_ses-04_task-MotorImageryRest_run-05_meg.fif	70249951	65583142	False	b12d408c
sub-15/ses-04/meg/sub-15_ses-04_task-rest_run-02_channels.tsv	27945	1088	False	48ee8ca0
sub-15/ses-04/meg/sub-15_ses-04_task-MotorImageryRest_run-04_meg.fif	72186319	67378868	False	f663d8f1
sub-15/ses-04/meg/sub-15_ses-04_task-MotorImageryRest_run-05_events.json	767	336	False	95434a42
sub-15/ses-04/meg/sub-15_ses-04_task-MotorImageryRest_run-03_meg.json	689	306	False	f39b2aa8
sub-15/ses-04/meg/sub-15_ses-04_task-MotorImageryRest_run-02_meg.json	689	305	False	a0f8d88e
sub-15/ses-04/meg/sub-15_ses-04_task-MotorImageryRest_run-05_events.tsv	722	315	False	44ab51db
sub-15/ses-04/meg/sub-15_ses-04_task-MotorImageryRest_run-02_events.tsv	717	315	False	82d9f7f7
sub-15/ses-04/meg/sub-15_ses-04_task-MotorImageryRest_run-04_meg.json	689	305	False	88613c68
sub-15/ses-04/meg/sub-15_ses-04_task-MotorImageryRest_run-05_meg.json	689	306	False	a668eb87
sub-15/ses-04/meg/sub-15_ses-04_task-MotorImageryRest_run-06_meg.fif	69924367	65227031	False	298a6e05
sub-15/ses-04/meg/sub-15_ses-04_task-MotorImageryRest_run-06_events.json	767	336	False	95434a42
sub-15/ses-04/meg/sub-15_ses-04_task-MotorImageryRest_run-03_events.json	767	336	False	95434a42
sub-15/ses-04/meg/sub-15_ses-04_task-rest_run-01_meg.json	701	319	False	0e956b40
sub-15/ses-04/meg/sub-15_ses-04_task-MotorImageryRest_run-02_meg.fif	71286679	66510217	False	af1cf198
sub-15/ses-04/meg/sub-15_ses-04_task-MotorImageryRest_run-04_events.json	767	336	False	95434a42
sub-15/ses-04/meg/sub-15_ses-04_task-rest_run-02_meg.fif	57931176	54002342	False	4e1ab87c
sub-15/ses-04/meg/sub-15_ses-04_task-MotorImageryRest_run-04_events.tsv	717	314	False	f4aceb22
sub-15/ses-04/meg/sub-15_ses-04_task-MotorImageryRest_run-01_meg.json	689	306	False	8d84d291
sub-15/ses-04/meg/sub-15_ses-04_task-MotorImageryRest_run-01_events.json	767	336	False	95434a42
sub-15/ses-04/meg/sub-15_ses-04_task-MotorImageryRest_run-01_events.tsv	718	319	False	be35f86b
sub-15/ses-04/meg/sub-15_ses-04_task-MotorImageryRest_run-03_meg.fif	69624487	64956625	False	86f4457e
sub-15/ses-04/meg/sub-15_ses-04_task-MotorImageryRest_run-05_channels.tsv	19989	1020	False	03360556
sub-15/ses-04/meg/sub-15_ses-04_task-rest_run-01_meg.fif	59153952	55201611	False	6808e483
sub-15/ses-04/meg/sub-15_ses-04_task-MotorImageryRest_run-02_channels.tsv	19989	1020	False	03360556
sub-15/ses-04/meg/sub-15_ses-04_task-rest_run-02_meg.json	700	318	False	be8719bc
sub-15/ses-04/meg/sub-15_ses-04_task-MotorImageryRest_run-06_events.tsv	715	316	False	d1cf28cc
sub-15/ses-04/meg/sub-15_ses-04_task-MotorImageryRest_run-01_meg.fif	71380927	66616858	False	3815d35f
sub-15/ses-04/meg/sub-15_ses-04_task-MotorImageryRest_run-02_events.json	767	336	False	95434a42
sub-15/ses-04/meg/sub-15_ses-04_task-MotorImageryRest_run-03_events.tsv	717	311	False	01101ea7
sub-15/ses-04/meg/sub-15_ses-04_task-MotorImageryRest_run-03_channels.tsv	19989	1020	False	03360556
sub-15/ses-04/meg/sub-15_ses-04_task-MotorImageryRest_run-04_channels.tsv	19989	1020	False	03360556
sub-15/ses-04/meg/sub-15_ses-04_task-rest_run-01_channels.tsv	27945	1088	False	48ee8ca0
sub-15/ses-04/meg/sub-15_ses-04_task-MotorImageryRest_run-06_meg.json	689	306	False	0122c4cf
sub-15/ses-04/eeg/sub-15_ses-04_task-MotorImageryRest_run-06_channels.tsv	4361	330	False	f53f1e18
sub-15/ses-04/eeg/sub-15_ses-04_task-MotorImageryRest_run-01_channels.tsv	4361	330	False	f53f1e18
sub-15/ses-04/eeg/sub-15_ses-04_task-MotorImageryRest_run-05_eeg.eeg	16959320	14985656	False	5b0b287b
sub-15/ses-04/eeg/sub-15_ses-04_task-rest_run-01_eeg.json	498	243	False	950e0f1d
sub-15/ses-04/eeg/sub-15_ses-04_task-MotorImageryRest_run-06_eeg.vhdr	2012	798	False	aff090a8
sub-15/ses-04/eeg/sub-15_ses-04_task-MotorImageryRest_run-06_eeg.vmrk	1446	595	False	d726787a
sub-15/ses-04/eeg/sub-15_ses-04_task-rest_run-02_eeg.vmrk	521	336	False	2c75b649
sub-15/ses-04/eeg/sub-15_ses-04_task-MotorImageryRest_run-05_eeg.json	486	232	False	916028bf
sub-15/ses-04/eeg/sub-15_ses-04_task-MotorImageryRest_run-04_eeg.json	486	231	False	bd4d3cac
sub-15/ses-04/eeg/sub-15_ses-04_task-rest_run-02_channels.tsv	6285	368	False	c63f781e
sub-15/ses-04/eeg/sub-15_ses-04_task-rest_run-02_eeg.vhdr	1999	794	False	01351098
sub-15/ses-04/eeg/sub-15_ses-04_task-MotorImageryRest_run-04_eeg.eeg	17427592	15276670	False	0db03fa1
sub-15/ses-04/eeg/sub-15_ses-04_task-MotorImageryRest_run-05_events.json	767	336	False	95434a42
sub-15/ses-04/eeg/sub-15_ses-04_task-MotorImageryRest_run-05_events.tsv	722	315	False	44ab51db
sub-15/ses-04/eeg/sub-15_ses-04_task-MotorImageryRest_run-02_eeg.json	486	232	False	2f8bd25c
sub-15/ses-04/eeg/sub-15_ses-04_task-MotorImageryRest_run-03_eeg.json	486	231	False	1ae7c339
sub-15/ses-04/eeg/sub-15_ses-04_task-MotorImageryRest_run-02_events.tsv	717	315	False	82d9f7f7
sub-15/ses-04/eeg/sub-15_ses-04_task-MotorImageryRest_run-06_eeg.eeg	16880584	14904011	False	f706ccd1
sub-15/ses-04/eeg/sub-15_ses-04_task-MotorImageryRest_run-06_events.json	767	336	False	95434a42
sub-15/ses-04/eeg/sub-15_ses-04_space-CapTrak_electrodes.tsv	5147	2442	False	274dc1c2
sub-15/ses-04/eeg/sub-15_ses-04_task-MotorImageryRest_run-03_events.json	767	336	False	95434a42
sub-15/ses-04/eeg/sub-15_ses-04_task-MotorImageryRest_run-01_eeg.vmrk	1447	592	False	c0e5d2e3
sub-15/ses-04/eeg/sub-15_ses-04_task-MotorImageryRest_run-01_eeg.vhdr	2012	798	False	e85c2487
sub-15/ses-04/eeg/sub-15_ses-04_task-MotorImageryRest_run-02_eeg.eeg	17210032	15165502	False	50dd18b3
sub-15/ses-04/eeg/sub-15_ses-04_task-rest_run-01_eeg.vmrk	521	336	False	2fafa87b
sub-15/ses-04/eeg/sub-15_ses-04_task-MotorImageryRest_run-04_events.json	767	336	False	95434a42
sub-15/ses-04/eeg/sub-15_ses-04_task-rest_run-01_eeg.vhdr	1999	795	False	d8d03af4
sub-15/ses-04/eeg/sub-15_ses-04_task-MotorImageryRest_run-06_eeg.json	486	231	False	3260b557
sub-15/ses-04/eeg/sub-15_ses-04_task-rest_run-02_eeg.eeg	13980376	12127988	False	65cf751d
sub-15/ses-04/eeg/sub-15_ses-04_task-MotorImageryRest_run-04_events.tsv	717	314	False	f4aceb22
sub-15/ses-04/eeg/sub-15_ses-04_task-MotorImageryRest_run-01_events.json	767	336	False	95434a42
sub-15/ses-04/eeg/sub-15_ses-04_task-MotorImageryRest_run-04_eeg.vhdr	2012	796	False	54685df7
sub-15/ses-04/eeg/sub-15_ses-04_task-MotorImageryRest_run-05_eeg.vhdr	2012	798	False	c41cb878
sub-15/ses-04/eeg/sub-15_ses-04_task-rest_run-02_eeg.json	497	243	False	80a512b6
sub-15/ses-04/eeg/sub-15_ses-04_task-MotorImageryRest_run-01_events.tsv	718	319	False	be35f86b
sub-15/ses-04/eeg/sub-15_ses-04_task-MotorImageryRest_run-04_eeg.vmrk	1447	592	False	f0451a66
sub-15/ses-04/eeg/sub-15_ses-04_task-MotorImageryRest_run-05_eeg.vmrk	1447	593	False	8c847330
sub-15/ses-04/eeg/sub-15_ses-04_task-MotorImageryRest_run-03_eeg.eeg	16808064	14902537	False	0a107279
sub-15/ses-04/eeg/sub-15_ses-04_task-MotorImageryRest_run-05_channels.tsv	4361	330	False	f53f1e18
sub-15/ses-04/eeg/sub-15_ses-04_task-MotorImageryRest_run-02_channels.tsv	4361	330	False	f53f1e18
sub-15/ses-04/eeg/sub-15_ses-04_task-rest_run-01_eeg.eeg	14276080	12245916	False	9b6d7d13
sub-15/ses-04/eeg/sub-15_ses-04_task-MotorImageryRest_run-03_eeg.vmrk	1446	595	False	354de13f
sub-15/ses-04/eeg/sub-15_ses-04_task-MotorImageryRest_run-02_eeg.vmrk	1447	594	False	8280bc06
sub-15/ses-04/eeg/sub-15_ses-04_task-MotorImageryRest_run-03_eeg.vhdr	2012	798	False	13c4e9d8
sub-15/ses-04/eeg/sub-15_ses-04_task-MotorImageryRest_run-02_eeg.vhdr	2012	798	False	83b00c57
sub-15/ses-04/eeg/sub-15_ses-04_task-MotorImageryRest_run-06_events.tsv	715	316	False	d1cf28cc
sub-15/ses-04/eeg/sub-15_ses-04_task-MotorImageryRest_run-01_eeg.eeg	17232824	15042344	False	099a7e1b
sub-15/ses-04/eeg/sub-15_ses-04_task-MotorImageryRest_run-02_events.json	767	336	False	95434a42
sub-15/ses-04/eeg/sub-15_ses-04_task-MotorImageryRest_run-03_events.tsv	717	311	False	01101ea7
sub-15/ses-04/eeg/sub-15_ses-04_task-MotorImageryRest_run-03_channels.tsv	4361	330	False	f53f1e18
sub-15/ses-04/eeg/sub-15_ses-04_task-MotorImageryRest_run-04_channels.tsv	4361	330	False	f53f1e18
sub-15/ses-04/eeg/sub-15_ses-04_task-rest_run-01_channels.tsv	6285	368	False	c63f781e
sub-15/ses-04/eeg/sub-15_ses-04_task-MotorImageryRest_run-01_eeg.json	486	231	False	c7208bd7
sub-15/ses-04/eeg/sub-15_ses-04_space-CapTrak_coordsystem.json	945	378	False	ae6df13c
sub-15/ses-03/meg/sub-15_ses-03_task-rest_run-02_channels.tsv	19989	1020	False	03360556
sub-15/ses-03/meg/sub-15_ses-03_task-MotorImageryRest_run-03_events.json	767	336	False	95434a42
sub-15/ses-03/meg/sub-15_ses-03_task-MotorImageryRest_run-02_events.tsv	721	320	False	04002ae1
sub-15/ses-03/meg/sub-15_ses-03_task-MotorImageryRest_run-05_meg.fif	71116111	66322739	False	e2763a0a
sub-15/ses-03/meg/sub-15_ses-03_task-MotorImageryRest_run-01_channels.tsv	19989	1020	False	03360556
sub-15/ses-03/meg/sub-15_ses-03_task-MotorImageryRest_run-06_channels.tsv	19989	1020	False	03360556
sub-15/ses-03/meg/sub-15_ses-03_task-MotorImageryRest_run-04_meg.fif	70619167	65863288	False	8840a389
sub-15/ses-03/meg/sub-15_ses-03_task-rest_run-02_meg.fif	60722688	56659345	False	2d4962e3
sub-15/ses-03/meg/sub-15_ses-03_task-MotorImageryRest_run-06_events.json	767	336	False	95434a42
sub-15/ses-03/meg/sub-15_ses-03_task-MotorImageryRest_run-02_meg.json	689	306	False	556f536b
sub-15/ses-03/meg/sub-15_ses-03_task-MotorImageryRest_run-03_meg.json	689	306	False	a2a01354
sub-15/ses-03/meg/sub-15_ses-03_task-MotorImageryRest_run-06_meg.fif	69822343	65140141	False	c8318059
sub-15/ses-03/meg/sub-15_ses-03_task-rest_run-01_meg.json	701	319	False	6e65ba86
sub-15/ses-03/meg/sub-15_ses-03_task-MotorImageryRest_run-05_meg.json	689	305	False	6d5e0401
sub-15/ses-03/meg/sub-15_ses-03_task-MotorImageryRest_run-04_meg.json	688	305	False	f2f1fa4b
sub-15/ses-03/meg/sub-15_ses-03_task-MotorImageryRest_run-05_events.json	767	336	False	95434a42
sub-15/ses-03/meg/sub-15_ses-03_task-MotorImageryRest_run-05_events.tsv	715	320	False	2b314d5c
sub-15/ses-03/meg/sub-15_ses-03_task-rest_run-01_meg.fif	66496300	62033105	False	f846c923
sub-15/ses-03/meg/sub-15_ses-03_task-MotorImageryRest_run-01_meg.json	689	305	False	da809106
sub-15/ses-03/meg/sub-15_ses-03_task-MotorImageryRest_run-02_meg.fif	70370695	65657966	False	a216711c
sub-15/ses-03/meg/sub-15_ses-03_task-MotorImageryRest_run-06_events.tsv	717	319	False	66456a6f
sub-15/ses-03/meg/sub-15_ses-03_task-MotorImageryRest_run-02_events.json	767	336	False	95434a42
sub-15/ses-03/meg/sub-15_ses-03_task-MotorImageryRest_run-03_meg.fif	70225039	65574263	False	e4a76abb
sub-15/ses-03/meg/sub-15_ses-03_task-MotorImageryRest_run-03_events.tsv	718	313	False	7575b485
sub-15/ses-03/meg/sub-15_ses-03_task-MotorImageryRest_run-04_channels.tsv	19989	1020	False	03360556
sub-15/ses-03/meg/sub-15_ses-03_task-MotorImageryRest_run-04_events.tsv	720	322	False	a31a6e72
sub-15/ses-03/meg/sub-15_ses-03_task-MotorImageryRest_run-03_channels.tsv	19989	1020	False	03360556
sub-15/ses-03/meg/sub-15_ses-03_task-rest_run-01_channels.tsv	27945	1088	False	48ee8ca0
sub-15/ses-03/meg/sub-15_ses-03_task-MotorImageryRest_run-01_meg.fif	70696279	65972674	False	b5942c55
sub-15/ses-03/meg/sub-15_ses-03_task-MotorImageryRest_run-01_events.json	767	336	False	95434a42
sub-15/ses-03/meg/sub-15_ses-03_task-MotorImageryRest_run-06_meg.json	689	306	False	3ae4ee94
sub-15/ses-03/meg/sub-15_ses-03_task-MotorImageryRest_run-04_events.json	767	336	False	95434a42
sub-15/ses-03/meg/sub-15_ses-03_task-MotorImageryRest_run-02_channels.tsv	19989	1020	False	03360556
sub-15/ses-03/meg/sub-15_ses-03_task-MotorImageryRest_run-05_channels.tsv	19989	1020	False	03360556
sub-15/ses-03/meg/sub-15_ses-03_coordsystem.json	2268	469	False	711f1adc
sub-15/ses-03/meg/sub-15_ses-03_task-MotorImageryRest_run-01_events.tsv	717	317	False	75e6e54e
sub-15/ses-03/meg/sub-15_ses-03_task-rest_run-02_meg.json	676	294	False	708dc8c5
sub-15/ses-03/eeg/sub-15_ses-03_task-MotorImageryRest_run-06_eeg.vhdr	2012	798	False	4966ef73
sub-15/ses-03/eeg/sub-15_ses-03_task-rest_run-02_channels.tsv	4361	330	False	f53f1e18
sub-15/ses-03/eeg/sub-15_ses-03_task-MotorImageryRest_run-06_eeg.vmrk	1446	591	False	3b66049c
sub-15/ses-03/eeg/sub-15_ses-03_task-MotorImageryRest_run-03_events.json	767	336	False	95434a42
sub-15/ses-03/eeg/sub-15_ses-03_task-MotorImageryRest_run-02_events.tsv	721	320	False	04002ae1
sub-15/ses-03/eeg/sub-15_ses-03_task-MotorImageryRest_run-05_eeg.eeg	17168592	15120570	False	75c78457
sub-15/ses-03/eeg/sub-15_ses-03_task-rest_run-02_eeg.vhdr	1988	789	False	d1e436a8
sub-15/ses-03/eeg/sub-15_ses-03_task-rest_run-02_eeg.vmrk	521	337	False	473aa485
sub-15/ses-03/eeg/sub-15_ses-03_task-rest_run-01_eeg.json	498	244	False	1bccac21
sub-15/ses-03/eeg/sub-15_ses-03_task-MotorImageryRest_run-01_channels.tsv	4361	330	False	f53f1e18
sub-15/ses-03/eeg/sub-15_ses-03_task-MotorImageryRest_run-06_channels.tsv	4361	330	False	f53f1e18
sub-15/ses-03/eeg/sub-15_ses-03_task-MotorImageryRest_run-06_events.json	767	336	False	95434a42
sub-15/ses-03/eeg/sub-15_ses-03_task-rest_run-02_eeg.eeg	14655256	12631192	False	16c34aa9
sub-15/ses-03/eeg/sub-15_ses-03_task-MotorImageryRest_run-04_eeg.eeg	17048416	15043277	False	e5ec0912
sub-15/ses-03/eeg/sub-15_ses-03_task-MotorImageryRest_run-04_eeg.json	485	230	False	d42c0146
sub-15/ses-03/eeg/sub-15_ses-03_task-MotorImageryRest_run-05_eeg.json	486	231	False	34084ac2
sub-15/ses-03/eeg/sub-15_ses-03_task-MotorImageryRest_run-06_eeg.eeg	16855720	14833631	False	5fc9f64e
sub-15/ses-03/eeg/sub-15_ses-03_task-MotorImageryRest_run-05_events.json	767	336	False	95434a42
sub-15/ses-03/eeg/sub-15_ses-03_task-MotorImageryRest_run-03_eeg.json	486	231	False	ba69403d
sub-15/ses-03/eeg/sub-15_ses-03_task-MotorImageryRest_run-02_eeg.json	486	232	False	28b71b06
sub-15/ses-03/eeg/sub-15_ses-03_task-MotorImageryRest_run-05_events.tsv	715	320	False	2b314d5c
sub-15/ses-03/eeg/sub-15_ses-03_task-MotorImageryRest_run-01_eeg.vmrk	1447	593	False	5ffc41a0
sub-15/ses-03/eeg/sub-15_ses-03_task-MotorImageryRest_run-01_eeg.vhdr	2012	798	False	0eca5b5c
sub-15/ses-03/eeg/sub-15_ses-03_task-rest_run-01_eeg.eeg	16051488	13998121	False	699f3883
sub-15/ses-03/eeg/sub-15_ses-03_task-MotorImageryRest_run-02_eeg.eeg	16988328	14803432	False	1b7515e3
sub-15/ses-03/eeg/sub-15_ses-03_task-MotorImageryRest_run-06_events.tsv	717	319	False	66456a6f
sub-15/ses-03/eeg/sub-15_ses-03_task-MotorImageryRest_run-06_eeg.json	486	231	False	9689826f
sub-15/ses-03/eeg/sub-15_ses-03_task-rest_run-02_eeg.json	473	221	False	6e94cb82
sub-15/ses-03/eeg/sub-15_ses-03_task-MotorImageryRest_run-02_events.json	767	336	False	95434a42
sub-15/ses-03/eeg/sub-15_ses-03_task-rest_run-01_eeg.vhdr	1999	795	False	1ee27f51
sub-15/ses-03/eeg/sub-15_ses-03_task-rest_run-01_eeg.vmrk	521	336	False	44e0bab7
sub-15/ses-03/eeg/sub-15_ses-03_task-MotorImageryRest_run-03_eeg.eeg	16953104	14780423	False	34896211
sub-15/ses-03/eeg/sub-15_ses-03_task-MotorImageryRest_run-05_eeg.vhdr	2012	798	False	228ac7a3
sub-15/ses-03/eeg/sub-15_ses-03_task-MotorImageryRest_run-04_eeg.vhdr	2012	798	False	b2fe222c
sub-15/ses-03/eeg/sub-15_ses-03_task-MotorImageryRest_run-05_eeg.vmrk	1446	596	False	98989dbf
sub-15/ses-03/eeg/sub-15_ses-03_task-MotorImageryRest_run-04_eeg.vmrk	1447	593	False	ab2da718
sub-15/ses-03/eeg/sub-15_ses-03_task-MotorImageryRest_run-03_events.tsv	718	313	False	7575b485
sub-15/ses-03/eeg/sub-15_ses-03_space-CapTrak_coordsystem.json	945	378	False	83521058
sub-15/ses-03/eeg/sub-15_ses-03_task-MotorImageryRest_run-04_channels.tsv	4361	330	False	f53f1e18
sub-15/ses-03/eeg/sub-15_ses-03_task-MotorImageryRest_run-04_events.tsv	720	322	False	a31a6e72
sub-15/ses-03/eeg/sub-15_ses-03_task-MotorImageryRest_run-03_channels.tsv	4361	330	False	f53f1e18
sub-15/ses-03/eeg/sub-15_ses-03_task-rest_run-01_channels.tsv	6285	368	False	c63f781e
sub-15/ses-03/eeg/sub-15_ses-03_task-MotorImageryRest_run-02_eeg.vmrk	1446	593	False	f18170bb
sub-15/ses-03/eeg/sub-15_ses-03_task-MotorImageryRest_run-03_eeg.vmrk	1446	591	False	04cc0c64
sub-15/ses-03/eeg/sub-15_ses-03_task-MotorImageryRest_run-01_eeg.eeg	17067064	14884086	False	9e9f672d
sub-15/ses-03/eeg/sub-15_ses-03_task-MotorImageryRest_run-02_eeg.vhdr	2012	798	False	6526738c
sub-15/ses-03/eeg/sub-15_ses-03_task-MotorImageryRest_run-03_eeg.vhdr	2012	796	False	f5529603
sub-15/ses-03/eeg/sub-15_ses-03_space-CapTrak_electrodes.tsv	5136	2435	False	da7cb130
sub-15/ses-03/eeg/sub-15_ses-03_task-MotorImageryRest_run-01_events.json	767	336	False	95434a42
sub-15/ses-03/eeg/sub-15_ses-03_task-MotorImageryRest_run-04_events.json	767	336	False	95434a42
sub-15/ses-03/eeg/sub-15_ses-03_task-MotorImageryRest_run-02_channels.tsv	4361	330	False	f53f1e18
sub-15/ses-03/eeg/sub-15_ses-03_task-MotorImageryRest_run-01_eeg.json	486	232	False	56bd5196
sub-15/ses-03/eeg/sub-15_ses-03_task-MotorImageryRest_run-05_channels.tsv	4361	330	False	f53f1e18
sub-15/ses-03/eeg/sub-15_ses-03_task-MotorImageryRest_run-01_events.tsv	717	317	False	75e6e54e
sub-15/ses-01/meg/sub-15_ses-01_task-MotorImageryRest_run-01_events.json	767	336	False	95434a42
sub-15/ses-01/meg/sub-15_ses-01_task-rest_run-01_meg.json	677	295	False	c2955ffd
sub-15/ses-01/meg/sub-15_ses-01_task-MotorImageryRest_run-02_events.tsv	717	318	False	302517c2
sub-15/ses-01/meg/sub-15_ses-01_task-MotorImageryRest_run-01_meg.fif	68990675	64363150	False	4c9647e6
sub-15/ses-01/meg/sub-15_ses-01_task-MotorImageryRest_run-03_meg.json	689	306	False	a5708025
sub-15/ses-01/meg/sub-15_ses-01_task-MotorImageryRest_run-02_meg.json	689	306	False	bcfbe370
sub-15/ses-01/meg/sub-15_ses-01_task-MotorImageryRest_run-04_events.json	767	336	False	95434a42
sub-15/ses-01/meg/sub-15_ses-01_task-MotorImageryRest_run-04_channels.tsv	19989	1020	False	03360556
sub-15/ses-01/meg/sub-15_ses-01_task-MotorImageryRest_run-03_channels.tsv	19989	1020	False	03360556
sub-15/ses-01/meg/sub-15_ses-01_task-MotorImageryRest_run-03_meg.fif	71681023	66868165	False	8ce935ca
sub-15/ses-01/meg/sub-15_ses-01_task-MotorImageryRest_run-05_events.tsv	720	312	False	8d9aa81b
sub-15/ses-01/meg/sub-15_ses-01_task-MotorImageryRest_run-04_meg.json	688	305	False	fa5d4c13
sub-15/ses-01/meg/sub-15_ses-01_task-MotorImageryRest_run-05_meg.json	689	306	False	1bb93c08
sub-15/ses-01/meg/sub-15_ses-01_task-MotorImageryRest_run-02_meg.fif	69564727	64902574	False	ef3ee276
sub-15/ses-01/meg/sub-15_ses-01_task-MotorImageryRest_run-02_channels.tsv	19989	1020	False	03360556
sub-15/ses-01/meg/sub-15_ses-01_task-MotorImageryRest_run-05_channels.tsv	19989	1020	False	03360556
sub-15/ses-01/meg/sub-15_ses-01_task-rest_run-01_channels.tsv	19989	1020	False	03360556
sub-15/ses-01/meg/sub-15_ses-01_coordsystem.json	2276	486	False	f79cf05a
sub-15/ses-01/meg/sub-15_ses-01_task-MotorImageryRest_run-02_events.json	767	336	False	95434a42
sub-15/ses-01/meg/sub-15_ses-01_task-MotorImageryRest_run-03_events.tsv	721	316	False	be793d8b
sub-15/ses-01/meg/sub-15_ses-01_task-MotorImageryRest_run-05_events.json	767	336	False	95434a42
sub-15/ses-01/meg/sub-15_ses-01_task-MotorImageryRest_run-01_meg.json	688	305	False	dfa7bd01
sub-15/ses-01/meg/sub-15_ses-01_task-MotorImageryRest_run-01_channels.tsv	19989	1020	False	03360556
sub-15/ses-01/meg/sub-15_ses-01_task-rest_run-01_meg.fif	56926488	53100570	False	b961cb39
sub-15/ses-01/meg/sub-15_ses-01_task-MotorImageryRest_run-06_channels.tsv	19989	1020	False	03360556
sub-15/ses-01/meg/sub-15_ses-01_task-MotorImageryRest_run-06_meg.fif	70044535	65324847	False	54afb113
sub-15/ses-01/meg/sub-15_ses-01_task-MotorImageryRest_run-06_events.tsv	723	323	False	061e770a
sub-15/ses-01/meg/sub-15_ses-01_task-rest_run-02_meg.json	677	295	False	487d6a53
sub-15/ses-01/meg/sub-15_ses-01_task-rest_run-02_channels.tsv	19989	1020	False	03360556
sub-15/ses-01/meg/sub-15_ses-01_task-MotorImageryRest_run-04_meg.fif	70661431	65918205	False	041ceb58
sub-15/ses-01/meg/sub-15_ses-01_task-MotorImageryRest_run-01_events.tsv	719	319	False	fbb4f1bb
sub-15/ses-01/meg/sub-15_ses-01_task-MotorImageryRest_run-03_events.json	767	336	False	95434a42
sub-15/ses-01/meg/sub-15_ses-01_task-MotorImageryRest_run-06_meg.json	689	306	False	c47cd870
sub-15/ses-01/meg/sub-15_ses-01_task-rest_run-02_meg.fif	64911864	60558462	False	f34b51ef
sub-15/ses-01/meg/sub-15_ses-01_task-MotorImageryRest_run-06_events.json	767	336	False	95434a42
sub-15/ses-01/meg/sub-15_ses-01_task-MotorImageryRest_run-05_meg.fif	69838903	65163887	False	53c2f2bf
sub-15/ses-01/meg/sub-15_ses-01_task-MotorImageryRest_run-04_events.tsv	722	322	False	c5540216
sub-15/ses-01/eeg/sub-15_ses-01_space-CapTrak_electrodes.tsv	5157	2422	False	eed0f6b0
sub-15/ses-01/eeg/sub-15_ses-01_task-MotorImageryRest_run-01_events.json	767	336	False	95434a42
sub-15/ses-01/eeg/sub-15_ses-01_task-MotorImageryRest_run-06_eeg.vmrk	1446	595	False	c677a896
sub-15/ses-01/eeg/sub-15_ses-01_task-MotorImageryRest_run-06_eeg.vhdr	2012	798	False	4ecf11e2
sub-15/ses-01/eeg/sub-15_ses-01_task-MotorImageryRest_run-02_events.tsv	717	318	False	302517c2
sub-15/ses-01/eeg/sub-15_ses-01_space-CapTrak_coordsystem.json	945	378	False	31d1018c
sub-15/ses-01/eeg/sub-15_ses-01_task-MotorImageryRest_run-05_eeg.json	486	231	False	1b1cf1f1
sub-15/ses-01/eeg/sub-15_ses-01_task-MotorImageryRest_run-04_eeg.json	485	230	False	a958e6b9
sub-15/ses-01/eeg/sub-15_ses-01_task-MotorImageryRest_run-01_eeg.eeg	16654736	14523400	False	2d255dbe
sub-15/ses-01/eeg/sub-15_ses-01_task-MotorImageryRest_run-04_events.json	767	336	False	95434a42
sub-15/ses-01/eeg/sub-15_ses-01_task-MotorImageryRest_run-04_channels.tsv	4361	330	False	f53f1e18
sub-15/ses-01/eeg/sub-15_ses-01_task-MotorImageryRest_run-03_channels.tsv	4361	330	False	f53f1e18
sub-15/ses-01/eeg/sub-15_ses-01_task-MotorImageryRest_run-02_eeg.json	486	232	False	e66e34bc
sub-15/ses-01/eeg/sub-15_ses-01_task-MotorImageryRest_run-03_eeg.json	486	232	False	62fff46f
sub-15/ses-01/eeg/sub-15_ses-01_task-MotorImageryRest_run-03_eeg.eeg	17305344	15104812	False	29cc3c34
sub-15/ses-01/eeg/sub-15_ses-01_task-MotorImageryRest_run-05_events.tsv	720	312	False	8d9aa81b
sub-15/ses-01/eeg/sub-15_ses-01_task-rest_run-02_eeg.vmrk	521	336	False	e728715b
sub-15/ses-01/eeg/sub-15_ses-01_task-rest_run-02_eeg.vhdr	1988	789	False	34cfb376
sub-15/ses-01/eeg/sub-15_ses-01_task-rest_run-01_eeg.json	474	223	False	b2cca2c4
sub-15/ses-01/eeg/sub-15_ses-01_task-MotorImageryRest_run-02_eeg.eeg	16793560	14686472	False	4bb9ba29
sub-15/ses-01/eeg/sub-15_ses-01_task-MotorImageryRest_run-02_channels.tsv	4361	330	False	f53f1e18
sub-15/ses-01/eeg/sub-15_ses-01_task-MotorImageryRest_run-05_channels.tsv	4361	330	False	f53f1e18
sub-15/ses-01/eeg/sub-15_ses-01_task-MotorImageryRest_run-01_eeg.vhdr	2012	796	False	0963a5cd
sub-15/ses-01/eeg/sub-15_ses-01_task-MotorImageryRest_run-01_eeg.vmrk	1446	594	False	a6fc2a0f
sub-15/ses-01/eeg/sub-15_ses-01_task-rest_run-01_channels.tsv	4361	330	False	f53f1e18
sub-15/ses-01/eeg/sub-15_ses-01_task-MotorImageryRest_run-02_events.json	767	336	False	95434a42
sub-15/ses-01/eeg/sub-15_ses-01_task-MotorImageryRest_run-06_eeg.json	486	232	False	db30de14
sub-15/ses-01/eeg/sub-15_ses-01_task-MotorImageryRest_run-03_events.tsv	721	316	False	be793d8b
sub-15/ses-01/eeg/sub-15_ses-01_task-MotorImageryRest_run-05_events.json	767	336	False	95434a42
sub-15/ses-01/eeg/sub-15_ses-01_task-rest_run-01_eeg.eeg	13737360	12024796	False	32a88bc7
sub-15/ses-01/eeg/sub-15_ses-01_task-MotorImageryRest_run-01_channels.tsv	4361	330	False	f53f1e18
sub-15/ses-01/eeg/sub-15_ses-01_task-MotorImageryRest_run-06_channels.tsv	4361	330	False	f53f1e18
sub-15/ses-01/eeg/sub-15_ses-01_task-MotorImageryRest_run-06_eeg.eeg	16909592	14803417	False	bf3987d0
sub-15/ses-01/eeg/sub-15_ses-01_task-MotorImageryRest_run-06_events.tsv	723	323	False	061e770a
sub-15/ses-01/eeg/sub-15_ses-01_task-MotorImageryRest_run-04_eeg.vmrk	1447	595	False	957e6eca
sub-15/ses-01/eeg/sub-15_ses-01_task-MotorImageryRest_run-05_eeg.vmrk	1447	589	False	ea136fac
sub-15/ses-01/eeg/sub-15_ses-01_task-rest_run-02_channels.tsv	4361	330	False	f53f1e18
sub-15/ses-01/eeg/sub-15_ses-01_task-MotorImageryRest_run-04_eeg.vhdr	2012	798	False	b557dcbd
sub-15/ses-01/eeg/sub-15_ses-01_task-MotorImageryRest_run-05_eeg.vhdr	2012	798	False	25233932
sub-15/ses-01/eeg/sub-15_ses-01_task-MotorImageryRest_run-01_events.tsv	719	319	False	fbb4f1bb
sub-15/ses-01/eeg/sub-15_ses-01_task-MotorImageryRest_run-04_eeg.eeg	17058776	14919817	False	b0950046
sub-15/ses-01/eeg/sub-15_ses-01_task-MotorImageryRest_run-03_events.json	767	336	False	95434a42
sub-15/ses-01/eeg/sub-15_ses-01_task-rest_run-02_eeg.json	474	222	False	e89148f3
sub-15/ses-01/eeg/sub-15_ses-01_task-MotorImageryRest_run-03_eeg.vhdr	2012	798	False	f2fb6892
sub-15/ses-01/eeg/sub-15_ses-01_task-MotorImageryRest_run-02_eeg.vhdr	2012	798	False	628f8d1d
sub-15/ses-01/eeg/sub-15_ses-01_task-MotorImageryRest_run-03_eeg.vmrk	1447	591	False	b22c8fb1
sub-15/ses-01/eeg/sub-15_ses-01_task-MotorImageryRest_run-02_eeg.vmrk	1447	598	False	0561f8b2
sub-15/ses-01/eeg/sub-15_ses-01_task-MotorImageryRest_run-01_eeg.json	485	230	False	10c813a1
sub-15/ses-01/eeg/sub-15_ses-01_task-rest_run-01_eeg.vmrk	521	335	False	e4f26f69
sub-15/ses-01/eeg/sub-15_ses-01_task-rest_run-01_eeg.vhdr	1988	787	False	81d963f2
sub-15/ses-01/eeg/sub-15_ses-01_task-rest_run-02_eeg.eeg	15668464	13738883	False	21ab3538
sub-15/ses-01/eeg/sub-15_ses-01_task-MotorImageryRest_run-05_eeg.eeg	16859864	14741389	False	b5cf6760
sub-15/ses-01/eeg/sub-15_ses-01_task-MotorImageryRest_run-06_events.json	767	336	False	95434a42
sub-15/ses-01/eeg/sub-15_ses-01_task-MotorImageryRest_run-04_events.tsv	722	322	False	c5540216
sub-17/	0	0	False	00000000
__MACOSX/._sub-17	220	93	False	29d7e44a
sub-17/.DS_Store	6148	337	False	a08a15be
__MACOSX/sub-17/._.DS_Store	120	53	False	38c0880b
sub-17/ses-02/	0	0	False	00000000
sub-17/ses-04/	0	0	False	00000000
sub-17/ses-03/	0	0	False	00000000
sub-17/ses-01/	0	0	False	00000000
sub-17/ses-02/.DS_Store	6148	285	False	d4b16c1c
__MACOSX/sub-17/ses-02/._.DS_Store	120	53	False	38c0880b
sub-17/ses-02/meg/	0	0	False	00000000
sub-17/ses-02/sub-17_ses-02_scans.tsv	1309	226	False	906ece5f
sub-17/ses-02/eeg/	0	0	False	00000000
sub-17/ses-04/.DS_Store	6148	281	False	c9123e6b
__MACOSX/sub-17/ses-04/._.DS_Store	120	53	False	38c0880b
sub-17/ses-04/meg/	0	0	False	00000000
sub-17/ses-04/sub-17_ses-04_scans.tsv	1309	226	False	25374fd3
sub-17/ses-04/eeg/	0	0	False	00000000
sub-17/ses-03/.DS_Store	6148	283	False	6a75d499
__MACOSX/sub-17/ses-03/._.DS_Store	120	53	False	38c0880b
sub-17/ses-03/meg/	0	0	False	00000000
sub-17/ses-03/sub-17_ses-03_scans.tsv	1309	225	False	8c321260
sub-17/ses-03/eeg/	0	0	False	00000000
sub-17/ses-01/sub-17_ses-01_scans.tsv	1309	228	False	68656801
sub-17/ses-01/.DS_Store	6148	283	False	ab357b3d
__MACOSX/sub-17/ses-01/._.DS_Store	120	53	False	38c0880b
sub-17/ses-01/meg/	0	0	False	00000000
sub-17/ses-01/eeg/	0	0	False	00000000
sub-17/ses-02/meg/sub-17_ses-02_task-MotorImageryRest_run-04_events.json	767	336	False	95434a42
sub-17/ses-02/meg/sub-17_ses-02_task-MotorImageryRest_run-05_events.tsv	674	301	False	b8032386
sub-17/ses-02/meg/sub-17_ses-02_task-MotorImageryRest_run-01_meg.fif	67134871	62665320	False	806bc2bb
sub-17/ses-02/meg/sub-17_ses-02_task-MotorImageryRest_run-06_channels.tsv	19989	1020	False	03360556
sub-17/ses-02/meg/sub-17_ses-02_task-MotorImageryRest_run-01_channels.tsv	19989	1020	False	03360556
sub-17/ses-02/meg/sub-17_ses-02_task-MotorImageryRest_run-01_events.json	767	336	False	95434a42
sub-17/ses-02/meg/sub-17_ses-02_task-MotorImageryRest_run-05_meg.json	688	305	False	0a7cfb91
sub-17/ses-02/meg/sub-17_ses-02_task-MotorImageryRest_run-04_meg.json	689	306	False	c6152f3b
sub-17/ses-02/meg/sub-17_ses-02_task-MotorImageryRest_run-02_events.json	767	336	False	95434a42
sub-17/ses-02/meg/sub-17_ses-02_task-MotorImageryRest_run-03_meg.fif	66749311	62309965	False	3c386dfa
sub-17/ses-02/meg/sub-17_ses-02_task-MotorImageryRest_run-02_meg.json	689	306	False	548fadf9
sub-17/ses-02/meg/sub-17_ses-02_task-MotorImageryRest_run-03_meg.json	689	306	False	d480110f
sub-17/ses-02/meg/sub-17_ses-02_task-MotorImageryRest_run-02_events.tsv	679	305	False	b6a343b8
sub-17/ses-02/meg/sub-17_ses-02_task-rest_run-01_meg.json	677	295	False	5ef4ed63
sub-17/ses-02/meg/sub-17_ses-02_coordsystem.json	2270	502	False	ea9b8b49
sub-17/ses-02/meg/sub-17_ses-02_task-rest_run-01_channels.tsv	19989	1020	False	03360556
sub-17/ses-02/meg/sub-17_ses-02_task-MotorImageryRest_run-02_meg.fif	67306231	62812927	False	d205f097
sub-17/ses-02/meg/sub-17_ses-02_task-MotorImageryRest_run-06_meg.json	688	306	False	e9b6b94a
sub-17/ses-02/meg/sub-17_ses-02_task-MotorImageryRest_run-01_events.tsv	680	305	False	1596e572
sub-17/ses-02/meg/sub-17_ses-02_task-rest_run-01_meg.fif	56450160	52695438	False	c9f9d66b
sub-17/ses-02/meg/sub-17_ses-02_task-MotorImageryRest_run-06_meg.fif	65686879	61252464	False	5c0e1e8f
sub-17/ses-02/meg/sub-17_ses-02_task-MotorImageryRest_run-04_events.tsv	652	298	False	97be43c7
sub-17/ses-02/meg/sub-17_ses-02_task-MotorImageryRest_run-05_events.json	767	336	False	95434a42
sub-17/ses-02/meg/sub-17_ses-02_task-rest_run-02_channels.tsv	19989	1020	False	03360556
sub-17/ses-02/meg/sub-17_ses-02_task-MotorImageryRest_run-06_events.json	767	336	False	95434a42
sub-17/ses-02/meg/sub-17_ses-02_task-MotorImageryRest_run-03_events.tsv	675	306	False	54aa02a2
sub-17/ses-02/meg/sub-17_ses-02_task-MotorImageryRest_run-03_channels.tsv	19989	1020	False	03360556
sub-17/ses-02/meg/sub-17_ses-02_task-MotorImageryRest_run-04_channels.tsv	19989	1020	False	03360556
sub-17/ses-02/meg/sub-17_ses-02_task-MotorImageryRest_run-04_meg.fif	66423717	61986092	False	90cbe12b
sub-17/ses-02/meg/sub-17_ses-02_task-rest_run-02_meg.json	677	295	False	8b1180ea
sub-17/ses-02/meg/sub-17_ses-02_task-MotorImageryRest_run-01_meg.json	689	306	False	99297176
sub-17/ses-02/meg/sub-17_ses-02_task-MotorImageryRest_run-05_meg.fif	66158119	61732327	False	efbef888
sub-17/ses-02/meg/sub-17_ses-02_task-MotorImageryRest_run-05_channels.tsv	19989	1020	False	03360556
sub-17/ses-02/meg/sub-17_ses-02_task-MotorImageryRest_run-02_channels.tsv	19989	1020	False	03360556
sub-17/ses-02/meg/sub-17_ses-02_task-MotorImageryRest_run-06_events.tsv	675	300	False	e52d2455
sub-17/ses-02/meg/sub-17_ses-02_task-MotorImageryRest_run-03_events.json	767	336	False	95434a42
sub-17/ses-02/meg/sub-17_ses-02_task-rest_run-02_meg.fif	56467292	52662120	False	a7e5e396
sub-17/ses-02/eeg/sub-17_ses-02_task-MotorImageryRest_run-01_eeg.vhdr	2012	797	False	6661e78b
sub-17/ses-02/eeg/sub-17_ses-02_task-MotorImageryRest_run-04_events.json	767	336	False	95434a42
sub-17/ses-02/eeg/sub-17_ses-02_task-MotorImageryRest_run-01_eeg.vmrk	1389	583	False	a5cce60b
sub-17/ses-02/eeg/sub-17_ses-02_task-rest_run-01_eeg.json	474	223	False	c09ae220
sub-17/ses-02/eeg/sub-17_ses-02_task-MotorImageryRest_run-05_events.tsv	674	301	False	b8032386
sub-17/ses-02/eeg/sub-17_ses-02_task-MotorImageryRest_run-06_channels.tsv	4361	330	False	f53f1e18
sub-17/ses-02/eeg/sub-17_ses-02_task-MotorImageryRest_run-01_eeg.eeg	16207184	14168626	False	79c4790a
sub-17/ses-02/eeg/sub-17_ses-02_task-MotorImageryRest_run-01_channels.tsv	4361	330	False	f53f1e18
sub-17/ses-02/eeg/sub-17_ses-02_task-rest_run-02_eeg.vmrk	521	335	False	f977e609
sub-17/ses-02/eeg/sub-17_ses-02_task-MotorImageryRest_run-01_events.json	767	336	False	95434a42
sub-17/ses-02/eeg/sub-17_ses-02_task-rest_run-02_eeg.vhdr	1988	787	False	4140a62b
sub-17/ses-02/eeg/sub-17_ses-02_task-MotorImageryRest_run-03_eeg.json	486	231	False	5adc0220
sub-17/ses-02/eeg/sub-17_ses-02_task-MotorImageryRest_run-02_eeg.json	486	232	False	e232ccfd
sub-17/ses-02/eeg/sub-17_ses-02_task-MotorImageryRest_run-02_events.json	767	336	False	95434a42
sub-17/ses-02/eeg/sub-17_ses-02_task-MotorImageryRest_run-03_eeg.eeg	16113944	14066227	False	bd0c174e
sub-17/ses-02/eeg/sub-17_ses-02_task-MotorImageryRest_run-04_eeg.json	486	232	False	282ce698
sub-17/ses-02/eeg/sub-17_ses-02_task-MotorImageryRest_run-05_eeg.json	485	231	False	84c94f14
sub-17/ses-02/eeg/sub-17_ses-02_task-MotorImageryRest_run-02_events.tsv	679	305	False	b6a343b8
sub-17/ses-02/eeg/sub-17_ses-02_task-MotorImageryRest_run-06_eeg.vmrk	1389	583	False	19b7eb69
sub-17/ses-02/eeg/sub-17_ses-02_task-MotorImageryRest_run-06_eeg.vhdr	2012	797	False	21cd53a4
sub-17/ses-02/eeg/sub-17_ses-02_task-rest_run-01_channels.tsv	4361	330	False	f53f1e18
sub-17/ses-02/eeg/sub-17_ses-02_task-MotorImageryRest_run-02_eeg.eeg	16248624	14169523	False	d11bee52
sub-17/ses-02/eeg/sub-17_ses-02_task-rest_run-01_eeg.vmrk	521	336	False	faadf83b
sub-17/ses-02/eeg/sub-17_ses-02_task-rest_run-01_eeg.vhdr	1988	789	False	f45676af
sub-17/ses-02/eeg/sub-17_ses-02_task-MotorImageryRest_run-01_eeg.json	486	231	False	f9b15463
sub-17/ses-02/eeg/sub-17_ses-02_task-MotorImageryRest_run-01_events.tsv	680	305	False	1596e572
sub-17/ses-02/eeg/sub-17_ses-02_space-CapTrak_electrodes.tsv	5150	2440	False	503c561b
sub-17/ses-02/eeg/sub-17_ses-02_task-rest_run-01_eeg.eeg	13623400	11850254	False	31598a55
sub-17/ses-02/eeg/sub-17_ses-02_task-MotorImageryRest_run-02_eeg.vhdr	2012	796	False	0d8dcf5b
sub-17/ses-02/eeg/sub-17_ses-02_task-MotorImageryRest_run-03_eeg.vhdr	2012	798	False	9df92ad4
sub-17/ses-02/eeg/sub-17_ses-02_task-MotorImageryRest_run-06_eeg.eeg	15857016	13802470	False	e9bee09c
sub-17/ses-02/eeg/sub-17_ses-02_task-MotorImageryRest_run-02_eeg.vmrk	1389	581	False	a3d13007
sub-17/ses-02/eeg/sub-17_ses-02_task-MotorImageryRest_run-03_eeg.vmrk	1389	585	False	cbe8167a
sub-17/ses-02/eeg/sub-17_ses-02_task-MotorImageryRest_run-04_events.tsv	652	298	False	97be43c7
sub-17/ses-02/eeg/sub-17_ses-02_task-rest_run-02_eeg.json	474	223	False	11652e94
sub-17/ses-02/eeg/sub-17_ses-02_task-MotorImageryRest_run-05_events.json	767	336	False	95434a42
sub-17/ses-02/eeg/sub-17_ses-02_task-rest_run-02_channels.tsv	4361	330	False	f53f1e18
sub-17/ses-02/eeg/sub-17_ses-02_task-MotorImageryRest_run-06_events.json	767	336	False	95434a42
sub-17/ses-02/eeg/sub-17_ses-02_task-MotorImageryRest_run-03_events.tsv	675	306	False	54aa02a2
sub-17/ses-02/eeg/sub-17_ses-02_task-MotorImageryRest_run-03_channels.tsv	4361	330	False	f53f1e18
sub-17/ses-02/eeg/sub-17_ses-02_task-MotorImageryRest_run-04_channels.tsv	4361	330	False	f53f1e18
sub-17/ses-02/eeg/sub-17_ses-02_task-MotorImageryRest_run-04_eeg.eeg	16035208	13976902	False	e99ca3f5
sub-17/ses-02/eeg/sub-17_ses-02_task-MotorImageryRest_run-05_eeg.vmrk	1389	580	False	89c90b54
sub-17/ses-02/eeg/sub-17_ses-02_task-MotorImageryRest_run-04_eeg.vmrk	1360	577	False	2add8fb0
sub-17/ses-02/eeg/sub-17_ses-02_task-MotorImageryRest_run-05_eeg.vhdr	2012	797	False	4a217b74
sub-17/ses-02/eeg/sub-17_ses-02_task-MotorImageryRest_run-04_eeg.vhdr	2012	797	False	da559efb
sub-17/ses-02/eeg/sub-17_ses-02_task-MotorImageryRest_run-05_eeg.eeg	15970976	13939098	False	4f2fb4d0
sub-17/ses-02/eeg/sub-17_ses-02_task-MotorImageryRest_run-05_channels.tsv	4361	330	False	f53f1e18
sub-17/ses-02/eeg/sub-17_ses-02_task-MotorImageryRest_run-02_channels.tsv	4361	330	False	f53f1e18
sub-17/ses-02/eeg/sub-17_ses-02_task-MotorImageryRest_run-06_eeg.json	485	231	False	a64afca5
sub-17/ses-02/eeg/sub-17_ses-02_task-MotorImageryRest_run-06_events.tsv	675	300	False	e52d2455
sub-17/ses-02/eeg/sub-17_ses-02_task-MotorImageryRest_run-03_events.json	767	336	False	95434a42
sub-17/ses-02/eeg/sub-17_ses-02_task-rest_run-02_eeg.eeg	13627544	11820006	False	088865c5
sub-17/ses-02/eeg/sub-17_ses-02_space-CapTrak_coordsystem.json	942	377	False	1d0c0d3c
sub-17/ses-04/meg/sub-17_ses-04_task-MotorImageryRest_run-01_meg.fif	65584891	61216980	False	d569f590
sub-17/ses-04/meg/sub-17_ses-04_task-MotorImageryRest_run-06_events.json	767	336	False	95434a42
sub-17/ses-04/meg/sub-17_ses-04_task-rest_run-01_channels.tsv	19989	1020	False	03360556
sub-17/ses-04/meg/sub-17_ses-04_task-rest_run-02_meg.json	677	295	False	9ff99a53
sub-17/ses-04/meg/sub-17_ses-04_task-MotorImageryRest_run-01_channels.tsv	19989	1020	False	03360556
sub-17/ses-04/meg/sub-17_ses-04_task-MotorImageryRest_run-06_channels.tsv	19989	1020	False	03360556
sub-17/ses-04/meg/sub-17_ses-04_task-MotorImageryRest_run-02_events.tsv	650	296	False	ee2263c1
sub-17/ses-04/meg/sub-17_ses-04_task-rest_run-02_meg.fif	83962832	78392800	False	b6849697
sub-17/ses-04/meg/sub-17_ses-04_task-MotorImageryRest_run-04_meg.json	689	305	False	783bf671
sub-17/ses-04/meg/sub-17_ses-04_task-MotorImageryRest_run-05_meg.json	689	306	False	4c723639
sub-17/ses-04/meg/sub-17_ses-04_task-MotorImageryRest_run-03_events.json	767	336	False	95434a42
sub-17/ses-04/meg/sub-17_ses-04_task-MotorImageryRest_run-03_meg.json	688	305	False	49bdc687
sub-17/ses-04/meg/sub-17_ses-04_task-MotorImageryRest_run-02_meg.json	688	305	False	67caa991
sub-17/ses-04/meg/sub-17_ses-04_task-MotorImageryRest_run-02_meg.fif	65559177	61204234	False	fc3de000
sub-17/ses-04/meg/sub-17_ses-04_task-MotorImageryRest_run-05_events.tsv	675	301	False	9ce0bfe8
sub-17/ses-04/meg/sub-17_ses-04_task-MotorImageryRest_run-03_meg.fif	66373147	61949549	False	befa9b08
sub-17/ses-04/meg/sub-17_ses-04_task-MotorImageryRest_run-05_events.json	767	336	False	95434a42
sub-17/ses-04/meg/sub-17_ses-04_task-rest_run-01_meg.fif	60460808	56393719	False	b39869c5
sub-17/ses-04/meg/sub-17_ses-04_task-MotorImageryRest_run-03_events.tsv	670	302	False	8f42fde6
sub-17/ses-04/meg/sub-17_ses-04_task-MotorImageryRest_run-02_events.json	767	336	False	95434a42
sub-17/ses-04/meg/sub-17_ses-04_task-MotorImageryRest_run-06_meg.fif	64830897	60509036	False	bcd2ce87
sub-17/ses-04/meg/sub-17_ses-04_task-MotorImageryRest_run-06_meg.json	688	306	False	7aba8148
sub-17/ses-04/meg/sub-17_ses-04_task-rest_run-01_meg.json	675	293	False	e1efa603
sub-17/ses-04/meg/sub-17_ses-04_task-MotorImageryRest_run-06_events.tsv	645	292	False	ec391984
sub-17/ses-04/meg/sub-17_ses-04_task-rest_run-02_channels.tsv	19989	1020	False	03360556
sub-17/ses-04/meg/sub-17_ses-04_task-MotorImageryRest_run-01_events.tsv	675	301	False	28d52d63
sub-17/ses-04/meg/sub-17_ses-04_coordsystem.json	2186	480	False	7553c63a
sub-17/ses-04/meg/sub-17_ses-04_task-MotorImageryRest_run-05_meg.fif	65319283	60916617	False	c8c8d731
sub-17/ses-04/meg/sub-17_ses-04_task-MotorImageryRest_run-04_events.json	767	336	False	95434a42
sub-17/ses-04/meg/sub-17_ses-04_task-MotorImageryRest_run-02_channels.tsv	19989	1020	False	03360556
sub-17/ses-04/meg/sub-17_ses-04_task-MotorImageryRest_run-05_channels.tsv	19989	1020	False	03360556
sub-17/ses-04/meg/sub-17_ses-04_task-MotorImageryRest_run-01_events.json	767	336	False	95434a42
sub-17/ses-04/meg/sub-17_ses-04_task-MotorImageryRest_run-04_events.tsv	679	304	False	99f9751f
sub-17/ses-04/meg/sub-17_ses-04_task-MotorImageryRest_run-01_meg.json	689	306	False	8b19d4ca
sub-17/ses-04/meg/sub-17_ses-04_task-MotorImageryRest_run-04_channels.tsv	19989	1020	False	03360556
sub-17/ses-04/meg/sub-17_ses-04_task-MotorImageryRest_run-04_meg.fif	64848043	60517510	False	a0ee7173
sub-17/ses-04/meg/sub-17_ses-04_task-MotorImageryRest_run-03_channels.tsv	19989	1020	False	03360556
sub-17/ses-04/eeg/sub-17_ses-04_task-MotorImageryRest_run-01_eeg.eeg	15832152	13931037	False	820d0001
sub-17/ses-04/eeg/sub-17_ses-04_task-MotorImageryRest_run-06_events.json	767	336	False	95434a42
sub-17/ses-04/eeg/sub-17_ses-04_task-rest_run-01_channels.tsv	4361	330	False	f53f1e18
sub-17/ses-04/eeg/sub-17_ses-04_task-MotorImageryRest_run-01_channels.tsv	4361	330	False	f53f1e18
sub-17/ses-04/eeg/sub-17_ses-04_task-MotorImageryRest_run-01_eeg.vhdr	2012	798	False	6e9be438
sub-17/ses-04/eeg/sub-17_ses-04_task-MotorImageryRest_run-06_channels.tsv	4361	330	False	f53f1e18
sub-17/ses-04/eeg/sub-17_ses-04_task-MotorImageryRest_run-01_eeg.vmrk	1389	585	False	bbb6268b
sub-17/ses-04/eeg/sub-17_ses-04_task-MotorImageryRest_run-02_events.tsv	650	296	False	ee2263c1
sub-17/ses-04/eeg/sub-17_ses-04_task-MotorImageryRest_run-02_eeg.json	485	231	False	4563f7ff
sub-17/ses-04/eeg/sub-17_ses-04_task-MotorImageryRest_run-03_eeg.json	485	231	False	fee24533
sub-17/ses-04/eeg/sub-17_ses-04_task-rest_run-02_eeg.eeg	20276592	17553821	False	8cb627e6
sub-17/ses-04/eeg/sub-17_ses-04_task-MotorImageryRest_run-03_events.json	767	336	False	95434a42
sub-17/ses-04/eeg/sub-17_ses-04_task-MotorImageryRest_run-05_eeg.json	486	231	False	2f1673aa
sub-17/ses-04/eeg/sub-17_ses-04_task-MotorImageryRest_run-04_eeg.json	486	232	False	7030f81e
sub-17/ses-04/eeg/sub-17_ses-04_task-rest_run-01_eeg.vhdr	1988	789	False	005bfe8c
sub-17/ses-04/eeg/sub-17_ses-04_task-rest_run-01_eeg.vmrk	521	336	False	c1eb8018
sub-17/ses-04/eeg/sub-17_ses-04_task-MotorImageryRest_run-02_eeg.eeg	15825936	13856050	False	f726ccce
sub-17/ses-04/eeg/sub-17_ses-04_task-MotorImageryRest_run-05_events.tsv	675	301	False	9ce0bfe8
sub-17/ses-04/eeg/sub-17_ses-04_task-MotorImageryRest_run-03_eeg.eeg	16022776	14010365	False	d8acdfc6
sub-17/ses-04/eeg/sub-17_ses-04_task-MotorImageryRest_run-05_events.json	767	336	False	95434a42
sub-17/ses-04/eeg/sub-17_ses-04_task-MotorImageryRest_run-06_eeg.vmrk	1359	575	False	51c66e4f
sub-17/ses-04/eeg/sub-17_ses-04_task-rest_run-02_eeg.json	474	222	False	7b51f5fa
sub-17/ses-04/eeg/sub-17_ses-04_task-MotorImageryRest_run-06_eeg.vhdr	2012	798	False	29375017
sub-17/ses-04/eeg/sub-17_ses-04_task-rest_run-01_eeg.eeg	14593096	12724467	False	bb135c95
sub-17/ses-04/eeg/sub-17_ses-04_task-MotorImageryRest_run-03_events.tsv	670	302	False	8f42fde6
sub-17/ses-04/eeg/sub-17_ses-04_task-MotorImageryRest_run-02_events.json	767	336	False	95434a42
sub-17/ses-04/eeg/sub-17_ses-04_task-MotorImageryRest_run-01_eeg.json	486	232	False	50f9e251
sub-17/ses-04/eeg/sub-17_ses-04_task-MotorImageryRest_run-06_eeg.eeg	15649816	13630527	False	df8726e2
sub-17/ses-04/eeg/sub-17_ses-04_task-MotorImageryRest_run-03_eeg.vhdr	2012	798	False	95032967
sub-17/ses-04/eeg/sub-17_ses-04_task-MotorImageryRest_run-02_eeg.vhdr	2012	797	False	0577cce8
sub-17/ses-04/eeg/sub-17_ses-04_task-MotorImageryRest_run-03_eeg.vmrk	1389	584	False	bc513f49
sub-17/ses-04/eeg/sub-17_ses-04_task-MotorImageryRest_run-02_eeg.vmrk	1360	577	False	7a146644
sub-17/ses-04/eeg/sub-17_ses-04_task-MotorImageryRest_run-06_events.tsv	645	292	False	ec391984
sub-17/ses-04/eeg/sub-17_ses-04_task-rest_run-02_channels.tsv	4361	330	False	f53f1e18
sub-17/ses-04/eeg/sub-17_ses-04_task-MotorImageryRest_run-04_eeg.vmrk	1388	579	False	024938e5
sub-17/ses-04/eeg/sub-17_ses-04_task-MotorImageryRest_run-05_eeg.vmrk	1388	581	False	f8f79c9c
sub-17/ses-04/eeg/sub-17_ses-04_task-MotorImageryRest_run-01_events.tsv	675	301	False	28d52d63
sub-17/ses-04/eeg/sub-17_ses-04_task-rest_run-01_eeg.json	472	220	False	b00c3ccd
sub-17/ses-04/eeg/sub-17_ses-04_task-MotorImageryRest_run-04_eeg.vhdr	2012	796	False	d2af9d48
sub-17/ses-04/eeg/sub-17_ses-04_task-MotorImageryRest_run-05_eeg.vhdr	2012	798	False	42db78c7
sub-17/ses-04/eeg/sub-17_ses-04_task-MotorImageryRest_run-04_events.json	767	336	False	95434a42
sub-17/ses-04/eeg/sub-17_ses-04_task-MotorImageryRest_run-05_eeg.eeg	15767920	13738692	False	6b8c73d2
sub-17/ses-04/eeg/sub-17_ses-04_task-MotorImageryRest_run-02_channels.tsv	4361	330	False	f53f1e18
sub-17/ses-04/eeg/sub-17_ses-04_task-MotorImageryRest_run-05_channels.tsv	4361	330	False	f53f1e18
sub-17/ses-04/eeg/sub-17_ses-04_task-MotorImageryRest_run-06_eeg.json	485	231	False	ef3d8863
sub-17/ses-04/eeg/sub-17_ses-04_space-CapTrak_coordsystem.json	945	378	False	80782dfe
sub-17/ses-04/eeg/sub-17_ses-04_task-rest_run-02_eeg.vhdr	1988	789	False	b54d2e08
sub-17/ses-04/eeg/sub-17_ses-04_space-CapTrak_electrodes.tsv	5150	2435	False	4800cdee
sub-17/ses-04/eeg/sub-17_ses-04_task-rest_run-02_eeg.vmrk	521	336	False	c2319e2a
sub-17/ses-04/eeg/sub-17_ses-04_task-MotorImageryRest_run-01_events.json	767	336	False	95434a42
sub-17/ses-04/eeg/sub-17_ses-04_task-MotorImageryRest_run-04_events.tsv	679	304	False	99f9751f
sub-17/ses-04/eeg/sub-17_ses-04_task-MotorImageryRest_run-04_eeg.eeg	15653960	13653875	False	7922db5b
sub-17/ses-04/eeg/sub-17_ses-04_task-MotorImageryRest_run-04_channels.tsv	4361	330	False	f53f1e18
sub-17/ses-04/eeg/sub-17_ses-04_task-MotorImageryRest_run-03_channels.tsv	4361	330	False	f53f1e18
sub-17/ses-03/meg/sub-17_ses-03_task-MotorImageryRest_run-05_events.tsv	671	297	False	b01514f6
sub-17/ses-03/meg/sub-17_ses-03_task-MotorImageryRest_run-01_meg.fif	66699271	62256620	False	b3a4fb34
sub-17/ses-03/meg/sub-17_ses-03_task-MotorImageryRest_run-05_events.json	767	336	False	95434a42
sub-17/ses-03/meg/sub-17_ses-03_coordsystem.json	2152	468	False	61b5abc2
sub-17/ses-03/meg/sub-17_ses-03_task-rest_run-02_meg.json	677	295	False	7907a42b
sub-17/ses-03/meg/sub-17_ses-03_task-rest_run-01_channels.tsv	19989	1020	False	03360556
sub-17/ses-03/meg/sub-17_ses-03_task-MotorImageryRest_run-06_channels.tsv	19989	1020	False	03360556
sub-17/ses-03/meg/sub-17_ses-03_task-MotorImageryRest_run-01_channels.tsv	19989	1020	False	03360556
sub-17/ses-03/meg/sub-17_ses-03_task-MotorImageryRest_run-05_meg.json	689	306	False	a3f63730
sub-17/ses-03/meg/sub-17_ses-03_task-MotorImageryRest_run-04_meg.json	689	306	False	72bee408
sub-17/ses-03/meg/sub-17_ses-03_task-MotorImageryRest_run-03_events.json	767	336	False	95434a42
sub-17/ses-03/meg/sub-17_ses-03_task-MotorImageryRest_run-02_meg.fif	66185191	61791309	False	0aaf4363
sub-17/ses-03/meg/sub-17_ses-03_task-MotorImageryRest_run-02_meg.json	689	306	False	8b746298
sub-17/ses-03/meg/sub-17_ses-03_task-MotorImageryRest_run-03_meg.json	689	306	False	bf2ee3ae
sub-17/ses-03/meg/sub-17_ses-03_task-MotorImageryRest_run-03_meg.fif	66339415	61901582	False	5451d9da
sub-17/ses-03/meg/sub-17_ses-03_task-MotorImageryRest_run-06_events.json	767	336	False	95434a42
sub-17/ses-03/meg/sub-17_ses-03_task-MotorImageryRest_run-02_events.tsv	677	305	False	a3c3395b
sub-17/ses-03/meg/sub-17_ses-03_task-MotorImageryRest_run-01_events.json	767	336	False	95434a42
sub-17/ses-03/meg/sub-17_ses-03_task-MotorImageryRest_run-06_meg.json	689	306	False	f48c838b
sub-17/ses-03/meg/sub-17_ses-03_task-rest_run-02_meg.fif	55569024	51856226	False	9cb823ca
sub-17/ses-03/meg/sub-17_ses-03_task-MotorImageryRest_run-01_events.tsv	671	300	False	41ad5266
sub-17/ses-03/meg/sub-17_ses-03_task-MotorImageryRest_run-06_meg.fif	66399395	61969555	False	1325e190
sub-17/ses-03/meg/sub-17_ses-03_task-rest_run-01_meg.json	677	296	False	ebe35201
sub-17/ses-03/meg/sub-17_ses-03_task-MotorImageryRest_run-04_events.tsv	673	301	False	4c94ab08
sub-17/ses-03/meg/sub-17_ses-03_task-MotorImageryRest_run-04_events.json	767	336	False	95434a42
sub-17/ses-03/meg/sub-17_ses-03_task-rest_run-01_meg.fif	59536004	55575813	False	2c2899c8
sub-17/ses-03/meg/sub-17_ses-03_task-MotorImageryRest_run-05_meg.fif	65311259	60966622	False	cbc4c2fe
sub-17/ses-03/meg/sub-17_ses-03_task-MotorImageryRest_run-03_channels.tsv	19989	1020	False	03360556
sub-17/ses-03/meg/sub-17_ses-03_task-MotorImageryRest_run-04_channels.tsv	19989	1020	False	03360556
sub-17/ses-03/meg/sub-17_ses-03_task-MotorImageryRest_run-03_events.tsv	676	302	False	9962ee7a
sub-17/ses-03/meg/sub-17_ses-03_task-rest_run-02_channels.tsv	19989	1020	False	03360556
sub-17/ses-03/meg/sub-17_ses-03_task-MotorImageryRest_run-01_meg.json	689	307	False	dc61c16f
sub-17/ses-03/meg/sub-17_ses-03_task-MotorImageryRest_run-06_events.tsv	674	303	False	d594ac11
sub-17/ses-03/meg/sub-17_ses-03_task-MotorImageryRest_run-04_meg.fif	65953855	61572996	False	abcf2e17
sub-17/ses-03/meg/sub-17_ses-03_task-MotorImageryRest_run-05_channels.tsv	19989	1020	False	03360556
sub-17/ses-03/meg/sub-17_ses-03_task-MotorImageryRest_run-02_events.json	767	336	False	95434a42
sub-17/ses-03/meg/sub-17_ses-03_task-MotorImageryRest_run-02_channels.tsv	19989	1020	False	03360556
sub-17/ses-03/eeg/sub-17_ses-03_task-MotorImageryRest_run-05_events.tsv	671	297	False	b01514f6
sub-17/ses-03/eeg/sub-17_ses-03_task-MotorImageryRest_run-01_eeg.eeg	16101512	13996120	False	ea2570cd
sub-17/ses-03/eeg/sub-17_ses-03_task-MotorImageryRest_run-01_eeg.vhdr	2012	798	False	880d9be3
sub-17/ses-03/eeg/sub-17_ses-03_task-MotorImageryRest_run-01_eeg.vmrk	1389	585	False	44cb51db
sub-17/ses-03/eeg/sub-17_ses-03_task-MotorImageryRest_run-05_events.json	767	336	False	95434a42
sub-17/ses-03/eeg/sub-17_ses-03_task-rest_run-01_channels.tsv	4361	330	False	f53f1e18
sub-17/ses-03/eeg/sub-17_ses-03_task-MotorImageryRest_run-06_channels.tsv	4361	330	False	f53f1e18
sub-17/ses-03/eeg/sub-17_ses-03_task-MotorImageryRest_run-01_channels.tsv	4361	330	False	f53f1e18
sub-17/ses-03/eeg/sub-17_ses-03_task-MotorImageryRest_run-03_eeg.json	486	232	False	ba5419ff
sub-17/ses-03/eeg/sub-17_ses-03_task-MotorImageryRest_run-02_eeg.json	486	232	False	67e07319
sub-17/ses-03/eeg/sub-17_ses-03_task-MotorImageryRest_run-03_events.json	767	336	False	95434a42
sub-17/ses-03/eeg/sub-17_ses-03_task-rest_run-02_eeg.json	474	222	False	825e02cd
sub-17/ses-03/eeg/sub-17_ses-03_task-MotorImageryRest_run-02_eeg.eeg	15977192	13828077	False	b724aec9
sub-17/ses-03/eeg/sub-17_ses-03_task-MotorImageryRest_run-04_eeg.json	486	232	False	ba5b49c5
sub-17/ses-03/eeg/sub-17_ses-03_task-MotorImageryRest_run-05_eeg.json	486	231	False	29c6241e
sub-17/ses-03/eeg/sub-17_ses-03_task-MotorImageryRest_run-06_eeg.vmrk	1389	585	False	a224ebff
sub-17/ses-03/eeg/sub-17_ses-03_task-MotorImageryRest_run-06_eeg.vhdr	2012	798	False	cfa12fcc
sub-17/ses-03/eeg/sub-17_ses-03_task-MotorImageryRest_run-03_eeg.eeg	16014488	13802808	False	c219c5dd
sub-17/ses-03/eeg/sub-17_ses-03_task-MotorImageryRest_run-06_events.json	767	336	False	95434a42
sub-17/ses-03/eeg/sub-17_ses-03_space-CapTrak_electrodes.tsv	5157	2439	False	e3bcb554
sub-17/ses-03/eeg/sub-17_ses-03_task-rest_run-01_eeg.vmrk	521	336	False	aaa492d4
sub-17/ses-03/eeg/sub-17_ses-03_task-rest_run-01_eeg.vhdr	1988	789	False	86c3b440
sub-17/ses-03/eeg/sub-17_ses-03_task-MotorImageryRest_run-02_events.tsv	677	305	False	a3c3395b
sub-17/ses-03/eeg/sub-17_ses-03_task-MotorImageryRest_run-01_events.json	767	336	False	95434a42
sub-17/ses-03/eeg/sub-17_ses-03_task-MotorImageryRest_run-01_eeg.json	486	232	False	4a991812
sub-17/ses-03/eeg/sub-17_ses-03_task-MotorImageryRest_run-01_events.tsv	671	300	False	41ad5266
sub-17/ses-03/eeg/sub-17_ses-03_task-rest_run-02_eeg.eeg	13409984	11507138	False	0235fb9a
sub-17/ses-03/eeg/sub-17_ses-03_task-MotorImageryRest_run-06_eeg.eeg	16028992	13785123	False	3b7f329f
sub-17/ses-03/eeg/sub-17_ses-03_task-MotorImageryRest_run-04_events.tsv	673	301	False	4c94ab08
sub-17/ses-03/eeg/sub-17_ses-03_task-MotorImageryRest_run-02_eeg.vhdr	2012	798	False	e3e1b333
sub-17/ses-03/eeg/sub-17_ses-03_task-MotorImageryRest_run-03_eeg.vhdr	2012	796	False	739556bc
sub-17/ses-03/eeg/sub-17_ses-03_task-MotorImageryRest_run-02_eeg.vmrk	1389	583	False	c02de425
sub-17/ses-03/eeg/sub-17_ses-03_task-MotorImageryRest_run-03_eeg.vmrk	1389	581	False	aa04e459
sub-17/ses-03/eeg/sub-17_ses-03_space-CapTrak_coordsystem.json	945	379	False	0cbbec32
sub-17/ses-03/eeg/sub-17_ses-03_task-MotorImageryRest_run-04_events.json	767	336	False	95434a42
sub-17/ses-03/eeg/sub-17_ses-03_task-rest_run-01_eeg.eeg	14369320	12429007	False	e23fc804
sub-17/ses-03/eeg/sub-17_ses-03_task-rest_run-02_eeg.vmrk	521	336	False	a97e8ce6
sub-17/ses-03/eeg/sub-17_ses-03_task-rest_run-02_eeg.vhdr	1988	788	False	33d564c4
sub-17/ses-03/eeg/sub-17_ses-03_task-MotorImageryRest_run-05_eeg.eeg	15765848	13565293	False	6b73064d
sub-17/ses-03/eeg/sub-17_ses-03_task-MotorImageryRest_run-05_eeg.vmrk	1388	581	False	753541c3
sub-17/ses-03/eeg/sub-17_ses-03_task-MotorImageryRest_run-04_eeg.vmrk	1388	585	False	d5c9fc55
sub-17/ses-03/eeg/sub-17_ses-03_task-MotorImageryRest_run-05_eeg.vhdr	2012	798	False	a44d071c
sub-17/ses-03/eeg/sub-17_ses-03_task-MotorImageryRest_run-04_eeg.vhdr	2012	798	False	3439e293
sub-17/ses-03/eeg/sub-17_ses-03_task-MotorImageryRest_run-03_channels.tsv	4361	330	False	f53f1e18
sub-17/ses-03/eeg/sub-17_ses-03_task-MotorImageryRest_run-04_channels.tsv	4361	330	False	f53f1e18
sub-17/ses-03/eeg/sub-17_ses-03_task-MotorImageryRest_run-03_events.tsv	676	302	False	9962ee7a
sub-17/ses-03/eeg/sub-17_ses-03_task-rest_run-02_channels.tsv	4361	330	False	f53f1e18
sub-17/ses-03/eeg/sub-17_ses-03_task-MotorImageryRest_run-06_events.tsv	674	303	False	d594ac11
sub-17/ses-03/eeg/sub-17_ses-03_task-MotorImageryRest_run-06_eeg.json	486	232	False	0dd08e45
sub-17/ses-03/eeg/sub-17_ses-03_task-rest_run-01_eeg.json	474	223	False	c98fa123
sub-17/ses-03/eeg/sub-17_ses-03_task-MotorImageryRest_run-04_eeg.eeg	15921248	13715022	False	e55166ee
sub-17/ses-03/eeg/sub-17_ses-03_task-MotorImageryRest_run-05_channels.tsv	4361	330	False	f53f1e18
sub-17/ses-03/eeg/sub-17_ses-03_task-MotorImageryRest_run-02_events.json	767	336	False	95434a42
sub-17/ses-03/eeg/sub-17_ses-03_task-MotorImageryRest_run-02_channels.tsv	4361	330	False	f53f1e18
sub-17/ses-01/meg/sub-17_ses-01_task-rest_run-01_meg.fif	56425248	52679509	False	0c4f8e83
sub-17/ses-01/meg/sub-17_ses-01_task-MotorImageryRest_run-04_meg.fif	67561619	63025810	False	3775adff
sub-17/ses-01/meg/sub-17_ses-01_task-MotorImageryRest_run-02_events.json	767	336	False	95434a42
sub-17/ses-01/meg/sub-17_ses-01_task-MotorImageryRest_run-05_meg.fif	76192039	71139023	False	95eadcfe
sub-17/ses-01/meg/sub-17_ses-01_task-MotorImageryRest_run-04_meg.json	713	328	False	d2860d1b
sub-17/ses-01/meg/sub-17_ses-01_task-MotorImageryRest_run-05_meg.json	689	306	False	6f1a801b
sub-17/ses-01/meg/sub-17_ses-01_task-MotorImageryRest_run-05_events.tsv	673	301	False	e7139c46
sub-17/ses-01/meg/sub-17_ses-01_task-MotorImageryRest_run-02_events.tsv	675	301	False	50301962
sub-17/ses-01/meg/sub-17_ses-01_task-rest_run-02_meg.fif	55705532	51973034	False	31dc5750
sub-17/ses-01/meg/sub-17_ses-01_task-MotorImageryRest_run-01_events.json	767	336	False	95434a42
sub-17/ses-01/meg/sub-17_ses-01_task-MotorImageryRest_run-03_channels.tsv	19989	1020	False	03360556
sub-17/ses-01/meg/sub-17_ses-01_task-MotorImageryRest_run-04_channels.tsv	27945	1088	False	48ee8ca0
sub-17/ses-01/meg/sub-17_ses-01_task-rest_run-02_channels.tsv	19989	1020	False	03360556
sub-17/ses-01/meg/sub-17_ses-01_task-MotorImageryRest_run-03_meg.json	689	306	False	e8162a3e
sub-17/ses-01/meg/sub-17_ses-01_task-MotorImageryRest_run-02_meg.json	689	306	False	79229a6c
sub-17/ses-01/meg/sub-17_ses-01_task-MotorImageryRest_run-04_events.json	767	336	False	95434a42
sub-17/ses-01/meg/sub-17_ses-01_task-rest_run-02_meg.json	676	294	False	619f9cde
sub-17/ses-01/meg/sub-17_ses-01_task-MotorImageryRest_run-06_meg.fif	67118527	62661386	False	865d584e
sub-17/ses-01/meg/sub-17_ses-01_task-MotorImageryRest_run-05_channels.tsv	19989	1020	False	03360556
sub-17/ses-01/meg/sub-17_ses-01_task-MotorImageryRest_run-02_channels.tsv	19989	1020	False	03360556
sub-17/ses-01/meg/sub-17_ses-01_task-MotorImageryRest_run-03_meg.fif	66270299	61859744	False	a8d2f6d8
sub-17/ses-01/meg/sub-17_ses-01_task-MotorImageryRest_run-06_meg.json	689	306	False	076cddc4
sub-17/ses-01/meg/sub-17_ses-01_task-MotorImageryRest_run-03_events.json	767	336	False	95434a42
sub-17/ses-01/meg/sub-17_ses-01_task-rest_run-01_channels.tsv	19989	1020	False	03360556
sub-17/ses-01/meg/sub-17_ses-01_task-MotorImageryRest_run-04_events.tsv	1014	487	False	dcdd0fc0
sub-17/ses-01/meg/sub-17_ses-01_task-MotorImageryRest_run-06_events.json	767	336	False	95434a42
sub-17/ses-01/meg/sub-17_ses-01_task-MotorImageryRest_run-01_events.tsv	676	303	False	77ef1252
sub-17/ses-01/meg/sub-17_ses-01_task-MotorImageryRest_run-02_meg.fif	65696239	61329601	False	81d91ecc
sub-17/ses-01/meg/sub-17_ses-01_task-MotorImageryRest_run-06_channels.tsv	19989	1020	False	03360556
sub-17/ses-01/meg/sub-17_ses-01_task-MotorImageryRest_run-01_channels.tsv	19989	1020	False	03360556
sub-17/ses-01/meg/sub-17_ses-01_coordsystem.json	2226	482	False	5ebf671e
sub-17/ses-01/meg/sub-17_ses-01_task-MotorImageryRest_run-06_events.tsv	678	300	False	c19b421e
sub-17/ses-01/meg/sub-17_ses-01_task-MotorImageryRest_run-05_events.json	767	336	False	95434a42
sub-17/ses-01/meg/sub-17_ses-01_task-rest_run-01_meg.json	677	295	False	5a34e580
sub-17/ses-01/meg/sub-17_ses-01_task-MotorImageryRest_run-03_events.tsv	672	305	False	d9110b56
sub-17/ses-01/meg/sub-17_ses-01_task-MotorImageryRest_run-01_meg.fif	67075687	62583462	False	f0c6dd16
sub-17/ses-01/meg/sub-17_ses-01_task-MotorImageryRest_run-01_meg.json	689	306	False	d649b8ae
sub-17/ses-01/eeg/sub-17_ses-01_task-rest_run-02_eeg.json	473	222	False	89f01eb9
sub-17/ses-01/eeg/sub-17_ses-01_task-MotorImageryRest_run-01_eeg.vmrk	1389	582	False	3e0daf16
sub-17/ses-01/eeg/sub-17_ses-01_task-MotorImageryRest_run-01_eeg.vhdr	2012	796	False	8fa46572
sub-17/ses-01/eeg/sub-17_ses-01_task-rest_run-01_eeg.eeg	13617184	11804739	False	248b57ad
sub-17/ses-01/eeg/sub-17_ses-01_task-MotorImageryRest_run-04_eeg.eeg	16310192	14214141	False	78390797
sub-17/ses-01/eeg/sub-17_ses-01_space-CapTrak_coordsystem.json	945	379	False	c9796bf5
sub-17/ses-01/eeg/sub-17_ses-01_task-MotorImageryRest_run-02_events.json	767	336	False	95434a42
sub-17/ses-01/eeg/sub-17_ses-01_task-MotorImageryRest_run-05_eeg.eeg	18397288	16031045	False	85cf5218
sub-17/ses-01/eeg/sub-17_ses-01_task-MotorImageryRest_run-02_eeg.json	486	231	False	04aebf5b
sub-17/ses-01/eeg/sub-17_ses-01_task-MotorImageryRest_run-03_eeg.json	486	232	False	504103a7
sub-17/ses-01/eeg/sub-17_ses-01_task-rest_run-01_eeg.vhdr	1988	787	False	63e8319e
sub-17/ses-01/eeg/sub-17_ses-01_task-rest_run-01_eeg.vmrk	521	334	False	0ab6470a
sub-17/ses-01/eeg/sub-17_ses-01_task-MotorImageryRest_run-05_events.tsv	673	301	False	e7139c46
sub-17/ses-01/eeg/sub-17_ses-01_task-MotorImageryRest_run-02_events.tsv	675	301	False	50301962
sub-17/ses-01/eeg/sub-17_ses-01_task-rest_run-02_eeg.eeg	13443136	11642882	False	8d6e4215
sub-17/ses-01/eeg/sub-17_ses-01_task-MotorImageryRest_run-01_events.json	767	336	False	95434a42
sub-17/ses-01/eeg/sub-17_ses-01_task-MotorImageryRest_run-03_channels.tsv	4361	330	False	f53f1e18
sub-17/ses-01/eeg/sub-17_ses-01_task-MotorImageryRest_run-05_eeg.json	486	231	False	db6deb18
sub-17/ses-01/eeg/sub-17_ses-01_task-MotorImageryRest_run-04_channels.tsv	6285	368	False	c63f781e
sub-17/ses-01/eeg/sub-17_ses-01_task-MotorImageryRest_run-04_eeg.json	510	252	False	71b67ef0
sub-17/ses-01/eeg/sub-17_ses-01_task-rest_run-02_channels.tsv	4361	330	False	f53f1e18
sub-17/ses-01/eeg/sub-17_ses-01_task-MotorImageryRest_run-04_events.json	767	336	False	95434a42
sub-17/ses-01/eeg/sub-17_ses-01_task-MotorImageryRest_run-06_eeg.vhdr	2012	798	False	c808d15d
sub-17/ses-01/eeg/sub-17_ses-01_task-MotorImageryRest_run-06_eeg.vmrk	1389	584	False	f88498f4
sub-17/ses-01/eeg/sub-17_ses-01_task-MotorImageryRest_run-06_eeg.eeg	16203040	14113501	False	9eb80bf0
sub-17/ses-01/eeg/sub-17_ses-01_task-MotorImageryRest_run-05_channels.tsv	4361	330	False	f53f1e18
sub-17/ses-01/eeg/sub-17_ses-01_task-MotorImageryRest_run-02_channels.tsv	4361	330	False	f53f1e18
sub-17/ses-01/eeg/sub-17_ses-01_task-MotorImageryRest_run-03_eeg.eeg	15997912	13922958	False	74d3837a
sub-17/ses-01/eeg/sub-17_ses-01_task-MotorImageryRest_run-01_eeg.json	486	232	False	0538a3e6
sub-17/ses-01/eeg/sub-17_ses-01_task-rest_run-02_eeg.vhdr	1988	789	False	d6fee11a
sub-17/ses-01/eeg/sub-17_ses-01_task-rest_run-02_eeg.vmrk	521	336	False	096c5938
sub-17/ses-01/eeg/sub-17_ses-01_task-MotorImageryRest_run-03_events.json	767	336	False	95434a42
sub-17/ses-01/eeg/sub-17_ses-01_task-rest_run-01_channels.tsv	4361	330	False	f53f1e18
sub-17/ses-01/eeg/sub-17_ses-01_task-MotorImageryRest_run-04_events.tsv	1014	487	False	dcdd0fc0
sub-17/ses-01/eeg/sub-17_ses-01_task-MotorImageryRest_run-06_events.json	767	336	False	95434a42
sub-17/ses-01/eeg/sub-17_ses-01_task-MotorImageryRest_run-01_events.tsv	676	303	False	77ef1252
sub-17/ses-01/eeg/sub-17_ses-01_space-CapTrak_electrodes.tsv	5167	2435	False	be7507cf
sub-17/ses-01/eeg/sub-17_ses-01_task-MotorImageryRest_run-06_channels.tsv	4361	330	False	f53f1e18
sub-17/ses-01/eeg/sub-17_ses-01_task-MotorImageryRest_run-01_channels.tsv	4361	330	False	f53f1e18
sub-17/ses-01/eeg/sub-17_ses-01_task-MotorImageryRest_run-02_eeg.eeg	15859088	13849438	False	8c3ebb03
sub-17/ses-01/eeg/sub-17_ses-01_task-rest_run-01_eeg.json	474	222	False	b5e1d207
sub-17/ses-01/eeg/sub-17_ses-01_task-MotorImageryRest_run-03_eeg.vmrk	1389	582	False	8800c1f1
sub-17/ses-01/eeg/sub-17_ses-01_task-MotorImageryRest_run-02_eeg.vmrk	1389	583	False	22a993e4
sub-17/ses-01/eeg/sub-17_ses-01_task-MotorImageryRest_run-03_eeg.vhdr	2012	798	False	743ca82d
sub-17/ses-01/eeg/sub-17_ses-01_task-MotorImageryRest_run-02_eeg.vhdr	2012	797	False	e4484da2
sub-17/ses-01/eeg/sub-17_ses-01_task-MotorImageryRest_run-06_events.tsv	678	300	False	c19b421e
sub-17/ses-01/eeg/sub-17_ses-01_task-MotorImageryRest_run-05_events.json	767	336	False	95434a42
sub-17/ses-01/eeg/sub-17_ses-01_task-MotorImageryRest_run-04_eeg.vhdr	2023	805	False	e010942d
sub-17/ses-01/eeg/sub-17_ses-01_task-MotorImageryRest_run-05_eeg.vhdr	2012	798	False	a3e4f98d
sub-17/ses-01/eeg/sub-17_ses-01_task-MotorImageryRest_run-04_eeg.vmrk	1389	582	False	39489d08
sub-17/ses-01/eeg/sub-17_ses-01_task-MotorImageryRest_run-05_eeg.vmrk	1389	582	False	5feaeccc
sub-17/ses-01/eeg/sub-17_ses-01_task-MotorImageryRest_run-03_events.tsv	672	305	False	d9110b56
sub-17/ses-01/eeg/sub-17_ses-01_task-MotorImageryRest_run-01_eeg.eeg	16192680	14085744	False	b9c6dd39
sub-17/ses-01/eeg/sub-17_ses-01_task-MotorImageryRest_run-06_eeg.json	486	232	False	a1bc5f75
sub-03/	0	0	False	00000000
__MACOSX/._sub-03	220	93	False	29d7e44a
sub-03/.DS_Store	6148	330	False	5d65eeae
__MACOSX/sub-03/._.DS_Store	120	53	False	38c0880b
sub-03/ses-02/	0	0	False	00000000
sub-03/ses-04/	0	0	False	00000000
sub-03/ses-03/	0	0	False	00000000
sub-03/ses-01/	0	0	False	00000000
sub-03/ses-02/.DS_Store	6148	280	False	51b5d682
__MACOSX/sub-03/ses-02/._.DS_Store	120	53	False	38c0880b
sub-03/ses-02/meg/	0	0	False	00000000
sub-03/ses-02/sub-03_ses-02_scans.tsv	1309	224	False	64cd4117
sub-03/ses-02/eeg/	0	0	False	00000000
sub-03/ses-04/.DS_Store	6148	283	False	4a0e87e1
__MACOSX/sub-03/ses-04/._.DS_Store	120	53	False	38c0880b
sub-03/ses-04/meg/	0	0	False	00000000
sub-03/ses-04/sub-03_ses-04_scans.tsv	1309	227	False	2637583d
sub-03/ses-04/eeg/	0	0	False	00000000
sub-03/ses-03/.DS_Store	6148	286	False	787968c9
__MACOSX/sub-03/ses-03/._.DS_Store	120	53	False	38c0880b
sub-03/ses-03/meg/	0	0	False	00000000
sub-03/ses-03/sub-03_ses-03_scans.tsv	1309	226	False	99cb6060
sub-03/ses-03/eeg/	0	0	False	00000000
sub-03/ses-01/sub-03_ses-01_scans.tsv	1309	224	False	967202d3
sub-03/ses-01/.DS_Store	6148	285	False	600c4f5a
__MACOSX/sub-03/ses-01/._.DS_Store	120	53	False	38c0880b
sub-03/ses-01/meg/	0	0	False	00000000
sub-03/ses-01/eeg/	0	0	False	00000000
sub-03/ses-02/meg/sub-03_ses-02_task-MotorImageryRest_run-01_meg.json	688	305	False	dbe538b1
sub-03/ses-02/meg/sub-03_ses-02_task-MotorImageryRest_run-03_meg.fif	70880835	66158822	False	a922f6b5
sub-03/ses-02/meg/sub-03_ses-02_task-MotorImageryRest_run-06_events.tsv	719	317	False	c5b4e563
sub-03/ses-02/meg/sub-03_ses-02_task-MotorImageryRest_run-06_channels.tsv	19989	1020	False	03360556
sub-03/ses-02/meg/sub-03_ses-02_task-MotorImageryRest_run-01_channels.tsv	19989	1020	False	03360556
sub-03/ses-02/meg/sub-03_ses-02_task-MotorImageryRest_run-03_events.tsv	720	324	False	e0fecf2a
sub-03/ses-02/meg/sub-03_ses-02_coordsystem.json	2194	452	False	9d32e83e
sub-03/ses-02/meg/sub-03_ses-02_task-MotorImageryRest_run-02_meg.fif	72911455	68087390	False	b69084dd
sub-03/ses-02/meg/sub-03_ses-02_task-MotorImageryRest_run-05_events.json	767	336	False	95434a42
sub-03/ses-02/meg/sub-03_ses-02_task-rest_run-01_meg.json	677	295	False	6e430ed1
sub-03/ses-02/meg/sub-03_ses-02_task-MotorImageryRest_run-06_events.json	767	336	False	95434a42
sub-03/ses-02/meg/sub-03_ses-02_task-MotorImageryRest_run-04_events.tsv	716	316	False	ec565f02
sub-03/ses-02/meg/sub-03_ses-02_task-MotorImageryRest_run-01_events.tsv	718	320	False	90c0de93
sub-03/ses-02/meg/sub-03_ses-02_task-MotorImageryRest_run-06_meg.json	689	306	False	8ecd06a2
sub-03/ses-02/meg/sub-03_ses-02_task-MotorImageryRest_run-01_meg.fif	69544231	64927842	False	84e14497
sub-03/ses-02/meg/sub-03_ses-02_task-rest_run-02_channels.tsv	19989	1020	False	03360556
sub-03/ses-02/meg/sub-03_ses-02_task-MotorImageryRest_run-03_events.json	767	336	False	95434a42
sub-03/ses-02/meg/sub-03_ses-02_task-MotorImageryRest_run-02_events.tsv	720	322	False	4640912b
sub-03/ses-02/meg/sub-03_ses-02_task-rest_run-02_meg.fif	55723604	51975440	False	545e0601
sub-03/ses-02/meg/sub-03_ses-02_task-MotorImageryRest_run-04_events.json	767	336	False	95434a42
sub-03/ses-02/meg/sub-03_ses-02_task-rest_run-02_meg.json	677	295	False	ea329002
sub-03/ses-02/meg/sub-03_ses-02_task-MotorImageryRest_run-04_meg.fif	70649499	65940507	False	38ac24b2
sub-03/ses-02/meg/sub-03_ses-02_task-MotorImageryRest_run-05_meg.fif	71831883	67019164	False	e7a7d441
sub-03/ses-02/meg/sub-03_ses-02_task-MotorImageryRest_run-01_events.json	767	336	False	95434a42
sub-03/ses-02/meg/sub-03_ses-02_task-MotorImageryRest_run-03_meg.json	689	306	False	8ecd06a2
sub-03/ses-02/meg/sub-03_ses-02_task-MotorImageryRest_run-02_meg.json	689	306	False	777bd600
sub-03/ses-02/meg/sub-03_ses-02_task-rest_run-01_channels.tsv	19989	1020	False	03360556
sub-03/ses-02/meg/sub-03_ses-02_task-MotorImageryRest_run-02_events.json	767	336	False	95434a42
sub-03/ses-02/meg/sub-03_ses-02_task-rest_run-01_meg.fif	56854580	53002049	False	e67e8e08
sub-03/ses-02/meg/sub-03_ses-02_task-MotorImageryRest_run-05_channels.tsv	19989	1020	False	03360556
sub-03/ses-02/meg/sub-03_ses-02_task-MotorImageryRest_run-02_channels.tsv	19989	1020	False	03360556
sub-03/ses-02/meg/sub-03_ses-02_task-MotorImageryRest_run-04_meg.json	689	306	False	7296c8c9
sub-03/ses-02/meg/sub-03_ses-02_task-MotorImageryRest_run-05_meg.json	689	305	False	b0370fba
sub-03/ses-02/meg/sub-03_ses-02_task-MotorImageryRest_run-06_meg.fif	70880839	66176999	False	fcd30db1
sub-03/ses-02/meg/sub-03_ses-02_task-MotorImageryRest_run-05_events.tsv	716	320	False	5de833b4
sub-03/ses-02/meg/sub-03_ses-02_task-MotorImageryRest_run-03_channels.tsv	19989	1020	False	03360556
sub-03/ses-02/meg/sub-03_ses-02_task-MotorImageryRest_run-04_channels.tsv	19989	1020	False	03360556
sub-03/ses-02/eeg/sub-03_ses-02_task-MotorImageryRest_run-06_eeg.json	486	232	False	4c6affc7
sub-03/ses-02/eeg/sub-03_ses-02_task-MotorImageryRest_run-03_eeg.eeg	17112648	14929254	False	fbc5d30c
sub-03/ses-02/eeg/sub-03_ses-02_task-MotorImageryRest_run-06_events.tsv	719	317	False	c5b4e563
sub-03/ses-02/eeg/sub-03_ses-02_task-MotorImageryRest_run-06_channels.tsv	4361	330	False	f53f1e18
sub-03/ses-02/eeg/sub-03_ses-02_space-CapTrak_coordsystem.json	945	376	False	5781773f
sub-03/ses-02/eeg/sub-03_ses-02_task-MotorImageryRest_run-01_channels.tsv	4361	330	False	f53f1e18
sub-03/ses-02/eeg/sub-03_ses-02_task-MotorImageryRest_run-03_events.tsv	720	324	False	e0fecf2a
sub-03/ses-02/eeg/sub-03_ses-02_task-MotorImageryRest_run-02_eeg.eeg	17603712	15223535	False	1c86ef15
sub-03/ses-02/eeg/sub-03_ses-02_task-MotorImageryRest_run-04_eeg.vmrk	1447	599	False	663fa951
sub-03/ses-02/eeg/sub-03_ses-02_task-MotorImageryRest_run-05_eeg.vmrk	1447	598	False	1d2eb2e4
sub-03/ses-02/eeg/sub-03_ses-02_task-MotorImageryRest_run-05_events.json	767	336	False	95434a42
sub-03/ses-02/eeg/sub-03_ses-02_task-MotorImageryRest_run-04_eeg.vhdr	2012	798	False	ccbfae0a
sub-03/ses-02/eeg/sub-03_ses-02_task-MotorImageryRest_run-05_eeg.vhdr	2012	798	False	5ccb4b85
sub-03/ses-02/eeg/sub-03_ses-02_task-MotorImageryRest_run-06_events.json	767	336	False	95434a42
sub-03/ses-02/eeg/sub-03_ses-02_task-rest_run-01_eeg.json	474	223	False	af39c9b2
sub-03/ses-02/eeg/sub-03_ses-02_space-CapTrak_electrodes.tsv	5144	2427	False	535374f8
sub-03/ses-02/eeg/sub-03_ses-02_task-MotorImageryRest_run-03_eeg.vhdr	2012	797	False	8b131a25
sub-03/ses-02/eeg/sub-03_ses-02_task-MotorImageryRest_run-02_eeg.vhdr	2012	796	False	1b67ffaa
sub-03/ses-02/eeg/sub-03_ses-02_task-MotorImageryRest_run-04_events.tsv	716	316	False	ec565f02
sub-03/ses-02/eeg/sub-03_ses-02_task-MotorImageryRest_run-03_eeg.vmrk	1447	595	False	f71a2d7d
sub-03/ses-02/eeg/sub-03_ses-02_task-MotorImageryRest_run-02_eeg.vmrk	1447	596	False	4d77db6d
sub-03/ses-02/eeg/sub-03_ses-02_task-MotorImageryRest_run-01_eeg.json	485	231	False	b859a429
sub-03/ses-02/eeg/sub-03_ses-02_task-rest_run-02_eeg.vhdr	1988	787	False	91988982
sub-03/ses-02/eeg/sub-03_ses-02_task-MotorImageryRest_run-01_events.tsv	718	320	False	90c0de93
sub-03/ses-02/eeg/sub-03_ses-02_task-rest_run-02_eeg.vmrk	521	335	False	94a40aeb
sub-03/ses-02/eeg/sub-03_ses-02_task-MotorImageryRest_run-01_eeg.eeg	16789416	14421993	False	fe9c6486
sub-03/ses-02/eeg/sub-03_ses-02_task-rest_run-02_channels.tsv	4361	330	False	f53f1e18
sub-03/ses-02/eeg/sub-03_ses-02_task-MotorImageryRest_run-03_events.json	767	336	False	95434a42
sub-03/ses-02/eeg/sub-03_ses-02_task-MotorImageryRest_run-02_events.tsv	720	322	False	4640912b
sub-03/ses-02/eeg/sub-03_ses-02_task-rest_run-02_eeg.eeg	13447280	11609096	False	97377213
sub-03/ses-02/eeg/sub-03_ses-02_task-MotorImageryRest_run-04_events.json	767	336	False	95434a42
sub-03/ses-02/eeg/sub-03_ses-02_task-MotorImageryRest_run-06_eeg.vmrk	1447	596	False	166d521a
sub-03/ses-02/eeg/sub-03_ses-02_task-MotorImageryRest_run-06_eeg.vhdr	2012	798	False	37276355
sub-03/ses-02/eeg/sub-03_ses-02_task-MotorImageryRest_run-04_eeg.eeg	17056704	14797022	False	35bb7883
sub-03/ses-02/eeg/sub-03_ses-02_task-MotorImageryRest_run-05_eeg.eeg	17342640	15164830	False	9be3de19
sub-03/ses-02/eeg/sub-03_ses-02_task-MotorImageryRest_run-01_events.json	767	336	False	95434a42
sub-03/ses-02/eeg/sub-03_ses-02_task-MotorImageryRest_run-05_eeg.json	486	232	False	c2ab0d0c
sub-03/ses-02/eeg/sub-03_ses-02_task-MotorImageryRest_run-04_eeg.json	486	231	False	3e330ac7
sub-03/ses-02/eeg/sub-03_ses-02_task-rest_run-01_channels.tsv	4361	330	False	f53f1e18
sub-03/ses-02/eeg/sub-03_ses-02_task-MotorImageryRest_run-02_events.json	767	336	False	95434a42
sub-03/ses-02/eeg/sub-03_ses-02_task-MotorImageryRest_run-05_channels.tsv	4361	330	False	f53f1e18
sub-03/ses-02/eeg/sub-03_ses-02_task-MotorImageryRest_run-02_channels.tsv	4361	330	False	f53f1e18
sub-03/ses-02/eeg/sub-03_ses-02_task-MotorImageryRest_run-02_eeg.json	486	232	False	1a2ce519
sub-03/ses-02/eeg/sub-03_ses-02_task-rest_run-01_eeg.eeg	13720784	11913869	False	dfc643c8
sub-03/ses-02/eeg/sub-03_ses-02_task-MotorImageryRest_run-03_eeg.json	486	232	False	4c6affc7
sub-03/ses-02/eeg/sub-03_ses-02_task-rest_run-01_eeg.vhdr	1988	789	False	248e5906
sub-03/ses-02/eeg/sub-03_ses-02_task-rest_run-01_eeg.vmrk	521	336	False	977e14d9
sub-03/ses-02/eeg/sub-03_ses-02_task-rest_run-02_eeg.json	474	222	False	65f4dc35
sub-03/ses-02/eeg/sub-03_ses-02_task-MotorImageryRest_run-01_eeg.vhdr	2012	798	False	708bd77a
sub-03/ses-02/eeg/sub-03_ses-02_task-MotorImageryRest_run-01_eeg.vmrk	1446	599	False	b958a8e1
sub-03/ses-02/eeg/sub-03_ses-02_task-MotorImageryRest_run-06_eeg.eeg	17112648	14894142	False	dedb62d2
sub-03/ses-02/eeg/sub-03_ses-02_task-MotorImageryRest_run-05_events.tsv	716	320	False	5de833b4
sub-03/ses-02/eeg/sub-03_ses-02_task-MotorImageryRest_run-03_channels.tsv	4361	330	False	f53f1e18
sub-03/ses-02/eeg/sub-03_ses-02_task-MotorImageryRest_run-04_channels.tsv	4361	330	False	f53f1e18
sub-03/ses-04/meg/sub-03_ses-04_task-rest_run-01_meg.fif	56530760	52758403	False	50365342
sub-03/ses-04/meg/sub-03_ses-04_task-MotorImageryRest_run-02_events.json	767	336	False	95434a42
sub-03/ses-04/meg/sub-03_ses-04_task-rest_run-02_channels.tsv	19989	1020	False	03360556
sub-03/ses-04/meg/sub-03_ses-04_task-MotorImageryRest_run-01_meg.json	689	306	False	55361cca
sub-03/ses-04/meg/sub-03_ses-04_task-MotorImageryRest_run-02_meg.fif	69545991	64945929	False	79e24308
sub-03/ses-04/meg/sub-03_ses-04_task-MotorImageryRest_run-04_events.tsv	718	321	False	9d5af46f
sub-03/ses-04/meg/sub-03_ses-04_task-MotorImageryRest_run-03_meg.fif	70608413	65917357	False	dcf54722
sub-03/ses-04/meg/sub-03_ses-04_task-MotorImageryRest_run-01_channels.tsv	19989	1020	False	03360556
sub-03/ses-04/meg/sub-03_ses-04_task-MotorImageryRest_run-01_events.tsv	720	320	False	50402a27
sub-03/ses-04/meg/sub-03_ses-04_task-MotorImageryRest_run-06_channels.tsv	19989	1020	False	03360556
sub-03/ses-04/meg/sub-03_ses-04_task-MotorImageryRest_run-01_meg.fif	70719807	65963524	False	4bf7c267
sub-03/ses-04/meg/sub-03_ses-04_task-rest_run-02_meg.json	677	295	False	43ee3944
sub-03/ses-04/meg/sub-03_ses-04_task-MotorImageryRest_run-04_events.json	767	336	False	95434a42
sub-03/ses-04/meg/sub-03_ses-04_task-MotorImageryRest_run-06_events.tsv	717	319	False	544852f3
sub-03/ses-04/meg/sub-03_ses-04_task-rest_run-02_meg.fif	57730280	53872366	False	3159d4e6
sub-03/ses-04/meg/sub-03_ses-04_task-MotorImageryRest_run-03_events.tsv	694	311	False	a7c4f93e
sub-03/ses-04/meg/sub-03_ses-04_task-MotorImageryRest_run-06_meg.json	689	306	False	69fbc944
sub-03/ses-04/meg/sub-03_ses-04_task-MotorImageryRest_run-01_events.json	767	336	False	95434a42
sub-03/ses-04/meg/sub-03_ses-04_task-MotorImageryRest_run-06_events.json	767	336	False	95434a42
sub-03/ses-04/meg/sub-03_ses-04_task-MotorImageryRest_run-05_meg.fif	70454199	65812515	False	293c4d18
sub-03/ses-04/meg/sub-03_ses-04_coordsystem.json	2156	471	False	675ed5ec
sub-03/ses-04/meg/sub-03_ses-04_task-MotorImageryRest_run-02_meg.json	688	305	False	dbe538b1
sub-03/ses-04/meg/sub-03_ses-04_task-MotorImageryRest_run-03_meg.json	689	305	False	17264d89
sub-03/ses-04/meg/sub-03_ses-04_task-MotorImageryRest_run-04_meg.fif	68886255	64293584	False	d93d9520
sub-03/ses-04/meg/sub-03_ses-04_task-MotorImageryRest_run-03_events.json	767	336	False	95434a42
sub-03/ses-04/meg/sub-03_ses-04_task-MotorImageryRest_run-05_events.tsv	720	320	False	1fe2535a
sub-03/ses-04/meg/sub-03_ses-04_task-MotorImageryRest_run-02_events.tsv	718	322	False	53b7b8a9
sub-03/ses-04/meg/sub-03_ses-04_task-rest_run-01_channels.tsv	19989	1020	False	03360556
sub-03/ses-04/meg/sub-03_ses-04_task-MotorImageryRest_run-05_meg.json	689	307	False	a1cefc2e
sub-03/ses-04/meg/sub-03_ses-04_task-MotorImageryRest_run-04_meg.json	689	306	False	6cb1ed1b
sub-03/ses-04/meg/sub-03_ses-04_task-MotorImageryRest_run-04_channels.tsv	19989	1020	False	03360556
sub-03/ses-04/meg/sub-03_ses-04_task-MotorImageryRest_run-03_channels.tsv	19989	1020	False	03360556
sub-03/ses-04/meg/sub-03_ses-04_task-MotorImageryRest_run-06_meg.fif	70479903	65806195	False	2178d64c
sub-03/ses-04/meg/sub-03_ses-04_task-MotorImageryRest_run-02_channels.tsv	19989	1020	False	03360556
sub-03/ses-04/meg/sub-03_ses-04_task-MotorImageryRest_run-05_channels.tsv	19989	1020	False	03360556
sub-03/ses-04/meg/sub-03_ses-04_task-MotorImageryRest_run-05_events.json	767	336	False	95434a42
sub-03/ses-04/meg/sub-03_ses-04_task-rest_run-01_meg.json	677	295	False	c843d0cf
sub-03/ses-04/eeg/sub-03_ses-04_task-rest_run-01_eeg.eeg	13642048	11913947	False	05c48f77
sub-03/ses-04/eeg/sub-03_ses-04_task-MotorImageryRest_run-02_events.json	767	336	False	95434a42
sub-03/ses-04/eeg/sub-03_ses-04_task-rest_run-02_channels.tsv	4361	330	False	f53f1e18
sub-03/ses-04/eeg/sub-03_ses-04_space-CapTrak_coordsystem.json	945	378	False	5404d84e
sub-03/ses-04/eeg/sub-03_ses-04_task-MotorImageryRest_run-02_eeg.eeg	16789416	14334700	False	11fbc200
sub-03/ses-04/eeg/sub-03_ses-04_task-MotorImageryRest_run-04_events.tsv	718	321	False	9d5af46f
sub-03/ses-04/eeg/sub-03_ses-04_task-MotorImageryRest_run-06_eeg.json	486	231	False	1c5c4a99
sub-03/ses-04/eeg/sub-03_ses-04_task-rest_run-01_eeg.vmrk	521	336	False	ac386cfa
sub-03/ses-04/eeg/sub-03_ses-04_task-rest_run-01_eeg.vhdr	1988	789	False	d083d125
sub-03/ses-04/eeg/sub-03_ses-04_task-rest_run-02_eeg.json	474	223	False	49a5ba14
sub-03/ses-04/eeg/sub-03_ses-04_task-MotorImageryRest_run-05_eeg.vmrk	1446	595	False	94a7aaaa
sub-03/ses-04/eeg/sub-03_ses-04_task-MotorImageryRest_run-04_eeg.vmrk	1446	594	False	34ff7fb8
sub-03/ses-04/eeg/sub-03_ses-04_task-MotorImageryRest_run-05_eeg.vhdr	2012	798	False	54314836
sub-03/ses-04/eeg/sub-03_ses-04_task-MotorImageryRest_run-04_eeg.vhdr	2012	796	False	c445adb9
sub-03/ses-04/eeg/sub-03_ses-04_task-MotorImageryRest_run-03_eeg.eeg	17046344	14687933	False	1dedadb9
sub-03/ses-04/eeg/sub-03_ses-04_task-MotorImageryRest_run-01_channels.tsv	4361	330	False	f53f1e18
sub-03/ses-04/eeg/sub-03_ses-04_task-MotorImageryRest_run-01_events.tsv	720	320	False	50402a27
sub-03/ses-04/eeg/sub-03_ses-04_task-MotorImageryRest_run-06_channels.tsv	4361	330	False	f53f1e18
sub-03/ses-04/eeg/sub-03_ses-04_space-CapTrak_electrodes.tsv	5147	2451	False	bf28ebc4
sub-03/ses-04/eeg/sub-03_ses-04_task-MotorImageryRest_run-02_eeg.vhdr	2012	798	False	139dfc19
sub-03/ses-04/eeg/sub-03_ses-04_task-MotorImageryRest_run-03_eeg.vhdr	2012	797	False	83e91996
sub-03/ses-04/eeg/sub-03_ses-04_task-MotorImageryRest_run-01_eeg.eeg	17073280	14617115	False	70b4487a
sub-03/ses-04/eeg/sub-03_ses-04_task-MotorImageryRest_run-02_eeg.vmrk	1447	597	False	b93348b4
sub-03/ses-04/eeg/sub-03_ses-04_task-MotorImageryRest_run-03_eeg.vmrk	1418	586	False	ade5f3c1
sub-03/ses-04/eeg/sub-03_ses-04_task-MotorImageryRest_run-04_events.json	767	336	False	95434a42
sub-03/ses-04/eeg/sub-03_ses-04_task-rest_run-02_eeg.eeg	13932128	11937839	False	5d3e1f70
sub-03/ses-04/eeg/sub-03_ses-04_task-MotorImageryRest_run-06_events.tsv	717	319	False	544852f3
sub-03/ses-04/eeg/sub-03_ses-04_task-MotorImageryRest_run-03_events.tsv	694	311	False	a7c4f93e
sub-03/ses-04/eeg/sub-03_ses-04_task-MotorImageryRest_run-01_events.json	767	336	False	95434a42
sub-03/ses-04/eeg/sub-03_ses-04_task-MotorImageryRest_run-01_eeg.json	486	231	False	0e10eb63
sub-03/ses-04/eeg/sub-03_ses-04_task-MotorImageryRest_run-05_eeg.eeg	17009048	14537935	False	b5b82d91
sub-03/ses-04/eeg/sub-03_ses-04_task-MotorImageryRest_run-06_events.json	767	336	False	95434a42
sub-03/ses-04/eeg/sub-03_ses-04_task-MotorImageryRest_run-06_eeg.vmrk	1447	595	False	07ba2912
sub-03/ses-04/eeg/sub-03_ses-04_task-rest_run-01_eeg.json	474	222	False	0a401256
sub-03/ses-04/eeg/sub-03_ses-04_task-MotorImageryRest_run-06_eeg.vhdr	2012	798	False	3fdd60e6
sub-03/ses-04/eeg/sub-03_ses-04_task-rest_run-02_eeg.vmrk	521	336	False	afe272c8
sub-03/ses-04/eeg/sub-03_ses-04_task-MotorImageryRest_run-04_eeg.json	486	231	False	dd8da7d5
sub-03/ses-04/eeg/sub-03_ses-04_task-MotorImageryRest_run-05_eeg.json	486	232	False	964b4dc3
sub-03/ses-04/eeg/sub-03_ses-04_task-rest_run-02_eeg.vhdr	1988	789	False	659501a1
sub-03/ses-04/eeg/sub-03_ses-04_task-MotorImageryRest_run-04_eeg.eeg	16629872	14190235	False	bd2b0181
sub-03/ses-04/eeg/sub-03_ses-04_task-MotorImageryRest_run-03_events.json	767	336	False	95434a42
sub-03/ses-04/eeg/sub-03_ses-04_task-MotorImageryRest_run-05_events.tsv	720	320	False	1fe2535a
sub-03/ses-04/eeg/sub-03_ses-04_task-MotorImageryRest_run-02_events.tsv	718	322	False	53b7b8a9
sub-03/ses-04/eeg/sub-03_ses-04_task-rest_run-01_channels.tsv	4361	330	False	f53f1e18
sub-03/ses-04/eeg/sub-03_ses-04_task-MotorImageryRest_run-04_channels.tsv	4361	330	False	f53f1e18
sub-03/ses-04/eeg/sub-03_ses-04_task-MotorImageryRest_run-03_channels.tsv	4361	330	False	f53f1e18
sub-03/ses-04/eeg/sub-03_ses-04_task-MotorImageryRest_run-03_eeg.json	486	231	False	4d3ec908
sub-03/ses-04/eeg/sub-03_ses-04_task-MotorImageryRest_run-02_eeg.json	485	231	False	b859a429
sub-03/ses-04/eeg/sub-03_ses-04_task-MotorImageryRest_run-06_eeg.eeg	17015264	14528534	False	bdd3f315
sub-03/ses-04/eeg/sub-03_ses-04_task-MotorImageryRest_run-02_channels.tsv	4361	330	False	f53f1e18
sub-03/ses-04/eeg/sub-03_ses-04_task-MotorImageryRest_run-05_channels.tsv	4361	330	False	f53f1e18
sub-03/ses-04/eeg/sub-03_ses-04_task-MotorImageryRest_run-01_eeg.vhdr	2012	798	False	7871d4c9
sub-03/ses-04/eeg/sub-03_ses-04_task-MotorImageryRest_run-01_eeg.vmrk	1447	596	False	829611a7
sub-03/ses-04/eeg/sub-03_ses-04_task-MotorImageryRest_run-05_events.json	767	336	False	95434a42
sub-03/ses-03/meg/sub-03_ses-03_task-MotorImageryRest_run-01_events.json	767	336	False	95434a42
sub-03/ses-03/meg/sub-03_ses-03_task-MotorImageryRest_run-06_channels.tsv	19989	1020	False	03360556
sub-03/ses-03/meg/sub-03_ses-03_task-MotorImageryRest_run-01_channels.tsv	19989	1020	False	03360556
sub-03/ses-03/meg/sub-03_ses-03_task-MotorImageryRest_run-06_events.tsv	715	316	False	f18c421c
sub-03/ses-03/meg/sub-03_ses-03_task-MotorImageryRest_run-01_meg.json	689	305	False	00af16fd
sub-03/ses-03/meg/sub-03_ses-03_task-MotorImageryRest_run-02_meg.fif	70631673	65936025	False	65e794d9
sub-03/ses-03/meg/sub-03_ses-03_task-MotorImageryRest_run-03_meg.fif	69235095	64612094	False	354ab2a8
sub-03/ses-03/meg/sub-03_ses-03_task-rest_run-02_channels.tsv	19989	1020	False	03360556
sub-03/ses-03/meg/sub-03_ses-03_task-MotorImageryRest_run-04_events.json	767	336	False	95434a42
sub-03/ses-03/meg/sub-03_ses-03_task-MotorImageryRest_run-03_events.tsv	718	317	False	5b808cb3
sub-03/ses-03/meg/sub-03_ses-03_task-MotorImageryRest_run-04_events.tsv	717	319	False	adb3487d
sub-03/ses-03/meg/sub-03_ses-03_task-MotorImageryRest_run-01_meg.fif	75258399	70247660	False	9679fcd5
sub-03/ses-03/meg/sub-03_ses-03_coordsystem.json	2192	460	False	e323d7bd
sub-03/ses-03/meg/sub-03_ses-03_task-MotorImageryRest_run-06_meg.json	688	305	False	e902ef30
sub-03/ses-03/meg/sub-03_ses-03_task-rest_run-02_meg.json	677	296	False	849e6af9
sub-03/ses-03/meg/sub-03_ses-03_task-MotorImageryRest_run-01_events.tsv	721	321	False	9cae5f88
sub-03/ses-03/meg/sub-03_ses-03_task-MotorImageryRest_run-02_events.json	767	336	False	95434a42
sub-03/ses-03/meg/sub-03_ses-03_task-MotorImageryRest_run-05_meg.fif	70773663	66081436	False	76249f5b
sub-03/ses-03/meg/sub-03_ses-03_task-MotorImageryRest_run-05_events.json	767	336	False	95434a42
sub-03/ses-03/meg/sub-03_ses-03_task-MotorImageryRest_run-02_events.tsv	697	308	False	32479cc5
sub-03/ses-03/meg/sub-03_ses-03_task-MotorImageryRest_run-03_meg.json	689	306	False	4a519960
sub-03/ses-03/meg/sub-03_ses-03_task-MotorImageryRest_run-04_meg.fif	69809151	65176777	False	68e284e6
sub-03/ses-03/meg/sub-03_ses-03_task-MotorImageryRest_run-02_meg.json	689	305	False	a77b5570
sub-03/ses-03/meg/sub-03_ses-03_task-rest_run-01_meg.fif	55785344	52030544	False	8450b10e
sub-03/ses-03/meg/sub-03_ses-03_task-rest_run-01_meg.json	701	320	False	2f5291dd
sub-03/ses-03/meg/sub-03_ses-03_task-MotorImageryRest_run-03_events.json	767	336	False	95434a42
sub-03/ses-03/meg/sub-03_ses-03_task-MotorImageryRest_run-05_channels.tsv	27945	1088	False	48ee8ca0
sub-03/ses-03/meg/sub-03_ses-03_task-MotorImageryRest_run-02_channels.tsv	19989	1020	False	03360556
sub-03/ses-03/meg/sub-03_ses-03_task-MotorImageryRest_run-06_meg.fif	69586383	64994459	False	034d3a90
sub-03/ses-03/meg/sub-03_ses-03_task-MotorImageryRest_run-04_meg.json	689	307	False	d560ef9d
sub-03/ses-03/meg/sub-03_ses-03_task-MotorImageryRest_run-05_meg.json	713	328	False	491b78d3
sub-03/ses-03/meg/sub-03_ses-03_task-rest_run-01_channels.tsv	27945	1088	False	48ee8ca0
sub-03/ses-03/meg/sub-03_ses-03_task-MotorImageryRest_run-03_channels.tsv	19989	1020	False	03360556
sub-03/ses-03/meg/sub-03_ses-03_task-MotorImageryRest_run-04_channels.tsv	19989	1020	False	03360556
sub-03/ses-03/meg/sub-03_ses-03_task-MotorImageryRest_run-05_events.tsv	1074	511	False	a1fef4fb
sub-03/ses-03/meg/sub-03_ses-03_task-rest_run-02_meg.fif	58036280	54175008	False	34d76487
sub-03/ses-03/meg/sub-03_ses-03_task-MotorImageryRest_run-06_events.json	767	336	False	95434a42
sub-03/ses-03/eeg/sub-03_ses-03_task-MotorImageryRest_run-01_events.json	767	336	False	95434a42
sub-03/ses-03/eeg/sub-03_ses-03_task-MotorImageryRest_run-06_eeg.json	485	230	False	602cb3ae
sub-03/ses-03/eeg/sub-03_ses-03_task-MotorImageryRest_run-06_channels.tsv	4361	330	False	f53f1e18
sub-03/ses-03/eeg/sub-03_ses-03_task-MotorImageryRest_run-01_channels.tsv	4361	330	False	f53f1e18
sub-03/ses-03/eeg/sub-03_ses-03_task-MotorImageryRest_run-06_events.tsv	715	316	False	f18c421c
sub-03/ses-03/eeg/sub-03_ses-03_task-MotorImageryRest_run-02_eeg.eeg	17052560	14694662	False	eb017fb7
sub-03/ses-03/eeg/sub-03_ses-03_task-rest_run-02_eeg.json	474	223	False	eaaa9218
sub-03/ses-03/eeg/sub-03_ses-03_task-rest_run-01_eeg.vhdr	1999	794	False	9cd692fb
sub-03/ses-03/eeg/sub-03_ses-03_task-MotorImageryRest_run-03_eeg.eeg	16714824	14685746	False	deb5bbab
sub-03/ses-03/eeg/sub-03_ses-03_task-rest_run-01_eeg.vmrk	521	334	False	c7777e36
sub-03/ses-03/eeg/sub-03_ses-03_task-rest_run-02_channels.tsv	4361	330	False	f53f1e18
sub-03/ses-03/eeg/sub-03_ses-03_task-MotorImageryRest_run-04_events.json	767	336	False	95434a42
sub-03/ses-03/eeg/sub-03_ses-03_task-MotorImageryRest_run-04_eeg.vmrk	1447	595	False	a9ee7bb7
sub-03/ses-03/eeg/sub-03_ses-03_task-MotorImageryRest_run-05_eeg.vmrk	1446	597	False	4f709472
sub-03/ses-03/eeg/sub-03_ses-03_task-MotorImageryRest_run-04_eeg.vhdr	2012	796	False	22d3d262
sub-03/ses-03/eeg/sub-03_ses-03_task-MotorImageryRest_run-05_eeg.vhdr	2023	804	False	36a11334
sub-03/ses-03/eeg/sub-03_ses-03_task-MotorImageryRest_run-03_events.tsv	718	317	False	5b808cb3
sub-03/ses-03/eeg/sub-03_ses-03_task-MotorImageryRest_run-04_events.tsv	717	319	False	adb3487d
sub-03/ses-03/eeg/sub-03_ses-03_task-MotorImageryRest_run-01_eeg.eeg	18171440	15836362	False	09ec1488
sub-03/ses-03/eeg/sub-03_ses-03_space-CapTrak_coordsystem.json	945	378	False	d8434350
sub-03/ses-03/eeg/sub-03_ses-03_task-MotorImageryRest_run-03_eeg.vhdr	2012	795	False	657f664d
sub-03/ses-03/eeg/sub-03_ses-03_task-MotorImageryRest_run-02_eeg.vhdr	2012	796	False	f50b83c2
sub-03/ses-03/eeg/sub-03_ses-03_task-MotorImageryRest_run-03_eeg.vmrk	1446	595	False	e42bd723
sub-03/ses-03/eeg/sub-03_ses-03_task-MotorImageryRest_run-02_eeg.vmrk	1419	591	False	f9b40685
sub-03/ses-03/eeg/sub-03_ses-03_task-MotorImageryRest_run-01_eeg.json	486	231	False	20ade270
sub-03/ses-03/eeg/sub-03_ses-03_task-MotorImageryRest_run-01_events.tsv	721	321	False	9cae5f88
sub-03/ses-03/eeg/sub-03_ses-03_task-MotorImageryRest_run-02_events.json	767	336	False	95434a42
sub-03/ses-03/eeg/sub-03_ses-03_task-MotorImageryRest_run-06_eeg.vmrk	1447	600	False	3a4bc518
sub-03/ses-03/eeg/sub-03_ses-03_task-MotorImageryRest_run-06_eeg.vhdr	2012	796	False	d94b1f3d
sub-03/ses-03/eeg/sub-03_ses-03_task-MotorImageryRest_run-05_eeg.eeg	17086896	14924783	False	8aa4ff30
sub-03/ses-03/eeg/sub-03_ses-03_task-MotorImageryRest_run-05_events.json	767	336	False	95434a42
sub-03/ses-03/eeg/sub-03_ses-03_task-rest_run-02_eeg.vhdr	1988	787	False	e30d4b6d
sub-03/ses-03/eeg/sub-03_ses-03_task-rest_run-02_eeg.vmrk	521	334	False	c4ad6004
sub-03/ses-03/eeg/sub-03_ses-03_task-MotorImageryRest_run-02_events.tsv	697	308	False	32479cc5
sub-03/ses-03/eeg/sub-03_ses-03_task-rest_run-01_eeg.json	498	245	False	e3e42969
sub-03/ses-03/eeg/sub-03_ses-03_space-CapTrak_electrodes.tsv	5146	2429	False	14307b30
sub-03/ses-03/eeg/sub-03_ses-03_task-MotorImageryRest_run-05_eeg.json	510	253	False	e08d38dd
sub-03/ses-03/eeg/sub-03_ses-03_task-MotorImageryRest_run-04_eeg.json	486	231	False	9059d5db
sub-03/ses-03/eeg/sub-03_ses-03_task-rest_run-01_eeg.eeg	13462376	11884923	False	79908560
sub-03/ses-03/eeg/sub-03_ses-03_task-MotorImageryRest_run-04_eeg.eeg	16853648	14687554	False	eb60c951
sub-03/ses-03/eeg/sub-03_ses-03_task-MotorImageryRest_run-03_events.json	767	336	False	95434a42
sub-03/ses-03/eeg/sub-03_ses-03_task-MotorImageryRest_run-05_channels.tsv	6285	368	False	c63f781e
sub-03/ses-03/eeg/sub-03_ses-03_task-MotorImageryRest_run-02_channels.tsv	4361	330	False	f53f1e18
sub-03/ses-03/eeg/sub-03_ses-03_task-MotorImageryRest_run-02_eeg.json	486	231	False	b1be9ed6
sub-03/ses-03/eeg/sub-03_ses-03_task-MotorImageryRest_run-03_eeg.json	486	231	False	8bd308c0
sub-03/ses-03/eeg/sub-03_ses-03_task-MotorImageryRest_run-06_eeg.eeg	16799776	14756152	False	236caf51
sub-03/ses-03/eeg/sub-03_ses-03_task-rest_run-01_channels.tsv	6285	368	False	c63f781e
sub-03/ses-03/eeg/sub-03_ses-03_task-MotorImageryRest_run-03_channels.tsv	4361	330	False	f53f1e18
sub-03/ses-03/eeg/sub-03_ses-03_task-MotorImageryRest_run-04_channels.tsv	4361	330	False	f53f1e18
sub-03/ses-03/eeg/sub-03_ses-03_task-MotorImageryRest_run-05_events.tsv	1074	511	False	a1fef4fb
sub-03/ses-03/eeg/sub-03_ses-03_task-MotorImageryRest_run-01_eeg.vhdr	2012	796	False	9ee7ab12
sub-03/ses-03/eeg/sub-03_ses-03_task-MotorImageryRest_run-01_eeg.vmrk	1447	594	False	31bad22d
sub-03/ses-03/eeg/sub-03_ses-03_task-rest_run-02_eeg.eeg	14006720	12344291	False	695597d9
sub-03/ses-03/eeg/sub-03_ses-03_task-MotorImageryRest_run-06_events.json	767	336	False	95434a42
sub-03/ses-01/meg/sub-03_ses-01_task-MotorImageryRest_run-03_events.tsv	696	314	False	4fcfc196
sub-03/ses-01/meg/sub-03_ses-01_task-MotorImageryRest_run-01_meg.json	687	303	False	12c8a9dc
sub-03/ses-01/meg/sub-03_ses-01_task-MotorImageryRest_run-03_events.json	767	336	False	95434a42
sub-03/ses-01/meg/sub-03_ses-01_task-MotorImageryRest_run-06_events.json	767	336	False	95434a42
sub-03/ses-01/meg/sub-03_ses-01_task-rest_run-02_meg.fif	55302548	51630859	False	1d3f4d73
sub-03/ses-01/meg/sub-03_ses-01_task-rest_run-02_meg.json	677	295	False	590b36af
sub-03/ses-01/meg/sub-03_ses-01_task-MotorImageryRest_run-06_events.tsv	721	320	False	72f14090
sub-03/ses-01/meg/sub-03_ses-01_task-MotorImageryRest_run-06_meg.fif	69448759	64833481	False	52302a80
sub-03/ses-01/meg/sub-03_ses-01_task-MotorImageryRest_run-05_channels.tsv	19989	1020	False	03360556
sub-03/ses-01/meg/sub-03_ses-01_task-MotorImageryRest_run-01_events.tsv	720	321	False	29daae29
sub-03/ses-01/meg/sub-03_ses-01_task-MotorImageryRest_run-02_channels.tsv	19989	1020	False	03360556
sub-03/ses-01/meg/sub-03_ses-01_task-rest_run-01_channels.tsv	27945	1088	False	48ee8ca0
sub-03/ses-01/meg/sub-03_ses-01_task-MotorImageryRest_run-05_events.json	767	336	False	95434a42
sub-03/ses-01/meg/sub-03_ses-01_task-MotorImageryRest_run-04_meg.fif	70999567	66289499	False	14b34bd4
sub-03/ses-01/meg/sub-03_ses-01_task-MotorImageryRest_run-03_channels.tsv	19989	1020	False	03360556
sub-03/ses-01/meg/sub-03_ses-01_task-rest_run-01_meg.fif	55478804	51740702	False	de52890e
sub-03/ses-01/meg/sub-03_ses-01_task-MotorImageryRest_run-04_channels.tsv	19989	1020	False	03360556
sub-03/ses-01/meg/sub-03_ses-01_task-MotorImageryRest_run-06_meg.json	689	306	False	bec6ed0c
sub-03/ses-01/meg/sub-03_ses-01_task-MotorImageryRest_run-05_meg.fif	77005735	71861822	False	27da5bca
sub-03/ses-01/meg/sub-03_ses-01_task-MotorImageryRest_run-04_events.tsv	721	323	False	ff9bf64b
sub-03/ses-01/meg/sub-03_ses-01_task-MotorImageryRest_run-06_channels.tsv	19989	1020	False	03360556
sub-03/ses-01/meg/sub-03_ses-01_task-rest_run-01_meg.json	701	320	False	b9007d22
sub-03/ses-01/meg/sub-03_ses-01_task-MotorImageryRest_run-01_channels.tsv	19989	1020	False	03360556
sub-03/ses-01/meg/sub-03_ses-01_task-rest_run-02_channels.tsv	19989	1020	False	03360556
sub-03/ses-01/meg/sub-03_ses-01_task-MotorImageryRest_run-01_meg.fif	70956727	66228094	False	6911684b
sub-03/ses-01/meg/sub-03_ses-01_task-MotorImageryRest_run-02_events.tsv	715	316	False	7da6e130
sub-03/ses-01/meg/sub-03_ses-01_task-MotorImageryRest_run-02_events.json	767	336	False	95434a42
sub-03/ses-01/meg/sub-03_ses-01_task-MotorImageryRest_run-02_meg.json	689	306	False	938c3c3a
sub-03/ses-01/meg/sub-03_ses-01_task-MotorImageryRest_run-03_meg.json	689	306	False	3e2c1647
sub-03/ses-01/meg/sub-03_ses-01_task-MotorImageryRest_run-03_meg.fif	69791465	65134626	False	db35fe72
sub-03/ses-01/meg/sub-03_ses-01_task-MotorImageryRest_run-01_events.json	767	336	False	95434a42
sub-03/ses-01/meg/sub-03_ses-01_task-MotorImageryRest_run-05_meg.json	689	306	False	172be229
sub-03/ses-01/meg/sub-03_ses-01_task-MotorImageryRest_run-04_meg.json	688	305	False	439868d5
sub-03/ses-01/meg/sub-03_ses-01_task-MotorImageryRest_run-05_events.tsv	716	317	False	0e8b5ca0
sub-03/ses-01/meg/sub-03_ses-01_task-MotorImageryRest_run-04_events.json	767	336	False	95434a42
sub-03/ses-01/meg/sub-03_ses-01_task-MotorImageryRest_run-02_meg.fif	69225991	64616056	False	e0a18846
sub-03/ses-01/meg/sub-03_ses-01_coordsystem.json	2232	488	False	1aa047ec
sub-03/ses-01/eeg/sub-03_ses-01_task-MotorImageryRest_run-03_events.tsv	696	314	False	4fcfc196
sub-03/ses-01/eeg/sub-03_ses-01_task-MotorImageryRest_run-06_eeg.json	486	231	False	2ea396a1
sub-03/ses-01/eeg/sub-03_ses-01_task-MotorImageryRest_run-03_events.json	767	336	False	95434a42
sub-03/ses-01/eeg/sub-03_ses-01_task-MotorImageryRest_run-06_events.json	767	336	False	95434a42
sub-03/ses-01/eeg/sub-03_ses-01_task-MotorImageryRest_run-05_eeg.vhdr	2012	798	False	b50ec97c
sub-03/ses-01/eeg/sub-03_ses-01_task-MotorImageryRest_run-04_eeg.vhdr	2012	798	False	257a2cf3
sub-03/ses-01/eeg/sub-03_ses-01_task-MotorImageryRest_run-05_eeg.vmrk	1447	599	False	81d42ab7
sub-03/ses-01/eeg/sub-03_ses-01_task-MotorImageryRest_run-04_eeg.vmrk	1447	597	False	90d95390
sub-03/ses-01/eeg/sub-03_ses-01_task-rest_run-02_eeg.eeg	13345752	11494970	False	6b4e364e
sub-03/ses-01/eeg/sub-03_ses-01_task-MotorImageryRest_run-06_events.tsv	721	320	False	72f14090
sub-03/ses-01/eeg/sub-03_ses-01_task-MotorImageryRest_run-06_eeg.eeg	16766624	14336151	False	fcfd59c9
sub-03/ses-01/eeg/sub-03_ses-01_task-MotorImageryRest_run-05_channels.tsv	4361	330	False	f53f1e18
sub-03/ses-01/eeg/sub-03_ses-01_task-MotorImageryRest_run-01_events.tsv	720	321	False	29daae29
sub-03/ses-01/eeg/sub-03_ses-01_task-MotorImageryRest_run-02_channels.tsv	4361	330	False	f53f1e18
sub-03/ses-01/eeg/sub-03_ses-01_task-MotorImageryRest_run-02_eeg.vmrk	1446	596	False	5ab2a80b
sub-03/ses-01/eeg/sub-03_ses-01_task-MotorImageryRest_run-03_eeg.vmrk	1418	589	False	41d03338
sub-03/ses-01/eeg/sub-03_ses-01_task-MotorImageryRest_run-02_eeg.vhdr	2012	798	False	f2a27d53
sub-03/ses-01/eeg/sub-03_ses-01_task-MotorImageryRest_run-03_eeg.vhdr	2012	797	False	62d698dc
sub-03/ses-01/eeg/sub-03_ses-01_task-rest_run-01_channels.tsv	6285	368	False	c63f781e
sub-03/ses-01/eeg/sub-03_ses-01_task-MotorImageryRest_run-05_events.json	767	336	False	95434a42
sub-03/ses-01/eeg/sub-03_ses-01_task-MotorImageryRest_run-04_eeg.eeg	17141656	14584228	False	aec7a2b3
sub-03/ses-01/eeg/sub-03_ses-01_task-rest_run-02_eeg.json	474	222	False	d5528ea8
sub-03/ses-01/eeg/sub-03_ses-01_task-MotorImageryRest_run-03_channels.tsv	4361	330	False	f53f1e18
sub-03/ses-01/eeg/sub-03_ses-01_task-rest_run-01_eeg.eeg	13388376	11557535	False	c1ae779b
sub-03/ses-01/eeg/sub-03_ses-01_task-rest_run-01_eeg.vmrk	521	334	False	6765abe8
sub-03/ses-01/eeg/sub-03_ses-01_task-MotorImageryRest_run-04_channels.tsv	4361	330	False	f53f1e18
sub-03/ses-01/eeg/sub-03_ses-01_task-rest_run-01_eeg.vhdr	1999	794	False	0a47a478
sub-03/ses-01/eeg/sub-03_ses-01_task-MotorImageryRest_run-05_eeg.eeg	18594128	15867402	False	950aac55
sub-03/ses-01/eeg/sub-03_ses-01_task-MotorImageryRest_run-01_eeg.json	484	230	False	32dc577c
sub-03/ses-01/eeg/sub-03_ses-01_space-CapTrak_electrodes.tsv	5142	2434	False	8e531c4a
sub-03/ses-01/eeg/sub-03_ses-01_task-MotorImageryRest_run-04_events.tsv	721	323	False	ff9bf64b
sub-03/ses-01/eeg/sub-03_ses-01_task-MotorImageryRest_run-06_eeg.vhdr	2012	798	False	dee2e1ac
sub-03/ses-01/eeg/sub-03_ses-01_task-MotorImageryRest_run-06_eeg.vmrk	1446	597	False	0a5bcdc0
sub-03/ses-01/eeg/sub-03_ses-01_task-MotorImageryRest_run-06_channels.tsv	4361	330	False	f53f1e18
sub-03/ses-01/eeg/sub-03_ses-01_task-MotorImageryRest_run-01_channels.tsv	4361	330	False	f53f1e18
sub-03/ses-01/eeg/sub-03_ses-01_task-rest_run-02_channels.tsv	4361	330	False	f53f1e18
sub-03/ses-01/eeg/sub-03_ses-01_task-MotorImageryRest_run-01_eeg.eeg	17131296	14686788	False	6bc67958
sub-03/ses-01/eeg/sub-03_ses-01_task-MotorImageryRest_run-02_events.tsv	715	316	False	7da6e130
sub-03/ses-01/eeg/sub-03_ses-01_task-MotorImageryRest_run-02_events.json	767	336	False	95434a42
sub-03/ses-01/eeg/sub-03_ses-01_task-MotorImageryRest_run-04_eeg.json	485	231	False	d35c6fce
sub-03/ses-01/eeg/sub-03_ses-01_task-MotorImageryRest_run-05_eeg.json	486	232	False	8b5d4bf9
sub-03/ses-01/eeg/sub-03_ses-01_space-CapTrak_coordsystem.json	945	378	False	aace763e
sub-03/ses-01/eeg/sub-03_ses-01_task-MotorImageryRest_run-03_eeg.eeg	16849504	14426532	False	b77532d9
sub-03/ses-01/eeg/sub-03_ses-01_task-rest_run-02_eeg.vmrk	521	336	False	64bfb5da
sub-03/ses-01/eeg/sub-03_ses-01_task-rest_run-02_eeg.vhdr	1988	789	False	0626ceb3
sub-03/ses-01/eeg/sub-03_ses-01_task-MotorImageryRest_run-01_events.json	767	336	False	95434a42
sub-03/ses-01/eeg/sub-03_ses-01_task-MotorImageryRest_run-05_events.tsv	716	317	False	0e8b5ca0
sub-03/ses-01/eeg/sub-03_ses-01_task-MotorImageryRest_run-03_eeg.json	486	231	False	bd80eaed
sub-03/ses-01/eeg/sub-03_ses-01_task-MotorImageryRest_run-02_eeg.json	486	232	False	dd84078e
sub-03/ses-01/eeg/sub-03_ses-01_task-MotorImageryRest_run-01_eeg.vmrk	1447	594	False	fca7ea8c
sub-03/ses-01/eeg/sub-03_ses-01_task-MotorImageryRest_run-04_events.json	767	336	False	95434a42
sub-03/ses-01/eeg/sub-03_ses-01_task-MotorImageryRest_run-01_eeg.vhdr	2012	796	False	994e5583
sub-03/ses-01/eeg/sub-03_ses-01_task-rest_run-01_eeg.json	498	245	False	de9ae988
sub-03/ses-01/eeg/sub-03_ses-01_task-MotorImageryRest_run-02_eeg.eeg	16712752	14373281	False	9b776dbb
